Timestamp,PositionX,PositionY,PositionZ
0.035988,4.990000,0.978000,4.450000
0.092570,4.990000,0.978000,4.450000
0.140500,4.990000,0.978000,4.450000
0.190794,4.990000,0.978000,4.450000
0.238317,4.990000,0.978000,4.450000
0.289193,4.990000,0.978000,4.450000
0.343235,4.990000,0.978000,4.450000
0.389570,4.990000,0.978000,4.450000
0.444284,4.990000,0.978000,4.450000
0.495451,4.990000,0.978000,4.450000
0.544769,4.990000,0.978000,4.450000
0.591293,4.990000,0.978000,4.450000
0.641762,4.990000,0.978000,4.450000
0.695928,4.990000,0.978000,4.450000
0.741543,4.990000,0.978000,4.450000
0.792913,4.990000,0.978000,4.450000
0.847064,4.990000,0.978000,4.450000
0.892487,4.990000,0.978000,4.450000
0.943510,4.990000,0.978000,4.450000
1.045617,4.990000,0.978000,4.450000
1.084353,4.990000,0.978000,4.450000
1.150483,4.990000,0.978000,4.450000
1.201395,4.990000,0.978000,4.450000
1.247653,4.990000,0.978000,4.450000
1.300813,4.990000,0.978000,4.450000
1.351773,4.990000,0.978000,4.450000
1.410099,4.990000,0.978000,4.450000
1.452505,4.990000,0.978000,4.450000
1.498886,4.990000,0.978000,4.450000
1.549383,4.990000,0.978000,4.450000
1.604046,4.990000,0.978000,4.450000
1.654418,4.990000,0.978000,4.450000
1.704717,4.990000,0.978000,4.450000
1.751253,4.990000,0.978000,4.450000
1.801761,4.990000,0.978000,4.450000
1.857118,4.990000,0.978000,4.450000
1.902650,4.990000,0.978000,4.450000
1.956102,4.990000,0.978000,4.450000
2.006306,4.990000,0.978000,4.450000
2.057043,4.990000,0.978000,4.450000
2.104060,4.990000,0.978000,4.450000
2.154242,4.990000,0.978000,4.450000
2.211084,4.990000,0.978000,4.450000
2.255650,4.990000,0.978000,4.450000
2.309701,4.990000,0.978000,4.450000
2.360136,4.990000,0.978000,4.450000
2.410415,4.990000,0.978000,4.450000
2.456951,4.990000,0.978000,4.450000
2.508137,4.990000,0.978000,4.450000
2.562037,4.990000,0.978000,4.450000
2.608647,4.990000,0.978000,4.450000
2.662286,4.990000,0.978000,4.450000
2.712743,4.990000,0.978000,4.450000
2.763922,4.990000,0.978000,4.450000
2.816258,4.990000,0.978000,4.450000
2.866419,4.990000,0.978000,4.450000
2.917593,4.990000,0.978000,4.450000
2.969935,4.990000,0.978000,4.450000
3.016880,4.990000,0.978000,4.450000
3.063910,4.990000,0.978000,4.450000
3.118026,4.990000,0.978000,4.450000
3.168201,4.990000,0.978000,4.450000
3.218601,4.990000,0.978000,4.450000
3.264720,4.990000,0.978000,4.450000
3.316218,4.990000,0.978000,4.450000
3.369890,4.990000,0.978000,4.450000
3.419455,4.990000,0.978000,4.450000
3.472826,4.990000,0.978000,4.450000
3.522215,4.990000,0.978000,4.450000
3.572217,4.990000,0.978000,4.450000
3.618818,4.990000,0.978000,4.450000
3.670347,4.990000,0.978000,4.450000
3.724469,4.990000,0.978000,4.450000
3.772480,4.990000,0.978000,4.450000
3.826275,4.990000,0.978000,4.450000
3.876009,4.990000,0.978000,4.450000
3.927520,4.990000,0.978000,4.450000
3.973794,4.990000,0.978000,4.450000
4.023852,4.990000,0.978000,4.450000
4.077728,4.990000,0.978000,4.450000
4.124209,4.990000,0.978000,4.450000
4.174057,4.990000,0.978000,4.450000
4.228239,4.990000,0.978000,4.450000
4.275714,4.990000,0.978000,4.450000
4.326399,4.990000,0.978000,4.450000
4.381244,4.990000,0.978000,4.450000
4.428065,4.990000,0.978000,4.450000
4.478482,4.990000,0.978000,4.450000
4.532892,4.990000,0.978000,4.450000
4.578828,4.990000,0.978000,4.450000
4.629213,4.990000,0.978000,4.450000
4.683831,4.990000,0.978000,4.450000
4.730854,4.990000,0.978000,4.450000
4.780992,4.990000,0.978000,4.450000
4.835025,4.990000,0.978000,4.450000
4.881557,4.990000,0.978000,4.450000
4.931749,4.990000,0.978000,4.450000
4.985495,4.990000,0.978000,4.450000
5.032300,4.990000,0.978000,4.450000
5.082500,4.990000,0.978000,4.450000
5.137362,4.990000,0.978000,4.450000
5.183534,4.990000,0.978000,4.450000
5.234663,4.990000,0.978000,4.450000
5.288956,4.990000,0.978000,4.450000
5.335851,4.990000,0.978000,4.450000
5.386781,4.990000,0.978000,4.450000
5.441061,4.990000,0.978000,4.450000
5.487344,4.990000,0.978000,4.450000
5.538138,4.990000,0.978000,4.450000
5.591957,4.990000,0.978000,4.450000
5.638132,4.990000,0.978000,4.450000
5.689037,4.990000,0.978000,4.450000
5.743289,4.990000,0.978000,4.450000
5.789187,4.990000,0.978000,4.450000
5.839223,4.990000,0.978000,4.450000
5.890340,4.990000,0.978000,4.450000
5.940953,4.990000,0.978000,4.450000
5.990929,4.990000,0.978000,4.450000
6.045155,4.990000,0.978000,4.450000
6.091579,4.990000,0.978000,4.450000
6.142744,4.990000,0.978000,4.450000
6.196404,4.990000,0.978000,4.450000
6.246494,4.990000,0.978000,4.450000
6.296821,4.990000,0.978000,4.450000
6.347721,4.990000,0.978000,4.450000
6.393964,4.990000,0.978000,4.450000
6.444574,4.990000,0.978000,4.450000
6.499563,4.990000,0.978000,4.450000
6.546127,4.990000,0.978000,4.450000
6.597326,4.990000,0.978000,4.450000
6.647510,4.990000,0.978000,4.450000
6.698065,4.990000,0.978000,4.450000
6.748624,4.990000,0.978000,4.450000
6.804130,4.990000,0.978000,4.450000
6.849945,4.990000,0.978000,4.450000
6.900056,4.990000,0.978000,4.450000
6.954249,4.990000,0.978000,4.450000
7.000279,4.990000,0.978000,4.450000
7.051745,4.990000,0.978000,4.450000
7.105605,4.990000,0.978000,4.450000
7.152999,4.990000,0.978000,4.450000
7.203658,4.990000,0.978000,4.450000
7.253598,4.990000,0.978000,4.450000
7.303393,4.990000,0.978000,4.450000
7.353771,4.990000,0.978000,4.450000
7.408301,4.990000,0.978000,4.450000
7.455229,4.990000,0.978000,4.450000
7.506124,4.990000,0.978000,4.450000
7.561036,4.990000,0.978000,4.450000
7.607165,4.990000,0.978000,4.450000
7.657923,4.990000,0.978000,4.450000
7.712342,4.990000,0.978000,4.450000
7.759510,4.990000,0.978000,4.450000
7.809895,4.990000,0.978000,4.450000
7.860280,4.990000,0.978000,4.450000
7.911433,4.990000,0.978000,4.450000
7.961738,4.990000,0.978000,4.450000
8.015297,4.990000,0.978000,4.450000
8.062406,4.990000,0.978000,4.450000
8.112425,4.990000,0.978000,4.450000
8.167197,4.990000,0.978000,4.450000
8.214204,4.990000,0.978000,4.450000
8.264911,4.990000,0.978000,4.450000
8.319861,4.990000,0.978000,4.450000
8.366222,4.990000,0.978000,4.450000
8.416228,4.990000,0.978000,4.450000
8.470780,4.990000,0.978000,4.450000
8.517232,4.990000,0.978000,4.450000
8.567212,4.990000,0.978000,4.450000
8.618033,4.990000,0.978000,4.450000
8.668732,4.990000,0.978000,4.450000
8.719469,4.990000,0.978000,4.450000
8.774017,4.990000,0.978000,4.450000
8.820389,4.990000,0.978000,4.450000
8.870932,4.990000,0.978000,4.450000
8.925434,4.990000,0.978000,4.450000
8.972860,4.990000,0.978000,4.450000
9.023631,4.990000,0.978000,4.450000
9.078685,4.990000,0.978000,4.450000
9.124759,4.990000,0.978000,4.450000
9.175037,4.990000,0.978000,4.450000
9.225743,4.990000,0.978000,4.450000
9.276016,4.990000,0.978000,4.450000
9.327158,4.990000,0.978000,4.450000
9.381872,4.990000,0.978000,4.450000
9.428644,4.990000,0.978000,4.450000
9.479110,4.990000,0.978000,4.450000
9.533230,4.990000,0.978000,4.450000
9.579066,4.990000,0.978000,4.450000
9.629387,4.990000,0.978000,4.450000
9.688478,4.990000,0.978000,4.450000
9.730542,4.990000,0.978000,4.450000
9.781554,4.990000,0.978000,4.450000
9.832769,4.990000,0.978000,4.450000
9.884878,4.990000,0.978000,4.450000
9.934239,4.990000,0.978000,4.450000
9.988196,4.990000,0.978000,4.450000
10.034400,4.990000,0.978000,4.450000
10.084600,4.990000,0.978000,4.450000
10.138540,4.990000,0.978000,4.450000
10.185060,4.990000,0.978000,4.450000
10.235990,4.990000,0.978000,4.450000
10.290700,4.990000,0.978000,4.450000
10.337220,4.990000,0.978000,4.450000
10.388320,4.990000,0.978000,4.450000
10.445380,4.990000,0.978000,4.450000
10.490300,4.990000,0.978000,4.450000
10.543540,4.990000,0.978000,4.450000
10.595910,4.990000,0.978000,4.450000
10.642810,4.990000,0.978000,4.450000
10.695730,4.990000,0.978000,4.450000
10.747630,4.990000,0.978000,4.450000
10.794740,4.990000,0.978000,4.450000
10.843950,4.990000,0.978000,4.450000
10.894360,4.990000,0.978000,4.450000
10.944910,4.990000,0.978000,4.450000
10.996470,4.990000,0.978000,4.450000
11.046670,4.990000,0.978000,4.450000
11.100710,4.990000,0.978000,4.450000
11.147650,4.990000,0.978000,4.450000
11.199240,4.990000,0.978000,4.450000
11.254080,4.990000,0.978000,4.450000
11.299880,4.990000,0.978000,4.450000
11.350300,4.990000,0.978000,4.450000
11.406170,4.990000,0.978000,4.450000
11.452240,4.990000,0.978000,4.450000
11.502390,4.990000,0.978000,4.450000
11.556390,4.990000,0.978000,4.450000
11.603460,4.990000,0.978000,4.450000
11.653300,4.990000,0.978000,4.450000
11.706840,4.990000,0.978000,4.450000
11.752530,4.990000,0.978000,4.450000
11.803710,4.990000,0.978000,4.450000
11.857800,4.990000,0.978000,4.450000
11.904920,4.990000,0.978000,4.450000
11.956380,4.990000,0.978000,4.450000
12.010520,4.990000,0.978000,4.450000
12.056020,4.990000,0.978000,4.450000
12.106140,4.990000,0.978000,4.450000
12.157240,4.990000,0.978000,4.450000
12.207620,4.990000,0.978000,4.450000
12.257570,4.990000,0.978000,4.450000
12.308220,4.990000,0.978000,4.450000
12.361700,4.990000,0.978000,4.450000
12.407750,4.990000,0.978000,4.450000
12.459180,4.990000,0.978000,4.450000
12.514100,4.990000,0.978000,4.450000
12.560960,4.990000,0.978000,4.450000
12.611040,4.990000,0.978000,4.450000
12.661430,4.990000,0.978000,4.450000
12.713030,4.990000,0.978000,4.450000
12.761740,4.990000,0.978000,4.450000
12.815720,4.990000,0.978000,4.450000
12.862070,4.990000,0.978000,4.450000
12.912390,4.990000,0.978000,4.450000
12.975890,4.990000,0.978000,4.450000
13.028770,4.990000,0.978000,4.450000
13.075910,4.990000,0.978000,4.450000
13.125530,4.990000,0.978000,4.450000
13.164690,4.990000,0.978000,4.450000
13.214240,4.990000,0.978000,4.450000
13.265030,4.990000,0.978000,4.450000
13.318770,4.990000,0.978000,4.450000
13.365750,4.990000,0.978000,4.450000
13.416240,4.990000,0.978000,4.450000
13.466890,4.990000,0.978000,4.450000
13.517650,4.990000,0.978000,4.450000
13.568500,4.990000,0.978000,4.450000
13.623290,4.990000,0.978000,4.450000
13.669420,4.990000,0.978000,4.450000
13.719470,4.990000,0.978000,4.450000
13.774150,4.990000,0.978000,4.450000
13.820440,4.990000,0.978000,4.450000
13.870600,4.990000,0.978000,4.450000
13.925680,4.990000,0.978000,4.450000
13.971790,4.990000,0.978000,4.450000
14.022610,4.990000,0.978000,4.450000
14.077330,4.990000,0.978000,4.450000
14.123580,4.990000,0.978000,4.450000
14.173700,4.990000,0.978000,4.450000
14.224610,4.990000,0.978000,4.450000
14.274920,4.990000,0.978000,4.450000
14.325320,4.990000,0.978000,4.450000
14.379640,4.990000,0.978000,4.450000
14.426270,4.990000,0.978000,4.450000
14.477420,4.990000,0.978000,4.450000
14.531430,4.990000,0.978000,4.450000
14.577910,4.990000,0.978000,4.450000
14.628670,4.990000,0.978000,4.450000
14.683480,4.990000,0.978000,4.450000
14.729660,4.990000,0.978000,4.450000
14.779800,4.990000,0.978000,4.450000
14.830160,4.990000,0.978000,4.450000
14.880700,4.990000,0.978000,4.450000
14.931750,4.990000,0.978000,4.450000
14.985450,4.990000,0.978000,4.450000
15.032420,4.990000,0.978000,4.450000
15.082930,4.990000,0.978000,4.450000
15.137530,4.990000,0.978000,4.450000
15.184370,4.990000,0.978000,4.450000
15.235470,4.990000,0.978000,4.450000
15.289470,4.990000,0.978000,4.450000
15.336550,4.990000,0.978000,4.450000
15.387410,4.990000,0.978000,4.450000
15.441550,4.990000,0.978000,4.450000
15.488660,4.990000,0.978000,4.450000
15.538690,4.990000,0.978000,4.450000
15.593570,4.990000,0.978000,4.450000
15.639860,4.990000,0.978000,4.450000
15.690240,4.990000,0.978000,4.450000
15.744530,4.990000,0.978000,4.450000
15.791340,4.990000,0.978000,4.450000
15.841890,4.990000,0.978000,4.450000
15.895720,4.990000,0.978000,4.450000
15.942000,4.990000,0.978000,4.450000
15.992450,4.990000,0.978000,4.450000
16.046430,4.990000,0.978000,4.450000
16.093450,4.990000,0.978000,4.450000
16.143580,4.990000,0.978000,4.450000
16.197310,4.990000,0.978000,4.450000
16.244180,4.990000,0.978000,4.450000
16.295250,4.990000,0.978000,4.450000
16.345990,4.990000,0.978000,4.450000
16.396220,4.990000,0.978000,4.450000
16.447510,4.990000,0.978000,4.450000
16.501100,4.990000,0.978000,4.450000
16.547300,4.990000,0.978000,4.450000
16.598080,4.990000,0.978000,4.450000
16.652590,4.990000,0.978000,4.450000
16.698130,4.990000,0.978000,4.450000
16.748250,4.990000,0.978000,4.450000
16.801990,4.990000,0.978000,4.450000
16.849060,4.990000,0.978000,4.450000
16.899120,4.990000,0.978000,4.450000
16.953560,4.990000,0.978000,4.450000
16.999870,4.990000,0.978000,4.450000
17.049980,4.990000,0.978000,4.450000
17.099990,4.990000,0.978000,4.450000
17.150020,4.990000,0.978000,4.450000
17.200530,4.990000,0.978000,4.450000
17.253980,4.990000,0.978000,4.450000
17.301810,4.990000,0.978000,4.450000
17.353570,4.990000,0.978000,4.450000
17.407140,4.990000,0.978000,4.450000
17.453420,4.990000,0.978000,4.450000
17.504410,4.990000,0.978000,4.450000
17.558780,4.990000,0.978000,4.450000
17.605480,4.990000,0.978000,4.450000
17.656350,4.990000,0.978000,4.450000
17.710130,4.990000,0.978000,4.450000
17.756450,4.990000,0.978000,4.450000
17.807150,4.990000,0.978000,4.450000
17.857140,4.990000,0.978000,4.450000
17.907060,4.990000,0.978000,4.450000
17.957800,4.990000,0.978000,4.450000
18.011830,4.990000,0.978000,4.450000
18.059110,4.990000,0.978000,4.450000
18.109400,4.990000,0.978000,4.450000
18.163780,4.990000,0.978000,4.450000
18.209970,4.990000,0.978000,4.450000
18.260930,4.990000,0.978000,4.450000
18.314560,4.990000,0.978000,4.450000
18.360850,4.990000,0.978000,4.450000
18.411450,4.990000,0.978000,4.450000
18.466090,4.990000,0.978000,4.450000
18.512620,4.990000,0.978000,4.450000
18.562530,4.990000,0.978000,4.450000
18.614010,4.990000,0.978000,4.450000
18.664030,4.990000,0.978000,4.450000
18.714420,4.990000,0.978000,4.450000
18.768100,4.990000,0.978000,4.450000
18.814430,4.990000,0.978000,4.450000
18.866110,4.990000,0.978000,4.450000
18.920030,4.990000,0.978000,4.450000
18.966180,4.990000,0.978000,4.450000
19.017270,4.990000,0.978000,4.450000
19.071080,4.990000,0.978000,4.450000
19.118060,4.990000,0.978000,4.450000
19.168090,4.990000,0.978000,4.450000
19.221750,4.990000,0.978000,4.450000
19.269020,4.990000,0.978000,4.450000
19.319220,4.990000,0.978000,4.450000
19.373680,4.990000,0.978000,4.450000
19.420100,4.990000,0.978000,4.450000
19.471570,4.990000,0.978000,4.450000
19.525550,4.990000,0.978000,4.450000
19.572320,4.990000,0.978000,4.450000
19.622670,4.990000,0.978000,4.450000
19.677150,4.990000,0.978000,4.450000
19.723640,4.990000,0.978000,4.450000
19.774120,4.990000,0.978000,4.450000
19.828280,4.990000,0.978000,4.450000
19.875520,4.990000,0.978000,4.450000
19.925660,4.990000,0.978000,4.450000
19.980120,4.990000,0.978000,4.450000
20.026810,4.990000,0.978000,4.450000
20.077630,4.990000,0.978000,4.450000
20.128300,4.990000,0.978000,4.450000
20.178110,4.990000,0.978000,4.450000
20.229130,4.990000,0.978000,4.450000
20.283080,4.990000,0.978000,4.450000
20.330100,4.990000,0.978000,4.450000
20.381470,4.990000,0.978000,4.450000
20.436270,4.990000,0.978000,4.450000
20.482610,4.990000,0.978000,4.450000
20.533550,4.990000,0.978000,4.450000
20.587680,4.990000,0.978000,4.450000
20.634590,4.990000,0.978000,4.450000
20.685620,4.990000,0.978000,4.450000
20.739830,4.990000,0.978000,4.450000
20.786450,4.990000,0.978000,4.450000
20.836710,4.990000,0.978000,4.450000
20.891540,4.990000,0.978000,4.450000
20.937750,4.990000,0.978000,4.450000
20.988390,4.990000,0.978000,4.450000
21.043020,4.990000,0.978000,4.450000
21.089530,4.990000,0.978000,4.450000
21.139740,4.990000,0.978000,4.450000
21.193820,4.990000,0.978000,4.450000
21.240410,4.990000,0.978000,4.450000
21.291380,4.990000,0.978000,4.450000
21.346620,4.990000,0.978000,4.450000
21.393500,4.990000,0.978000,4.450000
21.444390,4.990000,0.978000,4.450000
21.498570,4.990000,0.978000,4.450000
21.545170,4.990000,0.978000,4.450000
21.596120,4.990000,0.978000,4.450000
21.646200,4.990000,0.978000,4.450000
21.696660,4.990000,0.978000,4.450000
21.747560,4.990000,0.978000,4.450000
21.801670,4.990000,0.978000,4.450000
21.848520,4.990000,0.978000,4.450000
21.898950,4.990000,0.978000,4.450000
21.952760,4.990000,0.978000,4.450000
21.999650,4.990000,0.978000,4.450000
22.049930,4.990000,0.978000,4.450000
22.105100,4.990000,0.978000,4.450000
22.151600,4.990000,0.978000,4.450000
22.202840,4.990000,0.978000,4.450000
22.257120,4.990000,0.978000,4.450000
22.303490,4.990000,0.978000,4.450000
22.354820,4.990000,0.978000,4.450000
22.409360,4.990000,0.978000,4.450000
22.455850,4.990000,0.978000,4.450000
22.506030,4.990000,0.978000,4.450000
22.556140,4.990000,0.978000,4.450000
22.606290,4.990000,0.978000,4.450000
22.656950,4.990000,0.978000,4.450000
22.710810,4.990000,0.978000,4.450000
22.757100,4.990000,0.978000,4.450000
22.807350,4.990000,0.978000,4.450000
22.861940,4.990000,0.978000,4.450000
22.908220,4.990000,0.978000,4.450000
22.958560,4.990000,0.978000,4.450000
23.012410,4.990000,0.978000,4.450000
23.059050,4.990000,0.978000,4.450000
23.109100,4.990000,0.978000,4.450000
23.162670,4.990000,0.978000,4.450000
23.209870,4.990000,0.978000,4.450000
23.260020,4.990000,0.978000,4.450000
23.314000,4.990000,0.978000,4.450000
23.360790,4.990000,0.978000,4.450000
23.411710,4.990000,0.978000,4.450000
23.463230,4.990000,0.978000,4.450000
23.513440,4.990000,0.978000,4.450000
23.564170,4.990000,0.978000,4.450000
23.618720,4.990000,0.978000,4.450000
23.664980,4.990000,0.978000,4.450000
23.715770,4.990000,0.978000,4.450000
23.770210,4.990000,0.978000,4.450000
23.816930,4.990000,0.978000,4.450000
23.867300,4.990000,0.978000,4.450000
23.921540,4.990000,0.978000,4.450000
23.968150,4.990000,0.978000,4.450000
24.018400,4.990000,0.978000,4.450000
24.068990,4.990000,0.978000,4.450000
24.119560,4.990000,0.978000,4.450000
24.171060,4.990000,0.978000,4.450000
24.224450,4.990000,0.978000,4.450000
24.271390,4.990000,0.978000,4.450000
24.321680,4.990000,0.978000,4.450000
24.375240,4.990000,0.978000,4.450000
24.422350,4.990000,0.978000,4.450000
24.473540,4.990000,0.978000,4.450000
24.527240,4.990000,0.978000,4.450000
24.573530,4.990000,0.978000,4.450000
24.624290,4.990000,0.978000,4.450000
24.678430,4.990000,0.978000,4.450000
24.724680,4.990000,0.978000,4.450000
24.774690,4.990000,0.978000,4.450000
24.828930,4.990000,0.978000,4.450000
24.876210,4.990000,0.978000,4.450000
24.926260,4.990000,0.978000,4.450000
24.980420,4.990000,0.978000,4.450000
25.026670,4.990000,0.978000,4.450000
25.076990,4.990000,0.978000,4.450000
25.131100,4.990000,0.978000,4.450000
25.176930,4.990000,0.978000,4.450000
25.227720,4.990000,0.978000,4.450000
25.281780,4.990000,0.978000,4.450000
25.328820,4.990000,0.978000,4.450000
25.378830,4.990000,0.978000,4.450000
25.429130,4.990000,0.978000,4.450000
25.479350,4.990000,0.978000,4.450000
25.530280,4.990000,0.978000,4.450000
25.585110,4.990000,0.978000,4.450000
25.633020,4.990000,0.978000,4.450000
25.683380,4.990000,0.978000,4.450000
25.737160,4.990000,0.978000,4.450000
25.784440,4.990000,0.978000,4.450000
25.835660,4.990000,0.978000,4.450000
25.889210,4.990000,0.978000,4.450000
25.935990,4.990000,0.978000,4.450000
25.986500,4.990000,0.978000,4.450000
26.039910,4.990000,0.978000,4.450000
26.086850,4.990000,0.978000,4.450000
26.136860,4.990000,0.978000,4.450000
26.190790,4.990000,0.978000,4.450000
26.237650,4.990000,0.978000,4.450000
26.288120,4.990000,0.978000,4.450000
26.341810,4.990000,0.978000,4.450000
26.389040,4.990000,0.978000,4.450000
26.439340,4.990000,0.978000,4.450000
26.494250,4.990000,0.978000,4.450000
26.541020,4.990000,0.978000,4.450000
26.592040,4.990000,0.978000,4.450000
26.646420,4.990000,0.978000,4.450000
26.693150,4.990000,0.978000,4.450000
26.743980,4.990000,0.978000,4.450000
26.798970,4.990000,0.978000,4.450000
26.846050,4.990000,0.978000,4.450000
26.896970,4.990000,0.978000,4.450000
26.951130,4.990000,0.978000,4.450000
26.997830,4.990000,0.978000,4.450000
27.048540,4.990000,0.978000,4.450000
27.102390,4.990000,0.978000,4.450000
27.149430,4.990000,0.978000,4.450000
27.199660,4.990000,0.978000,4.450000
27.250470,4.990000,0.978000,4.450000
27.301030,4.990000,0.978000,4.450000
27.351980,4.990000,0.978000,4.450000
27.405820,4.990000,0.978000,4.450000
27.452590,4.990000,0.978000,4.450000
27.502670,4.990000,0.978000,4.450000
27.557220,4.990000,0.978000,4.450000
27.603340,4.990000,0.978000,4.450000
27.653630,4.990000,0.978000,4.450000
27.707210,4.990000,0.978000,4.450000
27.754090,4.990000,0.978000,4.450000
27.804400,4.990000,0.978000,4.450000
27.854940,4.990000,0.978000,4.450000
27.904900,4.990000,0.978000,4.450000
27.955450,4.990000,0.978000,4.450000
28.009730,4.990000,0.978000,4.450000
28.056320,4.990000,0.978000,4.450000
28.106780,4.990000,0.978000,4.450000
28.160570,4.990000,0.978000,4.450000
28.207250,4.990000,0.978000,4.450000
28.257820,4.990000,0.978000,4.450000
28.311900,4.990000,0.978000,4.450000
28.358610,4.990000,0.978000,4.450000
28.408720,4.990000,0.978000,4.450000
28.462720,4.990000,0.978000,4.450000
28.509260,4.990000,0.978000,4.450000
28.560450,4.990000,0.978000,4.450000
28.614010,4.990000,0.978000,4.450000
28.661400,4.990000,0.978000,4.450000
28.712350,4.990000,0.978000,4.450000
28.766120,4.990000,0.978000,4.450000
28.813650,4.990000,0.978000,4.450000
28.864270,4.990000,0.978000,4.450000
28.918500,4.990000,0.978000,4.450000
28.965200,4.990000,0.978000,4.450000
29.015410,4.990000,0.978000,4.450000
29.069260,4.990000,0.978000,4.450000
29.116120,4.990000,0.978000,4.450000
29.166260,4.990000,0.978000,4.450000
29.220550,4.990000,0.978000,4.450000
29.266970,4.990000,0.978000,4.450000
29.316940,4.990000,0.978000,4.450000
29.367440,4.990000,0.978000,4.450000
29.417800,4.990000,0.978000,4.450000
29.467940,4.990000,0.978000,4.450000
29.521580,4.990000,0.978000,4.450000
29.568800,4.990000,0.978000,4.450000
29.619220,4.990000,0.978000,4.450000
29.674090,4.990000,0.978000,4.450000
29.720830,4.990000,0.978000,4.450000
29.771750,4.990000,0.978000,4.450000
29.826450,4.990000,0.978000,4.450000
29.872410,4.990000,0.978000,4.450000
29.922450,4.990000,0.978000,4.450000
29.972740,4.990000,0.978000,4.450000
30.022440,4.990000,0.978000,4.450000
30.072710,4.990000,0.978000,4.450000
30.127000,4.990000,0.978000,4.450000
30.173260,4.990000,0.978000,4.450000
30.223630,4.990000,0.978000,4.450000
30.277610,4.990000,0.978000,4.450000
30.325000,4.990000,0.978000,4.450000
30.375380,4.990000,0.978000,4.450000
30.428990,4.990000,0.978000,4.450000
30.476070,4.990000,0.978000,4.450000
30.526160,4.990000,0.978000,4.450000
30.580340,4.990000,0.978000,4.450000
30.626760,4.990000,0.978000,4.450000
30.676950,4.990000,0.978000,4.450000
30.727450,4.990000,0.978000,4.450000
30.777150,4.990000,0.978000,4.450000
30.827510,4.990000,0.978000,4.450000
30.882590,4.990000,0.978000,4.450000
30.928770,4.990000,0.978000,4.450000
30.978880,4.990000,0.978000,4.450000
31.032520,4.990000,0.978000,4.450000
31.079660,4.990000,0.978000,4.450000
31.130670,4.990000,0.978000,4.450000
31.185090,4.990000,0.978000,4.450000
31.231450,4.990000,0.978000,4.450000
31.282410,4.990000,0.978000,4.450000
31.336420,4.990000,0.978000,4.450000
31.383220,4.990000,0.978000,4.450000
31.433150,4.990000,0.978000,4.450000
31.490830,4.990000,0.978000,4.450000
31.533740,4.990000,0.978000,4.450000
31.584370,4.990000,0.978000,4.450000
31.638220,4.990000,0.978000,4.450000
31.684930,4.990000,0.978000,4.450000
31.735710,4.990000,0.978000,4.450000
31.790720,4.990000,0.978000,4.450000
31.837570,4.990000,0.978000,4.450000
31.887940,4.990000,0.978000,4.450000
31.942330,4.990000,0.978000,4.450000
31.989040,4.990000,0.978000,4.450000
32.040140,4.990000,0.978000,4.450000
32.095250,4.990000,0.978000,4.450000
32.142330,4.990000,0.978000,4.450000
32.192520,4.990000,0.978000,4.450000
32.246150,4.990000,0.978000,4.450000
32.292510,4.990000,0.978000,4.450000
32.343620,4.990000,0.978000,4.450000
32.397900,4.990000,0.978000,4.450000
32.444930,4.990000,0.978000,4.450000
32.495300,4.990000,0.978000,4.450000
32.549180,4.990000,0.978000,4.450000
32.596050,4.990000,0.978000,4.450000
32.647030,4.990000,0.978000,4.450000
32.697170,4.990000,0.978000,4.450000
32.747690,4.990000,0.978000,4.450000
32.797950,4.990000,0.978000,4.450000
32.853070,4.990000,0.978000,4.450000
32.899330,4.990000,0.978000,4.450000
32.950280,4.990000,0.978000,4.450000
33.004640,4.990000,0.978000,4.450000
33.051240,4.990000,0.978000,4.450000
33.101670,4.990000,0.978000,4.450000
33.156280,4.990000,0.978000,4.450000
33.203360,4.990000,0.978000,4.450000
33.254220,4.990000,0.978000,4.450000
33.308510,4.990000,0.978000,4.450000
33.355440,4.990000,0.978000,4.450000
33.406040,4.990000,0.978000,4.450000
33.460670,4.990000,0.978000,4.450000
33.507660,4.990000,0.978000,4.450000
33.558460,4.990000,0.978000,4.450000
33.612390,4.990000,0.978000,4.450000
33.659110,4.990000,0.978000,4.450000
33.709370,4.990000,0.978000,4.450000
33.760330,4.990000,0.978000,4.450000
33.811320,4.990000,0.978000,4.450000
33.863090,4.990000,0.978000,4.450000
33.917000,4.990000,0.978000,4.450000
33.963710,4.990000,0.978000,4.450000
34.013790,4.990000,0.978000,4.450000
34.068280,4.990000,0.978000,4.450000
34.115410,4.990000,0.978000,4.450000
34.166570,4.990000,0.978000,4.450000
34.220810,4.990000,0.978000,4.450000
34.267630,4.990000,0.978000,4.450000
34.317890,4.990000,0.978000,4.450000
34.371630,4.990000,0.978000,4.450000
34.418910,4.990000,0.978000,4.450000
34.469890,4.990000,0.978000,4.450000
34.520060,4.990000,0.978000,4.450000
34.569940,4.990000,0.978000,4.450000
34.620010,4.990000,0.978000,4.450000
34.674100,4.990000,0.978000,4.450000
34.720730,4.990000,0.978000,4.450000
34.771480,4.990000,0.978000,4.450000
34.825300,4.990000,0.978000,4.450000
34.871690,4.990000,0.978000,4.450000
34.921650,4.990000,0.978000,4.450000
34.971680,4.990000,0.978000,4.450000
35.021800,4.990000,0.978000,4.450000
35.072640,4.990000,0.978000,4.450000
35.126090,4.990000,0.978000,4.450000
35.173340,4.990000,0.978000,4.450000
35.223950,4.990000,0.978000,4.450000
35.278830,4.990000,0.978000,4.450000
35.324830,4.990000,0.978000,4.450000
35.374880,4.990000,0.978000,4.450000
35.429100,4.990000,0.978000,4.450000
35.475970,4.990000,0.978000,4.450000
35.526270,4.990000,0.978000,4.450000
35.576980,4.990000,0.978000,4.450000
35.627120,4.990000,0.978000,4.450000
35.678440,4.990000,0.978000,4.450000
35.732530,4.990000,0.978000,4.450000
35.779340,4.990000,0.978000,4.450000
35.830130,4.990000,0.978000,4.450000
35.884960,4.990000,0.978000,4.450000
35.930220,4.990000,0.978000,4.450000
35.980460,4.990000,0.978000,4.450000
36.034860,4.990000,0.978000,4.450000
36.080970,4.990000,0.978000,4.450000
36.131500,4.990000,0.978000,4.450000
36.185440,4.990000,0.978000,4.450000
36.231650,4.990000,0.978000,4.450000
36.281880,4.990000,0.978000,4.450000
36.336310,4.990000,0.978000,4.450000
36.383530,4.990000,0.978000,4.450000
36.433660,4.990000,0.978000,4.450000
36.488330,4.990000,0.978000,4.450000
36.534790,4.990000,0.978000,4.450000
36.585530,4.990000,0.978000,4.450000
36.640000,4.990000,0.978000,4.450000
36.686160,4.990000,0.978000,4.450000
36.736960,4.990000,0.978000,4.450000
36.790800,4.990000,0.978000,4.450000
36.837140,4.990000,0.978000,4.450000
36.887290,4.990000,0.978000,4.450000
36.937740,4.990000,0.978000,4.450000
36.987700,4.990000,0.978000,4.450000
37.038560,4.990000,0.978000,4.450000
37.092850,4.990000,0.978000,4.450000
37.138870,4.990000,0.978000,4.450000
37.189190,4.990000,0.978000,4.450000
37.243530,4.990000,0.978000,4.450000
37.290370,4.990000,0.978000,4.450000
37.340370,4.990000,0.978000,4.450000
37.394800,4.990000,0.978000,4.450000
37.441450,4.990000,0.978000,4.450000
37.491860,4.990000,0.978000,4.450000
37.543060,4.990000,0.978000,4.450000
37.593720,4.990000,0.978000,4.450000
37.644270,4.990000,0.978000,4.450000
37.698090,4.990000,0.978000,4.450000
37.744520,4.990000,0.978000,4.450000
37.794900,4.990000,0.978000,4.450000
37.849670,4.990000,0.978000,4.450000
37.896050,4.990000,0.978000,4.450000
37.946100,4.990000,0.978000,4.450000
38.001060,4.990000,0.978000,4.450000
38.047080,4.990000,0.978000,4.450000
38.097640,4.990000,0.978000,4.450000
38.152900,4.990000,0.978000,4.450000
38.199330,4.990000,0.978000,4.450000
38.249320,4.990000,0.978000,4.450000
38.303030,4.990000,0.978000,4.450000
38.349940,4.990000,0.978000,4.450000
38.400070,4.990000,0.978000,4.450000
38.454630,4.990000,0.978000,4.450000
38.500770,4.990000,0.978000,4.450000
38.551020,4.990000,0.978000,4.450000
38.604710,4.990000,0.978000,4.450000
38.651120,4.990000,0.978000,4.450000
38.701180,4.990000,0.978000,4.450000
38.755330,4.990000,0.978000,4.450000
38.802160,4.990000,0.978000,4.450000
38.852900,4.990000,0.978000,4.450000
38.907710,4.990000,0.978000,4.450000
38.954320,4.990000,0.978000,4.450000
39.005070,4.990000,0.978000,4.450000
39.059450,4.990000,0.978000,4.450000
39.105680,4.990000,0.978000,4.450000
39.156740,4.990000,0.978000,4.450000
39.211160,4.990000,0.978000,4.450000
39.257730,4.990000,0.978000,4.450000
39.311220,4.990000,0.978000,4.450000
39.362140,4.990000,0.978000,4.450000
39.408370,4.990000,0.978000,4.450000
39.459100,4.990000,0.978000,4.450000
39.509180,4.990000,0.978000,4.450000
39.563490,4.990000,0.978000,4.450000
39.609660,4.990000,0.978000,4.450000
39.660370,4.990000,0.978000,4.450000
39.714590,4.990000,0.978000,4.450000
39.760740,4.990000,0.978000,4.450000
39.811660,4.990000,0.978000,4.450000
39.865720,4.990000,0.978000,4.450000
39.912460,4.990000,0.978000,4.450000
39.962810,4.990000,0.978000,4.450000
40.017320,4.990000,0.978000,4.450000
40.063520,4.990000,0.978000,4.450000
40.113870,4.990000,0.978000,4.450000
40.167810,4.990000,0.978000,4.450000
40.214920,4.990000,0.978000,4.450000
40.265690,4.990000,0.978000,4.450000
40.320220,4.990000,0.978000,4.450000
40.367290,4.990000,0.978000,4.450000
40.417080,4.990000,0.978000,4.450000
40.472130,4.990000,0.978000,4.450000
40.518280,4.990000,0.978000,4.450000
40.569280,4.990000,0.978000,4.450000
40.623950,4.990000,0.978000,4.450000
40.671180,4.990000,0.978000,4.450000
40.721730,4.990000,0.978000,4.450000
40.775590,4.990000,0.978000,4.450000
40.821410,4.990000,0.978000,4.450000
40.871780,4.990000,0.978000,4.450000
40.926060,4.990000,0.978000,4.450000
40.971710,4.990000,0.978000,4.450000
41.022540,4.990000,0.978000,4.450000
41.072480,4.990000,0.978000,4.450000
41.123380,4.990000,0.978000,4.450000
41.173730,4.990000,0.978000,4.450000
41.227510,4.990000,0.978000,4.450000
41.274280,4.990000,0.978000,4.450000
41.324720,4.990000,0.978000,4.450000
41.379060,4.990000,0.978000,4.450000
41.425380,4.990000,0.978000,4.450000
41.475700,4.990000,0.978000,4.450000
41.529790,4.990000,0.978000,4.450000
41.576030,4.990000,0.978000,4.450000
41.626160,4.990000,0.978000,4.450000
41.676910,4.990000,0.978000,4.450000
41.727520,4.990000,0.978000,4.450000
41.778880,4.990000,0.978000,4.450000
41.833330,4.990000,0.978000,4.450000
41.880170,4.990000,0.978000,4.450000
41.930390,4.990000,0.978000,4.450000
41.985080,4.990000,0.978000,4.450000
42.031780,4.990000,0.978000,4.450000
42.082690,4.990000,0.978000,4.450000
42.137280,4.990000,0.978000,4.450000
42.183860,4.990000,0.978000,4.450000
42.234840,4.990000,0.978000,4.450000
42.285030,4.990000,0.978000,4.450000
42.335700,4.990000,0.978000,4.450000
42.385870,4.990000,0.978000,4.450000
42.440550,4.990000,0.978000,4.450000
42.488040,4.990000,0.978000,4.450000
42.538450,4.990000,0.978000,4.450000
42.593350,4.990000,0.978000,4.450000
42.639370,4.990000,0.978000,4.450000
42.689560,4.990000,0.978000,4.450000
42.744280,4.990000,0.978000,4.450000
42.790610,4.990000,0.978000,4.450000
42.841620,4.990000,0.978000,4.450000
42.895310,4.990000,0.978000,4.450000
42.941600,4.990000,0.978000,4.450000
42.992410,4.990000,0.978000,4.450000
43.042970,4.990000,0.978000,4.450000
43.093380,4.990000,0.978000,4.450000
43.143950,4.990000,0.978000,4.450000
43.197880,4.990000,0.978000,4.450000
43.244270,4.990000,0.978000,4.450000
43.294180,4.990000,0.978000,4.450000
43.348110,4.990000,0.978000,4.450000
43.394200,4.990000,0.978000,4.450000
43.444400,4.990000,0.978000,4.450000
43.498730,4.990000,0.978000,4.450000
43.545890,4.990000,0.978000,4.450000
43.596030,4.990000,0.978000,4.450000
43.650850,4.990000,0.978000,4.450000
43.696990,4.990000,0.978000,4.450000
43.747120,4.990000,0.978000,4.450000
43.797280,4.990000,0.978000,4.450000
43.847100,4.990000,0.978000,4.450000
43.897170,4.990000,0.978000,4.450000
43.951440,4.990000,0.978000,4.450000
43.998310,4.990000,0.978000,4.450000
44.048110,4.990000,0.978000,4.450000
44.102360,4.990000,0.978000,4.450000
44.148330,4.990000,0.978000,4.450000
44.199250,4.990000,0.978000,4.450000
44.252880,4.990000,0.978000,4.450000
44.299050,4.990000,0.978000,4.450000
44.349000,4.990000,0.978000,4.450000
44.399740,4.990000,0.978000,4.450000
44.450040,4.990000,0.978000,4.450000
44.500440,4.990000,0.978000,4.450000
44.551290,4.990000,0.978000,4.450000
44.605950,4.990000,0.978000,4.450000
44.651790,4.990000,0.978000,4.450000
44.701830,4.990000,0.978000,4.450000
44.755970,4.990000,0.978000,4.450000
44.802200,4.990000,0.978000,4.450000
44.852680,4.990000,0.978000,4.450000
44.906710,4.990000,0.978000,4.450000
44.953530,4.990000,0.978000,4.450000
45.003750,4.990000,0.978000,4.450000
45.058160,4.990000,0.978000,4.450000
45.104550,4.990000,0.978000,4.450000
45.155360,4.990000,0.978000,4.450000
45.209310,4.990000,0.978000,4.450000
45.256230,4.990000,0.978000,4.450000
45.307030,4.990000,0.978000,4.450000
45.361610,4.990000,0.978000,4.450000
45.408210,4.990000,0.978000,4.450000
45.458910,4.990000,0.978000,4.450000
45.513360,4.990000,0.978000,4.450000
45.560030,4.990000,0.978000,4.450000
45.610020,4.990000,0.978000,4.450000
45.660970,4.990000,0.978000,4.450000
45.710920,4.990000,0.978000,4.450000
45.762250,4.990000,0.978000,4.450000
45.816210,4.990000,0.978000,4.450000
45.862380,4.990000,0.978000,4.450000
45.913850,4.990000,0.978000,4.450000
45.967680,4.990000,0.978000,4.450000
46.014740,4.990000,0.978000,4.450000
46.065310,4.990000,0.978000,4.450000
46.120060,4.990000,0.978000,4.450000
46.166730,4.990000,0.978000,4.450000
46.216980,4.990000,0.978000,4.450000
46.267100,4.990000,0.978000,4.450000
46.317690,4.990000,0.978000,4.450000
46.368430,4.990000,0.978000,4.450000
46.422270,4.990000,0.978000,4.450000
46.469280,4.990000,0.978000,4.450000
46.520030,4.990000,0.978000,4.450000
46.574600,4.990000,0.978000,4.450000
46.621430,4.990000,0.978000,4.450000
46.671740,4.990000,0.978000,4.450000
46.725780,4.990000,0.978000,4.450000
46.772370,4.990000,0.978000,4.450000
46.822680,4.990000,0.978000,4.450000
46.877540,4.990000,0.978000,4.450000
46.924020,4.990000,0.978000,4.450000
46.974800,4.990000,0.978000,4.450000
47.025070,4.990000,0.978000,4.450000
47.075970,4.990000,0.978000,4.450000
47.126090,4.990000,0.978000,4.450000
47.180660,4.990000,0.978000,4.450000
47.227550,4.990000,0.978000,4.450000
47.278600,4.990000,0.978000,4.450000
47.333070,4.990000,0.978000,4.450000
47.380020,4.990000,0.978000,4.450000
47.430470,4.990000,0.978000,4.450000
47.485070,4.990000,0.978000,4.450000
47.531430,4.990000,0.978000,4.450000
47.581760,4.990000,0.978000,4.450000
47.635870,4.990000,0.978000,4.450000
47.682930,4.990000,0.978000,4.450000
47.733610,4.990000,0.978000,4.450000
47.787690,4.990000,0.978000,4.450000
47.834200,4.990000,0.978000,4.450000
47.884880,4.990000,0.978000,4.450000
47.939140,4.990000,0.978000,4.450000
47.985790,4.990000,0.978000,4.450000
48.036910,4.990000,0.978000,4.450000
48.091710,4.990000,0.978000,4.450000
48.138030,4.990000,0.978000,4.450000
48.189030,4.990000,0.978000,4.450000
48.243310,4.990000,0.978000,4.450000
48.289240,4.990000,0.978000,4.450000
48.340810,4.990000,0.978000,4.450000
48.395260,4.990000,0.978000,4.450000
48.441530,4.990000,0.978000,4.450000
48.491770,4.990000,0.978000,4.450000
48.546420,4.990000,0.978000,4.450000
48.593660,4.990000,0.978000,4.450000
48.644580,4.990000,0.978000,4.450000
48.694600,4.990000,0.978000,4.450000
48.744940,4.990000,0.978000,4.450000
48.796130,4.990000,0.978000,4.450000
48.849890,4.990000,0.978000,4.450000
48.896070,4.990000,0.978000,4.450000
48.947020,4.990000,0.978000,4.450000
49.000600,4.990000,0.978000,4.450000
49.047200,4.990000,0.978000,4.450000
49.097080,4.990000,0.978000,4.450000
49.151620,4.990000,0.978000,4.450000
49.197910,4.990000,0.978000,4.450000
49.249240,4.990000,0.978000,4.450000
49.303390,4.990000,0.978000,4.450000
49.349650,4.990000,0.978000,4.450000
49.400250,4.990000,0.978000,4.450000
49.451550,4.990000,0.978000,4.450000
49.501540,4.990000,0.978000,4.450000
49.551690,4.990000,0.978000,4.450000
49.605390,4.990000,0.978000,4.450000
49.652230,4.990000,0.978000,4.450000
49.702380,4.990000,0.978000,4.450000
49.756050,4.990000,0.978000,4.450000
49.802260,4.990000,0.978000,4.450000
49.852560,4.990000,0.978000,4.450000
49.906540,4.990000,0.978000,4.450000
49.952720,4.990000,0.978000,4.450000
50.003280,4.990000,0.978000,4.450000
50.057490,4.990000,0.978000,4.450000
50.104320,4.990000,0.978000,4.450000
50.154580,4.990000,0.978000,4.450000
50.208780,4.990000,0.978000,4.450000
50.255920,4.990000,0.978000,4.450000
50.306180,4.990000,0.978000,4.450000
50.360730,4.990000,0.978000,4.450000
50.407070,4.990000,0.978000,4.450000
50.457300,4.990000,0.978000,4.450000
50.508210,4.990000,0.978000,4.450000
50.558440,4.990000,0.978000,4.450000
50.609520,4.990000,0.978000,4.450000
50.663470,4.990000,0.978000,4.450000
50.711610,4.990000,0.978000,4.450000
50.761650,4.990000,0.978000,4.450000
50.816060,4.990000,0.978000,4.450000
50.862240,4.990000,0.978000,4.450000
50.912350,4.990000,0.978000,4.450000
50.966450,4.990000,0.978000,4.450000
51.013970,4.990000,0.978000,4.450000
51.064530,4.990000,0.978000,4.450000
51.114710,4.990000,0.978000,4.450000
51.165050,4.990000,0.978000,4.450000
51.215660,4.990000,0.978000,4.450000
51.269690,4.990000,0.978000,4.450000
51.316780,4.990000,0.978000,4.450000
51.367360,4.990000,0.978000,4.450000
51.421570,4.990000,0.978000,4.450000
51.467990,4.990000,0.978000,4.450000
51.518620,4.990000,0.978000,4.450000
51.572520,4.990000,0.978000,4.450000
51.618830,4.990000,0.978000,4.450000
51.668910,4.990000,0.978000,4.450000
51.719130,4.990000,0.978000,4.450000
51.769070,4.990000,0.978000,4.450000
51.819840,4.990000,0.978000,4.450000
51.873710,1.992264,0.978000,4.450000
51.919880,1.899915,0.978000,4.450000
51.970070,1.799529,0.978000,4.450000
52.023820,1.692036,0.978000,4.450000
52.071110,1.597449,0.978000,4.450000
52.121110,1.497447,0.978000,4.450000
52.175910,1.387846,0.978000,4.450000
52.222360,1.294958,0.978000,4.450000
52.272620,1.194444,0.978000,4.450000
52.326480,1.086708,0.978000,4.450000
52.373130,0.993406,0.978000,4.450000
52.423640,0.892391,0.978000,4.450000
52.474370,0.790945,0.978000,4.450000
52.524650,0.690364,0.978000,4.450000
52.575610,0.588452,0.978000,4.450000
52.629380,0.480921,0.978000,4.450000
52.675830,0.388012,0.978000,4.450000
52.726030,0.287607,0.978000,4.450000
52.779500,0.180684,0.978000,4.450000
52.826640,0.086383,0.978000,4.450000
52.877090,0.077812,0.978000,4.550521
52.931600,0.057545,0.978000,4.657642
52.977970,0.042071,0.978000,4.749075
53.029300,0.026048,0.978000,4.850480
53.079980,0.011256,0.978000,4.950764
53.130490,-0.002589,0.978000,5.050814
53.181230,-0.100389,0.978000,5.023704
53.234630,-0.203313,0.978000,4.995173
53.281380,-0.293411,0.978000,4.970197
53.331830,-0.202646,0.978000,5.014285
53.385100,-0.305058,0.978000,4.984910
53.432780,-0.235174,0.978000,5.049792
53.483250,-0.331574,0.978000,5.019908
53.537590,-0.435381,0.978000,4.987729
53.584120,-0.524283,0.978000,4.960169
53.634120,-0.619790,0.978000,4.930562
53.688170,-0.723042,0.978000,4.898554
53.735340,-0.678780,0.978000,4.981863
53.785650,-0.638222,0.978000,5.073951
53.836680,-0.598416,0.978000,5.167936
53.886510,-0.689054,0.978000,5.126531
53.936840,-0.780620,0.978000,5.084701
53.990520,-0.878275,0.978000,5.040090
54.036910,-0.864085,0.978000,5.131779
54.086950,-0.952803,0.978000,5.085462
54.140990,-1.048609,0.978000,5.035444
54.187910,-1.131802,0.978000,4.992012
54.238650,-1.221751,0.978000,4.945052
54.292600,-1.317400,0.978000,4.895117
54.338970,-1.399610,0.978000,4.852198
54.389610,-1.489394,0.978000,4.805324
54.441320,-1.581076,0.978000,4.757460
54.491130,-1.669385,0.978000,4.711356
54.541420,-1.758554,0.978000,4.664804
54.595250,-1.758554,0.978000,4.664804
54.641710,4.990000,0.978000,4.450000
54.691580,4.990000,0.978000,4.450000
54.745460,4.990000,0.978000,4.450000
54.792630,4.990000,0.978000,4.450000
54.843270,4.990000,0.978000,4.450000
54.897350,4.990000,0.978000,4.450000
54.943750,4.990000,0.978000,4.450000
54.994330,4.990000,0.978000,4.450000
55.048690,4.990000,0.978000,4.450000
55.095600,4.990000,0.978000,4.450000
55.145910,4.990000,0.978000,4.450000
55.196620,4.990000,0.978000,4.450000
55.246880,4.990000,0.978000,4.450000
55.297250,4.990000,0.978000,4.450000
55.351670,4.990000,0.978000,4.450000
55.398310,4.990000,0.978000,4.450000
55.448510,4.990000,0.978000,4.450000
55.502940,4.990000,0.978000,4.450000
55.549720,4.990000,0.978000,4.450000
55.600100,4.990000,0.978000,4.450000
55.655000,4.990000,0.978000,4.450000
55.701480,4.990000,0.978000,4.450000
55.752580,4.990000,0.978000,4.450000
55.806320,4.990000,0.978000,4.450000
55.853510,4.990000,0.978000,4.450000
55.904020,4.990000,0.978000,4.450000
55.958790,4.990000,0.978000,4.450000
56.005160,4.990000,0.978000,4.450000
56.056050,4.990000,0.978000,4.450000
56.109710,4.990000,0.978000,4.450000
56.157320,4.990000,0.978000,4.450000
56.207820,4.990000,0.978000,4.450000
56.262120,4.990000,0.978000,4.450000
56.309370,4.990000,0.978000,4.450000
56.360460,4.990000,0.978000,4.450000
56.415290,4.990000,0.978000,4.450000
56.461490,4.990000,0.978000,4.450000
56.511680,4.990000,0.978000,4.450000
56.566420,4.990000,0.978000,4.450000
56.612610,4.990000,0.978000,4.450000
56.663190,4.990000,0.978000,4.450000
56.717920,4.990000,0.978000,4.450000
56.764020,4.990000,0.978000,4.450000
56.814930,4.990000,0.978000,4.450000
56.868570,4.990000,0.978000,4.450000
56.915490,4.990000,0.978000,4.450000
56.966010,4.990000,0.978000,4.450000
57.019820,4.990000,0.978000,4.450000
57.066040,4.990000,0.978000,4.450000
57.116670,4.990000,0.978000,4.450000
57.167010,4.990000,0.978000,4.450000
57.217080,4.990000,0.978000,4.450000
57.267850,4.990000,0.978000,4.450000
57.321520,4.990000,0.978000,4.450000
57.368350,4.990000,0.978000,4.450000
57.418360,4.990000,0.978000,4.450000
57.472530,4.990000,0.978000,4.450000
57.519110,4.990000,0.978000,4.450000
57.569370,4.990000,0.978000,4.450000
57.623140,4.990000,0.978000,4.450000
57.669620,4.990000,0.978000,4.450000
57.719970,4.990000,0.978000,4.450000
57.774180,4.990000,0.978000,4.450000
57.821300,4.990000,0.978000,4.450000
57.872870,4.990000,0.978000,4.450000
57.927650,4.990000,0.978000,4.450000
57.974110,4.990000,0.978000,4.450000
58.024500,4.990000,0.978000,4.450000
58.074790,4.990000,0.978000,4.450000
58.125890,4.990000,0.978000,4.450000
58.176450,4.990000,0.978000,4.450000
58.230560,4.990000,0.978000,4.450000
58.277480,4.990000,0.978000,4.450000
58.328050,4.990000,0.978000,4.450000
58.382390,4.990000,0.978000,4.450000
58.428460,4.990000,0.978000,4.450000
58.478720,4.990000,0.978000,4.450000
58.532860,4.990000,0.978000,4.450000
58.580100,4.990000,0.978000,4.450000
58.630230,4.990000,0.978000,4.450000
58.685410,4.990000,0.978000,4.450000
58.731940,4.990000,0.978000,4.450000
58.782420,4.990000,0.978000,4.450000
58.836030,4.990000,0.978000,4.450000
58.882880,4.990000,0.978000,4.450000
58.934050,4.990000,0.978000,4.450000
58.988930,4.990000,0.978000,4.450000
59.035110,4.990000,0.978000,4.450000
59.086360,4.990000,0.978000,4.450000
59.140430,4.990000,0.978000,4.450000
59.186940,4.990000,0.978000,4.450000
59.237820,4.990000,0.978000,4.450000
59.292460,4.990000,0.978000,4.450000
59.339850,4.990000,0.978000,4.450000
59.390380,4.990000,0.978000,4.450000
59.445100,4.990000,0.978000,4.450000
59.492420,4.990000,0.978000,4.450000
59.542620,4.990000,0.978000,4.450000
59.596430,4.990000,0.978000,4.450000
59.642790,4.990000,0.978000,4.450000
59.693150,4.990000,0.978000,4.450000
59.746830,4.990000,0.978000,4.450000
59.793260,4.990000,0.978000,4.450000
59.846400,4.990000,0.978000,4.450000
59.893620,4.990000,0.978000,4.450000
59.943530,4.990000,0.978000,4.450000
59.994650,4.990000,0.978000,4.450000
60.044670,4.990000,0.978000,4.450000
60.099350,4.990000,0.978000,4.450000
60.146030,4.990000,0.978000,4.450000
60.196240,4.990000,0.978000,4.450000
60.250590,4.990000,0.978000,4.450000
60.296750,4.990000,0.978000,4.450000
60.347060,4.990000,0.978000,4.450000
60.398220,4.990000,0.978000,4.450000
60.448230,4.990000,0.978000,4.450000
60.499260,4.990000,0.978000,4.450000
60.553090,4.990000,0.978000,4.450000
60.600320,4.990000,0.978000,4.450000
60.650520,4.990000,0.978000,4.450000
60.705210,4.990000,0.978000,4.450000
60.752500,4.990000,0.978000,4.450000
60.802790,4.990000,0.978000,4.450000
60.857600,4.990000,0.978000,4.450000
60.904860,4.990000,0.978000,4.450000
60.955250,4.990000,0.978000,4.450000
61.009660,4.990000,0.978000,4.450000
61.056000,4.990000,0.978000,4.450000
61.106860,4.990000,0.978000,4.450000
61.160590,4.990000,0.978000,4.450000
61.207630,4.990000,0.978000,4.450000
61.257910,4.990000,0.978000,4.450000
61.312390,4.990000,0.978000,4.450000
61.358790,4.990000,0.978000,4.450000
61.408950,4.990000,0.978000,4.450000
61.462880,4.990000,0.978000,4.450000
61.510000,4.990000,0.978000,4.450000
61.560370,4.990000,0.978000,4.450000
61.614520,4.990000,0.978000,4.450000
61.661540,4.990000,0.978000,4.450000
61.711950,4.990000,0.978000,4.450000
61.766410,4.990000,0.978000,4.450000
61.813180,4.990000,0.978000,4.450000
61.863620,4.990000,0.978000,4.450000
61.918070,4.990000,0.978000,4.450000
61.964820,4.990000,0.978000,4.450000
62.015150,4.990000,0.978000,4.450000
62.065940,4.990000,0.978000,4.450000
62.115900,4.990000,0.978000,4.450000
62.166860,4.990000,0.978000,4.450000
62.220660,4.990000,0.978000,4.450000
62.267890,4.990000,0.978000,4.450000
62.318120,4.990000,0.978000,4.450000
62.371910,4.990000,0.978000,4.450000
62.418670,4.990000,0.978000,4.450000
62.468770,4.990000,0.978000,4.450000
62.522990,4.990000,0.978000,4.450000
62.569020,4.990000,0.978000,4.450000
62.624580,4.990000,0.978000,4.450000
62.675120,4.990000,0.978000,4.450000
62.724410,4.990000,0.978000,4.450000
62.774220,4.990000,0.978000,4.450000
62.821400,4.990000,0.978000,4.450000
62.875690,4.990000,0.978000,4.450000
62.924030,4.990000,0.978000,4.450000
62.972660,4.990000,0.978000,4.450000
63.026370,4.990000,0.978000,4.450000
63.074150,4.990000,0.978000,4.450000
63.124800,4.990000,0.978000,4.450000
63.178900,4.990000,0.978000,4.450000
63.225690,4.990000,0.978000,4.450000
63.276010,4.990000,0.978000,4.450000
63.325970,4.990000,0.978000,4.450000
63.376760,4.990000,0.978000,4.450000
63.426750,4.990000,0.978000,4.450000
63.480950,4.990000,0.978000,4.450000
63.527770,4.990000,0.978000,4.450000
63.578180,4.990000,0.978000,4.450000
63.632190,4.990000,0.978000,4.450000
63.678940,4.990000,0.978000,4.450000
63.729110,4.990000,0.978000,4.450000
63.783510,4.990000,0.978000,4.450000
63.842390,4.990000,0.978000,4.450000
63.891560,4.990000,0.978000,4.450000
63.941650,4.990000,0.978000,4.450000
63.982150,4.990000,0.978000,4.450000
64.031820,4.990000,0.978000,4.450000
64.082440,4.990000,0.978000,4.450000
64.136310,4.990000,0.978000,4.450000
64.183400,4.990000,0.978000,4.450000
64.233540,4.990000,0.978000,4.450000
64.287140,4.990000,0.978000,4.450000
64.333600,4.990000,0.978000,4.450000
64.384180,4.990000,0.978000,4.450000
64.437810,4.990000,0.978000,4.450000
64.485920,4.990000,0.978000,4.450000
64.536160,4.990000,0.978000,4.450000
64.586340,4.990000,0.978000,4.450000
64.636920,4.990000,0.978000,4.450000
64.686570,4.990000,0.978000,4.450000
64.740440,4.990000,0.978000,4.450000
64.786900,4.990000,0.978000,4.450000
64.837170,4.990000,0.978000,4.450000
64.891660,4.990000,0.978000,4.450000
64.938160,4.990000,0.978000,4.450000
64.988390,4.990000,0.978000,4.450000
65.042580,4.990000,0.978000,4.450000
65.089140,4.990000,0.978000,4.450000
65.139880,4.990000,0.978000,4.450000
65.193760,4.990000,0.978000,4.450000
65.239940,4.990000,0.978000,4.450000
65.290310,4.990000,0.978000,4.450000
65.344450,4.990000,0.978000,4.450000
65.390910,4.990000,0.978000,4.450000
65.440950,4.990000,0.978000,4.450000
65.495620,4.990000,0.978000,4.450000
65.542470,4.990000,0.978000,4.450000
65.593550,4.990000,0.978000,4.450000
65.647830,4.990000,0.978000,4.450000
65.694870,4.990000,0.978000,4.450000
65.745640,4.990000,0.978000,4.450000
65.800900,4.990000,0.978000,4.450000
65.846900,4.990000,0.978000,4.450000
65.897190,4.990000,0.978000,4.450000
65.952380,4.990000,0.978000,4.450000
65.998360,4.990000,0.978000,4.450000
66.048690,4.990000,0.978000,4.450000
66.102710,4.990000,0.978000,4.450000
66.149280,4.990000,0.978000,4.450000
66.200240,4.990000,0.978000,4.450000
66.255440,4.990000,0.978000,4.450000
66.301700,4.990000,0.978000,4.450000
66.351670,4.990000,0.978000,4.450000
66.402710,4.990000,0.978000,4.450000
66.452510,4.990000,0.978000,4.450000
66.503350,4.990000,0.978000,4.450000
66.557500,4.990000,0.978000,4.450000
66.604420,4.990000,0.978000,4.450000
66.655330,4.990000,0.978000,4.450000
66.709020,4.990000,0.978000,4.450000
66.756300,4.990000,0.978000,4.450000
66.806920,4.990000,0.978000,4.450000
66.861060,4.990000,0.978000,4.450000
66.907500,4.990000,0.978000,4.450000
66.958080,4.990000,0.978000,4.450000
67.013080,4.990000,0.978000,4.450000
67.058930,4.990000,0.978000,4.450000
67.109410,4.990000,0.978000,4.450000
67.163450,4.990000,0.978000,4.450000
67.209820,4.990000,0.978000,4.450000
67.260090,4.990000,0.978000,4.450000
67.314380,4.990000,0.978000,4.450000
67.360740,4.990000,0.978000,4.450000
67.411450,4.990000,0.978000,4.450000
67.465510,4.990000,0.978000,4.450000
67.511720,4.990000,0.978000,4.450000
67.562450,4.990000,0.978000,4.450000
67.612310,4.990000,0.978000,4.450000
67.662450,4.990000,0.978000,4.450000
67.713250,4.990000,0.978000,4.450000
67.767970,4.990000,0.978000,4.450000
67.815210,4.990000,0.978000,4.450000
67.864170,4.990000,0.978000,4.450000
67.918410,4.990000,0.978000,4.450000
67.965340,4.990000,0.978000,4.450000
68.015820,4.990000,0.978000,4.450000
68.070350,4.990000,0.978000,4.450000
68.117570,4.990000,0.978000,4.450000
68.170170,4.990000,0.978000,4.450000
68.219120,4.990000,0.978000,4.450000
68.268380,4.990000,0.978000,4.450000
68.319490,4.990000,0.978000,4.450000
68.370020,4.990000,0.978000,4.450000
68.424170,4.990000,0.978000,4.450000
68.471680,4.990000,0.978000,4.450000
68.523020,4.990000,0.978000,4.450000
68.576390,4.990000,0.978000,4.450000
68.622620,4.990000,0.978000,4.450000
68.673870,4.990000,0.978000,4.450000
68.728270,4.990000,0.978000,4.450000
68.773510,4.990000,0.978000,4.450000
68.824410,4.990000,0.978000,4.450000
68.875490,4.990000,0.978000,4.450000
68.926120,4.990000,0.978000,4.450000
68.975590,4.990000,0.978000,4.450000
69.030520,4.990000,0.978000,4.450000
69.076530,4.990000,0.978000,4.450000
69.127870,4.990000,0.978000,4.450000
69.182690,4.990000,0.978000,4.450000
69.228510,4.990000,0.978000,4.450000
69.279120,4.990000,0.978000,4.450000
69.333120,4.990000,0.978000,4.450000
69.379760,4.990000,0.978000,4.450000
69.429440,4.990000,0.978000,4.450000
69.483670,4.990000,0.978000,4.450000
69.532750,4.990000,0.978000,4.450000
69.582700,4.990000,0.978000,4.450000
69.637400,4.990000,0.978000,4.450000
69.683600,4.990000,0.978000,4.450000
69.734450,4.990000,0.978000,4.450000
69.789180,4.990000,0.978000,4.450000
69.836490,4.990000,0.978000,4.450000
69.886280,4.990000,0.978000,4.450000
69.940790,4.990000,0.978000,4.450000
69.987790,4.990000,0.978000,4.450000
70.037930,4.990000,0.978000,4.450000
70.092770,4.990000,0.978000,4.450000
70.138540,4.990000,0.978000,4.450000
70.188960,4.990000,0.978000,4.450000
70.243970,4.990000,0.978000,4.450000
70.291040,4.990000,0.978000,4.450000
70.340350,4.990000,0.978000,4.450000
70.394360,4.990000,0.978000,4.450000
70.440190,4.990000,0.978000,4.450000
70.489810,4.990000,0.978000,4.450000
70.540190,4.990000,0.978000,4.450000
70.590020,4.990000,0.978000,4.450000
70.640040,4.990000,0.978000,4.450000
70.690260,4.990000,0.978000,4.450000
70.744420,4.990000,0.978000,4.450000
70.791550,4.990000,0.978000,4.450000
70.841740,4.990000,0.978000,4.450000
70.895840,4.990000,0.978000,4.450000
70.942540,4.990000,0.978000,4.450000
70.993800,4.990000,0.978000,4.450000
71.048620,4.990000,0.978000,4.450000
71.095210,4.990000,0.978000,4.450000
71.146110,4.990000,0.978000,4.450000
71.196500,4.990000,0.978000,4.450000
71.246350,4.990000,0.978000,4.450000
71.297200,4.990000,0.978000,4.450000
71.351780,4.990000,0.978000,4.450000
71.399220,4.990000,0.978000,4.450000
71.449570,4.990000,0.978000,4.450000
71.503560,4.990000,0.978000,4.450000
71.550840,4.990000,0.978000,4.450000
71.601300,4.990000,0.978000,4.450000
71.655300,4.990000,0.978000,4.450000
71.701630,4.990000,0.978000,4.450000
71.751850,4.990000,0.978000,4.450000
71.807040,4.990000,0.978000,4.450000
71.852670,4.990000,0.978000,4.450000
71.903340,4.990000,0.978000,4.450000
71.957760,4.990000,0.978000,4.450000
72.004490,4.990000,0.978000,4.450000
72.055120,4.990000,0.978000,4.450000
72.109700,4.990000,0.978000,4.450000
72.156020,4.990000,0.978000,4.450000
72.207130,4.990000,0.978000,4.450000
72.261410,4.990000,0.978000,4.450000
72.308010,4.990000,0.978000,4.450000
72.358960,4.990000,0.978000,4.450000
72.412930,4.990000,0.978000,4.450000
72.459180,4.990000,0.978000,4.450000
72.509860,4.990000,0.978000,4.450000
72.567490,4.990000,0.978000,4.450000
72.610020,4.990000,0.978000,4.450000
72.661190,4.990000,0.978000,4.450000
72.715210,4.990000,0.978000,4.450000
72.761290,4.990000,0.978000,4.450000
72.811590,4.990000,0.978000,4.450000
72.865910,4.990000,0.978000,4.450000
72.911900,4.990000,0.978000,4.450000
72.962400,4.990000,0.978000,4.450000
73.013630,4.990000,0.978000,4.450000
73.064220,4.990000,0.978000,4.450000
73.115170,4.990000,0.978000,4.450000
73.169040,4.990000,0.978000,4.450000
73.216170,4.990000,0.978000,4.450000
73.266830,4.990000,0.978000,4.450000
73.320620,4.990000,0.978000,4.450000
73.367000,4.990000,0.978000,4.450000
73.417950,4.990000,0.978000,4.450000
73.473180,4.990000,0.978000,4.450000
73.519590,4.990000,0.978000,4.450000
73.569890,4.990000,0.978000,4.450000
73.625460,4.990000,0.978000,4.450000
73.671640,4.990000,0.978000,4.450000
73.722790,4.990000,0.978000,4.450000
73.777420,4.990000,0.978000,4.450000
73.824230,4.990000,0.978000,4.450000
73.874730,4.990000,0.978000,4.450000
73.928410,4.990000,0.978000,4.450000
73.974750,4.990000,0.978000,4.450000
74.025640,4.990000,0.978000,4.450000
74.080180,4.990000,0.978000,4.450000
74.125980,4.990000,0.978000,4.450000
74.176030,4.990000,0.978000,4.450000
74.230040,4.990000,0.978000,4.450000
74.276280,4.990000,0.978000,4.450000
74.326640,4.990000,0.978000,4.450000
74.380970,4.990000,0.978000,4.450000
74.427690,4.990000,0.978000,4.450000
74.477900,4.990000,0.978000,4.450000
74.528010,4.990000,0.978000,4.450000
74.577840,4.990000,0.978000,4.450000
74.628360,4.990000,0.978000,4.450000
74.692670,4.990000,0.978000,4.450000
74.728840,4.990000,0.978000,4.450000
74.779400,4.990000,0.978000,4.450000
74.833520,4.990000,0.978000,4.450000
74.880100,4.990000,0.978000,4.450000
74.930340,4.990000,0.978000,4.450000
74.984440,4.990000,0.978000,4.450000
75.030350,4.990000,0.978000,4.450000
75.081550,4.990000,0.978000,4.450000
75.135570,4.990000,0.978000,4.450000
75.182540,4.990000,0.978000,4.450000
75.232510,4.990000,0.978000,4.450000
75.286410,4.990000,0.978000,4.450000
75.333110,4.990000,0.978000,4.450000
75.384060,4.990000,0.978000,4.450000
75.438400,4.990000,0.978000,4.450000
75.485310,4.990000,0.978000,4.450000
75.535970,4.990000,0.978000,4.450000
75.589870,4.990000,0.978000,4.450000
75.636790,4.990000,0.978000,4.450000
75.686760,4.990000,0.978000,4.450000
75.740900,4.990000,0.978000,4.450000
75.787840,4.990000,0.978000,4.450000
75.838580,4.990000,0.978000,4.450000
75.888130,4.990000,0.978000,4.450000
75.938960,4.990000,0.978000,4.450000
75.989570,4.990000,0.978000,4.450000
76.044490,4.990000,0.978000,4.450000
76.090530,4.990000,0.978000,4.450000
76.141480,4.990000,0.978000,4.450000
76.195650,4.990000,0.978000,4.450000
76.241680,4.990000,0.978000,4.450000
76.292520,4.990000,0.978000,4.450000
76.346220,4.990000,0.978000,4.450000
76.392690,4.990000,0.978000,4.450000
76.443510,4.990000,0.978000,4.450000
76.497400,4.990000,0.978000,4.450000
76.543490,4.990000,0.978000,4.450000
76.593720,4.990000,0.978000,4.450000
76.644710,4.990000,0.978000,4.450000
76.695500,4.990000,0.978000,4.450000
76.745630,4.990000,0.978000,4.450000
76.799500,4.990000,0.978000,4.450000
76.846980,4.990000,0.978000,4.450000
76.897350,4.990000,0.978000,4.450000
76.951190,4.990000,0.978000,4.450000
76.998020,4.990000,0.978000,4.450000
77.048120,4.990000,0.978000,4.450000
77.102580,4.990000,0.978000,4.450000
77.148720,4.990000,0.978000,4.450000
77.199130,4.990000,0.978000,4.450000
77.249260,4.990000,0.978000,4.450000
77.299330,4.990000,0.978000,4.450000
77.349310,4.990000,0.978000,4.450000
77.403550,4.990000,0.978000,4.450000
77.450960,4.990000,0.978000,4.450000
77.501420,4.990000,0.978000,4.450000
77.555730,4.990000,0.978000,4.450000
77.601840,4.990000,0.978000,4.450000
77.651990,4.990000,0.978000,4.450000
77.706590,4.990000,0.978000,4.450000
77.752580,4.990000,0.978000,4.450000
77.803770,4.990000,0.978000,4.450000
77.857440,4.990000,0.978000,4.450000
77.903960,4.990000,0.978000,4.450000
77.954730,4.990000,0.978000,4.450000
78.008960,4.990000,0.978000,4.450000
78.055820,4.990000,0.978000,4.450000
78.107150,4.990000,0.978000,4.450000
78.161150,4.990000,0.978000,4.450000
78.208020,4.990000,0.978000,4.450000
78.258120,4.990000,0.978000,4.450000
78.311910,4.990000,0.978000,4.450000
78.358540,4.990000,0.978000,4.450000
78.408680,4.990000,0.978000,4.450000
78.459850,4.990000,0.978000,4.450000
78.509860,4.990000,0.978000,4.450000
78.559860,4.990000,0.978000,4.450000
78.614110,4.990000,0.978000,4.450000
78.661510,4.990000,0.978000,4.450000
78.711860,4.990000,0.978000,4.450000
78.766290,4.990000,0.978000,4.450000
78.812640,4.990000,0.978000,4.450000
78.863270,4.990000,0.978000,4.450000
78.917260,4.990000,0.978000,4.450000
78.963610,4.990000,0.978000,4.450000
79.015060,4.990000,0.978000,4.450000
79.068860,4.990000,0.978000,4.450000
79.115390,4.990000,0.978000,4.450000
79.165660,4.990000,0.978000,4.450000
79.216430,4.990000,0.978000,4.450000
79.266950,4.990000,0.978000,4.450000
79.317260,4.990000,0.978000,4.450000
79.371800,4.990000,0.978000,4.450000
79.418170,4.990000,0.978000,4.450000
79.468470,4.990000,0.978000,4.450000
79.524020,4.990000,0.978000,4.450000
79.569900,4.990000,0.978000,4.450000
79.620100,4.990000,0.978000,4.450000
79.675580,4.990000,0.978000,4.450000
79.721480,4.990000,0.978000,4.450000
79.772670,4.990000,0.978000,4.450000
79.826350,4.990000,0.978000,4.450000
79.873190,4.990000,0.978000,4.450000
79.923440,4.990000,0.978000,4.450000
79.978050,4.990000,0.978000,4.450000
80.024250,4.990000,0.978000,4.450000
80.074940,4.990000,0.978000,4.450000
80.129460,4.990000,0.978000,4.450000
80.177250,4.990000,0.978000,4.450000
80.227240,4.990000,0.978000,4.450000
80.281950,4.990000,0.978000,4.450000
80.329410,4.990000,0.978000,4.450000
80.380250,4.990000,0.978000,4.450000
80.433910,4.990000,0.978000,4.450000
80.480290,4.990000,0.978000,4.450000
80.531200,4.990000,0.978000,4.450000
80.581960,4.990000,0.978000,4.450000
80.632700,4.990000,0.978000,4.450000
80.683490,4.990000,0.978000,4.450000
80.737050,4.990000,0.978000,4.450000
80.783440,4.990000,0.978000,4.450000
80.834530,4.990000,0.978000,4.450000
80.888470,4.990000,0.978000,4.450000
80.934780,4.990000,0.978000,4.450000
80.985520,4.990000,0.978000,4.450000
81.039490,4.990000,0.978000,4.450000
81.086110,4.990000,0.978000,4.450000
81.136640,4.990000,0.978000,4.450000
81.190120,4.990000,0.978000,4.450000
81.237340,4.990000,0.978000,4.450000
81.288200,4.990000,0.978000,4.450000
81.343000,4.990000,0.978000,4.450000
81.389270,4.990000,0.978000,4.450000
81.440320,4.990000,0.978000,4.450000
81.493910,4.990000,0.978000,4.450000
81.540380,4.990000,0.978000,4.450000
81.590930,4.990000,0.978000,4.450000
81.645260,4.990000,0.978000,4.450000
81.691280,4.990000,0.978000,4.450000
81.741350,4.990000,0.978000,4.450000
81.795270,4.990000,0.978000,4.450000
81.842920,4.990000,0.978000,4.450000
81.892440,4.990000,0.978000,4.450000
81.946460,4.990000,0.978000,4.450000
81.992800,4.990000,0.978000,4.450000
82.043870,4.990000,0.978000,4.450000
82.097810,4.990000,0.978000,4.450000
82.144250,4.990000,0.978000,4.450000
82.194440,4.990000,0.978000,4.450000
82.248950,4.990000,0.978000,4.450000
82.296080,4.990000,0.978000,4.450000
82.346160,4.990000,0.978000,4.450000
82.400340,4.990000,0.978000,4.450000
82.447780,4.990000,0.978000,4.450000
82.498240,4.990000,0.978000,4.450000
82.551910,4.990000,0.978000,4.450000
82.598690,4.990000,0.978000,4.450000
82.649020,4.990000,0.978000,4.450000
82.700070,4.990000,0.978000,4.450000
82.749890,4.990000,0.978000,4.450000
82.800870,4.990000,0.978000,4.450000
82.855390,4.990000,0.978000,4.450000
82.902460,4.990000,0.978000,4.450000
82.953670,4.990000,0.978000,4.450000
83.008200,4.990000,0.978000,4.450000
83.056030,4.990000,0.978000,4.450000
83.106040,4.990000,0.978000,4.450000
83.160300,4.990000,0.978000,4.450000
83.206910,4.990000,0.978000,4.450000
83.256790,4.990000,0.978000,4.450000
83.307320,4.990000,0.978000,4.450000
83.357610,4.990000,0.978000,4.450000
83.407590,4.990000,0.978000,4.450000
83.461910,4.990000,0.978000,4.450000
83.508940,4.990000,0.978000,4.450000
83.559230,4.990000,0.978000,4.450000
83.613740,4.990000,0.978000,4.450000
83.660550,4.990000,0.978000,4.450000
83.711070,4.990000,0.978000,4.450000
83.765220,4.990000,0.978000,4.450000
83.811770,4.990000,0.978000,4.450000
83.861980,4.990000,0.978000,4.450000
83.915740,4.990000,0.978000,4.450000
83.963330,4.990000,0.978000,4.450000
84.013460,4.990000,0.978000,4.450000
84.064560,4.990000,0.978000,4.450000
84.114730,4.990000,0.978000,4.450000
84.166080,4.990000,0.978000,4.450000
84.219920,4.990000,0.978000,4.450000
84.266430,4.990000,0.978000,4.450000
84.317120,4.990000,0.978000,4.450000
84.371710,4.990000,0.978000,4.450000
84.418620,4.990000,0.978000,4.450000
84.469410,4.990000,0.978000,4.450000
84.523550,4.990000,0.978000,4.450000
84.569710,4.990000,0.978000,4.450000
84.619970,4.990000,0.978000,4.450000
84.673740,4.990000,0.978000,4.450000
84.720860,4.990000,0.978000,4.450000
84.770860,4.990000,0.978000,4.450000
84.824980,4.990000,0.978000,4.450000
84.871830,4.990000,0.978000,4.450000
84.922040,4.990000,0.978000,4.450000
84.976360,4.990000,0.978000,4.450000
85.023410,4.990000,0.978000,4.450000
85.073900,4.990000,0.978000,4.450000
85.128460,4.990000,0.978000,4.450000
85.175250,4.990000,0.978000,4.450000
85.225770,4.990000,0.978000,4.450000
85.291530,4.990000,0.978000,4.450000
85.341120,4.990000,0.978000,4.450000
85.376960,4.990000,0.978000,4.450000
85.428460,4.990000,0.978000,4.450000
85.478030,4.990000,0.978000,4.450000
85.529150,4.990000,0.978000,4.450000
85.583900,4.990000,0.978000,4.450000
85.631050,4.990000,0.978000,4.450000
85.680500,4.990000,0.978000,4.450000
85.735940,4.990000,0.978000,4.450000
85.781940,4.990000,0.978000,4.450000
85.832050,4.990000,0.978000,4.450000
85.887850,4.990000,0.978000,4.450000
85.932850,4.990000,0.978000,4.450000
85.983290,4.990000,0.978000,4.450000
86.040350,4.990000,0.978000,4.450000
86.084660,4.990000,0.978000,4.450000
86.133900,4.990000,0.978000,4.450000
86.183960,4.990000,0.978000,4.450000
86.234600,4.990000,0.978000,4.450000
86.286010,4.990000,0.978000,4.450000
86.339870,4.990000,0.978000,4.450000
86.387850,4.990000,0.978000,4.450000
86.440320,4.990000,0.978000,4.450000
86.493680,4.990000,0.978000,4.450000
86.537500,4.990000,0.978000,4.450000
86.587940,4.990000,0.978000,4.450000
86.642640,4.990000,0.978000,4.450000
86.687910,4.990000,0.978000,4.450000
86.740030,4.990000,0.978000,4.450000
86.794020,4.990000,0.978000,4.450000
86.841260,4.990000,0.978000,4.450000
86.892570,4.990000,0.978000,4.450000
86.947730,4.990000,0.978000,4.450000
86.993740,4.990000,0.978000,4.450000
87.044300,4.990000,0.978000,4.450000
87.097990,4.990000,0.978000,4.450000
87.146710,4.990000,0.978000,4.450000
87.195750,4.990000,0.978000,4.450000
87.250340,4.990000,0.978000,4.450000
87.295980,4.990000,0.978000,4.450000
87.347520,4.990000,0.978000,4.450000
87.401950,4.990000,0.978000,4.450000
87.449360,4.990000,0.978000,4.450000
87.500590,4.990000,0.978000,4.450000
87.554160,4.990000,0.978000,4.450000
87.600520,4.990000,0.978000,4.450000
87.650790,4.990000,0.978000,4.450000
87.704790,4.990000,0.978000,4.450000
87.751500,4.990000,0.978000,4.450000
87.802180,4.990000,0.978000,4.450000
87.856260,4.990000,0.978000,4.450000
87.902480,4.990000,0.978000,4.450000
87.952700,4.990000,0.978000,4.450000
88.006380,4.990000,0.978000,4.450000
88.053630,4.990000,0.978000,4.450000
88.104420,4.990000,0.978000,4.450000
88.159020,4.990000,0.978000,4.450000
88.205730,4.990000,0.978000,4.450000
88.256710,4.990000,0.978000,4.450000
88.307140,4.990000,0.978000,4.450000
88.356960,4.990000,0.978000,4.450000
88.407180,4.990000,0.978000,4.450000
88.460950,4.990000,0.978000,4.450000
88.508120,4.990000,0.978000,4.450000
88.558750,4.990000,0.978000,4.450000
88.612530,4.990000,0.978000,4.450000
88.658880,4.990000,0.978000,4.450000
88.709150,4.990000,0.978000,4.450000
88.763290,4.990000,0.978000,4.450000
88.810330,4.990000,0.978000,4.450000
88.861540,4.990000,0.978000,4.450000
88.916240,4.990000,0.978000,4.450000
88.963340,4.990000,0.978000,4.450000
89.013630,4.990000,0.978000,4.450000
89.067930,4.990000,0.978000,4.450000
89.114590,4.990000,0.978000,4.450000
89.165920,4.990000,0.978000,4.450000
89.216290,4.990000,0.978000,4.450000
89.266940,4.990000,0.978000,4.450000
89.317990,4.990000,0.978000,4.450000
89.371700,4.990000,0.978000,4.450000
89.418300,4.990000,0.978000,4.450000
89.468630,4.990000,0.978000,4.450000
89.522890,4.990000,0.978000,4.450000
89.569120,4.990000,0.978000,4.450000
89.620040,4.990000,0.978000,4.450000
89.673760,4.990000,0.978000,4.450000
89.721400,4.990000,0.978000,4.450000
89.771900,4.990000,0.978000,4.450000
89.826260,4.990000,0.978000,4.450000
89.872640,4.990000,0.978000,4.450000
89.923650,4.990000,0.978000,4.450000
89.977840,4.990000,0.978000,4.450000
90.025110,4.990000,0.978000,4.450000
90.075810,4.990000,0.978000,4.450000
90.130340,4.990000,0.978000,4.450000
90.177030,4.990000,0.978000,4.450000
90.228130,4.990000,0.978000,4.450000
90.281920,4.990000,0.978000,4.450000
90.328800,4.990000,0.978000,4.450000
90.378850,4.990000,0.978000,4.450000
90.430170,4.990000,0.978000,4.450000
90.480500,4.990000,0.978000,4.450000
90.532030,4.990000,0.978000,4.450000
90.585290,4.990000,0.978000,4.450000
90.632350,4.990000,0.978000,4.450000
90.682370,4.990000,0.978000,4.450000
90.736360,4.990000,0.978000,4.450000
90.783560,4.990000,0.978000,4.450000
90.834540,4.990000,0.978000,4.450000
90.888350,4.990000,0.978000,4.450000
90.935010,4.990000,0.978000,4.450000
90.985600,4.990000,0.978000,4.450000
91.040820,4.990000,0.978000,4.450000
91.087070,4.990000,0.978000,4.450000
91.138060,4.990000,0.978000,4.450000
91.188200,4.990000,0.978000,4.450000
91.238130,4.990000,0.978000,4.450000
91.289270,4.990000,0.978000,4.450000
91.343240,4.990000,0.978000,4.450000
91.390910,4.990000,0.978000,4.450000
91.440960,4.990000,0.978000,4.450000
91.494970,4.990000,0.978000,4.450000
91.541630,4.990000,0.978000,4.450000
91.592040,4.990000,0.978000,4.450000
91.646100,4.990000,0.978000,4.450000
91.692040,4.990000,0.978000,4.450000
91.742770,4.990000,0.978000,4.450000
91.796470,4.990000,0.978000,4.450000
91.843350,4.990000,0.978000,4.450000
91.893600,4.990000,0.978000,4.450000
91.948290,4.990000,0.978000,4.450000
91.994620,4.990000,0.978000,4.450000
92.044650,4.990000,0.978000,4.450000
92.095640,4.990000,0.978000,4.450000
92.145810,4.990000,0.978000,4.450000
92.196600,4.990000,0.978000,4.450000
92.250180,4.990000,0.978000,4.450000
92.297220,4.990000,0.978000,4.450000
92.347750,4.990000,0.978000,4.450000
92.402240,4.990000,0.978000,4.450000
92.448050,4.990000,0.978000,4.450000
92.498780,4.990000,0.978000,4.450000
92.549060,4.990000,0.978000,4.450000
92.599410,4.990000,0.978000,4.450000
92.649760,4.990000,0.978000,4.450000
92.704210,4.990000,0.978000,4.450000
92.750620,4.990000,0.978000,4.450000
92.801610,4.990000,0.978000,4.450000
92.856060,4.990000,0.978000,4.450000
92.903110,4.990000,0.978000,4.450000
92.953940,4.990000,0.978000,4.450000
93.008390,4.990000,0.978000,4.450000
93.055830,4.990000,0.978000,4.450000
93.106240,4.990000,0.978000,4.450000
93.156830,4.990000,0.978000,4.450000
93.207030,4.990000,0.978000,4.450000
93.257290,4.990000,0.978000,4.450000
93.311470,4.990000,0.978000,4.450000
93.358010,4.990000,0.978000,4.450000
93.408750,4.990000,0.978000,4.450000
93.462500,4.990000,0.978000,4.450000
93.508900,4.990000,0.978000,4.450000
93.559040,4.990000,0.978000,4.450000
93.613420,4.990000,0.978000,4.450000
93.660180,4.990000,0.978000,4.450000
93.711200,4.990000,0.978000,4.450000
93.761380,4.990000,0.978000,4.450000
93.811630,4.990000,0.978000,4.450000
93.862530,4.990000,0.978000,4.450000
93.916240,4.990000,0.978000,4.450000
93.962500,4.990000,0.978000,4.450000
94.013750,4.990000,0.978000,4.450000
94.067760,4.990000,0.978000,4.450000
94.114540,4.990000,0.978000,4.450000
94.165790,4.990000,0.978000,4.450000
94.219110,4.990000,0.978000,4.450000
94.265710,4.990000,0.978000,4.450000
94.315900,4.990000,0.978000,4.450000
94.366140,4.990000,0.978000,4.450000
94.416180,4.990000,0.978000,4.450000
94.466160,4.990000,0.978000,4.450000
94.520630,4.990000,0.978000,4.450000
94.568340,4.990000,0.978000,4.450000
94.618390,4.990000,0.978000,4.450000
94.672970,4.990000,0.978000,4.450000
94.719850,4.990000,0.978000,4.450000
94.769990,4.990000,0.978000,4.450000
94.824340,4.990000,0.978000,4.450000
94.870650,4.990000,0.978000,4.450000
94.921920,4.990000,0.978000,4.450000
94.976550,4.990000,0.978000,4.450000
95.023530,4.990000,0.978000,4.450000
95.073750,4.990000,0.978000,4.450000
95.124860,4.990000,0.978000,4.450000
95.174930,4.990000,0.978000,4.450000
95.225750,4.990000,0.978000,4.450000
95.279680,4.990000,0.978000,4.450000
95.326210,4.990000,0.978000,4.450000
95.376550,4.990000,0.978000,4.450000
95.430780,4.990000,0.978000,4.450000
95.477980,4.990000,0.978000,4.450000
95.528220,4.990000,0.978000,4.450000
95.582960,4.990000,0.978000,4.450000
95.629760,4.990000,0.978000,4.450000
95.681090,4.990000,0.978000,4.450000
95.735010,4.990000,0.978000,4.450000
95.781420,4.990000,0.978000,4.450000
95.832330,4.990000,0.978000,4.450000
95.886850,4.990000,0.978000,4.450000
95.933300,4.990000,0.978000,4.450000
95.983450,4.990000,0.978000,4.450000
96.038020,4.990000,0.978000,4.450000
96.084410,4.990000,0.978000,4.450000
96.134900,4.990000,0.978000,4.450000
96.188750,4.990000,0.978000,4.450000
96.235180,4.990000,0.978000,4.450000
96.286250,4.990000,0.978000,4.450000
96.340080,4.990000,0.978000,4.450000
96.386120,4.990000,0.978000,4.450000
96.435990,4.990000,0.978000,4.450000
96.486660,4.990000,0.978000,4.450000
96.540880,4.990000,0.978000,4.450000
96.587520,4.990000,0.978000,4.450000
96.637540,4.990000,0.978000,4.450000
96.691640,4.990000,0.978000,4.450000
96.738240,4.990000,0.978000,4.450000
96.789120,4.990000,0.978000,4.450000
96.844140,4.990000,0.978000,4.450000
96.890260,4.990000,0.978000,4.450000
96.941110,4.990000,0.978000,4.450000
96.994750,4.990000,0.978000,4.450000
97.041220,4.990000,0.978000,4.450000
97.091720,4.990000,0.978000,4.450000
97.141760,4.990000,0.978000,4.450000
97.192380,4.990000,0.978000,4.450000
97.243450,4.990000,0.978000,4.450000
97.297550,4.990000,0.978000,4.450000
97.343990,4.990000,0.978000,4.450000
97.394330,4.990000,0.978000,4.450000
97.448620,4.990000,0.978000,4.450000
97.494870,4.990000,0.978000,4.450000
97.545110,4.990000,0.978000,4.450000
97.598990,4.990000,0.978000,4.450000
97.646160,4.990000,0.978000,4.450000
97.697080,4.990000,0.978000,4.450000
97.751690,4.990000,0.978000,4.450000
97.797940,4.990000,0.978000,4.450000
97.848200,4.990000,0.978000,4.450000
97.902750,4.990000,0.978000,4.450000
97.949190,4.990000,0.978000,4.450000
97.999310,4.990000,0.978000,4.450000
98.053490,4.990000,0.978000,4.450000
98.100010,4.990000,0.978000,4.450000
98.150920,4.990000,0.978000,4.450000
98.201230,4.990000,0.978000,4.450000
98.251590,4.990000,0.978000,4.450000
98.301780,4.990000,0.978000,4.450000
98.355500,4.990000,0.978000,4.450000
98.402300,4.990000,0.978000,4.450000
98.452810,4.990000,0.978000,4.450000
98.508310,4.990000,0.978000,4.450000
98.554370,4.990000,0.978000,4.450000
98.605030,4.990000,0.978000,4.450000
98.660080,4.990000,0.978000,4.450000
98.706740,4.990000,0.978000,4.450000
98.756830,4.990000,0.978000,4.450000
98.810800,4.990000,0.978000,4.450000
98.857090,4.990000,0.978000,4.450000
98.907210,4.990000,0.978000,4.450000
98.961060,4.990000,0.978000,4.450000
99.007100,4.990000,0.978000,4.450000
99.057520,4.990000,0.978000,4.450000
99.111660,4.990000,0.978000,4.450000
99.158010,4.990000,0.978000,4.450000
99.208760,4.990000,0.978000,4.450000
99.262790,4.990000,0.978000,4.450000
99.309820,4.990000,0.978000,4.450000
99.361220,4.990000,0.978000,4.450000
99.415620,4.990000,0.978000,4.450000
99.461780,4.990000,0.978000,4.450000
99.512820,4.990000,0.978000,4.450000
99.566930,4.990000,0.978000,4.450000
99.613300,4.990000,0.978000,4.450000
99.664260,4.990000,0.978000,4.450000
99.714990,4.990000,0.978000,4.450000
99.766220,4.990000,0.978000,4.450000
99.817050,4.990000,0.978000,4.450000
99.870910,4.990000,0.978000,4.450000
99.917120,4.990000,0.978000,4.450000
99.967120,4.990000,0.978000,4.450000
100.021000,4.990000,0.978000,4.450000
100.067100,4.990000,0.978000,4.450000
100.117500,4.990000,0.978000,4.450000
100.172100,4.990000,0.978000,4.450000
100.218200,4.990000,0.978000,4.450000
100.269000,4.990000,0.978000,4.450000
100.323900,4.990000,0.978000,4.450000
100.370000,4.990000,0.978000,4.450000
100.421500,4.990000,0.978000,4.450000
100.475300,4.990000,0.978000,4.450000
100.522500,4.990000,0.978000,4.450000
100.572500,4.990000,0.978000,4.450000
100.626300,4.990000,0.978000,4.450000
100.672400,4.990000,0.978000,4.450000
100.722500,4.990000,0.978000,4.450000
100.777600,4.990000,0.978000,4.450000
100.824000,4.990000,0.978000,4.450000
100.875100,4.990000,0.978000,4.450000
100.929600,4.990000,0.978000,4.450000
100.976200,4.990000,0.978000,4.450000
101.026400,4.990000,0.978000,4.450000
101.081200,4.990000,0.978000,4.450000
101.127700,4.990000,0.978000,4.450000
101.178200,4.990000,0.978000,4.450000
101.233100,4.990000,0.978000,4.450000
101.279200,4.990000,0.978000,4.450000
101.330200,4.990000,0.978000,4.450000
101.380100,4.990000,0.978000,4.450000
101.430000,4.990000,0.978000,4.450000
101.481100,4.990000,0.978000,4.450000
101.534900,4.990000,0.978000,4.450000
101.581500,4.990000,0.978000,4.450000
101.632400,4.990000,0.978000,4.450000
101.686100,4.990000,0.978000,4.450000
101.732500,4.990000,0.978000,4.450000
101.782700,4.990000,0.978000,4.450000
101.836500,4.990000,0.978000,4.450000
101.883600,4.990000,0.978000,4.450000
101.933500,4.990000,0.978000,4.450000
101.987900,4.990000,0.978000,4.450000
102.033800,4.990000,0.978000,4.450000
102.084100,4.990000,0.978000,4.450000
102.138400,4.990000,0.978000,4.450000
102.185900,4.990000,0.978000,4.450000
102.236400,4.990000,0.978000,4.450000
102.290700,4.990000,0.978000,4.450000
102.337200,4.990000,0.978000,4.450000
102.388300,4.990000,0.978000,4.450000
102.439300,4.990000,0.978000,4.450000
102.489000,4.990000,0.978000,4.450000
102.539800,4.990000,0.978000,4.450000
102.593600,4.990000,0.978000,4.450000
102.640200,4.990000,0.978000,4.450000
102.690600,4.990000,0.978000,4.450000
102.744900,4.990000,0.978000,4.450000
102.791400,4.990000,0.978000,4.450000
102.841700,4.990000,0.978000,4.450000
102.895500,4.990000,0.978000,4.450000
102.941700,4.990000,0.978000,4.450000
102.992000,4.990000,0.978000,4.450000
103.042100,4.990000,0.978000,4.450000
103.092600,4.990000,0.978000,4.450000
103.143800,4.990000,0.978000,4.450000
103.197900,4.990000,0.978000,4.450000
103.244400,4.990000,0.978000,4.450000
103.295400,4.990000,0.978000,4.450000
103.349600,4.990000,0.978000,4.450000
103.396400,4.990000,0.978000,4.450000
103.446400,4.990000,0.978000,4.450000
103.500400,4.990000,0.978000,4.450000
103.546600,4.990000,0.978000,4.450000
103.596600,4.990000,0.978000,4.450000
103.650900,4.990000,0.978000,4.450000
103.696900,4.990000,0.978000,4.450000
103.747000,4.990000,0.978000,4.450000
103.797400,4.990000,0.978000,4.450000
103.847600,4.990000,0.978000,4.450000
103.897800,4.990000,0.978000,4.450000
103.952200,4.990000,0.978000,4.450000
103.998600,4.990000,0.978000,4.450000
104.049800,4.990000,0.978000,4.450000
104.103900,4.990000,0.978000,4.450000
104.149900,4.990000,0.978000,4.450000
104.200200,4.990000,0.978000,4.450000
104.250400,4.990000,0.978000,4.450000
104.300200,4.990000,0.978000,4.450000
104.350400,4.990000,0.978000,4.450000
104.404300,4.990000,0.978000,4.450000
104.450600,4.990000,0.978000,4.450000
104.500800,4.990000,0.978000,4.450000
104.554400,4.990000,0.978000,4.450000
104.601200,4.990000,0.978000,4.450000
104.651400,4.990000,0.978000,4.450000
104.705900,4.990000,0.978000,4.450000
104.752200,4.990000,0.978000,4.450000
104.803400,4.990000,0.978000,4.450000
104.853600,4.990000,0.978000,4.450000
104.903500,4.990000,0.978000,4.450000
104.953900,4.990000,0.978000,4.450000
105.007600,4.990000,0.978000,4.450000
105.054800,4.990000,0.978000,4.450000
105.105100,4.990000,0.978000,4.450000
105.159700,4.990000,0.978000,4.450000
105.206300,4.990000,0.978000,4.450000
105.256900,4.990000,0.978000,4.450000
105.311200,4.990000,0.978000,4.450000
105.357100,4.990000,0.978000,4.450000
105.407700,4.990000,0.978000,4.450000
105.462300,4.990000,0.978000,4.450000
105.508500,4.990000,0.978000,4.450000
105.558900,4.990000,0.978000,4.450000
105.608700,4.990000,0.978000,4.450000
105.658800,4.990000,0.978000,4.450000
105.709600,4.990000,0.978000,4.450000
105.764300,4.990000,0.978000,4.450000
105.810900,4.990000,0.978000,4.450000
105.861800,4.990000,0.978000,4.450000
105.916000,4.990000,0.978000,4.450000
105.962000,4.990000,0.978000,4.450000
106.012000,4.990000,0.978000,4.450000
106.066200,4.990000,0.978000,4.450000
106.112300,4.990000,0.978000,4.450000
106.162500,4.990000,0.978000,4.450000
106.217200,4.990000,0.978000,4.450000
106.263400,4.990000,0.978000,4.450000
106.313500,4.990000,0.978000,4.450000
106.363700,4.990000,0.978000,4.450000
106.414200,4.990000,0.978000,4.450000
106.465000,4.990000,0.978000,4.450000
106.518900,4.990000,0.978000,4.450000
106.565300,4.990000,0.978000,4.450000
106.615300,4.990000,0.978000,4.450000
106.669500,4.990000,0.978000,4.450000
106.715600,4.990000,0.978000,4.450000
106.765700,4.990000,0.978000,4.450000
106.822900,4.990000,0.978000,4.450000
106.866000,4.990000,0.978000,4.450000
106.916200,4.990000,0.978000,4.450000
106.966300,4.990000,0.978000,4.450000
107.016000,4.990000,0.978000,4.450000
107.066100,4.990000,0.978000,4.450000
107.117000,4.990000,0.978000,4.450000
107.170700,4.990000,0.978000,4.450000
107.217700,4.990000,0.978000,4.450000
107.267900,4.990000,0.978000,4.450000
107.322400,4.990000,0.978000,4.450000
107.368600,4.990000,0.978000,4.450000
107.420000,4.990000,0.978000,4.450000
107.473800,4.990000,0.978000,4.450000
107.520200,4.990000,0.978000,4.450000
107.570400,4.990000,0.978000,4.450000
107.620400,4.990000,0.978000,4.450000
107.670400,4.990000,0.978000,4.450000
107.720700,4.990000,0.978000,4.450000
107.775300,4.990000,0.978000,4.450000
107.822600,4.990000,0.978000,4.450000
107.873900,4.990000,0.978000,4.450000
107.928800,4.990000,0.978000,4.450000
107.974900,4.990000,0.978000,4.450000
108.026000,4.990000,0.978000,4.450000
108.080600,4.990000,0.978000,4.450000
108.127200,4.990000,0.978000,4.450000
108.177200,4.990000,0.978000,4.450000
108.227500,4.990000,0.978000,4.450000
108.277400,4.990000,0.978000,4.450000
108.328300,4.990000,0.978000,4.450000
108.382800,4.990000,0.978000,4.450000
108.428800,4.990000,0.978000,4.450000
108.479000,4.990000,0.978000,4.450000
108.533300,4.990000,0.978000,4.450000
108.580200,4.990000,0.978000,4.450000
108.630400,4.990000,0.978000,4.450000
108.685300,4.990000,0.978000,4.450000
108.731500,4.990000,0.978000,4.450000
108.781600,4.990000,0.978000,4.450000
108.835600,4.990000,0.978000,4.450000
108.882300,4.990000,0.978000,4.450000
108.933400,4.990000,0.978000,4.450000
108.987200,4.990000,0.978000,4.450000
109.033600,4.990000,0.978000,4.450000
109.083700,4.990000,0.978000,4.450000
109.138700,4.990000,0.978000,4.450000
109.184700,4.990000,0.978000,4.450000
109.234900,4.990000,0.978000,4.450000
109.285100,4.990000,0.978000,4.450000
109.335000,4.990000,0.978000,4.450000
109.385300,4.990000,0.978000,4.450000
109.439700,4.990000,0.978000,4.450000
109.486400,4.990000,0.978000,4.450000
109.536500,4.990000,0.978000,4.450000
109.591600,4.990000,0.978000,4.450000
109.637800,4.990000,0.978000,4.450000
109.688200,4.990000,0.978000,4.450000
109.742500,4.990000,0.978000,4.450000
109.788500,4.990000,0.978000,4.450000
109.839300,4.990000,0.978000,4.450000
109.893400,4.990000,0.978000,4.450000
109.939300,4.990000,0.978000,4.450000
109.990000,4.990000,0.978000,4.450000
110.044400,4.990000,0.978000,4.450000
110.090400,4.990000,0.978000,4.450000
110.141700,4.990000,0.978000,4.450000
110.195700,4.990000,0.978000,4.450000
110.241800,4.990000,0.978000,4.450000
110.291900,4.990000,0.978000,4.450000
110.345900,4.990000,0.978000,4.450000
110.392100,4.990000,0.978000,4.450000
110.442400,4.990000,0.978000,4.450000
110.492400,4.990000,0.978000,4.450000
110.542300,4.990000,0.978000,4.450000
110.592700,4.990000,0.978000,4.450000
110.650100,4.990000,0.978000,4.450000
110.693900,4.990000,0.978000,4.450000
110.744600,4.990000,0.978000,4.450000
110.798400,4.990000,0.978000,4.450000
110.844700,4.990000,0.978000,4.450000
110.894900,4.990000,0.978000,4.450000
110.949100,4.990000,0.978000,4.450000
110.995300,4.990000,0.978000,4.450000
111.045800,4.990000,0.978000,4.450000
111.100200,4.990000,0.978000,4.450000
111.146500,4.990000,0.978000,4.450000
111.196700,4.990000,0.978000,4.450000
111.250800,4.990000,0.978000,4.450000
111.296900,4.990000,0.978000,4.450000
111.347100,4.990000,0.978000,4.450000
111.397400,4.990000,0.978000,4.450000
111.447200,4.990000,0.978000,4.450000
111.497300,4.990000,0.978000,4.450000
111.551200,4.990000,0.978000,4.450000
111.597500,4.990000,0.978000,4.450000
111.647800,4.990000,0.978000,4.450000
111.701700,4.990000,0.978000,4.450000
111.747900,4.990000,0.978000,4.450000
111.798700,4.990000,0.978000,4.450000
111.848800,4.990000,0.978000,4.450000
111.898800,4.990000,0.978000,4.450000
111.948800,4.990000,0.978000,4.450000
112.003300,4.990000,0.978000,4.450000
112.049200,4.990000,0.978000,4.450000
112.099300,4.990000,0.978000,4.450000
112.153200,4.990000,0.978000,4.450000
112.199300,4.990000,0.978000,4.450000
112.249500,4.990000,0.978000,4.450000
112.303700,4.990000,0.978000,4.450000
112.350400,4.990000,0.978000,4.450000
112.400600,4.990000,0.978000,4.450000
112.454800,4.990000,0.978000,4.450000
112.501300,4.990000,0.978000,4.450000
112.551400,4.990000,0.978000,4.450000
112.605500,4.990000,0.978000,4.450000
112.652100,4.990000,0.978000,4.450000
112.702300,4.990000,0.978000,4.450000
112.756000,4.990000,0.978000,4.450000
112.802300,4.990000,0.978000,4.450000
112.853000,4.990000,0.978000,4.450000
112.906900,4.990000,0.978000,4.450000
112.954000,4.990000,0.978000,4.450000
113.004000,4.990000,0.978000,4.450000
113.058300,4.990000,0.978000,4.450000
113.105000,4.990000,0.978000,4.450000
113.155400,4.990000,0.978000,4.450000
113.209200,4.990000,0.978000,4.450000
113.255700,4.990000,0.978000,4.450000
113.306000,4.990000,0.978000,4.450000
113.359900,4.990000,0.978000,4.450000
113.407000,4.990000,0.978000,4.450000
113.458200,4.990000,0.978000,4.450000
113.509000,4.990000,0.978000,4.450000
113.559200,4.990000,0.978000,4.450000
113.609600,4.990000,0.978000,4.450000
113.663700,4.990000,0.978000,4.450000
113.710300,4.990000,0.978000,4.450000
113.760400,4.990000,0.978000,4.450000
113.814400,4.990000,0.978000,4.450000
113.860800,4.990000,0.978000,4.450000
113.911000,4.990000,0.978000,4.450000
113.965500,4.990000,0.978000,4.450000
114.011500,4.990000,0.978000,4.450000
114.061700,4.990000,0.978000,4.450000
114.116900,4.990000,0.978000,4.450000
114.163500,4.990000,0.978000,4.450000
114.214300,4.990000,0.978000,4.450000
114.268300,4.990000,0.978000,4.450000
114.314900,4.990000,0.978000,4.450000
114.365600,4.990000,0.978000,4.450000
114.420100,4.990000,0.978000,4.450000
114.466800,4.990000,0.978000,4.450000
114.516900,4.990000,0.978000,4.450000
114.567100,4.990000,0.978000,4.450000
114.617500,4.990000,0.978000,4.450000
114.667500,4.990000,0.978000,4.450000
114.721500,4.990000,0.978000,4.450000
114.768000,4.990000,0.978000,4.450000
114.818100,4.990000,0.978000,4.450000
114.872500,4.990000,0.978000,4.450000
114.919100,4.990000,0.978000,4.450000
114.969400,4.990000,0.978000,4.450000
115.023600,4.990000,0.978000,4.450000
115.069500,4.990000,0.978000,4.450000
115.119900,4.990000,0.978000,4.450000
115.173800,4.990000,0.978000,4.450000
115.219800,4.990000,0.978000,4.450000
115.270400,4.990000,0.978000,4.450000
115.324600,4.990000,0.978000,4.450000
115.370400,4.990000,0.978000,4.450000
115.420500,4.990000,0.978000,4.450000
115.474600,4.990000,0.978000,4.450000
115.521200,4.990000,0.978000,4.450000
115.571500,4.990000,0.978000,4.450000
115.625600,4.990000,0.978000,4.450000
115.671600,4.990000,0.978000,4.450000
115.722200,4.990000,0.978000,4.450000
115.772500,4.990000,0.978000,4.450000
115.822200,4.990000,0.978000,4.450000
115.872600,4.990000,0.978000,4.450000
115.926700,4.990000,0.978000,4.450000
115.972700,4.990000,0.978000,4.450000
116.022900,4.990000,0.978000,4.450000
116.077400,4.990000,0.978000,4.450000
116.123400,4.990000,0.978000,4.450000
116.173400,4.990000,0.978000,4.450000
116.227200,4.990000,0.978000,4.450000
116.274000,4.990000,0.978000,4.450000
116.323700,4.990000,0.978000,4.450000
116.373800,4.990000,0.978000,4.450000
116.423400,4.990000,0.978000,4.450000
116.474800,4.990000,0.978000,4.450000
116.528100,4.990000,0.978000,4.450000
116.574400,4.990000,0.978000,4.450000
116.624500,4.990000,0.978000,4.450000
116.675100,4.990000,0.978000,4.450000
116.729200,4.990000,0.978000,4.450000
116.775900,4.990000,0.978000,4.450000
116.826000,4.990000,0.978000,4.450000
116.880000,4.990000,0.978000,4.450000
116.926500,4.990000,0.978000,4.450000
116.976300,4.990000,0.978000,4.450000
117.030200,4.990000,0.978000,4.450000
117.076400,4.990000,0.978000,4.450000
117.126500,4.990000,0.978000,4.450000
117.180600,4.990000,0.978000,4.450000
117.226500,4.990000,0.978000,4.450000
117.276700,4.990000,0.978000,4.450000
117.331200,4.990000,0.978000,4.450000
117.377200,4.990000,0.978000,4.450000
117.427500,4.990000,0.978000,4.450000
117.477500,4.990000,0.978000,4.450000
117.527600,4.990000,0.978000,4.450000
117.577600,4.990000,0.978000,4.450000
117.631400,4.990000,0.978000,4.450000
117.677900,4.990000,0.978000,4.450000
117.728200,4.990000,0.978000,4.450000
117.782300,4.990000,0.978000,4.450000
117.828400,4.990000,0.978000,4.450000
117.879700,4.990000,0.978000,4.450000
117.933700,4.990000,0.978000,4.450000
117.979600,4.990000,0.978000,4.450000
118.030200,4.990000,0.978000,4.450000
118.085800,4.990000,0.978000,4.450000
118.131300,4.990000,0.978000,4.450000
118.181400,4.990000,0.978000,4.450000
118.235500,4.990000,0.978000,4.450000
118.281800,4.990000,0.978000,4.450000
118.332100,4.990000,0.978000,4.450000
118.386000,4.990000,0.978000,4.450000
118.431900,4.990000,0.978000,4.450000
118.482100,4.990000,0.978000,4.450000
118.536000,4.990000,0.978000,4.450000
118.583400,4.990000,0.978000,4.450000
118.633300,4.990000,0.978000,4.450000
118.687700,4.990000,0.978000,4.450000
118.734500,4.990000,0.978000,4.450000
118.784900,4.990000,0.978000,4.450000
118.838700,4.990000,0.978000,4.450000
118.884800,4.990000,0.978000,4.450000
118.935000,4.990000,0.978000,4.450000
118.985500,4.990000,0.978000,4.450000
119.036200,4.990000,0.978000,4.450000
119.086700,4.990000,0.978000,4.450000
119.140300,4.990000,0.978000,4.450000
119.186500,4.990000,0.978000,4.450000
119.236800,4.990000,0.978000,4.450000
119.290800,4.990000,0.978000,4.450000
119.336700,4.990000,0.978000,4.450000
119.387600,4.990000,0.978000,4.450000
119.441700,4.990000,0.978000,4.450000
119.487600,4.990000,0.978000,4.450000
119.538300,4.990000,0.978000,4.450000
119.588700,4.990000,0.978000,4.450000
119.640000,4.990000,0.978000,4.450000
119.690300,4.990000,0.978000,4.450000
119.744700,4.990000,0.978000,4.450000
119.791600,4.990000,0.978000,4.450000
119.841900,4.990000,0.978000,4.450000
119.896200,4.990000,0.978000,4.450000
119.942400,4.990000,0.978000,4.450000
119.993400,4.990000,0.978000,4.450000
120.047300,4.990000,0.978000,4.450000
120.093600,4.990000,0.978000,4.450000
120.143900,4.990000,0.978000,4.450000
120.198800,4.990000,0.978000,4.450000
120.244800,4.990000,0.978000,4.450000
120.295000,4.990000,0.978000,4.450000
120.349300,4.990000,0.978000,4.450000
120.395200,4.990000,0.978000,4.450000
120.445300,4.990000,0.978000,4.450000
120.499500,4.990000,0.978000,4.450000
120.546100,4.990000,0.978000,4.450000
120.596300,4.990000,0.978000,4.450000
120.651600,4.990000,0.978000,4.450000
120.696800,4.990000,0.978000,4.450000
120.747100,4.990000,0.978000,4.450000
120.801200,4.990000,0.978000,4.450000
120.847400,4.990000,0.978000,4.450000
120.897900,4.990000,0.978000,4.450000
120.947900,4.990000,0.978000,4.450000
120.997700,4.990000,0.978000,4.450000
121.047900,4.990000,0.978000,4.450000
121.102000,4.990000,0.978000,4.450000
121.148100,4.990000,0.978000,4.450000
121.198100,4.990000,0.978000,4.450000
121.252500,4.990000,0.978000,4.450000
121.298900,4.990000,0.978000,4.450000
121.349700,4.990000,0.978000,4.450000
121.403500,4.990000,0.978000,4.450000
121.449700,4.990000,0.978000,4.450000
121.499800,4.990000,0.978000,4.450000
121.554000,4.990000,0.978000,4.450000
121.600200,4.990000,0.978000,4.450000
121.650300,4.990000,0.978000,4.450000
121.700500,4.990000,0.978000,4.450000
121.751400,4.990000,0.978000,4.450000
121.801900,4.990000,0.978000,4.450000
121.855800,4.990000,0.978000,4.450000
121.902600,4.990000,0.978000,4.450000
121.954000,4.990000,0.978000,4.450000
122.008300,4.990000,0.978000,4.450000
122.054800,4.990000,0.978000,4.450000
122.104900,4.990000,0.978000,4.450000
122.158800,4.990000,0.978000,4.450000
122.205300,4.990000,0.978000,4.450000
122.255100,4.990000,0.978000,4.450000
122.308800,4.990000,0.978000,4.450000
122.355600,4.990000,0.978000,4.450000
122.406700,4.990000,0.978000,4.450000
122.460700,4.990000,0.978000,4.450000
122.507400,4.990000,0.978000,4.450000
122.558100,4.990000,0.978000,4.450000
122.612600,4.990000,0.978000,4.450000
122.658400,4.990000,0.978000,4.450000
122.709400,4.990000,0.978000,4.450000
122.763800,4.990000,0.978000,4.450000
122.810100,4.990000,0.978000,4.450000
122.860200,4.990000,0.978000,4.450000
122.914500,4.990000,0.978000,4.450000
122.960300,4.990000,0.978000,4.450000
123.010600,4.990000,0.978000,4.450000
123.064800,4.990000,0.978000,4.450000
123.111300,4.990000,0.978000,4.450000
123.161400,4.990000,0.978000,4.450000
123.215200,4.990000,0.978000,4.450000
123.261500,4.990000,0.978000,4.450000
123.311600,4.990000,0.978000,4.450000
123.365700,4.990000,0.978000,4.450000
123.411700,4.990000,0.978000,4.450000
123.462000,4.990000,0.978000,4.450000
123.516100,4.990000,0.978000,4.450000
123.562200,4.990000,0.978000,4.450000
123.612400,4.990000,0.978000,4.450000
123.667400,4.990000,0.978000,4.450000
123.713500,4.990000,0.978000,4.450000
123.763700,4.990000,0.978000,4.450000
123.817600,4.990000,0.978000,4.450000
123.864600,4.990000,0.978000,4.450000
123.914900,4.990000,0.978000,4.450000
123.968800,4.990000,0.978000,4.450000
124.015000,4.990000,0.978000,4.450000
124.065100,4.990000,0.978000,4.450000
124.118900,4.990000,0.978000,4.450000
124.165400,4.990000,0.978000,4.450000
124.216000,4.990000,0.978000,4.450000
124.266700,4.990000,0.978000,4.450000
124.317100,4.990000,0.978000,4.450000
124.367400,4.990000,0.978000,4.450000
124.421800,4.990000,0.978000,4.450000
124.468300,4.990000,0.978000,4.450000
124.518800,4.990000,0.978000,4.450000
124.572900,4.990000,0.978000,4.450000
124.619100,2.007661,0.978000,4.450000
124.669500,1.906701,0.978000,4.450000
124.724000,2.009031,0.978000,4.487100
124.769800,2.099055,0.978000,4.470263
124.820200,2.199844,0.978000,4.467264
124.875700,2.088836,0.978000,4.466825
124.921700,2.166977,0.978000,4.418262
124.972400,2.263481,0.978000,4.387346
125.025900,2.370514,0.978000,4.385379
125.072300,2.460864,0.978000,4.406925
125.123400,2.555398,0.978000,4.445596
125.177900,2.651838,0.978000,4.496288
125.224400,2.727468,0.978000,4.550585
125.275100,2.626080,0.978000,4.548502
125.329100,2.518139,0.978000,4.546286
125.375700,2.424935,0.978000,4.544372
125.426400,2.323629,0.978000,4.542291
125.480800,2.214862,0.978000,4.540057
125.528100,2.120185,0.978000,4.538113
125.578300,2.019756,0.978000,4.536050
125.632400,1.911618,0.978000,4.533829
125.678500,1.819449,0.978000,4.531936
125.729700,1.717094,0.978000,4.529833
125.783700,1.609196,0.978000,4.527617
125.830400,1.515703,0.978000,4.525697
125.880600,1.415418,0.978000,4.523638
125.935200,1.306120,0.978000,4.521393
125.981500,1.213544,0.978000,4.519492
126.031800,1.272055,0.978000,4.601267
126.086100,1.163607,0.978000,4.596501
126.133300,1.069287,0.978000,4.592356
126.183400,1.146675,0.978000,4.656096
126.233700,1.046269,0.978000,4.649857
126.283700,0.946572,0.978000,4.643661
126.333700,1.036588,0.978000,4.687209
126.388000,0.928283,0.978000,4.679197
126.434200,0.836038,0.978000,4.672373
126.484600,0.735492,0.978000,4.664935
126.538300,0.828616,0.978000,4.718281
126.584700,0.736248,0.978000,4.710017
126.634800,0.636378,0.978000,4.701082
126.689900,0.732379,0.978000,4.755072
126.735400,0.641744,0.978000,4.745545
126.785400,0.727892,0.978000,4.796175
126.835500,0.827539,0.978000,4.807189
126.885400,0.925819,0.978000,4.824727
126.935600,1.022081,0.978000,4.852939
126.989500,1.119819,0.978000,4.898593
127.036800,1.026119,0.978000,4.885816
127.087200,0.926366,0.978000,4.872214
127.141300,0.819130,0.978000,4.857592
127.187800,0.726938,0.978000,4.845020
127.238100,0.627315,0.978000,4.831436
127.288300,0.527802,0.978000,4.817866
127.338600,0.427990,0.978000,4.804256
127.388700,0.328774,0.978000,4.790727
127.442600,0.372599,0.978000,4.889216
127.488900,0.281314,0.978000,4.873447
127.539000,0.304240,0.978000,4.970857
127.592600,0.323910,0.978000,5.076340
127.639200,0.335759,0.978000,5.168731
127.689300,0.239364,0.978000,5.141082
127.743800,0.219492,0.978000,5.248142
127.790000,0.131722,0.978000,5.218825
127.840200,0.036490,0.978000,5.187016
127.895400,-0.068136,0.978000,5.152068
127.941400,-0.024863,0.978000,5.233200
127.991600,-0.119174,0.978000,5.198766
128.045900,-0.221307,0.978000,5.161477
128.092700,-0.309119,0.978000,5.129416
128.142900,-0.403415,0.978000,5.094988
128.196900,-0.353447,0.978000,5.190825
128.242900,-0.438585,0.978000,5.156104
128.293100,-0.531564,0.978000,5.118185
128.347100,-0.631537,0.978000,5.077415
128.393000,-0.568523,0.978000,5.144232
128.443400,-0.661003,0.978000,5.104142
128.497400,-0.760023,0.978000,5.061217
128.543400,-0.844523,0.978000,5.024587
128.593600,-0.936556,0.978000,4.984691
128.648000,-1.036379,0.978000,4.941419
128.693900,-1.120693,0.978000,4.904869
128.743900,-1.212475,0.978000,4.865081
128.797900,-1.311604,0.978000,4.822110
128.844200,-1.396508,0.978000,4.785305
128.894500,-1.488723,0.978000,4.745330
128.948000,-1.586978,0.978000,4.702737
128.994200,-1.671788,0.978000,4.665972
129.044600,-1.764216,0.978000,4.625905
129.094800,-1.764216,0.978000,4.625905
129.144600,4.990000,0.978000,4.450000
129.195900,4.990000,0.978000,4.450000
129.249500,4.990000,0.978000,4.450000
129.296500,4.990000,0.978000,4.450000
129.347100,4.990000,0.978000,4.450000
129.401500,4.990000,0.978000,4.450000
129.447500,4.990000,0.978000,4.450000
129.498300,4.990000,0.978000,4.450000
129.551900,4.990000,0.978000,4.450000
129.598600,4.990000,0.978000,4.450000
129.649000,4.990000,0.978000,4.450000
129.702900,4.990000,0.978000,4.450000
129.749100,4.990000,0.978000,4.450000
129.799100,4.990000,0.978000,4.450000
129.849400,4.990000,0.978000,4.450000
129.899300,4.990000,0.978000,4.450000
129.949400,4.990000,0.978000,4.450000
130.003500,4.990000,0.978000,4.450000
130.049800,4.990000,0.978000,4.450000
130.100400,4.990000,0.978000,4.450000
130.155300,4.990000,0.978000,4.450000
130.201600,4.990000,0.978000,4.450000
130.251700,4.990000,0.978000,4.450000
130.305800,4.990000,0.978000,4.450000
130.353100,4.990000,0.978000,4.450000
130.403700,4.990000,0.978000,4.450000
130.457900,4.990000,0.978000,4.450000
130.504300,4.990000,0.978000,4.450000
130.554400,4.990000,0.978000,4.450000
130.608900,4.990000,0.978000,4.450000
130.655000,4.990000,0.978000,4.450000
130.705200,4.990000,0.978000,4.450000
130.759800,4.990000,0.978000,4.450000
130.806000,4.990000,0.978000,4.450000
130.855800,4.990000,0.978000,4.450000
130.910100,4.990000,0.978000,4.450000
130.956000,4.990000,0.978000,4.450000
131.007000,4.990000,0.978000,4.450000
131.061200,4.990000,0.978000,4.450000
131.107200,4.990000,0.978000,4.450000
131.157400,4.990000,0.978000,4.450000
131.211300,4.990000,0.978000,4.450000
131.257600,4.990000,0.978000,4.450000
131.308100,4.990000,0.978000,4.450000
131.362000,4.990000,0.978000,4.450000
131.409400,4.990000,0.978000,4.450000
131.459600,4.990000,0.978000,4.450000
131.509600,4.990000,0.978000,4.450000
131.559700,4.990000,0.978000,4.450000
131.609900,4.990000,0.978000,4.450000
131.664600,4.990000,0.978000,4.450000
131.710600,4.990000,0.978000,4.450000
131.762000,4.990000,0.978000,4.450000
131.815800,4.990000,0.978000,4.450000
131.862500,4.990000,0.978000,4.450000
131.912900,4.990000,0.978000,4.450000
131.966800,4.990000,0.978000,4.450000
132.013100,4.990000,0.978000,4.450000
132.063000,4.990000,0.978000,4.450000
132.117000,4.990000,0.978000,4.450000
132.163800,4.990000,0.978000,4.450000
132.213800,4.990000,0.978000,4.450000
132.267600,4.990000,0.978000,4.450000
132.313900,4.990000,0.978000,4.450000
132.364700,4.990000,0.978000,4.450000
132.418700,4.990000,0.978000,4.450000
132.464800,4.990000,0.978000,4.450000
132.515600,4.990000,0.978000,4.450000
132.569800,4.990000,0.978000,4.450000
132.615800,4.990000,0.978000,4.450000
132.666000,4.990000,0.978000,4.450000
132.721100,4.990000,0.978000,4.450000
132.767800,4.990000,0.978000,4.450000
132.818100,4.990000,0.978000,4.450000
132.872700,4.990000,0.978000,4.450000
132.919500,4.990000,0.978000,4.450000
132.969300,4.990000,0.978000,4.450000
133.023100,4.990000,0.978000,4.450000
133.069900,4.990000,0.978000,4.450000
133.119800,4.990000,0.978000,4.450000
133.173900,4.990000,0.978000,4.450000
133.220000,4.990000,0.978000,4.450000
133.270100,4.990000,0.978000,4.450000
133.325200,4.990000,0.978000,4.450000
133.371600,4.990000,0.978000,4.450000
133.421800,4.990000,0.978000,4.450000
133.476100,4.990000,0.978000,4.450000
133.522600,4.990000,0.978000,4.450000
133.572700,4.990000,0.978000,4.450000
133.626500,4.990000,0.978000,4.450000
133.672700,4.990000,0.978000,4.450000
133.723300,4.990000,0.978000,4.450000
133.777200,4.990000,0.978000,4.450000
133.823400,4.990000,0.978000,4.450000
133.873800,4.990000,0.978000,4.450000
133.924600,4.990000,0.978000,4.450000
133.974700,4.990000,0.978000,4.450000
134.026300,4.990000,0.978000,4.450000
134.080000,4.990000,0.978000,4.450000
134.126100,4.990000,0.978000,4.450000
134.176300,4.990000,0.978000,4.450000
134.229900,4.990000,0.978000,4.450000
134.276200,4.990000,0.978000,4.450000
134.327300,4.990000,0.978000,4.450000
134.381700,4.990000,0.978000,4.450000
134.427700,4.990000,0.978000,4.450000
134.478300,4.990000,0.978000,4.450000
134.531700,4.990000,0.978000,4.450000
134.581800,4.990000,0.978000,4.450000
134.630300,4.990000,0.978000,4.450000
134.684400,4.990000,0.978000,4.450000
134.730200,4.990000,0.978000,4.450000
134.780600,4.990000,0.978000,4.450000
134.837200,4.990000,0.978000,4.450000
134.882500,4.990000,0.978000,4.450000
134.932100,4.990000,0.978000,4.450000
134.986800,4.990000,0.978000,4.450000
135.032900,4.990000,0.978000,4.450000
135.083500,4.990000,0.978000,4.450000
135.138200,4.990000,0.978000,4.450000
135.184000,4.990000,0.978000,4.450000
135.234700,4.990000,0.978000,4.450000
135.289600,4.990000,0.978000,4.450000
135.335400,4.990000,0.978000,4.450000
135.385600,4.990000,0.978000,4.450000
135.439700,4.990000,0.978000,4.450000
135.487200,4.990000,0.978000,4.450000
135.538100,4.990000,0.978000,4.450000
135.594800,4.990000,0.978000,4.450000
135.639500,4.990000,0.978000,4.450000
135.689500,4.990000,0.978000,4.450000
135.744400,4.990000,0.978000,4.450000
135.792100,4.990000,0.978000,4.450000
135.841700,4.990000,0.978000,4.450000
135.895800,4.990000,0.978000,4.450000
135.942200,4.990000,0.978000,4.450000
135.994400,4.990000,0.978000,4.450000
136.049000,4.990000,0.978000,4.450000
136.095100,4.990000,0.978000,4.450000
136.145900,4.990000,0.978000,4.450000
136.197000,4.990000,0.978000,4.450000
136.246700,4.990000,0.978000,4.450000
136.296300,4.990000,0.978000,4.450000
136.351700,4.990000,0.978000,4.450000
136.398500,4.990000,0.978000,4.450000
136.449100,4.990000,0.978000,4.450000
136.503700,4.990000,0.978000,4.450000
136.549400,4.990000,0.978000,4.450000
136.601600,4.990000,0.978000,4.450000
136.657300,4.990000,0.978000,4.450000
136.703700,4.990000,0.978000,4.450000
136.754300,4.990000,0.978000,4.450000
136.808600,4.990000,0.978000,4.450000
136.854600,4.990000,0.978000,4.450000
136.906300,4.990000,0.978000,4.450000
136.960200,4.990000,0.978000,4.450000
137.006500,4.990000,0.978000,4.450000
137.056900,4.990000,0.978000,4.450000
137.107700,4.990000,0.978000,4.450000
137.158500,4.990000,0.978000,4.450000
137.208300,4.990000,0.978000,4.450000
137.262200,4.990000,0.978000,4.450000
137.308200,4.990000,0.978000,4.450000
137.358400,4.990000,0.978000,4.450000
137.413000,4.990000,0.978000,4.450000
137.459400,4.990000,0.978000,4.450000
137.511700,4.990000,0.978000,4.450000
137.565200,4.990000,0.978000,4.450000
137.611000,4.990000,0.978000,4.450000
137.660100,4.990000,0.978000,4.450000
137.711700,4.990000,0.978000,4.450000
137.762000,4.990000,0.978000,4.450000
137.812200,4.990000,0.978000,4.450000
137.863300,4.990000,0.978000,4.450000
137.917600,4.990000,0.978000,4.450000
137.963700,4.990000,0.978000,4.450000
138.013800,4.990000,0.978000,4.450000
138.067400,4.990000,0.978000,4.450000
138.113800,4.990000,0.978000,4.450000
138.164300,4.990000,0.978000,4.450000
138.218600,4.990000,0.978000,4.450000
138.266200,4.990000,0.978000,4.450000
138.316000,4.990000,0.978000,4.450000
138.371200,4.990000,0.978000,4.450000
138.417100,4.990000,0.978000,4.450000
138.468400,4.990000,0.978000,4.450000
138.523300,4.990000,0.978000,4.450000
138.568700,4.990000,0.978000,4.450000
138.619300,4.990000,0.978000,4.450000
138.672600,4.990000,0.978000,4.450000
138.719300,4.990000,0.978000,4.450000
138.769900,4.990000,0.978000,4.450000
138.820500,4.990000,0.978000,4.450000
138.870700,4.990000,0.978000,4.450000
138.921800,4.990000,0.978000,4.450000
138.976200,4.990000,0.978000,4.450000
139.022300,4.990000,0.978000,4.450000
139.073400,4.990000,0.978000,4.450000
139.129200,4.990000,0.978000,4.450000
139.175600,4.990000,0.978000,4.450000
139.225800,4.990000,0.978000,4.450000
139.280500,4.990000,0.978000,4.450000
139.327100,4.990000,0.978000,4.450000
139.377300,4.990000,0.978000,4.450000
139.431400,4.990000,0.978000,4.450000
139.478100,4.990000,0.978000,4.450000
139.528800,4.990000,0.978000,4.450000
139.579500,4.990000,0.978000,4.450000
139.630300,4.990000,0.978000,4.450000
139.681000,4.990000,0.978000,4.450000
139.734900,4.990000,0.978000,4.450000
139.781100,4.990000,0.978000,4.450000
139.831300,4.990000,0.978000,4.450000
139.885400,4.990000,0.978000,4.450000
139.931300,4.990000,0.978000,4.450000
139.982400,4.990000,0.978000,4.450000
140.036300,4.990000,0.978000,4.450000
140.083600,4.990000,0.978000,4.450000
140.133700,4.990000,0.978000,4.450000
140.187700,4.990000,0.978000,4.450000
140.234200,4.990000,0.978000,4.450000
140.285300,4.990000,0.978000,4.450000
140.339800,4.990000,0.978000,4.450000
140.386300,4.990000,0.978000,4.450000
140.436700,4.990000,0.978000,4.450000
140.491300,4.990000,0.978000,4.450000
140.537900,4.990000,0.978000,4.450000
140.588300,4.990000,0.978000,4.450000
140.642700,4.990000,0.978000,4.450000
140.688800,4.990000,0.978000,4.450000
140.739000,4.990000,0.978000,4.450000
140.793400,4.990000,0.978000,4.450000
140.840100,4.990000,0.978000,4.450000
140.891200,4.990000,0.978000,4.450000
140.945600,4.990000,0.978000,4.450000
140.991600,4.990000,0.978000,4.450000
141.042500,4.990000,0.978000,4.450000
141.097400,4.990000,0.978000,4.450000
141.143400,4.990000,0.978000,4.450000
141.193700,4.990000,0.978000,4.450000
141.249400,4.990000,0.978000,4.450000
141.295400,4.990000,0.978000,4.450000
141.345800,4.990000,0.978000,4.450000
141.400100,4.990000,0.978000,4.450000
141.446800,4.990000,0.978000,4.450000
141.498100,4.990000,0.978000,4.450000
141.548900,4.990000,0.978000,4.450000
141.598700,4.990000,0.978000,4.450000
141.649500,4.990000,0.978000,4.450000
141.703800,4.990000,0.978000,4.450000
141.751200,4.990000,0.978000,4.450000
141.801600,4.990000,0.978000,4.450000
141.856400,4.990000,0.978000,4.450000
141.902500,4.990000,0.978000,4.450000
141.953600,4.990000,0.978000,4.450000
142.007600,4.990000,0.978000,4.450000
142.054600,4.990000,0.978000,4.450000
142.106000,4.990000,0.978000,4.450000
142.156200,4.990000,0.978000,4.450000
142.206000,4.990000,0.978000,4.450000
142.256300,4.990000,0.978000,4.450000
142.311200,4.990000,0.978000,4.450000
142.356900,4.990000,0.978000,4.450000
142.407300,4.990000,0.978000,4.450000
142.461800,4.990000,0.978000,4.450000
142.508100,4.990000,0.978000,4.450000
142.558100,4.990000,0.978000,4.450000
142.613000,4.990000,0.978000,4.450000
142.659100,4.990000,0.978000,4.450000
142.709900,4.990000,0.978000,4.450000
142.760100,4.990000,0.978000,4.450000
142.810100,4.990000,0.978000,4.450000
142.860000,4.990000,0.978000,4.450000
142.915000,4.990000,0.978000,4.450000
142.961600,4.990000,0.978000,4.450000
143.011700,4.990000,0.978000,4.450000
143.065500,4.990000,0.978000,4.450000
143.111800,4.990000,0.978000,4.450000
143.162700,4.990000,0.978000,4.450000
143.218000,4.990000,0.978000,4.450000
143.265300,4.990000,0.978000,4.450000
143.315600,4.990000,0.978000,4.450000
143.366400,4.990000,0.978000,4.450000
143.416900,4.990000,0.978000,4.450000
143.467300,4.990000,0.978000,4.450000
143.522200,4.990000,0.978000,4.450000
143.568200,4.990000,0.978000,4.450000
143.618100,4.990000,0.978000,4.450000
143.672800,4.990000,0.978000,4.450000
143.719300,4.990000,0.978000,4.450000
143.769000,4.990000,0.978000,4.450000
143.823300,4.990000,0.978000,4.450000
143.869100,4.990000,0.978000,4.450000
143.919200,4.990000,0.978000,4.450000
143.973300,4.990000,0.978000,4.450000
144.019800,4.990000,0.978000,4.450000
144.069800,4.990000,0.978000,4.450000
144.120100,4.990000,0.978000,4.450000
144.170100,4.990000,0.978000,4.450000
144.220200,4.990000,0.978000,4.450000
144.275400,4.990000,0.978000,4.450000
144.321400,4.990000,0.978000,4.450000
144.371700,4.990000,0.978000,4.450000
144.425500,4.990000,0.978000,4.450000
144.472400,4.990000,0.978000,4.450000
144.523700,4.990000,0.978000,4.450000
144.578000,4.990000,0.978000,4.450000
144.624900,4.990000,0.978000,4.450000
144.675700,4.990000,0.978000,4.450000
144.729900,4.990000,0.978000,4.450000
144.776000,4.990000,0.978000,4.450000
144.826200,4.990000,0.978000,4.450000
144.880500,4.990000,0.978000,4.450000
144.927600,4.990000,0.978000,4.450000
144.978000,4.990000,0.978000,4.450000
145.032500,4.990000,0.978000,4.450000
145.079300,4.990000,0.978000,4.450000
145.130200,4.990000,0.978000,4.450000
145.184100,4.990000,0.978000,4.450000
145.231200,4.990000,0.978000,4.450000
145.282000,4.990000,0.978000,4.450000
145.336600,4.990000,0.978000,4.450000
145.383100,4.990000,0.978000,4.450000
145.433800,4.990000,0.978000,4.450000
145.487500,4.990000,0.978000,4.450000
145.534300,4.990000,0.978000,4.450000
145.584400,4.990000,0.978000,4.450000
145.639300,4.990000,0.978000,4.450000
145.685900,4.990000,0.978000,4.450000
145.736100,4.990000,0.978000,4.450000
145.790700,4.990000,0.978000,4.450000
145.837700,4.990000,0.978000,4.450000
145.887700,4.990000,0.978000,4.450000
145.942000,4.990000,0.978000,4.450000
145.988300,4.990000,0.978000,4.450000
146.038700,4.990000,0.978000,4.450000
146.093200,4.990000,0.978000,4.450000
146.139000,4.990000,0.978000,4.450000
146.189500,4.990000,0.978000,4.450000
146.240500,4.990000,0.978000,4.450000
146.291600,4.990000,0.978000,4.450000
146.341700,4.990000,0.978000,4.450000
146.395800,4.990000,0.978000,4.450000
146.442500,4.990000,0.978000,4.450000
146.493000,4.990000,0.978000,4.450000
146.547800,4.990000,0.978000,4.450000
146.595100,4.990000,0.978000,4.450000
146.645800,4.990000,0.978000,4.450000
146.699900,4.990000,0.978000,4.450000
146.745900,4.990000,0.978000,4.450000
146.796200,4.990000,0.978000,4.450000
146.850900,4.990000,0.978000,4.450000
146.896900,4.990000,0.978000,4.450000
146.947600,4.990000,0.978000,4.450000
147.002800,4.990000,0.978000,4.450000
147.048500,4.990000,0.978000,4.450000
147.099100,4.990000,0.978000,4.450000
147.153700,4.990000,0.978000,4.450000
147.199700,4.990000,0.978000,4.450000
147.250000,4.990000,0.978000,4.450000
147.304200,4.990000,0.978000,4.450000
147.351500,4.990000,0.978000,4.450000
147.401800,4.990000,0.978000,4.450000
147.455800,4.990000,0.978000,4.450000
147.502500,4.990000,0.978000,4.450000
147.552900,4.990000,0.978000,4.450000
147.607300,4.990000,0.978000,4.450000
147.653700,4.990000,0.978000,4.450000
147.704600,4.990000,0.978000,4.450000
147.755100,4.990000,0.978000,4.450000
147.804900,4.990000,0.978000,4.450000
147.855100,4.990000,0.978000,4.450000
147.909300,4.990000,0.978000,4.450000
147.956000,4.990000,0.978000,4.450000
148.007400,4.990000,0.978000,4.450000
148.062400,4.990000,0.978000,4.450000
148.108100,4.990000,0.978000,4.450000
148.158400,4.990000,0.978000,4.450000
148.212600,4.990000,0.978000,4.450000
148.258700,4.990000,0.978000,4.450000
148.309200,4.990000,0.978000,4.450000
148.364500,4.990000,0.978000,4.450000
148.411100,4.990000,0.978000,4.450000
148.461600,4.990000,0.978000,4.450000
148.511700,4.990000,0.978000,4.450000
148.562300,4.990000,0.978000,4.450000
148.613500,4.990000,0.978000,4.450000
148.667900,4.990000,0.978000,4.450000
148.714500,4.990000,0.978000,4.450000
148.765300,4.990000,0.978000,4.450000
148.819700,4.990000,0.978000,4.450000
148.866300,4.990000,0.978000,4.450000
148.916700,4.990000,0.978000,4.450000
148.967100,4.990000,0.978000,4.450000
149.016900,4.990000,0.978000,4.450000
149.067000,4.990000,0.978000,4.450000
149.121400,4.990000,0.978000,4.450000
149.168900,4.990000,0.978000,4.450000
149.219400,4.990000,0.978000,4.450000
149.274400,4.990000,0.978000,4.450000
149.320100,4.990000,0.978000,4.450000
149.371400,4.990000,0.978000,4.450000
149.426800,4.990000,0.978000,4.450000
149.471700,4.990000,0.978000,4.450000
149.521800,4.990000,0.978000,4.450000
149.572600,4.990000,0.978000,4.450000
149.624200,4.990000,0.978000,4.450000
149.676000,4.990000,0.978000,4.450000
149.730000,4.990000,0.978000,4.450000
149.780000,4.990000,0.978000,4.450000
149.829700,4.990000,0.978000,4.450000
149.880100,4.990000,0.978000,4.450000
149.926600,4.990000,0.978000,4.450000
149.976900,4.990000,0.978000,4.450000
150.027600,4.990000,0.978000,4.450000
150.081600,4.990000,0.978000,4.450000
150.127600,4.990000,0.978000,4.450000
150.178700,4.990000,0.978000,4.450000
150.232500,4.990000,0.978000,4.450000
150.279200,4.990000,0.978000,4.450000
150.329600,4.990000,0.978000,4.450000
150.383400,4.990000,0.978000,4.450000
150.429800,4.990000,0.978000,4.450000
150.480000,4.990000,0.978000,4.450000
150.534900,4.990000,0.978000,4.450000
150.580200,4.990000,0.978000,4.450000
150.631500,4.990000,0.978000,4.450000
150.681800,4.990000,0.978000,4.450000
150.731900,4.990000,0.978000,4.450000
150.782900,4.990000,0.978000,4.450000
150.837500,4.990000,0.978000,4.450000
150.885500,4.990000,0.978000,4.450000
150.934700,4.990000,0.978000,4.450000
150.988900,4.990000,0.978000,4.450000
151.034400,4.990000,0.978000,4.450000
151.084700,4.990000,0.978000,4.450000
151.139100,4.990000,0.978000,4.450000
151.185800,4.990000,0.978000,4.450000
151.236600,4.990000,0.978000,4.450000
151.292100,4.990000,0.978000,4.450000
151.337600,4.990000,0.978000,4.450000
151.388000,4.990000,0.978000,4.450000
151.445200,4.990000,0.978000,4.450000
151.488700,4.990000,0.978000,4.450000
151.539700,4.990000,0.978000,4.450000
151.594200,4.990000,0.978000,4.450000
151.640300,4.990000,0.978000,4.450000
151.690700,4.990000,0.978000,4.450000
151.745000,4.990000,0.978000,4.450000
151.791300,4.990000,0.978000,4.450000
151.841800,4.990000,0.978000,4.450000
151.892800,4.990000,0.978000,4.450000
151.942900,4.990000,0.978000,4.450000
151.992800,4.990000,0.978000,4.450000
152.047500,4.990000,0.978000,4.450000
152.093700,4.990000,0.978000,4.450000
152.143800,4.990000,0.978000,4.450000
152.198100,4.990000,0.978000,4.450000
152.244900,4.990000,0.978000,4.450000
152.295300,4.990000,0.978000,4.450000
152.349400,4.990000,0.978000,4.450000
152.396200,4.990000,0.978000,4.450000
152.446900,4.990000,0.978000,4.450000
152.500900,4.990000,0.978000,4.450000
152.547100,4.990000,0.978000,4.450000
152.597400,4.990000,0.978000,4.450000
152.653000,4.990000,0.978000,4.450000
152.698300,4.990000,0.978000,4.450000
152.748500,4.990000,0.978000,4.450000
152.802800,4.990000,0.978000,4.450000
152.848400,4.990000,0.978000,4.450000
152.898200,4.990000,0.978000,4.450000
152.949100,4.990000,0.978000,4.450000
153.003500,4.990000,0.978000,4.450000
153.049200,4.990000,0.978000,4.450000
153.099500,4.990000,0.978000,4.450000
153.153100,4.990000,0.978000,4.450000
153.200200,4.990000,0.978000,4.450000
153.250500,4.990000,0.978000,4.450000
153.305300,4.990000,0.978000,4.450000
153.351600,4.990000,0.978000,4.450000
153.401900,4.990000,0.978000,4.450000
153.456400,4.990000,0.978000,4.450000
153.502500,4.990000,0.978000,4.450000
153.553300,4.990000,0.978000,4.450000
153.607900,4.990000,0.978000,4.450000
153.654400,4.990000,0.978000,4.450000
153.704600,4.990000,0.978000,4.450000
153.759000,4.990000,0.978000,4.450000
153.805900,4.990000,0.978000,4.450000
153.856200,4.990000,0.978000,4.450000
153.910000,4.990000,0.978000,4.450000
153.956300,4.990000,0.978000,4.450000
154.006900,4.990000,0.978000,4.450000
154.060600,4.990000,0.978000,4.450000
154.106600,4.990000,0.978000,4.450000
154.157400,4.990000,0.978000,4.450000
154.208200,4.990000,0.978000,4.450000
154.258800,4.990000,0.978000,4.450000
154.308900,4.990000,0.978000,4.450000
154.362900,4.990000,0.978000,4.450000
154.410000,4.990000,0.978000,4.450000
154.461300,4.990000,0.978000,4.450000
154.515700,4.990000,0.978000,4.450000
154.561800,4.990000,0.978000,4.450000
154.612700,4.990000,0.978000,4.450000
154.666900,4.990000,0.978000,4.450000
154.713500,4.990000,0.978000,4.450000
154.763800,4.990000,0.978000,4.450000
154.815000,4.990000,0.978000,4.450000
154.866000,4.990000,0.978000,4.450000
154.916200,4.990000,0.978000,4.450000
154.974000,4.990000,0.978000,4.450000
155.017400,4.990000,0.978000,4.450000
155.067600,4.990000,0.978000,4.450000
155.121700,4.990000,0.978000,4.450000
155.168000,4.990000,0.978000,4.450000
155.217900,4.990000,0.978000,4.450000
155.272800,4.990000,0.978000,4.450000
155.319200,4.990000,0.978000,4.450000
155.369600,4.990000,0.978000,4.450000
155.424300,4.990000,0.978000,4.450000
155.471300,4.990000,0.978000,4.450000
155.522200,4.990000,0.978000,4.450000
155.572200,4.990000,0.978000,4.450000
155.622100,4.990000,0.978000,4.450000
155.673600,4.990000,0.978000,4.450000
155.727500,4.990000,0.978000,4.450000
155.774700,4.990000,0.978000,4.450000
155.824600,4.990000,0.978000,4.450000
155.878900,4.990000,0.978000,4.450000
155.926000,4.990000,0.978000,4.450000
155.975800,4.990000,0.978000,4.450000
156.030300,4.990000,0.978000,4.450000
156.075900,4.990000,0.978000,4.450000
156.126400,4.990000,0.978000,4.450000
156.180200,4.990000,0.978000,4.450000
156.227300,4.990000,0.978000,4.450000
156.278700,4.990000,0.978000,4.450000
156.333300,4.990000,0.978000,4.450000
156.379200,4.990000,0.978000,4.450000
156.430200,4.990000,0.978000,4.450000
156.484000,4.990000,0.978000,4.450000
156.530500,4.990000,0.978000,4.450000
156.581400,4.990000,0.978000,4.450000
156.635500,4.990000,0.978000,4.450000
156.682300,4.990000,0.978000,4.450000
156.732600,4.990000,0.978000,4.450000
156.786700,4.990000,0.978000,4.450000
156.832700,4.990000,0.978000,4.450000
156.883800,4.990000,0.978000,4.450000
156.934300,4.990000,0.978000,4.450000
156.984300,4.990000,0.978000,4.450000
157.034500,4.990000,0.978000,4.450000
157.088800,4.990000,0.978000,4.450000
157.134900,4.990000,0.978000,4.450000
157.185500,4.990000,0.978000,4.450000
157.239800,4.990000,0.978000,4.450000
157.286600,4.990000,0.978000,4.450000
157.336900,4.990000,0.978000,4.450000
157.391900,4.990000,0.978000,4.450000
157.438100,4.990000,0.978000,4.450000
157.488100,4.990000,0.978000,4.450000
157.542100,4.990000,0.978000,4.450000
157.588100,4.990000,0.978000,4.450000
157.639000,4.990000,0.978000,4.450000
157.693000,4.990000,0.978000,4.450000
157.739600,4.990000,0.978000,4.450000
157.790200,4.990000,0.978000,4.450000
157.844200,4.990000,0.978000,4.450000
157.891300,4.990000,0.978000,4.450000
157.941300,4.990000,0.978000,4.450000
157.991400,4.990000,0.978000,4.450000
158.041400,4.990000,0.978000,4.450000
158.091700,4.990000,0.978000,4.450000
158.145700,4.990000,0.978000,4.450000
158.192300,4.990000,0.978000,4.450000
158.242700,4.990000,0.978000,4.450000
158.297000,4.990000,0.978000,4.450000
158.342600,4.990000,0.978000,4.450000
158.393500,4.990000,0.978000,4.450000
158.447900,4.990000,0.978000,4.450000
158.494600,4.990000,0.978000,4.450000
158.544900,4.990000,0.978000,4.450000
158.600700,4.990000,0.978000,4.450000
158.646000,4.990000,0.978000,4.450000
158.696000,4.990000,0.978000,4.450000
158.749800,4.990000,0.978000,4.450000
158.796100,4.990000,0.978000,4.450000
158.846100,4.990000,0.978000,4.450000
158.897200,4.990000,0.978000,4.450000
158.947500,4.990000,0.978000,4.450000
158.998400,4.990000,0.978000,4.450000
159.052700,4.990000,0.978000,4.450000
159.099500,4.990000,0.978000,4.450000
159.149600,4.990000,0.978000,4.450000
159.204700,4.990000,0.978000,4.450000
159.250400,4.990000,0.978000,4.450000
159.300600,4.990000,0.978000,4.450000
159.355800,4.990000,0.978000,4.450000
159.402500,4.990000,0.978000,4.450000
159.453000,4.990000,0.978000,4.450000
159.511100,4.990000,0.978000,4.450000
159.555000,4.990000,0.978000,4.450000
159.605800,4.990000,0.978000,4.450000
159.660100,4.990000,0.978000,4.450000
159.706700,4.990000,0.978000,4.450000
159.757100,4.990000,0.978000,4.450000
159.812100,4.990000,0.978000,4.450000
159.858100,4.990000,0.978000,4.450000
159.909100,4.990000,0.978000,4.450000
159.963700,4.990000,0.978000,4.450000
160.010100,4.990000,0.978000,4.450000
160.061000,4.990000,0.978000,4.450000
160.115900,4.990000,0.978000,4.450000
160.162600,4.990000,0.978000,4.450000
160.212800,4.990000,0.978000,4.450000
160.267500,4.990000,0.978000,4.450000
160.313600,4.990000,0.978000,4.450000
160.364800,4.990000,0.978000,4.450000
160.419100,4.990000,0.978000,4.450000
160.465700,4.990000,0.978000,4.450000
160.516400,4.990000,0.978000,4.450000
160.571800,4.990000,0.978000,4.450000
160.617200,4.990000,0.978000,4.450000
160.668000,4.990000,0.978000,4.450000
160.722800,4.990000,0.978000,4.450000
160.769200,4.990000,0.978000,4.450000
160.819800,4.990000,0.978000,4.450000
160.873900,4.990000,0.978000,4.450000
160.920700,4.990000,0.978000,4.450000
160.970900,4.990000,0.978000,4.450000
161.021300,4.990000,0.978000,4.450000
161.071700,4.990000,0.978000,4.450000
161.121600,4.990000,0.978000,4.450000
161.176400,4.990000,0.978000,4.450000
161.222700,4.990000,0.978000,4.450000
161.273200,4.990000,0.978000,4.450000
161.327500,4.990000,0.978000,4.450000
161.373700,4.990000,0.978000,4.450000
161.424600,4.990000,0.978000,4.450000
161.479600,4.990000,0.978000,4.450000
161.526000,4.990000,0.978000,4.450000
161.577000,4.990000,0.978000,4.450000
161.630900,4.990000,0.978000,4.450000
161.677200,4.990000,0.978000,4.450000
161.727500,4.990000,0.978000,4.450000
161.778100,4.990000,0.978000,4.450000
161.828300,4.990000,0.978000,4.450000
161.878900,4.990000,0.978000,4.450000
161.933400,4.990000,0.978000,4.450000
161.980000,4.990000,0.978000,4.450000
162.030200,4.990000,0.978000,4.450000
162.085500,4.990000,0.978000,4.450000
162.131500,4.990000,0.978000,4.450000
162.182400,4.990000,0.978000,4.450000
162.237800,4.990000,0.978000,4.450000
162.284200,4.990000,0.978000,4.450000
162.334900,4.990000,0.978000,4.450000
162.389600,4.990000,0.978000,4.450000
162.436500,4.990000,0.978000,4.450000
162.487400,4.990000,0.978000,4.450000
162.541300,4.990000,0.978000,4.450000
162.588900,4.990000,0.978000,4.450000
162.639400,4.990000,0.978000,4.450000
162.693400,4.990000,0.978000,4.450000
162.740300,4.990000,0.978000,4.450000
162.790300,4.990000,0.978000,4.450000
162.845000,4.990000,0.978000,4.450000
162.891300,4.990000,0.978000,4.450000
162.941400,4.990000,0.978000,4.450000
162.995300,4.990000,0.978000,4.450000
163.042100,4.990000,0.978000,4.450000
163.092600,4.990000,0.978000,4.450000
163.143200,4.990000,0.978000,4.450000
163.193900,4.990000,0.978000,4.450000
163.245200,4.990000,0.978000,4.450000
163.299600,4.990000,0.978000,4.450000
163.346100,4.990000,0.978000,4.450000
163.396200,4.990000,0.978000,4.450000
163.450200,4.990000,0.978000,4.450000
163.496600,4.990000,0.978000,4.450000
163.547100,4.990000,0.978000,4.450000
163.601800,4.990000,0.978000,4.450000
163.648100,4.990000,0.978000,4.450000
163.698800,4.990000,0.978000,4.450000
163.749100,4.990000,0.978000,4.450000
163.798900,4.990000,0.978000,4.450000
163.849000,4.990000,0.978000,4.450000
163.903700,4.990000,0.978000,4.450000
163.950100,4.990000,0.978000,4.450000
164.000800,4.990000,0.978000,4.450000
164.054900,4.990000,0.978000,4.450000
164.100600,4.990000,0.978000,4.450000
164.157900,4.990000,0.978000,4.450000
164.208800,4.990000,0.978000,4.450000
164.253200,4.990000,0.978000,4.450000
164.303500,4.990000,0.978000,4.450000
164.358400,4.990000,0.978000,4.450000
164.409200,4.990000,0.978000,4.450000
164.461500,4.990000,0.978000,4.450000
164.511000,4.990000,0.978000,4.450000
164.557500,4.990000,0.978000,4.450000
164.607300,4.990000,0.978000,4.450000
164.656800,4.990000,0.978000,4.450000
164.706800,4.990000,0.978000,4.450000
164.761100,4.990000,0.978000,4.450000
164.807600,4.990000,0.978000,4.450000
164.857900,4.990000,0.978000,4.450000
164.913500,4.990000,0.978000,4.450000
164.960900,4.990000,0.978000,4.450000
165.010700,4.990000,0.978000,4.450000
165.065500,4.990000,0.978000,4.450000
165.111600,4.990000,0.978000,4.450000
165.162700,4.990000,0.978000,4.450000
165.216400,4.990000,0.978000,4.450000
165.262900,4.990000,0.978000,4.450000
165.314300,4.990000,0.978000,4.450000
165.368300,4.990000,0.978000,4.450000
165.414300,4.990000,0.978000,4.450000
165.465400,4.990000,0.978000,4.450000
165.515800,4.990000,0.978000,4.450000
165.565800,4.990000,0.978000,4.450000
165.616800,4.990000,0.978000,4.450000
165.671200,4.990000,0.978000,4.450000
165.718500,4.990000,0.978000,4.450000
165.768400,4.990000,0.978000,4.450000
165.822300,4.990000,0.978000,4.450000
165.869200,4.990000,0.978000,4.450000
165.919600,4.990000,0.978000,4.450000
165.974100,4.990000,0.978000,4.450000
166.020100,4.990000,0.978000,4.450000
166.073200,4.990000,0.978000,4.450000
166.127200,4.990000,0.978000,4.450000
166.172300,4.990000,0.978000,4.450000
166.222700,4.990000,0.978000,4.450000
166.273300,4.990000,0.978000,4.450000
166.323100,4.990000,0.978000,4.450000
166.373100,4.990000,0.978000,4.450000
166.424200,4.990000,0.978000,4.450000
166.478900,4.990000,0.978000,4.450000
166.526300,4.990000,0.978000,4.450000
166.576100,4.990000,0.978000,4.450000
166.630400,4.990000,0.978000,4.450000
166.677200,4.990000,0.978000,4.450000
166.728100,4.990000,0.978000,4.450000
166.782900,4.990000,0.978000,4.450000
166.828600,4.990000,0.978000,4.450000
166.879400,4.990000,0.978000,4.450000
166.933300,4.990000,0.978000,4.450000
166.979300,4.990000,0.978000,4.450000
167.031600,4.990000,0.978000,4.450000
167.084100,4.990000,0.978000,4.450000
167.130800,4.990000,0.978000,4.450000
167.181100,4.990000,0.978000,4.450000
167.231900,4.990000,0.978000,4.450000
167.281900,4.990000,0.978000,4.450000
167.332600,4.990000,0.978000,4.450000
167.382500,4.990000,0.978000,4.450000
167.438300,4.990000,0.978000,4.450000
167.484100,4.990000,0.978000,4.450000
167.533900,4.990000,0.978000,4.450000
167.589100,4.990000,0.978000,4.450000
167.635200,4.990000,0.978000,4.450000
167.686100,4.990000,0.978000,4.450000
167.739800,4.990000,0.978000,4.450000
167.786700,4.990000,0.978000,4.450000
167.837400,4.990000,0.978000,4.450000
167.888400,4.990000,0.978000,4.450000
167.938200,4.990000,0.978000,4.450000
167.988900,4.990000,0.978000,4.450000
168.043800,4.990000,0.978000,4.450000
168.089900,4.990000,0.978000,4.450000
168.140100,4.990000,0.978000,4.450000
168.195900,4.990000,0.978000,4.450000
168.242100,4.990000,0.978000,4.450000
168.293600,4.990000,0.978000,4.450000
168.344300,4.990000,0.978000,4.450000
168.395000,4.990000,0.978000,4.450000
168.445400,4.990000,0.978000,4.450000
168.499700,4.990000,0.978000,4.450000
168.546900,4.990000,0.978000,4.450000
168.597300,4.990000,0.978000,4.450000
168.655400,4.990000,0.978000,4.450000
168.700100,4.990000,0.978000,4.450000
168.749400,4.990000,0.978000,4.450000
168.805100,4.990000,0.978000,4.450000
168.852100,4.990000,0.978000,4.450000
168.902700,4.990000,0.978000,4.450000
168.957900,4.990000,0.978000,4.450000
169.003800,4.990000,0.978000,4.450000
169.054400,4.990000,0.978000,4.450000
169.104200,4.990000,0.978000,4.450000
169.154500,4.990000,0.978000,4.450000
169.207200,4.990000,0.978000,4.450000
169.260100,4.990000,0.978000,4.450000
169.310900,4.990000,0.978000,4.450000
169.357500,4.990000,0.978000,4.450000
169.412500,4.990000,0.978000,4.450000
169.458000,4.990000,0.978000,4.450000
169.511200,4.990000,0.978000,4.450000
169.564300,4.990000,0.978000,4.450000
169.611000,4.990000,0.978000,4.450000
169.660200,4.990000,0.978000,4.450000
169.710400,4.990000,0.978000,4.450000
169.762700,4.990000,0.978000,4.450000
169.811400,4.990000,0.978000,4.450000
169.861200,4.990000,0.978000,4.450000
169.916600,4.990000,0.978000,4.450000
169.963500,4.990000,0.978000,4.450000
170.014200,4.990000,0.978000,4.450000
170.068100,4.990000,0.978000,4.450000
170.114100,4.990000,0.978000,4.450000
170.164600,4.990000,0.978000,4.450000
170.219300,4.990000,0.978000,4.450000
170.265300,4.990000,0.978000,4.450000
170.315400,4.990000,0.978000,4.450000
170.366900,4.990000,0.978000,4.450000
170.417000,4.990000,0.978000,4.450000
170.466900,4.990000,0.978000,4.450000
170.523900,4.990000,0.978000,4.450000
170.568000,4.990000,0.978000,4.450000
170.618000,4.990000,0.978000,4.450000
170.673700,4.990000,0.978000,4.450000
170.719400,4.990000,0.978000,4.450000
170.772800,4.990000,0.978000,4.450000
170.824300,4.990000,0.978000,4.450000
170.870400,4.990000,0.978000,4.450000
170.920800,4.990000,0.978000,4.450000
170.972300,4.990000,0.978000,4.450000
171.022100,4.990000,0.978000,4.450000
171.072800,4.990000,0.978000,4.450000
171.129900,4.990000,0.978000,4.450000
171.178400,4.990000,0.978000,4.450000
171.224300,4.990000,0.978000,4.450000
171.275700,4.990000,0.978000,4.450000
171.326000,4.990000,0.978000,4.450000
171.381000,4.990000,0.978000,4.450000
171.427700,4.990000,0.978000,4.450000
171.477200,4.990000,0.978000,4.450000
171.531200,4.990000,0.978000,4.450000
171.578000,4.990000,0.978000,4.450000
171.628200,4.990000,0.978000,4.450000
171.682100,4.990000,0.978000,4.450000
171.727300,4.990000,0.978000,4.450000
171.777800,4.990000,0.978000,4.450000
171.829600,4.990000,0.978000,4.450000
171.883800,4.990000,0.978000,4.450000
171.929200,4.990000,0.978000,4.450000
171.979400,4.990000,0.978000,4.450000
172.029300,4.990000,0.978000,4.450000
172.085400,4.990000,0.978000,4.450000
172.132100,4.990000,0.978000,4.450000
172.182200,4.990000,0.978000,4.450000
172.236600,4.990000,0.978000,4.450000
172.282700,4.990000,0.978000,4.450000
172.333200,4.990000,0.978000,4.450000
172.383500,4.990000,0.978000,4.450000
172.433000,4.990000,0.978000,4.450000
172.483600,4.990000,0.978000,4.450000
172.537900,4.990000,0.978000,4.450000
172.584200,4.990000,0.978000,4.450000
172.634600,4.990000,0.978000,4.450000
172.690200,4.990000,0.978000,4.450000
172.736200,4.990000,0.978000,4.450000
172.786700,4.990000,0.978000,4.450000
172.841000,4.990000,0.978000,4.450000
172.886700,4.990000,0.978000,4.450000
172.936800,4.990000,0.978000,4.450000
172.991300,4.990000,0.978000,4.450000
173.037400,4.990000,0.978000,4.450000
173.087500,4.990000,0.978000,4.450000
173.138600,4.990000,0.978000,4.450000
173.188800,4.990000,0.978000,4.450000
173.239500,4.990000,0.978000,4.450000
173.293900,4.990000,0.978000,4.450000
173.340600,4.990000,0.978000,4.450000
173.390700,4.990000,0.978000,4.450000
173.446300,4.990000,0.978000,4.450000
173.491800,4.990000,0.978000,4.450000
173.541900,4.990000,0.978000,4.450000
173.596600,4.990000,0.978000,4.450000
173.643200,4.990000,0.978000,4.450000
173.693600,4.990000,0.978000,4.450000
173.743700,4.990000,0.978000,4.450000
173.794800,4.990000,0.978000,4.450000
173.845000,4.990000,0.978000,4.450000
173.899900,4.990000,0.978000,4.450000
173.946000,4.990000,0.978000,4.450000
173.996100,4.990000,0.978000,4.450000
174.050600,4.990000,0.978000,4.450000
174.096700,4.990000,0.978000,4.450000
174.147200,4.990000,0.978000,4.450000
174.202200,4.990000,0.978000,4.450000
174.248000,4.990000,0.978000,4.450000
174.298200,4.990000,0.978000,4.450000
174.348600,4.990000,0.978000,4.450000
174.399500,4.990000,0.978000,4.450000
174.450700,4.990000,0.978000,4.450000
174.505200,4.990000,0.978000,4.450000
174.552100,4.990000,0.978000,4.450000
174.602900,4.990000,0.978000,4.450000
174.657300,4.990000,0.978000,4.450000
174.703400,4.990000,0.978000,4.450000
174.753800,4.990000,0.978000,4.450000
174.807500,4.990000,0.978000,4.450000
174.853700,4.990000,0.978000,4.450000
174.903700,4.990000,0.978000,4.450000
174.954300,4.990000,0.978000,4.450000
175.008700,4.990000,0.978000,4.450000
175.054300,4.990000,0.978000,4.450000
175.104600,4.990000,0.978000,4.450000
175.154400,4.990000,0.978000,4.450000
175.204900,4.990000,0.978000,4.450000
175.254800,4.990000,0.978000,4.450000
175.308900,4.990000,0.978000,4.450000
175.356000,4.990000,0.978000,4.450000
175.406100,4.990000,0.978000,4.450000
175.460500,4.990000,0.978000,4.450000
175.506800,4.990000,0.978000,4.450000
175.557100,4.990000,0.978000,4.450000
175.611100,4.990000,0.978000,4.450000
175.658000,4.990000,0.978000,4.450000
175.708300,4.990000,0.978000,4.450000
175.758200,4.990000,0.978000,4.450000
175.808800,4.990000,0.978000,4.450000
175.860000,4.990000,0.978000,4.450000
175.914600,4.990000,0.978000,4.450000
175.961300,4.990000,0.978000,4.450000
176.011800,4.990000,0.978000,4.450000
176.065900,4.990000,0.978000,4.450000
176.112400,4.990000,0.978000,4.450000
176.162200,4.990000,0.978000,4.450000
176.217000,4.990000,0.978000,4.450000
176.263600,4.990000,0.978000,4.450000
176.314300,4.990000,0.978000,4.450000
176.364400,4.990000,0.978000,4.450000
176.414500,4.990000,0.978000,4.450000
176.464800,4.990000,0.978000,4.450000
176.518900,4.990000,0.978000,4.450000
176.565800,4.990000,0.978000,4.450000
176.615900,4.990000,0.978000,4.450000
176.670300,4.990000,0.978000,4.450000
176.716100,4.990000,0.978000,4.450000
176.766200,4.990000,0.978000,4.450000
176.816900,4.990000,0.978000,4.450000
176.867200,4.990000,0.978000,4.450000
176.917500,4.990000,0.978000,4.450000
176.971500,4.990000,0.978000,4.450000
177.017200,4.990000,0.978000,4.450000
177.067200,4.990000,0.978000,4.450000
177.117900,4.990000,0.978000,4.450000
177.171900,4.990000,0.978000,4.450000
177.217800,4.990000,0.978000,4.450000
177.268000,4.990000,0.978000,4.450000
177.321900,4.990000,0.978000,4.450000
177.368100,4.990000,0.978000,4.450000
177.419300,4.990000,0.978000,4.450000
177.477900,4.990000,0.978000,4.450000
177.520900,4.990000,0.978000,4.450000
177.571500,4.990000,0.978000,4.450000
177.625700,4.990000,0.978000,4.450000
177.671700,4.990000,0.978000,4.450000
177.723500,4.990000,0.978000,4.450000
177.777500,4.990000,0.978000,4.450000
177.825500,4.990000,0.978000,4.450000
177.874400,4.990000,0.978000,4.450000
177.930000,4.990000,0.978000,4.450000
177.974700,4.990000,0.978000,4.450000
178.025600,4.990000,0.978000,4.450000
178.082500,4.990000,0.978000,4.450000
178.127500,4.990000,0.978000,4.450000
178.177500,4.990000,0.978000,4.450000
178.231200,4.990000,0.978000,4.450000
178.277900,4.990000,0.978000,4.450000
178.328000,4.990000,0.978000,4.450000
178.381800,4.990000,0.978000,4.450000
178.427900,4.990000,0.978000,4.450000
178.478600,4.990000,0.978000,4.450000
178.533500,4.990000,0.978000,4.450000
178.581100,4.990000,0.978000,4.450000
178.631500,4.990000,0.978000,4.450000
178.681100,4.990000,0.978000,4.450000
178.732000,4.990000,0.978000,4.450000
178.782500,4.990000,0.978000,4.450000
178.837500,4.990000,0.978000,4.450000
178.884200,4.990000,0.978000,4.450000
178.934500,4.990000,0.978000,4.450000
178.989900,4.990000,0.978000,4.450000
179.036200,4.990000,0.978000,4.450000
179.086700,4.990000,0.978000,4.450000
179.141200,4.990000,0.978000,4.450000
179.186800,4.990000,0.978000,4.450000
179.237200,4.990000,0.978000,4.450000
179.292100,4.990000,0.978000,4.450000
179.337400,4.990000,0.978000,4.450000
179.388600,4.990000,0.978000,4.450000
179.442900,4.990000,0.978000,4.450000
179.489700,4.990000,0.978000,4.450000
179.539000,4.990000,0.978000,4.450000
179.592600,4.990000,0.978000,4.450000
179.638900,4.990000,0.978000,4.450000
179.689500,4.990000,0.978000,4.450000
179.744600,4.990000,0.978000,4.450000
179.790400,4.990000,0.978000,4.450000
179.843400,4.990000,0.978000,4.450000
179.896700,4.990000,0.978000,4.450000
179.941100,4.990000,0.978000,4.450000
179.993000,4.990000,0.978000,4.450000
180.043300,4.990000,0.978000,4.450000
180.097700,4.990000,0.978000,4.450000
180.145000,4.990000,0.978000,4.450000
180.196200,4.990000,0.978000,4.450000
180.251000,4.990000,0.978000,4.450000
180.297200,4.990000,0.978000,4.450000
180.348100,4.990000,0.978000,4.450000
180.402400,4.990000,0.978000,4.450000
180.448400,4.990000,0.978000,4.450000
180.498600,4.990000,0.978000,4.450000
180.555100,4.990000,0.978000,4.450000
180.599700,4.990000,0.978000,4.450000
180.649700,4.990000,0.978000,4.450000
180.704700,4.990000,0.978000,4.450000
180.751200,4.990000,0.978000,4.450000
180.802500,4.990000,0.978000,4.450000
180.856100,4.990000,0.978000,4.450000
180.902500,4.990000,0.978000,4.450000
180.952600,4.990000,0.978000,4.450000
181.002600,4.990000,0.978000,4.450000
181.052700,4.990000,0.978000,4.450000
181.102800,4.990000,0.978000,4.450000
181.156200,4.990000,0.978000,4.450000
181.203000,4.990000,0.978000,4.450000
181.253200,4.990000,0.978000,4.450000
181.307700,4.990000,0.978000,4.450000
181.353700,4.990000,0.978000,4.450000
181.403800,4.990000,0.978000,4.450000
181.458800,4.990000,0.978000,4.450000
181.504900,4.990000,0.978000,4.450000
181.555500,4.990000,0.978000,4.450000
181.610000,4.990000,0.978000,4.450000
181.656200,4.990000,0.978000,4.450000
181.706300,4.990000,0.978000,4.450000
181.761000,4.990000,0.978000,4.450000
181.807300,4.990000,0.978000,4.450000
181.861600,4.990000,0.978000,4.450000
181.914200,4.990000,0.978000,4.450000
181.959100,4.990000,0.978000,4.450000
182.009000,4.990000,0.978000,4.450000
182.059500,4.990000,0.978000,4.450000
182.109500,4.990000,0.978000,4.450000
182.160200,4.990000,0.978000,4.450000
182.210600,4.990000,0.978000,4.450000
182.265500,4.990000,0.978000,4.450000
182.312600,4.990000,0.978000,4.450000
182.361400,4.990000,0.978000,4.450000
182.415100,4.990000,0.978000,4.450000
182.461600,4.990000,0.978000,4.450000
182.512500,4.990000,0.978000,4.450000
182.567100,4.990000,0.978000,4.450000
182.613600,4.990000,0.978000,4.450000
182.665300,4.990000,0.978000,4.450000
182.719700,4.990000,0.978000,4.450000
182.766000,4.990000,0.978000,4.450000
182.817200,4.990000,0.978000,4.450000
183.150600,4.990000,0.978000,4.450000
183.218300,4.990000,0.978000,4.450000
183.268500,4.990000,0.978000,4.450000
183.319500,4.990000,0.978000,4.450000
183.374100,4.990000,0.978000,4.450000
183.419500,4.990000,0.978000,4.450000
183.470100,4.990000,0.978000,4.450000
183.525300,4.990000,0.978000,4.450000
183.571300,4.990000,0.978000,4.450000
183.622100,4.990000,0.978000,4.450000
183.676800,4.990000,0.978000,4.450000
183.723100,4.990000,0.978000,4.450000
183.773300,4.990000,0.978000,4.450000
183.827800,4.990000,0.978000,4.450000
183.873900,4.990000,0.978000,4.450000
183.924300,4.990000,0.978000,4.450000
183.978900,4.990000,0.978000,4.450000
184.025900,4.990000,0.978000,4.450000
184.076700,4.990000,0.978000,4.450000
184.130500,4.990000,0.978000,4.450000
184.176700,4.990000,0.978000,4.450000
184.227600,4.990000,0.978000,4.450000
184.282900,4.990000,0.978000,4.450000
184.328600,4.990000,0.978000,4.450000
184.378400,4.990000,0.978000,4.450000
184.432700,4.990000,0.978000,4.450000
184.478300,4.990000,0.978000,4.450000
184.528500,4.990000,0.978000,4.450000
184.584100,4.990000,0.978000,4.450000
184.631700,4.990000,0.978000,4.450000
184.681500,4.990000,0.978000,4.450000
184.736000,4.990000,0.978000,4.450000
184.781700,4.990000,0.978000,4.450000
184.832900,4.990000,0.978000,4.450000
184.886700,4.990000,0.978000,4.450000
184.932900,4.990000,0.978000,4.450000
184.983600,4.990000,0.978000,4.450000
185.033400,4.990000,0.978000,4.450000
185.084000,4.990000,0.978000,4.450000
185.134400,4.990000,0.978000,4.450000
185.189300,4.990000,0.978000,4.450000
185.235500,4.990000,0.978000,4.450000
185.286200,4.990000,0.978000,4.450000
185.340200,4.990000,0.978000,4.450000
185.387000,4.990000,0.978000,4.450000
185.438200,4.990000,0.978000,4.450000
185.492200,4.990000,0.978000,4.450000
185.539100,4.990000,0.978000,4.450000
185.590700,4.990000,0.978000,4.450000
185.639600,4.990000,0.978000,4.450000
185.689600,4.990000,0.978000,4.450000
185.739700,4.990000,0.978000,4.450000
185.789800,4.990000,0.978000,4.450000
185.844500,4.990000,0.978000,4.450000
185.893900,4.990000,0.978000,4.450000
185.943800,4.990000,0.978000,4.450000
185.998900,4.990000,0.978000,4.450000
186.045000,4.990000,0.978000,4.450000
186.095000,4.990000,0.978000,4.450000
186.149300,4.990000,0.978000,4.450000
186.196200,4.990000,0.978000,4.450000
186.247000,4.990000,0.978000,4.450000
186.296900,4.990000,0.978000,4.450000
186.347100,4.990000,0.978000,4.450000
186.398400,4.990000,0.978000,4.450000
186.451800,4.990000,0.978000,4.450000
186.498500,4.990000,0.978000,4.450000
186.549300,4.990000,0.978000,4.450000
186.603000,4.990000,0.978000,4.450000
186.649600,4.990000,0.978000,4.450000
186.699700,4.990000,0.978000,4.450000
186.753000,4.990000,0.978000,4.450000
186.800200,4.990000,0.978000,4.450000
186.849700,4.990000,0.978000,4.450000
186.900000,4.990000,0.978000,4.450000
186.951100,4.990000,0.978000,4.450000
187.002700,4.990000,0.978000,4.450000
187.056200,4.990000,0.978000,4.450000
187.103900,4.990000,0.978000,4.450000
187.154500,4.990000,0.978000,4.450000
187.208900,4.990000,0.978000,4.450000
187.254700,4.990000,0.978000,4.450000
187.306300,4.990000,0.978000,4.450000
187.360200,4.990000,0.978000,4.450000
187.406600,4.990000,0.978000,4.450000
187.456800,4.990000,0.978000,4.450000
187.511700,4.990000,0.978000,4.450000
187.558500,4.990000,0.978000,4.450000
187.609000,4.990000,0.978000,4.450000
187.664500,4.990000,0.978000,4.450000
187.710800,4.990000,0.978000,4.450000
187.761100,4.990000,0.978000,4.450000
187.815200,4.990000,0.978000,4.450000
187.861400,4.990000,0.978000,4.450000
187.911600,4.990000,0.978000,4.450000
187.965200,4.990000,0.978000,4.450000
188.011500,4.990000,0.978000,4.450000
188.062100,4.990000,0.978000,4.450000
188.116100,4.990000,0.978000,4.450000
188.162100,4.990000,0.978000,4.450000
188.212400,4.990000,0.978000,4.450000
188.266500,4.990000,0.978000,4.450000
188.312500,4.990000,0.978000,4.450000
188.363300,4.990000,0.978000,4.450000
188.417300,4.990000,0.978000,4.450000
188.463300,4.990000,0.978000,4.450000
188.513400,4.990000,0.978000,4.450000
188.567500,4.990000,0.978000,4.450000
188.614800,4.990000,0.978000,4.450000
188.664700,4.990000,0.978000,4.450000
188.719000,4.990000,0.978000,4.450000
188.765000,4.990000,0.978000,4.450000
188.815000,4.990000,0.978000,4.450000
188.869300,4.990000,0.978000,4.450000
188.915700,4.990000,0.978000,4.450000
188.965800,4.990000,0.978000,4.450000
189.020100,4.990000,0.978000,4.450000
189.066200,4.990000,0.978000,4.450000
189.116800,4.990000,0.978000,4.450000
189.170700,4.990000,0.978000,4.450000
189.217100,4.990000,0.978000,4.450000
189.267800,4.990000,0.978000,4.450000
189.322300,4.990000,0.978000,4.450000
189.368900,4.990000,0.978000,4.450000
189.419500,4.990000,0.978000,4.450000
189.474400,4.990000,0.978000,4.450000
189.521000,4.990000,0.978000,4.450000
189.572500,4.990000,0.978000,4.450000
189.626500,4.990000,0.978000,4.450000
189.673000,4.990000,0.978000,4.450000
189.723200,4.990000,0.978000,4.450000
189.777400,4.990000,0.978000,4.450000
189.823700,4.990000,0.978000,4.450000
189.873600,4.990000,0.978000,4.450000
189.928500,4.990000,0.978000,4.450000
189.974400,4.990000,0.978000,4.450000
190.025700,4.990000,0.978000,4.450000
190.079200,4.990000,0.978000,4.450000
190.125200,4.990000,0.978000,4.450000
190.175200,4.990000,0.978000,4.450000
190.225800,4.990000,0.978000,4.450000
190.280600,4.990000,0.978000,4.450000
190.326700,4.990000,0.978000,4.450000
190.377200,4.990000,0.978000,4.450000
190.431900,4.990000,0.978000,4.450000
190.478100,4.990000,0.978000,4.450000
190.529200,4.990000,0.978000,4.450000
190.583600,4.990000,0.978000,4.450000
190.628700,4.990000,0.978000,4.450000
190.678700,4.990000,0.978000,4.450000
190.729000,4.990000,0.978000,4.450000
190.778700,4.990000,0.978000,4.450000
190.828700,4.990000,0.978000,4.450000
190.880800,4.990000,0.978000,4.450000
190.962100,4.990000,0.978000,4.450000
