Timestamp,LeftGazeValid,LeftGazePosX,LeftGazePosY,LeftGazePosZ,LeftGazeRotX,LeftGazeRotY,LeftGazeRotZ,LeftGazeRotW,RightGazeValid,RightGazePosX,RightGazePosY,RightGazePosZ,RightGazeRotX,RightGazeRotY,RightGazeRotZ,RightGazeRotW
0.000,True,-0.031930,1.111954,0.001501,0.054891,-0.010924,0.018759,-0.998256,True,0.035548,1.106919,0.004516,0.055160,0.005177,0.017121,-0.998317
0.014,True,-0.031333,1.112638,0.001717,0.054834,-0.011127,0.018906,-0.998255,True,0.035568,1.106844,0.004588,0.055104,0.004974,0.017274,-0.998319
0.032,True,-0.031303,1.112548,0.001893,0.054395,-0.011277,0.019274,-0.998270,True,0.035594,1.106701,0.004745,0.054672,0.004825,0.017650,-0.998337
0.043,True,-0.031303,1.112497,0.001929,0.054133,-0.011106,0.019555,-0.998281,True,0.035590,1.106605,0.004765,0.054414,0.004996,0.017936,-0.998345
0.054,True,-0.031299,1.112461,0.002038,0.054388,-0.010951,0.019772,-0.998264,True,0.035591,1.106537,0.004879,0.054674,0.005153,0.018156,-0.998326
0.065,True,-0.031312,1.112428,0.002125,0.054291,-0.011006,0.019983,-0.998265,True,0.035577,1.106474,0.004955,0.054580,0.005098,0.018371,-0.998327
0.076,True,-0.031327,1.112354,0.002215,0.054127,-0.010964,0.020085,-0.998272,True,0.035560,1.106384,0.005046,0.054418,0.005141,0.018478,-0.998334
0.087,True,-0.031336,1.112307,0.002276,0.054073,-0.010807,0.020090,-0.998276,True,0.035550,1.106336,0.005118,0.054365,0.005299,0.018486,-0.998336
0.098,True,-0.031361,1.112256,0.002345,0.053996,-0.010605,0.020044,-0.998284,True,0.035526,1.106288,0.005194,0.054288,0.005502,0.018443,-0.998340
0.109,True,-0.031378,1.112198,0.002385,0.053767,-0.010622,0.020012,-0.998296,True,0.035508,1.106234,0.005236,0.054058,0.005485,0.018412,-0.998353
0.120,True,-0.031404,1.112211,0.002441,0.053757,-0.010687,0.020038,-0.998296,True,0.035482,1.106245,0.005299,0.054048,0.005420,0.018439,-0.998353
0.132,True,-0.031436,1.112203,0.002509,0.054003,-0.010622,0.019878,-0.998286,True,0.035452,1.106258,0.005364,0.054292,0.005486,0.018280,-0.998343
0.143,True,-0.031451,1.112137,0.002554,0.054158,-0.010753,0.019742,-0.998279,True,0.035438,1.106213,0.005409,0.054444,0.005355,0.018141,-0.998338
0.154,True,-0.031466,1.112077,0.002639,0.054234,-0.010977,0.019536,-0.998277,True,0.035426,1.106183,0.005488,0.054516,0.005130,0.017935,-0.998339
0.165,True,-0.031454,1.112128,0.002698,0.054527,-0.011215,0.019430,-0.998260,True,0.035440,1.106252,0.005547,0.054807,0.004892,0.017826,-0.998326
0.176,True,-0.031451,1.112204,0.002755,0.054846,-0.011039,0.019533,-0.998243,True,0.035442,1.106313,0.005605,0.055128,0.005069,0.017926,-0.998306
0.187,True,-0.031457,1.112294,0.002828,0.055131,-0.011275,0.019834,-0.998219,True,0.035433,1.106366,0.005668,0.055418,0.004831,0.018222,-0.998285
0.198,True,-0.031466,1.112427,0.002908,0.055362,-0.011407,0.020317,-0.998195,True,0.035418,1.106435,0.005739,0.055657,0.004699,0.018703,-0.998264
0.209,True,-0.031461,1.112500,0.002940,0.055537,-0.011791,0.020598,-0.998175,True,0.035421,1.106475,0.005758,0.055835,0.004314,0.018982,-0.998250
0.220,True,-0.031454,1.112614,0.003022,0.055573,-0.012453,0.020878,-0.998159,True,0.035426,1.106554,0.005802,0.055875,0.003651,0.019260,-0.998245
0.231,True,-0.031427,1.112651,0.003082,0.055604,-0.012657,0.020717,-0.998158,True,0.035457,1.106612,0.005835,0.055903,0.003447,0.019098,-0.998248
0.242,True,-0.031391,1.112604,0.003108,0.055866,-0.012770,0.020374,-0.998149,True,0.035498,1.106609,0.005834,0.056160,0.003335,0.018753,-0.998240
0.254,True,-0.031371,1.112582,0.003152,0.055882,-0.012903,0.020205,-0.998150,True,0.035520,1.106608,0.005859,0.056173,0.003202,0.018584,-0.998243
0.265,True,-0.031354,1.112565,0.003187,0.055778,-0.013020,0.020246,-0.998153,True,0.035537,1.106585,0.005879,0.056070,0.003085,0.018626,-0.998248
0.276,True,-0.031379,1.112469,0.003175,0.055525,-0.012923,0.020326,-0.998167,True,0.035512,1.106473,0.005844,0.055818,0.003181,0.018706,-0.998261
0.287,True,-0.031352,1.112440,0.003213,0.055440,-0.013126,0.020550,-0.998164,True,0.035537,1.106415,0.005873,0.055737,0.002979,0.018932,-0.998262
0.298,True,-0.031343,1.112404,0.003246,0.055436,-0.013492,0.020668,-0.998157,True,0.035546,1.106362,0.005874,0.055734,0.002612,0.019051,-0.998261
0.310,True,-0.031332,1.112359,0.003256,0.055523,-0.013102,0.020568,-0.998160,True,0.035558,1.106324,0.005874,0.055821,0.003003,0.018950,-0.998256
0.321,True,-0.031338,1.112394,0.003286,0.055668,-0.013148,0.020655,-0.998149,True,0.035550,1.106348,0.005899,0.055966,0.002957,0.019035,-0.998247
0.332,True,-0.031348,1.112425,0.003295,0.056075,-0.013080,0.020691,-0.998126,True,0.035541,1.106376,0.005916,0.056374,0.003024,0.019066,-0.998223
0.343,True,-0.031364,1.112483,0.003275,0.056220,-0.013126,0.020855,-0.998114,True,0.035522,1.106417,0.005919,0.056521,0.002978,0.019228,-0.998212
0.354,True,-0.031402,1.112559,0.003274,0.056257,-0.012975,0.020952,-0.998112,True,0.035482,1.106481,0.005936,0.056560,0.003129,0.019323,-0.998207
0.365,True,-0.031426,1.112552,0.003250,0.056059,-0.013111,0.020984,-0.998121,True,0.035457,1.106472,0.005919,0.056362,0.002993,0.019357,-0.998218
0.376,True,-0.031444,1.112496,0.003199,0.055943,-0.012966,0.020883,-0.998131,True,0.035440,1.106427,0.005871,0.056245,0.003138,0.019258,-0.998226
0.387,True,-0.031450,1.112445,0.003176,0.055600,-0.013022,0.020626,-0.998155,True,0.035437,1.106410,0.005847,0.055897,0.003082,0.019006,-0.998251
0.398,True,-0.031460,1.112415,0.003133,0.055324,-0.012922,0.020491,-0.998175,True,0.035428,1.106399,0.005822,0.055620,0.003182,0.018874,-0.998269
0.409,True,-0.031477,1.112363,0.003065,0.055161,-0.012677,0.020457,-0.998187,True,0.035411,1.106350,0.005778,0.055456,0.003428,0.018844,-0.998277
0.421,True,-0.031502,1.112311,0.003007,0.055022,-0.012619,0.020555,-0.998194,True,0.035384,1.106288,0.005744,0.055319,0.003486,0.018943,-0.998283
0.432,True,-0.031523,1.112298,0.002961,0.054888,-0.012368,0.020685,-0.998202,True,0.035361,1.106257,0.005723,0.055187,0.003737,0.019074,-0.998287
0.443,True,-0.031541,1.112274,0.002891,0.054855,-0.012377,0.020624,-0.998205,True,0.035343,1.106244,0.005668,0.055152,0.003728,0.019014,-0.998290
0.454,True,-0.031549,1.112255,0.002840,0.055256,-0.012115,0.020449,-0.998189,True,0.035336,1.106249,0.005640,0.055552,0.003991,0.018839,-0.998270
0.465,True,-0.031561,1.112258,0.002799,0.055555,-0.012062,0.020531,-0.998172,True,0.035323,1.106245,0.005622,0.055852,0.004044,0.018919,-0.998252
0.476,True,-0.031579,1.112262,0.002742,0.055529,-0.011932,0.020443,-0.998177,True,0.035304,1.106263,0.005595,0.055824,0.004174,0.018831,-0.998254
0.487,True,-0.031589,1.112303,0.002689,0.055649,-0.011652,0.020588,-0.998170,True,0.035291,1.106288,0.005578,0.055947,0.004454,0.018974,-0.998244
0.498,True,-0.031593,1.112338,0.002656,0.055758,-0.011740,0.020732,-0.998160,True,0.035285,1.106307,0.005559,0.056059,0.004366,0.019117,-0.998235
0.509,True,-0.031567,1.112354,0.002615,0.055808,-0.011786,0.020813,-0.998155,True,0.035310,1.106314,0.005525,0.056109,0.004318,0.019197,-0.998231
0.521,True,-0.031529,1.112376,0.002588,0.055965,-0.011739,0.020814,-0.998147,True,0.035348,1.106336,0.005499,0.056266,0.004366,0.019196,-0.998222
0.532,True,-0.031483,1.112431,0.002578,0.055915,-0.011737,0.020883,-0.998148,True,0.035533,1.106919,0.005614,0.056217,0.004367,0.019263,-0.998223
0.543,True,-0.031431,1.112470,0.002522,0.056130,-0.011934,0.020990,-0.998132,True,0.035585,1.106947,0.005548,0.056434,0.004170,0.019366,-0.998210
0.554,True,-0.031373,1.112511,0.002507,0.056580,-0.012138,0.021127,-0.998101,True,0.035642,1.106970,0.005514,0.056886,0.003966,0.019499,-0.998182
0.565,True,-0.031329,1.112550,0.002509,0.056729,-0.012480,0.021238,-0.998086,True,0.035687,1.106995,0.005485,0.057037,0.003623,0.019608,-0.998173
0.576,True,-0.031246,1.112539,0.002436,0.057070,-0.012723,0.021280,-0.998062,True,0.035770,1.106978,0.005380,0.057378,0.003380,0.019647,-0.998153
0.587,True,-0.031163,1.112529,0.002402,0.057154,-0.012951,0.021280,-0.998055,True,0.035854,1.106967,0.005316,0.057462,0.003152,0.019646,-0.998149
0.598,True,-0.031087,1.112516,0.002364,0.057331,-0.013282,0.021268,-0.998040,True,0.035932,1.106952,0.005232,0.057639,0.002822,0.019633,-0.998141
0.609,True,-0.031021,1.112514,0.002327,0.057279,-0.013646,0.021272,-0.998038,True,0.036000,1.106948,0.005150,0.057586,0.002458,0.019637,-0.998144
0.620,True,-0.030953,1.112519,0.002304,0.057325,-0.013942,0.021252,-0.998032,True,0.036070,1.106954,0.005092,0.057632,0.002161,0.019616,-0.998143
0.631,True,-0.030909,1.112545,0.002279,0.057585,-0.014156,0.021315,-0.998013,True,0.036114,1.106972,0.005044,0.057893,0.001947,0.019677,-0.998127
0.643,True,-0.030884,1.112578,0.002204,0.057725,-0.014435,0.021523,-0.997996,True,0.036137,1.106979,0.004949,0.058035,0.001667,0.019881,-0.998115
0.654,True,-0.030849,1.112614,0.002163,0.057977,-0.014496,0.021605,-0.997979,True,0.036172,1.107004,0.004896,0.058289,0.001606,0.019960,-0.998099
0.665,True,-0.030842,1.112652,0.002092,0.058246,-0.014501,0.021748,-0.997960,True,0.036178,1.107022,0.004815,0.058561,0.001601,0.020101,-0.998080
0.676,True,-0.030825,1.112681,0.002020,0.058633,-0.014471,0.021823,-0.997936,True,0.036194,1.107040,0.004729,0.058948,0.001632,0.020172,-0.998056
0.687,True,-0.030821,1.112678,0.001979,0.058733,-0.014509,0.021633,-0.997934,True,0.036201,1.107060,0.004673,0.059046,0.001594,0.019982,-0.998054
0.698,True,-0.030820,1.112662,0.001926,0.058923,-0.014666,0.021544,-0.997922,True,0.036203,1.107058,0.004614,0.059234,0.001437,0.019892,-0.998045
0.709,True,-0.030855,1.112573,0.001803,0.059152,-0.014470,0.021206,-0.997919,True,0.036171,1.107016,0.004504,0.059458,0.001633,0.019550,-0.998038
0.721,True,-0.030869,1.112626,0.001741,0.059258,-0.014383,0.021313,-0.997912,True,0.036156,1.107056,0.004459,0.059566,0.001719,0.019656,-0.998029
0.732,True,-0.030896,1.112646,0.001670,0.059485,-0.014296,0.021192,-0.997902,True,0.036130,1.107093,0.004395,0.059791,0.001807,0.019533,-0.998018
0.743,True,-0.030933,1.112661,0.001574,0.059717,-0.014209,0.020992,-0.997894,True,0.036095,1.107138,0.004314,0.060019,0.001894,0.019330,-0.998008
0.754,True,-0.030966,1.112638,0.001520,0.060224,-0.014047,0.020745,-0.997870,True,0.036064,1.107151,0.004273,0.060523,0.002055,0.019075,-0.997982
0.766,True,-0.030980,1.112677,0.001481,0.060544,-0.013724,0.020639,-0.997858,True,0.036051,1.107204,0.004250,0.060842,0.002378,0.018964,-0.997964
0.776,True,-0.031022,1.112771,0.001407,0.060789,-0.013213,0.020507,-0.997853,True,0.036010,1.107314,0.004194,0.061086,0.002889,0.018826,-0.997951
0.787,True,-0.031091,1.112966,0.001310,0.061377,-0.012997,0.020502,-0.997819,True,0.035940,1.107514,0.004120,0.061673,0.003103,0.018812,-0.997914
0.799,True,-0.031110,1.113078,0.001269,0.061676,-0.012598,0.020619,-0.997804,True,0.035918,1.107610,0.004102,0.061975,0.003502,0.018924,-0.997892
0.809,True,-0.031159,1.113190,0.001185,0.061995,-0.012327,0.020836,-0.997783,True,0.035867,1.107694,0.004032,0.062298,0.003773,0.019135,-0.997867
0.820,True,-0.031192,1.113308,0.001129,0.062204,-0.012145,0.021088,-0.997767,True,0.035830,1.107777,0.003983,0.062511,0.003955,0.019382,-0.997848
0.832,True,-0.031204,1.113374,0.001074,0.062278,-0.011902,0.021045,-0.997766,True,0.035819,1.107847,0.003933,0.062585,0.004198,0.019337,-0.997843
0.842,True,-0.031199,1.113384,0.000973,0.062284,-0.011769,0.021016,-0.997768,True,0.035824,1.107860,0.003840,0.062591,0.004331,0.019307,-0.997843
0.854,True,-0.031212,1.113383,0.000931,0.062201,-0.011800,0.021050,-0.997772,True,0.035811,1.107852,0.003778,0.062508,0.004300,0.019341,-0.997848
0.865,True,-0.031200,1.113383,0.000866,0.062213,-0.011674,0.021244,-0.997769,True,0.035821,1.107825,0.003719,0.062524,0.004426,0.019535,-0.997843
0.876,True,-0.031195,1.113342,0.000809,0.062119,-0.011744,0.021379,-0.997771,True,0.035824,1.107764,0.003648,0.062431,0.004355,0.019670,-0.997846
0.887,True,-0.031184,1.113295,0.000756,0.061894,-0.011737,0.021542,-0.997781,True,0.035834,1.107692,0.003575,0.062210,0.004363,0.019835,-0.997856
0.898,True,-0.031177,1.113248,0.000697,0.061640,-0.011839,0.021620,-0.997794,True,0.035841,1.107630,0.003492,0.061957,0.004261,0.019915,-0.997871
0.909,True,-0.031179,1.113184,0.000623,0.061382,-0.011970,0.021557,-0.997810,True,0.035841,1.107571,0.003387,0.061698,0.004130,0.019853,-0.997889
0.920,True,-0.031183,1.113177,0.000587,0.061195,-0.011994,0.021442,-0.997824,True,0.035838,1.107576,0.003334,0.061509,0.004106,0.019740,-0.997903
0.932,True,-0.031198,1.113176,0.000548,0.061242,-0.012119,0.021245,-0.997823,True,0.035826,1.107602,0.003280,0.061552,0.003980,0.019541,-0.997905
0.942,True,-0.031232,1.113208,0.000515,0.061349,-0.012309,0.021167,-0.997816,True,0.035794,1.107646,0.003236,0.061658,0.003791,0.019461,-0.997900
0.954,True,-0.031250,1.113231,0.000476,0.061331,-0.012012,0.021000,-0.997824,True,0.035777,1.107689,0.003206,0.061638,0.004087,0.019292,-0.997904
0.965,True,-0.031279,1.113230,0.000449,0.061295,-0.012006,0.020917,-0.997828,True,0.035749,1.107697,0.003171,0.061600,0.004093,0.019210,-0.997908
0.976,True,-0.031305,1.113219,0.000413,0.061252,-0.011903,0.020806,-0.997834,True,0.035724,1.107699,0.003134,0.061556,0.004197,0.019100,-0.997912
0.987,True,-0.031309,1.113171,0.000364,0.060897,-0.011531,0.020543,-0.997866,True,0.035722,1.107683,0.003101,0.061197,0.004570,0.018841,-0.997937
0.998,True,-0.031339,1.113144,0.000346,0.060555,-0.011327,0.020332,-0.997894,True,0.035694,1.107678,0.003068,0.060853,0.004774,0.018633,-0.997961
1.009,True,-0.031365,1.113093,0.000322,0.060119,-0.010834,0.020260,-0.997927,True,0.035668,1.107630,0.003054,0.060416,0.005267,0.018564,-0.997987
1.020,True,-0.031984,1.112159,0.000189,0.059641,-0.010087,0.020262,-0.997963,True,0.035641,1.107583,0.003057,0.059940,0.006015,0.018569,-0.998011
1.032,True,-0.032002,1.112132,0.000175,0.059405,-0.009682,0.020291,-0.997981,True,0.035621,1.107546,0.003048,0.059705,0.006420,0.018598,-0.998022
1.043,True,-0.032019,1.112116,0.000153,0.059001,-0.009209,0.020289,-0.998009,True,0.035604,1.107523,0.003033,0.059302,0.006892,0.018598,-0.998043
1.054,True,-0.032023,1.112066,0.000159,0.058524,-0.008411,0.020088,-0.998048,True,0.035601,1.107489,0.003041,0.058823,0.007691,0.018398,-0.998069
1.065,True,-0.032043,1.112030,0.000163,0.058310,-0.008379,0.019942,-0.998064,True,0.035582,1.107472,0.003047,0.058607,0.007723,0.018256,-0.998084
1.076,True,-0.032061,1.112004,0.000159,0.057983,-0.007953,0.019777,-0.998090,True,0.035565,1.107462,0.003050,0.058278,0.008149,0.018093,-0.998103
1.087,True,-0.032073,1.111996,0.000190,0.057578,-0.007318,0.019713,-0.998120,True,0.035552,1.107453,0.003083,0.057874,0.008784,0.018029,-0.998123
1.098,True,-0.032073,1.112000,0.000206,0.057297,-0.006985,0.019702,-0.998138,True,0.035553,1.107455,0.003106,0.057593,0.009117,0.018018,-0.998136
1.109,True,-0.032069,1.112036,0.000226,0.057027,-0.006617,0.019790,-0.998155,True,0.035555,1.107474,0.003128,0.057325,0.009484,0.018106,-0.998146
1.120,True,-0.032062,1.112036,0.000280,0.056680,-0.005967,0.019675,-0.998181,True,0.035563,1.107478,0.003166,0.056978,0.010134,0.017990,-0.998162
1.132,True,-0.032039,1.112044,0.000303,0.056459,-0.005705,0.019606,-0.998196,True,0.035586,1.107490,0.003182,0.056756,0.010396,0.017922,-0.998173
1.145,True,-0.032001,1.112041,0.000346,0.056113,-0.005180,0.019566,-0.998219,True,0.035624,1.107484,0.003218,0.056411,0.010921,0.017883,-0.998188
1.157,True,-0.031978,1.112032,0.000407,0.055868,-0.005109,0.019565,-0.998233,True,0.035648,1.107470,0.003263,0.056166,0.010992,0.017884,-0.998201
1.168,True,-0.031939,1.112025,0.000431,0.055632,-0.004775,0.019601,-0.998248,True,0.035687,1.107451,0.003278,0.055931,0.011326,0.017922,-0.998210
1.179,True,-0.031912,1.112002,0.000503,0.055372,-0.004256,0.019498,-0.998266,True,0.035715,1.107431,0.003327,0.055672,0.011844,0.017819,-0.998220
1.190,True,-0.031859,1.111982,0.000571,0.055153,-0.004215,0.019553,-0.998278,True,0.035768,1.107401,0.003385,0.055453,0.011886,0.017876,-0.998231
1.201,True,-0.031815,1.111969,0.000608,0.053689,-0.003710,0.019642,-0.998358,True,0.035811,1.107363,0.003403,0.053992,0.012388,0.017968,-0.998303
1.212,True,-0.031771,1.111945,0.000697,0.053132,-0.002226,0.019533,-0.998394,True,0.035855,1.107329,0.003471,0.053437,0.013870,0.017860,-0.998315
1.223,True,-0.031729,1.111956,0.000787,0.054309,-0.004811,0.020000,-0.998312,True,0.035895,1.107312,0.003549,0.054616,0.011289,0.018327,-0.998276
1.234,True,-0.031690,1.111978,0.000846,0.056361,-0.007156,0.020479,-0.998175,True,0.035933,1.107301,0.003596,0.056671,0.008946,0.018806,-0.998176
1.246,True,-0.031647,1.111991,0.000939,0.053936,-0.007599,0.020638,-0.998302,True,0.035975,1.107295,0.003670,0.054247,0.008498,0.018964,-0.998311
1.257,True,-0.031597,1.112000,0.001040,0.051040,-0.009845,0.020924,-0.998429,True,0.036025,1.107293,0.003752,0.051348,0.006242,0.019250,-0.998476
1.268,True,-0.031575,1.111994,0.001072,0.049918,-0.011855,0.021091,-0.998460,True,0.036048,1.107289,0.003770,0.050224,0.004227,0.019418,-0.998540
1.279,True,-0.031541,1.111975,0.001156,0.050554,-0.008644,0.020731,-0.998469,True,0.036082,1.107273,0.003845,0.050863,0.007443,0.019057,-0.998496
1.290,True,-0.031519,1.111945,0.001248,0.051349,-0.005740,0.020268,-0.998459,True,0.036106,1.107263,0.003922,0.051659,0.010351,0.018593,-0.998438
1.301,True,-0.031512,1.111922,0.001284,0.051098,-0.004600,0.020086,-0.998481,True,0.036114,1.107248,0.003953,0.051407,0.011491,0.018410,-0.998442
1.312,True,-0.031502,1.111944,0.001365,0.051817,-0.004526,0.019968,-0.998447,True,0.036125,1.107283,0.004026,0.052124,0.011567,0.018293,-0.998406
1.323,True,-0.031480,1.111943,0.001434,0.051970,-0.004943,0.019749,-0.998441,True,0.036150,1.107319,0.004093,0.052274,0.011150,0.018073,-0.998407
1.335,True,-0.031470,1.111918,0.001478,0.051002,-0.004779,0.019488,-0.998497,True,0.036162,1.107328,0.004144,0.051301,0.011311,0.017810,-0.998460
1.346,True,-0.031463,1.111934,0.001555,0.051363,-0.004825,0.019299,-0.998482,True,0.036170,1.107374,0.004240,0.051658,0.011265,0.017618,-0.998446
1.357,True,-0.031455,1.112013,0.001616,0.051146,-0.004331,0.019297,-0.998495,True,0.036177,1.107450,0.004318,0.051443,0.011759,0.017615,-0.998451
1.368,True,-0.031462,1.112048,0.001635,0.049676,-0.004382,0.019382,-0.998568,True,0.036170,1.107474,0.004342,0.049974,0.011703,0.017699,-0.998525
1.379,True,-0.031452,1.112095,0.001698,0.049576,-0.003741,0.019489,-0.998573,True,0.036178,1.107498,0.004416,0.049877,0.012344,0.017806,-0.998520
1.390,True,-0.031450,1.112152,0.001772,0.048640,-0.003435,0.019768,-0.998615,True,0.036177,1.107512,0.004493,0.048946,0.012647,0.018086,-0.998558
1.401,True,-0.031440,1.112202,0.001827,0.045636,-0.003168,0.019941,-0.998754,True,0.036184,1.107532,0.004542,0.045946,0.012907,0.018260,-0.998694
1.412,True,-0.031423,1.112245,0.001882,0.045440,-0.003214,0.019958,-0.998763,True,0.036202,1.107574,0.004599,0.045750,0.012860,0.018276,-0.998703
1.423,True,-0.031397,1.112274,0.001943,0.044992,-0.003470,0.019907,-0.998783,True,0.036228,1.107612,0.004654,0.045300,0.012602,0.018226,-0.998728
1.434,True,-0.031361,1.112237,0.001971,0.044266,-0.003588,0.019757,-0.998818,True,0.036266,1.107596,0.004673,0.044571,0.012483,0.018079,-0.998765
1.446,True,-0.031350,1.112210,0.002021,0.043904,-0.003613,0.019682,-0.998835,True,0.036278,1.107576,0.004709,0.044208,0.012458,0.018006,-0.998782
1.457,True,-0.031325,1.112150,0.002052,0.042805,-0.003294,0.019639,-0.998885,True,0.036303,1.107515,0.004733,0.043110,0.012775,0.017968,-0.998827
1.468,True,-0.031284,1.112096,0.002063,0.042473,-0.003347,0.019767,-0.998897,True,0.036343,1.107441,0.004735,0.042780,0.012722,0.018097,-0.998840
1.479,True,-0.031247,1.112035,0.002088,0.042728,-0.003448,0.019758,-0.998886,True,0.036381,1.107380,0.004741,0.043034,0.012622,0.018091,-0.998830
1.490,True,-0.031205,1.112017,0.002124,0.043241,-0.003055,0.019691,-0.998866,True,0.036423,1.107363,0.004763,0.043547,0.013017,0.018026,-0.998804
1.501,True,-0.031164,1.111973,0.002141,0.042403,-0.003431,0.019548,-0.998904,True,0.036467,1.107342,0.004765,0.042706,0.012639,0.017883,-0.998848
1.512,True,-0.031121,1.111953,0.002155,0.042323,-0.002260,0.019235,-0.998916,True,0.036512,1.107347,0.004779,0.042625,0.013810,0.017572,-0.998841
1.523,True,-0.031087,1.111943,0.002161,0.042242,-0.001918,0.019083,-0.998923,True,0.036546,1.107354,0.004793,0.042543,0.014152,0.017419,-0.998843
1.534,True,-0.031058,1.111955,0.002153,0.042022,-0.001368,0.019007,-0.998935,True,0.036575,1.107368,0.004784,0.042323,0.014701,0.017345,-0.998845
1.546,True,-0.031017,1.111963,0.002146,0.041781,-0.000910,0.018998,-0.998946,True,0.036616,1.107370,0.004775,0.042083,0.015159,0.017337,-0.998849
1.557,True,-0.030966,1.111957,0.002150,0.041674,-0.000578,0.019011,-0.998950,True,0.036667,1.107355,0.004765,0.041978,0.015491,0.017353,-0.998848
1.568,True,-0.030908,1.111916,0.002139,0.041727,-0.000659,0.019027,-0.998948,True,0.036725,1.107311,0.004743,0.042031,0.015410,0.017368,-0.998847
1.579,True,-0.030815,1.111909,0.002111,0.041155,-0.001656,0.019158,-0.998968,True,0.036818,1.107297,0.004694,0.041458,0.014413,0.017503,-0.998883
1.590,True,-0.030758,1.111920,0.002123,0.032110,-0.020534,0.021049,-0.999052,True,0.036877,1.107305,0.004679,0.032380,-0.004514,0.019406,-0.999277
1.601,True,-0.030695,1.111918,0.002093,0.020628,-0.036843,0.022768,-0.998849,True,0.036938,1.107290,0.004645,0.020859,-0.020318,0.021078,-0.999354
1.612,True,-0.030635,1.111938,0.002066,0.001827,-0.048555,0.024108,-0.998528,True,0.036997,1.107279,0.004614,0.002005,-0.030792,0.022294,-0.999275
1.623,True,-0.030560,1.111977,0.002033,-0.000123,-0.049093,0.024367,-0.998497,True,0.037070,1.107291,0.004581,0.000053,-0.031115,0.022528,-0.999262
1.634,True,-0.030501,1.111967,0.002000,0.004603,-0.048629,0.024368,-0.998509,True,0.037129,1.107278,0.004539,0.004797,-0.030408,0.022501,-0.999273
1.646,True,-0.030428,1.111981,0.001969,-0.001294,-0.054228,0.024911,-0.998217,True,0.037203,1.107293,0.004500,-0.001134,-0.035764,0.023020,-0.999095
1.657,True,-0.030347,1.112015,0.001931,-0.008670,-0.058965,0.025428,-0.997899,True,0.037283,1.107320,0.004464,-0.008554,-0.040779,0.023562,-0.998854
1.668,True,-0.030285,1.112046,0.001904,-0.010322,-0.059382,0.025445,-0.997858,True,0.037345,1.107354,0.004429,-0.010215,-0.041502,0.023611,-0.998807
1.679,True,-0.030199,1.112090,0.001859,-0.011806,-0.059325,0.025558,-0.997842,True,0.037430,1.107382,0.004381,-0.011706,-0.041932,0.023772,-0.998769
1.690,True,-0.030114,1.112131,0.001809,-0.006559,-0.052425,0.024929,-0.998292,True,0.037515,1.107417,0.004326,-0.006416,-0.035141,0.023149,-0.999094
1.701,True,-0.030031,1.112178,0.001777,-0.011275,-0.057965,0.025643,-0.997926,True,0.037597,1.107441,0.004281,-0.011167,-0.040927,0.023889,-0.998814
1.712,True,-0.029926,1.112216,0.001725,-0.011599,-0.057423,0.025698,-0.997952,True,0.037701,1.107466,0.004225,-0.011489,-0.040536,0.023957,-0.998825
1.723,True,-0.029850,1.112271,0.001690,-0.011900,-0.055882,0.025733,-0.998035,True,0.037776,1.107494,0.004182,-0.011783,-0.039239,0.024015,-0.998872
1.734,True,-0.029784,1.112310,0.001658,-0.010162,-0.053209,0.025653,-0.998202,True,0.037840,1.107509,0.004141,-0.010028,-0.036642,0.023940,-0.998991
1.746,True,-0.029719,1.112367,0.001634,-0.010976,-0.052881,0.025756,-0.998208,True,0.037904,1.107547,0.004108,-0.010841,-0.036412,0.024051,-0.998989
1.757,True,-0.029645,1.112418,0.001599,-0.011142,-0.052431,0.025882,-0.998227,True,0.037977,1.107577,0.004073,-0.011005,-0.036120,0.024190,-0.998994
1.768,True,-0.029576,1.112440,0.001590,-0.012877,-0.053746,0.026080,-0.998131,True,0.038046,1.107590,0.004046,-0.012750,-0.037522,0.024395,-0.998917
1.779,True,-0.029501,1.112476,0.001579,-0.011311,-0.052483,0.025985,-0.998220,True,0.038121,1.107621,0.004021,-0.011175,-0.036355,0.024307,-0.998981
1.790,True,-0.029430,1.112517,0.001559,-0.012005,-0.052769,0.026033,-0.998195,True,0.038192,1.107662,0.003998,-0.011873,-0.036696,0.024359,-0.998959
1.801,True,-0.028100,1.113666,0.002024,-0.010974,-0.052559,0.026071,-0.998217,True,0.038257,1.107688,0.003983,-0.010838,-0.036522,0.024397,-0.998976
1.812,True,-0.028055,1.113691,0.002010,-0.009858,-0.051088,0.025952,-0.998308,True,0.038302,1.107709,0.003961,-0.009713,-0.035035,0.024274,-0.999044
1.823,True,-0.028028,1.113719,0.002000,-0.001781,-0.037811,0.024723,-0.998977,True,0.038327,1.107720,0.003948,-0.001567,-0.021674,0.023031,-0.999499
1.834,True,-0.027971,1.113708,0.001985,0.009049,-0.016477,0.022626,-0.999567,True,0.038382,1.107694,0.003936,0.009348,-0.000214,0.020915,-0.999738
1.845,True,-0.027938,1.113690,0.001980,0.008977,-0.016526,0.022696,-0.999566,True,0.038415,1.107667,0.003925,0.009278,-0.000263,0.020985,-0.999737
1.857,True,-0.027903,1.113639,0.001969,0.013121,-0.006508,0.021747,-0.999656,True,0.038449,1.107603,0.003911,0.013454,0.009786,0.020033,-0.999661
1.868,True,-0.027880,1.113559,0.001984,0.013516,-0.003273,0.021391,-0.999674,True,0.038472,1.107523,0.003910,0.013859,0.013024,0.019678,-0.999626
1.879,True,-0.027849,1.113525,0.001978,0.013377,0.002263,0.020751,-0.999693,True,0.038504,1.107496,0.003906,0.013733,0.018558,0.019042,-0.999552
1.890,True,-0.027830,1.113516,0.001984,0.013506,0.004559,0.020439,-0.999690,True,0.038524,1.107496,0.003904,0.013868,0.020852,0.018730,-0.999511
1.901,True,-0.027807,1.113469,0.002007,0.012933,0.005537,0.020084,-0.999699,True,0.038550,1.107481,0.003918,0.013293,0.021827,0.018377,-0.999504
1.912,True,-0.027778,1.113405,0.002036,0.011587,0.005090,0.019827,-0.999723,True,0.038583,1.107457,0.003952,0.011942,0.021374,0.018122,-0.999536
1.923,True,-0.027759,1.113389,0.002071,0.011110,0.005219,0.019658,-0.999731,True,0.038604,1.107462,0.003992,0.011462,0.021501,0.017953,-0.999542
1.934,True,-0.027746,1.113448,0.002105,0.010602,0.005158,0.019613,-0.999738,True,0.038617,1.107528,0.004034,0.010954,0.021438,0.017907,-0.999550
1.945,True,-0.027747,1.113520,0.002149,0.009782,0.004776,0.019779,-0.999745,True,0.038614,1.107584,0.004079,0.010135,0.021052,0.018073,-0.999564
1.957,True,-0.027717,1.113534,0.002171,0.009888,0.005207,0.020061,-0.999736,True,0.038640,1.107556,0.004119,0.010247,0.021484,0.018355,-0.999548
1.968,True,-0.027690,1.113541,0.002214,0.009982,0.004462,0.020574,-0.999729,True,0.038662,1.107504,0.004151,0.010346,0.020742,0.018872,-0.999553
1.979,True,-0.027662,1.113553,0.002251,0.010409,0.004180,0.020913,-0.999718,True,0.038686,1.107474,0.004179,0.010777,0.020463,0.019215,-0.999548
1.990,True,-0.027635,1.113542,0.002297,0.010259,0.004260,0.020957,-0.999719,True,0.038713,1.107452,0.004204,0.010629,0.020543,0.019263,-0.999547
2.001,True,-0.027594,1.113485,0.002329,0.010285,0.003889,0.020881,-0.999722,True,0.038755,1.107409,0.004223,0.010652,0.020174,0.019191,-0.999556
2.012,True,-0.027557,1.113453,0.002365,0.010686,0.003686,0.020793,-0.999720,True,0.038794,1.107390,0.004252,0.011051,0.019974,0.019105,-0.999557
2.023,True,-0.027531,1.113454,0.002404,0.011222,0.003161,0.020900,-0.999714,True,0.038820,1.107384,0.004287,0.011587,0.019453,0.019213,-0.999559
2.034,True,-0.027489,1.113441,0.002428,0.013609,0.001218,0.021260,-0.999681,True,0.038860,1.107350,0.004308,0.013970,0.017525,0.019576,-0.999557
2.045,True,-0.027466,1.113413,0.002467,0.022423,-0.008200,0.022269,-0.999467,True,0.038883,1.107317,0.004332,0.022762,0.008146,0.020585,-0.999496
2.056,True,-0.027455,1.113384,0.002488,0.024456,-0.011822,0.022659,-0.999374,True,0.038894,1.107284,0.004341,0.024789,0.004530,0.020976,-0.999462
2.068,True,-0.027438,1.113345,0.002534,0.024281,-0.011951,0.022634,-0.999378,True,0.038911,1.107248,0.004368,0.024613,0.004401,0.020954,-0.999468
2.079,True,-0.027418,1.113307,0.002562,0.028869,-0.018962,0.023211,-0.999134,True,0.038933,1.107230,0.004398,0.029187,-0.002603,0.021534,-0.999339
2.090,True,-0.027416,1.113305,0.002586,0.029760,-0.020264,0.023177,-0.999083,True,0.038937,1.107250,0.004420,0.030074,-0.003905,0.021499,-0.999309
2.101,True,-0.027400,1.113335,0.002614,0.030745,-0.020993,0.023322,-0.999035,True,0.038952,1.107273,0.004460,0.031059,-0.004633,0.021644,-0.999273
2.112,True,-0.027420,1.113336,0.002608,0.031021,-0.023030,0.023339,-0.998981,True,0.038934,1.107299,0.004454,0.031329,-0.006673,0.021662,-0.999252
2.123,True,-0.027409,1.113342,0.002617,0.032255,-0.024687,0.023556,-0.998897,True,0.038945,1.107297,0.004456,0.032562,-0.008330,0.021882,-0.999196
2.134,True,-0.027379,1.113261,0.002610,0.032186,-0.025055,0.023428,-0.998893,True,0.038978,1.107235,0.004435,0.032490,-0.008698,0.021758,-0.999197
2.145,True,-0.027340,1.113187,0.002606,0.032216,-0.025520,0.023203,-0.998886,True,0.039020,1.107195,0.004418,0.032515,-0.009163,0.021536,-0.999197
2.157,True,-0.027302,1.113175,0.002611,0.032489,-0.026107,0.023081,-0.998864,True,0.039060,1.107205,0.004409,0.032785,-0.009749,0.021418,-0.999185
2.168,True,-0.027281,1.113147,0.002605,0.033079,-0.026652,0.022978,-0.998833,True,0.039083,1.107197,0.004403,0.033372,-0.010294,0.021315,-0.999163
2.179,True,-0.027262,1.113161,0.002601,0.032751,-0.026098,0.022959,-0.998859,True,0.039102,1.107208,0.004411,0.033045,-0.009739,0.021296,-0.999180
2.190,True,-0.027239,1.113187,0.002584,0.033416,-0.026809,0.023257,-0.998811,True,0.039121,1.107207,0.004414,0.033713,-0.010450,0.021594,-0.999144
2.201,True,-0.027233,1.113216,0.002575,0.034003,-0.027597,0.023590,-0.998762,True,0.039124,1.107204,0.004423,0.034304,-0.011240,0.021928,-0.999108
2.212,True,-0.027210,1.113242,0.002567,0.033951,-0.027271,0.023741,-0.998769,True,0.039145,1.107209,0.004432,0.034255,-0.010913,0.022078,-0.999110
2.224,True,-0.027157,1.113273,0.002540,0.033465,-0.026210,0.023693,-0.998815,True,0.039196,1.107236,0.004436,0.033771,-0.009851,0.022030,-0.999138
2.235,True,-0.027138,1.113311,0.002545,0.033847,-0.026560,0.023754,-0.998792,True,0.039215,1.107275,0.004458,0.034152,-0.010203,0.022087,-0.999121
2.246,True,-0.027091,1.113411,0.002517,0.033899,-0.026591,0.024094,-0.998781,True,0.039257,1.107336,0.004467,0.034209,-0.010236,0.022422,-0.999111
2.257,True,-0.027075,1.113462,0.002518,0.034571,-0.026845,0.024075,-0.998752,True,0.039273,1.107396,0.004479,0.034880,-0.010489,0.022402,-0.999085
2.268,True,-0.027042,1.113499,0.002515,0.034438,-0.025715,0.024042,-0.998787,True,0.039305,1.107424,0.004486,0.034750,-0.009356,0.022367,-0.999102
2.279,True,-0.026977,1.113544,0.002496,0.035802,-0.024377,0.024001,-0.998773,True,0.039369,1.107456,0.004467,0.036119,-0.008011,0.022323,-0.999066
2.290,True,-0.026900,1.113577,0.002481,0.047482,-0.002659,0.021805,-0.998631,True,0.038453,1.113719,0.004998,0.047834,0.013771,0.020111,-0.998558
2.301,True,-0.026841,1.113582,0.002479,0.049945,0.001480,0.021460,-0.998520,True,0.038513,1.113713,0.004984,0.050303,0.017913,0.019761,-0.998378
2.312,True,-0.026754,1.113639,0.002469,0.049694,0.000393,0.021687,-0.998529,True,0.038599,1.113755,0.004969,0.050053,0.016825,0.019985,-0.998405
2.323,True,-0.026703,1.113682,0.002470,0.054315,0.006152,0.021277,-0.998278,True,0.038651,1.113774,0.004958,0.054680,0.022589,0.019571,-0.998057
2.335,True,-0.026620,1.113738,0.002462,0.056911,0.010532,0.021001,-0.998103,True,0.038735,1.113805,0.004937,0.057280,0.026964,0.019290,-0.997808
2.346,True,-0.026555,1.113747,0.002474,0.057832,0.006667,0.021527,-0.998072,True,0.038801,1.113796,0.004928,0.058201,0.023109,0.019815,-0.997841
2.357,True,-0.026443,1.113776,0.002475,0.058097,0.006741,0.021538,-0.998056,True,0.038914,1.113818,0.004900,0.058467,0.023182,0.019824,-0.997823
2.368,True,-0.026353,1.113784,0.002497,0.058017,0.006957,0.021476,-0.998060,True,0.039005,1.113825,0.004883,0.058387,0.023397,0.019760,-0.997824
2.379,True,-0.026209,1.113818,0.002521,0.058241,0.006874,0.021446,-0.998049,True,0.039150,1.113858,0.004864,0.058611,0.023313,0.019727,-0.997814
2.390,True,-0.026100,1.113869,0.002534,0.058400,0.007003,0.021594,-0.998035,True,0.039261,1.113881,0.004840,0.058773,0.023442,0.019873,-0.997798
2.401,True,-0.026036,1.113905,0.002577,0.058642,0.007112,0.021793,-0.998016,True,0.039326,1.113887,0.004861,0.059019,0.023551,0.020070,-0.997777
2.412,True,-0.025956,1.113962,0.002596,0.059608,0.006592,0.022065,-0.997956,True,0.039407,1.113911,0.004853,0.059988,0.023033,0.020341,-0.997726
2.423,True,-0.025882,1.113988,0.002621,0.059801,0.006254,0.022193,-0.997944,True,0.039482,1.113920,0.004848,0.060183,0.022695,0.020468,-0.997719
2.434,True,-0.025844,1.113985,0.002686,0.059577,0.006283,0.022177,-0.997958,True,0.039520,1.113914,0.004885,0.059958,0.022724,0.020452,-0.997733
2.446,True,-0.025785,1.113968,0.002716,0.059451,0.006600,0.022036,-0.997966,True,0.039581,1.113908,0.004894,0.059831,0.023039,0.020313,-0.997736
2.457,True,-0.025738,1.113903,0.002734,0.059902,0.006793,0.021868,-0.997942,True,0.039628,1.113859,0.004897,0.060280,0.023232,0.020145,-0.997708
2.468,True,-0.025720,1.113865,0.002788,0.059840,0.006961,0.021890,-0.997944,True,0.039646,1.113815,0.004943,0.060218,0.023400,0.020168,-0.997707
2.479,True,-0.025670,1.113915,0.002829,0.059539,0.007177,0.021974,-0.997958,True,0.039697,1.113847,0.004964,0.059920,0.023616,0.020253,-0.997718
2.490,True,-0.025624,1.113918,0.002867,0.059799,0.006682,0.021892,-0.997948,True,0.039743,1.113863,0.004972,0.060178,0.023121,0.020170,-0.997716
2.501,True,-0.025602,1.113824,0.002949,0.060589,0.003847,0.021909,-0.997915,True,0.039766,1.113801,0.005027,0.060961,0.020293,0.020186,-0.997730
2.512,True,-0.025562,1.113754,0.003023,0.062579,-0.006305,0.022688,-0.997762,True,0.039808,1.113764,0.005075,0.062943,0.010156,0.020966,-0.997745
2.523,True,-0.025527,1.113752,0.003049,0.062677,-0.007895,0.022780,-0.997743,True,0.039842,1.113771,0.005098,0.063040,0.008566,0.021059,-0.997752
2.534,True,-0.025555,1.113771,0.003132,0.061908,-0.009342,0.022998,-0.997773,True,0.039815,1.113779,0.005169,0.062271,0.007117,0.021279,-0.997807
2.545,True,-0.025551,1.113819,0.003172,0.062088,-0.010177,0.023351,-0.997746,True,0.039819,1.113792,0.005214,0.062455,0.006282,0.021634,-0.997794
2.557,True,-0.025570,1.113884,0.003227,0.060891,-0.011865,0.023824,-0.997790,True,0.039800,1.113817,0.005260,0.061263,0.004591,0.022107,-0.997866
2.568,True,-0.025620,1.113971,0.003286,0.059365,-0.012099,0.024246,-0.997869,True,0.039749,1.113853,0.005329,0.059742,0.004354,0.022531,-0.997950
2.579,True,-0.025645,1.113998,0.003334,0.058870,-0.011555,0.024154,-0.997907,True,0.039724,1.113884,0.005371,0.059247,0.004897,0.022439,-0.997979
2.590,True,-0.025676,1.113983,0.003374,0.059315,-0.014699,0.024379,-0.997833,True,0.039693,1.113882,0.005415,0.059689,0.001752,0.022666,-0.997958
2.601,True,-0.025738,1.113940,0.003435,0.059144,-0.011166,0.023904,-0.997901,True,0.039631,1.113855,0.005492,0.059517,0.005288,0.022192,-0.997967
2.612,True,-0.025818,1.113883,0.003470,0.058577,-0.013904,0.024055,-0.997896,True,0.039551,1.113818,0.005542,0.058947,0.002547,0.022346,-0.998008
2.623,True,-0.025899,1.113844,0.003471,0.058379,-0.012967,0.024071,-0.997920,True,0.039468,1.113769,0.005580,0.058751,0.003484,0.022364,-0.998016
2.635,True,-0.026011,1.113754,0.003518,0.057985,-0.012992,0.024060,-0.997943,True,0.039356,1.113683,0.005654,0.058356,0.003460,0.022358,-0.998039
2.646,True,-0.026110,1.113672,0.003527,0.057732,-0.012129,0.024026,-0.997969,True,0.039256,1.113597,0.005690,0.058104,0.004324,0.022327,-0.998052
2.657,True,-0.026220,1.113579,0.003552,0.057430,-0.011693,0.023810,-0.997997,True,0.039145,1.113528,0.005730,0.057799,0.004760,0.022115,-0.998072
2.668,True,-0.026309,1.113483,0.003584,0.057365,-0.010777,0.023573,-0.998017,True,0.039055,1.113455,0.005793,0.057733,0.005677,0.021880,-0.998076
2.679,True,-0.026440,1.113446,0.003592,0.057270,-0.010430,0.023384,-0.998030,True,0.038923,1.113444,0.005839,0.057634,0.006024,0.021691,-0.998084
2.690,True,-0.026563,1.113474,0.003604,0.057383,-0.010331,0.023421,-0.998024,True,0.038799,1.113472,0.005887,0.057748,0.006122,0.021727,-0.998076
2.701,True,-0.026709,1.113524,0.003617,0.057441,-0.009785,0.023398,-0.998027,True,0.038651,1.113525,0.005942,0.057806,0.006669,0.021703,-0.998070
2.712,True,-0.026835,1.113539,0.003617,0.057553,-0.009937,0.023314,-0.998021,True,0.038525,1.113559,0.005971,0.057916,0.006516,0.021615,-0.998066
2.723,True,-0.026950,1.113550,0.003620,0.057590,-0.009988,0.023279,-0.998019,True,0.038409,1.113581,0.006004,0.057951,0.006465,0.021580,-0.998065
2.734,True,-0.027031,1.113512,0.003624,0.057731,-0.010150,0.022950,-0.998017,True,0.038327,1.113592,0.006027,0.058087,0.006303,0.021250,-0.998066
2.746,True,-0.027129,1.113531,0.003622,0.058027,-0.011014,0.022767,-0.997995,True,0.038227,1.113650,0.006049,0.058378,0.005439,0.021069,-0.998057
2.756,True,-0.027219,1.113565,0.003637,0.057937,-0.010818,0.022566,-0.998007,True,0.038137,1.113710,0.006078,0.058285,0.005635,0.020867,-0.998066
2.768,True,-0.027324,1.113547,0.003640,0.058117,-0.011012,0.022533,-0.997995,True,0.038031,1.113703,0.006100,0.058464,0.005440,0.020832,-0.998057
2.779,True,-0.027401,1.113575,0.003641,0.058284,-0.011406,0.022621,-0.997979,True,0.037954,1.113729,0.006115,0.058631,0.005046,0.020918,-0.998048
2.790,True,-0.027463,1.113615,0.003638,0.058362,-0.011492,0.022625,-0.997973,True,0.037892,1.113771,0.006113,0.058709,0.004959,0.020919,-0.998044
2.801,True,-0.027524,1.113596,0.003667,0.058533,-0.011832,0.022516,-0.997961,True,0.037832,1.113769,0.006127,0.058877,0.004618,0.020808,-0.998038
2.812,True,-0.027697,1.114466,0.003523,0.058501,-0.012189,0.022515,-0.997959,True,0.037806,1.113791,0.006126,0.058844,0.004261,0.020804,-0.998041
2.823,True,-0.027732,1.114482,0.003511,0.058510,-0.012310,0.022427,-0.997959,True,0.037771,1.113821,0.006115,0.058852,0.004139,0.020714,-0.998043
2.834,True,-0.027772,1.114514,0.003507,0.058354,-0.012461,0.022463,-0.997966,True,0.037731,1.113849,0.006099,0.058695,0.003987,0.020749,-0.998052
2.845,True,-0.027785,1.114539,0.003493,0.058173,-0.012719,0.022515,-0.997972,True,0.037719,1.113870,0.006078,0.058515,0.003728,0.020799,-0.998063
2.856,True,-0.027799,1.114577,0.003498,0.058131,-0.012987,0.022546,-0.997970,True,0.037705,1.113905,0.006062,0.058473,0.003460,0.020828,-0.998066
2.868,True,-0.027805,1.114584,0.003487,0.058089,-0.013329,0.022557,-0.997968,True,0.037700,1.113911,0.006020,0.058430,0.003117,0.020838,-0.998069
2.879,True,-0.027800,1.114618,0.003492,0.058207,-0.013718,0.022572,-0.997955,True,0.037706,1.113945,0.005998,0.058548,0.002728,0.020851,-0.998063
2.890,True,-0.027795,1.114650,0.003495,0.058557,-0.014055,0.022584,-0.997930,True,0.037712,1.113976,0.005972,0.058899,0.002390,0.020861,-0.998043
2.901,True,-0.027806,1.114660,0.003484,0.058978,-0.014411,0.022614,-0.997899,True,0.037702,1.113985,0.005942,0.059320,0.002035,0.020888,-0.998018
2.912,True,-0.027815,1.114689,0.003490,0.059121,-0.015055,0.022728,-0.997879,True,0.037694,1.114003,0.005917,0.059463,0.001390,0.021000,-0.998009
2.923,True,-0.027821,1.114709,0.003493,0.059280,-0.015424,0.022849,-0.997861,True,0.037689,1.114010,0.005900,0.059623,0.001021,0.021120,-0.997997
2.934,True,-0.027835,1.114718,0.003482,0.059282,-0.015675,0.022937,-0.997855,True,0.037675,1.114009,0.005874,0.059626,0.000769,0.021207,-0.997995
2.945,True,-0.027855,1.114730,0.003471,0.059336,-0.015763,0.023067,-0.997847,True,0.037656,1.114003,0.005853,0.059683,0.000681,0.021336,-0.997989
2.957,True,-0.027861,1.114746,0.003457,0.059530,-0.015922,0.023152,-0.997831,True,0.037649,1.114010,0.005838,0.059878,0.000522,0.021420,-0.997976
2.968,True,-0.027885,1.114743,0.003437,0.059710,-0.015864,0.023222,-0.997820,True,0.037625,1.113999,0.005824,0.060059,0.000580,0.021488,-0.997963
2.979,True,-0.027910,1.114753,0.003427,0.059751,-0.015795,0.023363,-0.997815,True,0.037599,1.113992,0.005827,0.060102,0.000649,0.021629,-0.997958
2.990,True,-0.027950,1.114786,0.003435,0.059744,-0.015792,0.023582,-0.997810,True,0.037559,1.113997,0.005837,0.060098,0.000652,0.021848,-0.997953
3.001,True,-0.027991,1.114790,0.003417,0.059792,-0.015934,0.023757,-0.997801,True,0.037517,1.113983,0.005834,0.060149,0.000509,0.022021,-0.997946
3.018,True,-0.028061,1.114845,0.003422,0.059716,-0.015874,0.024004,-0.997801,True,0.037446,1.114009,0.005863,0.060077,0.000568,0.022267,-0.997945
3.029,True,-0.028107,1.114823,0.003400,0.059966,-0.015880,0.024020,-0.997785,True,0.037399,1.113991,0.005858,0.060327,0.000561,0.022275,-0.997930
3.041,True,-0.028144,1.114897,0.003386,0.060112,-0.015621,0.024209,-0.997776,True,0.037361,1.114040,0.005864,0.060477,0.000819,0.022462,-0.997917
3.052,True,-0.028181,1.114932,0.003358,0.060357,-0.015355,0.024276,-0.997764,True,0.037323,1.114068,0.005851,0.060723,0.001085,0.022524,-0.997900
3.063,True,-0.028218,1.114974,0.003326,0.060535,-0.015229,0.024352,-0.997753,True,0.037286,1.114103,0.005838,0.060902,0.001211,0.022596,-0.997887
3.074,True,-0.028255,1.115008,0.003257,0.060798,-0.015257,0.024402,-0.997735,True,0.037248,1.114133,0.005776,0.061166,0.001182,0.022643,-0.997870
3.085,True,-0.028291,1.115027,0.003196,0.060779,-0.015416,0.024365,-0.997735,True,0.037212,1.114160,0.005715,0.061146,0.001023,0.022605,-0.997872
3.096,True,-0.028305,1.114978,0.003142,0.060786,-0.015609,0.024066,-0.997739,True,0.037199,1.114152,0.005654,0.061148,0.000830,0.022306,-0.997879
3.107,True,-0.028320,1.114889,0.003074,0.060886,-0.015890,0.023631,-0.997739,True,0.037186,1.114121,0.005564,0.061239,0.000549,0.021870,-0.997883
3.118,True,-0.028325,1.114919,0.003017,0.060835,-0.016091,0.023338,-0.997745,True,0.037181,1.114194,0.005516,0.061183,0.000347,0.021577,-0.997893
3.130,True,-0.028352,1.114972,0.002985,0.060709,-0.016392,0.023317,-0.997749,True,0.037154,1.114252,0.005472,0.061056,0.000045,0.021557,-0.997902
3.141,True,-0.028374,1.114997,0.002924,0.060761,-0.016540,0.023393,-0.997741,True,0.037133,1.114270,0.005409,0.061110,-0.000103,0.021631,-0.997897
3.152,True,-0.028399,1.115077,0.002888,0.060671,-0.016802,0.023662,-0.997736,True,0.037108,1.114315,0.005360,0.061023,-0.000366,0.021899,-0.997896
3.163,True,-0.028426,1.115131,0.002844,0.060656,-0.017026,0.023744,-0.997731,True,0.037082,1.114359,0.005296,0.061009,-0.000589,0.021982,-0.997895
3.174,True,-0.028443,1.115161,0.002775,0.060535,-0.017161,0.023725,-0.997737,True,0.037065,1.114391,0.005219,0.060887,-0.000725,0.021965,-0.997903
3.185,True,-0.028463,1.115117,0.002725,0.060257,-0.017188,0.023246,-0.997764,True,0.037046,1.114406,0.005153,0.060602,-0.000750,0.021491,-0.997930
3.197,True,-0.028479,1.115079,0.002651,0.059854,-0.017085,0.023039,-0.997795,True,0.037030,1.114394,0.005095,0.060195,-0.000647,0.021287,-0.997959
3.208,True,-0.028514,1.114951,0.002540,0.059468,-0.017068,0.022712,-0.997826,True,0.036995,1.114310,0.004996,0.059803,-0.000631,0.020963,-0.997990
3.219,True,-0.028559,1.114926,0.002460,0.059122,-0.017004,0.022826,-0.997845,True,0.036949,1.114272,0.004939,0.059460,-0.000567,0.021079,-0.998008
3.230,True,-0.028592,1.114875,0.002378,0.058995,-0.016955,0.022813,-0.997854,True,0.036915,1.114224,0.004871,0.059333,-0.000518,0.021068,-0.998016
3.241,True,-0.028661,1.114796,0.002286,0.058893,-0.016855,0.022927,-0.997859,True,0.036845,1.114129,0.004789,0.059232,-0.000418,0.021184,-0.998019
3.252,True,-0.028665,1.114782,0.002233,0.058986,-0.016918,0.022849,-0.997854,True,0.036841,1.114128,0.004739,0.059323,-0.000481,0.021104,-0.998016
3.263,True,-0.028687,1.114754,0.002142,0.058910,-0.016843,0.022807,-0.997861,True,0.036819,1.114107,0.004662,0.059247,-0.000407,0.021061,-0.998021
3.274,True,-0.028725,1.114727,0.002020,0.059162,-0.016583,0.022677,-0.997853,True,0.036780,1.114097,0.004553,0.059497,-0.000147,0.020928,-0.998009
3.285,True,-0.028758,1.114743,0.001934,0.059121,-0.016558,0.022594,-0.997858,True,0.036747,1.114126,0.004481,0.059455,-0.000122,0.020845,-0.998013
3.296,True,-0.028779,1.114785,0.001842,0.059451,-0.016385,0.022672,-0.997839,True,0.037616,1.107850,0.003909,0.059786,0.000051,0.020919,-0.997992
3.307,True,-0.028818,1.114829,0.001754,0.059587,-0.016479,0.022688,-0.997829,True,0.037577,1.107895,0.003830,0.059922,-0.000044,0.020935,-0.997984
3.319,True,-0.028853,1.114853,0.001666,0.059702,-0.016696,0.022576,-0.997821,True,0.037543,1.107939,0.003750,0.060035,-0.000261,0.020818,-0.997979
3.330,True,-0.028859,1.114885,0.001568,0.059737,-0.016344,0.022440,-0.997828,True,0.037539,1.107989,0.003679,0.060068,0.000090,0.020682,-0.997980
3.343,True,-0.028858,1.114913,0.001482,0.059823,-0.016432,0.022298,-0.997825,True,0.037541,1.108039,0.003599,0.060151,0.000003,0.020538,-0.997978
3.354,True,-0.028868,1.114945,0.001380,0.059942,-0.016400,0.022203,-0.997820,True,0.037532,1.108087,0.003518,0.060268,0.000034,0.020443,-0.997973
3.365,True,-0.028876,1.114945,0.001274,0.059904,-0.016163,0.022217,-0.997826,True,0.037523,1.108085,0.003428,0.060231,0.000272,0.020456,-0.997975
3.376,True,-0.028881,1.114955,0.001145,0.059937,-0.015932,0.022271,-0.997827,True,0.037517,1.108088,0.003321,0.060265,0.000502,0.020508,-0.997972
3.387,True,-0.028887,1.114995,0.001054,0.059890,-0.015810,0.022404,-0.997828,True,0.037509,1.108110,0.003235,0.060221,0.000624,0.020641,-0.997972
3.399,True,-0.028887,1.115001,0.000949,0.060020,-0.015758,0.022412,-0.997821,True,0.037509,1.108116,0.003141,0.060351,0.000676,0.020647,-0.997963
3.410,True,-0.028889,1.115059,0.000810,0.060282,-0.015890,0.022484,-0.997802,True,0.037506,1.108170,0.003018,0.060613,0.000543,0.020715,-0.997946
3.421,True,-0.028876,1.115098,0.000705,0.060543,-0.015665,0.022350,-0.997792,True,0.037520,1.108229,0.002934,0.060873,0.000768,0.020578,-0.997933
3.432,True,-0.028855,1.115153,0.000597,0.060792,-0.015577,0.022483,-0.997776,True,0.037539,1.108268,0.002843,0.061124,0.000855,0.020706,-0.997915
3.443,True,-0.028844,1.115218,0.000533,0.061046,-0.015623,0.022607,-0.997757,True,0.037548,1.108319,0.002783,0.061379,0.000809,0.020826,-0.997897
3.454,True,-0.028814,1.115286,0.000438,0.061377,-0.015587,0.022722,-0.997734,True,0.037576,1.108374,0.002697,0.061712,0.000845,0.020937,-0.997874
3.465,True,-0.028786,1.115355,0.000349,0.061754,-0.015628,0.022846,-0.997708,True,0.037603,1.108428,0.002603,0.062092,0.000804,0.021057,-0.997848
3.476,True,-0.028739,1.115483,0.000251,0.062167,-0.015822,0.023000,-0.997675,True,0.037649,1.108537,0.002490,0.062507,0.000608,0.021204,-0.997819
3.487,True,-0.028713,1.115597,0.000194,0.062596,-0.015961,0.023033,-0.997646,True,0.037675,1.108649,0.002422,0.062936,0.000469,0.021229,-0.997792
3.498,True,-0.028675,1.115733,0.000120,0.063047,-0.015998,0.023164,-0.997613,True,0.037712,1.108770,0.002348,0.063389,0.000430,0.021350,-0.997760
3.509,True,-0.028645,1.115878,0.000060,0.063580,-0.016033,0.023155,-0.997579,True,0.037742,1.108920,0.002286,0.063922,0.000393,0.021331,-0.997727
3.521,True,-0.028609,1.115999,-0.000002,0.063906,-0.015852,0.023151,-0.997561,True,0.037778,1.109042,0.002229,0.064249,0.000573,0.021315,-0.997706
3.532,True,-0.028580,1.116081,-0.000060,0.064156,-0.015916,0.023081,-0.997546,True,0.037808,1.109133,0.002153,0.064496,0.000508,0.021239,-0.997692
3.543,True,-0.028537,1.116123,-0.000120,0.064365,-0.015924,0.022926,-0.997536,True,0.037854,1.109197,0.002090,0.064704,0.000499,0.021077,-0.997682
3.555,True,-0.028502,1.116170,-0.000164,0.064518,-0.016236,0.022879,-0.997522,True,0.037891,1.109251,0.002019,0.064855,0.000186,0.021027,-0.997673
3.565,True,-0.028471,1.116184,-0.000238,0.064713,-0.016495,0.022836,-0.997506,True,0.037923,1.109273,0.001930,0.065049,-0.000073,0.020981,-0.997662
3.576,True,-0.028427,1.116237,-0.000285,0.064826,-0.016611,0.022901,-0.997496,True,0.037967,1.109318,0.001870,0.065163,-0.000190,0.021042,-0.997653
3.588,True,-0.028405,1.116299,-0.000327,0.065014,-0.016786,0.023108,-0.997476,True,0.037986,1.109354,0.001816,0.065353,-0.000366,0.021244,-0.997636
3.599,True,-0.028398,1.116358,-0.000391,0.064990,-0.016860,0.023311,-0.997471,True,0.037991,1.109385,0.001743,0.065333,-0.000441,0.021444,-0.997633
3.610,True,-0.028360,1.116410,-0.000445,0.064995,-0.016772,0.023450,-0.997469,True,0.038026,1.109420,0.001698,0.065340,-0.000354,0.021581,-0.997630
3.621,True,-0.028357,1.116443,-0.000471,0.064898,-0.016687,0.023609,-0.997473,True,0.038027,1.109429,0.001665,0.065246,-0.000269,0.021739,-0.997632
3.632,True,-0.028347,1.116435,-0.000514,0.064742,-0.016541,0.023665,-0.997484,True,0.038036,1.109412,0.001625,0.065091,-0.000123,0.021796,-0.997641
3.643,True,-0.028330,1.116422,-0.000551,0.064381,-0.016311,0.023718,-0.997510,True,0.038051,1.109389,0.001592,0.064732,0.000107,0.021850,-0.997663
3.654,True,-0.028317,1.116372,-0.000569,0.064010,-0.016224,0.023739,-0.997535,True,0.038064,1.109332,0.001569,0.064362,0.000194,0.021875,-0.997687
3.665,True,-0.028320,1.116287,-0.000597,0.063615,-0.016243,0.023745,-0.997560,True,0.038062,1.109243,0.001523,0.063966,0.000175,0.021885,-0.997712
3.676,True,-0.028316,1.116244,-0.000605,0.063396,-0.016333,0.023679,-0.997574,True,0.038066,1.109207,0.001501,0.063746,0.000086,0.021823,-0.997728
3.687,True,-0.028309,1.116234,-0.000615,0.062999,-0.016273,0.023559,-0.997603,True,0.038075,1.109210,0.001487,0.063348,0.000146,0.021706,-0.997756
3.699,True,-0.028342,1.116186,-0.000615,0.062896,-0.016427,0.023275,-0.997613,True,0.038047,1.109200,0.001475,0.063239,-0.000008,0.021424,-0.997768
3.710,True,-0.028361,1.116116,-0.000600,0.062924,-0.016329,0.022942,-0.997621,True,0.038032,1.109173,0.001494,0.063262,0.000091,0.021092,-0.997774
3.721,True,-0.028385,1.116077,-0.000576,0.062585,-0.016346,0.022736,-0.997647,True,0.038010,1.109163,0.001521,0.062919,0.000073,0.020886,-0.997800
3.732,True,-0.028406,1.116080,-0.000575,0.062309,-0.016225,0.022646,-0.997668,True,0.037990,1.109179,0.001542,0.062641,0.000193,0.020798,-0.997819
3.743,True,-0.028422,1.116093,-0.000565,0.062119,-0.016133,0.022681,-0.997681,True,0.037973,1.109188,0.001567,0.062452,0.000286,0.020834,-0.997831
3.754,True,-0.028442,1.116112,-0.000526,0.061579,-0.016106,0.022883,-0.997710,True,0.037951,1.109178,0.001602,0.061915,0.000312,0.021040,-0.997860
3.765,True,-0.028445,1.116119,-0.000531,0.061185,-0.016031,0.023183,-0.997728,True,0.037943,1.109144,0.001601,0.061526,0.000386,0.021342,-0.997877
3.776,True,-0.028468,1.116140,-0.000490,0.060548,-0.016125,0.023327,-0.997762,True,0.037918,1.109143,0.001624,0.060892,0.000292,0.021492,-0.997913
3.787,True,-0.028474,1.116130,-0.000454,0.060121,-0.016229,0.023273,-0.997788,True,0.037913,1.109138,0.001648,0.060464,0.000188,0.021442,-0.997940
3.798,True,-0.028482,1.116064,-0.000438,0.059846,-0.016169,0.023089,-0.997810,True,0.037908,1.109095,0.001663,0.060185,0.000249,0.021262,-0.997961
3.809,True,-0.027897,1.117118,-0.000282,0.059643,-0.016105,0.022973,-0.997825,True,0.037890,1.109042,0.001694,0.059981,0.000313,0.021149,-0.997975
3.820,True,-0.027909,1.117082,-0.000256,0.059202,-0.016068,0.023013,-0.997851,True,0.037877,1.108999,0.001719,0.059541,0.000350,0.021194,-0.998001
3.832,True,-0.027929,1.116988,-0.000226,0.058997,-0.016090,0.023115,-0.997861,True,0.037856,1.108889,0.001737,0.059337,0.000328,0.021298,-0.998011
3.843,True,-0.027932,1.116909,-0.000197,0.058787,-0.016067,0.023091,-0.997874,True,0.037853,1.108809,0.001752,0.059127,0.000352,0.021279,-0.998024
3.854,True,-0.027938,1.116855,-0.000157,0.058575,-0.016106,0.023012,-0.997888,True,0.037848,1.108763,0.001771,0.058914,0.000313,0.021202,-0.998038
3.865,True,-0.027966,1.116754,-0.000153,0.058429,-0.016010,0.022741,-0.997904,True,0.037824,1.108692,0.001757,0.058764,0.000410,0.020933,-0.998052
3.876,True,-0.027990,1.116700,-0.000123,0.058233,-0.015850,0.022491,-0.997924,True,0.037805,1.108669,0.001787,0.058564,0.000571,0.020686,-0.998069
3.887,True,-0.028031,1.116682,-0.000092,0.058259,-0.015820,0.022372,-0.997925,True,0.037765,1.108668,0.001829,0.058588,0.000601,0.020568,-0.998070
3.902,True,-0.028072,1.116666,-0.000118,0.058201,-0.015601,0.022312,-0.997934,True,0.037725,1.108660,0.001823,0.058529,0.000820,0.020507,-0.998075
3.921,True,-0.028186,1.116764,-0.000058,0.058083,-0.015378,0.022384,-0.997942,True,0.037609,1.108755,0.001937,0.058412,0.001041,0.020575,-0.998080
3.932,True,-0.028240,1.116764,-0.000060,0.058095,-0.015346,0.022414,-0.997941,True,0.037554,1.108753,0.001947,0.058425,0.001073,0.020605,-0.998079
3.943,True,-0.028289,1.116762,-0.000046,0.058130,-0.015186,0.022295,-0.997945,True,0.037506,1.108769,0.001986,0.058458,0.001233,0.020486,-0.998079
3.954,True,-0.028342,1.116782,0.000000,0.058148,-0.015203,0.022070,-0.997948,True,0.037456,1.108822,0.002050,0.058472,0.001216,0.020259,-0.998083
3.965,True,-0.028399,1.116777,-0.000001,0.058348,-0.015401,0.021945,-0.997936,True,0.037402,1.108842,0.002078,0.058669,0.001018,0.020133,-0.998074
3.976,True,-0.028454,1.116785,0.000020,0.058551,-0.015289,0.021804,-0.997929,True,0.037348,1.108874,0.002134,0.058869,0.001129,0.019989,-0.998065
3.987,True,-0.028508,1.116807,0.000052,0.058495,-0.014933,0.021877,-0.997936,True,0.037293,1.108886,0.002196,0.058815,0.001485,0.020062,-0.998066
3.998,True,-0.028553,1.116767,0.000044,0.058587,-0.015022,0.022049,-0.997926,True,0.037245,1.108829,0.002212,0.058909,0.001396,0.020233,-0.998057
4.009,True,-0.028580,1.116754,0.000065,0.058675,-0.014908,0.022077,-0.997922,True,0.037217,1.108813,0.002246,0.058998,0.001509,0.020260,-0.998051
4.021,True,-0.028589,1.116750,0.000091,0.058572,-0.014927,0.022013,-0.997929,True,0.037209,1.108819,0.002281,0.058894,0.001490,0.020197,-0.998059
4.032,True,-0.028588,1.116736,0.000091,0.058601,-0.014991,0.021952,-0.997928,True,0.037211,1.108815,0.002284,0.058922,0.001426,0.020135,-0.998059
4.043,True,-0.028599,1.116793,0.000123,0.058662,-0.015034,0.021848,-0.997926,True,0.037202,1.108888,0.002323,0.058981,0.001382,0.020029,-0.998057
4.054,True,-0.028603,1.116851,0.000153,0.058843,-0.014889,0.021807,-0.997918,True,0.037198,1.108953,0.002368,0.059161,0.001527,0.019986,-0.998047
4.065,True,-0.028597,1.116881,0.000144,0.058956,-0.015029,0.021944,-0.997906,True,0.037202,1.108967,0.002362,0.059276,0.001386,0.020120,-0.998038
4.076,True,-0.028574,1.116926,0.000184,0.058878,-0.015221,0.022087,-0.997905,True,0.037224,1.108994,0.002389,0.059200,0.001194,0.020262,-0.998040
4.087,True,-0.028540,1.116939,0.000220,0.058818,-0.015354,0.022143,-0.997905,True,0.037257,1.109000,0.002410,0.059140,0.001061,0.020317,-0.998042
4.098,True,-0.028481,1.116923,0.000220,0.058478,-0.015710,0.022300,-0.997916,True,0.037314,1.108962,0.002379,0.058802,0.000704,0.020476,-0.998059
4.109,True,-0.028422,1.116930,0.000255,0.058428,-0.016037,0.022479,-0.997910,True,0.037371,1.108944,0.002382,0.058755,0.000376,0.020655,-0.998059
4.121,True,-0.028378,1.116928,0.000308,0.058332,-0.016404,0.022517,-0.997909,True,0.037416,1.108936,0.002391,0.058660,0.000009,0.020692,-0.998064
4.132,True,-0.028336,1.116842,0.000306,0.058349,-0.016781,0.022503,-0.997902,True,0.037459,1.108850,0.002348,0.058676,-0.000368,0.020678,-0.998063
4.143,True,-0.028275,1.116876,0.000362,0.058271,-0.016951,0.022657,-0.997900,True,0.037518,1.108862,0.002385,0.058600,-0.000538,0.020834,-0.998064
4.154,True,-0.028224,1.116868,0.000409,0.058647,-0.016109,0.022549,-0.997894,True,0.037569,1.108851,0.002398,0.058976,0.000271,0.020727,-0.998044
4.165,True,-0.028199,1.116847,0.000425,0.059404,-0.013991,0.022420,-0.997884,True,0.037593,1.108812,0.002393,0.059736,0.002363,0.020602,-0.997999
4.176,True,-0.028149,1.116849,0.000462,0.060236,-0.012303,0.022355,-0.997858,True,0.037641,1.108795,0.002407,0.060573,0.004055,0.020535,-0.997944
4.188,True,-0.028105,1.116843,0.000495,0.060039,-0.010848,0.022231,-0.997890,True,0.037685,1.108780,0.002420,0.060377,0.005483,0.020413,-0.997952
4.199,True,-0.028090,1.116837,0.000502,0.059485,-0.009360,0.022186,-0.997939,True,0.037698,1.108755,0.002412,0.059825,0.006922,0.020374,-0.997977
4.210,True,-0.028055,1.116855,0.000530,0.059745,-0.008967,0.022218,-0.997926,True,0.037732,1.108762,0.002433,0.060086,0.007295,0.020409,-0.997958
4.221,True,-0.028064,1.116868,0.000553,0.059604,-0.008679,0.022180,-0.997938,True,0.037723,1.108775,0.002451,0.059944,0.007565,0.020373,-0.997965
4.232,True,-0.028074,1.116830,0.000540,0.059619,-0.008282,0.022186,-0.997940,True,0.037712,1.108730,0.002438,0.059961,0.007963,0.020381,-0.997961
4.243,True,-0.028083,1.116818,0.000545,0.059812,-0.008126,0.022258,-0.997928,True,0.037701,1.108705,0.002444,0.060156,0.008120,0.020454,-0.997946
4.254,True,-0.028083,1.116810,0.000552,0.059847,-0.007848,0.022283,-0.997928,True,0.037700,1.108691,0.002458,0.060191,0.008382,0.020484,-0.997942
4.265,True,-0.028125,1.116755,0.000532,0.059951,-0.008261,0.022324,-0.997918,True,0.037659,1.108635,0.002430,0.060295,0.007943,0.020532,-0.997938
4.276,True,-0.028138,1.116709,0.000525,0.060181,-0.008232,0.022229,-0.997906,True,0.037648,1.108602,0.002429,0.060523,0.007960,0.020439,-0.997926
4.287,True,-0.028159,1.116645,0.000517,0.060299,-0.008752,0.022086,-0.997898,True,0.037630,1.108565,0.002427,0.060637,0.007421,0.020302,-0.997926
4.299,True,-0.028196,1.116556,0.000510,0.060181,-0.008279,0.021841,-0.997914,True,0.037596,1.108502,0.002421,0.060516,0.007886,0.020060,-0.997935
4.310,True,-0.028224,1.116515,0.000502,0.060266,-0.008549,0.021736,-0.997909,True,0.037638,1.108220,0.002367,0.060598,0.007608,0.019957,-0.997934
4.321,True,-0.028257,1.116530,0.000495,0.060525,-0.008172,0.021599,-0.997900,True,0.037607,1.108250,0.002376,0.060855,0.007974,0.019822,-0.997918
4.332,True,-0.028301,1.116507,0.000495,0.060657,-0.008106,0.021440,-0.997896,True,0.037565,1.108249,0.002386,0.060985,0.008033,0.019662,-0.997913
4.343,True,-0.028320,1.116503,0.000503,0.060807,-0.008330,0.021349,-0.997887,True,0.037548,1.108264,0.002410,0.061132,0.007804,0.019569,-0.997907
4.354,True,-0.028331,1.116500,0.000506,0.061103,-0.008158,0.021221,-0.997873,True,0.037539,1.108281,0.002438,0.061426,0.007967,0.019438,-0.997891
4.365,True,-0.028336,1.116554,0.000489,0.061320,-0.008103,0.021259,-0.997859,True,0.037533,1.108333,0.002444,0.061643,0.008018,0.019474,-0.997876
4.376,True,-0.028336,1.116669,0.000485,0.061251,-0.007987,0.021423,-0.997861,True,0.037530,1.108427,0.002453,0.061577,0.008130,0.019636,-0.997876
4.388,True,-0.028342,1.116731,0.000491,0.061377,-0.007952,0.021584,-0.997850,True,0.037521,1.108468,0.002462,0.061706,0.008158,0.019795,-0.997865
4.399,True,-0.028317,1.116797,0.000488,0.061390,-0.008098,0.021964,-0.997839,True,0.037540,1.108486,0.002462,0.061724,0.008009,0.020174,-0.997857
4.410,True,-0.028301,1.116889,0.000483,0.061252,-0.008253,0.022298,-0.997839,True,0.037551,1.108535,0.002448,0.061592,0.007852,0.020507,-0.997860
4.421,True,-0.028275,1.116950,0.000471,0.061422,-0.007895,0.022374,-0.997830,True,0.037575,1.108579,0.002428,0.061764,0.008207,0.020583,-0.997845
4.432,True,-0.028262,1.116898,0.000461,0.061310,-0.008166,0.022251,-0.997837,True,0.037591,1.108541,0.002380,0.061650,0.007936,0.020462,-0.997857
4.443,True,-0.028239,1.116857,0.000453,0.061298,-0.008328,0.022073,-0.997841,True,0.037617,1.108521,0.002346,0.061635,0.007772,0.020286,-0.997862
4.454,True,-0.028220,1.116839,0.000438,0.060961,-0.008044,0.021949,-0.997866,True,0.037638,1.108512,0.002318,0.061296,0.008054,0.020163,-0.997884
4.465,True,-0.028218,1.116786,0.000401,0.060543,-0.007696,0.021853,-0.997897,True,0.037641,1.108464,0.002265,0.060878,0.008400,0.020069,-0.997908
4.476,True,-0.028222,1.116764,0.000392,0.060566,-0.007991,0.021905,-0.997892,True,0.037637,1.108436,0.002229,0.060901,0.008103,0.020121,-0.997908
4.487,True,-0.028221,1.116740,0.000380,0.060395,-0.008150,0.021787,-0.997904,True,0.037640,1.108426,0.002203,0.060728,0.007943,0.020004,-0.997922
4.498,True,-0.028233,1.116670,0.000361,0.060581,-0.008324,0.021568,-0.997896,True,0.037632,1.108385,0.002165,0.060910,0.007769,0.019786,-0.997917
4.509,True,-0.028250,1.116640,0.000342,0.060287,-0.008048,0.021233,-0.997923,True,0.037620,1.108395,0.002146,0.060612,0.008043,0.019452,-0.997940
4.521,True,-0.028281,1.116635,0.000323,0.060877,-0.008229,0.021147,-0.997887,True,0.037590,1.108407,0.002142,0.061199,0.007863,0.019366,-0.997907
4.532,True,-0.028336,1.116602,0.000292,0.061026,-0.008110,0.021086,-0.997881,True,0.037536,1.108384,0.002135,0.061347,0.007981,0.019304,-0.997898
4.543,True,-0.028393,1.116646,0.000258,0.061107,-0.007807,0.021160,-0.997876,True,0.037477,1.108422,0.002145,0.061429,0.008284,0.019378,-0.997889
4.554,True,-0.028451,1.116707,0.000241,0.061053,-0.007515,0.021320,-0.997879,True,0.037416,1.108461,0.002150,0.061379,0.008575,0.019537,-0.997887
4.565,True,-0.028503,1.116713,0.000201,0.061283,-0.007301,0.021391,-0.997865,True,0.037363,1.108462,0.002151,0.061610,0.008789,0.019606,-0.997869
4.576,True,-0.028550,1.116707,0.000178,0.061134,-0.007068,0.021312,-0.997877,True,0.037316,1.108465,0.002141,0.061460,0.009021,0.019529,-0.997878
4.587,True,-0.028576,1.116701,0.000153,0.061011,-0.006595,0.021159,-0.997891,True,0.037291,1.108475,0.002136,0.061335,0.009495,0.019378,-0.997884
4.599,True,-0.028595,1.116652,0.000120,0.060953,-0.006402,0.020992,-0.997899,True,0.037274,1.108448,0.002117,0.061275,0.009689,0.019214,-0.997889
4.610,True,-0.028628,1.116610,0.000090,0.060693,-0.006402,0.020846,-0.997918,True,0.037244,1.108428,0.002099,0.061013,0.009687,0.019069,-0.997908
4.621,True,-0.028648,1.116605,0.000059,0.060794,-0.006186,0.020944,-0.997912,True,0.037222,1.108410,0.002089,0.061115,0.009904,0.019167,-0.997898
4.632,True,-0.028656,1.116571,0.000018,0.060569,-0.006166,0.021139,-0.997921,True,0.037210,1.108350,0.002053,0.060893,0.009923,0.019364,-0.997907
4.643,True,-0.028661,1.116557,-0.000001,0.060335,-0.006231,0.021187,-0.997934,True,0.037205,1.108330,0.002032,0.060660,0.009858,0.019413,-0.997921
4.654,True,-0.028663,1.116532,-0.000019,0.059975,-0.006403,0.021125,-0.997956,True,0.037204,1.108315,0.002007,0.060298,0.009686,0.019353,-0.997946
4.665,True,-0.028668,1.116509,-0.000038,0.059655,-0.006377,0.021012,-0.997978,True,0.037201,1.108306,0.001988,0.059976,0.009710,0.019241,-0.997967
4.676,True,-0.028666,1.116536,-0.000055,0.059243,-0.006158,0.020917,-0.998005,True,0.037204,1.108342,0.001973,0.059563,0.009928,0.019144,-0.997992
4.687,True,-0.028664,1.116599,-0.000067,0.059231,-0.006136,0.020989,-0.998005,True,0.037205,1.108397,0.001965,0.059553,0.009949,0.019213,-0.997991
4.699,True,-0.028668,1.116598,-0.000080,0.059520,-0.006016,0.021031,-0.997987,True,0.037200,1.108389,0.001956,0.059843,0.010069,0.019252,-0.997971
4.710,True,-0.028641,1.116699,-0.000081,0.059610,-0.005900,0.021186,-0.997980,True,0.037225,1.108466,0.001943,0.059936,0.010185,0.019405,-0.997962
4.721,True,-0.028611,1.116733,-0.000085,0.059710,-0.005892,0.021132,-0.997975,True,0.037255,1.108505,0.001923,0.060035,0.010193,0.019349,-0.997957
4.732,True,-0.028603,1.116700,-0.000074,0.059755,-0.006191,0.021161,-0.997970,True,0.037264,1.108468,0.001903,0.060081,0.009893,0.019376,-0.997957
4.743,True,-0.028553,1.116743,-0.000074,0.059582,-0.006389,0.021201,-0.997978,True,0.037314,1.108506,0.001889,0.059907,0.009695,0.019417,-0.997968
4.754,True,-0.028529,1.116748,-0.000082,0.059604,-0.006435,0.021281,-0.997975,True,0.037337,1.108500,0.001876,0.059931,0.009648,0.019495,-0.997966
4.765,True,-0.028499,1.116724,-0.000087,0.059521,-0.006383,0.021376,-0.997978,True,0.037364,1.108459,0.001854,0.059849,0.009700,0.019589,-0.997968
4.776,True,-0.028455,1.116723,-0.000090,0.059501,-0.006518,0.021495,-0.997976,True,0.037407,1.108443,0.001838,0.059832,0.009564,0.019706,-0.997968
4.787,True,-0.028429,1.116741,-0.000074,0.059307,-0.006753,0.021639,-0.997982,True,0.037431,1.108442,0.001833,0.059640,0.009329,0.019850,-0.997979
4.798,True,-0.028394,1.116728,-0.000086,0.059273,-0.006776,0.021719,-0.997983,True,0.037465,1.108416,0.001808,0.059607,0.009305,0.019929,-0.997980
4.809,True,-0.028364,1.116757,-0.000067,0.059332,-0.006895,0.021821,-0.997976,True,0.037494,1.108431,0.001808,0.059668,0.009186,0.020029,-0.997975
4.821,True,-0.029051,1.115660,-0.000120,0.059378,-0.006507,0.021882,-0.997975,True,0.037523,1.108480,0.001808,0.059716,0.009573,0.020086,-0.997968
4.832,True,-0.029037,1.115691,-0.000115,0.059549,-0.006398,0.021984,-0.997963,True,0.037536,1.108495,0.001805,0.059888,0.009681,0.020184,-0.997954
4.843,True,-0.029013,1.115762,-0.000113,0.059777,-0.006387,0.022052,-0.997948,True,0.037558,1.108558,0.001812,0.060118,0.009692,0.020248,-0.997939
4.854,True,-0.029002,1.115803,-0.000106,0.059529,-0.006064,0.022002,-0.997966,True,0.037570,1.108600,0.001816,0.059869,0.010014,0.020196,-0.997952
4.865,True,-0.028993,1.115833,-0.000107,0.059386,-0.006003,0.022051,-0.997973,True,0.037578,1.108622,0.001811,0.059727,0.010074,0.020245,-0.997959
4.876,True,-0.028980,1.115829,-0.000125,0.059216,-0.005781,0.021871,-0.997989,True,0.037593,1.108639,0.001795,0.059556,0.010295,0.020064,-0.997970
4.887,True,-0.028981,1.115829,-0.000121,0.058953,-0.005611,0.021862,-0.998006,True,0.037593,1.108638,0.001800,0.059293,0.010465,0.020056,-0.997984
4.898,True,-0.028979,1.115815,-0.000123,0.058812,-0.005340,0.021821,-0.998016,True,0.037594,1.108624,0.001793,0.059152,0.010736,0.020017,-0.997991
4.909,True,-0.028986,1.115788,-0.000137,0.058440,-0.005093,0.021769,-0.998041,True,0.037587,1.108601,0.001782,0.058779,0.010983,0.019967,-0.998011
4.921,True,-0.029006,1.115778,-0.000127,0.058631,-0.004829,0.021792,-0.998030,True,0.037567,1.108583,0.001787,0.058971,0.011247,0.019991,-0.997996
4.932,True,-0.029026,1.115725,-0.000136,0.058340,-0.004591,0.021647,-0.998052,True,0.037548,1.108546,0.001781,0.058679,0.011485,0.019846,-0.998014
4.943,True,-0.029045,1.115714,-0.000134,0.058255,-0.004340,0.021552,-0.998060,True,0.037530,1.108544,0.001790,0.058593,0.011737,0.019754,-0.998018
4.954,True,-0.029060,1.115692,-0.000140,0.058234,-0.004070,0.021379,-0.998066,True,0.037518,1.108543,0.001791,0.058569,0.012007,0.019582,-0.998019
4.965,True,-0.029089,1.115599,-0.000147,0.058163,-0.004017,0.021114,-0.998076,True,0.037493,1.108486,0.001789,0.058494,0.012060,0.019318,-0.998028
4.976,True,-0.029117,1.115513,-0.000153,0.058187,-0.004027,0.020989,-0.998077,True,0.037466,1.108417,0.001789,0.058516,0.012051,0.019195,-0.998029
4.987,True,-0.029140,1.115498,-0.000147,0.057916,-0.003878,0.020837,-0.998097,True,0.037445,1.108420,0.001793,0.058243,0.012200,0.019046,-0.998046
4.998,True,-0.029138,1.115450,-0.000160,0.057874,-0.003734,0.020667,-0.998103,True,0.037449,1.108394,0.001794,0.058199,0.012345,0.018879,-0.998050
5.009,True,-0.029142,1.115416,-0.000155,0.057879,-0.003646,0.020580,-0.998105,True,0.037445,1.108370,0.001799,0.058202,0.012433,0.018793,-0.998051
5.021,True,-0.029140,1.115329,-0.000145,0.057899,-0.003506,0.020327,-0.998109,True,0.037451,1.108316,0.001811,0.058218,0.012573,0.018539,-0.998053
5.032,True,-0.029133,1.115298,-0.000127,0.057918,-0.003308,0.020312,-0.998109,True,0.037458,1.108285,0.001837,0.058237,0.012771,0.018525,-0.998049
5.043,True,-0.029133,1.115377,-0.000115,0.058143,-0.003307,0.020393,-0.998095,True,0.037457,1.108355,0.001860,0.058464,0.012772,0.018606,-0.998034
5.054,True,-0.029137,1.115428,-0.000098,0.058188,-0.003188,0.020587,-0.998088,True,0.037450,1.108379,0.001882,0.058512,0.012891,0.018799,-0.998027
5.065,True,-0.029135,1.115456,-0.000090,0.058433,-0.003058,0.020984,-0.998066,True,0.037445,1.108354,0.001901,0.058763,0.013021,0.019195,-0.998002
5.076,True,-0.029127,1.115525,-0.000067,0.058559,-0.003169,0.021396,-0.998050,True,0.037448,1.108368,0.001918,0.058896,0.012911,0.019608,-0.997988
5.087,True,-0.029107,1.115590,-0.000043,0.058351,-0.003380,0.021674,-0.998055,True,0.037464,1.108395,0.001920,0.058692,0.012700,0.019889,-0.997997
5.099,True,-0.029082,1.115543,-0.000048,0.058180,-0.003514,0.021619,-0.998066,True,0.037491,1.108354,0.001896,0.058521,0.012566,0.019837,-0.998010
5.110,True,-0.029049,1.115502,-0.000028,0.057944,-0.003599,0.021464,-0.998083,True,0.037526,1.108329,0.001883,0.058282,0.012483,0.019687,-0.998028
5.121,True,-0.029011,1.115451,-0.000021,0.057753,-0.003634,0.021327,-0.998097,True,0.037567,1.108294,0.001873,0.058089,0.012447,0.019553,-0.998042
5.132,True,-0.029025,1.115401,-0.000011,0.057663,-0.003234,0.021284,-0.998104,True,0.037552,1.108236,0.001843,0.058000,0.012848,0.019513,-0.998043
5.143,True,-0.028999,1.115370,-0.000030,0.057568,-0.003383,0.021505,-0.998104,True,0.037575,1.108179,0.001836,0.057908,0.012700,0.019736,-0.998046
5.154,True,-0.028986,1.115330,-0.000026,0.057568,-0.003350,0.021689,-0.998100,True,0.037586,1.108110,0.001818,0.057911,0.012732,0.019921,-0.998042
5.165,True,-0.028970,1.115268,-0.000017,0.057431,-0.003278,0.021606,-0.998110,True,0.037603,1.108053,0.001800,0.057773,0.012805,0.019842,-0.998051
5.176,True,-0.028969,1.115198,-0.000003,0.057270,-0.003474,0.021338,-0.998125,True,0.037609,1.108018,0.001792,0.057608,0.012610,0.019577,-0.998068
5.187,True,-0.028973,1.115145,-0.000010,0.057151,-0.003499,0.021122,-0.998136,True,0.037608,1.107995,0.001788,0.057485,0.012585,0.019362,-0.998079
5.199,True,-0.028993,1.115080,-0.000032,0.057057,-0.003319,0.020888,-0.998147,True,0.037591,1.107961,0.001779,0.057388,0.012765,0.019130,-0.998087
5.210,True,-0.029001,1.115059,-0.000058,0.057203,-0.002972,0.020936,-0.998139,True,0.037581,1.107932,0.001781,0.057535,0.013112,0.019176,-0.998073
5.221,True,-0.029047,1.115092,-0.000043,0.057031,-0.003104,0.020970,-0.998147,True,0.037535,1.107962,0.001792,0.057364,0.012981,0.019213,-0.998084
5.232,True,-0.029071,1.115091,-0.000064,0.057148,-0.002870,0.021051,-0.998140,True,0.037509,1.107949,0.001785,0.057482,0.013215,0.019294,-0.998073
5.243,True,-0.029095,1.115099,-0.000060,0.057105,-0.002758,0.020992,-0.998144,True,0.037486,1.107963,0.001791,0.057438,0.013327,0.019237,-0.998075
5.254,True,-0.029111,1.115074,-0.000065,0.057147,-0.002728,0.020874,-0.998144,True,0.037472,1.107954,0.001785,0.057478,0.013357,0.019119,-0.998074
5.265,True,-0.029141,1.115069,-0.000072,0.057119,-0.002722,0.020733,-0.998148,True,0.037444,1.107968,0.001784,0.057449,0.013364,0.018980,-0.998079
5.277,True,-0.029163,1.115061,-0.000087,0.057356,-0.002605,0.020488,-0.998140,True,0.037425,1.107993,0.001780,0.057681,0.013482,0.018736,-0.998068
5.288,True,-0.029186,1.115044,-0.000115,0.057364,-0.002353,0.020357,-0.998143,True,0.037403,1.107996,0.001781,0.057688,0.013733,0.018605,-0.998067
5.299,True,-0.029207,1.115023,-0.000127,0.057217,-0.002249,0.020457,-0.998150,True,0.037380,1.107962,0.001788,0.057542,0.013837,0.018705,-0.998072
5.310,True,-0.029235,1.115027,-0.000136,0.057288,-0.002151,0.020566,-0.998144,True,0.037251,1.108198,0.001803,0.057615,0.013935,0.018814,-0.998064
5.321,True,-0.029246,1.115032,-0.000153,0.057335,-0.002126,0.020642,-0.998139,True,0.037239,1.108194,0.001793,0.057663,0.013960,0.018891,-0.998060
5.332,True,-0.029252,1.114999,-0.000162,0.057323,-0.002217,0.020676,-0.998139,True,0.037233,1.108158,0.001785,0.057651,0.013870,0.018926,-0.998061
5.343,True,-0.029260,1.114990,-0.000165,0.057223,-0.002440,0.020585,-0.998146,True,0.037226,1.108164,0.001781,0.057549,0.013647,0.018836,-0.998072
5.354,True,-0.029263,1.115021,-0.000182,0.057339,-0.002584,0.020599,-0.998139,True,0.037223,1.108196,0.001767,0.057665,0.013503,0.018848,-0.998067
5.365,True,-0.029257,1.115037,-0.000201,0.057443,-0.002643,0.020567,-0.998133,True,0.037230,1.108219,0.001759,0.057769,0.013443,0.018814,-0.998062
5.376,True,-0.029262,1.115106,-0.000200,0.057636,-0.002967,0.020622,-0.998120,True,0.037224,1.108285,0.001751,0.057962,0.013119,0.018866,-0.998054
5.388,True,-0.029241,1.115183,-0.000210,0.057928,-0.003205,0.020644,-0.998102,True,0.037246,1.108363,0.001742,0.058253,0.012880,0.018883,-0.998040
5.398,True,-0.029211,1.115244,-0.000205,0.058176,-0.003327,0.020726,-0.998086,True,0.037275,1.108413,0.001735,0.058503,0.012758,0.018960,-0.998026
5.410,True,-0.029152,1.115297,-0.000230,0.058574,-0.003432,0.020661,-0.998063,True,0.037335,1.108477,0.001706,0.058899,0.012653,0.018890,-0.998005
5.421,True,-0.029118,1.115360,-0.000229,0.058846,-0.003557,0.020846,-0.998043,True,0.037368,1.108515,0.001689,0.059175,0.012528,0.019072,-0.997987
5.432,True,-0.029063,1.115391,-0.000234,0.059129,-0.003646,0.020980,-0.998023,True,0.037420,1.108525,0.001660,0.059460,0.012439,0.019203,-0.997969
5.443,True,-0.029006,1.115431,-0.000243,0.059378,-0.003684,0.021202,-0.998004,True,0.037475,1.108530,0.001615,0.059713,0.012401,0.019423,-0.997950
5.454,True,-0.028935,1.115444,-0.000283,0.059395,-0.003613,0.021294,-0.998001,True,0.037545,1.108529,0.001570,0.059731,0.012471,0.019514,-0.997946
5.465,True,-0.028937,1.115441,-0.000264,0.059425,-0.003708,0.021353,-0.997998,True,0.037542,1.108514,0.001558,0.059762,0.012375,0.019571,-0.997944
5.476,True,-0.028905,1.115492,-0.000271,0.059579,-0.003584,0.021369,-0.997988,True,0.037574,1.108558,0.001530,0.059917,0.012499,0.019583,-0.997933
5.487,True,-0.028863,1.115573,-0.000294,0.059827,-0.003571,0.021472,-0.997971,True,0.037615,1.108625,0.001502,0.060167,0.012511,0.019684,-0.997916
5.499,True,-0.028857,1.115589,-0.000310,0.059992,-0.003565,0.021606,-0.997959,True,0.037619,1.108624,0.001491,0.060334,0.012517,0.019815,-0.997903
5.510,True,-0.028836,1.115653,-0.000334,0.060114,-0.003847,0.021789,-0.997946,True,0.037637,1.108667,0.001465,0.060458,0.012235,0.019995,-0.997895
5.521,True,-0.028839,1.115692,-0.000356,0.060143,-0.003891,0.021962,-0.997941,True,0.037633,1.108682,0.001432,0.060490,0.012191,0.020167,-0.997891
5.532,True,-0.028856,1.115694,-0.000377,0.060017,-0.003791,0.021999,-0.997948,True,0.037615,1.108677,0.001409,0.060365,0.012291,0.020206,-0.997896
5.543,True,-0.028872,1.115696,-0.000411,0.059968,-0.003792,0.021904,-0.997953,True,0.037600,1.108692,0.001375,0.060315,0.012290,0.020111,-0.997901
5.554,True,-0.028879,1.115738,-0.000445,0.060096,-0.003632,0.021988,-0.997944,True,0.037592,1.108722,0.001351,0.060444,0.012450,0.020194,-0.997890
5.565,True,-0.028918,1.115713,-0.000431,0.060107,-0.003621,0.021892,-0.997945,True,0.037554,1.108709,0.001362,0.060453,0.012461,0.020099,-0.997891
5.576,True,-0.028602,1.116367,-0.000326,0.060361,-0.003495,0.021661,-0.997935,True,0.037550,1.108713,0.001320,0.060704,0.012586,0.019864,-0.997879
5.588,True,-0.028618,1.116412,-0.000353,0.060410,-0.003380,0.021710,-0.997932,True,0.037533,1.108750,0.001295,0.060754,0.012703,0.019914,-0.997873
5.599,True,-0.028664,1.116377,-0.000384,0.060515,-0.003072,0.021488,-0.997931,True,0.037489,1.108739,0.001259,0.060856,0.013011,0.019692,-0.997868
5.610,True,-0.028682,1.116375,-0.000440,0.060567,-0.002768,0.021454,-0.997930,True,0.037472,1.108739,0.001215,0.060908,0.013315,0.019657,-0.997861
5.621,True,-0.028705,1.116378,-0.000482,0.060533,-0.002630,0.021390,-0.997934,True,0.037449,1.108749,0.001174,0.060873,0.013452,0.019594,-0.997863
5.637,True,-0.028742,1.116348,-0.000541,0.060561,-0.002384,0.021234,-0.997936,True,0.037415,1.108738,0.001123,0.060899,0.013699,0.019438,-0.997861
5.648,True,-0.028766,1.116353,-0.000579,0.060503,-0.002348,0.021255,-0.997939,True,0.037390,1.108740,0.001088,0.060842,0.013735,0.019460,-0.997863
5.659,True,-0.028782,1.116347,-0.000625,0.060509,-0.002313,0.021253,-0.997939,True,0.037374,1.108735,0.001051,0.060848,0.013769,0.019458,-0.997862
5.670,True,-0.028805,1.116350,-0.000662,0.060638,-0.002160,0.021254,-0.997931,True,0.037351,1.108737,0.001020,0.060977,0.013923,0.019458,-0.997852
5.681,True,-0.028833,1.116385,-0.000694,0.060689,-0.002045,0.021227,-0.997929,True,0.037323,1.108773,0.000986,0.061028,0.014037,0.019431,-0.997848
5.692,True,-0.028858,1.116368,-0.000737,0.061036,-0.001837,0.021127,-0.997910,True,0.037299,1.108769,0.000957,0.061374,0.014245,0.019327,-0.997826
5.704,True,-0.028884,1.116356,-0.000795,0.061106,-0.001701,0.020967,-0.997910,True,0.037276,1.108779,0.000916,0.061441,0.014381,0.019167,-0.997823
5.715,True,-0.028911,1.116384,-0.000849,0.060967,-0.001578,0.020993,-0.997918,True,0.037248,1.108806,0.000884,0.061303,0.014504,0.019194,-0.997829
5.726,True,-0.028942,1.116373,-0.000897,0.060903,-0.001394,0.020932,-0.997923,True,0.037217,1.108802,0.000846,0.061238,0.014688,0.019133,-0.997832
5.737,True,-0.028962,1.116340,-0.000941,0.060761,-0.001191,0.020825,-0.997934,True,0.037198,1.108781,0.000810,0.061095,0.014891,0.019027,-0.997840
5.748,True,-0.028956,1.116256,-0.000984,0.060857,-0.001051,0.020733,-0.997931,True,0.037205,1.108709,0.000775,0.061190,0.015032,0.018936,-0.997833
5.759,True,-0.028937,1.116240,-0.001010,0.060923,-0.000987,0.020627,-0.997929,True,0.037226,1.108706,0.000749,0.061254,0.015095,0.018829,-0.997830
5.770,True,-0.028925,1.116310,-0.001034,0.061105,-0.001031,0.020659,-0.997917,True,0.037237,1.108771,0.000711,0.061436,0.015051,0.018859,-0.997819
5.781,True,-0.028920,1.116425,-0.001059,0.061427,-0.001015,0.020804,-0.997894,True,0.037240,1.108867,0.000690,0.061761,0.015067,0.019001,-0.997796
5.792,True,-0.028912,1.116550,-0.001076,0.061743,-0.001053,0.021189,-0.997867,True,0.037243,1.108942,0.000677,0.062083,0.015029,0.019382,-0.997770
5.803,True,-0.028900,1.116677,-0.001107,0.062005,-0.001102,0.021482,-0.997844,True,0.037250,1.109031,0.000645,0.062350,0.014979,0.019672,-0.997748
5.815,True,-0.028891,1.116750,-0.001118,0.061996,-0.001153,0.021590,-0.997842,True,0.037258,1.109087,0.000619,0.062342,0.014929,0.019780,-0.997747
5.826,True,-0.028869,1.116765,-0.001148,0.061694,-0.001355,0.021413,-0.997865,True,0.037283,1.109124,0.000561,0.062037,0.014726,0.019603,-0.997773
5.837,True,-0.028838,1.116725,-0.001184,0.061422,-0.001366,0.021193,-0.997886,True,0.037318,1.109114,0.000525,0.061762,0.014715,0.019385,-0.997794
5.848,True,-0.028819,1.116684,-0.001228,0.061387,-0.001060,0.021112,-0.997890,True,0.037337,1.109079,0.000485,0.061726,0.015021,0.019304,-0.997793
5.859,True,-0.028819,1.116650,-0.001266,0.061232,-0.000970,0.021219,-0.997898,True,0.037335,1.109030,0.000449,0.061573,0.015111,0.019414,-0.997799
5.870,True,-0.028815,1.116638,-0.001302,0.061126,-0.001096,0.021514,-0.997898,True,0.037335,1.108979,0.000409,0.061472,0.014985,0.019711,-0.997802
5.881,True,-0.028792,1.116593,-0.001333,0.061010,-0.001029,0.021481,-0.997905,True,0.037358,1.108936,0.000366,0.061355,0.015051,0.019678,-0.997809
5.892,True,-0.028781,1.116562,-0.001348,0.060844,-0.000973,0.021547,-0.997914,True,0.037368,1.108895,0.000346,0.061190,0.015108,0.019744,-0.997817
5.903,True,-0.028769,1.116502,-0.001364,0.060775,-0.000878,0.021403,-0.997922,True,0.037382,1.108852,0.000327,0.061120,0.015202,0.019600,-0.997822
5.915,True,-0.028761,1.116509,-0.001385,0.060835,-0.000769,0.021447,-0.997917,True,0.037389,1.108853,0.000312,0.061180,0.015310,0.019643,-0.997816
5.926,True,-0.028750,1.116526,-0.001410,0.060794,-0.000591,0.021518,-0.997918,True,0.037399,1.108859,0.000296,0.061141,0.015488,0.019713,-0.997814
5.937,True,-0.028736,1.116562,-0.001423,0.060975,-0.000347,0.021694,-0.997904,True,0.037409,1.108869,0.000295,0.061325,0.015732,0.019887,-0.997796
5.948,True,-0.028702,1.116620,-0.001450,0.061047,-0.000254,0.021933,-0.997894,True,0.037440,1.108896,0.000275,0.061402,0.015824,0.020122,-0.997785
5.959,True,-0.028676,1.116665,-0.001459,0.061030,-0.000349,0.022118,-0.997891,True,0.037463,1.108915,0.000251,0.061387,0.015729,0.020305,-0.997784
5.970,True,-0.028626,1.116704,-0.001480,0.061167,-0.000409,0.022268,-0.997879,True,0.037511,1.108933,0.000217,0.061527,0.015668,0.020453,-0.997773
5.981,True,-0.028574,1.116699,-0.001477,0.061259,-0.000599,0.022268,-0.997873,True,0.037564,1.108927,0.000193,0.061619,0.015478,0.020450,-0.997770
5.992,True,-0.028514,1.116693,-0.001475,0.061817,-0.001058,0.022112,-0.997842,True,0.037626,1.108944,0.000172,0.062173,0.015019,0.020290,-0.997746
6.003,True,-0.028445,1.116697,-0.001493,0.062118,-0.001038,0.021965,-0.997827,True,0.037698,1.108967,0.000145,0.062472,0.015039,0.020140,-0.997730
6.015,True,-0.028417,1.116736,-0.001488,0.062203,-0.001076,0.022014,-0.997820,True,0.037726,1.108998,0.000139,0.062558,0.015000,0.020184,-0.997725
6.026,True,-0.028378,1.116770,-0.001505,0.062663,-0.001411,0.022216,-0.997787,True,0.037762,1.109009,0.000117,0.063020,0.014665,0.020382,-0.997696
6.037,True,-0.028342,1.116826,-0.001507,0.062801,-0.001372,0.022283,-0.997776,True,0.037797,1.109053,0.000100,0.063160,0.014703,0.020445,-0.997686
6.048,True,-0.028296,1.116877,-0.001513,0.063065,-0.001509,0.022204,-0.997761,True,0.037844,1.109115,0.000086,0.063423,0.014566,0.020363,-0.997673
6.059,True,-0.028257,1.116921,-0.001501,0.063385,-0.001698,0.022051,-0.997744,True,0.037887,1.109180,0.000079,0.063740,0.014377,0.020207,-0.997658
6.070,True,-0.028225,1.116957,-0.001519,0.063780,-0.001846,0.021971,-0.997720,True,0.037920,1.109229,0.000063,0.064133,0.014229,0.020122,-0.997637
6.082,True,-0.028180,1.117032,-0.001537,0.063981,-0.001791,0.021839,-0.997711,True,0.037967,1.109324,0.000063,0.064332,0.014284,0.019989,-0.997626
6.093,True,-0.028148,1.117138,-0.001528,0.064530,-0.001951,0.022071,-0.997670,True,0.038070,1.108977,0.000060,0.064884,0.014125,0.020216,-0.997588
6.104,True,-0.028134,1.117196,-0.001531,0.064806,-0.001951,0.022218,-0.997649,True,0.038081,1.109016,0.000058,0.065162,0.014124,0.020360,-0.997567
6.115,True,-0.028107,1.117279,-0.001523,0.065230,-0.001959,0.022352,-0.997618,True,0.038106,1.109080,0.000060,0.065589,0.014116,0.020491,-0.997537
6.126,True,-0.028058,1.117341,-0.001518,0.065341,-0.001917,0.022507,-0.997607,True,0.038153,1.109122,0.000073,0.065703,0.014158,0.020645,-0.997525
6.137,True,-0.028018,1.117352,-0.001521,0.065471,-0.001926,0.022579,-0.997597,True,0.038192,1.109123,0.000068,0.065834,0.014149,0.020716,-0.997515
6.148,True,-0.027973,1.117374,-0.001511,0.065700,-0.001883,0.022696,-0.997580,True,0.038234,1.109128,0.000075,0.066065,0.014192,0.020832,-0.997497
6.159,True,-0.027909,1.117407,-0.001496,0.065940,-0.001925,0.022973,-0.997557,True,0.038294,1.109124,0.000088,0.066309,0.014150,0.021106,-0.997476
6.170,True,-0.027858,1.117416,-0.001482,0.066056,-0.002062,0.023125,-0.997546,True,0.038343,1.109115,0.000100,0.066427,0.014013,0.021257,-0.997466
6.182,True,-0.027805,1.117422,-0.001469,0.066310,-0.002266,0.023277,-0.997525,True,0.038393,1.109104,0.000110,0.066682,0.013809,0.021406,-0.997449
6.193,True,-0.027742,1.117440,-0.001454,0.066436,-0.002339,0.023401,-0.997514,True,0.038454,1.109107,0.000131,0.066810,0.013736,0.021530,-0.997439
6.204,True,-0.027717,1.117398,-0.001437,0.066475,-0.002398,0.023500,-0.997509,True,0.038478,1.109052,0.000141,0.066851,0.013678,0.021628,-0.997435
6.215,True,-0.027668,1.117412,-0.001407,0.066524,-0.002294,0.023661,-0.997502,True,0.038524,1.109043,0.000169,0.066903,0.013781,0.021788,-0.997426
6.226,True,-0.027632,1.117398,-0.001406,0.066610,-0.002371,0.023760,-0.997493,True,0.038558,1.109016,0.000167,0.066990,0.013704,0.021888,-0.997419
6.237,True,-0.027588,1.117376,-0.001390,0.066524,-0.002409,0.023803,-0.997498,True,0.038602,1.108987,0.000173,0.066905,0.013667,0.021932,-0.997425
6.248,True,-0.027540,1.117342,-0.001371,0.066611,-0.002390,0.023873,-0.997491,True,0.038649,1.108943,0.000191,0.066994,0.013686,0.022004,-0.997417
6.259,True,-0.027480,1.117308,-0.001336,0.066439,-0.002357,0.023970,-0.997500,True,0.038707,1.108891,0.000207,0.066823,0.013720,0.022106,-0.997426
6.270,True,-0.027438,1.117239,-0.001347,0.066149,-0.002406,0.023997,-0.997518,True,0.038748,1.108816,0.000179,0.066533,0.013671,0.022138,-0.997445
6.281,True,-0.027380,1.117189,-0.001334,0.065945,-0.002561,0.024101,-0.997529,True,0.038805,1.108751,0.000173,0.066332,0.013518,0.022249,-0.997458
6.293,True,-0.027352,1.117122,-0.001319,0.065734,-0.002783,0.024146,-0.997541,True,0.038833,1.108676,0.000161,0.066120,0.013297,0.022299,-0.997474
6.304,True,-0.027337,1.117043,-0.001314,0.065519,-0.003017,0.024251,-0.997552,True,0.038846,1.108580,0.000135,0.065907,0.013063,0.022410,-0.997489
6.315,True,-0.027261,1.116992,-0.001306,0.065317,-0.003314,0.024460,-0.997559,True,0.038919,1.108502,0.000119,0.065708,0.012767,0.022624,-0.997501
6.326,True,-0.027213,1.116937,-0.001283,0.064989,-0.003718,0.024471,-0.997579,True,0.038968,1.108443,0.000099,0.065380,0.012364,0.022639,-0.997527
6.337,True,-0.027154,1.116869,-0.001293,0.064705,-0.004087,0.024410,-0.997598,True,0.039028,1.108382,0.000051,0.065094,0.011996,0.022580,-0.997552
6.348,True,-0.027086,1.116856,-0.001280,0.064494,-0.004624,0.024370,-0.997610,True,0.039098,1.108374,0.000019,0.064882,0.011458,0.022543,-0.997573
6.359,True,-0.027034,1.116806,-0.001289,0.064300,-0.004940,0.024194,-0.997625,True,0.039153,1.108348,-0.000020,0.064685,0.011143,0.022368,-0.997593
6.370,True,-0.026984,1.116756,-0.001282,0.064088,-0.005357,0.024001,-0.997641,True,0.039207,1.108323,-0.000051,0.064470,0.010726,0.022177,-0.997616
6.381,True,-0.026930,1.116720,-0.001290,0.063975,-0.005465,0.023822,-0.997652,True,0.039264,1.108309,-0.000077,0.064353,0.010617,0.021997,-0.997628
6.392,True,-0.026895,1.116711,-0.001305,0.063600,-0.005461,0.023771,-0.997677,True,0.039301,1.108306,-0.000103,0.063977,0.010621,0.021947,-0.997654
6.404,True,-0.026863,1.116711,-0.001320,0.063479,-0.005550,0.023732,-0.997686,True,0.039333,1.108310,-0.000131,0.063856,0.010530,0.021906,-0.997663
6.415,True,-0.026827,1.116724,-0.001317,0.063582,-0.005541,0.023673,-0.997680,True,0.039370,1.108329,-0.000136,0.063958,0.010539,0.021843,-0.997658
6.426,True,-0.026811,1.116711,-0.001314,0.063671,-0.005534,0.023627,-0.997676,True,0.039387,1.108321,-0.000140,0.064046,0.010545,0.021794,-0.997653
6.437,True,-0.026769,1.116715,-0.001322,0.063937,-0.005373,0.023402,-0.997665,True,0.039432,1.108354,-0.000143,0.064309,0.010706,0.021564,-0.997640
6.449,True,-0.026753,1.116850,-0.001322,0.063896,-0.005004,0.023389,-0.997670,True,0.039448,1.108486,-0.000140,0.064269,0.011073,0.021547,-0.997639
6.459,True,-0.026765,1.116948,-0.001335,0.064027,-0.004773,0.023405,-0.997662,True,0.039435,1.108581,-0.000138,0.064401,0.011303,0.021559,-0.997627
6.470,True,-0.026766,1.117076,-0.001353,0.064326,-0.004509,0.023653,-0.997638,True,0.039430,1.108678,-0.000124,0.064704,0.011566,0.021802,-0.997599
6.481,True,-0.026777,1.117211,-0.001357,0.064460,-0.004453,0.023960,-0.997623,True,0.039413,1.108774,-0.000112,0.064843,0.011621,0.022105,-0.997583
6.492,True,-0.026772,1.117352,-0.001384,0.064500,-0.004237,0.024258,-0.997614,True,0.039413,1.108877,-0.000112,0.064888,0.011837,0.022401,-0.997571
6.504,True,-0.026807,1.117350,-0.001402,0.064191,-0.004032,0.024099,-0.997639,True,0.039380,1.108892,-0.000135,0.064577,0.012041,0.022242,-0.997592
6.515,True,-0.026817,1.117361,-0.001441,0.064067,-0.003906,0.024038,-0.997648,True,0.039371,1.108914,-0.000147,0.064452,0.012167,0.022180,-0.997600
6.526,True,-0.026851,1.117350,-0.001461,0.064059,-0.003873,0.023970,-0.997651,True,0.039338,1.108913,-0.000160,0.064443,0.012200,0.022114,-0.997602
6.537,True,-0.026892,1.117266,-0.001511,0.063829,-0.003541,0.024018,-0.997666,True,0.039296,1.108823,-0.000176,0.064214,0.012532,0.022164,-0.997611
6.548,True,-0.026934,1.117228,-0.001550,0.063852,-0.003143,0.024164,-0.997662,True,0.039251,1.108763,-0.000201,0.064240,0.012930,0.022311,-0.997601
6.559,True,-0.026948,1.117176,-0.001593,0.063779,-0.002922,0.024281,-0.997664,True,0.039234,1.108694,-0.000231,0.064170,0.013151,0.022429,-0.997600
6.570,True,-0.026968,1.117128,-0.001634,0.063559,-0.002822,0.024322,-0.997678,True,0.039214,1.108640,-0.000267,0.063950,0.013250,0.022470,-0.997612
6.581,True,-0.026899,1.117341,-0.001622,0.063666,-0.002769,0.024205,-0.997674,True,0.039176,1.108655,-0.000288,0.064055,0.013304,0.022354,-0.997607
6.593,True,-0.026935,1.117329,-0.001669,0.063783,-0.002615,0.024014,-0.997671,True,0.039143,1.108670,-0.000316,0.064170,0.013458,0.022161,-0.997602
6.604,True,-0.026980,1.117345,-0.001721,0.063912,-0.002440,0.023942,-0.997665,True,0.039099,1.108696,-0.000350,0.064297,0.013632,0.022086,-0.997593
6.615,True,-0.027040,1.117378,-0.001769,0.064005,-0.002318,0.023836,-0.997662,True,0.039041,1.108745,-0.000378,0.064389,0.013754,0.021978,-0.997588
6.629,True,-0.027124,1.117453,-0.001872,0.064315,-0.001818,0.023617,-0.997649,True,0.038960,1.108848,-0.000448,0.064696,0.014252,0.021752,-0.997566
6.640,True,-0.027195,1.117522,-0.001899,0.064582,-0.001615,0.023573,-0.997633,True,0.038889,1.108921,-0.000461,0.064963,0.014455,0.021704,-0.997547
6.652,True,-0.027257,1.117542,-0.001931,0.064642,-0.001443,0.023446,-0.997632,True,0.038829,1.108957,-0.000487,0.065022,0.014627,0.021576,-0.997543
6.663,True,-0.027309,1.117522,-0.001985,0.064471,-0.001163,0.023241,-0.997648,True,0.038780,1.108962,-0.000526,0.064847,0.014906,0.021371,-0.997555
6.674,True,-0.027393,1.117508,-0.002020,0.064397,-0.001146,0.022857,-0.997662,True,0.038703,1.108999,-0.000564,0.064767,0.014923,0.020988,-0.997568
6.685,True,-0.027458,1.117486,-0.002078,0.064212,-0.000613,0.022567,-0.997681,True,0.038641,1.109013,-0.000594,0.064579,0.015456,0.020700,-0.997578
6.696,True,-0.027531,1.117380,-0.002148,0.064157,-0.000389,0.022395,-0.997688,True,0.038571,1.108929,-0.000645,0.064521,0.015680,0.020529,-0.997582
6.707,True,-0.027612,1.117352,-0.002191,0.064180,-0.000141,0.022354,-0.997688,True,0.038490,1.108907,-0.000667,0.064544,0.015928,0.020488,-0.997577
6.718,True,-0.027682,1.117335,-0.002241,0.064175,0.000047,0.022374,-0.997688,True,0.038420,1.108889,-0.000693,0.064539,0.016117,0.020510,-0.997574
6.729,True,-0.027730,1.117281,-0.002308,0.064322,0.000168,0.022268,-0.997681,True,0.038373,1.108848,-0.000754,0.064684,0.016239,0.020405,-0.997565
6.741,True,-0.027782,1.117253,-0.002354,0.064319,0.000431,0.022047,-0.997686,True,0.038324,1.108847,-0.000790,0.064679,0.016502,0.020186,-0.997565
6.752,True,-0.027857,1.117203,-0.002464,0.064236,0.000842,0.021849,-0.997695,True,0.038252,1.108821,-0.000877,0.064593,0.016913,0.019989,-0.997568
6.769,True,-0.027857,1.117203,-0.002464,0.064236,0.000842,0.021849,-0.997695,True,0.038252,1.108821,-0.000877,0.064593,0.016913,0.019989,-0.997568
6.785,True,-0.027909,1.117259,-0.002513,0.064054,0.001038,0.021911,-0.997705,True,0.038198,1.108868,-0.000917,0.064412,0.017109,0.020053,-0.997575
6.796,True,-0.027913,1.117276,-0.002553,0.063974,0.001219,0.021942,-0.997710,True,0.038193,1.108878,-0.000956,0.064334,0.017289,0.020085,-0.997577
6.807,True,-0.027913,1.117329,-0.002591,0.063996,0.001070,0.022061,-0.997706,True,0.038192,1.108915,-0.001012,0.064357,0.017140,0.020202,-0.997575
6.818,True,-0.027894,1.117366,-0.002617,0.064035,0.000902,0.022059,-0.997703,True,0.038211,1.108952,-0.001049,0.064396,0.016972,0.020197,-0.997576
6.829,True,-0.027872,1.117385,-0.002630,0.064251,0.000864,0.022092,-0.997689,True,0.038233,1.108963,-0.001085,0.064613,0.016933,0.020228,-0.997562
6.841,True,-0.027837,1.117444,-0.002650,0.064396,0.000697,0.022178,-0.997678,True,0.038266,1.109011,-0.001121,0.064759,0.016766,0.020311,-0.997553
6.852,True,-0.027803,1.117501,-0.002668,0.064362,0.000140,0.022334,-0.997677,True,0.038299,1.109052,-0.001160,0.064727,0.016209,0.020464,-0.997562
6.863,True,-0.027755,1.117486,-0.002704,0.064586,-0.000187,0.022480,-0.997659,True,0.038345,1.109019,-0.001213,0.064952,0.015881,0.020607,-0.997549
6.874,True,-0.027726,1.117514,-0.002714,0.064672,-0.000212,0.022545,-0.997652,True,0.038373,1.109035,-0.001247,0.065039,0.015856,0.020669,-0.997543
6.885,True,-0.027698,1.117551,-0.002724,0.064536,-0.000480,0.022681,-0.997658,True,0.038399,1.109054,-0.001276,0.064906,0.015587,0.020804,-0.997553
6.896,True,-0.027662,1.117527,-0.002748,0.064499,-0.000735,0.022825,-0.997656,True,0.038433,1.109011,-0.001319,0.064871,0.015331,0.020946,-0.997556
6.907,True,-0.027615,1.117557,-0.002768,0.064619,-0.000943,0.023104,-0.997642,True,0.038476,1.109005,-0.001353,0.064994,0.015123,0.021223,-0.997545
6.918,True,-0.027567,1.117563,-0.002773,0.064533,-0.001249,0.023316,-0.997642,True,0.038521,1.108982,-0.001391,0.064912,0.014817,0.021435,-0.997551
6.929,True,-0.027511,1.117529,-0.002788,0.064373,-0.001568,0.023494,-0.997648,True,0.038574,1.108922,-0.001440,0.064754,0.014498,0.021615,-0.997562
6.941,True,-0.027454,1.117529,-0.002792,0.064213,-0.001799,0.023635,-0.997655,True,0.038629,1.108899,-0.001489,0.064596,0.014267,0.021759,-0.997572
6.952,True,-0.027391,1.117509,-0.002805,0.064183,-0.001967,0.023543,-0.997659,True,0.038693,1.108889,-0.001533,0.064565,0.014100,0.021668,-0.997579
6.963,True,-0.027347,1.117486,-0.002822,0.064040,-0.002143,0.023610,-0.997666,True,0.038737,1.108853,-0.001581,0.064423,0.013924,0.021737,-0.997589
6.974,True,-0.027304,1.117486,-0.002841,0.064037,-0.002208,0.023615,-0.997666,True,0.038780,1.108850,-0.001620,0.064420,0.013858,0.021741,-0.997590
6.985,True,-0.027277,1.117522,-0.002839,0.063825,-0.002208,0.023605,-0.997680,True,0.038806,1.108885,-0.001633,0.064208,0.013858,0.021733,-0.997604
6.996,True,-0.027259,1.117492,-0.002867,0.063751,-0.002258,0.023661,-0.997683,True,0.038824,1.108847,-0.001667,0.064135,0.013807,0.021787,-0.997608
7.008,True,-0.027239,1.117511,-0.002874,0.063659,-0.002370,0.023731,-0.997687,True,0.038843,1.108857,-0.001682,0.064044,0.013695,0.021856,-0.997614
7.019,True,-0.027207,1.117536,-0.002886,0.063576,-0.002454,0.023829,-0.997689,True,0.038874,1.108869,-0.001702,0.063963,0.013611,0.021954,-0.997618
7.030,True,-0.027194,1.117519,-0.002889,0.063521,-0.002475,0.023848,-0.997693,True,0.038886,1.108848,-0.001716,0.063908,0.013589,0.021972,-0.997621
7.041,True,-0.027167,1.117527,-0.002912,0.063682,-0.002458,0.023861,-0.997682,True,0.038912,1.108853,-0.001746,0.064069,0.013606,0.021982,-0.997611
7.052,True,-0.027146,1.117543,-0.002932,0.063884,-0.002449,0.023933,-0.997667,True,0.038932,1.108859,-0.001764,0.064273,0.013615,0.022052,-0.997596
7.063,True,-0.027134,1.117494,-0.002953,0.063979,-0.002482,0.024034,-0.997659,True,0.038943,1.108798,-0.001779,0.064369,0.013581,0.022152,-0.997588
7.074,True,-0.027113,1.117464,-0.002982,0.064167,-0.002579,0.024159,-0.997643,True,0.038962,1.108754,-0.001806,0.064559,0.013485,0.022276,-0.997574
7.085,True,-0.027073,1.117435,-0.003054,0.064459,-0.002654,0.024235,-0.997623,True,0.039000,1.108716,-0.001872,0.064851,0.013410,0.022351,-0.997555
7.096,True,-0.027039,1.117373,-0.003104,0.064376,-0.002682,0.024220,-0.997628,True,0.039035,1.108655,-0.001927,0.064769,0.013383,0.022336,-0.997561
7.107,True,-0.026982,1.117294,-0.003138,0.064692,-0.002913,0.024070,-0.997611,True,0.039095,1.108597,-0.001976,0.065082,0.013152,0.022184,-0.997547
7.119,True,-0.026921,1.117271,-0.003171,0.064865,-0.003032,0.023965,-0.997602,True,0.039157,1.108590,-0.002016,0.065253,0.013033,0.022078,-0.997539
7.130,True,-0.026871,1.117296,-0.003211,0.064981,-0.002962,0.023975,-0.997594,True,0.039208,1.108611,-0.002062,0.065369,0.013103,0.022085,-0.997531
7.141,True,-0.026813,1.117409,-0.003235,0.065056,-0.003068,0.024268,-0.997582,True,0.039260,1.108683,-0.002101,0.065449,0.012996,0.022376,-0.997520
7.152,True,-0.026747,1.117520,-0.003273,0.065406,-0.003098,0.024743,-0.997547,True,0.039319,1.108732,-0.002137,0.065806,0.012965,0.022847,-0.997487
7.163,True,-0.026696,1.117591,-0.003300,0.065589,-0.003291,0.025142,-0.997525,True,0.039362,1.108749,-0.002183,0.065996,0.012771,0.023243,-0.997467
7.174,True,-0.026635,1.117715,-0.003333,0.065577,-0.003436,0.025419,-0.997518,True,0.039418,1.108833,-0.002242,0.065988,0.012626,0.023519,-0.997463
7.185,True,-0.026583,1.117795,-0.003359,0.065491,-0.003879,0.025543,-0.997519,True,0.039469,1.108898,-0.002303,0.065903,0.012183,0.023643,-0.997472
7.196,True,-0.026541,1.117759,-0.003387,0.065470,-0.004155,0.025401,-0.997523,True,0.039514,1.108877,-0.002369,0.065880,0.011908,0.023501,-0.997480
7.207,True,-0.026487,1.117740,-0.003435,0.065379,-0.004095,0.025293,-0.997532,True,0.039570,1.108870,-0.002430,0.065787,0.011967,0.023395,-0.997488
7.219,True,-0.026454,1.117729,-0.003473,0.065138,-0.004049,0.025287,-0.997548,True,0.039602,1.108855,-0.002491,0.065547,0.012013,0.023392,-0.997503
7.230,True,-0.026442,1.117642,-0.003521,0.064763,-0.004277,0.025342,-0.997570,True,0.039613,1.108761,-0.002558,0.065172,0.011785,0.023449,-0.997529
7.241,True,-0.026418,1.117583,-0.003566,0.064572,-0.004363,0.025482,-0.997578,True,0.039635,1.108680,-0.002622,0.064984,0.011700,0.023592,-0.997539
7.252,True,-0.026387,1.117506,-0.003604,0.064340,-0.004458,0.025438,-0.997594,True,0.039666,1.108607,-0.002682,0.064750,0.011605,0.023552,-0.997556
7.263,True,-0.026365,1.117419,-0.003627,0.064144,-0.004734,0.025382,-0.997607,True,0.039690,1.108527,-0.002731,0.064553,0.011329,0.023498,-0.997573
7.274,True,-0.026350,1.117348,-0.003671,0.063875,-0.004775,0.025204,-0.997628,True,0.039709,1.108479,-0.002784,0.064282,0.011288,0.023323,-0.997595
7.285,True,-0.026333,1.117300,-0.003722,0.063660,-0.004462,0.025049,-0.997647,True,0.039728,1.108449,-0.002825,0.064065,0.011601,0.023170,-0.997609
7.296,True,-0.026331,1.117239,-0.003744,0.063591,-0.004324,0.024940,-0.997655,True,0.039731,1.108402,-0.002843,0.063995,0.011739,0.023061,-0.997615
7.307,True,-0.026348,1.117244,-0.003776,0.063426,-0.004169,0.024809,-0.997669,True,0.039716,1.108422,-0.002871,0.063828,0.011893,0.022931,-0.997627
7.319,True,-0.026360,1.117284,-0.003803,0.063341,-0.004059,0.024741,-0.997677,True,0.039705,1.108473,-0.002882,0.063742,0.012003,0.022864,-0.997632
7.329,True,-0.026382,1.117293,-0.003819,0.063356,-0.004140,0.024607,-0.997679,True,0.039686,1.108503,-0.002887,0.063754,0.011923,0.022729,-0.997636
7.340,True,-0.026401,1.117299,-0.003858,0.063404,-0.003860,0.024448,-0.997681,True,0.039669,1.108530,-0.002903,0.063800,0.012203,0.022570,-0.997633
7.352,True,-0.026430,1.117296,-0.003879,0.063210,-0.003658,0.024302,-0.997698,True,0.039642,1.108545,-0.002914,0.063604,0.012405,0.022426,-0.997646
7.363,True,-0.026449,1.117244,-0.003923,0.062889,-0.003176,0.024134,-0.997724,True,0.039626,1.108514,-0.002923,0.063281,0.012886,0.022260,-0.997664
7.374,True,-0.026490,1.117200,-0.003947,0.062678,-0.002682,0.023906,-0.997744,True,0.039589,1.108497,-0.002930,0.063068,0.013381,0.022035,-0.997676
7.385,True,-0.026531,1.117141,-0.003984,0.062481,-0.002577,0.023824,-0.997758,True,0.039549,1.108454,-0.002927,0.062869,0.013486,0.021956,-0.997689
7.396,True,-0.026565,1.117058,-0.004013,0.061962,-0.001815,0.023859,-0.997792,True,0.039513,1.108361,-0.002923,0.062352,0.014247,0.021995,-0.997710
7.407,True,-0.026605,1.116999,-0.004034,0.061804,-0.001708,0.023907,-0.997801,True,0.039472,1.108297,-0.002926,0.062195,0.014355,0.022047,-0.997717
7.418,True,-0.026629,1.116949,-0.004057,0.061223,-0.001231,0.023882,-0.997838,True,0.039448,1.108248,-0.002923,0.061615,0.014831,0.022027,-0.997747
7.430,True,-0.026649,1.116852,-0.004072,0.060858,-0.001020,0.023779,-0.997863,True,0.039429,1.108163,-0.002929,0.061248,0.015042,0.021927,-0.997768
7.441,True,-0.026680,1.116809,-0.004078,0.060630,-0.000764,0.023680,-0.997879,True,0.039399,1.108130,-0.002929,0.061019,0.015298,0.021831,-0.997781
7.452,True,-0.026696,1.116800,-0.004085,0.060427,-0.000612,0.023529,-0.997895,True,0.039385,1.108142,-0.002918,0.060814,0.015450,0.021682,-0.997794
7.463,True,-0.026703,1.116790,-0.004082,0.060394,-0.000226,0.023451,-0.997899,True,0.039380,1.108139,-0.002904,0.060780,0.015836,0.021605,-0.997792
7.474,True,-0.026718,1.116798,-0.004070,0.060454,-0.000126,0.023326,-0.997898,True,0.039367,1.108164,-0.002884,0.060839,0.015936,0.021481,-0.997789
7.485,True,-0.026730,1.116814,-0.004044,0.060494,-0.000136,0.023248,-0.997898,True,0.039356,1.108190,-0.002859,0.060878,0.015927,0.021403,-0.997789
7.497,True,-0.026711,1.116793,-0.004014,0.060599,-0.000179,0.023114,-0.997895,True,0.039377,1.108188,-0.002825,0.060980,0.015884,0.021268,-0.997786
7.507,True,-0.026724,1.116801,-0.003954,0.060670,-0.000316,0.023078,-0.997891,True,0.039365,1.108199,-0.002786,0.061051,0.015747,0.021231,-0.997785
7.519,True,-0.026682,1.116837,-0.003916,0.060870,-0.000275,0.023112,-0.997878,True,0.039406,1.108231,-0.002742,0.061251,0.015787,0.021262,-0.997771
7.530,True,-0.026662,1.116860,-0.003858,0.060991,-0.000225,0.023237,-0.997868,True,0.039424,1.108234,-0.002700,0.061374,0.015837,0.021385,-0.997760
7.541,True,-0.026637,1.116870,-0.003794,0.061106,-0.000091,0.023233,-0.997861,True,0.039449,1.108240,-0.002647,0.061489,0.015971,0.021379,-0.997751
7.552,True,-0.026631,1.116894,-0.003718,0.061241,-0.000245,0.023291,-0.997851,True,0.039454,1.108255,-0.002591,0.061625,0.015815,0.021435,-0.997744
7.563,True,-0.026628,1.116883,-0.003692,0.061161,0.000032,0.023295,-0.997856,True,0.039457,1.108240,-0.002564,0.061546,0.016092,0.021438,-0.997744
7.574,True,-0.026614,1.116880,-0.003590,0.061194,-0.000147,0.023371,-0.997852,True,0.039469,1.108225,-0.002485,0.061580,0.015913,0.021514,-0.997743
7.585,True,-0.026595,1.116855,-0.003532,0.061237,-0.000165,0.023386,-0.997849,True,0.039488,1.108197,-0.002432,0.061624,0.015895,0.021528,-0.997741
7.596,True,-0.028854,1.112281,-0.004290,0.061077,0.000000,0.023456,-0.997857,True,0.039502,1.108152,-0.002384,0.061466,0.016059,0.021598,-0.997746
7.607,True,-0.028845,1.112278,-0.004217,0.060933,-0.000060,0.023639,-0.997862,True,0.039509,1.108122,-0.002325,0.061324,0.016000,0.021784,-0.997752
7.618,True,-0.028843,1.112257,-0.004132,0.060739,-0.000293,0.023764,-0.997871,True,0.039511,1.108083,-0.002257,0.061132,0.015766,0.021911,-0.997765
7.629,True,-0.028832,1.112191,-0.004066,0.060518,-0.000120,0.023785,-0.997884,True,0.039522,1.108010,-0.002198,0.060912,0.015940,0.021935,-0.997775
7.641,True,-0.028837,1.112166,-0.003986,0.060181,-0.000424,0.023926,-0.997901,True,0.039516,1.107968,-0.002126,0.060576,0.015636,0.022080,-0.997797
7.652,True,-0.028852,1.112102,-0.003912,0.059977,-0.000262,0.023914,-0.997913,True,0.039501,1.107903,-0.002052,0.060373,0.015798,0.022071,-0.997807
7.663,True,-0.028867,1.112046,-0.003855,0.059645,-0.000391,0.024075,-0.997929,True,0.039485,1.107826,-0.002000,0.060043,0.015669,0.022235,-0.997825
7.674,True,-0.028869,1.111987,-0.003782,0.059234,-0.000371,0.024204,-0.997951,True,0.039482,1.107747,-0.001926,0.059635,0.015690,0.022370,-0.997846
7.685,True,-0.028875,1.111920,-0.003704,0.058763,-0.000263,0.024304,-0.997976,True,0.039475,1.107662,-0.001862,0.059166,0.015798,0.022475,-0.997870
7.696,True,-0.028887,1.111848,-0.003638,0.058368,-0.000291,0.024550,-0.997993,True,0.039461,1.107555,-0.001801,0.058775,0.015771,0.022727,-0.997888
7.707,True,-0.028887,1.111771,-0.003554,0.058065,-0.000066,0.024693,-0.998007,True,0.039459,1.107452,-0.001727,0.058474,0.015996,0.022876,-0.997899
7.718,True,-0.028894,1.111664,-0.003483,0.057736,-0.000096,0.024645,-0.998028,True,0.039453,1.107350,-0.001665,0.058145,0.015966,0.022832,-0.997919
7.729,True,-0.028900,1.111644,-0.003439,0.057346,0.000129,0.025222,-0.998036,True,0.039442,1.107247,-0.001612,0.057765,0.016191,0.023415,-0.997924
7.740,True,-0.028892,1.111590,-0.003378,0.057229,0.000306,0.025423,-0.998037,True,0.039447,1.107160,-0.001562,0.057652,0.016368,0.023620,-0.997923
7.752,True,-0.028864,1.111526,-0.003314,0.056807,0.000328,0.025906,-0.998049,True,0.039471,1.107028,-0.001503,0.057237,0.016390,0.024108,-0.997935
7.763,True,-0.028827,1.111462,-0.003265,0.056388,0.000202,0.026309,-0.998062,True,0.039505,1.106904,-0.001485,0.056825,0.016264,0.024517,-0.997951
7.774,True,-0.028751,1.111379,-0.003187,0.056302,-0.000003,0.026575,-0.998060,True,0.039579,1.106777,-0.001464,0.056743,0.016060,0.024790,-0.997952
7.785,True,-0.028665,1.111315,-0.003137,0.055831,-0.000332,0.026732,-0.998082,True,0.039665,1.106689,-0.001455,0.056275,0.015731,0.024951,-0.997980
7.796,True,-0.028615,1.111245,-0.003060,0.055841,-0.000527,0.026808,-0.998080,True,0.039715,1.106602,-0.001430,0.056286,0.015537,0.025030,-0.997980
7.807,True,-0.028547,1.111228,-0.003027,0.056296,-0.000816,0.026917,-0.998051,True,0.039782,1.106572,-0.001405,0.056743,0.015250,0.025139,-0.997956
7.818,True,-0.028525,1.111275,-0.002977,0.056408,-0.000986,0.027037,-0.998041,True,0.039804,1.106603,-0.001371,0.056856,0.015080,0.025259,-0.997949
7.829,True,-0.028541,1.111296,-0.002941,0.056685,-0.001141,0.026867,-0.998030,True,0.039790,1.106647,-0.001353,0.057130,0.014925,0.025084,-0.997940
7.841,True,-0.028507,1.111294,-0.002888,0.056767,-0.001133,0.026768,-0.998028,True,0.039825,1.106660,-0.001298,0.057210,0.014932,0.024981,-0.997938
7.852,True,-0.028490,1.111340,-0.002839,0.057265,-0.001016,0.026669,-0.998002,True,0.039842,1.106718,-0.001251,0.057707,0.015048,0.024878,-0.997910
7.863,True,-0.028483,1.111451,-0.002817,0.057569,-0.001173,0.026454,-0.997990,True,0.039852,1.106859,-0.001243,0.058008,0.014890,0.024657,-0.997901
7.874,True,-0.028485,1.111536,-0.002781,0.057793,-0.001590,0.026401,-0.997978,True,0.039850,1.106957,-0.001215,0.058229,0.014474,0.024600,-0.997895
7.885,True,-0.028495,1.111636,-0.002762,0.058148,-0.001565,0.026491,-0.997955,True,0.039840,1.107045,-0.001194,0.058586,0.014499,0.024686,-0.997872
7.896,True,-0.028516,1.111735,-0.002771,0.058387,-0.001619,0.026603,-0.997938,True,0.039818,1.107129,-0.001205,0.058827,0.014445,0.024796,-0.997856
7.907,True,-0.028537,1.111814,-0.002768,0.058870,-0.001909,0.026587,-0.997910,True,0.039797,1.107214,-0.001203,0.059309,0.014157,0.024779,-0.997832
7.918,True,-0.028547,1.111829,-0.002768,0.059197,-0.002086,0.026383,-0.997896,True,0.039790,1.107260,-0.001203,0.059631,0.013980,0.024575,-0.997820
7.929,True,-0.028588,1.111781,-0.002793,0.059430,-0.002307,0.026046,-0.997890,True,0.039752,1.107261,-0.001230,0.059858,0.013761,0.024238,-0.997818
7.941,True,-0.028620,1.111745,-0.002801,0.059412,-0.002264,0.025878,-0.997896,True,0.039721,1.107249,-0.001228,0.059838,0.013804,0.024072,-0.997822
7.952,True,-0.028667,1.111688,-0.002824,0.059364,-0.002304,0.025818,-0.997900,True,0.039675,1.107202,-0.001244,0.059789,0.013765,0.024015,-0.997827
7.963,True,-0.028716,1.111602,-0.002875,0.059406,-0.002300,0.025865,-0.997896,True,0.039624,1.107113,-0.001271,0.059831,0.013769,0.024063,-0.997823
7.974,True,-0.028775,1.111548,-0.002880,0.059392,-0.002312,0.025856,-0.997897,True,0.039565,1.107061,-0.001271,0.059817,0.013758,0.024057,-0.997825
7.985,True,-0.028827,1.111496,-0.002897,0.059277,-0.002144,0.025762,-0.997907,True,0.039514,1.107020,-0.001276,0.059700,0.013927,0.023966,-0.997831
7.996,True,-0.028876,1.111406,-0.002940,0.059229,-0.001891,0.025561,-0.997915,True,0.039466,1.106957,-0.001299,0.059649,0.014181,0.023767,-0.997836
8.007,True,-0.028934,1.111354,-0.002958,0.058957,-0.001853,0.025455,-0.997934,True,0.039409,1.106923,-0.001290,0.059375,0.014219,0.023665,-0.997854
8.019,True,-0.029003,1.111306,-0.002988,0.058976,-0.001567,0.025313,-0.997937,True,0.039341,1.106894,-0.001296,0.059393,0.014505,0.023524,-0.997852
8.030,True,-0.029071,1.111296,-0.003018,0.058792,-0.001558,0.025310,-0.997948,True,0.039273,1.106890,-0.001295,0.059208,0.014514,0.023521,-0.997863
8.041,True,-0.029128,1.111296,-0.003042,0.058888,-0.001335,0.025282,-0.997944,True,0.039215,1.106895,-0.001294,0.059304,0.014737,0.023493,-0.997855
8.052,True,-0.029184,1.111342,-0.003063,0.058803,-0.001209,0.025189,-0.997951,True,0.039160,1.106955,-0.001293,0.059218,0.014863,0.023402,-0.997860
8.063,True,-0.029246,1.111369,-0.003083,0.058879,-0.000982,0.025224,-0.997946,True,0.039097,1.106977,-0.001300,0.059295,0.015090,0.023436,-0.997851
8.074,True,-0.029286,1.111356,-0.003102,0.059037,-0.000886,0.025031,-0.997942,True,0.039058,1.106991,-0.001303,0.059450,0.015187,0.023244,-0.997845
8.085,True,-0.029324,1.111339,-0.003118,0.059151,-0.000681,0.024851,-0.997940,True,0.039021,1.106998,-0.001303,0.059561,0.015393,0.023065,-0.997840
8.097,True,-0.029346,1.111305,-0.003156,0.058991,-0.000619,0.024637,-0.997954,True,0.039001,1.106995,-0.001325,0.059398,0.015455,0.022853,-0.997853
8.107,True,-0.029379,1.111264,-0.003176,0.058979,-0.000445,0.024456,-0.997960,True,0.038969,1.106979,-0.001332,0.059383,0.015629,0.022674,-0.997855
8.119,True,-0.029396,1.111229,-0.003210,0.058928,-0.000408,0.024475,-0.997962,True,0.038951,1.106944,-0.001336,0.059331,0.015667,0.022694,-0.997857
8.130,True,-0.029411,1.111190,-0.003235,0.058743,-0.000563,0.024618,-0.997969,True,0.038935,1.106889,-0.001356,0.059149,0.015512,0.022840,-0.997867
8.141,True,-0.029412,1.111165,-0.003264,0.058640,-0.000489,0.024686,-0.997974,True,0.038933,1.106856,-0.001375,0.059047,0.015586,0.022909,-0.997871
8.152,True,-0.029417,1.111134,-0.003277,0.058509,-0.000640,0.024696,-0.997981,True,0.038928,1.106825,-0.001389,0.058916,0.015435,0.022921,-0.997881
8.163,True,-0.029410,1.111106,-0.003294,0.058486,-0.000620,0.024575,-0.997986,True,0.038936,1.106813,-0.001400,0.058891,0.015456,0.022801,-0.997884
8.174,True,-0.029402,1.111130,-0.003302,0.058524,-0.000527,0.024567,-0.997984,True,0.038944,1.106838,-0.001407,0.058928,0.015549,0.022791,-0.997881
8.185,True,-0.029384,1.111198,-0.003305,0.058670,-0.000536,0.024628,-0.997974,True,0.038961,1.106897,-0.001412,0.059075,0.015539,0.022850,-0.997871
8.196,True,-0.029364,1.111249,-0.003309,0.058831,-0.000541,0.024644,-0.997964,True,0.038982,1.106946,-0.001422,0.059237,0.015534,0.022863,-0.997861
8.207,True,-0.029331,1.111336,-0.003310,0.059097,-0.000686,0.024678,-0.997947,True,0.039015,1.107030,-0.001430,0.059504,0.015388,0.022893,-0.997847
8.219,True,-0.029295,1.111399,-0.003296,0.059310,-0.000830,0.024681,-0.997934,True,0.039051,1.107092,-0.001435,0.059716,0.015244,0.022892,-0.997837
8.230,True,-0.029238,1.111427,-0.003291,0.059750,-0.001151,0.024697,-0.997907,True,0.039108,1.107120,-0.001449,0.060155,0.014924,0.022904,-0.997815
8.241,True,-0.029183,1.111478,-0.003290,0.059891,-0.001223,0.024863,-0.997895,True,0.039163,1.107148,-0.001461,0.060300,0.014851,0.023067,-0.997803
8.252,True,-0.029125,1.111519,-0.003279,0.059996,-0.001641,0.025063,-0.997883,True,0.039219,1.107164,-0.001476,0.060407,0.014433,0.023265,-0.997798
8.263,True,-0.029069,1.111538,-0.003266,0.060114,-0.002046,0.025291,-0.997869,True,0.039274,1.107153,-0.001492,0.060528,0.014027,0.023490,-0.997792
8.274,True,-0.029010,1.111562,-0.003268,0.060257,-0.002294,0.025471,-0.997855,True,0.039333,1.107153,-0.001510,0.060673,0.013779,0.023668,-0.997782
8.285,True,-0.028971,1.111578,-0.003256,0.060302,-0.003229,0.025661,-0.997845,True,0.039371,1.107153,-0.001527,0.060719,0.012845,0.023857,-0.997787
8.297,True,-0.028924,1.111582,-0.003240,0.060452,-0.003543,0.025775,-0.997832,True,0.039417,1.107141,-0.001541,0.060871,0.012531,0.023968,-0.997779
8.307,True,-0.028881,1.111588,-0.003241,0.060661,-0.003707,0.025784,-0.997819,True,0.039461,1.107147,-0.001556,0.061080,0.012367,0.023974,-0.997768
8.318,True,-0.028857,1.111611,-0.003227,0.060799,-0.004171,0.025931,-0.997804,True,0.039484,1.107153,-0.001563,0.061219,0.011903,0.024120,-0.997762
8.329,True,-0.028826,1.111636,-0.003218,0.060867,-0.004518,0.025959,-0.997798,True,0.039516,1.107176,-0.001571,0.061287,0.011556,0.024147,-0.997761
8.341,True,-0.028805,1.111664,-0.003207,0.060808,-0.004653,0.025984,-0.997800,True,0.039537,1.107200,-0.001579,0.061229,0.011421,0.024172,-0.997766
8.352,True,-0.028794,1.111676,-0.003200,0.060849,-0.005025,0.025978,-0.997796,True,0.039548,1.107216,-0.001586,0.061269,0.011050,0.024165,-0.997768
8.363,True,-0.028814,1.111669,-0.003194,0.060797,-0.005156,0.025876,-0.997801,True,0.039529,1.107224,-0.001585,0.061214,0.010918,0.024064,-0.997775
8.374,True,-0.028816,1.111686,-0.003185,0.060721,-0.005038,0.025844,-0.997807,True,0.039528,1.107243,-0.001580,0.061139,0.011036,0.024032,-0.997779
8.385,True,-0.028825,1.111698,-0.003177,0.060540,-0.005000,0.025658,-0.997823,True,0.039520,1.107279,-0.001574,0.060955,0.011074,0.023848,-0.997794
8.397,True,-0.028836,1.111671,-0.003184,0.060453,-0.005157,0.025454,-0.997833,True,0.039511,1.107285,-0.001573,0.060864,0.010917,0.023646,-0.997806
8.407,True,-0.028856,1.111627,-0.003181,0.060355,-0.005130,0.025285,-0.997844,True,0.039493,1.107265,-0.001558,0.060763,0.010945,0.023478,-0.997816
8.419,True,-0.028857,1.111595,-0.003190,0.060140,-0.005324,0.025185,-0.997858,True,0.039492,1.107253,-0.001544,0.060545,0.010752,0.023381,-0.997834
8.429,True,-0.028883,1.111546,-0.003188,0.059972,-0.005225,0.025152,-0.997870,True,0.039466,1.107210,-0.001530,0.060377,0.010851,0.023351,-0.997844
8.441,True,-0.028907,1.111483,-0.003180,0.059732,-0.005299,0.025068,-0.997886,True,0.039443,1.107161,-0.001505,0.060135,0.010777,0.023270,-0.997861
8.452,True,-0.028920,1.111460,-0.003181,0.059707,-0.005200,0.025038,-0.997888,True,0.039430,1.107144,-0.001486,0.060110,0.010877,0.023242,-0.997862
8.463,True,-0.028937,1.111379,-0.003179,0.059547,-0.005233,0.024924,-0.997901,True,0.039414,1.107082,-0.001465,0.059948,0.010845,0.023131,-0.997875
8.474,True,-0.028956,1.111373,-0.003166,0.059387,-0.005185,0.025068,-0.997907,True,0.039393,1.107058,-0.001427,0.059790,0.010893,0.023279,-0.997880
8.485,True,-0.028973,1.111331,-0.003156,0.059392,-0.005251,0.025097,-0.997905,True,0.039375,1.107015,-0.001401,0.059795,0.010828,0.023312,-0.997880
8.496,True,-0.028978,1.111301,-0.003152,0.059258,-0.005132,0.025220,-0.997911,True,0.039369,1.106969,-0.001378,0.059663,0.010948,0.023440,-0.997883
8.507,True,-0.028986,1.111271,-0.003129,0.059028,-0.005115,0.025288,-0.997923,True,0.039360,1.106929,-0.001350,0.059434,0.010966,0.023512,-0.997895
8.519,True,-0.028988,1.111239,-0.003112,0.058855,-0.004924,0.025256,-0.997935,True,0.039358,1.106899,-0.001324,0.059262,0.011158,0.023484,-0.997904
8.530,True,-0.028964,1.111195,-0.003108,0.058704,-0.005003,0.025345,-0.997941,True,0.039382,1.106841,-0.001335,0.059112,0.011078,0.023577,-0.997912
8.541,True,-0.028959,1.111123,-0.003075,0.058535,-0.004986,0.025223,-0.997954,True,0.039388,1.106784,-0.001307,0.058940,0.011096,0.023458,-0.997924
8.552,True,-0.028944,1.111078,-0.003044,0.058566,-0.004768,0.025145,-0.997955,True,0.039403,1.106745,-0.001277,0.058972,0.011316,0.023384,-0.997922
8.563,True,-0.028941,1.111054,-0.003025,0.058367,-0.004932,0.025195,-0.997965,True,0.039406,1.106715,-0.001265,0.058773,0.011152,0.023436,-0.997934
8.574,True,-0.028921,1.111037,-0.002980,0.058290,-0.004851,0.025125,-0.997972,True,0.039427,1.106703,-0.001239,0.058695,0.011233,0.023369,-0.997939
8.585,True,-0.028893,1.110969,-0.002915,0.058315,-0.004928,0.024974,-0.997974,True,0.039457,1.106653,-0.001198,0.058717,0.011156,0.023218,-0.997942
8.596,True,-0.026696,1.115168,-0.002082,0.058265,-0.005047,0.024780,-0.997981,True,0.039482,1.106593,-0.001179,0.058664,0.011037,0.023026,-0.997951
8.607,True,-0.026658,1.115164,-0.002030,0.058213,-0.005043,0.024749,-0.997985,True,0.039521,1.106591,-0.001136,0.058612,0.011042,0.022997,-0.997955
8.618,True,-0.026629,1.115192,-0.001971,0.058730,-0.005138,0.024804,-0.997953,True,0.039548,1.106609,-0.001096,0.059130,0.010948,0.023051,-0.997924
8.629,True,-0.026607,1.115223,-0.001919,0.058779,-0.005295,0.025058,-0.997942,True,0.039566,1.106606,-0.001063,0.059183,0.010791,0.023304,-0.997917
8.641,True,-0.026588,1.115300,-0.001833,0.059020,-0.005297,0.025388,-0.997920,True,0.039579,1.106634,-0.001002,0.059430,0.010789,0.023633,-0.997894
8.652,True,-0.026556,1.115361,-0.001778,0.059178,-0.005447,0.025457,-0.997908,True,0.039610,1.106685,-0.000962,0.059589,0.010639,0.023703,-0.997885
8.663,True,-0.026547,1.115396,-0.001715,0.059166,-0.005612,0.025498,-0.997907,True,0.039618,1.106712,-0.000934,0.059577,0.010474,0.023745,-0.997886
8.675,True,-0.026527,1.115399,-0.001639,0.059071,-0.005739,0.025323,-0.997916,True,0.039641,1.106737,-0.000877,0.059479,0.010347,0.023571,-0.997898
8.685,True,-0.026535,1.115382,-0.001575,0.059081,-0.005759,0.025110,-0.997921,True,0.039637,1.106744,-0.000833,0.059486,0.010328,0.023360,-0.997902
8.696,True,-0.026550,1.115282,-0.001552,0.058553,-0.005545,0.024799,-0.997961,True,0.039627,1.106683,-0.000810,0.058953,0.010542,0.023052,-0.997939
8.707,True,-0.026592,1.115233,-0.001473,0.058418,-0.005482,0.024725,-0.997971,True,0.039586,1.106643,-0.000732,0.058817,0.010605,0.022982,-0.997948
8.718,True,-0.026613,1.115180,-0.001442,0.058474,-0.005296,0.024814,-0.997967,True,0.039563,1.106578,-0.000687,0.058875,0.010792,0.023072,-0.997940
8.729,True,-0.026644,1.115066,-0.001386,0.058250,-0.005276,0.024765,-0.997981,True,0.039533,1.106470,-0.000632,0.058650,0.010812,0.023027,-0.997954
8.740,True,-0.026676,1.114992,-0.001342,0.058022,-0.005069,0.024787,-0.997995,True,0.039500,1.106395,-0.000564,0.058423,0.011020,0.023052,-0.997965
8.752,True,-0.026755,1.114967,-0.001277,0.057874,-0.005171,0.024881,-0.998000,True,0.039420,1.106361,-0.000483,0.058276,0.010917,0.023148,-0.997972
8.763,True,-0.026807,1.114947,-0.001222,0.057937,-0.005166,0.024946,-0.997995,True,0.039367,1.106337,-0.000399,0.058339,0.010923,0.023214,-0.997967
8.774,True,-0.026893,1.114965,-0.001155,0.058025,-0.004741,0.025013,-0.997991,True,0.039280,1.106347,-0.000289,0.058429,0.011347,0.023279,-0.997956
8.785,True,-0.026968,1.114992,-0.001103,0.058029,-0.004441,0.025004,-0.997992,True,0.039205,1.106378,-0.000195,0.058433,0.011647,0.023270,-0.997952
8.796,True,-0.027042,1.115009,-0.001047,0.058117,-0.004116,0.024935,-0.997990,True,0.039132,1.106407,-0.000095,0.058520,0.011972,0.023199,-0.997945
8.807,True,-0.027120,1.115046,-0.000994,0.058178,-0.003703,0.024904,-0.997989,True,0.039054,1.106448,-0.000006,0.058581,0.012386,0.023168,-0.997937
8.818,True,-0.027194,1.115041,-0.000947,0.058285,-0.003316,0.024821,-0.997986,True,0.038981,1.106454,0.000072,0.058687,0.012772,0.023085,-0.997928
8.829,True,-0.027255,1.114976,-0.000922,0.058214,-0.003079,0.024622,-0.997996,True,0.038923,1.106415,0.000121,0.058613,0.013009,0.022886,-0.997934
8.841,True,-0.027307,1.114943,-0.000861,0.058031,-0.002995,0.024392,-0.998012,True,0.038875,1.106413,0.000188,0.058427,0.013093,0.022659,-0.997949
8.852,True,-0.027360,1.114899,-0.000808,0.057882,-0.002909,0.024140,-0.998027,True,0.038826,1.106403,0.000249,0.058274,0.013180,0.022409,-0.997962
8.863,True,-0.027414,1.114856,-0.000754,0.057733,-0.002823,0.023887,-0.998042,True,0.038776,1.106394,0.000310,0.058121,0.013266,0.022160,-0.997975
8.874,True,-0.027461,1.114772,-0.000750,0.057899,-0.002559,0.024122,-0.998028,True,0.038724,1.106277,0.000329,0.058291,0.013531,0.022399,-0.997957
8.885,True,-0.027506,1.114756,-0.000706,0.057799,-0.002392,0.024201,-0.998032,True,0.038678,1.106250,0.000387,0.058192,0.013699,0.022481,-0.997958
8.896,True,-0.027526,1.114723,-0.000683,0.057735,-0.002262,0.024150,-0.998037,True,0.038659,1.106223,0.000418,0.058128,0.013829,0.022430,-0.997961
8.907,True,-0.027563,1.114727,-0.000634,0.057614,-0.002525,0.024016,-0.998047,True,0.038625,1.106250,0.000468,0.058004,0.013566,0.022296,-0.997975
8.918,True,-0.027581,1.114727,-0.000602,0.057798,-0.002491,0.023811,-0.998041,True,0.038610,1.106278,0.000513,0.058185,0.013600,0.022091,-0.997969
8.930,True,-0.027594,1.114745,-0.000586,0.057803,-0.002403,0.023728,-0.998043,True,0.038599,1.106306,0.000526,0.058188,0.013688,0.022007,-0.997969
8.941,True,-0.027597,1.114783,-0.000535,0.058004,-0.002429,0.023645,-0.998033,True,0.038597,1.106356,0.000585,0.058388,0.013663,0.021923,-0.997960
8.952,True,-0.027596,1.114797,-0.000517,0.058132,-0.002550,0.023689,-0.998025,True,0.038598,1.106365,0.000598,0.058516,0.013542,0.021967,-0.997953
8.963,True,-0.027589,1.114807,-0.000474,0.058195,-0.002807,0.023667,-0.998021,True,0.038605,1.106379,0.000621,0.058578,0.013285,0.021944,-0.997953
8.974,True,-0.027569,1.114800,-0.000413,0.058172,-0.003217,0.023594,-0.998023,True,0.038627,1.106382,0.000650,0.058555,0.012875,0.021870,-0.997962
8.985,True,-0.027537,1.114815,-0.000368,0.058311,-0.003241,0.023653,-0.998013,True,0.038658,1.106387,0.000678,0.058694,0.012851,0.021928,-0.997953
8.996,True,-0.027505,1.114793,-0.000331,0.058287,-0.003575,0.023611,-0.998014,True,0.038691,1.106370,0.000689,0.058669,0.012517,0.021887,-0.997959
9.007,True,-0.027493,1.114769,-0.000292,0.058666,-0.004088,0.023546,-0.997992,True,0.038705,1.106360,0.000712,0.059046,0.012005,0.021819,-0.997945
9.019,True,-0.027495,1.114782,-0.000239,0.058815,-0.004280,0.023466,-0.997984,True,0.038705,1.106382,0.000744,0.059194,0.011813,0.021739,-0.997940
9.030,True,-0.027505,1.114749,-0.000224,0.058902,-0.004390,0.023303,-0.997982,True,0.038697,1.106372,0.000755,0.059278,0.011703,0.021575,-0.997940
9.041,True,-0.027550,1.114745,-0.000198,0.059028,-0.004671,0.023131,-0.997977,True,0.038656,1.106396,0.000789,0.059400,0.011423,0.021403,-0.997939
9.052,True,-0.027617,1.114740,-0.000179,0.059074,-0.004595,0.022940,-0.997980,True,0.038592,1.106420,0.000834,0.059443,0.011499,0.021213,-0.997940
9.063,True,-0.027724,1.114678,-0.000207,0.059252,-0.004314,0.022731,-0.997975,True,0.038488,1.106390,0.000854,0.059618,0.011781,0.021002,-0.997931
9.074,True,-0.027810,1.114694,-0.000196,0.059357,-0.004016,0.022770,-0.997969,True,0.038401,1.106403,0.000905,0.059723,0.012080,0.021043,-0.997920
9.085,True,-0.027918,1.114677,-0.000203,0.059181,-0.003656,0.022712,-0.997982,True,0.038294,1.106399,0.000961,0.059546,0.012440,0.020987,-0.997927
9.096,True,-0.028012,1.114623,-0.000244,0.059266,-0.003215,0.022719,-0.997979,True,0.038199,1.106347,0.000974,0.059631,0.012881,0.020995,-0.997917
9.107,True,-0.028081,1.114600,-0.000239,0.059290,-0.002923,0.022744,-0.997977,True,0.038175,1.106321,0.000932,0.059656,0.013174,0.021023,-0.997911
9.119,True,-0.028198,1.114553,-0.000247,0.059155,-0.002645,0.022798,-0.997985,True,0.038056,1.106272,0.000987,0.059523,0.013453,0.021081,-0.997914
9.130,True,-0.028277,1.114514,-0.000246,0.059408,-0.002996,0.022827,-0.997968,True,0.037977,1.106237,0.001005,0.059775,0.013103,0.021113,-0.997903
9.141,True,-0.028339,1.114482,-0.000242,0.059200,-0.002733,0.022707,-0.997984,True,0.037918,1.106223,0.001040,0.059565,0.013366,0.020996,-0.997914
9.152,True,-0.028398,1.114460,-0.000235,0.059219,-0.002616,0.022629,-0.997985,True,0.037859,1.106214,0.001074,0.059583,0.013484,0.020920,-0.997913
9.163,True,-0.028439,1.114440,-0.000244,0.059278,-0.002713,0.022561,-0.997983,True,0.037820,1.106207,0.001082,0.059640,0.013387,0.020854,-0.997912
9.174,True,-0.028480,1.114434,-0.000233,0.059488,-0.003136,0.022450,-0.997972,True,0.037782,1.106224,0.001111,0.059847,0.012966,0.020742,-0.997908
9.185,True,-0.028518,1.114443,-0.000203,0.059720,-0.003294,0.022431,-0.997958,True,0.037744,1.106240,0.001148,0.060078,0.012808,0.020722,-0.997896
9.197,True,-0.028515,1.114434,-0.000198,0.059941,-0.003481,0.022456,-0.997943,True,0.037747,1.106231,0.001159,0.060299,0.012621,0.020745,-0.997885
9.207,True,-0.028514,1.114452,-0.000163,0.060223,-0.003707,0.022572,-0.997923,True,0.037746,1.106236,0.001186,0.060583,0.012395,0.020860,-0.997868
9.219,True,-0.028502,1.114444,-0.000147,0.060617,-0.004019,0.022647,-0.997896,True,0.037757,1.106222,0.001199,0.060977,0.012084,0.020933,-0.997847
9.230,True,-0.028500,1.114447,-0.000130,0.060749,-0.004260,0.022851,-0.997882,True,0.037756,1.106199,0.001201,0.061112,0.011843,0.021136,-0.997837
9.241,True,-0.028482,1.114450,-0.000111,0.060967,-0.004478,0.022967,-0.997866,True,0.037773,1.106187,0.001212,0.061332,0.011625,0.021250,-0.997824
9.252,True,-0.028459,1.114475,-0.000085,0.060995,-0.004642,0.023040,-0.997861,True,0.037795,1.106204,0.001227,0.061360,0.011462,0.021323,-0.997822
9.263,True,-0.028443,1.114460,-0.000062,0.061194,-0.004755,0.022991,-0.997850,True,0.037812,1.106195,0.001242,0.061559,0.011348,0.021272,-0.997812
9.274,True,-0.028408,1.114464,-0.000032,0.061326,-0.004968,0.023011,-0.997840,True,0.037847,1.106197,0.001256,0.061691,0.011136,0.021291,-0.997806
9.285,True,-0.028362,1.114478,0.000004,0.061440,-0.005359,0.023080,-0.997830,True,0.037892,1.106203,0.001269,0.061805,0.010744,0.021358,-0.997802
9.296,True,-0.028299,1.114493,0.000021,0.061519,-0.005866,0.023277,-0.997817,True,0.037953,1.106194,0.001253,0.061887,0.010238,0.021555,-0.997798
9.307,True,-0.028219,1.114522,0.000054,0.061724,-0.006468,0.023369,-0.997799,True,0.038032,1.106211,0.001234,0.062092,0.009636,0.021645,-0.997789
9.318,True,-0.028139,1.114505,0.000083,0.061822,-0.007017,0.023266,-0.997791,True,0.038115,1.106208,0.001221,0.062188,0.009087,0.021542,-0.997791
9.330,True,-0.028071,1.114442,0.000139,0.062020,-0.007536,0.023118,-0.997779,True,0.038186,1.106165,0.001234,0.062383,0.008568,0.021393,-0.997786
9.341,True,-0.028012,1.114413,0.000169,0.062260,-0.007963,0.022843,-0.997767,True,0.038250,1.106176,0.001247,0.062618,0.008142,0.021117,-0.997781
9.352,True,-0.027986,1.114438,0.000194,0.062415,-0.008207,0.022809,-0.997756,True,0.038277,1.106207,0.001264,0.062772,0.007898,0.021080,-0.997774
9.363,True,-0.027967,1.114514,0.000212,0.062397,-0.008332,0.022995,-0.997752,True,0.038293,1.106261,0.001288,0.062757,0.007772,0.021267,-0.997772
9.374,True,-0.027979,1.114611,0.000234,0.062575,-0.008586,0.023348,-0.997730,True,0.038276,1.106316,0.001323,0.062940,0.007518,0.021618,-0.997755
9.385,True,-0.027986,1.114698,0.000264,0.062683,-0.008841,0.023594,-0.997715,True,0.038266,1.106373,0.001344,0.063051,0.007264,0.021863,-0.997744
9.396,True,-0.028001,1.114740,0.000269,0.062751,-0.008784,0.023481,-0.997714,True,0.038252,1.106431,0.001361,0.063118,0.007320,0.021751,-0.997742
9.407,True,-0.028042,1.114726,0.000280,0.062730,-0.008666,0.023128,-0.997725,True,0.038218,1.106466,0.001392,0.063091,0.007439,0.021401,-0.997751
9.418,True,-0.028093,1.114673,0.000269,0.062625,-0.008479,0.022804,-0.997741,True,0.038171,1.106462,0.001426,0.062980,0.007627,0.021079,-0.997763
9.430,True,-0.028207,1.114581,0.000258,0.062414,-0.007915,0.022514,-0.997765,True,0.038061,1.106411,0.001479,0.062765,0.008191,0.020793,-0.997778
9.441,True,-0.028303,1.114511,0.000231,0.062170,-0.007281,0.022476,-0.997786,True,0.037965,1.106350,0.001533,0.062521,0.008826,0.020759,-0.997789
9.452,True,-0.028422,1.114427,0.000225,0.061870,-0.006851,0.022454,-0.997808,True,0.037846,1.106272,0.001581,0.062221,0.009255,0.020740,-0.997804
9.463,True,-0.028523,1.114352,0.000219,0.061500,-0.006396,0.022376,-0.997836,True,0.037745,1.106210,0.001630,0.061850,0.009711,0.020665,-0.997824
9.474,True,-0.028641,1.114303,0.000222,0.061063,-0.006119,0.022251,-0.997867,True,0.037628,1.106181,0.001678,0.061411,0.009988,0.020545,-0.997851
9.485,True,-0.028691,1.114269,0.000218,0.060960,-0.005992,0.022206,-0.997875,True,0.037579,1.106154,0.001694,0.061308,0.010115,0.020499,-0.997857
9.496,True,-0.028838,1.114210,0.000210,0.060653,-0.005243,0.022204,-0.997898,True,0.037430,1.106099,0.001766,0.061001,0.010863,0.020500,-0.997868
9.507,True,-0.028951,1.114183,0.000203,0.060604,-0.004847,0.022062,-0.997906,True,0.037319,1.106094,0.001811,0.060950,0.011261,0.020361,-0.997870
9.519,True,-0.029007,1.114192,0.000205,0.060539,-0.004691,0.022107,-0.997910,True,0.037262,1.106098,0.001838,0.060886,0.011416,0.020406,-0.997871
9.529,True,-0.029089,1.114182,0.000208,0.060172,-0.004721,0.022055,-0.997933,True,0.037180,1.106101,0.001872,0.060518,0.011386,0.020355,-0.997895
9.541,True,-0.029186,1.114153,0.000216,0.060121,-0.004625,0.021843,-0.997941,True,0.037086,1.106103,0.001906,0.060463,0.011483,0.020146,-0.997901
9.552,True,-0.029238,1.114117,0.000211,0.060091,-0.004479,0.021722,-0.997947,True,0.037037,1.106084,0.001922,0.060431,0.011629,0.020027,-0.997904
9.563,True,-0.029279,1.114035,0.000224,0.059688,-0.004557,0.021500,-0.997975,True,0.036999,1.106030,0.001922,0.060024,0.011551,0.019810,-0.997933
9.574,True,-0.029319,1.113959,0.000220,0.059614,-0.004661,0.021266,-0.997984,True,0.036963,1.105986,0.001915,0.059946,0.011448,0.019580,-0.997944
9.585,True,-0.029361,1.113888,0.000201,0.059438,-0.004665,0.020866,-0.998003,True,0.036927,1.105969,0.001903,0.059764,0.011445,0.019186,-0.997963
9.596,True,-0.029388,1.113815,0.000193,0.059481,-0.004760,0.020765,-0.998002,True,0.036902,1.105912,0.001899,0.059805,0.011351,0.019090,-0.997963
9.607,True,-0.028807,1.114962,0.000466,0.059834,-0.004763,0.020731,-0.997982,True,0.036875,1.105844,0.001883,0.060157,0.011350,0.019061,-0.997942
9.618,True,-0.028831,1.114915,0.000448,0.059583,-0.004892,0.020882,-0.997993,True,0.036848,1.105778,0.001862,0.059909,0.011221,0.019215,-0.997956
9.629,True,-0.028833,1.114865,0.000430,0.059344,-0.005097,0.020847,-0.998007,True,0.036848,1.105733,0.001831,0.059669,0.011017,0.019184,-0.997973
9.640,True,-0.028846,1.114830,0.000413,0.059189,-0.005278,0.020677,-0.998019,True,0.036838,1.105722,0.001803,0.059511,0.010836,0.019016,-0.997988
9.652,True,-0.028855,1.114794,0.000390,0.059430,-0.005263,0.020421,-0.998010,True,0.036834,1.105719,0.001782,0.059747,0.010852,0.018761,-0.997978
9.663,True,-0.028860,1.114776,0.000371,0.059386,-0.005462,0.020215,-0.998016,True,0.036833,1.105733,0.001771,0.059700,0.010653,0.018554,-0.997987
9.674,True,-0.028876,1.114797,0.000338,0.059601,-0.005294,0.020114,-0.998006,True,0.036818,1.105767,0.001752,0.059914,0.010820,0.018451,-0.997974
9.685,True,-0.028893,1.114832,0.000313,0.059788,-0.005330,0.020051,-0.997996,True,0.036802,1.105811,0.001730,0.060099,0.010784,0.018385,-0.997965
9.696,True,-0.028887,1.114880,0.000286,0.059959,-0.005240,0.020016,-0.997986,True,0.036809,1.105863,0.001703,0.060270,0.010874,0.018348,-0.997954
9.707,True,-0.028870,1.114946,0.000256,0.060281,-0.005386,0.019982,-0.997967,True,0.036827,1.105934,0.001661,0.060591,0.010728,0.018308,-0.997937
9.718,True,-0.028845,1.114997,0.000232,0.060516,-0.005514,0.019919,-0.997953,True,0.036853,1.105994,0.001629,0.060825,0.010600,0.018242,-0.997926
9.729,True,-0.028817,1.115039,0.000209,0.060737,-0.005719,0.019865,-0.997940,True,0.036882,1.106044,0.001596,0.061045,0.010393,0.018184,-0.997915
9.740,True,-0.028793,1.115098,0.000184,0.060835,-0.005849,0.019919,-0.997932,True,0.036906,1.106098,0.001566,0.061143,0.010263,0.018235,-0.997910
9.752,True,-0.028764,1.115147,0.000145,0.061081,-0.005924,0.019959,-0.997916,True,0.036934,1.106141,0.001523,0.061390,0.010188,0.018270,-0.997895
9.763,True,-0.028732,1.115214,0.000110,0.061385,-0.006080,0.020242,-0.997890,True,0.036961,1.106173,0.001479,0.061698,0.010031,0.018546,-0.997872
9.774,True,-0.028681,1.115264,0.000071,0.061379,-0.006222,0.020433,-0.997886,True,0.037009,1.106198,0.001434,0.061695,0.009887,0.018733,-0.997870
9.785,True,-0.028628,1.115337,0.000049,0.061676,-0.006356,0.020677,-0.997862,True,0.037058,1.106238,0.001395,0.061997,0.009754,0.018974,-0.997848
9.796,True,-0.028578,1.115383,0.000017,0.061778,-0.006500,0.020878,-0.997850,True,0.037105,1.106256,0.001342,0.062102,0.009609,0.019171,-0.997840
9.807,True,-0.028534,1.115435,-0.000014,0.062028,-0.006876,0.021105,-0.997828,True,0.037145,1.106280,0.001292,0.062354,0.009232,0.019395,-0.997823
9.818,True,-0.028483,1.115480,-0.000055,0.062106,-0.007137,0.021316,-0.997816,True,0.037193,1.106299,0.001240,0.062436,0.008971,0.019603,-0.997816
9.830,True,-0.028449,1.115530,-0.000077,0.062253,-0.007369,0.021587,-0.997800,True,0.037222,1.106315,0.001208,0.062587,0.008738,0.019870,-0.997803
9.841,True,-0.028395,1.115595,-0.000117,0.062100,-0.007734,0.021908,-0.997800,True,0.037270,1.106341,0.001162,0.062438,0.008372,0.020187,-0.997810
9.852,True,-0.028343,1.115677,-0.000149,0.062275,-0.007911,0.022233,-0.997780,True,0.037317,1.106380,0.001111,0.062618,0.008195,0.020509,-0.997793
9.863,True,-0.028312,1.115749,-0.000167,0.062688,-0.008109,0.022435,-0.997748,True,0.037344,1.106423,0.001062,0.063035,0.007995,0.020706,-0.997765
9.874,True,-0.028245,1.115800,-0.000211,0.062257,-0.007978,0.022501,-0.997775,True,0.037012,1.112195,0.001523,0.062605,0.008126,0.020769,-0.997789
9.885,True,-0.028203,1.115832,-0.000238,0.062487,-0.008116,0.022594,-0.997757,True,0.037054,1.112213,0.001468,0.062836,0.007986,0.020858,-0.997774
9.896,True,-0.028167,1.115881,-0.000265,0.062778,-0.008371,0.022700,-0.997734,True,0.037090,1.112248,0.001414,0.063129,0.007731,0.020961,-0.997755
9.907,True,-0.028131,1.115928,-0.000309,0.062789,-0.008508,0.022812,-0.997730,True,0.037125,1.112281,0.001362,0.063141,0.007593,0.021070,-0.997753
9.919,True,-0.028109,1.115973,-0.000350,0.063139,-0.008532,0.022923,-0.997705,True,0.037147,1.112310,0.001304,0.063493,0.007570,0.021179,-0.997729
9.930,True,-0.028102,1.116000,-0.000397,0.063087,-0.008822,0.023128,-0.997701,True,0.037153,1.112311,0.001242,0.063444,0.007279,0.021381,-0.997730
9.941,True,-0.028092,1.116031,-0.000434,0.063120,-0.009118,0.023204,-0.997695,True,0.037163,1.112333,0.001181,0.063478,0.006983,0.021454,-0.997728
9.952,True,-0.028064,1.116048,-0.000489,0.063262,-0.009176,0.023159,-0.997686,True,0.037192,1.112357,0.001122,0.063619,0.006925,0.021408,-0.997721
9.963,True,-0.028072,1.116021,-0.000499,0.063287,-0.009232,0.023040,-0.997687,True,0.037184,1.112343,0.001091,0.063642,0.006867,0.021286,-0.997722
9.974,True,-0.028060,1.116006,-0.000548,0.063487,-0.009451,0.022951,-0.997674,True,0.037198,1.112343,0.001040,0.063840,0.006648,0.021194,-0.997713
9.985,True,-0.028066,1.116027,-0.000585,0.063478,-0.009666,0.022834,-0.997675,True,0.037193,1.112382,0.000997,0.063828,0.006433,0.021076,-0.997718
9.996,True,-0.028069,1.116038,-0.000630,0.063242,-0.009643,0.022725,-0.997693,True,0.037191,1.112408,0.000954,0.063591,0.006456,0.020966,-0.997735
10.007,True,-0.028065,1.116035,-0.000668,0.062967,-0.009585,0.022530,-0.997715,True,0.037195,1.112430,0.000916,0.063313,0.006513,0.020768,-0.997756
10.018,True,-0.028071,1.115979,-0.000694,0.062933,-0.009468,0.022310,-0.997724,True,0.037191,1.112402,0.000887,0.063276,0.006629,0.020546,-0.997763
10.030,True,-0.028074,1.115962,-0.000729,0.063034,-0.009441,0.022069,-0.997723,True,0.037190,1.112417,0.000854,0.063372,0.006656,0.020304,-0.997761
10.041,True,-0.028058,1.116010,-0.000762,0.062951,-0.009525,0.021997,-0.997729,True,0.037206,1.112477,0.000828,0.063288,0.006571,0.020230,-0.997769
10.052,True,-0.028052,1.116072,-0.000792,0.062659,-0.009242,0.022017,-0.997749,True,0.037212,1.112533,0.000802,0.062997,0.006854,0.020250,-0.997785
10.063,True,-0.028058,1.116143,-0.000796,0.062820,-0.009381,0.022321,-0.997731,True,0.037204,1.112566,0.000800,0.063163,0.006714,0.020552,-0.997769
10.074,True,-0.028041,1.116244,-0.000816,0.062506,-0.009542,0.022721,-0.997740,True,0.037218,1.112618,0.000781,0.062855,0.006552,0.020951,-0.997781
10.085,True,-0.028015,1.116296,-0.000830,0.062401,-0.009441,0.022945,-0.997743,True,0.037243,1.112638,0.000761,0.062754,0.006653,0.021176,-0.997782
10.096,True,-0.027975,1.116319,-0.000842,0.062231,-0.009674,0.023102,-0.997748,True,0.037282,1.112640,0.000732,0.062586,0.006419,0.021333,-0.997791
10.107,True,-0.027923,1.116304,-0.000852,0.061921,-0.010366,0.023114,-0.997760,True,0.037334,1.112628,0.000696,0.062275,0.005727,0.021348,-0.997814
10.119,True,-0.027879,1.116277,-0.000866,0.061609,-0.010367,0.023048,-0.997780,True,0.037379,1.112608,0.000671,0.061962,0.005727,0.021285,-0.997835
10.130,True,-0.027870,1.116197,-0.000898,0.061336,-0.010416,0.023190,-0.997793,True,0.037387,1.112509,0.000637,0.061691,0.005677,0.021429,-0.997849
10.141,True,-0.027835,1.116147,-0.000916,0.060942,-0.010466,0.023400,-0.997812,True,0.037421,1.112431,0.000611,0.061300,0.005627,0.021642,-0.997869
10.152,True,-0.027810,1.116096,-0.000923,0.060486,-0.010168,0.023551,-0.997839,True,0.037445,1.112353,0.000590,0.060847,0.005925,0.021794,-0.997892
10.163,True,-0.027780,1.116045,-0.000944,0.060369,-0.010507,0.023685,-0.997840,True,0.037474,1.112287,0.000564,0.060732,0.005586,0.021932,-0.997898
10.174,True,-0.027759,1.115995,-0.000949,0.060018,-0.010336,0.023599,-0.997865,True,0.037495,1.112244,0.000545,0.060380,0.005756,0.021846,-0.997920
10.185,True,-0.027736,1.115953,-0.000965,0.059893,-0.010177,0.023547,-0.997875,True,0.037518,1.112207,0.000535,0.060254,0.005915,0.021794,-0.997928
10.196,True,-0.027745,1.115927,-0.000983,0.059992,-0.010008,0.023456,-0.997873,True,0.037511,1.112192,0.000525,0.060353,0.006084,0.021704,-0.997923
10.207,True,-0.027764,1.115940,-0.000987,0.059824,-0.009797,0.023416,-0.997886,True,0.037491,1.112210,0.000536,0.060184,0.006295,0.021663,-0.997932
10.219,True,-0.027776,1.115959,-0.001006,0.059940,-0.009545,0.023355,-0.997883,True,0.037480,1.112238,0.000544,0.060299,0.006548,0.021602,-0.997925
10.230,True,-0.027810,1.116005,-0.001015,0.060109,-0.009378,0.023415,-0.997873,True,0.037444,1.112276,0.000551,0.060469,0.006714,0.021661,-0.997913
10.241,True,-0.027831,1.116021,-0.001022,0.060129,-0.008922,0.023316,-0.997878,True,0.037424,1.112302,0.000558,0.060489,0.007170,0.021560,-0.997910
10.252,True,-0.027857,1.116019,-0.001036,0.060050,-0.008735,0.023138,-0.997889,True,0.037398,1.112322,0.000557,0.060408,0.007357,0.021383,-0.997918
10.263,True,-0.027879,1.115996,-0.001053,0.059945,-0.008610,0.022803,-0.997904,True,0.037379,1.112344,0.000551,0.060297,0.007483,0.021049,-0.997931
10.274,True,-0.027906,1.115986,-0.001045,0.059796,-0.008524,0.022499,-0.997921,True,0.037354,1.112373,0.000564,0.060143,0.007568,0.020746,-0.997946
10.285,True,-0.027918,1.115944,-0.001078,0.059772,-0.008238,0.022178,-0.997932,True,0.037344,1.112374,0.000559,0.060115,0.007854,0.020424,-0.997952
10.296,True,-0.027947,1.115923,-0.001096,0.059482,-0.007792,0.022104,-0.997954,True,0.037314,1.112362,0.000569,0.059824,0.008299,0.020351,-0.997967
10.307,True,-0.027977,1.115904,-0.001098,0.059322,-0.007493,0.022124,-0.997966,True,0.037284,1.112340,0.000591,0.059665,0.008599,0.020371,-0.997974
10.318,True,-0.027988,1.115907,-0.001108,0.059085,-0.007120,0.022287,-0.997979,True,0.037271,1.112320,0.000608,0.059430,0.008971,0.020536,-0.997981
10.330,True,-0.028003,1.115880,-0.001117,0.058995,-0.006908,0.022280,-0.997986,True,0.037255,1.112291,0.000599,0.059341,0.009183,0.020529,-0.997984
10.341,True,-0.027988,1.115885,-0.001101,0.058829,-0.006498,0.022252,-0.997999,True,0.037270,1.112295,0.000627,0.059175,0.009593,0.020501,-0.997991
10.352,True,-0.027967,1.115888,-0.001094,0.058983,-0.006382,0.022177,-0.997992,True,0.037291,1.112307,0.000638,0.059329,0.009708,0.020423,-0.997982
10.363,True,-0.027947,1.115926,-0.001082,0.059047,-0.006202,0.022176,-0.997990,True,0.037311,1.112345,0.000657,0.059393,0.009888,0.020422,-0.997977
10.374,True,-0.027932,1.115968,-0.001053,0.059135,-0.006325,0.022239,-0.997982,True,0.037326,1.112377,0.000670,0.059482,0.009765,0.020484,-0.997971
10.385,True,-0.027336,1.116978,-0.001043,0.059643,-0.006115,0.022194,-0.997954,True,0.037370,1.112403,0.000671,0.059990,0.009976,0.020436,-0.997940
10.396,True,-0.027299,1.117017,-0.001018,0.059901,-0.006138,0.022323,-0.997936,True,0.037406,1.112423,0.000677,0.060249,0.009952,0.020564,-0.997922
10.407,True,-0.027239,1.117038,-0.000984,0.060144,-0.006216,0.022359,-0.997920,True,0.037467,1.112436,0.000688,0.060493,0.009875,0.020598,-0.997907
10.419,True,-0.027195,1.117052,-0.000972,0.060198,-0.006409,0.022457,-0.997913,True,0.037509,1.112437,0.000679,0.060548,0.009682,0.020696,-0.997904
10.430,True,-0.027145,1.117067,-0.000951,0.060308,-0.006544,0.022541,-0.997904,True,0.037559,1.112439,0.000677,0.060660,0.009547,0.020778,-0.997897
10.441,True,-0.027083,1.117086,-0.000912,0.060368,-0.006752,0.022701,-0.997895,True,0.037621,1.112436,0.000689,0.060722,0.009338,0.020936,-0.997891
10.452,True,-0.027029,1.117098,-0.000880,0.060326,-0.006896,0.022726,-0.997896,True,0.037675,1.112444,0.000704,0.060681,0.009194,0.020960,-0.997895
10.463,True,-0.027006,1.117116,-0.000886,0.060380,-0.007085,0.022884,-0.997888,True,0.037697,1.112441,0.000678,0.060737,0.009004,0.021116,-0.997890
10.474,True,-0.026973,1.117132,-0.000848,0.060423,-0.007223,0.022911,-0.997884,True,0.037730,1.112454,0.000704,0.060781,0.008866,0.021142,-0.997888
10.485,True,-0.026936,1.117144,-0.000815,0.060495,-0.007374,0.023008,-0.997876,True,0.037766,1.112453,0.000724,0.060854,0.008715,0.021238,-0.997883
10.496,True,-0.026925,1.117142,-0.000794,0.060355,-0.007624,0.023222,-0.997878,True,0.037775,1.112425,0.000736,0.060716,0.008465,0.021452,-0.997889
10.507,True,-0.026908,1.117143,-0.000752,0.060352,-0.007714,0.023401,-0.997873,True,0.037791,1.112401,0.000763,0.060716,0.008375,0.021631,-0.997886
10.518,True,-0.026886,1.117145,-0.000720,0.060263,-0.007947,0.023662,-0.997870,True,0.037811,1.112372,0.000787,0.060632,0.008142,0.021891,-0.997887
10.529,True,-0.026871,1.117137,-0.000711,0.059973,-0.007987,0.023819,-0.997884,True,0.037825,1.112343,0.000794,0.060344,0.008101,0.022051,-0.997901
10.541,True,-0.026863,1.117126,-0.000677,0.059876,-0.008100,0.023919,-0.997886,True,0.037831,1.112318,0.000815,0.060248,0.007988,0.022153,-0.997906
10.552,True,-0.026862,1.117111,-0.000663,0.059715,-0.008196,0.023906,-0.997896,True,0.037833,1.112306,0.000829,0.060087,0.007893,0.022141,-0.997916
10.563,True,-0.026863,1.117097,-0.000641,0.059588,-0.008265,0.023927,-0.997902,True,0.037831,1.112289,0.000849,0.059961,0.007824,0.022164,-0.997924
10.574,True,-0.026862,1.117065,-0.000608,0.059473,-0.008127,0.023826,-0.997913,True,0.037833,1.112268,0.000883,0.059844,0.007962,0.022065,-0.997932
10.585,True,-0.026868,1.117052,-0.000569,0.059334,-0.008178,0.023929,-0.997918,True,0.037826,1.112241,0.000915,0.059707,0.007911,0.022171,-0.997938
10.596,True,-0.026869,1.116999,-0.000577,0.059114,-0.008045,0.023942,-0.997932,True,0.037825,1.112184,0.000904,0.059487,0.008044,0.022185,-0.997950
10.607,True,-0.026889,1.116981,-0.000541,0.058857,-0.008045,0.024023,-0.997945,True,0.037805,1.112153,0.000932,0.059231,0.008045,0.022270,-0.997963
10.618,True,-0.026903,1.116945,-0.000520,0.058625,-0.008101,0.024034,-0.997958,True,0.037790,1.112115,0.000942,0.059000,0.007988,0.022282,-0.997977
10.629,True,-0.026914,1.116918,-0.000502,0.058252,-0.008457,0.024001,-0.997978,True,0.037780,1.112097,0.000959,0.058626,0.007632,0.022252,-0.998003
10.641,True,-0.026937,1.116869,-0.000486,0.058237,-0.008186,0.023837,-0.997985,True,0.037758,1.112065,0.000977,0.058608,0.007903,0.022090,-0.998005
10.652,True,-0.026962,1.116807,-0.000479,0.057986,-0.008235,0.023633,-0.998004,True,0.037736,1.112029,0.000981,0.058354,0.007854,0.021886,-0.998025
10.663,True,-0.026981,1.116756,-0.000468,0.057804,-0.008185,0.023459,-0.998019,True,0.037718,1.112002,0.000994,0.058169,0.007904,0.021713,-0.998039
10.674,True,-0.027016,1.116731,-0.000443,0.057591,-0.008199,0.023256,-0.998036,True,0.037685,1.112001,0.001013,0.057953,0.007890,0.021512,-0.998056
10.685,True,-0.027023,1.116748,-0.000430,0.057619,-0.008057,0.023224,-0.998036,True,0.037679,1.112021,0.001032,0.057980,0.008032,0.021480,-0.998054
10.696,True,-0.027057,1.116713,-0.000429,0.057570,-0.008123,0.022939,-0.998045,True,0.037648,1.112022,0.001021,0.057927,0.007966,0.021195,-0.998064
10.707,True,-0.027084,1.116660,-0.000406,0.057626,-0.008012,0.022711,-0.998048,True,0.037622,1.112000,0.001053,0.057979,0.008077,0.020966,-0.998065
10.718,True,-0.027122,1.116645,-0.000380,0.057978,-0.007906,0.022456,-0.998034,True,0.037586,1.112020,0.001098,0.058327,0.008183,0.020709,-0.998049
10.730,True,-0.027161,1.116712,-0.000387,0.058242,-0.007803,0.022500,-0.998018,True,0.037546,1.112084,0.001118,0.058592,0.008287,0.020753,-0.998032
10.741,True,-0.027190,1.116784,-0.000371,0.058408,-0.007766,0.022736,-0.998004,True,0.037515,1.112128,0.001155,0.058762,0.008324,0.020988,-0.998017
10.752,True,-0.027207,1.116853,-0.000366,0.058496,-0.007729,0.023139,-0.997990,True,0.037494,1.112148,0.001184,0.058856,0.008362,0.021391,-0.998002
10.763,True,-0.027218,1.116923,-0.000351,0.058326,-0.007677,0.023594,-0.997989,True,0.037478,1.112160,0.001210,0.058694,0.008413,0.021847,-0.998002
10.774,True,-0.027227,1.116976,-0.000322,0.058116,-0.007769,0.023931,-0.997993,True,0.037466,1.112167,0.001223,0.058489,0.008320,0.022185,-0.998007
10.785,True,-0.027209,1.116950,-0.000333,0.057915,-0.007690,0.023796,-0.998008,True,0.037486,1.112157,0.001211,0.058285,0.008400,0.022054,-0.998021
10.796,True,-0.027214,1.116921,-0.000308,0.057927,-0.007782,0.023687,-0.998010,True,0.037482,1.112141,0.001223,0.058296,0.008308,0.021948,-0.998024
10.807,True,-0.027207,1.116890,-0.000294,0.057817,-0.007798,0.023732,-0.998015,True,0.037488,1.112105,0.001242,0.058187,0.008293,0.021994,-0.998029
10.818,True,-0.027204,1.116851,-0.000282,0.057686,-0.007883,0.023860,-0.998019,True,0.037491,1.112050,0.001254,0.058057,0.008208,0.022123,-0.998034
10.829,True,-0.027205,1.116812,-0.000259,0.057570,-0.008038,0.024086,-0.998019,True,0.037488,1.111980,0.001262,0.057946,0.008053,0.022352,-0.998037
10.841,True,-0.027188,1.116760,-0.000232,0.057604,-0.008156,0.024125,-0.998015,True,0.037504,1.111921,0.001269,0.057980,0.007936,0.022393,-0.998035
10.852,True,-0.027181,1.116730,-0.000210,0.057760,-0.008143,0.024116,-0.998006,True,0.037511,1.111889,0.001273,0.058136,0.007949,0.022383,-0.998026
10.863,True,-0.027159,1.116676,-0.000167,0.058017,-0.008006,0.023852,-0.997999,True,0.037536,1.111865,0.001298,0.058389,0.008087,0.022121,-0.998016
10.874,True,-0.027152,1.116649,-0.000140,0.058079,-0.007946,0.023646,-0.998000,True,0.037885,1.106354,0.000886,0.058448,0.008147,0.021914,-0.998017
10.885,True,-0.027144,1.116643,-0.000118,0.058176,-0.007942,0.023648,-0.997995,True,0.037892,1.106348,0.000910,0.058545,0.008151,0.021915,-0.998011
10.897,True,-0.027147,1.116650,-0.000104,0.058182,-0.007554,0.023536,-0.998000,True,0.037891,1.106366,0.000929,0.058550,0.008539,0.021804,-0.998010
10.908,True,-0.027152,1.116677,-0.000073,0.058339,-0.007440,0.023597,-0.997990,True,0.037884,1.106382,0.000956,0.058709,0.008654,0.021864,-0.997998
10.919,True,-0.027137,1.116699,-0.000048,0.058287,-0.007325,0.023616,-0.997994,True,0.037899,1.106399,0.000975,0.058657,0.008768,0.021884,-0.998000
10.930,True,-0.027120,1.116700,-0.000036,0.058397,-0.007008,0.023653,-0.997989,True,0.037914,1.106392,0.000992,0.058769,0.009086,0.021922,-0.997990
10.941,True,-0.027117,1.116678,-0.000013,0.058373,-0.007002,0.023589,-0.997992,True,0.037919,1.106376,0.001005,0.058743,0.009093,0.021860,-0.997992
10.952,True,-0.027080,1.116635,-0.000009,0.058167,-0.006932,0.023533,-0.998005,True,0.037957,1.106340,0.001012,0.058537,0.009163,0.021809,-0.998005
10.963,True,-0.027061,1.116593,0.000002,0.058145,-0.007090,0.023402,-0.998009,True,0.037978,1.106316,0.001020,0.058512,0.009006,0.021682,-0.998011
10.974,True,-0.027058,1.116527,0.000012,0.058131,-0.007152,0.023371,-0.998010,True,0.037983,1.106256,0.001032,0.058497,0.008945,0.021653,-0.998013
10.985,True,-0.027055,1.116474,0.000018,0.057918,-0.007194,0.023495,-0.998019,True,0.037984,1.106189,0.001047,0.058287,0.008904,0.021782,-0.998023
10.997,True,-0.027046,1.116442,0.000030,0.057739,-0.006944,0.023719,-0.998026,True,0.037987,1.106126,0.001071,0.058111,0.009154,0.022010,-0.998026
11.007,True,-0.027052,1.116389,0.000039,0.057534,-0.007078,0.023742,-0.998036,True,0.037980,1.106072,0.001084,0.057906,0.009019,0.022033,-0.998038
11.019,True,-0.027050,1.116367,0.000051,0.057125,-0.007071,0.023741,-0.998060,True,0.037983,1.106053,0.001112,0.057497,0.009027,0.022036,-0.998062
11.030,True,-0.027027,1.116354,0.000081,0.056904,-0.007129,0.023682,-0.998073,True,0.038008,1.106050,0.001145,0.057275,0.008968,0.021975,-0.998076
11.041,True,-0.026981,1.116381,0.000102,0.056721,-0.007120,0.023694,-0.998084,True,0.038054,1.106078,0.001188,0.057092,0.008976,0.021988,-0.998087
11.052,True,-0.026904,1.116455,0.000149,0.056805,-0.007165,0.023971,-0.998072,True,0.038125,1.106117,0.001237,0.057180,0.008931,0.022263,-0.998076
11.063,True,-0.026773,1.116523,0.000208,0.056917,-0.007288,0.024413,-0.998054,True,0.038247,1.106127,0.001287,0.057299,0.008808,0.022704,-0.998060
11.074,True,-0.026606,1.116577,0.000302,0.056952,-0.007644,0.024943,-0.998036,True,0.038403,1.106108,0.001328,0.057343,0.008453,0.023235,-0.998048
11.085,True,-0.026445,1.116577,0.000391,0.056855,-0.008009,0.025341,-0.998029,True,0.038556,1.106051,0.001356,0.057252,0.008087,0.023636,-0.998047
11.097,True,-0.026227,1.116568,0.000493,0.056649,-0.008311,0.025904,-0.998023,True,0.038761,1.105960,0.001381,0.057056,0.007786,0.024203,-0.998047
11.107,True,-0.026018,1.116529,0.000588,0.056380,-0.008863,0.026374,-0.998022,True,0.038960,1.105852,0.001390,0.056794,0.007235,0.024678,-0.998055
11.119,True,-0.025806,1.116466,0.000712,0.056200,-0.009493,0.027026,-0.998009,True,0.039158,1.105699,0.001429,0.056623,0.006605,0.025334,-0.998052
11.130,True,-0.025580,1.116402,0.000818,0.055904,-0.009845,0.027405,-0.998011,True,0.039376,1.105576,0.001442,0.056334,0.006253,0.025720,-0.998061
11.141,True,-0.025373,1.116340,0.000934,0.055577,-0.010392,0.027842,-0.998012,True,0.039573,1.105448,0.001459,0.056015,0.005707,0.026162,-0.998071
11.152,True,-0.025177,1.116280,0.001036,0.055364,-0.011053,0.028231,-0.998006,True,0.039760,1.105335,0.001487,0.055807,0.005047,0.026558,-0.998076
11.163,True,-0.024988,1.116228,0.001155,0.055089,-0.011679,0.028474,-0.998007,True,0.039943,1.105246,0.001519,0.055536,0.004421,0.026806,-0.998087
11.174,True,-0.024822,1.116198,0.001279,0.054928,-0.012357,0.028734,-0.998000,True,0.040103,1.105178,0.001567,0.055378,0.003743,0.027070,-0.998091
11.186,True,-0.024692,1.116161,0.001386,0.055124,-0.013028,0.028978,-0.997974,True,0.040229,1.105110,0.001619,0.055577,0.003074,0.027317,-0.998076
11.196,True,-0.024581,1.116156,0.001484,0.054902,-0.013014,0.029160,-0.997981,True,0.040334,1.105076,0.001684,0.055359,0.003087,0.027500,-0.998083
11.207,True,-0.024494,1.116140,0.001591,0.055059,-0.013325,0.029270,-0.997965,True,0.040419,1.105044,0.001763,0.055517,0.002777,0.027613,-0.998072
11.218,True,-0.024429,1.116108,0.001697,0.054931,-0.013705,0.029338,-0.997965,True,0.040483,1.105004,0.001839,0.055390,0.002398,0.027685,-0.998078
11.229,True,-0.024349,1.116059,0.001788,0.054853,-0.013862,0.029306,-0.997968,True,0.040563,1.104958,0.001909,0.055311,0.002241,0.027655,-0.998084
11.240,True,-0.024322,1.116029,0.001883,0.054545,-0.014010,0.029189,-0.997986,True,0.040592,1.104943,0.001985,0.055001,0.002094,0.027544,-0.998104
11.252,True,-0.024302,1.115983,0.001930,0.054529,-0.014080,0.029041,-0.997991,True,0.040616,1.104917,0.002027,0.054982,0.002025,0.027397,-0.998109
11.263,True,-0.024313,1.115904,0.002008,0.054368,-0.014161,0.028788,-0.998005,True,0.040611,1.104872,0.002103,0.054817,0.001944,0.027149,-0.998125
11.274,True,-0.024321,1.115877,0.002080,0.054191,-0.014132,0.028627,-0.998020,True,0.040607,1.104868,0.002189,0.054637,0.001974,0.026991,-0.998140
11.285,True,-0.024342,1.115835,0.002158,0.054319,-0.014240,0.028498,-0.998015,True,0.040589,1.104846,0.002275,0.054763,0.001867,0.026864,-0.998136
11.296,True,-0.024409,1.115775,0.002228,0.054230,-0.013938,0.028326,-0.998029,True,0.040526,1.104809,0.002376,0.054671,0.002169,0.026695,-0.998145
11.307,True,-0.024448,1.115738,0.002288,0.054442,-0.013498,0.028213,-0.998027,True,0.040489,1.104786,0.002473,0.054882,0.002610,0.026582,-0.998136
11.319,True,-0.024498,1.115710,0.002370,0.054401,-0.013464,0.028133,-0.998032,True,0.040441,1.104771,0.002577,0.054840,0.002644,0.026505,-0.998140
11.330,True,-0.024554,1.115673,0.002417,0.054624,-0.013053,0.027884,-0.998032,True,0.040391,1.104768,0.002671,0.055059,0.003056,0.026255,-0.998133
11.341,True,-0.024608,1.115681,0.002507,0.054799,-0.012832,0.027748,-0.998029,True,0.040340,1.104795,0.002786,0.055232,0.003277,0.026121,-0.998126
11.352,True,-0.024628,1.115686,0.002592,0.055224,-0.012579,0.027524,-0.998015,True,0.040325,1.104832,0.002908,0.055654,0.003532,0.025895,-0.998108
11.363,True,-0.024633,1.115708,0.002711,0.055428,-0.012428,0.027404,-0.998009,True,0.040323,1.104872,0.003053,0.055856,0.003682,0.025773,-0.998099
11.374,True,-0.024625,1.115718,0.002824,0.055594,-0.012197,0.027296,-0.998006,True,0.040333,1.104896,0.003188,0.056020,0.003913,0.025662,-0.998092
11.385,True,-0.025545,1.114169,0.002604,0.055823,-0.012158,0.027466,-0.997989,True,0.040355,1.104885,0.003306,0.056252,0.003952,0.025831,-0.998075
11.397,True,-0.025501,1.114174,0.002735,0.055684,-0.012251,0.027745,-0.997988,True,0.040394,1.104853,0.003430,0.056117,0.003860,0.026112,-0.998075
11.408,True,-0.025455,1.114175,0.002882,0.055287,-0.012422,0.027958,-0.998002,True,0.040435,1.104824,0.003548,0.055724,0.003688,0.026327,-0.998092
11.419,True,-0.025407,1.114095,0.002995,0.055168,-0.012393,0.027938,-0.998009,True,0.040484,1.104743,0.003643,0.055604,0.003718,0.026311,-0.998099
11.430,True,-0.025340,1.114001,0.003156,0.055032,-0.012502,0.027989,-0.998014,True,0.040549,1.104640,0.003779,0.055470,0.003609,0.026365,-0.998106
11.441,True,-0.025279,1.113990,0.003279,0.054753,-0.012408,0.028033,-0.998029,True,0.040609,1.104619,0.003885,0.055192,0.003703,0.026413,-0.998120
11.452,True,-0.025227,1.113990,0.003410,0.054521,-0.012520,0.028262,-0.998034,True,0.040657,1.104588,0.004003,0.054964,0.003592,0.026647,-0.998126
11.463,True,-0.025180,1.113970,0.003545,0.054153,-0.012511,0.028690,-0.998042,True,0.040696,1.104508,0.004124,0.054603,0.003601,0.027079,-0.998134
11.474,True,-0.025131,1.113985,0.003686,0.053846,-0.013061,0.029141,-0.998039,True,0.040737,1.104466,0.004237,0.054302,0.003051,0.027533,-0.998140
11.485,True,-0.025095,1.113992,0.003824,0.053867,-0.013577,0.029310,-0.998026,True,0.040769,1.104452,0.004340,0.054325,0.002536,0.027706,-0.998136
11.496,True,-0.025054,1.113959,0.003972,0.053570,-0.013578,0.029222,-0.998044,True,0.040812,1.104425,0.004449,0.054027,0.002535,0.027621,-0.998154
11.507,True,-0.025022,1.113930,0.004106,0.053443,-0.013954,0.028955,-0.998053,True,0.040850,1.104431,0.004552,0.053895,0.002159,0.027358,-0.998169
11.518,True,-0.025014,1.113881,0.004242,0.053302,-0.014244,0.028687,-0.998065,True,0.040863,1.104419,0.004669,0.053749,0.001870,0.027092,-0.998185
11.529,True,-0.025011,1.113861,0.004368,0.053279,-0.014528,0.028614,-0.998064,True,0.040867,1.104409,0.004774,0.053725,0.001586,0.027020,-0.998189
11.541,True,-0.025018,1.113833,0.004485,0.053610,-0.014746,0.028579,-0.998044,True,0.040861,1.104386,0.004875,0.054055,0.001369,0.026985,-0.998172
11.552,True,-0.025044,1.113774,0.004616,0.053635,-0.015033,0.028522,-0.998040,True,0.040836,1.104334,0.004982,0.054079,0.001082,0.026930,-0.998173
11.563,True,-0.025052,1.113724,0.004733,0.053467,-0.015129,0.028347,-0.998053,True,0.040832,1.104305,0.005078,0.053908,0.000987,0.026758,-0.998187
11.574,True,-0.025068,1.113649,0.004842,0.053358,-0.015192,0.028026,-0.998067,True,0.040821,1.104270,0.005162,0.053794,0.000924,0.026439,-0.998202
11.585,True,-0.025116,1.113547,0.004931,0.053377,-0.015345,0.027636,-0.998074,True,0.040781,1.104218,0.005230,0.053806,0.000771,0.026051,-0.998211
11.596,True,-0.025164,1.113483,0.005030,0.053324,-0.015485,0.027344,-0.998083,True,0.040738,1.104194,0.005323,0.053748,0.000632,0.025760,-0.998222
11.607,True,-0.025215,1.113457,0.005125,0.053038,-0.014867,0.026990,-0.998117,True,0.040692,1.104208,0.005423,0.053458,0.001250,0.025407,-0.998246
11.618,True,-0.025299,1.113465,0.005205,0.053294,-0.014676,0.026740,-0.998113,True,0.040612,1.104247,0.005509,0.053710,0.001441,0.025155,-0.998239
11.629,True,-0.025385,1.113518,0.005284,0.053606,-0.014698,0.026611,-0.998099,True,0.040530,1.104321,0.005614,0.054020,0.001419,0.025022,-0.998225
11.641,True,-0.025467,1.113565,0.005362,0.053636,-0.014269,0.026526,-0.998106,True,0.040449,1.104378,0.005712,0.054049,0.001847,0.024935,-0.998225
11.652,True,-0.025561,1.113543,0.005404,0.053804,-0.013292,0.026241,-0.998118,True,0.040358,1.104384,0.005773,0.054214,0.002824,0.024649,-0.998221
11.663,True,-0.025647,1.113518,0.005460,0.053731,-0.013105,0.025971,-0.998132,True,0.040278,1.104395,0.005851,0.054137,0.003012,0.024380,-0.998231
11.674,True,-0.025723,1.113484,0.005499,0.053546,-0.013055,0.025747,-0.998148,True,0.040206,1.104393,0.005910,0.053948,0.003062,0.024158,-0.998247
11.685,True,-0.025819,1.113397,0.005520,0.053601,-0.012492,0.025446,-0.998160,True,0.040115,1.104342,0.005950,0.053999,0.003626,0.023862,-0.998249
11.696,True,-0.025931,1.113312,0.005536,0.053304,-0.011870,0.025335,-0.998186,True,0.040004,1.104270,0.006015,0.053702,0.004249,0.023755,-0.998265
11.707,True,-0.026042,1.113264,0.005567,0.053516,-0.011312,0.025486,-0.998178,True,0.039890,1.104200,0.006079,0.053917,0.004808,0.023910,-0.998248
11.719,True,-0.026146,1.113207,0.005573,0.053143,-0.010913,0.025545,-0.998201,True,0.039785,1.104137,0.006131,0.053545,0.005206,0.023973,-0.998264
11.729,True,-0.026233,1.113160,0.005587,0.053226,-0.010245,0.025645,-0.998201,True,0.039695,1.104074,0.006188,0.053631,0.005875,0.024076,-0.998253
11.741,True,-0.026302,1.113096,0.005622,0.053303,-0.009936,0.025652,-0.998200,True,0.039626,1.104010,0.006253,0.053708,0.006185,0.024086,-0.998247
11.752,True,-0.026340,1.113063,0.005657,0.053344,-0.009788,0.025760,-0.998196,True,0.039586,1.103963,0.006309,0.053751,0.006334,0.024197,-0.998241
11.763,True,-0.026366,1.113050,0.005704,0.053349,-0.009819,0.025897,-0.998192,True,0.039558,1.103932,0.006360,0.053758,0.006304,0.024336,-0.998238
11.774,True,-0.026369,1.113056,0.005763,0.053264,-0.009664,0.025947,-0.998197,True,0.039553,1.103928,0.006407,0.053675,0.006459,0.024389,-0.998240
11.785,True,-0.026363,1.113060,0.005821,0.053211,-0.009741,0.025992,-0.998197,True,0.039558,1.103924,0.006444,0.053622,0.006382,0.024436,-0.998242
11.796,True,-0.026342,1.113066,0.005891,0.052933,-0.009867,0.026018,-0.998210,True,0.039578,1.103926,0.006501,0.053345,0.006256,0.024463,-0.998257
11.807,True,-0.026313,1.113088,0.005973,0.053121,-0.010178,0.026094,-0.998195,True,0.039607,1.103940,0.006565,0.053533,0.005945,0.024537,-0.998247
11.818,True,-0.026292,1.113096,0.006054,0.053309,-0.010452,0.026188,-0.998180,True,0.039626,1.103935,0.006623,0.053723,0.005671,0.024630,-0.998236
11.830,True,-0.026275,1.113116,0.006161,0.053631,-0.010583,0.026327,-0.998158,True,0.039640,1.103933,0.006698,0.054047,0.005540,0.024768,-0.998216
11.841,True,-0.026246,1.113136,0.006233,0.053898,-0.010641,0.026425,-0.998140,True,0.039668,1.103939,0.006755,0.054315,0.005482,0.024864,-0.998199
11.852,True,-0.026210,1.113132,0.006301,0.054072,-0.010762,0.026451,-0.998129,True,0.039702,1.103929,0.006802,0.054489,0.005362,0.024889,-0.998190
11.863,True,-0.026196,1.113125,0.006371,0.053982,-0.010862,0.026428,-0.998133,True,0.039717,1.103926,0.006865,0.054400,0.005261,0.024867,-0.998196
11.874,True,-0.026192,1.113104,0.006439,0.054262,-0.010778,0.026409,-0.998119,True,0.039721,1.103903,0.006917,0.054680,0.005346,0.024848,-0.998180
11.885,True,-0.026176,1.113083,0.006494,0.054803,-0.010433,0.026373,-0.998094,True,0.039494,1.109221,0.007459,0.055221,0.005693,0.024813,-0.998150
11.897,True,-0.026179,1.113070,0.006565,0.054665,-0.010824,0.026482,-0.998095,True,0.039490,1.109195,0.007505,0.055084,0.005301,0.024923,-0.998157
11.907,True,-0.026165,1.113058,0.006610,0.054369,-0.011212,0.026493,-0.998107,True,0.039505,1.109185,0.007544,0.054787,0.004914,0.024936,-0.998175
11.918,True,-0.026165,1.113036,0.006664,0.054420,-0.011367,0.026493,-0.998102,True,0.039505,1.109160,0.007576,0.054838,0.004759,0.024938,-0.998173
11.930,True,-0.026157,1.113010,0.006710,0.054237,-0.011742,0.026467,-0.998108,True,0.039513,1.109141,0.007611,0.054654,0.004385,0.024916,-0.998185
11.941,True,-0.026165,1.112972,0.006758,0.053812,-0.011984,0.026450,-0.998129,True,0.039506,1.109106,0.007641,0.054229,0.004142,0.024902,-0.998209
11.952,True,-0.026160,1.112922,0.006784,0.053409,-0.012130,0.026400,-0.998150,True,0.039511,1.109063,0.007663,0.053825,0.003996,0.024856,-0.998233
11.963,True,-0.026170,1.112858,0.006813,0.053416,-0.012217,0.026330,-0.998151,True,0.039502,1.109007,0.007684,0.053830,0.003911,0.024790,-0.998235
11.974,True,-0.026181,1.112808,0.006852,0.053391,-0.012604,0.026256,-0.998149,True,0.039492,1.108970,0.007721,0.053803,0.003524,0.024721,-0.998239
11.985,True,-0.026190,1.112772,0.006880,0.053307,-0.012620,0.026070,-0.998158,True,0.039484,1.108958,0.007742,0.053717,0.003509,0.024536,-0.998249
11.997,True,-0.026204,1.112764,0.006904,0.053154,-0.012627,0.025899,-0.998171,True,0.039471,1.108974,0.007775,0.053561,0.003502,0.024366,-0.998261
12.007,True,-0.026240,1.112762,0.006950,0.053210,-0.012711,0.025720,-0.998171,True,0.039437,1.108995,0.007818,0.053613,0.003417,0.024187,-0.998263
12.019,True,-0.026249,1.112784,0.006967,0.053376,-0.012184,0.025797,-0.998167,True,0.039427,1.109004,0.007855,0.053782,0.003944,0.024264,-0.998250
12.030,True,-0.026305,1.112788,0.006984,0.053409,-0.012371,0.025564,-0.998169,True,0.039373,1.109044,0.007886,0.053810,0.003757,0.024029,-0.998255
12.041,True,-0.026347,1.112786,0.007009,0.053737,-0.012135,0.025474,-0.998156,True,0.039331,1.109054,0.007932,0.054137,0.003994,0.023938,-0.998239
12.052,True,-0.026370,1.112791,0.007001,0.053757,-0.011932,0.025503,-0.998157,True,0.039308,1.109057,0.007957,0.054158,0.004197,0.023966,-0.998236
12.063,True,-0.026399,1.112800,0.007011,0.053911,-0.011773,0.025548,-0.998150,True,0.039278,1.109062,0.007993,0.054312,0.004356,0.024012,-0.998226
12.074,True,-0.026435,1.112797,0.007025,0.054170,-0.011894,0.025623,-0.998132,True,0.039241,1.109052,0.008020,0.054572,0.004236,0.024087,-0.998210
12.085,True,-0.026462,1.112784,0.007026,0.054199,-0.011860,0.025633,-0.998131,True,0.039214,1.109040,0.008038,0.054601,0.004270,0.024098,-0.998208
12.096,True,-0.026486,1.112770,0.007027,0.054248,-0.011675,0.025640,-0.998130,True,0.039189,1.109026,0.008066,0.054651,0.004456,0.024105,-0.998205
12.107,True,-0.026511,1.112749,0.007036,0.054233,-0.011471,0.025590,-0.998135,True,0.039165,1.109012,0.008097,0.054635,0.004660,0.024057,-0.998206
12.119,True,-0.026519,1.112705,0.007042,0.054255,-0.011389,0.025554,-0.998135,True,0.039157,1.108974,0.008118,0.054657,0.004742,0.024021,-0.998205
12.130,True,-0.026535,1.112689,0.007051,0.054129,-0.011307,0.025543,-0.998143,True,0.039140,1.108961,0.008149,0.054530,0.004825,0.024012,-0.998212
12.141,True,-0.026543,1.112693,0.007068,0.054019,-0.011398,0.025547,-0.998148,True,0.039132,1.108967,0.008176,0.054420,0.004734,0.024018,-0.998218
12.152,True,-0.026523,1.112668,0.007087,0.054082,-0.011418,0.025368,-0.998149,True,0.039154,1.108966,0.008191,0.054480,0.004714,0.023839,-0.998219
12.163,True,-0.026509,1.112621,0.007127,0.054138,-0.011629,0.025222,-0.998147,True,0.039169,1.108937,0.008210,0.054534,0.004503,0.023693,-0.998221
12.174,True,-0.026446,1.112622,0.007153,0.054440,-0.011762,0.025200,-0.998130,True,0.039233,1.108943,0.008236,0.054835,0.004369,0.023667,-0.998205
12.185,True,-0.026425,1.112677,0.007182,0.054578,-0.012079,0.025207,-0.998118,True,0.039254,1.108997,0.008236,0.054973,0.004053,0.023675,-0.998199
12.196,True,-0.026380,1.112760,0.007223,0.054744,-0.012383,0.025358,-0.998102,True,0.039299,1.109061,0.008255,0.055141,0.003749,0.023824,-0.998187
12.207,True,-0.026352,1.112825,0.007269,0.055050,-0.012733,0.025550,-0.998075,True,0.039325,1.109100,0.008272,0.055450,0.003399,0.024016,-0.998167
12.218,True,-0.026318,1.112941,0.007309,0.055073,-0.013002,0.025790,-0.998065,True,0.039358,1.109183,0.008284,0.055476,0.003131,0.024256,-0.998161
12.229,True,-0.026306,1.113008,0.007358,0.055211,-0.013446,0.025781,-0.998051,True,0.039371,1.109252,0.008298,0.055614,0.002687,0.024249,-0.998154
12.241,True,-0.026286,1.113029,0.007395,0.055299,-0.013649,0.025540,-0.998050,True,0.039393,1.109303,0.008312,0.055698,0.002484,0.024008,-0.998156
12.252,True,-0.026278,1.113011,0.007429,0.055414,-0.013889,0.025247,-0.998048,True,0.039403,1.109323,0.008320,0.055808,0.002245,0.023714,-0.998157
12.263,True,-0.026276,1.112976,0.007452,0.055593,-0.013770,0.024926,-0.998047,True,0.039408,1.109328,0.008340,0.055981,0.002365,0.023395,-0.998155
12.274,True,-0.026286,1.112967,0.007481,0.055656,-0.013778,0.024898,-0.998044,True,0.039398,1.109323,0.008370,0.056045,0.002356,0.023367,-0.998152
12.285,True,-0.026299,1.112927,0.007491,0.055742,-0.013844,0.024952,-0.998037,True,0.039384,1.109277,0.008383,0.056131,0.002291,0.023421,-0.998146
12.296,True,-0.026316,1.112896,0.007518,0.055823,-0.014036,0.025127,-0.998026,True,0.039366,1.109223,0.008398,0.056214,0.002099,0.023596,-0.998138
12.307,True,-0.026315,1.112873,0.007538,0.056059,-0.014406,0.025204,-0.998005,True,0.039367,1.109193,0.008406,0.056452,0.001728,0.023671,-0.998123
12.318,True,-0.026318,1.112883,0.007553,0.056151,-0.014426,0.025291,-0.997998,True,0.039363,1.109190,0.008411,0.056544,0.001709,0.023758,-0.998116
12.329,True,-0.026334,1.112876,0.007581,0.056386,-0.014561,0.025290,-0.997983,True,0.039347,1.109182,0.008416,0.056780,0.001574,0.023755,-0.998103
12.341,True,-0.026328,1.112872,0.007585,0.056571,-0.014584,0.025307,-0.997971,True,0.039353,1.109176,0.008424,0.056965,0.001551,0.023772,-0.998092
12.352,True,-0.026350,1.112895,0.007595,0.056646,-0.014677,0.025376,-0.997964,True,0.039331,1.109190,0.008426,0.057041,0.001458,0.023840,-0.998086
12.363,True,-0.026370,1.112918,0.007583,0.056767,-0.014674,0.025408,-0.997956,True,0.039311,1.109210,0.008423,0.057163,0.001461,0.023872,-0.998078
12.374,True,-0.026391,1.112956,0.007573,0.056685,-0.014583,0.025500,-0.997960,True,0.039289,1.109235,0.008419,0.057082,0.001552,0.023965,-0.998081
12.385,True,-0.026416,1.112949,0.007561,0.056642,-0.014454,0.025483,-0.997965,True,0.039264,1.109228,0.008404,0.057040,0.001681,0.023949,-0.998083
12.396,True,-0.027030,1.111905,0.007414,0.056275,-0.014244,0.025322,-0.997993,True,0.039239,1.109214,0.008387,0.056670,0.001891,0.023790,-0.998108
12.407,True,-0.027054,1.111893,0.007394,0.056042,-0.014141,0.025186,-0.998011,True,0.039216,1.109219,0.008369,0.056435,0.001994,0.023657,-0.998124
12.418,True,-0.027076,1.111886,0.007362,0.055935,-0.013945,0.025038,-0.998023,True,0.039194,1.109230,0.008347,0.056325,0.002191,0.023511,-0.998133
12.430,True,-0.027103,1.111896,0.007322,0.056028,-0.013792,0.025162,-0.998017,True,0.039166,1.109224,0.008320,0.056421,0.002343,0.023634,-0.998125
12.441,True,-0.027156,1.111881,0.007285,0.055881,-0.013562,0.025205,-0.998027,True,0.039113,1.109203,0.008307,0.056275,0.002574,0.023680,-0.998131
12.452,True,-0.027194,1.111873,0.007244,0.055947,-0.013445,0.025305,-0.998022,True,0.039074,1.109183,0.008285,0.056342,0.002692,0.023782,-0.998125
12.463,True,-0.027239,1.111876,0.007215,0.055977,-0.013351,0.025291,-0.998022,True,0.039029,1.109188,0.008262,0.056372,0.002786,0.023768,-0.998123
12.474,True,-0.027273,1.111929,0.007189,0.055974,-0.013207,0.025132,-0.998029,True,0.038996,1.109263,0.008253,0.056367,0.002929,0.023607,-0.998127
12.485,True,-0.027296,1.112019,0.007164,0.056311,-0.013031,0.024929,-0.998017,True,0.038974,1.109381,0.008241,0.056701,0.003105,0.023400,-0.998112
12.496,True,-0.027321,1.112113,0.007142,0.056794,-0.013011,0.024766,-0.997994,True,0.038950,1.109499,0.008230,0.057181,0.003124,0.023230,-0.998089
12.507,True,-0.027340,1.112262,0.007133,0.057325,-0.013015,0.024722,-0.997965,True,0.038930,1.109656,0.008227,0.057711,0.003120,0.023178,-0.998059
12.518,True,-0.027363,1.112371,0.007129,0.057788,-0.013033,0.024682,-0.997939,True,0.038908,1.109772,0.008218,0.058173,0.003101,0.023131,-0.998034
12.529,True,-0.027365,1.112468,0.007094,0.058103,-0.012941,0.024632,-0.997923,True,0.038906,1.109877,0.008190,0.058487,0.003193,0.023074,-0.998016
12.541,True,-0.027362,1.112505,0.007059,0.058341,-0.012857,0.024576,-0.997911,True,0.038910,1.109922,0.008158,0.058725,0.003276,0.023014,-0.998004
12.552,True,-0.027367,1.112524,0.007020,0.058596,-0.012863,0.024564,-0.997897,True,0.038904,1.109942,0.008110,0.058979,0.003270,0.022999,-0.997989
12.563,True,-0.027352,1.112526,0.006981,0.058570,-0.012865,0.024652,-0.997896,True,0.038920,1.109931,0.008064,0.058956,0.003268,0.023087,-0.997988
12.574,True,-0.027342,1.112524,0.006943,0.058696,-0.012992,0.024757,-0.997884,True,0.038929,1.109914,0.008009,0.059083,0.003141,0.023191,-0.997979
12.585,True,-0.027336,1.112533,0.006921,0.058613,-0.013109,0.024780,-0.997887,True,0.038935,1.109921,0.007979,0.059000,0.003023,0.023214,-0.997984
12.596,True,-0.027333,1.112549,0.006903,0.058631,-0.013149,0.024881,-0.997883,True,0.038938,1.109922,0.007952,0.059019,0.002983,0.023314,-0.997980
12.608,True,-0.027323,1.112586,0.006859,0.058748,-0.013120,0.024932,-0.997875,True,0.038947,1.109952,0.007908,0.059137,0.003012,0.023364,-0.997972
12.619,True,-0.027316,1.112627,0.006842,0.058961,-0.012998,0.025052,-0.997861,True,0.038953,1.109976,0.007889,0.059353,0.003135,0.023483,-0.997956
12.630,True,-0.027319,1.112679,0.006807,0.059000,-0.012909,0.025165,-0.997857,True,0.038950,1.110011,0.007849,0.059394,0.003223,0.023592,-0.997951
12.641,True,-0.027323,1.112717,0.006754,0.059228,-0.012756,0.025244,-0.997844,True,0.038945,1.110038,0.007802,0.059623,0.003376,0.023668,-0.997935
12.652,True,-0.027324,1.112755,0.006713,0.059396,-0.012636,0.025326,-0.997833,True,0.038944,1.110064,0.007760,0.059793,0.003495,0.023747,-0.997922
12.663,True,-0.027321,1.112793,0.006653,0.059187,-0.012871,0.025477,-0.997839,True,0.038947,1.110083,0.007686,0.059586,0.003260,0.023897,-0.997932
12.674,True,-0.027303,1.112814,0.006598,0.059026,-0.012991,0.025544,-0.997845,True,0.038964,1.110095,0.007621,0.059426,0.003140,0.023966,-0.997940
12.686,True,-0.027294,1.112792,0.006547,0.058795,-0.013162,0.025570,-0.997856,True,0.038974,1.110070,0.007562,0.059195,0.002968,0.023993,-0.997954
12.696,True,-0.027301,1.112797,0.006498,0.058674,-0.013174,0.025637,-0.997861,True,0.038966,1.110063,0.007496,0.059075,0.002957,0.024061,-0.997959
12.707,True,-0.027301,1.112767,0.006429,0.058520,-0.013247,0.025698,-0.997868,True,0.038966,1.110027,0.007426,0.058922,0.002883,0.024122,-0.997967
12.718,True,-0.027314,1.112767,0.006376,0.058340,-0.013387,0.025708,-0.997876,True,0.038953,1.110025,0.007362,0.058743,0.002743,0.024134,-0.997978
12.730,True,-0.027332,1.112768,0.006322,0.058344,-0.013534,0.025701,-0.997874,True,0.038935,1.110029,0.007302,0.058746,0.002596,0.024126,-0.997978
12.740,True,-0.027347,1.112801,0.006274,0.058382,-0.013923,0.025698,-0.997866,True,0.038921,1.110066,0.007246,0.058783,0.002206,0.024122,-0.997977
12.752,True,-0.027366,1.112794,0.006218,0.058601,-0.013951,0.025563,-0.997857,True,0.038902,1.110076,0.007183,0.059000,0.002179,0.023984,-0.997968
12.763,True,-0.027406,1.112842,0.006192,0.058824,-0.013985,0.025486,-0.997845,True,0.038863,1.110136,0.007153,0.059222,0.002145,0.023904,-0.997956
12.774,True,-0.027442,1.112893,0.006143,0.059014,-0.013742,0.025407,-0.997839,True,0.038827,1.110195,0.007111,0.059410,0.002387,0.023822,-0.997947
12.785,True,-0.027466,1.112927,0.006084,0.059277,-0.013603,0.025320,-0.997828,True,0.038804,1.110242,0.007066,0.059672,0.002526,0.023731,-0.997933
12.796,True,-0.027505,1.112992,0.006054,0.059479,-0.013748,0.025198,-0.997817,True,0.038765,1.110326,0.007038,0.059872,0.002381,0.023605,-0.997924
12.807,True,-0.027528,1.113073,0.006024,0.059809,-0.013740,0.025088,-0.997800,True,0.038743,1.110424,0.007012,0.060200,0.002388,0.023489,-0.997907
12.818,True,-0.027557,1.113153,0.006002,0.060227,-0.013680,0.024935,-0.997779,True,0.038714,1.110525,0.006990,0.060616,0.002447,0.023330,-0.997886
12.829,True,-0.027571,1.113238,0.005967,0.060395,-0.013544,0.024845,-0.997773,True,0.038701,1.110623,0.006957,0.060782,0.002582,0.023232,-0.997877
12.840,True,-0.027579,1.113315,0.005942,0.060588,-0.013534,0.024810,-0.997763,True,0.038693,1.110704,0.006927,0.060975,0.002591,0.023193,-0.997867
12.852,True,-0.027568,1.113294,0.005928,0.060861,-0.013728,0.024675,-0.997747,True,0.038706,1.110701,0.006893,0.061245,0.002397,0.023052,-0.997854
12.863,True,-0.027539,1.113267,0.005909,0.060834,-0.013983,0.024528,-0.997749,True,0.038735,1.110698,0.006868,0.061215,0.002141,0.022903,-0.997860
12.874,True,-0.027508,1.113279,0.005889,0.061025,-0.014081,0.024418,-0.997738,True,0.038767,1.110722,0.006827,0.061405,0.002043,0.022791,-0.997851
12.885,True,-0.027494,1.113326,0.005889,0.061052,-0.014168,0.024525,-0.997733,True,0.038781,1.110754,0.006810,0.061434,0.001956,0.022897,-0.997847
12.896,True,-0.027473,1.113416,0.005875,0.060696,-0.013969,0.024886,-0.997748,True,0.039116,1.104987,0.006188,0.061084,0.002153,0.023255,-0.997859
12.907,True,-0.027479,1.113502,0.005882,0.060610,-0.014235,0.025278,-0.997740,True,0.039104,1.105019,0.006168,0.061004,0.001887,0.023647,-0.997856
12.919,True,-0.027453,1.113546,0.005891,0.060553,-0.014549,0.025541,-0.997732,True,0.039126,1.105030,0.006157,0.060951,0.001572,0.023910,-0.997853
12.930,True,-0.027437,1.113564,0.005877,0.060319,-0.014607,0.025591,-0.997744,True,0.039141,1.105037,0.006118,0.060718,0.001515,0.023964,-0.997866
12.941,True,-0.027430,1.113497,0.005869,0.060264,-0.014975,0.025465,-0.997745,True,0.039149,1.104986,0.006073,0.060661,0.001148,0.023842,-0.997873
12.952,True,-0.027417,1.113416,0.005832,0.059887,-0.015052,0.025275,-0.997772,True,0.039167,1.104932,0.006035,0.060280,0.001071,0.023657,-0.997901
12.963,True,-0.027428,1.113325,0.005811,0.059446,-0.014921,0.025169,-0.997803,True,0.039157,1.104853,0.006013,0.059838,0.001202,0.023555,-0.997930
12.974,True,-0.027448,1.113211,0.005782,0.058690,-0.014913,0.025095,-0.997849,True,0.039138,1.104749,0.005983,0.059080,0.001211,0.023490,-0.997976
12.985,True,-0.027471,1.113111,0.005758,0.058318,-0.014758,0.025183,-0.997871,True,0.039113,1.104635,0.005960,0.058710,0.001366,0.023582,-0.997996
12.996,True,-0.027511,1.113008,0.005739,0.057966,-0.014696,0.025240,-0.997891,True,0.039073,1.104526,0.005953,0.058359,0.001429,0.023643,-0.998015
13.007,True,-0.027548,1.112963,0.005723,0.057737,-0.014453,0.025277,-0.997907,True,0.039035,1.104476,0.005952,0.058131,0.001671,0.023682,-0.998027
13.019,True,-0.027590,1.112936,0.005719,0.057520,-0.014262,0.025292,-0.997922,True,0.038993,1.104446,0.005964,0.057914,0.001862,0.023698,-0.998039
13.030,True,-0.027632,1.112908,0.005712,0.057287,-0.014005,0.025185,-0.997942,True,0.038952,1.104433,0.005974,0.057680,0.002119,0.023591,-0.998054
13.041,True,-0.027676,1.112888,0.005691,0.057242,-0.013910,0.025038,-0.997949,True,0.038911,1.104435,0.005976,0.057632,0.002214,0.023445,-0.998060
13.052,True,-0.027710,1.112878,0.005675,0.057061,-0.013649,0.024934,-0.997966,True,0.038878,1.104439,0.005983,0.057450,0.002475,0.023342,-0.998072
13.063,True,-0.027787,1.112866,0.005658,0.057088,-0.013455,0.024638,-0.997974,True,0.038806,1.104466,0.005980,0.057473,0.002669,0.023048,-0.998078
13.074,True,-0.027835,1.112881,0.005637,0.056947,-0.013190,0.024404,-0.997992,True,0.038762,1.104512,0.005981,0.057328,0.002935,0.022814,-0.998090
13.085,True,-0.027880,1.112868,0.005630,0.056890,-0.013258,0.024102,-0.998001,True,0.038723,1.104543,0.005984,0.057266,0.002866,0.022512,-0.998101
13.097,True,-0.027929,1.112845,0.005627,0.056905,-0.013196,0.023750,-0.998010,True,0.038679,1.104567,0.005987,0.057275,0.002929,0.022159,-0.998108
13.107,True,-0.027964,1.112855,0.005606,0.057176,-0.013053,0.023266,-0.998008,True,0.038653,1.104641,0.005975,0.057538,0.003072,0.021674,-0.998103
13.119,True,-0.028013,1.112858,0.005594,0.057336,-0.012897,0.022987,-0.998007,True,0.038608,1.104683,0.005981,0.057694,0.003228,0.021392,-0.998100
13.130,True,-0.028063,1.112851,0.005564,0.057452,-0.012701,0.022847,-0.998006,True,0.038560,1.104696,0.005977,0.057808,0.003424,0.021252,-0.998096
13.141,True,-0.028124,1.112835,0.005534,0.057580,-0.012602,0.022958,-0.997997,True,0.038497,1.104666,0.005966,0.057938,0.003523,0.021362,-0.998085
13.152,True,-0.028167,1.112803,0.005511,0.057592,-0.012558,0.022932,-0.997998,True,0.038455,1.104640,0.005954,0.057949,0.003568,0.021337,-0.998085
13.163,True,-0.028207,1.112770,0.005471,0.057598,-0.012521,0.022844,-0.998000,True,0.038417,1.104620,0.005935,0.057954,0.003604,0.021248,-0.998087
13.174,True,-0.028241,1.112762,0.005438,0.057510,-0.012709,0.022738,-0.998005,True,0.038385,1.104632,0.005915,0.057863,0.003416,0.021141,-0.998095
13.185,True,-0.028271,1.112762,0.005412,0.057649,-0.012558,0.022573,-0.998003,True,0.038358,1.104655,0.005910,0.058000,0.003567,0.020975,-0.998090
13.196,True,-0.028301,1.112767,0.005361,0.057981,-0.012385,0.022379,-0.997990,True,0.038331,1.104691,0.005902,0.058329,0.003739,0.020776,-0.998074
13.207,True,-0.028322,1.112825,0.005341,0.058146,-0.012406,0.022617,-0.997975,True,0.038307,1.104718,0.005884,0.058498,0.003718,0.021011,-0.998060
13.219,True,-0.028317,1.112872,0.005311,0.058227,-0.012310,0.022742,-0.997968,True,0.038309,1.104749,0.005873,0.058580,0.003814,0.021135,-0.998052
13.230,True,-0.028305,1.112898,0.005269,0.058351,-0.012385,0.022898,-0.997957,True,0.038319,1.104758,0.005842,0.058707,0.003739,0.021289,-0.998041
13.241,True,-0.028283,1.112957,0.005260,0.058409,-0.012666,0.023195,-0.997943,True,0.038336,1.104779,0.005824,0.058769,0.003457,0.021585,-0.998032
13.252,True,-0.028258,1.112999,0.005257,0.058550,-0.013038,0.023360,-0.997926,True,0.038359,1.104801,0.005808,0.058912,0.003085,0.021749,-0.998021
13.263,True,-0.028237,1.113052,0.005257,0.058744,-0.013280,0.023505,-0.997908,True,0.038378,1.104835,0.005791,0.059108,0.002844,0.021892,-0.998008
13.274,True,-0.028201,1.113096,0.005239,0.059031,-0.013306,0.023656,-0.997887,True,0.038411,1.104858,0.005767,0.059397,0.002817,0.022040,-0.997987
13.285,True,-0.028186,1.113120,0.005236,0.059146,-0.013492,0.023778,-0.997875,True,0.038424,1.104868,0.005756,0.059515,0.002631,0.022160,-0.997978
13.296,True,-0.028152,1.113121,0.005232,0.059242,-0.013242,0.023859,-0.997871,True,0.038457,1.104852,0.005737,0.059612,0.002880,0.022238,-0.997970
13.307,True,-0.028113,1.113123,0.005235,0.059226,-0.013573,0.024049,-0.997863,True,0.038493,1.104830,0.005723,0.059599,0.002549,0.022429,-0.997967
13.319,True,-0.028087,1.113089,0.005259,0.059309,-0.013805,0.024102,-0.997853,True,0.038518,1.104789,0.005722,0.059683,0.002317,0.022480,-0.997962
13.330,True,-0.028025,1.113084,0.005256,0.059288,-0.013850,0.024224,-0.997851,True,0.038578,1.104766,0.005715,0.059664,0.002272,0.022604,-0.997960
13.341,True,-0.027987,1.113099,0.005280,0.059413,-0.014137,0.024277,-0.997838,True,0.038615,1.104773,0.005706,0.059790,0.001985,0.022655,-0.997952
13.352,True,-0.027978,1.113133,0.005311,0.059688,-0.014392,0.024328,-0.997817,True,0.038623,1.104799,0.005708,0.060065,0.001730,0.022703,-0.997935
13.363,True,-0.027940,1.113159,0.005326,0.059916,-0.014616,0.024320,-0.997800,True,0.038661,1.104826,0.005700,0.060292,0.001506,0.022692,-0.997922
13.374,True,-0.027905,1.113179,0.005359,0.060008,-0.014799,0.024315,-0.997792,True,0.038696,1.104844,0.005704,0.060385,0.001322,0.022686,-0.997917
13.385,True,-0.027882,1.113153,0.005402,0.060157,-0.014965,0.024304,-0.997781,True,0.038719,1.104817,0.005717,0.060533,0.001157,0.022675,-0.997908
13.396,True,-0.026686,1.115030,0.005933,0.060078,-0.015057,0.024254,-0.997785,True,0.038745,1.104772,0.005712,0.060454,0.001066,0.022627,-0.997914
13.407,True,-0.026663,1.114994,0.005956,0.059890,-0.015234,0.024412,-0.997790,True,0.038764,1.104713,0.005710,0.060268,0.000889,0.022789,-0.997922
13.419,True,-0.026664,1.114901,0.005980,0.059504,-0.015380,0.024507,-0.997809,True,0.038761,1.104609,0.005721,0.059883,0.000743,0.022889,-0.997943
13.430,True,-0.026655,1.114831,0.006001,0.059134,-0.015660,0.024659,-0.997823,True,0.038767,1.104519,0.005714,0.059516,0.000464,0.023048,-0.997961
13.441,True,-0.026647,1.114751,0.006025,0.058718,-0.015787,0.024675,-0.997845,True,0.038774,1.104435,0.005715,0.059100,0.000337,0.023071,-0.997985
13.452,True,-0.026652,1.114644,0.006057,0.058401,-0.015934,0.024533,-0.997865,True,0.038772,1.104346,0.005727,0.058780,0.000190,0.022932,-0.998008
13.463,True,-0.026657,1.114551,0.006099,0.058385,-0.015868,0.024334,-0.997871,True,0.038770,1.104275,0.005749,0.058762,0.000257,0.022737,-0.998013
13.474,True,-0.026671,1.114483,0.006121,0.058275,-0.015829,0.024086,-0.997885,True,0.038761,1.104239,0.005768,0.058648,0.000297,0.022490,-0.998025
13.485,True,-0.026720,1.114456,0.006138,0.058196,-0.015724,0.023923,-0.997895,True,0.038716,1.104234,0.005795,0.058566,0.000402,0.022329,-0.998034
13.496,True,-0.026750,1.114417,0.006175,0.058026,-0.015661,0.023781,-0.997909,True,0.038688,1.104213,0.005831,0.058394,0.000465,0.022189,-0.998047
13.507,True,-0.026780,1.114304,0.006208,0.058091,-0.015561,0.023474,-0.997914,True,0.038665,1.104140,0.005872,0.058455,0.000566,0.021884,-0.998050
13.518,True,-0.026821,1.114259,0.006243,0.058031,-0.015400,0.023320,-0.997924,True,0.038627,1.104115,0.005918,0.058392,0.000727,0.021732,-0.998057
13.530,True,-0.026839,1.114283,0.006277,0.057649,-0.015272,0.023309,-0.997948,True,0.038610,1.104142,0.005964,0.058010,0.000855,0.021722,-0.998079
13.541,True,-0.026860,1.114309,0.006308,0.057662,-0.015184,0.023347,-0.997948,True,0.038588,1.104163,0.006002,0.058023,0.000943,0.021761,-0.998078
13.552,True,-0.026895,1.114328,0.006343,0.057882,-0.015060,0.023612,-0.997931,True,0.038547,1.104148,0.006058,0.058247,0.001067,0.022025,-0.998059
13.563,True,-0.026932,1.114386,0.006390,0.057809,-0.015020,0.023998,-0.997926,True,0.038503,1.104156,0.006111,0.058181,0.001107,0.022412,-0.998054
13.574,True,-0.026957,1.114418,0.006415,0.057707,-0.015047,0.024164,-0.997928,True,0.038474,1.104167,0.006140,0.058082,0.001080,0.022577,-0.998056
13.585,True,-0.026982,1.114417,0.006444,0.057566,-0.015080,0.024151,-0.997936,True,0.038449,1.104167,0.006163,0.057941,0.001046,0.022567,-0.998064
13.596,True,-0.026995,1.114368,0.006476,0.057285,-0.015077,0.023919,-0.997957,True,0.038442,1.104149,0.006190,0.057656,0.001050,0.022339,-0.998086
13.607,True,-0.027001,1.114313,0.006498,0.057112,-0.014758,0.023688,-0.997978,True,0.038439,1.104120,0.006212,0.057480,0.001370,0.022112,-0.998101
13.618,True,-0.027021,1.114284,0.006520,0.056879,-0.014742,0.023701,-0.997991,True,0.038419,1.104090,0.006238,0.057247,0.001386,0.022129,-0.998114
13.629,True,-0.027052,1.114237,0.006550,0.056759,-0.014847,0.023775,-0.997994,True,0.038387,1.104034,0.006265,0.057128,0.001281,0.022205,-0.998119
13.641,True,-0.027068,1.114210,0.006573,0.056777,-0.014947,0.023909,-0.997989,True,0.038368,1.103991,0.006289,0.057147,0.001182,0.022340,-0.998115
13.652,True,-0.027098,1.114213,0.006606,0.056764,-0.014871,0.023953,-0.997989,True,0.038338,1.103987,0.006319,0.057136,0.001257,0.022384,-0.998115
13.663,True,-0.027119,1.114197,0.006639,0.056881,-0.014938,0.023920,-0.997983,True,0.038317,1.103975,0.006345,0.057252,0.001190,0.022349,-0.998109
13.674,True,-0.027145,1.114178,0.006664,0.057053,-0.015004,0.023780,-0.997975,True,0.038294,1.103976,0.006376,0.057421,0.001124,0.022208,-0.998102
13.685,True,-0.027174,1.114179,0.006671,0.057039,-0.014992,0.023705,-0.997978,True,0.038267,1.103988,0.006393,0.057407,0.001137,0.022132,-0.998105
13.696,True,-0.027217,1.114177,0.006679,0.057246,-0.014611,0.023577,-0.997975,True,0.038226,1.104001,0.006421,0.057612,0.001518,0.022003,-0.998095
13.707,True,-0.027274,1.114222,0.006710,0.057222,-0.014467,0.023631,-0.997977,True,0.038168,1.104040,0.006471,0.057589,0.001662,0.022058,-0.998095
13.718,True,-0.027343,1.114210,0.006707,0.057288,-0.014569,0.023566,-0.997973,True,0.038101,1.104043,0.006497,0.057653,0.001559,0.021988,-0.998093
13.730,True,-0.027393,1.114285,0.006729,0.057127,-0.014442,0.023770,-0.997980,True,0.038048,1.104092,0.006540,0.057495,0.001686,0.022193,-0.998098
13.741,True,-0.027440,1.114283,0.006743,0.057152,-0.014104,0.023708,-0.997984,True,0.038002,1.104097,0.006572,0.057520,0.002024,0.022132,-0.998097
13.752,True,-0.027472,1.114293,0.006755,0.057219,-0.014017,0.023664,-0.997983,True,0.037971,1.104113,0.006596,0.057586,0.002111,0.022086,-0.998094
13.763,True,-0.027506,1.114284,0.006760,0.057134,-0.013766,0.023323,-0.997999,True,0.037943,1.104146,0.006599,0.057496,0.002362,0.021745,-0.998106
13.774,True,-0.027526,1.114287,0.006773,0.057013,-0.013651,0.023185,-0.998011,True,0.037926,1.104168,0.006623,0.057373,0.002477,0.021607,-0.998116
13.785,True,-0.027553,1.114276,0.006780,0.056969,-0.013598,0.023110,-0.998016,True,0.037901,1.104168,0.006646,0.057327,0.002529,0.021532,-0.998120
13.796,True,-0.027595,1.114240,0.006786,0.056979,-0.013423,0.023142,-0.998017,True,0.037859,1.104128,0.006674,0.057339,0.002705,0.021564,-0.998118
13.812,True,-0.027619,1.114230,0.006809,0.056900,-0.013580,0.023307,-0.998015,True,0.037832,1.104099,0.006691,0.057262,0.002548,0.021731,-0.998119
13.823,True,-0.027629,1.114204,0.006837,0.057095,-0.013949,0.023263,-0.998000,True,0.037822,1.104081,0.006706,0.057456,0.002180,0.021688,-0.998110
13.835,True,-0.027620,1.114224,0.006842,0.056936,-0.013794,0.023179,-0.998013,True,0.037833,1.104111,0.006723,0.057296,0.002334,0.021603,-0.998121
13.845,True,-0.027634,1.114266,0.006855,0.057069,-0.013846,0.023149,-0.998006,True,0.037820,1.104159,0.006736,0.057428,0.002281,0.021571,-0.998114
13.857,True,-0.027625,1.114335,0.006879,0.057288,-0.013935,0.023126,-0.997993,True,0.037829,1.104231,0.006759,0.057646,0.002192,0.021545,-0.998102
13.868,True,-0.027619,1.114393,0.006884,0.057504,-0.014127,0.023102,-0.997978,True,0.037836,1.104295,0.006769,0.057861,0.002000,0.021516,-0.998091
13.879,True,-0.027612,1.114443,0.006896,0.057233,-0.014011,0.023109,-0.997995,True,0.037843,1.104342,0.006772,0.057591,0.002115,0.021521,-0.998106
13.890,True,-0.027586,1.114466,0.006898,0.057560,-0.014296,0.023232,-0.997969,True,0.037866,1.104350,0.006762,0.057920,0.001831,0.021643,-0.998085
13.901,True,-0.027564,1.114483,0.006916,0.057105,-0.014348,0.023306,-0.997993,True,0.037859,1.104511,0.006827,0.057466,0.001777,0.021717,-0.998110
13.912,True,-0.027532,1.114481,0.006912,0.056837,-0.014202,0.023242,-0.998012,True,0.037892,1.104514,0.006809,0.057197,0.001923,0.021653,-0.998126
13.924,True,-0.027516,1.114484,0.006918,0.056888,-0.014253,0.023305,-0.998007,True,0.037907,1.104504,0.006789,0.057249,0.001872,0.021715,-0.998122
13.935,True,-0.027494,1.114505,0.006911,0.056871,-0.014499,0.023376,-0.998003,True,0.037927,1.104518,0.006772,0.057233,0.001625,0.021786,-0.998122
13.946,True,-0.027492,1.114517,0.006900,0.056710,-0.013645,0.023391,-0.998023,True,0.037927,1.104517,0.006764,0.057074,0.002478,0.021799,-0.998129
13.957,True,-0.027477,1.114531,0.006892,0.056800,-0.013762,0.023546,-0.998013,True,0.037940,1.104513,0.006757,0.057166,0.002361,0.021950,-0.998121
13.968,True,-0.027473,1.114579,0.006888,0.056913,-0.013369,0.023635,-0.998010,True,0.037941,1.104542,0.006745,0.057282,0.002754,0.022037,-0.998111
13.979,True,-0.027450,1.114608,0.006861,0.057028,-0.013294,0.023773,-0.998001,True,0.037961,1.104551,0.006715,0.057400,0.002827,0.022171,-0.998101
13.990,True,-0.027428,1.114629,0.006848,0.057110,-0.013289,0.023875,-0.997994,True,0.037980,1.104556,0.006685,0.057483,0.002832,0.022268,-0.998094
14.001,True,-0.027385,1.114682,0.006799,0.057645,-0.013198,0.023924,-0.997963,True,0.038022,1.104597,0.006615,0.058019,0.002923,0.022311,-0.998062
14.012,True,-0.027375,1.114748,0.006772,0.057655,-0.013358,0.023950,-0.997960,True,0.038031,1.104659,0.006565,0.058030,0.002761,0.022334,-0.998061
14.024,True,-0.027363,1.114817,0.006728,0.057906,-0.013044,0.023933,-0.997950,True,0.038042,1.104724,0.006513,0.058281,0.003075,0.022311,-0.998046
14.035,True,-0.027362,1.114864,0.006685,0.057920,-0.012778,0.023879,-0.997954,True,0.038044,1.104773,0.006456,0.058295,0.003339,0.022254,-0.998046
14.046,True,-0.027351,1.114952,0.006625,0.058201,-0.012906,0.024049,-0.997932,True,0.038051,1.104838,0.006393,0.058579,0.003211,0.022420,-0.998026
14.057,True,-0.027373,1.114991,0.006571,0.058188,-0.012554,0.024104,-0.997936,True,0.038027,1.104865,0.006334,0.058567,0.003563,0.022470,-0.998024
14.068,True,-0.027379,1.115051,0.006510,0.058374,-0.012643,0.024120,-0.997923,True,0.038021,1.104922,0.006263,0.058753,0.003473,0.022483,-0.998013
14.079,True,-0.027386,1.115108,0.006445,0.058330,-0.012592,0.024110,-0.997927,True,0.038014,1.104980,0.006198,0.058709,0.003523,0.022470,-0.998016
14.090,True,-0.027427,1.115113,0.006385,0.058461,-0.012653,0.023936,-0.997923,True,0.037976,1.105008,0.006136,0.058837,0.003462,0.022292,-0.998013
14.101,True,-0.027444,1.115142,0.006322,0.058482,-0.012740,0.023856,-0.997922,True,0.037961,1.105048,0.006071,0.058856,0.003374,0.022211,-0.998014
14.112,True,-0.027481,1.115128,0.006218,0.058369,-0.012646,0.023655,-0.997935,True,0.037928,1.105060,0.005972,0.058741,0.003468,0.022010,-0.998025
14.123,True,-0.027482,1.115108,0.006130,0.057989,-0.012412,0.023550,-0.997962,True,0.037929,1.105053,0.005891,0.058359,0.003701,0.021905,-0.998048
14.135,True,-0.027510,1.115097,0.006031,0.057786,-0.012230,0.023361,-0.997981,True,0.037904,1.105066,0.005800,0.058153,0.003884,0.021718,-0.998064
14.146,True,-0.027538,1.115047,0.005939,0.057846,-0.012032,0.023137,-0.997985,True,0.037881,1.105044,0.005715,0.058210,0.004082,0.021493,-0.998065
14.157,True,-0.027567,1.114989,0.005889,0.057989,-0.011589,0.022941,-0.997986,True,0.037855,1.105008,0.005682,0.058351,0.004524,0.021297,-0.998059
14.168,True,-0.027619,1.115024,0.005803,0.058062,-0.011300,0.022888,-0.997987,True,0.037805,1.105050,0.005616,0.058423,0.004813,0.021240,-0.998054
14.179,True,-0.027645,1.115132,0.005698,0.058164,-0.010977,0.022967,-0.997982,True,0.037777,1.105150,0.005556,0.058527,0.005135,0.021318,-0.998045
14.190,True,-0.027697,1.115215,0.005647,0.058088,-0.010319,0.023244,-0.997987,True,0.037719,1.105193,0.005540,0.058457,0.005792,0.021590,-0.998040
14.201,True,-0.027730,1.115323,0.005568,0.058318,-0.009971,0.023567,-0.997970,True,0.037680,1.105258,0.005488,0.058692,0.006140,0.021909,-0.998017
14.212,True,-0.027752,1.115415,0.005481,0.058439,-0.009543,0.023833,-0.997961,True,0.037652,1.105312,0.005423,0.058818,0.006566,0.022172,-0.998001
14.223,True,-0.027756,1.115461,0.005442,0.058410,-0.009586,0.023976,-0.997959,True,0.037645,1.105340,0.005385,0.058792,0.006523,0.022314,-0.998000
14.234,True,-0.027744,1.115450,0.005349,0.058249,-0.009447,0.023812,-0.997973,True,0.037660,1.105348,0.005289,0.058628,0.006662,0.022152,-0.998012
14.246,True,-0.027738,1.115439,0.005256,0.057966,-0.009228,0.023778,-0.997993,True,0.037666,1.105340,0.005197,0.058345,0.006881,0.022121,-0.998028
14.257,True,-0.027725,1.115390,0.005185,0.057680,-0.009161,0.023823,-0.998009,True,0.037678,1.105284,0.005125,0.058059,0.006949,0.022169,-0.998043
14.268,True,-0.027730,1.115338,0.005086,0.057499,-0.009111,0.023983,-0.998016,True,0.037670,1.105209,0.005019,0.057881,0.006998,0.022330,-0.998049
14.279,True,-0.027722,1.115294,0.005002,0.057178,-0.009100,0.024167,-0.998030,True,0.037674,1.105141,0.004931,0.057563,0.007009,0.022519,-0.998063
14.290,True,-0.027689,1.115209,0.004937,0.056894,-0.009257,0.024298,-0.998042,True,0.037705,1.105038,0.004843,0.057282,0.006853,0.022653,-0.998078
14.301,True,-0.027674,1.115162,0.004864,0.056609,-0.009474,0.024148,-0.998059,True,0.037722,1.105010,0.004747,0.056994,0.006636,0.022507,-0.998099
14.312,True,-0.027658,1.115118,0.004782,0.056571,-0.009348,0.023925,-0.998068,True,0.037742,1.104993,0.004659,0.056952,0.006762,0.022285,-0.998105
14.324,True,-0.027663,1.115093,0.004758,0.056599,-0.009274,0.023710,-0.998072,True,0.037741,1.104994,0.004627,0.056977,0.006836,0.022071,-0.998108
14.335,True,-0.027677,1.115087,0.004678,0.056557,-0.009106,0.023462,-0.998082,True,0.037732,1.105020,0.004559,0.056931,0.007004,0.021821,-0.998115
14.346,True,-0.027700,1.115103,0.004642,0.056462,-0.008932,0.023412,-0.998090,True,0.037711,1.105044,0.004544,0.056836,0.007178,0.021772,-0.998120
14.357,True,-0.027723,1.115131,0.004574,0.056659,-0.008878,0.023438,-0.998079,True,0.037687,1.105069,0.004485,0.057034,0.007232,0.021798,-0.998108
14.368,True,-0.027741,1.115130,0.004510,0.056638,-0.008960,0.023274,-0.998083,True,0.037672,1.105093,0.004428,0.057010,0.007151,0.021636,-0.998114
14.379,True,-0.027751,1.115127,0.004443,0.056671,-0.008844,0.023282,-0.998082,True,0.037662,1.105088,0.004372,0.057042,0.007267,0.021643,-0.998111
14.390,True,-0.027769,1.115108,0.004410,0.056600,-0.008715,0.022994,-0.998094,True,0.037650,1.105106,0.004339,0.056968,0.007397,0.021358,-0.998120
14.401,True,-0.027784,1.115094,0.004343,0.056594,-0.008685,0.022688,-0.998102,True,0.037642,1.105131,0.004274,0.056957,0.007427,0.021053,-0.998127
14.412,True,-0.027785,1.115070,0.004300,0.056258,-0.008472,0.022480,-0.998127,True,0.037645,1.105137,0.004256,0.056617,0.007639,0.020846,-0.998149
14.424,True,-0.027809,1.115042,0.004238,0.056195,-0.008206,0.022444,-0.998134,True,0.037622,1.105114,0.004215,0.056554,0.007905,0.020809,-0.998151
14.434,True,-0.027824,1.115050,0.004170,0.056195,-0.008015,0.022620,-0.998131,True,0.037603,1.105099,0.004169,0.056557,0.008095,0.020985,-0.998146
14.446,True,-0.027825,1.115032,0.004107,0.056021,-0.007625,0.022589,-0.998145,True,0.037602,1.105083,0.004118,0.056383,0.008485,0.020954,-0.998153
14.457,True,-0.027802,1.114998,0.004082,0.055962,-0.007456,0.022591,-0.998150,True,0.037625,1.105046,0.004096,0.056325,0.008654,0.020957,-0.998155
14.471,True,-0.027781,1.114981,0.004033,0.055848,-0.007375,0.022431,-0.998160,True,0.037649,1.105049,0.004045,0.056208,0.008735,0.020798,-0.998164
14.482,True,-0.027764,1.114969,0.003976,0.055614,-0.007458,0.022317,-0.998175,True,0.037669,1.105054,0.003989,0.055972,0.008652,0.020685,-0.998181
14.493,True,-0.027734,1.114980,0.003962,0.055423,-0.007332,0.022283,-0.998187,True,0.037699,1.105069,0.003986,0.055781,0.008777,0.020653,-0.998191
14.512,True,-0.027693,1.115001,0.003849,0.055426,-0.007551,0.022428,-0.998182,True,0.037739,1.105077,0.003886,0.055785,0.008559,0.020797,-0.998190
14.523,True,-0.027628,1.115020,0.003814,0.055481,-0.007630,0.022626,-0.998174,True,0.037799,1.105072,0.003861,0.055844,0.008480,0.020995,-0.998183
14.534,True,-0.027575,1.115062,0.003767,0.055549,-0.007870,0.022800,-0.998165,True,0.037849,1.105093,0.003809,0.055913,0.008240,0.021168,-0.998177
14.545,True,-0.027525,1.115095,0.003744,0.055657,-0.008252,0.022964,-0.998152,True,0.037897,1.105108,0.003776,0.056024,0.007858,0.021331,-0.998171
14.557,True,-0.027471,1.115134,0.003705,0.055589,-0.008135,0.023118,-0.998153,True,0.037947,1.105124,0.003728,0.055958,0.007974,0.021484,-0.998170
14.568,True,-0.027417,1.115152,0.003661,0.055666,-0.008428,0.023297,-0.998142,True,0.037998,1.105120,0.003675,0.056038,0.007681,0.021662,-0.998164
14.579,True,-0.027356,1.115157,0.003602,0.056069,-0.009227,0.023479,-0.998108,True,0.038057,1.105112,0.003619,0.056442,0.006884,0.021845,-0.998143
14.590,True,-0.027307,1.115129,0.003582,0.056195,-0.009565,0.023629,-0.998094,True,0.038103,1.105068,0.003593,0.056569,0.006547,0.021994,-0.998135
14.601,True,-0.027271,1.115122,0.003544,0.056146,-0.009708,0.023683,-0.998094,True,0.038138,1.105053,0.003538,0.056521,0.006403,0.022050,-0.998137
14.612,True,-0.027221,1.115128,0.003521,0.056280,-0.009730,0.023723,-0.998086,True,0.038187,1.105053,0.003512,0.056656,0.006382,0.022090,-0.998129
14.623,True,-0.027180,1.115141,0.003490,0.056357,-0.010005,0.023801,-0.998077,True,0.038226,1.105057,0.003463,0.056734,0.006107,0.022167,-0.998125
14.635,True,-0.027136,1.115141,0.003448,0.056491,-0.010146,0.023780,-0.998068,True,0.038271,1.105060,0.003411,0.056868,0.005966,0.022145,-0.998118
14.646,True,-0.027097,1.115146,0.003404,0.056586,-0.010378,0.023775,-0.998061,True,0.038311,1.105068,0.003362,0.056962,0.005734,0.022140,-0.998114
14.657,True,-0.027076,1.115157,0.003380,0.056588,-0.010663,0.023766,-0.998058,True,0.038332,1.105081,0.003320,0.056964,0.005450,0.022132,-0.998116
14.668,True,-0.027045,1.115174,0.003338,0.056591,-0.010669,0.023701,-0.998059,True,0.038365,1.105106,0.003279,0.056966,0.005443,0.022067,-0.998117
14.679,True,-0.027040,1.115185,0.003329,0.056697,-0.010910,0.023647,-0.998052,True,0.038370,1.105123,0.003240,0.057071,0.005203,0.022011,-0.998114
14.690,True,-0.026997,1.115218,0.003290,0.056774,-0.010913,0.023730,-0.998045,True,0.038490,1.104874,0.003106,0.057149,0.005200,0.022095,-0.998108
14.701,True,-0.026974,1.115228,0.003251,0.056852,-0.010868,0.023727,-0.998042,True,0.038513,1.104883,0.003064,0.057227,0.005245,0.022091,-0.998103
14.712,True,-0.026952,1.115232,0.003215,0.056960,-0.010720,0.023717,-0.998037,True,0.038534,1.104886,0.003022,0.057335,0.005393,0.022082,-0.998096
14.723,True,-0.026936,1.115219,0.003164,0.056933,-0.010572,0.023609,-0.998043,True,0.038553,1.104885,0.002967,0.057307,0.005541,0.021975,-0.998099
14.735,True,-0.026922,1.115194,0.003117,0.056852,-0.010723,0.023520,-0.998048,True,0.038568,1.104872,0.002910,0.057224,0.005390,0.021887,-0.998107
14.746,True,-0.026911,1.115148,0.003065,0.056880,-0.010747,0.023397,-0.998049,True,0.038582,1.104841,0.002856,0.057250,0.005367,0.021764,-0.998108
14.757,True,-0.026895,1.115126,0.003014,0.056678,-0.010948,0.023335,-0.998060,True,0.038600,1.104830,0.002797,0.057046,0.005165,0.021703,-0.998122
14.768,True,-0.026866,1.115141,0.002954,0.056923,-0.010944,0.023354,-0.998045,True,0.038628,1.104841,0.002732,0.057292,0.005169,0.021720,-0.998108
14.779,True,-0.026838,1.115183,0.002905,0.056753,-0.011061,0.023256,-0.998056,True,0.038658,1.104896,0.002673,0.057120,0.005052,0.021622,-0.998120
14.790,True,-0.026818,1.115159,0.002898,0.056858,-0.011344,0.022984,-0.998053,True,0.038684,1.104909,0.002651,0.057220,0.004768,0.021345,-0.998122
14.801,True,-0.026783,1.115184,0.002854,0.057286,-0.011182,0.022857,-0.998034,True,0.038721,1.104950,0.002623,0.057646,0.004930,0.021214,-0.998099
14.812,True,-0.026756,1.115243,0.002816,0.057512,-0.011194,0.022813,-0.998021,True,0.038750,1.105015,0.002586,0.057872,0.004918,0.021165,-0.998088
14.823,True,-0.026717,1.115358,0.002752,0.058023,-0.010891,0.022926,-0.997993,True,0.038786,1.105112,0.002533,0.058385,0.005221,0.021273,-0.998054
14.834,True,-0.026679,1.115460,0.002694,0.058163,-0.010813,0.023268,-0.997977,True,0.038817,1.105169,0.002486,0.058530,0.005297,0.021611,-0.998038
14.846,True,-0.026651,1.115539,0.002666,0.058350,-0.010870,0.023690,-0.997956,True,0.038836,1.105192,0.002451,0.058725,0.005240,0.022031,-0.998017
14.857,True,-0.026612,1.115635,0.002608,0.058416,-0.010895,0.024095,-0.997942,True,0.038866,1.105235,0.002393,0.058797,0.005215,0.022435,-0.998004
14.868,True,-0.026579,1.115690,0.002548,0.058313,-0.010911,0.024247,-0.997944,True,0.038895,1.105268,0.002320,0.058697,0.005198,0.022587,-0.998007
14.879,True,-0.026551,1.115710,0.002504,0.058330,-0.011036,0.024267,-0.997941,True,0.038923,1.105285,0.002266,0.058714,0.005074,0.022608,-0.998006
14.890,True,-0.026517,1.115719,0.002433,0.058164,-0.010931,0.024245,-0.997953,True,0.038958,1.105296,0.002191,0.058547,0.005179,0.022586,-0.998016
14.901,True,-0.026483,1.115712,0.002354,0.058350,-0.010941,0.024215,-0.997943,True,0.038992,1.105292,0.002112,0.058733,0.005169,0.022554,-0.998006
14.913,True,-0.026467,1.115727,0.002278,0.058250,-0.010800,0.024361,-0.997946,True,0.039005,1.105286,0.002034,0.058636,0.005309,0.022701,-0.998007
14.924,True,-0.026477,1.115660,0.002263,0.058251,-0.010808,0.024534,-0.997942,True,0.038991,1.105194,0.002008,0.058640,0.005300,0.022871,-0.998003
14.935,True,-0.026443,1.115661,0.002174,0.058334,-0.010892,0.024577,-0.997935,True,0.039024,1.105188,0.001906,0.058724,0.005217,0.022914,-0.997998
14.946,True,-0.026414,1.115632,0.002109,0.058253,-0.010903,0.024447,-0.997943,True,0.039054,1.105175,0.001829,0.058640,0.005205,0.022784,-0.998006
14.957,True,-0.026393,1.115615,0.002044,0.058080,-0.010966,0.024355,-0.997955,True,0.039077,1.105170,0.001755,0.058466,0.005142,0.022691,-0.998018
14.968,True,-0.026395,1.115609,0.001966,0.057922,-0.010870,0.024139,-0.997970,True,0.039080,1.105192,0.001680,0.058305,0.005237,0.022475,-0.998032
14.979,True,-0.026407,1.115630,0.001885,0.057986,-0.010740,0.024066,-0.997970,True,0.039070,1.105222,0.001611,0.058368,0.005367,0.022399,-0.998030
14.990,True,-0.026419,1.115662,0.001818,0.057577,-0.010923,0.024077,-0.997991,True,0.039058,1.105257,0.001559,0.057958,0.005183,0.022406,-0.998054
15.001,True,-0.026447,1.115728,0.001726,0.057878,-0.010657,0.024053,-0.997977,True,0.039031,1.105325,0.001483,0.058259,0.005448,0.022379,-0.998036
15.013,True,-0.026455,1.115787,0.001646,0.058010,-0.010745,0.024097,-0.997967,True,0.039022,1.105382,0.001416,0.058392,0.005360,0.022420,-0.998028
15.024,True,-0.026463,1.115829,0.001562,0.057969,-0.010656,0.024150,-0.997969,True,0.039014,1.105417,0.001342,0.058351,0.005448,0.022472,-0.998028
15.035,True,-0.026472,1.115819,0.001464,0.058333,-0.010760,0.023934,-0.997952,True,0.039009,1.105438,0.001249,0.058712,0.005346,0.022257,-0.998013
15.046,True,-0.026482,1.115824,0.001361,0.058290,-0.010708,0.023804,-0.997958,True,0.039002,1.105460,0.001150,0.058666,0.005398,0.022127,-0.998018
15.057,True,-0.026453,1.115781,0.001292,0.057828,-0.010498,0.023604,-0.997992,True,0.039035,1.105443,0.001094,0.058202,0.005608,0.021930,-0.998048
15.068,True,-0.026491,1.115746,0.001183,0.057876,-0.010418,0.023604,-0.997990,True,0.038997,1.105408,0.000991,0.058249,0.005688,0.021930,-0.998045
15.079,True,-0.026492,1.115728,0.001131,0.058713,-0.010282,0.023773,-0.997939,True,0.038993,1.105367,0.000952,0.059090,0.005826,0.022100,-0.997991
15.090,True,-0.026495,1.115713,0.001037,0.058862,-0.010333,0.023966,-0.997925,True,0.038986,1.105329,0.000868,0.059242,0.005775,0.022294,-0.997978
15.101,True,-0.026502,1.115709,0.000908,0.059036,-0.010047,0.024064,-0.997915,True,0.038977,1.105310,0.000751,0.059417,0.006061,0.022393,-0.997964
15.112,True,-0.026528,1.115695,0.000816,0.058858,-0.010127,0.023914,-0.997929,True,0.038954,1.105317,0.000660,0.059237,0.005981,0.022243,-0.997978
15.124,True,-0.026549,1.115682,0.000765,0.059148,-0.009994,0.023644,-0.997919,True,0.038939,1.105340,0.000631,0.059522,0.006114,0.021972,-0.997966
15.135,True,-0.026618,1.115697,0.000620,0.059499,-0.009647,0.023378,-0.997908,True,0.038876,1.105395,0.000547,0.059869,0.006463,0.021704,-0.997949
15.146,True,-0.026690,1.115724,0.000505,0.059529,-0.009204,0.023270,-0.997913,True,0.038806,1.105439,0.000481,0.059898,0.006906,0.021597,-0.997947
15.157,True,-0.026804,1.115723,0.000457,0.059772,-0.008931,0.023199,-0.997903,True,0.038695,1.105451,0.000479,0.060140,0.007179,0.021525,-0.997932
15.168,True,-0.026865,1.115726,0.000354,0.059587,-0.008531,0.023149,-0.997918,True,0.038635,1.105461,0.000415,0.059955,0.007580,0.021479,-0.997941
15.179,True,-0.026953,1.115664,0.000228,0.059435,-0.008187,0.023041,-0.997933,True,0.038550,1.105416,0.000330,0.059801,0.007924,0.021375,-0.997950
15.190,True,-0.027054,1.115604,0.000163,0.059116,-0.007761,0.023091,-0.997954,True,0.038448,1.105353,0.000315,0.059483,0.008351,0.021432,-0.997964
15.201,True,-0.027163,1.115522,0.000036,0.058846,-0.007325,0.022958,-0.997976,True,0.038342,1.105290,0.000233,0.059212,0.008788,0.021307,-0.997979
15.212,True,-0.027262,1.115489,-0.000084,0.058406,-0.006918,0.023024,-0.998003,True,0.038242,1.105253,0.000172,0.058773,0.009196,0.021379,-0.998000
15.224,True,-0.027361,1.115479,-0.000104,0.058333,-0.006768,0.022993,-0.998009,True,0.038144,1.105252,0.000192,0.058699,0.009346,0.021350,-0.998004
15.235,True,-0.027441,1.115517,-0.000187,0.058426,-0.006455,0.022998,-0.998006,True,0.038064,1.105292,0.000152,0.058793,0.009660,0.021353,-0.997995
15.246,True,-0.027511,1.115560,-0.000265,0.058776,-0.006332,0.023102,-0.997984,True,0.037993,1.105325,0.000109,0.059144,0.009782,0.021453,-0.997971
15.257,True,-0.027553,1.115585,-0.000285,0.059166,-0.006822,0.023198,-0.997955,True,0.037950,1.105345,0.000097,0.059534,0.009292,0.021545,-0.997951
15.268,True,-0.027579,1.115591,-0.000332,0.059338,-0.006758,0.023187,-0.997946,True,0.037923,1.105350,0.000048,0.059706,0.009356,0.021533,-0.997940
15.279,True,-0.027571,1.115559,-0.000377,0.059584,-0.007451,0.023156,-0.997927,True,0.037933,1.105327,-0.000023,0.059951,0.008664,0.021501,-0.997932
15.291,True,-0.027536,1.115541,-0.000415,0.059420,-0.007931,0.023138,-0.997933,True,0.037969,1.105312,-0.000103,0.059785,0.008185,0.021488,-0.997946
15.301,True,-0.027528,1.115487,-0.000474,0.059331,-0.008536,0.023077,-0.997935,True,0.037978,1.105267,-0.000207,0.059696,0.007579,0.021428,-0.997958
15.313,True,-0.027503,1.115437,-0.000524,0.059362,-0.008884,0.022910,-0.997934,True,0.038007,1.105236,-0.000304,0.059723,0.007233,0.021263,-0.997962
15.324,True,-0.027455,1.115409,-0.000519,0.058928,-0.009238,0.022874,-0.997957,True,0.038055,1.105210,-0.000346,0.059288,0.006878,0.021229,-0.997991
15.335,True,-0.027406,1.115403,-0.000566,0.058919,-0.009735,0.022837,-0.997954,True,0.038105,1.105207,-0.000448,0.059278,0.006381,0.021193,-0.997996
15.346,True,-0.027376,1.115384,-0.000607,0.058879,-0.010196,0.022891,-0.997951,True,0.038134,1.105181,-0.000527,0.059238,0.005920,0.021248,-0.998000
15.357,True,-0.027352,1.115371,-0.000595,0.058770,-0.010561,0.022983,-0.997951,True,0.038155,1.105153,-0.000562,0.059131,0.005555,0.021341,-0.998007
15.368,True,-0.027340,1.115353,-0.000643,0.058758,-0.010794,0.023078,-0.997947,True,0.038165,1.105120,-0.000644,0.059121,0.005323,0.021438,-0.998007
15.379,True,-0.027334,1.115347,-0.000693,0.058724,-0.011006,0.023238,-0.997943,True,0.038167,1.105091,-0.000722,0.059089,0.005111,0.021600,-0.998006
15.390,True,-0.027325,1.115353,-0.000622,0.058506,-0.011126,0.023331,-0.997952,True,0.038175,1.105087,-0.000656,0.058872,0.004992,0.021696,-0.998017
15.401,True,-0.027341,1.115290,-0.000727,0.058235,-0.011564,0.023298,-0.997964,True,0.038160,1.105030,-0.000787,0.058600,0.004554,0.021667,-0.998036
15.412,True,-0.027343,1.115245,-0.000760,0.058005,-0.011563,0.023211,-0.997980,True,0.038160,1.104996,-0.000825,0.058368,0.004555,0.021582,-0.998051
15.423,True,-0.027361,1.115202,-0.000805,0.057794,-0.011500,0.023140,-0.997994,True,0.038143,1.104962,-0.000867,0.058156,0.004618,0.021514,-0.998065
15.435,True,-0.027396,1.115180,-0.000885,0.057638,-0.011434,0.023138,-0.998004,True,0.038108,1.104942,-0.000938,0.058001,0.004685,0.021515,-0.998074
15.445,True,-0.027445,1.115181,-0.000951,0.057441,-0.011705,0.023058,-0.998014,True,0.038062,1.104958,-0.000999,0.057802,0.004414,0.021438,-0.998088
15.457,True,-0.027458,1.115161,-0.000941,0.057528,-0.011791,0.022986,-0.998010,True,0.038050,1.104949,-0.000981,0.057887,0.004328,0.021367,-0.998085
15.468,True,-0.027497,1.115116,-0.000985,0.057987,-0.011852,0.022828,-0.997986,True,0.038014,1.104928,-0.001009,0.058344,0.004269,0.021208,-0.998062
15.479,True,-0.027534,1.115131,-0.001008,0.058195,-0.011671,0.022656,-0.997980,True,0.037982,1.104970,-0.000993,0.058549,0.004449,0.021032,-0.998053
15.490,True,-0.027564,1.115210,-0.001070,0.058312,-0.011508,0.022723,-0.997973,True,0.037951,1.105043,-0.001021,0.058666,0.004612,0.021097,-0.998044
15.501,True,-0.027607,1.115304,-0.001122,0.058530,-0.011406,0.022947,-0.997957,True,0.037904,1.105109,-0.001054,0.058888,0.004713,0.021318,-0.998026
15.512,True,-0.027626,1.115405,-0.001124,0.058977,-0.011562,0.023206,-0.997923,True,0.037880,1.105179,-0.001043,0.059339,0.004558,0.021573,-0.997994
15.523,True,-0.027638,1.115499,-0.001170,0.059261,-0.011675,0.023407,-0.997900,True,0.037864,1.105249,-0.001078,0.059626,0.004445,0.021772,-0.997973
15.535,True,-0.027647,1.115580,-0.001238,0.059318,-0.011799,0.023542,-0.997892,True,0.037852,1.105316,-0.001137,0.059685,0.004321,0.021907,-0.997968
15.546,True,-0.027648,1.115570,-0.001239,0.059354,-0.012020,0.023367,-0.997891,True,0.037855,1.105329,-0.001156,0.059717,0.004099,0.021732,-0.997970
15.557,True,-0.027634,1.115541,-0.001304,0.059354,-0.012011,0.023144,-0.997896,True,0.037874,1.105330,-0.001214,0.059714,0.004109,0.021509,-0.997975
15.568,True,-0.027653,1.115502,-0.001377,0.059370,-0.012087,0.023116,-0.997895,True,0.037856,1.105295,-0.001290,0.059729,0.004033,0.021483,-0.997975
15.579,True,-0.027666,1.115490,-0.001442,0.059378,-0.012118,0.023279,-0.997891,True,0.037839,1.105263,-0.001350,0.059740,0.004002,0.021647,-0.997971
15.590,True,-0.027660,1.115483,-0.001432,0.059426,-0.012133,0.023511,-0.997882,True,0.037841,1.105225,-0.001343,0.059792,0.003987,0.021877,-0.997963
15.601,True,-0.027686,1.115500,-0.001508,0.059342,-0.012269,0.023632,-0.997883,True,0.037812,1.105226,-0.001433,0.059710,0.003851,0.022000,-0.997966
15.612,True,-0.027699,1.115495,-0.001530,0.059515,-0.011965,0.023343,-0.997883,True,0.037804,1.105255,-0.001458,0.059878,0.004155,0.021708,-0.997961
15.623,True,-0.027718,1.115495,-0.001570,0.059598,-0.011659,0.023000,-0.997889,True,0.037792,1.105297,-0.001488,0.059957,0.004461,0.021363,-0.997962
15.634,True,-0.027754,1.115511,-0.001630,0.059547,-0.011675,0.022883,-0.997895,True,0.037759,1.105330,-0.001542,0.059903,0.004445,0.021246,-0.997968
15.645,True,-0.027781,1.115523,-0.001702,0.059643,-0.011564,0.022715,-0.997894,True,0.037735,1.105367,-0.001590,0.059997,0.004555,0.021075,-0.997966
15.657,True,-0.027819,1.115583,-0.001695,0.059654,-0.011358,0.022633,-0.997898,True,0.037699,1.105437,-0.001564,0.060007,0.004762,0.020992,-0.997966
15.668,True,-0.027850,1.115628,-0.001751,0.059648,-0.011296,0.022627,-0.997899,True,0.037668,1.105484,-0.001609,0.060000,0.004823,0.020985,-0.997966
15.679,True,-0.027868,1.115696,-0.001800,0.059577,-0.011243,0.022714,-0.997902,True,0.037649,1.105542,-0.001644,0.059931,0.004875,0.021071,-0.997968
15.690,True,-0.027856,1.115709,-0.001770,0.059577,-0.011091,0.022536,-0.997908,True,0.037664,1.105579,-0.001604,0.059929,0.005026,0.020890,-0.997971
15.701,True,-0.027863,1.115714,-0.001833,0.059457,-0.011039,0.022576,-0.997915,True,0.037657,1.105579,-0.001657,0.059809,0.005078,0.020930,-0.997977
15.712,True,-0.027860,1.115713,-0.001892,0.059296,-0.010986,0.022486,-0.997927,True,0.037661,1.105591,-0.001701,0.059647,0.005132,0.020840,-0.997989
15.723,True,-0.027840,1.115718,-0.001904,0.059136,-0.010740,0.022518,-0.997938,True,0.037681,1.105591,-0.001701,0.059487,0.005378,0.020873,-0.997996
15.735,True,-0.027836,1.115695,-0.001960,0.059148,-0.010622,0.022613,-0.997937,True,0.037684,1.105557,-0.001740,0.059501,0.005495,0.020968,-0.997993
15.745,True,-0.027831,1.115690,-0.002019,0.059127,-0.010342,0.022762,-0.997937,True,0.037685,1.105531,-0.001785,0.059483,0.005775,0.021117,-0.997989
15.757,True,-0.027793,1.115718,-0.002044,0.058962,-0.010325,0.022948,-0.997943,True,0.037719,1.105537,-0.001795,0.059320,0.005792,0.021302,-0.997995
15.768,True,-0.027752,1.115716,-0.002087,0.058851,-0.010286,0.023020,-0.997948,True,0.037759,1.105526,-0.001829,0.059211,0.005830,0.021375,-0.998000
15.779,True,-0.027692,1.115729,-0.002121,0.058794,-0.010273,0.023093,-0.997950,True,0.037818,1.105531,-0.001853,0.059155,0.005843,0.021447,-0.998001
15.790,True,-0.027630,1.115785,-0.002135,0.058704,-0.010262,0.023235,-0.997952,True,0.037877,1.105569,-0.001860,0.059067,0.005854,0.021589,-0.998003
15.801,True,-0.027575,1.115822,-0.002204,0.058874,-0.010343,0.023387,-0.997938,True,0.037929,1.105588,-0.001922,0.059240,0.005773,0.021739,-0.997990
15.813,True,-0.027512,1.115888,-0.002206,0.058862,-0.010591,0.023646,-0.997930,True,0.037987,1.105621,-0.001934,0.059231,0.005524,0.021996,-0.997987
15.824,True,-0.027430,1.115950,-0.002219,0.058811,-0.010744,0.023824,-0.997927,True,0.038066,1.105660,-0.001964,0.059183,0.005370,0.022172,-0.997986
15.835,True,-0.027338,1.115978,-0.002248,0.058907,-0.010993,0.023821,-0.997919,True,0.038157,1.105686,-0.002019,0.059278,0.005121,0.022168,-0.997982
15.846,True,-0.027246,1.116001,-0.002287,0.059018,-0.011083,0.023905,-0.997909,True,0.038248,1.105697,-0.002075,0.059391,0.005031,0.022250,-0.997974
15.857,True,-0.027160,1.116030,-0.002275,0.059050,-0.011268,0.023920,-0.997905,True,0.038333,1.105723,-0.002090,0.059423,0.004846,0.022266,-0.997973
15.868,True,-0.027074,1.116041,-0.002297,0.059028,-0.011455,0.023993,-0.997902,True,0.038417,1.105721,-0.002143,0.059402,0.004659,0.022340,-0.997973
15.879,True,-0.027002,1.116047,-0.002288,0.059049,-0.011608,0.024095,-0.997897,True,0.038487,1.105713,-0.002149,0.059425,0.004506,0.022441,-0.997970
15.890,True,-0.026926,1.116072,-0.002314,0.059066,-0.011973,0.024274,-0.997887,True,0.038560,1.105716,-0.002195,0.059444,0.004141,0.022620,-0.997967
15.901,True,-0.026847,1.116105,-0.002333,0.059151,-0.012221,0.024492,-0.997874,True,0.038633,1.105719,-0.002237,0.059533,0.003893,0.022835,-0.997958
15.912,True,-0.026787,1.116099,-0.002364,0.059280,-0.012399,0.024507,-0.997864,True,0.038693,1.105712,-0.002279,0.059661,0.003715,0.022848,-0.997950
15.924,True,-0.026716,1.116155,-0.002323,0.059332,-0.012656,0.024744,-0.997851,True,0.038759,1.105736,-0.002259,0.059717,0.003457,0.023084,-0.997942
15.935,True,-0.026643,1.116166,-0.002352,0.059423,-0.012652,0.024781,-0.997845,True,0.038831,1.105741,-0.002301,0.059809,0.003461,0.023119,-0.997936
15.946,True,-0.026606,1.116190,-0.002313,0.059447,-0.012339,0.024807,-0.997847,True,0.038867,1.105753,-0.002286,0.059834,0.003774,0.023144,-0.997933
15.957,True,-0.026549,1.116191,-0.002339,0.059420,-0.012306,0.024829,-0.997848,True,0.038923,1.105749,-0.002320,0.059807,0.003806,0.023166,-0.997934
15.973,True,-0.026478,1.116205,-0.002378,0.059542,-0.012437,0.024956,-0.997836,True,0.038991,1.105746,-0.002372,0.059931,0.003675,0.023293,-0.997924
15.984,True,-0.026481,1.116209,-0.002315,0.059691,-0.012521,0.024993,-0.997825,True,0.038988,1.105745,-0.002318,0.060081,0.003592,0.023329,-0.997914
15.995,True,-0.026423,1.116279,-0.002378,0.059749,-0.012439,0.025132,-0.997819,True,0.039043,1.105797,-0.002370,0.060142,0.003674,0.023468,-0.997907
16.006,True,-0.026393,1.116326,-0.002427,0.059871,-0.012657,0.025332,-0.997804,True,0.039069,1.105821,-0.002417,0.060266,0.003455,0.023665,-0.997896
16.017,True,-0.026385,1.116375,-0.002427,0.060004,-0.012724,0.025596,-0.997789,True,0.039071,1.105837,-0.002412,0.060403,0.003388,0.023926,-0.997882
16.028,True,-0.026363,1.116387,-0.002474,0.060131,-0.012723,0.025743,-0.997777,True,0.039090,1.105829,-0.002456,0.060533,0.003389,0.024073,-0.997870
16.039,True,-0.026351,1.116391,-0.002530,0.060154,-0.012625,0.025839,-0.997775,True,0.039100,1.105819,-0.002512,0.060557,0.003487,0.024167,-0.997866
16.050,True,-0.026370,1.116388,-0.002550,0.060247,-0.012571,0.025775,-0.997772,True,0.039083,1.105824,-0.002531,0.060650,0.003541,0.024103,-0.997862
16.061,True,-0.026393,1.116374,-0.002619,0.060490,-0.012451,0.025611,-0.997763,True,0.039063,1.105832,-0.002585,0.060890,0.003661,0.023938,-0.997851
16.072,True,-0.026434,1.116374,-0.002707,0.060550,-0.012157,0.025526,-0.997765,True,0.039024,1.105846,-0.002633,0.060948,0.003955,0.023852,-0.997848
16.083,True,-0.026494,1.116359,-0.002760,0.060708,-0.011893,0.025420,-0.997761,True,0.038967,1.105848,-0.002643,0.061105,0.004219,0.023745,-0.997840
16.094,True,-0.026591,1.116328,-0.002858,0.060861,-0.011607,0.025282,-0.997759,True,0.038873,1.105840,-0.002691,0.061256,0.004505,0.023606,-0.997833
16.106,True,-0.026646,1.116377,-0.002942,0.060995,-0.011327,0.025344,-0.997752,True,0.038817,1.105885,-0.002726,0.061391,0.004785,0.023666,-0.997822
16.117,True,-0.026719,1.116416,-0.002996,0.061442,-0.011122,0.025284,-0.997728,True,0.038746,1.105936,-0.002734,0.061837,0.004991,0.023604,-0.997795
16.128,True,-0.026786,1.116438,-0.003054,0.061714,-0.010909,0.025196,-0.997716,True,0.038682,1.105973,-0.002753,0.062108,0.005204,0.023514,-0.997779
16.139,True,-0.026842,1.116418,-0.003097,0.062081,-0.010723,0.024913,-0.997703,True,0.038631,1.105992,-0.002770,0.062470,0.005390,0.023225,-0.997762
16.150,True,-0.026900,1.116452,-0.003119,0.062484,-0.010476,0.024651,-0.997687,True,0.038579,1.106062,-0.002754,0.062869,0.005636,0.022956,-0.997742
16.161,True,-0.026949,1.116565,-0.003185,0.062698,-0.010327,0.024661,-0.997674,True,0.038530,1.106180,-0.002776,0.063083,0.005784,0.022960,-0.997727
16.173,True,-0.027008,1.116703,-0.003231,0.063057,-0.010259,0.024823,-0.997649,True,0.038469,1.106300,-0.002790,0.063444,0.005851,0.023117,-0.997701
16.184,True,-0.027023,1.117054,-0.003327,0.063237,-0.010081,0.025131,-0.997631,True,0.038404,1.106405,-0.002777,0.063629,0.006029,0.023420,-0.997681
16.195,True,-0.027083,1.117168,-0.003383,0.063602,-0.010059,0.025373,-0.997602,True,0.038339,1.106490,-0.002810,0.063998,0.006050,0.023658,-0.997651
16.206,True,-0.027120,1.117239,-0.003424,0.063694,-0.009930,0.025305,-0.997599,True,0.038303,1.106569,-0.002850,0.064089,0.006179,0.023588,-0.997646
16.217,True,-0.027163,1.117234,-0.003446,0.063713,-0.010092,0.025039,-0.997603,True,0.038266,1.106600,-0.002876,0.064104,0.006017,0.023321,-0.997653
16.228,True,-0.027207,1.117181,-0.003492,0.063716,-0.010215,0.024679,-0.997611,True,0.038231,1.106596,-0.002924,0.064100,0.005895,0.022962,-0.997662
16.239,True,-0.027247,1.117152,-0.003541,0.063706,-0.010217,0.024524,-0.997615,True,0.038193,1.106589,-0.002968,0.064088,0.005892,0.022807,-0.997666
16.250,True,-0.027296,1.117096,-0.003564,0.063724,-0.010497,0.024592,-0.997609,True,0.038143,1.106529,-0.002986,0.064107,0.005612,0.022874,-0.997665
16.261,True,-0.027336,1.117026,-0.003618,0.063819,-0.010456,0.024653,-0.997602,True,0.038102,1.106449,-0.003044,0.064203,0.005654,0.022935,-0.997657
16.273,True,-0.027371,1.116978,-0.003657,0.063603,-0.010545,0.024693,-0.997614,True,0.038066,1.106395,-0.003096,0.063987,0.005564,0.022978,-0.997671
16.284,True,-0.027399,1.116917,-0.003662,0.063582,-0.010674,0.024694,-0.997614,True,0.038038,1.106332,-0.003121,0.063967,0.005436,0.022981,-0.997673
16.295,True,-0.027426,1.116858,-0.003706,0.063715,-0.010791,0.024604,-0.997607,True,0.038013,1.106285,-0.003172,0.064098,0.005319,0.022891,-0.997667
16.306,True,-0.027471,1.116824,-0.003742,0.063651,-0.010828,0.024521,-0.997612,True,0.037970,1.106262,-0.003214,0.064032,0.005282,0.022809,-0.997673
16.317,True,-0.027541,1.116806,-0.003747,0.063736,-0.010878,0.024354,-0.997610,True,0.037904,1.106267,-0.003216,0.064115,0.005232,0.022643,-0.997672
16.328,True,-0.027608,1.116816,-0.003790,0.064071,-0.010769,0.024238,-0.997593,True,0.037839,1.106293,-0.003245,0.064448,0.005343,0.022526,-0.997653
16.339,True,-0.027688,1.116833,-0.003842,0.064024,-0.010670,0.024153,-0.997599,True,0.037761,1.106323,-0.003276,0.064399,0.005442,0.022442,-0.997657
16.350,True,-0.027764,1.116847,-0.003854,0.064097,-0.010459,0.024079,-0.997598,True,0.037687,1.106346,-0.003276,0.064471,0.005652,0.022367,-0.997653
16.361,True,-0.027834,1.116820,-0.003912,0.063832,-0.010249,0.024001,-0.997619,True,0.037618,1.106331,-0.003312,0.064205,0.005862,0.022291,-0.997671
16.372,True,-0.027898,1.116766,-0.003963,0.063608,-0.010310,0.023877,-0.997636,True,0.037558,1.106295,-0.003355,0.063979,0.005802,0.022170,-0.997688
16.384,True,-0.027965,1.116724,-0.004007,0.063320,-0.010270,0.023688,-0.997659,True,0.037494,1.106279,-0.003391,0.063688,0.005842,0.021984,-0.997711
16.395,True,-0.028030,1.116671,-0.004062,0.063199,-0.010169,0.023469,-0.997673,True,0.037434,1.106255,-0.003438,0.063563,0.005944,0.021769,-0.997723
16.406,True,-0.028089,1.116630,-0.004118,0.063068,-0.010030,0.023464,-0.997683,True,0.037375,1.106216,-0.003477,0.063432,0.006082,0.021766,-0.997730
16.417,True,-0.028165,1.116598,-0.004179,0.063140,-0.009835,0.023515,-0.997679,True,0.037297,1.106179,-0.003512,0.063505,0.006278,0.021819,-0.997723
16.428,True,-0.028234,1.116580,-0.004236,0.063091,-0.009941,0.023583,-0.997680,True,0.037227,1.106155,-0.003558,0.063458,0.006173,0.021888,-0.997725
16.439,True,-0.028289,1.116565,-0.004294,0.063113,-0.009769,0.023589,-0.997680,True,0.037173,1.106140,-0.003601,0.063479,0.006345,0.021894,-0.997723
16.450,True,-0.028338,1.116559,-0.004334,0.063240,-0.009827,0.023480,-0.997674,True,0.037126,1.106150,-0.003632,0.063604,0.006286,0.021782,-0.997718
16.461,True,-0.028376,1.116572,-0.004385,0.063081,-0.009801,0.023431,-0.997685,True,0.037090,1.106172,-0.003671,0.063445,0.006312,0.021732,-0.997729
16.472,True,-0.028407,1.116593,-0.004443,0.063309,-0.009953,0.023389,-0.997670,True,0.037059,1.106200,-0.003726,0.063671,0.006160,0.021688,-0.997716
16.483,True,-0.028405,1.116643,-0.004486,0.063566,-0.010072,0.023402,-0.997652,True,0.037062,1.106251,-0.003765,0.063929,0.006040,0.021696,-0.997700
16.495,True,-0.028411,1.116686,-0.004531,0.063783,-0.010069,0.023457,-0.997637,True,0.037054,1.106287,-0.003811,0.064146,0.006043,0.021748,-0.997685
16.506,True,-0.028406,1.116744,-0.004577,0.063832,-0.010144,0.023503,-0.997632,True,0.037058,1.106337,-0.003870,0.064196,0.005967,0.021791,-0.997682
16.517,True,-0.028385,1.116824,-0.004609,0.063881,-0.010432,0.023643,-0.997623,True,0.037077,1.106401,-0.003913,0.064247,0.005678,0.021926,-0.997677
16.528,True,-0.028373,1.116899,-0.004652,0.064010,-0.010731,0.023812,-0.997607,True,0.037086,1.106454,-0.003974,0.064379,0.005378,0.022091,-0.997667
16.539,True,-0.028359,1.116958,-0.004695,0.063962,-0.010756,0.023833,-0.997610,True,0.037098,1.106508,-0.004034,0.064331,0.005352,0.022107,-0.997669
16.550,True,-0.028325,1.117035,-0.004712,0.063986,-0.011077,0.023941,-0.997602,True,0.037131,1.106572,-0.004070,0.064356,0.005030,0.022213,-0.997667
16.561,True,-0.028308,1.117061,-0.004752,0.064153,-0.011387,0.023986,-0.997587,True,0.037147,1.106594,-0.004130,0.064523,0.004719,0.022253,-0.997657
16.572,True,-0.028292,1.117086,-0.004799,0.064461,-0.011491,0.024105,-0.997563,True,0.037161,1.106602,-0.004189,0.064834,0.004615,0.022368,-0.997635
16.583,True,-0.028267,1.117125,-0.004806,0.064352,-0.011614,0.024215,-0.997566,True,0.037184,1.106625,-0.004215,0.064726,0.004492,0.022477,-0.997640
16.595,True,-0.028255,1.117125,-0.004848,0.064445,-0.011775,0.024259,-0.997557,True,0.037195,1.106618,-0.004277,0.064820,0.004330,0.022517,-0.997634
16.606,True,-0.028242,1.117151,-0.004892,0.064367,-0.011764,0.024370,-0.997559,True,0.037205,1.106627,-0.004333,0.064744,0.004340,0.022626,-0.997636
16.617,True,-0.028237,1.117177,-0.004907,0.064381,-0.011948,0.024493,-0.997553,True,0.037208,1.106635,-0.004370,0.064759,0.004156,0.022747,-0.997633
16.628,True,-0.028224,1.117206,-0.004942,0.064355,-0.012213,0.024666,-0.997548,True,0.037217,1.106642,-0.004419,0.064735,0.003890,0.022917,-0.997632
16.639,True,-0.028226,1.117220,-0.004970,0.064368,-0.012472,0.024568,-0.997546,True,0.037218,1.106669,-0.004471,0.064747,0.003630,0.022816,-0.997634
16.650,True,-0.028233,1.117259,-0.004977,0.064462,-0.012624,0.024618,-0.997537,True,0.037210,1.106703,-0.004486,0.064841,0.003478,0.022864,-0.997628
16.661,True,-0.028249,1.117290,-0.005003,0.064516,-0.012915,0.024573,-0.997531,True,0.037195,1.106741,-0.004528,0.064894,0.003187,0.022817,-0.997626
16.672,True,-0.028257,1.117295,-0.005051,0.064829,-0.012875,0.024461,-0.997513,True,0.037189,1.106760,-0.004572,0.065206,0.003226,0.022702,-0.997608
16.684,True,-0.028270,1.117352,-0.005042,0.065383,-0.012697,0.024544,-0.997478,True,0.037172,1.107317,-0.004484,0.065762,0.003406,0.022784,-0.997569
16.695,True,-0.028290,1.117358,-0.005071,0.065577,-0.012764,0.024574,-0.997463,True,0.037151,1.107319,-0.004519,0.065955,0.003338,0.022811,-0.997556
16.706,True,-0.028321,1.117366,-0.005088,0.065414,-0.013039,0.024679,-0.997468,True,0.037118,1.107315,-0.004551,0.065794,0.003063,0.022916,-0.997565
16.717,True,-0.028322,1.117362,-0.005079,0.065405,-0.013113,0.024689,-0.997467,True,0.037117,1.107310,-0.004544,0.065785,0.002988,0.022926,-0.997566
16.728,True,-0.028339,1.117354,-0.005113,0.065421,-0.013254,0.024730,-0.997463,True,0.037099,1.107298,-0.004583,0.065801,0.002848,0.022967,-0.997564
16.739,True,-0.028367,1.117296,-0.005132,0.065435,-0.013471,0.024591,-0.997463,True,0.037075,1.107257,-0.004623,0.065813,0.002631,0.022828,-0.997567
16.750,True,-0.028389,1.117242,-0.005128,0.065260,-0.013574,0.024381,-0.997478,True,0.037056,1.107231,-0.004631,0.065635,0.002528,0.022620,-0.997584
16.761,True,-0.028426,1.117193,-0.005149,0.065061,-0.013483,0.024291,-0.997495,True,0.037021,1.107191,-0.004659,0.065435,0.002619,0.022533,-0.997599
16.773,True,-0.028466,1.117144,-0.005177,0.064782,-0.013301,0.024065,-0.997521,True,0.036986,1.107169,-0.004688,0.065152,0.002801,0.022309,-0.997622
16.784,True,-0.028479,1.117100,-0.005182,0.064546,-0.013071,0.023902,-0.997543,True,0.036975,1.107145,-0.004689,0.064913,0.003031,0.022148,-0.997641
16.795,True,-0.028522,1.116996,-0.005183,0.064617,-0.013048,0.023642,-0.997545,True,0.036937,1.107073,-0.004694,0.064981,0.003055,0.021888,-0.997642
16.806,True,-0.028550,1.116974,-0.005187,0.064601,-0.012971,0.023562,-0.997549,True,0.036911,1.107063,-0.004687,0.064964,0.003132,0.021809,-0.997644
16.817,True,-0.028561,1.116996,-0.005180,0.064496,-0.013020,0.023476,-0.997557,True,0.036902,1.107100,-0.004668,0.064857,0.003083,0.021723,-0.997653
16.828,True,-0.028583,1.117065,-0.005193,0.064519,-0.013018,0.023604,-0.997552,True,0.036877,1.107154,-0.004666,0.064881,0.003085,0.021851,-0.997649
16.839,True,-0.028599,1.117125,-0.005181,0.064569,-0.013001,0.023863,-0.997543,True,0.036857,1.107181,-0.004643,0.064935,0.003102,0.022110,-0.997640
16.850,True,-0.028601,1.117185,-0.005150,0.064614,-0.013092,0.024190,-0.997531,True,0.036848,1.107200,-0.004611,0.064986,0.003011,0.022437,-0.997629
16.861,True,-0.028608,1.117252,-0.005132,0.064702,-0.013054,0.024471,-0.997519,True,0.036836,1.107228,-0.004599,0.065079,0.003049,0.022719,-0.997617
16.873,True,-0.028606,1.117261,-0.005115,0.065132,-0.014181,0.024707,-0.997470,True,0.036834,1.107218,-0.004600,0.065510,0.001923,0.022956,-0.997586
16.884,True,-0.028579,1.117229,-0.005096,0.062954,-0.019718,0.025218,-0.997503,True,0.036863,1.107197,-0.004593,0.063328,-0.003622,0.023474,-0.997710
16.895,True,-0.028547,1.117151,-0.005069,0.061907,-0.022185,0.025421,-0.997512,True,0.036896,1.107123,-0.004595,0.062279,-0.006093,0.023683,-0.997759
16.906,True,-0.028522,1.117072,-0.005054,0.061052,-0.023185,0.025461,-0.997540,True,0.036922,1.107050,-0.004604,0.061422,-0.007095,0.023729,-0.997805
16.917,True,-0.028504,1.117010,-0.005022,0.060915,-0.024022,0.025668,-0.997524,True,0.036938,1.106967,-0.004599,0.061287,-0.007933,0.023940,-0.997802
16.928,True,-0.028479,1.116925,-0.004999,0.060194,-0.024727,0.025841,-0.997546,True,0.036960,1.106865,-0.004605,0.060567,-0.008639,0.024117,-0.997835
16.939,True,-0.028463,1.116825,-0.004976,0.059784,-0.025377,0.025768,-0.997556,True,0.036979,1.106777,-0.004617,0.060155,-0.009290,0.024046,-0.997856
16.950,True,-0.028432,1.116756,-0.004920,0.059819,-0.024760,0.025525,-0.997576,True,0.037012,1.106728,-0.004583,0.060187,-0.008672,0.023806,-0.997866
16.961,True,-0.028435,1.116675,-0.004900,0.059951,-0.024623,0.025165,-0.997580,True,0.037016,1.106689,-0.004579,0.060315,-0.008533,0.023447,-0.997868
16.973,True,-0.028448,1.116663,-0.004891,0.060246,-0.023868,0.025020,-0.997585,True,0.037004,1.106687,-0.004560,0.060609,-0.007777,0.023302,-0.997859
16.984,True,-0.028469,1.116644,-0.004861,0.060648,-0.023208,0.024849,-0.997580,True,0.036986,1.106682,-0.004523,0.061010,-0.007115,0.023131,-0.997844
16.995,True,-0.028513,1.116628,-0.004834,0.060919,-0.021952,0.024601,-0.997598,True,0.036944,1.106686,-0.004472,0.061279,-0.005857,0.022882,-0.997841
17.006,True,-0.028536,1.116658,-0.004818,0.060753,-0.022367,0.024688,-0.997597,True,0.036920,1.106713,-0.004439,0.061114,-0.006272,0.022970,-0.997847
17.017,True,-0.028550,1.116704,-0.004791,0.060977,-0.019913,0.024496,-0.997640,True,0.036906,1.106753,-0.004388,0.061340,-0.003814,0.022777,-0.997850
17.028,True,-0.028574,1.116670,-0.004783,0.060189,-0.017487,0.024239,-0.997739,True,0.036882,1.106722,-0.004365,0.060553,-0.001388,0.022522,-0.997910
17.039,True,-0.028604,1.116640,-0.004769,0.059311,-0.016427,0.024120,-0.997813,True,0.036853,1.106695,-0.004342,0.059674,-0.000328,0.022406,-0.997966
17.050,True,-0.028635,1.116622,-0.004762,0.058270,-0.015704,0.023926,-0.997891,True,0.036824,1.106696,-0.004319,0.058631,0.000394,0.022215,-0.998033
17.061,True,-0.028664,1.116578,-0.004762,0.056891,-0.015497,0.023821,-0.997976,True,0.036797,1.106668,-0.004297,0.057251,0.000598,0.022112,-0.998115
17.072,True,-0.028715,1.116517,-0.004747,0.056475,-0.015127,0.023664,-0.998009,True,0.036749,1.106626,-0.004260,0.056832,0.000967,0.021957,-0.998142
17.083,True,-0.028727,1.116506,-0.004753,0.056334,-0.014825,0.023810,-0.998018,True,0.036733,1.106595,-0.004240,0.056695,0.001270,0.022103,-0.998146
17.094,True,-0.028754,1.116476,-0.004747,0.056145,-0.014296,0.023882,-0.998035,True,0.036704,1.106552,-0.004216,0.056507,0.001798,0.022175,-0.998154
17.106,True,-0.028788,1.116411,-0.004735,0.055739,-0.013508,0.023724,-0.998072,True,0.036673,1.106501,-0.004183,0.056101,0.002585,0.022017,-0.998179
17.117,True,-0.028784,1.116436,-0.004698,0.055976,-0.013369,0.023671,-0.998062,True,0.036677,1.106533,-0.004128,0.056336,0.002726,0.021968,-0.998166
17.128,True,-0.028805,1.116439,-0.004676,0.056816,-0.013322,0.023514,-0.998019,True,0.036660,1.106557,-0.004098,0.057175,0.002774,0.021807,-0.998122
17.139,True,-0.028820,1.116483,-0.004659,0.057154,-0.012954,0.023417,-0.998007,True,0.036646,1.106612,-0.004062,0.057511,0.003143,0.021707,-0.998104
17.150,True,-0.028799,1.116524,-0.004639,0.057649,-0.012709,0.023348,-0.997983,True,0.036668,1.106662,-0.004022,0.058006,0.003388,0.021634,-0.998076
17.161,True,-0.028800,1.116572,-0.004601,0.057735,-0.012617,0.023379,-0.997978,True,0.036667,1.106704,-0.003986,0.058092,0.003480,0.021664,-0.998070
17.173,True,-0.028770,1.116606,-0.004574,0.057978,-0.012540,0.023418,-0.997964,True,0.036695,1.106731,-0.003962,0.058336,0.003557,0.021700,-0.998055
17.184,True,-0.028190,1.117717,-0.004242,0.058013,-0.012596,0.023389,-0.997962,True,0.036735,1.106756,-0.003933,0.058372,0.003501,0.021670,-0.998054
17.195,True,-0.028147,1.117733,-0.004210,0.058365,-0.012714,0.023488,-0.997938,True,0.036776,1.106759,-0.003910,0.058724,0.003382,0.021768,-0.998031
17.206,True,-0.028105,1.117737,-0.004162,0.058269,-0.012715,0.023507,-0.997943,True,0.036816,1.106756,-0.003890,0.058629,0.003381,0.021787,-0.998036
17.217,True,-0.028067,1.117736,-0.004109,0.058676,-0.012913,0.023585,-0.997915,True,0.036853,1.106745,-0.003853,0.059037,0.003184,0.021864,-0.998011
17.228,True,-0.028030,1.117737,-0.004069,0.058810,-0.013058,0.023689,-0.997903,True,0.036887,1.106730,-0.003835,0.059173,0.003039,0.021968,-0.998001
17.239,True,-0.027995,1.117714,-0.004037,0.058585,-0.013365,0.023704,-0.997912,True,0.036922,1.106707,-0.003814,0.058948,0.002732,0.021983,-0.998015
17.250,True,-0.027986,1.117699,-0.003991,0.058159,-0.013350,0.023745,-0.997936,True,0.036930,1.106685,-0.003782,0.058522,0.002746,0.022024,-0.998039
17.261,True,-0.027961,1.117689,-0.003959,0.058102,-0.013171,0.023801,-0.997940,True,0.036953,1.106664,-0.003756,0.058467,0.002925,0.022081,-0.998041
17.273,True,-0.027949,1.117667,-0.003914,0.058075,-0.013129,0.023744,-0.997944,True,0.036966,1.106647,-0.003727,0.058439,0.002967,0.022024,-0.998044
17.284,True,-0.027940,1.117656,-0.003871,0.058176,-0.012896,0.023724,-0.997941,True,0.036974,1.106634,-0.003692,0.058541,0.003200,0.022004,-0.998037
17.295,True,-0.027931,1.117661,-0.003836,0.058184,-0.012815,0.023776,-0.997941,True,0.036982,1.106630,-0.003661,0.058549,0.003281,0.022057,-0.998035
17.306,True,-0.027921,1.117652,-0.003818,0.058154,-0.012763,0.023827,-0.997942,True,0.036991,1.106614,-0.003639,0.058520,0.003334,0.022109,-0.998036
17.317,True,-0.027946,1.117642,-0.003781,0.058067,-0.012604,0.023800,-0.997949,True,0.036966,1.106603,-0.003614,0.058433,0.003493,0.022083,-0.998041
17.328,True,-0.027951,1.117628,-0.003754,0.058131,-0.012352,0.023808,-0.997949,True,0.036960,1.106586,-0.003585,0.058499,0.003746,0.022092,-0.998036
17.339,True,-0.027966,1.117603,-0.003716,0.057858,-0.012493,0.023777,-0.997963,True,0.036946,1.106565,-0.003558,0.058224,0.003604,0.022064,-0.998053
17.350,True,-0.027992,1.117585,-0.003703,0.058299,-0.012288,0.023772,-0.997941,True,0.036920,1.106546,-0.003538,0.058666,0.003810,0.022059,-0.998027
17.361,True,-0.028021,1.117571,-0.003681,0.058218,-0.012158,0.023782,-0.997947,True,0.036891,1.106529,-0.003514,0.058585,0.003941,0.022072,-0.998031
17.372,True,-0.028055,1.117543,-0.003667,0.058182,-0.012063,0.023734,-0.997951,True,0.036858,1.106508,-0.003493,0.058549,0.004037,0.022027,-0.998033
17.384,True,-0.028110,1.117534,-0.003664,0.058145,-0.012150,0.023705,-0.997953,True,0.036803,1.106505,-0.003484,0.058511,0.003949,0.021999,-0.998037
17.395,True,-0.028147,1.117503,-0.003651,0.058401,-0.012169,0.023628,-0.997939,True,0.036769,1.106485,-0.003463,0.058765,0.003932,0.021923,-0.998023
17.406,True,-0.028188,1.117454,-0.003638,0.058665,-0.012004,0.023489,-0.997929,True,0.036731,1.106453,-0.003443,0.059027,0.004098,0.021785,-0.998010
17.417,True,-0.028229,1.117402,-0.003635,0.058772,-0.011851,0.023258,-0.997930,True,0.036694,1.106429,-0.003439,0.059131,0.004251,0.021555,-0.998008
17.428,True,-0.028274,1.117355,-0.003616,0.058769,-0.011993,0.023116,-0.997932,True,0.036653,1.106402,-0.003424,0.059125,0.004110,0.021414,-0.998012
17.439,True,-0.028315,1.117333,-0.003610,0.058670,-0.012203,0.022962,-0.997939,True,0.036615,1.106404,-0.003411,0.059023,0.003900,0.021262,-0.998023
17.450,True,-0.028350,1.117339,-0.003605,0.058949,-0.011987,0.022743,-0.997930,True,0.036585,1.106437,-0.003395,0.059300,0.004116,0.021042,-0.998010
17.461,True,-0.028384,1.117301,-0.003594,0.059203,-0.011914,0.022556,-0.997920,True,0.036555,1.106425,-0.003367,0.059550,0.004189,0.020854,-0.997999
17.472,True,-0.028425,1.117273,-0.003584,0.059470,-0.011831,0.022436,-0.997908,True,0.036518,1.106415,-0.003335,0.059815,0.004273,0.020732,-0.997985
17.483,True,-0.028490,1.117307,-0.003571,0.059693,-0.011649,0.022379,-0.997898,True,0.036454,1.106459,-0.003291,0.060038,0.004455,0.020673,-0.997972
17.494,True,-0.028538,1.117390,-0.003578,0.059888,-0.011593,0.022467,-0.997885,True,0.036404,1.106533,-0.003282,0.060234,0.004511,0.020759,-0.997958
17.506,True,-0.028565,1.117458,-0.003572,0.059769,-0.011241,0.022645,-0.997892,True,0.036373,1.106577,-0.003253,0.060118,0.004862,0.020936,-0.997960
17.517,True,-0.028598,1.117519,-0.003568,0.059935,-0.011234,0.022916,-0.997876,True,0.036334,1.106603,-0.003241,0.060289,0.004869,0.021205,-0.997944
17.528,True,-0.028616,1.117593,-0.003571,0.060045,-0.011323,0.023131,-0.997863,True,0.036311,1.106652,-0.003235,0.060402,0.004780,0.021419,-0.997933
17.539,True,-0.028629,1.117662,-0.003566,0.060204,-0.011336,0.023193,-0.997852,True,0.036298,1.106712,-0.003232,0.060562,0.004767,0.021481,-0.997922
17.550,True,-0.028654,1.117667,-0.003556,0.060139,-0.011580,0.023047,-0.997857,True,0.036276,1.106737,-0.003234,0.060494,0.004523,0.021335,-0.997930
17.561,True,-0.028659,1.117654,-0.003559,0.060168,-0.011627,0.022966,-0.997856,True,0.036273,1.106735,-0.003243,0.060521,0.004476,0.021253,-0.997931
17.572,True,-0.028666,1.117637,-0.003561,0.060235,-0.011903,0.022971,-0.997849,True,0.036266,1.106720,-0.003254,0.060589,0.004200,0.021259,-0.997928
17.584,True,-0.028688,1.117622,-0.003551,0.060385,-0.012551,0.023217,-0.997826,True,0.036240,1.106678,-0.003257,0.060742,0.003553,0.021505,-0.997916
17.595,True,-0.028701,1.117593,-0.003566,0.060402,-0.012833,0.023348,-0.997819,True,0.036225,1.106635,-0.003282,0.060760,0.003270,0.021636,-0.997913
17.606,True,-0.028728,1.117551,-0.003546,0.060318,-0.013380,0.023456,-0.997814,True,0.036195,1.106579,-0.003309,0.060677,0.002724,0.021746,-0.997917
17.617,True,-0.028742,1.117524,-0.003576,0.060382,-0.013548,0.023225,-0.997813,True,0.036187,1.106588,-0.003322,0.060736,0.002556,0.021514,-0.997919
17.628,True,-0.028760,1.117502,-0.003600,0.060449,-0.013609,0.023039,-0.997813,True,0.036173,1.106591,-0.003338,0.060801,0.002494,0.021327,-0.997919
17.639,True,-0.028791,1.117492,-0.003615,0.060521,-0.013659,0.022879,-0.997811,True,0.036146,1.106603,-0.003351,0.060870,0.002445,0.021166,-0.997918
17.650,True,-0.028830,1.117507,-0.003627,0.060588,-0.013545,0.022859,-0.997809,True,0.036108,1.106622,-0.003345,0.060936,0.002558,0.021144,-0.997914
17.661,True,-0.028868,1.117532,-0.003646,0.060641,-0.013495,0.022842,-0.997807,True,0.036070,1.106650,-0.003354,0.060989,0.002607,0.021126,-0.997912
17.673,True,-0.028899,1.117569,-0.003676,0.060690,-0.013349,0.022886,-0.997805,True,0.036038,1.106681,-0.003370,0.061039,0.002754,0.021169,-0.997907
17.684,True,-0.028943,1.117602,-0.003695,0.060727,-0.013278,0.022926,-0.997803,True,0.035993,1.106709,-0.003388,0.061076,0.002825,0.021208,-0.997904
17.695,True,-0.028977,1.117617,-0.003744,0.061174,-0.013100,0.022900,-0.997778,True,0.035889,1.106387,-0.003436,0.061523,0.003004,0.021183,-0.997876
17.706,True,-0.029000,1.117589,-0.003773,0.061127,-0.013106,0.022822,-0.997783,True,0.035868,1.106370,-0.003464,0.061476,0.002998,0.021106,-0.997881
17.717,True,-0.029041,1.117541,-0.003804,0.061194,-0.012974,0.022674,-0.997784,True,0.035830,1.106340,-0.003488,0.061540,0.003130,0.020959,-0.997880
17.728,True,-0.029064,1.117515,-0.003846,0.061085,-0.012951,0.022490,-0.997795,True,0.035812,1.106339,-0.003523,0.061428,0.003155,0.020778,-0.997890
17.739,True,-0.029084,1.117474,-0.003886,0.061150,-0.012931,0.022465,-0.997792,True,0.035792,1.106304,-0.003549,0.061493,0.003175,0.020753,-0.997887
17.750,True,-0.029121,1.117432,-0.003908,0.061549,-0.012839,0.022555,-0.997767,True,0.035753,1.106250,-0.003555,0.061893,0.003267,0.020843,-0.997860
17.761,True,-0.029129,1.117428,-0.003944,0.061699,-0.012713,0.022773,-0.997754,True,0.035740,1.106219,-0.003579,0.062047,0.003394,0.021062,-0.997845
17.773,True,-0.029137,1.117428,-0.003981,0.061980,-0.012693,0.022854,-0.997735,True,0.035731,1.106209,-0.003611,0.062329,0.003414,0.021141,-0.997826
17.784,True,-0.029164,1.117448,-0.003984,0.062384,-0.012599,0.022812,-0.997712,True,0.035705,1.106231,-0.003617,0.062733,0.003508,0.021098,-0.997801
17.795,True,-0.029139,1.117473,-0.004034,0.062717,-0.012494,0.022719,-0.997695,True,0.035731,1.106271,-0.003645,0.063064,0.003613,0.021000,-0.997782
17.806,True,-0.029136,1.117518,-0.004049,0.062825,-0.012397,0.022695,-0.997690,True,0.035734,1.106319,-0.003657,0.063172,0.003710,0.020976,-0.997775
17.817,True,-0.029143,1.117597,-0.004089,0.063301,-0.012032,0.022550,-0.997667,True,0.035730,1.106413,-0.003685,0.063646,0.004075,0.020825,-0.997747
17.828,True,-0.029121,1.117668,-0.004109,0.063723,-0.012030,0.022624,-0.997639,True,0.035751,1.106473,-0.003710,0.064070,0.004077,0.020894,-0.997718
17.839,True,-0.029078,1.117744,-0.004126,0.064041,-0.012034,0.022727,-0.997616,True,0.035791,1.106534,-0.003732,0.064390,0.004073,0.020995,-0.997696
17.850,True,-0.029047,1.117779,-0.004147,0.064588,-0.012211,0.022745,-0.997578,True,0.035822,1.106567,-0.003766,0.064937,0.003896,0.021009,-0.997661
17.862,True,-0.028993,1.117817,-0.004169,0.064945,-0.012302,0.022830,-0.997552,True,0.035874,1.106593,-0.003794,0.065295,0.003805,0.021093,-0.997636
17.873,True,-0.028946,1.117836,-0.004189,0.065168,-0.012445,0.022881,-0.997534,True,0.035919,1.106603,-0.003836,0.065519,0.003663,0.021140,-0.997621
17.884,True,-0.028916,1.117847,-0.004206,0.065357,-0.012743,0.022905,-0.997518,True,0.035949,1.106612,-0.003872,0.065708,0.003364,0.021162,-0.997609
17.895,True,-0.028862,1.117870,-0.004228,0.065541,-0.012916,0.022972,-0.997502,True,0.036001,1.106626,-0.003906,0.065893,0.003191,0.021227,-0.997596
17.906,True,-0.028817,1.117885,-0.004255,0.065692,-0.012943,0.023047,-0.997490,True,0.036045,1.106631,-0.003939,0.066045,0.003164,0.021300,-0.997584
17.917,True,-0.028774,1.117903,-0.004285,0.065829,-0.012946,0.023153,-0.997478,True,0.036085,1.106634,-0.003977,0.066184,0.003160,0.021402,-0.997573
17.929,True,-0.028742,1.117915,-0.004316,0.065728,-0.012977,0.023173,-0.997484,True,0.036116,1.106642,-0.004015,0.066083,0.003128,0.021421,-0.997579
17.939,True,-0.028702,1.117942,-0.004346,0.065775,-0.012953,0.023321,-0.997478,True,0.036153,1.106650,-0.004043,0.066133,0.003152,0.021567,-0.997573
17.950,True,-0.028658,1.117976,-0.004367,0.065744,-0.012993,0.023489,-0.997475,True,0.036194,1.106661,-0.004073,0.066104,0.003111,0.021734,-0.997571
17.961,True,-0.028608,1.118007,-0.004398,0.065865,-0.012970,0.023645,-0.997464,True,0.036240,1.106671,-0.004101,0.066228,0.003134,0.021885,-0.997560
17.973,True,-0.028567,1.118062,-0.004413,0.065873,-0.013092,0.023791,-0.997459,True,0.036278,1.106707,-0.004128,0.066238,0.003012,0.022032,-0.997556
17.984,True,-0.028542,1.118092,-0.004430,0.065887,-0.013158,0.023864,-0.997455,True,0.036301,1.106726,-0.004155,0.066253,0.002945,0.022102,-0.997554
17.995,True,-0.028498,1.118115,-0.004459,0.065811,-0.013209,0.023951,-0.997457,True,0.036343,1.106738,-0.004186,0.066179,0.002894,0.022188,-0.997557
18.006,True,-0.028459,1.118122,-0.004491,0.065789,-0.013262,0.023981,-0.997457,True,0.036381,1.106741,-0.004219,0.066157,0.002840,0.022217,-0.997558
18.017,True,-0.028423,1.118121,-0.004525,0.065749,-0.013210,0.023963,-0.997461,True,0.036417,1.106742,-0.004253,0.066116,0.002893,0.022199,-0.997561
18.028,True,-0.028382,1.118130,-0.004560,0.065635,-0.013701,0.024071,-0.997459,True,0.036457,1.106743,-0.004293,0.066004,0.002401,0.022308,-0.997567
18.039,True,-0.028347,1.118133,-0.004585,0.065626,-0.013827,0.024071,-0.997458,True,0.036492,1.106746,-0.004329,0.065994,0.002275,0.022308,-0.997568
18.050,True,-0.028309,1.118124,-0.004612,0.065655,-0.013908,0.024000,-0.997457,True,0.036532,1.106748,-0.004358,0.066022,0.002194,0.022237,-0.997568
18.062,True,-0.028276,1.118135,-0.004640,0.065942,-0.013952,0.024055,-0.997436,True,0.036563,1.106752,-0.004390,0.066310,0.002150,0.022289,-0.997548
18.073,True,-0.028241,1.118147,-0.004679,0.065865,-0.013786,0.024061,-0.997443,True,0.036598,1.106762,-0.004418,0.066234,0.002316,0.022295,-0.997552
18.084,True,-0.028203,1.118169,-0.004713,0.065795,-0.013744,0.024161,-0.997446,True,0.036633,1.106770,-0.004453,0.066165,0.002357,0.022393,-0.997555
18.095,True,-0.028170,1.118185,-0.004758,0.065612,-0.013568,0.024199,-0.997460,True,0.036666,1.106780,-0.004486,0.065983,0.002533,0.022429,-0.997565
18.106,True,-0.028140,1.118212,-0.004779,0.065629,-0.013617,0.024195,-0.997458,True,0.036695,1.106807,-0.004516,0.066000,0.002484,0.022424,-0.997565
18.117,True,-0.028120,1.118220,-0.004796,0.065782,-0.013630,0.024205,-0.997447,True,0.036715,1.106814,-0.004535,0.066153,0.002470,0.022432,-0.997554
18.128,True,-0.028088,1.118209,-0.004833,0.065872,-0.013793,0.024156,-0.997440,True,0.036749,1.106812,-0.004573,0.066241,0.002307,0.022383,-0.997550
18.139,True,-0.028054,1.118190,-0.004868,0.065938,-0.013887,0.024098,-0.997436,True,0.036785,1.106801,-0.004610,0.066306,0.002213,0.022324,-0.997547
18.150,True,-0.028021,1.118179,-0.004899,0.065972,-0.013925,0.024043,-0.997435,True,0.036819,1.106797,-0.004642,0.066339,0.002175,0.022269,-0.997546
18.161,True,-0.027985,1.118205,-0.004933,0.065837,-0.014075,0.023954,-0.997444,True,0.036857,1.106835,-0.004686,0.066203,0.002025,0.022181,-0.997558
18.173,True,-0.027957,1.118139,-0.004959,0.066028,-0.014050,0.023725,-0.997437,True,0.036891,1.106800,-0.004705,0.066390,0.002050,0.021950,-0.997550
18.184,True,-0.027921,1.118141,-0.004975,0.066065,-0.013934,0.023663,-0.997437,True,0.036928,1.106811,-0.004705,0.066427,0.002166,0.021885,-0.997549
18.195,True,-0.028111,1.117460,-0.005208,0.066178,-0.013928,0.023589,-0.997432,True,0.036962,1.106858,-0.004727,0.066538,0.002172,0.021809,-0.997543
18.206,True,-0.028071,1.117561,-0.005235,0.066255,-0.013964,0.023810,-0.997421,True,0.036997,1.106931,-0.004745,0.066619,0.002135,0.022029,-0.997533
18.217,True,-0.028026,1.117654,-0.005239,0.066450,-0.014057,0.024259,-0.997396,True,0.037032,1.106969,-0.004737,0.066820,0.002041,0.022475,-0.997510
18.228,True,-0.027994,1.117733,-0.005248,0.066553,-0.014305,0.024661,-0.997376,True,0.037056,1.106997,-0.004754,0.066929,0.001793,0.022874,-0.997494
18.239,True,-0.027956,1.117846,-0.005270,0.066481,-0.014470,0.025065,-0.997368,True,0.037085,1.107059,-0.004779,0.066864,0.001627,0.023277,-0.997489
18.250,True,-0.027908,1.117911,-0.005285,0.066359,-0.014809,0.025038,-0.997372,True,0.037135,1.107127,-0.004827,0.066741,0.001288,0.023249,-0.997499
18.261,True,-0.027863,1.117919,-0.005305,0.066302,-0.015040,0.024962,-0.997374,True,0.037182,1.107147,-0.004854,0.066682,0.001057,0.023173,-0.997505
18.272,True,-0.027825,1.117896,-0.005326,0.066212,-0.015086,0.024807,-0.997383,True,0.037223,1.107144,-0.004885,0.066589,0.001010,0.023018,-0.997514
18.284,True,-0.027815,1.117909,-0.005359,0.065937,-0.015030,0.024858,-0.997401,True,0.037232,1.107148,-0.004922,0.066316,0.001066,0.023072,-0.997531
18.295,True,-0.027798,1.117885,-0.005373,0.066020,-0.015083,0.024899,-0.997394,True,0.037248,1.107118,-0.004944,0.066400,0.001013,0.023110,-0.997525
18.306,True,-0.027785,1.117870,-0.005396,0.065742,-0.014938,0.025183,-0.997407,True,0.037254,1.107064,-0.004970,0.066126,0.001157,0.023395,-0.997536
18.317,True,-0.027795,1.117835,-0.005418,0.065753,-0.015276,0.025194,-0.997401,True,0.037245,1.107029,-0.005008,0.066137,0.000820,0.023407,-0.997536
18.328,True,-0.027779,1.117782,-0.005449,0.065552,-0.014978,0.025024,-0.997423,True,0.037263,1.106993,-0.005045,0.065933,0.001118,0.023237,-0.997553
18.339,True,-0.027777,1.117747,-0.005467,0.065438,-0.015021,0.024802,-0.997435,True,0.037270,1.106987,-0.005067,0.065816,0.001075,0.023016,-0.997566
18.350,True,-0.027809,1.117733,-0.005495,0.065376,-0.014756,0.024569,-0.997449,True,0.037243,1.107004,-0.005072,0.065751,0.001339,0.022782,-0.997575
18.361,True,-0.027839,1.117734,-0.005517,0.065370,-0.014595,0.024447,-0.997455,True,0.037216,1.107022,-0.005074,0.065743,0.001500,0.022658,-0.997578
18.373,True,-0.027866,1.117777,-0.005537,0.065365,-0.014345,0.024569,-0.997456,True,0.037186,1.107050,-0.005069,0.065740,0.001749,0.022779,-0.997575
18.383,True,-0.027905,1.117788,-0.005569,0.065364,-0.013945,0.024539,-0.997462,True,0.037147,1.107064,-0.005080,0.065739,0.002149,0.022747,-0.997575
18.395,True,-0.027944,1.117814,-0.005589,0.065501,-0.013880,0.024510,-0.997455,True,0.037109,1.107094,-0.005084,0.065876,0.002215,0.022720,-0.997567
18.406,True,-0.027979,1.117817,-0.005613,0.065191,-0.013664,0.024454,-0.997480,True,0.037075,1.107105,-0.005093,0.065565,0.002430,0.022664,-0.997588
18.417,True,-0.028020,1.117787,-0.005635,0.065163,-0.013469,0.024380,-0.997486,True,0.037035,1.107085,-0.005098,0.065536,0.002626,0.022593,-0.997591
18.428,True,-0.028052,1.117733,-0.005655,0.064964,-0.013356,0.024117,-0.997507,True,0.037009,1.107066,-0.005106,0.065333,0.002739,0.022332,-0.997610
18.439,True,-0.028076,1.117690,-0.005670,0.064735,-0.013287,0.023908,-0.997528,True,0.036990,1.107052,-0.005107,0.065101,0.002808,0.022127,-0.997629
18.450,True,-0.028108,1.117658,-0.005692,0.064567,-0.013222,0.023846,-0.997541,True,0.036959,1.107031,-0.005113,0.064931,0.002874,0.022067,-0.997642
18.461,True,-0.028158,1.117597,-0.005695,0.064185,-0.013407,0.023916,-0.997561,True,0.036417,1.113528,-0.004443,0.064550,0.002688,0.022139,-0.997665
18.472,True,-0.028176,1.117563,-0.005718,0.064139,-0.012981,0.024046,-0.997567,True,0.036397,1.113476,-0.004435,0.064506,0.003115,0.022270,-0.997664
18.484,True,-0.028209,1.117560,-0.005733,0.063973,-0.012970,0.024133,-0.997576,True,0.036363,1.113461,-0.004446,0.064342,0.003126,0.022359,-0.997673
18.494,True,-0.028217,1.117526,-0.005730,0.063734,-0.012808,0.024055,-0.997595,True,0.036356,1.113437,-0.004435,0.064102,0.003287,0.022282,-0.997689
18.506,True,-0.028231,1.117521,-0.005713,0.063754,-0.012884,0.024003,-0.997594,True,0.036343,1.113440,-0.004418,0.064121,0.003211,0.022230,-0.997689
18.517,True,-0.028235,1.117557,-0.005693,0.063740,-0.012816,0.023849,-0.997599,True,0.036340,1.113496,-0.004393,0.064105,0.003280,0.022075,-0.997694
18.528,True,-0.028229,1.117601,-0.005675,0.063751,-0.012613,0.023848,-0.997601,True,0.036345,1.113539,-0.004368,0.064116,0.003482,0.022072,-0.997692
18.539,True,-0.028225,1.117629,-0.005646,0.063654,-0.012530,0.023849,-0.997608,True,0.036350,1.113566,-0.004340,0.064019,0.003565,0.022073,-0.997698
18.552,True,-0.028199,1.117661,-0.005611,0.063773,-0.012530,0.023831,-0.997601,True,0.036376,1.113597,-0.004319,0.064138,0.003564,0.022054,-0.997691
18.563,True,-0.028165,1.117673,-0.005576,0.063912,-0.012601,0.023902,-0.997590,True,0.036409,1.113598,-0.004300,0.064278,0.003493,0.022124,-0.997681
18.575,True,-0.028133,1.117670,-0.005536,0.063671,-0.012838,0.023932,-0.997601,True,0.036441,1.113590,-0.004285,0.064038,0.003256,0.022155,-0.997696
18.586,True,-0.028120,1.117658,-0.005515,0.063895,-0.012668,0.023920,-0.997590,True,0.036455,1.113575,-0.004282,0.064262,0.003427,0.022143,-0.997682
18.597,True,-0.028089,1.117646,-0.005478,0.063730,-0.012877,0.024035,-0.997595,True,0.036485,1.113548,-0.004261,0.064098,0.003217,0.022259,-0.997690
18.608,True,-0.028054,1.117627,-0.005457,0.063740,-0.012795,0.024177,-0.997592,True,0.036519,1.113508,-0.004243,0.064111,0.003300,0.022401,-0.997686
18.619,True,-0.028045,1.117612,-0.005399,0.063774,-0.012821,0.024227,-0.997588,True,0.036527,1.113482,-0.004210,0.064146,0.003274,0.022452,-0.997683
18.630,True,-0.028021,1.117602,-0.005367,0.063762,-0.012788,0.024282,-0.997588,True,0.036551,1.113463,-0.004186,0.064135,0.003307,0.022508,-0.997682
18.641,True,-0.028001,1.117594,-0.005327,0.063696,-0.012840,0.024370,-0.997589,True,0.036570,1.113443,-0.004157,0.064070,0.003256,0.022597,-0.997684
18.653,True,-0.027984,1.117594,-0.005283,0.063691,-0.012831,0.024438,-0.997588,True,0.036587,1.113432,-0.004121,0.064066,0.003264,0.022666,-0.997683
18.664,True,-0.027964,1.117575,-0.005248,0.063692,-0.012778,0.024465,-0.997588,True,0.036607,1.113407,-0.004091,0.064068,0.003318,0.022694,-0.997682
18.675,True,-0.027954,1.117562,-0.005197,0.063548,-0.012825,0.024619,-0.997593,True,0.036615,1.113372,-0.004050,0.063927,0.003271,0.022851,-0.997688
18.686,True,-0.027972,1.117542,-0.005154,0.063378,-0.012956,0.024632,-0.997601,True,0.036597,1.113350,-0.004019,0.063757,0.003141,0.022866,-0.997699
18.698,True,-0.027962,1.117526,-0.005119,0.063272,-0.013017,0.024719,-0.997605,True,0.036606,1.113323,-0.003988,0.063652,0.003080,0.022956,-0.997703
18.711,True,-0.027961,1.117497,-0.005081,0.063029,-0.013276,0.024700,-0.997618,True,0.036608,1.113296,-0.003964,0.063409,0.002821,0.022941,-0.997720
18.731,True,-0.027982,1.117424,-0.005015,0.062669,-0.013228,0.024513,-0.997646,True,0.036589,1.113245,-0.003903,0.063046,0.002869,0.022758,-0.997747
18.742,True,-0.028000,1.117375,-0.004972,0.062415,-0.013274,0.024421,-0.997663,True,0.036572,1.113207,-0.003869,0.062790,0.002824,0.022670,-0.997765
18.753,True,-0.028037,1.117320,-0.004930,0.062228,-0.013145,0.024284,-0.997680,True,0.036535,1.113169,-0.003824,0.062601,0.002953,0.022535,-0.997780
18.764,True,-0.028046,1.117265,-0.004908,0.062104,-0.013091,0.024218,-0.997690,True,0.036527,1.113123,-0.003792,0.062476,0.003007,0.022471,-0.997789
18.775,True,-0.028075,1.117196,-0.004875,0.061990,-0.013129,0.024016,-0.997701,True,0.036500,1.113080,-0.003761,0.062359,0.002970,0.022270,-0.997801
18.786,True,-0.028116,1.117188,-0.004843,0.061882,-0.012989,0.023897,-0.997713,True,0.036459,1.113086,-0.003720,0.062249,0.003110,0.022153,-0.997810
18.797,True,-0.028143,1.117163,-0.004812,0.061827,-0.012962,0.023735,-0.997720,True,0.036434,1.113083,-0.003680,0.062192,0.003137,0.021993,-0.997817
18.808,True,-0.028164,1.117121,-0.004778,0.061841,-0.012961,0.023550,-0.997724,True,0.036414,1.113065,-0.003647,0.062203,0.003138,0.021808,-0.997820
18.819,True,-0.028217,1.117125,-0.004755,0.061579,-0.012982,0.023607,-0.997739,True,0.036361,1.113065,-0.003606,0.061941,0.003117,0.021868,-0.997835
18.830,True,-0.028254,1.117092,-0.004733,0.061458,-0.012927,0.023598,-0.997747,True,0.036323,1.113034,-0.003572,0.061820,0.003172,0.021860,-0.997843
18.842,True,-0.028291,1.117087,-0.004712,0.061312,-0.012839,0.023719,-0.997754,True,0.036285,1.113014,-0.003537,0.061675,0.003261,0.021984,-0.997849
18.853,True,-0.028349,1.117071,-0.004716,0.061365,-0.012660,0.023759,-0.997752,True,0.036226,1.112994,-0.003518,0.061730,0.003440,0.022026,-0.997844
18.864,True,-0.028393,1.117042,-0.004704,0.061381,-0.012459,0.023746,-0.997754,True,0.036182,1.112967,-0.003485,0.061746,0.003642,0.022015,-0.997842
18.875,True,-0.028426,1.116996,-0.004690,0.061398,-0.012209,0.023656,-0.997758,True,0.036149,1.112932,-0.003452,0.061761,0.003893,0.021926,-0.997843
18.886,True,-0.028484,1.116942,-0.004644,0.061436,-0.011842,0.023524,-0.997764,True,0.036092,1.112893,-0.003383,0.061798,0.004261,0.021799,-0.997842
18.897,True,-0.028519,1.116907,-0.004623,0.061361,-0.011832,0.023566,-0.997767,True,0.036056,1.112853,-0.003357,0.061723,0.004271,0.021841,-0.997845
18.908,True,-0.028544,1.116891,-0.004612,0.061250,-0.011859,0.023483,-0.997776,True,0.036033,1.112849,-0.003340,0.061611,0.004244,0.021761,-0.997854
18.919,True,-0.028569,1.116887,-0.004580,0.061135,-0.012034,0.023509,-0.997780,True,0.036007,1.112846,-0.003299,0.061496,0.004069,0.021788,-0.997861
18.930,True,-0.028576,1.116802,-0.004546,0.061348,-0.012100,0.023329,-0.997770,True,0.036002,1.112784,-0.003268,0.061706,0.004004,0.021608,-0.997852
18.942,True,-0.028577,1.116752,-0.004516,0.061350,-0.012040,0.023227,-0.997773,True,0.036001,1.112748,-0.003231,0.061707,0.004063,0.021506,-0.997854
18.953,True,-0.028592,1.116777,-0.004466,0.061734,-0.012319,0.023136,-0.997748,True,0.035988,1.112787,-0.003190,0.062089,0.003785,0.021414,-0.997834
18.964,True,-0.028585,1.116828,-0.004435,0.061857,-0.012298,0.023270,-0.997738,True,0.035994,1.112821,-0.003159,0.062214,0.003806,0.021546,-0.997823
18.975,True,-0.030719,1.113143,-0.005107,0.062114,-0.012369,0.023613,-0.997713,True,0.035989,1.112863,-0.003119,0.062476,0.003735,0.021887,-0.997800
18.986,True,-0.030736,1.113225,-0.005063,0.062463,-0.012574,0.023905,-0.997682,True,0.035973,1.112908,-0.003089,0.062830,0.003529,0.022175,-0.997772
18.997,True,-0.030756,1.113308,-0.005041,0.062524,-0.012725,0.024177,-0.997670,True,0.035952,1.112954,-0.003073,0.062895,0.003379,0.022448,-0.997762
19.008,True,-0.030768,1.113334,-0.005012,0.062663,-0.012778,0.024087,-0.997662,True,0.035940,1.112991,-0.003058,0.063033,0.003326,0.022360,-0.997755
19.019,True,-0.030798,1.113304,-0.004999,0.062539,-0.012589,0.023755,-0.997680,True,0.035911,1.113001,-0.003044,0.062904,0.003516,0.022030,-0.997770
19.030,True,-0.030843,1.113245,-0.004996,0.062490,-0.012701,0.023436,-0.997690,True,0.035866,1.112988,-0.003028,0.062849,0.003405,0.021714,-0.997781
19.041,True,-0.030885,1.113200,-0.005001,0.062419,-0.012720,0.023419,-0.997694,True,0.035823,1.112949,-0.003015,0.062777,0.003386,0.021698,-0.997786
19.053,True,-0.030948,1.113156,-0.004996,0.062575,-0.012498,0.023541,-0.997684,True,0.035760,1.112888,-0.002992,0.062936,0.003608,0.021819,-0.997773
19.064,True,-0.031013,1.113126,-0.005002,0.062364,-0.012517,0.023726,-0.997693,True,0.035694,1.112836,-0.002981,0.062728,0.003589,0.022008,-0.997782
19.075,True,-0.031060,1.113099,-0.004996,0.062386,-0.012656,0.023808,-0.997688,True,0.035647,1.112800,-0.002977,0.062751,0.003450,0.022090,-0.997779
19.086,True,-0.031123,1.113066,-0.004980,0.062439,-0.012711,0.023783,-0.997684,True,0.035583,1.112771,-0.002957,0.062804,0.003395,0.022064,-0.997776
19.097,True,-0.031184,1.113044,-0.004953,0.062574,-0.012782,0.023486,-0.997682,True,0.035523,1.112789,-0.002943,0.062934,0.003324,0.021765,-0.997775
19.108,True,-0.031216,1.113095,-0.004947,0.063071,-0.012780,0.023487,-0.997651,True,0.035491,1.112844,-0.002923,0.063430,0.003326,0.021761,-0.997744
19.119,True,-0.031260,1.113166,-0.004933,0.063408,-0.012727,0.023370,-0.997633,True,0.035446,1.112934,-0.002896,0.063765,0.003378,0.021639,-0.997725
19.131,True,-0.031316,1.113227,-0.004920,0.063688,-0.012702,0.023366,-0.997616,True,0.035391,1.112998,-0.002875,0.064046,0.003403,0.021631,-0.997707
19.141,True,-0.031365,1.113259,-0.004923,0.063957,-0.012277,0.023356,-0.997604,True,0.035341,1.113028,-0.002860,0.064315,0.003828,0.021620,-0.997688
19.153,True,-0.031433,1.113264,-0.004932,0.064040,-0.012275,0.023386,-0.997598,True,0.035273,1.113032,-0.002853,0.064398,0.003831,0.021651,-0.997682
19.164,True,-0.031496,1.113237,-0.004950,0.063726,-0.012251,0.023481,-0.997616,True,0.035209,1.112993,-0.002856,0.064085,0.003855,0.021751,-0.997700
19.175,True,-0.031551,1.113177,-0.004973,0.063746,-0.011633,0.023472,-0.997622,True,0.035153,1.112925,-0.002868,0.064106,0.004475,0.021746,-0.997696
19.186,True,-0.031584,1.113092,-0.004947,0.063485,-0.011668,0.023182,-0.997645,True,0.035121,1.112875,-0.002855,0.063841,0.004440,0.021461,-0.997719
19.198,True,-0.031609,1.113011,-0.004953,0.063096,-0.011600,0.022845,-0.997679,True,0.035096,1.112837,-0.002864,0.063447,0.004508,0.021128,-0.997751
19.208,True,-0.031634,1.112943,-0.004960,0.063096,-0.011627,0.022692,-0.997682,True,0.035071,1.112790,-0.002861,0.063444,0.004482,0.020978,-0.997755
19.219,True,-0.031686,1.112907,-0.004933,0.062807,-0.011437,0.022796,-0.997700,True,0.035019,1.112736,-0.002830,0.063157,0.004672,0.021085,-0.997770
19.231,True,-0.031717,1.112891,-0.004937,0.062509,-0.011507,0.023009,-0.997713,True,0.034987,1.112695,-0.002822,0.062862,0.004602,0.021300,-0.997784
19.241,True,-0.031735,1.112873,-0.004905,0.062391,-0.011526,0.023106,-0.997718,True,0.034969,1.112662,-0.002797,0.062746,0.004583,0.021398,-0.997790
19.253,True,-0.031752,1.112856,-0.004883,0.062457,-0.011637,0.023123,-0.997712,True,0.034953,1.112643,-0.002783,0.062812,0.004473,0.021416,-0.997786
19.264,True,-0.031728,1.112850,-0.004883,0.062383,-0.011707,0.023087,-0.997717,True,0.034977,1.112643,-0.002776,0.062738,0.004402,0.021382,-0.997791
19.275,True,-0.031735,1.112887,-0.004842,0.062474,-0.011998,0.023106,-0.997707,True,0.034970,1.112678,-0.002755,0.062828,0.004112,0.021401,-0.997786
19.286,True,-0.031729,1.112925,-0.004808,0.062515,-0.011990,0.023127,-0.997704,True,0.034977,1.112711,-0.002737,0.062870,0.004119,0.021421,-0.997783
19.297,True,-0.031708,1.112967,-0.004791,0.062575,-0.012107,0.023107,-0.997699,True,0.034998,1.112755,-0.002736,0.062930,0.004003,0.021399,-0.997781
19.308,True,-0.031677,1.112981,-0.004767,0.062482,-0.012530,0.023086,-0.997700,True,0.035030,1.112776,-0.002731,0.062836,0.003579,0.021377,-0.997789
19.319,True,-0.031627,1.113019,-0.004682,0.062779,-0.012676,0.023202,-0.997677,True,0.035081,1.112794,-0.002685,0.063135,0.003433,0.021490,-0.997768
19.330,True,-0.031578,1.112978,-0.004698,0.062573,-0.012748,0.023051,-0.997693,True,0.035131,1.112771,-0.002720,0.062926,0.003361,0.021341,-0.997784
19.341,True,-0.031537,1.112970,-0.004677,0.062447,-0.012927,0.023149,-0.997696,True,0.035172,1.112747,-0.002724,0.062802,0.003182,0.021439,-0.997791
19.352,True,-0.031500,1.112967,-0.004641,0.062429,-0.012931,0.023349,-0.997693,True,0.035209,1.112716,-0.002698,0.062787,0.003178,0.021639,-0.997787
19.364,True,-0.031457,1.112982,-0.004622,0.062372,-0.013186,0.023598,-0.997687,True,0.035253,1.112698,-0.002698,0.062734,0.002923,0.021889,-0.997786
19.375,True,-0.031422,1.113004,-0.004606,0.062461,-0.013351,0.023839,-0.997673,True,0.035288,1.112687,-0.002696,0.062826,0.002758,0.022131,-0.997775
19.386,True,-0.031388,1.113023,-0.004586,0.062598,-0.013459,0.024014,-0.997659,True,0.035322,1.112684,-0.002679,0.062966,0.002650,0.022304,-0.997763
19.397,True,-0.031353,1.113049,-0.004567,0.062730,-0.013648,0.024180,-0.997644,True,0.035358,1.112689,-0.002673,0.063101,0.002460,0.022468,-0.997751
19.408,True,-0.031320,1.113099,-0.004532,0.062867,-0.013874,0.024355,-0.997628,True,0.035391,1.112717,-0.002653,0.063240,0.002234,0.022641,-0.997739
19.419,True,-0.031275,1.113140,-0.004513,0.062860,-0.013918,0.024391,-0.997627,True,0.035436,1.112753,-0.002641,0.063233,0.002189,0.022675,-0.997739
19.430,True,-0.031231,1.113197,-0.004491,0.062905,-0.013971,0.024547,-0.997620,True,0.035480,1.112789,-0.002632,0.063281,0.002136,0.022828,-0.997732
19.441,True,-0.031213,1.113246,-0.004463,0.062909,-0.014087,0.024656,-0.997615,True,0.035499,1.112822,-0.002627,0.063286,0.002019,0.022934,-0.997730
19.453,True,-0.031176,1.113309,-0.004453,0.062974,-0.014145,0.024841,-0.997606,True,0.035536,1.112860,-0.002624,0.063354,0.001960,0.023117,-0.997721
19.464,True,-0.031136,1.113361,-0.004432,0.062987,-0.014333,0.024911,-0.997600,True,0.035576,1.112903,-0.002625,0.063368,0.001773,0.023187,-0.997719
19.475,True,-0.031087,1.113394,-0.004415,0.063127,-0.014592,0.024995,-0.997586,True,0.035626,1.112925,-0.002629,0.063510,0.001513,0.023268,-0.997709
19.486,True,-0.031019,1.113411,-0.004386,0.063160,-0.014860,0.024985,-0.997580,True,0.035695,1.112940,-0.002640,0.063542,0.001245,0.023257,-0.997707
19.497,True,-0.030932,1.113424,-0.004347,0.063186,-0.015364,0.024938,-0.997572,True,0.035784,1.112957,-0.002665,0.063567,0.000740,0.023209,-0.997707
19.508,True,-0.030832,1.113455,-0.004323,0.063090,-0.015794,0.024905,-0.997572,True,0.035884,1.112992,-0.002678,0.063470,0.000310,0.023176,-0.997715
19.519,True,-0.030774,1.113461,-0.004268,0.063250,-0.016330,0.024770,-0.997557,True,0.035944,1.113012,-0.002696,0.063628,-0.000226,0.023038,-0.997708
19.530,True,-0.030717,1.113477,-0.004253,0.063463,-0.016466,0.024676,-0.997543,True,0.036002,1.113040,-0.002701,0.063839,-0.000362,0.022943,-0.997696
19.541,True,-0.030707,1.113495,-0.004247,0.063490,-0.016467,0.024722,-0.997540,True,0.036011,1.113053,-0.002688,0.063866,-0.000363,0.022989,-0.997694
19.552,True,-0.030721,1.113507,-0.004243,0.063608,-0.016450,0.024972,-0.997527,True,0.035997,1.113034,-0.002673,0.063988,-0.000346,0.023237,-0.997680
19.564,True,-0.030731,1.113496,-0.004238,0.064033,-0.016871,0.025190,-0.997487,True,0.035987,1.112998,-0.002672,0.064416,-0.000766,0.023456,-0.997647
19.575,True,-0.030696,1.113479,-0.004224,0.063738,-0.016908,0.025250,-0.997504,True,0.036022,1.112969,-0.002683,0.064122,-0.000804,0.023516,-0.997665
19.586,True,-0.030691,1.113464,-0.004207,0.064314,-0.016619,0.024975,-0.997479,True,0.036028,1.112981,-0.002691,0.064695,-0.000513,0.023243,-0.997634
19.597,True,-0.030690,1.113450,-0.004203,0.064096,-0.016884,0.024696,-0.997495,True,0.036030,1.113009,-0.002687,0.064472,-0.000779,0.022963,-0.997655
19.608,True,-0.030760,1.113444,-0.004215,0.064355,-0.016370,0.024257,-0.997498,True,0.035958,1.113063,-0.002652,0.064724,-0.000264,0.022523,-0.997649
19.619,True,-0.030883,1.113446,-0.004240,0.064555,-0.015605,0.024047,-0.997502,True,0.035834,1.113095,-0.002603,0.064922,0.000501,0.022312,-0.997641
19.630,True,-0.031022,1.113457,-0.004275,0.064808,-0.014609,0.023991,-0.997502,True,0.035693,1.113119,-0.002534,0.065175,0.001498,0.022254,-0.997625
19.641,True,-0.031141,1.113473,-0.004319,0.064882,-0.013375,0.023910,-0.997517,True,0.035571,1.113142,-0.002493,0.065249,0.002732,0.022171,-0.997619
19.653,True,-0.031292,1.113467,-0.004388,0.065052,-0.012246,0.023961,-0.997519,True,0.035418,1.113129,-0.002472,0.065421,0.003861,0.022222,-0.997603
19.664,True,-0.031393,1.113398,-0.004411,0.065057,-0.011586,0.023775,-0.997531,True,0.035315,1.113088,-0.002424,0.065424,0.004521,0.022037,-0.997604
19.675,True,-0.031494,1.113319,-0.004441,0.065076,-0.010965,0.023560,-0.997542,True,0.035212,1.113040,-0.002393,0.065440,0.005143,0.021822,-0.997605
19.686,True,-0.031579,1.113317,-0.004460,0.064887,-0.010366,0.023261,-0.997568,True,0.035125,1.113080,-0.002351,0.065247,0.005740,0.021520,-0.997621
19.697,True,-0.031634,1.113393,-0.004471,0.065120,-0.009913,0.023147,-0.997560,True,0.035069,1.113174,-0.002324,0.065478,0.006193,0.021402,-0.997605
19.708,True,-0.031689,1.113503,-0.004484,0.065198,-0.009470,0.023128,-0.997559,True,0.035013,1.113290,-0.002292,0.065557,0.006635,0.021377,-0.997598
19.719,True,-0.031734,1.113677,-0.004498,0.065674,-0.009373,0.023447,-0.997522,True,0.034967,1.113425,-0.002291,0.066038,0.006731,0.021689,-0.997559
19.730,True,-0.031735,1.113788,-0.004502,0.065809,-0.009302,0.023666,-0.997508,True,0.034966,1.113510,-0.002280,0.066176,0.006801,0.021903,-0.997544
19.742,True,-0.031720,1.113900,-0.004513,0.065971,-0.009570,0.023742,-0.997493,True,0.034982,1.113612,-0.002316,0.066339,0.006533,0.021975,-0.997534
19.753,True,-0.031709,1.113988,-0.004518,0.065961,-0.009567,0.023714,-0.997495,True,0.034992,1.113707,-0.002319,0.066328,0.006535,0.021943,-0.997535
19.764,True,-0.031658,1.114007,-0.004504,0.065808,-0.009764,0.023415,-0.997510,True,0.035045,1.113762,-0.002340,0.066171,0.006337,0.021643,-0.997554
19.775,True,-0.031625,1.113995,-0.004529,0.065596,-0.009662,0.023366,-0.997526,True,0.035077,1.113757,-0.002365,0.065958,0.006438,0.021593,-0.997568
19.786,True,-0.031596,1.113990,-0.004537,0.065410,-0.009778,0.023424,-0.997536,True,0.035107,1.113743,-0.002384,0.065772,0.006322,0.021650,-0.997580
19.797,True,-0.031556,1.113956,-0.004543,0.065192,-0.009856,0.023654,-0.997544,True,0.035147,1.113678,-0.002399,0.065559,0.006243,0.021880,-0.997589
19.808,True,-0.031496,1.113913,-0.004551,0.064830,-0.010081,0.023969,-0.997558,True,0.035208,1.113591,-0.002434,0.065201,0.006018,0.022197,-0.997607
19.819,True,-0.031407,1.113840,-0.004547,0.064518,-0.010575,0.024141,-0.997569,True,0.035298,1.113491,-0.002486,0.064891,0.005523,0.022372,-0.997626
19.830,True,-0.031335,1.113796,-0.004529,0.064367,-0.010822,0.024301,-0.997572,True,0.035371,1.113423,-0.002501,0.064743,0.005276,0.022532,-0.997634
19.841,True,-0.031276,1.113747,-0.004510,0.064021,-0.010946,0.024270,-0.997593,True,0.035431,1.113373,-0.002517,0.064397,0.005152,0.022505,-0.997657
19.853,True,-0.031262,1.113725,-0.004529,0.063996,-0.010917,0.024382,-0.997593,True,0.035446,1.113332,-0.002553,0.064374,0.005181,0.022618,-0.997656
19.864,True,-0.031230,1.113723,-0.004515,0.063650,-0.010800,0.024384,-0.997616,True,0.035477,1.113326,-0.002544,0.064028,0.005299,0.022622,-0.997678
19.875,True,-0.031219,1.113707,-0.004492,0.063655,-0.010704,0.024180,-0.997622,True,0.035490,1.113333,-0.002546,0.064031,0.005395,0.022419,-0.997682
19.886,True,-0.031225,1.113751,-0.004514,0.063622,-0.010719,0.024092,-0.997626,True,0.035483,1.113387,-0.002571,0.063996,0.005380,0.022331,-0.997686
19.897,True,-0.031214,1.113776,-0.004508,0.063478,-0.010837,0.023895,-0.997638,True,0.035495,1.113438,-0.002587,0.063848,0.005261,0.022133,-0.997700
19.908,True,-0.031190,1.113775,-0.004475,0.063381,-0.010839,0.023409,-0.997656,True,0.035521,1.113493,-0.002603,0.063744,0.005260,0.021649,-0.997718
19.919,True,-0.031197,1.113738,-0.004514,0.063230,-0.010797,0.022966,-0.997676,True,0.035515,1.113511,-0.002660,0.063587,0.005302,0.021208,-0.997737
19.931,True,-0.031232,1.113696,-0.004533,0.062850,-0.010725,0.022518,-0.997711,True,0.035480,1.113528,-0.002677,0.063199,0.005374,0.020762,-0.997771
19.941,True,-0.031286,1.113665,-0.004559,0.062091,-0.010343,0.022275,-0.997768,True,0.035426,1.113526,-0.002686,0.062437,0.005755,0.020522,-0.997821
19.953,True,-0.031378,1.113607,-0.004631,0.061704,-0.009963,0.022242,-0.997797,True,0.035332,1.113473,-0.002720,0.062049,0.006135,0.020491,-0.997844
19.964,True,-0.031462,1.113577,-0.004663,0.061418,-0.009684,0.022291,-0.997816,True,0.035247,1.113437,-0.002721,0.061765,0.006413,0.020542,-0.997859
19.975,True,-0.029385,1.117615,-0.003885,0.061399,-0.009353,0.022114,-0.997825,True,0.035152,1.113405,-0.002747,0.061743,0.006744,0.020366,-0.997862
19.986,True,-0.029462,1.117599,-0.003954,0.061147,-0.008928,0.022058,-0.997845,True,0.035075,1.113397,-0.002775,0.061491,0.007169,0.020312,-0.997875
19.997,True,-0.029532,1.117577,-0.003959,0.061476,-0.008690,0.021827,-0.997832,True,0.035007,1.113404,-0.002766,0.061816,0.007407,0.020078,-0.997858
20.008,True,-0.029612,1.117576,-0.004031,0.061754,-0.008781,0.021731,-0.997816,True,0.034928,1.113421,-0.002817,0.062093,0.007317,0.019979,-0.997844
20.019,True,-0.029665,1.117616,-0.004074,0.062057,-0.008681,0.021698,-0.997799,True,0.034874,1.113469,-0.002837,0.062395,0.007417,0.019944,-0.997825
20.030,True,-0.029699,1.117645,-0.004088,0.062211,-0.008569,0.021638,-0.997792,True,0.034840,1.113504,-0.002858,0.062548,0.007528,0.019879,-0.997816
20.042,True,-0.029724,1.117684,-0.004126,0.062633,-0.008713,0.021574,-0.997765,True,0.034817,1.113552,-0.002903,0.062969,0.007384,0.019810,-0.997792
20.053,True,-0.029737,1.117756,-0.004158,0.062891,-0.008735,0.021593,-0.997749,True,0.034804,1.113619,-0.002957,0.063228,0.007361,0.019826,-0.997775
20.064,True,-0.029738,1.117849,-0.004165,0.063360,-0.009195,0.021611,-0.997714,True,0.034803,1.113713,-0.002991,0.063696,0.006900,0.019838,-0.997748
20.075,True,-0.029744,1.117945,-0.004210,0.063666,-0.009446,0.021652,-0.997692,True,0.034797,1.113804,-0.003055,0.064002,0.006648,0.019872,-0.997730
20.086,True,-0.029744,1.118063,-0.004231,0.064090,-0.009586,0.021704,-0.997662,True,0.034797,1.113916,-0.003092,0.064427,0.006508,0.019916,-0.997702
20.097,True,-0.029761,1.118171,-0.004240,0.064651,-0.009594,0.021745,-0.997625,True,0.034780,1.114017,-0.003115,0.064989,0.006499,0.019950,-0.997665
20.108,True,-0.029790,1.118237,-0.004314,0.065024,-0.009436,0.021817,-0.997601,True,0.034750,1.114072,-0.003191,0.065363,0.006657,0.020017,-0.997639
20.119,True,-0.029811,1.118285,-0.004358,0.065267,-0.009538,0.021875,-0.997583,True,0.034729,1.114116,-0.003222,0.065607,0.006554,0.020071,-0.997622
20.130,True,-0.029851,1.118286,-0.004382,0.065254,-0.009223,0.021940,-0.997585,True,0.034687,1.114105,-0.003241,0.065595,0.006869,0.020136,-0.997620
20.142,True,-0.029879,1.118234,-0.004496,0.064796,-0.008960,0.022000,-0.997616,True,0.034659,1.114044,-0.003341,0.065139,0.007131,0.020196,-0.997646
20.153,True,-0.029919,1.118251,-0.004499,0.063080,-0.010707,0.022234,-0.997703,True,0.034618,1.114056,-0.003356,0.063423,0.005380,0.020431,-0.997763
20.164,True,-0.029943,1.118284,-0.004524,0.057765,-0.017867,0.023068,-0.997904,True,0.034595,1.114089,-0.003372,0.058101,-0.001797,0.021269,-0.998083
20.175,True,-0.029998,1.118331,-0.004584,0.056568,-0.019664,0.023261,-0.997934,True,0.034540,1.114138,-0.003431,0.056902,-0.003600,0.021461,-0.998143
20.186,True,-0.030064,1.118388,-0.004606,0.056489,-0.019355,0.023200,-0.997946,True,0.034474,1.114203,-0.003435,0.056822,-0.003292,0.021395,-0.998150
20.197,True,-0.030114,1.118483,-0.004641,0.057853,-0.018195,0.023249,-0.997889,True,0.034422,1.114285,-0.003412,0.058190,-0.002128,0.021441,-0.998073
20.208,True,-0.030184,1.118454,-0.004674,0.060069,-0.016885,0.023019,-0.997786,True,0.034352,1.114270,-0.003424,0.060407,-0.000813,0.021203,-0.997948
20.219,True,-0.030272,1.118509,-0.004728,0.057093,-0.019305,0.023438,-0.997907,True,0.034263,1.114316,-0.003431,0.057428,-0.003244,0.021627,-0.998110
20.230,True,-0.030361,1.118549,-0.004744,0.060189,-0.016707,0.023355,-0.997774,True,0.034172,1.114332,-0.003418,0.060531,-0.000635,0.021540,-0.997934
20.241,True,-0.030413,1.118573,-0.004766,0.058645,-0.018172,0.023540,-0.997836,True,0.034119,1.114359,-0.003416,0.058986,-0.002106,0.021726,-0.998020
20.252,True,-0.030454,1.118592,-0.004814,0.059362,-0.017539,0.023530,-0.997805,True,0.034078,1.114371,-0.003457,0.059704,-0.001470,0.021714,-0.997979
20.264,True,-0.030504,1.118614,-0.004859,0.059517,-0.017684,0.023713,-0.997789,True,0.034026,1.114377,-0.003475,0.059861,-0.001616,0.021896,-0.997965
20.275,True,-0.030562,1.118618,-0.004880,0.059429,-0.018494,0.023905,-0.997775,True,0.033967,1.114370,-0.003476,0.059774,-0.002427,0.022089,-0.997965
20.286,True,-0.030619,1.118591,-0.004934,0.059114,-0.018980,0.024079,-0.997780,True,0.033909,1.114331,-0.003509,0.059460,-0.002914,0.022265,-0.997978
20.297,True,-0.030670,1.118539,-0.004988,0.058734,-0.019480,0.024169,-0.997791,True,0.033857,1.114277,-0.003550,0.059080,-0.003416,0.022358,-0.997997
20.308,True,-0.030744,1.118425,-0.005026,0.058648,-0.019767,0.023934,-0.997796,True,0.033785,1.114199,-0.003574,0.058990,-0.003703,0.022126,-0.998007
20.319,True,-0.030751,1.118334,-0.005123,0.058331,-0.019731,0.023739,-0.997820,True,0.033781,1.114131,-0.003673,0.058670,-0.003666,0.021936,-0.998030
20.330,True,-0.030737,1.118326,-0.005114,0.058320,-0.019668,0.023712,-0.997823,True,0.033794,1.114126,-0.003664,0.058658,-0.003603,0.021911,-0.998031
20.341,True,-0.030729,1.118294,-0.005129,0.058090,-0.020076,0.023651,-0.997829,True,0.033804,1.114106,-0.003685,0.058426,-0.004011,0.021852,-0.998045
20.352,True,-0.030688,1.118258,-0.005184,0.057718,-0.019880,0.023582,-0.997856,True,0.033845,1.114073,-0.003754,0.058054,-0.003815,0.021786,-0.998069
20.364,True,-0.030653,1.118191,-0.005181,0.057634,-0.020059,0.023599,-0.997857,True,0.033880,1.114003,-0.003765,0.057970,-0.003994,0.021803,-0.998072
20.375,True,-0.030600,1.118170,-0.005200,0.057269,-0.020300,0.023638,-0.997872,True,0.033933,1.113977,-0.003800,0.057605,-0.004235,0.021846,-0.998092
20.386,True,-0.030556,1.118179,-0.005236,0.056999,-0.020543,0.023735,-0.997881,True,0.033977,1.113973,-0.003857,0.057336,-0.004479,0.021944,-0.998104
20.397,True,-0.030491,1.118186,-0.005242,0.056736,-0.020649,0.023889,-0.997890,True,0.034040,1.113958,-0.003880,0.057075,-0.004584,0.022101,-0.998115
20.408,True,-0.030422,1.118195,-0.005260,0.056598,-0.020810,0.024050,-0.997890,True,0.034109,1.113945,-0.003919,0.056940,-0.004745,0.022265,-0.998118
20.419,True,-0.030355,1.118233,-0.005268,0.056511,-0.020959,0.024289,-0.997886,True,0.034174,1.113950,-0.003944,0.056856,-0.004894,0.022507,-0.998117
20.430,True,-0.030256,1.118307,-0.005240,0.056479,-0.021431,0.024419,-0.997875,True,0.034272,1.114008,-0.003946,0.056826,-0.005366,0.022640,-0.998113
20.441,True,-0.030134,1.118355,-0.005217,0.056529,-0.021853,0.024288,-0.997866,True,0.034396,1.114073,-0.003956,0.056873,-0.005788,0.022510,-0.998111
20.452,True,-0.030005,1.118348,-0.005189,0.056522,-0.022227,0.024148,-0.997862,True,0.034527,1.114082,-0.003966,0.056864,-0.006162,0.022372,-0.998112
20.464,True,-0.029838,1.118306,-0.005135,0.056290,-0.022592,0.024069,-0.997869,True,0.034695,1.114048,-0.003954,0.056631,-0.006526,0.022297,-0.998125
20.475,True,-0.029694,1.118246,-0.005078,0.056364,-0.023131,0.024238,-0.997848,True,0.035049,1.113785,-0.003980,0.056706,-0.007065,0.022471,-0.998113
20.486,True,-0.029534,1.118114,-0.005061,0.055858,-0.023541,0.024603,-0.997858,True,0.035205,1.113602,-0.004000,0.056205,-0.007473,0.022844,-0.998130
20.497,True,-0.029391,1.118007,-0.004991,0.055466,-0.024211,0.024993,-0.997854,True,0.035346,1.113443,-0.003980,0.055819,-0.008143,0.023243,-0.998137
20.508,True,-0.029265,1.117888,-0.004921,0.054850,-0.024559,0.025218,-0.997874,True,0.035470,1.113290,-0.003957,0.055207,-0.008490,0.023478,-0.998163
20.519,True,-0.029148,1.117830,-0.004838,0.055384,-0.022495,0.025117,-0.997896,True,0.035586,1.113208,-0.003907,0.055746,-0.006419,0.023381,-0.998151
20.530,True,-0.029030,1.117781,-0.004756,0.057238,-0.015585,0.024426,-0.997940,True,0.035703,1.113146,-0.003846,0.057607,0.000504,0.022690,-0.998081
20.541,True,-0.028942,1.117771,-0.004666,0.058630,-0.014205,0.024317,-0.997883,True,0.035791,1.113127,-0.003769,0.059001,0.001888,0.022582,-0.998001
20.552,True,-0.028875,1.117787,-0.004582,0.059684,-0.012048,0.024095,-0.997854,True,0.035857,1.113143,-0.003679,0.060057,0.004048,0.022358,-0.997936
20.564,True,-0.028813,1.117801,-0.004499,0.060563,-0.010024,0.023851,-0.997829,True,0.035920,1.113164,-0.003572,0.060936,0.006073,0.022113,-0.997878
20.575,True,-0.028761,1.117811,-0.004426,0.060222,-0.008805,0.023780,-0.997863,True,0.035971,1.113166,-0.003497,0.060596,0.007291,0.022045,-0.997892
20.586,True,-0.028732,1.117761,-0.004375,0.059886,-0.008393,0.023524,-0.997893,True,0.036002,1.113144,-0.003441,0.060257,0.007704,0.021794,-0.997915
20.597,True,-0.028689,1.117679,-0.004312,0.060081,-0.008001,0.023245,-0.997891,True,0.036047,1.113090,-0.003385,0.060449,0.008097,0.021520,-0.997906
20.608,True,-0.028659,1.117599,-0.004270,0.059944,-0.008518,0.023091,-0.997898,True,0.036080,1.113037,-0.003339,0.060308,0.007583,0.021373,-0.997922
20.619,True,-0.028620,1.117519,-0.004236,0.060474,-0.007755,0.022832,-0.997879,True,0.036120,1.112980,-0.003297,0.060835,0.008348,0.021119,-0.997890
20.630,True,-0.028596,1.117459,-0.004194,0.060779,-0.007466,0.022780,-0.997863,True,0.036144,1.112925,-0.003244,0.061140,0.008638,0.021071,-0.997869
20.642,True,-0.028599,1.117389,-0.004158,0.060989,-0.006561,0.022720,-0.997858,True,0.036140,1.112853,-0.003187,0.061350,0.009544,0.021013,-0.997849
20.653,True,-0.028590,1.117325,-0.004113,0.061060,-0.006081,0.022608,-0.997860,True,0.036150,1.112799,-0.003124,0.061421,0.010025,0.020905,-0.997843
20.664,True,-0.028579,1.117273,-0.004081,0.060576,-0.005212,0.022496,-0.997897,True,0.036161,1.112755,-0.003066,0.060936,0.010892,0.020793,-0.997866
20.675,True,-0.028558,1.117220,-0.004059,0.060611,-0.004492,0.022257,-0.997903,True,0.036183,1.112725,-0.003027,0.060970,0.011612,0.020556,-0.997860
20.686,True,-0.028520,1.117155,-0.004009,0.060499,-0.003847,0.021988,-0.997919,True,0.036223,1.112689,-0.002957,0.060854,0.012258,0.020289,-0.997865
20.697,True,-0.028480,1.117119,-0.003967,0.060132,-0.003739,0.021879,-0.997944,True,0.036264,1.112669,-0.002902,0.060485,0.012365,0.020182,-0.997888
20.708,True,-0.028438,1.117082,-0.003934,0.060433,-0.003769,0.021872,-0.997926,True,0.036306,1.112634,-0.002856,0.060786,0.012336,0.020176,-0.997871
20.719,True,-0.028401,1.117019,-0.003878,0.060654,-0.003898,0.021878,-0.997912,True,0.036343,1.112570,-0.002810,0.061007,0.012209,0.020186,-0.997859
20.731,True,-0.028345,1.116940,-0.003845,0.060470,-0.003935,0.021872,-0.997923,True,0.036399,1.112492,-0.002778,0.060823,0.012172,0.020185,-0.997870
20.741,True,-0.028309,1.116849,-0.003807,0.060153,-0.003882,0.021881,-0.997942,True,0.036435,1.112397,-0.002751,0.060506,0.012226,0.020202,-0.997889
20.753,True,-0.028253,1.116773,-0.003761,0.059672,-0.003869,0.021885,-0.997971,True,0.036490,1.112319,-0.002707,0.060025,0.012240,0.020213,-0.997917
20.764,True,-0.028203,1.116712,-0.003704,0.059382,-0.003646,0.021966,-0.997987,True,0.036540,1.112242,-0.002659,0.059737,0.012463,0.020300,-0.997930
20.775,True,-0.028168,1.116670,-0.003655,0.058704,-0.003228,0.021977,-0.998028,True,0.036575,1.112193,-0.002613,0.059060,0.012881,0.020316,-0.997965
20.786,True,-0.028123,1.116635,-0.003575,0.058460,-0.003300,0.022188,-0.998038,True,0.036618,1.112132,-0.002529,0.058820,0.012808,0.020528,-0.997975
20.797,True,-0.028080,1.116615,-0.003505,0.058427,-0.003256,0.022267,-0.998038,True,0.036660,1.112100,-0.002460,0.058788,0.012853,0.020610,-0.997975
20.808,True,-0.028050,1.116617,-0.003417,0.058175,-0.003554,0.022466,-0.998047,True,0.036688,1.112082,-0.002362,0.058538,0.012555,0.020810,-0.997989
20.819,True,-0.028020,1.116659,-0.003332,0.058071,-0.003535,0.022603,-0.998050,True,0.036717,1.112106,-0.002279,0.058436,0.012574,0.020946,-0.997992
20.830,True,-0.027972,1.116724,-0.003262,0.058281,-0.003364,0.022804,-0.998034,True,0.036763,1.112142,-0.002208,0.058650,0.012744,0.021144,-0.997973
20.842,True,-0.027936,1.116765,-0.003193,0.058513,-0.003381,0.022826,-0.998020,True,0.036799,1.112179,-0.002151,0.058883,0.012727,0.021165,-0.997959
20.853,True,-0.027877,1.116770,-0.003153,0.059051,-0.003013,0.022886,-0.997988,True,0.036857,1.112170,-0.002119,0.059422,0.013095,0.021223,-0.997921
20.864,True,-0.027822,1.116752,-0.003126,0.058847,-0.003040,0.022890,-0.998000,True,0.036911,1.112151,-0.002093,0.059218,0.013068,0.021228,-0.997934
20.875,True,-0.027779,1.116709,-0.003086,0.058819,-0.003001,0.023005,-0.997999,True,0.036953,1.112089,-0.002074,0.059193,0.013107,0.021345,-0.997932
20.886,True,-0.027728,1.116675,-0.003055,0.058708,-0.003288,0.023107,-0.998002,True,0.037004,1.112041,-0.002067,0.059083,0.012820,0.021450,-0.997940
20.897,True,-0.027678,1.116651,-0.003032,0.058556,-0.003257,0.023160,-0.998010,True,0.037054,1.112006,-0.002067,0.058932,0.012852,0.021505,-0.997948
20.908,True,-0.027643,1.116618,-0.003006,0.058382,-0.003264,0.023225,-0.998019,True,0.037088,1.111961,-0.002064,0.058760,0.012844,0.021572,-0.997956
20.919,True,-0.027620,1.116604,-0.002981,0.057906,-0.003254,0.023220,-0.998047,True,0.037111,1.111943,-0.002067,0.058284,0.012853,0.021567,-0.997984
20.930,True,-0.027600,1.116628,-0.002966,0.058154,-0.003312,0.023331,-0.998030,True,0.037130,1.111951,-0.002071,0.058534,0.012795,0.021675,-0.997968
20.941,True,-0.027592,1.116645,-0.002941,0.058091,-0.003392,0.023372,-0.998032,True,0.037138,1.111960,-0.002066,0.058471,0.012715,0.021715,-0.997972
20.952,True,-0.027573,1.116640,-0.002938,0.058176,-0.003378,0.023273,-0.998029,True,0.037158,1.111967,-0.002074,0.058555,0.012728,0.021613,-0.997969
20.964,True,-0.027555,1.116645,-0.002951,0.058228,-0.002980,0.023124,-0.998031,True,0.037177,1.111985,-0.002096,0.058605,0.013125,0.021461,-0.997964
20.975,True,-0.027537,1.116632,-0.002966,0.058272,-0.002841,0.022987,-0.998032,True,0.037196,1.111985,-0.002121,0.058648,0.013263,0.021323,-0.997963
20.986,True,-0.029386,1.113197,-0.003642,0.058487,-0.002823,0.022891,-0.998022,True,0.037210,1.111978,-0.002153,0.058861,0.013282,0.021227,-0.997952
20.997,True,-0.029393,1.113177,-0.003676,0.058300,-0.002935,0.022824,-0.998034,True,0.037204,1.111967,-0.002198,0.058674,0.013169,0.021159,-0.997966
21.008,True,-0.029406,1.113170,-0.003709,0.058122,-0.003056,0.022716,-0.998046,True,0.037191,1.111973,-0.002245,0.058494,0.013049,0.021054,-0.997981
21.019,True,-0.029412,1.113120,-0.003768,0.058232,-0.003477,0.022486,-0.998044,True,0.037185,1.111959,-0.002307,0.058599,0.012628,0.020825,-0.997985
21.031,True,-0.029433,1.112990,-0.003826,0.058171,-0.003348,0.021919,-0.998060,True,0.037166,1.111902,-0.002368,0.058529,0.012758,0.020261,-0.997999
21.041,True,-0.029446,1.112805,-0.003894,0.057758,-0.003273,0.020920,-0.998106,True,0.037155,1.111850,-0.002427,0.058100,0.012834,0.019270,-0.998042
21.053,True,-0.029453,1.112637,-0.003958,0.057030,-0.003167,0.019672,-0.998174,True,0.037150,1.111845,-0.002498,0.057352,0.012942,0.018033,-0.998107
21.064,True,-0.029448,1.112456,-0.004030,0.056110,-0.003193,0.018247,-0.998253,True,0.037157,1.111851,-0.002575,0.056409,0.012917,0.016622,-0.998186
21.075,True,-0.029464,1.112356,-0.004074,0.055555,-0.003200,0.017528,-0.998297,True,0.037142,1.111846,-0.002618,0.055842,0.012912,0.015913,-0.998229
21.086,True,-0.029526,1.112333,-0.004121,0.055037,-0.003282,0.017655,-0.998323,True,0.037080,1.111804,-0.002671,0.055326,0.012831,0.016048,-0.998257
21.097,True,-0.029572,1.112321,-0.004152,0.054352,-0.002884,0.017841,-0.998358,True,0.037034,1.111757,-0.002721,0.054645,0.013228,0.016243,-0.998286
21.108,True,-0.029665,1.112337,-0.004162,0.054292,-0.003230,0.018354,-0.998351,True,0.036941,1.111708,-0.002737,0.054593,0.012883,0.016758,-0.998285
21.119,True,-0.029723,1.112342,-0.004185,0.054169,-0.003058,0.018607,-0.998354,True,0.036883,1.111677,-0.002760,0.054474,0.013055,0.017012,-0.998285
21.130,True,-0.029788,1.112332,-0.004204,0.054037,-0.002861,0.018739,-0.998359,True,0.036817,1.111648,-0.002764,0.054345,0.013252,0.017146,-0.998287
21.141,True,-0.029874,1.112298,-0.004214,0.054007,-0.002484,0.018878,-0.998359,True,0.036730,1.111596,-0.002737,0.054318,0.013629,0.017286,-0.998281
21.153,True,-0.029949,1.112246,-0.004250,0.054052,-0.002086,0.019033,-0.998355,True,0.036653,1.111524,-0.002732,0.054365,0.014027,0.017442,-0.998270
21.164,True,-0.030008,1.112197,-0.004283,0.054332,-0.001593,0.019268,-0.998336,True,0.036593,1.111444,-0.002714,0.054650,0.014521,0.017678,-0.998244
21.175,True,-0.030057,1.112150,-0.004292,0.054409,-0.001350,0.019469,-0.998328,True,0.036543,1.111370,-0.002701,0.054730,0.014764,0.017880,-0.998232
21.186,True,-0.030098,1.112128,-0.004314,0.054523,-0.001077,0.019819,-0.998315,True,0.036501,1.111302,-0.002692,0.054850,0.015037,0.018231,-0.998215
21.197,True,-0.030133,1.112095,-0.004334,0.054566,-0.000939,0.020087,-0.998308,True,0.036465,1.111234,-0.002696,0.054897,0.015175,0.018499,-0.998205
21.208,True,-0.030162,1.112070,-0.004347,0.054549,-0.000882,0.020394,-0.998302,True,0.036435,1.111167,-0.002702,0.054886,0.015232,0.018808,-0.998199
21.219,True,-0.030195,1.112055,-0.004355,0.054462,-0.000984,0.020586,-0.998303,True,0.036402,1.111125,-0.002717,0.054802,0.015131,0.019004,-0.998202
21.230,True,-0.030223,1.112043,-0.004375,0.054412,-0.001006,0.020680,-0.998304,True,0.036374,1.111099,-0.002745,0.054753,0.015109,0.019100,-0.998203
21.241,True,-0.030239,1.112040,-0.004395,0.054401,-0.001073,0.020756,-0.998303,True,0.036358,1.111086,-0.002774,0.054744,0.015042,0.019177,-0.998203
21.252,True,-0.030250,1.112069,-0.004413,0.054383,-0.001347,0.020916,-0.998300,True,0.036348,1.111093,-0.002813,0.054728,0.014769,0.019339,-0.998205
21.263,True,-0.030256,1.112078,-0.004435,0.054306,-0.001626,0.020839,-0.998306,True,0.036342,1.111112,-0.002859,0.054649,0.014490,0.019263,-0.998215
21.275,True,-0.030256,1.112097,-0.004447,0.054226,-0.001918,0.020772,-0.998311,True,0.036343,1.111140,-0.002901,0.054568,0.014198,0.019196,-0.998225
21.286,True,-0.030260,1.112104,-0.004477,0.054163,-0.002102,0.020562,-0.998318,True,0.036340,1.111172,-0.002957,0.054501,0.014014,0.018987,-0.998235
21.297,True,-0.030271,1.112118,-0.004507,0.054116,-0.002487,0.020397,-0.998323,True,0.036330,1.111211,-0.003008,0.054451,0.013629,0.018821,-0.998246
21.308,True,-0.030268,1.112150,-0.004526,0.054284,-0.002665,0.020345,-0.998315,True,0.036333,1.111253,-0.003027,0.054617,0.013451,0.018767,-0.998240
21.319,True,-0.030276,1.112211,-0.004560,0.054645,-0.002756,0.020377,-0.998294,True,0.036325,1.111311,-0.003066,0.054979,0.013360,0.018794,-0.998221
21.330,True,-0.030281,1.112284,-0.004587,0.055161,-0.002756,0.020374,-0.998266,True,0.036320,1.111383,-0.003109,0.055495,0.013360,0.018784,-0.998193
21.341,True,-0.030265,1.112347,-0.004614,0.055591,-0.002761,0.020354,-0.998242,True,0.036336,1.111450,-0.003138,0.055925,0.013354,0.018758,-0.998169
21.352,True,-0.030264,1.112411,-0.004659,0.055819,-0.002753,0.020333,-0.998230,True,0.036338,1.111517,-0.003191,0.056152,0.013361,0.018732,-0.998157
21.364,True,-0.030269,1.112483,-0.004715,0.055780,-0.002703,0.020249,-0.998234,True,0.036333,1.111598,-0.003254,0.056112,0.013410,0.018646,-0.998160
21.375,True,-0.030276,1.112558,-0.004786,0.055895,-0.002604,0.020265,-0.998228,True,0.036326,1.111672,-0.003319,0.056227,0.013509,0.018658,-0.998152
21.386,True,-0.030274,1.112665,-0.004853,0.056003,-0.002639,0.020456,-0.998218,True,0.036327,1.111754,-0.003388,0.056339,0.013473,0.018846,-0.998143
21.397,True,-0.030260,1.112764,-0.004922,0.056350,-0.002834,0.020603,-0.998195,True,0.036341,1.111838,-0.003452,0.056687,0.013278,0.018988,-0.998123
21.409,True,-0.030260,1.112886,-0.004977,0.056964,-0.003204,0.020856,-0.998153,True,0.036341,1.111931,-0.003516,0.057305,0.012908,0.019234,-0.998088
21.419,True,-0.030253,1.112992,-0.005032,0.057298,-0.003595,0.021173,-0.998126,True,0.036347,1.112000,-0.003577,0.057644,0.012517,0.019544,-0.998067
21.430,True,-0.030242,1.113083,-0.005091,0.057663,-0.003992,0.021419,-0.998098,True,0.036358,1.112065,-0.003641,0.058012,0.012119,0.019783,-0.998046
21.441,True,-0.030231,1.113147,-0.005135,0.058158,-0.004648,0.021665,-0.998062,True,0.036369,1.112105,-0.003692,0.058509,0.011463,0.020022,-0.998020
21.452,True,-0.030220,1.113220,-0.005197,0.058564,-0.005038,0.021974,-0.998029,True,0.036379,1.112141,-0.003764,0.058919,0.011073,0.020326,-0.997994
21.463,True,-0.030199,1.113272,-0.005273,0.058771,-0.005464,0.022124,-0.998011,True,0.036401,1.112179,-0.003845,0.059128,0.010647,0.020471,-0.997984
21.475,True,-0.030201,1.113310,-0.005328,0.059000,-0.005656,0.022302,-0.997993,True,0.036399,1.112192,-0.003926,0.059360,0.010454,0.020645,-0.997968
21.486,True,-0.030192,1.113348,-0.005387,0.059165,-0.006196,0.022447,-0.997977,True,0.036408,1.112214,-0.004017,0.059526,0.009914,0.020787,-0.997961
21.497,True,-0.030197,1.113404,-0.005448,0.059335,-0.007424,0.022646,-0.997954,True,0.036403,1.112256,-0.004108,0.059697,0.008686,0.020982,-0.997958
21.508,True,-0.030209,1.113468,-0.005490,0.059686,-0.007960,0.022824,-0.997925,True,0.036392,1.112301,-0.004172,0.060050,0.008150,0.021156,-0.997938
21.519,True,-0.030201,1.113542,-0.005561,0.059951,-0.008493,0.022934,-0.997902,True,0.036400,1.112363,-0.004269,0.060316,0.007618,0.021263,-0.997924
21.530,True,-0.030202,1.113585,-0.005622,0.060147,-0.008977,0.023000,-0.997884,True,0.036399,1.112400,-0.004362,0.060512,0.007133,0.021326,-0.997914
21.541,True,-0.030188,1.113626,-0.005685,0.060191,-0.009646,0.023124,-0.997872,True,0.036414,1.112432,-0.004445,0.060557,0.006464,0.021447,-0.997913
21.552,True,-0.030185,1.113646,-0.005764,0.060255,-0.010104,0.023118,-0.997864,True,0.036417,1.112455,-0.004548,0.060620,0.006006,0.021440,-0.997913
21.564,True,-0.030199,1.113660,-0.005838,0.060252,-0.010510,0.023138,-0.997860,True,0.036404,1.112467,-0.004653,0.060617,0.005600,0.021459,-0.997915
21.575,True,-0.030197,1.113652,-0.005881,0.060103,-0.010608,0.023147,-0.997867,True,0.036405,1.112458,-0.004705,0.060468,0.005502,0.021468,-0.997924
21.586,True,-0.030213,1.113645,-0.005969,0.059970,-0.011176,0.023143,-0.997869,True,0.036390,1.112456,-0.004812,0.060334,0.004934,0.021466,-0.997935
21.597,True,-0.030234,1.113624,-0.006063,0.060137,-0.011812,0.023148,-0.997852,True,0.036369,1.112441,-0.004916,0.060500,0.004299,0.021472,-0.997928
21.608,True,-0.030278,1.113590,-0.006177,0.060090,-0.012142,0.023070,-0.997853,True,0.036326,1.112420,-0.005038,0.060451,0.003970,0.021395,-0.997934
21.619,True,-0.030316,1.113574,-0.006280,0.060066,-0.012409,0.023057,-0.997851,True,0.036288,1.112408,-0.005149,0.060426,0.003703,0.021382,-0.997937
21.631,True,-0.030354,1.113560,-0.006380,0.059960,-0.012835,0.023021,-0.997853,True,0.036250,1.112405,-0.005248,0.060319,0.003277,0.021349,-0.997945
21.642,True,-0.030391,1.113522,-0.006446,0.059942,-0.012858,0.022819,-0.997858,True,0.036213,1.112394,-0.005307,0.060298,0.003254,0.021148,-0.997951
21.653,True,-0.030434,1.113458,-0.006575,0.059693,-0.012835,0.022675,-0.997877,True,0.036171,1.112351,-0.005425,0.060046,0.003278,0.021007,-0.997969
21.664,True,-0.030483,1.113404,-0.006693,0.059148,-0.011491,0.022468,-0.997930,True,0.036122,1.112308,-0.005533,0.059500,0.004620,0.020800,-0.998001
21.675,True,-0.030556,1.113379,-0.006768,0.059117,-0.010998,0.022280,-0.997942,True,0.036048,1.112304,-0.005592,0.059468,0.005113,0.020613,-0.998004
21.686,True,-0.030602,1.113355,-0.006891,0.058975,-0.010253,0.021999,-0.997964,True,0.036002,1.112312,-0.005691,0.059322,0.005857,0.020331,-0.998015
21.697,True,-0.030676,1.113310,-0.007006,0.059889,-0.008720,0.021605,-0.997933,True,0.035929,1.112300,-0.005788,0.060232,0.007391,0.019936,-0.997958
21.708,True,-0.030715,1.113231,-0.007040,0.060872,-0.008313,0.021144,-0.997887,True,0.035891,1.112281,-0.005799,0.061209,0.007799,0.019472,-0.997905
21.719,True,-0.030748,1.113243,-0.007179,0.061418,-0.007304,0.020715,-0.997870,True,0.035857,1.112345,-0.005893,0.061749,0.008809,0.019041,-0.997871
21.731,True,-0.030790,1.113272,-0.007297,0.062163,-0.006504,0.020453,-0.997835,True,0.035815,1.112402,-0.005981,0.062491,0.009609,0.018777,-0.997823
21.741,True,-0.030811,1.113334,-0.007359,0.062867,-0.006087,0.020567,-0.997791,True,0.035794,1.112448,-0.006013,0.063197,0.010027,0.018888,-0.997772
21.753,True,-0.030824,1.113387,-0.007472,0.062995,-0.005782,0.020780,-0.997781,True,0.035779,1.112472,-0.006108,0.063329,0.010331,0.019098,-0.997757
21.764,True,-0.030830,1.113452,-0.007578,0.062725,-0.006097,0.021102,-0.997789,True,0.035773,1.112500,-0.006210,0.063064,0.010015,0.019418,-0.997770
21.775,True,-0.030852,1.113507,-0.007617,0.063259,-0.005888,0.021277,-0.997753,True,0.035751,1.112527,-0.006254,0.063601,0.010226,0.019594,-0.997731
21.786,True,-0.030831,1.113517,-0.007724,0.063414,-0.008198,0.021396,-0.997724,True,0.035772,1.112552,-0.006367,0.063753,0.007918,0.019713,-0.997740
21.797,True,-0.030801,1.113481,-0.007830,0.064141,-0.007521,0.021002,-0.997692,True,0.035803,1.112558,-0.006481,0.064476,0.008595,0.019315,-0.997695
21.808,True,-0.030799,1.113459,-0.007860,0.064088,-0.007509,0.020861,-0.997698,True,0.035805,1.112556,-0.006507,0.064420,0.008607,0.019174,-0.997702
21.819,True,-0.030774,1.113453,-0.007956,0.063938,-0.007374,0.020771,-0.997711,True,0.035830,1.112562,-0.006594,0.064269,0.008741,0.019083,-0.997712
21.830,True,-0.030754,1.113452,-0.008033,0.064062,-0.007362,0.020809,-0.997702,True,0.035850,1.112555,-0.006674,0.064393,0.008753,0.019120,-0.997703
21.841,True,-0.030736,1.113461,-0.008048,0.064092,-0.007379,0.020881,-0.997698,True,0.035868,1.112554,-0.006690,0.064425,0.008736,0.019192,-0.997700
21.853,True,-0.030680,1.113433,-0.008134,0.064126,-0.007207,0.020744,-0.997700,True,0.035924,1.112543,-0.006777,0.064457,0.008908,0.019054,-0.997699
21.864,True,-0.030625,1.113438,-0.008210,0.064131,-0.007058,0.020713,-0.997702,True,0.035979,1.112551,-0.006849,0.064461,0.009056,0.019022,-0.997698
21.875,True,-0.030593,1.113422,-0.008280,0.064401,-0.007315,0.020534,-0.997686,True,0.036011,1.112561,-0.006923,0.064728,0.008800,0.018843,-0.997686
21.886,True,-0.030547,1.113473,-0.008279,0.064064,-0.006662,0.020492,-0.997713,True,0.036057,1.112615,-0.006892,0.064392,0.009451,0.018797,-0.997703
21.897,True,-0.030503,1.113543,-0.008333,0.064323,-0.006585,0.020595,-0.997695,True,0.036100,1.112676,-0.006922,0.064652,0.009528,0.018897,-0.997684
21.908,True,-0.030478,1.113616,-0.008315,0.064608,-0.009754,0.021023,-0.997642,True,0.036125,1.112739,-0.006886,0.064937,0.006361,0.019323,-0.997682
21.919,True,-0.030418,1.113686,-0.008361,0.064738,-0.009540,0.021156,-0.997632,True,0.036184,1.112793,-0.006906,0.065070,0.006575,0.019454,-0.997669
21.930,True,-0.030361,1.113690,-0.008382,0.064831,-0.011650,0.021427,-0.997598,True,0.036240,1.112792,-0.006918,0.065163,0.004466,0.019723,-0.997670
21.942,True,-0.030312,1.113672,-0.008319,0.064650,-0.014129,0.021665,-0.997573,True,0.036289,1.112781,-0.006840,0.064981,0.001985,0.019962,-0.997685
21.953,True,-0.030231,1.113660,-0.008326,0.064436,-0.015538,0.021798,-0.997563,True,0.036370,1.112775,-0.006827,0.064766,0.000575,0.020094,-0.997698
21.964,True,-0.030160,1.113619,-0.008310,0.064652,-0.017886,0.021980,-0.997505,True,0.036441,1.112746,-0.006796,0.064981,-0.001774,0.020275,-0.997679
21.975,True,-0.030111,1.113594,-0.008237,0.064928,-0.018382,0.022248,-0.997473,True,0.036489,1.112697,-0.006692,0.065260,-0.002271,0.020542,-0.997654
21.986,True,-0.030050,1.113591,-0.008203,0.064364,-0.018940,0.022621,-0.997490,True,0.036549,1.112657,-0.006636,0.064700,-0.002830,0.020917,-0.997682
21.997,True,-0.027317,1.117851,-0.007382,0.063649,-0.020246,0.023207,-0.997497,True,0.036639,1.112572,-0.006583,0.063991,-0.004138,0.021509,-0.997710
22.008,True,-0.027247,1.117808,-0.007264,0.062950,-0.020396,0.023515,-0.997531,True,0.036705,1.112487,-0.006483,0.063297,-0.004287,0.021826,-0.997747
22.019,True,-0.027126,1.117712,-0.007211,0.062253,-0.020969,0.023621,-0.997561,True,0.036826,1.112380,-0.006455,0.062600,-0.004860,0.021941,-0.997786
22.030,True,-0.026984,1.117576,-0.007163,0.061087,-0.021508,0.023585,-0.997622,True,0.036968,1.112247,-0.006444,0.061434,-0.005399,0.021918,-0.997856
22.042,True,-0.026836,1.117445,-0.007091,0.059964,-0.021860,0.023547,-0.997683,True,0.037117,1.112118,-0.006405,0.060309,-0.005751,0.021896,-0.997923
22.053,True,-0.026692,1.117324,-0.007052,0.058905,-0.022250,0.023744,-0.997733,True,0.037258,1.111969,-0.006405,0.059253,-0.006139,0.022107,-0.997979
22.064,True,-0.026551,1.117213,-0.007014,0.057866,-0.022398,0.023947,-0.997786,True,0.037398,1.111824,-0.006408,0.058217,-0.006287,0.022322,-0.998035
22.075,True,-0.026414,1.117125,-0.006947,0.057092,-0.022576,0.024240,-0.997819,True,0.037531,1.111695,-0.006369,0.057448,-0.006464,0.022624,-0.998071
22.086,True,-0.026285,1.117042,-0.006931,0.056650,-0.022386,0.024502,-0.997842,True,0.037657,1.111571,-0.006376,0.057012,-0.006273,0.022894,-0.998091
22.097,True,-0.026160,1.116942,-0.006914,0.056020,-0.022626,0.024725,-0.997867,True,0.037779,1.111440,-0.006385,0.056384,-0.006513,0.023126,-0.998120
22.108,True,-0.026090,1.116896,-0.006871,0.055734,-0.022430,0.024945,-0.997882,True,0.037847,1.111361,-0.006343,0.056103,-0.006316,0.023353,-0.998132
22.119,True,-0.026009,1.116816,-0.006876,0.055474,-0.022484,0.024986,-0.997894,True,0.037927,1.111274,-0.006362,0.055844,-0.006369,0.023398,-0.998145
22.130,True,-0.025911,1.116737,-0.006894,0.055156,-0.022884,0.025074,-0.997901,True,0.038024,1.111187,-0.006383,0.055526,-0.006769,0.023493,-0.998158
22.141,True,-0.025847,1.116670,-0.006869,0.054754,-0.023299,0.025083,-0.997913,True,0.038088,1.111122,-0.006362,0.055123,-0.007184,0.023509,-0.998177
22.152,True,-0.025738,1.116585,-0.006897,0.054302,-0.023340,0.024999,-0.997939,True,0.038198,1.111046,-0.006403,0.054670,-0.007224,0.023432,-0.998203
22.164,True,-0.025624,1.116504,-0.006935,0.054242,-0.024070,0.025000,-0.997925,True,0.038313,1.110970,-0.006453,0.054609,-0.007953,0.023442,-0.998201
22.175,True,-0.025541,1.116426,-0.006925,0.054012,-0.024444,0.024957,-0.997929,True,0.038397,1.110898,-0.006463,0.054378,-0.008327,0.023405,-0.998211
22.186,True,-0.025424,1.116377,-0.006956,0.053781,-0.024657,0.025065,-0.997934,True,0.038512,1.110834,-0.006507,0.054149,-0.008539,0.023521,-0.998219
22.197,True,-0.025330,1.116334,-0.006986,0.053737,-0.024943,0.025126,-0.997927,True,0.038606,1.110783,-0.006558,0.054105,-0.008825,0.023585,-0.998218
22.208,True,-0.025255,1.116340,-0.006985,0.053984,-0.025288,0.025144,-0.997905,True,0.038680,1.110788,-0.006577,0.054352,-0.009169,0.023605,-0.998201
22.219,True,-0.025159,1.116347,-0.007027,0.054050,-0.025379,0.025226,-0.997897,True,0.038777,1.110785,-0.006618,0.054420,-0.009260,0.023687,-0.998194
22.230,True,-0.025076,1.116382,-0.007065,0.054281,-0.025468,0.025384,-0.997878,True,0.038857,1.110801,-0.006651,0.054653,-0.009349,0.023844,-0.998177
22.241,True,-0.025034,1.116405,-0.007055,0.054710,-0.025325,0.025479,-0.997856,True,0.038898,1.110810,-0.006643,0.055084,-0.009205,0.023939,-0.998152
22.252,True,-0.024970,1.116440,-0.007104,0.055011,-0.025260,0.025630,-0.997837,True,0.038960,1.110826,-0.006686,0.055388,-0.009140,0.024087,-0.998133
22.264,True,-0.024896,1.116477,-0.007149,0.055239,-0.025258,0.025848,-0.997819,True,0.039032,1.110835,-0.006728,0.055620,-0.009137,0.024303,-0.998114
22.275,True,-0.024853,1.116519,-0.007170,0.055599,-0.025229,0.026047,-0.997794,True,0.039073,1.110849,-0.006762,0.055983,-0.009108,0.024501,-0.998090
22.286,True,-0.024791,1.116535,-0.007204,0.056047,-0.025276,0.026112,-0.997767,True,0.039134,1.110855,-0.006813,0.056432,-0.009155,0.024563,-0.998062
22.297,True,-0.024738,1.116566,-0.007228,0.056441,-0.025226,0.026068,-0.997747,True,0.039187,1.110889,-0.006852,0.056826,-0.009105,0.024515,-0.998042
22.308,True,-0.024707,1.116626,-0.007239,0.057226,-0.023243,0.025681,-0.997760,True,0.039220,1.110974,-0.006869,0.057608,-0.007118,0.024120,-0.998023
22.319,True,-0.024660,1.116707,-0.007267,0.057865,-0.021980,0.025555,-0.997755,True,0.039267,1.111057,-0.006896,0.058248,-0.005855,0.023984,-0.997997
22.330,True,-0.024618,1.116803,-0.007298,0.058110,-0.020065,0.025354,-0.997787,True,0.039310,1.111156,-0.006923,0.058493,-0.003939,0.023774,-0.997997
22.341,True,-0.024606,1.116929,-0.007294,0.058322,-0.019416,0.025325,-0.997788,True,0.039322,1.111278,-0.006929,0.058706,-0.003291,0.023737,-0.997988
22.352,True,-0.024557,1.117017,-0.007314,0.058385,-0.019049,0.025310,-0.997791,True,0.039370,1.111364,-0.006952,0.058770,-0.002925,0.023715,-0.997986
22.364,True,-0.024510,1.117064,-0.007327,0.058734,-0.018836,0.025261,-0.997776,True,0.039418,1.111413,-0.006976,0.059118,-0.002713,0.023658,-0.997967
22.375,True,-0.024491,1.117114,-0.007298,0.059549,-0.018352,0.025104,-0.997741,True,0.039438,1.111475,-0.006965,0.059932,-0.002228,0.023494,-0.997924
22.386,True,-0.024424,1.117221,-0.007324,0.060293,-0.018403,0.025033,-0.997697,True,0.039505,1.111593,-0.006990,0.060674,-0.002280,0.023416,-0.997880
22.397,True,-0.024380,1.117376,-0.007340,0.060877,-0.018273,0.025172,-0.997661,True,0.039548,1.111726,-0.007017,0.061261,-0.002150,0.023549,-0.997842
22.408,True,-0.024368,1.117542,-0.007339,0.061588,-0.018138,0.025534,-0.997610,True,0.039556,1.111843,-0.007021,0.061979,-0.002015,0.023905,-0.997789
22.419,True,-0.024334,1.117688,-0.007359,0.061842,-0.018424,0.026002,-0.997577,True,0.039584,1.111931,-0.007051,0.062239,-0.002301,0.024369,-0.997761
22.430,True,-0.024292,1.117805,-0.007375,0.061393,-0.018508,0.026315,-0.997595,True,0.039623,1.112006,-0.007089,0.061795,-0.002387,0.024681,-0.997781
22.441,True,-0.024243,1.117850,-0.007360,0.061003,-0.018750,0.026350,-0.997614,True,0.039671,1.112044,-0.007112,0.061406,-0.002629,0.024717,-0.997803
22.452,True,-0.024176,1.117821,-0.007379,0.060604,-0.019083,0.026137,-0.997637,True,0.039741,1.112040,-0.007175,0.061003,-0.002962,0.024506,-0.997832
22.464,True,-0.024112,1.117776,-0.007410,0.060382,-0.018760,0.025910,-0.997663,True,0.039807,1.112015,-0.007237,0.060778,-0.002640,0.024279,-0.997853
22.475,True,-0.024078,1.117722,-0.007433,0.060122,-0.018476,0.025809,-0.997686,True,0.039841,1.111966,-0.007280,0.060518,-0.002355,0.024182,-0.997871
22.486,True,-0.024056,1.117661,-0.007465,0.060031,-0.018778,0.025912,-0.997683,True,0.039862,1.111894,-0.007327,0.060428,-0.002657,0.024287,-0.997874
22.497,True,-0.024047,1.117613,-0.007494,0.059328,-0.017648,0.025955,-0.997745,True,0.039711,1.111465,-0.007381,0.059727,-0.001528,0.024331,-0.997917
22.508,True,-0.024055,1.117567,-0.007500,0.059088,-0.017629,0.026009,-0.997758,True,0.039702,1.111412,-0.007392,0.059489,-0.001509,0.024385,-0.997930
22.519,True,-0.024078,1.117519,-0.007527,0.058818,-0.017518,0.026019,-0.997776,True,0.039679,1.111363,-0.007407,0.059219,-0.001399,0.024397,-0.997946
22.531,True,-0.024107,1.117504,-0.007552,0.058525,-0.017498,0.026272,-0.997787,True,0.039647,1.111319,-0.007410,0.058930,-0.001379,0.024652,-0.997957
22.542,True,-0.024172,1.117482,-0.007576,0.058270,-0.017314,0.026414,-0.997801,True,0.039580,1.111280,-0.007412,0.058678,-0.001194,0.024796,-0.997968
22.553,True,-0.024237,1.117470,-0.007605,0.057907,-0.017264,0.026575,-0.997819,True,0.039514,1.111251,-0.007417,0.058317,-0.001145,0.024960,-0.997985
22.564,True,-0.024313,1.117468,-0.007630,0.057429,-0.017199,0.026684,-0.997845,True,0.039437,1.111237,-0.007425,0.057841,-0.001079,0.025075,-0.998010
22.575,True,-0.024385,1.117454,-0.007672,0.057198,-0.016986,0.026762,-0.997860,True,0.039363,1.111213,-0.007444,0.057611,-0.000866,0.025157,-0.998022
22.586,True,-0.024492,1.117420,-0.007704,0.056843,-0.016710,0.026757,-0.997885,True,0.039256,1.111179,-0.007458,0.057256,-0.000590,0.025155,-0.998042
22.597,True,-0.024593,1.117360,-0.007730,0.056475,-0.016632,0.026740,-0.997907,True,0.039155,1.111121,-0.007477,0.056888,-0.000511,0.025144,-0.998064
22.608,True,-0.024703,1.117292,-0.007751,0.056139,-0.016501,0.026601,-0.997932,True,0.039047,1.111070,-0.007491,0.056549,-0.000380,0.025008,-0.998087
22.619,True,-0.024807,1.117219,-0.007788,0.055703,-0.016561,0.026424,-0.997960,True,0.038946,1.111021,-0.007522,0.056111,-0.000440,0.024837,-0.998116
22.630,True,-0.024894,1.117149,-0.007809,0.055416,-0.016781,0.026412,-0.997973,True,0.038858,1.110955,-0.007545,0.055823,-0.000659,0.024829,-0.998132
22.642,True,-0.025002,1.117061,-0.007831,0.055166,-0.017133,0.026397,-0.997981,True,0.038751,1.110871,-0.007581,0.055572,-0.001011,0.024818,-0.998146
22.653,True,-0.025095,1.116998,-0.007848,0.054910,-0.017344,0.026380,-0.997992,True,0.038659,1.110810,-0.007617,0.055316,-0.001222,0.024805,-0.998160
22.664,True,-0.025175,1.116953,-0.007865,0.054753,-0.017753,0.026262,-0.997997,True,0.038580,1.110782,-0.007654,0.055156,-0.001631,0.024689,-0.998171
22.675,True,-0.025229,1.116941,-0.007888,0.054600,-0.018191,0.026118,-0.998001,True,0.038529,1.110790,-0.007701,0.055000,-0.002069,0.024547,-0.998183
22.686,True,-0.025305,1.116943,-0.007893,0.054700,-0.018306,0.025872,-0.998000,True,0.038455,1.110820,-0.007739,0.055096,-0.002184,0.024299,-0.998183
22.697,True,-0.025378,1.116966,-0.007902,0.054568,-0.018394,0.025742,-0.998009,True,0.038383,1.110858,-0.007770,0.054962,-0.002273,0.024166,-0.998193
22.708,True,-0.025419,1.116993,-0.007922,0.054500,-0.018406,0.025627,-0.998015,True,0.038344,1.110900,-0.007797,0.054892,-0.002285,0.024051,-0.998200
22.719,True,-0.025482,1.117009,-0.007940,0.054593,-0.018437,0.025512,-0.998012,True,0.038282,1.110929,-0.007824,0.054983,-0.002317,0.023933,-0.998198
22.731,True,-0.025562,1.117027,-0.007964,0.054897,-0.018448,0.025420,-0.997998,True,0.038203,1.110959,-0.007853,0.055286,-0.002328,0.023837,-0.998183
22.742,True,-0.025638,1.117068,-0.007988,0.054894,-0.018529,0.025436,-0.997996,True,0.038128,1.110997,-0.007887,0.055283,-0.002409,0.023853,-0.998183
22.753,True,-0.028463,1.112590,-0.009003,0.055131,-0.018847,0.025462,-0.997977,True,0.038059,1.111030,-0.007918,0.055520,-0.002726,0.023879,-0.998168
22.764,True,-0.028545,1.112616,-0.009065,0.055283,-0.018645,0.025405,-0.997973,True,0.037977,1.111063,-0.007970,0.055671,-0.002524,0.023820,-0.998162
22.775,True,-0.028614,1.112640,-0.009114,0.055241,-0.018537,0.025432,-0.997977,True,0.037908,1.111082,-0.008016,0.055630,-0.002416,0.023847,-0.998164
22.786,True,-0.028725,1.112648,-0.009175,0.055359,-0.018545,0.025451,-0.997970,True,0.037796,1.111090,-0.008065,0.055749,-0.002425,0.023864,-0.998157
22.797,True,-0.028828,1.112677,-0.009212,0.055280,-0.018357,0.025533,-0.997976,True,0.037693,1.111109,-0.008086,0.055671,-0.002237,0.023945,-0.998160
22.808,True,-0.028918,1.112682,-0.009276,0.055456,-0.018217,0.025602,-0.997967,True,0.037602,1.111107,-0.008131,0.055848,-0.002098,0.024011,-0.998148
22.819,True,-0.029019,1.112719,-0.009310,0.055411,-0.018136,0.025709,-0.997968,True,0.037501,1.111131,-0.008146,0.055805,-0.002016,0.024116,-0.998148
22.830,True,-0.029114,1.112751,-0.009342,0.055572,-0.017859,0.025727,-0.997963,True,0.037405,1.111161,-0.008162,0.055966,-0.001740,0.024131,-0.998140
22.841,True,-0.029206,1.112783,-0.009385,0.055887,-0.017889,0.025692,-0.997946,True,0.037313,1.111200,-0.008199,0.056280,-0.001771,0.024092,-0.998123
22.853,True,-0.029278,1.112841,-0.009412,0.056422,-0.017644,0.025765,-0.997919,True,0.037241,1.111247,-0.008212,0.056818,-0.001525,0.024162,-0.998091
22.864,True,-0.029370,1.112883,-0.009441,0.056632,-0.017653,0.025815,-0.997905,True,0.037149,1.111286,-0.008236,0.057028,-0.001535,0.024207,-0.998078
22.875,True,-0.029482,1.112924,-0.009495,0.057090,-0.017702,0.025773,-0.997879,True,0.037037,1.111333,-0.008293,0.057485,-0.001584,0.024161,-0.998053
22.886,True,-0.029549,1.112941,-0.009522,0.057552,-0.017933,0.025654,-0.997852,True,0.036971,1.111368,-0.008327,0.057945,-0.001814,0.024039,-0.998029
22.897,True,-0.029611,1.112958,-0.009557,0.057721,-0.017916,0.025514,-0.997846,True,0.036909,1.111404,-0.008370,0.058112,-0.001797,0.023895,-0.998023
22.909,True,-0.029696,1.112916,-0.009612,0.057973,-0.017985,0.025126,-0.997840,True,0.036826,1.111412,-0.008445,0.058357,-0.001867,0.023505,-0.998017
22.919,True,-0.029771,1.112914,-0.009645,0.058345,-0.017994,0.024882,-0.997824,True,0.036751,1.111443,-0.008484,0.058725,-0.001875,0.023257,-0.998002
22.931,True,-0.029856,1.112945,-0.009683,0.058883,-0.017970,0.024661,-0.997798,True,0.036667,1.111503,-0.008520,0.059260,-0.001851,0.023034,-0.997975
22.942,True,-0.029929,1.112967,-0.009753,0.059033,-0.018025,0.024307,-0.997797,True,0.036595,1.111574,-0.008592,0.059404,-0.001906,0.022678,-0.997975
22.953,True,-0.030001,1.112968,-0.009793,0.059291,-0.018072,0.023965,-0.997789,True,0.036525,1.111623,-0.008630,0.059657,-0.001953,0.022333,-0.997967
22.964,True,-0.030060,1.112916,-0.009832,0.059650,-0.017984,0.023480,-0.997781,True,0.036466,1.111637,-0.008664,0.060008,-0.001865,0.021844,-0.997957
22.975,True,-0.030125,1.112899,-0.009885,0.059924,-0.017957,0.023256,-0.997771,True,0.036402,1.111651,-0.008709,0.060278,-0.001839,0.021616,-0.997946
22.986,True,-0.030183,1.112944,-0.009913,0.060076,-0.017964,0.023053,-0.997766,True,0.036344,1.111724,-0.008732,0.060426,-0.001845,0.021413,-0.997941
22.997,True,-0.030243,1.113012,-0.009986,0.060197,-0.018024,0.022909,-0.997761,True,0.036284,1.111820,-0.008770,0.060545,-0.001906,0.021265,-0.997937
23.008,True,-0.030282,1.113028,-0.009990,0.060337,-0.018391,0.023083,-0.997742,True,0.036245,1.111817,-0.008778,0.060687,-0.002273,0.021437,-0.997924
23.019,True,-0.030392,1.113152,-0.010060,0.060660,-0.018470,0.023363,-0.997714,True,0.036134,1.111910,-0.008827,0.061014,-0.002353,0.021711,-0.997898
23.031,True,-0.030447,1.113231,-0.010086,0.060605,-0.018517,0.023500,-0.997713,True,0.036079,1.111972,-0.008851,0.060961,-0.002401,0.021847,-0.997898
23.042,True,-0.030486,1.113241,-0.010151,0.060597,-0.018491,0.023454,-0.997715,True,0.036040,1.111990,-0.008903,0.060952,-0.002374,0.021801,-0.997900
23.053,True,-0.030523,1.113235,-0.010198,0.060611,-0.018508,0.023294,-0.997718,True,0.036003,1.112007,-0.008941,0.060964,-0.002392,0.021642,-0.997903
23.064,True,-0.030538,1.113208,-0.010244,0.060582,-0.018260,0.023127,-0.997728,True,0.035987,1.112001,-0.008972,0.060932,-0.002143,0.021476,-0.997909
23.075,True,-0.030567,1.113164,-0.010313,0.060471,-0.018152,0.023077,-0.997738,True,0.035959,1.111966,-0.009018,0.060820,-0.002035,0.021427,-0.997917
23.086,True,-0.030579,1.113143,-0.010348,0.060495,-0.018174,0.023289,-0.997731,True,0.035946,1.111919,-0.009039,0.060847,-0.002057,0.021639,-0.997910
23.097,True,-0.030598,1.113104,-0.010393,0.060514,-0.018126,0.023460,-0.997727,True,0.035926,1.111857,-0.009073,0.060870,-0.002009,0.021812,-0.997905
23.108,True,-0.030624,1.113026,-0.010457,0.060540,-0.017827,0.023652,-0.997726,True,0.035900,1.111750,-0.009127,0.060899,-0.001709,0.022006,-0.997900
23.119,True,-0.030637,1.112974,-0.010490,0.060448,-0.017804,0.023667,-0.997732,True,0.035886,1.111694,-0.009168,0.060808,-0.001686,0.022023,-0.997905
23.130,True,-0.030642,1.112952,-0.010525,0.060443,-0.017822,0.023666,-0.997732,True,0.035882,1.111673,-0.009198,0.060802,-0.001703,0.022023,-0.997905
23.142,True,-0.030660,1.112931,-0.010561,0.060521,-0.017956,0.023610,-0.997726,True,0.035863,1.111660,-0.009239,0.060879,-0.001837,0.021967,-0.997902
23.153,True,-0.030672,1.112923,-0.010594,0.060547,-0.017947,0.023512,-0.997727,True,0.035852,1.111666,-0.009271,0.060904,-0.001828,0.021868,-0.997902
23.164,True,-0.030674,1.112947,-0.010635,0.060490,-0.017829,0.023427,-0.997735,True,0.035850,1.111703,-0.009295,0.060845,-0.001711,0.021783,-0.997908
23.175,True,-0.030703,1.112979,-0.010644,0.060398,-0.017920,0.023452,-0.997738,True,0.035821,1.111731,-0.009314,0.060754,-0.001802,0.021807,-0.997913
23.186,True,-0.030710,1.112972,-0.010662,0.060402,-0.017967,0.023387,-0.997738,True,0.035814,1.111732,-0.009334,0.060757,-0.001848,0.021743,-0.997914
23.197,True,-0.030704,1.112964,-0.010688,0.060553,-0.017998,0.023261,-0.997732,True,0.035821,1.111742,-0.009361,0.060905,-0.001879,0.021617,-0.997908
23.208,True,-0.030691,1.112942,-0.010710,0.060269,-0.018177,0.023102,-0.997749,True,0.035834,1.111741,-0.009394,0.060618,-0.002059,0.021460,-0.997928
23.219,True,-0.030669,1.112932,-0.010736,0.060191,-0.018256,0.022927,-0.997757,True,0.035856,1.111756,-0.009420,0.060537,-0.002138,0.021286,-0.997937
23.230,True,-0.030663,1.112906,-0.010758,0.060254,-0.018364,0.022838,-0.997753,True,0.035863,1.111743,-0.009438,0.060598,-0.002245,0.021197,-0.997935
23.241,True,-0.030661,1.112851,-0.010794,0.060380,-0.018438,0.022876,-0.997743,True,0.035864,1.111685,-0.009469,0.060726,-0.002319,0.021236,-0.997926
23.252,True,-0.030653,1.112831,-0.010814,0.060530,-0.018468,0.022941,-0.997732,True,0.035872,1.111656,-0.009488,0.060876,-0.002349,0.021301,-0.997915
23.264,True,-0.030631,1.112826,-0.010822,0.060638,-0.018428,0.022964,-0.997726,True,0.036377,1.105865,-0.010186,0.060985,-0.002308,0.021326,-0.997908
23.275,True,-0.030599,1.112789,-0.010840,0.060432,-0.018602,0.022847,-0.997737,True,0.036411,1.105846,-0.010207,0.060777,-0.002483,0.021210,-0.997923
23.286,True,-0.030577,1.112782,-0.010847,0.060363,-0.018619,0.022887,-0.997740,True,0.036433,1.105834,-0.010215,0.060708,-0.002499,0.021251,-0.997926
23.297,True,-0.030557,1.112764,-0.010850,0.060584,-0.018543,0.022775,-0.997731,True,0.036454,1.105830,-0.010220,0.060928,-0.002423,0.021137,-0.997915
23.308,True,-0.030539,1.112785,-0.010864,0.060599,-0.018370,0.022961,-0.997729,True,0.036469,1.105827,-0.010213,0.060945,-0.002250,0.021323,-0.997911
23.319,True,-0.030517,1.112792,-0.010857,0.060627,-0.018247,0.023096,-0.997726,True,0.036489,1.105814,-0.010206,0.060976,-0.002128,0.021455,-0.997906
23.330,True,-0.030491,1.112823,-0.010848,0.060685,-0.018323,0.023213,-0.997719,True,0.036513,1.105830,-0.010201,0.061036,-0.002204,0.021572,-0.997900
23.341,True,-0.030461,1.112856,-0.010835,0.060634,-0.018376,0.023337,-0.997718,True,0.036542,1.105846,-0.010198,0.060987,-0.002257,0.021695,-0.997900
23.353,True,-0.030405,1.112894,-0.010804,0.060760,-0.018530,0.023473,-0.997704,True,0.036596,1.105864,-0.010185,0.061115,-0.002411,0.021829,-0.997889
23.364,True,-0.030342,1.112939,-0.010777,0.060703,-0.018526,0.023582,-0.997705,True,0.036657,1.105893,-0.010163,0.061060,-0.002407,0.021939,-0.997890
23.375,True,-0.030311,1.112943,-0.010758,0.060688,-0.018727,0.023662,-0.997701,True,0.036687,1.105887,-0.010160,0.061046,-0.002608,0.022018,-0.997889
23.386,True,-0.030274,1.112969,-0.010719,0.060626,-0.018868,0.023678,-0.997701,True,0.036724,1.105908,-0.010146,0.060984,-0.002750,0.022035,-0.997892
23.397,True,-0.030233,1.112966,-0.010683,0.060719,-0.018963,0.023635,-0.997695,True,0.036765,1.105909,-0.010131,0.061076,-0.002844,0.021990,-0.997887
23.408,True,-0.030205,1.112946,-0.010661,0.060715,-0.018812,0.023584,-0.997699,True,0.036794,1.105892,-0.010125,0.061072,-0.002693,0.021939,-0.997889
23.419,True,-0.030163,1.112917,-0.010623,0.060209,-0.018861,0.023535,-0.997730,True,0.036837,1.105868,-0.010100,0.060565,-0.002744,0.021890,-0.997921
23.430,True,-0.030135,1.112921,-0.010593,0.060435,-0.018938,0.023621,-0.997713,True,0.036864,1.105860,-0.010076,0.060792,-0.002820,0.021976,-0.997905
23.441,True,-0.030126,1.112910,-0.010573,0.060191,-0.018790,0.023685,-0.997729,True,0.036872,1.105838,-0.010061,0.060550,-0.002672,0.022040,-0.997918
23.453,True,-0.030114,1.112897,-0.010521,0.059980,-0.018820,0.023791,-0.997739,True,0.036882,1.105810,-0.010020,0.060341,-0.002703,0.022147,-0.997928
23.464,True,-0.030108,1.112879,-0.010486,0.059835,-0.018810,0.023831,-0.997747,True,0.036888,1.105786,-0.009983,0.060196,-0.002694,0.022187,-0.997936
23.475,True,-0.030158,1.112884,-0.010466,0.059635,-0.018745,0.023922,-0.997758,True,0.036836,1.105780,-0.009954,0.059998,-0.002628,0.022279,-0.997946
23.486,True,-0.030145,1.112840,-0.010408,0.059616,-0.018775,0.023843,-0.997760,True,0.036851,1.105747,-0.009900,0.059977,-0.002659,0.022198,-0.997949
23.497,True,-0.030157,1.112804,-0.010374,0.059674,-0.018686,0.023756,-0.997760,True,0.036839,1.105724,-0.009854,0.060034,-0.002570,0.022110,-0.997948
23.508,True,-0.030169,1.112815,-0.010371,0.059577,-0.018583,0.023728,-0.997769,True,0.036828,1.105739,-0.009835,0.059937,-0.002466,0.022084,-0.997955
23.519,True,-0.030172,1.112819,-0.010331,0.059553,-0.018517,0.023646,-0.997773,True,0.036826,1.105755,-0.009787,0.059911,-0.002401,0.022000,-0.997958
23.531,True,-0.030185,1.112802,-0.010279,0.059448,-0.018629,0.023514,-0.997781,True,0.036815,1.105756,-0.009741,0.059804,-0.002513,0.021870,-0.997967
23.542,True,-0.030181,1.112717,-0.010260,0.059504,-0.018615,0.023325,-0.997782,True,0.036822,1.105698,-0.009711,0.059857,-0.002499,0.021679,-0.997968
23.553,True,-0.030184,1.112719,-0.010208,0.059645,-0.018594,0.023263,-0.997775,True,0.036820,1.105709,-0.009653,0.059997,-0.002478,0.021618,-0.997961
23.564,True,-0.030191,1.112757,-0.010164,0.059422,-0.018556,0.023347,-0.997787,True,0.036812,1.105737,-0.009603,0.059775,-0.002440,0.021704,-0.997973
23.575,True,-0.030218,1.112811,-0.010146,0.059839,-0.018277,0.023668,-0.997760,True,0.036780,1.105745,-0.009577,0.060198,-0.002160,0.022024,-0.997941
23.586,True,-0.030227,1.112830,-0.010080,0.059835,-0.018320,0.023893,-0.997754,True,0.036767,1.105732,-0.009514,0.060197,-0.002203,0.022250,-0.997936
23.597,True,-0.030232,1.112868,-0.010030,0.059590,-0.018435,0.024115,-0.997761,True,0.036759,1.105741,-0.009470,0.059956,-0.002319,0.022473,-0.997945
23.608,True,-0.030255,1.112880,-0.010014,0.059504,-0.018450,0.024154,-0.997765,True,0.036736,1.105746,-0.009465,0.059871,-0.002333,0.022514,-0.997950
23.619,True,-0.030259,1.112874,-0.009979,0.059398,-0.018430,0.024027,-0.997775,True,0.036734,1.105758,-0.009430,0.059762,-0.002313,0.022389,-0.997959
23.631,True,-0.030273,1.112826,-0.009937,0.059337,-0.018279,0.023750,-0.997788,True,0.036723,1.105743,-0.009396,0.059697,-0.002161,0.022114,-0.997969
23.642,True,-0.030301,1.112778,-0.009935,0.059297,-0.018165,0.023601,-0.997796,True,0.036697,1.105714,-0.009385,0.059656,-0.002046,0.021967,-0.997975
23.653,True,-0.030330,1.112716,-0.009905,0.059339,-0.018250,0.023534,-0.997794,True,0.036669,1.105661,-0.009360,0.059696,-0.002131,0.021902,-0.997974
23.664,True,-0.030349,1.112642,-0.009878,0.059418,-0.018143,0.023580,-0.997790,True,0.036649,1.105580,-0.009334,0.059777,-0.002024,0.021950,-0.997968
23.675,True,-0.030390,1.112590,-0.009858,0.059216,-0.018207,0.023593,-0.997800,True,0.036608,1.105523,-0.009331,0.059574,-0.002087,0.021966,-0.997980
23.686,True,-0.030408,1.112520,-0.009834,0.059055,-0.018198,0.023445,-0.997814,True,0.036592,1.105473,-0.009309,0.059412,-0.002078,0.021821,-0.997993
23.697,True,-0.030438,1.112475,-0.009809,0.059226,-0.018134,0.023280,-0.997808,True,0.036564,1.105449,-0.009279,0.059579,-0.002013,0.021657,-0.997987
23.708,True,-0.030482,1.112462,-0.009794,0.059321,-0.018186,0.023236,-0.997803,True,0.036521,1.105445,-0.009253,0.059673,-0.002065,0.021611,-0.997982
23.719,True,-0.030533,1.112472,-0.009764,0.059434,-0.018061,0.023070,-0.997802,True,0.036472,1.105478,-0.009206,0.059784,-0.001941,0.021444,-0.997979
23.731,True,-0.030585,1.112518,-0.009734,0.059519,-0.018057,0.023058,-0.997797,True,0.036421,1.105530,-0.009152,0.059869,-0.001937,0.021431,-0.997974
23.742,True,-0.030644,1.112586,-0.009734,0.060026,-0.018371,0.023073,-0.997761,True,0.036363,1.105607,-0.009116,0.060375,-0.002252,0.021439,-0.997943
23.753,True,-0.030702,1.112668,-0.009710,0.060273,-0.017983,0.023097,-0.997753,True,0.036303,1.105685,-0.009067,0.060622,-0.001864,0.021459,-0.997928
23.764,True,-0.030134,1.114052,-0.009393,0.060648,-0.018002,0.023098,-0.997730,True,0.036257,1.105720,-0.009044,0.060997,-0.001883,0.021454,-0.997906
23.775,True,-0.030163,1.114063,-0.009437,0.060728,-0.017914,0.022944,-0.997730,True,0.036232,1.105754,-0.009063,0.061075,-0.001795,0.021300,-0.997904
23.786,True,-0.030192,1.114064,-0.009456,0.060806,-0.017852,0.022817,-0.997729,True,0.036204,1.105773,-0.009067,0.061151,-0.001733,0.021172,-0.997903
23.797,True,-0.030226,1.114029,-0.009480,0.061009,-0.017580,0.022649,-0.997725,True,0.036174,1.105760,-0.009075,0.061352,-0.001460,0.021004,-0.997894
23.808,True,-0.030262,1.114007,-0.009516,0.061086,-0.017383,0.022739,-0.997722,True,0.036136,1.105727,-0.009090,0.061430,-0.001264,0.021094,-0.997888
23.819,True,-0.030294,1.113996,-0.009540,0.061249,-0.017337,0.022818,-0.997711,True,0.036102,1.105707,-0.009095,0.061595,-0.001217,0.021173,-0.997876
23.830,True,-0.030303,1.114009,-0.009571,0.061708,-0.017161,0.022959,-0.997683,True,0.036091,1.105702,-0.009104,0.062056,-0.001041,0.021313,-0.997845
23.841,True,-0.030312,1.114002,-0.009592,0.061895,-0.017216,0.023040,-0.997668,True,0.036080,1.105684,-0.009131,0.062245,-0.001095,0.021392,-0.997831
23.853,True,-0.030294,1.114007,-0.009611,0.061872,-0.017184,0.022876,-0.997674,True,0.036101,1.105713,-0.009135,0.062218,-0.001064,0.021227,-0.997836
23.864,True,-0.030292,1.114017,-0.009622,0.062113,-0.017160,0.022838,-0.997660,True,0.036105,1.105728,-0.009145,0.062459,-0.001040,0.021188,-0.997822
23.875,True,-0.030271,1.114036,-0.009632,0.062191,-0.017217,0.022796,-0.997655,True,0.036126,1.105753,-0.009162,0.062537,-0.001097,0.021144,-0.997818
23.886,True,-0.030252,1.114074,-0.009645,0.062148,-0.017279,0.022831,-0.997656,True,0.036145,1.105786,-0.009180,0.062494,-0.001160,0.021176,-0.997820
23.897,True,-0.030220,1.114115,-0.009654,0.062275,-0.017308,0.022828,-0.997648,True,0.036176,1.105825,-0.009202,0.062621,-0.001189,0.021172,-0.997812
23.908,True,-0.030194,1.114149,-0.009660,0.062374,-0.017549,0.022815,-0.997638,True,0.036203,1.105860,-0.009236,0.062719,-0.001430,0.021158,-0.997806
23.919,True,-0.030137,1.114160,-0.009676,0.062432,-0.017636,0.022760,-0.997634,True,0.036261,1.105876,-0.009271,0.062777,-0.001516,0.021101,-0.997803
23.931,True,-0.030087,1.114159,-0.009680,0.062416,-0.017818,0.022759,-0.997632,True,0.036310,1.105875,-0.009298,0.062760,-0.001698,0.021101,-0.997804
23.942,True,-0.030059,1.114169,-0.009689,0.062308,-0.018105,0.022892,-0.997630,True,0.036336,1.105865,-0.009336,0.062655,-0.001986,0.021233,-0.997807
23.953,True,-0.030001,1.114160,-0.009703,0.062235,-0.018239,0.023040,-0.997629,True,0.036391,1.105836,-0.009367,0.062584,-0.002120,0.021382,-0.997808
23.964,True,-0.029941,1.114143,-0.009717,0.062015,-0.018237,0.023159,-0.997640,True,0.036450,1.105800,-0.009403,0.062365,-0.002118,0.021503,-0.997820
23.975,True,-0.029917,1.114133,-0.009732,0.061965,-0.018304,0.023243,-0.997640,True,0.036472,1.105777,-0.009433,0.062317,-0.002185,0.021587,-0.997821
23.986,True,-0.029870,1.114138,-0.009732,0.061737,-0.018389,0.023387,-0.997649,True,0.036517,1.105760,-0.009456,0.062091,-0.002271,0.021732,-0.997831
23.997,True,-0.029810,1.114130,-0.009749,0.061277,-0.018300,0.023509,-0.997676,True,0.036574,1.105732,-0.009488,0.061633,-0.002183,0.021853,-0.997857
24.008,True,-0.029757,1.114121,-0.009752,0.061180,-0.018466,0.023677,-0.997675,True,0.036624,1.105700,-0.009510,0.061539,-0.002349,0.022021,-0.997859
24.019,True,-0.029719,1.114111,-0.009757,0.061038,-0.018672,0.023840,-0.997676,True,0.036660,1.105668,-0.009538,0.061399,-0.002555,0.022184,-0.997864
24.030,True,-0.029679,1.114114,-0.009773,0.060699,-0.018915,0.024092,-0.997686,True,0.036696,1.105640,-0.009561,0.061064,-0.002799,0.022435,-0.997878
24.041,True,-0.029657,1.114107,-0.009761,0.060521,-0.019212,0.024215,-0.997688,True,0.036715,1.105617,-0.009571,0.060888,-0.003097,0.022559,-0.997885
24.053,True,-0.029633,1.114087,-0.009780,0.060466,-0.019419,0.024226,-0.997687,True,0.036739,1.105598,-0.009597,0.060832,-0.003304,0.022569,-0.997887
24.064,True,-0.029616,1.114067,-0.009799,0.060102,-0.019621,0.024285,-0.997704,True,0.036756,1.105573,-0.009614,0.060469,-0.003507,0.022629,-0.997907
24.075,True,-0.029634,1.114030,-0.009820,0.060058,-0.019756,0.024229,-0.997705,True,0.036739,1.105544,-0.009644,0.060423,-0.003642,0.022573,-0.997911
24.086,True,-0.029636,1.114010,-0.009839,0.059831,-0.019693,0.024204,-0.997721,True,0.036738,1.105527,-0.009662,0.060197,-0.003579,0.022550,-0.997925
24.097,True,-0.029644,1.113999,-0.009871,0.059478,-0.019585,0.024089,-0.997747,True,0.036731,1.105530,-0.009689,0.059842,-0.003471,0.022436,-0.997950
24.108,True,-0.029655,1.113996,-0.009898,0.059336,-0.019480,0.023931,-0.997761,True,0.036722,1.105547,-0.009718,0.059697,-0.003366,0.022280,-0.997962
24.119,True,-0.029666,1.113912,-0.009912,0.059292,-0.019385,0.023615,-0.997773,True,0.036717,1.105506,-0.009725,0.059648,-0.003271,0.021961,-0.997973
24.130,True,-0.029689,1.113914,-0.009917,0.059259,-0.019136,0.023429,-0.997784,True,0.036697,1.105532,-0.009713,0.059612,-0.003023,0.021774,-0.997980
24.141,True,-0.029716,1.114004,-0.009933,0.059335,-0.018951,0.023447,-0.997783,True,0.036670,1.105621,-0.009706,0.059689,-0.002839,0.021790,-0.997975
24.152,True,-0.029751,1.114104,-0.009945,0.059369,-0.018719,0.023643,-0.997781,True,0.036632,1.105695,-0.009696,0.059726,-0.002607,0.021985,-0.997969
24.164,True,-0.029784,1.114165,-0.009955,0.059473,-0.018475,0.023862,-0.997774,True,0.036595,1.105727,-0.009685,0.059834,-0.002363,0.022200,-0.997959
24.175,True,-0.029834,1.114259,-0.009955,0.059591,-0.018299,0.024159,-0.997763,True,0.036540,1.105782,-0.009669,0.059957,-0.002188,0.022494,-0.997945
24.186,True,-0.029871,1.114334,-0.009960,0.059729,-0.018143,0.024153,-0.997758,True,0.036503,1.105857,-0.009666,0.060095,-0.002032,0.022485,-0.997937
24.197,True,-0.029903,1.114389,-0.009955,0.059798,-0.018103,0.024015,-0.997757,True,0.036473,1.105930,-0.009661,0.060162,-0.001993,0.022344,-0.997937
24.208,True,-0.029937,1.114400,-0.009974,0.059826,-0.017937,0.023776,-0.997764,True,0.036443,1.105973,-0.009663,0.060186,-0.001827,0.022103,-0.997941
24.219,True,-0.029966,1.114404,-0.009988,0.059846,-0.017819,0.023641,-0.997769,True,0.036417,1.105996,-0.009667,0.060205,-0.001709,0.021967,-0.997943
24.230,True,-0.030003,1.114378,-0.009999,0.059672,-0.018003,0.023568,-0.997777,True,0.036381,1.105983,-0.009680,0.060028,-0.001894,0.021892,-0.997955
24.241,True,-0.030019,1.114349,-0.010012,0.059498,-0.017990,0.023661,-0.997786,True,0.036364,1.105942,-0.009691,0.059856,-0.001881,0.021986,-0.997963
24.252,True,-0.030042,1.114297,-0.010020,0.059114,-0.018037,0.023655,-0.997808,True,0.036341,1.105889,-0.009711,0.059472,-0.001928,0.021983,-0.997986
24.264,True,-0.030055,1.114262,-0.010038,0.058743,-0.017951,0.023647,-0.997832,True,0.036327,1.105853,-0.009731,0.059101,-0.001843,0.021976,-0.998008
24.275,True,-0.030066,1.114215,-0.010046,0.058519,-0.017848,0.023442,-0.997851,True,0.036345,1.105753,-0.009739,0.058874,-0.001739,0.021773,-0.998027
24.286,True,-0.030088,1.114168,-0.010065,0.058349,-0.017718,0.023199,-0.997869,True,0.036327,1.105740,-0.009745,0.058700,-0.001609,0.021531,-0.998042
24.297,True,-0.030134,1.114148,-0.010065,0.058268,-0.017685,0.023070,-0.997878,True,0.036283,1.105737,-0.009741,0.058617,-0.001577,0.021402,-0.998050
24.308,True,-0.030181,1.114157,-0.010076,0.058353,-0.017305,0.023002,-0.997881,True,0.036238,1.105754,-0.009723,0.058702,-0.001196,0.021336,-0.998047
24.319,True,-0.030217,1.114158,-0.010101,0.058197,-0.017028,0.023057,-0.997894,True,0.036200,1.105750,-0.009716,0.058546,-0.000919,0.021391,-0.998055
24.330,True,-0.030273,1.114139,-0.010109,0.058019,-0.016753,0.023173,-0.997906,True,0.036143,1.105715,-0.009704,0.058370,-0.000645,0.021507,-0.998063
24.342,True,-0.030313,1.114121,-0.010098,0.057768,-0.016536,0.023183,-0.997924,True,0.036102,1.105694,-0.009681,0.058120,-0.000427,0.021520,-0.998078
24.353,True,-0.030346,1.114098,-0.010107,0.057589,-0.016321,0.023162,-0.997938,True,0.036069,1.105674,-0.009675,0.057941,-0.000211,0.021503,-0.998088
24.364,True,-0.030373,1.114059,-0.010112,0.057311,-0.016156,0.022920,-0.997963,True,0.036046,1.105665,-0.009674,0.057660,-0.000047,0.021264,-0.998110
24.375,True,-0.030406,1.114047,-0.010081,0.056997,-0.016060,0.022812,-0.997985,True,0.036015,1.105669,-0.009630,0.057343,0.000050,0.021161,-0.998130
24.386,True,-0.030441,1.113999,-0.010093,0.057040,-0.015860,0.022833,-0.997985,True,0.035979,1.105618,-0.009623,0.057387,0.000250,0.021182,-0.998127
24.397,True,-0.030469,1.113957,-0.010094,0.057059,-0.015708,0.022890,-0.997985,True,0.035950,1.105568,-0.009611,0.057407,0.000402,0.021240,-0.998125
24.408,True,-0.030468,1.113932,-0.010060,0.056913,-0.015647,0.022949,-0.997993,True,0.035950,1.105535,-0.009573,0.057262,0.000464,0.021302,-0.998132
24.425,True,-0.030469,1.113863,-0.010045,0.056842,-0.015263,0.022783,-0.998007,True,0.035951,1.105481,-0.009565,0.057190,0.000849,0.021139,-0.998139
24.436,True,-0.030472,1.113815,-0.010037,0.056955,-0.015070,0.022594,-0.998007,True,0.035951,1.105455,-0.009562,0.057300,0.001042,0.020950,-0.998137
24.447,True,-0.030462,1.113843,-0.010001,0.056593,-0.014976,0.022550,-0.998030,True,0.035961,1.105489,-0.009522,0.056938,0.001136,0.020907,-0.998158
24.458,True,-0.030455,1.113853,-0.009988,0.056759,-0.014967,0.022574,-0.998021,True,0.035969,1.105496,-0.009505,0.057104,0.001144,0.020929,-0.998148
24.469,True,-0.030449,1.113880,-0.009962,0.057008,-0.015155,0.022700,-0.998001,True,0.035972,1.105507,-0.009487,0.057354,0.000957,0.021055,-0.998131
24.480,True,-0.030414,1.113911,-0.009934,0.057127,-0.015187,0.022733,-0.997993,True,0.036007,1.105535,-0.009458,0.057474,0.000925,0.021087,-0.998124
24.491,True,-0.030389,1.113933,-0.009908,0.057216,-0.015286,0.022790,-0.997985,True,0.036030,1.105548,-0.009448,0.057564,0.000826,0.021145,-0.998118
24.502,True,-0.030350,1.113944,-0.009892,0.057482,-0.015280,0.022852,-0.997968,True,0.036069,1.105548,-0.009440,0.057831,0.000833,0.021207,-0.998101
24.514,True,-0.030322,1.113956,-0.009857,0.057347,-0.015316,0.022967,-0.997973,True,0.036094,1.105543,-0.009418,0.057698,0.000797,0.021323,-0.998106
24.524,True,-0.030289,1.113949,-0.009835,0.057456,-0.015448,0.023115,-0.997961,True,0.036125,1.105516,-0.009412,0.057809,0.000665,0.021471,-0.998097
24.536,True,-0.030260,1.113957,-0.009814,0.057673,-0.015490,0.023276,-0.997944,True,0.036151,1.105501,-0.009400,0.058030,0.000624,0.021631,-0.998080
24.547,True,-0.030240,1.113964,-0.009766,0.057769,-0.015711,0.023399,-0.997932,True,0.036170,1.105491,-0.009373,0.058127,0.000403,0.021754,-0.998072
24.558,True,-0.030187,1.113972,-0.009739,0.057912,-0.015889,0.023544,-0.997918,True,0.036220,1.105480,-0.009362,0.058272,0.000225,0.021899,-0.998061
24.569,True,-0.030152,1.113973,-0.009702,0.058256,-0.016304,0.023580,-0.997890,True,0.036254,1.105477,-0.009351,0.058616,-0.000190,0.021936,-0.998040
24.580,True,-0.030122,1.113990,-0.009662,0.058495,-0.016532,0.023678,-0.997870,True,0.036283,1.105481,-0.009326,0.058856,-0.000418,0.022033,-0.998023
24.591,True,-0.030087,1.113999,-0.009632,0.058743,-0.016770,0.023764,-0.997849,True,0.036316,1.105480,-0.009308,0.059105,-0.000655,0.022118,-0.998007
24.602,True,-0.030074,1.114031,-0.009586,0.058967,-0.017246,0.023877,-0.997825,True,0.036328,1.105501,-0.009277,0.059330,-0.001131,0.022230,-0.997990
24.613,True,-0.030069,1.114058,-0.009550,0.059386,-0.017337,0.023943,-0.997797,True,0.036332,1.105519,-0.009249,0.059751,-0.001222,0.022294,-0.997964
24.624,True,-0.030082,1.114093,-0.009526,0.059388,-0.017384,0.024072,-0.997793,True,0.036317,1.105537,-0.009218,0.059755,-0.001269,0.022422,-0.997960
24.636,True,-0.030100,1.114096,-0.009499,0.059713,-0.017561,0.024212,-0.997767,True,0.036297,1.105524,-0.009191,0.060082,-0.001446,0.022560,-0.997938
24.647,True,-0.030125,1.114074,-0.009468,0.059590,-0.017603,0.024202,-0.997774,True,0.036273,1.105505,-0.009154,0.059959,-0.001487,0.022552,-0.997945
24.658,True,-0.030158,1.114035,-0.009438,0.059486,-0.017616,0.024118,-0.997782,True,0.036240,1.105478,-0.009122,0.059853,-0.001500,0.022471,-0.997953
24.669,True,-0.030187,1.113962,-0.009406,0.059359,-0.017650,0.023957,-0.997793,True,0.036215,1.105429,-0.009079,0.059723,-0.001534,0.022312,-0.997964
24.680,True,-0.030231,1.113895,-0.009370,0.059189,-0.017568,0.023819,-0.997808,True,0.036173,1.105379,-0.009042,0.059551,-0.001452,0.022176,-0.997978
24.691,True,-0.030277,1.113858,-0.009362,0.059110,-0.017534,0.023719,-0.997816,True,0.036129,1.105357,-0.009018,0.059470,-0.001418,0.022079,-0.997985
24.702,True,-0.030339,1.113852,-0.009343,0.059168,-0.017692,0.023637,-0.997811,True,0.036069,1.105365,-0.008991,0.059527,-0.001575,0.021998,-0.997983
24.713,True,-0.030391,1.113814,-0.009301,0.059234,-0.017689,0.023386,-0.997813,True,0.036021,1.105363,-0.008933,0.059588,-0.001572,0.021748,-0.997985
24.725,True,-0.030448,1.113754,-0.009266,0.059351,-0.017532,0.023090,-0.997816,True,0.035969,1.105344,-0.008874,0.059700,-0.001415,0.021451,-0.997985
24.735,True,-0.030497,1.113786,-0.009223,0.059575,-0.017431,0.022963,-0.997807,True,0.035923,1.105397,-0.008800,0.059922,-0.001314,0.021322,-0.997975
24.747,True,-0.030550,1.113872,-0.009183,0.059839,-0.017397,0.022913,-0.997793,True,0.035871,1.105493,-0.008736,0.060186,-0.001279,0.021273,-0.997960
24.758,True,-0.030607,1.113916,-0.009158,0.059892,-0.017318,0.023178,-0.997786,True,0.035809,1.105505,-0.008688,0.060242,-0.001201,0.021536,-0.997951
24.769,True,-0.030402,1.114218,-0.009055,0.060114,-0.017571,0.023489,-0.997760,True,0.035745,1.105497,-0.008637,0.060469,-0.001453,0.021849,-0.997930
24.780,True,-0.030443,1.114234,-0.009003,0.060105,-0.017694,0.023718,-0.997753,True,0.035700,1.105485,-0.008581,0.060464,-0.001576,0.022079,-0.997925
24.791,True,-0.030476,1.114252,-0.008977,0.060032,-0.017707,0.023793,-0.997756,True,0.035666,1.105492,-0.008555,0.060392,-0.001589,0.022156,-0.997928
24.802,True,-0.030518,1.114233,-0.008943,0.060100,-0.017936,0.023640,-0.997751,True,0.035627,1.105495,-0.008530,0.060458,-0.001817,0.022006,-0.997927
24.814,True,-0.030533,1.114171,-0.008885,0.060066,-0.018049,0.023480,-0.997755,True,0.035614,1.105454,-0.008483,0.060420,-0.001929,0.021850,-0.997932
24.825,True,-0.030569,1.114108,-0.008863,0.060042,-0.018124,0.023387,-0.997757,True,0.035580,1.105403,-0.008462,0.060395,-0.002003,0.021761,-0.997935
24.836,True,-0.030612,1.114037,-0.008833,0.059987,-0.018281,0.023461,-0.997756,True,0.035536,1.105323,-0.008442,0.060342,-0.002160,0.021839,-0.997937
24.847,True,-0.030646,1.113962,-0.008802,0.060069,-0.018515,0.023510,-0.997746,True,0.035502,1.105243,-0.008415,0.060423,-0.002392,0.021892,-0.997930
24.861,True,-0.030688,1.113878,-0.008772,0.059803,-0.018725,0.023540,-0.997757,True,0.035459,1.105156,-0.008394,0.060157,-0.002602,0.021925,-0.997945
24.872,True,-0.030734,1.113813,-0.008716,0.059720,-0.018859,0.023415,-0.997762,True,0.035416,1.105107,-0.008356,0.060073,-0.002736,0.021803,-0.997952
24.883,True,-0.030781,1.113747,-0.008692,0.059673,-0.018761,0.023154,-0.997773,True,0.035372,1.105074,-0.008330,0.060022,-0.002638,0.021544,-0.997961
24.895,True,-0.030830,1.113713,-0.008681,0.059792,-0.018787,0.022995,-0.997769,True,0.035327,1.105065,-0.008301,0.060138,-0.002663,0.021385,-0.997957
24.906,True,-0.030876,1.113703,-0.008648,0.059831,-0.018688,0.022917,-0.997771,True,0.035283,1.105067,-0.008248,0.060175,-0.002564,0.021308,-0.997957
24.917,True,-0.030934,1.113724,-0.008632,0.059886,-0.018567,0.022942,-0.997769,True,0.035224,1.105087,-0.008210,0.060231,-0.002443,0.021333,-0.997954
24.928,True,-0.030994,1.113734,-0.008618,0.059891,-0.018340,0.022924,-0.997773,True,0.035164,1.105100,-0.008173,0.060236,-0.002216,0.021315,-0.997954
24.939,True,-0.031058,1.113721,-0.008571,0.060022,-0.018404,0.022873,-0.997765,True,0.035101,1.105097,-0.008113,0.060366,-0.002280,0.021264,-0.997947
24.950,True,-0.031095,1.113721,-0.008561,0.060133,-0.018354,0.022629,-0.997765,True,0.035069,1.105132,-0.008083,0.060473,-0.002230,0.021018,-0.997946
24.961,True,-0.031139,1.113754,-0.008551,0.059702,-0.018211,0.022452,-0.997798,True,0.035028,1.105187,-0.008067,0.060039,-0.002087,0.020841,-0.997976
24.972,True,-0.031160,1.113759,-0.008523,0.059678,-0.018044,0.022345,-0.997804,True,0.035009,1.105209,-0.008015,0.060013,-0.001922,0.020732,-0.997980
24.983,True,-0.031197,1.113752,-0.008514,0.059913,-0.018047,0.022385,-0.997789,True,0.034971,1.105199,-0.007990,0.060249,-0.001924,0.020770,-0.997965
24.995,True,-0.031220,1.113737,-0.008511,0.059834,-0.018009,0.022537,-0.997791,True,0.034945,1.105165,-0.007979,0.060172,-0.001886,0.020922,-0.997967
25.005,True,-0.031216,1.113725,-0.008483,0.059669,-0.018016,0.022664,-0.997798,True,0.034947,1.105136,-0.007956,0.060009,-0.001894,0.021050,-0.997974
25.016,True,-0.031220,1.113709,-0.008484,0.059508,-0.017962,0.022574,-0.997811,True,0.034945,1.105130,-0.007960,0.059847,-0.001839,0.020963,-0.997986
25.027,True,-0.031204,1.113683,-0.008483,0.059512,-0.017825,0.022451,-0.997816,True,0.034963,1.105117,-0.007965,0.059850,-0.001702,0.020840,-0.997988
25.039,True,-0.031202,1.113674,-0.008453,0.059524,-0.017652,0.022317,-0.997821,True,0.034966,1.105123,-0.007942,0.059860,-0.001528,0.020705,-0.997991
25.050,True,-0.031196,1.113698,-0.008443,0.059586,-0.017450,0.022299,-0.997822,True,0.034973,1.105149,-0.007921,0.059921,-0.001327,0.020686,-0.997988
25.061,True,-0.031190,1.113746,-0.008434,0.059907,-0.017351,0.022385,-0.997802,True,0.034977,1.105185,-0.007903,0.060244,-0.001228,0.020768,-0.997967
25.072,True,-0.031172,1.113825,-0.008409,0.060084,-0.017290,0.022494,-0.997790,True,0.034993,1.105250,-0.007871,0.060423,-0.001167,0.020874,-0.997954
25.083,True,-0.031131,1.113899,-0.008400,0.060340,-0.017265,0.022648,-0.997772,True,0.035032,1.105304,-0.007858,0.060681,-0.001143,0.021025,-0.997935
25.094,True,-0.031086,1.113948,-0.008388,0.060510,-0.017326,0.022705,-0.997759,True,0.035076,1.105346,-0.007853,0.060852,-0.001204,0.021078,-0.997924
25.105,True,-0.031038,1.113995,-0.008343,0.060496,-0.017367,0.022877,-0.997755,True,0.035121,1.105370,-0.007815,0.060841,-0.001245,0.021248,-0.997921
25.116,True,-0.030981,1.114023,-0.008336,0.060591,-0.017383,0.022998,-0.997746,True,0.035176,1.105381,-0.007815,0.060938,-0.001262,0.021367,-0.997912
25.128,True,-0.030926,1.114054,-0.008330,0.060508,-0.017408,0.023094,-0.997749,True,0.035229,1.105398,-0.007815,0.060856,-0.001287,0.021461,-0.997915
25.139,True,-0.030899,1.114087,-0.008308,0.060496,-0.017436,0.023312,-0.997744,True,0.035252,1.105401,-0.007800,0.060848,-0.001316,0.021678,-0.997911
25.150,True,-0.030850,1.114101,-0.008286,0.060428,-0.017494,0.023393,-0.997745,True,0.035300,1.105403,-0.007792,0.060781,-0.001375,0.021758,-0.997913
25.161,True,-0.030794,1.114092,-0.008273,0.060354,-0.017523,0.023445,-0.997748,True,0.035355,1.105386,-0.007793,0.060709,-0.001404,0.021809,-0.997916
25.172,True,-0.030743,1.114072,-0.008244,0.060339,-0.017445,0.023515,-0.997748,True,0.035404,1.105354,-0.007772,0.060694,-0.001326,0.021878,-0.997916
25.183,True,-0.030688,1.114058,-0.008220,0.060198,-0.017256,0.023514,-0.997760,True,0.035459,1.105334,-0.007768,0.060554,-0.001136,0.021879,-0.997924
25.194,True,-0.030615,1.114050,-0.008211,0.060119,-0.017302,0.023528,-0.997764,True,0.035531,1.105323,-0.007771,0.060475,-0.001183,0.021895,-0.997929
25.205,True,-0.030551,1.114050,-0.008174,0.060059,-0.017414,0.023551,-0.997765,True,0.035595,1.105317,-0.007762,0.060416,-0.001294,0.021919,-0.997932
25.216,True,-0.030482,1.114054,-0.008153,0.060040,-0.017438,0.023575,-0.997765,True,0.035663,1.105316,-0.007754,0.060398,-0.001318,0.021944,-0.997932
25.228,True,-0.030438,1.114066,-0.008126,0.059841,-0.017615,0.023656,-0.997772,True,0.035705,1.105315,-0.007749,0.060200,-0.001495,0.022028,-0.997942
25.239,True,-0.030361,1.114075,-0.008105,0.059729,-0.017661,0.023900,-0.997772,True,0.035778,1.105293,-0.007730,0.060091,-0.001541,0.022271,-0.997943
25.250,True,-0.030297,1.114102,-0.008088,0.059533,-0.017612,0.024217,-0.997777,True,0.035836,1.105276,-0.007719,0.059901,-0.001493,0.022588,-0.997948
25.261,True,-0.030235,1.114120,-0.008064,0.059327,-0.017551,0.024467,-0.997784,True,0.035894,1.105259,-0.007704,0.059699,-0.001432,0.022839,-0.997954
25.272,True,-0.030174,1.114128,-0.008033,0.059240,-0.017356,0.024597,-0.997790,True,0.035573,1.111223,-0.007117,0.059614,-0.001237,0.022969,-0.997957
25.283,True,-0.030107,1.114105,-0.008026,0.059155,-0.017294,0.024750,-0.997792,True,0.035639,1.111180,-0.007110,0.059532,-0.001175,0.023121,-0.997958
25.294,True,-0.030047,1.114078,-0.008006,0.058943,-0.017264,0.024811,-0.997804,True,0.035699,1.111143,-0.007099,0.059321,-0.001145,0.023185,-0.997969
25.305,True,-0.029995,1.114014,-0.007987,0.058784,-0.017066,0.024834,-0.997816,True,0.035751,1.111072,-0.007080,0.059163,-0.000947,0.023209,-0.997978
25.316,True,-0.029934,1.113998,-0.007981,0.058527,-0.017036,0.025075,-0.997826,True,0.035810,1.111023,-0.007075,0.058910,-0.000917,0.023454,-0.997987
25.327,True,-0.029884,1.113991,-0.007983,0.058265,-0.017069,0.025218,-0.997837,True,0.035859,1.110996,-0.007080,0.058650,-0.000950,0.023601,-0.997999
25.339,True,-0.029824,1.113972,-0.007946,0.057938,-0.016899,0.025227,-0.997858,True,0.035919,1.110973,-0.007051,0.058323,-0.000779,0.023612,-0.998018
25.350,True,-0.029745,1.113904,-0.007937,0.057804,-0.016876,0.025101,-0.997870,True,0.035999,1.110920,-0.007042,0.058188,-0.000756,0.023489,-0.998029
25.361,True,-0.029684,1.113857,-0.007904,0.057713,-0.016931,0.024891,-0.997879,True,0.036061,1.110900,-0.007023,0.058094,-0.000811,0.023279,-0.998039
25.372,True,-0.029626,1.113901,-0.007870,0.057762,-0.016783,0.024778,-0.997882,True,0.036119,1.110957,-0.006982,0.058141,-0.000663,0.023167,-0.998039
25.383,True,-0.029562,1.113954,-0.007861,0.057859,-0.016648,0.024880,-0.997876,True,0.036183,1.110997,-0.006965,0.058239,-0.000528,0.023268,-0.998031
25.394,True,-0.029510,1.114034,-0.007840,0.058094,-0.016504,0.025228,-0.997856,True,0.036232,1.111029,-0.006941,0.058481,-0.000384,0.023616,-0.998009
25.406,True,-0.029491,1.114107,-0.007770,0.058282,-0.016618,0.025617,-0.997833,True,0.036250,1.111050,-0.006879,0.058675,-0.000497,0.024005,-0.997988
25.417,True,-0.029446,1.114150,-0.007757,0.058423,-0.016770,0.025691,-0.997820,True,0.036295,1.111081,-0.006890,0.058817,-0.000649,0.024081,-0.997978
25.428,True,-0.029379,1.114185,-0.007740,0.058260,-0.016895,0.025681,-0.997828,True,0.036361,1.111115,-0.006890,0.058654,-0.000773,0.024073,-0.997988
25.439,True,-0.029294,1.114123,-0.007705,0.057912,-0.017072,0.025375,-0.997853,True,0.036449,1.111092,-0.006874,0.058301,-0.000950,0.023772,-0.998016
25.450,True,-0.029240,1.114051,-0.007707,0.057699,-0.017057,0.025175,-0.997871,True,0.036503,1.111045,-0.006883,0.058085,-0.000935,0.023574,-0.998033
25.461,True,-0.029206,1.114001,-0.007697,0.057505,-0.017017,0.025179,-0.997883,True,0.036538,1.110993,-0.006880,0.057891,-0.000894,0.023582,-0.998044
25.472,True,-0.029179,1.113929,-0.007678,0.057361,-0.017070,0.025195,-0.997890,True,0.036565,1.110918,-0.006862,0.057747,-0.000947,0.023602,-0.998052
25.483,True,-0.029154,1.113861,-0.007661,0.057351,-0.017156,0.025222,-0.997888,True,0.036589,1.110845,-0.006863,0.057738,-0.001032,0.023630,-0.998052
25.495,True,-0.029117,1.113834,-0.007654,0.057465,-0.017176,0.025260,-0.997880,True,0.036627,1.110812,-0.006858,0.057852,-0.001051,0.023669,-0.998044
25.506,True,-0.029121,1.113808,-0.007606,0.057712,-0.017405,0.025115,-0.997866,True,0.036624,1.110806,-0.006820,0.058096,-0.001281,0.023525,-0.998033
25.517,True,-0.029111,1.113789,-0.007585,0.057782,-0.017237,0.025039,-0.997866,True,0.036633,1.110795,-0.006795,0.058166,-0.001112,0.023449,-0.998031
25.528,True,-0.029123,1.113769,-0.007580,0.058102,-0.017021,0.024837,-0.997857,True,0.036623,1.110803,-0.006775,0.058482,-0.000896,0.023244,-0.998017
25.539,True,-0.029146,1.113834,-0.007567,0.058485,-0.016771,0.024912,-0.997837,True,0.036599,1.110858,-0.006736,0.058867,-0.000646,0.023318,-0.997993
25.550,True,-0.029168,1.113859,-0.007564,0.058701,-0.016614,0.024881,-0.997827,True,0.036577,1.110887,-0.006719,0.059083,-0.000488,0.023286,-0.997981
25.561,True,-0.029196,1.113890,-0.007558,0.058975,-0.016463,0.024869,-0.997814,True,0.036549,1.110921,-0.006690,0.059357,-0.000337,0.023274,-0.997965
25.572,True,-0.029211,1.113892,-0.007536,0.059395,-0.016372,0.024849,-0.997791,True,0.036534,1.110927,-0.006652,0.059777,-0.000245,0.023254,-0.997941
25.583,True,-0.029212,1.113894,-0.007501,0.059425,-0.016295,0.024727,-0.997793,True,0.036533,1.110945,-0.006602,0.059805,-0.000167,0.023134,-0.997942
25.594,True,-0.029214,1.113913,-0.007488,0.059534,-0.016335,0.024619,-0.997789,True,0.036532,1.110980,-0.006584,0.059912,-0.000206,0.023026,-0.997938
25.606,True,-0.029204,1.113912,-0.007458,0.059787,-0.016464,0.024564,-0.997773,True,0.036543,1.110990,-0.006544,0.060164,-0.000336,0.022971,-0.997924
25.617,True,-0.029200,1.113922,-0.007436,0.060011,-0.016620,0.024750,-0.997752,True,0.036545,1.110977,-0.006512,0.060391,-0.000491,0.023158,-0.997906
25.628,True,-0.029204,1.113911,-0.007423,0.060168,-0.016640,0.024856,-0.997740,True,0.036540,1.110953,-0.006502,0.060549,-0.000510,0.023263,-0.997894
25.639,True,-0.029188,1.113910,-0.007403,0.060301,-0.016880,0.024898,-0.997727,True,0.036557,1.110949,-0.006483,0.060683,-0.000751,0.023307,-0.997885
25.650,True,-0.029174,1.113891,-0.007394,0.060283,-0.017100,0.024898,-0.997724,True,0.036571,1.110932,-0.006476,0.060665,-0.000970,0.023308,-0.997886
25.661,True,-0.029158,1.113870,-0.007377,0.060310,-0.017113,0.024835,-0.997724,True,0.036587,1.110918,-0.006461,0.060691,-0.000983,0.023248,-0.997885
25.672,True,-0.029151,1.113862,-0.007349,0.060518,-0.017189,0.024866,-0.997709,True,0.036594,1.110906,-0.006434,0.060899,-0.001058,0.023280,-0.997872
25.683,True,-0.029134,1.113881,-0.007343,0.060890,-0.017126,0.025040,-0.997683,True,0.036610,1.110902,-0.006421,0.061274,-0.000995,0.023451,-0.997845
25.694,True,-0.029117,1.113925,-0.007321,0.061245,-0.017174,0.025274,-0.997655,True,0.036625,1.110915,-0.006403,0.061633,-0.001043,0.023684,-0.997817
25.705,True,-0.029082,1.114008,-0.007281,0.061679,-0.017460,0.025691,-0.997613,True,0.036658,1.110946,-0.006374,0.062073,-0.001330,0.024096,-0.997780
25.716,True,-0.029035,1.114098,-0.007263,0.062164,-0.017783,0.026046,-0.997568,True,0.036703,1.110993,-0.006365,0.062563,-0.001652,0.024446,-0.997740
25.728,True,-0.028991,1.114170,-0.007239,0.062528,-0.018014,0.026221,-0.997536,True,0.036746,1.111041,-0.006364,0.062930,-0.001884,0.024617,-0.997713
25.739,True,-0.028926,1.114208,-0.007205,0.062832,-0.018161,0.026431,-0.997509,True,0.036811,1.111051,-0.006344,0.063238,-0.002031,0.024826,-0.997688
25.750,True,-0.028872,1.114234,-0.007197,0.063160,-0.018435,0.026600,-0.997479,True,0.036863,1.111055,-0.006358,0.063568,-0.002305,0.024993,-0.997662
25.761,True,-0.028827,1.114253,-0.007187,0.063332,-0.018666,0.026693,-0.997461,True,0.036908,1.111060,-0.006374,0.063741,-0.002536,0.025086,-0.997648
25.772,True,-0.027395,1.116846,-0.006692,0.063624,-0.018738,0.026779,-0.997439,True,0.036942,1.111031,-0.006385,0.064035,-0.002607,0.025172,-0.997627
25.783,True,-0.027343,1.116852,-0.006682,0.063751,-0.018928,0.026898,-0.997424,True,0.036993,1.111019,-0.006404,0.064163,-0.002797,0.025290,-0.997615
25.794,True,-0.027313,1.116882,-0.006664,0.063778,-0.019157,0.027072,-0.997413,True,0.037021,1.111024,-0.006414,0.064193,-0.003026,0.025464,-0.997608
25.805,True,-0.027278,1.116849,-0.006625,0.063832,-0.019383,0.027077,-0.997405,True,0.037056,1.110988,-0.006407,0.064248,-0.003252,0.025469,-0.997604
25.817,True,-0.027258,1.116834,-0.006619,0.063961,-0.019475,0.027054,-0.997396,True,0.037076,1.110974,-0.006422,0.064377,-0.003344,0.025446,-0.997596
25.828,True,-0.027246,1.116823,-0.006598,0.063993,-0.019614,0.026993,-0.997392,True,0.037088,1.110969,-0.006426,0.064408,-0.003483,0.025386,-0.997595
25.839,True,-0.027245,1.116840,-0.006547,0.064192,-0.019707,0.027151,-0.997374,True,0.037087,1.110965,-0.006385,0.064608,-0.003575,0.025544,-0.997577
25.850,True,-0.027249,1.116899,-0.006530,0.064534,-0.019773,0.027422,-0.997343,True,0.037080,1.110989,-0.006371,0.064955,-0.003642,0.025810,-0.997548
25.861,True,-0.027254,1.116998,-0.006518,0.064800,-0.019802,0.027834,-0.997314,True,0.037070,1.111035,-0.006355,0.065228,-0.003671,0.026220,-0.997519
25.872,True,-0.027291,1.117076,-0.006491,0.065318,-0.019872,0.028265,-0.997266,True,0.037028,1.111060,-0.006319,0.065753,-0.003742,0.026645,-0.997473
25.883,True,-0.027308,1.117146,-0.006492,0.065600,-0.020044,0.028674,-0.997233,True,0.037007,1.111080,-0.006316,0.066041,-0.003914,0.027051,-0.997443
25.895,True,-0.027323,1.117125,-0.006513,0.066069,-0.019962,0.028699,-0.997203,True,0.036991,1.111056,-0.006333,0.066511,-0.003833,0.027070,-0.997411
25.906,True,-0.027325,1.117148,-0.006517,0.065664,-0.020201,0.028997,-0.997216,True,0.036986,1.111042,-0.006339,0.066110,-0.004071,0.027374,-0.997429
25.916,True,-0.027328,1.117091,-0.006540,0.065448,-0.020441,0.028872,-0.997229,True,0.036985,1.111003,-0.006370,0.065891,-0.004311,0.027252,-0.997445
25.927,True,-0.027340,1.117053,-0.006547,0.065481,-0.020596,0.028785,-0.997226,True,0.036974,1.110977,-0.006388,0.065924,-0.004466,0.027165,-0.997445
25.939,True,-0.027366,1.116995,-0.006554,0.065423,-0.020756,0.028712,-0.997229,True,0.036949,1.110930,-0.006392,0.065864,-0.004626,0.027095,-0.997450
25.950,True,-0.027395,1.116971,-0.006576,0.065416,-0.020806,0.028632,-0.997230,True,0.036921,1.110919,-0.006409,0.065855,-0.004676,0.027015,-0.997453
25.961,True,-0.027435,1.116974,-0.006599,0.065555,-0.020773,0.028709,-0.997220,True,0.036880,1.110912,-0.006427,0.065996,-0.004643,0.027090,-0.997441
25.972,True,-0.027503,1.116966,-0.006604,0.065385,-0.020818,0.028603,-0.997233,True,0.036813,1.110919,-0.006425,0.065824,-0.004688,0.026987,-0.997455
25.983,True,-0.027554,1.116904,-0.006616,0.065172,-0.021027,0.028429,-0.997247,True,0.036765,1.110884,-0.006431,0.065607,-0.004897,0.026811,-0.997473
25.994,True,-0.027600,1.116825,-0.006629,0.064629,-0.021017,0.028094,-0.997292,True,0.036724,1.110851,-0.006431,0.065058,-0.004888,0.026478,-0.997518
26.005,True,-0.027653,1.116811,-0.006626,0.065133,-0.021042,0.027636,-0.997272,True,0.036676,1.110897,-0.006424,0.065555,-0.004913,0.026018,-0.997498
26.016,True,-0.027706,1.116898,-0.006642,0.064272,-0.021061,0.027555,-0.997330,True,0.036624,1.110999,-0.006419,0.064692,-0.004933,0.025936,-0.997556
26.027,True,-0.027758,1.116986,-0.006646,0.064484,-0.021084,0.027724,-0.997311,True,0.036571,1.111068,-0.006410,0.064907,-0.004956,0.026104,-0.997538
26.039,True,-0.027823,1.117079,-0.006640,0.064236,-0.021160,0.027982,-0.997318,True,0.036503,1.111130,-0.006395,0.064663,-0.005033,0.026362,-0.997546
26.050,True,-0.027871,1.117136,-0.006652,0.063992,-0.021378,0.028052,-0.997327,True,0.036454,1.111181,-0.006411,0.064419,-0.005251,0.026433,-0.997559
26.061,True,-0.027919,1.117152,-0.006663,0.063793,-0.021376,0.027943,-0.997343,True,0.036408,1.111210,-0.006425,0.064219,-0.005249,0.026327,-0.997575
26.072,True,-0.027961,1.117055,-0.006657,0.063370,-0.021474,0.027532,-0.997379,True,0.036370,1.111167,-0.006426,0.063789,-0.005347,0.025921,-0.997612
26.083,True,-0.028014,1.116962,-0.006680,0.063209,-0.021260,0.027234,-0.997402,True,0.036321,1.111110,-0.006438,0.063623,-0.005132,0.025626,-0.997632
26.094,True,-0.028068,1.116878,-0.006696,0.062791,-0.020944,0.027136,-0.997438,True,0.036268,1.111037,-0.006441,0.063205,-0.004816,0.025531,-0.997662
26.105,True,-0.028109,1.116770,-0.006682,0.062465,-0.021212,0.027257,-0.997449,True,0.036225,1.110917,-0.006424,0.062880,-0.005083,0.025656,-0.997678
26.116,True,-0.028146,1.116690,-0.006678,0.062203,-0.021136,0.027306,-0.997466,True,0.036187,1.110828,-0.006428,0.062619,-0.005008,0.025708,-0.997694
26.127,True,-0.028171,1.116602,-0.006669,0.061838,-0.020977,0.027299,-0.997492,True,0.036162,1.110737,-0.006432,0.062254,-0.004848,0.025704,-0.997718
26.139,True,-0.028205,1.116524,-0.006640,0.061590,-0.021106,0.027209,-0.997507,True,0.036130,1.110669,-0.006424,0.062004,-0.004977,0.025617,-0.997735
26.150,True,-0.028229,1.116439,-0.006641,0.061436,-0.020628,0.027069,-0.997531,True,0.036106,1.110595,-0.006427,0.061849,-0.004499,0.025478,-0.997750
26.161,True,-0.028281,1.116406,-0.006606,0.061150,-0.020750,0.026937,-0.997549,True,0.036056,1.110580,-0.006400,0.061561,-0.004620,0.025349,-0.997771
26.172,True,-0.028318,1.116423,-0.006594,0.061125,-0.020602,0.026955,-0.997553,True,0.036019,1.110594,-0.006380,0.061536,-0.004472,0.025367,-0.997773
26.183,True,-0.028378,1.116434,-0.006568,0.060897,-0.020341,0.026853,-0.997576,True,0.035960,1.110615,-0.006351,0.061307,-0.004211,0.025265,-0.997790
26.194,True,-0.028464,1.116453,-0.006527,0.060840,-0.020251,0.026700,-0.997585,True,0.035875,1.110654,-0.006305,0.061247,-0.004122,0.025112,-0.997798
26.205,True,-0.028515,1.116433,-0.006463,0.060627,-0.020230,0.026358,-0.997607,True,0.035828,1.110678,-0.006243,0.061029,-0.004100,0.024773,-0.997820
26.216,True,-0.028576,1.116430,-0.006417,0.060460,-0.020489,0.026124,-0.997618,True,0.035770,1.110707,-0.006203,0.060858,-0.004359,0.024541,-0.997835
26.227,True,-0.028636,1.116397,-0.006401,0.060157,-0.020248,0.025800,-0.997650,True,0.035714,1.110715,-0.006176,0.060550,-0.004118,0.024219,-0.997863
26.239,True,-0.028730,1.116362,-0.006373,0.059978,-0.020070,0.025670,-0.997668,True,0.035622,1.110697,-0.006129,0.060368,-0.003940,0.024091,-0.997878
26.250,True,-0.028831,1.116307,-0.006341,0.059630,-0.019792,0.025587,-0.997696,True,0.035521,1.110653,-0.006072,0.060020,-0.003661,0.024013,-0.997902
26.261,True,-0.028907,1.116230,-0.006325,0.059526,-0.019582,0.025472,-0.997710,True,0.035447,1.110591,-0.006037,0.059913,-0.003451,0.023900,-0.997912
26.272,True,-0.029001,1.116157,-0.006284,0.059296,-0.019128,0.025263,-0.997737,True,0.035355,1.110544,-0.005967,0.059680,-0.002996,0.023694,-0.997932
26.283,True,-0.029079,1.116094,-0.006264,0.059113,-0.018814,0.025019,-0.997760,True,0.035289,1.110508,-0.005933,0.059494,-0.002682,0.023452,-0.997950
26.294,True,-0.029166,1.116049,-0.006229,0.058749,-0.018258,0.024837,-0.997797,True,0.035204,1.110485,-0.005874,0.059128,-0.002127,0.023272,-0.997977
26.306,True,-0.029250,1.116013,-0.006209,0.058619,-0.017950,0.024646,-0.997815,True,0.035122,1.110473,-0.005824,0.058995,-0.001818,0.023082,-0.997990
26.317,True,-0.029342,1.116003,-0.006187,0.058374,-0.017500,0.024538,-0.997840,True,0.035032,1.110480,-0.005755,0.058748,-0.001368,0.022975,-0.998008
26.328,True,-0.029411,1.116015,-0.006166,0.058456,-0.017198,0.024595,-0.997839,True,0.034961,1.110485,-0.005704,0.058832,-0.001067,0.023030,-0.998002
26.339,True,-0.029502,1.116044,-0.006118,0.058506,-0.017110,0.024662,-0.997836,True,0.034870,1.110506,-0.005644,0.058883,-0.000978,0.023097,-0.997997
26.350,True,-0.029558,1.116072,-0.006095,0.058400,-0.016853,0.024717,-0.997845,True,0.034813,1.110526,-0.005605,0.058778,-0.000722,0.023152,-0.998002
26.361,True,-0.029612,1.116068,-0.006064,0.058247,-0.016709,0.024606,-0.997859,True,0.034760,1.110535,-0.005574,0.058624,-0.000578,0.023042,-0.998014
26.372,True,-0.029645,1.116048,-0.006040,0.058269,-0.016679,0.024547,-0.997860,True,0.034727,1.110524,-0.005541,0.058645,-0.000547,0.022983,-0.998014
26.383,True,-0.029690,1.116038,-0.006006,0.058306,-0.016998,0.024435,-0.997855,True,0.034684,1.110530,-0.005520,0.058680,-0.000866,0.022872,-0.998015
26.395,True,-0.029732,1.116024,-0.005972,0.058539,-0.017476,0.024328,-0.997836,True,0.034644,1.110533,-0.005499,0.058910,-0.001344,0.022766,-0.998003
26.406,True,-0.029728,1.115995,-0.005936,0.058148,-0.017152,0.024131,-0.997869,True,0.034649,1.110526,-0.005469,0.058516,-0.001020,0.022570,-0.998031
26.417,True,-0.029776,1.115979,-0.005907,0.058397,-0.017518,0.024157,-0.997847,True,0.034601,1.110506,-0.005470,0.058765,-0.001386,0.022596,-0.998015
26.428,True,-0.029807,1.115935,-0.005894,0.058176,-0.017362,0.023920,-0.997869,True,0.034573,1.110490,-0.005461,0.058541,-0.001229,0.022361,-0.998034
26.439,True,-0.029840,1.115883,-0.005871,0.058154,-0.017202,0.023744,-0.997877,True,0.034542,1.110457,-0.005448,0.058516,-0.001069,0.022185,-0.998039
26.450,True,-0.029883,1.115844,-0.005845,0.058183,-0.017095,0.023591,-0.997881,True,0.034500,1.110435,-0.005433,0.058543,-0.000963,0.022032,-0.998041
26.461,True,-0.029929,1.115826,-0.005824,0.058215,-0.017040,0.023438,-0.997883,True,0.034456,1.110435,-0.005416,0.058573,-0.000907,0.021880,-0.998043
26.472,True,-0.029973,1.115807,-0.005804,0.058230,-0.017024,0.023426,-0.997883,True,0.034411,1.110420,-0.005385,0.058588,-0.000892,0.021866,-0.998042
26.483,True,-0.030035,1.115828,-0.005782,0.058106,-0.017115,0.023562,-0.997886,True,0.034348,1.110424,-0.005360,0.058465,-0.000983,0.022001,-0.998047
26.495,True,-0.030086,1.115851,-0.005777,0.058118,-0.017030,0.023629,-0.997885,True,0.034297,1.110441,-0.005340,0.058479,-0.000899,0.022065,-0.998044
26.506,True,-0.030126,1.115860,-0.005759,0.058160,-0.016935,0.023707,-0.997882,True,0.034255,1.110441,-0.005310,0.058522,-0.000804,0.022141,-0.998040
26.517,True,-0.030190,1.115875,-0.005758,0.058116,-0.016993,0.023702,-0.997884,True,0.034193,1.110460,-0.005293,0.058477,-0.000862,0.022136,-0.998043
26.528,True,-0.030257,1.115851,-0.005760,0.058218,-0.016983,0.023565,-0.997881,True,0.034127,1.110455,-0.005283,0.058577,-0.000851,0.022000,-0.998040
26.539,True,-0.030302,1.115810,-0.005766,0.058269,-0.016663,0.023548,-0.997884,True,0.034081,1.110415,-0.005268,0.058628,-0.000532,0.021982,-0.998038
26.550,True,-0.030359,1.115754,-0.005767,0.058073,-0.016571,0.023501,-0.997898,True,0.034025,1.110366,-0.005261,0.058431,-0.000439,0.021937,-0.998050
26.561,True,-0.030403,1.115720,-0.005783,0.057990,-0.016377,0.023529,-0.997905,True,0.033980,1.110327,-0.005267,0.058350,-0.000245,0.021968,-0.998054
26.572,True,-0.030453,1.115677,-0.005763,0.057895,-0.016369,0.023463,-0.997913,True,0.033931,1.110291,-0.005251,0.058254,-0.000236,0.021904,-0.998062
26.583,True,-0.030486,1.115631,-0.005780,0.057808,-0.016201,0.023323,-0.997924,True,0.033900,1.110262,-0.005260,0.058164,-0.000068,0.021765,-0.998070
26.594,True,-0.030514,1.115549,-0.005778,0.057687,-0.016280,0.023120,-0.997934,True,0.033874,1.110206,-0.005265,0.058040,-0.000147,0.021564,-0.998081
26.606,True,-0.030554,1.115495,-0.005733,0.057613,-0.016455,0.022909,-0.997941,True,0.033836,1.110181,-0.005227,0.057962,-0.000322,0.021354,-0.998090
26.616,True,-0.030564,1.115552,-0.005744,0.057706,-0.016438,0.022904,-0.997936,True,0.033826,1.110240,-0.005229,0.058055,-0.000305,0.021349,-0.998085
26.628,True,-0.030581,1.115583,-0.005739,0.057963,-0.016517,0.023033,-0.997916,True,0.033808,1.110254,-0.005228,0.058314,-0.000384,0.021477,-0.998067
26.639,True,-0.030584,1.115642,-0.005706,0.058094,-0.016565,0.023360,-0.997900,True,0.033802,1.110271,-0.005198,0.058450,-0.000432,0.021803,-0.998052
26.650,True,-0.030595,1.115701,-0.005677,0.058196,-0.016779,0.023696,-0.997883,True,0.033787,1.110287,-0.005183,0.058557,-0.000646,0.022138,-0.998038
26.661,True,-0.030598,1.115761,-0.005659,0.058142,-0.016849,0.023865,-0.997881,True,0.033782,1.110324,-0.005181,0.058506,-0.000717,0.022307,-0.998038
26.672,True,-0.030588,1.115769,-0.005639,0.058318,-0.017124,0.023804,-0.997867,True,0.033793,1.110340,-0.005177,0.058682,-0.000991,0.022247,-0.998028
26.683,True,-0.030590,1.115737,-0.005631,0.058094,-0.017391,0.023658,-0.997879,True,0.033792,1.110328,-0.005181,0.058454,-0.001258,0.022104,-0.998045
26.694,True,-0.030607,1.115672,-0.005628,0.057942,-0.017382,0.023521,-0.997891,True,0.033777,1.110279,-0.005186,0.058301,-0.001248,0.021970,-0.998057
26.705,True,-0.030614,1.115600,-0.005619,0.057548,-0.017325,0.023528,-0.997915,True,0.033770,1.110206,-0.005176,0.057906,-0.001191,0.021982,-0.998079
26.717,True,-0.030617,1.115522,-0.005627,0.057431,-0.017206,0.023678,-0.997920,True,0.033765,1.110105,-0.005188,0.057793,-0.001072,0.022132,-0.998083
26.728,True,-0.030627,1.115457,-0.005623,0.057096,-0.017265,0.023882,-0.997934,True,0.033753,1.110013,-0.005193,0.057460,-0.001131,0.022341,-0.998097
26.739,True,-0.030637,1.115431,-0.005582,0.057166,-0.017468,0.023831,-0.997927,True,0.033744,1.109994,-0.005166,0.057530,-0.001334,0.022290,-0.998094
26.750,True,-0.030642,1.115396,-0.005573,0.057110,-0.017015,0.023720,-0.997941,True,0.033740,1.109967,-0.005167,0.057472,-0.000881,0.022177,-0.998100
26.761,True,-0.030639,1.115394,-0.005574,0.057025,-0.016964,0.023641,-0.997949,True,0.033743,1.109975,-0.005164,0.057386,-0.000830,0.022098,-0.998107
26.772,True,-0.030644,1.115404,-0.005544,0.057079,-0.017032,0.023559,-0.997946,True,0.033739,1.109997,-0.005134,0.057439,-0.000898,0.022016,-0.998106
26.784,True,-0.033458,1.110163,-0.006682,0.057020,-0.016915,0.023533,-0.997952,True,0.033735,1.110035,-0.005107,0.057380,-0.000781,0.021989,-0.998110
26.795,True,-0.033454,1.110207,-0.006660,0.057190,-0.016839,0.023534,-0.997944,True,0.033739,1.110079,-0.005084,0.057549,-0.000706,0.021985,-0.998100
26.806,True,-0.033466,1.110241,-0.006610,0.057143,-0.016833,0.023635,-0.997944,True,0.033726,1.110099,-0.005041,0.057504,-0.000700,0.022086,-0.998101
26.817,True,-0.033454,1.110258,-0.006604,0.057159,-0.016828,0.023705,-0.997942,True,0.033738,1.110108,-0.005032,0.057522,-0.000695,0.022153,-0.998098
26.828,True,-0.033445,1.110246,-0.006597,0.057003,-0.016840,0.023573,-0.997954,True,0.033748,1.110111,-0.005035,0.057363,-0.000707,0.022024,-0.998110
26.839,True,-0.033441,1.110238,-0.006578,0.056904,-0.016806,0.023454,-0.997963,True,0.033752,1.110118,-0.005018,0.057263,-0.000674,0.021905,-0.998119
26.850,True,-0.033436,1.110208,-0.006566,0.056920,-0.016684,0.023343,-0.997966,True,0.033756,1.110101,-0.005007,0.057277,-0.000551,0.021796,-0.998120
26.861,True,-0.033441,1.110150,-0.006573,0.056946,-0.016624,0.023390,-0.997965,True,0.033751,1.110036,-0.005011,0.057303,-0.000491,0.021845,-0.998118
26.872,True,-0.033435,1.110097,-0.006555,0.056648,-0.016511,0.023373,-0.997984,True,0.033757,1.109983,-0.004986,0.057006,-0.000377,0.021831,-0.998135
26.883,True,-0.033446,1.110054,-0.006552,0.056692,-0.016211,0.023253,-0.997989,True,0.033746,1.109951,-0.004987,0.057048,-0.000077,0.021713,-0.998135
26.894,True,-0.033439,1.110013,-0.006567,0.056595,-0.016104,0.023075,-0.998001,True,0.033753,1.109934,-0.004986,0.056949,0.000031,0.021537,-0.998145
26.905,True,-0.033450,1.110003,-0.006540,0.056696,-0.015913,0.022857,-0.998003,True,0.033742,1.109953,-0.004946,0.057046,0.000222,0.021318,-0.998144
26.916,True,-0.033457,1.110018,-0.006535,0.056740,-0.015785,0.022821,-0.998003,True,0.033735,1.109975,-0.004922,0.057090,0.000350,0.021281,-0.998142
26.927,True,-0.033453,1.110031,-0.006540,0.056983,-0.015584,0.022784,-0.997994,True,0.033738,1.109994,-0.004913,0.057333,0.000551,0.021241,-0.998129
26.939,True,-0.033448,1.110068,-0.006510,0.057175,-0.015398,0.022854,-0.997984,True,0.033743,1.110022,-0.004871,0.057526,0.000736,0.021309,-0.998116
26.950,True,-0.033425,1.110117,-0.006496,0.057253,-0.015297,0.022930,-0.997979,True,0.033766,1.110060,-0.004850,0.057606,0.000838,0.021384,-0.998110
26.961,True,-0.033403,1.110139,-0.006487,0.057366,-0.015281,0.022955,-0.997972,True,0.033787,1.110078,-0.004849,0.057719,0.000854,0.021408,-0.998103
26.972,True,-0.033345,1.110189,-0.006453,0.057365,-0.015361,0.022972,-0.997971,True,0.033846,1.110126,-0.004820,0.057717,0.000774,0.021425,-0.998103
26.983,True,-0.033324,1.110196,-0.006440,0.057388,-0.015540,0.022944,-0.997967,True,0.033868,1.110137,-0.004825,0.057740,0.000594,0.021397,-0.998102
26.994,True,-0.033300,1.110214,-0.006440,0.057455,-0.015711,0.023043,-0.997959,True,0.033891,1.110144,-0.004824,0.057809,0.000423,0.021495,-0.998096
27.005,True,-0.033269,1.110227,-0.006416,0.057507,-0.015776,0.023207,-0.997951,True,0.033923,1.110135,-0.004806,0.057863,0.000358,0.021659,-0.998090
27.016,True,-0.033240,1.110230,-0.006408,0.057454,-0.015736,0.023336,-0.997951,True,0.033952,1.110118,-0.004807,0.057812,0.000398,0.021787,-0.998090
27.028,True,-0.033205,1.110213,-0.006415,0.057248,-0.015526,0.023470,-0.997963,True,0.033986,1.110080,-0.004818,0.057609,0.000608,0.021921,-0.998098
27.039,True,-0.033178,1.110192,-0.006401,0.057061,-0.015550,0.023523,-0.997972,True,0.034014,1.110050,-0.004813,0.057422,0.000583,0.021975,-0.998108
27.050,True,-0.033154,1.110158,-0.006409,0.056934,-0.015456,0.023484,-0.997982,True,0.034038,1.110019,-0.004824,0.057296,0.000678,0.021937,-0.998116
27.061,True,-0.033139,1.110151,-0.006417,0.057017,-0.015400,0.023472,-0.997978,True,0.034053,1.110013,-0.004835,0.057378,0.000734,0.021924,-0.998112
27.072,True,-0.033125,1.110163,-0.006403,0.057171,-0.015153,0.023470,-0.997974,True,0.034067,1.110024,-0.004812,0.057533,0.000981,0.021921,-0.998103
27.083,True,-0.033107,1.110191,-0.006394,0.057472,-0.015045,0.023563,-0.997956,True,0.034085,1.110039,-0.004804,0.057835,0.001088,0.022012,-0.998083
27.094,True,-0.033083,1.110235,-0.006385,0.057799,-0.014944,0.023731,-0.997934,True,0.034109,1.110059,-0.004797,0.058166,0.001190,0.022178,-0.998060
27.105,True,-0.033063,1.110272,-0.006346,0.058020,-0.015139,0.023941,-0.997914,True,0.034129,1.110066,-0.004784,0.058390,0.000995,0.022386,-0.998042
27.116,True,-0.033028,1.110286,-0.006332,0.058137,-0.015430,0.024076,-0.997899,True,0.034165,1.110064,-0.004785,0.058509,0.000704,0.022520,-0.998033
27.127,True,-0.032996,1.110283,-0.006312,0.058132,-0.015614,0.024124,-0.997895,True,0.034198,1.110050,-0.004805,0.058504,0.000520,0.022567,-0.998032
27.139,True,-0.032988,1.110263,-0.006270,0.057884,-0.015900,0.024014,-0.997908,True,0.034207,1.110044,-0.004798,0.058254,0.000233,0.022459,-0.998049
27.150,True,-0.032979,1.110225,-0.006249,0.057822,-0.016149,0.023824,-0.997912,True,0.034216,1.110031,-0.004801,0.058189,-0.000016,0.022269,-0.998057
27.164,True,-0.032971,1.110198,-0.006244,0.057735,-0.016465,0.023665,-0.997916,True,0.034224,1.110027,-0.004807,0.058099,-0.000331,0.022111,-0.998066
27.172,True,-0.033016,1.110189,-0.006181,0.057699,-0.016683,0.023586,-0.997916,True,0.034179,1.110028,-0.004761,0.058061,-0.000549,0.022034,-0.998070
27.183,True,-0.033009,1.110133,-0.006184,0.057650,-0.016770,0.023331,-0.997923,True,0.034187,1.110006,-0.004774,0.058009,-0.000636,0.021780,-0.998078
27.194,True,-0.033017,1.110045,-0.006178,0.057346,-0.016831,0.023052,-0.997946,True,0.034179,1.109956,-0.004766,0.057700,-0.000698,0.021503,-0.998102
27.205,True,-0.033038,1.109998,-0.006133,0.057315,-0.016864,0.022817,-0.997953,True,0.034158,1.109941,-0.004724,0.057665,-0.000730,0.021269,-0.998109
27.216,True,-0.033054,1.110017,-0.006135,0.057115,-0.016837,0.022819,-0.997965,True,0.034141,1.109960,-0.004713,0.057465,-0.000703,0.021273,-0.998121
27.227,True,-0.033079,1.110047,-0.006124,0.057030,-0.016710,0.023116,-0.997965,True,0.034116,1.109951,-0.004681,0.057385,-0.000576,0.021572,-0.998119
27.239,True,-0.033120,1.110087,-0.006100,0.056977,-0.016707,0.023590,-0.997957,True,0.034075,1.109929,-0.004645,0.057339,-0.000573,0.022047,-0.998111
27.250,True,-0.033150,1.110146,-0.006093,0.056935,-0.016750,0.023926,-0.997951,True,0.034044,1.109944,-0.004632,0.057302,-0.000615,0.022385,-0.998106
27.261,True,-0.033171,1.110182,-0.006083,0.056786,-0.016722,0.023967,-0.997959,True,0.034023,1.109974,-0.004616,0.057154,-0.000588,0.022425,-0.998113
27.272,True,-0.033169,1.110204,-0.006048,0.056782,-0.016701,0.023774,-0.997964,True,0.034026,1.110024,-0.004572,0.057147,-0.000566,0.022233,-0.998118
27.283,True,-0.033188,1.110202,-0.006052,0.056860,-0.016624,0.023655,-0.997963,True,0.034006,1.110040,-0.004561,0.057223,-0.000490,0.022112,-0.998116
27.301,True,-0.033215,1.110171,-0.006044,0.057035,-0.016495,0.023620,-0.997956,True,0.033979,1.110013,-0.004547,0.057398,-0.000360,0.022078,-0.998107
27.312,True,-0.033235,1.110157,-0.006059,0.056980,-0.016375,0.023762,-0.997958,True,0.033959,1.109980,-0.004545,0.057345,-0.000241,0.022221,-0.998107
27.324,True,-0.033280,1.110085,-0.006052,0.056978,-0.016496,0.023745,-0.997957,True,0.033914,1.109906,-0.004569,0.057343,-0.000361,0.022206,-0.998108
27.335,True,-0.033269,1.110032,-0.006048,0.057235,-0.016329,0.023675,-0.997946,True,0.033925,1.109860,-0.004565,0.057599,-0.000194,0.022135,-0.998094
27.346,True,-0.033307,1.109975,-0.006060,0.057065,-0.016356,0.023366,-0.997963,True,0.033887,1.109843,-0.004586,0.057424,-0.000220,0.021829,-0.998111
27.357,True,-0.033340,1.109964,-0.006067,0.057073,-0.016299,0.023325,-0.997964,True,0.033855,1.109838,-0.004587,0.057432,-0.000163,0.021788,-0.998112
27.368,True,-0.033390,1.109945,-0.006078,0.057104,-0.016201,0.023095,-0.997970,True,0.033804,1.109852,-0.004580,0.057459,-0.000065,0.021556,-0.998115
27.379,True,-0.033437,1.109966,-0.006099,0.057317,-0.015993,0.022958,-0.997964,True,0.033757,1.109893,-0.004580,0.057670,0.000143,0.021418,-0.998106
27.390,True,-0.033488,1.110023,-0.006110,0.057340,-0.015968,0.022837,-0.997966,True,0.033705,1.109970,-0.004566,0.057690,0.000168,0.021294,-0.998107
27.401,True,-0.033523,1.110058,-0.006096,0.057643,-0.015771,0.022731,-0.997954,True,0.033669,1.110021,-0.004534,0.057992,0.000365,0.021184,-0.998092
27.412,True,-0.033569,1.110082,-0.006113,0.057725,-0.015593,0.022580,-0.997955,True,0.033623,1.110067,-0.004529,0.058072,0.000543,0.021033,-0.998091
27.424,True,-0.033605,1.110119,-0.006124,0.058023,-0.016039,0.022545,-0.997932,True,0.033587,1.110116,-0.004532,0.058369,0.000097,0.020997,-0.998074
27.435,True,-0.033611,1.110130,-0.006124,0.058030,-0.015982,0.022307,-0.997938,True,0.033580,1.110162,-0.004512,0.058371,0.000153,0.020757,-0.998079
27.446,True,-0.033653,1.110132,-0.006147,0.057952,-0.015835,0.022244,-0.997946,True,0.033538,1.110173,-0.004517,0.058292,0.000300,0.020696,-0.998085
27.457,True,-0.033670,1.110131,-0.006169,0.057804,-0.015985,0.022437,-0.997948,True,0.033520,1.110150,-0.004524,0.058147,0.000150,0.020889,-0.998090
27.468,True,-0.033696,1.110089,-0.006190,0.057588,-0.015806,0.022509,-0.997962,True,0.033494,1.110099,-0.004520,0.057932,0.000329,0.020963,-0.998100
27.479,True,-0.033717,1.110077,-0.006218,0.057497,-0.015838,0.022741,-0.997961,True,0.033473,1.110058,-0.004533,0.057845,0.000297,0.021197,-0.998101
27.490,True,-0.033727,1.110052,-0.006244,0.057061,-0.015597,0.022763,-0.997989,True,0.033463,1.110027,-0.004557,0.057410,0.000537,0.021220,-0.998125
27.501,True,-0.033700,1.110049,-0.006269,0.057071,-0.015585,0.022728,-0.997990,True,0.033489,1.110030,-0.004569,0.057419,0.000550,0.021186,-0.998125
27.512,True,-0.033699,1.110045,-0.006280,0.057084,-0.016096,0.022635,-0.997983,True,0.033490,1.110045,-0.004586,0.057429,0.000038,0.021093,-0.998127
27.524,True,-0.033692,1.110061,-0.006305,0.057224,-0.016249,0.022584,-0.997974,True,0.033498,1.110073,-0.004599,0.057568,-0.000115,0.021038,-0.998120
27.535,True,-0.033673,1.110094,-0.006307,0.057420,-0.016404,0.022620,-0.997959,True,0.033516,1.110105,-0.004592,0.057764,-0.000270,0.021072,-0.998108
27.546,True,-0.033664,1.110145,-0.006313,0.057466,-0.016474,0.022752,-0.997952,True,0.033525,1.110139,-0.004605,0.057813,-0.000341,0.021203,-0.998102
27.557,True,-0.033646,1.110173,-0.006323,0.057814,-0.016810,0.022809,-0.997925,True,0.033543,1.110163,-0.004623,0.058160,-0.000677,0.021257,-0.998081
27.568,True,-0.033615,1.110187,-0.006322,0.058009,-0.016908,0.022862,-0.997911,True,0.033574,1.110172,-0.004626,0.058356,-0.000775,0.021307,-0.998068
27.579,True,-0.033588,1.110228,-0.006304,0.058094,-0.017075,0.022869,-0.997903,True,0.033602,1.110210,-0.004629,0.058442,-0.000941,0.021315,-0.998063
27.590,True,-0.033559,1.110257,-0.006325,0.058159,-0.017112,0.022915,-0.997898,True,0.033631,1.110234,-0.004653,0.058507,-0.000979,0.021358,-0.998058
27.602,True,-0.033549,1.110263,-0.006316,0.058228,-0.017433,0.022960,-0.997887,True,0.033642,1.110235,-0.004669,0.058576,-0.001300,0.021403,-0.998053
27.613,True,-0.033533,1.110286,-0.006299,0.058359,-0.017361,0.023092,-0.997878,True,0.033658,1.110239,-0.004650,0.058710,-0.001227,0.021536,-0.998042
27.623,True,-0.033506,1.110274,-0.006330,0.058377,-0.017347,0.023140,-0.997876,True,0.033684,1.110219,-0.004685,0.058728,-0.001214,0.021584,-0.998040
27.634,True,-0.033488,1.110249,-0.006333,0.058382,-0.017579,0.023211,-0.997870,True,0.033703,1.110185,-0.004701,0.058735,-0.001445,0.021656,-0.998038
27.646,True,-0.033456,1.110204,-0.006347,0.058282,-0.017896,0.023261,-0.997869,True,0.033735,1.110135,-0.004729,0.058635,-0.001762,0.021708,-0.998042
27.657,True,-0.033433,1.110192,-0.006359,0.058243,-0.017967,0.023278,-0.997869,True,0.033758,1.110119,-0.004752,0.058596,-0.001833,0.021726,-0.998044
27.668,True,-0.033412,1.110186,-0.006351,0.058272,-0.018104,0.023332,-0.997864,True,0.033780,1.110106,-0.004751,0.058626,-0.001970,0.021780,-0.998041
27.679,True,-0.033394,1.110194,-0.006359,0.058307,-0.018039,0.023461,-0.997860,True,0.033798,1.110096,-0.004760,0.058663,-0.001905,0.021908,-0.998036
27.690,True,-0.033394,1.110211,-0.006361,0.058368,-0.018213,0.023599,-0.997850,True,0.033798,1.110095,-0.004771,0.058726,-0.002080,0.022046,-0.998029
27.701,True,-0.033397,1.110220,-0.006337,0.058212,-0.018088,0.023744,-0.997858,True,0.033795,1.110082,-0.004750,0.058573,-0.001954,0.022191,-0.998035
27.713,True,-0.033396,1.110216,-0.006336,0.057959,-0.018149,0.023767,-0.997871,True,0.033797,1.110075,-0.004753,0.058320,-0.002016,0.022216,-0.998049
27.724,True,-0.033396,1.110195,-0.006348,0.058082,-0.018194,0.023721,-0.997864,True,0.033796,1.110060,-0.004768,0.058442,-0.002060,0.022170,-0.998043
27.735,True,-0.033401,1.110158,-0.006339,0.057777,-0.018253,0.023628,-0.997883,True,0.033791,1.110034,-0.004766,0.058136,-0.002120,0.022079,-0.998062
27.746,True,-0.033401,1.110103,-0.006343,0.057431,-0.018430,0.023484,-0.997903,True,0.033791,1.110000,-0.004780,0.057787,-0.002296,0.021937,-0.998085
27.757,True,-0.033408,1.110057,-0.006353,0.057181,-0.018562,0.023325,-0.997919,True,0.033784,1.109976,-0.004794,0.057535,-0.002429,0.021780,-0.998103
27.768,True,-0.033441,1.110060,-0.006353,0.056907,-0.018586,0.023293,-0.997935,True,0.033751,1.109983,-0.004792,0.057260,-0.002453,0.021750,-0.998119
27.779,True,-0.033451,1.110046,-0.006356,0.057470,-0.015134,0.022801,-0.997972,True,0.033742,1.109992,-0.004790,0.057821,0.001001,0.021256,-0.998100
27.790,True,-0.033465,1.109993,-0.006343,0.055547,-0.013766,0.022371,-0.998111,True,0.033728,1.109981,-0.004782,0.055893,0.002365,0.020825,-0.998217
27.801,True,-0.033486,1.109960,-0.006313,0.055631,-0.012487,0.022006,-0.998131,True,0.033706,1.109982,-0.004752,0.055974,0.003644,0.020456,-0.998216
27.813,True,-0.033496,1.110054,-0.006286,0.056332,-0.012826,0.022025,-0.998087,True,0.033696,1.110080,-0.004710,0.056675,0.003307,0.020473,-0.998177
27.824,True,-0.033502,1.110112,-0.006294,0.055767,-0.012525,0.022118,-0.998120,True,0.033690,1.110124,-0.004709,0.056112,0.003606,0.020564,-0.998206
27.835,True,-0.033521,1.110178,-0.006270,0.055336,-0.012499,0.022375,-0.998139,True,0.033671,1.110156,-0.004686,0.055684,0.003630,0.020819,-0.998225
27.846,True,-0.033535,1.110225,-0.006263,0.054846,-0.012867,0.022787,-0.998152,True,0.033657,1.110155,-0.004667,0.055201,0.003261,0.021231,-0.998244
27.857,True,-0.033543,1.110265,-0.006256,0.054849,-0.013055,0.023014,-0.998144,True,0.033649,1.110164,-0.004669,0.055207,0.003073,0.021460,-0.998240
27.868,True,-0.033541,1.110294,-0.006249,0.055108,-0.013475,0.023042,-0.998124,True,0.033651,1.110193,-0.004671,0.055466,0.002654,0.021491,-0.998226
27.879,True,-0.033540,1.110272,-0.006248,0.056008,-0.014466,0.022843,-0.998064,True,0.033652,1.110207,-0.004675,0.056361,0.001666,0.021295,-0.998182
27.890,True,-0.033543,1.110235,-0.006261,0.055461,-0.013944,0.022623,-0.998107,True,0.033650,1.110194,-0.004683,0.055811,0.002187,0.021075,-0.998217
27.901,True,-0.033562,1.110208,-0.006259,0.055510,-0.014101,0.022583,-0.998103,True,0.033630,1.110175,-0.004673,0.055859,0.002031,0.021037,-0.998215
27.913,True,-0.033594,1.110195,-0.006250,0.055154,-0.014118,0.022756,-0.998119,True,0.033598,1.110140,-0.004665,0.055505,0.002013,0.021209,-0.998231
27.923,True,-0.033615,1.110172,-0.006260,0.055231,-0.014144,0.022763,-0.998114,True,0.033577,1.110116,-0.004673,0.055583,0.001987,0.021216,-0.998227
27.934,True,-0.033646,1.110159,-0.006258,0.055245,-0.014442,0.022678,-0.998111,True,0.033546,1.110120,-0.004670,0.055595,0.001689,0.021131,-0.998228
27.946,True,-0.033700,1.110151,-0.006254,0.055277,-0.014834,0.022494,-0.998107,True,0.033492,1.110144,-0.004657,0.055623,0.001296,0.020944,-0.998231
27.957,True,-0.033758,1.110136,-0.006269,0.055355,-0.014865,0.022160,-0.998110,True,0.033433,1.110178,-0.004649,0.055695,0.001265,0.020609,-0.998234
27.968,True,-0.033841,1.110125,-0.006274,0.055703,-0.014597,0.021888,-0.998101,True,0.033349,1.110208,-0.004610,0.056039,0.001533,0.020334,-0.998220
27.979,True,-0.033931,1.110116,-0.006281,0.055983,-0.014327,0.021566,-0.998096,True,0.033258,1.110245,-0.004580,0.056313,0.001804,0.020010,-0.998211
27.990,True,-0.034032,1.110173,-0.006319,0.056263,-0.013865,0.021590,-0.998086,True,0.033156,1.110304,-0.004547,0.056594,0.002266,0.020032,-0.998194
28.001,True,-0.034124,1.110191,-0.006334,0.056334,-0.013531,0.021599,-0.998087,True,0.033062,1.110326,-0.004504,0.056666,0.002600,0.020041,-0.998189
28.012,True,-0.034249,1.110204,-0.006352,0.056552,-0.013241,0.021552,-0.998079,True,0.032935,1.110352,-0.004463,0.056883,0.002890,0.019992,-0.998177
28.023,True,-0.034344,1.110198,-0.006367,0.056475,-0.013105,0.021146,-0.998094,True,0.032839,1.110404,-0.004440,0.056800,0.003027,0.019589,-0.998189
28.034,True,-0.034439,1.110173,-0.006354,0.056510,-0.012820,0.020834,-0.998102,True,0.032743,1.110423,-0.004387,0.056829,0.003312,0.019278,-0.998192
28.045,True,-0.034533,1.110161,-0.006363,0.056524,-0.012340,0.020669,-0.998111,True,0.032647,1.110434,-0.004347,0.056841,0.003792,0.019113,-0.998193
28.057,True,-0.034626,1.110096,-0.006387,0.056694,-0.012116,0.020523,-0.998107,True,0.032553,1.110392,-0.004332,0.057008,0.004017,0.018967,-0.998186
28.068,True,-0.034691,1.110062,-0.006366,0.056404,-0.012037,0.020586,-0.998123,True,0.032487,1.110352,-0.004279,0.056720,0.004095,0.019034,-0.998200
28.079,True,-0.034742,1.110022,-0.006380,0.056296,-0.011901,0.020563,-0.998132,True,0.032435,1.110315,-0.004275,0.056611,0.004232,0.019014,-0.998206
28.090,True,-0.034778,1.109960,-0.006383,0.056189,-0.011792,0.020319,-0.998144,True,0.032399,1.110282,-0.004285,0.056501,0.004342,0.018773,-0.998217
28.101,True,-0.034786,1.109887,-0.006357,0.055986,-0.011645,0.020036,-0.998163,True,0.032392,1.110244,-0.004260,0.056294,0.004489,0.018493,-0.998233
28.112,True,-0.034790,1.109860,-0.006351,0.055827,-0.011519,0.019809,-0.998178,True,0.032387,1.110246,-0.004258,0.056131,0.004615,0.018267,-0.998246
28.124,True,-0.034786,1.109876,-0.006345,0.055608,-0.011792,0.019726,-0.998188,True,0.032391,1.110277,-0.004246,0.055910,0.004342,0.018184,-0.998261
28.134,True,-0.034778,1.109912,-0.006300,0.055884,-0.011680,0.019790,-0.998173,True,0.032399,1.110301,-0.004218,0.056187,0.004454,0.018245,-0.998244
28.146,True,-0.034755,1.109955,-0.006279,0.056003,-0.012357,0.019861,-0.998157,True,0.032423,1.110343,-0.004215,0.056306,0.003776,0.018312,-0.998239
28.157,True,-0.034726,1.110007,-0.006256,0.056169,-0.012302,0.019935,-0.998147,True,0.032453,1.110382,-0.004209,0.056474,0.003830,0.018384,-0.998228
28.168,True,-0.034682,1.110031,-0.006215,0.056163,-0.012597,0.020024,-0.998141,True,0.032498,1.110394,-0.004198,0.056469,0.003535,0.018472,-0.998227
28.179,True,-0.034631,1.110040,-0.006179,0.056416,-0.012745,0.020096,-0.998124,True,0.032550,1.110389,-0.004197,0.056723,0.003388,0.018542,-0.998212
28.190,True,-0.034563,1.110055,-0.006158,0.056387,-0.012956,0.020179,-0.998121,True,0.032618,1.110392,-0.004204,0.056696,0.003177,0.018625,-0.998213
28.201,True,-0.034497,1.110042,-0.006123,0.056243,-0.013285,0.020347,-0.998121,True,0.032686,1.110356,-0.004201,0.056554,0.002847,0.018794,-0.998219
28.212,True,-0.034433,1.110030,-0.006088,0.056198,-0.013554,0.020503,-0.998117,True,0.032751,1.110320,-0.004200,0.056511,0.002578,0.018951,-0.998219
28.223,True,-0.034376,1.110027,-0.006075,0.055911,-0.013580,0.020666,-0.998130,True,0.032808,1.110292,-0.004205,0.056227,0.002552,0.019115,-0.998232
28.234,True,-0.034330,1.110009,-0.006051,0.055734,-0.013606,0.020826,-0.998136,True,0.032855,1.110250,-0.004202,0.056052,0.002525,0.019275,-0.998239
28.246,True,-0.034286,1.109999,-0.006018,0.055559,-0.013700,0.020941,-0.998142,True,0.032899,1.110221,-0.004196,0.055879,0.002432,0.019391,-0.998246
28.257,True,-0.034242,1.109986,-0.005986,0.055493,-0.013844,0.020953,-0.998143,True,0.032944,1.110205,-0.004187,0.055813,0.002288,0.019403,-0.998250
28.268,True,-0.034237,1.109954,-0.005908,0.055394,-0.013931,0.020920,-0.998148,True,0.032950,1.110176,-0.004125,0.055714,0.002201,0.019371,-0.998256
28.279,True,-0.034218,1.109955,-0.005880,0.055199,-0.013931,0.020894,-0.998160,True,0.032968,1.110180,-0.004099,0.055519,0.002200,0.019346,-0.998268
28.290,True,-0.034227,1.109939,-0.005859,0.054791,-0.014112,0.020813,-0.998181,True,0.032960,1.110177,-0.004077,0.055109,0.002019,0.019266,-0.998292
28.301,True,-0.034270,1.109897,-0.005807,0.054591,-0.014266,0.020750,-0.998191,True,0.032917,1.110144,-0.004031,0.054908,0.001864,0.019204,-0.998305
28.312,True,-0.034302,1.109848,-0.005786,0.054516,-0.014569,0.020566,-0.998195,True,0.032884,1.110125,-0.003999,0.054829,0.001562,0.019023,-0.998313
28.324,True,-0.034337,1.109805,-0.005777,0.054594,-0.014632,0.020339,-0.998194,True,0.032849,1.110116,-0.003966,0.054903,0.001499,0.018800,-0.998314
28.335,True,-0.034409,1.109716,-0.005719,0.054533,-0.014486,0.019964,-0.998207,True,0.032776,1.110078,-0.003892,0.054836,0.001646,0.018425,-0.998324
28.346,True,-0.034458,1.109647,-0.005720,0.054592,-0.014167,0.019551,-0.998217,True,0.032725,1.110065,-0.003857,0.054889,0.001966,0.018014,-0.998328
28.357,True,-0.034524,1.109612,-0.005713,0.054833,-0.014067,0.019338,-0.998209,True,0.032659,1.110062,-0.003814,0.055126,0.002067,0.017802,-0.998319
28.368,True,-0.034579,1.109602,-0.005684,0.055090,-0.014142,0.019238,-0.998196,True,0.032603,1.110071,-0.003756,0.055382,0.001991,0.017702,-0.998306
28.379,True,-0.034612,1.109576,-0.005656,0.054840,-0.013993,0.018987,-0.998217,True,0.032569,1.110080,-0.003711,0.055127,0.002140,0.017452,-0.998325
28.390,True,-0.034631,1.109514,-0.005633,0.055330,-0.014048,0.018736,-0.998193,True,0.032549,1.110055,-0.003670,0.055613,0.002086,0.017201,-0.998302
28.401,True,-0.034664,1.109452,-0.005583,0.055609,-0.014126,0.018458,-0.998182,True,0.032515,1.110036,-0.003596,0.055887,0.002008,0.016921,-0.998292
28.412,True,-0.034687,1.109537,-0.005566,0.055790,-0.014159,0.018523,-0.998170,True,0.032492,1.110116,-0.003559,0.056069,0.001976,0.016985,-0.998281
28.424,True,-0.034703,1.109628,-0.005544,0.056255,-0.014621,0.018856,-0.998131,True,0.032475,1.110171,-0.003515,0.056538,0.001514,0.017316,-0.998249
28.435,True,-0.034716,1.109707,-0.005502,0.056548,-0.014963,0.019252,-0.998102,True,0.032462,1.110205,-0.003454,0.056837,0.001171,0.017709,-0.998226
28.446,True,-0.034718,1.109841,-0.005487,0.057038,-0.015348,0.019657,-0.998061,True,0.032460,1.110292,-0.003433,0.057332,0.000785,0.018110,-0.998191
28.457,True,-0.034706,1.109946,-0.005484,0.057296,-0.015918,0.019855,-0.998033,True,0.032472,1.110380,-0.003421,0.057593,0.000216,0.018306,-0.998172
28.468,True,-0.034699,1.109976,-0.005449,0.057767,-0.016583,0.019877,-0.997995,True,0.032479,1.110414,-0.003395,0.058063,-0.000450,0.018328,-0.998145
28.479,True,-0.034662,1.109971,-0.005467,0.057772,-0.016822,0.019700,-0.997994,True,0.032516,1.110437,-0.003409,0.058065,-0.000689,0.018151,-0.998148
28.490,True,-0.034632,1.109960,-0.005475,0.057702,-0.017134,0.019702,-0.997992,True,0.032546,1.110429,-0.003417,0.057994,-0.001001,0.018155,-0.998151
28.501,True,-0.034607,1.109921,-0.005484,0.057798,-0.017562,0.019808,-0.997977,True,0.032571,1.110381,-0.003429,0.058091,-0.001429,0.018261,-0.998143
28.513,True,-0.034586,1.109907,-0.005495,0.057996,-0.018352,0.019963,-0.997949,True,0.032592,1.110356,-0.003446,0.058290,-0.002220,0.018415,-0.998127
28.524,True,-0.034559,1.109942,-0.005513,0.058273,-0.018536,0.020039,-0.997927,True,0.032619,1.110386,-0.003450,0.058569,-0.002404,0.018488,-0.998109
28.535,True,-0.034579,1.109958,-0.005531,0.058600,-0.018758,0.020078,-0.997903,True,0.032598,1.110405,-0.003446,0.058895,-0.002627,0.018524,-0.998089
28.546,True,-0.034584,1.109934,-0.005563,0.058746,-0.019305,0.020097,-0.997884,True,0.032592,1.110392,-0.003445,0.059040,-0.003175,0.018540,-0.998078
28.557,True,-0.034583,1.109911,-0.005608,0.058888,-0.019141,0.020033,-0.997880,True,0.032592,1.110381,-0.003452,0.059181,-0.003011,0.018476,-0.998072
28.568,True,-0.030941,1.116268,-0.004315,0.059037,-0.019853,0.020233,-0.997853,True,0.032628,1.110353,-0.003452,0.059332,-0.003723,0.018679,-0.998057
28.583,True,-0.030941,1.116268,-0.004315,0.059037,-0.019853,0.020233,-0.997853,True,0.032628,1.110353,-0.003452,0.059332,-0.003723,0.018679,-0.998057
28.601,True,-0.030865,1.116316,-0.004314,0.059526,-0.020277,0.020415,-0.997812,True,0.032702,1.110382,-0.003459,0.059824,-0.004148,0.018859,-0.998022
28.612,True,-0.030790,1.116331,-0.004320,0.059441,-0.020337,0.020433,-0.997815,True,0.032777,1.110396,-0.003462,0.059739,-0.004208,0.018877,-0.998027
28.623,True,-0.030719,1.116361,-0.004312,0.059458,-0.020893,0.020520,-0.997801,True,0.032847,1.110419,-0.003467,0.059757,-0.004765,0.018966,-0.998021
28.635,True,-0.030650,1.116357,-0.004279,0.059106,-0.021187,0.020388,-0.997819,True,0.032919,1.110433,-0.003450,0.059402,-0.005059,0.018836,-0.998044
28.646,True,-0.030551,1.116350,-0.004270,0.058985,-0.021509,0.020546,-0.997816,True,0.033016,1.110409,-0.003446,0.059283,-0.005382,0.018996,-0.998046
28.657,True,-0.030449,1.116347,-0.004237,0.058963,-0.022285,0.020864,-0.997793,True,0.033115,1.110369,-0.003443,0.059265,-0.006159,0.019317,-0.998036
28.668,True,-0.030331,1.116336,-0.004174,0.058721,-0.022746,0.021297,-0.997788,True,0.033228,1.110304,-0.003406,0.059030,-0.006620,0.019751,-0.998039
28.679,True,-0.030200,1.116329,-0.004133,0.058577,-0.023419,0.021543,-0.997776,True,0.033356,1.110267,-0.003404,0.058888,-0.007294,0.019998,-0.998038
28.690,True,-0.030062,1.116296,-0.004099,0.058671,-0.023702,0.021691,-0.997760,True,0.033493,1.110213,-0.003403,0.058984,-0.007577,0.020147,-0.998027
28.701,True,-0.029936,1.116259,-0.004042,0.058128,-0.024363,0.021787,-0.997774,True,0.033618,1.110168,-0.003375,0.058442,-0.008239,0.020245,-0.998052
28.713,True,-0.029799,1.116230,-0.004010,0.057952,-0.024888,0.021834,-0.997770,True,0.033755,1.110135,-0.003366,0.058266,-0.008764,0.020296,-0.998056
28.724,True,-0.029663,1.116184,-0.003977,0.057897,-0.025446,0.021875,-0.997758,True,0.033891,1.110086,-0.003363,0.058211,-0.009323,0.020339,-0.998054
28.735,True,-0.029540,1.116200,-0.003957,0.058292,-0.025561,0.022107,-0.997728,True,0.034012,1.110071,-0.003353,0.058610,-0.009437,0.020573,-0.998024
28.746,True,-0.029392,1.116235,-0.003919,0.058609,-0.024698,0.022317,-0.997726,True,0.034156,1.110064,-0.003343,0.058933,-0.008571,0.020784,-0.998009
28.757,True,-0.029202,1.116284,-0.003870,0.059294,-0.022577,0.022449,-0.997733,True,0.034341,1.110064,-0.003332,0.059624,-0.006445,0.020913,-0.997981
28.768,True,-0.029070,1.116346,-0.003822,0.060259,-0.021287,0.022596,-0.997700,True,0.034469,1.110087,-0.003306,0.060595,-0.005152,0.021060,-0.997927
28.779,True,-0.028929,1.116395,-0.003775,0.062731,-0.020018,0.022744,-0.997571,True,0.034607,1.110094,-0.003299,0.063073,-0.003877,0.021205,-0.997776
28.790,True,-0.028784,1.116420,-0.003741,0.064156,-0.019417,0.022845,-0.997489,True,0.034750,1.110092,-0.003299,0.064502,-0.003273,0.021304,-0.997685
28.801,True,-0.028668,1.116460,-0.003705,0.065002,-0.019076,0.023007,-0.997438,True,0.034863,1.110103,-0.003287,0.065351,-0.002931,0.021464,-0.997627
28.812,True,-0.028528,1.116487,-0.003680,0.065450,-0.018849,0.023084,-0.997411,True,0.035001,1.110112,-0.003295,0.065801,-0.002703,0.021541,-0.997597
28.824,True,-0.028391,1.116515,-0.003658,0.064646,-0.018814,0.023225,-0.997461,True,0.035136,1.110118,-0.003300,0.065000,-0.002669,0.021682,-0.997646
28.835,True,-0.028334,1.116505,-0.003636,0.063844,-0.018879,0.023218,-0.997511,True,0.035193,1.110108,-0.003290,0.064198,-0.002734,0.021677,-0.997698
28.845,True,-0.028206,1.116515,-0.003604,0.063659,-0.018573,0.023180,-0.997530,True,0.035321,1.110114,-0.003288,0.064012,-0.002428,0.021638,-0.997712
28.857,True,-0.028103,1.116534,-0.003586,0.063709,-0.018322,0.023255,-0.997529,True,0.035422,1.110119,-0.003280,0.064064,-0.002178,0.021711,-0.997707
28.868,True,-0.028045,1.116571,-0.003567,0.063742,-0.018003,0.023409,-0.997529,True,0.035478,1.110132,-0.003266,0.064099,-0.001859,0.021862,-0.997702
28.879,True,-0.027985,1.116624,-0.003549,0.063176,-0.017215,0.023553,-0.997576,True,0.035535,1.110159,-0.003242,0.063537,-0.001071,0.022004,-0.997736
28.890,True,-0.027942,1.116674,-0.003526,0.063286,-0.017108,0.023732,-0.997567,True,0.035576,1.110185,-0.003219,0.063650,-0.000965,0.022181,-0.997725
28.901,True,-0.027897,1.116713,-0.003508,0.063107,-0.016762,0.023872,-0.997581,True,0.035618,1.110205,-0.003181,0.063473,-0.000620,0.022319,-0.997734
28.912,True,-0.027848,1.116735,-0.003497,0.063184,-0.016476,0.023921,-0.997579,True,0.035667,1.110219,-0.003160,0.063552,-0.000334,0.022366,-0.997728
28.923,True,-0.027805,1.116738,-0.003483,0.063297,-0.016651,0.023977,-0.997568,True,0.035709,1.110218,-0.003140,0.063665,-0.000509,0.022422,-0.997719
28.934,True,-0.027769,1.116710,-0.003487,0.063436,-0.017064,0.024024,-0.997551,True,0.035745,1.110190,-0.003137,0.063805,-0.000922,0.022468,-0.997709
28.946,True,-0.027732,1.116708,-0.003479,0.063235,-0.016650,0.024092,-0.997569,True,0.035781,1.110174,-0.003130,0.063605,-0.000507,0.022538,-0.997721
28.960,True,-0.027680,1.116728,-0.003472,0.063043,-0.016525,0.024223,-0.997580,True,0.035831,1.110175,-0.003122,0.063416,-0.000383,0.022672,-0.997730
28.971,True,-0.027631,1.116675,-0.003460,0.063026,-0.016248,0.024092,-0.997589,True,0.035881,1.110134,-0.003121,0.063397,-0.000104,0.022544,-0.997734
28.982,True,-0.027579,1.116594,-0.003440,0.062986,-0.016270,0.023936,-0.997595,True,0.035936,1.110072,-0.003111,0.063355,-0.000127,0.022388,-0.997740
28.994,True,-0.027516,1.116555,-0.003409,0.062899,-0.016298,0.023819,-0.997603,True,0.035999,1.110047,-0.003089,0.063265,-0.000155,0.022271,-0.997748
29.005,True,-0.027471,1.116595,-0.003376,0.062656,-0.016116,0.023832,-0.997621,True,0.036044,1.110081,-0.003071,0.063023,0.000027,0.022283,-0.997763
29.016,True,-0.027407,1.116666,-0.003350,0.062711,-0.016144,0.024029,-0.997612,True,0.036105,1.110126,-0.003052,0.063082,-0.000002,0.022477,-0.997755
29.027,True,-0.027363,1.116777,-0.003306,0.062672,-0.016142,0.024385,-0.997606,True,0.036145,1.110190,-0.003017,0.063048,0.000000,0.022832,-0.997749
29.038,True,-0.027330,1.116865,-0.003273,0.062620,-0.015959,0.024577,-0.997607,True,0.036175,1.110249,-0.002995,0.063000,0.000183,0.023023,-0.997748
29.049,True,-0.027278,1.116953,-0.003230,0.062469,-0.015979,0.024735,-0.997612,True,0.036224,1.110315,-0.002971,0.062851,0.000163,0.023182,-0.997754
29.060,True,-0.027209,1.116981,-0.003186,0.062209,-0.015952,0.024627,-0.997632,True,0.036294,1.110354,-0.002944,0.062590,0.000190,0.023076,-0.997773
29.071,True,-0.027169,1.116936,-0.003170,0.062016,-0.016169,0.024446,-0.997645,True,0.036337,1.110334,-0.002932,0.062393,-0.000027,0.022898,-0.997789
29.082,True,-0.027131,1.116869,-0.003162,0.061621,-0.015973,0.024404,-0.997673,True,0.036376,1.110270,-0.002921,0.061998,0.000170,0.022859,-0.997815
29.093,True,-0.027093,1.116820,-0.003153,0.061318,-0.015961,0.024633,-0.997687,True,0.036410,1.110192,-0.002912,0.061699,0.000181,0.023092,-0.997828
29.105,True,-0.027053,1.116736,-0.003146,0.061205,-0.015782,0.024824,-0.997692,True,0.036448,1.110080,-0.002911,0.061589,0.000361,0.023284,-0.997830
29.116,True,-0.027004,1.116670,-0.003140,0.061197,-0.015694,0.025030,-0.997688,True,0.036494,1.109985,-0.002912,0.061585,0.000449,0.023495,-0.997825
29.127,True,-0.026943,1.116611,-0.003137,0.061031,-0.015671,0.025219,-0.997694,True,0.036552,1.109900,-0.002918,0.061422,0.000473,0.023688,-0.997831
29.138,True,-0.026887,1.116564,-0.003121,0.060770,-0.015567,0.025282,-0.997710,True,0.036607,1.109841,-0.002919,0.061163,0.000577,0.023753,-0.997845
29.149,True,-0.026854,1.116531,-0.003107,0.060756,-0.015586,0.025371,-0.997708,True,0.036639,1.109795,-0.002916,0.061150,0.000558,0.023844,-0.997844
29.160,True,-0.026820,1.116522,-0.003096,0.060947,-0.015440,0.025471,-0.997697,True,0.036670,1.109771,-0.002906,0.061343,0.000704,0.023945,-0.997829
29.171,True,-0.026779,1.116557,-0.003089,0.061380,-0.015221,0.025608,-0.997670,True,0.036709,1.109785,-0.002898,0.061779,0.000924,0.024082,-0.997799
29.182,True,-0.026766,1.116604,-0.003075,0.061625,-0.015189,0.025705,-0.997653,True,0.036721,1.109818,-0.002888,0.062025,0.000956,0.024180,-0.997781
29.194,True,-0.026742,1.116612,-0.003059,0.061829,-0.015518,0.025750,-0.997634,True,0.036744,1.109824,-0.002878,0.062230,0.000628,0.024225,-0.997768
29.205,True,-0.026716,1.116573,-0.003039,0.061833,-0.015737,0.025540,-0.997636,True,0.036773,1.109811,-0.002880,0.062230,0.000409,0.024014,-0.997773
29.216,True,-0.026692,1.116585,-0.003027,0.061788,-0.015972,0.025393,-0.997638,True,0.036800,1.109841,-0.002885,0.062183,0.000175,0.023870,-0.997779
29.227,True,-0.026657,1.116593,-0.003024,0.061903,-0.016228,0.025326,-0.997629,True,0.036836,1.109860,-0.002891,0.062296,-0.000082,0.023803,-0.997774
29.238,True,-0.026644,1.116581,-0.003029,0.061688,-0.016372,0.025366,-0.997639,True,0.036849,1.109843,-0.002902,0.062082,-0.000226,0.023846,-0.997786
29.249,True,-0.026625,1.116562,-0.003028,0.061460,-0.016491,0.025521,-0.997647,True,0.036865,1.109804,-0.002913,0.061856,-0.000345,0.024001,-0.997796
29.260,True,-0.026603,1.116538,-0.003029,0.061391,-0.016602,0.025558,-0.997648,True,0.036887,1.109775,-0.002927,0.061788,-0.000456,0.024037,-0.997800
29.271,True,-0.026582,1.116516,-0.003028,0.061410,-0.016617,0.025453,-0.997650,True,0.036909,1.109764,-0.002941,0.061805,-0.000471,0.023933,-0.997801
29.283,True,-0.026574,1.116520,-0.003035,0.061483,-0.016587,0.025301,-0.997650,True,0.036919,1.109787,-0.002949,0.061876,-0.000440,0.023780,-0.997801
29.294,True,-0.026575,1.116544,-0.003040,0.061790,-0.016657,0.025252,-0.997631,True,0.036919,1.109819,-0.002951,0.062181,-0.000510,0.023731,-0.997783
29.305,True,-0.026572,1.116594,-0.003048,0.062408,-0.017033,0.025234,-0.997586,True,0.036923,1.109875,-0.002954,0.062798,-0.000886,0.023710,-0.997744
29.316,True,-0.026573,1.116644,-0.003064,0.062492,-0.016791,0.025296,-0.997584,True,0.036921,1.109917,-0.002956,0.062884,-0.000645,0.023769,-0.997738
29.327,True,-0.026572,1.116699,-0.003063,0.062965,-0.017188,0.025435,-0.997544,True,0.036920,1.109959,-0.002951,0.063359,-0.001042,0.023904,-0.997704
29.338,True,-0.026559,1.116748,-0.003072,0.063384,-0.017268,0.025524,-0.997513,True,0.036933,1.109998,-0.002961,0.063779,-0.001122,0.023988,-0.997675
29.349,True,-0.026556,1.116823,-0.003070,0.063574,-0.017175,0.025659,-0.997499,True,0.036933,1.110056,-0.002952,0.063972,-0.001029,0.024121,-0.997660
29.360,True,-0.026558,1.116886,-0.003066,0.063596,-0.017264,0.025737,-0.997495,True,0.036930,1.110110,-0.002948,0.063994,-0.001119,0.024196,-0.997656
29.372,True,-0.026549,1.116939,-0.003066,0.064123,-0.017338,0.025836,-0.997457,True,0.036939,1.110152,-0.002942,0.064523,-0.001193,0.024291,-0.997620
29.383,True,-0.026532,1.117023,-0.003059,0.064675,-0.017468,0.025934,-0.997416,True,0.036954,1.110223,-0.002942,0.065076,-0.001323,0.024385,-0.997582
29.394,True,-0.026505,1.117119,-0.003030,0.065163,-0.017973,0.025986,-0.997374,True,0.036981,1.110315,-0.002933,0.065564,-0.001828,0.024433,-0.997548
29.405,True,-0.026452,1.117215,-0.002996,0.065513,-0.018149,0.025942,-0.997349,True,0.037034,1.110416,-0.002921,0.065914,-0.002005,0.024382,-0.997525
29.416,True,-0.026404,1.117338,-0.002962,0.065891,-0.018126,0.025875,-0.997327,True,0.037083,1.110542,-0.002927,0.066291,-0.001982,0.024306,-0.997502
29.427,True,-0.026348,1.117448,-0.002928,0.066282,-0.018260,0.025928,-0.997297,True,0.037137,1.110642,-0.002925,0.066683,-0.002117,0.024352,-0.997475
29.438,True,-0.026327,1.117478,-0.002895,0.066755,-0.018654,0.025818,-0.997261,True,0.037160,1.110685,-0.002921,0.067154,-0.002511,0.024237,-0.997445
29.449,True,-0.026293,1.117529,-0.002871,0.067160,-0.019111,0.025849,-0.997224,True,0.037194,1.110731,-0.002942,0.067559,-0.002970,0.024263,-0.997416
29.460,True,-0.026262,1.117557,-0.002853,0.067619,-0.019520,0.025859,-0.997185,True,0.037224,1.110755,-0.002968,0.068018,-0.003378,0.024268,-0.997383
29.472,True,-0.026210,1.117538,-0.002834,0.068034,-0.020134,0.026013,-0.997141,True,0.037273,1.110716,-0.002998,0.068435,-0.003993,0.024421,-0.997349
29.483,True,-0.026191,1.117536,-0.002834,0.068198,-0.020569,0.026126,-0.997118,True,0.037291,1.110699,-0.003029,0.068601,-0.004428,0.024534,-0.997333
29.494,True,-0.026177,1.117540,-0.002825,0.068448,-0.020606,0.026135,-0.997099,True,0.037304,1.110695,-0.003061,0.068851,-0.004465,0.024541,-0.997315
29.505,True,-0.026141,1.117514,-0.002797,0.068676,-0.021079,0.026185,-0.997073,True,0.037339,1.110662,-0.003077,0.069079,-0.004937,0.024588,-0.997296
29.516,True,-0.026121,1.117526,-0.002779,0.068799,-0.021578,0.026150,-0.997054,True,0.037358,1.110675,-0.003108,0.069202,-0.005436,0.024553,-0.997286
29.527,True,-0.026103,1.117532,-0.002787,0.069104,-0.021799,0.026122,-0.997029,True,0.037377,1.110682,-0.003147,0.069506,-0.005657,0.024525,-0.997264
29.538,True,-0.026103,1.117491,-0.002801,0.069005,-0.021891,0.025937,-0.997039,True,0.037379,1.110663,-0.003182,0.069404,-0.005749,0.024343,-0.997275
29.549,True,-0.026127,1.117408,-0.002800,0.068953,-0.022016,0.025810,-0.997043,True,0.037356,1.110596,-0.003189,0.069350,-0.005874,0.024217,-0.997281
29.560,True,-0.026163,1.117363,-0.002808,0.069060,-0.021871,0.025690,-0.997042,True,0.037322,1.110566,-0.003184,0.069456,-0.005728,0.024098,-0.997278
29.572,True,-0.027605,1.115362,-0.003132,0.069072,-0.021868,0.025820,-0.997038,True,0.037279,1.110581,-0.003168,0.069469,-0.005725,0.024230,-0.997273
29.583,True,-0.027662,1.115421,-0.003144,0.069206,-0.021532,0.025967,-0.997032,True,0.037221,1.110619,-0.003167,0.069606,-0.005389,0.024376,-0.997262
29.594,True,-0.027729,1.115511,-0.003148,0.069871,-0.022039,0.026406,-0.996963,True,0.037150,1.110660,-0.003155,0.070278,-0.005896,0.024814,-0.997201
29.605,True,-0.027798,1.115547,-0.003144,0.069836,-0.021744,0.026734,-0.996963,True,0.037078,1.110650,-0.003144,0.070248,-0.005601,0.025140,-0.997197
29.616,True,-0.027861,1.115592,-0.003147,0.069930,-0.021820,0.026797,-0.996953,True,0.037014,1.110688,-0.003147,0.070343,-0.005676,0.025206,-0.997188
29.627,True,-0.027951,1.115579,-0.003168,0.069906,-0.021578,0.026581,-0.996966,True,0.036926,1.110702,-0.003152,0.070316,-0.005434,0.024993,-0.997197
29.638,True,-0.028002,1.115495,-0.003171,0.069199,-0.021044,0.026299,-0.997034,True,0.036878,1.110651,-0.003139,0.069605,-0.004899,0.024714,-0.997256
29.649,True,-0.028097,1.115392,-0.003215,0.068714,-0.020551,0.025979,-0.997086,True,0.036785,1.110590,-0.003145,0.069115,-0.004406,0.024399,-0.997301
29.660,True,-0.028185,1.115302,-0.003255,0.068976,-0.020505,0.025896,-0.997071,True,0.036698,1.110515,-0.003146,0.069376,-0.004359,0.024320,-0.997285
29.672,True,-0.028315,1.115169,-0.003293,0.068250,-0.019946,0.025853,-0.997134,True,0.036569,1.110387,-0.003152,0.068649,-0.003800,0.024284,-0.997338
29.683,True,-0.028407,1.115088,-0.003329,0.067515,-0.019713,0.025817,-0.997189,True,0.036477,1.110312,-0.003162,0.067914,-0.003567,0.024250,-0.997390
29.694,True,-0.028501,1.115009,-0.003354,0.067366,-0.019504,0.025717,-0.997206,True,0.036384,1.110245,-0.003176,0.067763,-0.003358,0.024154,-0.997403
29.705,True,-0.028592,1.114919,-0.003379,0.066997,-0.019384,0.025529,-0.997238,True,0.036295,1.110180,-0.003188,0.067391,-0.003238,0.023969,-0.997433
29.716,True,-0.028696,1.114860,-0.003419,0.066573,-0.018989,0.025320,-0.997280,True,0.036193,1.110149,-0.003191,0.066964,-0.002842,0.023763,-0.997468
29.727,True,-0.028795,1.114804,-0.003440,0.066118,-0.018331,0.025159,-0.997326,True,0.036095,1.110112,-0.003181,0.066507,-0.002184,0.023605,-0.997504
29.738,True,-0.028897,1.114793,-0.003464,0.066018,-0.018143,0.025119,-0.997337,True,0.035993,1.110109,-0.003169,0.066407,-0.001996,0.023565,-0.997512
29.749,True,-0.028985,1.114821,-0.003484,0.065887,-0.017778,0.024968,-0.997356,True,0.035907,1.110157,-0.003164,0.066274,-0.001631,0.023415,-0.997525
29.760,True,-0.029059,1.114818,-0.003499,0.066019,-0.017502,0.024834,-0.997356,True,0.035834,1.110169,-0.003172,0.066404,-0.001355,0.023280,-0.997520
29.771,True,-0.029098,1.114806,-0.003501,0.066372,-0.017597,0.024540,-0.997338,True,0.035798,1.110192,-0.003200,0.066752,-0.001450,0.022985,-0.997504
29.783,True,-0.029119,1.114819,-0.003502,0.066272,-0.017668,0.024246,-0.997351,True,0.035779,1.110242,-0.003218,0.066648,-0.001521,0.022692,-0.997517
29.794,True,-0.029156,1.114786,-0.003511,0.066832,-0.017523,0.023748,-0.997328,True,0.035746,1.110268,-0.003244,0.067199,-0.001374,0.022195,-0.997492
29.805,True,-0.029193,1.114760,-0.003518,0.066638,-0.017432,0.023566,-0.997347,True,0.035711,1.110265,-0.003253,0.067003,-0.001283,0.022013,-0.997509
29.816,True,-0.029239,1.114726,-0.003515,0.066658,-0.017470,0.023420,-0.997348,True,0.035667,1.110248,-0.003265,0.067021,-0.001322,0.021867,-0.997511
29.827,True,-0.029272,1.114700,-0.003515,0.066718,-0.017437,0.023407,-0.997345,True,0.035633,1.110224,-0.003263,0.067080,-0.001288,0.021854,-0.997508
29.838,True,-0.029309,1.114667,-0.003518,0.066844,-0.017552,0.023329,-0.997336,True,0.035598,1.110202,-0.003271,0.067205,-0.001404,0.021774,-0.997501
29.849,True,-0.029341,1.114646,-0.003512,0.066863,-0.017744,0.023138,-0.997336,True,0.035567,1.110207,-0.003272,0.067221,-0.001595,0.021581,-0.997503
29.860,True,-0.029364,1.114639,-0.003519,0.066936,-0.017665,0.023024,-0.997335,True,0.035545,1.110216,-0.003268,0.067292,-0.001517,0.021467,-0.997501
29.871,True,-0.029391,1.114631,-0.003532,0.067074,-0.017726,0.022923,-0.997327,True,0.035519,1.110225,-0.003263,0.067428,-0.001577,0.021364,-0.997494
29.882,True,-0.029417,1.114668,-0.003536,0.067139,-0.017586,0.023057,-0.997322,True,0.035492,1.110246,-0.003244,0.067495,-0.001437,0.021497,-0.997487
29.894,True,-0.029440,1.114679,-0.003540,0.067249,-0.017487,0.023058,-0.997317,True,0.035469,1.110258,-0.003235,0.067605,-0.001339,0.021496,-0.997480
29.905,True,-0.029457,1.114714,-0.003542,0.067323,-0.017278,0.023196,-0.997312,True,0.035451,1.110275,-0.003228,0.067682,-0.001130,0.021633,-0.997472
29.916,True,-0.029454,1.114781,-0.003534,0.067340,-0.017199,0.023290,-0.997310,True,0.035453,1.110329,-0.003213,0.067700,-0.001052,0.021726,-0.997469
29.927,True,-0.029449,1.114807,-0.003536,0.067563,-0.017105,0.023310,-0.997296,True,0.035457,1.110353,-0.003208,0.067924,-0.000958,0.021743,-0.997453
29.938,True,-0.029442,1.114850,-0.003521,0.067778,-0.017018,0.023359,-0.997282,True,0.035464,1.110389,-0.003189,0.068139,-0.000871,0.021788,-0.997438
29.949,True,-0.029430,1.114890,-0.003507,0.068045,-0.016920,0.023407,-0.997264,True,0.035476,1.110422,-0.003176,0.068407,-0.000772,0.021835,-0.997418
29.960,True,-0.029404,1.114912,-0.003503,0.068313,-0.016955,0.023525,-0.997242,True,0.035500,1.110430,-0.003167,0.068677,-0.000808,0.021951,-0.997397
29.971,True,-0.029377,1.114925,-0.003489,0.068259,-0.017245,0.023594,-0.997240,True,0.035527,1.110435,-0.003164,0.068625,-0.001098,0.022020,-0.997399
29.982,True,-0.029327,1.114951,-0.003478,0.068293,-0.017343,0.023835,-0.997230,True,0.035575,1.110430,-0.003159,0.068662,-0.001196,0.022259,-0.997391
29.994,True,-0.029307,1.114955,-0.003450,0.068268,-0.017505,0.023992,-0.997225,True,0.035594,1.110413,-0.003148,0.068639,-0.001359,0.022416,-0.997389
30.005,True,-0.029266,1.114973,-0.003418,0.068342,-0.017695,0.024205,-0.997211,True,0.035632,1.110402,-0.003137,0.068717,-0.001548,0.022627,-0.997378
30.016,True,-0.029208,1.114984,-0.003411,0.068544,-0.017802,0.024403,-0.997191,True,0.035689,1.110388,-0.003136,0.068922,-0.001656,0.022823,-0.997360
30.027,True,-0.029184,1.115004,-0.003360,0.068633,-0.018119,0.024553,-0.997175,True,0.035712,1.110387,-0.003118,0.069013,-0.001973,0.022971,-0.997349
30.038,True,-0.029151,1.115005,-0.003357,0.068693,-0.018271,0.024694,-0.997165,True,0.035744,1.110371,-0.003118,0.069075,-0.002125,0.023111,-0.997342
30.049,True,-0.029117,1.115015,-0.003333,0.068692,-0.018464,0.024795,-0.997159,True,0.035776,1.110368,-0.003109,0.069076,-0.002319,0.023211,-0.997339
30.060,True,-0.029087,1.115007,-0.003312,0.068614,-0.018645,0.024826,-0.997160,True,0.035806,1.110356,-0.003106,0.068998,-0.002500,0.023241,-0.997343
30.071,True,-0.029096,1.114938,-0.003286,0.068370,-0.018886,0.024630,-0.997177,True,0.035799,1.110313,-0.003097,0.068750,-0.002742,0.023045,-0.997364
30.082,True,-0.029075,1.114901,-0.003283,0.068133,-0.019022,0.024504,-0.997194,True,0.036138,1.102600,-0.004257,0.068511,-0.002877,0.022921,-0.997383
30.093,True,-0.029063,1.114892,-0.003275,0.068003,-0.019149,0.024440,-0.997202,True,0.036151,1.102599,-0.004260,0.068380,-0.003004,0.022859,-0.997393
30.105,True,-0.029074,1.114863,-0.003252,0.067675,-0.019373,0.024234,-0.997225,True,0.036145,1.102599,-0.004248,0.068049,-0.003229,0.022655,-0.997420
30.116,True,-0.029066,1.114791,-0.003240,0.067804,-0.019378,0.023977,-0.997222,True,0.036161,1.102561,-0.004233,0.068174,-0.003234,0.022397,-0.997417
30.127,True,-0.029079,1.114806,-0.003216,0.067794,-0.019259,0.023861,-0.997228,True,0.036150,1.102591,-0.004206,0.068161,-0.003114,0.022281,-0.997421
30.138,True,-0.029079,1.114848,-0.003198,0.067945,-0.019172,0.023863,-0.997219,True,0.036149,1.102632,-0.004187,0.068313,-0.003028,0.022282,-0.997411
30.149,True,-0.029073,1.114905,-0.003193,0.068014,-0.019182,0.024046,-0.997210,True,0.036151,1.102666,-0.004170,0.068384,-0.003037,0.022464,-0.997402
30.160,True,-0.029085,1.114946,-0.003166,0.067977,-0.019316,0.024364,-0.997202,True,0.036132,1.102667,-0.004144,0.068352,-0.003171,0.022781,-0.997396
30.171,True,-0.029095,1.114985,-0.003146,0.067619,-0.019492,0.024512,-0.997220,True,0.036119,1.102689,-0.004125,0.067996,-0.003348,0.022932,-0.997416
30.182,True,-0.029097,1.115004,-0.003137,0.067532,-0.019462,0.024465,-0.997227,True,0.036118,1.102715,-0.004110,0.067909,-0.003318,0.022886,-0.997424
30.194,True,-0.029106,1.114988,-0.003137,0.067389,-0.019353,0.024291,-0.997243,True,0.036114,1.102722,-0.004104,0.067763,-0.003208,0.022715,-0.997438
30.205,True,-0.029112,1.114954,-0.003136,0.067169,-0.019101,0.024166,-0.997266,True,0.036111,1.102704,-0.004091,0.067541,-0.002956,0.022591,-0.997456
30.216,True,-0.029123,1.114880,-0.003138,0.067055,-0.019025,0.023985,-0.997280,True,0.036105,1.102656,-0.004075,0.067424,-0.002880,0.022412,-0.997469
30.227,True,-0.029139,1.114870,-0.003137,0.066560,-0.018762,0.024247,-0.997311,True,0.036083,1.102612,-0.004059,0.066933,-0.002618,0.022676,-0.997496
30.238,True,-0.029166,1.114827,-0.003133,0.066406,-0.018810,0.024370,-0.997318,True,0.036053,1.102554,-0.004053,0.066781,-0.002666,0.022800,-0.997504
30.249,True,-0.029161,1.114781,-0.003135,0.066203,-0.018861,0.024376,-0.997330,True,0.036059,1.102509,-0.004050,0.066578,-0.002717,0.022807,-0.997517
30.260,True,-0.029159,1.114737,-0.003139,0.066126,-0.019014,0.024348,-0.997333,True,0.036061,1.102470,-0.004054,0.066501,-0.002870,0.022780,-0.997522
30.272,True,-0.029164,1.114679,-0.003134,0.066077,-0.019088,0.024137,-0.997340,True,0.036062,1.102441,-0.004051,0.066448,-0.002944,0.022572,-0.997530
30.283,True,-0.029157,1.114628,-0.003144,0.065775,-0.018916,0.024013,-0.997366,True,0.036073,1.102409,-0.004041,0.066144,-0.002771,0.022451,-0.997554
30.294,True,-0.029172,1.114590,-0.003155,0.065525,-0.018858,0.024005,-0.997384,True,0.036058,1.102375,-0.004033,0.065894,-0.002713,0.022444,-0.997571
30.305,True,-0.029182,1.114586,-0.003151,0.064973,-0.019095,0.024059,-0.997414,True,0.036048,1.102368,-0.004022,0.065342,-0.002951,0.022499,-0.997605
30.316,True,-0.029167,1.114631,-0.003150,0.065021,-0.018998,0.024242,-0.997408,True,0.036059,1.102390,-0.004005,0.065394,-0.002854,0.022682,-0.997598
30.327,True,-0.029162,1.114649,-0.003148,0.065111,-0.019264,0.024297,-0.997396,True,0.036063,1.102404,-0.004004,0.065484,-0.003121,0.022737,-0.997590
30.338,True,-0.029157,1.114664,-0.003145,0.065383,-0.019471,0.024360,-0.997373,True,0.036067,1.102413,-0.004000,0.065757,-0.003327,0.022801,-0.997570
30.349,True,-0.029137,1.114651,-0.003148,0.065505,-0.019347,0.024220,-0.997371,True,0.036090,1.102417,-0.004001,0.065876,-0.003202,0.022661,-0.997565
30.360,True,-0.029114,1.114647,-0.003157,0.065272,-0.019485,0.024155,-0.997385,True,0.036115,1.102425,-0.004008,0.065642,-0.003341,0.022596,-0.997582
30.372,True,-0.029119,1.114605,-0.003178,0.065402,-0.019352,0.023928,-0.997384,True,0.036116,1.102411,-0.004025,0.065769,-0.003207,0.022370,-0.997579
30.383,True,-0.029102,1.114585,-0.003185,0.065543,-0.019024,0.023989,-0.997380,True,0.036131,1.102381,-0.004022,0.065912,-0.002879,0.022432,-0.997569
30.394,True,-0.029099,1.114582,-0.003181,0.065672,-0.019139,0.024129,-0.997366,True,0.036131,1.102360,-0.004023,0.066042,-0.002994,0.022571,-0.997557
30.405,True,-0.029087,1.114577,-0.003185,0.065657,-0.019125,0.024213,-0.997365,True,0.036141,1.102344,-0.004025,0.066029,-0.002980,0.022656,-0.997556
30.416,True,-0.029056,1.114556,-0.003203,0.065824,-0.019209,0.024262,-0.997351,True,0.036171,1.102318,-0.004034,0.066197,-0.003064,0.022702,-0.997544
30.427,True,-0.029029,1.114560,-0.003208,0.066009,-0.019378,0.024229,-0.997337,True,0.036199,1.102329,-0.004037,0.066381,-0.003233,0.022670,-0.997532
30.438,True,-0.029019,1.114568,-0.003225,0.066069,-0.019228,0.024117,-0.997338,True,0.036212,1.102351,-0.004043,0.066440,-0.003083,0.022557,-0.997531
30.449,True,-0.028985,1.114606,-0.003239,0.066296,-0.019091,0.024153,-0.997325,True,0.036245,1.102386,-0.004039,0.066666,-0.002946,0.022590,-0.997515
30.460,True,-0.028958,1.114628,-0.003237,0.066330,-0.019153,0.024202,-0.997320,True,0.036271,1.102401,-0.004038,0.066701,-0.003008,0.022638,-0.997512
30.472,True,-0.028916,1.114675,-0.003245,0.066595,-0.019253,0.024366,-0.997297,True,0.036309,1.102427,-0.004053,0.066969,-0.003108,0.022800,-0.997490
30.483,True,-0.028863,1.114712,-0.003248,0.066820,-0.019668,0.024462,-0.997271,True,0.036360,1.102454,-0.004067,0.067195,-0.003523,0.022895,-0.997471
30.494,True,-0.028810,1.114735,-0.003251,0.066983,-0.019718,0.024519,-0.997258,True,0.036411,1.102468,-0.004080,0.067360,-0.003574,0.022949,-0.997459
30.505,True,-0.028787,1.114787,-0.003246,0.067080,-0.019970,0.024680,-0.997242,True,0.036430,1.102499,-0.004094,0.067459,-0.003826,0.023110,-0.997447
30.516,True,-0.028721,1.114791,-0.003245,0.067379,-0.020244,0.024834,-0.997213,True,0.036493,1.102483,-0.004103,0.067760,-0.004099,0.023261,-0.997422
30.527,True,-0.028666,1.114791,-0.003241,0.067452,-0.020333,0.024883,-0.997205,True,0.036545,1.102475,-0.004117,0.067834,-0.004189,0.023308,-0.997416
30.538,True,-0.028652,1.114818,-0.003242,0.067294,-0.020291,0.025020,-0.997213,True,0.036555,1.102483,-0.004126,0.067678,-0.004147,0.023447,-0.997423
30.549,True,-0.028603,1.114826,-0.003231,0.067269,-0.020444,0.025087,-0.997210,True,0.036602,1.102479,-0.004142,0.067654,-0.004300,0.023512,-0.997423
30.560,True,-0.028566,1.114824,-0.003234,0.067134,-0.020356,0.025134,-0.997220,True,0.036638,1.102468,-0.004154,0.067520,-0.004213,0.023558,-0.997431
30.571,True,-0.028517,1.114861,-0.003217,0.067005,-0.020463,0.025385,-0.997220,True,0.036679,1.102470,-0.004158,0.067395,-0.004320,0.023808,-0.997433
30.582,True,-0.029658,1.112586,-0.003622,0.066887,-0.020609,0.025614,-0.997219,True,0.036719,1.102452,-0.004163,0.067281,-0.004466,0.024037,-0.997435
30.593,True,-0.029620,1.112577,-0.003620,0.066745,-0.020662,0.025774,-0.997223,True,0.036753,1.102422,-0.004168,0.067141,-0.004520,0.024196,-0.997440
30.605,True,-0.029606,1.112600,-0.003594,0.066466,-0.020727,0.025941,-0.997236,True,0.036764,1.102423,-0.004148,0.066865,-0.004585,0.024366,-0.997454
30.616,True,-0.029587,1.112568,-0.003586,0.066400,-0.020880,0.026038,-0.997235,True,0.036781,1.102377,-0.004156,0.066800,-0.004738,0.024464,-0.997455
30.627,True,-0.029587,1.112517,-0.003571,0.066298,-0.021078,0.026006,-0.997238,True,0.036782,1.102330,-0.004156,0.066697,-0.004935,0.024434,-0.997462
30.638,True,-0.029602,1.112453,-0.003561,0.066113,-0.021165,0.025989,-0.997249,True,0.036766,1.102269,-0.004157,0.066512,-0.005022,0.024421,-0.997474
30.649,True,-0.029596,1.112389,-0.003548,0.065817,-0.020971,0.025893,-0.997275,True,0.036774,1.102214,-0.004150,0.066215,-0.004828,0.024328,-0.997497
30.660,True,-0.029592,1.112338,-0.003548,0.065685,-0.020775,0.025836,-0.997290,True,0.036778,1.102168,-0.004152,0.066082,-0.004632,0.024272,-0.997508
30.672,True,-0.029629,1.112331,-0.003537,0.064690,-0.019970,0.025645,-0.997376,True,0.036744,1.102179,-0.004136,0.065085,-0.003827,0.024085,-0.997582
30.683,True,-0.029638,1.112239,-0.003514,0.061335,-0.017215,0.025104,-0.997653,True,0.036741,1.102127,-0.004123,0.061725,-0.001076,0.023544,-0.997815
30.694,True,-0.029638,1.112135,-0.003502,0.059710,-0.015694,0.024674,-0.997787,True,0.036748,1.102065,-0.004102,0.060095,0.000442,0.023114,-0.997925
30.705,True,-0.029651,1.112111,-0.003449,0.059656,-0.014573,0.024328,-0.997816,True,0.036740,1.102073,-0.004055,0.060037,0.001563,0.022770,-0.997935
30.716,True,-0.029656,1.112148,-0.003431,0.059895,-0.014516,0.024367,-0.997802,True,0.036734,1.102105,-0.004025,0.060277,0.001621,0.022812,-0.997920
30.727,True,-0.029650,1.112174,-0.003415,0.059470,-0.014204,0.024630,-0.997825,True,0.036735,1.102096,-0.003989,0.059857,0.001933,0.023077,-0.997938
30.738,True,-0.029691,1.112185,-0.003344,0.060115,-0.014554,0.024951,-0.997774,True,0.036688,1.102065,-0.003932,0.060506,0.001584,0.023400,-0.997892
30.749,True,-0.029693,1.112220,-0.003292,0.060556,-0.013635,0.025171,-0.997754,True,0.036679,1.102056,-0.003894,0.060953,0.002503,0.023623,-0.997858
30.760,True,-0.029686,1.112244,-0.003256,0.061202,-0.013677,0.025175,-0.997714,True,0.036686,1.102078,-0.003864,0.061599,0.002462,0.023627,-0.997818
30.772,True,-0.029685,1.112232,-0.003212,0.060761,-0.013513,0.025062,-0.997746,True,0.036688,1.102078,-0.003832,0.061157,0.002626,0.023516,-0.997848
30.783,True,-0.029673,1.112195,-0.003180,0.060699,-0.012734,0.024790,-0.997767,True,0.036704,1.102068,-0.003801,0.061091,0.003405,0.023245,-0.997856
30.794,True,-0.029688,1.112135,-0.003150,0.060695,-0.012371,0.024628,-0.997776,True,0.036691,1.102025,-0.003770,0.061085,0.003768,0.023085,-0.997859
30.805,True,-0.029734,1.112100,-0.003123,0.060114,-0.011723,0.024708,-0.997817,True,0.036643,1.101974,-0.003730,0.060506,0.004416,0.023169,-0.997889
30.816,True,-0.029756,1.112041,-0.003084,0.059596,-0.011213,0.024861,-0.997850,True,0.036617,1.101888,-0.003698,0.059992,0.004924,0.023323,-0.997914
30.827,True,-0.029780,1.111949,-0.003059,0.059408,-0.010959,0.024808,-0.997865,True,0.036593,1.101800,-0.003677,0.059804,0.005179,0.023272,-0.997925
30.838,True,-0.029805,1.111898,-0.003036,0.059216,-0.010608,0.024765,-0.997882,True,0.036569,1.101750,-0.003655,0.059612,0.005529,0.023231,-0.997936
30.849,True,-0.029817,1.111844,-0.003009,0.059116,-0.010790,0.024783,-0.997885,True,0.036557,1.101698,-0.003622,0.059511,0.005347,0.023251,-0.997943
30.860,True,-0.029838,1.111791,-0.002979,0.059061,-0.010614,0.024823,-0.997889,True,0.036535,1.101639,-0.003584,0.059457,0.005523,0.023291,-0.997944
30.871,True,-0.029870,1.111835,-0.002949,0.058937,-0.009887,0.024984,-0.997900,True,0.036499,1.101655,-0.003533,0.059337,0.006250,0.023453,-0.997943
30.882,True,-0.029885,1.111828,-0.002919,0.058670,-0.009857,0.024938,-0.997917,True,0.036486,1.101654,-0.003503,0.059070,0.006280,0.023408,-0.997960
30.894,True,-0.029901,1.111837,-0.002889,0.058463,-0.009588,0.024785,-0.997936,True,0.036472,1.101682,-0.003465,0.058860,0.006549,0.023257,-0.997974
30.905,True,-0.029909,1.111862,-0.002864,0.058378,-0.009374,0.024654,-0.997946,True,0.036467,1.101725,-0.003421,0.058774,0.006762,0.023124,-0.997981
30.916,True,-0.029936,1.111832,-0.002840,0.058971,-0.012556,0.024846,-0.997872,True,0.036442,1.101709,-0.003388,0.059364,0.003584,0.023321,-0.997958
30.927,True,-0.029950,1.111807,-0.002819,0.057874,-0.017946,0.025280,-0.997842,True,0.036431,1.101697,-0.003360,0.058265,-0.001806,0.023758,-0.998017
30.938,True,-0.029972,1.111807,-0.002801,0.057719,-0.017918,0.025195,-0.997854,True,0.036410,1.101709,-0.003335,0.058108,-0.001778,0.023676,-0.998028
30.949,True,-0.029976,1.111760,-0.002780,0.058500,-0.017066,0.025032,-0.997828,True,0.036408,1.101673,-0.003310,0.058888,-0.000924,0.023513,-0.997987
30.960,True,-0.029982,1.111727,-0.002753,0.058809,-0.017265,0.025106,-0.997804,True,0.036401,1.101634,-0.003273,0.059198,-0.001123,0.023588,-0.997967
30.971,True,-0.030020,1.111734,-0.002721,0.058392,-0.018758,0.025316,-0.997796,True,0.036362,1.101632,-0.003239,0.058782,-0.002617,0.023800,-0.997984
30.982,True,-0.030016,1.111712,-0.002705,0.058680,-0.018113,0.025269,-0.997793,True,0.036366,1.101609,-0.003219,0.059071,-0.001971,0.023751,-0.997969
30.994,True,-0.030019,1.111696,-0.002680,0.058440,-0.018325,0.025257,-0.997803,True,0.036363,1.101599,-0.003187,0.058829,-0.002184,0.023739,-0.997983
31.005,True,-0.030035,1.111728,-0.002657,0.058676,-0.019585,0.025291,-0.997764,True,0.036349,1.101642,-0.003159,0.059064,-0.003444,0.023773,-0.997965
31.016,True,-0.030016,1.111754,-0.002626,0.058885,-0.019714,0.025201,-0.997752,True,0.036370,1.101682,-0.003128,0.059271,-0.003573,0.023680,-0.997955
31.027,True,-0.029993,1.111806,-0.002601,0.059084,-0.019848,0.025249,-0.997736,True,0.036393,1.101730,-0.003097,0.059471,-0.003708,0.023726,-0.997941
31.038,True,-0.029989,1.111876,-0.002563,0.059143,-0.019867,0.025208,-0.997733,True,0.036397,1.101801,-0.003081,0.059529,-0.003727,0.023683,-0.997939
31.049,True,-0.029951,1.111884,-0.002546,0.059337,-0.019550,0.025196,-0.997729,True,0.036434,1.101806,-0.003073,0.059723,-0.003410,0.023669,-0.997929
31.060,True,-0.029907,1.111911,-0.002512,0.059370,-0.019719,0.025202,-0.997723,True,0.036478,1.101831,-0.003061,0.059756,-0.003579,0.023674,-0.997926
31.071,True,-0.029867,1.111910,-0.002477,0.059184,-0.020468,0.025317,-0.997716,True,0.036516,1.101821,-0.003043,0.059571,-0.004328,0.023789,-0.997931
31.082,True,-0.029823,1.111906,-0.002448,0.058866,-0.020671,0.025486,-0.997726,True,0.036557,1.101794,-0.003040,0.059256,-0.004532,0.023958,-0.997945
31.094,True,-0.029780,1.111901,-0.002422,0.058500,-0.020470,0.025567,-0.997750,True,0.036294,1.109458,-0.001826,0.058892,-0.004331,0.024040,-0.997966
31.105,True,-0.029745,1.111892,-0.002394,0.058313,-0.020965,0.025641,-0.997749,True,0.036329,1.109443,-0.001812,0.058705,-0.004827,0.024116,-0.997972
31.116,True,-0.029704,1.111881,-0.002372,0.058311,-0.021132,0.025764,-0.997742,True,0.036369,1.109415,-0.001811,0.058704,-0.004994,0.024239,-0.997969
31.127,True,-0.029662,1.111860,-0.002347,0.058073,-0.021356,0.025804,-0.997750,True,0.036412,1.109389,-0.001804,0.058467,-0.005219,0.024278,-0.997981
31.138,True,-0.029644,1.111877,-0.002307,0.058107,-0.021516,0.025933,-0.997742,True,0.036429,1.109391,-0.001770,0.058503,-0.005378,0.024407,-0.997974
31.149,True,-0.029613,1.111880,-0.002290,0.058490,-0.021737,0.025976,-0.997713,True,0.036459,1.109389,-0.001764,0.058886,-0.005599,0.024448,-0.997950
31.160,True,-0.029606,1.111900,-0.002262,0.058562,-0.021842,0.026039,-0.997705,True,0.036466,1.109401,-0.001738,0.058960,-0.005704,0.024511,-0.997943
31.171,True,-0.029603,1.111914,-0.002236,0.058534,-0.021806,0.026069,-0.997707,True,0.036470,1.109412,-0.001702,0.058932,-0.005669,0.024540,-0.997944
31.182,True,-0.029602,1.111926,-0.002224,0.058577,-0.021889,0.026301,-0.997696,True,0.036470,1.109395,-0.001692,0.058979,-0.005752,0.024772,-0.997935
31.194,True,-0.029605,1.111923,-0.002214,0.058441,-0.021966,0.026366,-0.997701,True,0.036466,1.109384,-0.001678,0.058843,-0.005829,0.024838,-0.997941
31.205,True,-0.029636,1.111912,-0.002190,0.058518,-0.021711,0.026392,-0.997701,True,0.036435,1.109367,-0.001651,0.058921,-0.005573,0.024865,-0.997937
31.221,True,-0.029647,1.111892,-0.002176,0.058364,-0.021819,0.026463,-0.997706,True,0.036424,1.109339,-0.001630,0.058768,-0.005681,0.024939,-0.997944
31.232,True,-0.029670,1.111841,-0.002167,0.058361,-0.021732,0.026216,-0.997715,True,0.036401,1.109319,-0.001622,0.058762,-0.005593,0.024695,-0.997951
31.243,True,-0.029679,1.111769,-0.002180,0.058494,-0.021606,0.026119,-0.997712,True,0.036393,1.109260,-0.001623,0.058893,-0.005467,0.024596,-0.997946
31.255,True,-0.029700,1.111725,-0.002163,0.058253,-0.021655,0.025980,-0.997729,True,0.036373,1.109233,-0.001614,0.058650,-0.005515,0.024462,-0.997964
31.266,True,-0.029737,1.111715,-0.002153,0.058356,-0.021258,0.025782,-0.997737,True,0.036336,1.109245,-0.001599,0.058750,-0.005118,0.024265,-0.997965
31.277,True,-0.029749,1.111700,-0.002150,0.058308,-0.021084,0.025593,-0.997748,True,0.036325,1.109254,-0.001590,0.058699,-0.004944,0.024076,-0.997973
31.288,True,-0.029769,1.111630,-0.002141,0.058303,-0.021010,0.025279,-0.997758,True,0.036307,1.109227,-0.001571,0.058689,-0.004870,0.023761,-0.997982
31.299,True,-0.029785,1.111630,-0.002118,0.058426,-0.020952,0.025170,-0.997755,True,0.036291,1.109243,-0.001532,0.058811,-0.004812,0.023650,-0.997977
31.310,True,-0.029806,1.111716,-0.002111,0.058559,-0.020822,0.025169,-0.997749,True,0.036270,1.109329,-0.001515,0.058944,-0.004682,0.023647,-0.997970
31.321,True,-0.029823,1.111800,-0.002105,0.058725,-0.020810,0.025333,-0.997736,True,0.036252,1.109392,-0.001501,0.059113,-0.004670,0.023810,-0.997956
31.332,True,-0.029843,1.111844,-0.002097,0.058739,-0.020799,0.025672,-0.997727,True,0.036231,1.109393,-0.001484,0.059131,-0.004660,0.024148,-0.997947
31.343,True,-0.029859,1.111913,-0.002095,0.058704,-0.020862,0.026165,-0.997714,True,0.036212,1.109396,-0.001490,0.059105,-0.004723,0.024641,-0.997937
31.354,True,-0.028415,1.114500,-0.001698,0.058476,-0.020927,0.026301,-0.997723,True,0.036196,1.109434,-0.001500,0.058879,-0.004788,0.024780,-0.997946
31.366,True,-0.028445,1.114525,-0.001718,0.058313,-0.020876,0.026252,-0.997735,True,0.036166,1.109466,-0.001518,0.058715,-0.004737,0.024732,-0.997957
31.377,True,-0.028471,1.114514,-0.001745,0.058141,-0.020813,0.026152,-0.997749,True,0.036142,1.109468,-0.001534,0.058542,-0.004673,0.024635,-0.997970
31.388,True,-0.028498,1.114492,-0.001766,0.058144,-0.020998,0.026196,-0.997744,True,0.036115,1.109445,-0.001541,0.058544,-0.004858,0.024680,-0.997968
31.399,True,-0.028565,1.114495,-0.001794,0.058038,-0.021138,0.026398,-0.997741,True,0.036046,1.109426,-0.001552,0.058442,-0.004999,0.024883,-0.997968
31.410,True,-0.028591,1.114481,-0.001816,0.058114,-0.021185,0.026701,-0.997728,True,0.036017,1.109376,-0.001556,0.058522,-0.005046,0.025184,-0.997956
31.421,True,-0.028630,1.114472,-0.001822,0.058131,-0.021341,0.027000,-0.997716,True,0.035975,1.109329,-0.001565,0.058544,-0.005202,0.025484,-0.997946
31.432,True,-0.028686,1.114437,-0.001847,0.058187,-0.021410,0.026930,-0.997713,True,0.035920,1.109304,-0.001590,0.058598,-0.005271,0.025414,-0.997944
31.443,True,-0.028743,1.114398,-0.001872,0.058553,-0.021330,0.026814,-0.997696,True,0.035864,1.109281,-0.001607,0.058963,-0.005191,0.025297,-0.997926
31.455,True,-0.028791,1.114347,-0.001902,0.058710,-0.021384,0.026564,-0.997693,True,0.035819,1.109264,-0.001622,0.059116,-0.005244,0.025046,-0.997923
31.466,True,-0.028860,1.114356,-0.001943,0.058746,-0.021269,0.026544,-0.997693,True,0.035750,1.109279,-0.001644,0.059151,-0.005130,0.025024,-0.997922
31.477,True,-0.028917,1.114389,-0.001964,0.058762,-0.021179,0.026545,-0.997694,True,0.035693,1.109312,-0.001652,0.059168,-0.005040,0.025024,-0.997922
31.488,True,-0.028966,1.114426,-0.001996,0.058941,-0.021462,0.026514,-0.997679,True,0.035645,1.109357,-0.001678,0.059345,-0.005323,0.024993,-0.997910
31.499,True,-0.029021,1.114474,-0.002049,0.059089,-0.021439,0.026341,-0.997675,True,0.035591,1.109428,-0.001732,0.059491,-0.005300,0.024818,-0.997906
31.510,True,-0.029076,1.114468,-0.002084,0.058937,-0.021299,0.026129,-0.997692,True,0.035538,1.109448,-0.001763,0.059336,-0.005160,0.024608,-0.997921
31.521,True,-0.029127,1.114444,-0.002120,0.059244,-0.020946,0.025844,-0.997689,True,0.035490,1.109457,-0.001790,0.059638,-0.004805,0.024322,-0.997912
31.532,True,-0.029195,1.114463,-0.002191,0.059234,-0.020794,0.025635,-0.997698,True,0.035424,1.109504,-0.001847,0.059625,-0.004654,0.024116,-0.997919
31.543,True,-0.029245,1.114448,-0.002205,0.059394,-0.020786,0.025491,-0.997693,True,0.035375,1.109507,-0.001859,0.059783,-0.004644,0.023973,-0.997913
31.554,True,-0.029285,1.114435,-0.002250,0.059539,-0.020982,0.025562,-0.997678,True,0.035335,1.109492,-0.001881,0.059929,-0.004840,0.024043,-0.997901
31.565,True,-0.029336,1.114417,-0.002303,0.059642,-0.021028,0.025632,-0.997669,True,0.035283,1.109465,-0.001931,0.060032,-0.004887,0.024113,-0.997893
31.576,True,-0.029369,1.114404,-0.002332,0.059780,-0.021059,0.025655,-0.997660,True,0.035250,1.109450,-0.001960,0.060171,-0.004918,0.024136,-0.997884
31.588,True,-0.029392,1.114385,-0.002357,0.059721,-0.021216,0.025558,-0.997662,True,0.035228,1.109444,-0.001989,0.060111,-0.005075,0.024040,-0.997889
31.599,True,-0.029423,1.114349,-0.002399,0.059868,-0.021136,0.025334,-0.997661,True,0.035199,1.109437,-0.002028,0.060254,-0.004995,0.023815,-0.997887
31.610,True,-0.029455,1.114362,-0.002440,0.059920,-0.021188,0.025170,-0.997661,True,0.035168,1.109474,-0.002055,0.060303,-0.005046,0.023650,-0.997887
31.621,True,-0.029486,1.114412,-0.002467,0.060287,-0.021142,0.025127,-0.997641,True,0.035138,1.109531,-0.002069,0.060670,-0.005000,0.023606,-0.997866
31.632,True,-0.029508,1.114451,-0.002514,0.060562,-0.021084,0.025132,-0.997625,True,0.035117,1.109572,-0.002099,0.060945,-0.004942,0.023606,-0.997850
31.643,True,-0.029518,1.114522,-0.002543,0.061046,-0.021014,0.025143,-0.997597,True,0.035106,1.109641,-0.002128,0.061428,-0.004873,0.023614,-0.997820
31.655,True,-0.029503,1.114585,-0.002573,0.061641,-0.021198,0.025116,-0.997557,True,0.035121,1.109707,-0.002166,0.062023,-0.005056,0.023585,-0.997783
31.666,True,-0.029510,1.114617,-0.002599,0.061797,-0.021462,0.025057,-0.997543,True,0.035116,1.109749,-0.002202,0.062178,-0.005320,0.023524,-0.997774
31.677,True,-0.029482,1.114665,-0.002623,0.061960,-0.021643,0.025081,-0.997529,True,0.035143,1.109794,-0.002237,0.062342,-0.005501,0.023547,-0.997762
31.688,True,-0.029451,1.114694,-0.002665,0.062200,-0.021826,0.025195,-0.997507,True,0.035173,1.109812,-0.002277,0.062582,-0.005684,0.023659,-0.997743
31.699,True,-0.029462,1.114722,-0.002699,0.062317,-0.022047,0.025383,-0.997490,True,0.035161,1.109818,-0.002313,0.062703,-0.005906,0.023846,-0.997730
31.710,True,-0.029441,1.114751,-0.002727,0.062314,-0.022405,0.025601,-0.997477,True,0.035180,1.109824,-0.002337,0.062703,-0.006264,0.024062,-0.997723
31.721,True,-0.029420,1.114768,-0.002756,0.062463,-0.022448,0.025800,-0.997461,True,0.035199,1.109815,-0.002369,0.062854,-0.006308,0.024258,-0.997708
31.732,True,-0.029425,1.114777,-0.002794,0.062542,-0.022552,0.025939,-0.997450,True,0.035192,1.109806,-0.002415,0.062936,-0.006412,0.024397,-0.997699
31.743,True,-0.029389,1.114774,-0.002813,0.062541,-0.022630,0.025917,-0.997449,True,0.035229,1.109806,-0.002444,0.062934,-0.006490,0.024375,-0.997699
31.755,True,-0.029339,1.114757,-0.002840,0.062896,-0.022614,0.025895,-0.997428,True,0.035279,1.109790,-0.002477,0.063290,-0.006474,0.024350,-0.997677
31.766,True,-0.029332,1.114765,-0.002865,0.062745,-0.022963,0.026012,-0.997426,True,0.035285,1.109784,-0.002516,0.063140,-0.006823,0.024469,-0.997681
31.777,True,-0.029289,1.114754,-0.002895,0.062873,-0.022399,0.025929,-0.997433,True,0.035329,1.109777,-0.002549,0.063267,-0.006258,0.024386,-0.997679
31.788,True,-0.029249,1.114762,-0.002910,0.062825,-0.022274,0.025940,-0.997439,True,0.035368,1.109781,-0.002570,0.063220,-0.006133,0.024398,-0.997683
31.799,True,-0.029232,1.114771,-0.002925,0.062923,-0.022620,0.026027,-0.997423,True,0.035384,1.109780,-0.002599,0.063319,-0.006480,0.024484,-0.997672
31.810,True,-0.029188,1.114801,-0.002938,0.062874,-0.022634,0.026084,-0.997424,True,0.035428,1.109802,-0.002618,0.063270,-0.006493,0.024541,-0.997674
31.821,True,-0.029145,1.114803,-0.002962,0.063137,-0.022674,0.026113,-0.997406,True,0.035471,1.109801,-0.002643,0.063535,-0.006533,0.024569,-0.997656
31.832,True,-0.029132,1.114833,-0.002950,0.063039,-0.022839,0.026188,-0.997406,True,0.035483,1.109820,-0.002652,0.063437,-0.006698,0.024646,-0.997659
31.843,True,-0.029111,1.114857,-0.002947,0.063102,-0.022852,0.026240,-0.997400,True,0.035503,1.109834,-0.002665,0.063501,-0.006711,0.024699,-0.997654
31.854,True,-0.029077,1.114842,-0.002973,0.063209,-0.022499,0.026185,-0.997403,True,0.035864,1.103914,-0.003309,0.063608,-0.006357,0.024642,-0.997650
31.865,True,-0.029055,1.114851,-0.002983,0.063124,-0.022214,0.026184,-0.997415,True,0.035885,1.103919,-0.003327,0.063524,-0.006072,0.024641,-0.997658
31.876,True,-0.028997,1.114848,-0.002980,0.063035,-0.022343,0.026258,-0.997416,True,0.035941,1.103904,-0.003345,0.063435,-0.006202,0.024715,-0.997661
31.888,True,-0.028937,1.114815,-0.002982,0.062964,-0.022410,0.026265,-0.997418,True,0.036001,1.103871,-0.003351,0.063365,-0.006269,0.024722,-0.997665
31.899,True,-0.028902,1.114773,-0.002982,0.062828,-0.022420,0.026200,-0.997429,True,0.036037,1.103835,-0.003369,0.063228,-0.006279,0.024658,-0.997675
31.910,True,-0.028854,1.114756,-0.002971,0.062842,-0.022445,0.026150,-0.997428,True,0.036086,1.103822,-0.003370,0.063241,-0.006304,0.024609,-0.997675
31.921,True,-0.028797,1.114757,-0.002956,0.062814,-0.022531,0.026038,-0.997431,True,0.036145,1.103836,-0.003375,0.063211,-0.006389,0.024497,-0.997679
31.932,True,-0.028778,1.114713,-0.002951,0.062771,-0.022572,0.025849,-0.997438,True,0.036168,1.103816,-0.003379,0.063165,-0.006430,0.024307,-0.997686
31.943,True,-0.028701,1.114651,-0.002919,0.062653,-0.022508,0.025638,-0.997452,True,0.036250,1.103780,-0.003353,0.063043,-0.006367,0.024094,-0.997700
31.954,True,-0.028624,1.114684,-0.002870,0.062663,-0.022519,0.025490,-0.997455,True,0.036329,1.103830,-0.003319,0.063051,-0.006378,0.023945,-0.997703
31.965,True,-0.028580,1.114766,-0.002854,0.062550,-0.022430,0.025517,-0.997464,True,0.036372,1.103907,-0.003314,0.062939,-0.006289,0.023970,-0.997710
31.977,True,-0.028501,1.114861,-0.002810,0.062547,-0.022428,0.025838,-0.997455,True,0.036443,1.103958,-0.003279,0.062941,-0.006289,0.024288,-0.997702
31.988,True,-0.028414,1.114965,-0.002763,0.062444,-0.022416,0.026272,-0.997451,True,0.036521,1.104003,-0.003248,0.062845,-0.006277,0.024722,-0.997697
31.999,True,-0.028355,1.115052,-0.002730,0.062246,-0.022069,0.026601,-0.997462,True,0.036571,1.104039,-0.003237,0.062653,-0.005930,0.025053,-0.997703
32.010,True,-0.028277,1.115082,-0.002694,0.062011,-0.022167,0.026728,-0.997471,True,0.036645,1.104049,-0.003230,0.062420,-0.006027,0.025183,-0.997714
32.021,True,-0.028179,1.115042,-0.002665,0.061749,-0.022260,0.026725,-0.997486,True,0.036742,1.104008,-0.003218,0.062158,-0.006120,0.025186,-0.997730
32.032,True,-0.028127,1.114979,-0.002655,0.061363,-0.022079,0.026777,-0.997512,True,0.036793,1.103935,-0.003216,0.061773,-0.005938,0.025242,-0.997753
32.043,True,-0.028045,1.114922,-0.002617,0.060863,-0.021891,0.026997,-0.997541,True,0.036870,1.103847,-0.003185,0.061278,-0.005750,0.025466,-0.997779
32.054,True,-0.027961,1.114868,-0.002568,0.060436,-0.021663,0.027303,-0.997564,True,0.036947,1.103750,-0.003144,0.060855,-0.005522,0.025776,-0.997798
32.066,True,-0.027921,1.114832,-0.002555,0.060253,-0.021552,0.027642,-0.997568,True,0.036978,1.103668,-0.003128,0.060678,-0.005411,0.026116,-0.997801
32.076,True,-0.027835,1.114804,-0.002497,0.060021,-0.021518,0.027811,-0.997578,True,0.037061,1.103617,-0.003080,0.060449,-0.005378,0.026286,-0.997811
32.088,True,-0.027738,1.114793,-0.002430,0.059912,-0.021353,0.027850,-0.997587,True,0.037155,1.103598,-0.003023,0.060341,-0.005212,0.026324,-0.997817
32.099,True,-0.027685,1.114792,-0.002390,0.059966,-0.021438,0.027788,-0.997583,True,0.037210,1.103604,-0.002994,0.060394,-0.005298,0.026261,-0.997815
32.110,True,-0.027609,1.114793,-0.002333,0.059673,-0.021115,0.027778,-0.997608,True,0.037285,1.103602,-0.002944,0.060101,-0.004975,0.026250,-0.997835
32.121,True,-0.027519,1.114799,-0.002285,0.059780,-0.020928,0.027920,-0.997602,True,0.037372,1.103587,-0.002893,0.060211,-0.004789,0.026390,-0.997825
32.132,True,-0.027508,1.114812,-0.002261,0.059519,-0.020974,0.027974,-0.997615,True,0.037381,1.103593,-0.002879,0.059951,-0.004834,0.026446,-0.997839
32.143,True,-0.027423,1.114865,-0.002178,0.059373,-0.020995,0.028173,-0.997617,True,0.037462,1.103617,-0.002820,0.059807,-0.004856,0.026647,-0.997842
32.154,True,-0.027341,1.114877,-0.002126,0.059324,-0.020929,0.028162,-0.997622,True,0.037543,1.103628,-0.002775,0.059759,-0.004790,0.026637,-0.997846
32.165,True,-0.027345,1.114872,-0.002101,0.059421,-0.020867,0.027866,-0.997626,True,0.037544,1.103658,-0.002770,0.059851,-0.004727,0.026342,-0.997849
32.177,True,-0.027282,1.114886,-0.002066,0.059454,-0.020617,0.027577,-0.997637,True,0.037614,1.103707,-0.002732,0.059880,-0.004476,0.026053,-0.997856
32.188,True,-0.027232,1.114900,-0.002015,0.059412,-0.020669,0.027457,-0.997642,True,0.037666,1.103736,-0.002689,0.059836,-0.004529,0.025934,-0.997861
32.199,True,-0.027225,1.114883,-0.002006,0.059760,-0.020112,0.027449,-0.997633,True,0.037673,1.103713,-0.002673,0.060185,-0.003971,0.025926,-0.997843
32.210,True,-0.027186,1.114852,-0.001975,0.059846,-0.019854,0.027700,-0.997626,True,0.037705,1.103648,-0.002629,0.060275,-0.003713,0.026176,-0.997832
32.221,True,-0.027150,1.114828,-0.001930,0.059623,-0.019797,0.027869,-0.997635,True,0.037738,1.103600,-0.002596,0.060055,-0.003656,0.026348,-0.997841
32.233,True,-0.027154,1.114786,-0.001967,0.059283,-0.019477,0.027883,-0.997662,True,0.037733,1.103553,-0.002629,0.059716,-0.003335,0.026366,-0.997862
32.243,True,-0.027090,1.114732,-0.001909,0.059156,-0.019399,0.027746,-0.997675,True,0.037800,1.103516,-0.002580,0.059587,-0.003257,0.026231,-0.997873
32.255,True,-0.027047,1.114733,-0.001873,0.059118,-0.019242,0.027662,-0.997682,True,0.037844,1.103526,-0.002542,0.059547,-0.003100,0.026146,-0.997878
32.266,True,-0.027043,1.114769,-0.001872,0.059130,-0.018860,0.027723,-0.997687,True,0.037846,1.103551,-0.002527,0.059561,-0.002719,0.026205,-0.997877
32.277,True,-0.026991,1.114816,-0.001816,0.059279,-0.018673,0.027795,-0.997680,True,0.037897,1.103587,-0.002464,0.059712,-0.002532,0.026275,-0.997867
32.288,True,-0.026922,1.114873,-0.001763,0.059325,-0.018123,0.027955,-0.997683,True,0.037961,1.103617,-0.002405,0.059761,-0.001982,0.026431,-0.997861
32.299,True,-0.026864,1.114940,-0.001744,0.059376,-0.018133,0.028135,-0.997674,True,0.038015,1.103659,-0.002397,0.059815,-0.001992,0.026610,-0.997853
32.310,True,-0.026758,1.114966,-0.001686,0.059543,-0.018201,0.028346,-0.997657,True,0.038116,1.103656,-0.002351,0.059986,-0.002061,0.026819,-0.997837
32.321,True,-0.026648,1.114986,-0.001616,0.059695,-0.018327,0.028648,-0.997637,True,0.038218,1.103634,-0.002310,0.060143,-0.002187,0.027120,-0.997819
32.332,True,-0.026560,1.114988,-0.001606,0.059835,-0.017881,0.028862,-0.997631,True,0.038298,1.103598,-0.002326,0.060287,-0.001740,0.027337,-0.997805
32.343,True,-0.026450,1.114980,-0.001532,0.059860,-0.017918,0.029133,-0.997621,True,0.038401,1.103549,-0.002288,0.060317,-0.001778,0.027609,-0.997796
32.355,True,-0.026330,1.114996,-0.001453,0.059953,-0.017974,0.029478,-0.997604,True,0.038511,1.103515,-0.002247,0.060415,-0.001833,0.027956,-0.997780
32.366,True,-0.026255,1.115002,-0.001456,0.059892,-0.018037,0.029734,-0.997599,True,0.038579,1.103482,-0.002290,0.060360,-0.001896,0.028215,-0.997776
32.377,True,-0.026135,1.114998,-0.001358,0.060031,-0.017853,0.029859,-0.997590,True,0.038694,1.103454,-0.002225,0.060501,-0.001712,0.028340,-0.997764
32.388,True,-0.026029,1.114993,-0.001273,0.060034,-0.017890,0.029903,-0.997588,True,0.038798,1.103438,-0.002182,0.060505,-0.001748,0.028385,-0.997763
32.399,True,-0.025956,1.114959,-0.001242,0.060277,-0.017512,0.029797,-0.997583,True,0.038871,1.103406,-0.002195,0.060747,-0.001371,0.028278,-0.997752
32.410,True,-0.025861,1.114953,-0.001160,0.060120,-0.017283,0.029743,-0.997598,True,0.038965,1.103399,-0.002149,0.060590,-0.001142,0.028226,-0.997763
32.421,True,-0.025759,1.114937,-0.001087,0.060089,-0.017141,0.029715,-0.997603,True,0.039066,1.103380,-0.002109,0.060559,-0.001000,0.028198,-0.997766
32.432,True,-0.025715,1.114915,-0.001066,0.060174,-0.016626,0.029670,-0.997608,True,0.039108,1.103351,-0.002125,0.060644,-0.000485,0.028153,-0.997762
32.443,True,-0.025652,1.114892,-0.001003,0.060160,-0.016355,0.029637,-0.997615,True,0.039171,1.103327,-0.002079,0.060630,-0.000215,0.028120,-0.997764
32.455,True,-0.025595,1.114889,-0.000928,0.059949,-0.016048,0.029726,-0.997630,True,0.039224,1.103305,-0.002029,0.060422,0.000092,0.028211,-0.997774
32.466,True,-0.025589,1.114883,-0.000923,0.059840,-0.015098,0.029753,-0.997650,True,0.039228,1.103285,-0.002021,0.060314,0.001041,0.028239,-0.997779
32.477,True,-0.025568,1.114880,-0.000871,0.059647,-0.014892,0.029889,-0.997661,True,0.039245,1.103262,-0.001972,0.060124,0.001247,0.028377,-0.997787
32.488,True,-0.025547,1.114854,-0.000831,0.059501,-0.014531,0.029905,-0.997674,True,0.039265,1.103231,-0.001927,0.059979,0.001608,0.028395,-0.997794
32.499,True,-0.025575,1.114836,-0.000846,0.059218,-0.013531,0.029758,-0.997710,True,0.039239,1.103221,-0.001934,0.059695,0.002607,0.028251,-0.997813
32.510,True,-0.025583,1.114806,-0.000795,0.058959,-0.013100,0.029677,-0.997733,True,0.039233,1.103199,-0.001873,0.059435,0.003037,0.028172,-0.997830
32.521,True,-0.025600,1.114756,-0.000746,0.058782,-0.012593,0.029515,-0.997755,True,0.039219,1.103167,-0.001810,0.059256,0.003544,0.028012,-0.997843
32.532,True,-0.025652,1.114753,-0.000774,0.058778,-0.011948,0.029551,-0.997762,True,0.039165,1.103154,-0.001821,0.059254,0.004188,0.028047,-0.997840
32.543,True,-0.025692,1.114764,-0.000715,0.058654,-0.011371,0.029521,-0.997777,True,0.039125,1.103165,-0.001748,0.059130,0.004765,0.028020,-0.997846
32.555,True,-0.025717,1.114751,-0.000666,0.058582,-0.010906,0.029450,-0.997789,True,0.039102,1.103157,-0.001685,0.059058,0.005229,0.027949,-0.997850
32.566,True,-0.025770,1.114623,-0.000676,0.058430,-0.010184,0.028966,-0.997819,True,0.039059,1.103087,-0.001684,0.058899,0.005951,0.027466,-0.997868
32.579,True,-0.025790,1.114535,-0.000596,0.058498,-0.009784,0.028554,-0.997831,True,0.039048,1.103051,-0.001582,0.058961,0.006351,0.027053,-0.997873
32.590,True,-0.025802,1.114533,-0.000550,0.058695,-0.009507,0.028396,-0.997827,True,0.039040,1.103069,-0.001513,0.059155,0.006628,0.026895,-0.997864
32.601,True,-0.025852,1.114630,-0.000530,0.058866,-0.009277,0.028492,-0.997816,True,0.038988,1.103153,-0.001477,0.059328,0.006858,0.026990,-0.997850
32.612,True,-0.025891,1.114722,-0.000447,0.059079,-0.009118,0.028837,-0.997795,True,0.038942,1.103200,-0.001377,0.059547,0.007016,0.027333,-0.997827
32.623,True,-0.025918,1.114802,-0.000363,0.059125,-0.008995,0.029122,-0.997785,True,0.038908,1.103241,-0.001286,0.059598,0.007139,0.027618,-0.997815
32.635,True,-0.025974,1.114852,-0.000339,0.058968,-0.008810,0.029122,-0.997796,True,0.038851,1.103289,-0.001269,0.059441,0.007324,0.027621,-0.997823
32.645,True,-0.025985,1.114824,-0.000252,0.058639,-0.008742,0.028764,-0.997827,True,0.038848,1.103307,-0.001191,0.059106,0.007393,0.027268,-0.997852
32.657,True,-0.026023,1.114725,-0.000200,0.058412,-0.008558,0.028301,-0.997855,True,0.038820,1.103266,-0.001147,0.058872,0.007577,0.026809,-0.997877
32.668,True,-0.026065,1.114630,-0.000166,0.058186,-0.008165,0.028070,-0.997878,True,0.038784,1.103199,-0.001096,0.058643,0.007970,0.026582,-0.997893
32.679,True,-0.026103,1.114543,-0.000101,0.057967,-0.007886,0.028033,-0.997894,True,0.038747,1.103117,-0.001014,0.058424,0.008249,0.026548,-0.997905
32.690,True,-0.026135,1.114472,-0.000017,0.057624,-0.007604,0.028194,-0.997911,True,0.038711,1.103024,-0.000928,0.058084,0.008530,0.026710,-0.997918
32.701,True,-0.026189,1.114383,0.000016,0.057345,-0.007347,0.028426,-0.997923,True,0.038652,1.102904,-0.000889,0.057809,0.008787,0.026947,-0.997925
32.712,True,-0.026225,1.114297,0.000122,0.056974,-0.007354,0.028372,-0.997945,True,0.038616,1.102823,-0.000804,0.057437,0.008781,0.026896,-0.997948
32.723,True,-0.026234,1.114234,0.000205,0.056834,-0.007415,0.028340,-0.997954,True,0.038608,1.102763,-0.000735,0.057297,0.008719,0.026866,-0.997958
32.734,True,-0.026281,1.114174,0.000232,0.056757,-0.007175,0.028190,-0.997964,True,0.038563,1.102720,-0.000707,0.057218,0.008960,0.026718,-0.997964
32.745,True,-0.026296,1.114142,0.000354,0.056690,-0.006946,0.027993,-0.997975,True,0.038552,1.102710,-0.000593,0.057147,0.009188,0.026522,-0.997971
32.756,True,-0.026324,1.114145,0.000451,0.056598,-0.006777,0.027744,-0.997989,True,0.038530,1.102744,-0.000496,0.057052,0.009357,0.026275,-0.997982
32.767,True,-0.026390,1.114149,0.000521,0.056618,-0.006576,0.027583,-0.997993,True,0.038467,1.102767,-0.000426,0.057069,0.009558,0.026114,-0.997983
32.779,True,-0.026421,1.114154,0.000619,0.056604,-0.006154,0.027549,-0.997998,True,0.038437,1.102772,-0.000324,0.057055,0.009979,0.026082,-0.997980
32.790,True,-0.026447,1.114101,0.000708,0.056334,-0.006152,0.027550,-0.998013,True,0.038410,1.102720,-0.000240,0.056785,0.009982,0.026085,-0.997996
32.801,True,-0.026519,1.114006,0.000756,0.056030,-0.005947,0.027467,-0.998034,True,0.038340,1.102633,-0.000195,0.056481,0.010187,0.026009,-0.998013
32.812,True,-0.026544,1.113925,0.000830,0.055706,-0.005861,0.027347,-0.998056,True,0.038318,1.102569,-0.000118,0.056155,0.010274,0.025896,-0.998033
32.823,True,-0.026591,1.113841,0.000904,0.055456,-0.005598,0.027264,-0.998073,True,0.038272,1.102495,-0.000041,0.055903,0.010536,0.025817,-0.998047
32.834,True,-0.026695,1.113735,0.000905,0.055180,-0.005396,0.027350,-0.998087,True,0.038167,1.102378,-0.000027,0.055629,0.010739,0.025908,-0.998058
32.845,True,-0.026724,1.113629,0.000979,0.054916,-0.005001,0.027523,-0.998099,True,0.038134,1.102250,0.000072,0.055369,0.011134,0.026086,-0.998063
32.856,True,-0.026768,1.113538,0.001047,0.054678,-0.005060,0.027600,-0.998110,True,0.037880,1.106905,0.000431,0.055132,0.011077,0.026169,-0.998075
32.868,True,-0.026836,1.113436,0.001056,0.054457,-0.004730,0.027566,-0.998124,True,0.037812,1.106809,0.000468,0.054910,0.011406,0.026140,-0.998084
32.879,True,-0.026887,1.113349,0.001108,0.054248,-0.004350,0.027579,-0.998137,True,0.037762,1.106720,0.000549,0.054702,0.011787,0.026157,-0.998091
32.890,True,-0.026988,1.113325,0.001114,0.054181,-0.004075,0.027630,-0.998141,True,0.037660,1.106691,0.000585,0.054636,0.012061,0.026210,-0.998089
32.901,True,-0.027077,1.113302,0.001136,0.054273,-0.003767,0.027858,-0.998130,True,0.037569,1.106639,0.000643,0.054732,0.012370,0.026438,-0.998074
32.912,True,-0.027129,1.113311,0.001174,0.054226,-0.003424,0.028100,-0.998127,True,0.037514,1.106619,0.000720,0.054689,0.012713,0.026683,-0.998066
32.923,True,-0.027189,1.113324,0.001172,0.054270,-0.003328,0.028253,-0.998121,True,0.037452,1.106612,0.000726,0.054736,0.012808,0.026836,-0.998058
32.934,True,-0.027223,1.113346,0.001201,0.054370,-0.003283,0.028356,-0.998113,True,0.037417,1.106620,0.000757,0.054838,0.012854,0.026939,-0.998049
32.945,True,-0.027232,1.113377,0.001244,0.054397,-0.003296,0.028213,-0.998115,True,0.037410,1.106670,0.000798,0.054862,0.012841,0.026798,-0.998052
32.956,True,-0.027254,1.113403,0.001266,0.054731,-0.003573,0.028196,-0.998097,True,0.037388,1.106698,0.000806,0.055195,0.012564,0.026778,-0.998037
32.967,True,-0.027287,1.113431,0.001279,0.054934,-0.003671,0.028142,-0.998087,True,0.037356,1.106734,0.000815,0.055397,0.012467,0.026723,-0.998029
32.979,True,-0.027293,1.113456,0.001313,0.055244,-0.003735,0.028033,-0.998072,True,0.037351,1.106772,0.000845,0.055706,0.012403,0.026611,-0.998016
32.990,True,-0.027347,1.113473,0.001325,0.055797,-0.003986,0.028040,-0.998040,True,0.037297,1.106787,0.000836,0.056258,0.012152,0.026614,-0.997988
33.001,True,-0.027365,1.113503,0.001350,0.055959,-0.004108,0.028077,-0.998030,True,0.037278,1.106811,0.000848,0.056420,0.012030,0.026648,-0.997979
33.012,True,-0.027372,1.113527,0.001393,0.056644,-0.004529,0.028091,-0.997989,True,0.037270,1.106833,0.000863,0.057105,0.011610,0.026660,-0.997945
33.023,True,-0.027368,1.113547,0.001436,0.056900,-0.004823,0.028063,-0.997974,True,0.037275,1.106855,0.000875,0.057361,0.011317,0.026631,-0.997934
33.034,True,-0.027408,1.113527,0.001401,0.057142,-0.005039,0.027886,-0.997964,True,0.037236,1.106856,0.000809,0.057599,0.011100,0.026450,-0.997928
33.045,True,-0.027397,1.113543,0.001435,0.057445,-0.005126,0.027779,-0.997949,True,0.037248,1.106883,0.000822,0.057901,0.011012,0.026340,-0.997914
33.056,True,-0.027393,1.113573,0.001466,0.057767,-0.005308,0.027715,-0.997931,True,0.037253,1.106920,0.000836,0.058221,0.010831,0.026273,-0.997899
33.067,True,-0.027469,1.113566,0.001435,0.058027,-0.005475,0.027637,-0.997917,True,0.037178,1.106923,0.000791,0.058480,0.010664,0.026193,-0.997888
33.079,True,-0.027502,1.113589,0.001452,0.058254,-0.005664,0.027762,-0.997900,True,0.037143,1.106929,0.000792,0.058708,0.010475,0.026316,-0.997873
33.090,True,-0.027518,1.113596,0.001465,0.058404,-0.005737,0.027744,-0.997891,True,0.037126,1.106937,0.000794,0.058858,0.010402,0.026297,-0.997866
33.101,True,-0.027560,1.113609,0.001403,0.058419,-0.005881,0.027805,-0.997888,True,0.037084,1.106942,0.000715,0.058874,0.010258,0.026359,-0.997865
33.112,True,-0.027581,1.113563,0.001390,0.058478,-0.006006,0.027611,-0.997889,True,0.037065,1.106919,0.000685,0.058929,0.010133,0.026164,-0.997868
33.123,True,-0.027618,1.113524,0.001355,0.058366,-0.006445,0.027488,-0.997896,True,0.037030,1.106901,0.000649,0.058815,0.009696,0.026044,-0.997882
33.134,True,-0.027669,1.113475,0.001297,0.058566,-0.013665,0.028012,-0.997797,True,0.036980,1.106866,0.000587,0.059013,0.002487,0.026572,-0.997900
33.146,True,-0.027716,1.113465,0.001280,0.059944,-0.022584,0.028604,-0.997536,True,0.036936,1.106880,0.000573,0.060388,-0.006427,0.027169,-0.997784
33.157,True,-0.027774,1.113439,0.001280,0.059431,-0.023980,0.028540,-0.997536,True,0.036881,1.106878,0.000565,0.059873,-0.007824,0.027107,-0.997807
33.168,True,-0.027870,1.113365,0.001215,0.059782,-0.026180,0.028480,-0.997462,True,0.036788,1.106838,0.000512,0.060220,-0.010025,0.027048,-0.997768
33.179,True,-0.027938,1.113333,0.001197,0.059859,-0.027396,0.028289,-0.997430,True,0.036725,1.106848,0.000515,0.060292,-0.011242,0.026857,-0.997756
33.190,True,-0.028028,1.113386,0.001146,0.060352,-0.030398,0.028531,-0.997306,True,0.036636,1.106906,0.000485,0.060784,-0.014248,0.027098,-0.997681
33.201,True,-0.028097,1.113427,0.001113,0.060643,-0.030857,0.028583,-0.997273,True,0.036566,1.106947,0.000466,0.061076,-0.014708,0.027148,-0.997656
33.212,True,-0.028162,1.113517,0.001099,0.061027,-0.029309,0.028726,-0.997292,True,0.036498,1.107005,0.000482,0.061464,-0.013157,0.027289,-0.997649
33.223,True,-0.028217,1.113583,0.001094,0.061451,-0.030278,0.029072,-0.997227,True,0.036440,1.107039,0.000488,0.061893,-0.014128,0.027633,-0.997600
33.234,True,-0.028284,1.113662,0.001019,0.061571,-0.029501,0.029144,-0.997241,True,0.036372,1.107101,0.000428,0.062015,-0.013350,0.027704,-0.997601
33.245,True,-0.028335,1.113708,0.000995,0.061437,-0.028252,0.028982,-0.997290,True,0.036322,1.107157,0.000417,0.061880,-0.012100,0.027539,-0.997630
33.257,True,-0.028371,1.113727,0.000982,0.061356,-0.028187,0.028957,-0.997298,True,0.036287,1.107179,0.000411,0.061798,-0.012035,0.027515,-0.997637
33.268,True,-0.028420,1.113699,0.000908,0.061075,-0.027777,0.028795,-0.997331,True,0.036239,1.107170,0.000350,0.061515,-0.011625,0.027353,-0.997664
33.279,True,-0.028455,1.113661,0.000848,0.060909,-0.027446,0.028767,-0.997351,True,0.036205,1.107134,0.000305,0.061348,-0.011293,0.027327,-0.997678
33.290,True,-0.028510,1.113599,0.000769,0.060352,-0.026644,0.028903,-0.997403,True,0.036146,1.107046,0.000221,0.060794,-0.010491,0.027464,-0.997717
33.301,True,-0.028530,1.113539,0.000724,0.059794,-0.025249,0.028896,-0.997473,True,0.036125,1.106969,0.000160,0.060238,-0.009095,0.027459,-0.997765
33.312,True,-0.028542,1.113485,0.000701,0.059373,-0.024973,0.028824,-0.997507,True,0.036113,1.106917,0.000111,0.059817,-0.008819,0.027389,-0.997795
33.323,True,-0.028526,1.113436,0.000680,0.058777,-0.024469,0.028666,-0.997559,True,0.036130,1.106881,0.000067,0.059219,-0.008314,0.027232,-0.997839
33.334,True,-0.028564,1.113404,0.000627,0.058382,-0.024159,0.028394,-0.997598,True,0.036095,1.106878,-0.000006,0.058820,-0.008005,0.026961,-0.997872
33.346,True,-0.028575,1.113366,0.000595,0.057967,-0.023830,0.028051,-0.997640,True,0.036088,1.106880,-0.000046,0.058400,-0.007677,0.026616,-0.997909
33.357,True,-0.028611,1.113397,0.000556,0.057197,-0.023238,0.027935,-0.997702,True,0.036053,1.106921,-0.000088,0.057628,-0.007085,0.026499,-0.997961
33.368,True,-0.030155,1.111040,0.000071,0.057462,-0.022949,0.027765,-0.997698,True,0.036026,1.106962,-0.000121,0.057891,-0.006796,0.026328,-0.997953
33.379,True,-0.030162,1.111108,0.000053,0.057993,-0.021102,0.027662,-0.997711,True,0.036019,1.107022,-0.000139,0.058423,-0.004947,0.026223,-0.997935
33.390,True,-0.030188,1.111126,0.000050,0.058801,-0.016471,0.027045,-0.997767,True,0.035995,1.107064,-0.000151,0.059228,-0.000316,0.025604,-0.997916
33.401,True,-0.030230,1.111098,-0.000015,0.059124,-0.015367,0.026831,-0.997772,True,0.035953,1.107051,-0.000215,0.059549,0.000788,0.025389,-0.997902
33.412,True,-0.030229,1.111100,-0.000048,0.059057,-0.014172,0.026640,-0.997798,True,0.035955,1.107067,-0.000232,0.059481,0.001982,0.025200,-0.997909
33.423,True,-0.030250,1.111069,-0.000084,0.058966,-0.012788,0.026292,-0.997832,True,0.035936,1.107066,-0.000269,0.059386,0.003366,0.024854,-0.997920
33.434,True,-0.030271,1.111033,-0.000112,0.058327,-0.012685,0.026196,-0.997873,True,0.035916,1.107044,-0.000290,0.058746,0.003468,0.024759,-0.997960
33.445,True,-0.030278,1.111015,-0.000131,0.058037,-0.011845,0.026217,-0.997900,True,0.035909,1.107016,-0.000285,0.058457,0.004306,0.024781,-0.997973
33.457,True,-0.030292,1.111014,-0.000129,0.057564,-0.011772,0.026356,-0.997924,True,0.035894,1.106998,-0.000281,0.057987,0.004379,0.024919,-0.997997
33.468,True,-0.030329,1.110997,-0.000193,0.057732,-0.011792,0.026263,-0.997917,True,0.035858,1.106995,-0.000333,0.058153,0.004360,0.024827,-0.997989
33.479,True,-0.030320,1.110981,-0.000194,0.057983,-0.011737,0.025982,-0.997910,True,0.035868,1.107017,-0.000323,0.058399,0.004415,0.024545,-0.997982
33.490,True,-0.030317,1.110976,-0.000193,0.058096,-0.011452,0.025705,-0.997914,True,0.035874,1.107048,-0.000305,0.058508,0.004700,0.024267,-0.997981
33.501,True,-0.030341,1.111008,-0.000248,0.058483,-0.011234,0.025487,-0.997900,True,0.035851,1.107109,-0.000341,0.058891,0.004918,0.024047,-0.997963
33.512,True,-0.030320,1.111083,-0.000237,0.058780,-0.010764,0.025515,-0.997887,True,0.035872,1.107179,-0.000297,0.059190,0.005387,0.024071,-0.997942
33.523,True,-0.030316,1.111150,-0.000248,0.058929,-0.010250,0.025630,-0.997881,True,0.035875,1.107228,-0.000294,0.059340,0.005900,0.024181,-0.997927
33.534,True,-0.030286,1.111238,-0.000251,0.059173,-0.010124,0.025893,-0.997861,True,0.035903,1.107281,-0.000279,0.059590,0.006026,0.024441,-0.997906
33.546,True,-0.030234,1.111327,-0.000212,0.059408,-0.009897,0.026099,-0.997844,True,0.035953,1.107340,-0.000239,0.059828,0.006253,0.024646,-0.997885
33.557,True,-0.030154,1.111375,-0.000178,0.059205,-0.009402,0.026216,-0.997857,True,0.036032,1.107366,-0.000209,0.059627,0.006747,0.024760,-0.997891
33.568,True,-0.030091,1.111389,-0.000173,0.058968,-0.009466,0.026426,-0.997865,True,0.036093,1.107352,-0.000217,0.059394,0.006682,0.024971,-0.997900
33.579,True,-0.030014,1.111393,-0.000147,0.058836,-0.009533,0.026618,-0.997867,True,0.036168,1.107329,-0.000204,0.059265,0.006615,0.025164,-0.997903
33.590,True,-0.029927,1.111368,-0.000134,0.058705,-0.009806,0.026973,-0.997863,True,0.036253,1.107257,-0.000213,0.059140,0.006342,0.025522,-0.997903
33.601,True,-0.029826,1.111333,-0.000086,0.058605,-0.009905,0.027178,-0.997862,True,0.036351,1.107192,-0.000189,0.059043,0.006243,0.025729,-0.997904
33.612,True,-0.029733,1.111322,-0.000029,0.058435,-0.010112,0.027350,-0.997865,True,0.036444,1.107158,-0.000153,0.058875,0.006036,0.025904,-0.997911
33.623,True,-0.029686,1.111312,-0.000010,0.058328,-0.010267,0.027550,-0.997864,True,0.036489,1.107119,-0.000161,0.058772,0.005881,0.026104,-0.997913
33.634,True,-0.029606,1.111312,0.000066,0.058197,-0.010368,0.027665,-0.997868,True,0.036567,1.107100,-0.000115,0.058643,0.005779,0.026220,-0.997918
33.645,True,-0.029526,1.111315,0.000139,0.058226,-0.010391,0.027753,-0.997864,True,0.036646,1.107088,-0.000062,0.058673,0.005756,0.026307,-0.997914
33.657,True,-0.029494,1.111300,0.000150,0.058096,-0.010257,0.027840,-0.997870,True,0.036677,1.107058,-0.000070,0.058545,0.005890,0.026392,-0.997918
33.668,True,-0.029416,1.111317,0.000225,0.057998,-0.010328,0.027986,-0.997871,True,0.036754,1.107054,-0.000013,0.058450,0.005818,0.026539,-0.997921
33.679,True,-0.029362,1.111309,0.000299,0.057851,-0.010362,0.027941,-0.997880,True,0.036808,1.107050,0.000042,0.058302,0.005784,0.026495,-0.997931
33.690,True,-0.029354,1.111276,0.000316,0.057356,-0.010291,0.027905,-0.997911,True,0.036816,1.107018,0.000038,0.057806,0.005854,0.026461,-0.997960
33.701,True,-0.029306,1.111208,0.000370,0.056928,-0.010275,0.027709,-0.997941,True,0.036866,1.106975,0.000077,0.057376,0.005871,0.026269,-0.997990
33.712,True,-0.029266,1.111139,0.000440,0.056415,-0.010497,0.027588,-0.997971,True,0.036906,1.106922,0.000127,0.056861,0.005649,0.026151,-0.998024
33.723,True,-0.029210,1.111089,0.000480,0.055777,-0.016603,0.027990,-0.997913,True,0.036964,1.106892,0.000174,0.056220,-0.000452,0.026559,-0.998065
33.734,True,-0.029222,1.111023,0.000499,0.054350,-0.018875,0.028091,-0.997948,True,0.036952,1.106840,0.000183,0.054791,-0.002724,0.026664,-0.998138
33.745,True,-0.029188,1.110983,0.000555,0.053754,-0.022371,0.028104,-0.997908,True,0.036989,1.106841,0.000244,0.054190,-0.006221,0.026681,-0.998155
33.759,True,-0.029218,1.110904,0.000579,0.053128,-0.023102,0.027898,-0.997931,True,0.036962,1.106799,0.000270,0.053559,-0.006953,0.026478,-0.998189
33.770,True,-0.029196,1.110857,0.000633,0.052299,-0.022731,0.027745,-0.997987,True,0.036985,1.106773,0.000345,0.052727,-0.006583,0.026323,-0.998240
33.781,True,-0.029187,1.110900,0.000695,0.051907,-0.021866,0.027681,-0.998029,True,0.036994,1.106817,0.000423,0.052335,-0.005718,0.026260,-0.998268
33.792,True,-0.029202,1.110966,0.000680,0.052940,-0.020926,0.027788,-0.997992,True,0.036977,1.106860,0.000437,0.053371,-0.004777,0.026365,-0.998215
33.803,True,-0.029180,1.110991,0.000735,0.053193,-0.020980,0.028042,-0.997970,True,0.036998,1.106853,0.000508,0.053629,-0.004830,0.026620,-0.998194
33.814,True,-0.029155,1.111036,0.000787,0.052934,-0.021109,0.028491,-0.997968,True,0.037020,1.106843,0.000574,0.053376,-0.004960,0.027069,-0.998195
33.825,True,-0.029167,1.111068,0.000793,0.052768,-0.021526,0.028744,-0.997961,True,0.037006,1.106846,0.000576,0.053214,-0.005376,0.027325,-0.998195
33.837,True,-0.029121,1.111086,0.000836,0.052953,-0.021370,0.028812,-0.997953,True,0.037050,1.106851,0.000616,0.053401,-0.005220,0.027395,-0.998184
33.848,True,-0.029069,1.111063,0.000883,0.052760,-0.021399,0.028718,-0.997965,True,0.037103,1.106839,0.000655,0.053206,-0.005249,0.027305,-0.998196
33.859,True,-0.029033,1.111019,0.000912,0.052449,-0.021869,0.028601,-0.997974,True,0.037141,1.106817,0.000683,0.052892,-0.005719,0.027189,-0.998214
33.870,True,-0.029038,1.110983,0.000899,0.052789,-0.021538,0.028617,-0.997963,True,0.037383,1.102726,0.000537,0.053233,-0.005387,0.027206,-0.998197
33.881,True,-0.029003,1.110959,0.000932,0.052569,-0.021512,0.028719,-0.997972,True,0.037415,1.102687,0.000562,0.053015,-0.005361,0.027309,-0.998206
33.892,True,-0.028994,1.110922,0.000933,0.052460,-0.021590,0.028903,-0.997971,True,0.037421,1.102624,0.000551,0.052909,-0.005440,0.027495,-0.998206
33.903,True,-0.028964,1.110875,0.000962,0.052446,-0.021627,0.028923,-0.997971,True,0.037451,1.102573,0.000563,0.052895,-0.005476,0.027515,-0.998206
33.914,True,-0.028923,1.110838,0.001003,0.052530,-0.021712,0.028876,-0.997966,True,0.037491,1.102540,0.000584,0.052979,-0.005562,0.027467,-0.998202
33.925,True,-0.028947,1.110772,0.000988,0.052333,-0.021716,0.028615,-0.997983,True,0.037472,1.102508,0.000561,0.052778,-0.005565,0.027210,-0.998220
33.937,True,-0.028941,1.110722,0.001007,0.051740,-0.021385,0.028404,-0.998028,True,0.037481,1.102484,0.000581,0.052182,-0.005235,0.026999,-0.998259
33.948,True,-0.028934,1.110709,0.001019,0.051549,-0.021219,0.028311,-0.998044,True,0.037490,1.102483,0.000610,0.051989,-0.005068,0.026910,-0.998272
33.959,True,-0.028998,1.110682,0.000988,0.051504,-0.021151,0.028309,-0.998047,True,0.037426,1.102457,0.000588,0.051944,-0.005000,0.026911,-0.998275
33.970,True,-0.029029,1.110670,0.000965,0.050890,-0.020825,0.028334,-0.998085,True,0.037394,1.102441,0.000585,0.051331,-0.004674,0.026939,-0.998307
33.981,True,-0.029052,1.110643,0.000963,0.050660,-0.020611,0.028335,-0.998101,True,0.037371,1.102413,0.000593,0.051101,-0.004460,0.026943,-0.998320
33.992,True,-0.029103,1.110609,0.000910,0.051959,-0.015627,0.027882,-0.998138,True,0.037321,1.102382,0.000558,0.052401,0.000526,0.026492,-0.998275
34.003,True,-0.029138,1.110576,0.000892,0.050869,-0.018270,0.027984,-0.998146,True,0.037289,1.102370,0.000558,0.051308,-0.002117,0.026596,-0.998326
34.014,True,-0.029175,1.110581,0.000888,0.051835,-0.012822,0.027338,-0.998199,True,0.037255,1.102401,0.000577,0.052273,0.003330,0.025949,-0.998290
34.026,True,-0.029234,1.110577,0.000824,0.052258,-0.011546,0.027147,-0.998198,True,0.037198,1.102411,0.000544,0.052694,0.004605,0.025756,-0.998268
34.037,True,-0.029274,1.110580,0.000796,0.052754,-0.010576,0.027111,-0.998184,True,0.037157,1.102411,0.000544,0.053190,0.005574,0.025717,-0.998238
34.048,True,-0.029297,1.110590,0.000779,0.053152,-0.011580,0.027275,-0.998147,True,0.037134,1.102414,0.000560,0.053590,0.004571,0.025880,-0.998217
34.059,True,-0.029320,1.110615,0.000759,0.053536,-0.009210,0.027208,-0.998153,True,0.037109,1.102424,0.000566,0.053976,0.006939,0.025810,-0.998185
34.070,True,-0.029387,1.110603,0.000689,0.052525,-0.009365,0.027188,-0.998206,True,0.037043,1.102419,0.000502,0.052964,0.006783,0.025792,-0.998240
34.081,True,-0.029401,1.110599,0.000655,0.053391,-0.008080,0.027019,-0.998175,True,0.037030,1.102424,0.000482,0.053830,0.008068,0.025621,-0.998189
34.092,True,-0.029443,1.110640,0.000618,0.053578,-0.007773,0.026905,-0.998171,True,0.036990,1.102476,0.000448,0.054015,0.008374,0.025504,-0.998179
34.104,True,-0.029459,1.110696,0.000568,0.054354,-0.008242,0.026877,-0.998126,True,0.036975,1.102543,0.000417,0.054790,0.007906,0.025472,-0.998142
34.115,True,-0.029463,1.110784,0.000538,0.054594,-0.008557,0.026958,-0.998108,True,0.036970,1.102625,0.000398,0.055030,0.007592,0.025549,-0.998129
34.126,True,-0.029492,1.110874,0.000454,0.055155,-0.007584,0.026950,-0.998085,True,0.036940,1.102704,0.000315,0.055593,0.008562,0.025533,-0.998090
34.137,True,-0.029474,1.110961,0.000413,0.055379,-0.009559,0.027153,-0.998050,True,0.036958,1.102787,0.000275,0.055817,0.006589,0.025732,-0.998088
34.148,True,-0.029445,1.111038,0.000374,0.055392,-0.009868,0.027206,-0.998045,True,0.036986,1.102861,0.000236,0.055830,0.006281,0.025781,-0.998088
34.159,True,-0.029458,1.111073,0.000285,0.055931,-0.009329,0.027328,-0.998017,True,0.036970,1.102868,0.000121,0.056372,0.006818,0.025898,-0.998051
34.170,True,-0.029407,1.111137,0.000235,0.056017,-0.009526,0.027521,-0.998005,True,0.037018,1.102908,0.000064,0.056461,0.006620,0.026088,-0.998042
34.181,True,-0.029375,1.111175,0.000197,0.055858,-0.009511,0.027620,-0.998011,True,0.037048,1.102930,0.000006,0.056305,0.006635,0.026184,-0.998048
34.192,True,-0.029383,1.111192,0.000101,0.055973,-0.009517,0.027760,-0.998001,True,0.037037,1.102927,-0.000100,0.056422,0.006629,0.026321,-0.998038
34.204,True,-0.029344,1.111240,0.000056,0.055952,-0.009637,0.027899,-0.997997,True,0.037074,1.102956,-0.000162,0.056403,0.006507,0.026456,-0.998036
34.215,True,-0.029314,1.111271,0.000018,0.056011,-0.009589,0.027937,-0.997993,True,0.037103,1.102980,-0.000212,0.056463,0.006555,0.026490,-0.998032
34.226,True,-0.029331,1.111298,-0.000061,0.056144,-0.009759,0.027980,-0.997983,True,0.037085,1.103002,-0.000292,0.056596,0.006385,0.026532,-0.998024
34.237,True,-0.029314,1.111345,-0.000101,0.056326,-0.009817,0.028056,-0.997970,True,0.037100,1.103037,-0.000348,0.056779,0.006326,0.026604,-0.998012
34.248,True,-0.029292,1.111385,-0.000133,0.056792,-0.010063,0.028187,-0.997937,True,0.037121,1.103061,-0.000386,0.057247,0.006081,0.026733,-0.997984
34.259,True,-0.029313,1.111400,-0.000192,0.056973,-0.010470,0.028323,-0.997919,True,0.037097,1.103059,-0.000467,0.057429,0.005674,0.026868,-0.997972
34.270,True,-0.029291,1.111412,-0.000216,0.057018,-0.010586,0.028412,-0.997913,True,0.037117,1.103057,-0.000514,0.057476,0.005558,0.026958,-0.997967
34.281,True,-0.029276,1.111406,-0.000234,0.057120,-0.010588,0.028415,-0.997907,True,0.037132,1.103047,-0.000552,0.057578,0.005556,0.026961,-0.997961
34.292,True,-0.029304,1.111394,-0.000301,0.057088,-0.010673,0.028473,-0.997906,True,0.037102,1.103026,-0.000635,0.057548,0.005471,0.027019,-0.997962
34.303,True,-0.029299,1.111380,-0.000334,0.057198,-0.010497,0.028350,-0.997905,True,0.037109,1.103025,-0.000675,0.057656,0.005647,0.026895,-0.997958
34.315,True,-0.029303,1.111345,-0.000347,0.057089,-0.010259,0.028156,-0.997919,True,0.037108,1.103012,-0.000703,0.057544,0.005884,0.026702,-0.997969
34.326,True,-0.029330,1.111295,-0.000408,0.057220,-0.010253,0.028015,-0.997916,True,0.037083,1.102979,-0.000770,0.057673,0.005891,0.026561,-0.997965
34.337,True,-0.029330,1.111264,-0.000423,0.056671,-0.010283,0.027831,-0.997952,True,0.037086,1.102973,-0.000793,0.057121,0.005859,0.026378,-0.998002
34.348,True,-0.029332,1.111265,-0.000434,0.056631,-0.010124,0.027629,-0.997962,True,0.037087,1.102999,-0.000804,0.057077,0.006018,0.026175,-0.998008
34.359,True,-0.029370,1.111260,-0.000453,0.057022,-0.010053,0.027470,-0.997944,True,0.037052,1.103013,-0.000825,0.057466,0.006089,0.026013,-0.997990
34.370,True,-0.029397,1.111267,-0.000440,0.057376,-0.009896,0.027299,-0.997930,True,0.037027,1.103043,-0.000803,0.057818,0.006246,0.025835,-0.997973
34.381,True,-0.029952,1.110436,-0.000599,0.057880,-0.009648,0.027227,-0.997906,True,0.037009,1.103132,-0.000765,0.058320,0.006492,0.025754,-0.997945
34.392,True,-0.029994,1.110541,-0.000632,0.058243,-0.009620,0.027309,-0.997883,True,0.036965,1.103227,-0.000779,0.058685,0.006520,0.025829,-0.997921
34.403,True,-0.030014,1.110633,-0.000623,0.058491,-0.009664,0.027415,-0.997865,True,0.036944,1.103307,-0.000759,0.058935,0.006476,0.025933,-0.997904
34.419,True,-0.030037,1.110661,-0.000602,0.058471,-0.009687,0.027596,-0.997861,True,0.036918,1.103309,-0.000753,0.058917,0.006453,0.026115,-0.997900
34.430,True,-0.030062,1.110617,-0.000667,0.058019,-0.009723,0.027647,-0.997885,True,0.036891,1.103256,-0.000835,0.058466,0.006418,0.026173,-0.997926
34.441,True,-0.030088,1.110597,-0.000630,0.057213,-0.009666,0.027656,-0.997932,True,0.036866,1.103232,-0.000818,0.057661,0.006474,0.026192,-0.997972
34.452,True,-0.030107,1.110497,-0.000648,0.056651,-0.009519,0.027564,-0.997968,True,0.036848,1.103144,-0.000831,0.057098,0.006622,0.026107,-0.998005
34.463,True,-0.030159,1.110385,-0.000690,0.055803,-0.009570,0.027733,-0.998011,True,0.036794,1.103012,-0.000868,0.056252,0.006572,0.026284,-0.998049
34.475,True,-0.030201,1.110287,-0.000682,0.055353,-0.009603,0.027870,-0.998032,True,0.036750,1.102896,-0.000860,0.055804,0.006539,0.026426,-0.998071
34.486,True,-0.030236,1.110240,-0.000654,0.055120,-0.009747,0.028191,-0.998034,True,0.036710,1.102807,-0.000835,0.055576,0.006394,0.026750,-0.998076
34.497,True,-0.030314,1.110171,-0.000661,0.054979,-0.009774,0.028091,-0.998044,True,0.036633,1.102751,-0.000851,0.055434,0.006368,0.026652,-0.998086
34.508,True,-0.030362,1.110112,-0.000620,0.054964,-0.009996,0.027990,-0.998046,True,0.036587,1.102707,-0.000818,0.055417,0.006146,0.026552,-0.998091
34.519,True,-0.030416,1.110034,-0.000585,0.054920,-0.010224,0.027650,-0.998056,True,0.036538,1.102677,-0.000785,0.055367,0.005919,0.026214,-0.998104
34.530,True,-0.030497,1.109990,-0.000605,0.054540,-0.009958,0.027416,-0.998085,True,0.036460,1.102664,-0.000791,0.054984,0.006185,0.025984,-0.998130
34.541,True,-0.030577,1.109962,-0.000582,0.054510,-0.009925,0.027230,-0.998093,True,0.036384,1.102665,-0.000738,0.054950,0.006219,0.025800,-0.998136
34.552,True,-0.030651,1.109966,-0.000549,0.054604,-0.009641,0.027104,-0.998094,True,0.036312,1.102687,-0.000679,0.055043,0.006503,0.025674,-0.998133
34.564,True,-0.030732,1.110015,-0.000599,0.054859,-0.009468,0.027026,-0.998083,True,0.036233,1.102750,-0.000683,0.055296,0.006676,0.025590,-0.998120
34.575,True,-0.030791,1.110116,-0.000558,0.055114,-0.009043,0.027158,-0.998070,True,0.036171,1.102832,-0.000618,0.055553,0.007100,0.025718,-0.998099
34.586,True,-0.030845,1.110164,-0.000533,0.055488,-0.008840,0.027183,-0.998050,True,0.036117,1.102878,-0.000561,0.055928,0.007303,0.025741,-0.998076
34.597,True,-0.030912,1.110161,-0.000571,0.055608,-0.008704,0.027260,-0.998043,True,0.036049,1.102866,-0.000575,0.056049,0.007439,0.025817,-0.998067
34.608,True,-0.030942,1.110135,-0.000567,0.055383,-0.008535,0.027188,-0.998058,True,0.036021,1.102853,-0.000538,0.055824,0.007608,0.025747,-0.998080
34.619,True,-0.030976,1.110107,-0.000547,0.055318,-0.008401,0.027075,-0.998066,True,0.035989,1.102841,-0.000507,0.055757,0.007743,0.025635,-0.998085
34.630,True,-0.031041,1.110083,-0.000632,0.055219,-0.008213,0.026996,-0.998076,True,0.035925,1.102828,-0.000567,0.055656,0.007931,0.025558,-0.998091
34.641,True,-0.031055,1.110078,-0.000564,0.055042,-0.008228,0.027187,-0.998080,True,0.035908,1.102799,-0.000494,0.055483,0.007916,0.025751,-0.998096
34.652,True,-0.031044,1.110071,-0.000557,0.054934,-0.008332,0.027303,-0.998082,True,0.035918,1.102778,-0.000480,0.055377,0.007812,0.025866,-0.998100
34.663,True,-0.031055,1.110077,-0.000589,0.054922,-0.008349,0.027377,-0.998080,True,0.035906,1.102773,-0.000519,0.055366,0.007795,0.025942,-0.998099
34.674,True,-0.031021,1.110077,-0.000555,0.054941,-0.008468,0.027383,-0.998078,True,0.035939,1.102772,-0.000496,0.055385,0.007676,0.025949,-0.998098
34.685,True,-0.030987,1.110084,-0.000510,0.055139,-0.008568,0.027343,-0.998068,True,0.035974,1.102784,-0.000463,0.055582,0.007577,0.025909,-0.998089
34.697,True,-0.030962,1.110143,-0.000502,0.055000,-0.008673,0.027349,-0.998074,True,0.035998,1.102842,-0.000463,0.055443,0.007471,0.025916,-0.998098
34.708,True,-0.030926,1.110240,-0.000424,0.055235,-0.008797,0.027506,-0.998056,True,0.036032,1.102918,-0.000398,0.055680,0.007348,0.026071,-0.998081
34.719,True,-0.030871,1.110355,-0.000339,0.055654,-0.008965,0.027512,-0.998031,True,0.036088,1.103032,-0.000325,0.056099,0.007179,0.026072,-0.998059
34.730,True,-0.030844,1.110527,-0.000271,0.056181,-0.009166,0.027741,-0.997993,True,0.036111,1.103173,-0.000266,0.056630,0.006978,0.026293,-0.998025
34.741,True,-0.030777,1.110667,-0.000181,0.056861,-0.009332,0.027991,-0.997946,True,0.036175,1.103283,-0.000167,0.057313,0.006811,0.026536,-0.997980
34.752,True,-0.030718,1.110749,-0.000080,0.057890,-0.009661,0.028171,-0.997879,True,0.036232,1.103344,-0.000057,0.058345,0.006483,0.026708,-0.997918
34.763,True,-0.030727,1.110741,-0.000075,0.057894,-0.009711,0.028302,-0.997874,True,0.036220,1.103320,-0.000052,0.058351,0.006433,0.026839,-0.997915
34.774,True,-0.030666,1.110753,0.000041,0.057953,-0.009950,0.028525,-0.997862,True,0.036278,1.103303,0.000059,0.058413,0.006194,0.027064,-0.997906
34.786,True,-0.030613,1.110728,0.000145,0.057744,-0.010483,0.028659,-0.997865,True,0.036329,1.103264,0.000152,0.058206,0.005662,0.027202,-0.997918
34.797,True,-0.030582,1.110680,0.000233,0.057733,-0.010626,0.028774,-0.997861,True,0.036359,1.103201,0.000228,0.058195,0.005520,0.027321,-0.997916
34.808,True,-0.030563,1.110598,0.000375,0.057424,-0.010738,0.029102,-0.997868,True,0.036373,1.103076,0.000369,0.057892,0.005409,0.027655,-0.997925
34.819,True,-0.030553,1.110553,0.000461,0.057223,-0.010864,0.029302,-0.997872,True,0.036380,1.103006,0.000459,0.057694,0.005283,0.027858,-0.997932
34.830,True,-0.030558,1.110503,0.000564,0.056988,-0.011127,0.029460,-0.997878,True,0.036373,1.102936,0.000544,0.057461,0.005021,0.028020,-0.997942
34.841,True,-0.030514,1.110424,0.000654,0.056642,-0.011158,0.029298,-0.997902,True,0.036419,1.102878,0.000628,0.057113,0.004991,0.027862,-0.997966
34.852,True,-0.030497,1.110380,0.000740,0.056082,-0.011132,0.029434,-0.997930,True,0.036434,1.102814,0.000699,0.056555,0.005017,0.028004,-0.997994
34.863,True,-0.030485,1.110316,0.000833,0.055942,-0.011357,0.029454,-0.997935,True,0.036446,1.102747,0.000779,0.056415,0.004792,0.028030,-0.998002
34.874,True,-0.030464,1.110278,0.000948,0.055773,-0.011302,0.029584,-0.997941,True,0.036465,1.102692,0.000901,0.056248,0.004848,0.028163,-0.998008
34.885,True,-0.030460,1.110279,0.001072,0.055522,-0.010945,0.029730,-0.997955,True,0.036310,1.102340,0.000990,0.056000,0.005204,0.028314,-0.998016
34.897,True,-0.030532,1.110226,0.001108,0.055630,-0.010819,0.029757,-0.997949,True,0.036237,1.102285,0.001052,0.056108,0.005331,0.028339,-0.998008
34.908,True,-0.030511,1.110199,0.001193,0.055536,-0.010658,0.029689,-0.997958,True,0.036260,1.102266,0.001141,0.056014,0.005492,0.028274,-0.998015
34.919,True,-0.030498,1.110154,0.001298,0.055367,-0.010548,0.029604,-0.997971,True,0.036273,1.102231,0.001247,0.055844,0.005602,0.028194,-0.998026
34.930,True,-0.030517,1.110057,0.001326,0.055188,-0.010543,0.029500,-0.997984,True,0.036257,1.102148,0.001273,0.055663,0.005608,0.028093,-0.998039
34.941,True,-0.030466,1.109970,0.001424,0.054909,-0.010566,0.029367,-0.998004,True,0.036310,1.102079,0.001368,0.055382,0.005586,0.027967,-0.998058
34.952,True,-0.030430,1.109911,0.001518,0.054855,-0.010813,0.029305,-0.998006,True,0.036346,1.102028,0.001439,0.055327,0.005339,0.027909,-0.998064
34.963,True,-0.030437,1.109919,0.001565,0.054559,-0.010811,0.029339,-0.998021,True,0.036338,1.102030,0.001478,0.055031,0.005341,0.027947,-0.998079
34.975,True,-0.030402,1.109951,0.001677,0.054642,-0.010841,0.029358,-0.998016,True,0.036373,1.102058,0.001581,0.055114,0.005312,0.027968,-0.998074
34.985,True,-0.030364,1.109939,0.001811,0.054855,-0.010797,0.029264,-0.998007,True,0.036412,1.102057,0.001713,0.055326,0.005356,0.027871,-0.998065
34.997,True,-0.030363,1.109908,0.001900,0.054994,-0.010550,0.029101,-0.998007,True,0.036415,1.102047,0.001808,0.055463,0.005602,0.027705,-0.998061
35.008,True,-0.030334,1.109914,0.001992,0.055275,-0.010222,0.028997,-0.997998,True,0.036447,1.102066,0.001921,0.055743,0.005929,0.027596,-0.998046
35.019,True,-0.030292,1.110008,0.002126,0.055463,-0.010221,0.029177,-0.997982,True,0.036485,1.102135,0.002053,0.055934,0.005931,0.027775,-0.998031
35.030,True,-0.030298,1.110103,0.002202,0.055668,-0.010349,0.029460,-0.997961,True,0.036475,1.102191,0.002114,0.056143,0.005803,0.028057,-0.998012
35.041,True,-0.030250,1.110194,0.002354,0.055756,-0.010481,0.029750,-0.997946,True,0.036518,1.102240,0.002240,0.056235,0.005670,0.028346,-0.997999
35.052,True,-0.030196,1.110275,0.002489,0.055814,-0.010642,0.029843,-0.997938,True,0.036570,1.102307,0.002348,0.056295,0.005509,0.028438,-0.997994
35.064,True,-0.030194,1.110345,0.002572,0.055917,-0.010907,0.029665,-0.997935,True,0.036574,1.102398,0.002389,0.056395,0.005245,0.028261,-0.997995
35.075,True,-0.030149,1.110331,0.002710,0.056162,-0.011173,0.029298,-0.997929,True,0.036625,1.102433,0.002508,0.056634,0.004979,0.027892,-0.997993
35.086,True,-0.030123,1.110270,0.002834,0.056335,-0.011133,0.028992,-0.997929,True,0.036656,1.102412,0.002627,0.056802,0.005019,0.027585,-0.997992
35.097,True,-0.030162,1.110186,0.002871,0.056276,-0.011286,0.028895,-0.997933,True,0.036619,1.102343,0.002663,0.056741,0.004867,0.027491,-0.997999
35.108,True,-0.030123,1.110105,0.002981,0.056134,-0.011263,0.028967,-0.997940,True,0.036657,1.102250,0.002760,0.056600,0.004890,0.027566,-0.998004
35.119,True,-0.030078,1.110012,0.003089,0.055897,-0.011412,0.029067,-0.997948,True,0.036699,1.102142,0.002847,0.056365,0.004741,0.027671,-0.998016
35.130,True,-0.030118,1.109869,0.003113,0.055514,-0.011568,0.029074,-0.997968,True,0.036658,1.101995,0.002838,0.055982,0.004585,0.027685,-0.998037
35.141,True,-0.030044,1.109803,0.003257,0.055283,-0.011737,0.029209,-0.997974,True,0.036731,1.101911,0.002964,0.055753,0.004418,0.027825,-0.998047
35.152,True,-0.030010,1.109764,0.003378,0.054994,-0.011835,0.029246,-0.997988,True,0.036764,1.101866,0.003071,0.055464,0.004319,0.027865,-0.998062
35.164,True,-0.030062,1.109737,0.003430,0.054973,-0.011800,0.029273,-0.997989,True,0.036711,1.101836,0.003125,0.055444,0.004354,0.027891,-0.998063
35.175,True,-0.030063,1.109761,0.003552,0.054884,-0.011692,0.029305,-0.997994,True,0.036711,1.101856,0.003260,0.055355,0.004462,0.027924,-0.998066
35.186,True,-0.030052,1.109764,0.003650,0.054875,-0.011491,0.029280,-0.997998,True,0.036722,1.101863,0.003376,0.055346,0.004663,0.027898,-0.998067
35.197,True,-0.030161,1.109800,0.003655,0.054719,-0.011249,0.029378,-0.998006,True,0.036611,1.101885,0.003400,0.055193,0.004905,0.028000,-0.998071
35.208,True,-0.030111,1.109782,0.003800,0.054794,-0.011171,0.029354,-0.998004,True,0.036661,1.101869,0.003541,0.055267,0.004983,0.027977,-0.998067
35.219,True,-0.030100,1.109767,0.003886,0.054915,-0.011084,0.029245,-0.998001,True,0.036674,1.101867,0.003623,0.055386,0.005071,0.027870,-0.998063
35.230,True,-0.030137,1.109792,0.003948,0.055064,-0.010830,0.029123,-0.997999,True,0.036639,1.101907,0.003694,0.055533,0.005325,0.027748,-0.998057
35.241,True,-0.030152,1.109923,0.004086,0.055292,-0.010613,0.029024,-0.997992,True,0.036626,1.102052,0.003861,0.055760,0.005542,0.027645,-0.998046
35.252,True,-0.030180,1.110055,0.004204,0.055762,-0.010279,0.029114,-0.997967,True,0.036596,1.102173,0.004016,0.056232,0.005875,0.027729,-0.998015
35.263,True,-0.030297,1.110180,0.004225,0.056267,-0.009756,0.029277,-0.997939,True,0.036477,1.102278,0.004097,0.056739,0.006397,0.027884,-0.997979
35.275,True,-0.030342,1.110222,0.004300,0.056699,-0.009099,0.029309,-0.997920,True,0.036432,1.102317,0.004238,0.057173,0.007053,0.027909,-0.997949
35.286,True,-0.030379,1.110240,0.004353,0.056905,-0.008626,0.029289,-0.997913,True,0.036396,1.102341,0.004354,0.057378,0.007527,0.027888,-0.997935
35.297,True,-0.030486,1.110218,0.004324,0.056491,-0.008357,0.029212,-0.997941,True,0.036290,1.102334,0.004376,0.056963,0.007795,0.027813,-0.997958
35.308,True,-0.030500,1.110186,0.004357,0.056513,-0.007833,0.029087,-0.997947,True,0.036278,1.102320,0.004461,0.056984,0.008320,0.027689,-0.997956
35.319,True,-0.030524,1.110188,0.004402,0.056432,-0.007649,0.029086,-0.997953,True,0.036255,1.102326,0.004544,0.056903,0.008503,0.027689,-0.997960
35.330,True,-0.030623,1.110227,0.004358,0.056463,-0.007433,0.029185,-0.997950,True,0.036155,1.102355,0.004540,0.056935,0.008719,0.027787,-0.997953
35.341,True,-0.030631,1.110298,0.004416,0.056295,-0.007559,0.029306,-0.997955,True,0.036145,1.102416,0.004633,0.056769,0.008593,0.027906,-0.997960
35.352,True,-0.030659,1.110358,0.004411,0.056582,-0.007140,0.029388,-0.997940,True,0.036116,1.102468,0.004676,0.057058,0.009012,0.027984,-0.997938
35.364,True,-0.030710,1.110393,0.004371,0.056719,-0.007210,0.029569,-0.997926,True,0.036063,1.102484,0.004670,0.057197,0.008942,0.028161,-0.997926
35.374,True,-0.030648,1.110404,0.004447,0.056691,-0.007084,0.029467,-0.997932,True,0.036126,1.102509,0.004757,0.057167,0.009067,0.028058,-0.997929
35.386,True,-0.030604,1.110429,0.004490,0.056872,-0.006883,0.029529,-0.997921,True,0.036169,1.102524,0.004813,0.057350,0.009269,0.028120,-0.997915
35.397,True,-0.030625,1.110427,0.004455,0.057125,-0.007078,0.029650,-0.997902,True,0.036146,1.102509,0.004779,0.057604,0.009074,0.028238,-0.997899
35.408,True,-0.030556,1.110466,0.004503,0.057244,-0.007265,0.029806,-0.997889,True,0.036213,1.102527,0.004813,0.057726,0.008886,0.028390,-0.997889
35.419,True,-0.030478,1.110548,0.004552,0.057463,-0.007465,0.029997,-0.997869,True,0.036288,1.102584,0.004852,0.057948,0.008686,0.028578,-0.997873
35.430,True,-0.030449,1.110618,0.004534,0.057801,-0.007889,0.029985,-0.997847,True,0.036317,1.102657,0.004811,0.058285,0.008262,0.028561,-0.997857
35.441,True,-0.030368,1.110680,0.004591,0.058095,-0.008189,0.030072,-0.997824,True,0.036397,1.102706,0.004837,0.058580,0.007962,0.028644,-0.997840
35.452,True,-0.030254,1.110722,0.004629,0.058335,-0.008413,0.030105,-0.997808,True,0.036510,1.102743,0.004852,0.058820,0.007737,0.028673,-0.997827
35.464,True,-0.030250,1.110724,0.004605,0.058431,-0.008704,0.030086,-0.997800,True,0.036514,1.102745,0.004786,0.058916,0.007446,0.028652,-0.997824
35.475,True,-0.030090,1.110726,0.004662,0.058625,-0.009147,0.030210,-0.997781,True,0.036673,1.102731,0.004815,0.059112,0.007004,0.028774,-0.997812
35.486,True,-0.029954,1.110734,0.004713,0.058616,-0.009642,0.030301,-0.997774,True,0.036807,1.102725,0.004811,0.059104,0.006508,0.028865,-0.997813
35.497,True,-0.029881,1.110735,0.004707,0.058599,-0.010068,0.030395,-0.997768,True,0.036878,1.102711,0.004759,0.059088,0.006082,0.028958,-0.997814
35.508,True,-0.029749,1.110734,0.004761,0.058379,-0.010532,0.030441,-0.997775,True,0.037010,1.102703,0.004767,0.058868,0.005618,0.029005,-0.997829
35.519,True,-0.029629,1.110721,0.004811,0.058359,-0.010860,0.030630,-0.997767,True,0.037126,1.102663,0.004778,0.058852,0.005290,0.029194,-0.997826
35.530,True,-0.029570,1.110656,0.004786,0.058259,-0.011024,0.030748,-0.997767,True,0.037183,1.102582,0.004735,0.058754,0.005126,0.029312,-0.997829
35.541,True,-0.029467,1.110623,0.004825,0.057895,-0.011392,0.031018,-0.997776,True,0.037282,1.102515,0.004758,0.058393,0.004758,0.029587,-0.997844
35.552,True,-0.029376,1.110586,0.004843,0.057647,-0.011537,0.031193,-0.997783,True,0.037371,1.102456,0.004773,0.058148,0.004613,0.029764,-0.997854
35.563,True,-0.029393,1.110555,0.004804,0.057354,-0.011785,0.031461,-0.997789,True,0.037349,1.102390,0.004724,0.057859,0.004366,0.030036,-0.997863
35.574,True,-0.029265,1.110462,0.004867,0.056887,-0.012132,0.031456,-0.997811,True,0.037478,1.102299,0.004764,0.057392,0.004019,0.030035,-0.997892
35.586,True,-0.029170,1.110339,0.004904,0.056535,-0.012334,0.031298,-0.997834,True,0.037575,1.102198,0.004786,0.057037,0.003817,0.029881,-0.997918
35.596,True,-0.029114,1.110255,0.004924,0.055999,-0.012616,0.031117,-0.997866,True,0.037635,1.102139,0.004786,0.056498,0.003536,0.029704,-0.997955
35.608,True,-0.028991,1.110284,0.004976,0.055746,-0.012624,0.031167,-0.997879,True,0.037756,1.102161,0.004834,0.056246,0.003528,0.029759,-0.997967
35.619,True,-0.028900,1.110324,0.005036,0.055589,-0.012761,0.031441,-0.997877,True,0.037843,1.102166,0.004891,0.056093,0.003390,0.030033,-0.997968
35.630,True,-0.028885,1.110411,0.005063,0.055585,-0.012736,0.031980,-0.997860,True,0.037849,1.102181,0.004920,0.056098,0.003415,0.030570,-0.997951
35.641,True,-0.028814,1.110478,0.005115,0.055468,-0.012920,0.032343,-0.997853,True,0.037915,1.102201,0.004967,0.055987,0.003231,0.030933,-0.997947
35.652,True,-0.028692,1.110539,0.005191,0.055303,-0.012995,0.032513,-0.997856,True,0.038187,1.102085,0.004947,0.055824,0.003156,0.031106,-0.997951
35.663,True,-0.028671,1.110515,0.005178,0.055089,-0.012959,0.032340,-0.997873,True,0.038210,1.102083,0.004928,0.055608,0.003193,0.030937,-0.997968
35.674,True,-0.028563,1.110478,0.005228,0.054961,-0.012921,0.032277,-0.997883,True,0.038320,1.102053,0.004971,0.055479,0.003230,0.030875,-0.997977
35.685,True,-0.028456,1.110489,0.005288,0.054812,-0.012897,0.032407,-0.997887,True,0.038425,1.102046,0.005030,0.055332,0.003254,0.031006,-0.997981
35.697,True,-0.028416,1.110533,0.005311,0.055114,-0.012854,0.032477,-0.997869,True,0.038463,1.102080,0.005051,0.055635,0.003297,0.031072,-0.997962
35.708,True,-0.028317,1.110617,0.005376,0.055686,-0.012975,0.032563,-0.997833,True,0.038560,1.102153,0.005113,0.056208,0.003174,0.031147,-0.997928
35.719,True,-0.028213,1.110705,0.005451,0.056206,-0.013060,0.032476,-0.997805,True,0.038666,1.102252,0.005179,0.056726,0.003089,0.031052,-0.997902
35.730,True,-0.028180,1.110784,0.005449,0.056817,-0.013156,0.032287,-0.997776,True,0.038702,1.102354,0.005155,0.057334,0.002992,0.030852,-0.997874
35.741,True,-0.028070,1.110829,0.005494,0.057244,-0.013298,0.032229,-0.997751,True,0.038812,1.102403,0.005172,0.057761,0.002849,0.030789,-0.997852
35.752,True,-0.027947,1.110843,0.005544,0.057292,-0.013753,0.032151,-0.997745,True,0.038936,1.102425,0.005166,0.057807,0.002394,0.030709,-0.997853
35.763,True,-0.027897,1.110853,0.005508,0.057320,-0.014135,0.031980,-0.997744,True,0.038988,1.102456,0.005082,0.057832,0.002012,0.030537,-0.997857
35.774,True,-0.027771,1.110899,0.005530,0.057206,-0.014560,0.031930,-0.997745,True,0.039115,1.102509,0.005065,0.057717,0.001586,0.030486,-0.997866
35.786,True,-0.027682,1.110978,0.005550,0.057452,-0.014796,0.031862,-0.997730,True,0.039205,1.102593,0.005046,0.057962,0.001351,0.030415,-0.997855
35.797,True,-0.027643,1.111058,0.005497,0.057823,-0.014594,0.031753,-0.997715,True,0.039244,1.102683,0.004973,0.058331,0.001552,0.030300,-0.997836
35.808,True,-0.027562,1.111129,0.005504,0.058104,-0.014616,0.031707,-0.997700,True,0.039326,1.102757,0.004966,0.058612,0.001530,0.030250,-0.997821
35.819,True,-0.027473,1.111179,0.005509,0.058284,-0.014733,0.031653,-0.997689,True,0.039415,1.102814,0.004960,0.058791,0.001412,0.030194,-0.997813
35.830,True,-0.027491,1.111202,0.005382,0.058264,-0.014928,0.031720,-0.997686,True,0.039396,1.102832,0.004844,0.058771,0.001218,0.030261,-0.997812
35.841,True,-0.027389,1.111168,0.005397,0.058155,-0.015150,0.031976,-0.997680,True,0.039494,1.102764,0.004847,0.058666,0.000995,0.030519,-0.997811
35.852,True,-0.027312,1.111157,0.005383,0.058117,-0.016546,0.032412,-0.997646,True,0.039566,1.102710,0.004820,0.058634,-0.000399,0.030957,-0.997799
35.863,True,-0.027302,1.111105,0.005289,0.059106,-0.024414,0.033315,-0.997397,True,0.039571,1.102626,0.004713,0.059626,-0.008264,0.031864,-0.997678
35.874,True,-0.027227,1.111075,0.005262,0.059533,-0.027469,0.033686,-0.997280,True,0.039645,1.102582,0.004691,0.060055,-0.011319,0.032238,-0.997610
35.885,True,-0.027152,1.111056,0.005227,0.059203,-0.029167,0.034013,-0.997240,True,0.039717,1.102542,0.004670,0.059727,-0.013019,0.032565,-0.997599
35.897,True,-0.027156,1.111043,0.005142,0.059236,-0.029074,0.034048,-0.997240,True,0.039713,1.102525,0.004594,0.059761,-0.012927,0.032601,-0.997596
35.908,True,-0.027093,1.111046,0.005103,0.058229,-0.031975,0.034430,-0.997197,True,0.039774,1.102517,0.004577,0.058755,-0.015833,0.032984,-0.997602
35.919,True,-0.027029,1.111079,0.005072,0.058397,-0.031866,0.034645,-0.997183,True,0.039836,1.102521,0.004558,0.058926,-0.015724,0.033198,-0.997586
35.930,True,-0.027013,1.111145,0.004962,0.058631,-0.031274,0.034855,-0.997181,True,0.039847,1.102553,0.004459,0.059164,-0.015131,0.033405,-0.997574
35.941,True,-0.026901,1.111235,0.004970,0.058345,-0.032086,0.035090,-0.997164,True,0.039956,1.102620,0.004453,0.058881,-0.015945,0.033639,-0.997571
35.952,True,-0.026798,1.111313,0.004955,0.058004,-0.032881,0.035251,-0.997152,True,0.040057,1.102686,0.004426,0.058541,-0.016743,0.033798,-0.997572
35.964,True,-0.026751,1.111404,0.004868,0.058356,-0.033448,0.035298,-0.997111,True,0.040104,1.102776,0.004331,0.058893,-0.017310,0.033842,-0.997540
35.975,True,-0.026642,1.111490,0.004848,0.058522,-0.033652,0.035454,-0.997089,True,0.040210,1.102841,0.004291,0.059061,-0.017515,0.033994,-0.997522
35.986,True,-0.026597,1.111525,0.004766,0.058463,-0.033861,0.035576,-0.997081,True,0.040253,1.102861,0.004198,0.059004,-0.017724,0.034115,-0.997517
35.997,True,-0.026493,1.111561,0.004733,0.058738,-0.034286,0.035719,-0.997045,True,0.040354,1.102878,0.004141,0.059281,-0.018150,0.034259,-0.997488
36.008,True,-0.026377,1.111611,0.004711,0.058889,-0.034697,0.035963,-0.997013,True,0.040467,1.102897,0.004097,0.059436,-0.018562,0.034501,-0.997463
36.019,True,-0.026257,1.111655,0.004698,0.059513,-0.035336,0.036200,-0.996945,True,0.040581,1.102910,0.004044,0.060064,-0.019200,0.034737,-0.997405
36.030,True,-0.026253,1.111668,0.004604,0.059749,-0.035998,0.036315,-0.996903,True,0.040583,1.102911,0.003919,0.060300,-0.019864,0.034849,-0.997374
36.041,True,-0.026107,1.111721,0.004607,0.059557,-0.036222,0.036500,-0.996900,True,0.040726,1.102939,0.003900,0.060111,-0.020088,0.035031,-0.997375
36.052,True,-0.026000,1.111752,0.004589,0.059961,-0.036620,0.036612,-0.996857,True,0.040831,1.102957,0.003859,0.060517,-0.020487,0.035140,-0.997338
36.063,True,-0.025982,1.111783,0.004462,0.058701,-0.029037,0.036120,-0.997199,True,0.040845,1.102961,0.003705,0.059260,-0.012897,0.034638,-0.997558
36.075,True,-0.025864,1.111774,0.004453,0.059383,-0.030976,0.036322,-0.997093,True,0.040962,1.102944,0.003674,0.059942,-0.014836,0.034839,-0.997483
36.086,True,-0.025819,1.111771,0.004390,0.059347,-0.027670,0.036144,-0.997199,True,0.041004,1.102922,0.003594,0.059909,-0.011528,0.034660,-0.997535
36.097,True,-0.025750,1.111758,0.004320,0.058462,-0.022539,0.035748,-0.997395,True,0.041072,1.102896,0.003490,0.059025,-0.006398,0.034262,-0.997648
36.108,True,-0.025643,1.111707,0.004241,0.058305,-0.022966,0.035684,-0.997397,True,0.041179,1.102855,0.003373,0.058867,-0.006825,0.034198,-0.997657
36.119,True,-0.025588,1.111708,0.004159,0.057657,-0.023329,0.035640,-0.997427,True,0.041236,1.102865,0.003272,0.058217,-0.007189,0.034155,-0.997694
36.130,True,-0.025557,1.111748,0.004055,0.057856,-0.021048,0.035431,-0.997474,True,0.041265,1.102903,0.003156,0.058417,-0.004908,0.033943,-0.997703
36.141,True,-0.025468,1.111782,0.004018,0.058305,-0.022185,0.035506,-0.997421,True,0.041355,1.102938,0.003111,0.058866,-0.006045,0.034017,-0.997668
36.152,True,-0.025400,1.111753,0.003969,0.058618,-0.022143,0.035324,-0.997410,True,0.041426,1.102931,0.003055,0.059175,-0.006003,0.033832,-0.997656
36.164,True,-0.025405,1.111730,0.003874,0.058349,-0.021744,0.035259,-0.997436,True,0.041422,1.102915,0.002968,0.058906,-0.005605,0.033765,-0.997677
36.175,True,-0.025339,1.111794,0.003833,0.058062,-0.019855,0.035226,-0.997494,True,0.041486,1.102961,0.002935,0.058621,-0.003717,0.033732,-0.997703
36.186,True,-0.025264,1.111862,0.003799,0.057858,-0.020029,0.035425,-0.997495,True,0.041557,1.103004,0.002889,0.058420,-0.003892,0.033930,-0.997708
36.197,True,-0.025266,1.111898,0.003733,0.057666,-0.019333,0.035772,-0.997508,True,0.041547,1.102985,0.002824,0.058235,-0.003197,0.034276,-0.997709
36.208,True,-0.025189,1.111943,0.003715,0.057392,-0.018893,0.036110,-0.997520,True,0.041617,1.102977,0.002790,0.057967,-0.002758,0.034615,-0.997714
36.219,True,-0.025153,1.111986,0.003672,0.057286,-0.018899,0.036352,-0.997517,True,0.041648,1.102986,0.002733,0.057865,-0.002764,0.034858,-0.997712
36.230,True,-0.025105,1.111992,0.003650,0.057224,-0.019146,0.036417,-0.997513,True,0.041695,1.102982,0.002683,0.057804,-0.003012,0.034924,-0.997712
36.241,True,-0.025017,1.111979,0.003628,0.056808,-0.018710,0.036400,-0.997546,True,0.041783,1.102967,0.002657,0.057389,-0.002576,0.034907,-0.997738
36.252,True,-0.025001,1.111930,0.003584,0.056520,-0.018524,0.036406,-0.997566,True,0.041797,1.102913,0.002598,0.057101,-0.002391,0.034915,-0.997755
36.264,True,-0.024943,1.111877,0.003552,0.056266,-0.018458,0.036520,-0.997577,True,0.041853,1.102843,0.002554,0.056850,-0.002325,0.035031,-0.997765
36.279,True,-0.024848,1.111755,0.003519,0.055687,-0.018340,0.036659,-0.997607,True,0.041945,1.102698,0.002494,0.056273,-0.002207,0.035177,-0.997793
36.290,True,-0.024826,1.111668,0.003477,0.055453,-0.018436,0.036730,-0.997615,True,0.041964,1.102599,0.002426,0.056041,-0.002303,0.035253,-0.997803
36.301,True,-0.024765,1.111602,0.003472,0.055220,-0.018390,0.036638,-0.997632,True,0.042026,1.102542,0.002397,0.055806,-0.002257,0.035163,-0.997820
36.312,True,-0.024688,1.111569,0.003477,0.055067,-0.018491,0.036542,-0.997643,True,0.042104,1.102519,0.002370,0.055651,-0.002357,0.035071,-0.997831
36.323,True,-0.024703,1.111544,0.003452,0.055349,-0.018569,0.036368,-0.997632,True,0.042091,1.102516,0.002331,0.055931,-0.002435,0.034894,-0.997822
36.334,True,-0.024681,1.111541,0.003468,0.055529,-0.018592,0.036126,-0.997630,True,0.042117,1.102543,0.002336,0.056107,-0.002457,0.034653,-0.997820
36.345,True,-0.024649,1.111526,0.003463,0.055846,-0.018533,0.036097,-0.997615,True,0.042150,1.102531,0.002337,0.056424,-0.002398,0.034621,-0.997804
36.357,True,-0.024711,1.111532,0.003429,0.056009,-0.018495,0.036081,-0.997607,True,0.042088,1.102537,0.002296,0.056586,-0.002360,0.034606,-0.997795
36.368,True,-0.024696,1.111505,0.003418,0.055687,-0.018358,0.036115,-0.997626,True,0.042102,1.102504,0.002284,0.056265,-0.002223,0.034644,-0.997812
36.379,True,-0.024684,1.111439,0.003409,0.055415,-0.018410,0.036102,-0.997641,True,0.042114,1.102439,0.002264,0.055993,-0.002275,0.034635,-0.997828
36.390,True,-0.024672,1.111371,0.003397,0.055261,-0.018431,0.036109,-0.997649,True,0.042126,1.102370,0.002245,0.055839,-0.002295,0.034647,-0.997836
36.401,True,-0.024724,1.111371,0.003338,0.055776,-0.018056,0.036421,-0.997616,True,0.042068,1.102326,0.002208,0.056360,-0.001920,0.034959,-0.997797
36.412,True,-0.024725,1.111382,0.003343,0.055743,-0.018150,0.036700,-0.997605,True,0.042062,1.102299,0.002207,0.056331,-0.002015,0.035238,-0.997788
36.423,True,-0.024786,1.111398,0.003318,0.055945,-0.018018,0.036931,-0.997588,True,0.041997,1.102284,0.002199,0.056537,-0.001882,0.035465,-0.997769
36.434,True,-0.024791,1.111386,0.003315,0.056115,-0.017507,0.037092,-0.997582,True,0.041989,1.102244,0.002198,0.056711,-0.001372,0.035626,-0.997754
36.445,True,-0.024780,1.111364,0.003306,0.056150,-0.017725,0.037235,-0.997570,True,0.041997,1.102206,0.002192,0.056748,-0.001590,0.035769,-0.997746
36.457,True,-0.024825,1.111357,0.003286,0.055894,-0.017439,0.037318,-0.997587,True,0.041951,1.102185,0.002171,0.056493,-0.001304,0.035855,-0.997758
36.468,True,-0.024830,1.111320,0.003283,0.055830,-0.017381,0.037230,-0.997595,True,0.041946,1.102158,0.002159,0.056428,-0.001245,0.035770,-0.997765
36.479,True,-0.024831,1.111298,0.003277,0.055969,-0.017357,0.037137,-0.997591,True,0.041947,1.102147,0.002145,0.056565,-0.001222,0.035675,-0.997761
36.490,True,-0.024890,1.111305,0.003259,0.055803,-0.016962,0.036755,-0.997621,True,0.041895,1.102203,0.002143,0.056394,-0.000827,0.035294,-0.997784
36.501,True,-0.024917,1.111330,0.003264,0.056012,-0.016914,0.036612,-0.997615,True,0.041871,1.102248,0.002156,0.056601,-0.000780,0.035148,-0.997778
36.512,True,-0.024959,1.111354,0.003260,0.056239,-0.016606,0.036333,-0.997618,True,0.041834,1.102308,0.002171,0.056823,-0.000471,0.034867,-0.997775
36.523,True,-0.025016,1.111380,0.003240,0.056409,-0.016465,0.036177,-0.997616,True,0.041780,1.102354,0.002162,0.056991,-0.000331,0.034710,-0.997771
36.534,True,-0.025038,1.111387,0.003222,0.056524,-0.016254,0.036137,-0.997615,True,0.041759,1.102365,0.002154,0.057105,-0.000119,0.034669,-0.997766
36.545,True,-0.025053,1.111382,0.003232,0.056517,-0.016343,0.036070,-0.997616,True,0.041744,1.102369,0.002158,0.057097,-0.000207,0.034605,-0.997769
36.556,True,-0.025093,1.111380,0.003229,0.056688,-0.016284,0.036047,-0.997608,True,0.041705,1.102369,0.002156,0.057268,-0.000149,0.034580,-0.997760
36.568,True,-0.025126,1.111384,0.003228,0.056869,-0.016493,0.035989,-0.997596,True,0.041673,1.102384,0.002164,0.057448,-0.000357,0.034521,-0.997751
36.579,True,-0.025149,1.111389,0.003237,0.057086,-0.016286,0.035948,-0.997589,True,0.041651,1.102394,0.002186,0.057664,-0.000150,0.034479,-0.997741
36.590,True,-0.025215,1.111396,0.003241,0.057255,-0.016156,0.035879,-0.997584,True,0.041587,1.102411,0.002208,0.057832,-0.000021,0.034406,-0.997733
36.601,True,-0.025246,1.111410,0.003254,0.057534,-0.015963,0.035902,-0.997570,True,0.041556,1.102421,0.002236,0.058111,0.000172,0.034427,-0.997716
36.612,True,-0.025269,1.111414,0.003292,0.057637,-0.015913,0.035993,-0.997562,True,0.041531,1.102411,0.002272,0.058216,0.000222,0.034516,-0.997707
36.623,True,-0.025360,1.111421,0.003297,0.057715,-0.015895,0.036063,-0.997555,True,0.041439,1.102407,0.002271,0.058295,0.000240,0.034586,-0.997700
36.634,True,-0.025355,1.111397,0.003330,0.057565,-0.015910,0.036106,-0.997562,True,0.041442,1.102376,0.002287,0.058146,0.000224,0.034630,-0.997707
36.645,True,-0.025356,1.111386,0.003353,0.057527,-0.015901,0.036163,-0.997562,True,0.041440,1.102357,0.002306,0.058109,0.000233,0.034687,-0.997707
36.656,True,-0.025424,1.111378,0.003393,0.057340,-0.016038,0.036217,-0.997569,True,0.041219,1.102475,0.002320,0.057923,0.000096,0.034743,-0.997716
36.668,True,-0.025452,1.111345,0.003427,0.057011,-0.016207,0.036192,-0.997586,True,0.041191,1.102445,0.002338,0.057593,-0.000073,0.034719,-0.997736
36.679,True,-0.025461,1.111286,0.003459,0.057046,-0.016270,0.036047,-0.997588,True,0.041184,1.102403,0.002350,0.057626,-0.000136,0.034575,-0.997739
36.690,True,-0.025514,1.111233,0.003482,0.056839,-0.016366,0.035841,-0.997606,True,0.041134,1.102377,0.002357,0.057416,-0.000231,0.034371,-0.997759
36.701,True,-0.025530,1.111164,0.003527,0.056637,-0.016563,0.035550,-0.997624,True,0.041123,1.102347,0.002373,0.057209,-0.000428,0.034082,-0.997780
36.712,True,-0.025536,1.111115,0.003558,0.056461,-0.016885,0.035253,-0.997639,True,0.041122,1.102338,0.002381,0.057027,-0.000749,0.033786,-0.997801
36.723,True,-0.025591,1.111098,0.003584,0.056446,-0.016968,0.034981,-0.997648,True,0.041071,1.102357,0.002393,0.057008,-0.000832,0.033515,-0.997811
36.734,True,-0.025624,1.111011,0.003639,0.055784,-0.018410,0.034668,-0.997671,True,0.041045,1.102328,0.002421,0.056339,-0.002274,0.033204,-0.997857
36.745,True,-0.025623,1.110943,0.003662,0.055843,-0.019017,0.034494,-0.997662,True,0.041050,1.102292,0.002457,0.056394,-0.002880,0.033029,-0.997858
36.756,True,-0.025636,1.110928,0.003706,0.055887,-0.020629,0.034490,-0.997628,True,0.041041,1.102298,0.002511,0.056435,-0.004490,0.033026,-0.997850
36.768,True,-0.025717,1.111049,0.003742,0.056363,-0.026700,0.035029,-0.997438,True,0.040959,1.102420,0.002554,0.056911,-0.010558,0.033565,-0.997759
36.779,True,-0.025746,1.111108,0.003792,0.056585,-0.028729,0.035399,-0.997356,True,0.040927,1.102453,0.002605,0.057135,-0.012588,0.033935,-0.997710
36.790,True,-0.025797,1.111171,0.003805,0.056687,-0.028594,0.035601,-0.997347,True,0.040873,1.102490,0.002638,0.057240,-0.012453,0.034135,-0.997699
36.801,True,-0.025836,1.111227,0.003835,0.057008,-0.030083,0.035803,-0.997278,True,0.040832,1.102535,0.002664,0.057563,-0.013942,0.034336,-0.997654
36.812,True,-0.025860,1.111275,0.003852,0.056629,-0.030325,0.035910,-0.997288,True,0.040808,1.102575,0.002689,0.057185,-0.014185,0.034445,-0.997668
36.823,True,-0.025939,1.111252,0.003863,0.056669,-0.032347,0.035964,-0.997221,True,0.040730,1.102567,0.002695,0.057222,-0.016207,0.034502,-0.997634
36.834,True,-0.025969,1.111199,0.003860,0.056528,-0.031972,0.035885,-0.997244,True,0.040702,1.102523,0.002704,0.057080,-0.015832,0.034424,-0.997650
36.845,True,-0.025999,1.111148,0.003856,0.056939,-0.031811,0.035870,-0.997226,True,0.040672,1.102472,0.002712,0.057492,-0.015671,0.034411,-0.997630
36.857,True,-0.026042,1.111090,0.003851,0.056452,-0.032297,0.035988,-0.997234,True,0.040628,1.102405,0.002706,0.057006,-0.016157,0.034532,-0.997646
36.868,True,-0.026102,1.111045,0.003830,0.056256,-0.032157,0.036098,-0.997245,True,0.040566,1.102345,0.002696,0.056812,-0.016017,0.034644,-0.997655
36.879,True,-0.026154,1.110968,0.003818,0.055798,-0.032166,0.036158,-0.997269,True,0.040513,1.102261,0.002684,0.056354,-0.016026,0.034707,-0.997679
36.890,True,-0.026272,1.110876,0.003803,0.055208,-0.032269,0.035934,-0.997306,True,0.040400,1.102202,0.002675,0.055760,-0.016129,0.034487,-0.997718
36.901,True,-0.026333,1.110816,0.003787,0.055173,-0.032226,0.035674,-0.997319,True,0.040344,1.102179,0.002675,0.055721,-0.016086,0.034230,-0.997730
36.912,True,-0.026385,1.110778,0.003775,0.055338,-0.032312,0.035520,-0.997312,True,0.040295,1.102165,0.002680,0.055884,-0.016172,0.034075,-0.997725
36.923,True,-0.026482,1.110812,0.003750,0.055553,-0.032290,0.035465,-0.997303,True,0.040200,1.102209,0.002685,0.056098,-0.016149,0.034019,-0.997715
36.934,True,-0.026566,1.110828,0.003736,0.055619,-0.032621,0.035372,-0.997292,True,0.040119,1.102243,0.002683,0.056161,-0.016481,0.033923,-0.997709
36.946,True,-0.026601,1.110887,0.003716,0.056048,-0.032434,0.035393,-0.997273,True,0.040083,1.102300,0.002687,0.056591,-0.016294,0.033942,-0.997687
36.957,True,-0.026699,1.110930,0.003692,0.056542,-0.032598,0.035336,-0.997242,True,0.039987,1.102353,0.002670,0.057084,-0.016458,0.033884,-0.997659
36.968,True,-0.026742,1.110915,0.003655,0.056739,-0.032611,0.035164,-0.997237,True,0.039947,1.102363,0.002644,0.057278,-0.016471,0.033711,-0.997653
36.979,True,-0.026777,1.110882,0.003624,0.056487,-0.032574,0.034892,-0.997262,True,0.039917,1.102367,0.002622,0.057021,-0.016433,0.033441,-0.997677
36.990,True,-0.026813,1.110875,0.003581,0.056381,-0.032678,0.034735,-0.997270,True,0.039885,1.102383,0.002584,0.056912,-0.016537,0.033286,-0.997687
37.001,True,-0.026899,1.110882,0.003511,0.056375,-0.032684,0.034648,-0.997273,True,0.039800,1.102403,0.002526,0.056906,-0.016543,0.033200,-0.997690
37.012,True,-0.026926,1.110857,0.003472,0.056569,-0.032804,0.034710,-0.997256,True,0.039773,1.102373,0.002498,0.057100,-0.016663,0.033262,-0.997675
37.023,True,-0.026943,1.110848,0.003435,0.056644,-0.032950,0.034793,-0.997244,True,0.039754,1.102355,0.002468,0.057177,-0.016809,0.033346,-0.997666
37.034,True,-0.027005,1.110878,0.003364,0.056872,-0.032983,0.034945,-0.997225,True,0.039690,1.102367,0.002409,0.057406,-0.016843,0.033496,-0.997647
37.045,True,-0.026998,1.110879,0.003323,0.056829,-0.032813,0.034961,-0.997232,True,0.039697,1.102364,0.002370,0.057364,-0.016673,0.033510,-0.997652
37.057,True,-0.027028,1.110941,0.003267,0.056797,-0.032219,0.034966,-0.997253,True,0.039666,1.102420,0.002319,0.057332,-0.016079,0.033512,-0.997663
37.068,True,-0.027010,1.111005,0.003220,0.057235,-0.029875,0.034806,-0.997307,True,0.039684,1.102477,0.002277,0.057772,-0.013733,0.033347,-0.997678
37.079,True,-0.026967,1.111095,0.003153,0.057364,-0.026569,0.034546,-0.997402,True,0.039726,1.102562,0.002213,0.057902,-0.010425,0.033081,-0.997720
37.090,True,-0.026960,1.111180,0.003096,0.057642,-0.024794,0.034432,-0.997435,True,0.039732,1.102641,0.002149,0.058181,-0.008650,0.032961,-0.997724
37.101,True,-0.026912,1.111249,0.003043,0.057431,-0.022691,0.034285,-0.997503,True,0.039779,1.102705,0.002095,0.057971,-0.006549,0.032812,-0.997757
37.112,True,-0.026852,1.111300,0.002995,0.057537,-0.020178,0.034228,-0.997552,True,0.039836,1.102730,0.002029,0.058080,-0.004037,0.032749,-0.997767
37.123,True,-0.026880,1.111374,0.002912,0.057852,-0.019051,0.034317,-0.997553,True,0.039804,1.102778,0.001947,0.058398,-0.002912,0.032833,-0.997749
37.134,True,-0.026807,1.111394,0.002878,0.058070,-0.018540,0.034405,-0.997547,True,0.039874,1.102776,0.001895,0.058618,-0.002402,0.032920,-0.997735
37.146,True,-0.026735,1.111421,0.002813,0.059067,-0.018228,0.034534,-0.997490,True,0.039942,1.102776,0.001806,0.059618,-0.002089,0.033045,-0.997672
37.157,True,-0.026732,1.111443,0.002761,0.058998,-0.017123,0.034428,-0.997517,True,0.039945,1.102796,0.001735,0.059549,-0.000986,0.032937,-0.997681
37.168,True,-0.026669,1.111463,0.002713,0.059073,-0.016922,0.034388,-0.997518,True,0.040008,1.102816,0.001665,0.059625,-0.000786,0.032895,-0.997679
37.179,True,-0.026604,1.111488,0.002652,0.058998,-0.016264,0.034388,-0.997533,True,0.040071,1.102831,0.001590,0.059551,-0.000130,0.032892,-0.997683
37.190,True,-0.026639,1.111502,0.002598,0.059267,-0.015970,0.034369,-0.997523,True,0.040035,1.102841,0.001520,0.059820,0.000163,0.032870,-0.997668
37.201,True,-0.026591,1.111494,0.002524,0.059396,-0.016141,0.034342,-0.997513,True,0.040083,1.102837,0.001438,0.059948,-0.000007,0.032842,-0.997661
37.212,True,-0.026542,1.111480,0.002446,0.059256,-0.015944,0.034331,-0.997525,True,0.040132,1.102819,0.001341,0.059808,0.000189,0.032831,-0.997670
37.223,True,-0.026571,1.111443,0.002341,0.059227,-0.015526,0.034131,-0.997540,True,0.040105,1.102801,0.001218,0.059777,0.000606,0.032629,-0.997678
37.234,True,-0.026525,1.111436,0.002255,0.058918,-0.015419,0.034064,-0.997562,True,0.040152,1.102802,0.001123,0.059468,0.000712,0.032561,-0.997699
37.246,True,-0.026493,1.111474,0.002180,0.059085,-0.015343,0.034202,-0.997549,True,0.040180,1.102818,0.001033,0.059637,0.000787,0.032694,-0.997684
37.257,True,-0.026556,1.111552,0.002081,0.059212,-0.015114,0.034267,-0.997543,True,0.040116,1.102885,0.000940,0.059765,0.001015,0.032754,-0.997675
37.268,True,-0.026550,1.111674,0.001996,0.059601,-0.015174,0.034464,-0.997512,True,0.040119,1.102983,0.000870,0.060157,0.000954,0.032946,-0.997645
37.279,True,-0.026535,1.111781,0.001911,0.060047,-0.015076,0.034485,-0.997486,True,0.040135,1.103087,0.000804,0.060604,0.001052,0.032960,-0.997617
37.290,True,-0.026606,1.111886,0.001818,0.060464,-0.014645,0.034389,-0.997470,True,0.040065,1.103202,0.000731,0.061019,0.001481,0.032856,-0.997595
37.301,True,-0.026585,1.111950,0.001733,0.061075,-0.014609,0.034261,-0.997438,True,0.040089,1.103285,0.000670,0.061628,0.001518,0.032721,-0.997562
37.312,True,-0.026561,1.111985,0.001671,0.061388,-0.014605,0.034212,-0.997421,True,0.040114,1.103327,0.000613,0.061941,0.001521,0.032666,-0.997544
37.324,True,-0.026609,1.112037,0.001585,0.061712,-0.014564,0.034248,-0.997400,True,0.040065,1.103374,0.000539,0.062265,0.001562,0.032698,-0.997523
37.334,True,-0.026561,1.112097,0.001517,0.061862,-0.014423,0.034260,-0.997392,True,0.040113,1.103430,0.000471,0.062416,0.001702,0.032707,-0.997513
37.346,True,-0.026500,1.112113,0.001477,0.061911,-0.014409,0.034169,-0.997393,True,0.040176,1.103457,0.000423,0.062463,0.001715,0.032613,-0.997513
37.357,True,-0.026525,1.112102,0.001422,0.061908,-0.014153,0.033945,-0.997404,True,0.040153,1.103471,0.000357,0.062456,0.001970,0.032388,-0.997520
37.368,True,-0.026460,1.112138,0.001391,0.062040,-0.014040,0.033771,-0.997403,True,0.040221,1.103531,0.000335,0.062586,0.002084,0.032213,-0.997517
37.379,True,-0.026422,1.112215,0.001366,0.062043,-0.014065,0.033852,-0.997400,True,0.040258,1.103597,0.000309,0.062590,0.002058,0.032293,-0.997515
37.390,True,-0.026489,1.112258,0.001342,0.061788,-0.013887,0.034085,-0.997410,True,0.040188,1.103607,0.000291,0.062340,0.002236,0.032528,-0.997522
37.401,True,-0.026424,1.112293,0.001342,0.061669,-0.013805,0.034487,-0.997405,True,0.040245,1.103587,0.000283,0.062228,0.002317,0.032930,-0.997516
37.412,True,-0.026358,1.112358,0.001329,0.061286,-0.013508,0.034790,-0.997422,True,0.040305,1.103606,0.000260,0.061850,0.002613,0.033235,-0.997529
37.423,True,-0.026378,1.112381,0.001304,0.060941,-0.013771,0.034675,-0.997444,True,0.040286,1.103644,0.000199,0.061503,0.002351,0.033123,-0.997554
37.434,True,-0.026298,1.112357,0.001303,0.060702,-0.013703,0.034490,-0.997466,True,0.040368,1.103640,0.000170,0.061261,0.002418,0.032941,-0.997575
37.446,True,-0.026228,1.112272,0.001304,0.060354,-0.013803,0.034326,-0.997491,True,0.040440,1.103575,0.000147,0.060910,0.002319,0.032781,-0.997602
37.457,True,-0.026259,1.112236,0.001285,0.060009,-0.013814,0.034376,-0.997510,True,0.040408,1.103532,0.000113,0.060567,0.002308,0.032835,-0.997621
37.468,True,-0.026203,1.112144,0.001280,0.059448,-0.013688,0.034497,-0.997541,True,0.040462,1.103421,0.000090,0.060008,0.002433,0.032960,-0.997651
37.479,True,-0.026146,1.112075,0.001296,0.059287,-0.013811,0.034710,-0.997542,True,0.040514,1.103322,0.000083,0.059850,0.002310,0.033176,-0.997653
37.490,True,-0.026216,1.111994,0.001279,0.058561,-0.013905,0.034665,-0.997585,True,0.040443,1.103245,0.000030,0.059124,0.002215,0.033135,-0.997698
37.501,True,-0.026118,1.111921,0.001297,0.058312,-0.013896,0.034492,-0.997606,True,0.040544,1.103193,0.000029,0.058872,0.002224,0.032965,-0.997719
37.512,True,-0.026083,1.111826,0.001322,0.057971,-0.014021,0.034055,-0.997639,True,0.040586,1.103155,0.000031,0.058524,0.002099,0.032531,-0.997754
37.523,True,-0.026151,1.111794,0.001292,0.057705,-0.014629,0.034010,-0.997647,True,0.040520,1.103140,0.000012,0.058256,0.001492,0.032487,-0.997772
37.534,True,-0.026143,1.111782,0.001305,0.057087,-0.015683,0.034021,-0.997666,True,0.040531,1.103143,0.000036,0.057637,0.000440,0.032501,-0.997808
37.545,True,-0.026134,1.111804,0.001315,0.057125,-0.014799,0.034063,-0.997676,True,0.040538,1.103150,0.000057,0.057677,0.001322,0.032541,-0.997804
37.556,True,-0.026228,1.111853,0.001296,0.056562,-0.016086,0.034213,-0.997683,True,0.040444,1.103198,0.000048,0.057114,0.000037,0.032694,-0.997832
37.568,True,-0.026223,1.111845,0.001305,0.056385,-0.016338,0.034193,-0.997690,True,0.040450,1.103197,0.000058,0.056936,-0.000215,0.032672,-0.997843
37.579,True,-0.026209,1.111841,0.001308,0.056198,-0.017068,0.034181,-0.997688,True,0.040465,1.103204,0.000061,0.056748,-0.000944,0.032662,-0.997854
37.590,True,-0.026293,1.111845,0.001283,0.056225,-0.017324,0.033992,-0.997689,True,0.040385,1.103237,0.000041,0.056772,-0.001200,0.032473,-0.997858
37.601,True,-0.026291,1.111850,0.001266,0.056079,-0.017798,0.033953,-0.997690,True,0.040390,1.103256,0.000043,0.056623,-0.001673,0.032434,-0.997867
37.612,True,-0.026286,1.111839,0.001252,0.055819,-0.017836,0.033943,-0.997704,True,0.040395,1.103251,0.000044,0.056364,-0.001712,0.032423,-0.997882
37.623,True,-0.026368,1.111827,0.001220,0.055794,-0.018123,0.034060,-0.997697,True,0.040312,1.103228,0.000022,0.056340,-0.001998,0.032541,-0.997879
37.634,True,-0.026367,1.111828,0.001189,0.055711,-0.018638,0.034243,-0.997685,True,0.040311,1.103214,0.000014,0.056259,-0.002512,0.032725,-0.997877
37.645,True,-0.026353,1.111834,0.001184,0.055864,-0.018924,0.034322,-0.997669,True,0.040325,1.103213,0.000011,0.056413,-0.002798,0.032802,-0.997865
37.656,True,-0.026402,1.111853,0.001145,0.056044,-0.019107,0.034223,-0.997659,True,0.040278,1.103249,-0.000019,0.056590,-0.002981,0.032700,-0.997857
37.668,True,-0.026394,1.111907,0.001127,0.056440,-0.019589,0.034142,-0.997630,True,0.040216,1.108878,0.000602,0.056984,-0.003462,0.032615,-0.997836
37.679,True,-0.026374,1.111960,0.001115,0.056585,-0.019690,0.033983,-0.997625,True,0.040238,1.108956,0.000605,0.057126,-0.003564,0.032450,-0.997833
37.690,True,-0.026422,1.112041,0.001056,0.057069,-0.019791,0.033969,-0.997596,True,0.040190,1.109043,0.000565,0.057610,-0.003665,0.032431,-0.997806
37.701,True,-0.026401,1.112117,0.001049,0.057194,-0.020190,0.034132,-0.997575,True,0.040210,1.109104,0.000564,0.057736,-0.004064,0.032591,-0.997792
37.712,True,-0.026369,1.112163,0.001048,0.057311,-0.020426,0.034224,-0.997561,True,0.040242,1.109140,0.000561,0.057854,-0.004300,0.032681,-0.997781
37.723,True,-0.026428,1.112215,0.001004,0.057353,-0.020590,0.034371,-0.997550,True,0.040181,1.109175,0.000514,0.057898,-0.004464,0.032827,-0.997773
37.734,True,-0.026362,1.112245,0.001022,0.057606,-0.020640,0.034400,-0.997533,True,0.040247,1.109200,0.000523,0.058152,-0.004515,0.032852,-0.997757
37.745,True,-0.026316,1.112286,0.001041,0.057827,-0.021336,0.034543,-0.997501,True,0.040293,1.109229,0.000533,0.058374,-0.005210,0.032991,-0.997736
37.757,True,-0.026366,1.112332,0.001019,0.058005,-0.021563,0.034613,-0.997483,True,0.040243,1.109270,0.000509,0.058553,-0.005438,0.033057,-0.997722
37.768,True,-0.026313,1.112378,0.001035,0.057941,-0.022177,0.034834,-0.997466,True,0.040295,1.109294,0.000521,0.058491,-0.006052,0.033276,-0.997715
37.779,True,-0.026266,1.112389,0.001059,0.057873,-0.022610,0.035019,-0.997453,True,0.040340,1.109284,0.000530,0.058425,-0.006486,0.033461,-0.997710
37.790,True,-0.026297,1.112377,0.001060,0.057709,-0.022962,0.035057,-0.997454,True,0.040309,1.109268,0.000510,0.058262,-0.006838,0.033500,-0.997716
37.801,True,-0.026250,1.112344,0.001095,0.057393,-0.023636,0.035170,-0.997452,True,0.040355,1.109225,0.000519,0.057946,-0.007512,0.033614,-0.997725
37.812,True,-0.026188,1.112307,0.001124,0.057200,-0.024117,0.035291,-0.997447,True,0.040416,1.109174,0.000520,0.057755,-0.007993,0.033737,-0.997729
37.823,True,-0.026250,1.112269,0.001097,0.057038,-0.024435,0.035333,-0.997447,True,0.040354,1.109131,0.000472,0.057593,-0.008310,0.033781,-0.997734
37.834,True,-0.026173,1.112239,0.001137,0.056909,-0.024777,0.035295,-0.997448,True,0.040431,1.109108,0.000494,0.057463,-0.008653,0.033743,-0.997740
37.845,True,-0.026150,1.112221,0.001171,0.056583,-0.025513,0.035309,-0.997447,True,0.040454,1.109095,0.000507,0.057136,-0.009388,0.033761,-0.997751
37.856,True,-0.026203,1.112195,0.001154,0.056429,-0.025766,0.035267,-0.997451,True,0.040402,1.109077,0.000481,0.056981,-0.009642,0.033720,-0.997759
37.868,True,-0.026192,1.112158,0.001169,0.056179,-0.026098,0.035194,-0.997459,True,0.040413,1.109051,0.000484,0.056729,-0.009973,0.033651,-0.997773
37.879,True,-0.026178,1.112119,0.001174,0.055904,-0.026269,0.035158,-0.997471,True,0.040427,1.109019,0.000492,0.056453,-0.010144,0.033618,-0.997788
37.890,True,-0.026286,1.112093,0.001125,0.055517,-0.026357,0.035001,-0.997496,True,0.040321,1.109017,0.000451,0.056063,-0.010231,0.033466,-0.997814
37.901,True,-0.026265,1.112017,0.001140,0.055330,-0.026343,0.034967,-0.997508,True,0.040342,1.108945,0.000467,0.055876,-0.010217,0.033434,-0.997826
37.912,True,-0.026267,1.111980,0.001138,0.054987,-0.026434,0.034914,-0.997526,True,0.040340,1.108918,0.000480,0.055531,-0.010308,0.033387,-0.997845
37.924,True,-0.026367,1.111942,0.001093,0.054899,-0.026514,0.034935,-0.997528,True,0.040241,1.108879,0.000443,0.055444,-0.010387,0.033410,-0.997849
37.934,True,-0.026382,1.111914,0.001085,0.054688,-0.026584,0.035055,-0.997534,True,0.040225,1.108839,0.000452,0.055234,-0.010457,0.033531,-0.997856
37.946,True,-0.026424,1.111892,0.001070,0.054391,-0.026933,0.035104,-0.997539,True,0.040183,1.108817,0.000450,0.054937,-0.010807,0.033583,-0.997867
37.957,True,-0.026484,1.111873,0.001035,0.054335,-0.026965,0.035161,-0.997539,True,0.040123,1.108793,0.000430,0.054882,-0.010839,0.033639,-0.997867
37.969,True,-0.026502,1.111817,0.001036,0.054311,-0.027192,0.034969,-0.997541,True,0.040106,1.108768,0.000451,0.054855,-0.011066,0.033449,-0.997873
37.979,True,-0.026509,1.111788,0.001028,0.054358,-0.027253,0.034898,-0.997539,True,0.040100,1.108753,0.000467,0.054900,-0.011126,0.033378,-0.997872
37.990,True,-0.026588,1.111790,0.000993,0.054484,-0.027446,0.034818,-0.997530,True,0.040022,1.108771,0.000453,0.055024,-0.011319,0.033297,-0.997866
38.001,True,-0.026595,1.111811,0.000972,0.054471,-0.027348,0.034798,-0.997534,True,0.040015,1.108798,0.000454,0.055010,-0.011221,0.033276,-0.997868
38.012,True,-0.026595,1.111812,0.000976,0.054479,-0.027452,0.034779,-0.997531,True,0.040016,1.108804,0.000466,0.055018,-0.011325,0.033256,-0.997867
38.023,True,-0.026648,1.111778,0.000944,0.054577,-0.027420,0.034562,-0.997534,True,0.039965,1.108799,0.000442,0.055113,-0.011294,0.033038,-0.997870
38.034,True,-0.026619,1.111802,0.000951,0.054750,-0.027359,0.034450,-0.997531,True,0.039994,1.108841,0.000461,0.055284,-0.011233,0.032922,-0.997865
38.046,True,-0.026593,1.111882,0.000956,0.054713,-0.027491,0.034563,-0.997525,True,0.040020,1.108909,0.000474,0.055248,-0.011366,0.033033,-0.997861
38.057,True,-0.026630,1.111986,0.000932,0.051698,-0.022329,0.034427,-0.997819,True,0.039981,1.108977,0.000450,0.052240,-0.006211,0.032892,-0.998073
38.068,True,-0.026590,1.112080,0.000937,0.050700,-0.015345,0.034283,-0.998007,True,0.040018,1.109006,0.000463,0.051254,0.000763,0.032742,-0.998149
38.079,True,-0.026556,1.112184,0.000954,0.050395,-0.009602,0.034207,-0.998097,True,0.040049,1.109046,0.000465,0.050960,0.006493,0.032665,-0.998145
38.090,True,-0.026592,1.112237,0.000911,0.051867,-0.004215,0.033805,-0.998073,True,0.040012,1.109078,0.000406,0.052436,0.011868,0.032260,-0.998033
38.101,True,-0.026541,1.112246,0.000915,0.051831,-0.005494,0.033892,-0.998066,True,0.040063,1.109088,0.000387,0.052399,0.010591,0.032347,-0.998046
38.112,True,-0.026481,1.112211,0.000922,0.052530,-0.004612,0.033556,-0.998045,True,0.040124,1.109082,0.000381,0.053095,0.011473,0.032013,-0.998010
38.123,True,-0.026518,1.112163,0.000892,0.052548,-0.004750,0.033403,-0.998048,True,0.040088,1.109053,0.000332,0.053109,0.011335,0.031860,-0.998016
38.135,True,-0.026463,1.112156,0.000901,0.053290,-0.004873,0.033478,-0.998006,True,0.040143,1.109035,0.000334,0.053852,0.011213,0.031935,-0.997975
38.146,True,-0.026417,1.112115,0.000928,0.053911,-0.005339,0.033516,-0.997969,True,0.040188,1.108988,0.000331,0.054473,0.010749,0.031972,-0.997945
38.157,True,-0.026487,1.112102,0.000923,0.053315,-0.002342,0.033291,-0.998020,True,0.040117,1.108966,0.000301,0.053880,0.013734,0.031745,-0.997948
38.168,True,-0.026420,1.112051,0.000985,0.054939,-0.006800,0.033411,-0.997908,True,0.040185,1.108946,0.000328,0.055496,0.009293,0.031864,-0.997907
38.179,True,-0.026370,1.112045,0.001004,0.055254,-0.005947,0.033199,-0.997903,True,0.040236,1.108957,0.000352,0.055810,0.010144,0.031650,-0.997888
38.190,True,-0.026441,1.112065,0.000979,0.055528,-0.007013,0.033198,-0.997881,True,0.040166,1.108991,0.000335,0.056081,0.009082,0.031648,-0.997883
38.201,True,-0.026439,1.112070,0.001012,0.056279,-0.006493,0.033139,-0.997844,True,0.040169,1.108998,0.000387,0.056832,0.009601,0.031587,-0.997838
38.212,True,-0.026420,1.112094,0.001035,0.056404,-0.006214,0.033258,-0.997835,True,0.040186,1.109005,0.000427,0.056959,0.009880,0.031706,-0.997824
38.223,True,-0.026506,1.112131,0.001014,0.056519,-0.005797,0.033279,-0.997830,True,0.040101,1.109038,0.000431,0.057074,0.010296,0.031727,-0.997813
38.234,True,-0.026499,1.112110,0.001053,0.056907,-0.005762,0.033254,-0.997809,True,0.040108,1.109018,0.000478,0.057462,0.010332,0.031704,-0.997791
38.245,True,-0.026479,1.112079,0.001088,0.056071,-0.005525,0.033151,-0.997861,True,0.040128,1.109003,0.000525,0.056625,0.010568,0.031604,-0.997839
38.256,True,-0.026532,1.112078,0.001065,0.055967,-0.005093,0.033003,-0.997874,True,0.040076,1.109020,0.000527,0.056519,0.011000,0.031459,-0.997845
38.268,True,-0.026522,1.112069,0.001085,0.056343,-0.005037,0.032955,-0.997855,True,0.040087,1.109019,0.000575,0.056894,0.011058,0.031412,-0.997825
38.279,True,-0.026502,1.112055,0.001103,0.055999,-0.004578,0.033070,-0.997873,True,0.040106,1.108990,0.000629,0.056552,0.011516,0.031529,-0.997835
38.290,True,-0.026557,1.112044,0.001071,0.056273,-0.004388,0.033322,-0.997850,True,0.040050,1.108945,0.000620,0.056830,0.011706,0.031782,-0.997809
38.302,True,-0.026534,1.112017,0.001108,0.056026,-0.004129,0.033534,-0.997858,True,0.040072,1.108888,0.000665,0.056587,0.011964,0.031997,-0.997813
38.312,True,-0.026490,1.111956,0.001143,0.055957,-0.004251,0.033490,-0.997862,True,0.040116,1.108835,0.000699,0.056517,0.011844,0.031956,-0.997820
38.323,True,-0.026543,1.111944,0.001080,0.055923,-0.003934,0.033373,-0.997869,True,0.040064,1.108836,0.000650,0.056482,0.012161,0.031841,-0.997822
38.334,True,-0.026470,1.111939,0.001148,0.055939,-0.003905,0.033268,-0.997872,True,0.040137,1.108844,0.000711,0.056496,0.012189,0.031738,-0.997824
38.345,True,-0.026428,1.111961,0.001183,0.055842,-0.003762,0.033215,-0.997880,True,0.040180,1.108872,0.000752,0.056399,0.012331,0.031681,-0.997829
38.357,True,-0.026462,1.112054,0.001167,0.056143,-0.003855,0.033282,-0.997860,True,0.040146,1.108959,0.000744,0.056700,0.012238,0.031744,-0.997811
38.368,True,-0.026385,1.112124,0.001207,0.056580,-0.003746,0.033292,-0.997836,True,0.040223,1.109025,0.000782,0.057138,0.012347,0.031749,-0.997785
38.379,True,-0.026306,1.112177,0.001258,0.056841,-0.004088,0.033393,-0.997816,True,0.040301,1.109065,0.000814,0.057400,0.012005,0.031847,-0.997771
38.390,True,-0.026282,1.112219,0.001248,0.056961,-0.004298,0.033331,-0.997811,True,0.040325,1.109115,0.000788,0.057519,0.011795,0.031784,-0.997769
38.401,True,-0.026173,1.112224,0.001277,0.057002,-0.004560,0.033362,-0.997806,True,0.040434,1.109118,0.000808,0.057559,0.011533,0.031813,-0.997768
38.412,True,-0.026088,1.112252,0.001328,0.057176,-0.004575,0.033505,-0.997791,True,0.040518,1.109124,0.000840,0.057736,0.011519,0.031955,-0.997754
38.423,True,-0.026067,1.112285,0.001299,0.057381,-0.004773,0.033768,-0.997770,True,0.040536,1.109121,0.000791,0.057945,0.011320,0.032216,-0.997736
38.434,True,-0.025975,1.112306,0.001341,0.057563,-0.005037,0.033923,-0.997753,True,0.040627,1.109121,0.000810,0.058129,0.011056,0.032371,-0.997723
38.446,True,-0.025874,1.112332,0.001391,0.057735,-0.005289,0.034176,-0.997733,True,0.040727,1.109112,0.000835,0.058305,0.010805,0.032622,-0.997707
38.457,True,-0.025855,1.112363,0.001362,0.057955,-0.005602,0.034310,-0.997714,True,0.040745,1.109123,0.000772,0.058526,0.010492,0.032756,-0.997693
38.468,True,-0.025748,1.112359,0.001395,0.058128,-0.005698,0.034365,-0.997701,True,0.040851,1.109109,0.000781,0.058700,0.010396,0.032810,-0.997682
38.479,True,-0.025654,1.112361,0.001434,0.058270,-0.005712,0.034404,-0.997692,True,0.040944,1.109100,0.000791,0.058844,0.010382,0.032849,-0.997673
38.490,True,-0.025643,1.112383,0.001411,0.058302,-0.005740,0.034516,-0.997686,True,0.040954,1.109104,0.000749,0.058878,0.010354,0.032962,-0.997667
38.501,True,-0.025559,1.112393,0.001449,0.058525,-0.006189,0.034611,-0.997667,True,0.041037,1.109104,0.000769,0.059101,0.009906,0.033056,-0.997656
38.512,True,-0.025476,1.112409,0.001492,0.059625,-0.010241,0.035015,-0.997554,True,0.041120,1.109111,0.000792,0.060200,0.005866,0.033459,-0.997608
38.523,True,-0.025483,1.112465,0.001463,0.060773,-0.020426,0.036076,-0.997290,True,0.041112,1.109151,0.000752,0.061348,-0.004299,0.034521,-0.997510
38.540,True,-0.025395,1.112521,0.001523,0.061189,-0.024831,0.036564,-0.997147,True,0.041199,1.109194,0.000795,0.061765,-0.008701,0.035008,-0.997439
38.551,True,-0.025327,1.112546,0.001560,0.061491,-0.029906,0.037173,-0.996967,True,0.041265,1.109200,0.000824,0.062068,-0.013775,0.035619,-0.997341
38.562,True,-0.025369,1.112553,0.001491,0.061519,-0.032232,0.037390,-0.996884,True,0.041224,1.109209,0.000760,0.062096,-0.016103,0.035837,-0.997297
38.573,True,-0.025309,1.112529,0.001511,0.061213,-0.033816,0.037466,-0.996848,True,0.041284,1.109195,0.000776,0.061788,-0.017687,0.035915,-0.997286
38.584,True,-0.025320,1.112551,0.001447,0.059106,-0.031655,0.037307,-0.997052,True,0.041273,1.109217,0.000714,0.059682,-0.015529,0.035756,-0.997456
38.595,True,-0.025267,1.112541,0.001468,0.059839,-0.035484,0.037640,-0.996867,True,0.041326,1.109207,0.000727,0.060414,-0.019359,0.036092,-0.997333
38.607,True,-0.025226,1.112551,0.001495,0.059570,-0.035764,0.037746,-0.996869,True,0.041367,1.109208,0.000751,0.060146,-0.019640,0.036199,-0.997340
38.618,True,-0.025247,1.112599,0.001461,0.059172,-0.035341,0.037758,-0.996907,True,0.041346,1.109250,0.000720,0.059748,-0.019218,0.036209,-0.997371
38.629,True,-0.025250,1.112643,0.001466,0.058965,-0.034984,0.037768,-0.996932,True,0.041343,1.109289,0.000717,0.059542,-0.018861,0.036217,-0.997390
38.640,True,-0.025200,1.112676,0.001479,0.058809,-0.035507,0.037842,-0.996920,True,0.041392,1.109323,0.000749,0.059386,-0.019385,0.036290,-0.997387
38.651,True,-0.025212,1.112707,0.001445,0.058882,-0.035041,0.037768,-0.996935,True,0.041381,1.109359,0.000721,0.059459,-0.018919,0.036213,-0.997394
38.662,True,-0.025207,1.112747,0.001426,0.058848,-0.034525,0.037750,-0.996955,True,0.041386,1.109398,0.000719,0.059425,-0.018404,0.036192,-0.997407
38.673,True,-0.025174,1.112749,0.001429,0.058986,-0.033735,0.037658,-0.996978,True,0.041565,1.103556,0.000111,0.059563,-0.017613,0.036099,-0.997416
38.684,True,-0.025147,1.112737,0.001438,0.058484,-0.034672,0.037767,-0.996971,True,0.041592,1.103546,0.000134,0.059061,-0.018552,0.036208,-0.997425
38.695,True,-0.025172,1.112739,0.001387,0.058028,-0.033959,0.037765,-0.997022,True,0.041567,1.103543,0.000101,0.058605,-0.017839,0.036205,-0.997465
38.707,True,-0.025160,1.112764,0.001376,0.056787,-0.031406,0.037737,-0.997178,True,0.041576,1.103544,0.000100,0.057367,-0.015286,0.036176,-0.997580
38.718,True,-0.025114,1.112782,0.001373,0.054274,-0.019971,0.036708,-0.997651,True,0.041622,1.103564,0.000109,0.054859,-0.003859,0.035139,-0.997868
38.729,True,-0.025094,1.112758,0.001356,0.054250,-0.005904,0.035210,-0.997889,True,0.041644,1.103557,0.000081,0.054840,0.010177,0.033634,-0.997877
38.740,True,-0.025043,1.112732,0.001363,0.054116,-0.003239,0.034748,-0.997925,True,0.041700,1.103559,0.000087,0.054704,0.012832,0.033167,-0.997869
38.751,True,-0.024972,1.112803,0.001400,0.054494,0.000339,0.034280,-0.997926,True,0.041772,1.103643,0.000113,0.055081,0.016397,0.032695,-0.997812
38.762,True,-0.024975,1.112964,0.001353,0.056008,0.004637,0.034036,-0.997839,True,0.041765,1.103775,0.000068,0.056598,0.020677,0.032446,-0.997656
38.773,True,-0.024914,1.113114,0.001387,0.056621,0.005108,0.034473,-0.997787,True,0.041816,1.103856,0.000092,0.057219,0.021146,0.032881,-0.997596
38.784,True,-0.024880,1.113227,0.001368,0.056871,0.005158,0.034813,-0.997761,True,0.041843,1.103919,0.000054,0.057475,0.021194,0.033217,-0.997569
38.795,True,-0.024825,1.113317,0.001364,0.057397,0.005079,0.034936,-0.997727,True,0.041894,1.103986,0.000018,0.058002,0.021116,0.033339,-0.997536
38.806,True,-0.024735,1.113336,0.001383,0.057425,0.005321,0.034614,-0.997735,True,0.041988,1.104040,0.000002,0.058026,0.021355,0.033019,-0.997540
38.818,True,-0.024656,1.113336,0.001392,0.057457,0.002110,0.034650,-0.997744,True,0.042072,1.104074,-0.000004,0.058053,0.018159,0.033054,-0.997601
38.829,True,-0.024667,1.113300,0.001313,0.057439,0.001117,0.034513,-0.997752,True,0.042065,1.104069,-0.000089,0.058030,0.017170,0.032917,-0.997624
38.840,True,-0.024616,1.113274,0.001314,0.057669,0.000920,0.034616,-0.997735,True,0.042114,1.104033,-0.000079,0.058262,0.016974,0.033018,-0.997611
38.851,True,-0.024579,1.113258,0.001321,0.057987,-0.000460,0.034973,-0.997704,True,0.042147,1.103986,-0.000066,0.058583,0.015600,0.033373,-0.997603
38.862,True,-0.024591,1.113245,0.001264,0.058313,-0.000785,0.035178,-0.997678,True,0.042133,1.103948,-0.000121,0.058911,0.015276,0.033576,-0.997582
38.873,True,-0.024537,1.113238,0.001281,0.058641,-0.000964,0.035389,-0.997651,True,0.042183,1.103914,-0.000103,0.059242,0.015098,0.033785,-0.997558
38.884,True,-0.024495,1.113255,0.001292,0.058625,-0.001030,0.035522,-0.997647,True,0.042222,1.103915,-0.000088,0.059228,0.015032,0.033916,-0.997555
38.895,True,-0.024526,1.113297,0.001243,0.058704,-0.001169,0.035673,-0.997637,True,0.042189,1.103939,-0.000129,0.059309,0.014893,0.034063,-0.997547
38.907,True,-0.024470,1.113382,0.001247,0.058789,-0.000916,0.035846,-0.997626,True,0.042242,1.104001,-0.000101,0.059397,0.015144,0.034233,-0.997532
38.918,True,-0.024423,1.113436,0.001265,0.058882,-0.000826,0.035880,-0.997620,True,0.042288,1.104049,-0.000082,0.059491,0.015234,0.034264,-0.997524
38.929,True,-0.024417,1.113528,0.001216,0.059029,-0.000600,0.035931,-0.997609,True,0.042293,1.104130,-0.000131,0.059639,0.015459,0.034313,-0.997510
38.940,True,-0.024349,1.113568,0.001232,0.058946,-0.000722,0.036013,-0.997611,True,0.042359,1.104159,-0.000126,0.059558,0.015337,0.034395,-0.997514
38.951,True,-0.024323,1.113559,0.001192,0.058700,-0.000664,0.035916,-0.997629,True,0.042386,1.104160,-0.000186,0.059311,0.015394,0.034299,-0.997531
38.962,True,-0.024259,1.113560,0.001172,0.058535,-0.000669,0.035831,-0.997642,True,0.042452,1.104172,-0.000217,0.059144,0.015388,0.034214,-0.997544
38.973,True,-0.024175,1.113543,0.001180,0.058476,-0.000741,0.035598,-0.997654,True,0.042539,1.104183,-0.000236,0.059082,0.015316,0.033982,-0.997557
38.984,True,-0.024154,1.113540,0.001131,0.058470,-0.000570,0.035502,-0.997658,True,0.042561,1.104191,-0.000284,0.059075,0.015486,0.033886,-0.997558
38.996,True,-0.024105,1.113540,0.001103,0.058570,-0.000586,0.035592,-0.997649,True,0.042609,1.104179,-0.000309,0.059176,0.015471,0.033976,-0.997549
39.007,True,-0.024015,1.113524,0.001091,0.058858,-0.000814,0.035902,-0.997620,True,0.042693,1.104124,-0.000317,0.059468,0.015244,0.034286,-0.997525
39.018,True,-0.024006,1.113513,0.001007,0.058631,-0.001082,0.036119,-0.997626,True,0.042699,1.104088,-0.000398,0.059245,0.014977,0.034505,-0.997535
39.029,True,-0.023955,1.113488,0.000988,0.057445,-0.002969,0.036422,-0.997680,True,0.042748,1.104052,-0.000422,0.058061,0.013095,0.034809,-0.997620
39.040,True,-0.023894,1.113484,0.000968,0.055761,-0.007790,0.037029,-0.997727,True,0.042808,1.104039,-0.000423,0.056378,0.008287,0.035417,-0.997747
39.051,True,-0.023823,1.113489,0.000953,0.055104,-0.019625,0.038292,-0.997553,True,0.042878,1.104035,-0.000428,0.055717,-0.003524,0.036685,-0.997766
39.062,True,-0.023819,1.113540,0.000860,0.054804,-0.020567,0.038483,-0.997543,True,0.042881,1.104076,-0.000509,0.055418,-0.004466,0.036875,-0.997772
39.073,True,-0.023744,1.113595,0.000838,0.054818,-0.023408,0.038928,-0.997463,True,0.042953,1.104111,-0.000516,0.055433,-0.007304,0.037319,-0.997738
39.084,True,-0.023713,1.113660,0.000793,0.055002,-0.023461,0.039088,-0.997445,True,0.042981,1.104155,-0.000564,0.055620,-0.007358,0.037475,-0.997721
39.096,True,-0.023657,1.113715,0.000732,0.055703,-0.026200,0.039403,-0.997326,True,0.043036,1.104202,-0.000621,0.056320,-0.010095,0.037788,-0.997646
39.107,True,-0.023572,1.113778,0.000722,0.055919,-0.026370,0.039610,-0.997301,True,0.043117,1.104237,-0.000645,0.056540,-0.010265,0.037992,-0.997624
39.118,True,-0.023506,1.113802,0.000666,0.056003,-0.026538,0.039584,-0.997293,True,0.043182,1.104263,-0.000723,0.056622,-0.010434,0.037965,-0.997619
39.129,True,-0.023433,1.113833,0.000607,0.056328,-0.027406,0.039774,-0.997243,True,0.043253,1.104278,-0.000791,0.056949,-0.011301,0.038154,-0.997584
39.140,True,-0.023339,1.113863,0.000606,0.056358,-0.028041,0.039973,-0.997216,True,0.043344,1.104286,-0.000816,0.056982,-0.011936,0.038353,-0.997567
39.151,True,-0.023228,1.113883,0.000594,0.056507,-0.027942,0.039946,-0.997211,True,0.043453,1.104304,-0.000853,0.057130,-0.011837,0.038323,-0.997561
39.162,True,-0.023201,1.113920,0.000506,0.056523,-0.030274,0.040064,-0.997138,True,0.043482,1.104353,-0.000960,0.057143,-0.014169,0.038441,-0.997525
39.173,True,-0.022716,1.114592,0.000627,0.056679,-0.027850,0.039797,-0.997210,True,0.043576,1.104375,-0.000992,0.057301,-0.011746,0.038170,-0.997558
39.184,True,-0.022638,1.114599,0.000622,0.056877,-0.027561,0.039735,-0.997209,True,0.043654,1.104382,-0.001019,0.057498,-0.011457,0.038107,-0.997552
39.195,True,-0.022633,1.114588,0.000535,0.056962,-0.027655,0.039763,-0.997201,True,0.043658,1.104367,-0.001118,0.057584,-0.011552,0.038132,-0.997545
39.207,True,-0.022570,1.114556,0.000527,0.056827,-0.027709,0.039742,-0.997208,True,0.043721,1.104337,-0.001143,0.057448,-0.011606,0.038112,-0.997553
39.218,True,-0.022498,1.114558,0.000523,0.056558,-0.027129,0.039730,-0.997240,True,0.043792,1.104331,-0.001160,0.057181,-0.011027,0.038100,-0.997576
39.229,True,-0.022514,1.114553,0.000431,0.056771,-0.027078,0.039611,-0.997234,True,0.043778,1.104340,-0.001257,0.057392,-0.010975,0.037982,-0.997569
39.240,True,-0.022469,1.114553,0.000430,0.057067,-0.027074,0.039645,-0.997215,True,0.043821,1.104334,-0.001260,0.057689,-0.010970,0.038013,-0.997550
39.251,True,-0.022411,1.114596,0.000425,0.057116,-0.027113,0.039836,-0.997204,True,0.043876,1.104354,-0.001251,0.057741,-0.011010,0.038205,-0.997540
39.262,True,-0.022471,1.114640,0.000351,0.057280,-0.027470,0.040061,-0.997176,True,0.043813,1.104373,-0.001320,0.057907,-0.011367,0.038426,-0.997518
39.273,True,-0.022439,1.114653,0.000360,0.057120,-0.027573,0.040250,-0.997175,True,0.043841,1.104364,-0.001302,0.057750,-0.011470,0.038615,-0.997518
39.284,True,-0.022461,1.114644,0.000323,0.056547,-0.027384,0.040328,-0.997209,True,0.043818,1.104343,-0.001340,0.057178,-0.011283,0.038693,-0.997550
39.296,True,-0.022484,1.114630,0.000290,0.056885,-0.027219,0.040307,-0.997195,True,0.043795,1.104330,-0.001366,0.057516,-0.011118,0.038672,-0.997533
39.307,True,-0.022445,1.114573,0.000298,0.056136,-0.027135,0.040232,-0.997243,True,0.043836,1.104286,-0.001353,0.056766,-0.011034,0.038598,-0.997580
39.318,True,-0.022482,1.114520,0.000245,0.055693,-0.027217,0.040139,-0.997270,True,0.043801,1.104247,-0.001408,0.056322,-0.011117,0.038508,-0.997608
39.329,True,-0.022476,1.114465,0.000227,0.055618,-0.027136,0.040116,-0.997277,True,0.043807,1.104196,-0.001421,0.056246,-0.011036,0.038487,-0.997614
39.340,True,-0.022463,1.114431,0.000239,0.055436,-0.027220,0.040101,-0.997285,True,0.043821,1.104165,-0.001411,0.056064,-0.011119,0.038474,-0.997624
39.351,True,-0.022490,1.114460,0.000205,0.055398,-0.027364,0.040110,-0.997283,True,0.043794,1.104195,-0.001445,0.056025,-0.011264,0.038483,-0.997624
39.362,True,-0.022499,1.114421,0.000202,0.055644,-0.027765,0.039943,-0.997265,True,0.043789,1.104182,-0.001450,0.056268,-0.011664,0.038314,-0.997612
39.373,True,-0.022475,1.114398,0.000243,0.055744,-0.027877,0.039779,-0.997263,True,0.043818,1.104184,-0.001399,0.056365,-0.011776,0.038148,-0.997612
39.384,True,-0.022465,1.114394,0.000294,0.056081,-0.028117,0.039592,-0.997245,True,0.043832,1.104206,-0.001352,0.056699,-0.012015,0.037959,-0.997597
39.395,True,-0.022494,1.114503,0.000253,0.056265,-0.028093,0.039620,-0.997234,True,0.043803,1.104313,-0.001379,0.056883,-0.011992,0.037986,-0.997586
39.406,True,-0.022492,1.114623,0.000303,0.056510,-0.027991,0.039879,-0.997213,True,0.043799,1.104398,-0.001323,0.057132,-0.011891,0.038240,-0.997563
39.417,True,-0.022507,1.114729,0.000309,0.056489,-0.027854,0.040317,-0.997200,True,0.043775,1.104444,-0.001309,0.057119,-0.011754,0.038677,-0.997549
39.429,True,-0.022524,1.114834,0.000312,0.056579,-0.027795,0.040757,-0.997179,True,0.043750,1.104492,-0.001294,0.057216,-0.011696,0.039115,-0.997527
39.440,True,-0.022494,1.114807,0.000362,0.056387,-0.027669,0.040481,-0.997204,True,0.043784,1.104495,-0.001275,0.057020,-0.011569,0.038843,-0.997550
39.451,True,-0.022523,1.114789,0.000339,0.056590,-0.018440,0.039358,-0.997451,True,0.043757,1.104500,-0.001318,0.057225,-0.002348,0.037718,-0.997646
39.463,True,-0.022525,1.114722,0.000371,0.059701,-0.002791,0.037546,-0.997506,True,0.043758,1.104451,-0.001299,0.060336,0.013264,0.035902,-0.997444
39.473,True,-0.022518,1.114664,0.000408,0.061161,0.001124,0.037067,-0.997439,True,0.043765,1.104398,-0.001270,0.061794,0.017166,0.035423,-0.997312
39.484,True,-0.022557,1.114636,0.000376,0.061203,0.002102,0.037099,-0.997433,True,0.043723,1.104351,-0.001305,0.061838,0.018139,0.035456,-0.997291
39.495,True,-0.022570,1.114583,0.000391,0.061309,0.002158,0.037166,-0.997424,True,0.043709,1.104286,-0.001301,0.061946,0.018195,0.035523,-0.997281
39.506,True,-0.022584,1.114527,0.000444,0.061618,0.005870,0.036746,-0.997406,True,0.043694,1.104233,-0.001264,0.062255,0.021889,0.035104,-0.997203
39.518,True,-0.022629,1.114474,0.000424,0.061232,0.003485,0.036844,-0.997437,True,0.043653,1.104201,-0.001285,0.061866,0.019516,0.035204,-0.997273
39.529,True,-0.022681,1.114418,0.000447,0.061865,0.007565,0.036224,-0.997398,True,0.043603,1.104167,-0.001282,0.062496,0.023576,0.034586,-0.997167
39.540,True,-0.022705,1.114364,0.000497,0.062182,0.008824,0.035988,-0.997377,True,0.043582,1.104129,-0.001218,0.062810,0.024829,0.034350,-0.997125
39.551,True,-0.022803,1.114374,0.000475,0.062076,0.008958,0.035849,-0.997387,True,0.043487,1.104159,-0.001225,0.062702,0.024963,0.034213,-0.997133
39.562,True,-0.022898,1.114378,0.000460,0.060725,0.006433,0.036003,-0.997484,True,0.043396,1.104184,-0.001228,0.061351,0.022450,0.034368,-0.997272
39.573,True,-0.022951,1.114372,0.000522,0.061708,0.010490,0.035458,-0.997409,True,0.043346,1.104195,-0.001143,0.062331,0.026487,0.033822,-0.997131
39.584,True,-0.023072,1.114352,0.000518,0.061333,0.010519,0.035354,-0.997436,True,0.043229,1.104195,-0.001128,0.061954,0.026517,0.033720,-0.997157
39.595,True,-0.023160,1.114326,0.000511,0.059567,0.007514,0.035495,-0.997565,True,0.043146,1.104198,-0.001123,0.060188,0.023527,0.033864,-0.997335
39.607,True,-0.023226,1.114308,0.000549,0.059125,0.007466,0.035307,-0.997598,True,0.043086,1.104212,-0.001064,0.059742,0.023480,0.033680,-0.997369
39.618,True,-0.023345,1.114274,0.000520,0.059376,0.009529,0.034846,-0.997582,True,0.042973,1.104216,-0.001064,0.059989,0.025534,0.033219,-0.997319
39.629,True,-0.023453,1.114240,0.000530,0.058912,0.008697,0.034889,-0.997616,True,0.042867,1.104195,-0.001019,0.059524,0.024708,0.033264,-0.997367
39.640,True,-0.023550,1.114211,0.000561,0.058787,0.008912,0.034919,-0.997620,True,0.042771,1.104165,-0.000955,0.059400,0.024922,0.033295,-0.997368
39.651,True,-0.023667,1.114201,0.000527,0.058616,0.009530,0.034929,-0.997624,True,0.042655,1.104151,-0.000955,0.059230,0.025538,0.033305,-0.997362
39.662,True,-0.023813,1.114151,0.000531,0.058863,0.009456,0.034838,-0.997613,True,0.042511,1.104120,-0.000912,0.059475,0.025467,0.033216,-0.997352
39.673,True,-0.023896,1.114088,0.000560,0.058518,0.009839,0.034563,-0.997639,True,0.042435,1.104094,-0.000858,0.059127,0.025848,0.032942,-0.997372
39.684,True,-0.024010,1.114066,0.000499,0.058723,0.010315,0.034421,-0.997627,True,0.040863,1.112118,0.000160,0.059330,0.026323,0.032799,-0.997352
39.696,True,-0.024087,1.114037,0.000515,0.058754,0.010605,0.034158,-0.997632,True,0.040787,1.112122,0.000192,0.059356,0.026613,0.032536,-0.997352
39.706,True,-0.024126,1.114059,0.000567,0.058938,0.010648,0.034148,-0.997621,True,0.040748,1.112146,0.000249,0.059541,0.026656,0.032523,-0.997340
39.718,True,-0.024197,1.114089,0.000517,0.059418,0.010915,0.033982,-0.997595,True,0.040678,1.112192,0.000198,0.060017,0.026922,0.032353,-0.997310
39.729,True,-0.024224,1.114135,0.000577,0.059603,0.010827,0.033874,-0.997589,True,0.040651,1.112251,0.000245,0.060201,0.026833,0.032242,-0.997305
39.740,True,-0.024251,1.114181,0.000640,0.059715,0.010752,0.033741,-0.997587,True,0.040625,1.112312,0.000289,0.060311,0.026757,0.032106,-0.997304
39.751,True,-0.024273,1.114224,0.000617,0.059973,0.010726,0.033738,-0.997572,True,0.040602,1.112354,0.000257,0.060569,0.026730,0.032099,-0.997290
39.762,True,-0.024277,1.114261,0.000665,0.060233,0.010553,0.033745,-0.997558,True,0.040598,1.112389,0.000294,0.060829,0.026559,0.032104,-0.997278
39.773,True,-0.024275,1.114276,0.000740,0.060263,0.010404,0.033769,-0.997557,True,0.040599,1.112399,0.000340,0.060859,0.026409,0.032128,-0.997280
39.784,True,-0.024306,1.114281,0.000743,0.060309,0.010071,0.033908,-0.997553,True,0.040568,1.112386,0.000318,0.060907,0.026077,0.032266,-0.997281
39.795,True,-0.024298,1.114238,0.000799,0.060361,0.008963,0.033972,-0.997558,True,0.040576,1.112344,0.000343,0.060958,0.024974,0.032331,-0.997304
39.807,True,-0.024272,1.114200,0.000871,0.060280,0.009036,0.033986,-0.997562,True,0.040601,1.112297,0.000383,0.060877,0.025046,0.032348,-0.997307
39.818,True,-0.024290,1.114155,0.000869,0.060116,0.008628,0.033957,-0.997576,True,0.040583,1.112260,0.000360,0.060712,0.024639,0.032320,-0.997328
39.829,True,-0.024281,1.114122,0.000940,0.060057,0.008232,0.034009,-0.997581,True,0.040592,1.112220,0.000401,0.060654,0.024245,0.032376,-0.997339
39.840,True,-0.024262,1.114083,0.001020,0.060350,0.007771,0.033922,-0.997571,True,0.040611,1.112194,0.000462,0.060944,0.023787,0.032291,-0.997335
39.851,True,-0.024309,1.114067,0.001026,0.060360,0.007648,0.034003,-0.997568,True,0.040564,1.112166,0.000451,0.060956,0.023664,0.032373,-0.997335
39.862,True,-0.024317,1.114045,0.001101,0.060168,0.007487,0.034201,-0.997574,True,0.040555,1.112120,0.000519,0.060766,0.023503,0.032572,-0.997344
39.873,True,-0.024329,1.114019,0.001172,0.060668,0.007318,0.034341,-0.997540,True,0.040543,1.112074,0.000584,0.061268,0.023335,0.032712,-0.997312
39.884,True,-0.024399,1.114011,0.001186,0.060463,0.007206,0.034535,-0.997547,True,0.040471,1.112042,0.000592,0.061066,0.023223,0.032907,-0.997321
39.896,True,-0.024417,1.113989,0.001254,0.060574,0.006906,0.034534,-0.997542,True,0.040454,1.112024,0.000661,0.061176,0.022925,0.032909,-0.997321
39.907,True,-0.024440,1.113936,0.001333,0.061148,0.004797,0.034621,-0.997517,True,0.040431,1.111984,0.000731,0.061747,0.020829,0.032997,-0.997329
39.918,True,-0.024512,1.113886,0.001332,0.061071,0.000843,0.034823,-0.997526,True,0.040360,1.111959,0.000723,0.061666,0.016893,0.033200,-0.997402
39.929,True,-0.024521,1.113827,0.001405,0.060228,-0.004666,0.035207,-0.997553,True,0.040351,1.111921,0.000780,0.060821,0.011404,0.033586,-0.997518
39.940,True,-0.024517,1.113767,0.001470,0.060571,-0.005790,0.035009,-0.997533,True,0.040356,1.111896,0.000815,0.061158,0.010284,0.033385,-0.997517
39.951,True,-0.024566,1.113811,0.001484,0.060567,-0.007499,0.034970,-0.997523,True,0.040307,1.111963,0.000800,0.061150,0.008580,0.033347,-0.997535
39.962,True,-0.024591,1.113812,0.001541,0.060751,-0.007635,0.034673,-0.997521,True,0.040283,1.112002,0.000837,0.061329,0.008444,0.033047,-0.997535
39.973,True,-0.024609,1.113766,0.001596,0.060494,-0.009293,0.034541,-0.997528,True,0.040266,1.111996,0.000898,0.061067,0.006791,0.032912,-0.997568
39.984,True,-0.024704,1.113740,0.001580,0.060443,-0.009975,0.034383,-0.997529,True,0.040172,1.112005,0.000905,0.061013,0.006111,0.032752,-0.997581
39.996,True,-0.024759,1.113805,0.001603,0.060448,-0.009780,0.034407,-0.997530,True,0.040118,1.112072,0.000972,0.061018,0.006305,0.032772,-0.997579
40.007,True,-0.024792,1.113875,0.001639,0.060014,-0.009170,0.034597,-0.997556,True,0.040084,1.112115,0.001031,0.060589,0.006912,0.032961,-0.997595
40.018,True,-0.024895,1.113930,0.001617,0.060081,-0.009222,0.034928,-0.997540,True,0.039980,1.112129,0.001024,0.060660,0.006861,0.033291,-0.997580
40.029,True,-0.024941,1.113977,0.001651,0.060045,-0.009448,0.035287,-0.997527,True,0.039933,1.112134,0.001064,0.060630,0.006636,0.033651,-0.997571
40.040,True,-0.024960,1.114002,0.001679,0.059731,-0.009470,0.035375,-0.997543,True,0.039914,1.112149,0.001102,0.060317,0.006614,0.033742,-0.997587
40.051,True,-0.025060,1.113992,0.001646,0.059731,-0.009386,0.035274,-0.997547,True,0.039814,1.112149,0.001063,0.060316,0.006698,0.033644,-0.997590
40.062,True,-0.025105,1.113943,0.001652,0.059419,-0.008952,0.034997,-0.997579,True,0.039771,1.112135,0.001091,0.060000,0.007132,0.033371,-0.997615
40.073,True,-0.025152,1.113905,0.001670,0.059526,-0.008609,0.034877,-0.997580,True,0.039724,1.112111,0.001132,0.060105,0.007475,0.033252,-0.997610
40.084,True,-0.025245,1.113874,0.001602,0.059611,-0.008574,0.034918,-0.997574,True,0.039631,1.112079,0.001092,0.060191,0.007511,0.033294,-0.997603
40.095,True,-0.025303,1.113838,0.001613,0.059406,-0.008492,0.034952,-0.997586,True,0.039573,1.112039,0.001113,0.059986,0.007592,0.033329,-0.997614
40.107,True,-0.025322,1.113817,0.001631,0.059323,-0.008626,0.035082,-0.997585,True,0.039554,1.112003,0.001130,0.059905,0.007459,0.033459,-0.997615
40.118,True,-0.025339,1.113800,0.001657,0.058826,-0.008878,0.035088,-0.997612,True,0.039537,1.111988,0.001150,0.059408,0.007207,0.033466,-0.997647
40.129,True,-0.025406,1.113741,0.001584,0.058958,-0.008845,0.034703,-0.997618,True,0.039471,1.111978,0.001069,0.059534,0.007240,0.033082,-0.997652
40.140,True,-0.025428,1.113684,0.001589,0.058511,-0.009146,0.034398,-0.997652,True,0.039450,1.111968,0.001082,0.059082,0.006939,0.032775,-0.997691
40.151,True,-0.025498,1.113669,0.001536,0.058688,-0.008907,0.034238,-0.997649,True,0.039381,1.111974,0.001053,0.059257,0.007178,0.032614,-0.997684
40.162,True,-0.025556,1.113686,0.001506,0.058553,-0.008696,0.034200,-0.997660,True,0.039324,1.111998,0.001047,0.059121,0.007389,0.032576,-0.997692
40.173,True,-0.025591,1.113712,0.001499,0.058700,-0.008538,0.034170,-0.997654,True,0.039289,1.112029,0.001059,0.059268,0.007546,0.032543,-0.997683
40.184,True,-0.025628,1.113749,0.001506,0.058522,-0.008085,0.034198,-0.997667,True,0.039252,1.112059,0.001075,0.059091,0.007998,0.032570,-0.997689
40.195,True,-0.025678,1.113721,0.001436,0.058326,-0.007869,0.034086,-0.997685,True,0.039202,1.112044,0.001012,0.058893,0.008213,0.032458,-0.997703
40.207,True,-0.025696,1.113713,0.001409,0.058167,-0.007990,0.034032,-0.997695,True,0.039184,1.112046,0.000992,0.058733,0.008092,0.032405,-0.997715
40.218,True,-0.025693,1.113680,0.001401,0.058094,-0.008165,0.033817,-0.997705,True,0.039188,1.112042,0.000976,0.058657,0.007919,0.032193,-0.997728
40.229,True,-0.025740,1.113666,0.001309,0.058033,-0.007951,0.033721,-0.997713,True,0.039142,1.112041,0.000906,0.058594,0.008133,0.032098,-0.997733
40.240,True,-0.025752,1.113649,0.001280,0.057956,-0.007995,0.033781,-0.997715,True,0.039130,1.112019,0.000888,0.058518,0.008089,0.032159,-0.997735
40.251,True,-0.025785,1.113683,0.001204,0.057934,-0.007906,0.034073,-0.997708,True,0.039096,1.112017,0.000833,0.058501,0.008177,0.032450,-0.997726
40.262,True,-0.025796,1.113688,0.001164,0.058119,-0.007975,0.034217,-0.997691,True,0.039085,1.112004,0.000793,0.058688,0.008110,0.032594,-0.997711
40.273,True,-0.025785,1.113681,0.001147,0.058341,-0.008031,0.034274,-0.997676,True,0.039095,1.111988,0.000771,0.058910,0.008053,0.032650,-0.997697
40.284,True,-0.025803,1.113675,0.001052,0.058558,-0.007818,0.034128,-0.997670,True,0.039077,1.112000,0.000686,0.059126,0.008266,0.032504,-0.997687
40.296,True,-0.025797,1.113677,0.000996,0.058522,-0.007818,0.034097,-0.997673,True,0.039084,1.112007,0.000639,0.059089,0.008266,0.032473,-0.997690
40.307,True,-0.025766,1.113699,0.000956,0.058617,-0.008051,0.034143,-0.997664,True,0.039114,1.112026,0.000601,0.059184,0.008034,0.032518,-0.997685
40.318,True,-0.025764,1.113769,0.000875,0.058699,-0.008182,0.034292,-0.997653,True,0.039116,1.112079,0.000520,0.059268,0.007903,0.032664,-0.997676
40.329,True,-0.025733,1.113833,0.000823,0.059044,-0.008418,0.034500,-0.997624,True,0.039147,1.112118,0.000461,0.059617,0.007667,0.032867,-0.997651
40.340,True,-0.025665,1.113905,0.000803,0.059195,-0.008521,0.034594,-0.997610,True,0.039214,1.112177,0.000427,0.059769,0.007563,0.032957,-0.997639
40.351,True,-0.025586,1.113977,0.000782,0.059678,-0.008663,0.034703,-0.997577,True,0.039292,1.112234,0.000391,0.060254,0.007421,0.033061,-0.997608
40.362,True,-0.025625,1.114063,0.000660,0.059670,-0.008859,0.034723,-0.997575,True,0.039253,1.112319,0.000258,0.060245,0.007225,0.033077,-0.997609
40.373,True,-0.025557,1.114087,0.000654,0.059902,-0.008942,0.034757,-0.997559,True,0.039322,1.112338,0.000242,0.060478,0.007141,0.033107,-0.997595
40.384,True,-0.025506,1.114176,0.000653,0.060003,-0.009073,0.035005,-0.997543,True,0.039371,1.112393,0.000225,0.060583,0.007010,0.033356,-0.997581
40.396,True,-0.025502,1.114206,0.000562,0.060385,-0.009041,0.034905,-0.997524,True,0.039376,1.112434,0.000123,0.060964,0.007041,0.033249,-0.997561
40.407,True,-0.025458,1.114255,0.000527,0.060771,-0.009204,0.034929,-0.997498,True,0.039419,1.112480,0.000074,0.061349,0.006878,0.033268,-0.997538
40.418,True,-0.025422,1.114308,0.000482,0.060976,-0.009305,0.034957,-0.997484,True,0.039455,1.112528,0.000018,0.061554,0.006776,0.033292,-0.997525
40.429,True,-0.025405,1.114356,0.000426,0.061234,-0.009331,0.034949,-0.997468,True,0.039472,1.112576,-0.000051,0.061813,0.006750,0.033280,-0.997510
40.440,True,-0.025356,1.114396,0.000397,0.061610,-0.009380,0.034928,-0.997445,True,0.040629,1.110415,-0.000719,0.062188,0.006700,0.033255,-0.997488
40.451,True,-0.025308,1.114445,0.000375,0.061991,-0.009666,0.035025,-0.997415,True,0.040676,1.110452,-0.000754,0.062571,0.006415,0.033348,-0.997463
40.462,True,-0.025358,1.114466,0.000267,0.062149,-0.009629,0.035026,-0.997406,True,0.040626,1.110473,-0.000861,0.062728,0.006451,0.033346,-0.997453
40.473,True,-0.025334,1.114505,0.000239,0.062252,-0.009518,0.035187,-0.997395,True,0.040648,1.110489,-0.000887,0.062835,0.006561,0.033504,-0.997440
40.484,True,-0.025314,1.114546,0.000216,0.062496,-0.009585,0.035277,-0.997376,True,0.040668,1.110518,-0.000912,0.063080,0.006495,0.033592,-0.997422
40.495,True,-0.025424,1.114578,0.000109,0.062393,-0.009662,0.035335,-0.997379,True,0.040558,1.110545,-0.001016,0.062977,0.006417,0.033647,-0.997427
40.507,True,-0.025379,1.114604,0.000089,0.062514,-0.009528,0.035341,-0.997373,True,0.040602,1.110569,-0.001028,0.063098,0.006550,0.033651,-0.997418
40.518,True,-0.025425,1.114582,0.000039,0.062594,-0.009545,0.035157,-0.997374,True,0.040558,1.110571,-0.001080,0.063175,0.006534,0.033465,-0.997420
40.529,True,-0.025452,1.114571,-0.000016,0.062761,-0.009620,0.035016,-0.997368,True,0.040532,1.110582,-0.001123,0.063340,0.006459,0.033322,-0.997415
40.540,True,-0.025454,1.114568,-0.000044,0.062621,-0.010344,0.034973,-0.997371,True,0.040532,1.110597,-0.001146,0.063198,0.005737,0.033278,-0.997430
40.551,True,-0.025492,1.114617,-0.000121,0.062341,-0.014496,0.035306,-0.997325,True,0.040495,1.110661,-0.001210,0.062915,0.001593,0.033612,-0.997452
40.562,True,-0.025536,1.114630,-0.000164,0.062154,-0.015763,0.035211,-0.997321,True,0.040453,1.110706,-0.001252,0.062724,0.000328,0.033514,-0.997468
40.573,True,-0.025524,1.114615,-0.000176,0.062123,-0.016510,0.035056,-0.997316,True,0.040467,1.110725,-0.001250,0.062689,-0.000418,0.033357,-0.997475
40.584,True,-0.025577,1.114672,-0.000237,0.061238,-0.018564,0.035153,-0.997331,True,0.040416,1.110806,-0.001287,0.061801,-0.002471,0.033450,-0.997525
40.595,True,-0.025598,1.114801,-0.000292,0.061478,-0.018929,0.035245,-0.997306,True,0.040396,1.110933,-0.001308,0.062042,-0.002836,0.033539,-0.997506
40.606,True,-0.025602,1.114872,-0.000276,0.061154,-0.019619,0.035632,-0.997299,True,0.040390,1.110965,-0.001283,0.061723,-0.003526,0.033924,-0.997510
40.618,True,-0.025584,1.114954,-0.000283,0.061383,-0.021089,0.036151,-0.997236,True,0.040405,1.111001,-0.001266,0.061957,-0.004995,0.034442,-0.997472
40.629,True,-0.025651,1.115025,-0.000361,0.061602,-0.021743,0.036410,-0.997199,True,0.040337,1.111045,-0.001350,0.062178,-0.005648,0.034702,-0.997446
40.640,True,-0.025636,1.115057,-0.000363,0.061775,-0.022210,0.036551,-0.997173,True,0.040350,1.111062,-0.001367,0.062352,-0.006114,0.034843,-0.997427
40.651,True,-0.025603,1.115066,-0.000378,0.061296,-0.022537,0.036388,-0.997202,True,0.040385,1.111100,-0.001376,0.061870,-0.006440,0.034683,-0.997461
40.662,True,-0.025647,1.115000,-0.000446,0.061086,-0.022621,0.036192,-0.997220,True,0.040342,1.111060,-0.001454,0.061657,-0.006524,0.034490,-0.997480
40.673,True,-0.025635,1.114967,-0.000478,0.061176,-0.022575,0.036195,-0.997215,True,0.040354,1.111026,-0.001477,0.061747,-0.006478,0.034494,-0.997475
40.684,True,-0.025685,1.114952,-0.000539,0.061168,-0.022942,0.036325,-0.997202,True,0.040303,1.110998,-0.001543,0.061741,-0.006844,0.034627,-0.997468
40.695,True,-0.025679,1.114933,-0.000565,0.061120,-0.022902,0.036445,-0.997202,True,0.040308,1.110961,-0.001572,0.061695,-0.006804,0.034748,-0.997467
40.707,True,-0.025649,1.114906,-0.000575,0.060985,-0.022750,0.036556,-0.997210,True,0.040337,1.110915,-0.001598,0.061562,-0.006652,0.034860,-0.997472
40.717,True,-0.025689,1.114869,-0.000647,0.060961,-0.022806,0.036472,-0.997213,True,0.040297,1.110889,-0.001671,0.061536,-0.006708,0.034777,-0.997476
40.729,True,-0.025687,1.114842,-0.000693,0.061220,-0.023108,0.036520,-0.997188,True,0.040300,1.110861,-0.001705,0.061796,-0.007009,0.034826,-0.997456
40.740,True,-0.025678,1.114826,-0.000700,0.061170,-0.023312,0.036426,-0.997190,True,0.040309,1.110862,-0.001706,0.061744,-0.007213,0.034733,-0.997461
40.751,True,-0.025736,1.114844,-0.000788,0.061183,-0.023400,0.036479,-0.997185,True,0.040252,1.110879,-0.001762,0.061757,-0.007301,0.034785,-0.997458
40.762,True,-0.025753,1.114887,-0.000813,0.061190,-0.023425,0.036550,-0.997182,True,0.040235,1.110917,-0.001764,0.061765,-0.007325,0.034855,-0.997455
40.773,True,-0.025757,1.114937,-0.000828,0.061382,-0.023592,0.036697,-0.997160,True,0.040230,1.110954,-0.001758,0.061959,-0.007493,0.035000,-0.997437
40.784,True,-0.025742,1.114969,-0.000853,0.061372,-0.023849,0.036793,-0.997151,True,0.040246,1.110981,-0.001758,0.061950,-0.007750,0.035094,-0.997432
40.795,True,-0.025834,1.114994,-0.000947,0.061283,-0.023795,0.036609,-0.997165,True,0.040156,1.111031,-0.001847,0.061857,-0.007696,0.034909,-0.997445
40.806,True,-0.025818,1.115036,-0.000952,0.061044,-0.023726,0.036515,-0.997185,True,0.040172,1.111088,-0.001840,0.061617,-0.007628,0.034815,-0.997463
40.818,True,-0.025791,1.115052,-0.000971,0.060830,-0.023624,0.036344,-0.997207,True,0.040201,1.111129,-0.001838,0.061400,-0.007526,0.034644,-0.997484
40.829,True,-0.025865,1.115047,-0.001032,0.062028,-0.014037,0.035304,-0.997351,True,0.040128,1.111126,-0.001897,0.062601,0.002052,0.033599,-0.997471
40.840,True,-0.025872,1.115041,-0.001064,0.061685,-0.005740,0.034453,-0.997484,True,0.040121,1.111121,-0.001911,0.062261,0.010328,0.032745,-0.997469
40.851,True,-0.025897,1.115044,-0.001127,0.059103,0.006223,0.033391,-0.997674,True,0.040094,1.111106,-0.001972,0.059689,0.022239,0.031682,-0.997466
40.862,True,-0.025901,1.115026,-0.001152,0.059516,0.007022,0.033265,-0.997648,True,0.040090,1.111091,-0.002012,0.060101,0.023035,0.031558,-0.997427
40.873,True,-0.025853,1.115014,-0.001155,0.059697,0.008936,0.032980,-0.997632,True,0.040139,1.111088,-0.002019,0.060282,0.024939,0.031273,-0.997380
40.885,True,-0.025853,1.115019,-0.001208,0.060027,0.008425,0.032873,-0.997620,True,0.040141,1.111113,-0.002078,0.060608,0.024432,0.031166,-0.997376
40.896,True,-0.025831,1.115041,-0.001243,0.059822,0.009574,0.032616,-0.997630,True,0.040164,1.111154,-0.002109,0.060403,0.025575,0.030907,-0.997368
40.907,True,-0.025783,1.115087,-0.001224,0.059871,0.009768,0.032575,-0.997627,True,0.040211,1.111201,-0.002095,0.060451,0.025766,0.030865,-0.997361
40.918,True,-0.025743,1.115132,-0.001212,0.059191,0.010538,0.032556,-0.997660,True,0.040251,1.111238,-0.002092,0.059774,0.026529,0.030843,-0.997383
40.929,True,-0.025756,1.115161,-0.001271,0.059320,0.010445,0.032657,-0.997650,True,0.040237,1.111253,-0.002161,0.059904,0.026436,0.030941,-0.997374
40.940,True,-0.025673,1.115200,-0.001244,0.059559,0.013771,0.032378,-0.997605,True,0.040319,1.111279,-0.002145,0.060145,0.029743,0.030661,-0.997275
40.956,True,-0.025449,1.116941,-0.000448,0.059180,0.020481,0.031812,-0.997530,True,0.040363,1.111282,-0.002194,0.059773,0.036408,0.030096,-0.997094
40.967,True,-0.025396,1.116948,-0.000442,0.058348,0.039196,0.029776,-0.997082,True,0.040415,1.111294,-0.002204,0.058950,0.054967,0.028066,-0.996351
40.978,True,-0.025333,1.116972,-0.000403,0.059935,0.044225,0.029440,-0.996788,True,0.040476,1.111284,-0.002168,0.060538,0.059949,0.027732,-0.995978
40.989,True,-0.025354,1.116979,-0.000460,0.059977,0.045021,0.029522,-0.996747,True,0.040453,1.111268,-0.002228,0.060583,0.060736,0.027814,-0.995925
41.000,True,-0.025307,1.117000,-0.000420,0.061057,0.047794,0.029376,-0.996557,True,0.040498,1.111267,-0.002182,0.061664,0.063481,0.027667,-0.995692
41.011,True,-0.025264,1.117036,-0.000357,0.063270,0.052226,0.028985,-0.996207,True,0.040539,1.111281,-0.002127,0.063872,0.067868,0.027277,-0.995274
41.023,True,-0.025301,1.117044,-0.000410,0.064775,0.053023,0.028828,-0.996073,True,0.040502,1.111292,-0.002185,0.065371,0.068657,0.027119,-0.995127
41.034,True,-0.025261,1.117087,-0.000356,0.065966,0.053914,0.028798,-0.995948,True,0.040540,1.111323,-0.002130,0.066559,0.069539,0.027089,-0.994988
41.045,True,-0.025224,1.117089,-0.000280,0.067507,0.055768,0.028543,-0.995750,True,0.040577,1.111325,-0.002061,0.068094,0.071373,0.026834,-0.994761
41.056,True,-0.025248,1.117081,-0.000342,0.067659,0.054919,0.028736,-0.995781,True,0.040553,1.111303,-0.002113,0.068248,0.070536,0.027026,-0.994805
41.067,True,-0.025235,1.117082,-0.000274,0.067821,0.053147,0.028998,-0.995859,True,0.040565,1.111295,-0.002049,0.068409,0.068784,0.027288,-0.994909
41.078,True,-0.025218,1.117088,-0.000210,0.067991,0.040835,0.030455,-0.996385,True,0.040581,1.111284,-0.001987,0.068581,0.056605,0.028740,-0.995624
41.089,True,-0.025267,1.117055,-0.000261,0.067931,0.034551,0.031135,-0.996605,True,0.040531,1.111250,-0.002043,0.068521,0.050380,0.029419,-0.995942
41.100,True,-0.025251,1.117027,-0.000200,0.067489,0.030688,0.031451,-0.996752,True,0.040549,1.111239,-0.001972,0.068078,0.046550,0.029735,-0.996150
41.112,True,-0.025256,1.116998,-0.000128,0.065924,0.023947,0.032091,-0.997021,True,0.040545,1.111227,-0.001900,0.066515,0.039860,0.030375,-0.996526
41.123,True,-0.025299,1.116935,-0.000189,0.065004,0.021044,0.032205,-0.997143,True,0.040505,1.111194,-0.001953,0.065593,0.036978,0.030489,-0.996695
41.134,True,-0.025291,1.116930,-0.000126,0.064445,0.019564,0.032329,-0.997206,True,0.040514,1.111197,-0.001881,0.065035,0.035507,0.030613,-0.996781
41.145,True,-0.025282,1.116958,-0.000055,0.063565,0.019560,0.032329,-0.997262,True,0.040524,1.111228,-0.001812,0.064156,0.035502,0.030614,-0.996838
41.156,True,-0.025322,1.116945,-0.000089,0.063053,0.017245,0.032461,-0.997333,True,0.040484,1.111230,-0.001852,0.063643,0.033200,0.030745,-0.996946
41.167,True,-0.025293,1.116891,-0.000004,0.062480,0.014935,0.032426,-0.997408,True,0.040516,1.111214,-0.001772,0.063066,0.030904,0.030710,-0.997058
41.178,True,-0.025273,1.116902,0.000078,0.062034,0.015067,0.032226,-0.997440,True,0.040538,1.111251,-0.001690,0.062618,0.031034,0.030507,-0.997088
41.189,True,-0.025329,1.116965,0.000029,0.061779,0.014747,0.032224,-0.997461,True,0.040484,1.111321,-0.001729,0.062363,0.030716,0.030506,-0.997114
41.200,True,-0.025307,1.117054,0.000108,0.061647,0.014470,0.032530,-0.997463,True,0.040502,1.111374,-0.001646,0.062235,0.030440,0.030810,-0.997121
41.211,True,-0.025285,1.117079,0.000209,0.061456,0.015185,0.032844,-0.997454,True,0.040521,1.111349,-0.001539,0.062051,0.031151,0.031124,-0.997101
41.223,True,-0.025296,1.117111,0.000216,0.061279,0.014650,0.033228,-0.997460,True,0.040505,1.111336,-0.001553,0.061880,0.030618,0.031509,-0.997116
41.234,True,-0.025266,1.117135,0.000271,0.061357,0.014511,0.033336,-0.997454,True,0.040533,1.111343,-0.001520,0.061958,0.030479,0.031618,-0.997112
41.245,True,-0.025224,1.117142,0.000371,0.061637,0.014954,0.033183,-0.997435,True,0.040575,1.111360,-0.001446,0.062237,0.030919,0.031469,-0.997086
41.256,True,-0.025248,1.117079,0.000310,0.061552,0.014162,0.033003,-0.997458,True,0.040554,1.111331,-0.001521,0.062147,0.030132,0.031293,-0.997121
41.267,True,-0.025214,1.117050,0.000399,0.061601,0.014095,0.032992,-0.997456,True,0.040587,1.111302,-0.001444,0.062196,0.030066,0.031283,-0.997120
41.278,True,-0.025182,1.117013,0.000477,0.061606,0.014132,0.033000,-0.997455,True,0.040619,1.111263,-0.001372,0.062201,0.030103,0.031292,-0.997119
41.289,True,-0.025233,1.116944,0.000412,0.061424,0.014041,0.033129,-0.997463,True,0.040566,1.111178,-0.001444,0.062021,0.030012,0.031423,-0.997129
41.300,True,-0.025216,1.116892,0.000486,0.061207,0.013846,0.033197,-0.997477,True,0.040582,1.111118,-0.001386,0.061805,0.029817,0.031494,-0.997146
41.311,True,-0.025194,1.116840,0.000561,0.060626,0.013583,0.033153,-0.997517,True,0.040604,1.111076,-0.001327,0.061223,0.029555,0.031452,-0.997191
41.323,True,-0.025262,1.116749,0.000499,0.060632,0.013387,0.032903,-0.997528,True,0.040539,1.111019,-0.001399,0.061225,0.029360,0.031205,-0.997204
41.334,True,-0.025266,1.116722,0.000569,0.060590,0.013271,0.032760,-0.997537,True,0.040537,1.111014,-0.001323,0.061180,0.029246,0.031062,-0.997215
41.345,True,-0.025281,1.116731,0.000629,0.060492,0.013153,0.032704,-0.997546,True,0.040524,1.111036,-0.001246,0.061081,0.029129,0.031007,-0.997226
41.356,True,-0.025369,1.116747,0.000527,0.060548,0.013555,0.032666,-0.997539,True,0.040437,1.111057,-0.001316,0.061136,0.029529,0.030968,-0.997212
41.367,True,-0.025396,1.116780,0.000589,0.060648,0.013769,0.032762,-0.997526,True,0.040409,1.111076,-0.001233,0.061239,0.029743,0.031063,-0.997196
41.378,True,-0.025432,1.116772,0.000645,0.060306,0.013744,0.032679,-0.997550,True,0.040375,1.111083,-0.001163,0.060895,0.029719,0.030981,-0.997221
41.389,True,-0.025512,1.116739,0.000551,0.060146,0.013846,0.032532,-0.997563,True,0.040298,1.111072,-0.001235,0.060734,0.029822,0.030835,-0.997232
41.400,True,-0.025540,1.116758,0.000589,0.060025,0.013969,0.032335,-0.997575,True,0.040273,1.111120,-0.001178,0.060609,0.029945,0.030641,-0.997242
41.411,True,-0.025557,1.116740,0.000613,0.059946,0.013977,0.032302,-0.997581,True,0.040257,1.111113,-0.001123,0.060530,0.029955,0.030608,-0.997247
41.423,True,-0.025665,1.116694,0.000501,0.060117,0.013966,0.032362,-0.997569,True,0.040149,1.111061,-0.001216,0.060701,0.029945,0.030670,-0.997235
41.433,True,-0.025699,1.116676,0.000506,0.060154,0.014003,0.032579,-0.997559,True,0.040115,1.111019,-0.001183,0.060741,0.029983,0.030889,-0.997225
41.445,True,-0.025733,1.116665,0.000531,0.059899,0.013925,0.032744,-0.997570,True,0.040325,1.109106,-0.001524,0.060488,0.029906,0.031056,-0.997237
41.456,True,-0.025785,1.116622,0.000403,0.059965,0.013904,0.032737,-0.997567,True,0.040273,1.109065,-0.001640,0.060553,0.029886,0.031050,-0.997234
41.467,True,-0.025803,1.116591,0.000385,0.060655,0.008597,0.033229,-0.997569,True,0.040257,1.109042,-0.001642,0.061240,0.024609,0.031540,-0.997321
41.478,True,-0.025806,1.116636,0.000402,0.060521,0.012101,0.032747,-0.997556,True,0.040257,1.109106,-0.001608,0.061105,0.028096,0.031059,-0.997252
41.489,True,-0.025847,1.116668,0.000307,0.062664,0.000881,0.033830,-0.997461,True,0.040216,1.109141,-0.001708,0.063242,0.016933,0.032139,-0.997337
41.500,True,-0.025845,1.116737,0.000292,0.062478,-0.005826,0.034504,-0.997433,True,0.040218,1.109215,-0.001718,0.063054,0.010248,0.032810,-0.997418
41.511,True,-0.025806,1.116841,0.000324,0.062831,-0.001774,0.033911,-0.997446,True,0.040259,1.109337,-0.001698,0.063405,0.014286,0.032211,-0.997366
41.522,True,-0.025829,1.116893,0.000141,0.063666,-0.006035,0.034191,-0.997367,True,0.040237,1.109405,-0.001901,0.064236,0.010039,0.032487,-0.997355
41.534,True,-0.025755,1.116952,0.000229,0.064494,-0.010518,0.034701,-0.997259,True,0.040310,1.109453,-0.001828,0.065063,0.005569,0.032995,-0.997320
41.545,True,-0.025694,1.116981,0.000241,0.064437,-0.012113,0.034901,-0.997238,True,0.040369,1.109474,-0.001834,0.065007,0.003977,0.033193,-0.997325
41.556,True,-0.025703,1.116978,0.000127,0.065308,-0.015691,0.035439,-0.997112,True,0.040357,1.109445,-0.001959,0.065880,0.000406,0.033729,-0.997257
41.567,True,-0.025634,1.117031,0.000145,0.064559,-0.014956,0.035644,-0.997165,True,0.040420,1.109459,-0.001967,0.065136,0.001137,0.033933,-0.997299
41.578,True,-0.025573,1.117059,0.000154,0.064631,-0.015756,0.035841,-0.997141,True,0.040478,1.109468,-0.001979,0.065210,0.000338,0.034127,-0.997288
41.589,True,-0.025560,1.117061,0.000035,0.064467,-0.014734,0.035895,-0.997165,True,0.040489,1.109445,-0.002118,0.065049,0.001357,0.034179,-0.997296
41.600,True,-0.025488,1.117096,0.000049,0.064661,-0.015684,0.036011,-0.997134,True,0.040558,1.109473,-0.002124,0.065243,0.000409,0.034294,-0.997280
41.611,True,-0.025427,1.117134,0.000060,0.064544,-0.015833,0.036003,-0.997140,True,0.040619,1.109512,-0.002127,0.065126,0.000259,0.034286,-0.997288
41.622,True,-0.025436,1.117145,-0.000057,0.064637,-0.017682,0.036238,-0.997094,True,0.040608,1.109514,-0.002263,0.065219,-0.001587,0.034521,-0.997272
41.634,True,-0.025368,1.117185,-0.000048,0.064510,-0.015297,0.035866,-0.997155,True,0.040679,1.109570,-0.002257,0.065091,0.000793,0.034146,-0.997295
41.645,True,-0.025379,1.117233,-0.000110,0.064213,-0.015878,0.036104,-0.997157,True,0.040665,1.109594,-0.002325,0.064797,0.000212,0.034381,-0.997306
41.656,True,-0.025357,1.117265,-0.000137,0.064588,-0.016625,0.036297,-0.997113,True,0.040684,1.109609,-0.002355,0.065174,-0.000534,0.034571,-0.997275
41.667,True,-0.025319,1.117321,-0.000117,0.064608,-0.016456,0.036560,-0.997105,True,0.040718,1.109627,-0.002342,0.065198,-0.000366,0.034832,-0.997264
41.678,True,-0.025279,1.117350,-0.000107,0.064292,-0.016811,0.036765,-0.997112,True,0.040755,1.109634,-0.002335,0.064885,-0.000721,0.035037,-0.997277
41.689,True,-0.025320,1.117315,-0.000208,0.064190,-0.016918,0.036872,-0.997113,True,0.040712,1.109585,-0.002449,0.064784,-0.000828,0.035145,-0.997280
41.700,True,-0.025288,1.117279,-0.000201,0.064142,-0.016736,0.036784,-0.997122,True,0.040745,1.109558,-0.002443,0.064735,-0.000647,0.035060,-0.997286
41.711,True,-0.025269,1.117228,-0.000177,0.063945,-0.016706,0.036680,-0.997139,True,0.040765,1.109519,-0.002429,0.064537,-0.000616,0.034958,-0.997303
41.722,True,-0.025318,1.117116,-0.000292,0.063401,-0.016881,0.036502,-0.997178,True,0.040720,1.109436,-0.002539,0.063989,-0.000790,0.034784,-0.997344
41.734,True,-0.025309,1.117074,-0.000264,0.063063,-0.016925,0.036392,-0.997202,True,0.040730,1.109411,-0.002510,0.063649,-0.000835,0.034676,-0.997369
41.745,True,-0.025296,1.117076,-0.000245,0.062561,-0.017035,0.036419,-0.997231,True,0.040744,1.109414,-0.002483,0.063148,-0.000945,0.034704,-0.997400
41.756,True,-0.025360,1.117032,-0.000336,0.062410,-0.017081,0.036216,-0.997247,True,0.040683,1.109398,-0.002578,0.062993,-0.000991,0.034503,-0.997417
41.767,True,-0.025338,1.116972,-0.000281,0.062380,-0.017164,0.036033,-0.997254,True,0.040707,1.109362,-0.002532,0.062960,-0.001073,0.034319,-0.997425
41.778,True,-0.025312,1.116950,-0.000219,0.062491,-0.017317,0.035818,-0.997252,True,0.040737,1.109371,-0.002469,0.063067,-0.001227,0.034104,-0.997426
41.789,True,-0.025358,1.116970,-0.000296,0.062706,-0.017477,0.035724,-0.997239,True,0.040693,1.109404,-0.002546,0.063281,-0.001386,0.034010,-0.997415
41.800,True,-0.025335,1.117068,-0.000232,0.062805,-0.017568,0.035949,-0.997223,True,0.040713,1.109474,-0.002477,0.063383,-0.001476,0.034235,-0.997401
41.812,True,-0.025312,1.117131,-0.000180,0.062857,-0.017633,0.036227,-0.997209,True,0.040732,1.109502,-0.002421,0.063440,-0.001541,0.034512,-0.997388
41.823,True,-0.025333,1.117185,-0.000226,0.062722,-0.017890,0.036544,-0.997201,True,0.040706,1.109516,-0.002473,0.063310,-0.001798,0.034832,-0.997384
41.834,True,-0.025303,1.117238,-0.000175,0.062872,-0.018303,0.036675,-0.997180,True,0.040734,1.109555,-0.002436,0.063461,-0.002210,0.034964,-0.997369
41.849,True,-0.025294,1.117232,-0.000123,0.063269,-0.018828,0.036489,-0.997152,True,0.040746,1.109577,-0.002400,0.063853,-0.002733,0.034782,-0.997349
41.867,True,-0.025326,1.117080,-0.000148,0.063235,-0.019146,0.036156,-0.997160,True,0.040720,1.109475,-0.002419,0.063814,-0.003049,0.034455,-0.997362
41.878,True,-0.025324,1.117018,-0.000116,0.063329,-0.019363,0.036193,-0.997148,True,0.040722,1.109413,-0.002376,0.063908,-0.003264,0.034495,-0.997354
41.889,True,-0.025391,1.116908,-0.000158,0.063252,-0.019276,0.036414,-0.997147,True,0.040652,1.109275,-0.002408,0.063835,-0.003177,0.034720,-0.997351
41.900,True,-0.025379,1.116861,-0.000118,0.063004,-0.019126,0.036510,-0.997162,True,0.040663,1.109215,-0.002362,0.063588,-0.003027,0.034818,-0.997364
41.912,True,-0.025374,1.116832,-0.000064,0.062628,-0.018948,0.036523,-0.997188,True,0.040667,1.109182,-0.002310,0.063213,-0.002850,0.034832,-0.997388
41.923,True,-0.025436,1.116777,-0.000120,0.062728,-0.019152,0.036504,-0.997179,True,0.040606,1.109134,-0.002361,0.063312,-0.003053,0.034813,-0.997382
41.934,True,-0.025456,1.116776,-0.000061,0.062729,-0.019035,0.036346,-0.997187,True,0.040589,1.109153,-0.002292,0.063311,-0.002936,0.034655,-0.997388
41.945,True,-0.025469,1.116802,-0.000022,0.062737,-0.018789,0.036332,-0.997192,True,0.040578,1.109183,-0.002222,0.063318,-0.002691,0.034640,-0.997388
41.956,True,-0.025567,1.116847,-0.000085,0.062812,-0.018626,0.036371,-0.997188,True,0.040480,1.109222,-0.002271,0.063394,-0.002528,0.034677,-0.997383
41.967,True,-0.025576,1.116903,-0.000043,0.062885,-0.018458,0.036422,-0.997185,True,0.040470,1.109272,-0.002209,0.063468,-0.002360,0.034726,-0.997377
41.978,True,-0.025584,1.116928,0.000006,0.062569,-0.018316,0.036364,-0.997210,True,0.040463,1.109305,-0.002156,0.063151,-0.002219,0.034669,-0.997399
41.989,True,-0.025645,1.116917,-0.000060,0.062695,-0.018370,0.036193,-0.997207,True,0.040404,1.109316,-0.002226,0.063275,-0.002272,0.034498,-0.997397
42.000,True,-0.025629,1.116925,-0.000020,0.062715,-0.018370,0.035925,-0.997216,True,0.040424,1.109359,-0.002192,0.063290,-0.002272,0.034230,-0.997405
42.012,True,-0.025621,1.116935,0.000018,0.062673,-0.018507,0.035856,-0.997218,True,0.040433,1.109380,-0.002153,0.063247,-0.002409,0.034162,-0.997410
42.023,True,-0.025660,1.116889,-0.000049,0.062546,-0.018435,0.035751,-0.997231,True,0.040396,1.109348,-0.002225,0.063119,-0.002337,0.034059,-0.997422
42.034,True,-0.025642,1.116873,-0.000019,0.062644,-0.018496,0.035834,-0.997221,True,0.040413,1.109321,-0.002198,0.063217,-0.002398,0.034140,-0.997413
42.045,True,-0.025620,1.116869,0.000016,0.062624,-0.018724,0.035882,-0.997216,True,0.040434,1.109312,-0.002171,0.063198,-0.002626,0.034189,-0.997412
42.056,True,-0.025662,1.116819,-0.000077,0.062542,-0.019349,0.035729,-0.997215,True,0.040394,1.109288,-0.002281,0.063112,-0.003249,0.034037,-0.997421
42.067,True,-0.025617,1.116830,-0.000032,0.062614,-0.019554,0.035571,-0.997212,True,0.040442,1.109321,-0.002245,0.063181,-0.003454,0.033878,-0.997421
42.079,True,-0.025575,1.116857,-0.000001,0.062665,-0.019496,0.035375,-0.997217,True,0.040486,1.109373,-0.002218,0.063230,-0.003397,0.033681,-0.997425
42.089,True,-0.025610,1.116883,-0.000081,0.062768,-0.019801,0.035392,-0.997204,True,0.040451,1.109399,-0.002303,0.063332,-0.003701,0.033696,-0.997417
42.100,True,-0.025564,1.116923,-0.000066,0.062921,-0.019852,0.035413,-0.997193,True,0.040498,1.109438,-0.002279,0.063485,-0.003753,0.033715,-0.997406
42.112,True,-0.025556,1.116956,-0.000102,0.063016,-0.019880,0.035568,-0.997181,True,0.040504,1.109452,-0.002310,0.063583,-0.003781,0.033868,-0.997395
42.123,True,-0.025572,1.116938,-0.000187,0.063131,-0.019866,0.035605,-0.997172,True,0.040487,1.109429,-0.002389,0.063699,-0.003767,0.033904,-0.997386
42.134,True,-0.025485,1.117010,-0.000097,0.063313,-0.019681,0.035830,-0.997156,True,0.040570,1.109467,-0.002305,0.063885,-0.003582,0.034128,-0.997367
42.145,True,-0.025420,1.117040,-0.000083,0.063349,-0.019862,0.035974,-0.997145,True,0.040633,1.109481,-0.002284,0.063923,-0.003764,0.034271,-0.997359
42.156,True,-0.025427,1.117031,-0.000164,0.063647,-0.019461,0.036093,-0.997130,True,0.040623,1.109450,-0.002365,0.064223,-0.003363,0.034387,-0.997337
42.167,True,-0.025365,1.117062,-0.000130,0.063649,-0.019647,0.036268,-0.997120,True,0.040683,1.109459,-0.002338,0.064227,-0.003549,0.034562,-0.997330
42.178,True,-0.025293,1.117084,-0.000113,0.063629,-0.019740,0.036421,-0.997114,True,0.040752,1.109460,-0.002329,0.064210,-0.003642,0.034716,-0.997326
42.189,True,-0.025229,1.117088,-0.000154,0.063518,-0.020212,0.036724,-0.997100,True,0.040810,1.109423,-0.002415,0.064104,-0.004114,0.035020,-0.997320
42.205,True,-0.025229,1.117088,-0.000154,0.063415,-0.020264,0.036732,-0.997105,True,0.040810,1.109423,-0.002415,0.064000,-0.004166,0.035028,-0.997326
42.223,True,-0.025161,1.117099,-0.000198,0.063343,-0.020746,0.036739,-0.997100,True,0.040876,1.109431,-0.002518,0.063929,-0.004649,0.035033,-0.997329
42.234,True,-0.025078,1.117143,-0.000162,0.063587,-0.020967,0.036798,-0.997077,True,0.040956,1.109464,-0.002510,0.064173,-0.004869,0.035091,-0.997310
42.245,True,-0.025034,1.117156,-0.000149,0.063483,-0.021204,0.036785,-0.997079,True,0.040999,1.109479,-0.002517,0.064069,-0.005107,0.035077,-0.997316
42.256,True,-0.025041,1.117161,-0.000178,0.063495,-0.021296,0.036936,-0.997071,True,0.040989,1.109462,-0.002565,0.064083,-0.005199,0.035227,-0.997309
42.267,True,-0.025007,1.117166,-0.000183,0.063575,-0.021035,0.037032,-0.997068,True,0.041020,1.109446,-0.002591,0.064166,-0.004939,0.035321,-0.997302
42.278,True,-0.024988,1.117167,-0.000175,0.063052,-0.019853,0.036877,-0.997131,True,0.041040,1.109453,-0.002583,0.063642,-0.003759,0.035167,-0.997346
42.289,True,-0.025049,1.117123,-0.000229,0.064281,-0.014494,0.036220,-0.997169,True,0.040980,1.109416,-0.002643,0.064871,0.001592,0.034507,-0.997296
42.300,True,-0.025042,1.117102,-0.000238,0.064169,-0.014345,0.036060,-0.997184,True,0.040990,1.109418,-0.002635,0.064757,0.001742,0.034349,-0.997308
42.312,True,-0.025066,1.117061,-0.000237,0.064324,-0.013853,0.035849,-0.997189,True,0.040968,1.109397,-0.002638,0.064909,0.002232,0.034136,-0.997305
42.323,True,-0.025052,1.117083,-0.000245,0.064569,-0.013142,0.035833,-0.997183,True,0.040983,1.109414,-0.002626,0.065155,0.002943,0.034120,-0.997287
42.334,True,-0.025167,1.117097,-0.000311,0.064363,-0.012444,0.035684,-0.997211,True,0.040869,1.109442,-0.002672,0.064948,0.003639,0.033972,-0.997304
42.345,True,-0.025203,1.117089,-0.000336,0.065019,-0.011489,0.035507,-0.997186,True,0.040836,1.109445,-0.002676,0.065603,0.004593,0.033795,-0.997263
42.356,True,-0.025270,1.117001,-0.000406,0.065385,-0.010363,0.035148,-0.997187,True,0.040773,1.109392,-0.002726,0.065964,0.005718,0.033434,-0.997245
42.367,True,-0.025282,1.116988,-0.000421,0.065591,-0.010279,0.034975,-0.997181,True,0.040765,1.109403,-0.002720,0.066168,0.005802,0.033258,-0.997237
42.378,True,-0.025295,1.117044,-0.000430,0.065436,-0.009368,0.034833,-0.997205,True,0.040754,1.109470,-0.002705,0.066012,0.006710,0.033115,-0.997247
42.389,True,-0.025352,1.117186,-0.000470,0.065405,-0.008554,0.035029,-0.997207,True,0.040695,1.109579,-0.002714,0.065985,0.007521,0.033306,-0.997236
42.400,True,-0.025369,1.117316,-0.000472,0.065642,-0.008139,0.035429,-0.997181,True,0.040671,1.109651,-0.002701,0.066229,0.007935,0.033702,-0.997204
42.411,True,-0.025373,1.117445,-0.000495,0.066168,-0.008208,0.035858,-0.997130,True,0.040661,1.109723,-0.002713,0.066762,0.007866,0.034128,-0.997154
42.422,True,-0.025375,1.117478,-0.000516,0.065755,-0.008674,0.036006,-0.997148,True,0.040656,1.109742,-0.002745,0.066350,0.007401,0.034279,-0.997180
42.434,True,-0.025331,1.117428,-0.000508,0.065511,-0.008213,0.035637,-0.997182,True,0.040706,1.109736,-0.002745,0.066102,0.007860,0.033911,-0.997206
42.445,True,-0.025294,1.117372,-0.000499,0.064891,-0.008153,0.035484,-0.997228,True,0.040745,1.109700,-0.002741,0.065480,0.007920,0.033761,-0.997251
42.456,True,-0.025355,1.117303,-0.000587,0.065299,-0.007561,0.035506,-0.997205,True,0.040682,1.109620,-0.002820,0.065889,0.008511,0.033783,-0.997219
42.467,True,-0.025306,1.117312,-0.000539,0.064444,-0.008029,0.035839,-0.997245,True,0.039207,1.114626,-0.001610,0.065038,0.008042,0.034115,-0.997267
42.478,True,-0.025274,1.117302,-0.000508,0.064165,-0.008265,0.036088,-0.997252,True,0.039238,1.114585,-0.001597,0.064764,0.007806,0.034366,-0.997278
42.489,True,-0.025278,1.117261,-0.000525,0.064080,-0.008392,0.036150,-0.997255,True,0.039233,1.114534,-0.001638,0.064680,0.007679,0.034426,-0.997283
42.500,True,-0.025251,1.117229,-0.000510,0.063947,-0.008532,0.036157,-0.997262,True,0.039260,1.114500,-0.001643,0.064547,0.007538,0.034434,-0.997292
42.511,True,-0.025200,1.117181,-0.000466,0.063971,-0.008604,0.036041,-0.997264,True,0.039310,1.114463,-0.001625,0.064569,0.007466,0.034318,-0.997295
42.522,True,-0.025240,1.117135,-0.000491,0.063756,-0.008718,0.035970,-0.997279,True,0.039270,1.114428,-0.001658,0.064353,0.007352,0.034249,-0.997312
42.534,True,-0.025227,1.117132,-0.000445,0.063364,-0.008734,0.035977,-0.997304,True,0.039283,1.114424,-0.001622,0.063961,0.007336,0.034258,-0.997337
42.545,True,-0.025213,1.117142,-0.000420,0.063170,-0.008559,0.036001,-0.997317,True,0.039297,1.114429,-0.001592,0.063768,0.007511,0.034285,-0.997347
42.556,True,-0.025285,1.117090,-0.000425,0.062995,-0.008618,0.035883,-0.997331,True,0.039226,1.114391,-0.001608,0.063591,0.007452,0.034170,-0.997363
42.567,True,-0.025295,1.117040,-0.000413,0.062838,-0.008419,0.035752,-0.997348,True,0.039216,1.114357,-0.001593,0.063432,0.007651,0.034042,-0.997376
42.578,True,-0.025288,1.116997,-0.000370,0.062642,-0.008084,0.035466,-0.997373,True,0.039225,1.114344,-0.001561,0.063233,0.007985,0.033762,-0.997396
42.589,True,-0.025367,1.116943,-0.000406,0.062062,-0.008236,0.035197,-0.997418,True,0.039148,1.114330,-0.001595,0.062648,0.007834,0.033498,-0.997443
42.600,True,-0.025378,1.116894,-0.000400,0.062212,-0.007784,0.035017,-0.997418,True,0.039138,1.114300,-0.001569,0.062796,0.008286,0.033321,-0.997436
42.612,True,-0.025396,1.116848,-0.000393,0.062045,-0.007649,0.034997,-0.997430,True,0.039120,1.114258,-0.001548,0.062628,0.008422,0.033304,-0.997446
42.623,True,-0.025484,1.116803,-0.000440,0.062045,-0.007436,0.035054,-0.997430,True,0.039032,1.114205,-0.001575,0.062629,0.008636,0.033364,-0.997442
42.634,True,-0.025504,1.116760,-0.000440,0.061882,-0.007344,0.035055,-0.997441,True,0.039012,1.114165,-0.001555,0.062467,0.008728,0.033366,-0.997451
42.645,True,-0.025536,1.116714,-0.000447,0.061937,-0.007035,0.034938,-0.997444,True,0.038981,1.114133,-0.001540,0.062520,0.009037,0.033250,-0.997449
42.656,True,-0.025588,1.116685,-0.000482,0.061637,-0.006920,0.034886,-0.997465,True,0.038930,1.114115,-0.001549,0.062219,0.009152,0.033198,-0.997468
42.667,True,-0.025620,1.116679,-0.000497,0.061606,-0.006608,0.034853,-0.997470,True,0.038899,1.114114,-0.001533,0.062188,0.009463,0.033166,-0.997468
42.678,True,-0.025648,1.116688,-0.000489,0.061765,-0.006350,0.034832,-0.997463,True,0.038871,1.114125,-0.001501,0.062347,0.009721,0.033145,-0.997457
42.689,True,-0.025692,1.116703,-0.000538,0.061842,-0.006125,0.034885,-0.997457,True,0.038828,1.114134,-0.001528,0.062425,0.009946,0.033195,-0.997448
42.700,True,-0.025702,1.116736,-0.000543,0.061833,-0.005905,0.034908,-0.997458,True,0.038817,1.114163,-0.001521,0.062417,0.010165,0.033217,-0.997446
42.711,True,-0.025725,1.116765,-0.000571,0.061961,-0.005830,0.034814,-0.997454,True,0.038795,1.114204,-0.001550,0.062544,0.010239,0.033120,-0.997440
42.722,True,-0.025742,1.116794,-0.000584,0.062142,-0.005865,0.034677,-0.997448,True,0.038779,1.114249,-0.001570,0.062722,0.010204,0.032980,-0.997434
42.734,True,-0.025726,1.116840,-0.000564,0.062082,-0.005857,0.034571,-0.997455,True,0.038795,1.114306,-0.001568,0.062660,0.010211,0.032872,-0.997441
42.745,True,-0.025703,1.116877,-0.000563,0.062042,-0.005673,0.034507,-0.997461,True,0.038818,1.114350,-0.001564,0.062620,0.010394,0.032806,-0.997444
42.756,True,-0.025743,1.116886,-0.000627,0.062006,-0.005635,0.034527,-0.997463,True,0.038778,1.114354,-0.001645,0.062585,0.010431,0.032825,-0.997445
42.767,True,-0.025704,1.116898,-0.000600,0.061952,-0.005587,0.034487,-0.997468,True,0.038817,1.114369,-0.001623,0.062530,0.010479,0.032786,-0.997449
42.778,True,-0.025678,1.116903,-0.000591,0.061931,-0.005499,0.034614,-0.997465,True,0.038841,1.114355,-0.001623,0.062512,0.010566,0.032912,-0.997446
42.789,True,-0.025726,1.116880,-0.000629,0.061928,-0.005565,0.034696,-0.997462,True,0.038792,1.114319,-0.001677,0.062510,0.010500,0.032994,-0.997444
42.800,True,-0.025681,1.116906,-0.000604,0.062144,-0.005435,0.034690,-0.997449,True,0.038838,1.114343,-0.001660,0.062726,0.010630,0.032986,-0.997429
42.811,True,-0.025645,1.116935,-0.000587,0.062139,-0.005427,0.034744,-0.997448,True,0.038874,1.114364,-0.001651,0.062723,0.010636,0.033037,-0.997427
42.822,True,-0.025705,1.116948,-0.000630,0.062352,-0.005390,0.034790,-0.997433,True,0.038814,1.114370,-0.001688,0.062936,0.010673,0.033080,-0.997412
42.833,True,-0.025675,1.117000,-0.000586,0.062427,-0.005510,0.035049,-0.997419,True,0.038842,1.114390,-0.001650,0.063015,0.010552,0.033337,-0.997400
42.845,True,-0.025660,1.117025,-0.000560,0.062535,-0.005499,0.035139,-0.997409,True,0.038856,1.114402,-0.001627,0.063125,0.010563,0.033424,-0.997390
42.856,True,-0.025704,1.117030,-0.000574,0.062617,-0.005764,0.035266,-0.997398,True,0.038811,1.114391,-0.001659,0.063208,0.010298,0.033550,-0.997383
42.867,True,-0.025686,1.117033,-0.000527,0.062379,-0.005941,0.035254,-0.997412,True,0.038829,1.114394,-0.001642,0.062971,0.010120,0.033537,-0.997401
42.878,True,-0.025661,1.117022,-0.000482,0.062424,-0.006118,0.035120,-0.997413,True,0.038854,1.114398,-0.001617,0.063012,0.009944,0.033404,-0.997404
42.889,True,-0.025724,1.116950,-0.000476,0.062371,-0.006385,0.034911,-0.997422,True,0.038791,1.114355,-0.001633,0.062956,0.009678,0.033195,-0.997417
42.900,True,-0.025755,1.116893,-0.000435,0.062256,-0.006431,0.034585,-0.997440,True,0.038762,1.114339,-0.001602,0.062836,0.009632,0.032870,-0.997436
42.912,True,-0.025787,1.116876,-0.000409,0.062077,-0.006394,0.034382,-0.997459,True,0.038731,1.114351,-0.001562,0.062654,0.009669,0.032669,-0.997454
42.923,True,-0.025917,1.116797,-0.000413,0.061897,-0.006500,0.034101,-0.997479,True,0.038603,1.114310,-0.001565,0.062468,0.009564,0.032391,-0.997475
42.934,True,-0.025970,1.116676,-0.000359,0.061894,-0.006528,0.033701,-0.997492,True,0.038553,1.114242,-0.001504,0.062460,0.009537,0.031993,-0.997489
42.945,True,-0.026021,1.116597,-0.000294,0.061997,-0.006426,0.033333,-0.997499,True,0.038504,1.114212,-0.001430,0.062556,0.009639,0.031626,-0.997494
42.956,True,-0.026132,1.116579,-0.000316,0.062065,-0.006116,0.033061,-0.997506,True,0.038394,1.114227,-0.001434,0.062620,0.009950,0.031356,-0.997495
42.967,True,-0.026176,1.116656,-0.000236,0.062287,-0.005816,0.033198,-0.997489,True,0.038350,1.114284,-0.001339,0.062845,0.010249,0.031492,-0.997474
42.978,True,-0.026224,1.116697,-0.000171,0.062207,-0.005753,0.033327,-0.997490,True,0.038301,1.114310,-0.001262,0.062767,0.010312,0.031621,-0.997474
42.989,True,-0.026340,1.116709,-0.000147,0.062203,-0.005528,0.033532,-0.997485,True,0.038184,1.114296,-0.001215,0.062766,0.010537,0.031826,-0.997465
43.004,True,-0.026430,1.116748,-0.000070,0.062296,-0.005393,0.033633,-0.997476,True,0.038095,1.114323,-0.001119,0.062861,0.010672,0.031927,-0.997454
43.015,True,-0.026498,1.116731,-0.000009,0.062135,-0.005331,0.033478,-0.997492,True,0.038027,1.114327,-0.001048,0.062698,0.010734,0.031775,-0.997469
43.027,True,-0.026650,1.116626,-0.000082,0.061839,-0.005011,0.033250,-0.997520,True,0.037877,1.114255,-0.001078,0.062398,0.011056,0.031552,-0.997491
43.037,True,-0.026661,1.116587,-0.000041,0.061533,-0.004890,0.033308,-0.997537,True,0.037866,1.114210,-0.001019,0.062093,0.011176,0.031612,-0.997507
43.048,True,-0.026737,1.116508,-0.000061,0.061264,-0.004744,0.033378,-0.997552,True,0.037790,1.114125,-0.001017,0.061826,0.011323,0.031686,-0.997520
43.059,True,-0.026835,1.116402,-0.000047,0.060995,-0.004807,0.033536,-0.997563,True,0.037692,1.114000,-0.001001,0.061559,0.011260,0.031847,-0.997532
43.071,True,-0.026864,1.116354,-0.000011,0.060778,-0.004917,0.033613,-0.997573,True,0.037663,1.113945,-0.000963,0.061343,0.011151,0.031926,-0.997544
43.082,True,-0.026938,1.116290,-0.000037,0.060543,-0.005022,0.033443,-0.997593,True,0.037589,1.113904,-0.000988,0.061106,0.011045,0.031757,-0.997565
43.093,True,-0.027012,1.116236,-0.000025,0.060354,-0.005071,0.033201,-0.997612,True,0.037517,1.113883,-0.000978,0.060912,0.010997,0.031517,-0.997585
43.104,True,-0.027029,1.116214,0.000014,0.060374,-0.005017,0.032963,-0.997619,True,0.037500,1.113894,-0.000919,0.060928,0.011051,0.031279,-0.997591
43.115,True,-0.027073,1.116197,0.000041,0.060450,-0.004882,0.032798,-0.997620,True,0.037457,1.113900,-0.000876,0.061001,0.011187,0.031113,-0.997590
43.126,True,-0.027162,1.116250,-0.000036,0.060617,-0.004720,0.032828,-0.997610,True,0.037369,1.113949,-0.000934,0.061169,0.011348,0.031140,-0.997577
43.137,True,-0.027194,1.116274,-0.000014,0.060509,-0.004822,0.032801,-0.997617,True,0.037338,1.113980,-0.000902,0.061061,0.011247,0.031114,-0.997586
43.148,True,-0.027260,1.116260,-0.000041,0.060539,-0.004852,0.032807,-0.997615,True,0.037272,1.113966,-0.000925,0.061091,0.011216,0.031120,-0.997584
43.159,True,-0.027283,1.116247,-0.000051,0.060428,-0.004711,0.032654,-0.997627,True,0.037249,1.113974,-0.000918,0.060978,0.011358,0.030968,-0.997594
43.171,True,-0.027274,1.116276,-0.000027,0.060200,-0.004535,0.032507,-0.997647,True,0.037259,1.114021,-0.000894,0.060747,0.011533,0.030821,-0.997611
43.182,True,-0.027337,1.116292,-0.000066,0.060217,-0.004574,0.032410,-0.997649,True,0.037196,1.114050,-0.000927,0.060762,0.011494,0.030723,-0.997613
43.193,True,-0.027347,1.116334,-0.000045,0.060313,-0.004690,0.032514,-0.997639,True,0.037186,1.114079,-0.000917,0.060860,0.011378,0.030825,-0.997605
43.204,True,-0.027286,1.116389,-0.000006,0.060534,-0.004810,0.032713,-0.997618,True,0.037246,1.114105,-0.000903,0.061084,0.011257,0.031019,-0.997587
43.215,True,-0.027284,1.116417,-0.000026,0.060674,-0.005096,0.032727,-0.997608,True,0.037247,1.114129,-0.000961,0.061224,0.010970,0.031029,-0.997581
43.226,True,-0.027208,1.116441,-0.000007,0.060635,-0.005416,0.032688,-0.997610,True,0.037322,1.114155,-0.000992,0.061185,0.010650,0.030988,-0.997589
43.237,True,-0.027114,1.116442,0.000019,0.060589,-0.005627,0.032553,-0.997616,True,0.037416,1.114169,-0.001007,0.061136,0.010437,0.030852,-0.997598
43.249,True,-0.027111,1.116429,-0.000032,0.060616,-0.005738,0.032422,-0.997618,True,0.037419,1.114171,-0.001086,0.061162,0.010326,0.030719,-0.997602
43.259,True,-0.027038,1.116458,-0.000020,0.060737,-0.005867,0.032488,-0.997608,True,0.037491,1.114188,-0.001102,0.061284,0.010196,0.030782,-0.997594
43.270,True,-0.026946,1.116516,0.000010,0.060620,-0.006238,0.032615,-0.997608,True,0.037582,1.114228,-0.001114,0.061169,0.009824,0.030907,-0.997600
43.282,True,-0.026896,1.116554,-0.000042,0.060599,-0.006720,0.032730,-0.997603,True,0.037630,1.114249,-0.001220,0.061149,0.009342,0.031020,-0.997603
43.293,True,-0.026764,1.116568,-0.000004,0.060674,-0.007298,0.032724,-0.997594,True,0.037761,1.114259,-0.001258,0.061224,0.008764,0.031012,-0.997604
43.304,True,-0.026592,1.116597,0.000044,0.060748,-0.007882,0.032694,-0.997586,True,0.037931,1.114285,-0.001299,0.061297,0.008179,0.030981,-0.997605
43.315,True,-0.026453,1.116634,0.000029,0.060848,-0.008833,0.032807,-0.997569,True,0.038066,1.114301,-0.001427,0.061398,0.007228,0.031092,-0.997603
43.326,True,-0.026286,1.116654,0.000078,0.061079,-0.009526,0.032801,-0.997548,True,0.038231,1.114317,-0.001466,0.061629,0.006535,0.031084,-0.997594
43.337,True,-0.026126,1.116672,0.000123,0.061323,-0.009970,0.032854,-0.997527,True,0.038389,1.114320,-0.001496,0.061872,0.006091,0.031134,-0.997580
43.348,True,-0.026075,1.116650,0.000103,0.061397,-0.010363,0.032865,-0.997518,True,0.038438,1.114291,-0.001584,0.061947,0.005697,0.031145,-0.997577
43.359,True,-0.025960,1.116643,0.000136,0.061313,-0.010799,0.032989,-0.997515,True,0.038551,1.114266,-0.001596,0.061865,0.005262,0.031269,-0.997581
43.371,True,-0.025841,1.116635,0.000170,0.061373,-0.010904,0.033095,-0.997507,True,0.038668,1.114237,-0.001612,0.061926,0.005155,0.031377,-0.997574
43.382,True,-0.025795,1.116615,0.000140,0.061315,-0.011341,0.033337,-0.997497,True,0.038711,1.114183,-0.001693,0.061872,0.004719,0.031619,-0.997572
43.393,True,-0.025683,1.116597,0.000171,0.061185,-0.011649,0.033479,-0.997497,True,0.038822,1.114144,-0.001699,0.061744,0.004411,0.031763,-0.997577
43.404,True,-0.025595,1.116571,0.000205,0.061373,-0.011473,0.033587,-0.997484,True,0.038908,1.114096,-0.001699,0.061934,0.004586,0.031873,-0.997561
43.415,True,-0.025598,1.116526,0.000168,0.061419,-0.011433,0.033778,-0.997475,True,0.038903,1.114024,-0.001739,0.061984,0.004626,0.032065,-0.997551
43.426,True,-0.025585,1.116499,0.000193,0.061243,-0.011322,0.034126,-0.997475,True,0.038915,1.113953,-0.001704,0.061813,0.004737,0.032416,-0.997550
43.437,True,-0.025551,1.116463,0.000209,0.061105,-0.011064,0.034420,-0.997476,True,0.038948,1.113877,-0.001680,0.061681,0.004994,0.032713,-0.997547
43.449,True,-0.025564,1.116396,0.000181,0.060914,-0.011229,0.034702,-0.997476,True,0.038933,1.113773,-0.001723,0.061494,0.004830,0.032998,-0.997550
43.459,True,-0.025483,1.116312,0.000210,0.060743,-0.011471,0.034829,-0.997480,True,0.039012,1.113668,-0.001740,0.061325,0.004588,0.033129,-0.997557
43.471,True,-0.025365,1.116241,0.000252,0.060514,-0.012161,0.034893,-0.997483,True,0.040391,1.110045,-0.002632,0.061097,0.003899,0.033196,-0.997572
43.482,True,-0.025285,1.116220,0.000235,0.060257,-0.012670,0.034884,-0.997493,True,0.040468,1.110020,-0.002728,0.060839,0.003390,0.033191,-0.997590
43.493,True,-0.025151,1.116203,0.000281,0.060136,-0.013251,0.034723,-0.997498,True,0.040600,1.110021,-0.002760,0.060715,0.002809,0.033032,-0.997605
43.504,True,-0.025075,1.116128,0.000329,0.060364,-0.013453,0.034442,-0.997491,True,0.040676,1.109978,-0.002757,0.060938,0.002607,0.032752,-0.997601
43.515,True,-0.025073,1.116089,0.000313,0.060440,-0.013480,0.034350,-0.997490,True,0.040679,1.109950,-0.002776,0.061013,0.002581,0.032659,-0.997599
43.526,True,-0.025048,1.116140,0.000357,0.060418,-0.013558,0.034506,-0.997484,True,0.040703,1.109981,-0.002734,0.060993,0.002503,0.032814,-0.997596
43.537,True,-0.024995,1.116209,0.000379,0.060566,-0.013738,0.034812,-0.997462,True,0.040751,1.110011,-0.002713,0.061146,0.002322,0.033118,-0.997577
43.548,True,-0.025004,1.116234,0.000393,0.060734,-0.013804,0.035119,-0.997441,True,0.040737,1.109991,-0.002724,0.061319,0.002256,0.033426,-0.997556
43.559,True,-0.024936,1.116259,0.000451,0.060662,-0.014028,0.035341,-0.997434,True,0.040800,1.109984,-0.002706,0.061251,0.002032,0.033649,-0.997553
43.570,True,-0.024878,1.116315,0.000490,0.060617,-0.014188,0.035406,-0.997432,True,0.040856,1.110028,-0.002700,0.061207,0.001872,0.033715,-0.997554
43.581,True,-0.024895,1.116364,0.000487,0.060495,-0.014389,0.035246,-0.997442,True,0.040839,1.110097,-0.002732,0.061082,0.001671,0.033556,-0.997567
43.593,True,-0.024894,1.116361,0.000512,0.060693,-0.014094,0.035017,-0.997443,True,0.040843,1.110121,-0.002695,0.061277,0.001966,0.033326,-0.997562
43.604,True,-0.024933,1.116325,0.000522,0.060709,-0.013846,0.034765,-0.997454,True,0.040810,1.110122,-0.002646,0.061288,0.002215,0.033074,-0.997570
43.615,True,-0.025039,1.116290,0.000476,0.060617,-0.013517,0.034736,-0.997465,True,0.040707,1.110094,-0.002645,0.061196,0.002544,0.033046,-0.997575
43.626,True,-0.025079,1.116254,0.000478,0.060418,-0.013336,0.034840,-0.997476,True,0.040666,1.110047,-0.002619,0.060999,0.002724,0.033151,-0.997584
43.637,True,-0.025094,1.116215,0.000477,0.060381,-0.013264,0.034897,-0.997477,True,0.040652,1.110001,-0.002610,0.060963,0.002796,0.033208,-0.997584
43.648,True,-0.025141,1.116171,0.000433,0.060303,-0.013342,0.034719,-0.997487,True,0.040606,1.109981,-0.002667,0.060882,0.002718,0.033032,-0.997595
43.659,True,-0.025151,1.116135,0.000439,0.060258,-0.013349,0.034431,-0.997500,True,0.040599,1.109981,-0.002672,0.060832,0.002712,0.032745,-0.997607
43.670,True,-0.025160,1.116110,0.000444,0.060411,-0.013229,0.034118,-0.997503,True,0.040595,1.109998,-0.002654,0.060981,0.002831,0.032430,-0.997608
43.681,True,-0.025226,1.116130,0.000382,0.060655,-0.012659,0.033857,-0.997504,True,0.040533,1.110049,-0.002676,0.061221,0.003401,0.032167,-0.997600
43.692,True,-0.025270,1.116171,0.000370,0.060683,-0.012459,0.033919,-0.997503,True,0.040490,1.110086,-0.002647,0.061250,0.003601,0.032228,-0.997596
43.704,True,-0.025320,1.116212,0.000371,0.060853,-0.012116,0.033937,-0.997496,True,0.040443,1.110125,-0.002607,0.061421,0.003944,0.032243,-0.997583
43.715,True,-0.025402,1.116231,0.000306,0.060977,-0.011834,0.034003,-0.997490,True,0.040361,1.110137,-0.002636,0.061546,0.004226,0.032309,-0.997572
43.726,True,-0.025435,1.116216,0.000311,0.060947,-0.011658,0.033831,-0.997499,True,0.040330,1.110144,-0.002620,0.061513,0.004402,0.032139,-0.997579
43.737,True,-0.025442,1.116213,0.000306,0.060934,-0.011390,0.033651,-0.997509,True,0.040328,1.110167,-0.002595,0.061497,0.004670,0.031960,-0.997585
43.748,True,-0.025514,1.116189,0.000247,0.060822,-0.011223,0.033434,-0.997525,True,0.040259,1.110173,-0.002637,0.061382,0.004838,0.031747,-0.997598
43.759,True,-0.025543,1.116155,0.000229,0.061060,-0.011190,0.033337,-0.997515,True,0.040232,1.110154,-0.002630,0.061618,0.004871,0.031647,-0.997586
43.770,True,-0.025573,1.116140,0.000242,0.061006,-0.010846,0.033505,-0.997516,True,0.040203,1.110120,-0.002572,0.061567,0.005216,0.031819,-0.997582
43.781,True,-0.025599,1.116129,0.000257,0.061022,-0.010828,0.033615,-0.997511,True,0.040176,1.110097,-0.002538,0.061585,0.005235,0.031931,-0.997577
43.793,True,-0.025651,1.116118,0.000200,0.062667,-0.012392,0.033751,-0.997387,True,0.040125,1.110085,-0.002582,0.063228,0.003679,0.032066,-0.997477
43.804,True,-0.025628,1.116095,0.000215,0.064781,-0.014978,0.033892,-0.997211,True,0.040148,1.110071,-0.002565,0.065339,0.001105,0.032207,-0.997343
43.815,True,-0.025617,1.116080,0.000152,0.067246,-0.020118,0.034237,-0.996946,True,0.040161,1.110070,-0.002624,0.067799,-0.004018,0.032555,-0.997160
43.826,True,-0.025564,1.116086,0.000167,0.069041,-0.026601,0.034793,-0.996652,True,0.040214,1.110080,-0.002632,0.069592,-0.010488,0.033113,-0.996971
43.837,True,-0.025496,1.116099,0.000189,0.070449,-0.038071,0.035843,-0.996144,True,0.040281,1.110098,-0.002643,0.070999,-0.021953,0.034168,-0.996649
43.848,True,-0.025493,1.116126,0.000104,0.070995,-0.039842,0.036072,-0.996028,True,0.040282,1.110115,-0.002736,0.071547,-0.023724,0.034398,-0.996562
43.860,True,-0.025438,1.116143,0.000126,0.070829,-0.038972,0.035919,-0.996079,True,0.040335,1.110130,-0.002775,0.071381,-0.022853,0.034245,-0.996599
43.871,True,-0.025328,1.116180,0.000137,0.071740,-0.037801,0.035801,-0.996064,True,0.040443,1.110160,-0.002777,0.072292,-0.021680,0.034128,-0.996564
43.882,True,-0.025324,1.116198,0.000082,0.072411,-0.035295,0.035503,-0.996118,True,0.040446,1.110176,-0.002855,0.072962,-0.019173,0.033827,-0.996576
43.893,True,-0.025249,1.116229,0.000090,0.071354,-0.032864,0.035343,-0.996283,True,0.040519,1.110196,-0.002875,0.071906,-0.016745,0.033663,-0.996703
43.904,True,-0.025177,1.116274,0.000096,0.068053,-0.023156,0.034563,-0.996814,True,0.040589,1.110224,-0.002886,0.068607,-0.007053,0.032876,-0.997077
43.915,True,-0.025176,1.116328,0.000042,0.068923,-0.024116,0.034818,-0.996723,True,0.040586,1.110251,-0.002954,0.069480,-0.008011,0.033128,-0.997001
43.926,True,-0.025127,1.116359,0.000049,0.068639,-0.021890,0.034588,-0.996802,True,0.040635,1.110280,-0.002962,0.069196,-0.005791,0.032893,-0.997044
43.937,True,-0.025079,1.116407,0.000046,0.068187,-0.018240,0.034364,-0.996914,True,0.040681,1.110310,-0.002958,0.068747,-0.002151,0.032664,-0.997097
43.948,True,-0.025120,1.116407,-0.000032,0.068184,-0.017125,0.034263,-0.996937,True,0.040640,1.110309,-0.003031,0.068745,-0.001039,0.032561,-0.997102
43.960,True,-0.025109,1.116419,-0.000031,0.068338,-0.016988,0.034320,-0.996927,True,0.040650,1.110312,-0.003028,0.068899,-0.000903,0.032616,-0.997090
43.971,True,-0.025107,1.116427,-0.000040,0.068421,-0.016989,0.034349,-0.996920,True,0.040652,1.110315,-0.003036,0.068983,-0.000904,0.032643,-0.997083
43.982,True,-0.025099,1.115841,-0.000575,0.068253,-0.015445,0.034387,-0.996956,True,0.040646,1.110275,-0.003060,0.068818,0.000636,0.032682,-0.997094
43.993,True,-0.025086,1.115849,-0.000599,0.068216,-0.015213,0.034549,-0.996956,True,0.040658,1.110260,-0.003079,0.068784,0.000867,0.032843,-0.997090
44.004,True,-0.025081,1.115878,-0.000582,0.068027,-0.014716,0.034644,-0.996973,True,0.040661,1.110268,-0.003069,0.068598,0.001362,0.032939,-0.997100
44.015,True,-0.025079,1.115887,-0.000573,0.067948,-0.014270,0.034575,-0.996988,True,0.040663,1.110281,-0.003064,0.068519,0.001807,0.032868,-0.997107
44.026,True,-0.025157,1.115897,-0.000622,0.067895,-0.013945,0.034497,-0.996998,True,0.040587,1.110299,-0.003096,0.068464,0.002131,0.032792,-0.997112
44.037,True,-0.025173,1.115882,-0.000630,0.067933,-0.013299,0.034395,-0.997008,True,0.040572,1.110291,-0.003091,0.068502,0.002775,0.032690,-0.997111
44.048,True,-0.025230,1.115833,-0.000678,0.067941,-0.013574,0.034264,-0.997008,True,0.040517,1.110264,-0.003135,0.068507,0.002502,0.032560,-0.997116
44.059,True,-0.025249,1.115783,-0.000692,0.067912,-0.013689,0.034097,-0.997015,True,0.040499,1.110239,-0.003146,0.068475,0.002387,0.032394,-0.997124
44.071,True,-0.025257,1.115777,-0.000696,0.067820,-0.013450,0.033951,-0.997029,True,0.040494,1.110251,-0.003141,0.068381,0.002627,0.032250,-0.997134
44.082,True,-0.025322,1.115780,-0.000751,0.067930,-0.013385,0.033861,-0.997026,True,0.040430,1.110265,-0.003190,0.068489,0.002692,0.032161,-0.997130
44.093,True,-0.025333,1.115723,-0.000744,0.068118,-0.013239,0.033686,-0.997021,True,0.040420,1.110229,-0.003180,0.068675,0.002838,0.031985,-0.997122
44.104,True,-0.025337,1.115697,-0.000722,0.068263,-0.012611,0.033474,-0.997026,True,0.040419,1.110225,-0.003142,0.068817,0.003464,0.031771,-0.997117
44.115,True,-0.025393,1.115749,-0.000743,0.068328,-0.012226,0.033353,-0.997030,True,0.040365,1.110290,-0.003145,0.068881,0.003848,0.031647,-0.997115
44.126,True,-0.025415,1.115867,-0.000731,0.068424,-0.011984,0.033591,-0.997019,True,0.040341,1.110378,-0.003104,0.068981,0.004089,0.031883,-0.997100
44.137,True,-0.025420,1.115930,-0.000707,0.068722,-0.011573,0.033885,-0.996993,True,0.040333,1.110398,-0.003057,0.069285,0.004499,0.032174,-0.997068
44.148,True,-0.025485,1.115959,-0.000726,0.068815,-0.011293,0.034100,-0.996983,True,0.040266,1.110396,-0.003068,0.069381,0.004779,0.032389,-0.997053
44.160,True,-0.025491,1.116027,-0.000702,0.068868,-0.011147,0.034329,-0.996973,True,0.040258,1.110431,-0.003043,0.069437,0.004924,0.032618,-0.997041
44.171,True,-0.025485,1.116050,-0.000672,0.068891,-0.010954,0.034187,-0.996978,True,0.040264,1.110469,-0.003024,0.069459,0.005116,0.032477,-0.997043
44.182,True,-0.025512,1.116015,-0.000705,0.068713,-0.010876,0.033975,-0.996999,True,0.040239,1.110461,-0.003064,0.069278,0.005195,0.032267,-0.997062
44.193,True,-0.025505,1.115966,-0.000683,0.068548,-0.010868,0.033707,-0.997019,True,0.040248,1.110445,-0.003057,0.069108,0.005202,0.032002,-0.997082
44.204,True,-0.025500,1.115933,-0.000665,0.068518,-0.010565,0.033633,-0.997027,True,0.040254,1.110418,-0.003040,0.069077,0.005504,0.031929,-0.997085
44.215,True,-0.025571,1.115879,-0.000728,0.068247,-0.010457,0.033743,-0.997043,True,0.040182,1.110350,-0.003097,0.068809,0.005612,0.032042,-0.997099
44.226,True,-0.025569,1.115800,-0.000700,0.067847,-0.010499,0.033716,-0.997071,True,0.040184,1.110275,-0.003081,0.068408,0.005570,0.032017,-0.997128
44.237,True,-0.025573,1.115731,-0.000685,0.067207,-0.010350,0.033650,-0.997118,True,0.040017,1.110728,-0.002963,0.067769,0.005718,0.031955,-0.997173
44.248,True,-0.025630,1.115655,-0.000739,0.067030,-0.010214,0.033374,-0.997140,True,0.039963,1.110690,-0.003011,0.067587,0.005854,0.031680,-0.997193
44.259,True,-0.025644,1.115612,-0.000722,0.066988,-0.010145,0.033191,-0.997150,True,0.039951,1.110671,-0.002987,0.067542,0.005923,0.031498,-0.997202
44.271,True,-0.025666,1.115605,-0.000713,0.067093,-0.009641,0.033042,-0.997153,True,0.039931,1.110680,-0.002956,0.067645,0.006425,0.031347,-0.997196
44.282,True,-0.025751,1.115645,-0.000747,0.067290,-0.009367,0.033086,-0.997141,True,0.039846,1.110714,-0.002965,0.067843,0.006699,0.031389,-0.997180
44.293,True,-0.025778,1.115689,-0.000749,0.067423,-0.009148,0.033125,-0.997133,True,0.039820,1.110754,-0.002935,0.067977,0.006918,0.031426,-0.997168
44.304,True,-0.025795,1.115738,-0.000718,0.067438,-0.008921,0.033215,-0.997131,True,0.039802,1.110789,-0.002898,0.067994,0.007144,0.031515,-0.997162
44.315,True,-0.025853,1.115715,-0.000775,0.067399,-0.008743,0.033038,-0.997141,True,0.039746,1.110790,-0.002945,0.067952,0.007322,0.031337,-0.997170
44.326,True,-0.025863,1.115723,-0.000769,0.067345,-0.008589,0.032874,-0.997151,True,0.039738,1.110818,-0.002929,0.067895,0.007475,0.031174,-0.997177
44.337,True,-0.025872,1.115744,-0.000750,0.067316,-0.008480,0.032703,-0.997160,True,0.039731,1.110863,-0.002900,0.067865,0.007585,0.031005,-0.997184
44.348,True,-0.025920,1.115737,-0.000805,0.067420,-0.008308,0.032574,-0.997158,True,0.039685,1.110872,-0.002944,0.067966,0.007756,0.030874,-0.997180
44.360,True,-0.025950,1.115741,-0.000811,0.067580,-0.007974,0.032642,-0.997148,True,0.039654,1.110865,-0.002930,0.068128,0.008090,0.030940,-0.997164
44.371,True,-0.025959,1.115756,-0.000812,0.067600,-0.007711,0.032784,-0.997144,True,0.039645,1.110861,-0.002914,0.068150,0.008352,0.031082,-0.997156
44.382,True,-0.026008,1.115739,-0.000867,0.067608,-0.007470,0.032782,-0.997145,True,0.039595,1.110841,-0.002966,0.068159,0.008592,0.031080,-0.997153
44.393,True,-0.026012,1.115719,-0.000881,0.067557,-0.007504,0.032667,-0.997152,True,0.039593,1.110838,-0.002973,0.068106,0.008558,0.030965,-0.997161
44.404,True,-0.026001,1.115720,-0.000893,0.067520,-0.007305,0.032579,-0.997159,True,0.039606,1.110850,-0.002968,0.068067,0.008758,0.030877,-0.997164
44.415,True,-0.026050,1.115738,-0.000939,0.067546,-0.007173,0.032559,-0.997159,True,0.039557,1.110870,-0.003014,0.068093,0.008888,0.030856,-0.997162
44.426,True,-0.026052,1.115776,-0.000942,0.067546,-0.007330,0.032585,-0.997157,True,0.039554,1.110906,-0.003017,0.068093,0.008732,0.030879,-0.997163
44.437,True,-0.026038,1.115857,-0.000923,0.064699,-0.014140,0.033476,-0.997243,True,0.039567,1.110974,-0.003005,0.065251,0.001938,0.031770,-0.997361
44.448,True,-0.026062,1.115882,-0.000983,0.061754,-0.019243,0.034035,-0.997325,True,0.039544,1.111007,-0.003073,0.062306,-0.003160,0.032326,-0.997529
44.459,True,-0.026027,1.115930,-0.000977,0.060098,-0.022729,0.034357,-0.997342,True,0.039579,1.111068,-0.003071,0.060648,-0.006644,0.032647,-0.997603
44.470,True,-0.025992,1.115973,-0.000967,0.059128,-0.024391,0.034590,-0.997353,True,0.039613,1.111105,-0.003073,0.059679,-0.008306,0.032878,-0.997642
44.482,True,-0.026032,1.116003,-0.001019,0.058460,-0.025318,0.034785,-0.997362,True,0.039572,1.111123,-0.003134,0.059011,-0.009234,0.033071,-0.997667
44.493,True,-0.025995,1.116010,-0.001023,0.058824,-0.025739,0.034853,-0.997328,True,0.039609,1.111125,-0.003147,0.059375,-0.009654,0.033137,-0.997639
44.504,True,-0.025968,1.116027,-0.001012,0.059736,-0.027518,0.035101,-0.997217,True,0.039634,1.111127,-0.003154,0.060288,-0.011430,0.033384,-0.997557
44.515,True,-0.026002,1.116018,-0.001074,0.059584,-0.028226,0.035214,-0.997203,True,0.039600,1.111114,-0.003220,0.060136,-0.012139,0.033497,-0.997554
44.526,True,-0.025974,1.116034,-0.001063,0.060633,-0.026943,0.035157,-0.997177,True,0.039626,1.111112,-0.003223,0.061188,-0.010854,0.033438,-0.997507
44.537,True,-0.025949,1.116012,-0.001067,0.060895,-0.026101,0.035063,-0.997187,True,0.039650,1.111090,-0.003229,0.061450,-0.010013,0.033344,-0.997503
44.548,True,-0.025973,1.116007,-0.001129,0.060627,-0.026527,0.035229,-0.997186,True,0.039625,1.111069,-0.003293,0.061183,-0.010439,0.033512,-0.997509
44.559,True,-0.025965,1.116000,-0.001143,0.060798,-0.025912,0.035159,-0.997194,True,0.039634,1.111061,-0.003313,0.061355,-0.009824,0.033442,-0.997507
44.570,True,-0.025949,1.116002,-0.001140,0.060343,-0.025786,0.035121,-0.997226,True,0.039649,1.111067,-0.003313,0.060900,-0.009699,0.033405,-0.997538
44.582,True,-0.025998,1.116018,-0.001197,0.060177,-0.025598,0.035068,-0.997243,True,0.039602,1.111090,-0.003359,0.060733,-0.009512,0.033352,-0.997551
44.593,True,-0.026001,1.116059,-0.001217,0.059766,-0.025153,0.035144,-0.997277,True,0.039598,1.111119,-0.003366,0.060323,-0.009067,0.033429,-0.997578
44.604,True,-0.025979,1.116068,-0.001208,0.059747,-0.025555,0.035321,-0.997261,True,0.039619,1.111112,-0.003351,0.060307,-0.009469,0.033605,-0.997569
44.615,True,-0.026025,1.116069,-0.001255,0.059650,-0.026093,0.035579,-0.997244,True,0.039571,1.111086,-0.003394,0.060212,-0.010007,0.033863,-0.997561
44.626,True,-0.026018,1.116073,-0.001269,0.059547,-0.025757,0.035778,-0.997252,True,0.039576,1.111061,-0.003405,0.060114,-0.009671,0.034062,-0.997563
44.637,True,-0.026003,1.116053,-0.001266,0.059377,-0.025951,0.035784,-0.997257,True,0.039590,1.111041,-0.003416,0.059943,-0.009866,0.034069,-0.997572
44.648,True,-0.026036,1.116036,-0.001333,0.058890,-0.025835,0.035740,-0.997290,True,0.039558,1.111030,-0.003488,0.059456,-0.009751,0.034026,-0.997603
44.659,True,-0.026028,1.116016,-0.001342,0.058967,-0.026011,0.035634,-0.997285,True,0.039567,1.111024,-0.003506,0.059531,-0.009927,0.033920,-0.997601
44.670,True,-0.026018,1.115991,-0.001325,0.059010,-0.026145,0.035517,-0.997283,True,0.039577,1.111014,-0.003504,0.059572,-0.010061,0.033803,-0.997601
44.682,True,-0.026044,1.115960,-0.001353,0.058828,-0.025933,0.035303,-0.997307,True,0.039552,1.111008,-0.003536,0.059388,-0.009850,0.033589,-0.997621
44.693,True,-0.026080,1.115964,-0.001389,0.058686,-0.025903,0.035170,-0.997321,True,0.039519,1.111030,-0.003573,0.059243,-0.009820,0.033455,-0.997635
44.704,True,-0.026071,1.115999,-0.001394,0.058321,-0.025926,0.035085,-0.997344,True,0.039529,1.111078,-0.003574,0.058877,-0.009843,0.033371,-0.997659
44.715,True,-0.026116,1.115971,-0.001434,0.058583,-0.026249,0.035005,-0.997323,True,0.039484,1.111063,-0.003627,0.059136,-0.010166,0.033288,-0.997643
44.726,True,-0.026109,1.115945,-0.001425,0.058520,-0.026089,0.034816,-0.997338,True,0.039492,1.111061,-0.003617,0.059070,-0.010006,0.033097,-0.997655
44.737,True,-0.026197,1.114913,-0.001694,0.058607,-0.025954,0.034674,-0.997341,True,0.039511,1.111119,-0.003584,0.059156,-0.009872,0.032952,-0.997656
44.748,True,-0.026261,1.114987,-0.001726,0.058664,-0.026134,0.034746,-0.997331,True,0.039448,1.111186,-0.003615,0.059213,-0.010052,0.033023,-0.997648
44.759,True,-0.026294,1.115072,-0.001714,0.058910,-0.026043,0.035050,-0.997308,True,0.039412,1.111231,-0.003588,0.059464,-0.009962,0.033325,-0.997624
44.770,True,-0.026300,1.115160,-0.001693,0.059016,-0.026225,0.035432,-0.997283,True,0.039404,1.111272,-0.003555,0.059576,-0.010144,0.033705,-0.997603
44.781,True,-0.026359,1.115229,-0.001739,0.058776,-0.026087,0.035581,-0.997296,True,0.039343,1.111320,-0.003602,0.059339,-0.010005,0.033855,-0.997614
44.793,True,-0.026394,1.115268,-0.001741,0.059182,-0.026436,0.035542,-0.997264,True,0.039309,1.111366,-0.003612,0.059743,-0.010353,0.033817,-0.997587
44.804,True,-0.026379,1.115222,-0.001738,0.058557,-0.026466,0.035353,-0.997307,True,0.039326,1.111351,-0.003595,0.059115,-0.010383,0.033631,-0.997631
44.815,True,-0.026451,1.115166,-0.001794,0.058193,-0.026516,0.035179,-0.997333,True,0.039256,1.111321,-0.003637,0.058748,-0.010433,0.033461,-0.997657
44.826,True,-0.026524,1.115081,-0.001812,0.057785,-0.026384,0.035076,-0.997364,True,0.039184,1.111252,-0.003635,0.058338,-0.010301,0.033362,-0.997686
44.837,True,-0.026569,1.115031,-0.001836,0.057289,-0.025664,0.035208,-0.997407,True,0.039140,1.111183,-0.003618,0.057845,-0.009582,0.033495,-0.997718
44.848,True,-0.026700,1.114939,-0.001913,0.057112,-0.025086,0.035276,-0.997429,True,0.039009,1.111084,-0.003637,0.057670,-0.009004,0.033567,-0.997731
44.859,True,-0.026815,1.114874,-0.001960,0.056843,-0.024600,0.035401,-0.997452,True,0.038896,1.111006,-0.003624,0.057404,-0.008518,0.033695,-0.997746
44.871,True,-0.026976,1.114788,-0.001987,0.057146,-0.024049,0.035241,-0.997454,True,0.038738,1.110944,-0.003571,0.057704,-0.007965,0.033536,-0.997739
44.882,True,-0.027114,1.114780,-0.002085,0.057177,-0.023428,0.035080,-0.997473,True,0.038603,1.110962,-0.003590,0.057734,-0.007345,0.033375,-0.997747
44.893,True,-0.027219,1.114779,-0.002108,0.057217,-0.023012,0.035124,-0.997478,True,0.038500,1.110960,-0.003540,0.057775,-0.006928,0.033420,-0.997746
44.904,True,-0.027297,1.114796,-0.002164,0.057350,-0.022511,0.035314,-0.997475,True,0.038422,1.110960,-0.003505,0.057911,-0.006426,0.033608,-0.997735
44.915,True,-0.027395,1.114851,-0.002288,0.057202,-0.022076,0.035801,-0.997476,True,0.038322,1.110955,-0.003571,0.057770,-0.005993,0.034094,-0.997730
44.926,True,-0.027444,1.114907,-0.002321,0.057051,-0.021731,0.036021,-0.997485,True,0.038273,1.110986,-0.003557,0.057623,-0.005648,0.034314,-0.997733
44.937,True,-0.027447,1.114941,-0.002334,0.057082,-0.021603,0.036189,-0.997480,True,0.038268,1.110997,-0.003559,0.057657,-0.005520,0.034481,-0.997726
44.948,True,-0.027503,1.115012,-0.002419,0.057246,-0.021384,0.036367,-0.997468,True,0.038212,1.111047,-0.003611,0.057824,-0.005301,0.034656,-0.997711
44.960,True,-0.027514,1.115116,-0.002461,0.057389,-0.021523,0.036466,-0.997454,True,0.038200,1.111143,-0.003638,0.057969,-0.005441,0.034751,-0.997699
44.971,True,-0.027494,1.115214,-0.002503,0.057832,-0.021427,0.036524,-0.997428,True,0.038221,1.111233,-0.003667,0.058413,-0.005346,0.034802,-0.997671
44.982,True,-0.027505,1.115283,-0.002582,0.058408,-0.021630,0.036728,-0.997383,True,0.038207,1.111277,-0.003748,0.058992,-0.005548,0.034999,-0.997629
44.993,True,-0.027455,1.115351,-0.002632,0.058742,-0.021720,0.036802,-0.997358,True,0.038257,1.111331,-0.003827,0.059327,-0.005640,0.035069,-0.997607
45.004,True,-0.027404,1.115411,-0.002684,0.058887,-0.021935,0.036839,-0.997344,True,0.038307,1.111387,-0.003900,0.059472,-0.005855,0.035101,-0.997596
45.015,True,-0.027408,1.115426,-0.002806,0.059090,-0.022100,0.036737,-0.997332,True,0.038303,1.111416,-0.004035,0.059673,-0.006020,0.034996,-0.997586
45.026,True,-0.027409,1.115431,-0.002874,0.059332,-0.022153,0.036495,-0.997325,True,0.038304,1.111452,-0.004113,0.059911,-0.006074,0.034750,-0.997580
45.037,True,-0.027396,1.115493,-0.002951,0.059294,-0.021962,0.036382,-0.997336,True,0.038318,1.111528,-0.004173,0.059872,-0.005883,0.034636,-0.997588
45.048,True,-0.027482,1.115509,-0.003074,0.059309,-0.022160,0.036308,-0.997333,True,0.038233,1.111556,-0.004308,0.059885,-0.006081,0.034560,-0.997588
45.059,True,-0.027391,1.115576,-0.003108,0.059571,-0.022452,0.036263,-0.997313,True,0.038323,1.111627,-0.004378,0.060146,-0.006374,0.034511,-0.997572
45.071,True,-0.027306,1.115631,-0.003147,0.059761,-0.022763,0.036124,-0.997299,True,0.038409,1.111698,-0.004459,0.060334,-0.006685,0.034369,-0.997564
45.082,True,-0.027298,1.115726,-0.003253,0.059852,-0.023076,0.036053,-0.997289,True,0.038416,1.111801,-0.004602,0.060423,-0.006999,0.034297,-0.997559
45.093,True,-0.027233,1.115790,-0.003279,0.060244,-0.023192,0.035973,-0.997266,True,0.038481,1.111872,-0.004648,0.060813,-0.007114,0.034213,-0.997537
45.104,True,-0.027192,1.115833,-0.003338,0.060537,-0.023354,0.036116,-0.997239,True,0.038522,1.111902,-0.004691,0.061108,-0.007277,0.034351,-0.997513
45.115,True,-0.027228,1.115873,-0.003430,0.060782,-0.023819,0.036453,-0.997201,True,0.038484,1.111906,-0.004768,0.061358,-0.007741,0.034686,-0.997483
45.126,True,-0.027206,1.115916,-0.003496,0.060864,-0.023686,0.036809,-0.997186,True,0.038504,1.111903,-0.004813,0.061445,-0.007609,0.035040,-0.997466
45.137,True,-0.027166,1.115933,-0.003522,0.061159,-0.023797,0.037079,-0.997155,True,0.038541,1.111883,-0.004848,0.061745,-0.007720,0.035310,-0.997437
45.148,True,-0.027168,1.115917,-0.003591,0.060975,-0.023818,0.037153,-0.997163,True,0.038538,1.111856,-0.004933,0.061562,-0.007741,0.035383,-0.997446
45.160,True,-0.027139,1.115933,-0.003647,0.061273,-0.023947,0.037270,-0.997138,True,0.038567,1.111861,-0.004969,0.061861,-0.007870,0.035500,-0.997422
45.170,True,-0.027162,1.115925,-0.003707,0.061227,-0.023638,0.037394,-0.997143,True,0.038544,1.111842,-0.004973,0.061817,-0.007561,0.035623,-0.997423
45.182,True,-0.027288,1.115950,-0.003868,0.061212,-0.023028,0.037771,-0.997144,True,0.038418,1.111823,-0.005043,0.061809,-0.006951,0.035999,-0.997414
45.193,True,-0.027335,1.115963,-0.003920,0.060958,-0.022701,0.038084,-0.997155,True,0.038369,1.111800,-0.005042,0.061560,-0.006625,0.036312,-0.997421
45.204,True,-0.027329,1.115982,-0.003947,0.060840,-0.022621,0.038259,-0.997158,True,0.038374,1.111796,-0.005065,0.061445,-0.006544,0.036488,-0.997422
45.215,True,-0.027350,1.116001,-0.004015,0.060572,-0.022717,0.038038,-0.997180,True,0.038354,1.111842,-0.005155,0.061174,-0.006641,0.036268,-0.997446
45.226,True,-0.027401,1.116053,-0.004066,0.060752,-0.022263,0.037672,-0.997193,True,0.038307,1.111946,-0.005149,0.061348,-0.006187,0.035899,-0.997452
45.237,True,-0.027601,1.116125,-0.004171,0.060968,-0.021130,0.037545,-0.997210,True,0.038112,1.112050,-0.005075,0.061563,-0.005054,0.035767,-0.997449
45.248,True,-0.027943,1.116180,-0.004392,0.060916,-0.019419,0.037854,-0.997236,True,0.038244,1.105813,-0.005467,0.061516,-0.003344,0.036072,-0.997448
45.260,True,-0.028264,1.116233,-0.004553,0.060844,-0.017713,0.038424,-0.997250,True,0.037918,1.105811,-0.005361,0.061454,-0.001638,0.036640,-0.997436
45.271,True,-0.028522,1.116216,-0.004724,0.060582,-0.016171,0.038902,-0.997274,True,0.037655,1.105746,-0.005308,0.061201,-0.000096,0.037120,-0.997435
45.282,True,-0.028760,1.116197,-0.004916,0.060244,-0.015231,0.039437,-0.997288,True,0.037408,1.105670,-0.005341,0.060872,0.000844,0.037659,-0.997435
45.293,True,-0.028898,1.116144,-0.005104,0.059926,-0.015081,0.039267,-0.997316,True,0.037276,1.105651,-0.005452,0.060551,0.000996,0.037496,-0.997460
45.304,True,-0.028916,1.116127,-0.005188,0.060011,-0.015140,0.039108,-0.997316,True,0.037262,1.105659,-0.005520,0.060633,0.000937,0.037337,-0.997461
45.315,True,-0.028950,1.116112,-0.005353,0.060171,-0.015218,0.038887,-0.997314,True,0.037233,1.105674,-0.005682,0.060790,0.000860,0.037116,-0.997460
45.326,True,-0.029006,1.116146,-0.005446,0.060039,-0.014979,0.038775,-0.997330,True,0.037181,1.105730,-0.005719,0.060655,0.001098,0.037002,-0.997472
45.337,True,-0.029065,1.116207,-0.005573,0.060625,-0.014322,0.038844,-0.997302,True,0.037122,1.105785,-0.005764,0.061243,0.001755,0.037066,-0.997433
45.348,True,-0.029122,1.116281,-0.005750,0.060899,-0.014473,0.038968,-0.997278,True,0.037063,1.105846,-0.005926,0.061518,0.001603,0.037184,-0.997412
45.360,True,-0.029031,1.116288,-0.005758,0.061345,-0.015118,0.038656,-0.997253,True,0.037159,1.105894,-0.005993,0.061959,0.000958,0.036865,-0.997397
45.371,True,-0.028898,1.116348,-0.005757,0.061901,-0.016566,0.038134,-0.997216,True,0.037304,1.106029,-0.006082,0.062504,-0.000491,0.036335,-0.997383
45.382,True,-0.028845,1.116478,-0.005885,0.062371,-0.017627,0.037746,-0.997183,True,0.037365,1.106215,-0.006270,0.062966,-0.001552,0.035938,-0.997367
45.393,True,-0.028787,1.116645,-0.005890,0.062829,-0.017701,0.037648,-0.997157,True,0.037426,1.106395,-0.006279,0.063422,-0.001627,0.035832,-0.997342
45.404,True,-0.028774,1.116861,-0.005953,0.063595,-0.018237,0.037955,-0.997087,True,0.037434,1.106584,-0.006303,0.064191,-0.002164,0.036128,-0.997281
45.415,True,-0.028824,1.117070,-0.006100,0.064159,-0.018046,0.038672,-0.997027,True,0.037370,1.106704,-0.006396,0.064767,-0.001974,0.036836,-0.997218
45.426,True,-0.028798,1.117214,-0.006164,0.064551,-0.018503,0.039127,-0.996975,True,0.037388,1.106795,-0.006449,0.065165,-0.002432,0.037287,-0.997175
45.437,True,-0.028689,1.117264,-0.006191,0.064774,-0.019245,0.039278,-0.996941,True,0.037494,1.106824,-0.006537,0.065389,-0.003173,0.037438,-0.997152
45.448,True,-0.028619,1.117262,-0.006304,0.064817,-0.020306,0.039281,-0.996917,True,0.037563,1.106824,-0.006730,0.065431,-0.004234,0.037441,-0.997146
45.466,True,-0.028310,1.117209,-0.006288,0.064600,-0.021450,0.039388,-0.996903,True,0.037869,1.106752,-0.006837,0.065215,-0.005379,0.037549,-0.997150
45.477,True,-0.028227,1.117158,-0.006347,0.064889,-0.021907,0.039526,-0.996869,True,0.037948,1.106681,-0.006942,0.065505,-0.005835,0.037688,-0.997123
45.488,True,-0.028124,1.117092,-0.006390,0.064790,-0.022596,0.039984,-0.996842,True,0.038042,1.106558,-0.007019,0.065412,-0.006524,0.038148,-0.997108
45.500,True,-0.028038,1.117005,-0.006395,0.063231,-0.022160,0.040283,-0.996939,True,0.038120,1.106422,-0.007060,0.063859,-0.006090,0.038451,-0.997199
45.511,True,-0.027985,1.116865,-0.006449,0.062882,-0.021861,0.040484,-0.996960,True,0.038167,1.106245,-0.007142,0.063514,-0.005791,0.038660,-0.997215
45.522,True,-0.027852,1.116769,-0.006451,0.061705,-0.021416,0.040443,-0.997045,True,0.038297,1.106137,-0.007223,0.062339,-0.005347,0.038627,-0.997293
45.533,True,-0.027714,1.116712,-0.006424,0.060530,-0.020215,0.040203,-0.997152,True,0.038434,1.106085,-0.007270,0.061163,-0.004148,0.038391,-0.997381
45.544,True,-0.027653,1.116679,-0.006438,0.060271,-0.020674,0.040065,-0.997163,True,0.038497,1.106066,-0.007350,0.060902,-0.004607,0.038258,-0.997400
45.555,True,-0.027574,1.116709,-0.006417,0.060122,-0.020794,0.040120,-0.997168,True,0.038574,1.106088,-0.007347,0.060753,-0.004726,0.038316,-0.997406
45.566,True,-0.027526,1.116732,-0.006410,0.060065,-0.020811,0.040348,-0.997162,True,0.038617,1.106080,-0.007341,0.060700,-0.004743,0.038544,-0.997400
45.577,True,-0.027513,1.116718,-0.006432,0.059803,-0.020885,0.040541,-0.997168,True,0.038626,1.106040,-0.007376,0.060442,-0.004817,0.038742,-0.997408
45.588,True,-0.027429,1.116659,-0.006405,0.059420,-0.021187,0.040562,-0.997184,True,0.038709,1.105976,-0.007394,0.060059,-0.005118,0.038769,-0.997429
45.600,True,-0.027336,1.116591,-0.006370,0.059022,-0.021599,0.040377,-0.997206,True,0.038804,1.105929,-0.007422,0.059657,-0.005530,0.038590,-0.997457
45.611,True,-0.027264,1.116515,-0.006362,0.058653,-0.021904,0.040170,-0.997229,True,0.038879,1.105878,-0.007462,0.059285,-0.005834,0.038389,-0.997486
45.622,True,-0.027214,1.116403,-0.006352,0.058334,-0.022098,0.039967,-0.997252,True,0.038933,1.105791,-0.007485,0.058963,-0.006027,0.038191,-0.997511
45.633,True,-0.027182,1.116337,-0.006335,0.058093,-0.022131,0.040022,-0.997263,True,0.038963,1.105717,-0.007475,0.058722,-0.006060,0.038250,-0.997523
45.644,True,-0.027160,1.116266,-0.006327,0.057746,-0.022008,0.040093,-0.997283,True,0.038984,1.105637,-0.007456,0.058377,-0.005936,0.038327,-0.997541
45.655,True,-0.027177,1.116234,-0.006366,0.057683,-0.022003,0.040206,-0.997282,True,0.038964,1.105591,-0.007494,0.058315,-0.005932,0.038441,-0.997540
45.666,True,-0.027138,1.116184,-0.006365,0.057495,-0.022114,0.040274,-0.997288,True,0.039002,1.105531,-0.007511,0.058129,-0.006043,0.038512,-0.997548
45.677,True,-0.027069,1.116115,-0.006370,0.057310,-0.022449,0.040051,-0.997300,True,0.039074,1.105489,-0.007565,0.057939,-0.006377,0.038292,-0.997565
45.688,True,-0.026996,1.116103,-0.006342,0.057329,-0.022729,0.039913,-0.997298,True,0.039149,1.105492,-0.007575,0.057957,-0.006657,0.038153,-0.997568
45.700,True,-0.026933,1.116159,-0.006320,0.057592,-0.014375,0.038998,-0.997475,True,0.039212,1.105548,-0.007558,0.058225,0.001687,0.037232,-0.997608
45.711,True,-0.026953,1.116227,-0.006342,0.057859,-0.012272,0.038859,-0.997493,True,0.039191,1.105608,-0.007555,0.058495,0.003785,0.037088,-0.997591
45.722,True,-0.026956,1.116328,-0.006342,0.058249,-0.012063,0.038926,-0.997470,True,0.039188,1.105700,-0.007520,0.058886,0.003994,0.037149,-0.997565
45.733,True,-0.026938,1.116406,-0.006315,0.058531,-0.010608,0.038759,-0.997477,True,0.039206,1.105780,-0.007486,0.059169,0.005446,0.036977,-0.997548
45.744,True,-0.026938,1.116452,-0.006322,0.058766,-0.009184,0.038430,-0.997490,True,0.039209,1.105845,-0.007508,0.059402,0.006865,0.036644,-0.997538
45.755,True,-0.026871,1.116480,-0.006275,0.059025,-0.010392,0.038274,-0.997468,True,0.039280,1.105906,-0.007496,0.059655,0.005660,0.036483,-0.997536
45.766,True,-0.026812,1.116533,-0.006223,0.059008,-0.011090,0.038234,-0.997463,True,0.039340,1.105967,-0.007481,0.059637,0.004962,0.036443,-0.997542
45.777,True,-0.026844,1.116548,-0.006225,0.059154,-0.010577,0.038037,-0.997468,True,0.039311,1.106001,-0.007479,0.059781,0.005474,0.036243,-0.997538
45.788,True,-0.026864,1.116571,-0.006187,0.059242,-0.009656,0.037888,-0.997478,True,0.039293,1.106034,-0.007418,0.059869,0.006393,0.036093,-0.997533
45.800,True,-0.026917,1.116576,-0.006162,0.059377,-0.008987,0.037844,-0.997478,True,0.039242,1.106042,-0.007347,0.060004,0.007061,0.036047,-0.997522
45.811,True,-0.027030,1.116552,-0.006174,0.059464,-0.008356,0.037810,-0.997479,True,0.039130,1.106020,-0.007318,0.060092,0.007691,0.036011,-0.997514
45.822,True,-0.027062,1.116542,-0.006123,0.059393,-0.007875,0.037699,-0.997492,True,0.039099,1.106021,-0.007253,0.060019,0.008171,0.035901,-0.997518
45.833,True,-0.027065,1.116535,-0.006064,0.059270,-0.007704,0.037490,-0.997508,True,0.039100,1.106038,-0.007206,0.059893,0.008342,0.035694,-0.997532
45.844,True,-0.027122,1.116509,-0.006057,0.059252,-0.007710,0.037274,-0.997517,True,0.039047,1.106039,-0.007206,0.059872,0.008336,0.035479,-0.997541
45.855,True,-0.027139,1.116484,-0.006001,0.059220,-0.007559,0.037132,-0.997526,True,0.039033,1.106032,-0.007144,0.059838,0.008486,0.035337,-0.997546
45.867,True,-0.027175,1.116456,-0.005957,0.059188,-0.007526,0.037092,-0.997529,True,0.038999,1.106012,-0.007081,0.059805,0.008520,0.035298,-0.997549
45.878,True,-0.027265,1.116445,-0.005965,0.059169,-0.007256,0.037257,-0.997526,True,0.038906,1.105980,-0.007065,0.059790,0.008790,0.035462,-0.997542
45.889,True,-0.027301,1.116424,-0.005906,0.059027,-0.007144,0.037304,-0.997534,True,0.038869,1.105952,-0.007007,0.059648,0.008901,0.035511,-0.997548
45.900,True,-0.027334,1.116367,-0.005835,0.058830,-0.007237,0.037272,-0.997546,True,0.038836,1.105899,-0.006943,0.059451,0.008809,0.035482,-0.997562
45.911,True,-0.027380,1.116295,-0.005837,0.058517,-0.007299,0.037266,-0.997564,True,0.038790,1.105827,-0.006961,0.059138,0.008748,0.035481,-0.997581
45.922,True,-0.027369,1.116181,-0.005747,0.058175,-0.007654,0.037155,-0.997585,True,0.038803,1.105727,-0.006917,0.058793,0.008393,0.035374,-0.997608
45.933,True,-0.027349,1.116087,-0.005651,0.057852,-0.007748,0.037037,-0.997608,True,0.038824,1.105646,-0.006855,0.058469,0.008299,0.035261,-0.997632
45.944,True,-0.027410,1.115996,-0.005609,0.057629,-0.007840,0.036818,-0.997628,True,0.038765,1.105580,-0.006857,0.058243,0.008207,0.035046,-0.997653
45.955,True,-0.027406,1.115975,-0.005520,0.057348,-0.007756,0.036712,-0.997649,True,0.038771,1.105570,-0.006785,0.057960,0.008291,0.034943,-0.997673
45.967,True,-0.027425,1.115960,-0.005440,0.057468,-0.007413,0.036562,-0.997650,True,0.038754,1.105569,-0.006707,0.058079,0.008632,0.034791,-0.997668
45.978,True,-0.027515,1.115913,-0.005433,0.057338,-0.007168,0.036390,-0.997666,True,0.038668,1.105542,-0.006696,0.057947,0.008877,0.034620,-0.997680
45.989,True,-0.027568,1.115845,-0.005332,0.057265,-0.006942,0.036216,-0.997678,True,0.038618,1.105496,-0.006589,0.057872,0.009102,0.034447,-0.997688
46.000,True,-0.027609,1.115819,-0.005249,0.057185,-0.006505,0.035943,-0.997695,True,0.038582,1.105503,-0.006491,0.057788,0.009539,0.034174,-0.997698
46.011,True,-0.027711,1.115840,-0.005210,0.057019,-0.005984,0.035952,-0.997708,True,0.038480,1.105518,-0.006437,0.057623,0.010059,0.034185,-0.997702
46.022,True,-0.027764,1.115838,-0.005128,0.056726,-0.005690,0.036044,-0.997723,True,0.038425,1.105502,-0.006345,0.057332,0.010352,0.034281,-0.997713
46.033,True,-0.027804,1.115855,-0.005034,0.056510,-0.005520,0.036369,-0.997724,True,0.038378,1.105474,-0.006255,0.057122,0.010522,0.034609,-0.997712
46.044,True,-0.027884,1.115863,-0.005000,0.056008,-0.005492,0.036572,-0.997745,True,0.038293,1.105455,-0.006227,0.056623,0.010549,0.034816,-0.997733
46.055,True,-0.027934,1.115867,-0.004918,0.055226,-0.005440,0.036518,-0.997791,True,0.038244,1.105467,-0.006150,0.055841,0.010600,0.034765,-0.997778
46.066,True,-0.027996,1.115844,-0.004835,0.054800,-0.005376,0.036319,-0.997822,True,0.038187,1.105471,-0.006069,0.055412,0.010664,0.034570,-0.997808
46.078,True,-0.028107,1.115778,-0.004829,0.054209,-0.004928,0.036053,-0.997867,True,0.038082,1.105439,-0.006046,0.054817,0.011111,0.034307,-0.997845
46.089,True,-0.028179,1.115697,-0.004772,0.053922,-0.004664,0.035844,-0.997891,True,0.038013,1.105384,-0.005985,0.054528,0.011374,0.034100,-0.997865
46.100,True,-0.028238,1.115626,-0.004715,0.053640,-0.004361,0.035786,-0.997909,True,0.037956,1.105318,-0.005930,0.054246,0.011676,0.034045,-0.997879
46.111,True,-0.028328,1.115533,-0.004712,0.053713,-0.008955,0.036300,-0.997856,True,0.037865,1.105220,-0.005939,0.054315,0.007097,0.034563,-0.997900
46.122,True,-0.028385,1.115427,-0.004644,0.053971,-0.030080,0.038446,-0.997349,True,0.037808,1.105122,-0.005905,0.054555,-0.014006,0.036723,-0.997737
46.133,True,-0.028420,1.115370,-0.004584,0.054078,-0.032078,0.038473,-0.997280,True,0.037776,1.105086,-0.005858,0.054658,-0.016004,0.036756,-0.997700
46.144,True,-0.028546,1.115290,-0.004573,0.054522,-0.031594,0.038093,-0.997285,True,0.037657,1.105049,-0.005841,0.055097,-0.015518,0.036377,-0.997698
46.155,True,-0.028661,1.115254,-0.004524,0.055148,-0.030095,0.037760,-0.997310,True,0.037546,1.105036,-0.005785,0.055722,-0.014017,0.036042,-0.997697
46.166,True,-0.028753,1.115241,-0.004472,0.055409,-0.028004,0.037398,-0.997370,True,0.037457,1.105044,-0.005711,0.055982,-0.011924,0.035678,-0.997723
46.177,True,-0.028869,1.115241,-0.004477,0.055642,-0.025945,0.037114,-0.997423,True,0.037343,1.105057,-0.005689,0.056215,-0.009864,0.035392,-0.997742
46.189,True,-0.028976,1.115253,-0.004437,0.055708,-0.025971,0.036967,-0.997425,True,0.037240,1.105091,-0.005636,0.056279,-0.009890,0.035246,-0.997744
46.200,True,-0.029051,1.115227,-0.004398,0.056161,-0.025300,0.036685,-0.997427,True,0.037170,1.105094,-0.005583,0.056729,-0.009218,0.034964,-0.997735
46.211,True,-0.029173,1.115190,-0.004404,0.056018,-0.025181,0.036472,-0.997446,True,0.037053,1.105086,-0.005577,0.056583,-0.009099,0.034753,-0.997751
46.222,True,-0.029250,1.115183,-0.004374,0.055660,-0.024808,0.036272,-0.997482,True,0.036979,1.105103,-0.005537,0.056222,-0.008726,0.034555,-0.997782
46.233,True,-0.029313,1.115154,-0.004346,0.055607,-0.024289,0.035950,-0.997510,True,0.036922,1.105112,-0.005495,0.056165,-0.008207,0.034233,-0.997801
46.244,True,-0.028071,1.117678,-0.003969,0.056295,-0.023632,0.035786,-0.997493,True,0.036811,1.105076,-0.005492,0.056851,-0.007547,0.034070,-0.997773
46.255,True,-0.028152,1.117653,-0.003964,0.056604,-0.023215,0.035830,-0.997484,True,0.036729,1.105043,-0.005456,0.057162,-0.007130,0.034114,-0.997756
46.266,True,-0.028240,1.117621,-0.003946,0.056854,-0.022587,0.035789,-0.997485,True,0.036641,1.105011,-0.005417,0.057413,-0.006501,0.034076,-0.997748
46.278,True,-0.028338,1.117590,-0.003954,0.056653,-0.022454,0.035758,-0.997501,True,0.036545,1.104986,-0.005407,0.057211,-0.006367,0.034047,-0.997761
46.289,True,-0.028403,1.117548,-0.003957,0.056758,-0.022117,0.035631,-0.997507,True,0.036484,1.104961,-0.005378,0.057314,-0.006030,0.033919,-0.997762
46.300,True,-0.028446,1.117568,-0.003924,0.057037,-0.021579,0.035503,-0.997507,True,0.036443,1.104991,-0.005334,0.057593,-0.005491,0.033791,-0.997753
46.311,True,-0.028512,1.117597,-0.003943,0.057760,-0.021276,0.035432,-0.997475,True,0.036379,1.105027,-0.005336,0.058316,-0.005188,0.033717,-0.997715
46.322,True,-0.028529,1.117671,-0.003909,0.058061,-0.021091,0.035610,-0.997455,True,0.036357,1.105076,-0.005287,0.058620,-0.005002,0.033895,-0.997692
46.333,True,-0.028517,1.117693,-0.003882,0.058508,-0.020597,0.035423,-0.997446,True,0.036373,1.105114,-0.005264,0.059065,-0.004508,0.033704,-0.997675
46.344,True,-0.028555,1.117693,-0.003878,0.058718,-0.020815,0.035434,-0.997428,True,0.036333,1.105112,-0.005275,0.059275,-0.004725,0.033714,-0.997661
46.355,True,-0.028549,1.117700,-0.003851,0.058773,-0.021060,0.035398,-0.997421,True,0.036341,1.105125,-0.005254,0.059329,-0.004971,0.033677,-0.997658
46.366,True,-0.028534,1.117694,-0.003824,0.058925,-0.021104,0.035409,-0.997411,True,0.036354,1.105116,-0.005240,0.059481,-0.005015,0.033687,-0.997648
46.378,True,-0.028572,1.117669,-0.003831,0.058380,-0.021502,0.035544,-0.997430,True,0.036314,1.105078,-0.005264,0.058937,-0.005414,0.033824,-0.997674
46.388,True,-0.028572,1.117649,-0.003823,0.057959,-0.021887,0.035692,-0.997441,True,0.036310,1.105043,-0.005270,0.058518,-0.005799,0.033974,-0.997691
46.400,True,-0.028559,1.117598,-0.003800,0.057281,-0.022165,0.035781,-0.997470,True,0.036321,1.104982,-0.005271,0.057841,-0.006078,0.034066,-0.997726
46.411,True,-0.028601,1.117540,-0.003820,0.056873,-0.022343,0.035772,-0.997490,True,0.036279,1.104926,-0.005311,0.057433,-0.006256,0.034058,-0.997749
46.422,True,-0.028608,1.117509,-0.003826,0.056614,-0.022476,0.035781,-0.997502,True,0.036272,1.104895,-0.005325,0.057174,-0.006390,0.034069,-0.997762
46.433,True,-0.028614,1.117470,-0.003801,0.056556,-0.022775,0.035674,-0.997502,True,0.036269,1.104872,-0.005314,0.057113,-0.006688,0.033963,-0.997768
46.444,True,-0.028615,1.117465,-0.003786,0.056619,-0.023302,0.035626,-0.997488,True,0.036270,1.104880,-0.005303,0.057175,-0.007215,0.033915,-0.997762
46.455,True,-0.028704,1.117476,-0.003819,0.056815,-0.023393,0.035517,-0.997479,True,0.036184,1.104907,-0.005331,0.057368,-0.007306,0.033805,-0.997754
46.466,True,-0.028724,1.117499,-0.003805,0.057038,-0.023692,0.035553,-0.997457,True,0.036164,1.104929,-0.005307,0.057591,-0.007604,0.033841,-0.997738
46.477,True,-0.028781,1.117494,-0.003829,0.057381,-0.023974,0.035578,-0.997430,True,0.036109,1.104927,-0.005318,0.057933,-0.007885,0.033865,-0.997715
46.488,True,-0.028807,1.117501,-0.003847,0.057600,-0.024052,0.035750,-0.997410,True,0.036078,1.104914,-0.005320,0.058155,-0.007964,0.034038,-0.997695
46.500,True,-0.028829,1.117483,-0.003838,0.057799,-0.024402,0.035803,-0.997388,True,0.036056,1.104892,-0.005317,0.058354,-0.008313,0.034093,-0.997679
46.511,True,-0.028870,1.117456,-0.003884,0.057939,-0.024402,0.035797,-0.997380,True,0.036016,1.104867,-0.005359,0.058494,-0.008312,0.034088,-0.997671
46.522,True,-0.028898,1.117431,-0.003900,0.057890,-0.024428,0.035732,-0.997384,True,0.035989,1.104850,-0.005380,0.058444,-0.008337,0.034025,-0.997676
46.533,True,-0.028911,1.117400,-0.003909,0.057885,-0.024504,0.035643,-0.997386,True,0.035979,1.104832,-0.005386,0.058438,-0.008413,0.033939,-0.997679
46.544,True,-0.028986,1.117335,-0.003948,0.058172,-0.023850,0.035350,-0.997395,True,0.035909,1.104796,-0.005424,0.058722,-0.007758,0.033646,-0.997677
46.555,True,-0.029019,1.117286,-0.003970,0.058294,-0.022114,0.035033,-0.997440,True,0.035880,1.104765,-0.005439,0.058842,-0.006021,0.033330,-0.997693
46.566,True,-0.029027,1.117267,-0.003983,0.058927,-0.020648,0.034791,-0.997442,True,0.035874,1.104759,-0.005439,0.059475,-0.004554,0.033086,-0.997671
46.577,True,-0.029085,1.117288,-0.004019,0.059406,-0.019241,0.034561,-0.997450,True,0.035819,1.104788,-0.005478,0.059953,-0.003148,0.032854,-0.997656
46.588,True,-0.029092,1.117313,-0.004029,0.060712,-0.017213,0.034190,-0.997421,True,0.035815,1.104830,-0.005490,0.061258,-0.001120,0.032479,-0.997593
46.600,True,-0.029074,1.117276,-0.004038,0.060938,-0.017135,0.033911,-0.997418,True,0.035839,1.104830,-0.005487,0.061479,-0.001042,0.032196,-0.997589
46.611,True,-0.029116,1.117267,-0.004058,0.061960,-0.015082,0.033521,-0.997402,True,0.035802,1.104841,-0.005494,0.062499,0.001011,0.031802,-0.997538
46.622,True,-0.029119,1.117355,-0.004070,0.062796,-0.013563,0.033255,-0.997380,True,0.035801,1.104943,-0.005494,0.063333,0.002528,0.031532,-0.997491
46.633,True,-0.029108,1.117483,-0.004078,0.063174,-0.013301,0.033428,-0.997354,True,0.035808,1.105045,-0.005490,0.063715,0.002789,0.031701,-0.997461
46.644,True,-0.029173,1.117528,-0.004107,0.063321,-0.013075,0.033758,-0.997336,True,0.035735,1.105046,-0.005501,0.063867,0.003015,0.032028,-0.997440
46.655,True,-0.029156,1.117595,-0.004108,0.063756,-0.012502,0.033969,-0.997309,True,0.035745,1.105077,-0.005495,0.064307,0.003588,0.032238,-0.997403
46.666,True,-0.029135,1.117700,-0.004116,0.063818,-0.012527,0.034366,-0.997291,True,0.035756,1.105130,-0.005501,0.064376,0.003562,0.032633,-0.997386
46.677,True,-0.029106,1.117781,-0.004124,0.063137,-0.012364,0.034513,-0.997331,True,0.035782,1.105191,-0.005508,0.063697,0.003723,0.032779,-0.997424
46.688,True,-0.029139,1.117754,-0.004165,0.062686,-0.012402,0.034338,-0.997365,True,0.035752,1.105187,-0.005562,0.063243,0.003683,0.032604,-0.997459
46.700,True,-0.029129,1.117734,-0.004189,0.062006,-0.012028,0.034168,-0.997418,True,0.035766,1.105187,-0.005586,0.062561,0.004056,0.032435,-0.997506
46.711,True,-0.029158,1.117707,-0.004244,0.061834,-0.012058,0.034174,-0.997428,True,0.035737,1.105158,-0.005650,0.062390,0.004026,0.032442,-0.997516
46.722,True,-0.029164,1.117673,-0.004285,0.061589,-0.012132,0.034241,-0.997440,True,0.035729,1.105116,-0.005695,0.062146,0.003951,0.032510,-0.997530
46.733,True,-0.029152,1.117648,-0.004303,0.061201,-0.011955,0.034333,-0.997463,True,0.035739,1.105078,-0.005716,0.061760,0.004128,0.032603,-0.997550
46.744,True,-0.029129,1.117617,-0.004331,0.061213,-0.011868,0.034402,-0.997461,True,0.035760,1.105038,-0.005736,0.061773,0.004214,0.032672,-0.997546
46.756,True,-0.029201,1.117590,-0.004381,0.061155,-0.011579,0.034261,-0.997473,True,0.035893,1.109440,-0.005771,0.061714,0.004503,0.032531,-0.997554
46.766,True,-0.029207,1.117571,-0.004405,0.061067,-0.011200,0.034025,-0.997491,True,0.035890,1.109450,-0.005779,0.061623,0.004881,0.032294,-0.997565
46.778,True,-0.029263,1.117567,-0.004448,0.061074,-0.010732,0.033808,-0.997503,True,0.035839,1.109472,-0.005796,0.061626,0.005347,0.032074,-0.997570
46.789,True,-0.029302,1.117590,-0.004482,0.060912,-0.010295,0.033708,-0.997521,True,0.035802,1.109509,-0.005794,0.061463,0.005784,0.031973,-0.997580
46.800,True,-0.029332,1.117627,-0.004496,0.060990,-0.010132,0.033667,-0.997519,True,0.035774,1.109553,-0.005785,0.061541,0.005947,0.031931,-0.997576
46.811,True,-0.029402,1.117632,-0.004547,0.061130,-0.009536,0.033544,-0.997520,True,0.035705,1.109570,-0.005806,0.061680,0.006543,0.031806,-0.997568
46.822,True,-0.029440,1.117620,-0.004580,0.060955,-0.009056,0.033563,-0.997535,True,0.035668,1.109555,-0.005806,0.061506,0.007023,0.031829,-0.997574
46.833,True,-0.029466,1.117577,-0.004600,0.060792,-0.008615,0.033425,-0.997554,True,0.035644,1.109527,-0.005809,0.061341,0.007462,0.031693,-0.997586
46.844,True,-0.029468,1.117558,-0.004608,0.060525,-0.008425,0.033439,-0.997571,True,0.035642,1.109507,-0.005800,0.061075,0.007653,0.031710,-0.997600
46.855,True,-0.029511,1.117483,-0.004647,0.060120,-0.008357,0.033145,-0.997606,True,0.035604,1.109472,-0.005837,0.060666,0.007721,0.031420,-0.997634
46.867,True,-0.029530,1.117429,-0.004666,0.059962,-0.008123,0.033012,-0.997622,True,0.035587,1.109435,-0.005838,0.060505,0.007955,0.031288,-0.997646
46.878,True,-0.029556,1.117396,-0.004691,0.059669,-0.008021,0.033009,-0.997640,True,0.035562,1.109404,-0.005852,0.060213,0.008056,0.031287,-0.997663
46.889,True,-0.029577,1.117376,-0.004732,0.059459,-0.007914,0.033002,-0.997654,True,0.035541,1.109387,-0.005877,0.060003,0.008164,0.031280,-0.997675
46.900,True,-0.029548,1.117365,-0.004738,0.059099,-0.007459,0.032857,-0.997683,True,0.035573,1.109392,-0.005869,0.059641,0.008617,0.031137,-0.997697
46.911,True,-0.029574,1.117332,-0.004764,0.059129,-0.007502,0.032689,-0.997687,True,0.035549,1.109382,-0.005889,0.059669,0.008575,0.030968,-0.997701
46.922,True,-0.029541,1.117375,-0.004786,0.059178,-0.007555,0.032719,-0.997683,True,0.035583,1.109424,-0.005896,0.059718,0.008521,0.030996,-0.997698
46.933,True,-0.029484,1.117406,-0.004800,0.059075,-0.007303,0.032713,-0.997691,True,0.035640,1.109455,-0.005897,0.059615,0.008772,0.030988,-0.997702
46.944,True,-0.029469,1.117469,-0.004830,0.059206,-0.007356,0.033002,-0.997673,True,0.035650,1.109478,-0.005936,0.059751,0.008719,0.031275,-0.997685
46.955,True,-0.029405,1.117502,-0.004834,0.059112,-0.007304,0.033052,-0.997677,True,0.035713,1.109503,-0.005948,0.059658,0.008770,0.031323,-0.997689
46.966,True,-0.029312,1.117550,-0.004830,0.059064,-0.007364,0.033204,-0.997675,True,0.035803,1.109530,-0.005957,0.059612,0.008709,0.031472,-0.997687
46.978,True,-0.029271,1.117589,-0.004855,0.059109,-0.007383,0.033372,-0.997666,True,0.035841,1.109545,-0.005997,0.059660,0.008689,0.031637,-0.997680
46.989,True,-0.029184,1.117643,-0.004853,0.059222,-0.007388,0.033606,-0.997652,True,0.035924,1.109565,-0.006004,0.059777,0.008683,0.031869,-0.997665
47.000,True,-0.029089,1.117702,-0.004819,0.059409,-0.007720,0.033847,-0.997630,True,0.036014,1.109591,-0.006004,0.059968,0.008350,0.032106,-0.997649
47.011,True,-0.029050,1.117733,-0.004856,0.059521,-0.007654,0.033987,-0.997619,True,0.036050,1.109601,-0.006049,0.060082,0.008415,0.032242,-0.997637
47.022,True,-0.028978,1.117776,-0.004840,0.059759,-0.007784,0.034134,-0.997599,True,0.036119,1.109621,-0.006060,0.060322,0.008285,0.032387,-0.997619
47.033,True,-0.028876,1.117810,-0.004828,0.059890,-0.007896,0.034270,-0.997585,True,0.036218,1.109636,-0.006061,0.060455,0.008173,0.032521,-0.997608
47.044,True,-0.028838,1.117827,-0.004848,0.060182,-0.008478,0.034432,-0.997557,True,0.036254,1.109635,-0.006106,0.060750,0.007591,0.032681,-0.997589
47.055,True,-0.028745,1.117855,-0.004827,0.060201,-0.008662,0.034579,-0.997550,True,0.036343,1.109643,-0.006110,0.060771,0.007407,0.032826,-0.997584
47.067,True,-0.028668,1.117860,-0.004800,0.060026,-0.008980,0.034623,-0.997556,True,0.036419,1.109642,-0.006111,0.060596,0.007089,0.032870,-0.997596
47.078,True,-0.028664,1.117862,-0.004815,0.060112,-0.009260,0.034661,-0.997547,True,0.036422,1.109639,-0.006145,0.060682,0.006809,0.032907,-0.997591
47.089,True,-0.028610,1.117870,-0.004794,0.060069,-0.009387,0.034680,-0.997548,True,0.036476,1.109644,-0.006140,0.060639,0.006681,0.032925,-0.997594
47.100,True,-0.028560,1.117895,-0.004764,0.060063,-0.009459,0.034694,-0.997547,True,0.036524,1.109666,-0.006121,0.060634,0.006610,0.032939,-0.997595
47.111,True,-0.028633,1.117901,-0.004813,0.060031,-0.009418,0.034769,-0.997546,True,0.036451,1.109663,-0.006164,0.060603,0.006651,0.033014,-0.997594
47.122,True,-0.028579,1.117886,-0.004767,0.059705,-0.009114,0.034692,-0.997571,True,0.036505,1.109653,-0.006123,0.060276,0.006953,0.032937,-0.997614
47.133,True,-0.028551,1.117869,-0.004754,0.059492,-0.009062,0.034719,-0.997584,True,0.036533,1.109634,-0.006101,0.060064,0.007004,0.032966,-0.997626
47.144,True,-0.028620,1.117840,-0.004791,0.059418,-0.009088,0.034730,-0.997588,True,0.036465,1.109607,-0.006127,0.059990,0.006979,0.032977,-0.997630
47.156,True,-0.028613,1.117837,-0.004771,0.059484,-0.009194,0.034752,-0.997582,True,0.036472,1.109604,-0.006096,0.060056,0.006874,0.033000,-0.997626
47.166,True,-0.028618,1.117822,-0.004772,0.059288,-0.008937,0.034723,-0.997597,True,0.036468,1.109594,-0.006075,0.059860,0.007131,0.032972,-0.997637
47.177,True,-0.028682,1.117824,-0.004809,0.059169,-0.008884,0.034695,-0.997605,True,0.036405,1.109601,-0.006099,0.059741,0.007183,0.032943,-0.997644
47.189,True,-0.028701,1.117801,-0.004810,0.058850,-0.008853,0.034513,-0.997631,True,0.036389,1.109605,-0.006085,0.059419,0.007213,0.032759,-0.997669
47.200,True,-0.028705,1.117784,-0.004800,0.059111,-0.008810,0.034372,-0.997621,True,0.036388,1.109605,-0.006067,0.059678,0.007255,0.032614,-0.997658
47.211,True,-0.028750,1.117808,-0.004841,0.059023,-0.008705,0.034263,-0.997631,True,0.036345,1.109646,-0.006090,0.059588,0.007361,0.032504,-0.997667
47.222,True,-0.028763,1.117840,-0.004850,0.058927,-0.008634,0.034106,-0.997642,True,0.036335,1.109700,-0.006088,0.059489,0.007431,0.032343,-0.997677
47.233,True,-0.028766,1.117884,-0.004844,0.059014,-0.008609,0.033897,-0.997644,True,0.036335,1.109771,-0.006073,0.059572,0.007455,0.032132,-0.997679
47.244,True,-0.028806,1.117866,-0.004902,0.059191,-0.008516,0.033764,-0.997639,True,0.036298,1.109772,-0.006112,0.059748,0.007548,0.031994,-0.997672
47.255,True,-0.029731,1.116075,-0.005145,0.059206,-0.008616,0.033602,-0.997643,True,0.036311,1.109795,-0.006088,0.059760,0.007447,0.031829,-0.997677
47.267,True,-0.029710,1.116153,-0.005139,0.059368,-0.008495,0.033511,-0.997637,True,0.036332,1.109886,-0.006065,0.059921,0.007568,0.031734,-0.997670
47.278,True,-0.029752,1.116259,-0.005218,0.059578,-0.008473,0.033704,-0.997619,True,0.036289,1.109970,-0.006125,0.060133,0.007589,0.031924,-0.997651
47.289,True,-0.029734,1.116328,-0.005202,0.059496,-0.008534,0.033979,-0.997614,True,0.036304,1.110004,-0.006104,0.060055,0.007528,0.032197,-0.997647
47.300,True,-0.029706,1.116394,-0.005194,0.059501,-0.008521,0.034352,-0.997601,True,0.036327,1.110021,-0.006092,0.060067,0.007540,0.032568,-0.997635
47.311,True,-0.029758,1.116454,-0.005272,0.059286,-0.008545,0.034573,-0.997606,True,0.036272,1.110051,-0.006171,0.059855,0.007516,0.032791,-0.997640
47.322,True,-0.029730,1.116488,-0.005264,0.057800,-0.006278,0.034334,-0.997718,True,0.036300,1.110084,-0.006184,0.058371,0.009774,0.032552,-0.997716
47.333,True,-0.029683,1.116502,-0.005264,0.056960,-0.004849,0.034048,-0.997784,True,0.036348,1.110118,-0.006190,0.057531,0.011198,0.032271,-0.997759
47.344,True,-0.029746,1.116452,-0.005306,0.056599,-0.003328,0.033604,-0.997826,True,0.036289,1.110101,-0.006256,0.057167,0.012713,0.031826,-0.997776
47.355,True,-0.029716,1.116438,-0.005315,0.055764,-0.002869,0.033580,-0.997875,True,0.036318,1.110085,-0.006269,0.056333,0.013169,0.031804,-0.997819
47.366,True,-0.029694,1.116387,-0.005318,0.055397,-0.002747,0.033745,-0.997890,True,0.036338,1.110011,-0.006278,0.055970,0.013290,0.031969,-0.997832
47.377,True,-0.029759,1.116328,-0.005362,0.055337,-0.002752,0.033866,-0.997889,True,0.036271,1.109934,-0.006334,0.055912,0.013285,0.032093,-0.997831
47.389,True,-0.029746,1.116267,-0.005360,0.054981,-0.002485,0.033819,-0.997912,True,0.036284,1.109872,-0.006355,0.055556,0.013551,0.032048,-0.997849
47.400,True,-0.029712,1.116216,-0.005374,0.054709,-0.002038,0.033654,-0.997933,True,0.036319,1.109837,-0.006371,0.055283,0.013996,0.031885,-0.997863
47.411,True,-0.029772,1.116188,-0.005414,0.054982,-0.001876,0.033445,-0.997925,True,0.036261,1.109831,-0.006426,0.055552,0.014159,0.031677,-0.997853
47.422,True,-0.029751,1.116172,-0.005414,0.055849,-0.001275,0.033207,-0.997886,True,0.036284,1.109837,-0.006420,0.056416,0.014760,0.031438,-0.997803
47.433,True,-0.029752,1.116183,-0.005399,0.056568,-0.001408,0.033173,-0.997847,True,0.036284,1.109852,-0.006405,0.057134,0.014628,0.031402,-0.997765
47.444,True,-0.029822,1.116205,-0.005461,0.056387,-0.000917,0.033106,-0.997860,True,0.036215,1.109879,-0.006452,0.056953,0.015118,0.031337,-0.997771
47.455,True,-0.029833,1.116232,-0.005460,0.057472,-0.001071,0.033153,-0.997796,True,0.036203,1.109901,-0.006443,0.058038,0.014968,0.031382,-0.997709
47.466,True,-0.029825,1.116238,-0.005459,0.057727,-0.000881,0.033179,-0.997781,True,0.036210,1.109901,-0.006432,0.058294,0.015157,0.031409,-0.997690
47.477,True,-0.029875,1.116227,-0.005492,0.057597,-0.000661,0.033083,-0.997791,True,0.036162,1.109901,-0.006462,0.058163,0.015378,0.031314,-0.997697
47.488,True,-0.029888,1.116222,-0.005508,0.057784,-0.000408,0.032926,-0.997786,True,0.036151,1.109914,-0.006470,0.058348,0.015631,0.031160,-0.997688
47.500,True,-0.029878,1.116194,-0.005521,0.057744,-0.000279,0.032709,-0.997795,True,0.036163,1.109914,-0.006478,0.058304,0.015760,0.030946,-0.997695
47.511,True,-0.029933,1.116165,-0.005571,0.057964,0.000008,0.032627,-0.997785,True,0.036109,1.109893,-0.006517,0.058523,0.016048,0.030866,-0.997680
47.522,True,-0.029952,1.116122,-0.005592,0.057815,0.000073,0.032647,-0.997793,True,0.036090,1.109849,-0.006531,0.058374,0.016113,0.030889,-0.997687
47.533,True,-0.029937,1.116088,-0.005613,0.057138,-0.000562,0.032929,-0.997823,True,0.036102,1.109790,-0.006539,0.057701,0.015479,0.031171,-0.997727
47.544,True,-0.029982,1.116073,-0.005664,0.057254,-0.000626,0.032901,-0.997817,True,0.036058,1.109779,-0.006594,0.057816,0.015416,0.031146,-0.997722
47.555,True,-0.029969,1.116053,-0.005685,0.057498,-0.000484,0.032810,-0.997806,True,0.036073,1.109769,-0.006609,0.058059,0.015558,0.031056,-0.997709
47.566,True,-0.029946,1.116066,-0.005681,0.057742,-0.000469,0.032711,-0.997795,True,0.036097,1.109795,-0.006598,0.058300,0.015574,0.030956,-0.997698
47.577,True,-0.029985,1.116095,-0.005729,0.057964,-0.000785,0.032636,-0.997785,True,0.036060,1.109842,-0.006629,0.058520,0.015259,0.030878,-0.997692
47.588,True,-0.029994,1.116161,-0.005733,0.058057,-0.000710,0.032604,-0.997781,True,0.036052,1.109912,-0.006622,0.058613,0.015334,0.030844,-0.997686
47.605,True,-0.029944,1.116227,-0.005726,0.054776,-0.006535,0.033318,-0.997921,True,0.036101,1.109979,-0.006600,0.055331,0.009516,0.031555,-0.997924
47.616,True,-0.029996,1.116262,-0.005789,0.054494,-0.008661,0.033587,-0.997912,True,0.036049,1.110009,-0.006665,0.055048,0.007393,0.031821,-0.997949
47.627,True,-0.029931,1.116305,-0.005775,0.055485,-0.011825,0.033981,-0.997811,True,0.036113,1.110043,-0.006649,0.056037,0.004237,0.032213,-0.997900
47.638,True,-0.029867,1.116363,-0.005748,0.056139,-0.013173,0.034215,-0.997750,True,0.036175,1.110084,-0.006646,0.056691,0.002891,0.032445,-0.997860
47.649,True,-0.029901,1.116405,-0.005797,0.056640,-0.013632,0.034405,-0.997709,True,0.036139,1.110105,-0.006702,0.057195,0.002433,0.032632,-0.997827
47.660,True,-0.029794,1.116429,-0.005758,0.057145,-0.014226,0.034516,-0.997668,True,0.036244,1.110119,-0.006681,0.057700,0.001841,0.032741,-0.997795
47.671,True,-0.029715,1.116445,-0.005737,0.056625,-0.015522,0.034789,-0.997669,True,0.036322,1.110116,-0.006675,0.057182,0.000544,0.033012,-0.997818
47.683,True,-0.029724,1.116439,-0.005768,0.056605,-0.017154,0.035047,-0.997634,True,0.036312,1.110097,-0.006722,0.057161,-0.001086,0.033270,-0.997810
47.694,True,-0.029660,1.116467,-0.005739,0.056690,-0.017436,0.035281,-0.997616,True,0.036372,1.110096,-0.006709,0.057250,-0.001369,0.033504,-0.997797
47.705,True,-0.029638,1.116477,-0.005744,0.056707,-0.018998,0.035582,-0.997576,True,0.036392,1.110085,-0.006728,0.057268,-0.002930,0.033806,-0.997782
47.716,True,-0.029602,1.116494,-0.005745,0.056748,-0.019457,0.035741,-0.997559,True,0.036426,1.110086,-0.006744,0.057311,-0.003388,0.033965,-0.997773
47.727,True,-0.029542,1.116501,-0.005719,0.056810,-0.019357,0.035788,-0.997556,True,0.036485,1.110081,-0.006738,0.057373,-0.003288,0.034012,-0.997768
47.738,True,-0.029484,1.116515,-0.005694,0.056731,-0.018896,0.035786,-0.997569,True,0.036541,1.110086,-0.006735,0.057297,-0.002828,0.034009,-0.997774
47.749,True,-0.029469,1.116490,-0.005714,0.056725,-0.018972,0.035733,-0.997570,True,0.036557,1.110067,-0.006761,0.057289,-0.002904,0.033957,-0.997776
47.761,True,-0.029440,1.116479,-0.005705,0.056776,-0.017890,0.035626,-0.997591,True,0.036585,1.110053,-0.006763,0.057342,-0.001822,0.033851,-0.997779
47.772,True,-0.029410,1.116463,-0.005693,0.056666,-0.017944,0.035569,-0.997598,True,0.036398,1.106189,-0.006525,0.057231,-0.001876,0.033795,-0.997787
47.783,True,-0.029456,1.116439,-0.005721,0.056495,-0.017801,0.035570,-0.997610,True,0.036351,1.106164,-0.006548,0.057060,-0.001734,0.033797,-0.997797
47.794,True,-0.029450,1.116417,-0.005705,0.056381,-0.017703,0.035557,-0.997619,True,0.036358,1.106142,-0.006536,0.056946,-0.001635,0.033786,-0.997804
47.805,True,-0.029427,1.116382,-0.005707,0.056371,-0.017603,0.035467,-0.997625,True,0.036382,1.106118,-0.006531,0.056935,-0.001535,0.033697,-0.997808
47.816,True,-0.029499,1.116330,-0.005745,0.056398,-0.017656,0.035382,-0.997625,True,0.036312,1.106077,-0.006579,0.056960,-0.001587,0.033615,-0.997809
47.827,True,-0.029481,1.116275,-0.005774,0.056685,-0.017544,0.035306,-0.997613,True,0.036332,1.106030,-0.006608,0.057246,-0.001474,0.033540,-0.997796
47.838,True,-0.029467,1.116229,-0.005790,0.056791,-0.017517,0.035239,-0.997610,True,0.036346,1.105988,-0.006641,0.057352,-0.001446,0.033474,-0.997792
47.849,True,-0.029519,1.116217,-0.005845,0.057110,-0.017373,0.035115,-0.997599,True,0.036296,1.105988,-0.006708,0.057669,-0.001302,0.033350,-0.997778
47.860,True,-0.029502,1.116223,-0.005883,0.057755,-0.017541,0.035023,-0.997562,True,0.036314,1.106005,-0.006755,0.058312,-0.001469,0.033256,-0.997743
47.872,True,-0.029499,1.116248,-0.005909,0.057923,-0.017377,0.034961,-0.997557,True,0.036318,1.106035,-0.006781,0.058480,-0.001305,0.033193,-0.997736
47.883,True,-0.029559,1.116303,-0.005982,0.058288,-0.017272,0.034944,-0.997539,True,0.036259,1.106094,-0.006834,0.058844,-0.001200,0.033172,-0.997715
47.894,True,-0.029582,1.116361,-0.006041,0.058091,-0.017216,0.035020,-0.997548,True,0.036234,1.106146,-0.006872,0.058648,-0.001146,0.033243,-0.997724
47.905,True,-0.029584,1.116407,-0.006081,0.058586,-0.017086,0.034972,-0.997523,True,0.036234,1.106197,-0.006901,0.059143,-0.001015,0.033192,-0.997697
47.916,True,-0.029659,1.116398,-0.006175,0.058597,-0.017105,0.034944,-0.997523,True,0.036159,1.106193,-0.006988,0.059153,-0.001034,0.033161,-0.997697
47.927,True,-0.029647,1.116412,-0.006213,0.058441,-0.017302,0.034988,-0.997528,True,0.036172,1.106205,-0.007020,0.058998,-0.001232,0.033204,-0.997705
47.938,True,-0.029649,1.116452,-0.006263,0.058445,-0.017252,0.034953,-0.997529,True,0.036171,1.106251,-0.007063,0.059001,-0.001183,0.033168,-0.997706
47.950,True,-0.029714,1.116485,-0.006337,0.058021,-0.017307,0.034976,-0.997552,True,0.036105,1.106282,-0.007135,0.058578,-0.001238,0.033191,-0.997730
47.961,True,-0.029723,1.116449,-0.006395,0.058035,-0.017268,0.034767,-0.997560,True,0.036100,1.106275,-0.007186,0.058587,-0.001199,0.032981,-0.997737
47.972,True,-0.029721,1.116397,-0.006421,0.057370,-0.015059,0.034365,-0.997648,True,0.036107,1.106247,-0.007203,0.057922,0.001005,0.032578,-0.997789
47.983,True,-0.029777,1.116416,-0.006491,0.056928,-0.013187,0.034141,-0.997707,True,0.036052,1.106274,-0.007251,0.057480,0.002874,0.032353,-0.997818
47.994,True,-0.029794,1.116521,-0.006539,0.057002,-0.008122,0.033747,-0.997771,True,0.036032,1.106358,-0.007288,0.057561,0.007930,0.031959,-0.997799
48.005,True,-0.029830,1.116582,-0.006574,0.056763,-0.008339,0.034235,-0.997766,True,0.035987,1.106360,-0.007316,0.057329,0.007711,0.032443,-0.997798
48.016,True,-0.029848,1.116646,-0.006611,0.057037,-0.007296,0.034407,-0.997752,True,0.035963,1.106383,-0.007359,0.057609,0.008752,0.032613,-0.997768
48.027,True,-0.029843,1.116721,-0.006646,0.057221,-0.007041,0.034527,-0.997740,True,0.035964,1.106438,-0.007398,0.057795,0.009005,0.032732,-0.997751
48.038,True,-0.029827,1.116759,-0.006665,0.057435,-0.006663,0.034388,-0.997735,True,0.035981,1.106484,-0.007438,0.058008,0.009384,0.032594,-0.997740
48.050,True,-0.029859,1.116711,-0.006706,0.057337,-0.006838,0.034164,-0.997747,True,0.035954,1.106466,-0.007498,0.057906,0.009210,0.032373,-0.997755
48.061,True,-0.029861,1.116664,-0.006751,0.057170,-0.007378,0.034095,-0.997755,True,0.035954,1.106436,-0.007546,0.057737,0.008671,0.032306,-0.997771
48.072,True,-0.029856,1.116635,-0.006775,0.057215,-0.007141,0.034121,-0.997753,True,0.035958,1.106398,-0.007584,0.057783,0.008907,0.032334,-0.997766
48.083,True,-0.029915,1.116589,-0.006824,0.057231,-0.007101,0.034293,-0.997747,True,0.035894,1.106325,-0.007652,0.057802,0.008948,0.032508,-0.997759
48.094,True,-0.029902,1.116555,-0.006848,0.057192,-0.007518,0.034495,-0.997739,True,0.035904,1.106266,-0.007701,0.057765,0.008532,0.032712,-0.997758
48.105,True,-0.029934,1.116473,-0.006885,0.056955,-0.007212,0.034300,-0.997761,True,0.035873,1.106202,-0.007766,0.057527,0.008836,0.032519,-0.997775
48.116,True,-0.029956,1.116406,-0.006910,0.056805,-0.007076,0.034125,-0.997777,True,0.035854,1.106154,-0.007812,0.057374,0.008973,0.032346,-0.997788
48.127,True,-0.029971,1.116316,-0.006929,0.056406,-0.006962,0.033865,-0.997809,True,0.035844,1.106095,-0.007843,0.056971,0.009086,0.032091,-0.997819
48.138,True,-0.029994,1.116243,-0.006951,0.056117,-0.007200,0.033884,-0.997823,True,0.035822,1.106025,-0.007863,0.056683,0.008849,0.032112,-0.997836
48.150,True,-0.030109,1.116126,-0.006981,0.055905,-0.006663,0.033742,-0.997844,True,0.035709,1.105921,-0.007885,0.056469,0.009385,0.031974,-0.997848
48.161,True,-0.030166,1.116084,-0.006957,0.055637,-0.006656,0.033882,-0.997854,True,0.035649,1.105861,-0.007862,0.056204,0.009392,0.032118,-0.997858
48.172,True,-0.030225,1.116063,-0.006961,0.054915,-0.005876,0.033779,-0.997902,True,0.035590,1.105846,-0.007858,0.055482,0.010169,0.032018,-0.997894
48.183,True,-0.030268,1.116042,-0.006944,0.054845,-0.005876,0.033786,-0.997906,True,0.035548,1.105824,-0.007843,0.055412,0.010170,0.032026,-0.997898
48.194,True,-0.030293,1.116039,-0.006906,0.054745,-0.005730,0.033598,-0.997919,True,0.035526,1.105844,-0.007808,0.055310,0.010316,0.031839,-0.997908
48.205,True,-0.030319,1.116043,-0.006885,0.054740,-0.005653,0.033332,-0.997928,True,0.035505,1.105880,-0.007795,0.055300,0.010392,0.031574,-0.997916
48.216,True,-0.030345,1.116031,-0.006865,0.054612,-0.005477,0.033002,-0.997947,True,0.035485,1.105908,-0.007790,0.055168,0.010567,0.031244,-0.997932
48.227,True,-0.030349,1.116039,-0.006820,0.054320,-0.005539,0.032971,-0.997964,True,0.035481,1.105920,-0.007751,0.054876,0.010505,0.031214,-0.997950
48.238,True,-0.030351,1.116002,-0.006773,0.054075,-0.005370,0.032761,-0.997985,True,0.035483,1.105909,-0.007713,0.054628,0.010673,0.031006,-0.997968
48.250,True,-0.030381,1.115994,-0.006771,0.053849,-0.005208,0.032820,-0.997996,True,0.035453,1.105892,-0.007705,0.054403,0.010835,0.031067,-0.997977
48.261,True,-0.030383,1.115962,-0.006725,0.053681,-0.005157,0.032799,-0.998006,True,0.035451,1.105864,-0.007656,0.054235,0.010886,0.031049,-0.997986
48.272,True,-0.032707,1.112084,-0.007392,0.052714,-0.005027,0.032807,-0.998058,True,0.035452,1.105850,-0.007599,0.053268,0.011014,0.031058,-0.998036
48.283,True,-0.032736,1.112077,-0.007394,0.052440,-0.004630,0.032787,-0.998075,True,0.035423,1.105847,-0.007568,0.052995,0.011410,0.031036,-0.998047
48.294,True,-0.032745,1.112113,-0.007335,0.052050,-0.006045,0.033052,-0.998079,True,0.035413,1.105871,-0.007497,0.052605,0.009998,0.031301,-0.998075
48.305,True,-0.032734,1.112180,-0.007293,0.053831,-0.009402,0.033493,-0.997944,True,0.035423,1.105927,-0.007422,0.054384,0.006652,0.031739,-0.997993
48.316,True,-0.032740,1.112217,-0.007275,0.056878,-0.013978,0.034036,-0.997703,True,0.035416,1.105952,-0.007387,0.057427,0.002092,0.032281,-0.997826
48.327,True,-0.032694,1.112266,-0.007220,0.058081,-0.016145,0.034344,-0.997590,True,0.035460,1.105989,-0.007325,0.058630,-0.000070,0.032587,-0.997748
48.338,True,-0.032641,1.112309,-0.007171,0.058445,-0.018110,0.034671,-0.997524,True,0.035513,1.106017,-0.007269,0.058994,-0.002033,0.032914,-0.997714
48.349,True,-0.032627,1.112312,-0.007143,0.058788,-0.019241,0.034836,-0.997477,True,0.035526,1.106011,-0.007251,0.059337,-0.003162,0.033078,-0.997685
48.360,True,-0.032550,1.112345,-0.007087,0.059704,-0.019823,0.035097,-0.997402,True,0.035600,1.106015,-0.007194,0.060257,-0.003742,0.033337,-0.997619
48.371,True,-0.032493,1.112380,-0.007049,0.060879,-0.021370,0.035425,-0.997288,True,0.035654,1.106024,-0.007161,0.061434,-0.005286,0.033664,-0.997529
48.383,True,-0.032448,1.112391,-0.007016,0.061346,-0.022142,0.035684,-0.997233,True,0.035697,1.106007,-0.007148,0.061903,-0.006058,0.033921,-0.997487
48.394,True,-0.032333,1.112444,-0.006933,0.061530,-0.022556,0.035929,-0.997203,True,0.035809,1.106029,-0.007083,0.062090,-0.006471,0.034164,-0.997465
48.405,True,-0.032261,1.112475,-0.006885,0.062169,-0.023829,0.036220,-0.997124,True,0.035878,1.106035,-0.007053,0.062732,-0.007743,0.034456,-0.997405
48.416,True,-0.032191,1.112486,-0.006820,0.061949,-0.024462,0.036331,-0.997118,True,0.035947,1.106035,-0.007024,0.062513,-0.008376,0.034565,-0.997410
48.427,True,-0.032081,1.112518,-0.006744,0.062338,-0.025374,0.036457,-0.997066,True,0.036056,1.106058,-0.006971,0.062902,-0.009288,0.034691,-0.997373
48.438,True,-0.032018,1.112512,-0.006713,0.062349,-0.025766,0.036454,-0.997056,True,0.036119,1.106053,-0.006966,0.062912,-0.009680,0.034688,-0.997369
48.449,True,-0.031948,1.112535,-0.006690,0.062480,-0.025994,0.036520,-0.997039,True,0.036189,1.106066,-0.006967,0.063044,-0.009908,0.034755,-0.997356
48.460,True,-0.031842,1.112524,-0.006617,0.062343,-0.026248,0.036491,-0.997042,True,0.036295,1.106057,-0.006924,0.062906,-0.010162,0.034729,-0.997363
48.471,True,-0.031744,1.112517,-0.006551,0.062191,-0.026375,0.036549,-0.997046,True,0.036392,1.106039,-0.006885,0.062755,-0.010289,0.034789,-0.997369
48.483,True,-0.031723,1.112483,-0.006559,0.062439,-0.026912,0.036627,-0.997013,True,0.036412,1.105999,-0.006907,0.063003,-0.010824,0.034868,-0.997345
48.494,True,-0.031641,1.112453,-0.006505,0.062430,-0.026946,0.036661,-0.997012,True,0.036493,1.105962,-0.006868,0.062996,-0.010858,0.034905,-0.997344
48.505,True,-0.031638,1.112425,-0.006494,0.062378,-0.026720,0.036646,-0.997022,True,0.036495,1.105931,-0.006866,0.062944,-0.010631,0.034893,-0.997350
48.516,True,-0.031562,1.112413,-0.006450,0.062490,-0.026885,0.036688,-0.997009,True,0.036571,1.105913,-0.006827,0.063056,-0.010795,0.034938,-0.997340
48.527,True,-0.031489,1.112411,-0.006404,0.063057,-0.021737,0.036076,-0.997121,True,0.036551,1.105761,-0.006834,0.063625,-0.005647,0.034324,-0.997368
48.538,True,-0.031449,1.112393,-0.006373,0.062644,-0.020378,0.035933,-0.997181,True,0.036591,1.105742,-0.006808,0.063213,-0.004290,0.034182,-0.997405
48.549,True,-0.031419,1.112360,-0.006356,0.062440,-0.018001,0.035728,-0.997247,True,0.036621,1.105702,-0.006790,0.063010,-0.001915,0.033977,-0.997433
48.560,True,-0.031313,1.112360,-0.006328,0.062787,-0.016908,0.035788,-0.997242,True,0.036724,1.105678,-0.006757,0.063360,-0.000823,0.034036,-0.997410
48.571,True,-0.031233,1.112352,-0.006282,0.062040,-0.015298,0.035740,-0.997316,True,0.036803,1.105651,-0.006732,0.062617,0.000783,0.033991,-0.997458
48.583,True,-0.031200,1.112337,-0.006298,0.062068,-0.014836,0.035709,-0.997323,True,0.036834,1.105632,-0.006751,0.062645,0.001245,0.033961,-0.997457
48.594,True,-0.031125,1.112346,-0.006267,0.062255,-0.014280,0.035689,-0.997320,True,0.036909,1.105633,-0.006731,0.062833,0.001801,0.033943,-0.997445
48.605,True,-0.031078,1.112320,-0.006280,0.062179,-0.013427,0.035516,-0.997343,True,0.036957,1.105617,-0.006748,0.062756,0.002653,0.033771,-0.997454
48.616,True,-0.031012,1.112267,-0.006269,0.061827,-0.012381,0.035316,-0.997385,True,0.037024,1.105576,-0.006744,0.062404,0.003696,0.033573,-0.997479
48.627,True,-0.030955,1.112246,-0.006256,0.061630,-0.011789,0.035328,-0.997404,True,0.037081,1.105547,-0.006721,0.062208,0.004286,0.033583,-0.997489
48.638,True,-0.030909,1.112227,-0.006250,0.061229,-0.011691,0.035349,-0.997429,True,0.037126,1.105527,-0.006704,0.061807,0.004383,0.033605,-0.997513
48.649,True,-0.030871,1.112210,-0.006234,0.061574,-0.011438,0.035302,-0.997412,True,0.037165,1.105515,-0.006675,0.062152,0.004636,0.033555,-0.997492
48.660,True,-0.030798,1.112161,-0.006182,0.062041,-0.011182,0.035057,-0.997395,True,0.037241,1.105496,-0.006617,0.062615,0.004892,0.033305,-0.997470
48.672,True,-0.030749,1.112162,-0.006157,0.062442,-0.011042,0.034843,-0.997379,True,0.037293,1.105526,-0.006574,0.063013,0.005032,0.033086,-0.997452
48.683,True,-0.030672,1.112284,-0.006101,0.062333,-0.010421,0.034796,-0.997394,True,0.037370,1.105648,-0.006506,0.062905,0.005649,0.033033,-0.997457
48.694,True,-0.030601,1.112451,-0.006036,0.062402,-0.010103,0.035027,-0.997385,True,0.037438,1.105780,-0.006434,0.062978,0.005966,0.033260,-0.997443
48.705,True,-0.030522,1.112600,-0.005959,0.062065,-0.010045,0.035516,-0.997389,True,0.037510,1.105865,-0.006346,0.062649,0.006022,0.033746,-0.997447
48.716,True,-0.030500,1.112647,-0.005926,0.061914,-0.010289,0.035868,-0.997384,True,0.037528,1.105866,-0.006321,0.062504,0.005778,0.034097,-0.997445
48.727,True,-0.030416,1.112718,-0.005857,0.061639,-0.010300,0.036180,-0.997389,True,0.037607,1.105894,-0.006263,0.062233,0.005765,0.034410,-0.997452
48.738,True,-0.030342,1.112743,-0.005779,0.060984,-0.010315,0.036227,-0.997428,True,0.037680,1.105910,-0.006207,0.061580,0.005750,0.034460,-0.997491
48.749,True,-0.030249,1.112743,-0.005699,0.060529,-0.010345,0.036141,-0.997458,True,0.037774,1.105921,-0.006143,0.061124,0.005719,0.034377,-0.997522
48.761,True,-0.030160,1.112698,-0.005633,0.060397,-0.010824,0.036042,-0.997465,True,0.037865,1.105894,-0.006092,0.060989,0.005242,0.034281,-0.997536
48.772,True,-0.030132,1.112647,-0.005600,0.060000,-0.010685,0.036098,-0.997488,True,0.037892,1.105832,-0.006068,0.060593,0.005380,0.034341,-0.997557
48.783,True,-0.030044,1.112593,-0.005538,0.059936,-0.010642,0.036300,-0.997485,True,0.037977,1.105748,-0.006020,0.060533,0.005423,0.034545,-0.997554
48.794,True,-0.029966,1.112526,-0.005450,0.059851,-0.010776,0.036452,-0.997483,True,0.038052,1.105656,-0.005969,0.060450,0.005290,0.034702,-0.997554
48.805,True,-0.029938,1.112435,-0.005408,0.059537,-0.010908,0.036499,-0.997499,True,0.038079,1.105556,-0.005952,0.060138,0.005158,0.034752,-0.997572
48.816,True,-0.029870,1.112386,-0.005327,0.058932,-0.010892,0.036539,-0.997534,True,0.038146,1.105500,-0.005891,0.059533,0.005173,0.034794,-0.997606
48.827,True,-0.029809,1.112333,-0.005241,0.058482,-0.010273,0.036372,-0.997573,True,0.038208,1.105460,-0.005819,0.059083,0.005789,0.034629,-0.997636
48.838,True,-0.029809,1.112318,-0.005183,0.058571,-0.010300,0.036280,-0.997571,True,0.038209,1.105457,-0.005763,0.059170,0.005762,0.034536,-0.997634
48.850,True,-0.029801,1.112343,-0.005098,0.058519,-0.010247,0.036192,-0.997577,True,0.038218,1.105495,-0.005670,0.059117,0.005815,0.034448,-0.997640
48.861,True,-0.029783,1.112384,-0.005024,0.058741,-0.009999,0.036112,-0.997570,True,0.038238,1.105547,-0.005575,0.059337,0.006063,0.034366,-0.997628
48.872,True,-0.029841,1.112412,-0.004966,0.058792,-0.009754,0.036052,-0.997571,True,0.038180,1.105581,-0.005504,0.059388,0.006307,0.034305,-0.997625
48.883,True,-0.029857,1.112390,-0.004890,0.058781,-0.009681,0.035871,-0.997579,True,0.038167,1.105583,-0.005426,0.059375,0.006380,0.034125,-0.997632
48.894,True,-0.029836,1.112371,-0.004806,0.058790,-0.009572,0.035667,-0.997587,True,0.038191,1.105591,-0.005340,0.059380,0.006491,0.033922,-0.997638
48.905,True,-0.029860,1.112324,-0.004767,0.058494,-0.009703,0.035416,-0.997612,True,0.038170,1.105580,-0.005302,0.059080,0.006360,0.033676,-0.997665
48.917,True,-0.029860,1.112261,-0.004701,0.058190,-0.009303,0.035251,-0.997640,True,0.038173,1.105538,-0.005221,0.058774,0.006760,0.033514,-0.997686
48.927,True,-0.029866,1.112188,-0.004637,0.058279,-0.009801,0.035289,-0.997628,True,0.038167,1.105467,-0.005155,0.058862,0.006264,0.033555,-0.997682
48.939,True,-0.029861,1.112091,-0.004602,0.057953,-0.009619,0.035531,-0.997640,True,0.038169,1.105337,-0.005097,0.058541,0.006446,0.033801,-0.997692
48.950,True,-0.029880,1.112010,-0.004577,0.057728,-0.009664,0.035552,-0.997652,True,0.038149,1.105253,-0.005084,0.058315,0.006402,0.033825,-0.997705
48.961,True,-0.029874,1.111908,-0.004528,0.057509,-0.009676,0.035454,-0.997668,True,0.038156,1.105163,-0.005042,0.058095,0.006391,0.033732,-0.997721
48.972,True,-0.029845,1.111837,-0.004468,0.057331,-0.009711,0.035359,-0.997682,True,0.038187,1.105106,-0.004986,0.057915,0.006355,0.033641,-0.997734
48.983,True,-0.029826,1.111803,-0.004441,0.057204,-0.009775,0.035300,-0.997690,True,0.038206,1.105082,-0.004956,0.057787,0.006292,0.033583,-0.997744
48.994,True,-0.029789,1.111812,-0.004368,0.057193,-0.009748,0.035354,-0.997689,True,0.038243,1.105083,-0.004880,0.057777,0.006319,0.033636,-0.997743
49.005,True,-0.029749,1.111836,-0.004310,0.057346,-0.009613,0.035487,-0.997677,True,0.038282,1.105090,-0.004801,0.057933,0.006454,0.033769,-0.997728
49.016,True,-0.029749,1.111894,-0.004256,0.057506,-0.009611,0.035759,-0.997658,True,0.038278,1.105111,-0.004739,0.058097,0.006456,0.034037,-0.997710
49.027,True,-0.029705,1.111952,-0.004173,0.057581,-0.009625,0.035955,-0.997647,True,0.038319,1.105145,-0.004646,0.058175,0.006440,0.034229,-0.997699
49.038,True,-0.026854,1.116928,-0.003193,0.057497,-0.009967,0.036237,-0.997638,True,0.038343,1.105187,-0.004571,0.058095,0.006097,0.034507,-0.997696
49.049,True,-0.026814,1.117000,-0.003117,0.057619,-0.009922,0.036352,-0.997627,True,0.038380,1.105242,-0.004495,0.058219,0.006141,0.034618,-0.997685
49.060,True,-0.026762,1.117067,-0.003018,0.057687,-0.010085,0.036386,-0.997621,True,0.038432,1.105304,-0.004408,0.058287,0.005978,0.034648,-0.997681
49.072,True,-0.026732,1.117114,-0.002946,0.058083,-0.009815,0.036440,-0.997598,True,0.038458,1.105337,-0.004346,0.058685,0.006248,0.034700,-0.997654
49.083,True,-0.026692,1.117135,-0.002855,0.057917,-0.010322,0.036499,-0.997601,True,0.038497,1.105354,-0.004277,0.058519,0.005741,0.034758,-0.997665
49.094,True,-0.026618,1.117140,-0.002766,0.058133,-0.008815,0.036380,-0.997607,True,0.038569,1.105351,-0.004197,0.058736,0.007244,0.034639,-0.997646
49.105,True,-0.026564,1.117132,-0.002669,0.057834,-0.000405,0.035504,-0.997695,True,0.038622,1.105336,-0.004126,0.058443,0.015626,0.033762,-0.997597
49.116,True,-0.026530,1.117090,-0.002592,0.057506,0.001216,0.035376,-0.997717,True,0.038654,1.105286,-0.004071,0.058118,0.017239,0.033633,-0.997594
49.127,True,-0.026456,1.117103,-0.002489,0.058071,0.001031,0.035494,-0.997681,True,0.038724,1.105282,-0.003986,0.058684,0.017055,0.033751,-0.997560
49.139,True,-0.026401,1.117102,-0.002385,0.058612,0.000890,0.035549,-0.997647,True,0.038777,1.105269,-0.003907,0.059225,0.016915,0.033805,-0.997529
49.150,True,-0.026400,1.117085,-0.002359,0.058245,0.003149,0.035368,-0.997671,True,0.038775,1.105242,-0.003896,0.058861,0.019163,0.033624,-0.997516
49.161,True,-0.026362,1.117068,-0.002282,0.058923,0.001582,0.035645,-0.997625,True,0.038810,1.105206,-0.003836,0.059540,0.017604,0.033902,-0.997495
49.172,True,-0.026315,1.117050,-0.002175,0.058664,0.001684,0.035934,-0.997630,True,0.038849,1.105147,-0.003748,0.059285,0.017704,0.034193,-0.997498
49.183,True,-0.026331,1.117005,-0.002146,0.058518,0.003655,0.035794,-0.997638,True,0.038830,1.105091,-0.003738,0.059142,0.019667,0.034056,-0.997475
49.194,True,-0.026317,1.116995,-0.002057,0.058273,0.003482,0.035934,-0.997648,True,0.038840,1.105063,-0.003668,0.058899,0.019494,0.034199,-0.997488
49.205,True,-0.026308,1.116973,-0.001970,0.058101,0.003882,0.035872,-0.997659,True,0.038849,1.105041,-0.003607,0.058727,0.019891,0.034140,-0.997492
49.216,True,-0.026372,1.116931,-0.001965,0.057796,0.003923,0.035722,-0.997681,True,0.038788,1.105019,-0.003608,0.058420,0.019933,0.033994,-0.997514
49.227,True,-0.026383,1.116860,-0.001912,0.057533,0.004132,0.035447,-0.997706,True,0.038783,1.104982,-0.003557,0.058153,0.020141,0.033721,-0.997535
49.238,True,-0.026433,1.116778,-0.001893,0.057251,0.004689,0.035156,-0.997730,True,0.038739,1.104932,-0.003539,0.057868,0.020696,0.033434,-0.997550
49.250,True,-0.026480,1.116718,-0.001852,0.057021,0.004806,0.034934,-0.997750,True,0.038697,1.104902,-0.003497,0.057635,0.020813,0.033215,-0.997568
49.261,True,-0.026510,1.116690,-0.001817,0.056542,0.005082,0.034774,-0.997782,True,0.038673,1.104897,-0.003437,0.057154,0.021089,0.033059,-0.997595
49.272,True,-0.026587,1.116609,-0.001795,0.056470,0.005437,0.034500,-0.997793,True,0.038602,1.104849,-0.003404,0.057077,0.021442,0.032786,-0.997601
49.283,True,-0.026654,1.116519,-0.001757,0.056533,0.005604,0.034313,-0.997795,True,0.038540,1.104785,-0.003345,0.057138,0.021610,0.032597,-0.997600
49.294,True,-0.026698,1.116467,-0.001697,0.056579,0.006213,0.034028,-0.997799,True,0.038503,1.104767,-0.003255,0.057181,0.022217,0.032313,-0.997594
49.305,True,-0.026767,1.116509,-0.001693,0.056929,0.006571,0.033966,-0.997779,True,0.038435,1.104814,-0.003223,0.057530,0.022575,0.032248,-0.997567
49.316,True,-0.026829,1.116584,-0.001671,0.057632,0.006674,0.034180,-0.997730,True,0.038369,1.104863,-0.003166,0.058235,0.022679,0.032460,-0.997517
49.327,True,-0.026852,1.116667,-0.001620,0.059242,0.005321,0.034488,-0.997634,True,0.038344,1.104925,-0.003075,0.059845,0.021336,0.032765,-0.997442
49.338,True,-0.026894,1.116725,-0.001572,0.059566,0.002976,0.034960,-0.997608,True,0.038297,1.104955,-0.003010,0.060171,0.019003,0.033237,-0.997454
49.349,True,-0.026940,1.116787,-0.001578,0.059051,-0.000581,0.035446,-0.997625,True,0.038250,1.105007,-0.003004,0.059657,0.015460,0.033724,-0.997529
49.360,True,-0.026963,1.116815,-0.001559,0.058912,-0.002323,0.035616,-0.997625,True,0.038227,1.105040,-0.002974,0.059516,0.013725,0.033898,-0.997557
49.372,True,-0.027007,1.116765,-0.001581,0.058164,-0.004083,0.035609,-0.997663,True,0.038189,1.105018,-0.002998,0.058764,0.011971,0.033896,-0.997625
49.383,True,-0.027033,1.116716,-0.001578,0.057818,-0.005580,0.035664,-0.997674,True,0.038166,1.104984,-0.002991,0.058416,0.010479,0.033954,-0.997660
49.394,True,-0.027041,1.116625,-0.001576,0.057487,-0.006730,0.035664,-0.997686,True,0.038160,1.104911,-0.002991,0.058083,0.009333,0.033958,-0.997690
49.405,True,-0.027054,1.116564,-0.001603,0.056903,-0.007302,0.035808,-0.997711,True,0.038145,1.104839,-0.003031,0.057500,0.008762,0.034106,-0.997724
49.416,True,-0.027056,1.116510,-0.001613,0.056441,-0.008563,0.035967,-0.997721,True,0.038142,1.104780,-0.003063,0.057038,0.007503,0.034267,-0.997756
49.427,True,-0.027038,1.116465,-0.001617,0.056288,-0.008758,0.035879,-0.997731,True,0.038161,1.104746,-0.003086,0.056883,0.007308,0.034181,-0.997769
49.438,True,-0.027029,1.116431,-0.001640,0.056328,-0.009287,0.035863,-0.997725,True,0.038171,1.104720,-0.003121,0.056922,0.006780,0.034164,-0.997771
49.449,True,-0.027044,1.116420,-0.001669,0.056116,-0.008999,0.035808,-0.997741,True,0.038156,1.104711,-0.003158,0.056711,0.007067,0.034109,-0.997783
49.460,True,-0.027041,1.116426,-0.001693,0.056250,-0.008625,0.035737,-0.997740,True,0.038161,1.104722,-0.003173,0.056843,0.007440,0.034036,-0.997775
49.472,True,-0.027056,1.116459,-0.001695,0.056103,-0.008601,0.035756,-0.997748,True,0.038145,1.104753,-0.003171,0.056697,0.007463,0.034054,-0.997783
49.483,True,-0.027084,1.116509,-0.001761,0.055959,-0.008864,0.035816,-0.997751,True,0.038117,1.104803,-0.003216,0.056554,0.007200,0.034111,-0.997791
49.494,True,-0.027119,1.116531,-0.001800,0.056219,-0.008982,0.035766,-0.997737,True,0.038084,1.104832,-0.003251,0.056812,0.007082,0.034058,-0.997779
49.505,True,-0.027141,1.116534,-0.001870,0.056379,-0.008639,0.035626,-0.997736,True,0.038066,1.104854,-0.003291,0.056970,0.007426,0.033919,-0.997772
49.516,True,-0.027183,1.116509,-0.001934,0.055912,-0.008834,0.035398,-0.997769,True,0.038031,1.104865,-0.003343,0.056499,0.007231,0.033693,-0.997808
49.527,True,-0.027193,1.116514,-0.001988,0.055891,-0.008697,0.035246,-0.997777,True,0.038026,1.104892,-0.003373,0.056476,0.007369,0.033543,-0.997813
49.538,True,-0.027216,1.116509,-0.002031,0.055800,-0.008677,0.035196,-0.997784,True,0.038090,1.104556,-0.003522,0.056384,0.007389,0.033494,-0.997820
49.554,True,-0.027269,1.116485,-0.002172,0.055576,-0.008249,0.035163,-0.997801,True,0.038040,1.104540,-0.003611,0.056159,0.007817,0.033464,-0.997830
49.565,True,-0.027275,1.116464,-0.002225,0.056107,-0.008773,0.035321,-0.997761,True,0.038032,1.104508,-0.003636,0.056691,0.007296,0.033620,-0.997799
49.576,True,-0.027310,1.116462,-0.002303,0.055948,-0.008869,0.035387,-0.997767,True,0.037997,1.104502,-0.003698,0.056533,0.007200,0.033687,-0.997806
49.587,True,-0.027335,1.116453,-0.002386,0.055696,-0.008925,0.035333,-0.997783,True,0.037975,1.104504,-0.003765,0.056280,0.007145,0.033634,-0.997823
49.598,True,-0.027326,1.116446,-0.002480,0.055591,-0.008816,0.035238,-0.997793,True,0.037986,1.104512,-0.003836,0.056174,0.007254,0.033539,-0.997831
49.610,True,-0.027362,1.116456,-0.002576,0.055394,-0.008667,0.035176,-0.997807,True,0.037953,1.104532,-0.003914,0.055975,0.007402,0.033478,-0.997843
49.621,True,-0.027348,1.116484,-0.002661,0.055207,-0.008634,0.035203,-0.997817,True,0.037967,1.104558,-0.003986,0.055789,0.007435,0.033504,-0.997853
49.632,True,-0.027331,1.116514,-0.002736,0.055212,-0.008654,0.035223,-0.997816,True,0.037984,1.104586,-0.004059,0.055795,0.007414,0.033522,-0.997852
49.643,True,-0.027331,1.116555,-0.002819,0.055264,-0.008809,0.035259,-0.997810,True,0.037983,1.104625,-0.004135,0.055847,0.007259,0.033556,-0.997849
49.654,True,-0.027278,1.116630,-0.002899,0.055487,-0.009009,0.035324,-0.997794,True,0.038035,1.104692,-0.004220,0.056071,0.007059,0.033616,-0.997836
49.665,True,-0.027220,1.116696,-0.002953,0.055508,-0.009345,0.035290,-0.997791,True,0.038093,1.104764,-0.004293,0.056090,0.006722,0.033578,-0.997838
49.676,True,-0.027175,1.116748,-0.003036,0.055624,-0.009513,0.035236,-0.997785,True,0.038140,1.104823,-0.004384,0.056205,0.006554,0.033521,-0.997835
49.688,True,-0.027099,1.116797,-0.003111,0.055890,-0.009856,0.035241,-0.997766,True,0.038215,1.104872,-0.004476,0.056470,0.006211,0.033523,-0.997822
49.699,True,-0.027041,1.116820,-0.003177,0.056384,-0.010502,0.035297,-0.997730,True,0.038272,1.104893,-0.004554,0.056964,0.005567,0.033576,-0.997796
49.710,True,-0.027028,1.116838,-0.003250,0.056369,-0.010727,0.035412,-0.997724,True,0.038283,1.104898,-0.004636,0.056951,0.005341,0.033688,-0.997794
49.721,True,-0.026969,1.116854,-0.003316,0.056489,-0.010919,0.035459,-0.997714,True,0.038341,1.104909,-0.004706,0.057070,0.005150,0.033733,-0.997787
49.732,True,-0.026917,1.116877,-0.003370,0.056697,-0.011314,0.035626,-0.997692,True,0.038389,1.104912,-0.004771,0.057281,0.004755,0.033898,-0.997771
49.743,True,-0.026938,1.116881,-0.003437,0.056691,-0.011460,0.035613,-0.997691,True,0.038370,1.104922,-0.004830,0.057274,0.004609,0.033885,-0.997773
49.754,True,-0.026915,1.116898,-0.003480,0.056749,-0.011894,0.035764,-0.997677,True,0.038389,1.104924,-0.004878,0.057333,0.004176,0.034035,-0.997766
49.765,True,-0.026903,1.116886,-0.003541,0.056704,-0.011738,0.036046,-0.997671,True,0.038396,1.104877,-0.004914,0.057293,0.004332,0.034318,-0.997758
49.777,True,-0.026950,1.116855,-0.003588,0.056540,-0.011993,0.036511,-0.997660,True,0.038339,1.104791,-0.004950,0.057137,0.004078,0.034788,-0.997752
49.787,True,-0.026947,1.116792,-0.003635,0.056124,-0.011903,0.036850,-0.997673,True,0.038334,1.104685,-0.004990,0.056725,0.004168,0.035133,-0.997763
49.799,True,-0.026944,1.116709,-0.003676,0.055831,-0.012153,0.037052,-0.997679,True,0.038333,1.104581,-0.005031,0.056435,0.003920,0.035343,-0.997773
49.810,True,-0.026988,1.116609,-0.003706,0.055335,-0.012137,0.037006,-0.997708,True,0.038291,1.104490,-0.005054,0.055938,0.003938,0.035306,-0.997802
49.821,True,-0.027013,1.116531,-0.003707,0.054753,-0.012391,0.037045,-0.997736,True,0.038265,1.104411,-0.005064,0.055357,0.003685,0.035353,-0.997834
49.832,True,-0.027005,1.116458,-0.003744,0.054657,-0.012463,0.036953,-0.997743,True,0.038277,1.104355,-0.005079,0.055258,0.003614,0.035264,-0.997843
49.843,True,-0.027049,1.116444,-0.003734,0.054831,-0.013017,0.037031,-0.997724,True,0.038232,1.104338,-0.005070,0.055433,0.003061,0.035343,-0.997832
49.854,True,-0.027037,1.116449,-0.003735,0.054917,-0.013161,0.036945,-0.997720,True,0.038246,1.104356,-0.005075,0.055517,0.002918,0.035258,-0.997831
49.865,True,-0.027019,1.116431,-0.003717,0.055253,-0.013496,0.036750,-0.997705,True,0.038269,1.104364,-0.005078,0.055849,0.002584,0.035063,-0.997820
49.876,True,-0.027042,1.116379,-0.003689,0.055207,-0.013786,0.036438,-0.997715,True,0.038254,1.104354,-0.005062,0.055797,0.002294,0.034750,-0.997835
49.887,True,-0.027019,1.116355,-0.003666,0.055856,-0.014169,0.036240,-0.997680,True,0.038281,1.104357,-0.005057,0.056443,0.001913,0.034550,-0.997806
49.899,True,-0.026993,1.116402,-0.003654,0.055944,-0.014473,0.036177,-0.997673,True,0.038308,1.104413,-0.005067,0.056529,0.001608,0.034485,-0.997804
49.910,True,-0.027025,1.116455,-0.003640,0.056283,-0.014836,0.036414,-0.997640,True,0.038270,1.104436,-0.005064,0.056872,0.001246,0.034720,-0.997777
49.921,True,-0.027017,1.116490,-0.003625,0.056462,-0.015170,0.036739,-0.997613,True,0.038271,1.104429,-0.005071,0.057055,0.000913,0.035044,-0.997755
49.932,True,-0.027000,1.116506,-0.003618,0.056522,-0.015450,0.036918,-0.997599,True,0.038283,1.104421,-0.005086,0.057118,0.000632,0.035224,-0.997746
49.943,True,-0.027034,1.116499,-0.003600,0.056484,-0.015737,0.036935,-0.997596,True,0.038248,1.104412,-0.005098,0.057079,0.000346,0.035242,-0.997747
49.954,True,-0.027036,1.116480,-0.003598,0.056376,-0.016049,0.036807,-0.997602,True,0.038247,1.104410,-0.005123,0.056968,0.000035,0.035118,-0.997758
49.965,True,-0.027058,1.116448,-0.003602,0.056292,-0.016187,0.036617,-0.997611,True,0.038231,1.104403,-0.005138,0.056881,-0.000103,0.034929,-0.997770
49.976,True,-0.027112,1.116422,-0.003601,0.056254,-0.016308,0.036586,-0.997613,True,0.038177,1.104383,-0.005142,0.056843,-0.000223,0.034899,-0.997773
49.988,True,-0.027133,1.116385,-0.003624,0.056419,-0.016407,0.036676,-0.997599,True,0.038155,1.104335,-0.005162,0.057009,-0.000322,0.034989,-0.997760
49.999,True,-0.027169,1.116368,-0.003637,0.056274,-0.016479,0.036864,-0.997599,True,0.038114,1.104295,-0.005178,0.056867,-0.000393,0.035180,-0.997762
50.010,True,-0.027251,1.116331,-0.003639,0.056370,-0.016600,0.036908,-0.997590,True,0.038030,1.104251,-0.005197,0.056963,-0.000514,0.035225,-0.997755
50.021,True,-0.027283,1.116292,-0.003655,0.056332,-0.016601,0.036807,-0.997595,True,0.038001,1.104224,-0.005220,0.056924,-0.000515,0.035125,-0.997760
50.032,True,-0.027318,1.116271,-0.003684,0.056376,-0.016452,0.036736,-0.997598,True,0.037968,1.104213,-0.005235,0.056967,-0.000366,0.035054,-0.997761
50.043,True,-0.027881,1.115316,-0.003946,0.056376,-0.016179,0.036346,-0.997617,True,0.037843,1.104249,-0.005224,0.056961,-0.000093,0.034664,-0.997775
50.054,True,-0.027907,1.115325,-0.003974,0.056725,-0.016127,0.036308,-0.997599,True,0.037818,1.104265,-0.005236,0.057310,-0.000041,0.034624,-0.997756
50.065,True,-0.027989,1.115345,-0.004002,0.056920,-0.015943,0.036126,-0.997598,True,0.037740,1.104309,-0.005240,0.057502,0.000143,0.034440,-0.997751
50.076,True,-0.028062,1.115365,-0.004061,0.056969,-0.015641,0.035984,-0.997605,True,0.037672,1.104351,-0.005254,0.057549,0.000446,0.034298,-0.997753
50.087,True,-0.028209,1.115401,-0.004064,0.057273,-0.015537,0.035898,-0.997592,True,0.037527,1.104398,-0.005244,0.057852,0.000549,0.034209,-0.997739
50.099,True,-0.028304,1.115407,-0.004082,0.057370,-0.015430,0.035740,-0.997594,True,0.037435,1.104425,-0.005253,0.057946,0.000657,0.034050,-0.997739
50.110,True,-0.028428,1.115384,-0.004101,0.057565,-0.015311,0.035467,-0.997594,True,0.037319,1.104440,-0.005245,0.058136,0.000776,0.033775,-0.997737
50.121,True,-0.028520,1.115380,-0.004137,0.057889,-0.015499,0.035194,-0.997582,True,0.037234,1.104478,-0.005256,0.058455,0.000589,0.033501,-0.997728
50.132,True,-0.028608,1.115380,-0.004180,0.058075,-0.015460,0.034967,-0.997580,True,0.037153,1.104514,-0.005261,0.058637,0.000629,0.033272,-0.997725
50.143,True,-0.028759,1.115404,-0.004201,0.058360,-0.015314,0.034959,-0.997566,True,0.037003,1.104543,-0.005236,0.058922,0.000775,0.033262,-0.997708
50.154,True,-0.028858,1.115421,-0.004247,0.058795,-0.015153,0.035067,-0.997539,True,0.036903,1.104548,-0.005244,0.059358,0.000937,0.033367,-0.997679
50.165,True,-0.028937,1.115425,-0.004280,0.058934,-0.014948,0.035035,-0.997535,True,0.036825,1.104557,-0.005260,0.059498,0.001141,0.033334,-0.997671
50.177,True,-0.029033,1.115409,-0.004312,0.059042,-0.014886,0.034869,-0.997535,True,0.036733,1.104564,-0.005271,0.059603,0.001204,0.033167,-0.997670
50.187,True,-0.029096,1.115384,-0.004362,0.059564,-0.014339,0.034576,-0.997523,True,0.036675,1.104571,-0.005308,0.060120,0.001752,0.032874,-0.997648
50.199,True,-0.029153,1.115395,-0.004405,0.059304,-0.010997,0.034066,-0.997598,True,0.036622,1.104607,-0.005334,0.059860,0.005087,0.032362,-0.997669
50.210,True,-0.029223,1.115445,-0.004440,0.059019,0.000902,0.032729,-0.997720,True,0.036555,1.104671,-0.005352,0.059578,0.016953,0.031020,-0.997598
50.221,True,-0.029275,1.115478,-0.004484,0.060725,0.004260,0.032267,-0.997624,True,0.036505,1.104716,-0.005389,0.061283,0.020301,0.030555,-0.997446
50.232,True,-0.029285,1.115514,-0.004540,0.061576,0.005935,0.032097,-0.997569,True,0.036495,1.104748,-0.005440,0.062134,0.021971,0.030383,-0.997363
50.243,True,-0.029357,1.115534,-0.004564,0.062505,0.007206,0.031899,-0.997509,True,0.036423,1.104771,-0.005480,0.063061,0.023237,0.030183,-0.997283
50.254,True,-0.029354,1.115550,-0.004617,0.062810,0.007548,0.031890,-0.997487,True,0.036424,1.104780,-0.005547,0.063367,0.023577,0.030170,-0.997256
50.265,True,-0.029336,1.115574,-0.004666,0.063467,0.007959,0.031931,-0.997441,True,0.036440,1.104786,-0.005617,0.064025,0.023986,0.030210,-0.997203
50.276,True,-0.029355,1.115577,-0.004701,0.064005,0.005929,0.032148,-0.997414,True,0.036420,1.104787,-0.005662,0.064562,0.021966,0.030424,-0.997208
50.287,True,-0.029344,1.115611,-0.004752,0.064116,0.006080,0.032298,-0.997401,True,0.036427,1.104793,-0.005734,0.064677,0.022115,0.030573,-0.997193
50.298,True,-0.029324,1.115631,-0.004818,0.064568,0.005790,0.032421,-0.997370,True,0.036443,1.104798,-0.005808,0.065130,0.021826,0.030693,-0.997166
50.309,True,-0.029361,1.115667,-0.004855,0.064232,0.005296,0.032524,-0.997391,True,0.036405,1.104825,-0.005864,0.064795,0.021332,0.030794,-0.997195
50.321,True,-0.029355,1.115664,-0.004913,0.064165,0.005310,0.032485,-0.997396,True,0.036411,1.104825,-0.005930,0.064728,0.021345,0.030753,-0.997201
50.332,True,-0.029352,1.115688,-0.004967,0.064050,0.004891,0.032583,-0.997403,True,0.036412,1.104842,-0.005988,0.064614,0.020927,0.030850,-0.997214
50.343,True,-0.029409,1.115708,-0.005013,0.064100,0.005441,0.032521,-0.997399,True,0.036355,1.104861,-0.006033,0.064664,0.021474,0.030786,-0.997201
50.354,True,-0.029424,1.115721,-0.005079,0.064242,0.005922,0.032575,-0.997385,True,0.036339,1.104864,-0.006080,0.064808,0.021954,0.030840,-0.997180
50.365,True,-0.029456,1.115718,-0.005138,0.064145,0.006418,0.032646,-0.997386,True,0.036305,1.104848,-0.006119,0.064713,0.022449,0.030912,-0.997172
50.376,True,-0.029538,1.115702,-0.005196,0.064092,0.006907,0.032771,-0.997382,True,0.036220,1.104813,-0.006152,0.064662,0.022937,0.031039,-0.997161
50.387,True,-0.029582,1.115624,-0.005268,0.063358,0.007108,0.032792,-0.997427,True,0.036177,1.104736,-0.006207,0.063929,0.023137,0.031066,-0.997203
50.398,True,-0.029615,1.115508,-0.005328,0.062910,0.007274,0.032841,-0.997452,True,0.036144,1.104616,-0.006251,0.063481,0.023304,0.031122,-0.997225
50.410,True,-0.029690,1.115377,-0.005377,0.062689,0.007418,0.032858,-0.997465,True,0.036068,1.104484,-0.006297,0.063261,0.023449,0.031148,-0.997235
50.421,True,-0.029734,1.115186,-0.005417,0.062229,0.007552,0.032723,-0.997497,True,0.036028,1.104313,-0.006336,0.062799,0.023585,0.031024,-0.997265
50.432,True,-0.029779,1.115053,-0.005443,0.061684,0.007670,0.032722,-0.997530,True,0.035984,1.104182,-0.006358,0.062254,0.023703,0.031032,-0.997296
50.443,True,-0.029879,1.114979,-0.005471,0.061353,0.007775,0.032784,-0.997547,True,0.035883,1.104105,-0.006360,0.061924,0.023810,0.031101,-0.997312
50.454,True,-0.029945,1.114917,-0.005483,0.060970,0.008204,0.032748,-0.997569,True,0.035818,1.104047,-0.006351,0.061541,0.024238,0.031069,-0.997326
50.465,True,-0.030007,1.114857,-0.005482,0.060986,0.008179,0.032670,-0.997570,True,0.035759,1.104005,-0.006313,0.061555,0.024215,0.030993,-0.997329
50.476,True,-0.030123,1.114836,-0.005470,0.060857,0.004006,0.032853,-0.997598,True,0.035650,1.104023,-0.006260,0.061421,0.020060,0.031173,-0.997423
50.487,True,-0.030155,1.114912,-0.005459,0.060647,-0.000314,0.033212,-0.997607,True,0.035621,1.104116,-0.006217,0.061208,0.015756,0.031531,-0.997502
50.498,True,-0.030189,1.114996,-0.005467,0.060252,-0.003609,0.033514,-0.997614,True,0.035591,1.104214,-0.006179,0.060811,0.012470,0.031830,-0.997564
50.510,True,-0.030261,1.115124,-0.005466,0.060297,-0.005406,0.033787,-0.997594,True,0.035518,1.104335,-0.006144,0.060856,0.010677,0.032099,-0.997573
50.521,True,-0.030306,1.115198,-0.005435,0.061068,-0.005552,0.033899,-0.997542,True,0.035470,1.104396,-0.006105,0.061629,0.010532,0.032207,-0.997524
50.532,True,-0.030313,1.115251,-0.005449,0.060721,-0.006977,0.034186,-0.997545,True,0.035461,1.104433,-0.006108,0.061283,0.009110,0.032494,-0.997550
50.543,True,-0.030374,1.115271,-0.005468,0.061079,-0.007849,0.034210,-0.997516,True,0.035300,1.105262,-0.005924,0.061640,0.008241,0.032521,-0.997535
50.554,True,-0.030381,1.115210,-0.005477,0.061084,-0.008553,0.034043,-0.997515,True,0.035297,1.105231,-0.005940,0.061640,0.007538,0.032356,-0.997545
50.565,True,-0.030387,1.115166,-0.005476,0.061001,-0.006533,0.033664,-0.997549,True,0.035294,1.105208,-0.005950,0.061556,0.009555,0.031979,-0.997546
50.576,True,-0.030412,1.115126,-0.005500,0.060908,-0.008995,0.033808,-0.997530,True,0.035272,1.105183,-0.005978,0.061460,0.007099,0.032126,-0.997567
50.587,True,-0.030415,1.115082,-0.005516,0.060967,-0.008774,0.033770,-0.997530,True,0.035269,1.105139,-0.006004,0.061519,0.007318,0.032088,-0.997563
50.598,True,-0.030409,1.115064,-0.005527,0.061325,-0.008395,0.033694,-0.997514,True,0.035275,1.105124,-0.006024,0.061877,0.007697,0.032011,-0.997541
50.610,True,-0.030458,1.115053,-0.005533,0.061716,-0.009193,0.033651,-0.997484,True,0.035228,1.105126,-0.006045,0.062266,0.006901,0.031967,-0.997524
50.621,True,-0.030457,1.115050,-0.005546,0.062165,-0.008987,0.033499,-0.997463,True,0.035231,1.105138,-0.006060,0.062712,0.007107,0.031812,-0.997499
50.632,True,-0.030452,1.115048,-0.005554,0.062393,-0.008796,0.033330,-0.997456,True,0.035239,1.105156,-0.006067,0.062938,0.007298,0.031642,-0.997489
50.643,True,-0.030487,1.115058,-0.005602,0.062567,-0.009660,0.033311,-0.997438,True,0.035206,1.105182,-0.006100,0.063110,0.006436,0.031621,-0.997485
50.654,True,-0.030498,1.115090,-0.005620,0.062740,-0.009562,0.033293,-0.997429,True,0.035196,1.105218,-0.006105,0.063282,0.006535,0.031601,-0.997474
50.665,True,-0.030489,1.115159,-0.005643,0.062897,-0.009379,0.033434,-0.997416,True,0.035203,1.105268,-0.006108,0.063441,0.006717,0.031739,-0.997458
50.676,True,-0.030551,1.115219,-0.005657,0.062579,-0.009116,0.033520,-0.997435,True,0.035138,1.105313,-0.006122,0.063126,0.006978,0.031823,-0.997474
50.688,True,-0.030545,1.115236,-0.005665,0.062887,-0.009201,0.033495,-0.997416,True,0.035145,1.105335,-0.006129,0.063433,0.006894,0.031797,-0.997456
50.699,True,-0.030517,1.115229,-0.005674,0.062398,-0.009501,0.033520,-0.997443,True,0.035173,1.105330,-0.006134,0.062944,0.006593,0.031823,-0.997488
50.710,True,-0.030563,1.115212,-0.005713,0.062403,-0.009436,0.033395,-0.997448,True,0.035130,1.105330,-0.006167,0.062947,0.006659,0.031699,-0.997491
50.721,True,-0.030561,1.115199,-0.005715,0.062143,-0.009529,0.033363,-0.997464,True,0.035133,1.105324,-0.006164,0.062687,0.006566,0.031670,-0.997509
50.732,True,-0.030556,1.115152,-0.005734,0.061938,-0.009530,0.033409,-0.997475,True,0.035137,1.105275,-0.006161,0.062482,0.006565,0.031717,-0.997520
50.743,True,-0.030601,1.115116,-0.005767,0.061651,-0.009673,0.033588,-0.997486,True,0.035090,1.105221,-0.006177,0.062198,0.006423,0.031900,-0.997533
50.755,True,-0.030599,1.115050,-0.005768,0.061231,-0.009778,0.033692,-0.997507,True,0.035091,1.105144,-0.006174,0.061779,0.006318,0.032009,-0.997557
50.765,True,-0.030576,1.114977,-0.005786,0.060909,-0.009784,0.033724,-0.997526,True,0.035114,1.105070,-0.006177,0.061457,0.006313,0.032043,-0.997575
50.776,True,-0.030627,1.114962,-0.005789,0.060539,-0.010311,0.033874,-0.997538,True,0.035062,1.105045,-0.006169,0.061088,0.005787,0.032198,-0.997596
50.788,True,-0.030574,1.114934,-0.005777,0.060402,-0.010395,0.033941,-0.997543,True,0.035114,1.105012,-0.006144,0.060952,0.005702,0.032264,-0.997603
50.799,True,-0.030537,1.114956,-0.005767,0.060372,-0.010371,0.033994,-0.997543,True,0.035150,1.105029,-0.006122,0.060923,0.005727,0.032317,-0.997603
50.810,True,-0.030552,1.115018,-0.005779,0.060049,-0.010799,0.034142,-0.997553,True,0.035134,1.105080,-0.006120,0.060602,0.005299,0.032463,-0.997620
50.821,True,-0.030497,1.115060,-0.005748,0.059879,-0.011206,0.034302,-0.997553,True,0.035186,1.105106,-0.006096,0.060434,0.004891,0.032622,-0.997627
50.832,True,-0.030421,1.115077,-0.005728,0.059835,-0.011544,0.034339,-0.997551,True,0.035262,1.105120,-0.006092,0.060389,0.004554,0.032659,-0.997630
50.843,True,-0.030410,1.115066,-0.005735,0.059800,-0.011779,0.034257,-0.997553,True,0.035273,1.105119,-0.006124,0.060353,0.004318,0.032578,-0.997636
50.854,True,-0.030322,1.115039,-0.005717,0.059507,-0.012209,0.034296,-0.997564,True,0.035361,1.105089,-0.006128,0.060060,0.003889,0.032620,-0.997654
50.866,True,-0.030237,1.115001,-0.005705,0.059475,-0.012694,0.034392,-0.997556,True,0.035444,1.105040,-0.006146,0.060029,0.003405,0.032718,-0.997655
50.876,True,-0.030203,1.114992,-0.005743,0.059462,-0.013012,0.034463,-0.997551,True,0.035477,1.105025,-0.006195,0.060017,0.003087,0.032792,-0.997654
50.888,True,-0.030113,1.114955,-0.005726,0.059567,-0.013803,0.034556,-0.997531,True,0.035566,1.104980,-0.006213,0.060122,0.002298,0.032886,-0.997647
50.899,True,-0.030032,1.114943,-0.005721,0.059728,-0.014198,0.034608,-0.997514,True,0.035646,1.104963,-0.006228,0.060283,0.001903,0.032939,-0.997636
50.910,True,-0.030010,1.114967,-0.005719,0.059677,-0.014689,0.034703,-0.997506,True,0.035666,1.104977,-0.006254,0.060233,0.001412,0.033034,-0.997637
50.921,True,-0.029922,1.114958,-0.005716,0.059769,-0.015042,0.034655,-0.997497,True,0.035755,1.104976,-0.006270,0.060323,0.001059,0.032984,-0.997633
50.932,True,-0.029836,1.114959,-0.005724,0.059691,-0.014819,0.034645,-0.997506,True,0.035841,1.104974,-0.006283,0.060246,0.001282,0.032974,-0.997638
50.943,True,-0.029813,1.115001,-0.005741,0.059006,-0.006024,0.033826,-0.997666,True,0.035862,1.105006,-0.006306,0.059566,0.010059,0.032150,-0.997656
50.954,True,-0.029746,1.115013,-0.005743,0.059106,-0.003462,0.033578,-0.997681,True,0.035929,1.105014,-0.006312,0.059667,0.012614,0.031900,-0.997629
50.965,True,-0.029686,1.115041,-0.005742,0.059232,0.001891,0.033173,-0.997691,True,0.035986,1.105022,-0.006308,0.059798,0.017950,0.031492,-0.997552
50.976,True,-0.029733,1.115119,-0.005779,0.060316,0.005412,0.032866,-0.997623,True,0.035938,1.105093,-0.006320,0.060883,0.021459,0.031182,-0.997427
50.987,True,-0.029604,1.115139,-0.005773,0.060466,0.007153,0.032946,-0.997601,True,0.036061,1.105079,-0.006319,0.061037,0.023194,0.031262,-0.997376
50.998,True,-0.029532,1.115134,-0.005798,0.060960,0.006529,0.033040,-0.997572,True,0.036132,1.105068,-0.006341,0.061531,0.022573,0.031356,-0.997357
51.010,True,-0.029531,1.115150,-0.005828,0.061238,0.006591,0.033033,-0.997555,True,0.036133,1.105081,-0.006385,0.061810,0.022636,0.031350,-0.997339
51.021,True,-0.029459,1.115126,-0.005858,0.061585,0.006219,0.033017,-0.997536,True,0.036206,1.105066,-0.006402,0.062155,0.022267,0.031336,-0.997326
51.032,True,-0.029394,1.115037,-0.005896,0.061458,0.005951,0.032904,-0.997549,True,0.036274,1.104996,-0.006442,0.062025,0.022000,0.031227,-0.997343
51.043,True,-0.029397,1.114975,-0.005922,0.061647,0.005389,0.032806,-0.997544,True,0.036274,1.104955,-0.006467,0.062211,0.021441,0.031130,-0.997347
51.054,True,-0.030694,1.112861,-0.006188,0.062163,0.005373,0.032710,-0.997515,True,0.036334,1.104950,-0.006491,0.062725,0.021427,0.031035,-0.997318
51.065,True,-0.030631,1.112882,-0.006212,0.062448,0.005056,0.032698,-0.997500,True,0.036398,1.104978,-0.006505,0.063009,0.021112,0.031022,-0.997307
51.076,True,-0.030588,1.112907,-0.006234,0.062701,0.005634,0.032466,-0.997488,True,0.036444,1.105027,-0.006521,0.063259,0.021688,0.030786,-0.997286
51.088,True,-0.030495,1.112893,-0.006249,0.062565,0.005119,0.032339,-0.997504,True,0.036540,1.105041,-0.006516,0.063120,0.021174,0.030655,-0.997310
51.099,True,-0.030421,1.112961,-0.006260,0.062535,0.007343,0.032128,-0.997499,True,0.036613,1.105107,-0.006519,0.063091,0.023388,0.030441,-0.997269
51.110,True,-0.030364,1.113107,-0.006305,0.066637,0.023161,0.030624,-0.997038,True,0.036668,1.105224,-0.006552,0.067192,0.039127,0.028934,-0.996553
51.121,True,-0.030270,1.113178,-0.006316,0.068453,0.033928,0.029787,-0.996632,True,0.036756,1.105250,-0.006566,0.069008,0.049817,0.028099,-0.995975
51.132,True,-0.030162,1.113222,-0.006340,0.068862,0.042139,0.029469,-0.996300,True,0.036855,1.105219,-0.006583,0.069425,0.057956,0.027782,-0.995515
51.143,True,-0.030156,1.113294,-0.006386,0.068966,0.051550,0.028800,-0.995870,True,0.036856,1.105244,-0.006648,0.069533,0.067273,0.027118,-0.994939
51.154,True,-0.030017,1.113318,-0.006413,0.067905,0.053297,0.028779,-0.995851,True,0.036991,1.105247,-0.006694,0.068477,0.068998,0.027102,-0.994895
51.166,True,-0.029887,1.113305,-0.006437,0.067062,0.053263,0.028771,-0.995911,True,0.037121,1.105235,-0.006745,0.067636,0.068963,0.027097,-0.994955
51.177,True,-0.029839,1.113292,-0.006475,0.066130,0.053492,0.028593,-0.995966,True,0.037172,1.105243,-0.006803,0.066704,0.069187,0.026922,-0.995007
51.188,True,-0.029723,1.113252,-0.006507,0.063765,0.053076,0.028519,-0.996144,True,0.037291,1.105224,-0.006842,0.064345,0.068772,0.026849,-0.995193
51.202,True,-0.029650,1.113234,-0.006542,0.061830,0.048943,0.028879,-0.996468,True,0.037366,1.105223,-0.006870,0.062414,0.064680,0.027208,-0.995581
51.221,True,-0.029579,1.113187,-0.006682,0.061142,0.050590,0.029026,-0.996424,True,0.037433,1.105143,-0.006957,0.061734,0.066312,0.027355,-0.995512
51.232,True,-0.029535,1.113142,-0.006750,0.060599,0.051158,0.029110,-0.996425,True,0.037476,1.105088,-0.006982,0.061194,0.066876,0.027441,-0.995505
51.243,True,-0.029528,1.113091,-0.006841,0.060063,0.051316,0.029157,-0.996448,True,0.037484,1.105037,-0.007033,0.060659,0.067035,0.027491,-0.995526
51.254,True,-0.029495,1.113043,-0.006901,0.060170,0.048026,0.029541,-0.996594,True,0.037516,1.104990,-0.007067,0.060765,0.063781,0.027877,-0.995722
51.265,True,-0.029475,1.112967,-0.006956,0.060315,0.041348,0.030085,-0.996869,True,0.037539,1.104939,-0.007099,0.060906,0.057170,0.028420,-0.996100
51.276,True,-0.029503,1.112971,-0.007053,0.059797,0.031185,0.031337,-0.997231,True,0.037510,1.104928,-0.007137,0.060387,0.047095,0.029673,-0.996622
51.287,True,-0.029514,1.112976,-0.007114,0.059829,0.013650,0.033288,-0.997560,True,0.037497,1.104922,-0.007151,0.060416,0.029672,0.031625,-0.997231
51.298,True,-0.029527,1.112989,-0.007173,0.059926,0.012488,0.033564,-0.997560,True,0.037483,1.104924,-0.007151,0.060514,0.028518,0.031904,-0.997250
51.310,True,-0.029560,1.113018,-0.007236,0.059996,0.012833,0.033573,-0.997551,True,0.037450,1.104954,-0.007166,0.060585,0.028863,0.031912,-0.997235
51.321,True,-0.029536,1.113037,-0.007285,0.060768,0.008096,0.033941,-0.997542,True,0.037477,1.104995,-0.007170,0.061352,0.024150,0.032279,-0.997302
51.332,True,-0.029511,1.113073,-0.007315,0.060915,0.008312,0.033817,-0.997535,True,0.037504,1.105050,-0.007171,0.061497,0.024366,0.032152,-0.997292
51.343,True,-0.029482,1.113090,-0.007350,0.061460,0.010067,0.033470,-0.997497,True,0.037536,1.105093,-0.007175,0.062039,0.026116,0.031803,-0.997225
51.354,True,-0.029497,1.113141,-0.007413,0.061918,0.010922,0.033438,-0.997461,True,0.037520,1.105136,-0.007229,0.062498,0.026967,0.031769,-0.997175
51.365,True,-0.029430,1.113156,-0.007444,0.062054,0.010986,0.033582,-0.997447,True,0.037585,1.105132,-0.007248,0.062636,0.027031,0.031910,-0.997160
51.376,True,-0.029483,1.113194,-0.007489,0.062154,0.011439,0.033471,-0.997440,True,0.037533,1.105174,-0.007323,0.062736,0.027481,0.031799,-0.997145
51.387,True,-0.029350,1.113163,-0.007518,0.061838,0.011317,0.033397,-0.997463,True,0.037667,1.105157,-0.007335,0.062418,0.027359,0.031723,-0.997171
51.398,True,-0.029285,1.113187,-0.007530,0.061788,0.010777,0.033373,-0.997473,True,0.037734,1.105193,-0.007346,0.062367,0.026822,0.031698,-0.997189
51.410,True,-0.029263,1.113201,-0.007608,0.062011,0.011095,0.033172,-0.997462,True,0.037759,1.105231,-0.007407,0.062587,0.027138,0.031492,-0.997173
51.421,True,-0.029188,1.113287,-0.007591,0.062120,0.011088,0.033255,-0.997453,True,0.037832,1.105306,-0.007390,0.062698,0.027130,0.031571,-0.997164
51.432,True,-0.029123,1.113336,-0.007598,0.062578,0.011103,0.033334,-0.997421,True,0.037895,1.105344,-0.007388,0.063157,0.027145,0.031647,-0.997132
51.443,True,-0.029060,1.113410,-0.007622,0.063163,0.010983,0.033502,-0.997380,True,0.037956,1.105394,-0.007421,0.063743,0.027025,0.031811,-0.997093
51.454,True,-0.028931,1.113478,-0.007607,0.063524,0.010401,0.033666,-0.997358,True,0.038082,1.105442,-0.007438,0.064106,0.026445,0.031972,-0.997080
51.465,True,-0.028762,1.113538,-0.007574,0.063858,0.009756,0.033832,-0.997338,True,0.038249,1.105480,-0.007449,0.064443,0.025801,0.032134,-0.997070
51.476,True,-0.028697,1.113585,-0.007588,0.064364,0.008248,0.034162,-0.997308,True,0.038310,1.105497,-0.007494,0.064951,0.024299,0.032462,-0.997064
51.487,True,-0.028582,1.113639,-0.007559,0.064927,0.001671,0.035070,-0.997272,True,0.038422,1.105518,-0.007482,0.065516,0.017746,0.033368,-0.997136
51.498,True,-0.028464,1.113700,-0.007516,0.063254,-0.018824,0.037507,-0.997115,True,0.038535,1.105538,-0.007470,0.063857,-0.002364,0.035773,-0.997315
51.510,True,-0.028364,1.113760,-0.007488,0.064463,-0.031933,0.039157,-0.996640,True,0.038629,1.105551,-0.007479,0.065067,-0.015516,0.037432,-0.997058
51.521,True,-0.028244,1.113794,-0.007431,0.063852,-0.036531,0.039893,-0.996492,True,0.038744,1.105547,-0.007456,0.064456,-0.020174,0.038175,-0.996986
51.532,True,-0.028119,1.113812,-0.007369,0.063262,-0.038642,0.040235,-0.996437,True,0.038866,1.105545,-0.007428,0.063866,-0.022318,0.038520,-0.996965
51.543,True,-0.028066,1.113821,-0.007356,0.063908,-0.042158,0.040684,-0.996235,True,0.038917,1.105534,-0.007453,0.064512,-0.025867,0.038972,-0.996820
51.554,True,-0.027960,1.113843,-0.007258,0.061890,-0.042155,0.040894,-0.996354,True,0.039045,1.110995,-0.006903,0.062494,-0.025910,0.039186,-0.996939
51.566,True,-0.027866,1.113825,-0.007182,0.062896,-0.043761,0.041062,-0.996214,True,0.039139,1.110968,-0.006867,0.063500,-0.027536,0.039357,-0.996825
51.576,True,-0.027820,1.113809,-0.007165,0.062755,-0.044439,0.041215,-0.996187,True,0.039184,1.110937,-0.006870,0.063360,-0.028232,0.039514,-0.996809
51.587,True,-0.027758,1.113793,-0.007074,0.062582,-0.045036,0.041280,-0.996168,True,0.039246,1.110914,-0.006812,0.063186,-0.028844,0.039583,-0.996799
51.598,True,-0.027691,1.113778,-0.006980,0.062541,-0.045552,0.041386,-0.996143,True,0.039313,1.110886,-0.006746,0.063146,-0.029373,0.039693,-0.996782
51.610,True,-0.027693,1.113757,-0.006917,0.061996,-0.045802,0.041255,-0.996171,True,0.039311,1.110886,-0.006691,0.062597,-0.029647,0.039565,-0.996814
51.621,True,-0.027683,1.113760,-0.006814,0.061787,-0.045292,0.041158,-0.996211,True,0.039322,1.110893,-0.006599,0.062386,-0.029153,0.039470,-0.996845
51.632,True,-0.027666,1.113755,-0.006734,0.061737,-0.044752,0.041156,-0.996239,True,0.039338,1.110882,-0.006513,0.062337,-0.028618,0.039470,-0.996864
51.643,True,-0.027703,1.113721,-0.006688,0.061583,-0.044859,0.041223,-0.996241,True,0.039301,1.110840,-0.006460,0.062184,-0.028733,0.039540,-0.996867
51.654,True,-0.027716,1.113695,-0.006581,0.060977,-0.045532,0.041383,-0.996241,True,0.039288,1.110801,-0.006360,0.061579,-0.029420,0.039706,-0.996878
51.665,True,-0.027717,1.113637,-0.006501,0.060796,-0.046075,0.041448,-0.996225,True,0.039286,1.110741,-0.006273,0.061397,-0.029969,0.039775,-0.996870
51.677,True,-0.027735,1.113583,-0.006466,0.060561,-0.045252,0.041331,-0.996281,True,0.039269,1.110690,-0.006229,0.061161,-0.029147,0.039662,-0.996914
51.688,True,-0.027756,1.113484,-0.006365,0.060310,-0.045282,0.041210,-0.996300,True,0.039248,1.110605,-0.006143,0.060909,-0.029185,0.039544,-0.996933
51.699,True,-0.027756,1.113414,-0.006286,0.060298,-0.045343,0.041092,-0.996303,True,0.039249,1.110553,-0.006053,0.060894,-0.029250,0.039429,-0.996936
51.710,True,-0.027799,1.113370,-0.006253,0.060334,-0.045633,0.041065,-0.996289,True,0.039207,1.110518,-0.006010,0.060930,-0.029543,0.039404,-0.996926
51.721,True,-0.027841,1.113332,-0.006161,0.059987,-0.045335,0.040853,-0.996332,True,0.039165,1.110506,-0.005909,0.060579,-0.029249,0.039194,-0.996965
51.732,True,-0.027858,1.113348,-0.006086,0.060024,-0.045402,0.040871,-0.996326,True,0.039148,1.110523,-0.005813,0.060616,-0.029319,0.039213,-0.996960
51.743,True,-0.027918,1.113297,-0.006042,0.060317,-0.045315,0.040642,-0.996322,True,0.039089,1.110500,-0.005770,0.060906,-0.029233,0.038985,-0.996953
51.754,True,-0.027935,1.113227,-0.005951,0.060711,-0.045266,0.040348,-0.996312,True,0.039074,1.110472,-0.005661,0.061295,-0.029186,0.038690,-0.996942
51.765,True,-0.027985,1.113286,-0.005913,0.060356,-0.045086,0.040335,-0.996342,True,0.039024,1.110533,-0.005609,0.060939,-0.029008,0.038677,-0.996970
51.777,True,-0.028017,1.113302,-0.005856,0.061080,-0.044281,0.040100,-0.996344,True,0.038993,1.110569,-0.005545,0.061662,-0.028200,0.038443,-0.996958
51.788,True,-0.028039,1.113366,-0.005775,0.060732,-0.040780,0.040106,-0.996514,True,0.038969,1.110587,-0.005452,0.061321,-0.024689,0.038445,-0.997072
51.799,True,-0.028052,1.113396,-0.005716,0.064540,-0.023131,0.038511,-0.996904,True,0.038955,1.110579,-0.005389,0.065141,-0.007009,0.036836,-0.997171
51.810,True,-0.028102,1.113458,-0.005678,0.064147,-0.021572,0.038604,-0.996960,True,0.038903,1.110605,-0.005359,0.064753,-0.005451,0.036931,-0.997203
51.821,True,-0.028136,1.113488,-0.005601,0.065874,-0.018913,0.038227,-0.996916,True,0.038869,1.110641,-0.005298,0.066479,-0.002789,0.036555,-0.997114
51.832,True,-0.028129,1.113456,-0.005543,0.065849,-0.015404,0.037604,-0.997002,True,0.038877,1.110643,-0.005243,0.066449,0.000717,0.035933,-0.997142
51.843,True,-0.028176,1.113420,-0.005550,0.065601,-0.015050,0.037337,-0.997034,True,0.038832,1.110638,-0.005257,0.066199,0.001069,0.035666,-0.997168
51.854,True,-0.028178,1.113396,-0.005486,0.066476,-0.009884,0.036728,-0.997063,True,0.038831,1.110620,-0.005203,0.067072,0.006230,0.035057,-0.997113
51.865,True,-0.028179,1.113360,-0.005432,0.066458,-0.008870,0.036720,-0.997074,True,0.038829,1.110568,-0.005164,0.067056,0.007242,0.035049,-0.997107
51.877,True,-0.028220,1.113303,-0.005453,0.066377,-0.012134,0.037015,-0.997034,True,0.038787,1.110515,-0.005193,0.066974,0.003985,0.035348,-0.997120
51.888,True,-0.028216,1.113232,-0.005412,0.067393,-0.013531,0.037151,-0.996943,True,0.038792,1.110438,-0.005170,0.067990,0.002590,0.035487,-0.997051
51.899,True,-0.028230,1.113156,-0.005413,0.067405,-0.012868,0.036863,-0.996962,True,0.038779,1.110388,-0.005189,0.067998,0.003252,0.035201,-0.997059
51.910,True,-0.028247,1.113071,-0.005431,0.067131,-0.012670,0.036605,-0.996992,True,0.038763,1.110335,-0.005213,0.067721,0.003451,0.034945,-0.997086
51.921,True,-0.028249,1.113032,-0.005372,0.067257,-0.011760,0.036361,-0.997004,True,0.038762,1.110315,-0.005157,0.067845,0.004360,0.034702,-0.997083
51.932,True,-0.028266,1.113011,-0.005347,0.067629,-0.011247,0.036159,-0.996992,True,0.038746,1.110316,-0.005117,0.068214,0.004873,0.034500,-0.997062
51.943,True,-0.028332,1.113058,-0.005375,0.067717,-0.011022,0.036187,-0.996987,True,0.038679,1.110358,-0.005137,0.068303,0.005097,0.034527,-0.997054
51.954,True,-0.028347,1.113087,-0.005350,0.067845,-0.010408,0.036220,-0.996984,True,0.038664,1.110377,-0.005092,0.068432,0.005710,0.034559,-0.997041
51.965,True,-0.028369,1.113102,-0.005306,0.067121,-0.010097,0.036266,-0.997034,True,0.038642,1.110384,-0.005043,0.067709,0.006019,0.034605,-0.997087
51.976,True,-0.028400,1.113108,-0.005322,0.067790,-0.009734,0.036180,-0.996996,True,0.038611,1.110396,-0.005047,0.068377,0.006383,0.034520,-0.997042
51.988,True,-0.028410,1.113106,-0.005304,0.066239,-0.008882,0.036131,-0.997110,True,0.038600,1.110394,-0.005018,0.066827,0.007232,0.034474,-0.997143
51.998,True,-0.028408,1.113075,-0.005292,0.065878,-0.008819,0.036072,-0.997137,True,0.038603,1.110374,-0.004983,0.066465,0.007295,0.034420,-0.997168
52.010,True,-0.028454,1.113037,-0.005316,0.065793,-0.008727,0.036172,-0.997139,True,0.038557,1.110323,-0.004995,0.066382,0.007387,0.034522,-0.997170
52.021,True,-0.028451,1.113005,-0.005294,0.065631,-0.008524,0.036347,-0.997145,True,0.038558,1.110265,-0.004970,0.066224,0.007590,0.034700,-0.997172
52.032,True,-0.028439,1.112974,-0.005273,0.065301,-0.008052,0.036310,-0.997172,True,0.038571,1.110234,-0.004943,0.065894,0.008062,0.034665,-0.997192
52.043,True,-0.028456,1.112920,-0.005285,0.064864,-0.008069,0.036196,-0.997205,True,0.038555,1.110196,-0.004957,0.065454,0.008044,0.034552,-0.997225
52.054,True,-0.029661,1.110647,-0.005830,0.064552,-0.008123,0.036110,-0.997228,True,0.038582,1.110172,-0.004926,0.065141,0.007990,0.034468,-0.997249
52.065,True,-0.029628,1.110634,-0.005812,0.064285,-0.008164,0.036009,-0.997248,True,0.038615,1.110173,-0.004913,0.064872,0.007949,0.034367,-0.997270
52.076,True,-0.029625,1.110640,-0.005831,0.064058,-0.008160,0.035954,-0.997265,True,0.038618,1.110187,-0.004936,0.064645,0.007952,0.034311,-0.997287
52.088,True,-0.029582,1.110646,-0.005805,0.064010,-0.008065,0.035942,-0.997269,True,0.038661,1.110194,-0.004912,0.064597,0.008047,0.034299,-0.997289
52.099,True,-0.029528,1.110666,-0.005783,0.063711,-0.008002,0.036022,-0.997286,True,0.038715,1.110201,-0.004894,0.064299,0.008109,0.034379,-0.997305
52.110,True,-0.029494,1.110697,-0.005812,0.063569,-0.007967,0.036026,-0.997295,True,0.038749,1.110230,-0.004934,0.064157,0.008143,0.034384,-0.997314
52.121,True,-0.029426,1.110713,-0.005755,0.063343,-0.007804,0.036122,-0.997307,True,0.038816,1.110229,-0.004892,0.063933,0.008305,0.034478,-0.997324
52.132,True,-0.029373,1.110750,-0.005747,0.063482,-0.007662,0.036188,-0.997297,True,0.038870,1.110254,-0.004885,0.064074,0.008447,0.034544,-0.997311
52.143,True,-0.029310,1.110783,-0.005732,0.063535,-0.007595,0.036279,-0.997291,True,0.038933,1.110271,-0.004884,0.064128,0.008514,0.034634,-0.997304
52.154,True,-0.029214,1.110812,-0.005691,0.063863,-0.007518,0.036458,-0.997264,True,0.039029,1.110272,-0.004860,0.064459,0.008591,0.034812,-0.997276
52.165,True,-0.029133,1.110842,-0.005653,0.063757,-0.007123,0.036584,-0.997269,True,0.039110,1.110276,-0.004841,0.064357,0.008984,0.034937,-0.997275
52.177,True,-0.029098,1.110865,-0.005652,0.063703,-0.006992,0.036665,-0.997271,True,0.039145,1.110283,-0.004861,0.064304,0.009114,0.035018,-0.997274
52.188,True,-0.029015,1.110867,-0.005630,0.063667,-0.006887,0.036760,-0.997270,True,0.039228,1.110267,-0.004863,0.064271,0.009218,0.035112,-0.997272
52.198,True,-0.028924,1.110865,-0.005598,0.063649,-0.006941,0.036932,-0.997265,True,0.039319,1.110238,-0.004853,0.064255,0.009164,0.035285,-0.997267
52.210,True,-0.028883,1.110878,-0.005595,0.063576,-0.007098,0.037035,-0.997264,True,0.039360,1.110235,-0.004872,0.064184,0.009007,0.035389,-0.997270
52.221,True,-0.028777,1.110870,-0.005562,0.063593,-0.007222,0.037289,-0.997253,True,0.039466,1.110192,-0.004852,0.064205,0.008883,0.035644,-0.997260
52.232,True,-0.028702,1.110847,-0.005532,0.063537,-0.007310,0.037392,-0.997252,True,0.039541,1.110152,-0.004842,0.064151,0.008794,0.035747,-0.997261
52.243,True,-0.028661,1.110854,-0.005504,0.063503,-0.007587,0.037702,-0.997240,True,0.039582,1.110114,-0.004849,0.064121,0.008518,0.036057,-0.997254
52.254,True,-0.028578,1.110877,-0.005474,0.063266,-0.007788,0.037871,-0.997248,True,0.039664,1.110119,-0.004814,0.063887,0.008316,0.036227,-0.997265
52.265,True,-0.028496,1.110892,-0.005437,0.063274,-0.007951,0.038053,-0.997239,True,0.039747,1.110109,-0.004787,0.063898,0.008152,0.036410,-0.997259
52.276,True,-0.028433,1.110910,-0.005419,0.063181,-0.007884,0.038158,-0.997241,True,0.039809,1.110109,-0.004781,0.063807,0.008219,0.036515,-0.997260
52.287,True,-0.028337,1.110902,-0.005408,0.063099,-0.007967,0.038244,-0.997243,True,0.039906,1.110092,-0.004759,0.063725,0.008137,0.036603,-0.997263
52.298,True,-0.028261,1.110904,-0.005355,0.062920,-0.008271,0.038232,-0.997252,True,0.039982,1.110096,-0.004730,0.063546,0.007832,0.036593,-0.997277
52.315,True,-0.028190,1.110889,-0.005363,0.062471,-0.008188,0.038198,-0.997282,True,0.040052,1.110086,-0.004735,0.063097,0.007915,0.036560,-0.997306
52.326,True,-0.028102,1.110876,-0.005340,0.062474,-0.008272,0.038285,-0.997278,True,0.040141,1.110062,-0.004710,0.063101,0.007831,0.036649,-0.997303
52.337,True,-0.028059,1.110880,-0.005316,0.062260,-0.008349,0.038423,-0.997285,True,0.040183,1.110046,-0.004697,0.062889,0.007755,0.036788,-0.997312
52.348,True,-0.027984,1.110883,-0.005286,0.062080,-0.008231,0.038537,-0.997293,True,0.040258,1.110033,-0.004666,0.062712,0.007871,0.036902,-0.997318
52.359,True,-0.027903,1.110886,-0.005250,0.061994,-0.008191,0.038631,-0.997295,True,0.040339,1.110022,-0.004630,0.062627,0.007912,0.036998,-0.997320
52.370,True,-0.027865,1.110877,-0.005238,0.061995,-0.008092,0.038687,-0.997294,True,0.040377,1.110004,-0.004612,0.062629,0.008010,0.037053,-0.997317
52.382,True,-0.027790,1.110853,-0.005219,0.062077,-0.007638,0.038546,-0.997298,True,0.040452,1.109997,-0.004571,0.062710,0.008464,0.036912,-0.997313
52.392,True,-0.027720,1.110843,-0.005200,0.062226,-0.007339,0.038562,-0.997290,True,0.040521,1.109984,-0.004530,0.062859,0.008763,0.036928,-0.997301
52.404,True,-0.027711,1.110832,-0.005192,0.062261,-0.007154,0.038514,-0.997291,True,0.040530,1.109980,-0.004509,0.062894,0.008948,0.036880,-0.997299
52.415,True,-0.027644,1.110848,-0.005174,0.062020,-0.007056,0.038576,-0.997304,True,0.040597,1.109991,-0.004462,0.062654,0.009046,0.036942,-0.997310
52.426,True,-0.027570,1.110880,-0.005145,0.061706,-0.007047,0.038729,-0.997318,True,0.040671,1.110005,-0.004415,0.062342,0.009054,0.037097,-0.997324
52.437,True,-0.027555,1.110862,-0.005151,0.061799,-0.006931,0.038771,-0.997311,True,0.040685,1.109980,-0.004416,0.062436,0.009171,0.037139,-0.997316
52.448,True,-0.027432,1.110777,-0.005086,0.061533,-0.007213,0.038751,-0.997326,True,0.040808,1.109902,-0.004352,0.062170,0.008889,0.037119,-0.997336
52.459,True,-0.027319,1.110761,-0.005027,0.061475,-0.007227,0.038765,-0.997329,True,0.040922,1.109884,-0.004294,0.062112,0.008875,0.037134,-0.997339
52.470,True,-0.027245,1.110848,-0.004984,0.061202,-0.007537,0.039029,-0.997334,True,0.040995,1.109938,-0.004262,0.061843,0.008564,0.037398,-0.997348
52.481,True,-0.027138,1.110927,-0.004921,0.061153,-0.007648,0.039328,-0.997324,True,0.041102,1.109975,-0.004213,0.061798,0.008454,0.037697,-0.997341
52.493,True,-0.027009,1.111076,-0.004843,0.059176,-0.004447,0.039680,-0.997449,True,0.041229,1.110035,-0.004153,0.059834,0.011642,0.038047,-0.997415
52.504,True,-0.026948,1.111158,-0.004799,0.057100,0.005837,0.038861,-0.997595,True,0.041290,1.110087,-0.004147,0.057767,0.021884,0.037227,-0.997396
52.515,True,-0.026833,1.111168,-0.004728,0.057997,0.008838,0.038433,-0.997538,True,0.041406,1.110104,-0.004117,0.058662,0.024872,0.036800,-0.997289
52.526,True,-0.026687,1.111139,-0.004641,0.058078,0.010399,0.037959,-0.997536,True,0.041553,1.110110,-0.004075,0.058739,0.026425,0.036332,-0.997262
52.537,True,-0.026627,1.111064,-0.004618,0.057473,0.012303,0.037406,-0.997570,True,0.041614,1.110084,-0.004069,0.058129,0.028319,0.035782,-0.997266
52.548,True,-0.026532,1.110979,-0.004554,0.056913,0.014499,0.037180,-0.997581,True,0.041709,1.109998,-0.004017,0.057571,0.030502,0.035559,-0.997242
52.559,True,-0.026436,1.110922,-0.004497,0.057163,0.013901,0.037462,-0.997565,True,0.041336,1.109852,-0.004197,0.057823,0.029907,0.035844,-0.997235
52.570,True,-0.026396,1.110861,-0.004456,0.057704,0.013932,0.037711,-0.997524,True,0.041376,1.109752,-0.004173,0.058367,0.029939,0.036096,-0.997193
52.582,True,-0.026301,1.110801,-0.004391,0.057737,0.014201,0.037938,-0.997510,True,0.041470,1.109653,-0.004128,0.058404,0.030207,0.036324,-0.997175
52.592,True,-0.026200,1.110746,-0.004328,0.057325,0.013592,0.038112,-0.997535,True,0.041571,1.109581,-0.004082,0.057995,0.029600,0.036502,-0.997210
52.604,True,-0.026145,1.110700,-0.004271,0.057225,0.012244,0.038308,-0.997551,True,0.041626,1.109524,-0.004043,0.057895,0.028259,0.036698,-0.997248
52.615,True,-0.026071,1.110693,-0.004211,0.057430,0.012074,0.038349,-0.997540,True,0.041700,1.109514,-0.003975,0.058101,0.028090,0.036740,-0.997239
52.626,True,-0.026014,1.110718,-0.004137,0.057567,0.012017,0.038503,-0.997527,True,0.041756,1.109519,-0.003900,0.058239,0.028033,0.036893,-0.997227
52.637,True,-0.026005,1.110774,-0.004101,0.057732,0.011806,0.038678,-0.997513,True,0.041765,1.109557,-0.003842,0.058407,0.027824,0.037069,-0.997216
52.648,True,-0.025959,1.110815,-0.004050,0.057882,0.011328,0.038856,-0.997503,True,0.041811,1.109582,-0.003775,0.058558,0.027350,0.037247,-0.997214
52.659,True,-0.025904,1.110784,-0.003983,0.057745,0.010402,0.038960,-0.997517,True,0.041865,1.109550,-0.003706,0.058421,0.026429,0.037353,-0.997243
52.671,True,-0.025900,1.110766,-0.003946,0.057544,0.007651,0.039184,-0.997544,True,0.041869,1.109539,-0.003668,0.058219,0.023692,0.037581,-0.997315
52.682,True,-0.025839,1.110752,-0.003899,0.060382,-0.011224,0.040886,-0.997275,True,0.041931,1.109537,-0.003611,0.061047,0.004887,0.039292,-0.997349
52.693,True,-0.025793,1.110753,-0.003842,0.062349,-0.022587,0.041922,-0.996918,True,0.041977,1.109542,-0.003554,0.063012,-0.006459,0.040335,-0.997176
52.704,True,-0.025739,1.110772,-0.003806,0.063916,-0.028630,0.042603,-0.996634,True,0.042031,1.109547,-0.003493,0.064580,-0.012500,0.041021,-0.996991
52.715,True,-0.025774,1.110760,-0.003771,0.065452,-0.035803,0.043380,-0.996269,True,0.041995,1.109516,-0.003470,0.066119,-0.019679,0.041804,-0.996742
52.726,True,-0.025721,1.110750,-0.003730,0.065643,-0.037916,0.043654,-0.996167,True,0.042048,1.109496,-0.003427,0.066311,-0.021796,0.042080,-0.996673
52.737,True,-0.025713,1.110727,-0.003688,0.065742,-0.039262,0.043732,-0.996104,True,0.042056,1.109478,-0.003391,0.066410,-0.023144,0.042160,-0.996633
52.748,True,-0.025657,1.110714,-0.003635,0.065275,-0.037093,0.043506,-0.996228,True,0.042113,1.109468,-0.003341,0.065941,-0.020972,0.041934,-0.996721
52.760,True,-0.025605,1.110723,-0.003580,0.065783,-0.037679,0.043447,-0.996175,True,0.042164,1.109491,-0.003294,0.066448,-0.021558,0.041873,-0.996678
52.771,True,-0.025589,1.110771,-0.003562,0.065826,-0.036952,0.043305,-0.996206,True,0.042181,1.109550,-0.003277,0.066490,-0.020831,0.041728,-0.996697
52.782,True,-0.025535,1.110835,-0.003519,0.065907,-0.036452,0.043253,-0.996221,True,0.042234,1.109615,-0.003237,0.066571,-0.020331,0.041673,-0.996704
52.793,True,-0.025434,1.110902,-0.003460,0.066184,-0.036950,0.043289,-0.996183,True,0.042336,1.109684,-0.003187,0.066847,-0.020830,0.041705,-0.996674
52.804,True,-0.025399,1.110985,-0.003430,0.066068,-0.036655,0.043490,-0.996193,True,0.042370,1.109736,-0.003166,0.066735,-0.020535,0.041903,-0.996679
52.815,True,-0.019770,1.119809,-0.001757,0.065326,-0.035609,0.043412,-0.996283,True,0.042446,1.109783,-0.003135,0.065992,-0.019490,0.041820,-0.996753
52.826,True,-0.019683,1.119870,-0.001729,0.065688,-0.035811,0.043541,-0.996246,True,0.042531,1.109831,-0.003099,0.066356,-0.019693,0.041945,-0.996719
52.837,True,-0.019655,1.119935,-0.001712,0.065795,-0.035609,0.043570,-0.996245,True,0.042558,1.109892,-0.003074,0.066464,-0.019491,0.041970,-0.996715
52.848,True,-0.019588,1.120016,-0.001679,0.066196,-0.035224,0.043755,-0.996224,True,0.042622,1.109944,-0.003035,0.066869,-0.019106,0.042150,-0.996688
52.859,True,-0.019542,1.120060,-0.001642,0.066360,-0.035247,0.043867,-0.996208,True,0.042665,1.109975,-0.002995,0.067034,-0.019130,0.042258,-0.996672
52.871,True,-0.019514,1.120105,-0.001624,0.066249,-0.035117,0.043963,-0.996216,True,0.042692,1.110008,-0.002969,0.066924,-0.019000,0.042353,-0.996678
52.882,True,-0.019453,1.120123,-0.001591,0.066626,-0.035321,0.044016,-0.996181,True,0.042751,1.110021,-0.002942,0.067303,-0.019204,0.042406,-0.996646
52.893,True,-0.019389,1.120128,-0.001574,0.066533,-0.035311,0.043968,-0.996189,True,0.042817,1.110031,-0.002924,0.067209,-0.019194,0.042358,-0.996655
52.904,True,-0.019370,1.120125,-0.001556,0.066346,-0.035558,0.043978,-0.996193,True,0.042835,1.110029,-0.002919,0.067021,-0.019441,0.042369,-0.996662
52.915,True,-0.019314,1.120106,-0.001520,0.065988,-0.036054,0.043872,-0.996203,True,0.042894,1.110028,-0.002894,0.066661,-0.019939,0.042265,-0.996681
52.926,True,-0.019259,1.120093,-0.001500,0.065618,-0.036471,0.043844,-0.996214,True,0.042950,1.110025,-0.002876,0.066289,-0.020357,0.042236,-0.996698
52.937,True,-0.019252,1.120093,-0.001489,0.065279,-0.036761,0.043771,-0.996229,True,0.042960,1.110038,-0.002868,0.065949,-0.020648,0.042164,-0.996718
52.949,True,-0.019200,1.120077,-0.001474,0.064556,-0.036923,0.043721,-0.996272,True,0.043014,1.110035,-0.002842,0.065223,-0.020812,0.042115,-0.996764
52.959,True,-0.019155,1.120073,-0.001455,0.064220,-0.036934,0.043725,-0.996293,True,0.043059,1.110031,-0.002817,0.064887,-0.020822,0.042121,-0.996786
52.970,True,-0.019152,1.120080,-0.001457,0.063719,-0.037178,0.043801,-0.996313,True,0.043061,1.110034,-0.002808,0.064387,-0.021068,0.042199,-0.996810
52.981,True,-0.019114,1.120068,-0.001449,0.063487,-0.037198,0.043909,-0.996322,True,0.043098,1.110011,-0.002795,0.064156,-0.021088,0.042309,-0.996820
52.992,True,-0.019061,1.120044,-0.001456,0.063343,-0.037306,0.044040,-0.996322,True,0.043149,1.109973,-0.002790,0.064014,-0.021196,0.042443,-0.996821
53.004,True,-0.019041,1.120023,-0.001479,0.063099,-0.037455,0.044204,-0.996324,True,0.043166,1.109935,-0.002804,0.063773,-0.021346,0.042611,-0.996826
53.015,True,-0.018999,1.119988,-0.001496,0.062526,-0.037482,0.044354,-0.996353,True,0.043206,1.109883,-0.002820,0.063201,-0.021373,0.042764,-0.996855
53.026,True,-0.018933,1.119967,-0.001527,0.062844,-0.036473,0.044416,-0.996367,True,0.043269,1.109842,-0.002847,0.063523,-0.020361,0.042830,-0.996853
53.037,True,-0.018910,1.119919,-0.001568,0.062535,-0.036401,0.044376,-0.996391,True,0.043291,1.109795,-0.002906,0.063213,-0.020288,0.042794,-0.996876
53.048,True,-0.018834,1.119854,-0.001604,0.062734,-0.037423,0.044366,-0.996341,True,0.043369,1.109740,-0.002956,0.063411,-0.021310,0.042788,-0.996842
53.059,True,-0.018768,1.119795,-0.001636,0.062474,-0.037472,0.044211,-0.996363,True,0.043438,1.109700,-0.003000,0.063149,-0.021359,0.042636,-0.996864
53.071,True,-0.018700,1.119762,-0.001681,0.066670,-0.030985,0.043494,-0.996345,True,0.043505,1.109665,-0.003049,0.067347,-0.014856,0.041914,-0.996738
53.082,True,-0.018643,1.119828,-0.001772,0.066778,-0.031040,0.043719,-0.996326,True,0.043558,1.109704,-0.003143,0.067458,-0.014912,0.042137,-0.996720
53.093,True,-0.018570,1.119838,-0.001820,0.069895,-0.032150,0.043716,-0.996077,True,0.043630,1.109716,-0.003209,0.070576,-0.016019,0.042133,-0.996488
53.104,True,-0.018503,1.119816,-0.001901,0.071290,-0.032606,0.043689,-0.995965,True,0.043698,1.109699,-0.003292,0.071971,-0.016474,0.042100,-0.996382
53.115,True,-0.018419,1.119811,-0.001949,0.071342,-0.031682,0.043447,-0.996002,True,0.043785,1.109712,-0.003345,0.072020,-0.015550,0.041853,-0.996403
53.126,True,-0.018321,1.119904,-0.002003,0.072787,-0.029436,0.043185,-0.995977,True,0.043883,1.109807,-0.003399,0.073464,-0.013302,0.041583,-0.996342
53.137,True,-0.018282,1.120015,-0.002065,0.073849,-0.023839,0.042763,-0.996067,True,0.043919,1.109900,-0.003454,0.074526,-0.007704,0.041151,-0.996340
53.148,True,-0.018204,1.120163,-0.002132,0.074293,-0.023848,0.043087,-0.996020,True,0.043991,1.110008,-0.003513,0.074976,-0.007713,0.041468,-0.996293
53.159,True,-0.018112,1.120325,-0.002210,0.076058,-0.023155,0.043342,-0.995892,True,0.044076,1.110123,-0.003589,0.076745,-0.007019,0.041716,-0.996153
53.171,True,-0.018061,1.120444,-0.002300,0.073160,-0.022306,0.043629,-0.996116,True,0.044120,1.110203,-0.003685,0.073852,-0.006176,0.041999,-0.996365
53.182,True,-0.017984,1.120494,-0.002391,0.071905,-0.020573,0.043449,-0.996252,True,0.044198,1.110257,-0.003786,0.072597,-0.004445,0.041819,-0.996474
53.193,True,-0.017914,1.120497,-0.002483,0.070999,-0.019556,0.043306,-0.996344,True,0.044269,1.110266,-0.003880,0.071689,-0.003430,0.041676,-0.996550
53.204,True,-0.017920,1.120467,-0.002592,0.073180,-0.018374,0.043228,-0.996212,True,0.044261,1.110225,-0.003991,0.073871,-0.002246,0.041598,-0.996397
53.215,True,-0.017847,1.120463,-0.002718,0.071361,-0.016787,0.043345,-0.996367,True,0.044330,1.110195,-0.004104,0.072057,-0.000663,0.041715,-0.996528
53.226,True,-0.017809,1.120471,-0.002818,0.071358,-0.016823,0.043585,-0.996356,True,0.044362,1.110172,-0.004206,0.072057,-0.000700,0.041955,-0.996518
53.237,True,-0.017801,1.120494,-0.002915,0.069806,-0.016288,0.043677,-0.996471,True,0.044368,1.110183,-0.004292,0.070507,-0.000169,0.042042,-0.996625
53.248,True,-0.017761,1.120530,-0.003013,0.070208,-0.016065,0.043622,-0.996449,True,0.044409,1.110222,-0.004383,0.070908,0.000054,0.041982,-0.996599
53.259,True,-0.017731,1.120574,-0.003105,0.069656,-0.014084,0.043368,-0.996528,True,0.044442,1.110277,-0.004470,0.070355,0.002030,0.041722,-0.996647
53.270,True,-0.017768,1.120629,-0.003192,0.070068,-0.015187,0.043308,-0.996486,True,0.044408,1.110355,-0.004538,0.070765,0.000928,0.041658,-0.996622
53.281,True,-0.017731,1.120660,-0.003343,0.070343,-0.014604,0.043175,-0.996481,True,0.044450,1.110403,-0.004629,0.071038,0.001510,0.041519,-0.996608
53.292,True,-0.017739,1.120723,-0.003407,0.069870,-0.013229,0.043027,-0.996540,True,0.044441,1.110467,-0.004703,0.070565,0.002883,0.041367,-0.996645
53.304,True,-0.017790,1.120804,-0.003493,0.070566,-0.013302,0.043101,-0.996487,True,0.044391,1.110543,-0.004759,0.071261,0.002810,0.041438,-0.996593
53.315,True,-0.017788,1.120852,-0.003592,0.070417,-0.012918,0.043082,-0.996503,True,0.044392,1.110591,-0.004844,0.071113,0.003193,0.041416,-0.996603
53.326,True,-0.017778,1.120884,-0.003677,0.070033,-0.012210,0.042902,-0.996547,True,0.044405,1.110640,-0.004915,0.070727,0.003899,0.041236,-0.996635
53.337,True,-0.017818,1.120889,-0.003767,0.069999,-0.011760,0.042665,-0.996565,True,0.044163,1.111398,-0.004820,0.070690,0.004349,0.040998,-0.996646
53.348,True,-0.017794,1.120906,-0.003868,0.070141,-0.011360,0.042467,-0.996568,True,0.044191,1.111437,-0.004903,0.070829,0.004749,0.040800,-0.996642
53.359,True,-0.017781,1.120892,-0.003949,0.069638,-0.010792,0.042267,-0.996618,True,0.044207,1.111444,-0.004972,0.070323,0.005315,0.040601,-0.996684
53.370,True,-0.017831,1.120875,-0.004029,0.070099,-0.011169,0.042362,-0.996578,True,0.044157,1.111423,-0.005025,0.070785,0.004940,0.040697,-0.996649
53.382,True,-0.017788,1.120867,-0.004116,0.069993,-0.011228,0.042649,-0.996572,True,0.044196,1.111383,-0.005097,0.070684,0.004881,0.040983,-0.996645
53.392,True,-0.017752,1.120865,-0.004192,0.069667,-0.010558,0.042838,-0.996594,True,0.044227,1.111351,-0.005164,0.070362,0.005549,0.041174,-0.996656
53.404,True,-0.017760,1.120859,-0.004252,0.069599,-0.011165,0.042987,-0.996586,True,0.044218,1.111336,-0.005217,0.070296,0.004944,0.041325,-0.996658
53.415,True,-0.017713,1.120851,-0.004325,0.069432,-0.011127,0.042957,-0.996599,True,0.044266,1.111333,-0.005280,0.070128,0.004982,0.041298,-0.996670
53.426,True,-0.017666,1.120833,-0.004382,0.069353,-0.010803,0.042786,-0.996616,True,0.044316,1.111334,-0.005330,0.070046,0.005306,0.041128,-0.996682
53.437,True,-0.017671,1.120846,-0.004435,0.069394,-0.010604,0.042671,-0.996620,True,0.044313,1.111360,-0.005376,0.070085,0.005505,0.041011,-0.996682
53.448,True,-0.017618,1.120897,-0.004483,0.067350,-0.007581,0.042566,-0.996792,True,0.044363,1.111392,-0.005416,0.068045,0.008517,0.040903,-0.996807
53.459,True,-0.017551,1.120957,-0.004516,0.068536,-0.007192,0.042660,-0.996710,True,0.044427,1.111432,-0.005450,0.069233,0.008906,0.040993,-0.996718
53.470,True,-0.017513,1.121019,-0.004558,0.068826,-0.005434,0.042608,-0.996704,True,0.044463,1.111476,-0.005497,0.069525,0.010659,0.040937,-0.996683
53.482,True,-0.017424,1.121077,-0.004586,0.069105,-0.004191,0.042630,-0.996689,True,0.044547,1.111512,-0.005539,0.069807,0.011899,0.040955,-0.996649
53.492,True,-0.017334,1.121118,-0.004617,0.069390,-0.003008,0.042564,-0.996677,True,0.044636,1.111542,-0.005589,0.070092,0.013077,0.040886,-0.996617
53.504,True,-0.017289,1.121142,-0.004637,0.069774,-0.003972,0.042664,-0.996642,True,0.044679,1.111559,-0.005639,0.070476,0.012116,0.040985,-0.996598
53.515,True,-0.017190,1.121151,-0.004648,0.069842,-0.004230,0.042748,-0.996633,True,0.044776,1.111555,-0.005680,0.070546,0.011858,0.041068,-0.996592
53.526,True,-0.017097,1.121161,-0.004669,0.069911,-0.004461,0.042803,-0.996625,True,0.044867,1.111557,-0.005729,0.070616,0.011627,0.041122,-0.996588
53.537,True,-0.017027,1.121161,-0.004686,0.069926,-0.004781,0.042906,-0.996618,True,0.044933,1.111541,-0.005784,0.070632,0.011306,0.041225,-0.996586
53.548,True,-0.016934,1.121168,-0.004695,0.069962,-0.005020,0.042910,-0.996614,True,0.045025,1.111546,-0.005823,0.070668,0.011067,0.041229,-0.996586
53.559,True,-0.016825,1.121176,-0.004703,0.070137,-0.005277,0.042925,-0.996600,True,0.045134,1.111549,-0.005860,0.070843,0.010810,0.041240,-0.996576
53.570,True,-0.016789,1.121203,-0.004719,0.070519,-0.008118,0.043153,-0.996544,True,0.045169,1.111579,-0.005897,0.071224,0.007976,0.041468,-0.996566
53.582,True,-0.016712,1.121246,-0.004720,0.070601,-0.010221,0.043391,-0.996508,True,0.045246,1.111618,-0.005907,0.071307,0.005879,0.041704,-0.996565
53.593,True,-0.016671,1.121262,-0.004716,0.070796,-0.013003,0.043631,-0.996451,True,0.045287,1.111635,-0.005926,0.071502,0.003101,0.041941,-0.996554
53.604,True,-0.016660,1.121330,-0.004720,0.070770,-0.015390,0.044132,-0.996397,True,0.045293,1.111674,-0.005915,0.071480,0.000717,0.042443,-0.996538
53.615,True,-0.016616,1.121376,-0.004720,0.071177,-0.009779,0.043779,-0.996455,True,0.045333,1.111690,-0.005909,0.071890,0.006318,0.042084,-0.996504
53.626,True,-0.016590,1.121391,-0.004725,0.071491,-0.002527,0.043203,-0.996502,True,0.045355,1.111684,-0.005907,0.072205,0.013550,0.041504,-0.996434
53.637,True,-0.016617,1.121404,-0.004742,0.071622,0.003460,0.042678,-0.996512,True,0.045327,1.111685,-0.005917,0.072337,0.019514,0.040977,-0.996347
53.648,True,-0.016615,1.121394,-0.004737,0.071496,0.003605,0.042714,-0.996519,True,0.045328,1.111669,-0.005912,0.072212,0.019658,0.041014,-0.996352
53.660,True,-0.016611,1.121370,-0.004730,0.071345,0.004747,0.042567,-0.996532,True,0.045333,1.111650,-0.005902,0.072060,0.020796,0.040870,-0.996346
53.671,True,-0.016656,1.121317,-0.004746,0.071318,0.004745,0.042412,-0.996540,True,0.045290,1.111616,-0.005920,0.072031,0.020794,0.040715,-0.996354
53.682,True,-0.016677,1.121241,-0.004733,0.071080,0.003614,0.042317,-0.996566,True,0.045274,1.111569,-0.005903,0.071790,0.019668,0.040623,-0.996398
53.693,True,-0.016695,1.121198,-0.004731,0.070959,0.003780,0.042299,-0.996575,True,0.045257,1.111530,-0.005882,0.071668,0.019835,0.040607,-0.996404
53.704,True,-0.016764,1.121183,-0.004713,0.070753,0.003044,0.042121,-0.996600,True,0.045194,1.111548,-0.005862,0.071458,0.019102,0.040430,-0.996441
53.715,True,-0.016805,1.121164,-0.004685,0.070663,0.002710,0.042011,-0.996612,True,0.045156,1.111549,-0.005826,0.071366,0.018769,0.040320,-0.996458
53.726,True,-0.016836,1.121123,-0.004646,0.070612,0.002717,0.041762,-0.996626,True,0.045130,1.111541,-0.005774,0.071311,0.018776,0.040071,-0.996472
53.737,True,-0.016898,1.121089,-0.004616,0.070601,0.002658,0.041484,-0.996638,True,0.045074,1.111545,-0.005733,0.071295,0.018718,0.039793,-0.996486
53.748,True,-0.016924,1.121127,-0.004567,0.070645,0.003052,0.041300,-0.996642,True,0.045052,1.111604,-0.005660,0.071337,0.019111,0.039607,-0.996482
53.760,True,-0.016949,1.121191,-0.004507,0.070538,0.003169,0.041303,-0.996649,True,0.045026,1.111668,-0.005593,0.071230,0.019228,0.039611,-0.996488
53.771,True,-0.017006,1.121249,-0.004482,0.070596,0.003213,0.041426,-0.996639,True,0.044967,1.111711,-0.005560,0.071290,0.019272,0.039732,-0.996478
53.782,True,-0.017027,1.121291,-0.004426,0.070493,0.003132,0.041653,-0.996637,True,0.044943,1.111727,-0.005495,0.071191,0.019191,0.039960,-0.996477
53.793,True,-0.017056,1.121323,-0.004365,0.070318,0.003058,0.041803,-0.996644,True,0.044911,1.111741,-0.005442,0.071018,0.019118,0.040112,-0.996485
53.804,True,-0.017108,1.121327,-0.004349,0.070058,0.003185,0.041705,-0.996666,True,0.044861,1.111756,-0.005431,0.070756,0.019244,0.040016,-0.996505
53.815,True,-0.017134,1.121294,-0.004285,0.069716,0.003143,0.041536,-0.996697,True,0.044838,1.111745,-0.005374,0.070412,0.019203,0.039852,-0.996537
53.826,True,-0.017170,1.121221,-0.004233,0.069365,0.003227,0.041299,-0.996731,True,0.044806,1.111703,-0.005321,0.070058,0.019287,0.039620,-0.996569
53.837,True,-0.017250,1.121135,-0.004208,0.069120,0.003336,0.041155,-0.996754,True,0.044730,1.111635,-0.005291,0.069811,0.019396,0.039480,-0.996590
53.848,True,-0.017304,1.121036,-0.004166,0.068846,0.003249,0.041197,-0.996771,True,0.044675,1.111534,-0.005243,0.069537,0.019311,0.039525,-0.996609
53.859,True,-0.017347,1.120951,-0.004104,0.068557,0.003344,0.041256,-0.996788,True,0.044631,1.111440,-0.005198,0.069249,0.019404,0.039587,-0.996625
53.871,True,-0.017408,1.120843,-0.004075,0.068402,0.003110,0.041191,-0.996802,True,0.044571,1.111339,-0.005194,0.069092,0.019172,0.039525,-0.996643
53.882,True,-0.017436,1.120753,-0.004015,0.068119,0.002845,0.041048,-0.996828,True,0.044545,1.111268,-0.005153,0.068808,0.018907,0.039385,-0.996673
53.893,True,-0.017477,1.120677,-0.003967,0.067911,0.003107,0.040794,-0.996852,True,0.044508,1.111220,-0.005114,0.068595,0.019169,0.039133,-0.996692
53.904,True,-0.017564,1.120660,-0.003934,0.067779,0.003216,0.040574,-0.996870,True,0.044425,1.111230,-0.005082,0.068461,0.019277,0.038915,-0.996708
53.915,True,-0.017648,1.120653,-0.003876,0.067669,0.002991,0.040374,-0.996886,True,0.044345,1.111252,-0.005019,0.068347,0.019053,0.038716,-0.996728
53.926,True,-0.017731,1.120661,-0.003844,0.066888,0.003125,0.040305,-0.996941,True,0.044265,1.111273,-0.004962,0.067565,0.019186,0.038645,-0.996782
53.937,True,-0.017840,1.120717,-0.003841,0.066088,0.003490,0.040313,-0.996993,True,0.044157,1.111331,-0.004930,0.066767,0.019550,0.038654,-0.996828
53.948,True,-0.017914,1.120734,-0.003801,0.064758,0.003713,0.040353,-0.997078,True,0.044083,1.111348,-0.004870,0.065439,0.019770,0.038695,-0.996910
53.959,True,-0.017996,1.120705,-0.003763,0.064147,0.004069,0.040302,-0.997118,True,0.044003,1.111324,-0.004818,0.064828,0.020125,0.038646,-0.996945
53.970,True,-0.018086,1.120691,-0.003756,0.063497,0.003826,0.040211,-0.997164,True,0.043915,1.111329,-0.004802,0.064177,0.019882,0.038556,-0.996995
53.981,True,-0.018162,1.120673,-0.003717,0.062601,-0.000563,0.040435,-0.997219,True,0.043844,1.111341,-0.004758,0.063277,0.015509,0.038783,-0.997122
53.993,True,-0.018233,1.120666,-0.003688,0.060898,-0.010550,0.041343,-0.997232,True,0.043776,1.111356,-0.004707,0.061571,0.005546,0.039695,-0.997298
54.004,True,-0.018320,1.120680,-0.003699,0.060292,-0.009953,0.041352,-0.997274,True,0.043689,1.111367,-0.004693,0.060966,0.006140,0.039703,-0.997331
54.015,True,-0.018399,1.120669,-0.003673,0.059745,-0.010257,0.041430,-0.997301,True,0.043610,1.111354,-0.004651,0.060420,0.005836,0.039779,-0.997363
54.026,True,-0.018474,1.120646,-0.003633,0.058555,-0.011781,0.041532,-0.997350,True,0.043537,1.111341,-0.004609,0.059229,0.004313,0.039882,-0.997438
54.037,True,-0.018530,1.120636,-0.003647,0.058055,-0.012243,0.041510,-0.997375,True,0.043483,1.111343,-0.004608,0.058727,0.003850,0.039861,-0.997471
54.048,True,-0.018582,1.120597,-0.003612,0.057728,-0.012517,0.041341,-0.997397,True,0.043435,1.111329,-0.004578,0.058397,0.003576,0.039692,-0.997498
54.059,True,-0.018614,1.120617,-0.003583,0.057477,-0.013100,0.041349,-0.997404,True,0.043404,1.111356,-0.004547,0.058145,0.002994,0.039698,-0.997514
54.071,True,-0.018665,1.120660,-0.003597,0.057345,-0.013249,0.041371,-0.997409,True,0.043353,1.111400,-0.004550,0.058013,0.002844,0.039719,-0.997521
54.087,True,-0.018690,1.120764,-0.003547,0.057070,-0.016218,0.041816,-0.997362,True,0.043325,1.111488,-0.004500,0.057739,-0.000124,0.040159,-0.997524
54.098,True,-0.018704,1.120821,-0.003542,0.057203,-0.016250,0.041926,-0.997350,True,0.043309,1.111530,-0.004497,0.057873,-0.000155,0.040268,-0.997512
54.109,True,-0.018731,1.120839,-0.003561,0.055604,-0.016879,0.042053,-0.997424,True,0.043281,1.111543,-0.004527,0.056276,-0.000788,0.040394,-0.997598
54.121,True,-0.018717,1.120837,-0.003520,0.055360,-0.017761,0.042211,-0.997416,True,0.043294,1.111531,-0.004496,0.056032,-0.001669,0.040554,-0.997604
54.132,True,-0.018731,1.120811,-0.003508,0.055350,-0.017948,0.042291,-0.997410,True,0.043278,1.111494,-0.004506,0.056023,-0.001856,0.040634,-0.997601
54.143,True,-0.018729,1.120788,-0.003510,0.054595,-0.019233,0.042530,-0.997417,True,0.043277,1.111457,-0.004522,0.055269,-0.003141,0.040876,-0.997630
54.154,True,-0.018718,1.120757,-0.003487,0.054365,-0.020385,0.042727,-0.997398,True,0.043286,1.111413,-0.004526,0.055040,-0.004294,0.041073,-0.997630
54.165,True,-0.018720,1.120758,-0.003493,0.054385,-0.020516,0.042850,-0.997389,True,0.043281,1.111398,-0.004547,0.055062,-0.004425,0.041195,-0.997623
54.176,True,-0.018718,1.120756,-0.003472,0.054550,-0.021041,0.042976,-0.997364,True,0.043281,1.111383,-0.004546,0.055228,-0.004950,0.041320,-0.997606
54.187,True,-0.018709,1.120762,-0.003444,0.055131,-0.021840,0.043033,-0.997312,True,0.043290,1.111390,-0.004524,0.055809,-0.005748,0.041375,-0.997567
54.198,True,-0.018717,1.120786,-0.003453,0.055282,-0.021833,0.043125,-0.997300,True,0.043280,1.111402,-0.004529,0.055961,-0.005742,0.041463,-0.997555
54.209,True,-0.018731,1.120803,-0.003449,0.056148,-0.021933,0.043100,-0.997251,True,0.043267,1.111420,-0.004529,0.056827,-0.005840,0.041436,-0.997507
54.220,True,-0.018739,1.120834,-0.003424,0.055530,-0.022451,0.043201,-0.997269,True,0.043257,1.111447,-0.004510,0.056209,-0.006360,0.041535,-0.997534
54.231,True,-0.018755,1.120840,-0.003434,0.056945,-0.022311,0.043162,-0.997194,True,0.043242,1.111452,-0.004520,0.057624,-0.006217,0.041495,-0.997456
54.243,True,-0.018770,1.120837,-0.003438,0.056615,-0.022915,0.043237,-0.997196,True,0.043227,1.111449,-0.004522,0.057294,-0.006822,0.041571,-0.997468
54.254,True,-0.018796,1.120819,-0.003423,0.057320,-0.023160,0.043275,-0.997149,True,0.043199,1.111426,-0.004516,0.057999,-0.007064,0.041609,-0.997424
54.265,True,-0.018801,1.120788,-0.003426,0.057246,-0.023095,0.043272,-0.997155,True,0.043195,1.111395,-0.004512,0.057925,-0.007000,0.041607,-0.997429
54.276,True,-0.018876,1.120757,-0.003450,0.057580,-0.023339,0.043211,-0.997132,True,0.043121,1.111375,-0.004532,0.058258,-0.007243,0.041548,-0.997410
54.287,True,-0.018926,1.120739,-0.003443,0.057525,-0.023141,0.043102,-0.997145,True,0.043073,1.111370,-0.004514,0.058202,-0.007044,0.041440,-0.997420
54.298,True,-0.019005,1.120717,-0.003454,0.057522,-0.023124,0.043009,-0.997149,True,0.042996,1.111360,-0.004523,0.058197,-0.007027,0.041346,-0.997424
54.310,True,-0.019057,1.120666,-0.003460,0.057734,-0.023258,0.042794,-0.997143,True,0.042949,1.111338,-0.004519,0.058405,-0.007160,0.041132,-0.997420
54.321,True,-0.019098,1.120613,-0.003460,0.057798,-0.023255,0.042589,-0.997148,True,0.042912,1.111312,-0.004508,0.058465,-0.007157,0.040928,-0.997425
54.332,True,-0.023139,1.114342,-0.004537,0.057921,-0.023693,0.042444,-0.997137,True,0.042857,1.111307,-0.004520,0.058585,-0.007595,0.040783,-0.997420
54.343,True,-0.023188,1.114347,-0.004544,0.058006,-0.023885,0.042180,-0.997139,True,0.042810,1.111350,-0.004524,0.058665,-0.007786,0.040519,-0.997425
54.354,True,-0.023223,1.114365,-0.004539,0.058191,-0.023957,0.041929,-0.997137,True,0.042776,1.111404,-0.004508,0.058846,-0.007858,0.040267,-0.997424
54.365,True,-0.023262,1.114346,-0.004564,0.058663,-0.023983,0.041761,-0.997116,True,0.042739,1.111412,-0.004513,0.059315,-0.007884,0.040094,-0.997403
54.376,True,-0.023303,1.114357,-0.004551,0.059087,-0.023962,0.041649,-0.997096,True,0.042699,1.111440,-0.004484,0.059737,-0.007863,0.039977,-0.997382
54.387,True,-0.023323,1.114401,-0.004547,0.059442,-0.023873,0.041541,-0.997081,True,0.042679,1.111503,-0.004448,0.060090,-0.007773,0.039866,-0.997366
54.398,True,-0.023365,1.114511,-0.004580,0.059868,-0.024088,0.041876,-0.997037,True,0.042636,1.111573,-0.004466,0.060521,-0.007988,0.040199,-0.997325
54.409,True,-0.023376,1.114564,-0.004576,0.060022,-0.024264,0.042211,-0.997009,True,0.042622,1.111588,-0.004442,0.060681,-0.008165,0.040533,-0.997301
54.420,True,-0.023384,1.114627,-0.004561,0.060037,-0.024347,0.042655,-0.996987,True,0.042612,1.111594,-0.004414,0.060703,-0.008248,0.040977,-0.997280
54.431,True,-0.023413,1.114665,-0.004598,0.059764,-0.024384,0.042870,-0.996993,True,0.042582,1.111606,-0.004440,0.060433,-0.008285,0.041194,-0.997288
54.443,True,-0.023413,1.114684,-0.004582,0.059591,-0.024607,0.042924,-0.996996,True,0.042581,1.111619,-0.004435,0.060260,-0.008509,0.041250,-0.997294
54.454,True,-0.023407,1.114660,-0.004563,0.059611,-0.024875,0.042859,-0.996991,True,0.042588,1.111605,-0.004429,0.060278,-0.008776,0.041186,-0.997293
54.465,True,-0.023419,1.114639,-0.004583,0.059621,-0.024835,0.042712,-0.996998,True,0.042577,1.111602,-0.004449,0.060286,-0.008735,0.041040,-0.997299
54.476,True,-0.023407,1.114611,-0.004602,0.059641,-0.024610,0.042700,-0.997003,True,0.042589,1.111574,-0.004456,0.060307,-0.008510,0.041029,-0.997300
54.487,True,-0.023425,1.114597,-0.004559,0.059710,-0.024828,0.042913,-0.996984,True,0.042570,1.111532,-0.004432,0.060379,-0.008728,0.041242,-0.997285
54.498,True,-0.023460,1.114541,-0.004577,0.060295,-0.027559,0.043184,-0.996865,True,0.042535,1.111472,-0.004471,0.060963,-0.011459,0.041515,-0.997211
54.509,True,-0.023477,1.114485,-0.004565,0.061219,-0.033163,0.043636,-0.996618,True,0.042518,1.111426,-0.004478,0.061884,-0.017065,0.041973,-0.997054
54.521,True,-0.023461,1.114439,-0.004550,0.059910,-0.037876,0.043927,-0.996517,True,0.042535,1.111407,-0.004468,0.060569,-0.021790,0.042270,-0.997031
54.532,True,-0.023518,1.114375,-0.004562,0.058589,-0.042938,0.044041,-0.996386,True,0.042481,1.111396,-0.004496,0.059238,-0.026865,0.042391,-0.996982
54.543,True,-0.023546,1.114348,-0.004554,0.059139,-0.046581,0.044157,-0.996184,True,0.042454,1.111405,-0.004472,0.059782,-0.030518,0.042510,-0.996839
54.554,True,-0.023573,1.114359,-0.004540,0.060133,-0.048126,0.044251,-0.996047,True,0.042428,1.111424,-0.004446,0.060776,-0.032067,0.042604,-0.996726
54.565,True,-0.023651,1.114387,-0.004584,0.061327,-0.048308,0.044254,-0.995965,True,0.042350,1.111456,-0.004465,0.061971,-0.032248,0.042605,-0.996647
54.576,True,-0.023699,1.114453,-0.004565,0.061211,-0.048250,0.044260,-0.995975,True,0.042302,1.111521,-0.004439,0.061856,-0.032190,0.042613,-0.996655
54.587,True,-0.023713,1.114451,-0.004554,0.062458,-0.050633,0.044467,-0.995770,True,0.042288,1.111524,-0.004411,0.063103,-0.034580,0.042820,-0.996488
54.598,True,-0.023779,1.114426,-0.004598,0.063540,-0.050920,0.044452,-0.995688,True,0.042222,1.111504,-0.004441,0.064185,-0.034866,0.042805,-0.996410
54.610,True,-0.023798,1.114403,-0.004599,0.063400,-0.050762,0.044312,-0.995711,True,0.042203,1.111500,-0.004423,0.064043,-0.034708,0.042668,-0.996430
54.621,True,-0.023819,1.114378,-0.004602,0.063747,-0.052498,0.044332,-0.995598,True,0.042184,1.111497,-0.004407,0.064388,-0.036451,0.042692,-0.996345
54.632,True,-0.023852,1.114346,-0.004638,0.062994,-0.050797,0.044200,-0.995740,True,0.042151,1.111462,-0.004434,0.063635,-0.034744,0.042559,-0.996460
54.643,True,-0.023884,1.114315,-0.004659,0.062862,-0.051546,0.044369,-0.995702,True,0.042118,1.111423,-0.004427,0.063503,-0.035497,0.042731,-0.996434
54.654,True,-0.023905,1.114301,-0.004658,0.062593,-0.051495,0.044544,-0.995714,True,0.042097,1.111388,-0.004408,0.063237,-0.035446,0.042907,-0.996446
54.665,True,-0.023989,1.114296,-0.004694,0.062342,-0.051247,0.044608,-0.995740,True,0.042012,1.111374,-0.004433,0.062987,-0.035199,0.042970,-0.996467
54.676,True,-0.023988,1.114293,-0.004678,0.062979,-0.051683,0.044619,-0.995677,True,0.042013,1.111377,-0.004398,0.063624,-0.035636,0.042982,-0.996411
54.687,True,-0.023993,1.114296,-0.004658,0.063332,-0.051736,0.044593,-0.995653,True,0.042009,1.111386,-0.004365,0.063977,-0.035689,0.042955,-0.996388
54.698,True,-0.024026,1.114355,-0.004703,0.063724,-0.051637,0.044632,-0.995631,True,0.041975,1.111441,-0.004387,0.064371,-0.035589,0.042993,-0.996364
54.709,True,-0.024012,1.114377,-0.004675,0.064270,-0.052020,0.044707,-0.995572,True,0.041988,1.111460,-0.004358,0.064918,-0.035974,0.043065,-0.996312
54.721,True,-0.023993,1.114423,-0.004642,0.064473,-0.052363,0.044846,-0.995535,True,0.042007,1.111493,-0.004318,0.065123,-0.036319,0.043204,-0.996280
54.732,True,-0.023991,1.114474,-0.004672,0.064566,-0.052636,0.044950,-0.995510,True,0.042009,1.111532,-0.004359,0.065216,-0.036592,0.043307,-0.996259
54.743,True,-0.023955,1.114493,-0.004636,0.064531,-0.053319,0.045025,-0.995473,True,0.042045,1.111549,-0.004339,0.065182,-0.037278,0.043381,-0.996233
54.754,True,-0.023899,1.114530,-0.004588,0.064488,-0.053612,0.045211,-0.995451,True,0.042100,1.111562,-0.004303,0.065141,-0.037572,0.043568,-0.996216
54.765,True,-0.023903,1.114537,-0.004612,0.064692,-0.053891,0.045248,-0.995421,True,0.042095,1.111565,-0.004347,0.065346,-0.037852,0.043604,-0.996191
54.776,True,-0.023846,1.114563,-0.004560,0.064602,-0.053346,0.045312,-0.995454,True,0.042152,1.111574,-0.004313,0.065257,-0.037305,0.043665,-0.996214
54.787,True,-0.023792,1.114596,-0.004489,0.064273,-0.050726,0.045096,-0.995622,True,0.042206,1.111598,-0.004262,0.064929,-0.034674,0.043444,-0.996341
54.799,True,-0.023802,1.114630,-0.004501,0.057851,-0.029711,0.043043,-0.996954,True,0.042195,1.111636,-0.004293,0.058509,-0.013619,0.041370,-0.997336
54.809,True,-0.023752,1.114699,-0.004411,0.055834,-0.026090,0.042897,-0.997177,True,0.042244,1.111678,-0.004227,0.056496,-0.010002,0.041216,-0.997502
54.821,True,-0.023707,1.114737,-0.004340,0.056231,-0.024528,0.042622,-0.997206,True,0.042290,1.111729,-0.004169,0.056893,-0.008440,0.040937,-0.997505
54.832,True,-0.023729,1.114738,-0.004363,0.055992,-0.021282,0.042228,-0.997311,True,0.042268,1.111738,-0.004196,0.056655,-0.005195,0.040539,-0.997557
54.843,True,-0.023711,1.114759,-0.004312,0.056317,-0.021790,0.042290,-0.997279,True,0.043055,1.105048,-0.004759,0.056981,-0.005702,0.040601,-0.997533
54.854,True,-0.023681,1.114698,-0.004249,0.056257,-0.023416,0.042344,-0.997243,True,0.043087,1.104999,-0.004717,0.056917,-0.007328,0.040657,-0.997524
54.865,True,-0.023699,1.114679,-0.004238,0.054401,-0.017298,0.041703,-0.997498,True,0.043069,1.104982,-0.004723,0.055065,-0.001215,0.040017,-0.997680
54.876,True,-0.023692,1.114661,-0.004196,0.056937,-0.022378,0.042123,-0.997238,True,0.043076,1.104968,-0.004700,0.057597,-0.006287,0.040441,-0.997501
54.887,True,-0.023680,1.114640,-0.004121,0.056484,-0.020934,0.041900,-0.997304,True,0.043090,1.104957,-0.004636,0.057144,-0.004843,0.040219,-0.997544
54.898,True,-0.023727,1.114604,-0.004144,0.058160,-0.022961,0.042012,-0.997159,True,0.043044,1.104928,-0.004663,0.058818,-0.006866,0.040334,-0.997430
54.909,True,-0.023735,1.114570,-0.004101,0.058358,-0.021954,0.041933,-0.997173,True,0.043036,1.104894,-0.004598,0.059017,-0.005858,0.040256,-0.997428
54.921,True,-0.023755,1.114523,-0.004046,0.057887,-0.020872,0.041874,-0.997226,True,0.043015,1.104841,-0.004537,0.058547,-0.004776,0.040200,-0.997464
54.932,True,-0.023817,1.114455,-0.004064,0.057543,-0.021122,0.041874,-0.997241,True,0.042954,1.104777,-0.004553,0.058203,-0.005026,0.040206,-0.997482
54.943,True,-0.023845,1.114384,-0.004036,0.057596,-0.020885,0.041777,-0.997247,True,0.042927,1.104717,-0.004517,0.058254,-0.004787,0.040113,-0.997484
54.954,True,-0.023845,1.114336,-0.003981,0.057509,-0.021304,0.041785,-0.997243,True,0.042928,1.104674,-0.004455,0.058166,-0.005205,0.040126,-0.997487
54.965,True,-0.023887,1.114261,-0.003990,0.057496,-0.021054,0.041534,-0.997259,True,0.042890,1.104629,-0.004468,0.058150,-0.004955,0.039878,-0.997499
54.976,True,-0.023908,1.114202,-0.003929,0.057329,-0.021314,0.041444,-0.997267,True,0.042872,1.104585,-0.004413,0.057981,-0.005214,0.039789,-0.997511
54.987,True,-0.023911,1.114175,-0.003866,0.057412,-0.021286,0.041313,-0.997268,True,0.042871,1.104575,-0.004346,0.058062,-0.005186,0.039660,-0.997511
54.999,True,-0.023914,1.114178,-0.003810,0.057730,-0.021377,0.041214,-0.997252,True,0.042870,1.104593,-0.004278,0.058378,-0.005275,0.039564,-0.997496
55.009,True,-0.023960,1.114113,-0.003843,0.057765,-0.021481,0.041082,-0.997253,True,0.042827,1.104548,-0.004311,0.058410,-0.005379,0.039430,-0.997499
55.021,True,-0.023962,1.114038,-0.003773,0.057580,-0.021652,0.040944,-0.997266,True,0.042829,1.104496,-0.004231,0.058223,-0.005550,0.039294,-0.997515
55.032,True,-0.023994,1.114023,-0.003784,0.057587,-0.021937,0.040950,-0.997259,True,0.042797,1.104486,-0.004229,0.058229,-0.005835,0.039301,-0.997512
55.043,True,-0.023991,1.114084,-0.003729,0.057532,-0.021675,0.041054,-0.997264,True,0.042798,1.104531,-0.004162,0.058177,-0.005574,0.039405,-0.997513
55.054,True,-0.023968,1.114165,-0.003646,0.057357,-0.021583,0.041357,-0.997263,True,0.042815,1.104572,-0.004070,0.058006,-0.005482,0.039708,-0.997511
55.065,True,-0.023955,1.114189,-0.003565,0.057528,-0.021589,0.041715,-0.997238,True,0.042821,1.104548,-0.003988,0.058183,-0.005488,0.040065,-0.997487
55.076,True,-0.023986,1.114236,-0.003600,0.057636,-0.021873,0.042132,-0.997208,True,0.042783,1.104542,-0.004026,0.058298,-0.005772,0.040482,-0.997461
55.087,True,-0.023961,1.114258,-0.003532,0.057831,-0.018839,0.041934,-0.997267,True,0.042805,1.104545,-0.003975,0.058496,-0.002738,0.040285,-0.997471
55.098,True,-0.023983,1.114223,-0.003544,0.057736,-0.017856,0.041753,-0.997299,True,0.042784,1.104517,-0.004010,0.058401,-0.001755,0.040106,-0.997486
55.109,True,-0.023957,1.114179,-0.003490,0.058605,-0.011970,0.041007,-0.997367,True,0.042812,1.104489,-0.003972,0.059269,0.004126,0.039360,-0.997457
55.120,True,-0.023925,1.114124,-0.003423,0.063714,0.015226,0.038003,-0.997128,True,0.042846,1.104448,-0.003930,0.064376,0.031233,0.036350,-0.996774
55.132,True,-0.023938,1.114097,-0.003444,0.065134,0.017480,0.037778,-0.997008,True,0.042832,1.104414,-0.003968,0.065794,0.033475,0.036128,-0.996617
55.143,True,-0.023932,1.114059,-0.003408,0.065615,0.017988,0.037852,-0.996965,True,0.042835,1.104355,-0.003948,0.066277,0.033981,0.036203,-0.996565
55.154,True,-0.023930,1.114026,-0.003324,0.066197,0.018416,0.037818,-0.996920,True,0.042835,1.104313,-0.003899,0.066858,0.034406,0.036169,-0.996513
55.165,True,-0.023956,1.113998,-0.003356,0.067030,0.019540,0.037530,-0.996853,True,0.042811,1.104304,-0.003945,0.067687,0.035524,0.035881,-0.996428
55.176,True,-0.023960,1.113985,-0.003289,0.068278,0.026816,0.036573,-0.996635,True,0.042811,1.104314,-0.003889,0.068928,0.042751,0.034925,-0.996093
55.187,True,-0.023986,1.113986,-0.003225,0.067194,0.020328,0.037032,-0.996845,True,0.042789,1.104347,-0.003822,0.067844,0.036306,0.035381,-0.996407
55.198,True,-0.024063,1.113993,-0.003253,0.068813,0.027392,0.036116,-0.996599,True,0.042716,1.104376,-0.003833,0.069456,0.043324,0.034463,-0.996048
55.209,True,-0.024118,1.114033,-0.003206,0.068443,0.026488,0.036137,-0.996648,True,0.042663,1.104429,-0.003767,0.069086,0.042427,0.034483,-0.996112
55.220,True,-0.024175,1.114040,-0.003155,0.067858,0.025416,0.036048,-0.996720,True,0.042610,1.104468,-0.003705,0.068499,0.041362,0.034392,-0.996200
55.231,True,-0.024261,1.114069,-0.003203,0.065191,0.022529,0.036337,-0.996957,True,0.042526,1.104510,-0.003727,0.065837,0.038492,0.034681,-0.996484
55.243,True,-0.024332,1.114065,-0.003158,0.064721,0.022542,0.036171,-0.996993,True,0.042459,1.104530,-0.003678,0.065365,0.038505,0.034517,-0.996521
55.254,True,-0.024379,1.114059,-0.003104,0.064173,0.022891,0.035948,-0.997028,True,0.042416,1.104552,-0.003618,0.064815,0.038852,0.034294,-0.996551
55.265,True,-0.024473,1.114039,-0.003138,0.064540,0.024530,0.035413,-0.996985,True,0.042329,1.104580,-0.003652,0.065176,0.040480,0.033760,-0.996481
55.276,True,-0.024553,1.114013,-0.003108,0.063625,0.024410,0.035117,-0.997057,True,0.042256,1.104601,-0.003603,0.064257,0.040361,0.033463,-0.996555
55.287,True,-0.024610,1.113972,-0.003071,0.062975,0.024217,0.034987,-0.997108,True,0.042202,1.104588,-0.003535,0.063605,0.040170,0.033336,-0.996609
55.298,True,-0.024718,1.113925,-0.003113,0.062273,0.024864,0.034914,-0.997138,True,0.042096,1.104547,-0.003560,0.062904,0.040813,0.033266,-0.996630
55.309,True,-0.024779,1.113870,-0.003105,0.061711,0.024961,0.034917,-0.997171,True,0.042035,1.104494,-0.003543,0.062343,0.040910,0.033273,-0.996661
55.320,True,-0.024823,1.113800,-0.003066,0.062232,0.023944,0.034836,-0.997166,True,0.041994,1.104448,-0.003510,0.062859,0.039902,0.033196,-0.996672
55.332,True,-0.024890,1.113729,-0.003108,0.061154,0.024724,0.034635,-0.997221,True,0.041930,1.104398,-0.003547,0.061781,0.040675,0.032999,-0.996715
55.343,True,-0.027495,1.109474,-0.003927,0.062469,0.020365,0.034936,-0.997227,True,0.041875,1.104393,-0.003536,0.063091,0.036348,0.033300,-0.996790
55.354,True,-0.027545,1.109472,-0.003906,0.065547,0.007458,0.036164,-0.997166,True,0.041825,1.104398,-0.003490,0.066162,0.023517,0.034530,-0.996934
55.365,True,-0.027620,1.109486,-0.003975,0.065289,0.007632,0.036211,-0.997180,True,0.041750,1.104409,-0.003519,0.065905,0.023690,0.034576,-0.996945
55.376,True,-0.027672,1.109506,-0.003970,0.065421,0.007181,0.036379,-0.997169,True,0.041697,1.104418,-0.003480,0.066039,0.023242,0.034744,-0.996941
55.387,True,-0.027705,1.109525,-0.003948,0.065706,0.005146,0.036623,-0.997154,True,0.041664,1.104434,-0.003439,0.066324,0.021217,0.034990,-0.996959
55.398,True,-0.027779,1.109513,-0.003992,0.065198,0.005252,0.036677,-0.997184,True,0.041589,1.104415,-0.003474,0.065818,0.021321,0.035044,-0.996988
55.409,True,-0.027796,1.109522,-0.003984,0.065772,0.001761,0.037144,-0.997142,True,0.041571,1.104409,-0.003453,0.066392,0.017845,0.035513,-0.997002
55.421,True,-0.027803,1.109534,-0.003946,0.065177,0.002128,0.037236,-0.997177,True,0.041562,1.104404,-0.003419,0.065800,0.018210,0.035603,-0.997031
55.432,True,-0.027856,1.109530,-0.003987,0.063631,0.004376,0.037118,-0.997273,True,0.041508,1.104389,-0.003459,0.064257,0.020446,0.035484,-0.997093
55.443,True,-0.027855,1.109532,-0.003971,0.064430,0.001257,0.037578,-0.997214,True,0.041508,1.104369,-0.003439,0.065058,0.017340,0.035943,-0.997083
55.454,True,-0.027852,1.109541,-0.003937,0.063569,0.003981,0.037426,-0.997268,True,0.041510,1.104363,-0.003409,0.064201,0.020052,0.035789,-0.997093
55.465,True,-0.027900,1.109524,-0.003956,0.063916,0.001660,0.037688,-0.997242,True,0.041462,1.104340,-0.003434,0.064548,0.017740,0.036051,-0.997105
55.476,True,-0.027906,1.109504,-0.003948,0.063576,0.002748,0.037568,-0.997266,True,0.041455,1.104322,-0.003433,0.064208,0.018822,0.035930,-0.997112
55.487,True,-0.027888,1.109497,-0.003920,0.063558,0.004462,0.037389,-0.997268,True,0.041473,1.104313,-0.003416,0.064189,0.020530,0.035750,-0.997086
55.499,True,-0.027925,1.109465,-0.003960,0.063278,0.004190,0.037329,-0.997289,True,0.041438,1.104292,-0.003475,0.063909,0.020258,0.035690,-0.997112
55.510,True,-0.027911,1.109457,-0.003935,0.062892,0.004276,0.037245,-0.997316,True,0.041452,1.104292,-0.003468,0.063522,0.020343,0.035607,-0.997138
55.521,True,-0.027893,1.109449,-0.003903,0.062634,0.003805,0.037195,-0.997336,True,0.041471,1.104294,-0.003460,0.063263,0.019873,0.035558,-0.997165
55.532,True,-0.027912,1.109447,-0.003925,0.062538,0.003924,0.037151,-0.997343,True,0.041452,1.104293,-0.003506,0.063166,0.019991,0.035515,-0.997171
55.543,True,-0.027909,1.109476,-0.003913,0.062368,0.004178,0.037101,-0.997355,True,0.041456,1.104322,-0.003513,0.062996,0.020243,0.035467,-0.997178
55.554,True,-0.027884,1.109500,-0.003888,0.062347,0.004120,0.036994,-0.997360,True,0.041482,1.104360,-0.003502,0.062974,0.020186,0.035360,-0.997184
55.565,True,-0.027932,1.109494,-0.003922,0.062309,0.003931,0.036860,-0.997368,True,0.041435,1.104373,-0.003551,0.062933,0.019997,0.035225,-0.997195
55.576,True,-0.027913,1.109515,-0.003905,0.062404,0.003956,0.036841,-0.997363,True,0.041454,1.104397,-0.003530,0.063029,0.020022,0.035205,-0.997190
55.587,True,-0.027916,1.109513,-0.003875,0.062446,0.003578,0.036824,-0.997362,True,0.041452,1.104400,-0.003514,0.063069,0.019645,0.035188,-0.997195
55.598,True,-0.027982,1.109483,-0.003889,0.062253,0.003776,0.036741,-0.997377,True,0.041387,1.104379,-0.003533,0.062875,0.019841,0.035104,-0.997206
55.609,True,-0.028001,1.109470,-0.003894,0.062516,0.003310,0.036905,-0.997356,True,0.041367,1.104351,-0.003523,0.063139,0.019378,0.035268,-0.997193
55.621,True,-0.028012,1.109461,-0.003874,0.062323,0.003477,0.036949,-0.997366,True,0.041355,1.104334,-0.003499,0.062948,0.019545,0.035313,-0.997200
55.632,True,-0.028053,1.109416,-0.003888,0.062496,0.003347,0.036903,-0.997357,True,0.041315,1.104299,-0.003503,0.063120,0.019415,0.035267,-0.997194
55.643,True,-0.028085,1.109387,-0.003878,0.062796,0.003157,0.036909,-0.997339,True,0.041283,1.104273,-0.003482,0.063419,0.019227,0.035273,-0.997178
55.654,True,-0.028102,1.109351,-0.003872,0.063015,0.003199,0.036813,-0.997328,True,0.041267,1.104253,-0.003455,0.063636,0.019270,0.035176,-0.997167
55.665,True,-0.028180,1.109326,-0.003905,0.063136,0.003624,0.036713,-0.997323,True,0.041190,1.104239,-0.003467,0.063756,0.019694,0.035078,-0.997154
55.676,True,-0.028221,1.109332,-0.003909,0.063126,0.003731,0.036639,-0.997326,True,0.041149,1.104256,-0.003451,0.063745,0.019802,0.035004,-0.997156
55.687,True,-0.028252,1.109318,-0.003874,0.062859,0.003748,0.036436,-0.997350,True,0.041120,1.104273,-0.003406,0.063475,0.019819,0.034804,-0.997179
55.698,True,-0.028290,1.109242,-0.003872,0.062888,0.003949,0.036022,-0.997363,True,0.041086,1.104254,-0.003393,0.063498,0.020019,0.034389,-0.997188
55.710,True,-0.028318,1.109232,-0.003820,0.062950,0.003930,0.035702,-0.997370,True,0.041061,1.104290,-0.003338,0.063554,0.020001,0.034068,-0.997196
55.721,True,-0.028333,1.109332,-0.003768,0.063078,0.003879,0.035554,-0.997368,True,0.041048,1.104412,-0.003276,0.063679,0.019951,0.033920,-0.997194
55.732,True,-0.028351,1.109372,-0.003724,0.063042,0.003829,0.035396,-0.997376,True,0.041032,1.104477,-0.003226,0.063641,0.019901,0.033763,-0.997203
55.743,True,-0.028437,1.109424,-0.003716,0.062859,0.002982,0.035737,-0.997378,True,0.040943,1.104491,-0.003226,0.063462,0.019057,0.034105,-0.997219
55.754,True,-0.028439,1.109440,-0.003666,0.062654,0.002866,0.035896,-0.997385,True,0.040939,1.104485,-0.003184,0.063259,0.018941,0.034268,-0.997229
55.765,True,-0.028472,1.109417,-0.003640,0.062390,0.002491,0.035839,-0.997405,True,0.040908,1.104473,-0.003175,0.062994,0.018568,0.034216,-0.997254
55.776,True,-0.028524,1.109347,-0.003616,0.062020,0.002154,0.035758,-0.997432,True,0.040857,1.104414,-0.003181,0.062622,0.018232,0.034142,-0.997287
55.787,True,-0.028508,1.109297,-0.003570,0.061796,0.002074,0.035531,-0.997454,True,0.040875,1.104395,-0.003147,0.062394,0.018153,0.033919,-0.997310
55.798,True,-0.028544,1.109181,-0.003536,0.061507,0.001994,0.035248,-0.997482,True,0.040841,1.104318,-0.003126,0.062101,0.018074,0.033640,-0.997339
55.810,True,-0.028575,1.109110,-0.003500,0.061116,0.002014,0.035150,-0.997510,True,0.040811,1.104261,-0.003090,0.061708,0.018094,0.033545,-0.997366
55.821,True,-0.028610,1.109064,-0.003453,0.061083,0.001876,0.035289,-0.997507,True,0.040776,1.104199,-0.003036,0.061677,0.017956,0.033685,-0.997366
55.832,True,-0.028655,1.109009,-0.003393,0.060914,0.001977,0.035336,-0.997515,True,0.040730,1.104135,-0.002978,0.061510,0.018057,0.033734,-0.997373
55.843,True,-0.028726,1.108977,-0.003371,0.060846,0.002227,0.035305,-0.997520,True,0.040659,1.104105,-0.002949,0.061441,0.018307,0.033703,-0.997374
55.854,True,-0.028750,1.108941,-0.003320,0.060798,0.002222,0.035149,-0.997529,True,0.041580,1.105719,-0.003541,0.061391,0.018301,0.033546,-0.997382
55.865,True,-0.028803,1.108920,-0.003307,0.060851,0.002240,0.035014,-0.997530,True,0.041528,1.105718,-0.003519,0.061442,0.018319,0.033410,-0.997383
55.876,True,-0.028848,1.108922,-0.003274,0.060842,0.002307,0.034993,-0.997531,True,0.041484,1.105724,-0.003475,0.061433,0.018386,0.033389,-0.997383
55.887,True,-0.028887,1.108942,-0.003230,0.060844,0.002320,0.035067,-0.997529,True,0.041444,1.105735,-0.003420,0.061435,0.018400,0.033463,-0.997380
55.898,True,-0.028943,1.108979,-0.003222,0.060738,0.002301,0.035156,-0.997532,True,0.041388,1.105760,-0.003410,0.061331,0.018380,0.033554,-0.997384
55.910,True,-0.028978,1.108999,-0.003196,0.060785,0.002102,0.035214,-0.997527,True,0.041352,1.105775,-0.003382,0.061379,0.018182,0.033612,-0.997383
55.921,True,-0.029006,1.108994,-0.003159,0.060610,0.002098,0.035165,-0.997540,True,0.041324,1.105777,-0.003343,0.061202,0.018179,0.033565,-0.997395
55.932,True,-0.029051,1.108971,-0.003157,0.060527,0.002028,0.035011,-0.997550,True,0.041281,1.105779,-0.003330,0.061117,0.018110,0.033412,-0.997407
55.943,True,-0.029092,1.108958,-0.003138,0.060286,0.001954,0.034844,-0.997571,True,0.041241,1.105793,-0.003298,0.060873,0.018036,0.033247,-0.997429
55.954,True,-0.029138,1.108923,-0.003106,0.060191,0.001907,0.034715,-0.997581,True,0.041196,1.105780,-0.003245,0.060776,0.017990,0.033120,-0.997440
55.965,True,-0.029207,1.108882,-0.003130,0.060007,0.002027,0.034882,-0.997586,True,0.041126,1.105719,-0.003239,0.060595,0.018111,0.033288,-0.997443
55.976,True,-0.029250,1.108858,-0.003104,0.059764,0.002029,0.035075,-0.997594,True,0.041082,1.105669,-0.003212,0.060355,0.018113,0.033484,-0.997451
55.987,True,-0.029262,1.108841,-0.003094,0.059688,0.001991,0.035133,-0.997597,True,0.041069,1.105647,-0.003185,0.060279,0.018075,0.033544,-0.997454
55.998,True,-0.029306,1.108849,-0.003098,0.059563,0.001939,0.035106,-0.997605,True,0.041026,1.105658,-0.003191,0.060154,0.018023,0.033518,-0.997463
56.009,True,-0.029322,1.108852,-0.003065,0.060099,0.002038,0.034977,-0.997577,True,0.041010,1.105678,-0.003158,0.060688,0.018122,0.033386,-0.997434
56.020,True,-0.029344,1.108888,-0.003033,0.060143,0.002067,0.034874,-0.997578,True,0.040990,1.105731,-0.003109,0.060730,0.018151,0.033279,-0.997434
56.032,True,-0.029396,1.108950,-0.003026,0.060703,0.001964,0.034989,-0.997541,True,0.040937,1.105779,-0.003087,0.061291,0.018048,0.033389,-0.997398
56.043,True,-0.029400,1.109023,-0.002980,0.061228,0.001851,0.035105,-0.997505,True,0.040933,1.105837,-0.003040,0.061818,0.017936,0.033501,-0.997364
56.054,True,-0.029382,1.109086,-0.002940,0.061828,0.001446,0.035243,-0.997463,True,0.040950,1.105884,-0.003006,0.062420,0.017533,0.033635,-0.997329
56.065,True,-0.029393,1.109108,-0.002938,0.061923,0.001328,0.035290,-0.997456,True,0.040939,1.105899,-0.003011,0.062515,0.017414,0.033681,-0.997324
56.076,True,-0.029369,1.109123,-0.002893,0.062082,0.000895,0.035416,-0.997442,True,0.040962,1.105897,-0.002995,0.062675,0.016982,0.033807,-0.997317
56.087,True,-0.029348,1.109126,-0.002855,0.061987,0.000550,0.035480,-0.997446,True,0.040982,1.105893,-0.002977,0.062581,0.016638,0.033871,-0.997326
56.098,True,-0.029381,1.109113,-0.002862,0.062095,0.000323,0.035564,-0.997436,True,0.040949,1.105869,-0.002995,0.062690,0.016412,0.033955,-0.997320
56.109,True,-0.029360,1.109103,-0.002807,0.062220,0.000082,0.035580,-0.997428,True,0.040969,1.105857,-0.002964,0.062815,0.016171,0.033971,-0.997316
56.120,True,-0.029348,1.109100,-0.002766,0.062526,-0.000441,0.035584,-0.997409,True,0.040982,1.105857,-0.002933,0.063120,0.015650,0.033974,-0.997305
56.131,True,-0.029373,1.109092,-0.002759,0.062794,-0.000762,0.035636,-0.997390,True,0.040957,1.105846,-0.002933,0.063388,0.015330,0.034026,-0.997291
56.143,True,-0.029372,1.109083,-0.002725,0.062889,-0.001099,0.035690,-0.997382,True,0.040957,1.105831,-0.002915,0.063483,0.014993,0.034079,-0.997288
56.154,True,-0.029362,1.109073,-0.002693,0.062996,-0.001553,0.035775,-0.997371,True,0.040966,1.105813,-0.002894,0.063591,0.014541,0.034165,-0.997285
56.165,True,-0.029400,1.109053,-0.002687,0.062870,-0.001915,0.035823,-0.997377,True,0.040928,1.105789,-0.002904,0.063465,0.014180,0.034217,-0.997297
56.176,True,-0.029392,1.109016,-0.002651,0.062832,-0.002265,0.035818,-0.997379,True,0.040936,1.105753,-0.002890,0.063427,0.013831,0.034212,-0.997304
56.187,True,-0.029386,1.108983,-0.002628,0.062636,-0.002122,0.035767,-0.997393,True,0.040942,1.105724,-0.002877,0.063230,0.013973,0.034165,-0.997316
56.198,True,-0.029430,1.108958,-0.002618,0.062510,-0.002041,0.035723,-0.997403,True,0.040899,1.105703,-0.002877,0.063104,0.014055,0.034121,-0.997325
56.209,True,-0.029449,1.108958,-0.002591,0.062377,-0.002068,0.035743,-0.997410,True,0.040880,1.105701,-0.002844,0.062971,0.014027,0.034143,-0.997333
56.221,True,-0.029488,1.108951,-0.002552,0.062499,-0.002396,0.035714,-0.997403,True,0.040841,1.105703,-0.002805,0.063092,0.013701,0.034115,-0.997330
56.232,True,-0.029545,1.108938,-0.002559,0.062333,-0.002195,0.035631,-0.997417,True,0.040785,1.105702,-0.002795,0.062925,0.013902,0.034032,-0.997341
56.243,True,-0.029591,1.108916,-0.002538,0.062078,-0.002037,0.035648,-0.997432,True,0.040739,1.105679,-0.002755,0.062671,0.014060,0.034052,-0.997354
56.254,True,-0.029633,1.108877,-0.002517,0.061780,-0.002171,0.035629,-0.997451,True,0.040697,1.105647,-0.002720,0.062372,0.013926,0.034035,-0.997375
56.265,True,-0.029709,1.108836,-0.002522,0.061671,-0.002036,0.035647,-0.997458,True,0.040621,1.105605,-0.002708,0.062263,0.014062,0.034055,-0.997380
56.276,True,-0.029749,1.108814,-0.002500,0.061358,-0.002030,0.035654,-0.997477,True,0.040581,1.105585,-0.002665,0.061950,0.014068,0.034067,-0.997399
56.287,True,-0.029793,1.108770,-0.002487,0.061354,-0.001998,0.035567,-0.997480,True,0.040538,1.105555,-0.002634,0.061945,0.014100,0.033980,-0.997401
56.298,True,-0.029846,1.108726,-0.002457,0.061315,-0.002104,0.035406,-0.997488,True,0.040486,1.105536,-0.002603,0.061903,0.013995,0.033820,-0.997411
56.309,True,-0.029912,1.108705,-0.002466,0.061276,-0.001932,0.035300,-0.997495,True,0.040421,1.105533,-0.002577,0.061862,0.014167,0.033714,-0.997415
56.320,True,-0.029950,1.108689,-0.002451,0.061286,-0.001785,0.035296,-0.997495,True,0.040383,1.105520,-0.002535,0.061872,0.014315,0.033710,-0.997412
56.331,True,-0.030006,1.108694,-0.002452,0.061278,-0.001725,0.035366,-0.997493,True,0.040327,1.105517,-0.002520,0.061865,0.014374,0.033780,-0.997409
56.343,True,-0.027644,1.112862,-0.001511,0.061314,-0.001612,0.035400,-0.997489,True,0.040287,1.105517,-0.002499,0.061902,0.014487,0.033813,-0.997404
56.354,True,-0.027659,1.112839,-0.001487,0.061236,-0.001637,0.035388,-0.997495,True,0.040273,1.105498,-0.002471,0.061823,0.014463,0.033803,-0.997410
56.365,True,-0.027690,1.112752,-0.001475,0.061255,-0.001784,0.035228,-0.997499,True,0.040244,1.105433,-0.002466,0.061840,0.014316,0.033642,-0.997416
56.376,True,-0.027688,1.112696,-0.001440,0.061326,-0.001854,0.034994,-0.997502,True,0.040250,1.105410,-0.002429,0.061907,0.014246,0.033407,-0.997421
56.387,True,-0.027692,1.112737,-0.001399,0.061358,-0.002069,0.034926,-0.997502,True,0.040247,1.105463,-0.002394,0.061937,0.014032,0.033338,-0.997425
56.398,True,-0.027714,1.112843,-0.001374,0.061472,-0.002041,0.035151,-0.997488,True,0.040221,1.105535,-0.002375,0.062055,0.014059,0.033561,-0.997409
56.409,True,-0.027712,1.112921,-0.001324,0.061739,-0.002107,0.035387,-0.997463,True,0.040219,1.105581,-0.002330,0.062326,0.013992,0.033793,-0.997385
56.421,True,-0.027696,1.113060,-0.001245,0.061599,-0.002384,0.035851,-0.997454,True,0.040228,1.105657,-0.002270,0.062193,0.013715,0.034258,-0.997382
56.432,True,-0.027703,1.113083,-0.001206,0.061523,-0.002657,0.035742,-0.997462,True,0.040222,1.105694,-0.002265,0.062116,0.013443,0.034147,-0.997394
56.445,True,-0.027658,1.113086,-0.001144,0.061514,-0.002775,0.035478,-0.997472,True,0.040270,1.105731,-0.002226,0.062102,0.013325,0.033885,-0.997405
56.456,True,-0.027652,1.113065,-0.001075,0.061542,-0.002871,0.035181,-0.997480,True,0.040280,1.105747,-0.002185,0.062126,0.013229,0.033589,-0.997415
56.468,True,-0.027669,1.113011,-0.001066,0.061490,-0.002775,0.035256,-0.997481,True,0.040262,1.105684,-0.002162,0.062075,0.013324,0.033664,-0.997415
56.479,True,-0.027660,1.112975,-0.001018,0.061374,-0.003008,0.035461,-0.997480,True,0.040269,1.105623,-0.002117,0.061962,0.013092,0.033870,-0.997418
56.490,True,-0.027655,1.112916,-0.000968,0.061255,-0.003096,0.035631,-0.997481,True,0.040271,1.105540,-0.002078,0.061845,0.013004,0.034042,-0.997420
56.501,True,-0.027690,1.112824,-0.000929,0.061129,-0.003415,0.035695,-0.997486,True,0.040235,1.105441,-0.002059,0.061721,0.012685,0.034107,-0.997430
56.512,True,-0.027680,1.112761,-0.000874,0.060858,-0.003592,0.035692,-0.997502,True,0.040244,1.105379,-0.002020,0.061449,0.012510,0.034107,-0.997449
56.523,True,-0.027666,1.112673,-0.000838,0.060282,-0.003598,0.035637,-0.997539,True,0.040259,1.105301,-0.001985,0.060872,0.012503,0.034055,-0.997486
56.534,True,-0.027724,1.112606,-0.000784,0.060212,-0.003718,0.035582,-0.997544,True,0.040202,1.105241,-0.001937,0.060801,0.012384,0.034003,-0.997494
56.545,True,-0.027752,1.112551,-0.000743,0.059762,-0.003612,0.035463,-0.997576,True,0.040176,1.105205,-0.001885,0.060350,0.012490,0.033889,-0.997524
56.556,True,-0.027797,1.112512,-0.000698,0.059120,-0.003504,0.035383,-0.997617,True,0.040133,1.105179,-0.001829,0.059707,0.012597,0.033813,-0.997564
56.567,True,-0.027869,1.112487,-0.000686,0.058909,-0.003366,0.035332,-0.997632,True,0.040062,1.105163,-0.001796,0.059495,0.012736,0.033765,-0.997576
56.579,True,-0.027914,1.112445,-0.000650,0.058422,-0.003176,0.035317,-0.997662,True,0.040017,1.105124,-0.001746,0.059008,0.012926,0.033755,-0.997603
56.590,True,-0.027957,1.112383,-0.000602,0.058883,-0.000356,0.034876,-0.997656,True,0.039977,1.105085,-0.001701,0.059466,0.015740,0.033318,-0.997550
56.601,True,-0.028007,1.112333,-0.000605,0.061857,0.006647,0.033928,-0.997486,True,0.039931,1.105067,-0.001692,0.062434,0.022724,0.032372,-0.997265
56.612,True,-0.028061,1.112292,-0.000578,0.067018,0.026472,0.031695,-0.996897,True,0.039881,1.105062,-0.001646,0.067578,0.042447,0.030141,-0.996355
56.623,True,-0.028116,1.112270,-0.000552,0.068166,0.033660,0.030912,-0.996627,True,0.039828,1.105054,-0.001599,0.068719,0.049584,0.029362,-0.995971
56.634,True,-0.028209,1.112234,-0.000583,0.069780,0.039553,0.030361,-0.996315,True,0.039736,1.105019,-0.001587,0.070327,0.055432,0.028813,-0.995566
56.645,True,-0.028275,1.112203,-0.000566,0.069425,0.041094,0.030399,-0.996277,True,0.039668,1.104970,-0.001537,0.069975,0.056961,0.028853,-0.995503
56.656,True,-0.028334,1.112148,-0.000561,0.068816,0.042070,0.030297,-0.996281,True,0.039611,1.104922,-0.001507,0.069366,0.057929,0.028753,-0.995493
56.668,True,-0.028403,1.112085,-0.000602,0.070077,0.047273,0.029693,-0.995978,True,0.039544,1.104876,-0.001523,0.070619,0.063087,0.028153,-0.995108
56.679,True,-0.028441,1.112043,-0.000623,0.068636,0.043447,0.030009,-0.996243,True,0.039508,1.104851,-0.001510,0.069183,0.059298,0.028470,-0.995433
56.690,True,-0.028480,1.112019,-0.000618,0.068396,0.043034,0.029936,-0.996280,True,0.039471,1.104845,-0.001486,0.068942,0.058890,0.028396,-0.995476
56.705,True,-0.028519,1.111996,-0.000693,0.067738,0.040941,0.030000,-0.996411,True,0.039435,1.104848,-0.001530,0.068284,0.056817,0.028460,-0.995640
56.723,True,-0.028575,1.112054,-0.000661,0.068079,0.042167,0.029952,-0.996338,True,0.039378,1.104900,-0.001466,0.068625,0.058034,0.028410,-0.995548
56.735,True,-0.028615,1.112076,-0.000694,0.068058,0.037523,0.030403,-0.996512,True,0.039339,1.104921,-0.001500,0.068606,0.053429,0.028858,-0.995794
56.745,True,-0.028621,1.112091,-0.000685,0.067901,0.032288,0.030868,-0.996692,True,0.039333,1.104940,-0.001495,0.068451,0.048235,0.029321,-0.996056
56.756,True,-0.028604,1.112113,-0.000681,0.068268,0.029245,0.031184,-0.996751,True,0.039350,1.104956,-0.001496,0.068818,0.045215,0.029634,-0.996163
56.767,True,-0.028613,1.112122,-0.000710,0.068843,0.024121,0.031644,-0.996834,True,0.039340,1.104966,-0.001539,0.069394,0.040126,0.030095,-0.996328
56.778,True,-0.028600,1.112136,-0.000702,0.068676,0.022124,0.031937,-0.996882,True,0.039351,1.104964,-0.001547,0.069230,0.038141,0.030388,-0.996408
56.789,True,-0.028584,1.112114,-0.000700,0.068890,0.020506,0.032037,-0.996899,True,0.039368,1.104947,-0.001562,0.069442,0.036532,0.030489,-0.996451
56.801,True,-0.028589,1.112106,-0.000713,0.069558,0.018287,0.032339,-0.996886,True,0.039361,1.104924,-0.001581,0.070112,0.034327,0.030791,-0.996473
56.812,True,-0.028571,1.112081,-0.000702,0.069700,0.017873,0.032407,-0.996881,True,0.039378,1.104893,-0.001586,0.070255,0.033915,0.030860,-0.996475
56.823,True,-0.028548,1.112067,-0.000683,0.070435,0.017354,0.032440,-0.996838,True,0.039400,1.104877,-0.001581,0.070988,0.033398,0.030893,-0.996439
56.834,True,-0.028553,1.112040,-0.000691,0.070868,0.016938,0.032458,-0.996814,True,0.039395,1.104849,-0.001604,0.071420,0.032985,0.030910,-0.996422
56.845,True,-0.028526,1.112041,-0.000667,0.071432,0.017086,0.032376,-0.996774,True,0.039423,1.104856,-0.001597,0.071982,0.033132,0.030828,-0.996379
56.856,True,-0.028517,1.112049,-0.000630,0.071638,0.017920,0.032254,-0.996748,True,0.038523,1.107444,-0.000969,0.072187,0.033960,0.030704,-0.996340
56.867,True,-0.028523,1.112061,-0.000642,0.072207,0.016316,0.032434,-0.996729,True,0.038517,1.107450,-0.000987,0.072756,0.032365,0.030884,-0.996346
56.879,True,-0.028505,1.112072,-0.000618,0.072365,0.016175,0.032519,-0.996717,True,0.038534,1.107450,-0.000966,0.072916,0.032225,0.030966,-0.996336
56.890,True,-0.028500,1.112087,-0.000597,0.072611,0.015683,0.032639,-0.996703,True,0.038539,1.107454,-0.000948,0.073163,0.031736,0.031086,-0.996330
56.901,True,-0.028536,1.112100,-0.000592,0.072546,0.015663,0.032709,-0.996706,True,0.038502,1.107456,-0.000955,0.073099,0.031715,0.031154,-0.996333
56.912,True,-0.028530,1.112099,-0.000574,0.072692,0.015603,0.032695,-0.996696,True,0.038507,1.107457,-0.000938,0.073245,0.031655,0.031141,-0.996325
56.923,True,-0.028531,1.112089,-0.000542,0.072692,0.015490,0.032709,-0.996698,True,0.038507,1.107444,-0.000918,0.073245,0.031543,0.031155,-0.996328
56.934,True,-0.028575,1.112048,-0.000568,0.072221,0.015284,0.032606,-0.996738,True,0.038463,1.107420,-0.000950,0.072772,0.031337,0.031054,-0.996372
56.945,True,-0.028577,1.111989,-0.000565,0.072010,0.015084,0.032541,-0.996759,True,0.038463,1.107373,-0.000948,0.072560,0.031139,0.030991,-0.996396
56.956,True,-0.028580,1.111926,-0.000559,0.071705,0.014850,0.032467,-0.996787,True,0.038460,1.107324,-0.000945,0.072254,0.030906,0.030920,-0.996428
56.967,True,-0.028625,1.111840,-0.000595,0.071476,0.014855,0.032302,-0.996809,True,0.038417,1.107260,-0.000988,0.072022,0.030911,0.030758,-0.996449
56.979,True,-0.028636,1.111815,-0.000588,0.071514,0.014731,0.032241,-0.996810,True,0.038407,1.107245,-0.000981,0.072059,0.030788,0.030700,-0.996452
56.990,True,-0.028643,1.111814,-0.000576,0.071770,0.014474,0.032194,-0.996797,True,0.038400,1.107253,-0.000964,0.072314,0.030533,0.030652,-0.996443
57.001,True,-0.028691,1.111767,-0.000593,0.071955,0.014674,0.032020,-0.996786,True,0.038353,1.107229,-0.000968,0.072496,0.030733,0.030478,-0.996429
57.012,True,-0.028712,1.111734,-0.000570,0.072033,0.014699,0.031879,-0.996784,True,0.038334,1.107218,-0.000925,0.072571,0.030758,0.030335,-0.996427
57.023,True,-0.028722,1.111771,-0.000555,0.072281,0.014466,0.031875,-0.996770,True,0.038325,1.107262,-0.000887,0.072819,0.030527,0.030330,-0.996416
57.034,True,-0.028759,1.111832,-0.000580,0.072592,0.014528,0.031965,-0.996744,True,0.038287,1.107314,-0.000881,0.073131,0.030590,0.030418,-0.996389
57.045,True,-0.028770,1.111917,-0.000542,0.072823,0.014327,0.032376,-0.996716,True,0.038273,1.107348,-0.000828,0.073368,0.030391,0.030827,-0.996365
57.056,True,-0.028778,1.111948,-0.000513,0.073158,0.014179,0.032721,-0.996683,True,0.038262,1.107335,-0.000787,0.073709,0.030243,0.031170,-0.996334
57.067,True,-0.028820,1.111991,-0.000508,0.073132,0.014173,0.033025,-0.996675,True,0.038217,1.107337,-0.000781,0.073687,0.030237,0.031475,-0.996326
57.078,True,-0.028811,1.112012,-0.000475,0.073156,0.014146,0.033033,-0.996673,True,0.038226,1.107357,-0.000751,0.073711,0.030211,0.031484,-0.996325
57.089,True,-0.028798,1.112000,-0.000448,0.073318,0.013936,0.032877,-0.996669,True,0.038241,1.107368,-0.000725,0.073870,0.030002,0.031330,-0.996324
57.101,True,-0.028841,1.111950,-0.000453,0.073257,0.013749,0.032559,-0.996687,True,0.038200,1.107362,-0.000744,0.073803,0.029816,0.031013,-0.996344
57.112,True,-0.028829,1.111921,-0.000414,0.073271,0.013839,0.032354,-0.996691,True,0.038214,1.107360,-0.000706,0.073814,0.029905,0.030809,-0.996347
57.123,True,-0.028825,1.111897,-0.000385,0.073339,0.014161,0.032277,-0.996684,True,0.038219,1.107342,-0.000675,0.073881,0.030226,0.030732,-0.996335
57.134,True,-0.028880,1.111839,-0.000369,0.073386,0.014092,0.032252,-0.996682,True,0.038164,1.107285,-0.000680,0.073928,0.030157,0.030709,-0.996334
57.145,True,-0.028883,1.111790,-0.000330,0.073425,0.013884,0.032075,-0.996688,True,0.038162,1.107259,-0.000663,0.073964,0.029950,0.030533,-0.996343
57.156,True,-0.028883,1.111733,-0.000293,0.073507,0.013719,0.031798,-0.996693,True,0.038165,1.107239,-0.000641,0.074041,0.029786,0.030258,-0.996351
57.167,True,-0.028946,1.111675,-0.000288,0.073228,0.013742,0.031465,-0.996724,True,0.038105,1.107226,-0.000641,0.073757,0.029809,0.029926,-0.996381
57.178,True,-0.028973,1.111614,-0.000260,0.073293,0.013788,0.031138,-0.996729,True,0.038081,1.107210,-0.000601,0.073817,0.029856,0.029601,-0.996385
57.190,True,-0.029007,1.111575,-0.000240,0.073365,0.013874,0.030990,-0.996727,True,0.038048,1.107193,-0.000559,0.073885,0.029942,0.029455,-0.996382
57.201,True,-0.029091,1.111576,-0.000252,0.073369,0.014097,0.030956,-0.996725,True,0.037964,1.107201,-0.000545,0.073889,0.030165,0.029423,-0.996376
57.212,True,-0.029140,1.111571,-0.000223,0.073275,0.014241,0.030898,-0.996731,True,0.037916,1.107205,-0.000497,0.073794,0.030310,0.029366,-0.996380
57.223,True,-0.029187,1.111543,-0.000209,0.073456,0.014303,0.030865,-0.996718,True,0.037870,1.107185,-0.000457,0.073974,0.030373,0.029334,-0.996366
57.234,True,-0.029270,1.111496,-0.000227,0.073633,0.014129,0.030865,-0.996708,True,0.037787,1.107146,-0.000442,0.074151,0.030201,0.029337,-0.996358
57.245,True,-0.029318,1.111456,-0.000216,0.073427,0.014552,0.030745,-0.996720,True,0.037741,1.107123,-0.000398,0.073943,0.030623,0.029220,-0.996364
57.256,True,-0.029360,1.111418,-0.000203,0.073488,0.014504,0.030679,-0.996719,True,0.037700,1.107098,-0.000359,0.074002,0.030577,0.029156,-0.996363
57.267,True,-0.029425,1.111378,-0.000222,0.073439,0.014729,0.030694,-0.996719,True,0.037635,1.107060,-0.000340,0.073953,0.030803,0.029174,-0.996359
57.278,True,-0.029474,1.111344,-0.000213,0.073229,0.014842,0.030859,-0.996727,True,0.037585,1.107011,-0.000287,0.073746,0.030917,0.029340,-0.996366
57.289,True,-0.029530,1.111345,-0.000214,0.073347,0.014971,0.031097,-0.996709,True,0.037527,1.106982,-0.000261,0.073867,0.031047,0.029581,-0.996346
57.301,True,-0.029579,1.111334,-0.000202,0.073283,0.015110,0.031151,-0.996710,True,0.037478,1.106965,-0.000232,0.073805,0.031185,0.029635,-0.996344
57.312,True,-0.029604,1.111308,-0.000195,0.073294,0.015306,0.031067,-0.996709,True,0.037454,1.106953,-0.000200,0.073815,0.031381,0.029551,-0.996340
57.323,True,-0.029602,1.111317,-0.000181,0.073253,0.015329,0.030969,-0.996715,True,0.037456,1.106977,-0.000174,0.073771,0.031404,0.029455,-0.996345
57.334,True,-0.029616,1.111316,-0.000206,0.073384,0.015386,0.030855,-0.996708,True,0.037443,1.106991,-0.000192,0.073901,0.031462,0.029340,-0.996337
57.345,True,-0.029615,1.111344,-0.000200,0.073548,0.015380,0.030819,-0.996697,True,0.037445,1.107024,-0.000185,0.074064,0.031456,0.029302,-0.996327
57.356,True,-0.029590,1.111373,-0.000188,0.073824,0.015362,0.030762,-0.996678,True,0.037471,1.107060,-0.000173,0.074338,0.031438,0.029243,-0.996308
57.367,True,-0.029611,1.111401,-0.000191,0.074010,0.015223,0.030758,-0.996667,True,0.037450,1.107087,-0.000193,0.074524,0.031299,0.029238,-0.996299
57.379,True,-0.029565,1.111435,-0.000167,0.074249,0.015011,0.030778,-0.996652,True,0.037495,1.107117,-0.000190,0.074763,0.031087,0.029256,-0.996287
57.390,True,-0.029494,1.111467,-0.000140,0.074645,0.014588,0.030833,-0.996627,True,0.037566,1.107141,-0.000191,0.075159,0.030665,0.029309,-0.996269
57.401,True,-0.029445,1.111507,-0.000156,0.074513,0.013058,0.031093,-0.996650,True,0.037614,1.107163,-0.000223,0.075031,0.029141,0.029567,-0.996317
57.412,True,-0.029382,1.111550,-0.000131,0.073449,0.011217,0.031431,-0.996741,True,0.037675,1.107182,-0.000224,0.073972,0.027306,0.029901,-0.996438
57.423,True,-0.029312,1.111593,-0.000111,0.073014,0.009656,0.031753,-0.996779,True,0.037743,1.107196,-0.000236,0.073542,0.025750,0.030219,-0.996502
57.434,True,-0.029282,1.111631,-0.000115,0.072306,0.007066,0.032104,-0.996841,True,0.037772,1.107219,-0.000252,0.072838,0.023169,0.030570,-0.996606
57.446,True,-0.029213,1.111658,-0.000097,0.071322,0.002716,0.032630,-0.996916,True,0.037839,1.107228,-0.000263,0.071860,0.018832,0.031094,-0.996752
57.457,True,-0.029150,1.111680,-0.000091,0.070941,0.001148,0.032911,-0.996937,True,0.037901,1.107230,-0.000274,0.071482,0.017268,0.031375,-0.996799
57.468,True,-0.029106,1.111693,-0.000077,0.070511,-0.000563,0.033170,-0.996959,True,0.037944,1.107225,-0.000291,0.071055,0.015561,0.031634,-0.996849
57.479,True,-0.029033,1.111728,-0.000063,0.070076,-0.002625,0.033608,-0.996972,True,0.038014,1.107223,-0.000313,0.070625,0.013503,0.032072,-0.996896
57.490,True,-0.028964,1.111746,-0.000054,0.069779,-0.003515,0.033771,-0.996985,True,0.038082,1.107227,-0.000328,0.070330,0.012615,0.032234,-0.996923
57.501,True,-0.028977,1.111752,-0.000043,0.068703,-0.005789,0.034070,-0.997038,True,0.038068,1.107219,-0.000347,0.069258,0.010344,0.032532,-0.997015
57.512,True,-0.028908,1.111790,-0.000049,0.061942,-0.011769,0.034744,-0.997406,True,0.038138,1.107257,-0.000361,0.062501,0.004365,0.033209,-0.997483
57.523,True,-0.028887,1.111805,-0.000046,0.059767,-0.014418,0.035119,-0.997490,True,0.038157,1.107258,-0.000369,0.060329,0.001714,0.033584,-0.997612
57.534,True,-0.028907,1.111815,-0.000036,0.058143,-0.016835,0.035516,-0.997534,True,0.038136,1.107246,-0.000378,0.058707,-0.000704,0.033981,-0.997697
57.545,True,-0.028893,1.111811,-0.000055,0.055370,-0.020172,0.035870,-0.997618,True,0.038149,1.107241,-0.000404,0.055933,-0.004045,0.034338,-0.997836
57.556,True,-0.028882,1.111810,-0.000072,0.054177,-0.021034,0.035999,-0.997661,True,0.038161,1.107236,-0.000429,0.054740,-0.004909,0.034467,-0.997894
57.568,True,-0.028903,1.111780,-0.000105,0.053518,-0.021154,0.035932,-0.997696,True,0.038140,1.107218,-0.000461,0.054079,-0.005030,0.034402,-0.997931
57.579,True,-0.028912,1.111738,-0.000139,0.053209,-0.021819,0.035853,-0.997701,True,0.038132,1.107196,-0.000493,0.053767,-0.005696,0.034324,-0.997947
57.590,True,-0.028917,1.111689,-0.000166,0.052657,-0.022335,0.035778,-0.997722,True,0.038129,1.107165,-0.000516,0.053213,-0.006212,0.034250,-0.997976
57.601,True,-0.028972,1.111650,-0.000185,0.053595,-0.021392,0.035522,-0.997701,True,0.038075,1.107147,-0.000536,0.054150,-0.005268,0.033993,-0.997940
57.612,True,-0.028999,1.111657,-0.000218,0.052819,-0.021793,0.035491,-0.997735,True,0.037579,1.109042,0.000189,0.053371,-0.005670,0.033962,-0.997981
57.623,True,-0.029027,1.111686,-0.000253,0.052683,-0.022309,0.035444,-0.997733,True,0.037552,1.109087,0.000168,0.053233,-0.006186,0.033914,-0.997987
57.634,True,-0.029096,1.111677,-0.000268,0.051903,-0.022985,0.035214,-0.997766,True,0.037484,1.109122,0.000167,0.052448,-0.006865,0.033683,-0.998032
57.645,True,-0.029132,1.111665,-0.000295,0.053826,-0.023788,0.035016,-0.997653,True,0.037449,1.109148,0.000172,0.054367,-0.007664,0.033483,-0.997930
57.656,True,-0.029168,1.111682,-0.000329,0.053595,-0.024198,0.034840,-0.997661,True,0.037414,1.109201,0.000176,0.054131,-0.008075,0.033306,-0.997946
57.667,True,-0.029239,1.111746,-0.000371,0.053839,-0.024653,0.034988,-0.997632,True,0.037343,1.109255,0.000164,0.054376,-0.008530,0.033453,-0.997924
57.679,True,-0.029277,1.111805,-0.000394,0.053746,-0.024486,0.035246,-0.997632,True,0.037304,1.109280,0.000165,0.054288,-0.008364,0.033712,-0.997921
57.690,True,-0.029295,1.111824,-0.000413,0.053756,-0.024894,0.035612,-0.997608,True,0.037284,1.109256,0.000152,0.054303,-0.008772,0.034079,-0.997904
57.701,True,-0.029328,1.111855,-0.000440,0.053653,-0.025224,0.035962,-0.997593,True,0.037248,1.109246,0.000136,0.054205,-0.009102,0.034432,-0.997895
57.712,True,-0.029343,1.111893,-0.000463,0.053675,-0.025753,0.036101,-0.997573,True,0.037233,1.109269,0.000107,0.054228,-0.009631,0.034575,-0.997883
57.723,True,-0.029339,1.111881,-0.000499,0.053491,-0.025759,0.035949,-0.997589,True,0.037238,1.109278,0.000074,0.054042,-0.009637,0.034424,-0.997899
57.734,True,-0.029352,1.111844,-0.000537,0.053317,-0.025387,0.035731,-0.997615,True,0.037226,1.109266,0.000040,0.053865,-0.009265,0.034206,-0.997919
57.745,True,-0.029362,1.111813,-0.000583,0.052638,-0.025602,0.035666,-0.997648,True,0.037217,1.109249,0.000003,0.053184,-0.009481,0.034142,-0.997956
57.756,True,-0.029381,1.111803,-0.000611,0.052998,-0.026235,0.035764,-0.997609,True,0.037198,1.109232,-0.000034,0.053544,-0.010114,0.034241,-0.997927
57.768,True,-0.029413,1.111782,-0.000643,0.052852,-0.026478,0.035974,-0.997603,True,0.037164,1.109186,-0.000071,0.053401,-0.010358,0.034449,-0.997925
57.779,True,-0.029401,1.111782,-0.000663,0.052756,-0.026627,0.036022,-0.997602,True,0.037176,1.109179,-0.000107,0.053306,-0.010507,0.034496,-0.997927
57.790,True,-0.029395,1.111775,-0.000698,0.052957,-0.026986,0.035958,-0.997584,True,0.037183,1.109184,-0.000159,0.053505,-0.010866,0.034430,-0.997915
57.801,True,-0.029444,1.111758,-0.000722,0.053219,-0.026785,0.035674,-0.997586,True,0.037135,1.109200,-0.000197,0.053764,-0.010665,0.034144,-0.997913
57.812,True,-0.029452,1.111768,-0.000760,0.053252,-0.027091,0.035549,-0.997580,True,0.037128,1.109232,-0.000236,0.053794,-0.010971,0.034017,-0.997912
57.823,True,-0.029456,1.111805,-0.000803,0.053977,-0.026562,0.035361,-0.997562,True,0.037125,1.109288,-0.000266,0.054517,-0.010442,0.033827,-0.997885
57.834,True,-0.029513,1.111810,-0.000821,0.054142,-0.026592,0.035377,-0.997552,True,0.037068,1.109292,-0.000282,0.054682,-0.010471,0.033841,-0.997875
57.845,True,-0.029547,1.111843,-0.000859,0.054199,-0.026763,0.035393,-0.997544,True,0.037034,1.109326,-0.000315,0.054739,-0.010643,0.033854,-0.997870
57.856,True,-0.029562,1.111880,-0.000920,0.054102,-0.026352,0.035399,-0.997560,True,0.037018,1.109361,-0.000363,0.054643,-0.010233,0.033859,-0.997879
57.868,True,-0.029623,1.111829,-0.000926,0.054041,-0.026340,0.035316,-0.997566,True,0.036958,1.109321,-0.000361,0.054580,-0.010220,0.033777,-0.997886
57.878,True,-0.029630,1.111854,-0.000966,0.053819,-0.026098,0.035256,-0.997587,True,0.036951,1.109353,-0.000394,0.054357,-0.009978,0.033717,-0.997902
57.890,True,-0.029660,1.111863,-0.001022,0.054037,-0.026034,0.035131,-0.997581,True,0.036922,1.109381,-0.000430,0.054573,-0.009914,0.033591,-0.997895
57.901,True,-0.029715,1.111867,-0.001045,0.053858,-0.025639,0.035071,-0.997603,True,0.036867,1.109392,-0.000428,0.054394,-0.009519,0.033531,-0.997911
57.912,True,-0.029751,1.111875,-0.001100,0.053982,-0.025356,0.035181,-0.997600,True,0.036830,1.109388,-0.000448,0.054520,-0.009236,0.033639,-0.997903
57.923,True,-0.029789,1.111890,-0.001140,0.053946,-0.025174,0.035376,-0.997600,True,0.036790,1.109378,-0.000468,0.054487,-0.009055,0.033833,-0.997900
57.934,True,-0.029832,1.111876,-0.001174,0.053807,-0.025041,0.035382,-0.997610,True,0.036748,1.109364,-0.000485,0.054348,-0.008922,0.033839,-0.997909
57.945,True,-0.029853,1.111869,-0.001212,0.053516,-0.024907,0.035364,-0.997630,True,0.036726,1.109360,-0.000509,0.054057,-0.008789,0.033821,-0.997926
57.956,True,-0.029859,1.111862,-0.001262,0.053549,-0.024708,0.035187,-0.997639,True,0.036721,1.109378,-0.000544,0.054087,-0.008590,0.033641,-0.997932
57.967,True,-0.029893,1.111899,-0.001262,0.053612,-0.024560,0.035189,-0.997639,True,0.036687,1.109415,-0.000533,0.054150,-0.008442,0.033641,-0.997930
57.978,True,-0.029895,1.111959,-0.001295,0.053882,-0.022372,0.034905,-0.997686,True,0.036686,1.109489,-0.000548,0.054420,-0.006252,0.033352,-0.997941
57.989,True,-0.029885,1.112011,-0.001318,0.054457,-0.021168,0.034844,-0.997684,True,0.036695,1.109536,-0.000556,0.054996,-0.005048,0.033286,-0.997919
58.001,True,-0.029925,1.112040,-0.001294,0.056098,-0.019002,0.034665,-0.997642,True,0.036655,1.109557,-0.000548,0.056640,-0.002879,0.033101,-0.997842
58.012,True,-0.029861,1.112081,-0.001332,0.056849,-0.018289,0.034582,-0.997616,True,0.036719,1.109600,-0.000585,0.057390,-0.002165,0.033016,-0.997803
58.023,True,-0.029793,1.112131,-0.001345,0.057344,-0.017790,0.034682,-0.997593,True,0.036786,1.109627,-0.000616,0.057888,-0.001666,0.033115,-0.997772
58.034,True,-0.029756,1.112116,-0.001345,0.057888,-0.017316,0.034729,-0.997569,True,0.036823,1.109592,-0.000655,0.058434,-0.001191,0.033159,-0.997740
58.045,True,-0.029658,1.112112,-0.001349,0.058573,-0.016412,0.034731,-0.997544,True,0.036920,1.109567,-0.000709,0.059122,-0.000286,0.033161,-0.997700
58.056,True,-0.029544,1.112095,-0.001360,0.059009,-0.016265,0.034889,-0.997515,True,0.037034,1.109517,-0.000773,0.059561,-0.000139,0.033318,-0.997669
58.067,True,-0.029462,1.112060,-0.001377,0.059060,-0.016259,0.035138,-0.997503,True,0.037115,1.109439,-0.000852,0.059617,-0.000133,0.033567,-0.997657
58.079,True,-0.029369,1.112058,-0.001396,0.059276,-0.015864,0.035330,-0.997490,True,0.037206,1.109401,-0.000901,0.059837,0.000262,0.033761,-0.997637
58.089,True,-0.029267,1.112036,-0.001420,0.059404,-0.015849,0.035510,-0.997476,True,0.037308,1.109346,-0.000975,0.059968,0.000277,0.033941,-0.997623
58.101,True,-0.029198,1.112031,-0.001445,0.059446,-0.015265,0.035704,-0.997476,True,0.037376,1.109300,-0.001042,0.060015,0.000860,0.034134,-0.997613
58.112,True,-0.029113,1.112055,-0.001476,0.059411,-0.015199,0.036001,-0.997468,True,0.037458,1.109279,-0.001105,0.059986,0.000925,0.034429,-0.997605
58.123,True,-0.029053,1.112123,-0.001501,0.059626,-0.015420,0.036469,-0.997435,True,0.037516,1.109285,-0.001152,0.060208,0.000704,0.034893,-0.997576
58.134,True,-0.029030,1.112231,-0.001527,0.060621,-0.014776,0.036840,-0.997371,True,0.037536,1.109333,-0.001183,0.061210,0.001347,0.035258,-0.997501
58.150,True,-0.028940,1.112434,-0.001555,0.061746,-0.014523,0.036640,-0.997313,True,0.037627,1.109556,-0.001234,0.062333,0.001600,0.035047,-0.997439
58.161,True,-0.028912,1.112527,-0.001564,0.062165,-0.014282,0.036188,-0.997307,True,0.037658,1.109705,-0.001261,0.062744,0.001839,0.034586,-0.997429
58.172,True,-0.028842,1.112613,-0.001579,0.062650,-0.014177,0.035764,-0.997294,True,0.037730,1.109845,-0.001290,0.063222,0.001944,0.034155,-0.997413
58.183,True,-0.028794,1.112684,-0.001598,0.063206,-0.014360,0.035589,-0.997262,True,0.037779,1.109939,-0.001329,0.063776,0.001761,0.033975,-0.997384
58.194,True,-0.028778,1.112719,-0.001650,0.063385,-0.014148,0.035590,-0.997254,True,0.037795,1.109971,-0.001385,0.063955,0.001973,0.033972,-0.997372
58.206,True,-0.028739,1.112740,-0.001694,0.063281,-0.014028,0.035737,-0.997257,True,0.037833,1.109970,-0.001432,0.063853,0.002091,0.034118,-0.997374
58.217,True,-0.028711,1.112704,-0.001742,0.063157,-0.014033,0.035715,-0.997266,True,0.037861,1.109933,-0.001503,0.063729,0.002086,0.034097,-0.997382
58.228,True,-0.028732,1.112658,-0.001790,0.062889,-0.013838,0.035584,-0.997290,True,0.037841,1.109902,-0.001556,0.063460,0.002281,0.033969,-0.997404
58.239,True,-0.028705,1.112583,-0.001832,0.062688,-0.013759,0.035301,-0.997314,True,0.037870,1.109863,-0.001604,0.063254,0.002360,0.033687,-0.997426
58.250,True,-0.028694,1.112531,-0.001879,0.062249,-0.013175,0.034997,-0.997360,True,0.037882,1.109846,-0.001641,0.062811,0.002942,0.033383,-0.997463
58.261,True,-0.028725,1.112523,-0.001933,0.062141,-0.012924,0.034954,-0.997371,True,0.037851,1.109847,-0.001661,0.062703,0.003194,0.033341,-0.997470
58.272,True,-0.028756,1.112536,-0.001969,0.062056,-0.012800,0.034903,-0.997380,True,0.037820,1.109869,-0.001676,0.062617,0.003318,0.033290,-0.997477
58.283,True,-0.028754,1.112519,-0.002003,0.062137,-0.012409,0.034890,-0.997381,True,0.037823,1.109854,-0.001673,0.062698,0.003709,0.033276,-0.997471
58.294,True,-0.028795,1.112477,-0.002019,0.062363,-0.012111,0.034840,-0.997372,True,0.037781,1.109821,-0.001650,0.062924,0.004007,0.033226,-0.997457
58.306,True,-0.028798,1.112525,-0.002042,0.062551,-0.011792,0.035047,-0.997357,True,0.037777,1.109843,-0.001631,0.063115,0.004327,0.033433,-0.997437
58.317,True,-0.028782,1.112586,-0.002065,0.062618,-0.012312,0.035451,-0.997332,True,0.037791,1.109860,-0.001629,0.063188,0.003808,0.033840,-0.997421
58.328,True,-0.028762,1.112616,-0.002063,0.062411,-0.012127,0.035914,-0.997330,True,0.037809,1.109828,-0.001611,0.062988,0.003992,0.034305,-0.997417
58.339,True,-0.028726,1.112662,-0.002050,0.062339,-0.012180,0.036677,-0.997307,True,0.037840,1.109771,-0.001604,0.062928,0.003940,0.035070,-0.997394
58.350,True,-0.028637,1.112697,-0.002007,0.062163,-0.012582,0.037080,-0.997298,True,0.037927,1.109747,-0.001620,0.062759,0.003537,0.035477,-0.997392
58.361,True,-0.028543,1.112718,-0.001978,0.062035,-0.012993,0.037261,-0.997294,True,0.038020,1.109741,-0.001637,0.062634,0.003127,0.035661,-0.997394
58.373,True,-0.028471,1.112741,-0.001926,0.061754,-0.013385,0.037622,-0.997292,True,0.038089,1.109709,-0.001654,0.062358,0.002735,0.036026,-0.997400
58.384,True,-0.028370,1.112727,-0.001874,0.061274,-0.013288,0.037790,-0.997317,True,0.038189,1.109663,-0.001653,0.061881,0.002830,0.036195,-0.997423
58.395,True,-0.028311,1.112707,-0.001829,0.061509,-0.013936,0.037901,-0.997289,True,0.038248,1.109629,-0.001652,0.062118,0.002184,0.036307,-0.997406
58.406,True,-0.028260,1.112636,-0.001787,0.061175,-0.013301,0.037601,-0.997330,True,0.038301,1.109584,-0.001653,0.061781,0.002817,0.036008,-0.997436
58.417,True,-0.028163,1.112545,-0.001749,0.061187,-0.013760,0.037329,-0.997333,True,0.038399,1.109526,-0.001669,0.061788,0.002359,0.035738,-0.997447
58.428,True,-0.028114,1.112456,-0.001705,0.061261,-0.012740,0.036856,-0.997360,True,0.038450,1.109478,-0.001682,0.061856,0.003377,0.035267,-0.997456
58.439,True,-0.028029,1.112363,-0.001663,0.061025,-0.012735,0.036422,-0.997390,True,0.038537,1.109433,-0.001699,0.061614,0.003382,0.034837,-0.997486
58.450,True,-0.027965,1.112264,-0.001622,0.060791,-0.012967,0.036028,-0.997416,True,0.038603,1.109381,-0.001713,0.061374,0.003151,0.034447,-0.997515
58.461,True,-0.027978,1.112214,-0.001601,0.060784,-0.012548,0.035742,-0.997432,True,0.038591,1.109360,-0.001716,0.061363,0.003569,0.034162,-0.997524
58.472,True,-0.027969,1.112210,-0.001565,0.060939,-0.011970,0.035614,-0.997434,True,0.038601,1.109362,-0.001692,0.061517,0.004146,0.034035,-0.997517
58.484,True,-0.027964,1.112224,-0.001534,0.061557,-0.010874,0.035372,-0.997417,True,0.038606,1.109393,-0.001660,0.062133,0.005241,0.033791,-0.997482
58.495,True,-0.028033,1.112298,-0.001498,0.061749,-0.010447,0.035196,-0.997416,True,0.038538,1.109486,-0.001626,0.062323,0.005667,0.033611,-0.997474
58.506,True,-0.028048,1.112362,-0.001472,0.062170,-0.009784,0.034993,-0.997404,True,0.038524,1.109573,-0.001569,0.062740,0.006328,0.033403,-0.997451
58.517,True,-0.028095,1.112425,-0.001437,0.062671,-0.008614,0.034724,-0.997393,True,0.038478,1.109659,-0.001515,0.063239,0.007496,0.033130,-0.997420
58.528,True,-0.028147,1.112463,-0.001443,0.062892,-0.008095,0.034454,-0.997393,True,0.038428,1.109731,-0.001490,0.063457,0.008015,0.032858,-0.997411
58.539,True,-0.028194,1.112490,-0.001430,0.063124,-0.007076,0.034290,-0.997391,True,0.038381,1.109771,-0.001447,0.063687,0.009033,0.032694,-0.997393
58.550,True,-0.028253,1.112477,-0.001422,0.062995,-0.006686,0.034318,-0.997401,True,0.038322,1.109758,-0.001387,0.063558,0.009423,0.032724,-0.997397
58.561,True,-0.028340,1.112471,-0.001448,0.063027,-0.005667,0.034464,-0.997401,True,0.038234,1.109726,-0.001362,0.063594,0.010440,0.032871,-0.997380
58.573,True,-0.028418,1.112457,-0.001444,0.063181,-0.004537,0.034552,-0.997394,True,0.038155,1.109694,-0.001311,0.063751,0.011569,0.032959,-0.997354
58.584,True,-0.028504,1.112458,-0.001442,0.063112,-0.003592,0.034670,-0.997398,True,0.038068,1.109675,-0.001257,0.063685,0.012512,0.033077,-0.997343
58.595,True,-0.028607,1.112453,-0.001457,0.063270,-0.002928,0.034621,-0.997392,True,0.037965,1.109674,-0.001230,0.063843,0.013175,0.033028,-0.997326
58.606,True,-0.028667,1.112449,-0.001460,0.063283,-0.002384,0.034541,-0.997395,True,0.037905,1.109681,-0.001188,0.063855,0.013718,0.032946,-0.997321
58.617,True,-0.028716,1.112475,-0.001438,0.063299,-0.001643,0.034471,-0.997398,True,0.037856,1.109711,-0.001137,0.063871,0.014458,0.032875,-0.997312
58.628,True,-0.028781,1.112483,-0.001449,0.062876,-0.000949,0.034313,-0.997431,True,0.036963,1.111657,-0.000907,0.063447,0.015149,0.032717,-0.997334
58.639,True,-0.028813,1.112501,-0.001430,0.062943,-0.000309,0.034266,-0.997429,True,0.036931,1.111677,-0.000866,0.063514,0.015788,0.032668,-0.997321
58.650,True,-0.028837,1.112531,-0.001395,0.062950,0.000412,0.034263,-0.997428,True,0.036906,1.111699,-0.000822,0.063522,0.016507,0.032666,-0.997309
58.661,True,-0.028868,1.112533,-0.001384,0.062864,0.000841,0.034199,-0.997436,True,0.036875,1.111705,-0.000806,0.063436,0.016935,0.032602,-0.997310
58.672,True,-0.028891,1.112539,-0.001359,0.063155,0.001208,0.034205,-0.997417,True,0.036852,1.111706,-0.000771,0.063727,0.017301,0.032607,-0.997285
58.683,True,-0.028914,1.112532,-0.001316,0.066278,0.001059,0.034159,-0.997216,True,0.036830,1.111701,-0.000725,0.066846,0.017158,0.032561,-0.997084
58.694,True,-0.028923,1.112540,-0.001300,0.065102,0.001549,0.034343,-0.997286,True,0.036820,1.111680,-0.000710,0.065675,0.017644,0.032745,-0.997148
58.706,True,-0.028935,1.112506,-0.001255,0.065835,0.001451,0.034245,-0.997242,True,0.036809,1.111655,-0.000686,0.066406,0.017547,0.032649,-0.997104
58.717,True,-0.028912,1.112468,-0.001219,0.066246,0.002023,0.034282,-0.997212,True,0.036831,1.111601,-0.000658,0.066818,0.018118,0.032687,-0.997065
58.728,True,-0.028916,1.112413,-0.001192,0.066180,0.002233,0.034233,-0.997218,True,0.036828,1.111544,-0.000664,0.066752,0.018327,0.032641,-0.997067
58.739,True,-0.028903,1.112347,-0.001151,0.066025,0.002281,0.034161,-0.997231,True,0.036841,1.111483,-0.000653,0.066596,0.018375,0.032573,-0.997079
58.750,True,-0.028878,1.112305,-0.001119,0.066006,0.002357,0.034166,-0.997231,True,0.036866,1.111434,-0.000642,0.066578,0.018450,0.032580,-0.997079
58.761,True,-0.028901,1.112285,-0.001107,0.065312,0.002147,0.034130,-0.997279,True,0.036843,1.111418,-0.000656,0.065883,0.018240,0.032548,-0.997130
58.772,True,-0.028889,1.112244,-0.001083,0.064967,0.001808,0.034111,-0.997303,True,0.036855,1.111382,-0.000650,0.065537,0.017901,0.032530,-0.997159
58.784,True,-0.028880,1.112214,-0.001055,0.064932,0.001472,0.034068,-0.997307,True,0.036864,1.111358,-0.000647,0.065502,0.017566,0.032488,-0.997169
58.795,True,-0.028892,1.112226,-0.001062,0.064889,0.001083,0.034120,-0.997308,True,0.036852,1.111366,-0.000664,0.065459,0.017178,0.032541,-0.997177
58.806,True,-0.028891,1.112218,-0.001046,0.064869,0.000923,0.034084,-0.997311,True,0.036853,1.111362,-0.000670,0.065438,0.017018,0.032506,-0.997182
58.817,True,-0.028887,1.112231,-0.001034,0.064678,-0.000229,0.034193,-0.997320,True,0.036857,1.111373,-0.000676,0.065247,0.015870,0.032615,-0.997210
58.828,True,-0.028908,1.112242,-0.001055,0.064587,-0.000242,0.034189,-0.997326,True,0.036836,1.111384,-0.000700,0.065157,0.015857,0.032613,-0.997216
58.839,True,-0.028930,1.112220,-0.001047,0.064495,-0.000500,0.034116,-0.997335,True,0.036815,1.111373,-0.000706,0.065063,0.015599,0.032542,-0.997228
58.850,True,-0.028941,1.112219,-0.001063,0.064470,-0.000476,0.034236,-0.997332,True,0.036803,1.111356,-0.000712,0.065040,0.015624,0.032662,-0.997226
58.861,True,-0.028984,1.112195,-0.001076,0.064444,-0.000732,0.034282,-0.997332,True,0.036761,1.111328,-0.000731,0.065014,0.015368,0.032710,-0.997230
58.873,True,-0.029003,1.112195,-0.001093,0.064531,-0.000645,0.034314,-0.997325,True,0.036741,1.111324,-0.000742,0.065101,0.015456,0.032742,-0.997222
58.884,True,-0.029036,1.112180,-0.001100,0.064666,-0.000543,0.034184,-0.997321,True,0.036709,1.111323,-0.000753,0.065235,0.015558,0.032612,-0.997216
58.895,True,-0.029077,1.112157,-0.001130,0.064856,-0.000306,0.034066,-0.997313,True,0.036668,1.111314,-0.000776,0.065423,0.015794,0.032492,-0.997204
58.906,True,-0.029122,1.112129,-0.001151,0.064715,-0.000220,0.033906,-0.997328,True,0.036623,1.111308,-0.000787,0.065279,0.015880,0.032335,-0.997217
58.921,True,-0.029186,1.112069,-0.001188,0.064639,0.000421,0.033697,-0.997340,True,0.036560,1.111270,-0.000813,0.065201,0.016519,0.032125,-0.997218
58.932,True,-0.029253,1.112088,-0.001230,0.064561,0.000914,0.033699,-0.997344,True,0.036492,1.111286,-0.000831,0.065123,0.017011,0.032129,-0.997215
58.943,True,-0.029301,1.112114,-0.001262,0.064688,0.001213,0.033614,-0.997339,True,0.036444,1.111323,-0.000842,0.065249,0.017310,0.032041,-0.997204
58.954,True,-0.029352,1.112105,-0.001264,0.064936,0.001511,0.033499,-0.997326,True,0.036393,1.111327,-0.000836,0.065496,0.017607,0.031924,-0.997187
58.965,True,-0.029425,1.112088,-0.001262,0.065252,0.001884,0.033291,-0.997312,True,0.036320,1.111335,-0.000817,0.065809,0.017979,0.031712,-0.997166
58.976,True,-0.029464,1.112140,-0.001281,0.065742,0.002433,0.033092,-0.997285,True,0.036281,1.111411,-0.000804,0.066296,0.018527,0.031508,-0.997130
58.988,True,-0.029504,1.112252,-0.001269,0.065973,0.002496,0.033200,-0.997266,True,0.036241,1.111508,-0.000791,0.066529,0.018589,0.031614,-0.997110
58.999,True,-0.029581,1.112332,-0.001257,0.066087,0.002544,0.033405,-0.997251,True,0.036164,1.111562,-0.000769,0.066647,0.018637,0.031817,-0.997095
59.010,True,-0.029598,1.112411,-0.001251,0.066232,0.002522,0.033653,-0.997234,True,0.036147,1.111611,-0.000754,0.066795,0.018615,0.032061,-0.997078
59.021,True,-0.029611,1.112455,-0.001258,0.066150,0.002580,0.033754,-0.997235,True,0.036133,1.111642,-0.000757,0.066715,0.018673,0.032163,-0.997079
59.032,True,-0.029658,1.112485,-0.001273,0.066048,0.002634,0.033861,-0.997238,True,0.036086,1.111655,-0.000777,0.066615,0.018726,0.032272,-0.997081
59.043,True,-0.029671,1.112478,-0.001272,0.065731,0.002736,0.033672,-0.997265,True,0.036073,1.111671,-0.000782,0.066295,0.018828,0.032086,-0.997106
59.054,True,-0.029680,1.112452,-0.001283,0.065401,0.002907,0.033471,-0.997293,True,0.036065,1.111671,-0.000788,0.065962,0.018999,0.031886,-0.997132
59.065,True,-0.029716,1.112406,-0.001311,0.065097,0.003108,0.033349,-0.997317,True,0.036029,1.111639,-0.000813,0.065657,0.019199,0.031766,-0.997152
59.076,True,-0.029744,1.112370,-0.001318,0.065029,0.003082,0.033364,-0.997321,True,0.036001,1.111603,-0.000816,0.065589,0.019173,0.031780,-0.997156
59.088,True,-0.029763,1.112332,-0.001316,0.065089,0.003072,0.033370,-0.997317,True,0.035982,1.111564,-0.000818,0.065649,0.019162,0.031784,-0.997152
59.099,True,-0.029798,1.112322,-0.001327,0.065084,0.003074,0.033393,-0.997316,True,0.035947,1.111551,-0.000827,0.065645,0.019164,0.031806,-0.997152
59.110,True,-0.029804,1.112295,-0.001325,0.065152,0.002953,0.033277,-0.997316,True,0.035941,1.111540,-0.000832,0.065711,0.019043,0.031689,-0.997154
59.121,True,-0.029809,1.112275,-0.001320,0.065027,0.002970,0.033093,-0.997330,True,0.035936,1.111543,-0.000835,0.065582,0.019060,0.031505,-0.997168
59.132,True,-0.028883,1.114115,-0.001052,0.065038,0.003022,0.032998,-0.997333,True,0.035906,1.111545,-0.000857,0.065592,0.019112,0.031409,-0.997169
59.143,True,-0.028897,1.114126,-0.001060,0.064887,0.003016,0.032974,-0.997343,True,0.035892,1.111559,-0.000863,0.065441,0.019105,0.031385,-0.997180
59.154,True,-0.028908,1.114138,-0.001069,0.064757,0.003127,0.032932,-0.997353,True,0.035882,1.111578,-0.000863,0.065311,0.019216,0.031343,-0.997187
59.166,True,-0.028956,1.114176,-0.001097,0.064691,0.003356,0.032960,-0.997355,True,0.035833,1.111610,-0.000881,0.065245,0.019445,0.031373,-0.997186
59.177,True,-0.028968,1.114158,-0.001096,0.064657,0.003471,0.032892,-0.997359,True,0.035822,1.111600,-0.000883,0.065210,0.019559,0.031305,-0.997189
59.188,True,-0.028971,1.114134,-0.001101,0.064514,0.003624,0.032739,-0.997373,True,0.035820,1.111596,-0.000878,0.065065,0.019713,0.031153,-0.997200
59.199,True,-0.029016,1.114128,-0.001119,0.064394,0.003748,0.032561,-0.997386,True,0.035776,1.111613,-0.000889,0.064942,0.019837,0.030977,-0.997211
59.210,True,-0.029041,1.114120,-0.001133,0.064216,0.004036,0.032338,-0.997404,True,0.035752,1.111633,-0.000884,0.064761,0.020124,0.030756,-0.997224
59.221,True,-0.029064,1.114107,-0.001140,0.064102,0.004199,0.032398,-0.997408,True,0.035729,1.111614,-0.000868,0.064648,0.020287,0.030817,-0.997226
59.232,True,-0.029107,1.114080,-0.001179,0.064023,0.004504,0.032515,-0.997408,True,0.035684,1.111573,-0.000872,0.064572,0.020593,0.030937,-0.997221
59.243,True,-0.029138,1.114069,-0.001193,0.063813,0.004584,0.032744,-0.997414,True,0.035653,1.111536,-0.000865,0.064365,0.020672,0.031168,-0.997225
59.254,True,-0.029153,1.114030,-0.001211,0.063567,0.004738,0.032758,-0.997429,True,0.035637,1.111496,-0.000859,0.064119,0.020827,0.031185,-0.997237
59.266,True,-0.029191,1.113971,-0.001242,0.063321,0.004600,0.032714,-0.997446,True,0.035600,1.111449,-0.000867,0.063872,0.020690,0.031143,-0.997258
59.277,True,-0.029186,1.113947,-0.001260,0.063143,0.004651,0.032691,-0.997458,True,0.035605,1.111431,-0.000863,0.063693,0.020741,0.031122,-0.997268
59.288,True,-0.029176,1.113933,-0.001278,0.063008,0.004792,0.032645,-0.997468,True,0.035615,1.111424,-0.000863,0.063558,0.020882,0.031077,-0.997276
59.299,True,-0.029165,1.113963,-0.001298,0.062917,0.004809,0.032688,-0.997472,True,0.035625,1.111451,-0.000868,0.063468,0.020899,0.031120,-0.997280
59.310,True,-0.029129,1.113995,-0.001298,0.063055,0.004813,0.032698,-0.997463,True,0.035662,1.111481,-0.000870,0.063606,0.020903,0.031128,-0.997271
59.321,True,-0.029078,1.114046,-0.001286,0.063111,0.004779,0.032843,-0.997455,True,0.035712,1.111513,-0.000866,0.063665,0.020869,0.031271,-0.997263
59.332,True,-0.029038,1.114092,-0.001269,0.063242,0.004464,0.032828,-0.997448,True,0.035752,1.111561,-0.000872,0.063795,0.020554,0.031253,-0.997262
59.343,True,-0.028959,1.114138,-0.001255,0.063342,0.004322,0.032901,-0.997440,True,0.035831,1.111596,-0.000876,0.063897,0.020412,0.031324,-0.997256
59.355,True,-0.028867,1.114165,-0.001248,0.063469,0.004177,0.032958,-0.997431,True,0.035923,1.111615,-0.000888,0.064024,0.020266,0.031378,-0.997249
59.366,True,-0.028844,1.114181,-0.001231,0.063603,0.004059,0.033103,-0.997418,True,0.035945,1.111610,-0.000888,0.064160,0.020148,0.031523,-0.997238
59.377,True,-0.028761,1.114188,-0.001221,0.063606,0.003942,0.033290,-0.997412,True,0.036027,1.111590,-0.000902,0.064166,0.020031,0.031709,-0.997234
59.388,True,-0.028667,1.114190,-0.001207,0.063429,0.003667,0.033449,-0.997419,True,0.036121,1.111571,-0.000912,0.063992,0.019756,0.031869,-0.997246
59.399,True,-0.028620,1.114198,-0.001185,0.063709,0.003459,0.033661,-0.997395,True,0.036166,1.111549,-0.000920,0.064275,0.019548,0.032081,-0.997225
59.410,True,-0.028524,1.114185,-0.001147,0.063569,0.003128,0.033781,-0.997401,True,0.036262,1.111519,-0.000921,0.064136,0.019217,0.032201,-0.997236
59.421,True,-0.028418,1.114179,-0.001116,0.063608,0.002849,0.033873,-0.997396,True,0.036366,1.111499,-0.000924,0.064177,0.018938,0.032293,-0.997236
59.432,True,-0.028360,1.114166,-0.001076,0.063314,0.002449,0.033904,-0.997415,True,0.036425,1.111482,-0.000920,0.063883,0.018539,0.032324,-0.997262
59.443,True,-0.028281,1.114171,-0.001033,0.063435,0.002216,0.034027,-0.997403,True,0.036503,1.111468,-0.000908,0.064006,0.018305,0.032447,-0.997254
59.454,True,-0.028201,1.114158,-0.001003,0.063276,0.002045,0.034078,-0.997412,True,0.036583,1.111447,-0.000900,0.063848,0.018134,0.032498,-0.997266
59.465,True,-0.028159,1.114157,-0.000970,0.063051,0.002151,0.034125,-0.997424,True,0.036625,1.111436,-0.000885,0.063624,0.018240,0.032546,-0.997276
59.477,True,-0.028098,1.114170,-0.000933,0.062756,0.001980,0.034261,-0.997439,True,0.036685,1.111432,-0.000863,0.063332,0.018069,0.032687,-0.997294
59.488,True,-0.028040,1.114127,-0.000907,0.062674,0.001955,0.034287,-0.997443,True,0.036742,1.111384,-0.000846,0.063250,0.018043,0.032714,-0.997298
59.499,True,-0.028076,1.114091,-0.000868,0.062483,0.001900,0.034383,-0.997452,True,0.036706,1.111335,-0.000817,0.063061,0.017988,0.032812,-0.997308
59.510,True,-0.028026,1.114064,-0.000844,0.062355,0.001857,0.034492,-0.997456,True,0.036755,1.111294,-0.000796,0.062934,0.017946,0.032923,-0.997313
59.521,True,-0.028002,1.114059,-0.000804,0.062243,0.001848,0.034643,-0.997458,True,0.036779,1.111269,-0.000759,0.062825,0.017937,0.033074,-0.997315
59.532,True,-0.028043,1.114048,-0.000779,0.062180,0.001890,0.034658,-0.997461,True,0.036737,1.111257,-0.000723,0.062763,0.017978,0.033090,-0.997318
59.543,True,-0.028009,1.114058,-0.000736,0.062140,0.001814,0.034639,-0.997465,True,0.036772,1.111269,-0.000684,0.062722,0.017903,0.033072,-0.997322
59.554,True,-0.028006,1.114058,-0.000708,0.062307,0.001762,0.034516,-0.997459,True,0.036776,1.111288,-0.000647,0.062887,0.017851,0.032948,-0.997317
59.566,True,-0.028055,1.114051,-0.000689,0.062289,0.001837,0.034370,-0.997465,True,0.036728,1.111304,-0.000601,0.062865,0.017927,0.032802,-0.997322
59.576,True,-0.028076,1.114021,-0.000665,0.062233,0.001775,0.034306,-0.997470,True,0.036706,1.111284,-0.000568,0.062809,0.017866,0.032740,-0.997328
59.587,True,-0.028096,1.113998,-0.000652,0.062178,0.001808,0.034343,-0.997472,True,0.036686,1.111259,-0.000534,0.062754,0.017899,0.032779,-0.997330
59.599,True,-0.028159,1.113996,-0.000655,0.062282,0.001753,0.034326,-0.997467,True,0.036624,1.111261,-0.000525,0.062858,0.017846,0.032761,-0.997325
59.610,True,-0.028182,1.113991,-0.000637,0.062216,0.001590,0.034248,-0.997474,True,0.036601,1.111269,-0.000500,0.062790,0.017684,0.032687,-0.997335
59.621,True,-0.028188,1.113904,-0.000602,0.062339,0.001458,0.033893,-0.997478,True,0.036598,1.111229,-0.000475,0.062907,0.017552,0.032330,-0.997341
59.632,True,-0.028241,1.113860,-0.000576,0.062428,0.001607,0.033446,-0.997488,True,0.037202,1.109171,-0.000797,0.062989,0.017701,0.031881,-0.997348
59.643,True,-0.028262,1.113895,-0.000538,0.062592,0.001707,0.033220,-0.997485,True,0.037183,1.109238,-0.000742,0.063150,0.017800,0.031651,-0.997343
59.654,True,-0.028278,1.113994,-0.000504,0.063001,0.001780,0.033222,-0.997459,True,0.037168,1.109339,-0.000680,0.063558,0.017873,0.031649,-0.997316
59.666,True,-0.028349,1.114167,-0.000448,0.063347,0.001980,0.033575,-0.997425,True,0.037093,1.109466,-0.000600,0.063910,0.018073,0.031996,-0.997279
59.677,True,-0.028375,1.114279,-0.000391,0.063957,0.001869,0.033827,-0.997378,True,0.037065,1.109546,-0.000538,0.064524,0.017962,0.032244,-0.997233
59.688,True,-0.028394,1.114355,-0.000346,0.063866,0.001822,0.033928,-0.997380,True,0.037045,1.109610,-0.000494,0.064435,0.017915,0.032344,-0.997237
59.699,True,-0.028413,1.114366,-0.000320,0.063888,0.001785,0.033770,-0.997384,True,0.037028,1.109642,-0.000464,0.064453,0.017879,0.032188,-0.997241
59.710,True,-0.028426,1.114341,-0.000271,0.063855,0.001284,0.033503,-0.997396,True,0.037018,1.109660,-0.000410,0.064415,0.017380,0.031925,-0.997261
59.721,True,-0.028420,1.114272,-0.000259,0.063823,0.001252,0.033297,-0.997405,True,0.037026,1.109620,-0.000380,0.064380,0.017350,0.031722,-0.997270
59.732,True,-0.028463,1.114214,-0.000247,0.063793,0.001475,0.033239,-0.997408,True,0.036984,1.109569,-0.000358,0.064349,0.017572,0.031665,-0.997270
59.743,True,-0.028458,1.114168,-0.000211,0.063788,0.001329,0.033399,-0.997404,True,0.036987,1.109505,-0.000315,0.064346,0.017427,0.031826,-0.997268
59.754,True,-0.028445,1.114142,-0.000167,0.063394,0.000925,0.033619,-0.997422,True,0.036998,1.109455,-0.000274,0.063955,0.017024,0.032047,-0.997293
59.766,True,-0.028457,1.114127,-0.000141,0.063627,0.000822,0.033793,-0.997401,True,0.036985,1.109418,-0.000251,0.064191,0.016922,0.032221,-0.997274
59.777,True,-0.028426,1.114111,-0.000102,0.063144,0.000633,0.033903,-0.997428,True,0.037015,1.109391,-0.000213,0.063709,0.016732,0.032332,-0.997304
59.788,True,-0.028400,1.114099,-0.000063,0.062922,0.000513,0.033903,-0.997442,True,0.037042,1.109380,-0.000180,0.063488,0.016612,0.032332,-0.997320
59.799,True,-0.028417,1.114081,-0.000050,0.063065,0.000436,0.033875,-0.997434,True,0.037024,1.109368,-0.000155,0.063630,0.016536,0.032305,-0.997314
59.810,True,-0.028398,1.114074,-0.000023,0.062616,0.000530,0.033952,-0.997460,True,0.037043,1.109352,-0.000118,0.063182,0.016630,0.032384,-0.997338
59.821,True,-0.028367,1.114080,-0.000004,0.062335,0.000581,0.034050,-0.997474,True,0.037073,1.109347,-0.000086,0.062903,0.016681,0.032485,-0.997351
59.832,True,-0.028395,1.114070,-0.000003,0.062192,0.000452,0.034117,-0.997481,True,0.037045,1.109332,-0.000078,0.062761,0.016553,0.032554,-0.997360
59.843,True,-0.028374,1.114035,0.000012,0.061783,0.000330,0.034207,-0.997503,True,0.037065,1.109287,-0.000062,0.062354,0.016431,0.032647,-0.997385
59.854,True,-0.028341,1.114004,0.000021,0.061499,0.000050,0.034199,-0.997521,True,0.037098,1.109260,-0.000058,0.062069,0.016151,0.032643,-0.997407
59.865,True,-0.028330,1.113956,0.000002,0.061242,-0.000076,0.034024,-0.997543,True,0.037111,1.109237,-0.000077,0.061809,0.016027,0.032472,-0.997431
59.876,True,-0.028294,1.113923,-0.000002,0.060941,-0.000201,0.034037,-0.997561,True,0.037148,1.109204,-0.000081,0.061508,0.015903,0.032488,-0.997451
59.888,True,-0.028248,1.113863,-0.000030,0.060612,-0.000262,0.034022,-0.997581,True,0.037193,1.109149,-0.000106,0.061179,0.015841,0.032475,-0.997473
59.899,True,-0.028252,1.113822,-0.000059,0.060393,-0.000372,0.034098,-0.997592,True,0.037189,1.109099,-0.000133,0.060961,0.015732,0.032553,-0.997485
59.910,True,-0.028208,1.113784,-0.000083,0.060018,-0.000440,0.034150,-0.997613,True,0.037233,1.109055,-0.000160,0.060587,0.015664,0.032608,-0.997507
59.921,True,-0.028160,1.113751,-0.000121,0.059793,-0.000464,0.034111,-0.997628,True,0.037281,1.109029,-0.000196,0.060362,0.015640,0.032570,-0.997523
59.932,True,-0.028146,1.113709,-0.000169,0.059675,-0.000436,0.033933,-0.997641,True,0.037296,1.109010,-0.000246,0.060241,0.015667,0.032392,-0.997535
59.943,True,-0.028088,1.113688,-0.000212,0.059824,-0.000714,0.033850,-0.997635,True,0.037356,1.109004,-0.000285,0.060387,0.015390,0.032307,-0.997533
59.954,True,-0.028032,1.113681,-0.000258,0.059686,-0.000665,0.033746,-0.997646,True,0.037413,1.109010,-0.000331,0.060249,0.015439,0.032203,-0.997544
59.965,True,-0.028012,1.113699,-0.000325,0.059885,-0.000785,0.033667,-0.997637,True,0.037434,1.109040,-0.000397,0.060446,0.015319,0.032121,-0.997537
59.976,True,-0.027939,1.113768,-0.000381,0.060403,-0.001214,0.033754,-0.997603,True,0.037506,1.109101,-0.000462,0.060964,0.014891,0.032202,-0.997509
59.988,True,-0.027844,1.113875,-0.000462,0.060699,-0.001266,0.033831,-0.997582,True,0.037600,1.109197,-0.000546,0.061261,0.014838,0.032271,-0.997490
59.999,True,-0.027803,1.114006,-0.000542,0.061334,-0.001276,0.033798,-0.997544,True,0.037641,1.109331,-0.000633,0.061896,0.014828,0.032233,-0.997452
60.010,True,-0.027713,1.114105,-0.000639,0.061873,-0.001420,0.033792,-0.997511,True,0.037731,1.109432,-0.000732,0.062435,0.014684,0.032218,-0.997421
