Timestamp,LeftGazeValid,LeftGazePosX,LeftGazePosY,LeftGazePosZ,LeftGazeRotX,LeftGazeRotY,LeftGazeRotZ,LeftGazeRotW,RightGazeValid,RightGazePosX,RightGazePosY,RightGazePosZ,RightGazeRotX,RightGazeRotY,RightGazeRotZ,RightGazeRotW
0.000,True,-0.034526,1.182382,-0.073966,0.014737,-0.014419,0.038789,-0.999035,True,0.029131,1.176193,-0.072363,0.015199,0.001438,0.037252,-0.999189
0.010,True,-0.034541,1.182414,-0.073920,0.014774,-0.014573,0.039059,-0.999021,True,0.029113,1.176191,-0.072334,0.015240,0.001285,0.037524,-0.999179
0.020,True,-0.034546,1.182407,-0.073893,0.014737,-0.014868,0.039008,-0.999020,True,0.029109,1.176192,-0.072326,0.015201,0.000989,0.037476,-0.999181
0.031,True,-0.034557,1.182396,-0.073877,0.014795,-0.014802,0.038761,-0.999029,True,0.029101,1.176212,-0.072313,0.015257,0.001056,0.037229,-0.999190
0.042,True,-0.034578,1.182402,-0.073872,0.014875,-0.015139,0.038643,-0.999028,True,0.029082,1.176237,-0.072317,0.015333,0.000718,0.037111,-0.999193
0.053,True,-0.034591,1.182401,-0.073856,0.014901,-0.015258,0.038656,-0.999025,True,0.029069,1.176235,-0.072305,0.015360,0.000599,0.037125,-0.999192
0.065,True,-0.034595,1.182384,-0.073861,0.015069,-0.015400,0.038763,-0.999016,True,0.029065,1.176207,-0.072320,0.015529,0.000456,0.037231,-0.999186
0.076,True,-0.034613,1.182370,-0.073845,0.015169,-0.015628,0.038805,-0.999009,True,0.029046,1.176187,-0.072330,0.015629,0.000228,0.037271,-0.999183
0.087,True,-0.034595,1.182341,-0.073833,0.015395,-0.016008,0.038806,-0.999000,True,0.029065,1.176161,-0.072347,0.015855,-0.000153,0.037271,-0.999179
0.098,True,-0.034597,1.182308,-0.073815,0.015612,-0.016368,0.038688,-0.998995,True,0.029066,1.176145,-0.072351,0.016069,-0.000513,0.037153,-0.999180
0.109,True,-0.034588,1.182277,-0.073819,0.015754,-0.016459,0.038513,-0.998998,True,0.029077,1.176137,-0.072366,0.016209,-0.000604,0.036975,-0.999185
0.120,True,-0.034608,1.182272,-0.073811,0.016196,-0.016739,0.038480,-0.998988,True,0.029058,1.176141,-0.072370,0.016649,-0.000885,0.036939,-0.999179
0.131,True,-0.034613,1.182317,-0.073795,0.016363,-0.016821,0.038492,-0.998983,True,0.029053,1.176186,-0.072352,0.016816,-0.000967,0.036951,-0.999175
0.142,True,-0.034641,1.182353,-0.073793,0.016701,-0.016913,0.038406,-0.998980,True,0.029027,1.176236,-0.072354,0.017153,-0.001059,0.036862,-0.999173
0.155,True,-0.034659,1.182386,-0.073803,0.017076,-0.016945,0.038433,-0.998972,True,0.029008,1.176268,-0.072354,0.017529,-0.001092,0.036885,-0.999165
0.165,True,-0.034663,1.182420,-0.073828,0.017100,-0.016941,0.038413,-0.998972,True,0.029004,1.176306,-0.072364,0.017552,-0.001087,0.036867,-0.999166
0.176,True,-0.034692,1.182408,-0.073828,0.017579,-0.016777,0.038360,-0.998969,True,0.028976,1.176303,-0.072355,0.018031,-0.000922,0.036813,-0.999159
0.187,True,-0.034726,1.182403,-0.073851,0.017557,-0.016502,0.038105,-0.998983,True,0.028945,1.176329,-0.072361,0.018006,-0.000645,0.036559,-0.999169
0.198,True,-0.034758,1.182422,-0.073878,0.017341,-0.016213,0.037815,-0.999003,True,0.028915,1.176383,-0.072367,0.017786,-0.000356,0.036268,-0.999184
0.209,True,-0.034791,1.182433,-0.073913,0.017366,-0.015795,0.037685,-0.999014,True,0.028883,1.176409,-0.072369,0.017810,0.000064,0.036138,-0.999188
0.220,True,-0.034823,1.182469,-0.073939,0.017390,-0.015571,0.037962,-0.999007,True,0.028847,1.176411,-0.072361,0.017839,0.000287,0.036417,-0.999178
0.231,True,-0.034852,1.182523,-0.073969,0.017626,-0.015330,0.038400,-0.998989,True,0.028812,1.176411,-0.072361,0.018082,0.000529,0.036855,-0.999157
0.242,True,-0.034873,1.182586,-0.073984,0.017593,-0.015277,0.038754,-0.998977,True,0.028787,1.176429,-0.072369,0.018055,0.000583,0.037209,-0.999144
0.253,True,-0.034880,1.182600,-0.073997,0.018026,-0.015358,0.038817,-0.998966,True,0.028779,1.176439,-0.072379,0.018490,0.000502,0.037271,-0.999134
0.265,True,-0.034883,1.182618,-0.074009,0.018111,-0.015322,0.038589,-0.998974,True,0.028778,1.176486,-0.072390,0.018571,0.000538,0.037041,-0.999141
0.276,True,-0.034892,1.182625,-0.074030,0.017979,-0.015065,0.038277,-0.998992,True,0.028773,1.176529,-0.072400,0.018434,0.000795,0.036727,-0.999155
0.287,True,-0.034890,1.182602,-0.074079,0.018084,-0.014964,0.037956,-0.999004,True,0.028778,1.176548,-0.072436,0.018534,0.000896,0.036404,-0.999165
0.298,True,-0.034892,1.182595,-0.074105,0.017609,-0.014539,0.037757,-0.999026,True,0.028778,1.176559,-0.072454,0.018057,0.001322,0.036206,-0.999180
0.309,True,-0.034892,1.182587,-0.074137,0.017413,-0.014374,0.037649,-0.999036,True,0.028779,1.176563,-0.072482,0.017859,0.001487,0.036097,-0.999188
0.320,True,-0.034876,1.182585,-0.074175,0.017214,-0.014243,0.037700,-0.999039,True,0.028794,1.176551,-0.072527,0.017661,0.001618,0.036147,-0.999189
0.331,True,-0.034858,1.182576,-0.074210,0.017405,-0.014380,0.037620,-0.999037,True,0.028814,1.176553,-0.072574,0.017850,0.001481,0.036066,-0.999189
0.342,True,-0.034814,1.182604,-0.074249,0.017695,-0.014471,0.037793,-0.999024,True,0.028856,1.176561,-0.072621,0.018144,0.001390,0.036236,-0.999178
0.353,True,-0.034770,1.182648,-0.074284,0.018059,-0.014586,0.037850,-0.999014,True,0.028900,1.176599,-0.072664,0.018509,0.001276,0.036293,-0.999169
0.364,True,-0.034730,1.182693,-0.074328,0.018231,-0.014510,0.037916,-0.999009,True,0.028939,1.176635,-0.072713,0.018683,0.001353,0.036358,-0.999163
0.375,True,-0.034697,1.182727,-0.074358,0.018122,-0.014624,0.037995,-0.999007,True,0.028971,1.176659,-0.072753,0.018575,0.001238,0.036435,-0.999163
0.386,True,-0.034650,1.182766,-0.074411,0.018138,-0.014644,0.038098,-0.999002,True,0.029018,1.176684,-0.072809,0.018592,0.001217,0.036537,-0.999159
0.398,True,-0.034600,1.182814,-0.074454,0.018189,-0.014586,0.038252,-0.998996,True,0.029066,1.176711,-0.072859,0.018645,0.001276,0.036689,-0.999152
0.409,True,-0.034539,1.182879,-0.074499,0.018270,-0.014732,0.038468,-0.998984,True,0.029124,1.176749,-0.072921,0.018730,0.001129,0.036902,-0.999143
0.420,True,-0.034580,1.181844,-0.074869,0.018135,-0.014994,0.038630,-0.998977,True,0.029178,1.176778,-0.072978,0.018596,0.000865,0.037064,-0.999140
0.431,True,-0.034534,1.181868,-0.074902,0.018315,-0.015081,0.038742,-0.998968,True,0.029223,1.176788,-0.073032,0.018778,0.000779,0.037173,-0.999132
0.442,True,-0.034493,1.181889,-0.074928,0.018275,-0.015325,0.038796,-0.998963,True,0.029265,1.176802,-0.073081,0.018738,0.000535,0.037227,-0.999131
0.453,True,-0.034430,1.181886,-0.074971,0.018013,-0.015783,0.038856,-0.998958,True,0.029327,1.176794,-0.073142,0.018475,0.000074,0.037289,-0.999134
0.464,True,-0.034380,1.181871,-0.075007,0.018168,-0.015819,0.038858,-0.998954,True,0.029379,1.176776,-0.073207,0.018632,0.000039,0.037290,-0.999131
0.475,True,-0.034322,1.181846,-0.075045,0.018214,-0.016008,0.038741,-0.998955,True,0.029438,1.176766,-0.073273,0.018675,-0.000149,0.037174,-0.999134
0.486,True,-0.034250,1.181821,-0.075083,0.018097,-0.016352,0.038738,-0.998952,True,0.029511,1.176741,-0.073343,0.018557,-0.000494,0.037173,-0.999136
0.498,True,-0.034205,1.181818,-0.075109,0.017772,-0.016712,0.038730,-0.998952,True,0.029557,1.176739,-0.073400,0.018231,-0.000856,0.037163,-0.999143
0.509,True,-0.034148,1.181844,-0.075147,0.017692,-0.016737,0.038736,-0.998953,True,0.029614,1.176762,-0.073451,0.018151,-0.000882,0.037167,-0.999144
0.520,True,-0.034079,1.181860,-0.075176,0.017985,-0.017020,0.038749,-0.998942,True,0.029684,1.176778,-0.073509,0.018444,-0.001165,0.037178,-0.999138
0.531,True,-0.034033,1.181892,-0.075207,0.017739,-0.016986,0.038838,-0.998944,True,0.029729,1.176795,-0.073554,0.018199,-0.001131,0.037266,-0.999139
0.542,True,-0.033985,1.181910,-0.075245,0.017842,-0.017078,0.038824,-0.998941,True,0.029777,1.176815,-0.073603,0.018302,-0.001224,0.037250,-0.999138
0.553,True,-0.033956,1.181944,-0.075266,0.017589,-0.017174,0.038882,-0.998941,True,0.029807,1.176839,-0.073643,0.018049,-0.001320,0.037308,-0.999140
0.564,True,-0.033902,1.181961,-0.075319,0.017649,-0.017171,0.038984,-0.998936,True,0.029859,1.176843,-0.073695,0.018111,-0.001318,0.037407,-0.999135
0.576,True,-0.033885,1.181979,-0.075346,0.017741,-0.017324,0.038934,-0.998934,True,0.029877,1.176869,-0.073734,0.018201,-0.001471,0.037356,-0.999135
0.587,True,-0.033856,1.182027,-0.075388,0.017964,-0.017405,0.039022,-0.998925,True,0.029905,1.176908,-0.073775,0.018425,-0.001552,0.037445,-0.999128
0.598,True,-0.033816,1.182077,-0.075429,0.017892,-0.017429,0.039109,-0.998923,True,0.029945,1.176948,-0.073813,0.018354,-0.001577,0.037531,-0.999126
0.609,True,-0.033792,1.182107,-0.075457,0.017880,-0.017407,0.039178,-0.998921,True,0.029967,1.176967,-0.073853,0.018344,-0.001555,0.037597,-0.999123
0.620,True,-0.033762,1.182171,-0.075479,0.017920,-0.017444,0.039178,-0.998919,True,0.029998,1.177030,-0.073881,0.018384,-0.001591,0.037598,-0.999123
0.631,True,-0.033732,1.182196,-0.075502,0.017910,-0.017574,0.039255,-0.998914,True,0.030027,1.177046,-0.073915,0.018374,-0.001723,0.037673,-0.999120
0.642,True,-0.033714,1.182195,-0.075521,0.017884,-0.017529,0.039261,-0.998915,True,0.030046,1.177043,-0.073930,0.018349,-0.001678,0.037676,-0.999120
0.653,True,-0.033702,1.182230,-0.075540,0.017840,-0.017444,0.039283,-0.998917,True,0.030057,1.177075,-0.073949,0.018305,-0.001594,0.037698,-0.999120
0.665,True,-0.033690,1.182247,-0.075545,0.017635,-0.017434,0.039360,-0.998917,True,0.030068,1.177080,-0.073964,0.018100,-0.001584,0.037773,-0.999121
0.676,True,-0.033691,1.182238,-0.075548,0.017885,-0.017545,0.039346,-0.998912,True,0.030068,1.177074,-0.073973,0.018350,-0.001696,0.037756,-0.999117
0.687,True,-0.033686,1.182242,-0.075531,0.017847,-0.017578,0.039336,-0.998912,True,0.030073,1.177078,-0.073968,0.018312,-0.001729,0.037746,-0.999118
0.698,True,-0.033672,1.182248,-0.075534,0.017844,-0.017504,0.039341,-0.998913,True,0.030087,1.177084,-0.073967,0.018310,-0.001655,0.037749,-0.999118
0.709,True,-0.033682,1.182271,-0.075522,0.017950,-0.017291,0.039493,-0.998909,True,0.030075,1.177084,-0.073963,0.018419,-0.001440,0.037901,-0.999111
0.720,True,-0.033676,1.182282,-0.075504,0.017819,-0.017478,0.039619,-0.998903,True,0.030080,1.177079,-0.073954,0.018289,-0.001628,0.038028,-0.999108
0.731,True,-0.033672,1.182244,-0.075494,0.017536,-0.017056,0.039447,-0.998922,True,0.030085,1.177056,-0.073948,0.018005,-0.001204,0.037856,-0.999120
0.742,True,-0.033691,1.182150,-0.075474,0.017578,-0.017157,0.039145,-0.998932,True,0.030070,1.177000,-0.073936,0.018042,-0.001305,0.037554,-0.999131
0.753,True,-0.033699,1.182065,-0.075440,0.017618,-0.017133,0.038733,-0.998947,True,0.030066,1.176969,-0.073899,0.018075,-0.001281,0.037142,-0.999146
0.765,True,-0.033716,1.182041,-0.075411,0.017359,-0.017019,0.038492,-0.998963,True,0.030051,1.176974,-0.073860,0.017813,-0.001166,0.036905,-0.999159
0.776,True,-0.033733,1.182057,-0.075389,0.017674,-0.016971,0.038538,-0.998957,True,0.030033,1.176987,-0.073824,0.018129,-0.001116,0.036952,-0.999152
0.787,True,-0.033762,1.182082,-0.075356,0.017342,-0.016766,0.038720,-0.998959,True,0.030002,1.176985,-0.073788,0.017800,-0.000912,0.037134,-0.999151
0.798,True,-0.033793,1.182137,-0.075330,0.017306,-0.016536,0.039130,-0.998947,True,0.029966,1.176987,-0.073744,0.017772,-0.000680,0.037547,-0.999137
0.809,True,-0.033849,1.182156,-0.075292,0.017179,-0.016563,0.039465,-0.998936,True,0.029907,1.176962,-0.073714,0.017651,-0.000707,0.037887,-0.999126
0.820,True,-0.033867,1.182136,-0.075260,0.017028,-0.016527,0.039503,-0.998938,True,0.029889,1.176935,-0.073686,0.017501,-0.000668,0.037929,-0.999127
0.831,True,-0.033926,1.182087,-0.075231,0.017216,-0.016480,0.039212,-0.998947,True,0.029833,1.176922,-0.073666,0.017685,-0.000619,0.037642,-0.999135
0.842,True,-0.033994,1.182021,-0.075208,0.016927,-0.016486,0.038578,-0.998976,True,0.029771,1.176936,-0.073643,0.017386,-0.000624,0.037013,-0.999163
0.853,True,-0.034044,1.181943,-0.075216,0.017196,-0.016356,0.038277,-0.998985,True,0.029724,1.176897,-0.073646,0.017651,-0.000493,0.036709,-0.999170
0.865,True,-0.034125,1.181873,-0.075199,0.016999,-0.016238,0.037773,-0.999010,True,0.029649,1.176888,-0.073632,0.017447,-0.000373,0.036211,-0.999192
0.876,True,-0.034198,1.181801,-0.075203,0.016927,-0.015996,0.037662,-0.999019,True,0.029576,1.176829,-0.073621,0.017373,-0.000129,0.036103,-0.999197
0.887,True,-0.034269,1.181743,-0.075202,0.016977,-0.015833,0.037603,-0.999023,True,0.029505,1.176778,-0.073619,0.017424,0.000035,0.036045,-0.999198
0.898,True,-0.034343,1.181698,-0.075198,0.017075,-0.015779,0.037473,-0.999027,True,0.029432,1.176749,-0.073619,0.017520,0.000090,0.035914,-0.999201
0.909,True,-0.034425,1.181634,-0.075198,0.017344,-0.015646,0.037236,-0.999034,True,0.029477,1.176654,-0.073554,0.017786,0.000225,0.035676,-0.999205
0.920,True,-0.034491,1.181617,-0.075225,0.017434,-0.015349,0.037113,-0.999041,True,0.029412,1.176652,-0.073560,0.017875,0.000523,0.035552,-0.999208
0.931,True,-0.034580,1.181592,-0.075240,0.017239,-0.015164,0.036936,-0.999054,True,0.029324,1.176648,-0.073562,0.017677,0.000707,0.035374,-0.999218
0.942,True,-0.034650,1.181599,-0.075245,0.017199,-0.014789,0.036805,-0.999065,True,0.029255,1.176668,-0.073548,0.017636,0.001084,0.035243,-0.999223
0.954,True,-0.034749,1.181595,-0.075266,0.016671,-0.014683,0.036681,-0.999080,True,0.029157,1.176679,-0.073551,0.017106,0.001187,0.035118,-0.999236
0.964,True,-0.034826,1.181610,-0.075298,0.016618,-0.014340,0.036596,-0.999089,True,0.029079,1.176704,-0.073552,0.017051,0.001530,0.035032,-0.999240
0.975,True,-0.034912,1.181604,-0.075325,0.016546,-0.014142,0.036613,-0.999093,True,0.028993,1.176695,-0.073554,0.016980,0.001728,0.035050,-0.999240
0.986,True,-0.034968,1.181561,-0.075344,0.016425,-0.013744,0.036581,-0.999101,True,0.028935,1.176655,-0.073544,0.016859,0.002127,0.035020,-0.999242
0.998,True,-0.035018,1.181539,-0.075372,0.016340,-0.013460,0.036454,-0.999111,True,0.028887,1.176646,-0.073560,0.016773,0.002413,0.034892,-0.999247
1.009,True,-0.035072,1.181536,-0.075404,0.016145,-0.013315,0.036261,-0.999123,True,0.028834,1.176667,-0.073570,0.016575,0.002557,0.034702,-0.999257
1.020,True,-0.035117,1.181532,-0.075446,0.016003,-0.012675,0.036045,-0.999142,True,0.028790,1.176686,-0.073585,0.016432,0.003200,0.034486,-0.999265
1.031,True,-0.035150,1.181549,-0.075501,0.016013,-0.011802,0.036184,-0.999147,True,0.028755,1.176677,-0.073616,0.016447,0.004077,0.034625,-0.999257
1.042,True,-0.035182,1.181592,-0.075545,0.015767,-0.010330,0.036370,-0.999161,True,0.028719,1.176677,-0.073645,0.016209,0.005555,0.034810,-0.999247
1.053,True,-0.035187,1.181655,-0.075586,0.015644,-0.009903,0.036872,-0.999149,True,0.028707,1.176671,-0.073681,0.016095,0.005983,0.035309,-0.999229
1.064,True,-0.035198,1.181717,-0.075613,0.015903,-0.010243,0.037039,-0.999135,True,0.028696,1.176716,-0.073719,0.016356,0.005643,0.035475,-0.999221
1.075,True,-0.035199,1.181769,-0.075655,0.016149,-0.008938,0.036794,-0.999152,True,0.028696,1.176782,-0.073769,0.016603,0.006955,0.035224,-0.999217
1.087,True,-0.035206,1.181818,-0.075675,0.016506,-0.008720,0.036424,-0.999162,True,0.028693,1.176877,-0.073801,0.016956,0.007175,0.034848,-0.999223
1.098,True,-0.035196,1.181868,-0.075732,0.016637,-0.008203,0.036048,-0.999178,True,0.028707,1.176968,-0.073858,0.017083,0.007693,0.034467,-0.999230
1.109,True,-0.035197,1.181917,-0.075772,0.016601,-0.007473,0.035832,-0.999192,True,0.028707,1.177034,-0.073908,0.017046,0.008427,0.034247,-0.999233
1.120,True,-0.035164,1.181958,-0.075816,0.016671,-0.007361,0.035817,-0.999192,True,0.028740,1.177075,-0.073954,0.017116,0.008538,0.034227,-0.999231
1.131,True,-0.035161,1.182009,-0.075852,0.016827,-0.007516,0.035822,-0.999188,True,0.028743,1.177125,-0.074016,0.017272,0.008383,0.034230,-0.999230
1.142,True,-0.035141,1.182064,-0.075897,0.017162,-0.007579,0.035906,-0.999179,True,0.028763,1.177170,-0.074075,0.017608,0.008320,0.034309,-0.999222
1.153,True,-0.035144,1.182117,-0.075952,0.017350,-0.007524,0.035986,-0.999173,True,0.028760,1.177211,-0.074140,0.017798,0.008375,0.034385,-0.999215
1.165,True,-0.035143,1.182171,-0.075992,0.017584,-0.007624,0.036089,-0.999165,True,0.028760,1.177253,-0.074189,0.018033,0.008275,0.034485,-0.999208
1.175,True,-0.035138,1.182222,-0.076041,0.017540,-0.007475,0.036170,-0.999164,True,0.028764,1.177291,-0.074235,0.017991,0.008424,0.034565,-0.999205
1.187,True,-0.035155,1.182251,-0.076076,0.017553,-0.007515,0.036309,-0.999158,True,0.028745,1.177305,-0.074264,0.018006,0.008383,0.034703,-0.999200
1.198,True,-0.035171,1.182269,-0.076110,0.017538,-0.007437,0.036411,-0.999155,True,0.028729,1.177308,-0.074301,0.017992,0.008461,0.034804,-0.999196
1.209,True,-0.035177,1.182291,-0.076144,0.017513,-0.007234,0.036470,-0.999155,True,0.028722,1.177319,-0.074337,0.017970,0.008666,0.034863,-0.999193
1.220,True,-0.035176,1.182301,-0.076148,0.017718,-0.007243,0.036578,-0.999148,True,0.028722,1.177316,-0.074340,0.018176,0.008656,0.034971,-0.999186
1.231,True,-0.035192,1.182289,-0.076185,0.017698,-0.007279,0.036671,-0.999144,True,0.028705,1.177293,-0.074379,0.018157,0.008620,0.035063,-0.999183
1.242,True,-0.035218,1.182295,-0.076199,0.017576,-0.007117,0.036724,-0.999146,True,0.028678,1.177288,-0.074399,0.018037,0.008783,0.035117,-0.999182
1.253,True,-0.035255,1.182287,-0.076195,0.017193,-0.007264,0.036758,-0.999150,True,0.028641,1.177275,-0.074405,0.017655,0.008635,0.035153,-0.999189
1.264,True,-0.035288,1.182242,-0.076225,0.017080,-0.007359,0.036615,-0.999156,True,0.028609,1.177248,-0.074444,0.017539,0.008540,0.035011,-0.999197
1.275,True,-0.035325,1.182198,-0.076247,0.016830,-0.007517,0.036456,-0.999165,True,0.028574,1.177223,-0.074483,0.017286,0.008381,0.034854,-0.999208
1.287,True,-0.035362,1.182140,-0.076249,0.016499,-0.007523,0.036172,-0.999181,True,0.028540,1.177199,-0.074489,0.016950,0.008375,0.034573,-0.999223
1.298,True,-0.035412,1.182082,-0.076276,0.016479,-0.007571,0.036006,-0.999187,True,0.028492,1.177162,-0.074531,0.016927,0.008328,0.034407,-0.999230
1.309,True,-0.035470,1.182028,-0.076313,0.016445,-0.007593,0.035735,-0.999197,True,0.028437,1.177142,-0.074571,0.016889,0.008306,0.034137,-0.999240
1.320,True,-0.035548,1.182023,-0.076333,0.016445,-0.007510,0.035607,-0.999202,True,0.028360,1.177154,-0.074576,0.016887,0.008389,0.034009,-0.999244
1.331,True,-0.035623,1.182012,-0.076370,0.016383,-0.007389,0.035434,-0.999211,True,0.028286,1.177165,-0.074602,0.016822,0.008510,0.033835,-0.999250
1.342,True,-0.035709,1.182007,-0.076400,0.016203,-0.007253,0.035297,-0.999219,True,0.028201,1.177177,-0.074616,0.016640,0.008645,0.033698,-0.999256
1.353,True,-0.035803,1.181997,-0.076411,0.016119,-0.007089,0.035075,-0.999230,True,0.028109,1.177195,-0.074608,0.016552,0.008809,0.033476,-0.999264
1.364,True,-0.035904,1.181987,-0.076452,0.015924,-0.006591,0.034821,-0.999245,True,0.028009,1.177213,-0.074623,0.016354,0.009308,0.033223,-0.999271
1.376,True,-0.036008,1.181976,-0.076502,0.015844,-0.006308,0.034633,-0.999255,True,0.027906,1.177226,-0.074637,0.016272,0.009590,0.033034,-0.999276
1.387,True,-0.036113,1.181963,-0.076531,0.015839,-0.006131,0.034621,-0.999256,True,0.027800,1.177215,-0.074641,0.016267,0.009767,0.033022,-0.999275
1.398,True,-0.036212,1.181951,-0.076564,0.015709,-0.005657,0.034435,-0.999268,True,0.027702,1.177225,-0.074635,0.016135,0.010242,0.032836,-0.999278
1.409,True,-0.036315,1.181950,-0.076609,0.015570,-0.005425,0.034412,-0.999272,True,0.027598,1.177228,-0.074645,0.015996,0.010473,0.032814,-0.999279
1.420,True,-0.036265,1.182380,-0.076451,0.015692,-0.005287,0.034355,-0.999273,True,0.027482,1.177266,-0.074619,0.016116,0.010610,0.032756,-0.999277
1.431,True,-0.036357,1.182387,-0.076511,0.016465,-0.005231,0.034359,-0.999260,True,0.027389,1.177280,-0.074636,0.016890,0.010666,0.032754,-0.999264
1.442,True,-0.036469,1.182437,-0.076531,0.016486,-0.005149,0.034215,-0.999265,True,0.027279,1.177348,-0.074647,0.016909,0.010749,0.032610,-0.999267
1.453,True,-0.036503,1.182463,-0.076546,0.016400,-0.004957,0.034217,-0.999268,True,0.027243,1.177373,-0.074644,0.016823,0.010940,0.032611,-0.999267
1.465,True,-0.036589,1.182507,-0.076541,0.016709,-0.005043,0.034275,-0.999260,True,0.027157,1.177414,-0.074622,0.017132,0.010853,0.032666,-0.999261
1.476,True,-0.036666,1.182527,-0.076557,0.017073,-0.004901,0.034268,-0.999255,True,0.027079,1.177437,-0.074622,0.017496,0.010995,0.032655,-0.999253
1.487,True,-0.036714,1.182553,-0.076542,0.017090,-0.004985,0.034263,-0.999254,True,0.027032,1.177465,-0.074600,0.017513,0.010911,0.032650,-0.999254
1.498,True,-0.036754,1.182554,-0.076552,0.016945,-0.005049,0.034219,-0.999258,True,0.026992,1.177471,-0.074613,0.017366,0.010845,0.032604,-0.999259
1.509,True,-0.036797,1.182565,-0.076556,0.017229,-0.005105,0.034175,-0.999254,True,0.026949,1.177490,-0.074617,0.017650,0.010789,0.032557,-0.999256
1.520,True,-0.036817,1.182608,-0.076539,0.017154,-0.005387,0.034252,-0.999252,True,0.026929,1.177526,-0.074607,0.017575,0.010505,0.032635,-0.999258
1.531,True,-0.036845,1.182666,-0.076520,0.017316,-0.005519,0.034408,-0.999243,True,0.026900,1.177563,-0.074604,0.017739,0.010373,0.032788,-0.999251
1.542,True,-0.036862,1.182640,-0.076521,0.017444,-0.005810,0.034305,-0.999242,True,0.026885,1.177554,-0.074613,0.017864,0.010081,0.032683,-0.999255
1.553,True,-0.036865,1.182564,-0.076483,0.017467,-0.005873,0.033999,-0.999252,True,0.026886,1.177516,-0.074592,0.017882,0.010019,0.032377,-0.999266
1.564,True,-0.036901,1.182490,-0.076487,0.017533,-0.005940,0.033712,-0.999260,True,0.026853,1.177479,-0.074607,0.017944,0.009951,0.032089,-0.999274
1.576,True,-0.036906,1.182484,-0.076492,0.017304,-0.005786,0.033535,-0.999271,True,0.026848,1.177493,-0.074605,0.017712,0.010106,0.031914,-0.999283
1.587,True,-0.036907,1.182495,-0.076483,0.017132,-0.006021,0.033627,-0.999270,True,0.026847,1.177495,-0.074596,0.017541,0.009870,0.032007,-0.999285
1.598,True,-0.036913,1.182530,-0.076470,0.016940,-0.006035,0.033908,-0.999263,True,0.026838,1.177493,-0.074586,0.017353,0.009855,0.032292,-0.999279
1.609,True,-0.036923,1.182563,-0.076463,0.017300,-0.006160,0.034406,-0.999239,True,0.026823,1.177466,-0.074579,0.017722,0.009732,0.032792,-0.999258
1.620,True,-0.036910,1.182613,-0.076437,0.017300,-0.006450,0.034933,-0.999219,True,0.026832,1.177451,-0.074567,0.017729,0.009442,0.033322,-0.999243
1.631,True,-0.036918,1.182616,-0.076408,0.017454,-0.006792,0.035257,-0.999203,True,0.026822,1.177415,-0.074567,0.017888,0.009100,0.033647,-0.999232
1.642,True,-0.036919,1.182602,-0.076384,0.017367,-0.007005,0.035125,-0.999208,True,0.026823,1.177417,-0.074571,0.017798,0.008888,0.033517,-0.999240
1.653,True,-0.036918,1.182571,-0.076358,0.017303,-0.007217,0.034825,-0.999218,True,0.026828,1.177424,-0.074568,0.017730,0.008675,0.033217,-0.999253
1.664,True,-0.036930,1.182544,-0.076345,0.017358,-0.007475,0.034532,-0.999225,True,0.026819,1.177435,-0.074575,0.017780,0.008418,0.032927,-0.999264
1.675,True,-0.036945,1.182501,-0.076346,0.017551,-0.007659,0.034386,-0.999225,True,0.026806,1.177412,-0.074598,0.017970,0.008235,0.032783,-0.999267
1.686,True,-0.036972,1.182462,-0.076333,0.017511,-0.007802,0.034359,-0.999226,True,0.026780,1.177375,-0.074609,0.017930,0.008093,0.032756,-0.999270
1.697,True,-0.037004,1.182414,-0.076333,0.017409,-0.008078,0.034358,-0.999225,True,0.026749,1.177327,-0.074645,0.017827,0.007817,0.032757,-0.999274
1.709,True,-0.037035,1.182366,-0.076336,0.017530,-0.008414,0.034268,-0.999224,True,0.026720,1.177291,-0.074679,0.017947,0.007481,0.032667,-0.999277
1.720,True,-0.037054,1.182329,-0.076356,0.017619,-0.008453,0.034118,-0.999227,True,0.026702,1.177273,-0.074709,0.018033,0.007442,0.032516,-0.999281
1.731,True,-0.037109,1.182299,-0.076387,0.017885,-0.007703,0.033791,-0.999239,True,0.026650,1.177276,-0.074743,0.018297,0.008197,0.032187,-0.999281
1.742,True,-0.037173,1.182263,-0.076422,0.018102,-0.007514,0.033506,-0.999246,True,0.026589,1.177276,-0.074769,0.018510,0.008388,0.031901,-0.999284
1.753,True,-0.037256,1.182240,-0.076439,0.018172,-0.007580,0.033310,-0.999251,True,0.026507,1.177282,-0.074764,0.018577,0.008320,0.031703,-0.999290
1.764,True,-0.037346,1.182238,-0.076489,0.018423,-0.006995,0.033128,-0.999257,True,0.026418,1.177300,-0.074785,0.018827,0.008907,0.031520,-0.999286
1.775,True,-0.037433,1.182263,-0.076539,0.018567,-0.006648,0.033031,-0.999260,True,0.026331,1.177337,-0.074808,0.018970,0.009255,0.031421,-0.999283
1.786,True,-0.037516,1.182296,-0.076578,0.018736,-0.006341,0.033014,-0.999259,True,0.026248,1.177373,-0.074811,0.019139,0.009563,0.031402,-0.999278
1.797,True,-0.037606,1.182294,-0.076635,0.018890,-0.005743,0.032988,-0.999261,True,0.026157,1.177372,-0.074833,0.019295,0.010163,0.031374,-0.999270
1.809,True,-0.037693,1.182280,-0.076692,0.019003,-0.005382,0.032894,-0.999264,True,0.026069,1.177369,-0.074859,0.019407,0.010524,0.031279,-0.999267
1.820,True,-0.037775,1.182290,-0.076731,0.018882,-0.004800,0.032646,-0.999277,True,0.025988,1.177407,-0.074865,0.019284,0.011106,0.031030,-0.999271
1.831,True,-0.037847,1.182300,-0.076802,0.019019,-0.004326,0.032468,-0.999283,True,0.025917,1.177438,-0.074897,0.019420,0.011581,0.030850,-0.999268
1.842,True,-0.037896,1.182321,-0.076865,0.019028,-0.003599,0.032509,-0.999284,True,0.025866,1.177450,-0.074918,0.019431,0.012311,0.030891,-0.999258
1.853,True,-0.037968,1.182369,-0.076928,0.019239,-0.003340,0.032798,-0.999271,True,0.025791,1.177462,-0.074952,0.019648,0.012571,0.031179,-0.999242
1.864,True,-0.038013,1.182441,-0.076987,0.019254,-0.003112,0.033128,-0.999261,True,0.025742,1.177491,-0.074993,0.019668,0.012799,0.031507,-0.999228
1.875,True,-0.038034,1.182497,-0.077036,0.019337,-0.003257,0.033276,-0.999254,True,0.025719,1.177531,-0.075040,0.019752,0.012651,0.031652,-0.999224
1.886,True,-0.038047,1.182549,-0.077061,0.019733,-0.002901,0.033119,-0.999252,True,0.025708,1.177600,-0.075065,0.020148,0.013010,0.031491,-0.999216
1.898,True,-0.038068,1.182596,-0.077085,0.019462,-0.003484,0.032829,-0.999265,True,0.025690,1.177690,-0.075088,0.019869,0.012422,0.031199,-0.999239
1.909,True,-0.038065,1.182644,-0.077118,0.019976,-0.003165,0.032572,-0.999265,True,0.025695,1.177768,-0.075124,0.020380,0.012743,0.030936,-0.999232
1.920,True,-0.038045,1.182693,-0.077155,0.019935,-0.003355,0.032416,-0.999270,True,0.025943,1.177149,-0.075292,0.020336,0.012550,0.030777,-0.999241
1.931,True,-0.038027,1.182746,-0.077181,0.019960,-0.003426,0.032381,-0.999270,True,0.025962,1.177206,-0.075326,0.020360,0.012478,0.030739,-0.999242
1.942,True,-0.038005,1.182778,-0.077210,0.019737,-0.003474,0.032440,-0.999273,True,0.025984,1.177228,-0.075372,0.020137,0.012429,0.030795,-0.999246
1.953,True,-0.037980,1.182796,-0.077225,0.019873,-0.003671,0.032493,-0.999268,True,0.026008,1.177239,-0.075406,0.020274,0.012232,0.030847,-0.999244
1.964,True,-0.037946,1.182804,-0.077246,0.019798,-0.003833,0.032603,-0.999265,True,0.026042,1.177233,-0.075444,0.020200,0.012069,0.030957,-0.999244
1.975,True,-0.037903,1.182805,-0.077264,0.019649,-0.003926,0.032761,-0.999262,True,0.026083,1.177213,-0.075475,0.020053,0.011976,0.031115,-0.999243
1.986,True,-0.037860,1.182839,-0.077264,0.019670,-0.004030,0.032894,-0.999257,True,0.026125,1.177229,-0.075491,0.020076,0.011872,0.031247,-0.999240
1.998,True,-0.037814,1.182864,-0.077272,0.019663,-0.004090,0.033051,-0.999252,True,0.026169,1.177233,-0.075508,0.020072,0.011810,0.031403,-0.999236
2.009,True,-0.037777,1.182885,-0.077266,0.019660,-0.004206,0.033254,-0.999245,True,0.026204,1.177228,-0.075516,0.020071,0.011694,0.031603,-0.999231
2.020,True,-0.037731,1.182933,-0.077278,0.019659,-0.004329,0.033458,-0.999237,True,0.026248,1.177249,-0.075543,0.020073,0.011570,0.031807,-0.999226
2.031,True,-0.037692,1.182944,-0.077276,0.019777,-0.004471,0.033625,-0.999229,True,0.026286,1.177239,-0.075559,0.020193,0.011428,0.031971,-0.999220
2.042,True,-0.037640,1.182963,-0.077268,0.019606,-0.004447,0.033902,-0.999223,True,0.026335,1.177220,-0.075557,0.020027,0.011452,0.032249,-0.999214
2.053,True,-0.037621,1.182976,-0.077218,0.019640,-0.004627,0.034098,-0.999215,True,0.026352,1.177207,-0.075536,0.020064,0.011272,0.032445,-0.999209
2.064,True,-0.037582,1.182963,-0.077192,0.019744,-0.004743,0.034214,-0.999208,True,0.026391,1.177178,-0.075535,0.020170,0.011158,0.032562,-0.999204
2.075,True,-0.037548,1.182945,-0.077163,0.019530,-0.004887,0.034260,-0.999210,True,0.026424,1.177152,-0.075534,0.019957,0.011014,0.032610,-0.999208
2.086,True,-0.037514,1.182896,-0.077138,0.019338,-0.004968,0.034187,-0.999216,True,0.026460,1.177110,-0.075533,0.019764,0.010933,0.032538,-0.999215
2.098,True,-0.037487,1.182835,-0.077105,0.018970,-0.004655,0.034065,-0.999229,True,0.026489,1.177055,-0.075527,0.019396,0.011249,0.032421,-0.999223
2.109,True,-0.037464,1.182768,-0.077067,0.018678,-0.004893,0.034004,-0.999235,True,0.026513,1.176995,-0.075519,0.019102,0.011011,0.032364,-0.999233
2.120,True,-0.037429,1.182705,-0.077030,0.018385,-0.005006,0.033976,-0.999241,True,0.026548,1.176933,-0.075503,0.018809,0.010899,0.032341,-0.999241
2.131,True,-0.037407,1.182636,-0.077005,0.018203,-0.005065,0.033923,-0.999246,True,0.026571,1.176868,-0.075505,0.018626,0.010841,0.032291,-0.999246
2.142,True,-0.037392,1.182565,-0.076985,0.018099,-0.005044,0.033845,-0.999251,True,0.026587,1.176804,-0.075508,0.018522,0.010863,0.032214,-0.999250
2.153,True,-0.037388,1.182550,-0.076936,0.017841,-0.005134,0.033756,-0.999258,True,0.026593,1.176798,-0.075479,0.018263,0.010773,0.032128,-0.999259
2.164,True,-0.037389,1.182518,-0.076913,0.017686,-0.005185,0.033694,-0.999262,True,0.026592,1.176773,-0.075466,0.018107,0.010723,0.032068,-0.999264
2.175,True,-0.037389,1.182475,-0.076908,0.017654,-0.005268,0.033676,-0.999263,True,0.026592,1.176734,-0.075457,0.018073,0.010640,0.032052,-0.999266
2.186,True,-0.037420,1.182455,-0.076862,0.017589,-0.005344,0.033681,-0.999264,True,0.026562,1.176713,-0.075418,0.018008,0.010564,0.032058,-0.999268
2.198,True,-0.037437,1.182433,-0.076842,0.017450,-0.005191,0.033676,-0.999267,True,0.026544,1.176690,-0.075394,0.017870,0.010717,0.032055,-0.999269
2.209,True,-0.037457,1.182418,-0.076818,0.017477,-0.004887,0.033698,-0.999267,True,0.026524,1.176669,-0.075366,0.017899,0.011023,0.032078,-0.999264
2.220,True,-0.037507,1.182407,-0.076800,0.017489,-0.004687,0.033651,-0.999270,True,0.026474,1.176662,-0.075343,0.017911,0.011224,0.032032,-0.999263
2.231,True,-0.037547,1.182391,-0.076784,0.017380,-0.004458,0.033657,-0.999273,True,0.026433,1.176644,-0.075311,0.017803,0.011454,0.032040,-0.999262
2.242,True,-0.037605,1.182365,-0.076759,0.016870,-0.004221,0.033654,-0.999282,True,0.026375,1.176614,-0.075281,0.017293,0.011691,0.032040,-0.999269
2.253,True,-0.037660,1.182338,-0.076750,0.016542,-0.003992,0.033564,-0.999292,True,0.026321,1.176596,-0.075255,0.016964,0.011920,0.031952,-0.999274
2.265,True,-0.037718,1.182289,-0.076736,0.016137,-0.003782,0.033476,-0.999302,True,0.026263,1.176557,-0.075222,0.016558,0.012130,0.031869,-0.999281
2.276,True,-0.037779,1.182232,-0.076721,0.015868,-0.003503,0.033465,-0.999308,True,0.026201,1.176498,-0.075196,0.016289,0.012409,0.031859,-0.999283
2.287,True,-0.037851,1.182161,-0.076660,0.015726,-0.003292,0.033255,-0.999318,True,0.026132,1.176454,-0.075113,0.016144,0.012621,0.031652,-0.999289
2.298,True,-0.037928,1.182098,-0.076630,0.015565,-0.003026,0.033162,-0.999324,True,0.026055,1.176401,-0.075054,0.015982,0.012887,0.031561,-0.999291
2.309,True,-0.038011,1.182044,-0.076592,0.015421,-0.002618,0.033051,-0.999331,True,0.025972,1.176358,-0.074997,0.015838,0.013297,0.031451,-0.999291
2.320,True,-0.038082,1.182002,-0.076530,0.015346,-0.002407,0.032943,-0.999337,True,0.025901,1.176330,-0.074913,0.015761,0.013508,0.031345,-0.999293
2.331,True,-0.038157,1.181985,-0.076500,0.015298,-0.002089,0.032930,-0.999338,True,0.025826,1.176315,-0.074846,0.015714,0.013826,0.031334,-0.999290
2.345,True,-0.038269,1.181894,-0.076442,0.015311,-0.001783,0.032696,-0.999347,True,0.025716,1.176252,-0.074767,0.015724,0.014134,0.031102,-0.999293
2.357,True,-0.038345,1.181789,-0.076394,0.015196,-0.001451,0.032426,-0.999358,True,0.025643,1.176181,-0.074692,0.015606,0.014467,0.030836,-0.999298
2.368,True,-0.038431,1.181674,-0.076357,0.014914,-0.001126,0.032045,-0.999375,True,0.025560,1.176113,-0.074626,0.015318,0.014793,0.030459,-0.999309
2.379,True,-0.038504,1.181631,-0.076300,0.014689,-0.000825,0.031830,-0.999385,True,0.025488,1.176096,-0.074545,0.015090,0.015095,0.030248,-0.999315
2.390,True,-0.038568,1.181627,-0.076261,0.014629,-0.000499,0.031761,-0.999388,True,0.025424,1.176101,-0.074467,0.015029,0.015421,0.030179,-0.999313
2.401,True,-0.038628,1.181707,-0.076218,0.014468,-0.000458,0.031998,-0.999383,True,0.025360,1.176153,-0.074401,0.014873,0.015462,0.030417,-0.999307
2.412,True,-0.038684,1.181760,-0.076204,0.014583,-0.000116,0.032272,-0.999373,True,0.025301,1.176171,-0.074344,0.014992,0.015803,0.030689,-0.999292
2.423,True,-0.038729,1.181887,-0.076167,0.014758,0.000224,0.032737,-0.999355,True,0.025249,1.176238,-0.074280,0.015175,0.016143,0.031153,-0.999269
2.434,True,-0.038958,1.182253,-0.076091,0.014961,0.000774,0.032763,-0.999351,True,0.025191,1.176280,-0.074246,0.015381,0.016696,0.031177,-0.999256
2.445,True,-0.038991,1.182280,-0.076085,0.015276,0.001392,0.032631,-0.999350,True,0.025159,1.176318,-0.074231,0.015696,0.017317,0.031043,-0.999245
2.457,True,-0.039041,1.182319,-0.076063,0.015946,0.002597,0.032294,-0.999348,True,0.025111,1.176390,-0.074191,0.016367,0.018530,0.030705,-0.999223
2.468,True,-0.039108,1.182355,-0.076074,0.016488,0.003429,0.031870,-0.999350,True,0.025049,1.176475,-0.074177,0.016905,0.019366,0.030278,-0.999211
2.479,True,-0.039156,1.182392,-0.076094,0.016914,0.004096,0.031671,-0.999347,True,0.025001,1.176534,-0.074173,0.017330,0.020036,0.030077,-0.999197
2.490,True,-0.039202,1.182411,-0.076099,0.017462,0.005560,0.031491,-0.999336,True,0.024956,1.176562,-0.074166,0.017882,0.021508,0.029895,-0.999162
2.501,True,-0.039236,1.182400,-0.076121,0.017491,0.005598,0.031450,-0.999337,True,0.024923,1.176557,-0.074183,0.017910,0.021546,0.029853,-0.999162
2.512,True,-0.039246,1.182391,-0.076150,0.017666,0.006113,0.031388,-0.999333,True,0.024913,1.176550,-0.074213,0.018086,0.022064,0.029790,-0.999149
2.523,True,-0.039248,1.182374,-0.076150,0.018219,0.007091,0.031216,-0.999322,True,0.024911,1.176544,-0.074213,0.018641,0.023047,0.029615,-0.999122
2.534,True,-0.039263,1.182364,-0.076181,0.018337,0.007445,0.031032,-0.999322,True,0.024899,1.176555,-0.074239,0.018758,0.023403,0.029432,-0.999117
2.545,True,-0.039264,1.182358,-0.076210,0.018950,0.007958,0.030968,-0.999309,True,0.024898,1.176554,-0.074258,0.019372,0.023919,0.029364,-0.999095
2.556,True,-0.039271,1.182381,-0.076245,0.019286,0.008738,0.030886,-0.999299,True,0.024890,1.176582,-0.074273,0.019710,0.024701,0.029281,-0.999072
2.568,True,-0.039285,1.182416,-0.076286,0.019457,0.008994,0.030874,-0.999293,True,0.024876,1.176618,-0.074303,0.019881,0.024959,0.029266,-0.999062
2.579,True,-0.039270,1.182466,-0.076310,0.019572,0.009663,0.030880,-0.999285,True,0.024890,1.176660,-0.074313,0.019999,0.025629,0.029271,-0.999043
2.590,True,-0.039236,1.182485,-0.076323,0.019881,0.009968,0.030954,-0.999273,True,0.024923,1.176667,-0.074324,0.020310,0.025936,0.029343,-0.999027
2.601,True,-0.039231,1.182471,-0.076375,0.020206,0.010314,0.030882,-0.999266,True,0.024929,1.176660,-0.074368,0.020635,0.026284,0.029270,-0.999013
2.612,True,-0.039207,1.182428,-0.076391,0.020345,0.010557,0.030741,-0.999265,True,0.024954,1.176632,-0.074397,0.020773,0.026529,0.029128,-0.999008
2.624,True,-0.039152,1.182426,-0.076413,0.020586,0.011004,0.030522,-0.999262,True,0.025011,1.176653,-0.074415,0.021013,0.026978,0.028909,-0.998997
2.634,True,-0.039123,1.182427,-0.076436,0.021045,0.011222,0.030391,-0.999254,True,0.025041,1.176671,-0.074440,0.021471,0.027198,0.028777,-0.998985
2.645,True,-0.039088,1.182431,-0.076453,0.021213,0.011546,0.030595,-0.999240,True,0.025074,1.176647,-0.074447,0.021643,0.027524,0.028982,-0.998967
2.657,True,-0.039054,1.182449,-0.076452,0.021135,0.012273,0.030997,-0.999221,True,0.025102,1.176603,-0.074450,0.021575,0.028254,0.029386,-0.998936
2.668,True,-0.039010,1.182467,-0.076467,0.021096,0.012302,0.031302,-0.999212,True,0.025143,1.176579,-0.074489,0.021541,0.028284,0.029691,-0.998927
2.683,True,-0.038918,1.182463,-0.076477,0.021515,0.012525,0.031366,-0.999198,True,0.025235,1.176562,-0.074526,0.021964,0.028510,0.029755,-0.998909
2.694,True,-0.038863,1.182469,-0.076484,0.021693,0.012509,0.031056,-0.999204,True,0.024812,1.177192,-0.074708,0.022137,0.028494,0.029443,-0.998915
2.705,True,-0.038825,1.182497,-0.076501,0.021775,0.013264,0.030656,-0.999205,True,0.024854,1.177259,-0.074733,0.022216,0.029251,0.029040,-0.998903
2.716,True,-0.038802,1.182538,-0.076512,0.021921,0.013409,0.030493,-0.999205,True,0.024879,1.177318,-0.074758,0.022360,0.029397,0.028876,-0.998901
2.727,True,-0.038764,1.182575,-0.076545,0.022260,0.013867,0.030378,-0.999194,True,0.024917,1.177367,-0.074786,0.022698,0.029857,0.028759,-0.998883
2.738,True,-0.038723,1.182623,-0.076557,0.022461,0.013994,0.030345,-0.999189,True,0.024959,1.177415,-0.074810,0.022900,0.029985,0.028724,-0.998875
2.749,True,-0.038663,1.182662,-0.076560,0.022493,0.014039,0.030297,-0.999189,True,0.025019,1.177459,-0.074828,0.022931,0.030030,0.028676,-0.998874
2.760,True,-0.038607,1.182713,-0.076558,0.022738,0.014001,0.030500,-0.999178,True,0.025073,1.177482,-0.074841,0.023180,0.029992,0.028875,-0.998864
2.772,True,-0.038557,1.182769,-0.076557,0.022764,0.013884,0.030670,-0.999174,True,0.025122,1.177516,-0.074852,0.023208,0.029875,0.029043,-0.998862
2.783,True,-0.038497,1.182811,-0.076527,0.022793,0.013791,0.031004,-0.999164,True,0.025179,1.177516,-0.074831,0.023243,0.029781,0.029377,-0.998854
2.794,True,-0.038456,1.182857,-0.076519,0.022833,0.013965,0.031182,-0.999155,True,0.025218,1.177537,-0.074817,0.023286,0.029955,0.029553,-0.998843
2.805,True,-0.038433,1.182872,-0.076497,0.022778,0.013852,0.031414,-0.999151,True,0.025238,1.177523,-0.074804,0.023235,0.029841,0.029785,-0.998841
2.816,True,-0.038403,1.182885,-0.076486,0.022811,0.013868,0.031599,-0.999144,True,0.025266,1.177511,-0.074798,0.023270,0.029858,0.029969,-0.998834
2.827,True,-0.038375,1.182903,-0.076467,0.022792,0.014210,0.031690,-0.999137,True,0.025294,1.177513,-0.074777,0.023255,0.030201,0.030059,-0.998821
2.838,True,-0.038365,1.182946,-0.076429,0.022883,0.014237,0.031842,-0.999130,True,0.025301,1.177535,-0.074753,0.023348,0.030228,0.030210,-0.998814
2.849,True,-0.038336,1.182992,-0.076410,0.023140,0.014279,0.031834,-0.999123,True,0.025331,1.177581,-0.074740,0.023605,0.030270,0.030199,-0.998807
2.860,True,-0.038334,1.183042,-0.076382,0.023290,0.014260,0.031678,-0.999125,True,0.025334,1.177650,-0.074723,0.023753,0.030250,0.030039,-0.998809
2.871,True,-0.038334,1.183097,-0.076371,0.023322,0.014495,0.031497,-0.999127,True,0.025336,1.177722,-0.074713,0.023782,0.030485,0.029852,-0.998806
2.882,True,-0.038352,1.183155,-0.076327,0.023384,0.014405,0.031303,-0.999133,True,0.025321,1.177804,-0.074684,0.023841,0.030394,0.029656,-0.998814
2.894,True,-0.038374,1.183192,-0.076342,0.023510,0.014378,0.031193,-0.999134,True,0.025300,1.177856,-0.074697,0.023966,0.030366,0.029542,-0.998815
2.905,True,-0.038384,1.183190,-0.076370,0.023480,0.013889,0.031181,-0.999142,True,0.025291,1.177862,-0.074711,0.023933,0.029875,0.029530,-0.998831
2.916,True,-0.038421,1.183190,-0.076370,0.023382,0.013783,0.031080,-0.999148,True,0.025255,1.177876,-0.074713,0.023833,0.029768,0.029429,-0.998839
2.927,True,-0.038464,1.183204,-0.076390,0.023485,0.013658,0.031067,-0.999148,True,0.025212,1.177896,-0.074721,0.023935,0.029643,0.029415,-0.998841
2.938,True,-0.038533,1.183234,-0.076423,0.023873,0.013531,0.031125,-0.999139,True,0.025142,1.177924,-0.074733,0.024323,0.029516,0.029471,-0.998834
2.949,True,-0.038618,1.183289,-0.076448,0.024164,0.013439,0.031184,-0.999131,True,0.025056,1.177977,-0.074732,0.024615,0.029423,0.029529,-0.998828
2.960,True,-0.038736,1.183363,-0.076498,0.024237,0.013618,0.031110,-0.999129,True,0.024938,1.178064,-0.074735,0.024686,0.029602,0.029452,-0.998823
2.971,True,-0.038844,1.183381,-0.076545,0.024127,0.013386,0.030890,-0.999142,True,0.024832,1.178118,-0.074739,0.024570,0.029367,0.029233,-0.998839
2.982,True,-0.038941,1.183352,-0.076586,0.024125,0.013260,0.030578,-0.999153,True,0.024738,1.178135,-0.074744,0.024562,0.029241,0.028923,-0.998852
2.993,True,-0.039062,1.183315,-0.076639,0.024174,0.013258,0.030374,-0.999158,True,0.024618,1.178131,-0.074754,0.024608,0.029239,0.028720,-0.998857
3.005,True,-0.039174,1.183274,-0.076704,0.024146,0.013224,0.030270,-0.999163,True,0.024506,1.178110,-0.074773,0.024577,0.029204,0.028617,-0.998861
3.016,True,-0.039254,1.183216,-0.076736,0.024235,0.012648,0.030274,-0.999168,True,0.024426,1.178064,-0.074773,0.024663,0.028626,0.028623,-0.998876
3.027,True,-0.039360,1.183185,-0.076772,0.024010,0.012300,0.030225,-0.999179,True,0.024320,1.178047,-0.074779,0.024435,0.028276,0.028577,-0.998893
3.038,True,-0.039480,1.183145,-0.076811,0.023952,0.012491,0.030028,-0.999184,True,0.024201,1.178032,-0.074795,0.024375,0.028467,0.028381,-0.998894
3.049,True,-0.039534,1.183089,-0.076858,0.023425,0.012107,0.029935,-0.999204,True,0.024149,1.177992,-0.074822,0.023843,0.028078,0.028287,-0.998921
3.060,True,-0.039637,1.183055,-0.076904,0.023638,0.011932,0.029850,-0.999204,True,0.024045,1.177977,-0.074832,0.024054,0.027902,0.028200,-0.998923
3.071,True,-0.039699,1.183044,-0.076922,0.023656,0.011696,0.029847,-0.999206,True,0.023984,1.177970,-0.074841,0.024070,0.027665,0.028196,-0.998930
3.082,True,-0.039743,1.183021,-0.076945,0.023622,0.011566,0.029751,-0.999211,True,0.023941,1.177964,-0.074843,0.024034,0.027532,0.028098,-0.998937
3.094,True,-0.039828,1.183033,-0.076958,0.023874,0.011151,0.029662,-0.999213,True,0.023857,1.177993,-0.074849,0.024283,0.027116,0.028006,-0.998945
3.105,True,-0.039908,1.183090,-0.076974,0.023957,0.010890,0.029630,-0.999215,True,0.023776,1.178060,-0.074847,0.024364,0.026853,0.027971,-0.998951
3.116,True,-0.039933,1.183058,-0.076969,0.024289,0.010539,0.029492,-0.999214,True,0.023753,1.178053,-0.074830,0.024692,0.026500,0.027829,-0.998956
3.127,True,-0.039972,1.183023,-0.076977,0.024426,0.010372,0.029361,-0.999217,True,0.023715,1.178041,-0.074814,0.024826,0.026331,0.027694,-0.998961
3.138,True,-0.040028,1.182980,-0.076981,0.024584,0.010430,0.029122,-0.999219,True,0.023661,1.178028,-0.074810,0.024979,0.026389,0.027453,-0.998963
3.149,True,-0.040031,1.182974,-0.076976,0.024574,0.010056,0.029014,-0.999226,True,0.023660,1.178042,-0.074796,0.024967,0.026014,0.027345,-0.998976
3.160,True,-0.040045,1.183012,-0.076966,0.024550,0.009898,0.029162,-0.999224,True,0.023644,1.178065,-0.074777,0.024943,0.025855,0.027494,-0.998976
3.171,True,-0.040056,1.183080,-0.076970,0.024891,0.009343,0.029558,-0.999209,True,0.023629,1.178092,-0.074774,0.025289,0.025298,0.027889,-0.998971
3.182,True,-0.040047,1.183214,-0.076967,0.024799,0.009267,0.030231,-0.999192,True,0.023632,1.178140,-0.074772,0.025208,0.025221,0.028560,-0.998956
3.194,True,-0.039933,1.183157,-0.077001,0.025301,0.008695,0.030853,-0.999166,True,0.023636,1.178156,-0.074782,0.025718,0.024648,0.029181,-0.998939
3.205,True,-0.039938,1.183207,-0.076996,0.025456,0.008154,0.031099,-0.999159,True,0.023629,1.178180,-0.074797,0.025875,0.024105,0.029425,-0.998941
3.216,True,-0.039918,1.183240,-0.076949,0.025644,0.007849,0.031055,-0.999158,True,0.023651,1.178219,-0.074784,0.026062,0.023800,0.029379,-0.998945
3.227,True,-0.039916,1.183297,-0.076929,0.025845,0.007310,0.030954,-0.999160,True,0.023656,1.178292,-0.074794,0.026260,0.023260,0.029275,-0.998956
3.238,True,-0.039917,1.183329,-0.076928,0.026294,0.007105,0.030834,-0.999153,True,0.023657,1.178342,-0.074810,0.026706,0.023055,0.029149,-0.998952
3.249,True,-0.039913,1.183386,-0.076914,0.026492,0.006810,0.030739,-0.999153,True,0.023662,1.178412,-0.074820,0.026902,0.022759,0.029051,-0.998957
3.261,True,-0.039929,1.183394,-0.076914,0.027029,0.006303,0.030605,-0.999146,True,0.023649,1.178444,-0.074845,0.027436,0.022252,0.028913,-0.998958
3.272,True,-0.039939,1.183396,-0.076916,0.027211,0.005954,0.030528,-0.999146,True,0.023641,1.178457,-0.074871,0.027616,0.021902,0.028835,-0.998963
3.283,True,-0.039881,1.183345,-0.076909,0.027092,0.005771,0.030330,-0.999156,True,0.023701,1.178429,-0.074889,0.027494,0.021718,0.028636,-0.998976
3.294,True,-0.039883,1.183276,-0.076908,0.026980,0.005459,0.030111,-0.999168,True,0.023703,1.178389,-0.074918,0.027377,0.021406,0.028418,-0.998992
3.305,True,-0.039886,1.183210,-0.076914,0.026719,0.005029,0.030085,-0.999178,True,0.023700,1.178330,-0.074939,0.027114,0.020976,0.028399,-0.999009
3.316,True,-0.039886,1.183193,-0.076929,0.026632,0.004955,0.030136,-0.999179,True,0.023700,1.178307,-0.074955,0.027028,0.020902,0.028451,-0.999011
3.327,True,-0.039890,1.183127,-0.076961,0.026134,0.005027,0.030182,-0.999190,True,0.023696,1.178233,-0.074989,0.026532,0.020975,0.028505,-0.999021
3.338,True,-0.039928,1.183028,-0.076997,0.025233,0.005281,0.030263,-0.999210,True,0.023656,1.178117,-0.075015,0.025632,0.021229,0.028594,-0.999037
3.349,True,-0.039954,1.182965,-0.077009,0.024730,0.005143,0.030462,-0.999217,True,0.023628,1.178029,-0.075031,0.025132,0.021090,0.028799,-0.999047
3.361,True,-0.039998,1.182875,-0.077055,0.024201,0.005178,0.030627,-0.999224,True,0.023582,1.177916,-0.075070,0.024605,0.021126,0.028971,-0.999054
3.372,True,-0.040045,1.182729,-0.077079,0.023679,0.005159,0.030609,-0.999238,True,0.023535,1.177771,-0.075099,0.024082,0.021107,0.028959,-0.999068
3.383,True,-0.040034,1.182660,-0.077081,0.023144,0.005033,0.030559,-0.999252,True,0.023547,1.177707,-0.075111,0.023547,0.020980,0.028915,-0.999084
3.394,True,-0.040046,1.182616,-0.077110,0.022977,0.005032,0.030310,-0.999264,True,0.023538,1.177693,-0.075142,0.023375,0.020979,0.028668,-0.999095
3.405,True,-0.040054,1.182633,-0.077127,0.022938,0.004987,0.030294,-0.999265,True,0.023530,1.177713,-0.075161,0.023336,0.020935,0.028655,-0.999098
3.416,True,-0.040037,1.182670,-0.077098,0.023184,0.004594,0.030398,-0.999259,True,0.023546,1.177742,-0.075143,0.023583,0.020541,0.028757,-0.999097
3.427,True,-0.040040,1.182728,-0.077112,0.023258,0.004338,0.030607,-0.999252,True,0.023542,1.177775,-0.075166,0.023659,0.020283,0.028964,-0.999095
3.438,True,-0.040026,1.182841,-0.077124,0.023618,0.003706,0.031012,-0.999233,True,0.023553,1.177843,-0.075201,0.024024,0.019650,0.029366,-0.999087
3.449,True,-0.039993,1.182917,-0.077118,0.023955,0.003347,0.031178,-0.999221,True,0.023586,1.177900,-0.075229,0.024363,0.019291,0.029528,-0.999081
3.460,True,-0.039960,1.182986,-0.077120,0.024331,0.002953,0.031253,-0.999211,True,0.023619,1.177963,-0.075262,0.024739,0.018897,0.029600,-0.999077
3.472,True,-0.039942,1.183049,-0.077131,0.024727,0.002474,0.031233,-0.999203,True,0.023639,1.178031,-0.075306,0.025134,0.018416,0.029575,-0.999077
3.483,True,-0.039923,1.183130,-0.077108,0.025055,0.002107,0.031155,-0.999198,True,0.023659,1.178124,-0.075308,0.025460,0.018048,0.029492,-0.999078
3.494,True,-0.039907,1.183211,-0.077126,0.025427,0.001906,0.031076,-0.999192,True,0.023677,1.178217,-0.075344,0.025830,0.017847,0.029407,-0.999074
3.505,True,-0.039897,1.183295,-0.077139,0.025672,0.001516,0.031011,-0.999188,True,0.023688,1.178312,-0.075378,0.026073,0.017455,0.029338,-0.999077
3.516,True,-0.039897,1.183352,-0.077125,0.026206,0.001117,0.030888,-0.999179,True,0.023690,1.178387,-0.075398,0.026605,0.017055,0.029208,-0.999074
3.527,True,-0.039868,1.183404,-0.077116,0.026361,0.000908,0.030921,-0.999174,True,0.023720,1.178436,-0.075407,0.026759,0.016845,0.029238,-0.999072
3.538,True,-0.039862,1.183423,-0.077109,0.026700,0.000543,0.030853,-0.999167,True,0.023727,1.178466,-0.075422,0.027096,0.016479,0.029165,-0.999071
3.549,True,-0.039861,1.183482,-0.077072,0.026882,0.000670,0.030905,-0.999161,True,0.023727,1.178514,-0.075404,0.027280,0.016607,0.029215,-0.999063
3.560,True,-0.039852,1.183507,-0.077061,0.027065,0.000247,0.030980,-0.999154,True,0.023736,1.178534,-0.075411,0.027464,0.016183,0.029288,-0.999063
3.572,True,-0.039847,1.183526,-0.077035,0.027033,0.000121,0.030984,-0.999154,True,0.023742,1.178550,-0.075409,0.027431,0.016057,0.029292,-0.999065
3.583,True,-0.039854,1.183524,-0.077000,0.026980,0.000072,0.031047,-0.999154,True,0.023735,1.178540,-0.075384,0.027379,0.016009,0.029355,-0.999066
3.594,True,-0.039859,1.183524,-0.076958,0.026985,0.000093,0.031142,-0.999151,True,0.023729,1.178525,-0.075365,0.027387,0.016031,0.029454,-0.999062
3.605,True,-0.039855,1.183479,-0.076938,0.026693,-0.000094,0.031169,-0.999158,True,0.023733,1.178476,-0.075357,0.027094,0.015844,0.029483,-0.999072
3.616,True,-0.039894,1.183429,-0.076862,0.026261,-0.000250,0.031204,-0.999168,True,0.023695,1.178421,-0.075304,0.026662,0.015688,0.029526,-0.999085
3.627,True,-0.039898,1.183352,-0.076829,0.026030,-0.000202,0.031221,-0.999174,True,0.023690,1.178338,-0.075284,0.026432,0.015738,0.029547,-0.999090
3.639,True,-0.039913,1.183262,-0.076786,0.025559,-0.000341,0.031165,-0.999187,True,0.023676,1.178253,-0.075262,0.025960,0.015600,0.029497,-0.999106
3.649,True,-0.039921,1.183182,-0.076739,0.025347,-0.000621,0.031092,-0.999195,True,0.023669,1.178184,-0.075234,0.025747,0.015320,0.029430,-0.999118
3.661,True,-0.039936,1.183072,-0.076705,0.025291,-0.001222,0.030938,-0.999201,True,0.023657,1.178101,-0.075216,0.025687,0.014719,0.029283,-0.999133
3.672,True,-0.039949,1.182967,-0.076674,0.025075,-0.001636,0.030826,-0.999209,True,0.023646,1.178013,-0.075200,0.025467,0.014305,0.029177,-0.999147
3.683,True,-0.039952,1.182871,-0.076635,0.024907,-0.002148,0.030714,-0.999216,True,0.023645,1.177937,-0.075173,0.025296,0.013792,0.029071,-0.999162
3.694,True,-0.039973,1.182784,-0.076607,0.024591,-0.002284,0.030562,-0.999228,True,0.023625,1.177870,-0.075154,0.024978,0.013656,0.028926,-0.999176
3.705,True,-0.040018,1.182729,-0.076585,0.024838,-0.002947,0.030658,-0.999217,True,0.023836,1.177919,-0.074844,0.025224,0.012993,0.029025,-0.999176
3.716,True,-0.040043,1.182688,-0.076572,0.025242,-0.003698,0.030688,-0.999203,True,0.023812,1.177887,-0.074829,0.025627,0.012240,0.029058,-0.999174
3.727,True,-0.040079,1.182655,-0.076558,0.025618,-0.004109,0.030711,-0.999192,True,0.023776,1.177860,-0.074807,0.026002,0.011829,0.029083,-0.999169
3.738,True,-0.040116,1.182623,-0.076552,0.026198,-0.004408,0.030643,-0.999177,True,0.023740,1.177845,-0.074793,0.026581,0.011530,0.029014,-0.999159
3.749,True,-0.040156,1.182606,-0.076512,0.026148,-0.004364,0.030536,-0.999182,True,0.023701,1.177842,-0.074741,0.026529,0.011574,0.028908,-0.999163
3.760,True,-0.040201,1.182577,-0.076493,0.026551,-0.004523,0.030412,-0.999175,True,0.023658,1.177833,-0.074717,0.026930,0.011415,0.028783,-0.999158
3.771,True,-0.040229,1.182593,-0.076486,0.026650,-0.004526,0.030413,-0.999172,True,0.023629,1.177853,-0.074689,0.027028,0.011412,0.028785,-0.999155
3.782,True,-0.040252,1.182630,-0.076460,0.027286,-0.004730,0.030550,-0.999150,True,0.023604,1.177882,-0.074635,0.027667,0.011208,0.028922,-0.999136
3.793,True,-0.040279,1.182632,-0.076459,0.027524,-0.004751,0.030615,-0.999141,True,0.023576,1.177879,-0.074620,0.027905,0.011187,0.028987,-0.999128
3.805,True,-0.040300,1.182629,-0.076459,0.027696,-0.004847,0.030764,-0.999131,True,0.023554,1.177862,-0.074598,0.028079,0.011091,0.029135,-0.999120
3.816,True,-0.040340,1.182636,-0.076429,0.027997,-0.005034,0.030886,-0.999118,True,0.023513,1.177859,-0.074558,0.028382,0.010902,0.029257,-0.999109
3.827,True,-0.040362,1.182648,-0.076424,0.028201,-0.005177,0.030919,-0.999111,True,0.023491,1.177871,-0.074538,0.028586,0.010758,0.029288,-0.999104
3.838,True,-0.040380,1.182694,-0.076430,0.028596,-0.005290,0.031133,-0.999092,True,0.023471,1.177896,-0.074523,0.028984,0.010644,0.029500,-0.999088
3.849,True,-0.040421,1.182741,-0.076429,0.028735,-0.005567,0.031368,-0.999079,True,0.023426,1.177921,-0.074497,0.029125,0.010365,0.029732,-0.999080
3.860,True,-0.040459,1.182812,-0.076443,0.028934,-0.005492,0.031592,-0.999067,True,0.023387,1.177966,-0.074481,0.029327,0.010438,0.029955,-0.999066
3.871,True,-0.040484,1.182829,-0.076457,0.029015,-0.005481,0.031588,-0.999065,True,0.023361,1.177987,-0.074477,0.029408,0.010449,0.029950,-0.999064
3.882,True,-0.040533,1.182786,-0.076467,0.029096,-0.005644,0.031378,-0.999068,True,0.023313,1.177976,-0.074464,0.029484,0.010284,0.029737,-0.999070
3.893,True,-0.040568,1.182743,-0.076483,0.028900,-0.005568,0.031066,-0.999084,True,0.023281,1.177974,-0.074458,0.029283,0.010359,0.029425,-0.999084
3.905,True,-0.040587,1.182736,-0.076501,0.028792,-0.005422,0.031007,-0.999090,True,0.023262,1.177976,-0.074445,0.029173,0.010504,0.029367,-0.999088
3.916,True,-0.040597,1.182774,-0.076508,0.028695,-0.005255,0.031079,-0.999091,True,0.023250,1.178005,-0.074426,0.029077,0.010669,0.029438,-0.999087
3.927,True,-0.040590,1.182864,-0.076532,0.028642,-0.005282,0.031334,-0.999085,True,0.023254,1.178067,-0.074416,0.029028,0.010641,0.029692,-0.999081
3.938,True,-0.040582,1.182964,-0.076547,0.028254,-0.005643,0.031761,-0.999080,True,0.023257,1.178118,-0.074408,0.028644,0.010275,0.030119,-0.999083
3.949,True,-0.040578,1.183030,-0.076554,0.027858,-0.006118,0.032150,-0.999076,True,0.023258,1.178139,-0.074412,0.028252,0.009796,0.030512,-0.999087
3.960,True,-0.040550,1.183047,-0.076570,0.027752,-0.006403,0.032363,-0.999070,True,0.023284,1.178131,-0.074434,0.028148,0.009510,0.030725,-0.999086
3.971,True,-0.040519,1.183055,-0.076570,0.027456,-0.006689,0.032249,-0.999080,True,0.023317,1.178153,-0.074457,0.027850,0.009223,0.030614,-0.999101
3.982,True,-0.040478,1.183036,-0.076578,0.027153,-0.006999,0.032064,-0.999092,True,0.023361,1.178160,-0.074472,0.027543,0.008911,0.030431,-0.999118
3.994,True,-0.040426,1.183039,-0.076608,0.026953,-0.007237,0.031950,-0.999100,True,0.023414,1.178178,-0.074510,0.027340,0.008671,0.030318,-0.999129
4.005,True,-0.040377,1.183028,-0.076628,0.027058,-0.007618,0.031888,-0.999096,True,0.023465,1.178179,-0.074551,0.027443,0.008290,0.030256,-0.999131
4.016,True,-0.040316,1.183022,-0.076644,0.027049,-0.007946,0.031911,-0.999093,True,0.023526,1.178170,-0.074592,0.027434,0.007961,0.030279,-0.999133
4.027,True,-0.040224,1.183017,-0.076657,0.027164,-0.008647,0.032013,-0.999081,True,0.023618,1.178156,-0.074646,0.027549,0.007258,0.030381,-0.999132
4.038,True,-0.040121,1.182995,-0.076666,0.027110,-0.009229,0.032006,-0.999077,True,0.023724,1.178136,-0.074711,0.027493,0.006674,0.030372,-0.999138
4.049,True,-0.039999,1.182955,-0.076681,0.026931,-0.009873,0.031958,-0.999078,True,0.023847,1.178104,-0.074762,0.027311,0.006026,0.030322,-0.999149
4.060,True,-0.039887,1.182951,-0.076690,0.027060,-0.010333,0.031896,-0.999071,True,0.023961,1.178109,-0.074813,0.027438,0.005565,0.030259,-0.999150
4.071,True,-0.039783,1.182953,-0.076707,0.027164,-0.010655,0.031881,-0.999066,True,0.024066,1.178113,-0.074866,0.027542,0.005243,0.030241,-0.999149
4.082,True,-0.039677,1.182978,-0.076738,0.027579,-0.011354,0.031958,-0.999044,True,0.024173,1.178135,-0.074925,0.027956,0.004542,0.030315,-0.999139
4.094,True,-0.039576,1.183042,-0.076775,0.027807,-0.011620,0.032193,-0.999027,True,0.024272,1.178173,-0.074972,0.028187,0.004275,0.030549,-0.999127
4.105,True,-0.039490,1.183105,-0.076806,0.028027,-0.012007,0.032473,-0.999008,True,0.024356,1.178203,-0.075025,0.028411,0.003887,0.030829,-0.999113
4.116,True,-0.039406,1.183123,-0.076839,0.028224,-0.012319,0.032714,-0.998990,True,0.024439,1.178194,-0.075068,0.028612,0.003574,0.031070,-0.999101
4.127,True,-0.039333,1.183089,-0.076886,0.028358,-0.012507,0.032942,-0.998977,True,0.024510,1.178133,-0.075121,0.028748,0.003386,0.031299,-0.999091
4.138,True,-0.039277,1.183081,-0.076918,0.028233,-0.012776,0.032943,-0.998977,True,0.024566,1.178127,-0.075161,0.028623,0.003115,0.031300,-0.999095
4.149,True,-0.039204,1.183102,-0.076962,0.028072,-0.012832,0.032798,-0.998985,True,0.024640,1.178167,-0.075198,0.028460,0.003059,0.031158,-0.999105
4.161,True,-0.039141,1.183112,-0.077034,0.028414,-0.012827,0.032943,-0.998971,True,0.024701,1.178164,-0.075242,0.028803,0.003064,0.031303,-0.999090
4.172,True,-0.039110,1.183128,-0.077069,0.028318,-0.012916,0.033230,-0.998963,True,0.024730,1.178146,-0.075263,0.028711,0.002974,0.031592,-0.999084
4.183,True,-0.039052,1.183197,-0.077106,0.028286,-0.012802,0.033734,-0.998949,True,0.024781,1.178152,-0.075284,0.028687,0.003087,0.032096,-0.999068
4.194,True,-0.039034,1.182950,-0.077262,0.028410,-0.013080,0.033979,-0.998933,True,0.024832,1.178165,-0.075323,0.028815,0.002809,0.032345,-0.999057
4.205,True,-0.038978,1.182968,-0.077293,0.028560,-0.013162,0.034089,-0.998924,True,0.024886,1.178170,-0.075358,0.028967,0.002727,0.032454,-0.999050
4.216,True,-0.038925,1.182977,-0.077295,0.028680,-0.013285,0.033934,-0.998924,True,0.024941,1.178201,-0.075362,0.029084,0.002603,0.032297,-0.999052
4.227,True,-0.038878,1.183005,-0.077315,0.029146,-0.013584,0.033800,-0.998911,True,0.024990,1.178253,-0.075380,0.029548,0.002303,0.032161,-0.999043
4.238,True,-0.038818,1.183048,-0.077361,0.029446,-0.013517,0.033628,-0.998909,True,0.025051,1.178321,-0.075406,0.029844,0.002369,0.031985,-0.999040
4.249,True,-0.038756,1.183093,-0.077373,0.029735,-0.013605,0.033711,-0.998897,True,0.025112,1.178359,-0.075409,0.030135,0.002280,0.032066,-0.999029
4.260,True,-0.038706,1.183123,-0.077387,0.030172,-0.013855,0.033785,-0.998878,True,0.025162,1.178385,-0.075422,0.030572,0.002029,0.032137,-0.999014
4.271,True,-0.038648,1.183157,-0.077401,0.030405,-0.013852,0.033900,-0.998867,True,0.025219,1.178406,-0.075436,0.030807,0.002034,0.032251,-0.999003
4.283,True,-0.038593,1.183163,-0.077419,0.030638,-0.014020,0.034042,-0.998852,True,0.025273,1.178397,-0.075459,0.031042,0.001864,0.032390,-0.998991
4.294,True,-0.038537,1.183208,-0.077415,0.030615,-0.014335,0.034228,-0.998842,True,0.025328,1.178421,-0.075460,0.031021,0.001547,0.032575,-0.998987
4.305,True,-0.038488,1.183256,-0.077402,0.030350,-0.014550,0.034385,-0.998842,True,0.025375,1.178450,-0.075449,0.030757,0.001329,0.032730,-0.998990
4.316,True,-0.038438,1.183300,-0.077406,0.030886,-0.014581,0.034546,-0.998819,True,0.025424,1.178477,-0.075448,0.031296,0.001299,0.032888,-0.998968
4.327,True,-0.038412,1.183323,-0.077389,0.030936,-0.014744,0.034607,-0.998813,True,0.025449,1.178493,-0.075447,0.031346,0.001134,0.032945,-0.998965
4.338,True,-0.038357,1.183386,-0.077386,0.030868,-0.014149,0.034828,-0.998816,True,0.025502,1.178523,-0.075414,0.031283,0.001731,0.033166,-0.998959
4.349,True,-0.038314,1.183425,-0.077354,0.030948,-0.014505,0.035074,-0.998800,True,0.025543,1.178535,-0.075388,0.031367,0.001373,0.033411,-0.998948
4.360,True,-0.038286,1.183454,-0.077322,0.030871,-0.014432,0.035219,-0.998798,True,0.025569,1.178542,-0.075368,0.031292,0.001446,0.033554,-0.998946
4.372,True,-0.038264,1.183453,-0.077283,0.030631,-0.014341,0.035285,-0.998805,True,0.025590,1.178528,-0.075344,0.031053,0.001538,0.033618,-0.998951
4.383,True,-0.038220,1.183465,-0.077256,0.030730,-0.014556,0.035289,-0.998799,True,0.025635,1.178541,-0.075333,0.031151,0.001322,0.033624,-0.998948
4.394,True,-0.038194,1.183464,-0.077221,0.030499,-0.014695,0.035307,-0.998803,True,0.025661,1.178537,-0.075305,0.030920,0.001182,0.033643,-0.998955
4.405,True,-0.038185,1.183445,-0.077176,0.030309,-0.014957,0.035290,-0.998805,True,0.025671,1.178521,-0.075276,0.030729,0.000919,0.033627,-0.998962
4.416,True,-0.038176,1.183403,-0.077149,0.030174,-0.015279,0.035200,-0.998808,True,0.025682,1.178492,-0.075266,0.030592,0.000596,0.033539,-0.998969
4.427,True,-0.038164,1.183358,-0.077121,0.030181,-0.015451,0.035143,-0.998807,True,0.025694,1.178456,-0.075242,0.030597,0.000424,0.033485,-0.998971
4.438,True,-0.038178,1.183275,-0.077070,0.030098,-0.015620,0.034970,-0.998813,True,0.025682,1.178394,-0.075212,0.030512,0.000256,0.033315,-0.998979
4.449,True,-0.038155,1.183207,-0.077040,0.029981,-0.015800,0.034851,-0.998818,True,0.025707,1.178341,-0.075195,0.030393,0.000075,0.033199,-0.998987
4.460,True,-0.038158,1.183140,-0.077005,0.029904,-0.015992,0.034746,-0.998821,True,0.025705,1.178290,-0.075166,0.030313,-0.000117,0.033097,-0.998992
4.471,True,-0.038165,1.183094,-0.076966,0.029760,-0.016028,0.034686,-0.998827,True,0.025698,1.178251,-0.075126,0.030169,-0.000153,0.033039,-0.998999
4.483,True,-0.038183,1.183023,-0.076939,0.029577,-0.016215,0.034603,-0.998832,True,0.025682,1.178192,-0.075099,0.029983,-0.000341,0.032959,-0.999007
4.494,True,-0.038226,1.182945,-0.076906,0.029310,-0.016179,0.034515,-0.998843,True,0.025639,1.178125,-0.075058,0.029715,-0.000306,0.032873,-0.999018
4.505,True,-0.038267,1.182892,-0.076876,0.028879,-0.016083,0.034465,-0.998859,True,0.025598,1.178076,-0.075013,0.029283,-0.000210,0.032828,-0.999032
4.516,True,-0.038312,1.182844,-0.076862,0.028582,-0.015939,0.034474,-0.998870,True,0.025553,1.178025,-0.074987,0.028986,-0.000065,0.032840,-0.999040
4.527,True,-0.038366,1.182773,-0.076822,0.028054,-0.015781,0.034407,-0.998889,True,0.025499,1.177959,-0.074940,0.028456,0.000093,0.032776,-0.999058
4.538,True,-0.038401,1.182738,-0.076794,0.027689,-0.015634,0.034431,-0.998901,True,0.025463,1.177919,-0.074898,0.028092,0.000239,0.032804,-0.999067
4.549,True,-0.038423,1.182717,-0.076786,0.027549,-0.015548,0.034403,-0.998907,True,0.025441,1.177900,-0.074890,0.027952,0.000325,0.032775,-0.999072
4.560,True,-0.038481,1.182714,-0.076751,0.027318,-0.015405,0.034497,-0.998913,True,0.025381,1.177884,-0.074843,0.027722,0.000468,0.032872,-0.999075
4.572,True,-0.038528,1.182710,-0.076730,0.027111,-0.015364,0.034510,-0.998918,True,0.025335,1.177878,-0.074812,0.027515,0.000508,0.032884,-0.999080
4.583,True,-0.038548,1.182675,-0.076725,0.026928,-0.015407,0.034283,-0.998931,True,0.025316,1.177871,-0.074805,0.027328,0.000463,0.032656,-0.999093
4.594,True,-0.038588,1.182625,-0.076713,0.026817,-0.015354,0.034036,-0.998943,True,0.025278,1.177855,-0.074773,0.027212,0.000515,0.032407,-0.999104
4.605,True,-0.038643,1.182609,-0.076703,0.026623,-0.015349,0.033820,-0.998955,True,0.025225,1.177866,-0.074749,0.027014,0.000518,0.032191,-0.999117
4.616,True,-0.038677,1.182611,-0.076704,0.026293,-0.015487,0.033807,-0.998962,True,0.025190,1.177872,-0.074734,0.026682,0.000378,0.032178,-0.999126
4.627,True,-0.038726,1.182660,-0.076673,0.026243,-0.015623,0.033989,-0.998955,True,0.025140,1.177901,-0.074695,0.026634,0.000239,0.032360,-0.999121
4.638,True,-0.038756,1.182781,-0.076657,0.026265,-0.015607,0.034387,-0.998942,True,0.025106,1.177972,-0.074664,0.026662,0.000255,0.032756,-0.999108
4.649,True,-0.038763,1.182854,-0.076642,0.026240,-0.015833,0.034760,-0.998926,True,0.025096,1.177999,-0.074657,0.026642,0.000027,0.033129,-0.999096
4.660,True,-0.038800,1.182914,-0.076626,0.026325,-0.015968,0.035076,-0.998910,True,0.025056,1.178021,-0.074647,0.026732,-0.000109,0.033443,-0.999083
4.672,True,-0.038824,1.182962,-0.076612,0.026214,-0.016035,0.035100,-0.998911,True,0.025032,1.178066,-0.074637,0.026621,-0.000176,0.033468,-0.999085
4.683,True,-0.038841,1.182986,-0.076612,0.026270,-0.016221,0.034968,-0.998911,True,0.025016,1.178107,-0.074649,0.026675,-0.000363,0.033336,-0.999088
4.694,True,-0.038878,1.182989,-0.076618,0.026324,-0.016393,0.034703,-0.998916,True,0.024982,1.178146,-0.074666,0.026723,-0.000535,0.033071,-0.999096
4.705,True,-0.038923,1.182996,-0.076633,0.025935,-0.016321,0.034503,-0.998935,True,0.025287,1.176925,-0.074934,0.026331,-0.000463,0.032872,-0.999113
4.716,True,-0.038939,1.182991,-0.076680,0.025597,-0.016354,0.034287,-0.998950,True,0.025274,1.176945,-0.074990,0.025989,-0.000497,0.032657,-0.999129
4.727,True,-0.038972,1.182990,-0.076708,0.025409,-0.016401,0.034247,-0.998956,True,0.025241,1.176948,-0.075031,0.025800,-0.000545,0.032616,-0.999135
4.738,True,-0.039015,1.182959,-0.076722,0.025372,-0.016717,0.034168,-0.998954,True,0.025200,1.176926,-0.075078,0.025762,-0.000862,0.032536,-0.999138
4.749,True,-0.039031,1.182972,-0.076763,0.025566,-0.016805,0.034183,-0.998947,True,0.025184,1.176939,-0.075127,0.025955,-0.000949,0.032549,-0.999133
4.760,True,-0.039072,1.182982,-0.076803,0.025855,-0.016874,0.034105,-0.998941,True,0.025144,1.176959,-0.075175,0.026244,-0.001018,0.032468,-0.999128
4.771,True,-0.039132,1.183009,-0.076856,0.026149,-0.017139,0.034091,-0.998930,True,0.025084,1.176993,-0.075227,0.026536,-0.001285,0.032450,-0.999120
4.782,True,-0.039177,1.183051,-0.076917,0.026510,-0.017281,0.034072,-0.998918,True,0.025040,1.177042,-0.075284,0.026897,-0.001429,0.032427,-0.999111
4.793,True,-0.039255,1.183102,-0.076979,0.027159,-0.017524,0.033984,-0.998900,True,0.024964,1.177113,-0.075329,0.027543,-0.001673,0.032336,-0.999096
4.805,True,-0.039330,1.183160,-0.077041,0.027326,-0.017462,0.033902,-0.998899,True,0.024889,1.177184,-0.075371,0.027709,-0.001612,0.032251,-0.999094
4.816,True,-0.039382,1.183213,-0.077102,0.027588,-0.017220,0.033991,-0.998893,True,0.024836,1.177229,-0.075398,0.027973,-0.001369,0.032337,-0.999085
4.827,True,-0.039479,1.183219,-0.077199,0.027745,-0.016972,0.033924,-0.998895,True,0.024739,1.177244,-0.075466,0.028129,-0.001122,0.032267,-0.999083
4.838,True,-0.039565,1.183220,-0.077280,0.027789,-0.016663,0.033849,-0.998902,True,0.024653,1.177255,-0.075514,0.028172,-0.000812,0.032190,-0.999084
4.849,True,-0.039620,1.183232,-0.077365,0.027704,-0.016383,0.033626,-0.998916,True,0.024600,1.177296,-0.075568,0.028084,-0.000533,0.031966,-0.999094
4.860,True,-0.039684,1.183271,-0.077449,0.027864,-0.016110,0.033491,-0.998921,True,0.024537,1.177354,-0.075619,0.028242,-0.000260,0.031829,-0.999094
4.871,True,-0.039752,1.183310,-0.077537,0.027970,-0.015936,0.033587,-0.998917,True,0.024466,1.177384,-0.075668,0.028350,-0.000087,0.031923,-0.999088
4.882,True,-0.039810,1.183342,-0.077641,0.028059,-0.015636,0.033858,-0.998910,True,0.024404,1.177382,-0.075738,0.028443,0.000213,0.032194,-0.999077
4.894,True,-0.039889,1.183392,-0.077733,0.028349,-0.015627,0.034245,-0.998889,True,0.024320,1.177387,-0.075800,0.028740,0.000222,0.032581,-0.999056
4.905,True,-0.039945,1.183440,-0.077811,0.028588,-0.015672,0.034422,-0.998876,True,0.024262,1.177417,-0.075865,0.028982,0.000176,0.032756,-0.999043
4.916,True,-0.039971,1.183469,-0.077901,0.028780,-0.015768,0.034285,-0.998873,True,0.024238,1.177466,-0.075952,0.029171,0.000080,0.032618,-0.999042
4.927,True,-0.040011,1.183492,-0.077986,0.028999,-0.015267,0.033909,-0.998888,True,0.024202,1.177532,-0.076028,0.029385,0.000584,0.032239,-0.999048
4.938,True,-0.040043,1.183531,-0.078047,0.029288,-0.015080,0.033594,-0.998893,True,0.024173,1.177611,-0.076088,0.029671,0.000773,0.031921,-0.999050
4.949,True,-0.040053,1.183560,-0.078125,0.029553,-0.014611,0.033423,-0.998897,True,0.024164,1.177659,-0.076152,0.029935,0.001244,0.031747,-0.999047
4.960,True,-0.040068,1.183589,-0.078191,0.029739,-0.014151,0.033314,-0.998902,True,0.024151,1.177696,-0.076219,0.030120,0.001707,0.031632,-0.999044
4.971,True,-0.040081,1.183636,-0.078242,0.029772,-0.013893,0.033330,-0.998904,True,0.024137,1.177736,-0.076282,0.030155,0.001966,0.031646,-0.999042
4.982,True,-0.040034,1.183687,-0.078292,0.029963,-0.013941,0.033382,-0.998896,True,0.024184,1.177781,-0.076340,0.030347,0.001919,0.031697,-0.999035
4.994,True,-0.040034,1.183713,-0.078341,0.029799,-0.013232,0.033298,-0.998914,True,0.024184,1.177805,-0.076400,0.030184,0.002631,0.031609,-0.999041
5.005,True,-0.040019,1.183748,-0.078379,0.029732,-0.013309,0.033247,-0.998916,True,0.024200,1.177845,-0.076453,0.030115,0.002553,0.031555,-0.999045
5.016,True,-0.039964,1.183767,-0.078427,0.029759,-0.013180,0.033252,-0.998917,True,0.024254,1.177861,-0.076503,0.030143,0.002682,0.031556,-0.999044
5.027,True,-0.039966,1.183820,-0.078454,0.029560,-0.013057,0.033304,-0.998923,True,0.024252,1.177903,-0.076543,0.029944,0.002805,0.031607,-0.999048
5.038,True,-0.039958,1.183873,-0.078483,0.029685,-0.012679,0.033403,-0.998921,True,0.024258,1.177938,-0.076579,0.030072,0.003185,0.031703,-0.999040
5.049,True,-0.039942,1.183922,-0.078506,0.028835,-0.012486,0.033566,-0.998942,True,0.024272,1.177958,-0.076602,0.029225,0.003376,0.031865,-0.999059
5.061,True,-0.039939,1.183957,-0.078523,0.029009,-0.012262,0.033666,-0.998937,True,0.024273,1.177976,-0.076632,0.029401,0.003602,0.031961,-0.999050
5.072,True,-0.039947,1.183993,-0.078530,0.029024,-0.012216,0.033645,-0.998938,True,0.024266,1.178012,-0.076650,0.029416,0.003648,0.031940,-0.999050
5.083,True,-0.039944,1.184005,-0.078528,0.028786,-0.011949,0.033755,-0.998944,True,0.024267,1.178004,-0.076655,0.029180,0.003916,0.032047,-0.999053
5.094,True,-0.039958,1.184026,-0.078525,0.028768,-0.011840,0.033783,-0.998945,True,0.024253,1.178018,-0.076662,0.029163,0.004026,0.032075,-0.999052
5.105,True,-0.039979,1.184039,-0.078525,0.028894,-0.011718,0.033751,-0.998944,True,0.024233,1.178033,-0.076672,0.029290,0.004150,0.032042,-0.999049
5.116,True,-0.040027,1.184024,-0.078512,0.029007,-0.011472,0.033597,-0.998949,True,0.024187,1.178035,-0.076666,0.029401,0.004398,0.031888,-0.999049
5.127,True,-0.040065,1.184011,-0.078517,0.028828,-0.011287,0.033455,-0.998961,True,0.024150,1.178035,-0.076679,0.029221,0.004584,0.031745,-0.999058
5.138,True,-0.040105,1.183987,-0.078525,0.028759,-0.011150,0.033273,-0.998970,True,0.024111,1.178030,-0.076695,0.029149,0.004722,0.031562,-0.999066
5.149,True,-0.040137,1.183955,-0.078536,0.028597,-0.010931,0.032984,-0.998987,True,0.024083,1.178033,-0.076699,0.028983,0.004941,0.031274,-0.999078
5.163,True,-0.040202,1.183927,-0.078554,0.028497,-0.010734,0.032761,-0.998999,True,0.024019,1.178032,-0.076709,0.028880,0.005139,0.031051,-0.999087
5.174,True,-0.040279,1.183921,-0.078547,0.028184,-0.010634,0.032559,-0.999016,True,0.023945,1.178048,-0.076710,0.028564,0.005239,0.030851,-0.999102
5.185,True,-0.040317,1.183902,-0.078560,0.028321,-0.010401,0.032443,-0.999018,True,0.023908,1.178045,-0.076695,0.028700,0.005472,0.030733,-0.999101
5.196,True,-0.040390,1.183905,-0.078582,0.028423,-0.010203,0.032318,-0.999021,True,0.023835,1.178064,-0.076701,0.028800,0.005671,0.030606,-0.999100
5.207,True,-0.040544,1.184111,-0.078540,0.028649,-0.010088,0.032267,-0.999018,True,0.023782,1.178095,-0.076691,0.029025,0.005786,0.030554,-0.999095
5.219,True,-0.040614,1.184128,-0.078538,0.028480,-0.009804,0.032178,-0.999028,True,0.023712,1.178121,-0.076669,0.028856,0.006069,0.030465,-0.999101
5.230,True,-0.040683,1.184145,-0.078551,0.028594,-0.009688,0.032159,-0.999027,True,0.023643,1.178143,-0.076660,0.028968,0.006185,0.030443,-0.999098
5.241,True,-0.040730,1.184162,-0.078570,0.028895,-0.009097,0.032206,-0.999022,True,0.023595,1.178150,-0.076654,0.029273,0.006779,0.030488,-0.999083
5.252,True,-0.040741,1.184161,-0.078564,0.028892,-0.008791,0.032153,-0.999027,True,0.023583,1.178153,-0.076642,0.029270,0.007086,0.030436,-0.999083
5.263,True,-0.040783,1.184160,-0.078569,0.028909,-0.008427,0.032203,-0.999028,True,0.023540,1.178144,-0.076626,0.029289,0.007451,0.030484,-0.999078
5.274,True,-0.040809,1.184160,-0.078569,0.028661,-0.007916,0.032125,-0.999042,True,0.023514,1.178146,-0.076616,0.029041,0.007963,0.030405,-0.999084
5.285,True,-0.040791,1.184163,-0.078548,0.028496,-0.007894,0.032137,-0.999046,True,0.023532,1.178146,-0.076599,0.028875,0.007986,0.030418,-0.999088
5.297,True,-0.040826,1.184201,-0.078555,0.028269,-0.007818,0.032288,-0.999048,True,0.023495,1.178163,-0.076597,0.028651,0.008061,0.030569,-0.999090
5.308,True,-0.040842,1.184218,-0.078555,0.028160,-0.007702,0.032383,-0.999049,True,0.023478,1.178165,-0.076601,0.028543,0.008177,0.030662,-0.999089
5.319,True,-0.040842,1.184172,-0.078542,0.028081,-0.007712,0.032251,-0.999056,True,0.023480,1.178134,-0.076598,0.028462,0.008167,0.030530,-0.999095
5.330,True,-0.040846,1.184095,-0.078534,0.027913,-0.007418,0.031983,-0.999071,True,0.023478,1.178087,-0.076590,0.028291,0.008461,0.030261,-0.999106
5.341,True,-0.040841,1.184060,-0.078531,0.027738,-0.007254,0.031846,-0.999082,True,0.023484,1.178067,-0.076582,0.028114,0.008626,0.030125,-0.999114
5.352,True,-0.040838,1.184050,-0.078515,0.027714,-0.007301,0.031659,-0.999088,True,0.023489,1.178080,-0.076573,0.028088,0.008579,0.029938,-0.999120
5.363,True,-0.040825,1.184097,-0.078493,0.027520,-0.007073,0.031693,-0.999094,True,0.023502,1.178120,-0.076544,0.027895,0.008807,0.029971,-0.999123
5.374,True,-0.040823,1.184150,-0.078467,0.027391,-0.007087,0.031908,-0.999090,True,0.023501,1.178144,-0.076526,0.027768,0.008792,0.030186,-0.999120
5.385,True,-0.040781,1.184209,-0.078459,0.027248,-0.006933,0.032368,-0.999081,True,0.023538,1.178141,-0.076509,0.027634,0.008948,0.030647,-0.999108
5.396,True,-0.040767,1.184224,-0.078433,0.027146,-0.006736,0.032643,-0.999076,True,0.023549,1.178114,-0.076510,0.027537,0.009147,0.030925,-0.999100
5.407,True,-0.040752,1.184193,-0.078407,0.027012,-0.006612,0.032662,-0.999080,True,0.023563,1.178075,-0.076509,0.027404,0.009273,0.030947,-0.999102
5.418,True,-0.040737,1.184153,-0.078373,0.026507,-0.006480,0.032402,-0.999102,True,0.023582,1.178062,-0.076498,0.026895,0.009406,0.030691,-0.999123
5.430,True,-0.040728,1.184084,-0.078379,0.026361,-0.006316,0.032027,-0.999119,True,0.023595,1.178037,-0.076517,0.026745,0.009572,0.030318,-0.999137
5.441,True,-0.040746,1.184041,-0.078386,0.026408,-0.006234,0.031753,-0.999127,True,0.023580,1.178027,-0.076531,0.026788,0.009656,0.030045,-0.999143
5.452,True,-0.040766,1.184012,-0.078385,0.026409,-0.005962,0.031588,-0.999134,True,0.023562,1.178014,-0.076541,0.026788,0.009930,0.029882,-0.999145
5.463,True,-0.040766,1.183984,-0.078398,0.026130,-0.005738,0.031479,-0.999146,True,0.023563,1.177993,-0.076570,0.026508,0.010155,0.029774,-0.999154
5.474,True,-0.040762,1.183962,-0.078407,0.025896,-0.005664,0.031453,-0.999154,True,0.023567,1.177970,-0.076595,0.026274,0.010230,0.029748,-0.999160
5.485,True,-0.040745,1.183907,-0.078416,0.025749,-0.005581,0.031385,-0.999160,True,0.023585,1.177920,-0.076621,0.026126,0.010313,0.029679,-0.999165
5.497,True,-0.040739,1.183884,-0.078453,0.025788,-0.005641,0.031327,-0.999161,True,0.023593,1.177905,-0.076660,0.026164,0.010252,0.029620,-0.999166
5.510,True,-0.040748,1.183880,-0.078465,0.025854,-0.005332,0.031201,-0.999165,True,0.023585,1.177913,-0.076676,0.026230,0.010564,0.029493,-0.999165
5.521,True,-0.040786,1.183885,-0.078496,0.025928,-0.005338,0.031192,-0.999163,True,0.023547,1.177921,-0.076692,0.026303,0.010556,0.029481,-0.999163
5.532,True,-0.040815,1.183908,-0.078557,0.025859,-0.004719,0.031076,-0.999171,True,0.023517,1.177954,-0.076725,0.026234,0.011176,0.029361,-0.999162
5.543,True,-0.040851,1.183942,-0.078600,0.025773,-0.004316,0.031063,-0.999176,True,0.023481,1.177987,-0.076738,0.026148,0.011579,0.029347,-0.999160
5.554,True,-0.040897,1.183988,-0.078638,0.025823,-0.004183,0.031114,-0.999174,True,0.023434,1.178027,-0.076759,0.026199,0.011712,0.029398,-0.999156
5.565,True,-0.040925,1.184025,-0.078707,0.024862,-0.003690,0.031040,-0.999202,True,0.023404,1.178065,-0.076800,0.025237,0.012202,0.029320,-0.999177
5.577,True,-0.040991,1.183989,-0.078770,0.025234,-0.003389,0.030934,-0.999197,True,0.023339,1.178043,-0.076841,0.025608,0.012505,0.029214,-0.999167
5.588,True,-0.041043,1.183975,-0.078834,0.024979,-0.003012,0.030768,-0.999210,True,0.023288,1.178048,-0.076871,0.025351,0.012881,0.029047,-0.999174
5.599,True,-0.041081,1.183996,-0.078913,0.025060,-0.002671,0.030556,-0.999215,True,0.023252,1.178096,-0.076921,0.025429,0.013222,0.028834,-0.999173
5.610,True,-0.041079,1.184043,-0.078987,0.029608,-0.005178,0.030952,-0.999069,True,0.023254,1.178158,-0.076958,0.029979,0.010718,0.029229,-0.999066
5.621,True,-0.041092,1.184095,-0.079058,0.029114,0.014909,0.028874,-0.999048,True,0.023239,1.178195,-0.077000,0.029529,0.030884,0.027132,-0.998718
5.632,True,-0.041101,1.184176,-0.079116,0.026063,0.054560,0.024626,-0.997867,True,0.023226,1.178242,-0.077031,0.026567,0.070513,0.022869,-0.996895
5.643,True,-0.041094,1.184276,-0.079168,0.026260,0.054656,0.024933,-0.997849,True,0.023228,1.178303,-0.077068,0.026769,0.070609,0.023172,-0.996876
5.654,True,-0.041066,1.184368,-0.079191,0.027425,0.056834,0.024929,-0.997696,True,0.023254,1.178367,-0.077089,0.027942,0.072782,0.023164,-0.996687
5.665,True,-0.041034,1.184445,-0.079234,0.026796,0.054598,0.025099,-0.997833,True,0.023286,1.178448,-0.077136,0.027308,0.070550,0.023330,-0.996862
5.676,True,-0.040996,1.184487,-0.079254,0.027037,0.054498,0.024908,-0.997837,True,0.023327,1.178513,-0.077168,0.027545,0.070450,0.023135,-0.996867
5.687,True,-0.040955,1.184550,-0.079286,0.027218,0.054396,0.024718,-0.997842,True,0.023371,1.178600,-0.077211,0.027723,0.070347,0.022942,-0.996873
5.698,True,-0.040900,1.184617,-0.079335,0.027772,0.056013,0.024528,-0.997742,True,0.023426,1.178669,-0.077260,0.028280,0.071960,0.022748,-0.996747
5.710,True,-0.040850,1.184669,-0.079370,0.028799,0.040474,0.026273,-0.998420,True,0.023476,1.178725,-0.077304,0.029272,0.056458,0.024492,-0.997675
5.721,True,-0.040779,1.184694,-0.079400,0.028642,0.027792,0.027828,-0.998816,True,0.023546,1.178729,-0.077348,0.029090,0.043777,0.026049,-0.998278
5.732,True,-0.040712,1.184747,-0.079422,0.032639,0.005120,0.030663,-0.998984,True,0.025131,1.176180,-0.077902,0.033047,0.021065,0.028894,-0.998814
5.743,True,-0.040664,1.184778,-0.079407,0.030577,0.006318,0.030570,-0.999045,True,0.025177,1.176190,-0.077907,0.030986,0.022260,0.028800,-0.998857
5.754,True,-0.040600,1.184803,-0.079431,0.029035,0.007044,0.030490,-0.999089,True,0.025239,1.176203,-0.077942,0.029444,0.022982,0.028719,-0.998889
5.765,True,-0.040528,1.184839,-0.079455,0.027547,0.006054,0.030777,-0.999128,True,0.025307,1.176205,-0.077976,0.027955,0.021982,0.029005,-0.998947
5.776,True,-0.040478,1.184870,-0.079462,0.026371,0.005343,0.030952,-0.999159,True,0.025355,1.176215,-0.077992,0.026778,0.021264,0.029181,-0.998989
5.787,True,-0.040436,1.184889,-0.079452,0.028252,-0.003512,0.032153,-0.999077,True,0.025395,1.176215,-0.078001,0.028645,0.012376,0.030388,-0.999051
5.798,True,-0.040382,1.184917,-0.079454,0.026431,0.004580,0.031340,-0.999149,True,0.025446,1.176219,-0.078015,0.026841,0.020498,0.029569,-0.998992
5.810,True,-0.040332,1.184920,-0.079446,0.026461,0.003930,0.031502,-0.999146,True,0.025494,1.176208,-0.078019,0.026872,0.019846,0.029730,-0.999000
5.821,True,-0.040287,1.184930,-0.079451,0.027056,0.004208,0.031600,-0.999126,True,0.025537,1.176203,-0.078033,0.027471,0.020128,0.029828,-0.998975
5.832,True,-0.040264,1.184945,-0.079451,0.027635,0.004276,0.031743,-0.999105,True,0.025559,1.176201,-0.078045,0.028053,0.020200,0.029973,-0.998953
5.843,True,-0.040252,1.184938,-0.079443,0.028512,0.002446,0.031984,-0.999079,True,0.025571,1.176193,-0.078047,0.028928,0.018366,0.030216,-0.998956
5.854,True,-0.040236,1.184930,-0.079440,0.028944,0.001808,0.032102,-0.999064,True,0.025586,1.176178,-0.078060,0.029360,0.017728,0.030334,-0.998951
5.865,True,-0.040226,1.184933,-0.079438,0.028250,0.000993,0.032153,-0.999083,True,0.025597,1.176180,-0.078082,0.028663,0.016908,0.030387,-0.998984
5.876,True,-0.040246,1.184900,-0.079431,0.028852,0.001073,0.032001,-0.999071,True,0.025579,1.176168,-0.078086,0.029265,0.016992,0.030236,-0.998970
5.888,True,-0.040254,1.184874,-0.079437,0.029280,0.001056,0.031984,-0.999059,True,0.025572,1.176147,-0.078094,0.029692,0.016976,0.030219,-0.998958
5.898,True,-0.040267,1.184854,-0.079436,0.029619,0.000932,0.031868,-0.999053,True,0.025562,1.176146,-0.078105,0.030030,0.016855,0.030105,-0.998953
5.910,True,-0.040294,1.184827,-0.079439,0.029726,0.001133,0.031691,-0.999055,True,0.025538,1.176140,-0.078106,0.030135,0.017058,0.029930,-0.998952
5.921,True,-0.040327,1.184802,-0.079450,0.029604,0.001273,0.031563,-0.999063,True,0.025507,1.176130,-0.078112,0.030011,0.017197,0.029802,-0.998957
5.932,True,-0.040348,1.184788,-0.079474,0.029953,0.001297,0.031504,-0.999054,True,0.025486,1.176127,-0.078123,0.030360,0.017223,0.029744,-0.998948
5.943,True,-0.040383,1.184764,-0.079488,0.029897,0.001242,0.031375,-0.999060,True,0.025454,1.176122,-0.078128,0.030301,0.017167,0.029615,-0.998955
5.954,True,-0.040422,1.184766,-0.079513,0.029717,0.001185,0.031399,-0.999064,True,0.025414,1.176124,-0.078139,0.030121,0.017109,0.029640,-0.998960
5.965,True,-0.040465,1.184759,-0.079543,0.029545,0.001129,0.031318,-0.999072,True,0.025373,1.176129,-0.078156,0.029948,0.017051,0.029559,-0.998969
5.976,True,-0.040501,1.184763,-0.079563,0.029480,0.001312,0.031305,-0.999074,True,0.025336,1.176135,-0.078148,0.029881,0.017233,0.029545,-0.998968
5.987,True,-0.040563,1.184771,-0.079567,0.029312,0.001395,0.031237,-0.999081,True,0.025275,1.176151,-0.078138,0.029713,0.017316,0.029477,-0.998974
5.998,True,-0.040597,1.184803,-0.079608,0.029239,0.001403,0.031206,-0.999084,True,0.025241,1.176190,-0.078154,0.029639,0.017322,0.029444,-0.998977
6.010,True,-0.040637,1.184825,-0.079610,0.029698,0.001132,0.031327,-0.999067,True,0.025200,1.176204,-0.078143,0.030098,0.017050,0.029563,-0.998964
6.021,True,-0.040693,1.184856,-0.079623,0.029856,0.001073,0.031383,-0.999061,True,0.025143,1.176231,-0.078135,0.030256,0.016990,0.029616,-0.998959
6.032,True,-0.040726,1.184905,-0.079637,0.030066,0.000689,0.031541,-0.999050,True,0.025108,1.176268,-0.078134,0.030467,0.016604,0.029773,-0.998954
6.043,True,-0.040754,1.184944,-0.079657,0.030185,0.000591,0.031613,-0.999044,True,0.025079,1.176300,-0.078142,0.030587,0.016504,0.029843,-0.998950
6.054,True,-0.040766,1.184945,-0.079642,0.030335,0.000447,0.031643,-0.999039,True,0.025067,1.176302,-0.078115,0.030736,0.016359,0.029871,-0.998947
6.066,True,-0.040789,1.184949,-0.079646,0.030379,0.000134,0.031664,-0.999037,True,0.025044,1.176307,-0.078122,0.030780,0.016044,0.029891,-0.998950
6.077,True,-0.040804,1.184959,-0.079657,0.030433,0.000021,0.031589,-0.999038,True,0.025030,1.176330,-0.078124,0.030832,0.015931,0.029816,-0.998953
6.088,True,-0.040826,1.184960,-0.079653,0.030528,-0.000180,0.031638,-0.999033,True,0.025008,1.176327,-0.078127,0.030927,0.015730,0.029864,-0.998952
6.099,True,-0.040850,1.184981,-0.079648,0.030547,-0.000765,0.031699,-0.999030,True,0.024985,1.176347,-0.078130,0.030945,0.015141,0.029924,-0.998958
6.110,True,-0.040870,1.185013,-0.079654,0.030470,-0.000734,0.031696,-0.999033,True,0.024964,1.176379,-0.078131,0.030868,0.015172,0.029920,-0.998960
6.121,True,-0.040900,1.184982,-0.079630,0.030344,-0.001038,0.031606,-0.999039,True,0.024936,1.176362,-0.078120,0.030740,0.014866,0.029830,-0.998972
6.132,True,-0.040915,1.184911,-0.079619,0.030123,-0.001355,0.031377,-0.999053,True,0.024925,1.176325,-0.078105,0.030512,0.014547,0.029601,-0.998990
6.143,True,-0.040947,1.184820,-0.079598,0.029902,-0.001436,0.031087,-0.999068,True,0.024899,1.176273,-0.078078,0.030287,0.014464,0.029312,-0.999007
6.154,True,-0.040959,1.184801,-0.079579,0.029809,-0.001433,0.030963,-0.999075,True,0.024888,1.176273,-0.078047,0.030192,0.014467,0.029190,-0.999013
6.165,True,-0.040968,1.184816,-0.079554,0.030142,-0.001446,0.031220,-0.999057,True,0.024876,1.176257,-0.078015,0.030529,0.014455,0.029448,-0.998996
6.177,True,-0.040973,1.184860,-0.079534,0.029946,-0.001555,0.031649,-0.999049,True,0.024863,1.176247,-0.077979,0.030339,0.014345,0.029880,-0.998990
6.188,True,-0.040987,1.184900,-0.079506,0.029528,-0.001643,0.032139,-0.999046,True,0.024840,1.176222,-0.077953,0.029928,0.014256,0.030372,-0.998989
6.199,True,-0.040993,1.184925,-0.079469,0.029568,-0.001752,0.032560,-0.999031,True,0.024827,1.176193,-0.077928,0.029975,0.014149,0.030798,-0.998976
6.210,True,-0.041001,1.184909,-0.079433,0.029262,-0.001979,0.032704,-0.999035,True,0.024817,1.176158,-0.077908,0.029671,0.013920,0.030945,-0.998984
6.221,True,-0.040906,1.185115,-0.079259,0.029714,-0.001866,0.032506,-0.999028,True,0.024802,1.176130,-0.077887,0.030121,0.014038,0.030749,-0.998975
6.232,True,-0.040949,1.185059,-0.079208,0.029483,-0.002013,0.032056,-0.999049,True,0.024768,1.176131,-0.077863,0.029883,0.013892,0.030304,-0.998997
6.243,True,-0.040983,1.184980,-0.079199,0.029313,-0.002031,0.031754,-0.999064,True,0.024739,1.176093,-0.077849,0.029708,0.013874,0.030005,-0.999012
6.254,True,-0.041036,1.184896,-0.079185,0.029076,-0.002082,0.031547,-0.999077,True,0.024690,1.176036,-0.077841,0.029468,0.013824,0.029802,-0.999026
6.265,True,-0.041074,1.184824,-0.079165,0.028767,-0.002020,0.031438,-0.999090,True,0.024653,1.175974,-0.077837,0.029157,0.013886,0.029696,-0.999037
6.277,True,-0.041098,1.184778,-0.079151,0.028658,-0.001929,0.031462,-0.999092,True,0.024629,1.175923,-0.077830,0.029048,0.013978,0.029722,-0.999038
6.288,True,-0.041142,1.184717,-0.079130,0.028844,0.004605,0.030678,-0.999102,True,0.024586,1.175868,-0.077831,0.029249,0.020543,0.028934,-0.998942
6.299,True,-0.041187,1.184661,-0.079125,0.028064,0.020200,0.028677,-0.998991,True,0.024545,1.175843,-0.077837,0.028498,0.036181,0.026921,-0.998576
6.310,True,-0.041223,1.184611,-0.079138,0.027476,0.031413,0.027249,-0.998757,True,0.024512,1.175816,-0.077839,0.027932,0.047403,0.025488,-0.998160
6.321,True,-0.041298,1.184569,-0.079122,0.030056,0.035507,0.026708,-0.998560,True,0.024441,1.175802,-0.077810,0.030518,0.051506,0.024945,-0.997895
6.332,True,-0.041371,1.184536,-0.079162,0.028698,0.037780,0.026252,-0.998529,True,0.024371,1.175792,-0.077814,0.029162,0.053772,0.024488,-0.997827
6.343,True,-0.041435,1.184537,-0.079175,0.029507,0.039147,0.026183,-0.998455,True,0.024306,1.175791,-0.077805,0.029973,0.055141,0.024419,-0.997730
6.354,True,-0.041490,1.184558,-0.079210,0.029576,0.035894,0.026600,-0.998564,True,0.024250,1.175810,-0.077804,0.030036,0.051891,0.024837,-0.997892
6.365,True,-0.041546,1.184582,-0.079234,0.029615,0.037650,0.026540,-0.998499,True,0.024191,1.175818,-0.077815,0.030081,0.053646,0.024777,-0.997799
6.377,True,-0.041589,1.184567,-0.079265,0.030238,0.037723,0.026638,-0.998475,True,0.024147,1.175796,-0.077821,0.030705,0.053721,0.024874,-0.997774
6.388,True,-0.041626,1.184558,-0.079282,0.032226,0.036108,0.026942,-0.998465,True,0.024109,1.175785,-0.077821,0.032690,0.052115,0.025177,-0.997788
6.399,True,-0.041650,1.184552,-0.079300,0.032776,0.035451,0.026900,-0.998472,True,0.024087,1.175798,-0.077835,0.033237,0.051460,0.025135,-0.997805
6.410,True,-0.041690,1.184535,-0.079323,0.032419,0.039018,0.026344,-0.998365,True,0.024049,1.175799,-0.077850,0.032884,0.055023,0.024577,-0.997641
6.421,True,-0.041700,1.184538,-0.079341,0.035422,0.035350,0.027123,-0.998379,True,0.024035,1.175777,-0.077833,0.035885,0.051368,0.025357,-0.997713
6.432,True,-0.041728,1.184564,-0.079343,0.036841,0.039534,0.027025,-0.998173,True,0.024002,1.175764,-0.077834,0.037316,0.055555,0.025259,-0.997438
6.443,True,-0.041725,1.184579,-0.079345,0.037431,0.040709,0.027099,-0.998102,True,0.024002,1.175756,-0.077832,0.037911,0.056730,0.025331,-0.997348
6.454,True,-0.041715,1.184598,-0.079346,0.036455,0.040590,0.027146,-0.998142,True,0.024011,1.175762,-0.077842,0.036936,0.056607,0.025377,-0.997390
6.466,True,-0.041692,1.184620,-0.079340,0.036751,0.039903,0.027011,-0.998162,True,0.024037,1.175811,-0.077849,0.037227,0.055921,0.025240,-0.997422
6.477,True,-0.041694,1.184649,-0.079318,0.037996,0.041263,0.026703,-0.998069,True,0.024038,1.175863,-0.077841,0.038473,0.057283,0.024927,-0.997305
6.488,True,-0.041676,1.184696,-0.079301,0.039118,0.042599,0.026347,-0.997978,True,0.024062,1.175942,-0.077825,0.039592,0.058621,0.024567,-0.997192
6.499,True,-0.041630,1.184768,-0.079297,0.040459,0.044344,0.026251,-0.997852,True,0.024107,1.176005,-0.077829,0.040938,0.060367,0.024467,-0.997036
6.510,True,-0.041598,1.184797,-0.079285,0.040824,0.043783,0.026319,-0.997860,True,0.024138,1.176031,-0.077833,0.041301,0.059807,0.024532,-0.997053
6.521,True,-0.041537,1.184837,-0.079276,0.042914,0.045920,0.026224,-0.997678,True,0.024198,1.176061,-0.077837,0.043396,0.061946,0.024435,-0.996836
6.532,True,-0.041474,1.184833,-0.079264,0.043175,0.046004,0.026370,-0.997659,True,0.024258,1.176033,-0.077855,0.043660,0.062030,0.024579,-0.996816
6.543,True,-0.041436,1.184831,-0.079237,0.043264,0.046370,0.026470,-0.997636,True,0.024294,1.176010,-0.077842,0.043751,0.062396,0.024679,-0.996787
6.554,True,-0.041378,1.184835,-0.079224,0.043302,0.046641,0.026571,-0.997619,True,0.024350,1.175994,-0.077853,0.043793,0.062667,0.024780,-0.996765
6.565,True,-0.041315,1.184837,-0.079223,0.044147,0.047425,0.026658,-0.997543,True,0.024410,1.175974,-0.077864,0.044641,0.063451,0.024866,-0.996676
6.576,True,-0.041252,1.184851,-0.079200,0.044710,0.048075,0.026778,-0.997483,True,0.024470,1.175964,-0.077855,0.045208,0.064101,0.024986,-0.996606
6.587,True,-0.041197,1.184886,-0.079191,0.045001,0.048600,0.026882,-0.997442,True,0.024522,1.175977,-0.077857,0.045502,0.064625,0.025089,-0.996556
6.598,True,-0.041146,1.184922,-0.079169,0.045488,0.049008,0.026977,-0.997397,True,0.024571,1.175994,-0.077852,0.045992,0.065033,0.025182,-0.996505
6.610,True,-0.041086,1.184978,-0.079138,0.045666,0.049077,0.027282,-0.997378,True,0.024626,1.176007,-0.077833,0.046175,0.065102,0.025486,-0.996484
6.621,True,-0.041041,1.184986,-0.079123,0.045029,0.048466,0.027355,-0.997434,True,0.024670,1.176009,-0.077827,0.045538,0.064490,0.025559,-0.996551
6.632,True,-0.040990,1.185010,-0.079112,0.045024,0.047886,0.027543,-0.997457,True,0.024718,1.176013,-0.077833,0.045534,0.063911,0.025746,-0.996584
6.643,True,-0.040958,1.185013,-0.079089,0.045698,0.049089,0.027481,-0.997370,True,0.024750,1.176007,-0.077832,0.046211,0.065113,0.025684,-0.996476
6.654,True,-0.040927,1.185008,-0.079071,0.042997,0.046214,0.027712,-0.997621,True,0.024781,1.175996,-0.077837,0.043508,0.062236,0.025918,-0.996776
6.665,True,-0.040890,1.184984,-0.079069,0.044060,0.047210,0.027622,-0.997531,True,0.024818,1.175972,-0.077864,0.044571,0.063233,0.025828,-0.996668
6.676,True,-0.040858,1.184954,-0.079061,0.043337,0.046386,0.027622,-0.997601,True,0.024851,1.175949,-0.077870,0.043847,0.062410,0.025831,-0.996752
6.687,True,-0.040844,1.184919,-0.079056,0.039621,0.030285,0.029207,-0.998329,True,0.024866,1.175923,-0.077884,0.040104,0.046314,0.027424,-0.997745
6.698,True,-0.040853,1.184871,-0.079058,0.039236,0.025741,0.029500,-0.998463,True,0.024861,1.175900,-0.077899,0.039709,0.041767,0.027721,-0.997953
6.710,True,-0.040863,1.184828,-0.079063,0.039708,0.032059,0.028664,-0.998286,True,0.024854,1.175876,-0.077906,0.040189,0.048089,0.026883,-0.997672
6.721,True,-0.040896,1.184801,-0.079071,0.040324,0.016336,0.030313,-0.998593,True,0.024824,1.175867,-0.077914,0.040777,0.032352,0.028539,-0.998237
6.732,True,-0.040912,1.184764,-0.079104,0.038910,0.018541,0.029849,-0.998625,True,0.024810,1.175853,-0.077932,0.039363,0.034555,0.028073,-0.998233
6.743,True,-0.040959,1.184762,-0.079096,0.038859,0.014379,0.030130,-0.998687,True,0.024766,1.175876,-0.077916,0.039302,0.030385,0.028358,-0.998363
6.754,True,-0.041001,1.184744,-0.079108,0.039187,0.012317,0.030285,-0.998697,True,0.024726,1.175872,-0.077917,0.039625,0.028318,0.028515,-0.998406
6.765,True,-0.041030,1.184727,-0.079142,0.038962,0.012227,0.030206,-0.998709,True,0.024699,1.175870,-0.077919,0.039397,0.028226,0.028436,-0.998420
6.776,True,-0.041062,1.184722,-0.079144,0.039945,0.010298,0.030470,-0.998684,True,0.024666,1.175865,-0.077922,0.040379,0.026295,0.028701,-0.998426
6.788,True,-0.041096,1.184745,-0.079151,0.039825,0.008505,0.030643,-0.998701,True,0.024633,1.175895,-0.077901,0.040255,0.024496,0.028878,-0.998472
6.799,True,-0.041103,1.184724,-0.079178,0.040340,0.009143,0.030594,-0.998676,True,0.024626,1.175876,-0.077917,0.040771,0.025137,0.028827,-0.998436
6.810,True,-0.041117,1.184726,-0.079199,0.039969,0.004669,0.031066,-0.998707,True,0.024612,1.175882,-0.077923,0.040392,0.020645,0.029304,-0.998541
6.821,True,-0.041124,1.184708,-0.079230,0.040684,0.008159,0.030706,-0.998667,True,0.024605,1.175866,-0.077933,0.041114,0.024149,0.028938,-0.998443
6.832,True,-0.041130,1.184733,-0.079247,0.039874,0.007615,0.030828,-0.998700,True,0.024597,1.175881,-0.077937,0.040303,0.023601,0.029063,-0.998486
6.843,True,-0.041126,1.184756,-0.079269,0.040090,0.007272,0.030974,-0.998689,True,0.024600,1.175893,-0.077943,0.040520,0.023257,0.029209,-0.998481
6.854,True,-0.041113,1.184775,-0.079288,0.040417,0.006875,0.031140,-0.998674,True,0.024611,1.175899,-0.077950,0.040849,0.022858,0.029374,-0.998472
6.865,True,-0.041098,1.184807,-0.079296,0.040481,0.005601,0.031352,-0.998673,True,0.024625,1.175922,-0.077960,0.040911,0.021580,0.029587,-0.998492
6.876,True,-0.041062,1.184833,-0.079310,0.040488,0.005999,0.031405,-0.998668,True,0.024659,1.175934,-0.077973,0.040921,0.021979,0.029638,-0.998481
6.887,True,-0.041025,1.184866,-0.079320,0.040784,0.005322,0.031625,-0.998653,True,0.024693,1.175948,-0.077988,0.041218,0.021300,0.029856,-0.998477
6.898,True,-0.041009,1.184892,-0.079320,0.040948,0.005005,0.031692,-0.998646,True,0.024709,1.175970,-0.077994,0.041382,0.020982,0.029922,-0.998475
6.910,True,-0.040944,1.184924,-0.079317,0.041224,0.004631,0.031818,-0.998632,True,0.024772,1.175990,-0.078003,0.041660,0.020607,0.030045,-0.998467
6.921,True,-0.040871,1.184983,-0.079292,0.041459,0.004263,0.031842,-0.998624,True,0.024845,1.176047,-0.078006,0.041893,0.020238,0.030066,-0.998465
6.932,True,-0.040817,1.185009,-0.079289,0.040969,0.003682,0.031870,-0.998645,True,0.024900,1.176072,-0.078013,0.041401,0.019652,0.030091,-0.998496
6.943,True,-0.040768,1.185051,-0.079269,0.041043,0.003543,0.031991,-0.998639,True,0.024947,1.176098,-0.078008,0.041478,0.019513,0.030212,-0.998492
6.954,True,-0.040718,1.185077,-0.079232,0.041023,0.003276,0.032073,-0.998638,True,0.024996,1.176112,-0.078004,0.041459,0.019246,0.030295,-0.998495
6.965,True,-0.040661,1.185034,-0.079221,0.041275,0.003237,0.032028,-0.998629,True,0.025054,1.176075,-0.078002,0.041710,0.019208,0.030249,-0.998487
6.977,True,-0.040614,1.184933,-0.079196,0.041183,0.002667,0.031929,-0.998638,True,0.025104,1.175992,-0.078001,0.041614,0.018636,0.030151,-0.998505
6.988,True,-0.040575,1.183744,-0.079551,0.041260,0.003041,0.031767,-0.998639,True,0.025151,1.175966,-0.077994,0.041691,0.019014,0.029990,-0.998499
6.999,True,-0.040524,1.183729,-0.079526,0.041404,0.003210,0.031788,-0.998632,True,0.025202,1.175945,-0.077977,0.041836,0.019184,0.030013,-0.998489
7.010,True,-0.040480,1.183730,-0.079507,0.041395,0.002987,0.031951,-0.998627,True,0.025243,1.175928,-0.077958,0.041830,0.018960,0.030175,-0.998489
7.021,True,-0.040457,1.183837,-0.079463,0.041480,0.003201,0.032514,-0.998605,True,0.025257,1.175959,-0.077909,0.041924,0.019176,0.030741,-0.998464
7.032,True,-0.040415,1.183917,-0.079415,0.041561,0.002965,0.033023,-0.998586,True,0.025292,1.175973,-0.077877,0.042013,0.018939,0.031250,-0.998449
7.043,True,-0.040378,1.183988,-0.079392,0.041648,0.002738,0.033370,-0.998571,True,0.025324,1.176000,-0.077872,0.042105,0.018713,0.031598,-0.998438
7.054,True,-0.040327,1.184000,-0.079368,0.042033,0.002610,0.033505,-0.998551,True,0.025373,1.175996,-0.077859,0.042492,0.018585,0.031731,-0.998420
7.065,True,-0.040297,1.184013,-0.079318,0.042370,0.002336,0.033419,-0.998540,True,0.025405,1.176022,-0.077838,0.042828,0.018313,0.031647,-0.998413
7.077,True,-0.040275,1.183989,-0.079295,0.042430,0.002155,0.033228,-0.998545,True,0.025431,1.176023,-0.077836,0.042885,0.018132,0.031456,-0.998420
7.088,True,-0.040232,1.183992,-0.079267,0.042322,0.002053,0.033160,-0.998552,True,0.025475,1.176036,-0.077814,0.042775,0.018030,0.031391,-0.998429
7.099,True,-0.040210,1.183946,-0.079261,0.042279,0.001916,0.033158,-0.998554,True,0.025497,1.175990,-0.077825,0.042732,0.017893,0.031389,-0.998433
7.110,True,-0.040196,1.183897,-0.079239,0.041510,0.001730,0.033159,-0.998586,True,0.025512,1.175936,-0.077834,0.041963,0.017706,0.031394,-0.998469
7.121,True,-0.040167,1.183834,-0.079221,0.041184,0.001468,0.033168,-0.998600,True,0.025541,1.175870,-0.077844,0.041636,0.017444,0.031406,-0.998487
7.132,True,-0.040159,1.183772,-0.079209,0.041097,0.001227,0.033052,-0.998608,True,0.025551,1.175823,-0.077853,0.041547,0.017202,0.031290,-0.998498
7.143,True,-0.040155,1.183728,-0.079216,0.040879,0.001060,0.032974,-0.998619,True,0.025556,1.175790,-0.077865,0.041327,0.017034,0.031213,-0.998513
7.154,True,-0.040181,1.183687,-0.079206,0.040484,0.000793,0.032798,-0.998641,True,0.025533,1.175774,-0.077856,0.040927,0.016764,0.031036,-0.998539
7.165,True,-0.040210,1.183668,-0.079209,0.040314,0.000846,0.032661,-0.998653,True,0.025506,1.175774,-0.077842,0.040755,0.016816,0.030898,-0.998550
7.177,True,-0.040227,1.183668,-0.079231,0.039993,0.000810,0.032588,-0.998668,True,0.025490,1.175785,-0.077838,0.040431,0.016777,0.030824,-0.998566
7.188,True,-0.040276,1.183683,-0.079250,0.039700,0.000883,0.032491,-0.998683,True,0.025443,1.175815,-0.077822,0.040137,0.016848,0.030727,-0.998580
7.199,True,-0.040316,1.183712,-0.079262,0.039552,0.000977,0.032579,-0.998686,True,0.025401,1.175835,-0.077810,0.039990,0.016942,0.030816,-0.998581
7.210,True,-0.040323,1.183742,-0.079292,0.039464,0.001140,0.032514,-0.998691,True,0.025394,1.175875,-0.077812,0.039901,0.017105,0.030751,-0.998584
7.221,True,-0.040330,1.183715,-0.079318,0.039399,0.001272,0.032516,-0.998694,True,0.025387,1.175848,-0.077817,0.039835,0.017236,0.030753,-0.998584
7.232,True,-0.040371,1.183677,-0.079341,0.039375,0.001522,0.032470,-0.998696,True,0.025346,1.175818,-0.077805,0.039811,0.017486,0.030708,-0.998582
7.243,True,-0.040362,1.183639,-0.079398,0.039481,0.001672,0.032238,-0.998699,True,0.025359,1.175813,-0.077833,0.039914,0.017637,0.030477,-0.998583
7.254,True,-0.040377,1.183656,-0.079438,0.039631,0.002011,0.032221,-0.998693,True,0.025343,1.175833,-0.077841,0.040064,0.017976,0.030460,-0.998571
7.266,True,-0.040400,1.183663,-0.079466,0.039671,0.002433,0.032288,-0.998688,True,0.025318,1.175831,-0.077834,0.040106,0.018400,0.030527,-0.998560
7.276,True,-0.040411,1.183682,-0.079499,0.039647,0.002621,0.032603,-0.998678,True,0.025301,1.175811,-0.077837,0.040087,0.018587,0.030843,-0.998547
7.288,True,-0.040430,1.183710,-0.079504,0.039655,0.002560,0.032914,-0.998668,True,0.025278,1.175800,-0.077835,0.040100,0.018526,0.031156,-0.998538
7.298,True,-0.040421,1.183727,-0.079517,0.039740,0.002535,0.032974,-0.998663,True,0.025286,1.175810,-0.077842,0.040186,0.018500,0.031214,-0.998533
7.310,True,-0.040403,1.183757,-0.079516,0.040018,0.002039,0.032945,-0.998654,True,0.025305,1.175854,-0.077837,0.040462,0.018003,0.031185,-0.998532
7.321,True,-0.040400,1.183771,-0.079504,0.039963,0.002168,0.032660,-0.998665,True,0.025312,1.175902,-0.077829,0.040403,0.018133,0.030899,-0.998541
7.332,True,-0.040381,1.183774,-0.079508,0.040138,0.002101,0.032392,-0.998667,True,0.025336,1.175944,-0.077821,0.040573,0.018065,0.030630,-0.998544
7.343,True,-0.040360,1.183790,-0.079493,0.040352,0.001971,0.032325,-0.998661,True,0.025358,1.175972,-0.077804,0.040786,0.017935,0.030564,-0.998539
7.354,True,-0.040337,1.183793,-0.079473,0.040620,0.002063,0.032256,-0.998652,True,0.025382,1.175983,-0.077796,0.041053,0.018029,0.030493,-0.998529
7.365,True,-0.040308,1.183779,-0.079459,0.040654,0.001924,0.032294,-0.998649,True,0.025411,1.175965,-0.077791,0.041088,0.017889,0.030533,-0.998529
7.377,True,-0.040273,1.183743,-0.079449,0.040619,0.001691,0.032327,-0.998650,True,0.025447,1.175927,-0.077794,0.041053,0.017657,0.030567,-0.998533
7.388,True,-0.040237,1.183710,-0.079428,0.040464,0.001540,0.032322,-0.998657,True,0.025482,1.175893,-0.077793,0.040897,0.017506,0.030566,-0.998542
7.399,True,-0.040202,1.183673,-0.079406,0.040293,0.001505,0.032384,-0.998662,True,0.025516,1.175847,-0.077777,0.040727,0.017471,0.030629,-0.998548
7.410,True,-0.040156,1.183631,-0.079386,0.040155,0.001396,0.032454,-0.998665,True,0.025562,1.175795,-0.077771,0.040590,0.017362,0.030701,-0.998553
7.421,True,-0.040107,1.183638,-0.079356,0.039922,0.001243,0.032646,-0.998669,True,0.025608,1.175777,-0.077747,0.040360,0.017209,0.030895,-0.998559
7.432,True,-0.040086,1.183641,-0.079325,0.039874,0.001048,0.032769,-0.998667,True,0.025628,1.175765,-0.077720,0.040314,0.017013,0.031018,-0.998561
7.443,True,-0.040046,1.183653,-0.079278,0.039887,0.000802,0.032978,-0.998660,True,0.025664,1.175752,-0.077685,0.040329,0.016767,0.031230,-0.998558
7.454,True,-0.040008,1.183652,-0.079242,0.039849,0.000504,0.033107,-0.998657,True,0.025701,1.175737,-0.077661,0.040292,0.016467,0.031359,-0.998560
7.465,True,-0.039982,1.183641,-0.079205,0.039754,0.000198,0.033236,-0.998657,True,0.025726,1.175712,-0.077635,0.040199,0.016161,0.031491,-0.998565
7.476,True,-0.039946,1.183628,-0.079160,0.039584,-0.000065,0.033413,-0.998658,True,0.025759,1.175677,-0.077602,0.040031,0.015897,0.031670,-0.998570
7.488,True,-0.039922,1.183624,-0.079105,0.039403,-0.000429,0.033644,-0.998657,True,0.025780,1.175643,-0.077575,0.039853,0.015533,0.031903,-0.998575
7.498,True,-0.039899,1.183610,-0.079057,0.039185,-0.000897,0.033661,-0.998664,True,0.025804,1.175629,-0.077552,0.039634,0.015063,0.031921,-0.998591
7.510,True,-0.039862,1.183585,-0.079019,0.038920,-0.001198,0.033666,-0.998674,True,0.025841,1.175605,-0.077529,0.039367,0.014760,0.031928,-0.998606
7.521,True,-0.039845,1.183563,-0.078963,0.038522,-0.001327,0.033671,-0.998690,True,0.025858,1.175578,-0.077501,0.038969,0.014631,0.031935,-0.998623
7.532,True,-0.039833,1.183510,-0.078926,0.038310,-0.001296,0.033583,-0.998701,True,0.025871,1.175532,-0.077489,0.038756,0.014662,0.031848,-0.998633
7.543,True,-0.039842,1.183466,-0.078911,0.037866,-0.001547,0.033606,-0.998716,True,0.025863,1.175483,-0.077493,0.038312,0.014410,0.031874,-0.998653
7.554,True,-0.039829,1.183423,-0.078892,0.037483,-0.001539,0.033530,-0.998733,True,0.025877,1.175446,-0.077488,0.037927,0.014419,0.031801,-0.998670
7.565,True,-0.039827,1.183386,-0.078859,0.037219,-0.001515,0.033464,-0.998746,True,0.025880,1.175415,-0.077473,0.037663,0.014443,0.031737,-0.998682
7.577,True,-0.039832,1.183320,-0.078840,0.037185,-0.001482,0.033356,-0.998751,True,0.025876,1.175360,-0.077469,0.037627,0.014476,0.031628,-0.998686
7.587,True,-0.039849,1.183313,-0.078831,0.036839,-0.001237,0.033312,-0.998765,True,0.025859,1.175354,-0.077458,0.037281,0.014722,0.031586,-0.998697
7.599,True,-0.039872,1.183310,-0.078803,0.036662,-0.001193,0.033284,-0.998773,True,0.025836,1.175353,-0.077433,0.037104,0.014765,0.031558,-0.998704
7.610,True,-0.039907,1.183297,-0.078775,0.036413,-0.001284,0.033220,-0.998784,True,0.025803,1.175347,-0.077413,0.036853,0.014674,0.031494,-0.998717
7.621,True,-0.039937,1.183297,-0.078778,0.036402,-0.001159,0.033096,-0.998788,True,0.025774,1.175363,-0.077402,0.036840,0.014798,0.031368,-0.998719
7.632,True,-0.039999,1.183300,-0.078759,0.036300,-0.001107,0.032974,-0.998796,True,0.025714,1.175382,-0.077375,0.036736,0.014850,0.031246,-0.998726
7.643,True,-0.040044,1.183294,-0.078768,0.036164,-0.000962,0.032855,-0.998805,True,0.025670,1.175392,-0.077364,0.036598,0.014995,0.031128,-0.998733
7.654,True,-0.040092,1.183292,-0.078766,0.035962,-0.000826,0.032795,-0.998815,True,0.025623,1.175398,-0.077344,0.036395,0.015129,0.031068,-0.998740
7.665,True,-0.040165,1.183301,-0.078752,0.035805,-0.000668,0.032745,-0.998822,True,0.025550,1.175413,-0.077313,0.036237,0.015287,0.031019,-0.998745
7.676,True,-0.040208,1.183299,-0.078747,0.035633,-0.000270,0.032647,-0.998832,True,0.025508,1.175418,-0.077297,0.036065,0.015687,0.030921,-0.998748
7.687,True,-0.040259,1.183310,-0.078745,0.035611,0.000368,0.032565,-0.998835,True,0.025458,1.175434,-0.077277,0.036044,0.016327,0.030838,-0.998741
7.698,True,-0.040307,1.183312,-0.078750,0.035375,0.001108,0.032497,-0.998845,True,0.025409,1.175436,-0.077258,0.035808,0.017068,0.030770,-0.998739
7.710,True,-0.040363,1.183326,-0.078743,0.034627,0.002419,0.032352,-0.998874,True,0.025353,1.175449,-0.077237,0.035062,0.018382,0.030626,-0.998747
7.721,True,-0.040423,1.183324,-0.078763,0.034138,0.003308,0.032423,-0.998886,True,0.025290,1.175424,-0.077240,0.034576,0.019272,0.030695,-0.998745
7.732,True,-0.040472,1.183341,-0.078753,0.033827,0.003920,0.032466,-0.998893,True,0.025239,1.175426,-0.077225,0.034268,0.019885,0.030739,-0.998742
7.743,True,-0.040485,1.183323,-0.078740,0.033543,0.004781,0.032431,-0.998900,True,0.025224,1.175400,-0.077209,0.033986,0.020749,0.030704,-0.998735
7.754,True,-0.040521,1.183306,-0.078740,0.033118,0.005974,0.032237,-0.998914,True,0.025189,1.175388,-0.077209,0.033561,0.021945,0.030509,-0.998730
7.765,True,-0.040553,1.183311,-0.078738,0.032951,0.006444,0.032133,-0.998920,True,0.025157,1.175399,-0.077208,0.033395,0.022416,0.030404,-0.998728
7.776,True,-0.040586,1.183317,-0.078735,0.032619,0.007170,0.032045,-0.998928,True,0.025125,1.175403,-0.077214,0.033064,0.023143,0.030315,-0.998725
7.787,True,-0.040628,1.183336,-0.078728,0.032504,0.007535,0.032085,-0.998928,True,0.025082,1.175409,-0.077215,0.032951,0.023509,0.030354,-0.998719
7.799,True,-0.040661,1.183320,-0.078731,0.032508,0.007840,0.031997,-0.998928,True,0.025049,1.175398,-0.077229,0.032955,0.023814,0.030263,-0.998715
7.810,True,-0.040666,1.183223,-0.078707,0.032436,0.007877,0.031704,-0.998940,True,0.025049,1.175335,-0.077230,0.032878,0.023852,0.029970,-0.998725
7.821,True,-0.040693,1.183150,-0.078684,0.032171,0.008495,0.031246,-0.998958,True,0.025028,1.175311,-0.077217,0.032608,0.024472,0.029512,-0.998733
7.832,True,-0.040731,1.183110,-0.078685,0.032215,0.008880,0.030971,-0.998962,True,0.024994,1.175302,-0.077223,0.032649,0.024859,0.029236,-0.998730
7.843,True,-0.040763,1.183102,-0.078653,0.032204,0.009143,0.030809,-0.998965,True,0.024963,1.175312,-0.077187,0.032636,0.025122,0.029075,-0.998728
7.854,True,-0.040809,1.183135,-0.078630,0.031960,0.009878,0.030884,-0.998963,True,0.024915,1.175323,-0.077158,0.032397,0.025858,0.029150,-0.998715
7.865,True,-0.040859,1.183203,-0.078626,0.031773,0.010234,0.031089,-0.998959,True,0.024861,1.175360,-0.077146,0.032213,0.026215,0.029356,-0.998706
7.876,True,-0.040913,1.183210,-0.078611,0.031707,0.010483,0.031368,-0.998950,True,0.024802,1.175326,-0.077134,0.032154,0.026465,0.029636,-0.998693
7.888,True,-0.040970,1.183227,-0.078609,0.031457,0.010768,0.031489,-0.998951,True,0.024743,1.175323,-0.077132,0.031906,0.026751,0.029761,-0.998690
7.899,True,-0.041022,1.183196,-0.078620,0.031141,0.011099,0.031298,-0.998963,True,0.024693,1.175311,-0.077150,0.031589,0.027083,0.029573,-0.998696
7.910,True,-0.041088,1.183145,-0.078627,0.030868,0.011384,0.030983,-0.998978,True,0.024632,1.175297,-0.077152,0.031311,0.027369,0.029261,-0.998706
7.921,True,-0.041166,1.183120,-0.078641,0.030631,0.011684,0.030636,-0.998993,True,0.024558,1.175313,-0.077167,0.031070,0.027670,0.028916,-0.998716
7.932,True,-0.041242,1.183091,-0.078677,0.030361,0.012217,0.030423,-0.999001,True,0.024485,1.175306,-0.077190,0.030798,0.028204,0.028705,-0.998715
7.943,True,-0.041271,1.183048,-0.078697,0.030060,0.012627,0.030341,-0.999008,True,0.024456,1.175267,-0.077212,0.030497,0.028614,0.028624,-0.998715
7.954,True,-0.041331,1.182982,-0.078739,0.029895,0.012843,0.030283,-0.999012,True,0.024397,1.175205,-0.077255,0.030332,0.028831,0.028567,-0.998716
7.972,True,-0.041425,1.182921,-0.078778,0.029780,0.012935,0.030237,-0.999015,True,0.024304,1.175146,-0.077309,0.030216,0.028923,0.028522,-0.998718
7.983,True,-0.041451,1.182882,-0.078818,0.029851,0.013138,0.030082,-0.999015,True,0.024279,1.175126,-0.077342,0.030286,0.029126,0.028365,-0.998714
7.994,True,-0.041602,1.184520,-0.078388,0.029894,0.013289,0.029895,-0.999018,True,0.024223,1.175141,-0.077379,0.030326,0.029277,0.028176,-0.998714
8.005,True,-0.041666,1.184527,-0.078450,0.029883,0.013847,0.029673,-0.999017,True,0.024161,1.175170,-0.077420,0.030313,0.029835,0.027952,-0.998704
8.016,True,-0.041713,1.184562,-0.078483,0.029988,0.014031,0.029575,-0.999014,True,0.024116,1.175215,-0.077450,0.030417,0.030019,0.027851,-0.998698
8.027,True,-0.041767,1.184611,-0.078544,0.030073,0.014415,0.029404,-0.999011,True,0.024064,1.175284,-0.077490,0.030500,0.030404,0.027677,-0.998689
8.038,True,-0.041820,1.184676,-0.078619,0.030125,0.014775,0.029410,-0.999004,True,0.024010,1.175346,-0.077540,0.030553,0.030763,0.027682,-0.998676
8.049,True,-0.041866,1.184698,-0.078668,0.029998,0.015033,0.029439,-0.999003,True,0.023962,1.175362,-0.077572,0.030428,0.031022,0.027712,-0.998671
8.061,True,-0.041918,1.184691,-0.078732,0.029941,0.015375,0.029393,-0.999001,True,0.023911,1.175358,-0.077620,0.030371,0.031363,0.027665,-0.998663
8.072,True,-0.041977,1.184697,-0.078794,0.029674,0.015983,0.029236,-0.999004,True,0.023854,1.175377,-0.077667,0.030103,0.031972,0.027507,-0.998657
8.083,True,-0.042029,1.184684,-0.078847,0.029621,0.016275,0.028909,-0.999011,True,0.023807,1.175404,-0.077705,0.030045,0.032264,0.027180,-0.998658
8.094,True,-0.042060,1.184718,-0.078910,0.029595,0.016555,0.028888,-0.999007,True,0.023776,1.175439,-0.077751,0.030020,0.032544,0.027157,-0.998650
8.105,True,-0.042088,1.184760,-0.078988,0.029337,0.017122,0.028902,-0.999005,True,0.023746,1.175474,-0.077793,0.029763,0.033110,0.027171,-0.998639
8.116,True,-0.042113,1.184760,-0.079064,0.029398,0.017289,0.029281,-0.998989,True,0.023714,1.175424,-0.077851,0.029831,0.033277,0.027550,-0.998621
8.127,True,-0.042139,1.184809,-0.079125,0.029163,0.017219,0.029582,-0.998989,True,0.023682,1.175432,-0.077909,0.029600,0.033205,0.027850,-0.998622
8.138,True,-0.042150,1.184870,-0.079179,0.028884,0.017224,0.029762,-0.998991,True,0.023667,1.175468,-0.077961,0.029324,0.033208,0.028027,-0.998625
8.149,True,-0.042117,1.184881,-0.079190,0.029052,0.017270,0.029542,-0.998992,True,0.023705,1.175505,-0.077981,0.029489,0.033254,0.027804,-0.998625
8.161,True,-0.042121,1.184915,-0.079227,0.029178,0.017249,0.029234,-0.998998,True,0.023706,1.175578,-0.078027,0.029610,0.033233,0.027493,-0.998631
8.172,True,-0.042100,1.184923,-0.079260,0.029146,0.017591,0.028901,-0.999003,True,0.023732,1.175624,-0.078058,0.029574,0.033575,0.027157,-0.998629
8.183,True,-0.042070,1.184944,-0.079313,0.028927,0.017718,0.028689,-0.999013,True,0.023766,1.175669,-0.078110,0.029351,0.033701,0.026945,-0.998638
8.194,True,-0.042042,1.184952,-0.079355,0.028654,0.017521,0.028792,-0.999021,True,0.023792,1.175663,-0.078163,0.029079,0.033503,0.027046,-0.998649
8.205,True,-0.042050,1.184940,-0.079366,0.028025,0.017204,0.028633,-0.999049,True,0.023787,1.175666,-0.078218,0.028448,0.033183,0.026888,-0.998682
8.216,True,-0.041997,1.184924,-0.079367,0.027568,0.017136,0.028880,-0.999056,True,0.023835,1.175618,-0.078214,0.027994,0.033113,0.027137,-0.998691
8.227,True,-0.041939,1.184906,-0.079401,0.027336,0.017001,0.028946,-0.999063,True,0.023893,1.175589,-0.078272,0.027763,0.032978,0.027204,-0.998700
8.238,True,-0.041904,1.184908,-0.079425,0.027295,0.016938,0.029054,-0.999062,True,0.023925,1.175578,-0.078292,0.027724,0.032915,0.027313,-0.998700
8.249,True,-0.041857,1.184895,-0.079386,0.027224,0.016911,0.029191,-0.999060,True,0.023970,1.175545,-0.078276,0.027655,0.032888,0.027452,-0.998699
8.260,True,-0.041798,1.184912,-0.079410,0.027139,0.016871,0.029406,-0.999057,True,0.024025,1.175533,-0.078307,0.027573,0.032848,0.027667,-0.998697
8.272,True,-0.041747,1.184916,-0.079403,0.027074,0.016896,0.029507,-0.999055,True,0.024073,1.175521,-0.078317,0.027510,0.032873,0.027769,-0.998695
8.283,True,-0.041694,1.184910,-0.079381,0.026798,0.016727,0.029641,-0.999061,True,0.024124,1.175496,-0.078309,0.027236,0.032703,0.027903,-0.998704
8.294,True,-0.041635,1.184923,-0.079375,0.026658,0.016736,0.029792,-0.999061,True,0.024181,1.175488,-0.078311,0.027098,0.032713,0.028056,-0.998703
8.305,True,-0.041589,1.184919,-0.079364,0.026745,0.016834,0.029975,-0.999051,True,0.024223,1.175455,-0.078328,0.027189,0.032812,0.028239,-0.998693
8.316,True,-0.041523,1.184897,-0.079290,0.026870,0.016800,0.030067,-0.999046,True,0.024287,1.175421,-0.078270,0.027316,0.032779,0.028332,-0.998688
8.327,True,-0.041486,1.184892,-0.079286,0.027001,0.016667,0.030169,-0.999041,True,0.024322,1.175402,-0.078299,0.027449,0.032647,0.028436,-0.998685
8.338,True,-0.041443,1.184870,-0.079274,0.027094,0.016745,0.030204,-0.999036,True,0.024365,1.175371,-0.078313,0.027543,0.032727,0.028471,-0.998679
8.349,True,-0.041409,1.184811,-0.079182,0.027188,0.016736,0.030080,-0.999038,True,0.024401,1.175326,-0.078254,0.027636,0.032719,0.028350,-0.998680
8.361,True,-0.041384,1.184746,-0.079206,0.026907,0.016834,0.029908,-0.999049,True,0.024429,1.175280,-0.078300,0.027353,0.032818,0.028181,-0.998690
8.372,True,-0.041361,1.184668,-0.079204,0.026740,0.016917,0.029705,-0.999058,True,0.024456,1.175226,-0.078313,0.027184,0.032902,0.027980,-0.998697
8.383,True,-0.041357,1.184586,-0.079155,0.026516,0.016850,0.029526,-0.999070,True,0.024464,1.175167,-0.078287,0.026957,0.032836,0.027806,-0.998710
8.394,True,-0.041355,1.184526,-0.079156,0.026196,0.016717,0.029346,-0.999086,True,0.024469,1.175131,-0.078296,0.026633,0.032702,0.027629,-0.998728
8.405,True,-0.041360,1.184482,-0.079159,0.026155,0.015824,0.029332,-0.999102,True,0.024466,1.175103,-0.078303,0.026589,0.031809,0.027619,-0.998759
8.416,True,-0.041413,1.184444,-0.079120,0.026223,0.015675,0.029124,-0.999109,True,0.024418,1.175096,-0.078257,0.026653,0.031660,0.027412,-0.998767
8.427,True,-0.041416,1.184430,-0.079151,0.026183,0.015440,0.029267,-0.999109,True,0.024413,1.175068,-0.078277,0.026614,0.031425,0.027557,-0.998772
8.438,True,-0.041453,1.184416,-0.079149,0.026303,0.015062,0.029285,-0.999112,True,0.024376,1.175058,-0.078267,0.026733,0.031045,0.027574,-0.998780
8.449,True,-0.041478,1.184425,-0.079132,0.026325,0.015527,0.029228,-0.999106,True,0.024351,1.175072,-0.078228,0.026755,0.031512,0.027517,-0.998766
8.460,True,-0.041513,1.184432,-0.079128,0.026347,0.015410,0.029191,-0.999108,True,0.024318,1.175088,-0.078204,0.026776,0.031394,0.027481,-0.998770
8.471,True,-0.041558,1.184432,-0.079135,0.026030,0.015066,0.029159,-0.999122,True,0.024274,1.175097,-0.078193,0.026456,0.031048,0.027448,-0.998791
8.483,True,-0.041618,1.184438,-0.079127,0.026010,0.015237,0.029033,-0.999124,True,0.024216,1.175122,-0.078152,0.026434,0.031218,0.027322,-0.998789
8.494,True,-0.041665,1.184441,-0.079142,0.026139,0.015229,0.029057,-0.999120,True,0.024169,1.175127,-0.078134,0.026563,0.031210,0.027347,-0.998786
8.505,True,-0.041716,1.184429,-0.079144,0.025784,0.015248,0.029020,-0.999130,True,0.021726,1.180018,-0.077371,0.026207,0.031228,0.027310,-0.998795
8.516,True,-0.041737,1.184428,-0.079135,0.025877,0.015152,0.029072,-0.999127,True,0.021705,1.180016,-0.077335,0.026300,0.031131,0.027362,-0.998795
8.527,True,-0.041777,1.184426,-0.079132,0.025781,0.014968,0.029062,-0.999133,True,0.021665,1.180018,-0.077319,0.026203,0.030947,0.027354,-0.998803
8.538,True,-0.041812,1.184422,-0.079126,0.025864,0.014654,0.029121,-0.999134,True,0.021629,1.180014,-0.077296,0.026285,0.030631,0.027413,-0.998809
8.549,True,-0.041840,1.184433,-0.079103,0.025809,0.014594,0.029174,-0.999135,True,0.021601,1.180022,-0.077258,0.026231,0.030571,0.027466,-0.998811
8.560,True,-0.041864,1.184417,-0.079097,0.025781,0.014462,0.029211,-0.999136,True,0.021576,1.180004,-0.077237,0.026203,0.030438,0.027503,-0.998815
8.572,True,-0.041886,1.184394,-0.079081,0.025598,0.013767,0.029316,-0.999148,True,0.021554,1.179977,-0.077216,0.026019,0.029741,0.027611,-0.998837
8.583,True,-0.041912,1.184357,-0.079064,0.025440,0.013769,0.029248,-0.999154,True,0.021528,1.179948,-0.077198,0.025859,0.029743,0.027544,-0.998843
8.594,True,-0.041935,1.184337,-0.079049,0.025233,0.013537,0.029244,-0.999162,True,0.021505,1.179932,-0.077180,0.025651,0.029511,0.027543,-0.998856
8.605,True,-0.041953,1.184310,-0.079031,0.025009,0.013238,0.029252,-0.999172,True,0.021488,1.179908,-0.077165,0.025425,0.029210,0.027552,-0.998870
8.616,True,-0.041987,1.184291,-0.079004,0.024789,0.012960,0.029213,-0.999182,True,0.021454,1.179896,-0.077142,0.025204,0.028932,0.027516,-0.998885
8.627,True,-0.042006,1.184266,-0.078997,0.024590,0.012861,0.029171,-0.999189,True,0.021435,1.179877,-0.077131,0.025004,0.028832,0.027476,-0.998894
8.638,True,-0.042026,1.184162,-0.078976,0.024323,0.012455,0.028955,-0.999207,True,0.021418,1.179805,-0.077115,0.024731,0.028425,0.027262,-0.998918
8.649,True,-0.042047,1.184072,-0.078945,0.023981,0.012384,0.028765,-0.999222,True,0.021398,1.179739,-0.077086,0.024386,0.028353,0.027075,-0.998934
8.660,True,-0.042052,1.183991,-0.078930,0.023712,0.012242,0.028556,-0.999236,True,0.021395,1.179686,-0.077068,0.024114,0.028211,0.026870,-0.998950
8.671,True,-0.042058,1.183957,-0.078884,0.023323,0.012027,0.028570,-0.999247,True,0.021389,1.179652,-0.077019,0.023723,0.027995,0.026887,-0.998965
8.683,True,-0.042069,1.183976,-0.078835,0.023072,0.011937,0.028785,-0.999248,True,0.021377,1.179643,-0.076973,0.023476,0.027904,0.027104,-0.998967
8.694,True,-0.042080,1.184022,-0.078812,0.022846,0.011782,0.029087,-0.999246,True,0.021363,1.179653,-0.076943,0.023254,0.027748,0.027408,-0.998969
8.705,True,-0.042093,1.184072,-0.078795,0.023071,0.011446,0.029563,-0.999231,True,0.021346,1.179649,-0.076923,0.023485,0.027412,0.027884,-0.998959
8.716,True,-0.042098,1.184110,-0.078738,0.022839,0.011300,0.029817,-0.999231,True,0.021339,1.179654,-0.076877,0.023257,0.027265,0.028141,-0.998961
8.727,True,-0.042104,1.184111,-0.078724,0.022887,0.011053,0.029914,-0.999229,True,0.021332,1.179645,-0.076871,0.023305,0.027018,0.028238,-0.998964
8.738,True,-0.042108,1.184112,-0.078706,0.022913,0.010493,0.029790,-0.999238,True,0.021331,1.179668,-0.076866,0.023328,0.026458,0.028116,-0.998982
8.749,True,-0.042106,1.184095,-0.078697,0.023045,0.010030,0.029544,-0.999248,True,0.021335,1.179688,-0.076873,0.023455,0.025994,0.027870,-0.998998
8.760,True,-0.042115,1.184082,-0.078712,0.022923,0.009761,0.029414,-0.999257,True,0.021327,1.179695,-0.076889,0.023329,0.025725,0.027743,-0.999012
8.771,True,-0.042128,1.184043,-0.078726,0.022625,0.009252,0.029433,-0.999268,True,0.021315,1.179657,-0.076918,0.023029,0.025214,0.027764,-0.999031
8.782,True,-0.042120,1.183959,-0.078719,0.022344,0.008866,0.029426,-0.999278,True,0.021325,1.179576,-0.076933,0.022748,0.024828,0.027761,-0.999047
8.794,True,-0.042126,1.183870,-0.078724,0.022075,0.008389,0.029420,-0.999288,True,0.021319,1.179489,-0.076972,0.022477,0.024350,0.027758,-0.999065
8.805,True,-0.042119,1.183797,-0.078710,0.022151,0.007977,0.029408,-0.999290,True,0.021327,1.179421,-0.076976,0.022552,0.023938,0.027748,-0.999074
8.816,True,-0.042110,1.183732,-0.078687,0.022225,0.007623,0.029364,-0.999293,True,0.021337,1.179364,-0.076974,0.022624,0.023584,0.027705,-0.999082
8.827,True,-0.042117,1.183718,-0.078702,0.022603,0.007363,0.029317,-0.999288,True,0.021331,1.179360,-0.076999,0.023001,0.023325,0.027658,-0.999081
8.838,True,-0.042137,1.183717,-0.078692,0.022935,0.007161,0.029331,-0.999281,True,0.021312,1.179361,-0.076998,0.023333,0.023122,0.027669,-0.999077
8.849,True,-0.042164,1.183728,-0.078698,0.023360,0.007081,0.029309,-0.999272,True,0.021285,1.179378,-0.077003,0.023757,0.023043,0.027643,-0.999070
8.861,True,-0.042193,1.183773,-0.078712,0.023714,0.007054,0.029357,-0.999263,True,0.021255,1.179419,-0.077010,0.024112,0.023016,0.027690,-0.999061
8.872,True,-0.042224,1.183821,-0.078734,0.024041,0.007097,0.029324,-0.999256,True,0.021224,1.179473,-0.077020,0.024439,0.023061,0.027656,-0.999053
8.883,True,-0.042265,1.183847,-0.078769,0.024251,0.007240,0.029252,-0.999252,True,0.021184,1.179510,-0.077037,0.024648,0.023203,0.027582,-0.999046
8.894,True,-0.042311,1.183831,-0.078797,0.024429,0.007347,0.029219,-0.999248,True,0.021138,1.179499,-0.077057,0.024826,0.023312,0.027549,-0.999040
8.905,True,-0.042335,1.183817,-0.078826,0.024892,0.007505,0.029119,-0.999238,True,0.021115,1.179502,-0.077062,0.025287,0.023471,0.027450,-0.999028
8.916,True,-0.042366,1.183791,-0.078851,0.025007,0.007513,0.028916,-0.999241,True,0.021085,1.179502,-0.077081,0.025399,0.023480,0.027247,-0.999030
8.927,True,-0.042397,1.183798,-0.078876,0.025007,0.007384,0.028823,-0.999245,True,0.021055,1.179525,-0.077090,0.025397,0.023350,0.027155,-0.999036
8.938,True,-0.042427,1.183805,-0.078904,0.024970,0.007526,0.029010,-0.999239,True,0.021022,1.179511,-0.077086,0.025363,0.023492,0.027343,-0.999028
8.949,True,-0.042473,1.183822,-0.078922,0.025007,0.007542,0.029364,-0.999228,True,0.020973,1.179485,-0.077082,0.025405,0.023507,0.027697,-0.999017
8.961,True,-0.042496,1.183861,-0.078938,0.025331,0.007386,0.029820,-0.999207,True,0.020946,1.179471,-0.077089,0.025736,0.023351,0.028151,-0.999000
8.972,True,-0.042510,1.183900,-0.078928,0.025383,0.007297,0.029894,-0.999204,True,0.020932,1.179502,-0.077083,0.025789,0.023262,0.028225,-0.998998
8.983,True,-0.042525,1.183917,-0.078915,0.025572,0.007064,0.029791,-0.999204,True,0.020918,1.179535,-0.077077,0.025975,0.023028,0.028120,-0.999002
8.994,True,-0.042524,1.183916,-0.078930,0.025879,0.007036,0.029458,-0.999206,True,0.020922,1.179579,-0.077078,0.026277,0.023000,0.027785,-0.999004
9.005,True,-0.042536,1.183926,-0.078907,0.026107,0.006714,0.029278,-0.999208,True,0.020911,1.179616,-0.077066,0.026502,0.022677,0.027604,-0.999010
9.016,True,-0.042523,1.183951,-0.078913,0.026027,0.006774,0.029189,-0.999212,True,0.020925,1.179653,-0.077062,0.026419,0.022737,0.027514,-0.999014
9.027,True,-0.042501,1.183963,-0.078917,0.026411,0.006371,0.029261,-0.999203,True,0.020947,1.179662,-0.077070,0.026803,0.022334,0.027584,-0.999011
9.038,True,-0.042466,1.184001,-0.078882,0.026422,0.005984,0.029451,-0.999199,True,0.020981,1.179679,-0.077051,0.026816,0.021946,0.027775,-0.999013
9.049,True,-0.042396,1.184030,-0.078838,0.026449,0.005719,0.029720,-0.999192,True,0.021049,1.179675,-0.077023,0.026848,0.021680,0.028045,-0.999011
9.060,True,-0.042354,1.184032,-0.078825,0.026544,0.005386,0.029849,-0.999187,True,0.021091,1.179663,-0.077036,0.026944,0.021347,0.028173,-0.999012
9.072,True,-0.042315,1.184033,-0.078797,0.026605,0.005179,0.029886,-0.999186,True,0.021130,1.179659,-0.077025,0.027005,0.021140,0.028209,-0.999014
9.083,True,-0.042279,1.184039,-0.078766,0.026630,0.004949,0.029968,-0.999184,True,0.021166,1.179656,-0.077013,0.027031,0.020909,0.028291,-0.999016
9.094,True,-0.042244,1.184061,-0.078746,0.026576,0.004821,0.030061,-0.999183,True,0.021201,1.179666,-0.077005,0.026978,0.020781,0.028385,-0.999017
9.105,True,-0.042206,1.184082,-0.078729,0.026685,0.004565,0.030179,-0.999178,True,0.021238,1.179675,-0.076991,0.027088,0.020525,0.028503,-0.999016
9.116,True,-0.042177,1.184091,-0.078694,0.027012,0.004398,0.030383,-0.999164,True,0.021266,1.179660,-0.076967,0.027418,0.020358,0.028704,-0.999004
9.127,True,-0.042160,1.184121,-0.078675,0.027467,0.004077,0.030553,-0.999147,True,0.021282,1.179675,-0.076953,0.027875,0.020037,0.028874,-0.998993
9.138,True,-0.042138,1.184136,-0.078647,0.027648,0.003781,0.030642,-0.999141,True,0.021304,1.179682,-0.076939,0.028057,0.019742,0.028964,-0.998992
9.149,True,-0.042109,1.184151,-0.078638,0.027747,0.003735,0.030791,-0.999134,True,0.021331,1.179680,-0.076928,0.028159,0.019696,0.029113,-0.998985
9.161,True,-0.042104,1.184144,-0.078613,0.027838,0.003649,0.030784,-0.999132,True,0.021337,1.179673,-0.076919,0.028250,0.019611,0.029107,-0.998985
9.172,True,-0.042099,1.184121,-0.078595,0.027810,0.003411,0.030759,-0.999134,True,0.021343,1.179655,-0.076910,0.028220,0.019372,0.029084,-0.998991
9.183,True,-0.042099,1.184089,-0.078588,0.027765,0.003345,0.030716,-0.999137,True,0.021343,1.179628,-0.076912,0.028175,0.019306,0.029042,-0.998995
9.194,True,-0.042102,1.184066,-0.078590,0.027617,0.003303,0.030622,-0.999144,True,0.021341,1.179617,-0.076913,0.028025,0.019265,0.028950,-0.999002
9.205,True,-0.042127,1.184036,-0.078569,0.027347,0.002958,0.030514,-0.999156,True,0.021317,1.179604,-0.076901,0.027752,0.018918,0.028844,-0.999020
9.216,True,-0.042141,1.184015,-0.078567,0.027392,0.002941,0.030500,-0.999155,True,0.021303,1.179586,-0.076894,0.027796,0.018901,0.028831,-0.999019
9.227,True,-0.042169,1.183976,-0.078563,0.032260,-0.007368,0.031610,-0.998952,True,0.021277,1.179570,-0.076891,0.032651,0.008561,0.029951,-0.998981
9.238,True,-0.042200,1.183937,-0.078566,0.028855,-0.000990,0.030703,-0.999112,True,0.021246,1.179544,-0.076889,0.029250,0.014960,0.029040,-0.999038
9.249,True,-0.042232,1.183899,-0.078570,0.032539,-0.008656,0.031555,-0.998935,True,0.021215,1.179521,-0.076882,0.032925,0.007267,0.029901,-0.998984
9.261,True,-0.042276,1.183861,-0.078577,0.034251,-0.012370,0.031945,-0.998826,True,0.021171,1.179494,-0.076879,0.034634,0.003537,0.030295,-0.998935
9.272,True,-0.042309,1.183831,-0.078567,0.033528,-0.012517,0.031823,-0.998853,True,0.021140,1.179479,-0.076858,0.033907,0.003387,0.030176,-0.998964
9.283,True,-0.042335,1.183809,-0.078569,0.033411,-0.012375,0.031846,-0.998858,True,0.021113,1.179454,-0.076843,0.033791,0.003529,0.030201,-0.998966
9.294,True,-0.042363,1.183801,-0.078576,0.032352,-0.012803,0.031878,-0.998886,True,0.021085,1.179443,-0.076842,0.032728,0.003094,0.030235,-0.999002
9.305,True,-0.042393,1.183794,-0.078575,0.032810,-0.015260,0.032175,-0.998827,True,0.021054,1.179433,-0.076842,0.033184,0.000624,0.030537,-0.998983
9.316,True,-0.042408,1.183770,-0.078569,0.032140,-0.015406,0.032158,-0.998847,True,0.021040,1.179410,-0.076832,0.032512,0.000473,0.030519,-0.999005
9.327,True,-0.042408,1.183787,-0.078585,0.029981,-0.013463,0.031906,-0.998950,True,0.021039,1.179424,-0.076832,0.030352,0.002421,0.030266,-0.999078
9.338,True,-0.042426,1.183789,-0.078579,0.030117,-0.013517,0.031939,-0.998945,True,0.021021,1.179423,-0.076832,0.030487,0.002367,0.030298,-0.999073
9.349,True,-0.042431,1.183791,-0.078580,0.030451,-0.015712,0.032222,-0.998893,True,0.021015,1.179420,-0.076823,0.030818,0.000158,0.030581,-0.999057
9.360,True,-0.042445,1.183820,-0.078587,0.029434,-0.015145,0.032130,-0.998936,True,0.021000,1.179449,-0.076826,0.029800,0.000724,0.030486,-0.999091
9.371,True,-0.042450,1.183876,-0.078586,0.029151,-0.014708,0.032170,-0.998949,True,0.020995,1.179493,-0.076823,0.029518,0.001162,0.030524,-0.999098
9.383,True,-0.042427,1.183899,-0.078555,0.028894,-0.014828,0.032139,-0.998956,True,0.021018,1.179519,-0.076798,0.029260,0.001040,0.030491,-0.999106
9.394,True,-0.042428,1.183923,-0.078549,0.028973,-0.014267,0.032099,-0.998963,True,0.021017,1.179540,-0.076799,0.029340,0.001605,0.030449,-0.999104
9.405,True,-0.042427,1.183932,-0.078551,0.028755,-0.014674,0.032114,-0.998963,True,0.021019,1.179551,-0.076805,0.029120,0.001194,0.030463,-0.999111
9.416,True,-0.042407,1.183929,-0.078545,0.028489,-0.014687,0.032179,-0.998968,True,0.021038,1.179536,-0.076816,0.028855,0.001181,0.030529,-0.999117
9.427,True,-0.042395,1.183911,-0.078545,0.029156,-0.014643,0.032163,-0.998950,True,0.021051,1.179522,-0.076828,0.029524,0.001228,0.030513,-0.999098
9.438,True,-0.042379,1.183913,-0.078553,0.028517,-0.014746,0.032164,-0.998967,True,0.021066,1.179520,-0.076843,0.028883,0.001124,0.030516,-0.999116
9.449,True,-0.042354,1.183905,-0.078535,0.028725,-0.014750,0.032176,-0.998961,True,0.021092,1.179509,-0.076840,0.029092,0.001121,0.030527,-0.999110
9.460,True,-0.042354,1.183946,-0.078527,0.028984,-0.014810,0.032300,-0.998948,True,0.021091,1.179536,-0.076845,0.029353,0.001062,0.030650,-0.999099
9.471,True,-0.042359,1.183987,-0.078531,0.029467,-0.015655,0.032493,-0.998915,True,0.021085,1.179564,-0.076855,0.029838,0.000213,0.030843,-0.999079
9.482,True,-0.042360,1.183985,-0.078523,0.029743,-0.015844,0.032401,-0.998907,True,0.021085,1.179578,-0.076847,0.030112,0.000023,0.030748,-0.999074
9.494,True,-0.042370,1.183947,-0.078524,0.029689,-0.016054,0.032149,-0.998913,True,0.021078,1.179576,-0.076843,0.030052,-0.000189,0.030495,-0.999083
9.505,True,-0.042390,1.183918,-0.078535,0.029834,-0.015871,0.031960,-0.998918,True,0.021059,1.179571,-0.076841,0.030195,-0.000006,0.030304,-0.999085
9.516,True,-0.042414,1.183930,-0.078546,0.029774,-0.015874,0.031876,-0.998922,True,0.021911,1.177277,-0.077063,0.030133,-0.000011,0.030219,-0.999089
9.527,True,-0.042434,1.183984,-0.078547,0.029753,-0.015751,0.031968,-0.998922,True,0.021890,1.177320,-0.077045,0.030113,0.000113,0.030312,-0.999087
9.538,True,-0.042449,1.184042,-0.078575,0.029961,-0.015702,0.032260,-0.998907,True,0.021870,1.177345,-0.077045,0.030326,0.000160,0.030601,-0.999072
9.549,True,-0.042492,1.184129,-0.078583,0.029982,-0.015549,0.032726,-0.998894,True,0.021820,1.177371,-0.077039,0.030355,0.000314,0.031067,-0.999056
9.560,True,-0.042529,1.184214,-0.078589,0.030308,-0.015518,0.033194,-0.998869,True,0.021777,1.177398,-0.077038,0.030688,0.000346,0.031536,-0.999031
9.572,True,-0.042546,1.184258,-0.078591,0.030937,-0.015624,0.033393,-0.998841,True,0.021758,1.177422,-0.077042,0.031322,0.000241,0.031734,-0.999005
9.583,True,-0.042561,1.184271,-0.078590,0.030810,-0.015882,0.033278,-0.998845,True,0.021745,1.177451,-0.077053,0.031192,-0.000019,0.031617,-0.999013
9.594,True,-0.042597,1.184290,-0.078611,0.032124,-0.016169,0.033059,-0.998806,True,0.021713,1.177509,-0.077069,0.032504,-0.000304,0.031396,-0.998978
9.605,True,-0.042633,1.184278,-0.078627,0.031680,-0.016012,0.032726,-0.998834,True,0.021681,1.177535,-0.077086,0.032054,-0.000148,0.031062,-0.999003
9.616,True,-0.042686,1.184274,-0.078650,0.032422,-0.016543,0.032602,-0.998805,True,0.021631,1.177559,-0.077107,0.032793,-0.000680,0.030940,-0.998983
9.627,True,-0.042723,1.184264,-0.078681,0.032325,-0.016349,0.032539,-0.998814,True,0.021595,1.177554,-0.077136,0.032696,-0.000485,0.030877,-0.998988
9.638,True,-0.042762,1.184216,-0.078705,0.032464,-0.016364,0.032487,-0.998811,True,0.021557,1.177511,-0.077176,0.032835,-0.000498,0.030825,-0.998985
9.649,True,-0.042784,1.184182,-0.078750,0.032569,-0.016280,0.032402,-0.998812,True,0.021536,1.177487,-0.077224,0.032939,-0.000414,0.030739,-0.998985
9.660,True,-0.042824,1.184154,-0.078776,0.032900,-0.016379,0.032245,-0.998804,True,0.021498,1.177482,-0.077260,0.033268,-0.000511,0.030581,-0.998978
9.671,True,-0.042860,1.184131,-0.078818,0.033175,-0.016534,0.032105,-0.998797,True,0.021464,1.177481,-0.077296,0.033541,-0.000666,0.030441,-0.998974
9.682,True,-0.042915,1.184117,-0.078854,0.033351,-0.016357,0.031919,-0.998800,True,0.021412,1.177490,-0.077325,0.033714,-0.000489,0.030254,-0.998973
9.694,True,-0.042964,1.184106,-0.078910,0.033624,-0.016315,0.031842,-0.998794,True,0.021363,1.177493,-0.077358,0.033986,-0.000447,0.030176,-0.998967
9.705,True,-0.043023,1.184111,-0.078949,0.034025,-0.016209,0.031789,-0.998784,True,0.021305,1.177508,-0.077384,0.034388,-0.000340,0.030123,-0.998955
9.716,True,-0.043063,1.184133,-0.079013,0.034037,-0.015983,0.031740,-0.998789,True,0.021265,1.177537,-0.077423,0.034398,-0.000114,0.030074,-0.998956
9.727,True,-0.043115,1.184159,-0.079073,0.034222,-0.015799,0.031786,-0.998784,True,0.021212,1.177559,-0.077461,0.034585,0.000071,0.030119,-0.998948
9.738,True,-0.043169,1.184166,-0.079115,0.034288,-0.015526,0.031769,-0.998786,True,0.021158,1.177566,-0.077487,0.034652,0.000346,0.030101,-0.998946
9.749,True,-0.043220,1.184134,-0.079165,0.034641,-0.015233,0.031703,-0.998781,True,0.021107,1.177544,-0.077519,0.035005,0.000641,0.030035,-0.998936
9.760,True,-0.043261,1.184129,-0.079218,0.034786,-0.015107,0.031529,-0.998783,True,0.021068,1.177563,-0.077551,0.035147,0.000767,0.029862,-0.998936
9.772,True,-0.043300,1.184131,-0.079261,0.034664,-0.014765,0.031330,-0.998799,True,0.021032,1.177588,-0.077578,0.035023,0.001111,0.029662,-0.998946
9.783,True,-0.043277,1.184143,-0.079319,0.034875,-0.014390,0.031285,-0.998798,True,0.021054,1.177606,-0.077606,0.035234,0.001487,0.029616,-0.998939
9.794,True,-0.043335,1.184165,-0.079349,0.034839,-0.014330,0.031575,-0.998791,True,0.020992,1.177593,-0.077616,0.035202,0.001547,0.029908,-0.998931
9.805,True,-0.043333,1.184186,-0.079364,0.035016,-0.014231,0.031942,-0.998775,True,0.020989,1.177568,-0.077617,0.035387,0.001646,0.030274,-0.998914
9.816,True,-0.043344,1.184220,-0.079383,0.035035,-0.014190,0.032093,-0.998770,True,0.020976,1.177581,-0.077636,0.035408,0.001687,0.030425,-0.998908
9.827,True,-0.043337,1.184253,-0.079383,0.035309,-0.014251,0.032156,-0.998757,True,0.020982,1.177608,-0.077640,0.035683,0.001626,0.030486,-0.998897
9.838,True,-0.043340,1.184260,-0.079375,0.035747,-0.014692,0.031985,-0.998741,True,0.020983,1.177643,-0.077649,0.036117,0.001184,0.030313,-0.998887
9.849,True,-0.043334,1.184276,-0.079379,0.036032,-0.014684,0.031756,-0.998738,True,0.020992,1.177690,-0.077650,0.036400,0.001192,0.030082,-0.998884
9.861,True,-0.043316,1.184296,-0.079382,0.036179,-0.014655,0.031578,-0.998739,True,0.021012,1.177735,-0.077647,0.036544,0.001222,0.029902,-0.998884
9.872,True,-0.043322,1.184303,-0.079373,0.036317,-0.014515,0.031554,-0.998737,True,0.021007,1.177742,-0.077650,0.036682,0.001363,0.029877,-0.998879
9.883,True,-0.043315,1.184297,-0.079367,0.036616,-0.014646,0.031561,-0.998724,True,0.021014,1.177737,-0.077656,0.036981,0.001232,0.029882,-0.998868
9.894,True,-0.043289,1.184310,-0.079357,0.036572,-0.014845,0.031715,-0.998717,True,0.021039,1.177729,-0.077661,0.036940,0.001033,0.030037,-0.998865
9.905,True,-0.043271,1.184313,-0.079340,0.036676,-0.014978,0.031780,-0.998709,True,0.021056,1.177724,-0.077666,0.037044,0.000901,0.030103,-0.998860
9.916,True,-0.043260,1.184305,-0.079337,0.036822,-0.014677,0.031829,-0.998707,True,0.021066,1.177705,-0.077673,0.037193,0.001205,0.030152,-0.998852
9.927,True,-0.043237,1.184300,-0.079312,0.036852,-0.014724,0.031894,-0.998703,True,0.021089,1.177690,-0.077662,0.037224,0.001158,0.030216,-0.998849
9.938,True,-0.043239,1.184312,-0.079286,0.036842,-0.014644,0.031962,-0.998703,True,0.021085,1.177691,-0.077640,0.037215,0.001239,0.030283,-0.998848
9.949,True,-0.043233,1.184343,-0.079255,0.037040,-0.014653,0.032099,-0.998691,True,0.021090,1.177706,-0.077610,0.037416,0.001230,0.030419,-0.998836
9.961,True,-0.043230,1.184369,-0.079214,0.036837,-0.014588,0.032194,-0.998696,True,0.021091,1.177716,-0.077571,0.037214,0.001295,0.030513,-0.998841
9.972,True,-0.043230,1.184394,-0.079187,0.036765,-0.014431,0.032336,-0.998696,True,0.021089,1.177721,-0.077542,0.037144,0.001451,0.030652,-0.998839
9.983,True,-0.043267,1.184399,-0.079141,0.036892,-0.014315,0.032465,-0.998689,True,0.021051,1.177708,-0.077501,0.037274,0.001568,0.030781,-0.998830
9.994,True,-0.043287,1.184399,-0.079091,0.036858,-0.014330,0.032533,-0.998688,True,0.021029,1.177699,-0.077454,0.037241,0.001554,0.030849,-0.998829
10.005,True,-0.043321,1.184381,-0.079058,0.036643,-0.014348,0.032533,-0.998696,True,0.020995,1.177678,-0.077431,0.037027,0.001536,0.030851,-0.998837
10.016,True,-0.043310,1.182515,-0.079513,0.036277,-0.014491,0.032434,-0.998710,True,0.020970,1.177646,-0.077397,0.036658,0.001391,0.030755,-0.998854
10.027,True,-0.043359,1.182432,-0.079469,0.035673,-0.014503,0.032219,-0.998739,True,0.020922,1.177587,-0.077358,0.036049,0.001379,0.030544,-0.998882
10.038,True,-0.043389,1.182368,-0.079441,0.035311,-0.014399,0.032003,-0.998760,True,0.020895,1.177548,-0.077323,0.035683,0.001483,0.030331,-0.998902
10.049,True,-0.043455,1.182272,-0.079400,0.035124,-0.014306,0.031790,-0.998775,True,0.020830,1.177479,-0.077279,0.035494,0.001577,0.030122,-0.998915
10.060,True,-0.043496,1.182205,-0.079361,0.034937,-0.014315,0.031661,-0.998785,True,0.020790,1.177429,-0.077230,0.035305,0.001568,0.029996,-0.998925
10.072,True,-0.043534,1.182152,-0.079322,0.034605,-0.014121,0.031471,-0.998806,True,0.020753,1.177397,-0.077181,0.034970,0.001763,0.029809,-0.998942
10.082,True,-0.043587,1.182115,-0.079275,0.034657,-0.014131,0.031414,-0.998806,True,0.020701,1.177370,-0.077120,0.035021,0.001753,0.029755,-0.998942
10.094,True,-0.043640,1.182073,-0.079241,0.034587,-0.013955,0.031333,-0.998813,True,0.020648,1.177339,-0.077064,0.034949,0.001929,0.029675,-0.998947
10.105,True,-0.043705,1.182043,-0.079202,0.034572,-0.013781,0.031298,-0.998817,True,0.020582,1.177314,-0.077006,0.034935,0.002103,0.029642,-0.998948
10.116,True,-0.043719,1.182018,-0.079217,0.034678,-0.013821,0.031270,-0.998814,True,0.020568,1.177295,-0.077005,0.035041,0.002063,0.029615,-0.998945
10.133,True,-0.043809,1.181952,-0.079174,0.034679,-0.013912,0.031157,-0.998816,True,0.020478,1.177249,-0.076929,0.035039,0.001971,0.029506,-0.998948
10.145,True,-0.043850,1.181921,-0.079170,0.034622,-0.013731,0.031173,-0.998820,True,0.020436,1.177217,-0.076903,0.034982,0.002153,0.029525,-0.998949
10.156,True,-0.043892,1.181898,-0.079153,0.034480,-0.013586,0.031160,-0.998827,True,0.020393,1.177198,-0.076852,0.034840,0.002297,0.029514,-0.998954
10.167,True,-0.043927,1.181880,-0.079131,0.034272,-0.013490,0.031156,-0.998836,True,0.020358,1.177180,-0.076816,0.034632,0.002393,0.029511,-0.998962
10.178,True,-0.043942,1.181862,-0.079136,0.034017,-0.013054,0.031033,-0.998854,True,0.020343,1.177173,-0.076799,0.034376,0.002830,0.029390,-0.998973
10.189,True,-0.043964,1.181846,-0.079106,0.033852,-0.012806,0.031007,-0.998864,True,0.020321,1.177158,-0.076761,0.034211,0.003079,0.029365,-0.998978
10.200,True,-0.043976,1.181855,-0.079073,0.034012,-0.013049,0.031098,-0.998852,True,0.020309,1.177160,-0.076720,0.034372,0.002835,0.029456,-0.998971
10.211,True,-0.043930,1.181870,-0.079071,0.033726,-0.012669,0.031124,-0.998866,True,0.020354,1.177166,-0.076714,0.034087,0.003216,0.029482,-0.998979
10.222,True,-0.043923,1.181887,-0.079032,0.033499,-0.012525,0.031179,-0.998874,True,0.020360,1.177171,-0.076683,0.033861,0.003360,0.029536,-0.998984
10.233,True,-0.043909,1.181897,-0.079002,0.033526,-0.012607,0.031232,-0.998870,True,0.020373,1.177176,-0.076650,0.033889,0.003277,0.029589,-0.998982
10.245,True,-0.043881,1.181901,-0.078971,0.033363,-0.012731,0.031335,-0.998871,True,0.020400,1.177166,-0.076627,0.033726,0.003153,0.029692,-0.998985
10.256,True,-0.043876,1.181896,-0.078937,0.033261,-0.012715,0.031347,-0.998874,True,0.020406,1.177158,-0.076604,0.033625,0.003169,0.029704,-0.998988
10.267,True,-0.043865,1.181883,-0.078904,0.033281,-0.012799,0.031304,-0.998874,True,0.020418,1.177150,-0.076584,0.033644,0.003085,0.029661,-0.998989
10.278,True,-0.043822,1.181822,-0.078890,0.032957,-0.012882,0.031159,-0.998888,True,0.020463,1.177104,-0.076586,0.033317,0.003001,0.029514,-0.999005
10.289,True,-0.043807,1.181802,-0.078852,0.032906,-0.012968,0.031026,-0.998893,True,0.020479,1.177100,-0.076560,0.033264,0.002915,0.029382,-0.999010
10.300,True,-0.043805,1.181797,-0.078813,0.033260,-0.012175,0.030822,-0.998897,True,0.020483,1.177112,-0.076531,0.033619,0.003716,0.029180,-0.999002
10.311,True,-0.043759,1.181785,-0.078811,0.034908,-0.009576,0.030794,-0.998870,True,0.020526,1.177078,-0.076531,0.035278,0.006337,0.029149,-0.998932
10.322,True,-0.043746,1.181769,-0.078784,0.034820,-0.009656,0.030702,-0.998875,True,0.020541,1.177073,-0.076515,0.035188,0.006258,0.029058,-0.998939
10.333,True,-0.043727,1.181711,-0.078753,0.032279,-0.005167,0.029992,-0.999016,True,0.020562,1.177030,-0.076495,0.032648,0.010765,0.028345,-0.999007
10.344,True,-0.043706,1.181640,-0.078750,0.032568,-0.002456,0.029577,-0.999029,True,0.020584,1.176979,-0.076484,0.032940,0.013492,0.027929,-0.998976
10.356,True,-0.043687,1.181609,-0.078734,0.033614,-0.001054,0.029459,-0.999000,True,0.020603,1.176951,-0.076463,0.033990,0.014905,0.027811,-0.998924
10.367,True,-0.043673,1.181603,-0.078700,0.033299,-0.000026,0.029393,-0.999013,True,0.020616,1.176938,-0.076434,0.033678,0.015937,0.027746,-0.998920
10.378,True,-0.043624,1.181609,-0.078696,0.032794,0.001743,0.029445,-0.999027,True,0.020663,1.176912,-0.076421,0.033179,0.017713,0.027798,-0.998906
10.389,True,-0.043586,1.181657,-0.078681,0.032722,0.002482,0.029928,-0.999013,True,0.020696,1.176889,-0.076395,0.033117,0.018456,0.028283,-0.998881
10.400,True,-0.043565,1.181689,-0.078637,0.032133,0.001454,0.030526,-0.999016,True,0.020712,1.176852,-0.076369,0.032534,0.017421,0.028883,-0.998901
10.411,True,-0.043513,1.181722,-0.078640,0.032193,0.002212,0.030821,-0.999004,True,0.020760,1.176837,-0.076372,0.032601,0.018184,0.029181,-0.998877
10.422,True,-0.043472,1.181738,-0.078606,0.031890,0.002690,0.030892,-0.999010,True,0.020800,1.176832,-0.076371,0.032301,0.018665,0.029251,-0.998876
10.433,True,-0.043434,1.181737,-0.078574,0.032117,0.004276,0.030626,-0.999006,True,0.020841,1.176842,-0.076362,0.032530,0.020259,0.028984,-0.998845
10.444,True,-0.043372,1.181730,-0.078597,0.031289,0.004170,0.030282,-0.999043,True,0.020905,1.176874,-0.076405,0.031697,0.020151,0.028639,-0.998884
10.456,True,-0.043335,1.181708,-0.078578,0.030823,0.002906,0.030130,-0.999066,True,0.020947,1.176882,-0.076415,0.031223,0.018880,0.028490,-0.998928
10.467,True,-0.043292,1.181680,-0.078584,0.031061,0.003169,0.030033,-0.999061,True,0.020990,1.176860,-0.076449,0.031461,0.019147,0.028392,-0.998918
10.478,True,-0.043241,1.181650,-0.078593,0.030695,0.003900,0.029915,-0.999073,True,0.021042,1.176831,-0.076480,0.031096,0.019880,0.028275,-0.998919
10.489,True,-0.043213,1.181617,-0.078577,0.030524,0.003114,0.029877,-0.999083,True,0.021072,1.176807,-0.076507,0.030923,0.019093,0.028238,-0.998940
10.500,True,-0.043180,1.181599,-0.078590,0.030547,0.003124,0.029816,-0.999084,True,0.021106,1.176793,-0.076538,0.030945,0.019103,0.028176,-0.998941
10.511,True,-0.043159,1.181589,-0.078609,0.030472,0.003493,0.029633,-0.999090,True,0.021129,1.176800,-0.076574,0.030869,0.019474,0.027992,-0.998942
10.522,True,-0.043151,1.181598,-0.078634,0.030758,0.003539,0.029575,-0.999083,True,0.020490,1.178183,-0.076578,0.031153,0.019520,0.027932,-0.998934
10.533,True,-0.043146,1.181617,-0.078658,0.030612,0.003890,0.029562,-0.999087,True,0.020494,1.178199,-0.076594,0.031008,0.019872,0.027919,-0.998932
10.544,True,-0.043160,1.181646,-0.078721,0.030720,0.004576,0.029551,-0.999081,True,0.020479,1.178223,-0.076637,0.031119,0.020560,0.027907,-0.998915
10.555,True,-0.043175,1.181663,-0.078755,0.030652,0.004851,0.029451,-0.999084,True,0.020464,1.178250,-0.076659,0.031049,0.020835,0.027805,-0.998914
10.567,True,-0.043194,1.181719,-0.078809,0.030658,0.005247,0.029506,-0.999081,True,0.020444,1.178298,-0.076685,0.031056,0.021231,0.027858,-0.998904
10.578,True,-0.043219,1.181750,-0.078873,0.030540,0.005860,0.029464,-0.999082,True,0.020418,1.178329,-0.076715,0.030939,0.021844,0.027813,-0.998895
10.589,True,-0.043253,1.181772,-0.078913,0.030756,0.006352,0.029523,-0.999071,True,0.020383,1.178343,-0.076725,0.031158,0.022337,0.027872,-0.998876
10.600,True,-0.043288,1.181781,-0.078960,0.031185,0.006729,0.029462,-0.999057,True,0.020347,1.178359,-0.076752,0.031587,0.022715,0.027806,-0.998856
10.611,True,-0.043300,1.181833,-0.079025,0.032022,0.007259,0.029273,-0.999032,True,0.020335,1.178437,-0.076782,0.032422,0.023248,0.027613,-0.998822
10.622,True,-0.043322,1.181885,-0.079074,0.032276,0.007685,0.029242,-0.999022,True,0.020312,1.178493,-0.076795,0.032676,0.023675,0.027580,-0.998805
10.633,True,-0.043344,1.181946,-0.079125,0.032611,0.008338,0.029432,-0.999000,True,0.020288,1.178528,-0.076808,0.033016,0.024329,0.027766,-0.998773
10.644,True,-0.043367,1.181994,-0.079149,0.032846,0.008627,0.029791,-0.998979,True,0.020261,1.178530,-0.076814,0.033258,0.024619,0.028124,-0.998748
10.655,True,-0.043374,1.182060,-0.079180,0.032983,0.008857,0.030082,-0.998964,True,0.020251,1.178559,-0.076827,0.033401,0.024849,0.028414,-0.998729
10.667,True,-0.043377,1.182104,-0.079198,0.033048,0.009092,0.030134,-0.998958,True,0.020249,1.178592,-0.076846,0.033467,0.025085,0.028464,-0.998720
10.678,True,-0.043374,1.182116,-0.079217,0.033388,0.009116,0.029940,-0.998952,True,0.020253,1.178629,-0.076872,0.033805,0.025109,0.028266,-0.998713
10.689,True,-0.043352,1.182150,-0.079224,0.033629,0.009708,0.029620,-0.998948,True,0.020276,1.178699,-0.076871,0.034042,0.025703,0.027944,-0.998699
10.700,True,-0.043346,1.182176,-0.079206,0.033983,0.009900,0.029350,-0.998942,True,0.020285,1.178758,-0.076863,0.034393,0.025897,0.027673,-0.998690
10.711,True,-0.043288,1.182179,-0.079215,0.033982,0.009994,0.029271,-0.998944,True,0.020342,1.178769,-0.076870,0.034391,0.025991,0.027592,-0.998689
10.723,True,-0.043250,1.182187,-0.079197,0.034113,0.010080,0.029220,-0.998940,True,0.020382,1.178781,-0.076863,0.034521,0.026078,0.027540,-0.998684
10.734,True,-0.043212,1.182172,-0.079182,0.034442,0.009912,0.029267,-0.998929,True,0.020419,1.178763,-0.076860,0.034851,0.025911,0.027587,-0.998676
10.745,True,-0.043159,1.182144,-0.079177,0.034225,0.009630,0.029401,-0.998935,True,0.020472,1.178718,-0.076875,0.034636,0.025629,0.027726,-0.998687
10.756,True,-0.043106,1.182113,-0.079137,0.034069,0.009834,0.029412,-0.998938,True,0.020526,1.178679,-0.076860,0.034481,0.025835,0.027740,-0.998686
10.767,True,-0.043051,1.182077,-0.079100,0.034275,0.009443,0.029485,-0.998933,True,0.020581,1.178637,-0.076846,0.034688,0.025444,0.027815,-0.998687
10.778,True,-0.042988,1.182029,-0.079079,0.034145,0.009382,0.029585,-0.998935,True,0.020644,1.178576,-0.076836,0.034560,0.025384,0.027918,-0.998690
10.789,True,-0.042929,1.181997,-0.079030,0.034047,0.009042,0.029783,-0.998936,True,0.020703,1.178521,-0.076805,0.034464,0.025044,0.028117,-0.998696
10.800,True,-0.042879,1.181987,-0.078980,0.034183,0.008730,0.029917,-0.998930,True,0.020753,1.178496,-0.076769,0.034602,0.024732,0.028254,-0.998696
10.811,True,-0.042809,1.181974,-0.078938,0.034242,0.008582,0.030028,-0.998926,True,0.020822,1.178469,-0.076740,0.034662,0.024585,0.028365,-0.998694
10.822,True,-0.042753,1.181970,-0.078879,0.034132,0.008430,0.030173,-0.998926,True,0.020878,1.178447,-0.076697,0.034554,0.024432,0.028511,-0.998697
10.833,True,-0.042706,1.181970,-0.078810,0.034166,0.008207,0.030396,-0.998920,True,0.020924,1.178419,-0.076649,0.034591,0.024209,0.028734,-0.998695
10.845,True,-0.042649,1.181960,-0.078761,0.034223,0.008091,0.030544,-0.998915,True,0.020980,1.178389,-0.076615,0.034651,0.024094,0.028883,-0.998691
10.856,True,-0.042609,1.181945,-0.078677,0.034103,0.007857,0.030653,-0.998917,True,0.021021,1.178360,-0.076555,0.034532,0.023859,0.028994,-0.998698
10.867,True,-0.042570,1.181916,-0.078604,0.034037,0.007690,0.030713,-0.998919,True,0.021059,1.178322,-0.076500,0.034467,0.023693,0.029056,-0.998702
10.878,True,-0.042553,1.181866,-0.078564,0.033882,0.007721,0.030738,-0.998923,True,0.021076,1.178268,-0.076472,0.034313,0.023725,0.029084,-0.998706
10.889,True,-0.042536,1.181802,-0.078505,0.034115,0.008438,0.030647,-0.998912,True,0.021094,1.178205,-0.076428,0.034547,0.024447,0.028996,-0.998683
10.900,True,-0.042533,1.181725,-0.078442,0.033856,0.008511,0.030530,-0.998924,True,0.021098,1.178140,-0.076380,0.034287,0.024522,0.028885,-0.998694
10.911,True,-0.042551,1.181626,-0.078393,0.033524,0.008446,0.030402,-0.998940,True,0.021082,1.178056,-0.076341,0.033953,0.024457,0.028763,-0.998710
10.922,True,-0.042561,1.181553,-0.078341,0.033361,0.008600,0.030295,-0.998947,True,0.021072,1.177994,-0.076290,0.033789,0.024612,0.028659,-0.998715
10.933,True,-0.042580,1.181502,-0.078296,0.033163,0.008744,0.030260,-0.998954,True,0.021053,1.177947,-0.076240,0.033591,0.024757,0.028629,-0.998719
10.945,True,-0.042638,1.181442,-0.078280,0.032952,0.008836,0.030176,-0.998962,True,0.020996,1.177896,-0.076220,0.033379,0.024849,0.028546,-0.998726
10.956,True,-0.042678,1.181403,-0.078237,0.032805,0.008783,0.030131,-0.998969,True,0.020956,1.177864,-0.076166,0.033230,0.024797,0.028504,-0.998733
10.967,True,-0.042722,1.181371,-0.078187,0.032789,0.009033,0.030073,-0.998969,True,0.020911,1.177836,-0.076113,0.033215,0.025047,0.028447,-0.998729
10.978,True,-0.042766,1.181339,-0.078161,0.032657,0.009346,0.030010,-0.998972,True,0.020868,1.177810,-0.076073,0.033082,0.025361,0.028385,-0.998728
10.989,True,-0.042810,1.181324,-0.078119,0.032773,0.009412,0.029905,-0.998971,True,0.020824,1.177809,-0.076024,0.033197,0.025428,0.028281,-0.998725
11.000,True,-0.042858,1.181322,-0.078066,0.032453,0.009489,0.029923,-0.998980,True,0.020775,1.177804,-0.075961,0.032877,0.025503,0.028299,-0.998733
11.011,True,-0.042879,1.181301,-0.078058,0.032440,0.009626,0.029872,-0.998981,True,0.020755,1.177789,-0.075943,0.032864,0.025641,0.028249,-0.998732
11.022,True,-0.042846,1.182982,-0.077554,0.032413,0.009545,0.029846,-0.998983,True,0.020709,1.177780,-0.075888,0.032836,0.025559,0.028223,-0.998735
11.033,True,-0.042896,1.182960,-0.077508,0.032385,0.009696,0.029729,-0.998986,True,0.020661,1.177773,-0.075831,0.032806,0.025710,0.028107,-0.998736
11.044,True,-0.042953,1.182899,-0.077451,0.032146,0.009682,0.029595,-0.998998,True,0.020605,1.177729,-0.075764,0.032565,0.025696,0.027976,-0.998748
11.056,True,-0.042987,1.182856,-0.077412,0.032028,0.009779,0.029524,-0.999003,True,0.020571,1.177696,-0.075717,0.032445,0.025794,0.027908,-0.998751
11.067,True,-0.043032,1.182809,-0.077364,0.031951,0.009842,0.029427,-0.999008,True,0.020527,1.177660,-0.075668,0.032368,0.025858,0.027813,-0.998754
11.078,True,-0.043058,1.182769,-0.077353,0.031696,0.009984,0.029436,-0.999014,True,0.020501,1.177619,-0.075644,0.032113,0.025999,0.027825,-0.998759
11.089,True,-0.043097,1.182745,-0.077306,0.031670,0.009991,0.029477,-0.999014,True,0.020461,1.177590,-0.075593,0.032088,0.026006,0.027866,-0.998758
11.100,True,-0.043144,1.182726,-0.077268,0.031426,0.010129,0.029479,-0.999020,True,0.020414,1.177568,-0.075549,0.031843,0.026144,0.027868,-0.998762
11.111,True,-0.043190,1.182704,-0.077233,0.031516,0.010179,0.029452,-0.999017,True,0.020368,1.177550,-0.075512,0.031933,0.026194,0.027841,-0.998759
11.122,True,-0.043226,1.182693,-0.077205,0.031638,0.010393,0.029452,-0.999011,True,0.020332,1.177539,-0.075472,0.032056,0.026409,0.027840,-0.998749
11.133,True,-0.043252,1.182703,-0.077178,0.031565,0.010658,0.029415,-0.999012,True,0.020306,1.177550,-0.075439,0.031983,0.026674,0.027802,-0.998746
11.145,True,-0.043288,1.182716,-0.077164,0.031110,0.010860,0.029410,-0.999024,True,0.020269,1.177559,-0.075421,0.031528,0.026875,0.027798,-0.998755
11.156,True,-0.043321,1.182728,-0.077138,0.031297,0.010894,0.029527,-0.999015,True,0.020235,1.177557,-0.075389,0.031717,0.026910,0.027915,-0.998745
11.167,True,-0.043355,1.182709,-0.077132,0.031036,0.011004,0.029501,-0.999022,True,0.020201,1.177540,-0.075378,0.031456,0.027020,0.027890,-0.998751
11.178,True,-0.043388,1.182618,-0.077139,0.030801,0.011115,0.029286,-0.999035,True,0.020170,1.177473,-0.075384,0.031218,0.027130,0.027676,-0.998761
11.189,True,-0.043426,1.182549,-0.077124,0.030643,0.011259,0.029119,-0.999043,True,0.020133,1.177424,-0.075363,0.031057,0.027275,0.027511,-0.998767
11.200,True,-0.043465,1.182490,-0.077125,0.030422,0.011378,0.028937,-0.999053,True,0.020095,1.177389,-0.075352,0.030833,0.027393,0.027332,-0.998775
11.211,True,-0.043479,1.182452,-0.077121,0.029879,0.011501,0.028797,-0.999073,True,0.020082,1.177365,-0.075345,0.030288,0.027516,0.027194,-0.998792
11.222,True,-0.043509,1.182454,-0.077102,0.029840,0.011713,0.028843,-0.999070,True,0.020052,1.177361,-0.075313,0.030251,0.027729,0.027241,-0.998786
11.233,True,-0.043538,1.182524,-0.077091,0.029828,0.011915,0.029206,-0.999057,True,0.020019,1.177384,-0.075288,0.030245,0.027931,0.027606,-0.998771
11.244,True,-0.043529,1.182554,-0.077088,0.029840,0.012169,0.029439,-0.999047,True,0.020025,1.177381,-0.075284,0.030262,0.028186,0.027838,-0.998757
11.255,True,-0.043587,1.182583,-0.077073,0.029721,0.012284,0.029765,-0.999040,True,0.019964,1.177366,-0.075266,0.030148,0.028301,0.028166,-0.998748
11.267,True,-0.043609,1.182597,-0.077068,0.029402,0.012257,0.029781,-0.999049,True,0.019941,1.177378,-0.075264,0.029829,0.028274,0.028184,-0.998758
11.278,True,-0.043617,1.182564,-0.077041,0.029938,0.011571,0.029626,-0.999046,True,0.019954,1.177456,-0.075164,0.030361,0.027589,0.028031,-0.998765
11.289,True,-0.043646,1.182540,-0.077057,0.030286,0.009237,0.029597,-0.999060,True,0.019928,1.177468,-0.075173,0.030701,0.025248,0.028004,-0.998817
11.300,True,-0.043699,1.182506,-0.077056,0.029686,0.011133,0.029049,-0.999075,True,0.019878,1.177476,-0.075178,0.030099,0.027149,0.027456,-0.998801
11.311,True,-0.043719,1.182451,-0.077070,0.032169,0.003990,0.029695,-0.999033,True,0.019860,1.177444,-0.075193,0.032570,0.019988,0.028108,-0.998874
11.322,True,-0.043766,1.182414,-0.077096,0.033767,0.000045,0.030190,-0.998974,True,0.019812,1.177405,-0.075215,0.034166,0.016031,0.028608,-0.998878
11.333,True,-0.043810,1.182371,-0.077125,0.035568,-0.003971,0.030666,-0.998889,True,0.019769,1.177362,-0.075246,0.035964,0.012001,0.029087,-0.998858
11.344,True,-0.043839,1.182290,-0.077140,0.039164,-0.010768,0.031370,-0.998682,True,0.019742,1.177297,-0.075270,0.039556,0.005174,0.029796,-0.998760
11.356,True,-0.043880,1.182262,-0.077165,0.041432,-0.012020,0.031475,-0.998573,True,0.019701,1.177284,-0.075297,0.041827,0.003921,0.029902,-0.998670
11.367,True,-0.043925,1.182236,-0.077212,0.041660,-0.013950,0.031582,-0.998535,True,0.019657,1.177272,-0.075329,0.042051,0.001978,0.030009,-0.998663
11.378,True,-0.043977,1.182221,-0.077223,0.043318,-0.015617,0.031721,-0.998436,True,0.019606,1.177271,-0.075332,0.043710,0.000303,0.030149,-0.998589
11.389,True,-0.044041,1.182232,-0.077257,0.042737,-0.013522,0.031384,-0.998502,True,0.019542,1.177297,-0.075353,0.043128,0.002410,0.029810,-0.998622
11.400,True,-0.044089,1.182268,-0.077317,0.043110,-0.014076,0.031489,-0.998475,True,0.019493,1.177332,-0.075387,0.043501,0.001852,0.029914,-0.998604
11.411,True,-0.044142,1.182297,-0.077360,0.043191,-0.014077,0.031515,-0.998470,True,0.019441,1.177361,-0.075412,0.043582,0.001850,0.029938,-0.998600
11.422,True,-0.044195,1.182329,-0.077422,0.043531,-0.014197,0.031517,-0.998454,True,0.019387,1.177400,-0.075453,0.043921,0.001728,0.029939,-0.998585
11.433,True,-0.044245,1.182314,-0.077481,0.044090,-0.014081,0.031426,-0.998434,True,0.019337,1.177400,-0.075496,0.044480,0.001845,0.029846,-0.998563
11.444,True,-0.044300,1.182310,-0.077529,0.044895,-0.014164,0.031373,-0.998399,True,0.019283,1.177411,-0.075526,0.045285,0.001762,0.029792,-0.998528
11.456,True,-0.044328,1.182334,-0.077595,0.045044,-0.014090,0.031167,-0.998399,True,0.019257,1.177463,-0.075577,0.045431,0.001836,0.029583,-0.998528
11.467,True,-0.044349,1.182382,-0.077659,0.045118,-0.014155,0.031217,-0.998394,True,0.019235,1.177510,-0.075619,0.045505,0.001769,0.029632,-0.998523
11.478,True,-0.044344,1.182431,-0.077734,0.045259,-0.014272,0.031572,-0.998374,True,0.019236,1.177520,-0.075662,0.045652,0.001650,0.029986,-0.998506
11.489,True,-0.044360,1.182484,-0.077776,0.045616,-0.014403,0.031881,-0.998346,True,0.019218,1.177537,-0.075703,0.046013,0.001518,0.030293,-0.998480
11.500,True,-0.044360,1.182567,-0.077826,0.046160,-0.014803,0.032282,-0.998303,True,0.019214,1.177577,-0.075755,0.046563,0.001116,0.030692,-0.998443
11.511,True,-0.044346,1.182629,-0.077836,0.046760,-0.015126,0.032379,-0.998267,True,0.019228,1.177632,-0.075777,0.047165,0.000792,0.030784,-0.998412
11.522,True,-0.044316,1.182711,-0.077876,0.047459,-0.015231,0.032277,-0.998235,True,0.019260,1.177732,-0.075819,0.047863,0.000687,0.030677,-0.998383
11.533,True,-0.044307,1.182779,-0.077897,0.047833,-0.015237,0.032017,-0.998226,True,0.019271,1.177832,-0.075856,0.048233,0.000681,0.030411,-0.998373
11.544,True,-0.044276,1.182851,-0.077949,0.048290,-0.015333,0.031857,-0.998208,True,0.019305,1.177930,-0.075901,0.048687,0.000584,0.030246,-0.998356
11.555,True,-0.044254,1.182911,-0.077977,0.048472,-0.014932,0.031769,-0.998208,True,0.019327,1.177995,-0.075942,0.048869,0.000988,0.030154,-0.998350
11.566,True,-0.044227,1.182943,-0.078004,0.048642,-0.015079,0.031772,-0.998197,True,0.019354,1.178029,-0.075972,0.049039,0.000840,0.030155,-0.998341
11.578,True,-0.044192,1.182981,-0.078039,0.048942,-0.015296,0.031957,-0.998173,True,0.019388,1.178046,-0.076017,0.049341,0.000622,0.030338,-0.998321
11.589,True,-0.044141,1.182996,-0.078069,0.048540,-0.015258,0.032009,-0.998192,True,0.019438,1.178050,-0.076056,0.048939,0.000660,0.030389,-0.998339
11.600,True,-0.044085,1.183025,-0.078096,0.048225,-0.015093,0.032141,-0.998205,True,0.019492,1.178058,-0.076086,0.048626,0.000825,0.030520,-0.998350
11.611,True,-0.044030,1.183038,-0.078101,0.048000,-0.015011,0.032264,-0.998213,True,0.019547,1.178052,-0.076097,0.048403,0.000908,0.030644,-0.998357
11.622,True,-0.043986,1.183051,-0.078126,0.047566,-0.014799,0.032485,-0.998230,True,0.019588,1.178031,-0.076123,0.047973,0.001120,0.030865,-0.998371
11.633,True,-0.043962,1.183064,-0.078151,0.046997,-0.014686,0.032594,-0.998255,True,0.019610,1.178026,-0.076144,0.047405,0.001231,0.030973,-0.998395
11.644,True,-0.043924,1.183073,-0.078155,0.046913,-0.014603,0.032741,-0.998255,True,0.019647,1.178015,-0.076148,0.047323,0.001315,0.031121,-0.998394
11.656,True,-0.043897,1.183083,-0.078155,0.046552,-0.015037,0.032957,-0.998259,True,0.019672,1.178000,-0.076149,0.046964,0.000877,0.031337,-0.998405
11.667,True,-0.043864,1.183092,-0.078157,0.046485,-0.014673,0.033022,-0.998265,True,0.019704,1.177996,-0.076150,0.046898,0.001243,0.031400,-0.998405
11.678,True,-0.043844,1.183114,-0.078109,0.046388,-0.015002,0.033154,-0.998260,True,0.019723,1.178004,-0.076110,0.046802,0.000912,0.031533,-0.998406
11.689,True,-0.043823,1.183115,-0.078091,0.046993,-0.015517,0.033301,-0.998219,True,0.019743,1.177996,-0.076098,0.047410,0.000396,0.031680,-0.998373
11.700,True,-0.043802,1.183114,-0.078070,0.046861,-0.015979,0.033401,-0.998215,True,0.019764,1.177985,-0.076090,0.047278,-0.000069,0.031782,-0.998376
11.711,True,-0.043779,1.183089,-0.078038,0.046736,-0.016468,0.033393,-0.998213,True,0.019787,1.177964,-0.076072,0.047152,-0.000560,0.031776,-0.998382
11.722,True,-0.043762,1.183036,-0.078024,0.046512,-0.016830,0.033313,-0.998220,True,0.019806,1.177923,-0.076077,0.046925,-0.000925,0.031698,-0.998395
11.733,True,-0.043734,1.182986,-0.077992,0.046292,-0.017265,0.033222,-0.998226,True,0.019836,1.177886,-0.076063,0.046703,-0.001361,0.031611,-0.998408
11.745,True,-0.043705,1.182935,-0.077966,0.046165,-0.017541,0.033082,-0.998232,True,0.019866,1.177853,-0.076053,0.046573,-0.001638,0.031474,-0.998418
11.756,True,-0.043698,1.182877,-0.077953,0.046321,-0.017825,0.032951,-0.998224,True,0.019876,1.177815,-0.076051,0.046727,-0.001923,0.031344,-0.998414
11.767,True,-0.043701,1.182870,-0.077914,0.046167,-0.018037,0.032871,-0.998230,True,0.019874,1.177819,-0.076023,0.046571,-0.002135,0.031266,-0.998423
11.778,True,-0.043687,1.182864,-0.077887,0.046250,-0.018066,0.032841,-0.998226,True,0.019888,1.177818,-0.075992,0.046654,-0.002165,0.031236,-0.998420
11.789,True,-0.043693,1.182839,-0.077865,0.046193,-0.018336,0.032808,-0.998225,True,0.019883,1.177800,-0.075975,0.046596,-0.002437,0.031204,-0.998423
11.800,True,-0.043797,1.181015,-0.078378,0.046383,-0.018403,0.032775,-0.998216,True,0.019871,1.177806,-0.075945,0.046785,-0.002504,0.031173,-0.998415
11.811,True,-0.043805,1.181000,-0.078354,0.046629,-0.018342,0.032778,-0.998206,True,0.019863,1.177792,-0.075911,0.047032,-0.002442,0.031176,-0.998404
11.822,True,-0.043818,1.180978,-0.078348,0.046778,-0.018196,0.032714,-0.998204,True,0.019849,1.177781,-0.075889,0.047181,-0.002295,0.031111,-0.998399
11.834,True,-0.043839,1.180958,-0.078328,0.046683,-0.018440,0.032668,-0.998205,True,0.019829,1.177769,-0.075870,0.047084,-0.002542,0.031067,-0.998405
11.845,True,-0.043811,1.180947,-0.078321,0.046643,-0.018138,0.032668,-0.998213,True,0.019855,1.177758,-0.075829,0.047044,-0.002239,0.031067,-0.998407
11.856,True,-0.043827,1.180947,-0.078309,0.046643,-0.018029,0.032693,-0.998214,True,0.019840,1.177756,-0.075806,0.047045,-0.002130,0.031092,-0.998407
11.867,True,-0.043837,1.180960,-0.078302,0.046357,-0.017801,0.032671,-0.998232,True,0.019829,1.177769,-0.075783,0.046758,-0.001902,0.031070,-0.998421
11.878,True,-0.043841,1.180968,-0.078287,0.046300,-0.017767,0.032696,-0.998234,True,0.019824,1.177775,-0.075754,0.046701,-0.001869,0.031094,-0.998423
11.889,True,-0.043847,1.180987,-0.078287,0.046344,-0.017630,0.032763,-0.998232,True,0.019817,1.177788,-0.075729,0.046747,-0.001733,0.031160,-0.998419
11.900,True,-0.043859,1.181029,-0.078262,0.046431,-0.017580,0.032900,-0.998225,True,0.019803,1.177814,-0.075693,0.046836,-0.001683,0.031298,-0.998411
11.911,True,-0.043861,1.181039,-0.078246,0.046302,-0.017538,0.032985,-0.998229,True,0.019800,1.177814,-0.075664,0.046707,-0.001642,0.031381,-0.998414
11.922,True,-0.043866,1.181063,-0.078222,0.046381,-0.017491,0.033129,-0.998221,True,0.019795,1.177820,-0.075635,0.046789,-0.001595,0.031523,-0.998406
11.933,True,-0.043845,1.181073,-0.078202,0.046551,-0.017453,0.033092,-0.998215,True,0.019815,1.177836,-0.075609,0.046958,-0.001557,0.031484,-0.998399
11.945,True,-0.043825,1.181096,-0.078172,0.046512,-0.017529,0.033079,-0.998216,True,0.019835,1.177862,-0.075578,0.046918,-0.001634,0.031470,-0.998402
11.956,True,-0.043811,1.181108,-0.078142,0.046324,-0.017577,0.033125,-0.998222,True,0.019850,1.177866,-0.075555,0.046731,-0.001682,0.031516,-0.998409
11.967,True,-0.043786,1.181116,-0.078112,0.046146,-0.017421,0.033179,-0.998232,True,0.019873,1.177865,-0.075520,0.046554,-0.001526,0.031570,-0.998416
11.978,True,-0.043764,1.181119,-0.078072,0.046098,-0.017634,0.033314,-0.998226,True,0.019895,1.177852,-0.075489,0.046508,-0.001740,0.031706,-0.998413
11.989,True,-0.043745,1.181072,-0.078032,0.046003,-0.017742,0.033259,-0.998230,True,0.019916,1.177810,-0.075469,0.046412,-0.001848,0.031651,-0.998419
12.000,True,-0.043715,1.180983,-0.077994,0.046468,-0.017897,0.033021,-0.998213,True,0.019948,1.177754,-0.075446,0.046874,-0.002002,0.031413,-0.998405
12.011,True,-0.043681,1.180924,-0.077944,0.046340,-0.017891,0.032733,-0.998229,True,0.019984,1.177729,-0.075410,0.046742,-0.001995,0.031128,-0.998420
12.022,True,-0.043653,1.180886,-0.077907,0.046141,-0.017980,0.032660,-0.998239,True,0.020013,1.177700,-0.075379,0.046540,-0.002085,0.031055,-0.998431
12.033,True,-0.043637,1.180902,-0.077857,0.046096,-0.017862,0.032657,-0.998243,True,0.020029,1.177712,-0.075341,0.046496,-0.001965,0.031053,-0.998434
12.045,True,-0.043607,1.180954,-0.077810,0.046100,-0.017991,0.032920,-0.998232,True,0.020057,1.177732,-0.075297,0.046504,-0.002095,0.031316,-0.998425
12.056,True,-0.043568,1.181016,-0.077757,0.045910,-0.017784,0.033303,-0.998232,True,0.020094,1.177740,-0.075256,0.046320,-0.001886,0.031699,-0.998422
12.067,True,-0.043554,1.181076,-0.077702,0.045914,-0.017962,0.033558,-0.998220,True,0.020107,1.177765,-0.075220,0.046328,-0.002063,0.031956,-0.998413
12.078,True,-0.043516,1.181107,-0.077663,0.046533,-0.017568,0.033708,-0.998193,True,0.020144,1.177773,-0.075197,0.046953,-0.001664,0.032107,-0.998380
12.089,True,-0.043486,1.181113,-0.077620,0.046082,-0.017953,0.033687,-0.998208,True,0.020175,1.177782,-0.075175,0.046500,-0.002051,0.032088,-0.998401
12.103,True,-0.043466,1.181078,-0.077586,0.046404,-0.017496,0.033281,-0.998215,True,0.020199,1.177791,-0.075159,0.046818,-0.001588,0.031682,-0.998400
12.114,True,-0.043475,1.181078,-0.077574,0.045908,-0.016928,0.032933,-0.998259,True,0.020192,1.177826,-0.075148,0.046317,-0.001017,0.031334,-0.998435
12.125,True,-0.043497,1.181068,-0.077572,0.046134,-0.016768,0.032806,-0.998256,True,0.020170,1.177830,-0.075148,0.046542,-0.000855,0.031207,-0.998428
12.136,True,-0.043513,1.181045,-0.077567,0.046186,-0.016692,0.032781,-0.998255,True,0.020154,1.177811,-0.075140,0.046594,-0.000779,0.031181,-0.998427
12.147,True,-0.043523,1.181028,-0.077579,0.046223,-0.016382,0.032787,-0.998259,True,0.020143,1.177791,-0.075144,0.046631,-0.000468,0.031187,-0.998425
12.158,True,-0.043529,1.181017,-0.077587,0.046237,-0.016270,0.032762,-0.998261,True,0.020137,1.177781,-0.075154,0.046646,-0.000354,0.031163,-0.998425
12.170,True,-0.043532,1.181004,-0.077601,0.045806,-0.015843,0.032644,-0.998291,True,0.020134,1.177777,-0.075158,0.046212,0.000074,0.031044,-0.998449
12.181,True,-0.043546,1.181000,-0.077634,0.045740,-0.015499,0.032634,-0.998300,True,0.020119,1.177772,-0.075170,0.046147,0.000419,0.031032,-0.998452
12.192,True,-0.043574,1.181000,-0.077654,0.045651,-0.015357,0.032605,-0.998307,True,0.020092,1.177775,-0.075180,0.046057,0.000561,0.031003,-0.998457
12.203,True,-0.043603,1.180985,-0.077701,0.045777,-0.014823,0.032596,-0.998310,True,0.020061,1.177762,-0.075184,0.046184,0.001096,0.030991,-0.998452
12.214,True,-0.043648,1.180995,-0.077736,0.045578,-0.014372,0.032479,-0.998329,True,0.020016,1.177782,-0.075198,0.045984,0.001550,0.030876,-0.998464
12.225,True,-0.043674,1.181019,-0.077779,0.045593,-0.014187,0.032486,-0.998331,True,0.019989,1.177806,-0.075221,0.045999,0.001734,0.030883,-0.998463
12.236,True,-0.043708,1.181033,-0.077820,0.045449,-0.013713,0.032464,-0.998345,True,0.019954,1.177819,-0.075238,0.045855,0.002210,0.030860,-0.998469
12.247,True,-0.043742,1.181024,-0.077867,0.045324,-0.013309,0.032521,-0.998354,True,0.019919,1.177802,-0.075254,0.045732,0.002615,0.030917,-0.998472
12.258,True,-0.043769,1.181005,-0.077912,0.045256,-0.013019,0.032496,-0.998362,True,0.019890,1.177785,-0.075276,0.045664,0.002905,0.030892,-0.998475
12.269,True,-0.043790,1.181008,-0.077943,0.045153,-0.012681,0.032224,-0.998380,True,0.019871,1.177819,-0.075297,0.045557,0.003245,0.030620,-0.998487
12.280,True,-0.043795,1.181024,-0.077984,0.045179,-0.012447,0.032045,-0.998387,True,0.019866,1.177859,-0.075321,0.045581,0.003479,0.030441,-0.998491
12.292,True,-0.043792,1.181045,-0.078038,0.045203,-0.012232,0.032053,-0.998389,True,0.019868,1.177880,-0.075347,0.045605,0.003694,0.030448,-0.998489
12.303,True,-0.043792,1.181041,-0.078081,0.045115,-0.011950,0.032259,-0.998389,True,0.019866,1.177848,-0.075371,0.045521,0.003977,0.030654,-0.998485
12.314,True,-0.043790,1.181054,-0.078112,0.044982,-0.012018,0.032417,-0.998389,True,0.019866,1.177841,-0.075397,0.045390,0.003909,0.030815,-0.998486
12.325,True,-0.043781,1.181077,-0.078151,0.044854,-0.012178,0.032759,-0.998382,True,0.019873,1.177822,-0.075436,0.045267,0.003747,0.031158,-0.998482
12.336,True,-0.043753,1.181064,-0.078153,0.044644,-0.012036,0.032448,-0.998403,True,0.019904,1.177844,-0.075448,0.045052,0.003891,0.030849,-0.998501
12.347,True,-0.043730,1.181070,-0.078164,0.044498,-0.012226,0.032198,-0.998416,True,0.019928,1.177883,-0.075465,0.044902,0.003699,0.030600,-0.998516
12.358,True,-0.043705,1.181064,-0.078184,0.044397,-0.012455,0.031986,-0.998424,True,0.019955,1.177906,-0.075490,0.044796,0.003469,0.030386,-0.998528
12.369,True,-0.043664,1.181072,-0.078183,0.044153,-0.012496,0.031835,-0.998439,True,0.019997,1.177933,-0.075484,0.044549,0.003426,0.030235,-0.998544
12.381,True,-0.043629,1.181066,-0.078170,0.043789,-0.012474,0.031737,-0.998459,True,0.020032,1.177935,-0.075479,0.044183,0.003448,0.030138,-0.998563
12.392,True,-0.043578,1.181046,-0.078170,0.043876,-0.012574,0.031762,-0.998453,True,0.020084,1.177913,-0.075489,0.044270,0.003349,0.030164,-0.998559
12.403,True,-0.043537,1.181012,-0.078141,0.042989,-0.012706,0.031843,-0.998487,True,0.020125,1.177862,-0.075478,0.043383,0.003215,0.030248,-0.998595
12.414,True,-0.043482,1.180977,-0.078122,0.042822,-0.013021,0.031977,-0.998486,True,0.020180,1.177810,-0.075482,0.043218,0.002899,0.030384,-0.998599
12.425,True,-0.043409,1.180956,-0.078108,0.042415,-0.013218,0.032126,-0.998496,True,0.020253,1.177767,-0.075487,0.042813,0.002702,0.030537,-0.998613
12.436,True,-0.043345,1.180938,-0.078082,0.042209,-0.013302,0.032369,-0.998496,True,0.020316,1.177716,-0.075471,0.042611,0.002618,0.030783,-0.998614
12.447,True,-0.043277,1.180949,-0.078066,0.041769,-0.013470,0.032533,-0.998507,True,0.020383,1.177703,-0.075471,0.042172,0.002449,0.030948,-0.998628
12.458,True,-0.043201,1.180969,-0.078055,0.041629,-0.013610,0.032764,-0.998503,True,0.020458,1.177693,-0.075471,0.042036,0.002307,0.031178,-0.998627
12.469,True,-0.043152,1.180998,-0.078009,0.041506,-0.013759,0.032976,-0.998499,True,0.020506,1.177694,-0.075442,0.041916,0.002158,0.031390,-0.998626
12.481,True,-0.043078,1.181044,-0.077986,0.041417,-0.013790,0.033104,-0.998498,True,0.020580,1.177722,-0.075430,0.041828,0.002127,0.031516,-0.998625
12.492,True,-0.043031,1.181095,-0.077957,0.041203,-0.013901,0.033291,-0.998499,True,0.020625,1.177747,-0.075417,0.041617,0.002015,0.031703,-0.998629
12.503,True,-0.042988,1.181118,-0.077925,0.041130,-0.013959,0.033374,-0.998499,True,0.020669,1.177756,-0.075410,0.041544,0.001957,0.031784,-0.998629
12.514,True,-0.042925,1.181102,-0.077906,0.040836,-0.013891,0.033469,-0.998509,True,0.020732,1.177725,-0.075396,0.041252,0.002025,0.031879,-0.998638
12.525,True,-0.042898,1.181116,-0.077890,0.040677,-0.013956,0.033492,-0.998513,True,0.020758,1.177733,-0.075393,0.041093,0.001960,0.031901,-0.998644
12.536,True,-0.042864,1.181114,-0.077855,0.040651,-0.014163,0.033484,-0.998512,True,0.020794,1.177732,-0.075378,0.041066,0.001751,0.031893,-0.998646
12.547,True,-0.042826,1.181110,-0.077813,0.040503,-0.014282,0.033387,-0.998519,True,0.020833,1.177738,-0.075363,0.040917,0.001633,0.031795,-0.998655
12.558,True,-0.042795,1.181112,-0.077794,0.040313,-0.014352,0.033259,-0.998530,True,0.020865,1.177754,-0.075356,0.040724,0.001562,0.031667,-0.998667
12.570,True,-0.042808,1.181098,-0.077762,0.040246,-0.014473,0.033194,-0.998533,True,0.020853,1.177748,-0.075338,0.040656,0.001442,0.031602,-0.998672
12.581,True,-0.042814,1.181090,-0.077740,0.040024,-0.014633,0.033151,-0.998541,True,0.020848,1.177744,-0.075330,0.040432,0.001281,0.031560,-0.998683
12.592,True,-0.042816,1.181077,-0.077725,0.040023,-0.014603,0.033065,-0.998545,True,0.020847,1.177741,-0.075314,0.040430,0.001310,0.031473,-0.998686
12.603,True,-0.042856,1.181064,-0.077714,0.039874,-0.014395,0.032941,-0.998558,True,0.020807,1.177741,-0.075299,0.040279,0.001519,0.031350,-0.998695
12.614,True,-0.042889,1.181030,-0.077712,0.040364,-0.012959,0.032678,-0.998566,True,0.020775,1.177727,-0.075283,0.040770,0.002965,0.031085,-0.998681
12.625,True,-0.042917,1.181032,-0.077702,0.039906,-0.005901,0.031977,-0.998674,True,0.020746,1.177727,-0.075256,0.040321,0.010065,0.030379,-0.998674
12.636,True,-0.042952,1.181007,-0.077698,0.040339,-0.009240,0.032292,-0.998621,True,0.020710,1.177710,-0.075240,0.040749,0.006708,0.030697,-0.998675
12.648,True,-0.042998,1.180991,-0.077689,0.039519,-0.005148,0.031893,-0.998697,True,0.020664,1.177690,-0.075214,0.039934,0.010821,0.030296,-0.998684
12.659,True,-0.043042,1.180984,-0.077682,0.039290,-0.003108,0.031675,-0.998721,True,0.020620,1.177685,-0.075190,0.039707,0.012871,0.030078,-0.998676
12.670,True,-0.043068,1.180948,-0.077692,0.039355,-0.001408,0.031544,-0.998726,True,0.020593,1.177647,-0.075185,0.039775,0.014580,0.029945,-0.998654
12.681,True,-0.043108,1.180943,-0.077684,0.039353,0.000783,0.031389,-0.998732,True,0.020552,1.177636,-0.075164,0.039777,0.016782,0.029790,-0.998623
12.692,True,-0.043145,1.180930,-0.077678,0.039183,0.000659,0.031331,-0.998741,True,0.020515,1.177632,-0.075149,0.039606,0.016657,0.029733,-0.998634
12.703,True,-0.043148,1.180881,-0.077672,0.039499,0.000717,0.031315,-0.998729,True,0.020512,1.177586,-0.075140,0.039922,0.016715,0.029716,-0.998621
12.714,True,-0.043169,1.180848,-0.077653,0.039425,0.001264,0.031193,-0.998735,True,0.020491,1.177562,-0.075116,0.039847,0.017264,0.029594,-0.998618
12.725,True,-0.043189,1.180831,-0.077636,0.039075,0.000993,0.031174,-0.998749,True,0.020471,1.177549,-0.075096,0.039496,0.016991,0.029574,-0.998638
12.736,True,-0.043204,1.180828,-0.077623,0.038779,0.001412,0.031122,-0.998762,True,0.020456,1.177547,-0.075075,0.039200,0.017410,0.029520,-0.998644
12.747,True,-0.043225,1.180864,-0.077594,0.038287,0.001748,0.031243,-0.998777,True,0.020434,1.177559,-0.075060,0.038710,0.017747,0.029641,-0.998653
12.759,True,-0.043232,1.180879,-0.077569,0.038171,0.001507,0.031371,-0.998778,True,0.020426,1.177559,-0.075043,0.038596,0.017505,0.029770,-0.998658
12.770,True,-0.043218,1.180851,-0.077538,0.038055,0.001375,0.031304,-0.998784,True,0.020442,1.177537,-0.075030,0.038478,0.017373,0.029703,-0.998667
12.781,True,-0.043213,1.180757,-0.077504,0.038614,0.000983,0.031071,-0.998771,True,0.020449,1.177480,-0.075011,0.039033,0.016981,0.029470,-0.998659
12.792,True,-0.043214,1.180688,-0.077470,0.038575,0.001129,0.030835,-0.998779,True,0.020450,1.177436,-0.074992,0.038991,0.017128,0.029234,-0.998665
12.803,True,-0.043227,1.181452,-0.077254,0.038705,0.001058,0.030688,-0.998779,True,0.020465,1.177422,-0.074978,0.039119,0.017058,0.029090,-0.998665
12.814,True,-0.043192,1.181474,-0.077205,0.038456,0.001177,0.030772,-0.998786,True,0.020499,1.177428,-0.074943,0.038871,0.017177,0.029176,-0.998671
12.825,True,-0.043181,1.181512,-0.077168,0.038447,0.001213,0.031021,-0.998778,True,0.020508,1.177432,-0.074916,0.038866,0.017215,0.029427,-0.998663
12.836,True,-0.043186,1.181563,-0.077126,0.038510,0.001088,0.031425,-0.998763,True,0.020501,1.177432,-0.074890,0.038936,0.017090,0.029832,-0.998650
12.847,True,-0.043158,1.181597,-0.077117,0.038542,0.001051,0.031844,-0.998749,True,0.020525,1.177413,-0.074880,0.038976,0.017054,0.030255,-0.998637
12.859,True,-0.043160,1.181574,-0.077089,0.038680,0.000442,0.032003,-0.998739,True,0.020523,1.177375,-0.074876,0.039115,0.016443,0.030415,-0.998636
12.870,True,-0.043155,1.181565,-0.077062,0.038570,0.000090,0.032141,-0.998739,True,0.020528,1.177350,-0.074869,0.039006,0.016091,0.030557,-0.998642
12.881,True,-0.043096,1.181548,-0.077059,0.038491,-0.000150,0.031997,-0.998747,True,0.020589,1.177353,-0.074882,0.038924,0.015851,0.030415,-0.998654
12.892,True,-0.043108,1.181519,-0.077043,0.038214,-0.000331,0.031671,-0.998768,True,0.020580,1.177363,-0.074887,0.038642,0.015669,0.030091,-0.998677
12.903,True,-0.043118,1.181499,-0.077041,0.038057,-0.000442,0.031541,-0.998778,True,0.020571,1.177359,-0.074895,0.038482,0.015558,0.029962,-0.998689
12.914,True,-0.043125,1.181454,-0.077050,0.038126,-0.000614,0.031435,-0.998778,True,0.020565,1.177329,-0.074914,0.038549,0.015385,0.029855,-0.998692
12.925,True,-0.043143,1.181448,-0.077060,0.037869,-0.000643,0.031467,-0.998787,True,0.020547,1.177317,-0.074930,0.038293,0.015356,0.029889,-0.998702
12.936,True,-0.043159,1.181414,-0.077065,0.037844,-0.000865,0.031428,-0.998789,True,0.020532,1.177288,-0.074955,0.038267,0.015134,0.029849,-0.998707
12.947,True,-0.043183,1.181397,-0.077075,0.037577,-0.000883,0.031313,-0.998803,True,0.020510,1.177283,-0.074972,0.037998,0.015115,0.029732,-0.998721
12.958,True,-0.043217,1.181387,-0.077094,0.037658,-0.000839,0.031198,-0.998803,True,0.020477,1.177288,-0.074989,0.038077,0.015159,0.029614,-0.998721
12.970,True,-0.043255,1.181390,-0.077121,0.037630,-0.000466,0.031003,-0.998811,True,0.020439,1.177312,-0.074999,0.038046,0.015531,0.029416,-0.998722
12.981,True,-0.043311,1.181411,-0.077146,0.037236,-0.000101,0.030857,-0.998830,True,0.020384,1.177348,-0.075005,0.037649,0.015896,0.029268,-0.998736
12.992,True,-0.043377,1.181423,-0.077191,0.037109,0.000463,0.030777,-0.998837,True,0.020317,1.177365,-0.075023,0.037522,0.016460,0.029184,-0.998734
13.003,True,-0.043449,1.181461,-0.077233,0.036915,0.000782,0.030568,-0.998851,True,0.020246,1.177429,-0.075032,0.037325,0.016779,0.028976,-0.998742
13.014,True,-0.043530,1.181489,-0.077306,0.036994,0.001114,0.030575,-0.998847,True,0.020163,1.177458,-0.075068,0.037405,0.017111,0.028981,-0.998733
13.025,True,-0.043587,1.181482,-0.077333,0.036650,0.001168,0.030524,-0.998861,True,0.020106,1.177457,-0.075082,0.037060,0.017164,0.028931,-0.998747
13.036,True,-0.043659,1.181447,-0.077403,0.036488,0.001537,0.030475,-0.998868,True,0.020033,1.177427,-0.075112,0.036897,0.017532,0.028882,-0.998748
13.047,True,-0.043709,1.181416,-0.077471,0.036123,0.001716,0.030291,-0.998887,True,0.019983,1.177421,-0.075144,0.036529,0.017710,0.028699,-0.998764
13.059,True,-0.043780,1.181426,-0.077531,0.036058,0.001918,0.030077,-0.998895,True,0.019913,1.177459,-0.075177,0.036460,0.017912,0.028483,-0.998769
13.070,True,-0.043806,1.181440,-0.077595,0.035958,0.002244,0.029939,-0.998902,True,0.019887,1.177492,-0.075195,0.036358,0.018237,0.028345,-0.998770
13.081,True,-0.043871,1.181482,-0.077656,0.035665,0.002401,0.030167,-0.998906,True,0.019819,1.177506,-0.075220,0.036068,0.018392,0.028573,-0.998772
13.092,True,-0.043922,1.181523,-0.077706,0.035802,0.002363,0.030472,-0.998892,True,0.019764,1.177512,-0.075248,0.036210,0.018353,0.028877,-0.998758
13.103,True,-0.043947,1.181561,-0.077756,0.035943,0.002299,0.030720,-0.998879,True,0.019737,1.177521,-0.075290,0.036354,0.018289,0.029123,-0.998747
13.114,True,-0.043953,1.181616,-0.077787,0.035904,0.002281,0.030732,-0.998880,True,0.019731,1.177575,-0.075322,0.036315,0.018271,0.029135,-0.998749
13.125,True,-0.043954,1.181657,-0.077820,0.036208,0.002167,0.030590,-0.998874,True,0.019732,1.177635,-0.075363,0.036617,0.018157,0.028989,-0.998744
13.136,True,-0.043956,1.181679,-0.077857,0.036546,0.002059,0.030360,-0.998869,True,0.019731,1.177689,-0.075400,0.036951,0.018047,0.028755,-0.998740
13.147,True,-0.043905,1.181731,-0.077885,0.036686,0.001955,0.030177,-0.998869,True,0.019784,1.177765,-0.075441,0.037088,0.017943,0.028569,-0.998742
13.158,True,-0.043871,1.181774,-0.077904,0.036847,0.001853,0.030031,-0.998868,True,0.019820,1.177827,-0.075475,0.037246,0.017841,0.028420,-0.998743
13.169,True,-0.043853,1.181803,-0.077925,0.036998,0.001703,0.029987,-0.998864,True,0.019839,1.177861,-0.075513,0.037396,0.017690,0.028373,-0.998741
13.181,True,-0.043763,1.181827,-0.077975,0.037107,0.001396,0.030196,-0.998854,True,0.019929,1.177859,-0.075587,0.037508,0.017383,0.028581,-0.998736
13.192,True,-0.043716,1.181853,-0.077988,0.037403,0.001170,0.030290,-0.998840,True,0.019976,1.177874,-0.075629,0.037805,0.017157,0.028673,-0.998726
13.203,True,-0.043657,1.181882,-0.077996,0.037476,0.000962,0.030396,-0.998835,True,0.020035,1.177889,-0.075664,0.037880,0.016950,0.028778,-0.998724
13.214,True,-0.043608,1.181923,-0.078013,0.037578,0.000806,0.030501,-0.998828,True,0.020084,1.177917,-0.075696,0.037984,0.016794,0.028884,-0.998720
13.225,True,-0.043573,1.181929,-0.078026,0.037705,0.000700,0.030573,-0.998821,True,0.020118,1.177913,-0.075721,0.038112,0.016688,0.028954,-0.998715
13.236,True,-0.043540,1.181936,-0.078036,0.037786,0.000694,0.030708,-0.998814,True,0.020151,1.177903,-0.075739,0.038195,0.016682,0.029089,-0.998708
13.247,True,-0.043496,1.181959,-0.078058,0.038077,0.000729,0.030813,-0.998799,True,0.020194,1.177913,-0.075761,0.038488,0.016718,0.029193,-0.998693
13.258,True,-0.043467,1.181992,-0.078066,0.038164,0.000711,0.030966,-0.998791,True,0.020222,1.177926,-0.075778,0.038578,0.016700,0.029346,-0.998685
13.269,True,-0.043434,1.182014,-0.078074,0.038269,0.000779,0.031122,-0.998783,True,0.020254,1.177926,-0.075796,0.038686,0.016769,0.029500,-0.998675
13.281,True,-0.043418,1.182029,-0.078077,0.038437,0.000797,0.031229,-0.998773,True,0.020270,1.177926,-0.075816,0.038856,0.016787,0.029606,-0.998665
13.292,True,-0.043393,1.182053,-0.078088,0.038673,0.001184,0.031308,-0.998761,True,0.020223,1.178555,-0.075819,0.039095,0.017178,0.029684,-0.998647
13.303,True,-0.043375,1.182056,-0.078081,0.038815,0.001067,0.031409,-0.998752,True,0.020242,1.178545,-0.075826,0.039239,0.017060,0.029785,-0.998640
13.314,True,-0.043364,1.182054,-0.078080,0.038888,0.001042,0.031389,-0.998750,True,0.020253,1.178544,-0.075837,0.039311,0.017036,0.029765,-0.998638
13.325,True,-0.043358,1.182043,-0.078078,0.038911,0.001133,0.031312,-0.998751,True,0.020259,1.178541,-0.075846,0.039334,0.017129,0.029689,-0.998638
13.336,True,-0.043359,1.182017,-0.078064,0.038753,0.001070,0.031206,-0.998761,True,0.020259,1.178526,-0.075846,0.039174,0.017065,0.029584,-0.998649
13.347,True,-0.043365,1.181989,-0.078060,0.038525,0.001147,0.031089,-0.998773,True,0.020254,1.178511,-0.075848,0.038945,0.017143,0.029467,-0.998660
13.358,True,-0.043384,1.181980,-0.078062,0.038426,0.001251,0.030981,-0.998780,True,0.020236,1.178513,-0.075856,0.038844,0.017247,0.029361,-0.998665
13.369,True,-0.043406,1.181957,-0.078070,0.038119,0.001338,0.030869,-0.998795,True,0.020215,1.178501,-0.075865,0.038535,0.017334,0.029249,-0.998679
13.380,True,-0.043425,1.181948,-0.078076,0.038065,0.001341,0.030824,-0.998799,True,0.020196,1.178498,-0.075866,0.038481,0.017336,0.029204,-0.998682
13.392,True,-0.043454,1.181946,-0.078073,0.038027,0.001496,0.030684,-0.998804,True,0.020168,1.178512,-0.075863,0.038441,0.017492,0.029064,-0.998685
13.403,True,-0.043480,1.181945,-0.078076,0.038006,0.001587,0.030645,-0.998806,True,0.020142,1.178516,-0.075853,0.038419,0.017583,0.029024,-0.998685
13.414,True,-0.043511,1.181934,-0.078076,0.037867,0.001624,0.030609,-0.998813,True,0.020110,1.178511,-0.075837,0.038278,0.017619,0.028987,-0.998691
13.425,True,-0.043543,1.181925,-0.078066,0.037756,0.001612,0.030593,-0.998817,True,0.020078,1.178505,-0.075810,0.038167,0.017606,0.028972,-0.998696
13.436,True,-0.043568,1.181912,-0.078050,0.037572,0.001642,0.030501,-0.998827,True,0.020053,1.178505,-0.075782,0.037982,0.017635,0.028880,-0.998705
13.447,True,-0.043595,1.181878,-0.078033,0.037363,0.001684,0.030454,-0.998836,True,0.020026,1.178478,-0.075747,0.037771,0.017676,0.028833,-0.998714
13.458,True,-0.043626,1.181865,-0.078010,0.037196,0.001784,0.030411,-0.998844,True,0.019995,1.178471,-0.075702,0.037604,0.017776,0.028792,-0.998720
13.469,True,-0.043646,1.181856,-0.077993,0.037110,0.001888,0.030518,-0.998843,True,0.019973,1.178450,-0.075665,0.037519,0.017879,0.028900,-0.998718
13.481,True,-0.043672,1.181847,-0.077962,0.036832,0.002017,0.030650,-0.998849,True,0.019946,1.178423,-0.075619,0.037243,0.018008,0.029034,-0.998722
13.492,True,-0.043682,1.181825,-0.077946,0.036800,0.001853,0.030770,-0.998847,True,0.019934,1.178389,-0.075591,0.037213,0.017843,0.029155,-0.998723
13.503,True,-0.043699,1.181791,-0.077933,0.036715,0.001846,0.030812,-0.998849,True,0.019916,1.178351,-0.075563,0.037127,0.017835,0.029199,-0.998725
13.514,True,-0.043715,1.181777,-0.077896,0.036540,0.001742,0.030894,-0.998853,True,0.019900,1.178329,-0.075520,0.036954,0.017731,0.029283,-0.998731
13.525,True,-0.043723,1.181763,-0.077864,0.036416,0.001769,0.030824,-0.998860,True,0.019892,1.178323,-0.075484,0.036828,0.017757,0.029212,-0.998737
13.536,True,-0.043739,1.181787,-0.077821,0.036389,0.001708,0.030774,-0.998862,True,0.019877,1.178354,-0.075439,0.036800,0.017696,0.029160,-0.998740
13.547,True,-0.043756,1.181832,-0.077778,0.036279,0.001634,0.030833,-0.998865,True,0.019859,1.178392,-0.075392,0.036690,0.017620,0.029218,-0.998744
13.559,True,-0.043764,1.181881,-0.077735,0.036368,0.001448,0.030874,-0.998860,True,0.019851,1.178439,-0.075348,0.036779,0.017433,0.029258,-0.998743
13.570,True,-0.043752,1.181873,-0.077695,0.036491,0.001397,0.030795,-0.998859,True,0.019863,1.178442,-0.075307,0.036901,0.017381,0.029177,-0.998742
13.581,True,-0.043750,1.181829,-0.077623,0.036667,0.001072,0.030622,-0.998858,True,0.019867,1.178424,-0.075247,0.037074,0.017056,0.029005,-0.998746
13.592,True,-0.043739,1.181789,-0.077597,0.036606,0.000876,0.030395,-0.998867,True,0.019880,1.178416,-0.075217,0.037008,0.016859,0.028778,-0.998758
13.603,True,-0.043718,1.181776,-0.077596,0.036402,0.000774,0.030352,-0.998876,True,0.019901,1.178409,-0.075213,0.036803,0.016756,0.028737,-0.998769
13.614,True,-0.043706,1.181779,-0.077553,0.036272,0.000562,0.030474,-0.998877,True,0.019913,1.178398,-0.075173,0.036674,0.016544,0.028862,-0.998773
13.625,True,-0.043689,1.181803,-0.077513,0.036044,0.000218,0.030793,-0.998876,True,0.019927,1.178385,-0.075136,0.036451,0.016198,0.029183,-0.998778
13.636,True,-0.043668,1.181843,-0.077501,0.035915,0.000120,0.031328,-0.998864,True,0.019944,1.178357,-0.075118,0.036330,0.016099,0.029719,-0.998768
13.648,True,-0.043649,1.181895,-0.077450,0.035649,-0.000166,0.031812,-0.998858,True,0.019961,1.178347,-0.075088,0.036071,0.015812,0.030205,-0.998768
13.659,True,-0.043629,1.181910,-0.077399,0.035074,-0.000795,0.031884,-0.998876,True,0.019982,1.178354,-0.075065,0.035495,0.015180,0.030279,-0.998796
13.670,True,-0.043601,1.181921,-0.077355,0.035202,-0.001106,0.031886,-0.998871,True,0.020011,1.178365,-0.075047,0.035622,0.014868,0.030280,-0.998796
13.681,True,-0.043571,1.181909,-0.077302,0.035431,-0.001417,0.031532,-0.998874,True,0.020044,1.178399,-0.075027,0.035845,0.014557,0.029925,-0.998803
13.692,True,-0.043555,1.181890,-0.077258,0.035276,-0.001714,0.031285,-0.998886,True,0.020063,1.178412,-0.075006,0.035685,0.014259,0.029678,-0.998821
13.703,True,-0.043568,1.181837,-0.077239,0.035666,-0.002261,0.031088,-0.998878,True,0.020052,1.178390,-0.075011,0.036072,0.013711,0.029483,-0.998820
13.714,True,-0.043561,1.181784,-0.077218,0.035664,-0.002569,0.031021,-0.998879,True,0.020060,1.178347,-0.075013,0.036068,0.013404,0.029417,-0.998826
13.725,True,-0.043561,1.181727,-0.077196,0.035393,-0.002874,0.030922,-0.998891,True,0.020062,1.178302,-0.075013,0.035795,0.013098,0.029320,-0.998843
13.736,True,-0.043615,1.181646,-0.077208,0.035133,-0.003234,0.030876,-0.998900,True,0.020009,1.178227,-0.075047,0.035532,0.012736,0.029276,-0.998859
13.747,True,-0.043622,1.181606,-0.077199,0.034920,-0.003399,0.030697,-0.998913,True,0.020004,1.178211,-0.075040,0.035317,0.012571,0.029099,-0.998873
13.759,True,-0.043654,1.181568,-0.077200,0.034821,-0.003548,0.030607,-0.998919,True,0.019972,1.178187,-0.075033,0.035215,0.012421,0.029011,-0.998881
13.770,True,-0.043705,1.181523,-0.077236,0.034671,-0.003574,0.030554,-0.998925,True,0.019921,1.178150,-0.075051,0.035064,0.012393,0.028958,-0.998889
13.781,True,-0.043754,1.181488,-0.077248,0.034422,-0.003502,0.030382,-0.998939,True,0.019873,1.178138,-0.075044,0.034812,0.012465,0.028787,-0.998901
13.792,True,-0.043804,1.181473,-0.077273,0.034033,-0.003192,0.030281,-0.998957,True,0.019822,1.178134,-0.075034,0.034421,0.012774,0.028688,-0.998914
13.803,True,-0.043827,1.181469,-0.077318,0.033997,-0.002979,0.030333,-0.998957,True,0.019798,1.178124,-0.075053,0.034386,0.012986,0.028740,-0.998911
13.814,True,-0.043969,1.181157,-0.077461,0.034034,-0.002575,0.030379,-0.998956,True,0.019741,1.178138,-0.075057,0.034425,0.013392,0.028787,-0.998903
13.825,True,-0.044023,1.181150,-0.077514,0.033814,-0.002478,0.030408,-0.998962,True,0.019685,1.178129,-0.075078,0.034205,0.013488,0.028817,-0.998908
13.836,True,-0.044038,1.181112,-0.077573,0.034618,-0.001926,0.030472,-0.998934,True,0.019669,1.178085,-0.075108,0.035013,0.014045,0.028882,-0.998871
13.847,True,-0.044076,1.181093,-0.077621,0.034632,-0.001758,0.030321,-0.998939,True,0.019631,1.178086,-0.075135,0.035024,0.014213,0.028731,-0.998872
13.858,True,-0.044101,1.181102,-0.077676,0.034553,-0.001605,0.030153,-0.998947,True,0.019606,1.178117,-0.075169,0.034942,0.014364,0.028562,-0.998878
13.869,True,-0.044127,1.181123,-0.077749,0.034851,-0.001358,0.030153,-0.998937,True,0.019580,1.178141,-0.075212,0.035241,0.014613,0.028561,-0.998864
13.881,True,-0.044149,1.181174,-0.077802,0.035045,-0.001188,0.030421,-0.998922,True,0.019555,1.178159,-0.075240,0.035439,0.014782,0.028827,-0.998847
13.892,True,-0.044170,1.181231,-0.077843,0.036017,-0.001578,0.030750,-0.998877,True,0.019531,1.178185,-0.075274,0.036416,0.014392,0.029153,-0.998808
13.903,True,-0.044192,1.181277,-0.077870,0.036349,-0.001632,0.030988,-0.998857,True,0.019508,1.178204,-0.075302,0.036752,0.014338,0.029387,-0.998789
13.914,True,-0.044189,1.181351,-0.077901,0.036745,-0.001797,0.030971,-0.998843,True,0.019512,1.178283,-0.075341,0.037148,0.014172,0.029365,-0.998778
13.925,True,-0.044177,1.181411,-0.077938,0.037149,-0.002067,0.030800,-0.998833,True,0.019526,1.178370,-0.075380,0.037549,0.013900,0.029188,-0.998772
13.936,True,-0.044187,1.181491,-0.077971,0.037728,-0.002051,0.030593,-0.998818,True,0.019517,1.178478,-0.075421,0.038124,0.013918,0.028977,-0.998756
13.947,True,-0.044166,1.181578,-0.078004,0.037629,-0.002359,0.030517,-0.998823,True,0.019539,1.178578,-0.075452,0.038022,0.013606,0.028895,-0.998766
13.959,True,-0.044139,1.181644,-0.078037,0.038119,-0.002471,0.030523,-0.998804,True,0.019566,1.178646,-0.075495,0.038513,0.013494,0.028898,-0.998749
13.970,True,-0.044122,1.181686,-0.078083,0.037896,-0.002537,0.030637,-0.998809,True,0.019583,1.178671,-0.075553,0.038291,0.013427,0.029010,-0.998755
13.981,True,-0.044075,1.181710,-0.078120,0.038413,-0.002775,0.030807,-0.998783,True,0.019629,1.178678,-0.075604,0.038811,0.013189,0.029177,-0.998734
13.992,True,-0.044035,1.181746,-0.078137,0.038174,-0.002688,0.030875,-0.998790,True,0.019669,1.178700,-0.075637,0.038573,0.013276,0.029243,-0.998740
14.003,True,-0.044002,1.181783,-0.078176,0.038185,-0.002689,0.030991,-0.998786,True,0.019702,1.178721,-0.075686,0.038586,0.013275,0.029358,-0.998736
14.014,True,-0.043959,1.181822,-0.078203,0.038344,-0.002760,0.031155,-0.998775,True,0.019745,1.178738,-0.075726,0.038748,0.013203,0.029517,-0.998726
14.025,True,-0.043920,1.181892,-0.078213,0.038504,-0.002145,0.031251,-0.998767,True,0.019783,1.178787,-0.075750,0.038911,0.013822,0.029609,-0.998708
14.036,True,-0.043882,1.181945,-0.078250,0.036769,0.002691,0.030868,-0.998843,True,0.019820,1.178814,-0.075788,0.037183,0.018674,0.029219,-0.998707
14.047,True,-0.043855,1.181993,-0.078255,0.035080,0.004298,0.030817,-0.998900,True,0.019846,1.178833,-0.075817,0.035497,0.020283,0.029162,-0.998738
14.059,True,-0.043800,1.182043,-0.078259,0.035288,0.006885,0.030709,-0.998882,True,0.019900,1.178863,-0.075825,0.035712,0.022880,0.029048,-0.998678
14.070,True,-0.043776,1.182085,-0.078252,0.035934,0.006632,0.030941,-0.998853,True,0.019924,1.178879,-0.075836,0.036361,0.022627,0.029277,-0.998654
14.081,True,-0.043732,1.182130,-0.078235,0.035793,0.008460,0.030954,-0.998844,True,0.019967,1.178893,-0.075839,0.036227,0.024463,0.029288,-0.998615
14.092,True,-0.043698,1.182135,-0.078224,0.035730,0.011323,0.030703,-0.998826,True,0.020002,1.178888,-0.075853,0.036169,0.027335,0.029033,-0.998550
14.103,True,-0.043681,1.182115,-0.078238,0.035997,0.012232,0.030646,-0.998807,True,0.020019,1.178863,-0.075881,0.036439,0.028248,0.028975,-0.998516
14.114,True,-0.043668,1.182090,-0.078215,0.037410,0.012962,0.030667,-0.998745,True,0.020033,1.178831,-0.075879,0.037857,0.028986,0.028997,-0.998442
14.125,True,-0.043653,1.182056,-0.078199,0.036675,0.014431,0.030441,-0.998759,True,0.020048,1.178799,-0.075883,0.037122,0.030458,0.028772,-0.998432
14.136,True,-0.043649,1.182021,-0.078184,0.036645,0.014870,0.030310,-0.998758,True,0.020054,1.178772,-0.075887,0.037092,0.030899,0.028642,-0.998423
14.147,True,-0.043644,1.181966,-0.078170,0.036402,0.015183,0.030080,-0.998769,True,0.020060,1.178740,-0.075886,0.036847,0.031213,0.028414,-0.998429
14.158,True,-0.043656,1.181933,-0.078138,0.035923,0.015995,0.029837,-0.998781,True,0.020049,1.178722,-0.075881,0.036367,0.032027,0.028172,-0.998428
14.169,True,-0.043639,1.181930,-0.078137,0.035597,0.015843,0.029721,-0.998799,True,0.020067,1.178733,-0.075880,0.036038,0.031873,0.028057,-0.998448
14.181,True,-0.043636,1.181923,-0.078118,0.035290,0.015034,0.029734,-0.998822,True,0.020071,1.178734,-0.075866,0.035729,0.031062,0.028073,-0.998484
14.192,True,-0.043646,1.181898,-0.078098,0.035307,0.015804,0.029589,-0.998813,True,0.020061,1.178717,-0.075847,0.035746,0.031835,0.027929,-0.998463
14.203,True,-0.043662,1.181896,-0.078105,0.035243,0.015770,0.029627,-0.998815,True,0.020045,1.178711,-0.075852,0.035683,0.031800,0.027967,-0.998466
14.214,True,-0.043676,1.181893,-0.078091,0.034976,0.015436,0.029652,-0.998829,True,0.020031,1.178708,-0.075839,0.035414,0.031465,0.027994,-0.998485
14.225,True,-0.043686,1.181887,-0.078081,0.035044,0.015934,0.029677,-0.998818,True,0.020020,1.178694,-0.075819,0.035485,0.031964,0.028019,-0.998466
14.236,True,-0.043719,1.181890,-0.078087,0.035088,0.016316,0.029659,-0.998811,True,0.019987,1.178695,-0.075821,0.035530,0.032347,0.028001,-0.998453
14.247,True,-0.043745,1.181898,-0.078072,0.035142,0.016572,0.029665,-0.998805,True,0.019961,1.178700,-0.075796,0.035585,0.032604,0.028006,-0.998442
14.258,True,-0.043754,1.181900,-0.078076,0.035233,0.016824,0.029651,-0.998798,True,0.019950,1.178704,-0.075776,0.035676,0.032856,0.027991,-0.998431
14.269,True,-0.043806,1.181905,-0.078073,0.035439,0.017301,0.029582,-0.998784,True,0.019900,1.178711,-0.075780,0.035882,0.033334,0.027922,-0.998410
14.281,True,-0.043828,1.181920,-0.078060,0.035784,0.018250,0.029527,-0.998757,True,0.019877,1.178725,-0.075753,0.036230,0.034286,0.027866,-0.998366
14.292,True,-0.043853,1.181922,-0.078033,0.036432,0.019684,0.029435,-0.998709,True,0.019851,1.178723,-0.075727,0.036881,0.035725,0.027771,-0.998295
14.303,True,-0.043876,1.181924,-0.078042,0.036312,0.019424,0.029494,-0.998716,True,0.019828,1.178722,-0.075724,0.036760,0.035464,0.027830,-0.998307
14.314,True,-0.043904,1.181926,-0.078011,0.036982,0.020544,0.029354,-0.998673,True,0.019588,1.178803,-0.075681,0.037432,0.036587,0.027687,-0.998245
14.325,True,-0.043913,1.181942,-0.077980,0.037279,0.021085,0.029234,-0.998655,True,0.019580,1.178829,-0.075646,0.037729,0.037130,0.027565,-0.998218
14.336,True,-0.043940,1.181974,-0.077974,0.037564,0.021640,0.029293,-0.998630,True,0.019552,1.178848,-0.075639,0.038017,0.037686,0.027622,-0.998184
14.347,True,-0.043963,1.182014,-0.077943,0.037679,0.022057,0.029290,-0.998617,True,0.019528,1.178884,-0.075605,0.038134,0.038104,0.027618,-0.998164
14.358,True,-0.043969,1.182012,-0.077918,0.037601,0.022209,0.029343,-0.998615,True,0.019522,1.178872,-0.075581,0.038056,0.038256,0.027670,-0.998160
14.369,True,-0.043985,1.181973,-0.077895,0.037569,0.022175,0.029185,-0.998622,True,0.019507,1.178852,-0.075563,0.038022,0.038222,0.027512,-0.998167
14.381,True,-0.044001,1.181915,-0.077864,0.036876,0.021561,0.029067,-0.998664,True,0.019492,1.178814,-0.075533,0.037325,0.037604,0.027395,-0.998220
14.392,True,-0.044019,1.181900,-0.077834,0.036085,0.021255,0.028866,-0.998706,True,0.019476,1.178825,-0.075498,0.036530,0.037295,0.027194,-0.998266
14.403,True,-0.043996,1.181899,-0.077838,0.035686,0.021005,0.028845,-0.998726,True,0.019498,1.178829,-0.075488,0.036129,0.037044,0.027174,-0.998291
14.414,True,-0.044007,1.181928,-0.077791,0.035632,0.020919,0.028889,-0.998728,True,0.019487,1.178854,-0.075441,0.036075,0.036957,0.027218,-0.998295
14.425,True,-0.044006,1.181998,-0.077765,0.035529,0.020769,0.029206,-0.998726,True,0.019486,1.178887,-0.075401,0.035977,0.036806,0.027535,-0.998295
14.436,True,-0.043993,1.182059,-0.077755,0.035178,0.020600,0.029551,-0.998732,True,0.019496,1.178903,-0.075393,0.035631,0.036635,0.027880,-0.998304
14.447,True,-0.043980,1.182107,-0.077727,0.034783,0.020268,0.029999,-0.998739,True,0.019507,1.178896,-0.075370,0.035241,0.036302,0.028330,-0.998317
14.458,True,-0.043969,1.182134,-0.077683,0.034695,0.019990,0.030171,-0.998742,True,0.019517,1.178902,-0.075350,0.035156,0.036024,0.028503,-0.998326
14.469,True,-0.043953,1.182123,-0.077668,0.034389,0.019829,0.030052,-0.998760,True,0.019535,1.178904,-0.075356,0.034848,0.035862,0.028385,-0.998346
14.481,True,-0.043944,1.182137,-0.077614,0.033838,0.019722,0.029838,-0.998787,True,0.019546,1.178938,-0.075345,0.034293,0.035755,0.028176,-0.998375
14.492,True,-0.043913,1.182099,-0.077616,0.033653,0.019794,0.029582,-0.998800,True,0.019579,1.178931,-0.075351,0.034105,0.035827,0.027918,-0.998386
14.503,True,-0.043900,1.182068,-0.077604,0.033253,0.019357,0.029455,-0.998825,True,0.019594,1.178917,-0.075357,0.033702,0.035388,0.027794,-0.998419
14.514,True,-0.043866,1.182023,-0.077599,0.033498,0.019843,0.029377,-0.998810,True,0.019629,1.178874,-0.075374,0.033947,0.035877,0.027716,-0.998395
14.525,True,-0.043830,1.181980,-0.077590,0.033501,0.019813,0.029365,-0.998811,True,0.019666,1.178830,-0.075385,0.033950,0.035848,0.027705,-0.998396
14.536,True,-0.043793,1.181934,-0.077588,0.033370,0.019762,0.029351,-0.998817,True,0.019703,1.178783,-0.075409,0.033820,0.035797,0.027693,-0.998403
14.548,True,-0.043757,1.181883,-0.077575,0.032941,0.019441,0.029348,-0.998837,True,0.019740,1.178731,-0.075426,0.033390,0.035475,0.027691,-0.998429
14.559,True,-0.043723,1.181847,-0.077581,0.032964,0.019632,0.029264,-0.998835,True,0.019774,1.178701,-0.075441,0.033412,0.035666,0.027606,-0.998424
14.570,True,-0.043710,1.181846,-0.077572,0.032843,0.019668,0.029257,-0.998839,True,0.019788,1.178699,-0.075442,0.033291,0.035702,0.027599,-0.998426
14.581,True,-0.043687,1.181839,-0.077585,0.032982,0.019807,0.029264,-0.998831,True,0.019811,1.178690,-0.075452,0.033431,0.035841,0.027604,-0.998417
14.592,True,-0.043672,1.181860,-0.077587,0.032999,0.019926,0.029276,-0.998828,True,0.019825,1.178707,-0.075455,0.033448,0.035960,0.027615,-0.998412
14.603,True,-0.043653,1.181887,-0.077615,0.032962,0.020175,0.029275,-0.998824,True,0.019844,1.178731,-0.075476,0.033412,0.036209,0.027613,-0.998404
14.614,True,-0.043643,1.181908,-0.077637,0.032859,0.020349,0.029313,-0.998823,True,0.019854,1.178746,-0.075496,0.033310,0.036384,0.027653,-0.998400
14.625,True,-0.043635,1.181883,-0.077665,0.032920,0.020486,0.029388,-0.998816,True,0.019861,1.178711,-0.075513,0.033373,0.036521,0.027727,-0.998391
14.636,True,-0.043645,1.181839,-0.077686,0.032900,0.020537,0.029356,-0.998816,True,0.019851,1.178671,-0.075529,0.033353,0.036572,0.027698,-0.998390
14.647,True,-0.043638,1.181814,-0.077721,0.032943,0.020634,0.029174,-0.998818,True,0.019859,1.178671,-0.075553,0.033392,0.036670,0.027517,-0.998390
14.659,True,-0.043624,1.181824,-0.077765,0.032907,0.020828,0.029107,-0.998817,True,0.019872,1.178690,-0.075574,0.033356,0.036864,0.027451,-0.998386
14.670,True,-0.043607,1.181851,-0.077797,0.033079,0.020887,0.029255,-0.998806,True,0.019888,1.178700,-0.075588,0.033531,0.036923,0.027599,-0.998374
14.681,True,-0.043597,1.181901,-0.077833,0.032964,0.020956,0.029557,-0.998800,True,0.019895,1.178712,-0.075606,0.033420,0.036992,0.027901,-0.998367
14.692,True,-0.043593,1.181954,-0.077856,0.033103,0.021158,0.029761,-0.998785,True,0.019898,1.178738,-0.075626,0.033563,0.037194,0.028103,-0.998349
14.703,True,-0.043581,1.181997,-0.077869,0.033253,0.021113,0.029734,-0.998782,True,0.019910,1.178785,-0.075644,0.033713,0.037149,0.028075,-0.998346
14.714,True,-0.043559,1.182044,-0.077884,0.033174,0.021164,0.029566,-0.998788,True,0.019933,1.178851,-0.075662,0.033631,0.037199,0.027904,-0.998352
14.725,True,-0.043522,1.182099,-0.077905,0.033300,0.021200,0.029327,-0.998790,True,0.019971,1.178937,-0.075678,0.033753,0.037234,0.027662,-0.998353
14.736,True,-0.043503,1.182167,-0.077940,0.033145,0.021183,0.029156,-0.998801,True,0.019992,1.179024,-0.075717,0.033595,0.037216,0.027487,-0.998364
14.748,True,-0.043446,1.182215,-0.077963,0.033637,0.021210,0.029149,-0.998784,True,0.020049,1.179074,-0.075739,0.034088,0.037244,0.027475,-0.998347
14.758,True,-0.043387,1.182270,-0.077979,0.033551,0.021173,0.029282,-0.998784,True,0.020107,1.179111,-0.075760,0.034003,0.037206,0.027608,-0.998347
14.770,True,-0.043331,1.182291,-0.077983,0.033639,0.020984,0.029428,-0.998780,True,0.020163,1.179114,-0.075784,0.034093,0.037016,0.027752,-0.998347
14.781,True,-0.043255,1.182299,-0.078000,0.033774,0.021090,0.029480,-0.998772,True,0.020239,1.179111,-0.075818,0.034230,0.037122,0.027801,-0.998337
14.792,True,-0.043189,1.182338,-0.078008,0.033756,0.021014,0.029602,-0.998771,True,0.020305,1.179134,-0.075835,0.034213,0.037047,0.027924,-0.998337
14.803,True,-0.043137,1.182352,-0.078015,0.033784,0.020866,0.029745,-0.998769,True,0.020356,1.179130,-0.075852,0.034244,0.036897,0.028063,-0.998338
14.814,True,-0.043082,1.182405,-0.078013,0.033904,0.020814,0.029965,-0.998759,True,0.020410,1.179154,-0.075864,0.034367,0.036845,0.028281,-0.998329
14.825,True,-0.042942,1.183334,-0.077817,0.034034,0.020901,0.030083,-0.998749,True,0.020475,1.179182,-0.075869,0.034499,0.036932,0.028396,-0.998318
14.836,True,-0.042891,1.183378,-0.077803,0.034040,0.020854,0.030313,-0.998743,True,0.020524,1.179194,-0.075867,0.034509,0.036885,0.028625,-0.998313
14.847,True,-0.042824,1.183413,-0.077794,0.034076,0.020775,0.030525,-0.998737,True,0.020590,1.179202,-0.075868,0.034548,0.036804,0.028835,-0.998309
14.859,True,-0.042773,1.183442,-0.077769,0.034004,0.020653,0.030641,-0.998738,True,0.020641,1.179215,-0.075859,0.034479,0.036682,0.028950,-0.998312
14.870,True,-0.042731,1.183447,-0.077769,0.033736,0.020670,0.030767,-0.998743,True,0.020682,1.179201,-0.075868,0.034212,0.036699,0.029076,-0.998317
14.881,True,-0.042682,1.183447,-0.077745,0.033453,0.020722,0.030823,-0.998750,True,0.020730,1.179189,-0.075863,0.033930,0.036749,0.029132,-0.998323
14.892,True,-0.042634,1.183435,-0.077728,0.033484,0.021091,0.030836,-0.998741,True,0.020778,1.179169,-0.075860,0.033963,0.037120,0.029145,-0.998308
14.903,True,-0.042588,1.183415,-0.077718,0.033350,0.021396,0.030790,-0.998740,True,0.020824,1.179147,-0.075872,0.033830,0.037426,0.029101,-0.998303
14.914,True,-0.042553,1.183355,-0.077701,0.032951,0.021098,0.030665,-0.998764,True,0.020861,1.179103,-0.075875,0.033429,0.037127,0.028979,-0.998331
14.925,True,-0.042517,1.183308,-0.077695,0.032659,0.021245,0.030600,-0.998772,True,0.020898,1.179061,-0.075877,0.033136,0.037274,0.028917,-0.998337
14.936,True,-0.042510,1.183233,-0.077696,0.033095,0.021408,0.030454,-0.998759,True,0.020907,1.179002,-0.075902,0.033571,0.037440,0.028773,-0.998320
14.947,True,-0.042507,1.183198,-0.077690,0.032478,0.021288,0.030338,-0.998785,True,0.020910,1.178980,-0.075902,0.032952,0.037319,0.028661,-0.998349
14.959,True,-0.042506,1.183176,-0.077686,0.032528,0.021627,0.030221,-0.998780,True,0.020913,1.178968,-0.075902,0.033001,0.037659,0.028544,-0.998338
14.970,True,-0.042512,1.183154,-0.077676,0.032502,0.021906,0.030031,-0.998780,True,0.020908,1.178967,-0.075893,0.032973,0.037939,0.028356,-0.998333
14.981,True,-0.042538,1.183129,-0.077681,0.032642,0.022350,0.029838,-0.998772,True,0.020883,1.178963,-0.075888,0.033111,0.038383,0.028162,-0.998317
14.992,True,-0.042559,1.183114,-0.077683,0.032616,0.023121,0.029707,-0.998759,True,0.020863,1.178956,-0.075878,0.033086,0.039155,0.028031,-0.998292
15.003,True,-0.042609,1.183097,-0.077690,0.032469,0.023514,0.029545,-0.998759,True,0.020813,1.178955,-0.075870,0.032937,0.039548,0.027868,-0.998286
15.014,True,-0.042651,1.183091,-0.077698,0.032336,0.024120,0.029486,-0.998751,True,0.020771,1.178952,-0.075855,0.032805,0.040154,0.027811,-0.998268
15.025,True,-0.042683,1.183089,-0.077710,0.032521,0.024220,0.029532,-0.998741,True,0.020738,1.178947,-0.075843,0.032991,0.040255,0.027857,-0.998256
15.036,True,-0.042713,1.183070,-0.077734,0.032530,0.023791,0.029629,-0.998748,True,0.020706,1.178924,-0.075843,0.032999,0.039826,0.027954,-0.998270
15.047,True,-0.042763,1.183073,-0.077744,0.032501,0.024559,0.029604,-0.998731,True,0.020656,1.178924,-0.075834,0.032972,0.040594,0.027930,-0.998241
15.058,True,-0.042807,1.183070,-0.077761,0.032051,0.023964,0.029723,-0.998757,True,0.020610,1.178914,-0.075831,0.032521,0.039997,0.028049,-0.998277
15.075,True,-0.042859,1.183050,-0.077794,0.031735,0.023704,0.029679,-0.998774,True,0.020559,1.178905,-0.075836,0.032204,0.039735,0.028004,-0.998299
15.086,True,-0.042906,1.183054,-0.077807,0.031432,0.023321,0.029721,-0.998792,True,0.020512,1.178908,-0.075836,0.031900,0.039350,0.028047,-0.998322
15.097,True,-0.042942,1.183058,-0.077813,0.031369,0.022947,0.029722,-0.998802,True,0.020475,1.178918,-0.075833,0.031835,0.038974,0.028046,-0.998339
15.108,True,-0.042984,1.183097,-0.077826,0.031243,0.022406,0.029805,-0.998816,True,0.020432,1.178954,-0.075830,0.031707,0.038431,0.028127,-0.998362
15.119,True,-0.043021,1.183144,-0.077816,0.031123,0.022317,0.029900,-0.998819,True,0.020395,1.178989,-0.075819,0.031589,0.038342,0.028222,-0.998366
15.131,True,-0.043042,1.183179,-0.077808,0.031228,0.022013,0.030075,-0.998817,True,0.020372,1.179006,-0.075806,0.031696,0.038036,0.028395,-0.998370
15.142,True,-0.043053,1.183152,-0.077793,0.030897,0.021233,0.029878,-0.998850,True,0.020364,1.179011,-0.075803,0.031359,0.037254,0.028197,-0.998416
15.153,True,-0.043068,1.183092,-0.077765,0.030729,0.020893,0.029624,-0.998870,True,0.020351,1.178986,-0.075781,0.031185,0.036913,0.027943,-0.998441
15.164,True,-0.043067,1.183062,-0.077750,0.030389,0.020368,0.029511,-0.998895,True,0.020353,1.178977,-0.075763,0.030842,0.036386,0.027831,-0.998474
15.175,True,-0.043064,1.183030,-0.077714,0.030274,0.020292,0.029440,-0.998902,True,0.020358,1.178953,-0.075737,0.030725,0.036311,0.027762,-0.998482
15.186,True,-0.043069,1.183024,-0.077667,0.030237,0.019762,0.029770,-0.998904,True,0.020351,1.178913,-0.075692,0.030692,0.035779,0.028094,-0.998493
15.197,True,-0.043042,1.183053,-0.077628,0.030279,0.019415,0.030079,-0.998900,True,0.020376,1.178906,-0.075669,0.030738,0.035433,0.028405,-0.998495
15.208,True,-0.043026,1.183090,-0.077567,0.030134,0.019134,0.030475,-0.998898,True,0.020389,1.178892,-0.075633,0.030599,0.035153,0.028804,-0.998498
15.219,True,-0.043021,1.183084,-0.077520,0.029814,0.018765,0.030673,-0.998909,True,0.020393,1.178863,-0.075604,0.030281,0.034783,0.029007,-0.998515
15.231,True,-0.042991,1.183077,-0.077470,0.029425,0.018132,0.030779,-0.998929,True,0.020423,1.178845,-0.075585,0.029892,0.034149,0.029116,-0.998545
15.242,True,-0.042977,1.183062,-0.077414,0.029094,0.017722,0.030695,-0.998948,True,0.020438,1.178842,-0.075558,0.029558,0.033739,0.029036,-0.998572
15.253,True,-0.042983,1.183018,-0.077374,0.028862,0.017443,0.030433,-0.998968,True,0.020435,1.178832,-0.075543,0.029321,0.033460,0.028777,-0.998595
15.264,True,-0.042998,1.182980,-0.077326,0.028530,0.017262,0.030196,-0.998988,True,0.020423,1.178823,-0.075516,0.028986,0.033279,0.028542,-0.998618
15.275,True,-0.043008,1.182942,-0.077293,0.028355,0.017291,0.030048,-0.998997,True,0.020415,1.178801,-0.075492,0.028808,0.033309,0.028398,-0.998626
15.286,True,-0.043035,1.182880,-0.077264,0.028037,0.016902,0.030020,-0.999013,True,0.020388,1.178745,-0.075486,0.028489,0.032918,0.028371,-0.998649
15.297,True,-0.043066,1.182835,-0.077245,0.027787,0.016609,0.030010,-0.999025,True,0.020359,1.178701,-0.075481,0.028238,0.032624,0.028363,-0.998666
15.308,True,-0.043115,1.182781,-0.077219,0.027695,0.016480,0.029973,-0.999031,True,0.020310,1.178652,-0.075465,0.028145,0.032495,0.028328,-0.998674
15.319,True,-0.043175,1.182726,-0.077199,0.027491,0.016565,0.029908,-0.999037,True,0.020552,1.177956,-0.075600,0.027940,0.032581,0.028263,-0.998679
15.331,True,-0.043250,1.182676,-0.077175,0.027254,0.016383,0.029817,-0.999049,True,0.020478,1.177919,-0.075578,0.027702,0.032397,0.028174,-0.998694
15.342,True,-0.043336,1.182627,-0.077169,0.026974,0.016441,0.029653,-0.999061,True,0.020393,1.177891,-0.075556,0.027418,0.032455,0.028010,-0.998704
15.353,True,-0.043440,1.182587,-0.077159,0.026642,0.016598,0.029461,-0.999073,True,0.020290,1.177874,-0.075527,0.027084,0.032612,0.027819,-0.998714
15.364,True,-0.043568,1.182534,-0.077158,0.026401,0.016774,0.029237,-0.999083,True,0.020163,1.177851,-0.075491,0.026839,0.032786,0.027596,-0.998721
15.375,True,-0.043697,1.182539,-0.077171,0.026060,0.016959,0.029085,-0.999093,True,0.020035,1.177878,-0.075458,0.026495,0.032970,0.027446,-0.998728
15.386,True,-0.043810,1.182540,-0.077179,0.025981,0.017069,0.029072,-0.999094,True,0.019921,1.177883,-0.075436,0.026416,0.033080,0.027435,-0.998727
15.397,True,-0.043927,1.182492,-0.077197,0.026276,0.017467,0.028985,-0.999082,True,0.019804,1.177848,-0.075417,0.026710,0.033480,0.027349,-0.998708
15.408,True,-0.044037,1.182398,-0.077211,0.026240,0.017792,0.028759,-0.999084,True,0.019695,1.177783,-0.075396,0.026671,0.033805,0.027125,-0.998704
15.419,True,-0.044147,1.182362,-0.077228,0.026152,0.018044,0.028559,-0.999087,True,0.019586,1.177774,-0.075376,0.026580,0.034058,0.026927,-0.998704
15.431,True,-0.044258,1.182341,-0.077247,0.026406,0.018219,0.028326,-0.999084,True,0.019476,1.177787,-0.075363,0.026830,0.034233,0.026694,-0.998697
15.442,True,-0.044357,1.182359,-0.077272,0.026408,0.018626,0.028339,-0.999076,True,0.019376,1.177804,-0.075338,0.026834,0.034641,0.026709,-0.998683
15.453,True,-0.044448,1.182378,-0.077284,0.026500,0.018924,0.028629,-0.999060,True,0.019281,1.177788,-0.075312,0.026930,0.034939,0.026998,-0.998662
15.464,True,-0.044537,1.182431,-0.077293,0.026893,0.018794,0.028992,-0.999041,True,0.019189,1.177799,-0.075309,0.027329,0.034809,0.027361,-0.998646
15.475,True,-0.044594,1.182478,-0.077295,0.026999,0.018809,0.029059,-0.999036,True,0.019132,1.177839,-0.075308,0.027436,0.034824,0.027426,-0.998640
15.487,True,-0.044626,1.182514,-0.077289,0.027269,0.018832,0.029001,-0.999030,True,0.019100,1.177883,-0.075302,0.027705,0.034847,0.027366,-0.998634
15.498,True,-0.044629,1.182526,-0.077271,0.027540,0.018598,0.028727,-0.999035,True,0.019100,1.177933,-0.075293,0.027970,0.034613,0.027088,-0.998642
15.509,True,-0.044645,1.182559,-0.077260,0.027868,0.018684,0.028402,-0.999033,True,0.019087,1.178007,-0.075277,0.028294,0.034699,0.026760,-0.998639
15.520,True,-0.044657,1.182588,-0.077252,0.027731,0.018490,0.028398,-0.999041,True,0.019075,1.178038,-0.075268,0.028156,0.034504,0.026755,-0.998650
15.531,True,-0.044659,1.182614,-0.077218,0.027511,0.018441,0.028408,-0.999048,True,0.019073,1.178060,-0.075249,0.027936,0.034454,0.026763,-0.998657
15.542,True,-0.044649,1.182612,-0.077192,0.027620,0.018312,0.028550,-0.999043,True,0.019083,1.178039,-0.075247,0.028047,0.034325,0.026904,-0.998655
15.553,True,-0.044616,1.182605,-0.077167,0.027624,0.018176,0.028698,-0.999041,True,0.019115,1.178011,-0.075246,0.028054,0.034189,0.027053,-0.998655
15.564,True,-0.044583,1.182576,-0.077144,0.027694,0.017845,0.028844,-0.999041,True,0.019147,1.177964,-0.075256,0.028126,0.033858,0.027198,-0.998661
15.575,True,-0.044542,1.182733,-0.077110,0.027383,0.017795,0.029012,-0.999046,True,0.019204,1.177951,-0.075256,0.027817,0.033808,0.027369,-0.998666
15.586,True,-0.044500,1.182726,-0.077089,0.027296,0.017632,0.029094,-0.999048,True,0.019246,1.177931,-0.075263,0.027732,0.033645,0.027450,-0.998672
15.598,True,-0.044464,1.182731,-0.077069,0.027365,0.017479,0.029326,-0.999042,True,0.019279,1.177906,-0.075262,0.027804,0.033492,0.027681,-0.998669
15.609,True,-0.044438,1.182761,-0.077024,0.027564,0.017390,0.029441,-0.999035,True,0.019306,1.177922,-0.075237,0.028005,0.033405,0.027798,-0.998663
15.620,True,-0.044406,1.182770,-0.077004,0.027785,0.017107,0.029577,-0.999030,True,0.019337,1.177916,-0.075235,0.028228,0.033122,0.027933,-0.998662
15.631,True,-0.044406,1.182785,-0.076970,0.027934,0.016835,0.029732,-0.999026,True,0.019336,1.177912,-0.075228,0.028379,0.032851,0.028089,-0.998662
15.642,True,-0.044401,1.182804,-0.076954,0.028168,0.016714,0.029855,-0.999018,True,0.019341,1.177917,-0.075226,0.028615,0.032731,0.028212,-0.998656
15.653,True,-0.044401,1.182815,-0.076944,0.028571,0.016658,0.029899,-0.999006,True,0.019340,1.177923,-0.075233,0.029019,0.032676,0.028256,-0.998645
15.664,True,-0.044416,1.182812,-0.076938,0.028554,0.016548,0.029849,-0.999010,True,0.019326,1.177926,-0.075239,0.029001,0.032566,0.028206,-0.998651
15.676,True,-0.044441,1.182793,-0.076936,0.028402,0.016432,0.029722,-0.999020,True,0.019303,1.177923,-0.075246,0.028847,0.032450,0.028080,-0.998662
15.686,True,-0.044466,1.182764,-0.076945,0.028327,0.016361,0.029613,-0.999026,True,0.019278,1.177908,-0.075254,0.028770,0.032379,0.027972,-0.998670
15.698,True,-0.044513,1.182723,-0.076961,0.028452,0.016204,0.029408,-0.999031,True,0.019234,1.177896,-0.075273,0.028891,0.032222,0.027767,-0.998677
15.709,True,-0.044557,1.182718,-0.076965,0.028269,0.016216,0.029350,-0.999038,True,0.019191,1.177899,-0.075270,0.028707,0.032234,0.027711,-0.998684
15.720,True,-0.044617,1.182693,-0.076981,0.028143,0.016209,0.029244,-0.999045,True,0.019131,1.177888,-0.075281,0.028579,0.032226,0.027606,-0.998690
15.731,True,-0.044683,1.182664,-0.077005,0.028213,0.016071,0.029107,-0.999049,True,0.019067,1.177881,-0.075291,0.028646,0.032089,0.027470,-0.998697
15.742,True,-0.044729,1.182650,-0.077017,0.028275,0.016188,0.029025,-0.999048,True,0.019021,1.177879,-0.075286,0.028706,0.032206,0.027388,-0.998694
15.753,True,-0.044802,1.182634,-0.077052,0.028356,0.016336,0.028938,-0.999045,True,0.018948,1.177875,-0.075300,0.028786,0.032353,0.027301,-0.998689
15.764,True,-0.044869,1.182628,-0.077096,0.028499,0.016603,0.028888,-0.999038,True,0.018881,1.177876,-0.075313,0.028929,0.032621,0.027250,-0.998677
15.775,True,-0.044961,1.182642,-0.077117,0.028528,0.016761,0.028840,-0.999036,True,0.018789,1.177897,-0.075315,0.028958,0.032779,0.027202,-0.998673
15.786,True,-0.045030,1.182665,-0.077158,0.028658,0.016861,0.028820,-0.999031,True,0.018720,1.177926,-0.075325,0.029087,0.032878,0.027181,-0.998666
15.798,True,-0.045096,1.182692,-0.077190,0.028664,0.017021,0.028784,-0.999030,True,0.018653,1.177957,-0.075337,0.029092,0.033038,0.027143,-0.998662
15.809,True,-0.045167,1.182712,-0.077235,0.028711,0.017166,0.028772,-0.999026,True,0.018581,1.177980,-0.075356,0.029140,0.033183,0.027130,-0.998656
15.820,True,-0.045230,1.182727,-0.077270,0.028748,0.017219,0.028801,-0.999023,True,0.018518,1.177993,-0.075372,0.029176,0.033235,0.027158,-0.998653
15.831,True,-0.045285,1.182746,-0.077308,0.028974,0.017298,0.028860,-0.999014,True,0.018462,1.178006,-0.075397,0.029404,0.033314,0.027215,-0.998642
15.842,True,-0.045320,1.182773,-0.077344,0.029657,0.017633,0.028930,-0.998986,True,0.018426,1.178025,-0.075420,0.030089,0.033652,0.027282,-0.998608
15.853,True,-0.045354,1.182787,-0.077363,0.037660,0.031830,0.027715,-0.998399,True,0.018393,1.178049,-0.075437,0.038121,0.047891,0.026056,-0.997785
15.864,True,-0.045387,1.182801,-0.077384,0.044390,0.044670,0.026579,-0.997661,True,0.018361,1.178075,-0.075456,0.044868,0.060739,0.024912,-0.996834
15.875,True,-0.045376,1.182828,-0.077387,0.043640,0.045102,0.026427,-0.997679,True,0.018372,1.178110,-0.075456,0.044117,0.061168,0.024758,-0.996845
15.886,True,-0.045391,1.182856,-0.077404,0.044381,0.045907,0.026432,-0.997609,True,0.018357,1.178130,-0.075476,0.044861,0.061973,0.024760,-0.996762
15.898,True,-0.045407,1.182909,-0.077412,0.044906,0.049967,0.026108,-0.997399,True,0.018340,1.178172,-0.075486,0.045391,0.066025,0.024436,-0.996486
15.909,True,-0.045395,1.182894,-0.077411,0.044951,0.050552,0.025954,-0.997372,True,0.018353,1.178165,-0.075509,0.045435,0.066608,0.024279,-0.996449
15.920,True,-0.045383,1.182854,-0.077411,0.045498,0.052282,0.025504,-0.997269,True,0.018368,1.178158,-0.075527,0.045980,0.068334,0.023828,-0.996318
15.931,True,-0.045366,1.182813,-0.077417,0.042999,0.051610,0.025214,-0.997423,True,0.018388,1.178148,-0.075542,0.043477,0.067656,0.023538,-0.996483
15.942,True,-0.045329,1.182809,-0.077408,0.041946,0.050778,0.025141,-0.997512,True,0.018426,1.178157,-0.075543,0.042422,0.066824,0.023465,-0.996586
15.953,True,-0.045301,1.182830,-0.077412,0.041346,0.050310,0.025248,-0.997558,True,0.018453,1.178166,-0.075548,0.041824,0.066355,0.023570,-0.996641
15.964,True,-0.045277,1.182899,-0.077393,0.039036,0.049457,0.025453,-0.997689,True,0.018476,1.178207,-0.075539,0.039517,0.065497,0.023777,-0.996787
15.975,True,-0.045247,1.182959,-0.077401,0.040206,0.050573,0.025585,-0.997583,True,0.018503,1.178239,-0.075551,0.040692,0.066613,0.023908,-0.996662
15.986,True,-0.045223,1.183032,-0.077396,0.039649,0.051252,0.025916,-0.997562,True,0.018524,1.178257,-0.075552,0.040143,0.067288,0.024239,-0.996631
15.997,True,-0.045198,1.183074,-0.077398,0.041270,0.052145,0.026163,-0.997443,True,0.018546,1.178262,-0.075564,0.041769,0.068183,0.024484,-0.996497
16.008,True,-0.045195,1.183090,-0.077398,0.042621,0.053459,0.026210,-0.997316,True,0.018548,1.178261,-0.075583,0.043123,0.069498,0.024533,-0.996348
16.019,True,-0.045174,1.183102,-0.077401,0.041061,0.053277,0.026044,-0.997395,True,0.018571,1.178285,-0.075602,0.041562,0.069311,0.024368,-0.996431
16.031,True,-0.045164,1.183112,-0.077393,0.041656,0.054276,0.025813,-0.997323,True,0.018582,1.178314,-0.075605,0.042155,0.070309,0.024137,-0.996342
16.042,True,-0.045151,1.183109,-0.077394,0.041801,0.055470,0.025545,-0.997258,True,0.018596,1.178330,-0.075605,0.042299,0.071500,0.023869,-0.996257
16.053,True,-0.045154,1.183084,-0.077409,0.041498,0.055528,0.025470,-0.997269,True,0.018594,1.178311,-0.075630,0.041996,0.071556,0.023795,-0.996268
16.064,True,-0.045156,1.183056,-0.077419,0.041712,0.056476,0.025352,-0.997210,True,0.018593,1.178285,-0.075652,0.042211,0.072502,0.023678,-0.996193
16.075,True,-0.045138,1.183015,-0.077422,0.041777,0.056408,0.025351,-0.997211,True,0.018611,1.178244,-0.075664,0.042275,0.072434,0.023676,-0.996196
16.086,True,-0.045134,1.182993,-0.077434,0.043645,0.057578,0.025248,-0.997067,True,0.018616,1.178227,-0.075688,0.044142,0.073604,0.023572,-0.996031
16.097,True,-0.045130,1.182968,-0.077456,0.044229,0.058777,0.025074,-0.996976,True,0.018621,1.178209,-0.075716,0.044727,0.074799,0.023395,-0.995920
16.108,True,-0.045150,1.182984,-0.077450,0.044618,0.059072,0.025029,-0.996942,True,0.018601,1.178228,-0.075710,0.045115,0.075094,0.023349,-0.995882
16.119,True,-0.045168,1.182992,-0.077467,0.044917,0.059481,0.024955,-0.996906,True,0.018584,1.178242,-0.075722,0.045414,0.075501,0.023274,-0.995839
16.131,True,-0.045182,1.183000,-0.077499,0.046097,0.060026,0.024892,-0.996821,True,0.018569,1.178257,-0.075746,0.046592,0.076048,0.023209,-0.995745
16.142,True,-0.045200,1.183023,-0.077520,0.047156,0.059443,0.024950,-0.996805,True,0.018551,1.178289,-0.075752,0.047649,0.075471,0.023267,-0.995737
16.153,True,-0.045228,1.183038,-0.077547,0.048667,0.058940,0.025044,-0.996760,True,0.018524,1.178308,-0.075771,0.049157,0.074973,0.023361,-0.995699
16.164,True,-0.045248,1.183067,-0.077591,0.050776,0.054793,0.025635,-0.996876,True,0.018504,1.178333,-0.075797,0.051261,0.070848,0.023952,-0.995881
16.175,True,-0.045293,1.183050,-0.077640,0.048743,0.040747,0.027036,-0.997614,True,0.018458,1.178318,-0.075831,0.049216,0.056831,0.025358,-0.996848
16.186,True,-0.045327,1.183018,-0.077675,0.048167,0.036743,0.027291,-0.997790,True,0.018425,1.178305,-0.075859,0.048634,0.052830,0.025615,-0.997090
16.197,True,-0.045363,1.183006,-0.077722,0.048111,0.032923,0.027412,-0.997923,True,0.018391,1.178331,-0.075889,0.048569,0.049011,0.025736,-0.997285
16.208,True,-0.045398,1.183012,-0.077766,0.047778,0.026879,0.027806,-0.998109,True,0.018358,1.178370,-0.075910,0.048225,0.042965,0.026132,-0.997570
16.220,True,-0.045432,1.183040,-0.077797,0.048016,0.025349,0.028004,-0.998132,True,0.018324,1.178398,-0.075914,0.048462,0.041433,0.026328,-0.997618
16.231,True,-0.045489,1.183079,-0.077820,0.047610,0.023883,0.028315,-0.998179,True,0.018264,1.178417,-0.075915,0.048056,0.039963,0.026639,-0.997689
16.242,True,-0.045514,1.183157,-0.077857,0.046046,0.021972,0.028798,-0.998282,True,0.018236,1.178454,-0.075922,0.046495,0.038044,0.027122,-0.997825
16.253,True,-0.045528,1.183217,-0.077866,0.045469,0.020526,0.029113,-0.998331,True,0.018220,1.178489,-0.075936,0.045919,0.036594,0.027435,-0.997898
16.264,True,-0.045540,1.183246,-0.077863,0.044535,0.020578,0.028919,-0.998377,True,0.018208,1.178535,-0.075939,0.044981,0.036643,0.027240,-0.997944
16.275,True,-0.045552,1.183265,-0.077861,0.044268,0.019043,0.028781,-0.998424,True,0.018199,1.178590,-0.075936,0.044708,0.035104,0.027100,-0.998015
16.286,True,-0.045536,1.183316,-0.077871,0.043786,0.018303,0.028729,-0.998460,True,0.018217,1.178656,-0.075937,0.044222,0.034360,0.027048,-0.998064
16.297,True,-0.045531,1.183349,-0.077887,0.043411,0.017902,0.028765,-0.998483,True,0.018221,1.178686,-0.075960,0.043847,0.033957,0.027081,-0.998094
16.308,True,-0.045516,1.183379,-0.077892,0.042785,0.016962,0.028818,-0.998525,True,0.018237,1.178717,-0.075974,0.043218,0.033013,0.027134,-0.998151
16.319,True,-0.045469,1.183408,-0.077890,0.042374,0.016732,0.028952,-0.998542,True,0.018282,1.178728,-0.075976,0.042809,0.032781,0.027268,-0.998173
16.331,True,-0.045447,1.183408,-0.077890,0.042199,0.016804,0.029019,-0.998546,True,0.018304,1.178715,-0.075996,0.042635,0.032853,0.027334,-0.998176
16.342,True,-0.045404,1.183418,-0.077872,0.041697,0.015947,0.029107,-0.998579,True,0.018347,1.178719,-0.075998,0.042132,0.031992,0.027422,-0.998223
16.353,True,-0.045350,1.183426,-0.077853,0.041578,0.015542,0.029257,-0.998586,True,0.018400,1.178710,-0.075995,0.042014,0.031586,0.027572,-0.998237
16.364,True,-0.045310,1.183421,-0.077828,0.041763,0.014792,0.029456,-0.998584,True,0.018440,1.178688,-0.075989,0.042200,0.030836,0.027771,-0.998247
16.375,True,-0.045267,1.183421,-0.077803,0.041628,0.014281,0.029664,-0.998591,True,0.018482,1.178666,-0.075974,0.042067,0.030323,0.027982,-0.998262
16.387,True,-0.045217,1.183403,-0.077780,0.041539,0.013794,0.029774,-0.998598,True,0.018531,1.178638,-0.075968,0.041979,0.029836,0.028093,-0.998278
16.398,True,-0.045182,1.183378,-0.077760,0.041462,0.012799,0.029966,-0.998609,True,0.018566,1.178600,-0.075964,0.041902,0.028838,0.028286,-0.998305
16.409,True,-0.045142,1.183364,-0.077718,0.041178,0.012347,0.030091,-0.998622,True,0.018605,1.178573,-0.075938,0.041619,0.028385,0.028414,-0.998326
16.420,True,-0.045116,1.183348,-0.077676,0.041120,0.011807,0.030236,-0.998627,True,0.018631,1.178542,-0.075917,0.041562,0.027844,0.028559,-0.998340
16.431,True,-0.045115,1.183347,-0.077637,0.040857,0.010945,0.030404,-0.998642,True,0.018631,1.178528,-0.075888,0.041299,0.026978,0.028727,-0.998369
16.442,True,-0.045110,1.183352,-0.077587,0.040705,0.010608,0.030554,-0.998648,True,0.018635,1.178516,-0.075850,0.041149,0.026641,0.028878,-0.998380
16.453,True,-0.045115,1.183324,-0.077545,0.040514,0.010356,0.030531,-0.998659,True,0.018631,1.178491,-0.075822,0.040957,0.026388,0.028857,-0.998396
16.464,True,-0.045144,1.183294,-0.077508,0.040422,0.010285,0.030551,-0.998663,True,0.018601,1.178459,-0.075794,0.040865,0.026317,0.028878,-0.998401
16.475,True,-0.045154,1.183239,-0.077477,0.040297,0.009370,0.030499,-0.998678,True,0.018593,1.178421,-0.075774,0.040736,0.025400,0.028829,-0.998431
16.487,True,-0.045181,1.183168,-0.077441,0.040070,0.009012,0.030379,-0.998694,True,0.018568,1.178369,-0.075746,0.040506,0.025041,0.028712,-0.998453
16.498,True,-0.045208,1.183113,-0.077410,0.039889,0.008440,0.030340,-0.998708,True,0.018542,1.178326,-0.075719,0.040322,0.024468,0.028678,-0.998475
16.509,True,-0.045238,1.183073,-0.077378,0.039484,0.008345,0.030276,-0.998727,True,0.018513,1.178294,-0.075688,0.039917,0.024373,0.028618,-0.998496
16.520,True,-0.045277,1.183006,-0.077349,0.039015,0.008146,0.030105,-0.998752,True,0.018476,1.178248,-0.075665,0.039444,0.024173,0.028449,-0.998524
16.531,True,-0.045296,1.182978,-0.077326,0.038345,0.007973,0.030077,-0.998780,True,0.018456,1.178226,-0.075631,0.038772,0.023997,0.028424,-0.998555
16.542,True,-0.045358,1.182934,-0.077312,0.038285,0.007744,0.030023,-0.998786,True,0.018395,1.178191,-0.075616,0.038711,0.023768,0.028372,-0.998565
16.553,True,-0.045397,1.182914,-0.077288,0.037975,0.007958,0.029912,-0.998799,True,0.018357,1.178183,-0.075582,0.038399,0.023981,0.028262,-0.998575
16.564,True,-0.045432,1.182904,-0.077276,0.037630,0.008034,0.029809,-0.998815,True,0.018322,1.178184,-0.075567,0.038052,0.024057,0.028159,-0.998589
16.575,True,-0.045465,1.182895,-0.077265,0.037607,0.007784,0.029753,-0.998819,True,0.018290,1.178187,-0.075539,0.038028,0.023806,0.028104,-0.998598
16.587,True,-0.045507,1.182618,-0.077272,0.037856,0.008220,0.029803,-0.998805,True,0.018253,1.178180,-0.075515,0.038279,0.024243,0.028153,-0.998576
16.598,True,-0.045532,1.182626,-0.077270,0.038083,0.008172,0.029752,-0.998798,True,0.018228,1.178199,-0.075500,0.038505,0.024196,0.028102,-0.998570
16.609,True,-0.045567,1.182615,-0.077260,0.038095,0.008178,0.029711,-0.998799,True,0.018194,1.178193,-0.075490,0.038516,0.024202,0.028061,-0.998571
16.620,True,-0.045599,1.182614,-0.077253,0.038304,0.007782,0.029685,-0.998795,True,0.018162,1.178202,-0.075476,0.038724,0.023805,0.028034,-0.998573
16.631,True,-0.045620,1.182623,-0.077239,0.038337,0.007830,0.029649,-0.998794,True,0.018142,1.178216,-0.075458,0.038756,0.023852,0.027999,-0.998572
16.642,True,-0.045641,1.182638,-0.077226,0.038486,0.007779,0.029637,-0.998789,True,0.018121,1.178235,-0.075443,0.038905,0.023802,0.027986,-0.998567
16.653,True,-0.045650,1.182664,-0.077223,0.038547,0.007826,0.029738,-0.998784,True,0.018110,1.178249,-0.075425,0.038967,0.023848,0.028085,-0.998561
16.664,True,-0.045670,1.182701,-0.077218,0.038952,0.008414,0.029794,-0.998761,True,0.018090,1.178273,-0.075418,0.039375,0.024439,0.028138,-0.998529
16.675,True,-0.045685,1.182739,-0.077198,0.039032,0.008396,0.029904,-0.998755,True,0.018074,1.178297,-0.075400,0.039457,0.024420,0.028247,-0.998523
16.686,True,-0.045687,1.182748,-0.077184,0.039265,0.008211,0.029949,-0.998746,True,0.018071,1.178304,-0.075385,0.039690,0.024235,0.028290,-0.998518
16.698,True,-0.045719,1.182764,-0.077153,0.040065,0.009683,0.029817,-0.998705,True,0.018040,1.178318,-0.075374,0.040494,0.025714,0.028156,-0.998452
16.709,True,-0.045732,1.182763,-0.077144,0.040076,0.010067,0.029780,-0.998702,True,0.018027,1.178317,-0.075365,0.040505,0.026100,0.028118,-0.998443
16.720,True,-0.045739,1.182778,-0.077126,0.040002,0.010422,0.029787,-0.998701,True,0.018019,1.178325,-0.075350,0.040433,0.026455,0.028124,-0.998436
16.731,True,-0.045747,1.182770,-0.077131,0.039628,0.010744,0.029653,-0.998717,True,0.018013,1.178328,-0.075355,0.040057,0.026778,0.027991,-0.998446
16.742,True,-0.045751,1.182710,-0.077112,0.039944,0.011136,0.029549,-0.998703,True,0.018009,1.178276,-0.075352,0.040373,0.027173,0.027889,-0.998426
16.753,True,-0.045750,1.182625,-0.077085,0.040313,0.011576,0.029291,-0.998691,True,0.018012,1.178220,-0.075333,0.040739,0.027616,0.027632,-0.998406
16.764,True,-0.045749,1.182549,-0.077080,0.040871,0.012205,0.029117,-0.998666,True,0.018015,1.178161,-0.075323,0.041298,0.028248,0.027457,-0.998370
16.775,True,-0.045756,1.182522,-0.077045,0.040775,0.012143,0.029139,-0.998670,True,0.018008,1.178131,-0.075296,0.041201,0.028187,0.027481,-0.998375
16.787,True,-0.045744,1.182534,-0.076995,0.041398,0.012443,0.029258,-0.998637,True,0.018019,1.178127,-0.075249,0.041827,0.028489,0.027600,-0.998337
16.798,True,-0.045742,1.182589,-0.076958,0.041385,0.012845,0.029507,-0.998625,True,0.018018,1.178144,-0.075212,0.041820,0.028892,0.027850,-0.998319
16.809,True,-0.045730,1.182644,-0.076924,0.041699,0.013337,0.029896,-0.998594,True,0.018026,1.178145,-0.075177,0.042142,0.029387,0.028239,-0.998280
16.820,True,-0.045726,1.182672,-0.076875,0.042344,0.013581,0.030393,-0.998548,True,0.018026,1.178108,-0.075143,0.042797,0.029635,0.028739,-0.998231
16.831,True,-0.045733,1.182653,-0.076844,0.042160,0.013816,0.030487,-0.998550,True,0.018018,1.178070,-0.075134,0.042616,0.029870,0.028835,-0.998229
16.842,True,-0.045717,1.182634,-0.076813,0.042226,0.013910,0.030395,-0.998549,True,0.018035,1.178061,-0.075121,0.042680,0.029966,0.028746,-0.998226
16.853,True,-0.045716,1.182606,-0.076777,0.042687,0.013991,0.030103,-0.998537,True,0.018040,1.178068,-0.075112,0.043137,0.030050,0.028455,-0.998212
16.864,True,-0.045707,1.182589,-0.076756,0.043104,0.013598,0.029849,-0.998532,True,0.018051,1.178089,-0.075110,0.043550,0.029659,0.028203,-0.998213
16.876,True,-0.045712,1.182550,-0.076740,0.043151,0.013830,0.029614,-0.998534,True,0.018049,1.178074,-0.075109,0.043594,0.029892,0.027968,-0.998210
16.886,True,-0.045707,1.182534,-0.076719,0.043559,0.014115,0.029639,-0.998511,True,0.018054,1.178054,-0.075099,0.044004,0.030179,0.027995,-0.998183
16.897,True,-0.045719,1.182478,-0.076709,0.043942,0.014145,0.029635,-0.998494,True,0.018043,1.177995,-0.075119,0.044387,0.030211,0.027991,-0.998165
16.909,True,-0.045723,1.182437,-0.076681,0.044284,0.014301,0.029610,-0.998478,True,0.018039,1.177953,-0.075117,0.044730,0.030369,0.027965,-0.998146
16.919,True,-0.045721,1.182404,-0.076660,0.044590,0.014426,0.029469,-0.998466,True,0.018042,1.177936,-0.075112,0.045034,0.030496,0.027824,-0.998132
16.931,True,-0.045728,1.182375,-0.076646,0.044940,0.014482,0.029347,-0.998454,True,0.018037,1.177921,-0.075110,0.045383,0.030553,0.027701,-0.998118
16.942,True,-0.045743,1.182344,-0.076648,0.045234,0.014417,0.029225,-0.998445,True,0.018023,1.177909,-0.075108,0.045675,0.030488,0.027578,-0.998110
16.953,True,-0.045768,1.182341,-0.076630,0.045259,0.014454,0.029201,-0.998444,True,0.017998,1.177908,-0.075094,0.045700,0.030526,0.027555,-0.998109
16.964,True,-0.045796,1.182346,-0.076647,0.045433,0.014693,0.029206,-0.998432,True,0.017970,1.177913,-0.075096,0.045874,0.030766,0.027561,-0.998093
16.975,True,-0.045821,1.182346,-0.076658,0.046070,0.014975,0.029311,-0.998396,True,0.017944,1.177901,-0.075098,0.046514,0.031050,0.027667,-0.998052
16.986,True,-0.045843,1.182351,-0.076669,0.046126,0.015325,0.029229,-0.998390,True,0.017922,1.177914,-0.075097,0.046570,0.031401,0.027586,-0.998040
17.003,True,-0.045857,1.182323,-0.076690,0.046435,0.015908,0.029286,-0.998365,True,0.017907,1.177876,-0.075103,0.046881,0.031986,0.027646,-0.998005
17.015,True,-0.045883,1.182242,-0.076684,0.046680,0.016064,0.029204,-0.998354,True,0.017882,1.177805,-0.075102,0.047126,0.032144,0.027567,-0.997991
17.026,True,-0.045901,1.182191,-0.076682,0.046728,0.016109,0.029071,-0.998355,True,0.017865,1.177773,-0.075094,0.047171,0.032191,0.027437,-0.997991
17.037,True,-0.045898,1.182166,-0.076697,0.046278,0.015959,0.028913,-0.998383,True,0.017869,1.177771,-0.075089,0.046718,0.032040,0.027282,-0.998021
17.048,True,-0.045937,1.182138,-0.076698,0.046436,0.015458,0.028924,-0.998383,True,0.017830,1.177751,-0.075080,0.046875,0.031537,0.027294,-0.998030
17.059,True,-0.045953,1.182164,-0.076708,0.047466,0.001172,0.030777,-0.998398,True,0.017811,1.177737,-0.075056,0.047897,0.017208,0.029158,-0.998278
17.070,True,-0.045980,1.182198,-0.076711,0.046634,-0.002854,0.031410,-0.998414,True,0.017782,1.177739,-0.075044,0.047063,0.013161,0.029795,-0.998361
17.081,True,-0.045995,1.182227,-0.076728,0.046218,-0.006742,0.031820,-0.998402,True,0.017766,1.177766,-0.075051,0.046642,0.009250,0.030206,-0.998412
17.092,True,-0.046018,1.182255,-0.076729,0.044194,-0.010426,0.032052,-0.998454,True,0.017743,1.177803,-0.075042,0.044608,0.005538,0.030440,-0.998525
17.103,True,-0.046013,1.182333,-0.076730,0.044657,-0.012524,0.032014,-0.998411,True,0.017751,1.177917,-0.075038,0.045065,0.003428,0.030400,-0.998516
17.115,True,-0.046035,1.182384,-0.076733,0.045073,-0.013862,0.031966,-0.998376,True,0.017730,1.177995,-0.075025,0.045476,0.002080,0.030348,-0.998502
17.126,True,-0.046034,1.182448,-0.076735,0.045036,-0.011971,0.031690,-0.998411,True,0.017731,1.178072,-0.075007,0.045439,0.003981,0.030068,-0.998507
17.137,True,-0.046029,1.182524,-0.076730,0.044833,-0.012054,0.031791,-0.998416,True,0.017735,1.178136,-0.074996,0.045237,0.003896,0.030167,-0.998513
17.148,True,-0.046014,1.182541,-0.076728,0.044979,-0.011127,0.031778,-0.998420,True,0.017749,1.178143,-0.074999,0.045386,0.004829,0.030153,-0.998503
17.159,True,-0.046000,1.182558,-0.076724,0.044915,-0.011342,0.031865,-0.998418,True,0.017764,1.178150,-0.075002,0.045322,0.004614,0.030238,-0.998504
17.170,True,-0.045959,1.182548,-0.076721,0.044819,-0.010972,0.031950,-0.998424,True,0.017803,1.178121,-0.075017,0.045229,0.004987,0.030325,-0.998504
17.181,True,-0.045913,1.182534,-0.076719,0.044947,-0.010215,0.031909,-0.998427,True,0.017850,1.178101,-0.075028,0.045359,0.005750,0.030285,-0.998495
17.192,True,-0.045882,1.182516,-0.076714,0.044399,-0.008585,0.031761,-0.998472,True,0.017880,1.178076,-0.075039,0.044813,0.007388,0.030137,-0.998514
17.203,True,-0.045850,1.182524,-0.076709,0.044062,-0.007987,0.031846,-0.998489,True,0.017911,1.178060,-0.075052,0.044478,0.007990,0.030222,-0.998521
17.214,True,-0.045812,1.182523,-0.076686,0.043517,-0.007425,0.031809,-0.998519,True,0.017949,1.178051,-0.075049,0.043934,0.008555,0.030185,-0.998542
17.226,True,-0.045750,1.182524,-0.076675,0.042767,-0.005391,0.031693,-0.998568,True,0.018010,1.178035,-0.075045,0.043187,0.010597,0.030066,-0.998558
17.237,True,-0.045706,1.182537,-0.076634,0.042581,-0.004821,0.031710,-0.998578,True,0.018053,1.178033,-0.075033,0.043003,0.011171,0.030083,-0.998560
17.248,True,-0.045671,1.182557,-0.076611,0.042294,-0.004415,0.031761,-0.998591,True,0.018088,1.178039,-0.075020,0.042718,0.011579,0.030134,-0.998566
17.259,True,-0.045644,1.182553,-0.076574,0.041389,-0.003644,0.031754,-0.998632,True,0.018114,1.178016,-0.075006,0.041815,0.012351,0.030126,-0.998595
17.270,True,-0.045623,1.182549,-0.076538,0.041110,-0.003403,0.031829,-0.998642,True,0.018134,1.177995,-0.074989,0.041537,0.012594,0.030200,-0.998601
17.281,True,-0.045605,1.182534,-0.076527,0.040813,-0.002951,0.031771,-0.998657,True,0.018153,1.177979,-0.074987,0.041240,0.013048,0.030143,-0.998609
17.293,True,-0.045600,1.182508,-0.076501,0.040316,-0.002706,0.031749,-0.998679,True,0.018158,1.177948,-0.074979,0.040744,0.013293,0.030121,-0.998627
17.304,True,-0.045598,1.182475,-0.076465,0.039876,-0.002422,0.031618,-0.998701,True,0.018161,1.177924,-0.074958,0.040303,0.013579,0.029993,-0.998645
17.315,True,-0.045604,1.182421,-0.076460,0.039918,-0.002497,0.031539,-0.998702,True,0.018156,1.177881,-0.074962,0.040343,0.013504,0.029916,-0.998647
17.326,True,-0.045616,1.182379,-0.076444,0.039793,-0.001890,0.031412,-0.998712,True,0.018144,1.177846,-0.074950,0.040218,0.014115,0.029790,-0.998647
17.337,True,-0.045640,1.182343,-0.076415,0.039852,-0.001892,0.031308,-0.998713,True,0.018121,1.177824,-0.074923,0.040276,0.014113,0.029688,-0.998648
17.348,True,-0.045665,1.182324,-0.076406,0.039573,-0.001566,0.031281,-0.998726,True,0.018095,1.177802,-0.074911,0.039996,0.014439,0.029661,-0.998655
17.359,True,-0.045682,1.182318,-0.076395,0.039095,-0.001200,0.031176,-0.998748,True,0.018079,1.177804,-0.074896,0.039517,0.014807,0.029558,-0.998672
17.370,True,-0.045687,1.182283,-0.076381,0.039014,-0.000910,0.031068,-0.998755,True,0.018075,1.177779,-0.074878,0.039436,0.015097,0.029450,-0.998674
17.382,True,-0.045704,1.182257,-0.076373,0.038728,-0.000405,0.031116,-0.998765,True,0.018057,1.177740,-0.074859,0.039152,0.015604,0.029499,-0.998676
17.393,True,-0.045730,1.182245,-0.076339,0.038048,-0.000136,0.031103,-0.998792,True,0.018031,1.177722,-0.074840,0.038472,0.015874,0.029490,-0.998698
17.404,True,-0.045733,1.182193,-0.076341,0.037781,0.000199,0.031171,-0.998800,True,0.018027,1.177659,-0.074824,0.038207,0.016209,0.029559,-0.998701
17.415,True,-0.045746,1.182166,-0.076328,0.037523,0.000357,0.031280,-0.998806,True,0.018012,1.177615,-0.074809,0.037951,0.016367,0.029669,-0.998705
17.426,True,-0.045759,1.182150,-0.076309,0.037261,0.000482,0.031224,-0.998818,True,0.018000,1.177602,-0.074793,0.037689,0.016492,0.029616,-0.998714
17.437,True,-0.045753,1.182127,-0.076260,0.037263,0.000345,0.031287,-0.998816,True,0.018005,1.177572,-0.074755,0.037691,0.016355,0.029679,-0.998715
17.448,True,-0.045763,1.182113,-0.076240,0.037107,0.000514,0.031221,-0.998823,True,0.017995,1.177562,-0.074740,0.037535,0.016525,0.029613,-0.998720
17.459,True,-0.045765,1.182112,-0.076214,0.037097,0.000704,0.031195,-0.998825,True,0.017994,1.177561,-0.074722,0.037525,0.016715,0.029587,-0.998718
17.470,True,-0.045752,1.182098,-0.076186,0.037122,0.000711,0.031109,-0.998826,True,0.018008,1.177557,-0.074705,0.037549,0.016723,0.029502,-0.998719
17.481,True,-0.045755,1.182082,-0.076161,0.037323,0.000690,0.031002,-0.998822,True,0.018006,1.177554,-0.074696,0.037748,0.016703,0.029395,-0.998715
17.493,True,-0.045756,1.182070,-0.076131,0.037691,0.000798,0.030989,-0.998809,True,0.018006,1.177542,-0.074679,0.038117,0.016813,0.029380,-0.998700
17.504,True,-0.045762,1.182065,-0.076112,0.037654,0.000766,0.031003,-0.998810,True,0.017999,1.177534,-0.074667,0.038080,0.016782,0.029395,-0.998701
17.515,True,-0.045766,1.182079,-0.076071,0.037610,0.000589,0.031161,-0.998806,True,0.017995,1.177529,-0.074642,0.038038,0.016604,0.029554,-0.998701
17.526,True,-0.045771,1.182073,-0.076039,0.037746,0.000647,0.031195,-0.998800,True,0.017989,1.177516,-0.074626,0.038176,0.016664,0.029587,-0.998694
17.537,True,-0.045747,1.182034,-0.076010,0.037729,0.000663,0.031181,-0.998801,True,0.018014,1.177476,-0.074614,0.038159,0.016680,0.029574,-0.998695
17.548,True,-0.045732,1.182026,-0.075977,0.037579,0.000897,0.031125,-0.998808,True,0.018029,1.177471,-0.074582,0.038008,0.016915,0.029517,-0.998698
17.559,True,-0.045753,1.182033,-0.075940,0.037601,0.000857,0.031094,-0.998809,True,0.018009,1.177480,-0.074563,0.038030,0.016875,0.029485,-0.998699
17.570,True,-0.045759,1.182060,-0.075898,0.037487,0.000937,0.031141,-0.998811,True,0.018002,1.177498,-0.074527,0.037917,0.016955,0.029532,-0.998701
17.581,True,-0.045786,1.182096,-0.075868,0.037400,0.000821,0.031174,-0.998814,True,0.017975,1.177531,-0.074497,0.037830,0.016838,0.029565,-0.998705
17.592,True,-0.045805,1.182104,-0.075851,0.038084,-0.001338,0.031417,-0.998780,True,0.017955,1.177541,-0.074469,0.038512,0.014671,0.029809,-0.998706
17.603,True,-0.045825,1.182026,-0.075805,0.040853,-0.006965,0.032013,-0.998628,True,0.017937,1.177470,-0.074446,0.041277,0.009026,0.030407,-0.998644
17.615,True,-0.045860,1.181965,-0.075782,0.042552,-0.011132,0.032214,-0.998513,True,0.017904,1.177448,-0.074408,0.042970,0.004842,0.030613,-0.998596
17.626,True,-0.045898,1.181938,-0.075754,0.041684,-0.010399,0.031999,-0.998564,True,0.017867,1.177437,-0.074365,0.042099,0.005575,0.030398,-0.998635
17.637,True,-0.045937,1.181939,-0.075713,0.042877,-0.014098,0.032447,-0.998454,True,0.017828,1.177437,-0.074311,0.043290,0.001858,0.030850,-0.998584
17.648,True,-0.045984,1.181984,-0.075668,0.044294,-0.018582,0.033162,-0.998295,True,0.017778,1.177457,-0.074254,0.044708,-0.002653,0.031569,-0.998498
17.659,True,-0.046033,1.182033,-0.075648,0.044492,-0.018509,0.033419,-0.998279,True,0.017726,1.177477,-0.074209,0.044911,-0.002580,0.031826,-0.998481
17.670,True,-0.046085,1.182074,-0.075611,0.044947,-0.019966,0.033963,-0.998212,True,0.017671,1.177471,-0.074160,0.045372,-0.004047,0.032372,-0.998437
17.682,True,-0.046125,1.182101,-0.075579,0.044181,-0.019374,0.034226,-0.998249,True,0.017628,1.177453,-0.074124,0.044610,-0.003453,0.032638,-0.998465
17.693,True,-0.046163,1.182105,-0.075539,0.045100,-0.022421,0.034647,-0.998130,True,0.017590,1.177444,-0.074102,0.045530,-0.006517,0.033065,-0.998394
17.703,True,-0.046180,1.182081,-0.075516,0.044688,-0.021124,0.034258,-0.998190,True,0.017575,1.177451,-0.074088,0.045114,-0.005211,0.032673,-0.998434
17.715,True,-0.046203,1.182067,-0.075480,0.044541,-0.021819,0.034005,-0.998190,True,0.017555,1.177475,-0.074069,0.044962,-0.005911,0.032422,-0.998445
17.726,True,-0.046211,1.182049,-0.075467,0.043656,-0.021832,0.033801,-0.998236,True,0.017549,1.177477,-0.074065,0.044072,-0.005926,0.032218,-0.998491
17.737,True,-0.046228,1.182029,-0.075441,0.042892,-0.021532,0.033664,-0.998280,True,0.017532,1.177464,-0.074058,0.043305,-0.005625,0.032081,-0.998531
17.748,True,-0.046226,1.182007,-0.075423,0.042541,-0.021970,0.033675,-0.998285,True,0.017535,1.177442,-0.074060,0.042953,-0.006065,0.032093,-0.998543
17.759,True,-0.046231,1.181970,-0.075404,0.041932,-0.021797,0.033658,-0.998316,True,0.017530,1.177397,-0.074072,0.042343,-0.005891,0.032078,-0.998571
17.770,True,-0.046228,1.181911,-0.075401,0.041882,-0.021816,0.033545,-0.998321,True,0.017534,1.177348,-0.074100,0.042291,-0.005908,0.031965,-0.998576
17.782,True,-0.046242,1.181870,-0.075396,0.041673,-0.021785,0.033414,-0.998335,True,0.017522,1.177320,-0.074112,0.042081,-0.005876,0.031835,-0.998590
17.793,True,-0.046254,1.181845,-0.075406,0.041985,-0.021874,0.033335,-0.998322,True,0.017511,1.177307,-0.074132,0.042392,-0.005965,0.031756,-0.998579
17.804,True,-0.046272,1.181840,-0.075418,0.042132,-0.021824,0.033285,-0.998319,True,0.017493,1.177306,-0.074156,0.042538,-0.005913,0.031706,-0.998574
17.815,True,-0.046295,1.181864,-0.075439,0.042237,-0.021568,0.033248,-0.998321,True,0.017470,1.177335,-0.074162,0.042643,-0.005656,0.031667,-0.998572
17.826,True,-0.046312,1.181888,-0.075449,0.042535,-0.021605,0.033295,-0.998306,True,0.017453,1.177355,-0.074170,0.042943,-0.005693,0.031713,-0.998558
17.837,True,-0.046339,1.181926,-0.075449,0.042635,-0.021871,0.033306,-0.998296,True,0.017426,1.177396,-0.074168,0.043042,-0.005961,0.031723,-0.998552
17.848,True,-0.046367,1.181977,-0.075476,0.042537,-0.021933,0.033325,-0.998298,True,0.017398,1.177445,-0.074186,0.042944,-0.006024,0.031741,-0.998555
17.859,True,-0.046402,1.182012,-0.075525,0.042618,-0.022182,0.033329,-0.998289,True,0.017363,1.177485,-0.074220,0.043024,-0.006276,0.031744,-0.998550
17.870,True,-0.046447,1.182010,-0.075563,0.042621,-0.022143,0.033337,-0.998289,True,0.017317,1.177483,-0.074252,0.043028,-0.006237,0.031753,-0.998550
17.881,True,-0.046481,1.181989,-0.075600,0.042824,-0.022063,0.033254,-0.998285,True,0.017284,1.177474,-0.074279,0.043229,-0.006157,0.031669,-0.998544
17.892,True,-0.046514,1.181992,-0.075657,0.043166,-0.022226,0.033186,-0.998269,True,0.017252,1.177492,-0.074323,0.043570,-0.006321,0.031600,-0.998531
17.903,True,-0.046532,1.182010,-0.075712,0.043423,-0.022128,0.033086,-0.998264,True,0.017235,1.177524,-0.074361,0.043825,-0.006223,0.031499,-0.998523
17.915,True,-0.046546,1.182043,-0.075772,0.043472,-0.022057,0.033240,-0.998258,True,0.017219,1.177540,-0.074400,0.043877,-0.006153,0.031650,-0.998517
17.926,True,-0.046567,1.182079,-0.075815,0.043422,-0.022103,0.033320,-0.998256,True,0.017197,1.177567,-0.074440,0.043828,-0.006200,0.031729,-0.998516
17.937,True,-0.046545,1.182146,-0.075869,0.043618,-0.021916,0.033659,-0.998241,True,0.017216,1.177591,-0.074474,0.044030,-0.006013,0.032064,-0.998497
17.948,True,-0.046541,1.182227,-0.075898,0.043945,-0.022130,0.033718,-0.998220,True,0.017220,1.177668,-0.074514,0.044357,-0.006228,0.032120,-0.998480
17.959,True,-0.046535,1.182302,-0.075932,0.044403,-0.021980,0.033617,-0.998206,True,0.017227,1.177756,-0.074549,0.044814,-0.006077,0.032014,-0.998464
17.970,True,-0.046511,1.182365,-0.075978,0.044809,-0.021758,0.033548,-0.998195,True,0.017251,1.177830,-0.074579,0.045220,-0.005854,0.031940,-0.998449
17.981,True,-0.046503,1.182426,-0.076012,0.045131,-0.021685,0.033475,-0.998185,True,0.017260,1.177900,-0.074611,0.045540,-0.005782,0.031862,-0.998438
17.992,True,-0.046492,1.182494,-0.076058,0.045190,-0.021624,0.033555,-0.998181,True,0.017270,1.177959,-0.074647,0.045601,-0.005721,0.031939,-0.998433
18.003,True,-0.046458,1.182570,-0.076097,0.045158,-0.021684,0.033682,-0.998176,True,0.017303,1.178019,-0.074688,0.045570,-0.005782,0.032064,-0.998430
18.015,True,-0.046424,1.182619,-0.076131,0.045391,-0.021825,0.033773,-0.998160,True,0.017336,1.178058,-0.074732,0.045804,-0.005923,0.032153,-0.998415
18.026,True,-0.046370,1.182673,-0.076183,0.045587,-0.022068,0.033874,-0.998142,True,0.017390,1.178102,-0.074789,0.046002,-0.006168,0.032252,-0.998402
18.037,True,-0.046313,1.182649,-0.076230,0.045604,-0.022444,0.033943,-0.998130,True,0.017447,1.178071,-0.074857,0.046020,-0.006545,0.032322,-0.998396
18.048,True,-0.046254,1.182670,-0.076249,0.045666,-0.022557,0.033951,-0.998125,True,0.017506,1.178092,-0.074882,0.046081,-0.006659,0.032330,-0.998392
18.059,True,-0.046191,1.182691,-0.076277,0.045408,-0.022802,0.034111,-0.998126,True,0.017568,1.178093,-0.074920,0.045825,-0.006906,0.032490,-0.998397
18.070,True,-0.046126,1.182721,-0.076311,0.045399,-0.022904,0.034289,-0.998118,True,0.017631,1.178101,-0.074962,0.045818,-0.007008,0.032668,-0.998391
18.081,True,-0.046075,1.182768,-0.076313,0.045433,-0.023021,0.034538,-0.998105,True,0.017680,1.178115,-0.074974,0.045856,-0.007125,0.032916,-0.998380
18.092,True,-0.046009,1.182794,-0.076320,0.045630,-0.023298,0.034763,-0.998082,True,0.017744,1.178115,-0.074994,0.046057,-0.007403,0.033141,-0.998362
18.103,True,-0.045954,1.182820,-0.076324,0.045722,-0.023430,0.034888,-0.998070,True,0.017798,1.178125,-0.075015,0.046150,-0.007536,0.033264,-0.998352
18.114,True,-0.045898,1.182848,-0.076334,0.046168,-0.023350,0.035006,-0.998047,True,0.017853,1.178139,-0.075029,0.046599,-0.007454,0.033382,-0.998328
18.126,True,-0.045848,1.182839,-0.076339,0.046179,-0.023524,0.035041,-0.998041,True,0.017903,1.178126,-0.075045,0.046611,-0.007629,0.033417,-0.998325
18.137,True,-0.045809,1.182832,-0.076341,0.046344,-0.023574,0.035066,-0.998032,True,0.017943,1.178115,-0.075060,0.046777,-0.007677,0.033442,-0.998316
18.148,True,-0.045774,1.182818,-0.076349,0.046882,-0.023737,0.035008,-0.998005,True,0.017978,1.178111,-0.075082,0.047315,-0.007839,0.033385,-0.998291
18.159,True,-0.045737,1.182788,-0.076361,0.046608,-0.024078,0.034919,-0.998012,True,0.018017,1.178096,-0.075093,0.047038,-0.008183,0.033297,-0.998305
18.175,True,-0.045709,1.182760,-0.076373,0.046551,-0.024410,0.034959,-0.998006,True,0.018044,1.178066,-0.075109,0.046981,-0.008516,0.033341,-0.998303
18.186,True,-0.045712,1.182723,-0.076370,0.046471,-0.024709,0.034904,-0.998004,True,0.018042,1.178038,-0.075116,0.046899,-0.008817,0.033288,-0.998306
18.197,True,-0.045696,1.182710,-0.076390,0.046460,-0.024924,0.034900,-0.997999,True,0.018058,1.178030,-0.075126,0.046888,-0.009034,0.033284,-0.998305
18.208,True,-0.045695,1.182714,-0.076399,0.046686,-0.024962,0.034874,-0.997989,True,0.018059,1.178041,-0.075127,0.047114,-0.009073,0.033258,-0.998295
18.219,True,-0.045700,1.182705,-0.076409,0.046874,-0.025059,0.034796,-0.997980,True,0.018056,1.178045,-0.075126,0.047300,-0.009171,0.033180,-0.998287
18.230,True,-0.045702,1.182708,-0.076416,0.047015,-0.025025,0.034735,-0.997976,True,0.018054,1.178058,-0.075120,0.047440,-0.009137,0.033118,-0.998283
18.241,True,-0.045704,1.182720,-0.076421,0.047353,-0.025390,0.034761,-0.997950,True,0.018053,1.178076,-0.075106,0.047778,-0.009505,0.033145,-0.998263
18.252,True,-0.045712,1.182714,-0.076435,0.047451,-0.025304,0.034709,-0.997950,True,0.018044,1.178080,-0.075097,0.047876,-0.009419,0.033094,-0.998261
18.264,True,-0.045713,1.182697,-0.076455,0.047347,-0.025119,0.034613,-0.997963,True,0.018044,1.178076,-0.075088,0.047770,-0.009234,0.032998,-0.998271
18.275,True,-0.045716,1.182689,-0.076467,0.047456,-0.025113,0.034621,-0.997957,True,0.018040,1.178071,-0.075081,0.047879,-0.009230,0.033006,-0.998265
18.286,True,-0.045707,1.182687,-0.076472,0.047021,-0.025271,0.034613,-0.997974,True,0.018050,1.178072,-0.075067,0.047442,-0.009391,0.033000,-0.998285
18.297,True,-0.045697,1.182665,-0.076500,0.046917,-0.025226,0.034573,-0.997982,True,0.018059,1.178057,-0.075083,0.047338,-0.009346,0.032960,-0.998291
18.308,True,-0.045681,1.182656,-0.076510,0.046995,-0.025330,0.034537,-0.997976,True,0.018076,1.178056,-0.075082,0.047416,-0.009451,0.032927,-0.998288
18.319,True,-0.045658,1.182643,-0.076508,0.047036,-0.025289,0.034534,-0.997976,True,0.018099,1.178043,-0.075075,0.047456,-0.009410,0.032923,-0.998286
18.330,True,-0.045624,1.182656,-0.076490,0.047149,-0.024869,0.034460,-0.997984,True,0.018133,1.178062,-0.075052,0.047569,-0.008986,0.032849,-0.998287
18.341,True,-0.045576,1.182682,-0.076472,0.047811,-0.022501,0.034292,-0.998014,True,0.018180,1.178082,-0.075034,0.048237,-0.006599,0.032678,-0.998280
18.353,True,-0.045531,1.182702,-0.076464,0.052486,-0.013795,0.033615,-0.997960,True,0.018225,1.178097,-0.075028,0.052932,0.002179,0.031990,-0.998083
18.364,True,-0.045457,1.182735,-0.076463,0.051616,-0.012872,0.033664,-0.998017,True,0.018298,1.178106,-0.075035,0.052064,0.003106,0.032037,-0.998125
18.375,True,-0.045390,1.182732,-0.076442,0.051687,-0.011947,0.033613,-0.998026,True,0.018365,1.178095,-0.075032,0.052137,0.004037,0.031985,-0.998120
18.386,True,-0.045321,1.182727,-0.076424,0.051081,-0.010971,0.033534,-0.998071,True,0.018433,1.178082,-0.075030,0.051531,0.005018,0.031905,-0.998149
18.397,True,-0.045234,1.182714,-0.076401,0.050484,-0.010614,0.033486,-0.998107,True,0.018520,1.178064,-0.075028,0.050934,0.005377,0.031857,-0.998179
18.408,True,-0.045164,1.182716,-0.076375,0.049302,-0.011144,0.033408,-0.998163,True,0.018591,1.178073,-0.075027,0.049747,0.004842,0.031778,-0.998244
18.419,True,-0.045095,1.182738,-0.076342,0.050900,-0.009023,0.033270,-0.998109,True,0.018661,1.178089,-0.075021,0.051352,0.006980,0.031637,-0.998155
18.430,True,-0.045016,1.182759,-0.076318,0.050121,-0.009022,0.033359,-0.998145,True,0.018738,1.178093,-0.075006,0.050573,0.006979,0.031727,-0.998192
18.441,True,-0.044978,1.182743,-0.076290,0.049386,-0.009215,0.033299,-0.998182,True,0.018777,1.178080,-0.075003,0.049836,0.006783,0.031665,-0.998232
18.452,True,-0.044903,1.182706,-0.076258,0.047350,-0.011003,0.033259,-0.998264,True,0.018854,1.178059,-0.074986,0.047791,0.004981,0.031628,-0.998344
18.464,True,-0.044855,1.182629,-0.076219,0.046952,-0.011002,0.033050,-0.998290,True,0.018904,1.178004,-0.074970,0.047390,0.004982,0.031419,-0.998370
18.475,True,-0.044789,1.182567,-0.076200,0.046897,-0.010014,0.032792,-0.998311,True,0.018971,1.177961,-0.074954,0.047333,0.005975,0.031159,-0.998375
18.486,True,-0.044740,1.182541,-0.076157,0.044721,-0.010762,0.032875,-0.998401,True,0.019020,1.177922,-0.074922,0.045154,0.005218,0.031246,-0.998478
18.497,True,-0.044680,1.182538,-0.076108,0.044409,-0.010399,0.033037,-0.998413,True,0.019078,1.177891,-0.074880,0.044845,0.005583,0.031409,-0.998485
18.508,True,-0.044610,1.182589,-0.076069,0.043745,-0.010009,0.033310,-0.998437,True,0.019145,1.177899,-0.074841,0.044186,0.005973,0.031682,-0.998503
18.519,True,-0.044553,1.182639,-0.076016,0.043427,-0.009888,0.033660,-0.998441,True,0.019198,1.177899,-0.074799,0.043873,0.006096,0.032034,-0.998505
18.530,True,-0.044475,1.182672,-0.075978,0.043065,-0.009259,0.033943,-0.998453,True,0.019272,1.177886,-0.074763,0.043517,0.006728,0.032321,-0.998507
18.541,True,-0.044393,1.182670,-0.075926,0.042094,-0.008791,0.034058,-0.998494,True,0.019352,1.177857,-0.074728,0.042549,0.007197,0.032442,-0.998542
18.552,True,-0.044347,1.182643,-0.075890,0.041750,-0.008633,0.034046,-0.998511,True,0.019399,1.177825,-0.074710,0.042206,0.007357,0.032432,-0.998555
18.563,True,-0.044291,1.182626,-0.075846,0.041304,-0.007992,0.033968,-0.998537,True,0.019455,1.177806,-0.074682,0.041760,0.008002,0.032357,-0.998572
18.575,True,-0.044221,1.182597,-0.075822,0.040507,-0.008137,0.033792,-0.998575,True,0.019526,1.177797,-0.074664,0.040959,0.007854,0.032184,-0.998612
18.585,True,-0.044178,1.182558,-0.075786,0.040356,-0.007904,0.033756,-0.998584,True,0.019570,1.177756,-0.074650,0.040808,0.008090,0.032149,-0.998617
18.597,True,-0.044138,1.182517,-0.075762,0.040717,-0.007163,0.033769,-0.998574,True,0.019609,1.177704,-0.074640,0.041172,0.008836,0.032164,-0.998595
18.608,True,-0.044100,1.182455,-0.075730,0.040364,-0.006998,0.033804,-0.998589,True,0.019647,1.177631,-0.074636,0.040821,0.009003,0.032201,-0.998607
18.619,True,-0.044065,1.182375,-0.075707,0.040257,-0.006820,0.033749,-0.998596,True,0.019682,1.177552,-0.074641,0.040714,0.009183,0.032148,-0.998611
18.630,True,-0.044033,1.182314,-0.075679,0.040300,-0.006310,0.033644,-0.998601,True,0.019715,1.177494,-0.074638,0.040758,0.009697,0.032044,-0.998608
18.641,True,-0.044017,1.182277,-0.075658,0.040084,-0.006043,0.033463,-0.998618,True,0.019732,1.177474,-0.074629,0.040539,0.009965,0.031863,-0.998620
18.652,True,-0.044019,1.182242,-0.075646,0.040028,-0.005854,0.033218,-0.998629,True,0.019733,1.177467,-0.074622,0.040480,0.010155,0.031617,-0.998628
18.664,True,-0.044029,1.182242,-0.075625,0.039965,-0.005507,0.033034,-0.998640,True,0.019724,1.177486,-0.074598,0.040415,0.010504,0.031433,-0.998633
18.675,True,-0.044056,1.182251,-0.075627,0.040080,-0.005220,0.032892,-0.998641,True,0.019698,1.177512,-0.074583,0.040528,0.010791,0.031289,-0.998630
18.686,True,-0.044114,1.182284,-0.075623,0.039834,-0.004873,0.032872,-0.998654,True,0.019640,1.177544,-0.074567,0.040282,0.011139,0.031268,-0.998637
18.697,True,-0.044171,1.182308,-0.075628,0.039799,-0.005050,0.032842,-0.998655,True,0.019583,1.177575,-0.074561,0.040246,0.010961,0.031239,-0.998641
18.708,True,-0.044226,1.182312,-0.075660,0.039761,-0.004979,0.032810,-0.998658,True,0.019528,1.177587,-0.074557,0.040207,0.011030,0.031208,-0.998643
18.719,True,-0.044289,1.182261,-0.075678,0.039725,-0.005336,0.032762,-0.998659,True,0.019465,1.177551,-0.074554,0.040169,0.010672,0.031162,-0.998650
18.730,True,-0.044351,1.182215,-0.075719,0.039785,-0.005445,0.032442,-0.998667,True,0.019407,1.177553,-0.074552,0.040223,0.010560,0.030842,-0.998659
18.741,True,-0.044413,1.182206,-0.075752,0.040184,-0.005720,0.032320,-0.998653,True,0.019346,1.177570,-0.074547,0.040619,0.010284,0.030721,-0.998649
18.752,True,-0.044480,1.182228,-0.075776,0.040701,-0.005929,0.032327,-0.998631,True,0.019279,1.177603,-0.074532,0.041135,0.010074,0.030727,-0.998630
18.763,True,-0.044544,1.182264,-0.075838,0.041513,-0.006478,0.032813,-0.998578,True,0.019210,1.177595,-0.074541,0.041955,0.009522,0.031213,-0.998587
18.775,True,-0.044600,1.182304,-0.075852,0.041892,-0.006705,0.033210,-0.998548,True,0.019150,1.177592,-0.074530,0.042339,0.009294,0.031610,-0.998560
18.786,True,-0.044632,1.182353,-0.075870,0.042401,-0.006989,0.033591,-0.998511,True,0.019116,1.177601,-0.074529,0.042854,0.009009,0.031989,-0.998529
18.797,True,-0.044640,1.182395,-0.075851,0.042876,-0.007819,0.033779,-0.998479,True,0.019106,1.177632,-0.074507,0.043330,0.008175,0.032177,-0.998509
18.808,True,-0.044647,1.182429,-0.075855,0.043536,-0.008211,0.033558,-0.998454,True,0.019103,1.177703,-0.074509,0.043986,0.007782,0.031952,-0.998491
18.819,True,-0.044659,1.182441,-0.075865,0.044125,-0.008736,0.033547,-0.998425,True,0.019091,1.177728,-0.074502,0.044574,0.007255,0.031939,-0.998469
18.830,True,-0.044683,1.182484,-0.075860,0.044558,-0.009029,0.033322,-0.998410,True,0.019069,1.177804,-0.074502,0.045003,0.006960,0.031711,-0.998459
18.841,True,-0.044673,1.182505,-0.075874,0.044805,-0.009091,0.033249,-0.998401,True,0.019080,1.177839,-0.074506,0.045249,0.006898,0.031638,-0.998451
18.852,True,-0.044674,1.182538,-0.075882,0.044981,-0.009225,0.033214,-0.998393,True,0.019080,1.177879,-0.074509,0.045423,0.006763,0.031602,-0.998445
18.863,True,-0.044660,1.182548,-0.075875,0.045224,-0.009796,0.033319,-0.998373,True,0.019094,1.177882,-0.074516,0.045667,0.006190,0.031706,-0.998434
18.874,True,-0.044638,1.182534,-0.075869,0.045347,-0.010337,0.033369,-0.998360,True,0.019116,1.177866,-0.074531,0.045789,0.005646,0.031755,-0.998430
18.886,True,-0.044612,1.182551,-0.075857,0.045298,-0.010769,0.033548,-0.998352,True,0.019141,1.177864,-0.074531,0.045742,0.005213,0.031934,-0.998429
18.897,True,-0.044581,1.182562,-0.075850,0.045269,-0.011242,0.033705,-0.998343,True,0.019171,1.177858,-0.074541,0.045715,0.004738,0.032091,-0.998428
18.908,True,-0.044540,1.182576,-0.075839,0.045266,-0.011441,0.033825,-0.998337,True,0.019211,1.177859,-0.074531,0.045713,0.004537,0.032210,-0.998425
18.919,True,-0.044518,1.182607,-0.075808,0.045194,-0.011831,0.034021,-0.998329,True,0.019231,1.177868,-0.074514,0.045643,0.004146,0.032406,-0.998424
18.930,True,-0.044497,1.182606,-0.075786,0.045593,-0.012380,0.034189,-0.998298,True,0.019252,1.177850,-0.074510,0.046044,0.003594,0.032571,-0.998402
18.941,True,-0.044460,1.182633,-0.075756,0.045141,-0.012345,0.034411,-0.998312,True,0.019286,1.177847,-0.074485,0.045595,0.003630,0.032796,-0.998415
18.952,True,-0.044429,1.182628,-0.075725,0.044895,-0.012475,0.034558,-0.998316,True,0.019316,1.177821,-0.074473,0.045351,0.003499,0.032944,-0.998422
18.963,True,-0.044403,1.182605,-0.075699,0.044518,-0.012520,0.034653,-0.998329,True,0.019342,1.177781,-0.074468,0.044976,0.003454,0.033042,-0.998436
18.974,True,-0.044382,1.182569,-0.075666,0.044161,-0.012553,0.034683,-0.998343,True,0.019363,1.177737,-0.074461,0.044619,0.003422,0.033075,-0.998451
18.986,True,-0.044359,1.182521,-0.075656,0.044056,-0.012601,0.034759,-0.998345,True,0.019385,1.177677,-0.074466,0.044516,0.003374,0.033154,-0.998453
18.997,True,-0.044354,1.182472,-0.075642,0.043928,-0.012725,0.034723,-0.998350,True,0.019391,1.177630,-0.074477,0.044388,0.003251,0.033121,-0.998460
19.008,True,-0.044350,1.182417,-0.075624,0.043786,-0.012822,0.034636,-0.998358,True,0.019395,1.177584,-0.074475,0.044243,0.003155,0.033036,-0.998470
19.019,True,-0.044353,1.182383,-0.075598,0.043585,-0.012877,0.034633,-0.998366,True,0.019393,1.177550,-0.074463,0.044043,0.003100,0.033037,-0.998479
19.030,True,-0.044391,1.182340,-0.075575,0.043267,-0.012749,0.034370,-0.998391,True,0.019357,1.177534,-0.074458,0.043721,0.003229,0.032774,-0.998501
19.041,True,-0.044402,1.182317,-0.075576,0.043174,-0.012680,0.034284,-0.998399,True,0.019347,1.177521,-0.074458,0.043626,0.003299,0.032688,-0.998508
19.052,True,-0.044430,1.182290,-0.075573,0.042904,-0.012745,0.034163,-0.998414,True,0.019320,1.177510,-0.074455,0.043354,0.003233,0.032569,-0.998524
19.063,True,-0.044504,1.182264,-0.075579,0.042461,-0.012743,0.033967,-0.998439,True,0.019247,1.177506,-0.074461,0.042908,0.003233,0.032373,-0.998549
19.075,True,-0.044541,1.182262,-0.075588,0.042160,-0.012552,0.033967,-0.998455,True,0.019210,1.177503,-0.074457,0.042606,0.003425,0.032376,-0.998561
19.086,True,-0.044608,1.182226,-0.075597,0.042070,-0.012512,0.033826,-0.998464,True,0.019144,1.177484,-0.074467,0.042514,0.003465,0.032235,-0.998570
19.097,True,-0.044673,1.182228,-0.075629,0.041863,-0.012380,0.033674,-0.998479,True,0.019080,1.177506,-0.074478,0.042305,0.003597,0.032084,-0.998583
19.108,True,-0.044746,1.182228,-0.075655,0.041594,-0.012226,0.033579,-0.998495,True,0.019008,1.177518,-0.074482,0.042034,0.003750,0.031989,-0.998597
19.119,True,-0.044813,1.182235,-0.075680,0.041391,-0.012096,0.033539,-0.998507,True,0.018564,1.178670,-0.074164,0.041829,0.003879,0.031949,-0.998606
19.130,True,-0.044894,1.182242,-0.075688,0.041136,-0.011946,0.033463,-0.998522,True,0.018484,1.178686,-0.074156,0.041573,0.004029,0.031873,-0.998619
19.141,True,-0.044966,1.182258,-0.075713,0.041188,-0.011778,0.033460,-0.998522,True,0.018411,1.178703,-0.074159,0.041625,0.004196,0.031869,-0.998616
19.152,True,-0.045034,1.182269,-0.075740,0.041050,-0.011915,0.033435,-0.998527,True,0.018343,1.178721,-0.074166,0.041485,0.004057,0.031843,-0.998623
19.163,True,-0.045102,1.182265,-0.075755,0.041029,-0.011775,0.033447,-0.998529,True,0.018274,1.178717,-0.074164,0.041465,0.004197,0.031855,-0.998623
19.175,True,-0.045177,1.182260,-0.075778,0.041067,-0.011603,0.033359,-0.998532,True,0.018200,1.178722,-0.074172,0.041502,0.004369,0.031766,-0.998624
19.186,True,-0.045249,1.182247,-0.075788,0.040960,-0.011535,0.033223,-0.998542,True,0.018128,1.178727,-0.074176,0.041392,0.004437,0.031630,-0.998632
19.197,True,-0.045288,1.182243,-0.075818,0.040678,-0.011616,0.033110,-0.998556,True,0.018090,1.178738,-0.074197,0.041107,0.004354,0.031516,-0.998648
19.208,True,-0.045336,1.182264,-0.075840,0.040791,-0.011643,0.033101,-0.998551,True,0.018042,1.178763,-0.074201,0.041220,0.004326,0.031506,-0.998644
19.219,True,-0.045391,1.182291,-0.075848,0.040938,-0.011786,0.033185,-0.998541,True,0.017986,1.178782,-0.074207,0.041368,0.004182,0.031590,-0.998636
19.230,True,-0.045457,1.182310,-0.075858,0.040852,-0.011831,0.033260,-0.998541,True,0.017919,1.178794,-0.074205,0.041283,0.004137,0.031665,-0.998637
19.241,True,-0.045500,1.182271,-0.075861,0.041062,-0.011963,0.033180,-0.998534,True,0.017877,1.178767,-0.074210,0.041491,0.004003,0.031583,-0.998632
19.253,True,-0.045532,1.182194,-0.075855,0.041160,-0.012095,0.032887,-0.998538,True,0.017848,1.178730,-0.074207,0.041585,0.003871,0.031290,-0.998637
19.263,True,-0.045573,1.182166,-0.075840,0.040989,-0.012163,0.032654,-0.998552,True,0.017808,1.178732,-0.074187,0.041410,0.003802,0.031059,-0.998652
19.275,True,-0.045598,1.182125,-0.075842,0.041025,-0.012100,0.032612,-0.998553,True,0.017783,1.178697,-0.074178,0.041445,0.003866,0.031016,-0.998652
19.286,True,-0.045624,1.182124,-0.075830,0.040734,-0.011996,0.032659,-0.998564,True,0.017757,1.178688,-0.074155,0.041155,0.003969,0.031063,-0.998662
19.297,True,-0.045643,1.182127,-0.075810,0.039324,-0.002042,0.031692,-0.998722,True,0.017737,1.178680,-0.074133,0.039756,0.013970,0.030086,-0.998659
19.308,True,-0.045654,1.182168,-0.075791,0.034532,0.016186,0.029937,-0.998824,True,0.017724,1.178687,-0.074104,0.034989,0.032240,0.028321,-0.998466
19.319,True,-0.045671,1.182199,-0.075760,0.037622,0.001407,0.031922,-0.998781,True,0.017705,1.178671,-0.074078,0.038067,0.017429,0.030319,-0.998663
19.330,True,-0.045693,1.182175,-0.075727,0.029405,0.032820,0.028606,-0.998619,True,0.017682,1.178623,-0.074054,0.029897,0.048868,0.026990,-0.997993
19.341,True,-0.045694,1.182170,-0.075702,0.031515,0.037077,0.028356,-0.998413,True,0.017680,1.178605,-0.074043,0.032015,0.053128,0.026741,-0.997716
19.352,True,-0.045693,1.182153,-0.075678,0.032055,0.038132,0.028181,-0.998361,True,0.017682,1.178598,-0.074040,0.032557,0.054185,0.026567,-0.997646
19.364,True,-0.045691,1.182138,-0.075634,0.029416,0.046385,0.026980,-0.998126,True,0.017686,1.178614,-0.074012,0.029928,0.062413,0.025367,-0.997279
19.375,True,-0.045688,1.182121,-0.075612,0.031600,0.041018,0.027494,-0.998280,True,0.017690,1.178610,-0.074007,0.032101,0.057065,0.025882,-0.997519
19.386,True,-0.045693,1.182091,-0.075598,0.031496,0.041492,0.027351,-0.998268,True,0.017686,1.178589,-0.074009,0.031997,0.057537,0.025739,-0.997499
19.397,True,-0.045697,1.182064,-0.075570,0.030147,0.050573,0.026387,-0.997917,True,0.017682,1.178558,-0.073996,0.030664,0.066589,0.024773,-0.997002
19.408,True,-0.045696,1.182044,-0.075551,0.029791,0.050695,0.026460,-0.997919,True,0.017683,1.178524,-0.073996,0.030310,0.066710,0.024847,-0.997002
19.419,True,-0.045694,1.182019,-0.075530,0.029971,0.044048,0.027104,-0.998212,True,0.017686,1.178501,-0.073999,0.030478,0.060082,0.025491,-0.997402
19.430,True,-0.045702,1.182003,-0.075518,0.029895,0.044079,0.027042,-0.998215,True,0.017679,1.178488,-0.074004,0.030402,0.060112,0.025428,-0.997405
19.441,True,-0.045699,1.182005,-0.075516,0.029601,0.044367,0.026954,-0.998213,True,0.017682,1.178498,-0.074001,0.030108,0.060399,0.025342,-0.997398
19.452,True,-0.045712,1.181994,-0.075520,0.029230,0.044619,0.026878,-0.998215,True,0.017669,1.178489,-0.074014,0.029737,0.060649,0.025264,-0.997396
19.464,True,-0.045736,1.181986,-0.075531,0.028830,0.044527,0.026744,-0.998234,True,0.017646,1.178498,-0.074025,0.029335,0.060555,0.025130,-0.997417
19.475,True,-0.045755,1.181999,-0.075557,0.028727,0.043901,0.026805,-0.998263,True,0.017627,1.178512,-0.074043,0.029231,0.059931,0.025193,-0.997456
19.486,True,-0.045782,1.182030,-0.075590,0.028930,0.042716,0.026922,-0.998305,True,0.017600,1.178546,-0.074066,0.029431,0.058750,0.025311,-0.997518
19.497,True,-0.045821,1.182061,-0.075630,0.029359,0.042356,0.026985,-0.998307,True,0.017561,1.178577,-0.074095,0.029859,0.058393,0.025374,-0.997524
19.508,True,-0.045857,1.182054,-0.075694,0.031348,0.037663,0.027630,-0.998416,True,0.017523,1.178561,-0.074133,0.031841,0.053715,0.026017,-0.997709
19.519,True,-0.045904,1.182030,-0.075733,0.034232,0.028677,0.028479,-0.998596,True,0.017478,1.178561,-0.074160,0.034707,0.044745,0.026869,-0.998034
19.530,True,-0.045953,1.182038,-0.075774,0.040787,0.023023,0.029164,-0.998477,True,0.017429,1.178589,-0.074179,0.041255,0.039108,0.027553,-0.998003
19.541,True,-0.045995,1.182080,-0.075822,0.038235,0.021884,0.029026,-0.998607,True,0.017387,1.178653,-0.074205,0.038697,0.037961,0.027413,-0.998153
19.552,True,-0.046037,1.182143,-0.075868,0.041374,0.020227,0.029439,-0.998505,True,0.017344,1.178702,-0.074226,0.041838,0.036309,0.027823,-0.998077
19.564,True,-0.046075,1.182199,-0.075918,0.046450,0.019565,0.029988,-0.998279,True,0.017304,1.178725,-0.074246,0.046921,0.035659,0.028369,-0.997859
19.575,True,-0.046100,1.182264,-0.075968,0.048181,0.020159,0.030312,-0.998175,True,0.017276,1.178752,-0.074280,0.048659,0.036257,0.028688,-0.997745
19.586,True,-0.046117,1.182321,-0.076002,0.049313,0.023335,0.030096,-0.998057,True,0.017259,1.178799,-0.074318,0.049795,0.039438,0.028468,-0.997574
19.597,True,-0.046121,1.182355,-0.076050,0.050458,0.023509,0.030016,-0.997998,True,0.017256,1.178846,-0.074367,0.050940,0.039615,0.028385,-0.997512
19.608,True,-0.046097,1.182962,-0.075940,0.049186,0.026737,0.029364,-0.998000,True,0.017267,1.178910,-0.074411,0.049665,0.042841,0.027730,-0.997461
19.619,True,-0.046092,1.183004,-0.075970,0.049668,0.027090,0.029057,-0.997975,True,0.017274,1.178987,-0.074446,0.050144,0.043194,0.027418,-0.997431
19.630,True,-0.046048,1.183051,-0.075981,0.050783,0.026658,0.029017,-0.997932,True,0.017319,1.179050,-0.074450,0.051256,0.042764,0.027375,-0.997394
19.641,True,-0.046034,1.183076,-0.075999,0.051467,0.026861,0.029040,-0.997891,True,0.017333,1.179071,-0.074475,0.051941,0.042969,0.027396,-0.997349
19.652,True,-0.045995,1.183117,-0.076027,0.050910,0.027314,0.028962,-0.997910,True,0.017372,1.179111,-0.074510,0.051384,0.043420,0.027316,-0.997361
19.664,True,-0.045936,1.183141,-0.076030,0.050404,0.027164,0.029153,-0.997934,True,0.017429,1.179106,-0.074535,0.050882,0.043268,0.027505,-0.997388
19.675,True,-0.045889,1.183164,-0.076041,0.050181,0.026919,0.029243,-0.997949,True,0.017476,1.179115,-0.074572,0.050660,0.043022,0.027593,-0.997407
19.686,True,-0.045819,1.183191,-0.076053,0.049485,0.026815,0.029399,-0.997982,True,0.017545,1.179117,-0.074603,0.049967,0.042916,0.027749,-0.997443
19.697,True,-0.045759,1.183213,-0.076050,0.049278,0.026911,0.029481,-0.997987,True,0.017604,1.179123,-0.074621,0.049761,0.043011,0.027830,-0.997447
19.708,True,-0.045687,1.183239,-0.076062,0.049035,0.026925,0.029630,-0.997994,True,0.017676,1.179124,-0.074650,0.049521,0.043025,0.027977,-0.997454
19.719,True,-0.045639,1.183266,-0.076068,0.048784,0.026974,0.029705,-0.998003,True,0.017722,1.179138,-0.074669,0.049272,0.043072,0.028051,-0.997462
19.730,True,-0.045598,1.183295,-0.076063,0.048340,0.027421,0.029738,-0.998012,True,0.017763,1.179152,-0.074680,0.048830,0.043518,0.028082,-0.997464
19.741,True,-0.045573,1.183334,-0.076051,0.048323,0.027365,0.029915,-0.998009,True,0.017787,1.179166,-0.074685,0.048815,0.043462,0.028259,-0.997462
19.752,True,-0.045548,1.183355,-0.076044,0.048251,0.027365,0.029970,-0.998011,True,0.017811,1.179178,-0.074690,0.048745,0.043461,0.028311,-0.997464
19.763,True,-0.045536,1.183386,-0.076009,0.047987,0.027493,0.030090,-0.998016,True,0.017822,1.179188,-0.074663,0.048483,0.043588,0.028431,-0.997467
19.774,True,-0.045527,1.183384,-0.075998,0.047556,0.027277,0.030031,-0.998044,True,0.017832,1.179192,-0.074668,0.048051,0.043371,0.028372,-0.997500
19.785,True,-0.045516,1.183376,-0.076002,0.046865,0.027611,0.030024,-0.998068,True,0.017843,1.179177,-0.074679,0.047361,0.043703,0.028365,-0.997518
19.797,True,-0.045516,1.183357,-0.075994,0.046468,0.027611,0.029926,-0.998090,True,0.017844,1.179168,-0.074681,0.046962,0.043702,0.028270,-0.997540
19.808,True,-0.045538,1.183300,-0.075996,0.046735,0.027659,0.029834,-0.998079,True,0.017822,1.179123,-0.074692,0.047229,0.043753,0.028181,-0.997527
19.819,True,-0.045544,1.183262,-0.076012,0.047094,0.027900,0.029806,-0.998056,True,0.017816,1.179089,-0.074701,0.047587,0.043996,0.028156,-0.997501
19.830,True,-0.045565,1.183226,-0.076013,0.047446,0.027879,0.029747,-0.998042,True,0.017797,1.179062,-0.074708,0.047938,0.043976,0.028098,-0.997486
19.841,True,-0.045597,1.183187,-0.076018,0.048093,0.027989,0.029653,-0.998010,True,0.017765,1.179038,-0.074711,0.048583,0.044088,0.028005,-0.997453
19.852,True,-0.045657,1.183155,-0.076017,0.048803,0.028218,0.029572,-0.997972,True,0.017706,1.179018,-0.074700,0.049292,0.044319,0.027924,-0.997410
19.863,True,-0.045689,1.183150,-0.076021,0.048512,0.028384,0.029472,-0.997984,True,0.017674,1.179025,-0.074688,0.049000,0.044484,0.027825,-0.997420
19.874,True,-0.045763,1.183141,-0.076017,0.049699,0.028213,0.029410,-0.997932,True,0.017873,1.177730,-0.074966,0.050186,0.044316,0.027763,-0.997370
19.885,True,-0.045833,1.183138,-0.076026,0.049612,0.028577,0.029242,-0.997931,True,0.017804,1.177747,-0.074949,0.050096,0.044680,0.027596,-0.997363
19.897,True,-0.045893,1.183137,-0.076026,0.050004,0.028748,0.029190,-0.997908,True,0.017744,1.177756,-0.074927,0.050488,0.044852,0.027544,-0.997337
19.908,True,-0.045965,1.183114,-0.076032,0.050043,0.028782,0.029079,-0.997909,True,0.017673,1.177748,-0.074918,0.050525,0.044886,0.027433,-0.997336
19.919,True,-0.046031,1.183116,-0.076026,0.050409,0.029011,0.028985,-0.997886,True,0.017608,1.177765,-0.074894,0.050889,0.045116,0.027340,-0.997310
19.930,True,-0.046060,1.183117,-0.076015,0.050911,0.029227,0.028861,-0.997858,True,0.017581,1.177783,-0.074876,0.051389,0.045333,0.027215,-0.997278
19.941,True,-0.046108,1.183140,-0.076015,0.051046,0.029623,0.028883,-0.997839,True,0.017532,1.177802,-0.074847,0.051525,0.045729,0.027237,-0.997252
19.952,True,-0.046166,1.183139,-0.076000,0.051100,0.029900,0.028717,-0.997833,True,0.017475,1.177819,-0.074829,0.051577,0.046006,0.027070,-0.997241
19.963,True,-0.046194,1.183155,-0.075979,0.051028,0.030058,0.028732,-0.997831,True,0.017447,1.177832,-0.074797,0.051506,0.046163,0.027084,-0.997238
19.974,True,-0.046243,1.183166,-0.075962,0.051211,0.030092,0.028735,-0.997821,True,0.017398,1.177844,-0.074768,0.051689,0.046198,0.027086,-0.997226
19.986,True,-0.046288,1.183165,-0.075942,0.051857,0.030077,0.028776,-0.997787,True,0.017353,1.177842,-0.074742,0.052335,0.046184,0.027126,-0.997192
19.997,True,-0.046311,1.183161,-0.075891,0.052458,0.030100,0.028836,-0.997753,True,0.017329,1.177834,-0.074689,0.052936,0.046208,0.027185,-0.997158
20.008,True,-0.046344,1.183155,-0.075856,0.052603,0.030135,0.028754,-0.997747,True,0.017296,1.177837,-0.074662,0.053081,0.046244,0.027104,-0.997151
20.019,True,-0.046365,1.183144,-0.075833,0.052355,0.029599,0.028766,-0.997775,True,0.017276,1.177830,-0.074635,0.052831,0.045708,0.027115,-0.997188
20.030,True,-0.046384,1.183144,-0.075765,0.052025,0.029094,0.028870,-0.997804,True,0.017256,1.177820,-0.074583,0.052503,0.045202,0.027220,-0.997226
20.041,True,-0.046414,1.183166,-0.075735,0.051664,0.028422,0.029070,-0.997837,True,0.017225,1.177824,-0.074553,0.052143,0.044528,0.027420,-0.997270
20.052,True,-0.046437,1.183170,-0.075689,0.051364,0.028006,0.029181,-0.997861,True,0.017201,1.177816,-0.074518,0.051844,0.044113,0.027532,-0.997301
20.063,True,-0.046444,1.183072,-0.075632,0.050805,0.027181,0.028995,-0.997918,True,0.017197,1.177747,-0.074484,0.051280,0.043286,0.027346,-0.997371
20.075,True,-0.046454,1.182984,-0.075577,0.050366,0.026709,0.028770,-0.997959,True,0.017189,1.177691,-0.074432,0.050837,0.042813,0.027122,-0.997420
20.085,True,-0.046471,1.182942,-0.075531,0.049555,0.025901,0.028712,-0.998023,True,0.017174,1.177663,-0.074392,0.050023,0.042003,0.027065,-0.997497
20.097,True,-0.046449,1.182935,-0.075461,0.049067,0.025471,0.028655,-0.998059,True,0.017197,1.177666,-0.074327,0.049533,0.041572,0.027010,-0.997541
20.108,True,-0.046454,1.182959,-0.075378,0.048026,0.024017,0.028992,-0.998136,True,0.017190,1.177660,-0.074254,0.048494,0.040116,0.027350,-0.997643
20.119,True,-0.046468,1.182975,-0.075315,0.038569,-0.003219,0.031625,-0.998750,True,0.017173,1.177649,-0.074205,0.038996,0.012785,0.030005,-0.998707
20.130,True,-0.046467,1.182998,-0.075251,0.035597,-0.010459,0.032656,-0.998778,True,0.017170,1.177619,-0.074144,0.036014,0.005501,0.031047,-0.998854
20.141,True,-0.046485,1.182984,-0.075188,0.034532,-0.010815,0.032924,-0.998803,True,0.017149,1.177568,-0.074105,0.034951,0.005141,0.031320,-0.998885
20.153,True,-0.046503,1.182939,-0.075137,0.036039,-0.010186,0.032868,-0.998758,True,0.017132,1.177527,-0.074076,0.036463,0.005781,0.031266,-0.998829
20.164,True,-0.046493,1.182913,-0.075086,0.034799,-0.011816,0.032871,-0.998784,True,0.017144,1.177514,-0.074040,0.035216,0.004139,0.031274,-0.998882
20.175,True,-0.046526,1.182876,-0.075018,0.034039,-0.013459,0.032703,-0.998795,True,0.017114,1.177513,-0.073999,0.034448,0.002486,0.031110,-0.998919
20.186,True,-0.046552,1.182837,-0.074965,0.037007,-0.011506,0.032291,-0.998727,True,0.017091,1.177514,-0.073956,0.037420,0.004461,0.030697,-0.998818
20.197,True,-0.046554,1.182805,-0.074928,0.037384,-0.011802,0.032266,-0.998710,True,0.017090,1.177490,-0.073927,0.037797,0.004166,0.030675,-0.998806
20.208,True,-0.046582,1.182758,-0.074877,0.037485,-0.012144,0.032289,-0.998702,True,0.017063,1.177443,-0.073892,0.037898,0.003823,0.030700,-0.998803
20.219,True,-0.046611,1.182688,-0.074833,0.035732,-0.015322,0.032526,-0.998714,True,0.017034,1.177373,-0.073868,0.036136,0.000623,0.030943,-0.998868
20.230,True,-0.046611,1.182637,-0.074794,0.035164,-0.012199,0.032234,-0.998787,True,0.017034,1.177313,-0.073855,0.035573,0.003763,0.030650,-0.998890
20.241,True,-0.046638,1.182582,-0.074764,0.036717,-0.011213,0.032158,-0.998745,True,0.017007,1.177261,-0.073834,0.037131,0.004761,0.030573,-0.998831
20.252,True,-0.046686,1.182536,-0.074728,0.037153,-0.011310,0.032128,-0.998729,True,0.016959,1.177221,-0.073809,0.037567,0.004665,0.030543,-0.998816
20.263,True,-0.046701,1.182518,-0.074730,0.036998,-0.011249,0.031987,-0.998740,True,0.016946,1.177221,-0.073802,0.037410,0.004725,0.030403,-0.998826
20.275,True,-0.046756,1.182487,-0.074723,0.036715,-0.011374,0.031924,-0.998751,True,0.016892,1.177200,-0.073780,0.037124,0.004598,0.030340,-0.998839
20.286,True,-0.046834,1.182465,-0.074702,0.036961,-0.011354,0.031766,-0.998747,True,0.016815,1.177200,-0.073757,0.037368,0.004619,0.030183,-0.998835
20.297,True,-0.046842,1.182491,-0.074731,0.037282,-0.011141,0.031732,-0.998739,True,0.016807,1.177233,-0.073757,0.037689,0.004833,0.030148,-0.998823
20.308,True,-0.046923,1.182483,-0.074724,0.037465,-0.011067,0.031604,-0.998737,True,0.016728,1.177243,-0.073737,0.037871,0.004908,0.030021,-0.998820
20.319,True,-0.046976,1.182505,-0.074746,0.037630,-0.011026,0.031570,-0.998732,True,0.016675,1.177273,-0.073735,0.038035,0.004949,0.029988,-0.998814
20.330,True,-0.047029,1.182503,-0.074787,0.037749,-0.010852,0.031522,-0.998731,True,0.016622,1.177278,-0.073760,0.038155,0.005123,0.029941,-0.998810
20.341,True,-0.047080,1.182472,-0.074793,0.037965,-0.010341,0.031464,-0.998730,True,0.016572,1.177252,-0.073748,0.038370,0.005638,0.029881,-0.998801
20.352,True,-0.047151,1.182461,-0.074803,0.037417,-0.010032,0.031288,-0.998759,True,0.016501,1.177259,-0.073740,0.037819,0.005946,0.029706,-0.998825
20.363,True,-0.047200,1.182493,-0.074847,0.037538,-0.009619,0.031140,-0.998764,True,0.016453,1.177309,-0.073750,0.037939,0.006360,0.029555,-0.998823
20.375,True,-0.047247,1.182516,-0.074870,0.037823,-0.009351,0.031122,-0.998756,True,0.016406,1.177337,-0.073743,0.038224,0.006629,0.029538,-0.998811
20.386,True,-0.047305,1.181186,-0.075282,0.037334,-0.008968,0.031238,-0.998774,True,0.016345,1.177327,-0.073738,0.037737,0.007010,0.029652,-0.998823
20.397,True,-0.047348,1.181235,-0.075291,0.037411,-0.008855,0.031520,-0.998764,True,0.016300,1.177340,-0.073734,0.037819,0.007124,0.029934,-0.998811
20.408,True,-0.047370,1.181272,-0.075303,0.037512,-0.008928,0.031616,-0.998756,True,0.016278,1.177367,-0.073745,0.037921,0.007050,0.030029,-0.998805
20.419,True,-0.047384,1.181289,-0.075311,0.037862,-0.008937,0.031508,-0.998746,True,0.016265,1.177399,-0.073750,0.038270,0.007041,0.029916,-0.998795
20.430,True,-0.047377,1.181354,-0.075313,0.038300,-0.009296,0.031342,-0.998731,True,0.016273,1.177491,-0.073757,0.038704,0.006682,0.029749,-0.998785
20.441,True,-0.047384,1.181402,-0.075319,0.038322,-0.008961,0.031109,-0.998741,True,0.016267,1.177565,-0.073763,0.038724,0.007017,0.029512,-0.998789
20.452,True,-0.047386,1.181447,-0.075317,0.038208,-0.009299,0.031080,-0.998743,True,0.016266,1.177616,-0.073768,0.038607,0.006676,0.029481,-0.998797
20.463,True,-0.047361,1.181498,-0.075317,0.038291,-0.009068,0.031042,-0.998743,True,0.016291,1.177669,-0.073771,0.038691,0.006908,0.029441,-0.998794
20.474,True,-0.047335,1.181517,-0.075323,0.038345,-0.009141,0.031069,-0.998740,True,0.016318,1.177683,-0.073789,0.038746,0.006836,0.029466,-0.998791
20.486,True,-0.047309,1.181534,-0.075320,0.037996,-0.009589,0.031104,-0.998748,True,0.016344,1.177698,-0.073802,0.038396,0.006385,0.029502,-0.998807
20.497,True,-0.047264,1.181539,-0.075323,0.037990,-0.009882,0.031270,-0.998740,True,0.016388,1.177683,-0.073821,0.038392,0.006091,0.029669,-0.998804
20.508,True,-0.047225,1.181527,-0.075324,0.038008,-0.009866,0.031373,-0.998736,True,0.016426,1.177655,-0.073842,0.038412,0.006108,0.029772,-0.998800
20.519,True,-0.047202,1.181542,-0.075312,0.038096,-0.010334,0.031524,-0.998723,True,0.016449,1.177655,-0.073851,0.038500,0.005639,0.029923,-0.998795
20.530,True,-0.047148,1.181571,-0.075320,0.037972,-0.010399,0.031674,-0.998723,True,0.016502,1.177663,-0.073871,0.038379,0.005573,0.030073,-0.998795
20.541,True,-0.047120,1.181586,-0.075315,0.038080,-0.010599,0.031808,-0.998712,True,0.016529,1.177661,-0.073884,0.038489,0.005372,0.030204,-0.998788
20.552,True,-0.047085,1.181617,-0.075308,0.038247,-0.010622,0.031974,-0.998700,True,0.016563,1.177670,-0.073893,0.038659,0.005351,0.030369,-0.998777
20.563,True,-0.047044,1.181625,-0.075309,0.038361,-0.010906,0.032080,-0.998689,True,0.016604,1.177666,-0.073911,0.038774,0.005065,0.030474,-0.998770
20.575,True,-0.047014,1.181649,-0.075304,0.038514,-0.011119,0.032165,-0.998678,True,0.016634,1.177680,-0.073924,0.038929,0.004852,0.030560,-0.998763
20.586,True,-0.046989,1.181655,-0.075304,0.038473,-0.011174,0.032230,-0.998677,True,0.016658,1.177676,-0.073939,0.038889,0.004798,0.030625,-0.998763
20.597,True,-0.046959,1.181661,-0.075301,0.038551,-0.011450,0.032275,-0.998670,True,0.016689,1.177677,-0.073958,0.038966,0.004522,0.030670,-0.998760
20.608,True,-0.046939,1.181657,-0.075308,0.038433,-0.011601,0.032243,-0.998674,True,0.016709,1.177676,-0.073982,0.038848,0.004370,0.030639,-0.998766
20.619,True,-0.046941,1.181646,-0.075305,0.038328,-0.011913,0.032188,-0.998676,True,0.016708,1.177672,-0.074003,0.038741,0.004057,0.030585,-0.998773
20.630,True,-0.046948,1.181628,-0.075325,0.038242,-0.011844,0.032075,-0.998683,True,0.016702,1.177667,-0.074030,0.038654,0.004127,0.030472,-0.998779
20.641,True,-0.046966,1.181612,-0.075321,0.038076,-0.011977,0.032039,-0.998689,True,0.016684,1.177653,-0.074051,0.038487,0.003994,0.030437,-0.998788
20.652,True,-0.046965,1.181597,-0.075342,0.038077,-0.012046,0.031978,-0.998690,True,0.016686,1.177645,-0.074075,0.038486,0.003924,0.030374,-0.998790
20.664,True,-0.046978,1.181606,-0.075339,0.038121,-0.012111,0.031879,-0.998691,True,0.016674,1.177668,-0.074077,0.038529,0.003859,0.030276,-0.998791
20.678,True,-0.047003,1.181592,-0.075363,0.038156,-0.012074,0.031739,-0.998695,True,0.016650,1.177672,-0.074101,0.038562,0.003897,0.030134,-0.998794
20.689,True,-0.047028,1.181595,-0.075383,0.038836,-0.011736,0.031712,-0.998673,True,0.016625,1.177677,-0.074115,0.039243,0.004239,0.030108,-0.998767
20.701,True,-0.047032,1.181618,-0.075426,0.038986,-0.011379,0.031746,-0.998671,True,0.016620,1.177694,-0.074147,0.039395,0.004597,0.030141,-0.998759
20.712,True,-0.047067,1.181629,-0.075450,0.038745,-0.011629,0.031800,-0.998675,True,0.016585,1.177700,-0.074170,0.039153,0.004345,0.030195,-0.998768
20.723,True,-0.047092,1.181647,-0.075487,0.039238,-0.011370,0.031852,-0.998657,True,0.016560,1.177712,-0.074192,0.039649,0.004606,0.030245,-0.998745
20.734,True,-0.047097,1.181692,-0.075522,0.039431,-0.011174,0.031926,-0.998650,True,0.016554,1.177747,-0.074222,0.039844,0.004803,0.030318,-0.998734
20.745,True,-0.047129,1.181712,-0.075551,0.039636,-0.010944,0.031930,-0.998644,True,0.016522,1.177766,-0.074240,0.040049,0.005034,0.030319,-0.998725
20.756,True,-0.047164,1.181746,-0.075577,0.039801,-0.010803,0.032000,-0.998637,True,0.016486,1.177791,-0.074257,0.040216,0.005175,0.030389,-0.998715
20.767,True,-0.047153,1.181774,-0.075600,0.039807,-0.010684,0.031923,-0.998640,True,0.016497,1.177829,-0.074272,0.040221,0.005294,0.030311,-0.998717
20.778,True,-0.047182,1.181790,-0.075626,0.039986,-0.010618,0.031849,-0.998636,True,0.016469,1.177854,-0.074298,0.040399,0.005361,0.030235,-0.998712
20.789,True,-0.047192,1.181802,-0.075659,0.040005,-0.010413,0.031713,-0.998642,True,0.016459,1.177883,-0.074317,0.040416,0.005566,0.030097,-0.998714
20.800,True,-0.047173,1.181810,-0.075675,0.040074,-0.010165,0.031662,-0.998643,True,0.016479,1.177894,-0.074333,0.040485,0.005815,0.030045,-0.998712
20.812,True,-0.047177,1.181828,-0.075692,0.040147,-0.010200,0.031685,-0.998639,True,0.016475,1.177910,-0.074346,0.040559,0.005779,0.030067,-0.998708
20.823,True,-0.047185,1.181847,-0.075704,0.040352,-0.010109,0.031701,-0.998631,True,0.016467,1.177926,-0.074359,0.040763,0.005871,0.030081,-0.998699
20.834,True,-0.047175,1.181867,-0.075719,0.040299,-0.010170,0.031773,-0.998631,True,0.016476,1.177937,-0.074379,0.040712,0.005810,0.030151,-0.998699
20.845,True,-0.047179,1.181851,-0.075722,0.040476,-0.010129,0.031736,-0.998625,True,0.016472,1.177925,-0.074389,0.040888,0.005852,0.030113,-0.998693
20.856,True,-0.047181,1.181850,-0.075722,0.040503,-0.010147,0.031715,-0.998624,True,0.016470,1.177927,-0.074392,0.040915,0.005833,0.030091,-0.998692
20.867,True,-0.047160,1.181821,-0.075724,0.040700,-0.010241,0.031641,-0.998618,True,0.016492,1.177908,-0.074397,0.041111,0.005739,0.030014,-0.998687
20.878,True,-0.047172,1.181835,-0.075708,0.040690,-0.010497,0.031707,-0.998613,True,0.016480,1.177916,-0.074389,0.041101,0.005481,0.030080,-0.998687
20.889,True,-0.047169,1.181864,-0.075697,0.040506,-0.010821,0.031750,-0.998616,True,0.016483,1.177942,-0.074383,0.040916,0.005155,0.030122,-0.998695
20.900,True,-0.047162,1.181896,-0.075713,0.040665,-0.010900,0.031793,-0.998607,True,0.016490,1.177970,-0.074401,0.041076,0.005076,0.030164,-0.998688
20.912,True,-0.047145,1.181883,-0.075697,0.040570,-0.011067,0.031698,-0.998613,True,0.016508,1.177969,-0.074400,0.040979,0.004908,0.030068,-0.998696
20.923,True,-0.047112,1.181809,-0.075696,0.040562,-0.011127,0.031525,-0.998618,True,0.016542,1.177917,-0.074402,0.040968,0.004848,0.029896,-0.998701
20.937,True,-0.047086,1.181753,-0.075699,0.040450,-0.010933,0.031391,-0.998629,True,0.016569,1.177876,-0.074400,0.040854,0.005043,0.029763,-0.998709
20.948,True,-0.047071,1.181744,-0.075687,0.040075,-0.010872,0.031438,-0.998643,True,0.016583,1.177860,-0.074384,0.040480,0.005104,0.029813,-0.998722
20.967,True,-0.047011,1.181807,-0.075659,0.040077,-0.010951,0.031948,-0.998626,True,0.016639,1.177860,-0.074345,0.040490,0.005024,0.030323,-0.998707
20.978,True,-0.046998,1.181860,-0.075638,0.039792,-0.011013,0.032364,-0.998623,True,0.016649,1.177860,-0.074319,0.040211,0.004961,0.030742,-0.998706
20.989,True,-0.046987,1.181896,-0.075618,0.039598,-0.011072,0.032698,-0.998619,True,0.016658,1.177852,-0.074305,0.040022,0.004902,0.031077,-0.998703
21.000,True,-0.046965,1.181913,-0.075598,0.039605,-0.011065,0.032960,-0.998610,True,0.016677,1.177834,-0.074296,0.040034,0.004909,0.031340,-0.998695
21.012,True,-0.046943,1.181908,-0.075572,0.039765,-0.011176,0.032981,-0.998602,True,0.016700,1.177827,-0.074289,0.040194,0.004800,0.031362,-0.998688
21.023,True,-0.046909,1.181887,-0.075547,0.039672,-0.011318,0.032770,-0.998611,True,0.016736,1.177832,-0.074282,0.040098,0.004657,0.031153,-0.998699
21.034,True,-0.046871,1.181853,-0.075566,0.039775,-0.011161,0.032488,-0.998618,True,0.016775,1.177828,-0.074324,0.040198,0.004817,0.030872,-0.998703
21.045,True,-0.046848,1.181839,-0.075541,0.039806,-0.011080,0.032373,-0.998621,True,0.016800,1.177824,-0.074324,0.040227,0.004900,0.030757,-0.998705
21.056,True,-0.046827,1.181835,-0.075547,0.039815,-0.010925,0.032424,-0.998621,True,0.016821,1.177811,-0.074344,0.040239,0.005057,0.030810,-0.998702
21.067,True,-0.046795,1.181815,-0.075557,0.039745,-0.011206,0.032403,-0.998622,True,0.016853,1.177792,-0.074385,0.040167,0.004776,0.030790,-0.998707
21.078,True,-0.046740,1.181783,-0.075544,0.039968,-0.010946,0.032430,-0.998615,True,0.016908,1.177749,-0.074406,0.040393,0.005039,0.030817,-0.998696
21.090,True,-0.046701,1.181763,-0.075526,0.039946,-0.011342,0.032374,-0.998613,True,0.016948,1.177737,-0.074424,0.040369,0.004643,0.030761,-0.998700
21.101,True,-0.046690,1.181748,-0.075547,0.040156,-0.011296,0.032372,-0.998605,True,0.016959,1.177719,-0.074462,0.040580,0.004689,0.030756,-0.998692
21.112,True,-0.046678,1.181734,-0.075538,0.040417,-0.011034,0.032211,-0.998603,True,0.016973,1.177721,-0.074472,0.040840,0.004953,0.030593,-0.998685
21.123,True,-0.046653,1.181741,-0.075547,0.040372,-0.010748,0.032165,-0.998609,True,0.016998,1.177730,-0.074475,0.040794,0.005241,0.030546,-0.998687
21.134,True,-0.046665,1.181755,-0.075568,0.040311,-0.010487,0.032123,-0.998616,True,0.016986,1.177746,-0.074494,0.040733,0.005503,0.030504,-0.998689
21.145,True,-0.046675,1.181760,-0.075589,0.040348,-0.010299,0.032127,-0.998616,True,0.016976,1.177750,-0.074507,0.040771,0.005692,0.030507,-0.998687
21.156,True,-0.046703,1.181786,-0.075630,0.040300,-0.009876,0.032152,-0.998621,True,0.016947,1.177771,-0.074525,0.040724,0.006116,0.030532,-0.998685
21.167,True,-0.046729,1.181808,-0.075675,0.040121,-0.009653,0.032149,-0.998631,True,0.016921,1.177792,-0.074550,0.040545,0.006339,0.030530,-0.998691
21.178,True,-0.046754,1.181810,-0.075714,0.039682,-0.009213,0.032134,-0.998653,True,0.016895,1.177792,-0.074569,0.040107,0.006778,0.030515,-0.998706
21.190,True,-0.046790,1.181789,-0.075763,0.039565,-0.008986,0.032084,-0.998661,True,0.016859,1.177777,-0.074590,0.039989,0.007005,0.030464,-0.998711
21.201,True,-0.046813,1.181790,-0.075806,0.039596,-0.008681,0.031980,-0.998666,True,0.016836,1.177790,-0.074614,0.040018,0.007311,0.030359,-0.998711
21.212,True,-0.046833,1.181832,-0.075841,0.039550,-0.008362,0.031821,-0.998676,True,0.016817,1.177851,-0.074629,0.039970,0.007631,0.030198,-0.998715
21.223,True,-0.046850,1.181864,-0.075883,0.039731,-0.008061,0.031845,-0.998670,True,0.016799,1.177880,-0.074645,0.040152,0.007932,0.030220,-0.998705
21.234,True,-0.046889,1.181928,-0.075919,0.039432,-0.008002,0.032096,-0.998675,True,0.016758,1.177912,-0.074664,0.039856,0.007989,0.030468,-0.998709
21.245,True,-0.046895,1.181993,-0.075955,0.039414,-0.007967,0.032294,-0.998669,True,0.016751,1.177953,-0.074683,0.039841,0.008022,0.030664,-0.998703
21.256,True,-0.046898,1.182077,-0.075971,0.039578,-0.007754,0.032522,-0.998657,True,0.016746,1.178006,-0.074700,0.040010,0.008236,0.030890,-0.998688
21.267,True,-0.046906,1.182112,-0.075979,0.039586,-0.007936,0.032409,-0.998659,True,0.016738,1.178056,-0.074714,0.040015,0.008053,0.030773,-0.998693
21.279,True,-0.046895,1.182152,-0.075989,0.039652,-0.007955,0.032170,-0.998664,True,0.016752,1.178126,-0.074725,0.040077,0.008033,0.030530,-0.998698
21.290,True,-0.046868,1.182203,-0.076003,0.039700,-0.007990,0.031989,-0.998668,True,0.016780,1.178201,-0.074738,0.040121,0.007997,0.030346,-0.998702
21.301,True,-0.046845,1.182264,-0.076007,0.039435,-0.008068,0.031943,-0.998679,True,0.016803,1.178267,-0.074746,0.039855,0.007917,0.030298,-0.998715
21.312,True,-0.046821,1.182303,-0.076000,0.039341,-0.008107,0.031898,-0.998684,True,0.016828,1.178309,-0.074756,0.039760,0.007878,0.030252,-0.998720
21.323,True,-0.046795,1.182307,-0.076019,0.039331,-0.008076,0.031986,-0.998682,True,0.016853,1.178301,-0.074777,0.039752,0.007908,0.030338,-0.998718
21.334,True,-0.046764,1.182310,-0.076023,0.039153,-0.008244,0.032030,-0.998686,True,0.016884,1.178297,-0.074800,0.039574,0.007740,0.030383,-0.998725
21.345,True,-0.046705,1.182294,-0.076011,0.039043,-0.008555,0.032116,-0.998685,True,0.016942,1.178271,-0.074811,0.039465,0.007428,0.030469,-0.998729
21.356,True,-0.046667,1.182279,-0.076017,0.039222,-0.008917,0.032187,-0.998672,True,0.016980,1.178250,-0.074833,0.039644,0.007066,0.030541,-0.998722
21.367,True,-0.046608,1.182285,-0.076014,0.038938,-0.008960,0.032319,-0.998679,True,0.017038,1.178237,-0.074844,0.039362,0.007022,0.030674,-0.998730
21.379,True,-0.046555,1.182288,-0.076000,0.039002,-0.009149,0.032471,-0.998670,True,0.017091,1.178220,-0.074849,0.039428,0.006833,0.030826,-0.998724
21.390,True,-0.046408,1.182873,-0.075807,0.038820,-0.008908,0.032637,-0.998673,True,0.017140,1.178202,-0.074860,0.039250,0.007075,0.030991,-0.998724
21.401,True,-0.046343,1.182894,-0.075786,0.038872,-0.009220,0.032785,-0.998664,True,0.017204,1.178205,-0.074862,0.039303,0.006763,0.031138,-0.998719
21.412,True,-0.046276,1.182917,-0.075767,0.038781,-0.009299,0.032906,-0.998663,True,0.017270,1.178210,-0.074860,0.039214,0.006683,0.031259,-0.998720
21.423,True,-0.046228,1.182937,-0.075752,0.038650,-0.009488,0.033016,-0.998662,True,0.017318,1.178215,-0.074868,0.039085,0.006494,0.031369,-0.998722
21.434,True,-0.046175,1.182956,-0.075738,0.038530,-0.009593,0.033160,-0.998661,True,0.017369,1.178214,-0.074876,0.038967,0.006389,0.031512,-0.998723
21.445,True,-0.046131,1.182956,-0.075720,0.038439,-0.009650,0.033187,-0.998663,True,0.017413,1.178207,-0.074881,0.038877,0.006332,0.031540,-0.998726
21.456,True,-0.046078,1.182958,-0.075712,0.038309,-0.009720,0.033265,-0.998665,True,0.017465,1.178197,-0.074891,0.038748,0.006262,0.031619,-0.998729
21.467,True,-0.046069,1.182933,-0.075694,0.038042,-0.009798,0.033284,-0.998674,True,0.017474,1.178165,-0.074905,0.038481,0.006184,0.031639,-0.998739
21.479,True,-0.046034,1.182904,-0.075686,0.037925,-0.009945,0.033197,-0.998680,True,0.017510,1.178146,-0.074917,0.038362,0.006037,0.031551,-0.998747
21.490,True,-0.046011,1.182889,-0.075692,0.037868,-0.010065,0.033198,-0.998681,True,0.017534,1.178130,-0.074939,0.038305,0.005917,0.031553,-0.998750
21.501,True,-0.045995,1.182864,-0.075688,0.037669,-0.010115,0.033110,-0.998690,True,0.017550,1.178114,-0.074956,0.038104,0.005868,0.031468,-0.998761
21.512,True,-0.045981,1.182833,-0.075685,0.037793,-0.010125,0.033073,-0.998687,True,0.017564,1.178086,-0.074965,0.038228,0.005859,0.031432,-0.998757
21.523,True,-0.045978,1.182795,-0.075703,0.037922,-0.010111,0.033016,-0.998684,True,0.017568,1.178056,-0.074983,0.038357,0.005873,0.031374,-0.998754
21.534,True,-0.046001,1.182781,-0.075708,0.037841,-0.010012,0.032908,-0.998692,True,0.017546,1.178055,-0.074984,0.038275,0.005973,0.031269,-0.998760
21.545,True,-0.046016,1.182768,-0.075732,0.038618,-0.008023,0.032678,-0.998687,True,0.017532,1.178051,-0.074991,0.039055,0.007974,0.031038,-0.998723
21.556,True,-0.046057,1.182770,-0.075759,0.040486,-0.001319,0.032018,-0.998666,True,0.017491,1.178059,-0.075003,0.040935,0.014711,0.030373,-0.998592
21.567,True,-0.046107,1.182759,-0.075795,0.041964,0.003918,0.031459,-0.998616,True,0.017442,1.178059,-0.075022,0.042421,0.019968,0.029809,-0.998455
21.578,True,-0.046149,1.182764,-0.075825,0.042321,0.008464,0.030979,-0.998588,True,0.017399,1.178071,-0.075023,0.042784,0.024527,0.029327,-0.998353
21.590,True,-0.046193,1.182773,-0.075853,0.042212,0.006359,0.031141,-0.998603,True,0.017356,1.178091,-0.075026,0.042671,0.022417,0.029490,-0.998402
21.600,True,-0.046237,1.182785,-0.075885,0.041834,0.011319,0.030644,-0.998590,True,0.017312,1.178102,-0.075033,0.042299,0.027385,0.028989,-0.998309
21.612,True,-0.046284,1.182802,-0.075922,0.040388,0.014927,0.030239,-0.998615,True,0.017264,1.178121,-0.075040,0.040857,0.030994,0.028581,-0.998275
21.623,True,-0.046333,1.182823,-0.075946,0.042213,0.015202,0.030280,-0.998534,True,0.017215,1.178144,-0.075042,0.042683,0.031275,0.028621,-0.998189
21.634,True,-0.046367,1.182846,-0.075968,0.040989,0.017640,0.030014,-0.998553,True,0.017181,1.178165,-0.075049,0.041461,0.033711,0.028354,-0.998169
21.645,True,-0.046399,1.182875,-0.075994,0.038917,0.019204,0.029816,-0.998613,True,0.017148,1.178192,-0.075053,0.039390,0.035270,0.028153,-0.998204
21.656,True,-0.046430,1.182900,-0.076016,0.038847,0.019452,0.029740,-0.998613,True,0.017117,1.178225,-0.075060,0.039320,0.035517,0.028076,-0.998201
21.667,True,-0.046453,1.182907,-0.076043,0.039146,0.020004,0.029620,-0.998594,True,0.017095,1.178243,-0.075066,0.039618,0.036070,0.027953,-0.998172
21.678,True,-0.046459,1.182950,-0.076040,0.039075,0.023901,0.029228,-0.998523,True,0.017089,1.178282,-0.075066,0.039553,0.039968,0.027557,-0.998037
21.689,True,-0.046457,1.182972,-0.076050,0.039387,0.020250,0.029587,-0.998581,True,0.017092,1.178309,-0.075068,0.039859,0.036316,0.027917,-0.998155
21.700,True,-0.046445,1.182967,-0.076041,0.039366,0.020212,0.029697,-0.998579,True,0.017102,1.178290,-0.075059,0.039840,0.036278,0.028026,-0.998154
21.712,True,-0.046438,1.182951,-0.076025,0.039356,0.020174,0.029737,-0.998579,True,0.017109,1.178266,-0.075063,0.039831,0.036239,0.028065,-0.998155
21.723,True,-0.046422,1.182933,-0.076009,0.039028,0.021870,0.029595,-0.998560,True,0.017124,1.178240,-0.075064,0.039506,0.037935,0.027923,-0.998109
21.734,True,-0.046403,1.182920,-0.075992,0.039100,0.020986,0.029709,-0.998573,True,0.017144,1.178222,-0.075067,0.039577,0.037051,0.028037,-0.998136
21.750,True,-0.046343,1.182941,-0.075947,0.039075,0.020129,0.029998,-0.998583,True,0.017202,1.178214,-0.075051,0.039555,0.036194,0.028328,-0.998160
21.761,True,-0.046350,1.182899,-0.075896,0.040026,0.019239,0.030203,-0.998557,True,0.017194,1.178156,-0.075039,0.040507,0.035306,0.028533,-0.998148
21.772,True,-0.046278,1.182892,-0.075883,0.039532,0.019356,0.030218,-0.998574,True,0.017265,1.178144,-0.075031,0.040014,0.035423,0.028550,-0.998163
21.783,True,-0.046235,1.182773,-0.075835,0.039787,0.018920,0.029960,-0.998580,True,0.017312,1.178060,-0.075022,0.040264,0.034989,0.028294,-0.998175
21.795,True,-0.046151,1.182636,-0.075799,0.040120,0.017817,0.029854,-0.998590,True,0.017398,1.177951,-0.075006,0.040592,0.033886,0.028191,-0.998203
21.806,True,-0.046124,1.182589,-0.075763,0.039943,0.017640,0.029774,-0.998602,True,0.017427,1.177914,-0.074984,0.040414,0.033710,0.028113,-0.998219
21.817,True,-0.046088,1.182582,-0.075718,0.040051,0.015848,0.029982,-0.998622,True,0.017462,1.177904,-0.074949,0.040520,0.031917,0.028324,-0.998267
21.828,True,-0.046057,1.182610,-0.075644,0.040506,0.015473,0.030229,-0.998602,True,0.017492,1.177906,-0.074883,0.040978,0.031543,0.028571,-0.998253
21.839,True,-0.046016,1.182662,-0.075604,0.040676,0.015409,0.030590,-0.998585,True,0.017529,1.177913,-0.074847,0.041153,0.031480,0.028933,-0.998238
21.850,True,-0.045987,1.182709,-0.075555,0.041182,0.015468,0.031001,-0.998551,True,0.017554,1.177909,-0.074806,0.041666,0.031541,0.029346,-0.998202
21.861,True,-0.045966,1.182698,-0.075495,0.042127,0.015750,0.031209,-0.998501,True,0.017573,1.177870,-0.074766,0.042616,0.031826,0.029556,-0.998147
21.872,True,-0.045944,1.182667,-0.075445,0.041622,0.014982,0.031296,-0.998531,True,0.017595,1.177833,-0.074739,0.042110,0.031057,0.029646,-0.998190
21.883,True,-0.045921,1.182631,-0.075407,0.042159,0.016043,0.031114,-0.998498,True,0.017619,1.177809,-0.074710,0.042648,0.032122,0.029466,-0.998139
21.894,True,-0.045941,1.182604,-0.075355,0.042464,0.016230,0.030793,-0.998492,True,0.017602,1.177820,-0.074671,0.042949,0.032311,0.029149,-0.998129
21.906,True,-0.045938,1.182570,-0.075335,0.042877,0.016655,0.030674,-0.998471,True,0.017606,1.177799,-0.074647,0.043361,0.032739,0.029032,-0.998101
21.917,True,-0.045936,1.182519,-0.075309,0.043447,0.017317,0.030530,-0.998439,True,0.017609,1.177760,-0.074629,0.043931,0.033403,0.028889,-0.998058
21.928,True,-0.045922,1.182453,-0.075296,0.043378,0.016620,0.030611,-0.998451,True,0.017623,1.177693,-0.074625,0.043862,0.032707,0.028974,-0.998082
21.939,True,-0.045916,1.182387,-0.075272,0.043506,0.017740,0.030505,-0.998430,True,0.017629,1.177626,-0.074612,0.043991,0.033828,0.028869,-0.998042
21.950,True,-0.045915,1.182327,-0.075250,0.042916,0.017313,0.030474,-0.998464,True,0.017631,1.177572,-0.074601,0.043399,0.033401,0.028841,-0.998083
21.961,True,-0.045951,1.182275,-0.075226,0.043781,0.017629,0.030420,-0.998422,True,0.017595,1.177525,-0.074588,0.044264,0.033720,0.028788,-0.998036
21.973,True,-0.045969,1.182232,-0.075215,0.043738,0.017662,0.030327,-0.998427,True,0.017578,1.177492,-0.074580,0.044220,0.033752,0.028693,-0.998039
21.984,True,-0.045983,1.182220,-0.075212,0.044169,0.018101,0.030186,-0.998404,True,0.017565,1.177496,-0.074563,0.044650,0.034193,0.028554,-0.998009
21.995,True,-0.046000,1.182238,-0.075202,0.044463,0.018390,0.030173,-0.998386,True,0.017548,1.177516,-0.074541,0.044944,0.034482,0.028539,-0.997986
22.006,True,-0.046026,1.182240,-0.075205,0.044889,0.018561,0.030044,-0.998368,True,0.017523,1.177533,-0.074541,0.045369,0.034655,0.028408,-0.997965
22.017,True,-0.046045,1.182270,-0.075209,0.045143,0.018828,0.030057,-0.998351,True,0.017504,1.177563,-0.074522,0.045624,0.034922,0.028422,-0.997943
22.028,True,-0.046061,1.182309,-0.075214,0.045362,0.019163,0.030096,-0.998333,True,0.017487,1.177596,-0.074509,0.045844,0.035258,0.028462,-0.997920
22.039,True,-0.046091,1.182305,-0.075227,0.045718,0.019268,0.030039,-0.998317,True,0.017458,1.177600,-0.074518,0.046199,0.035364,0.028403,-0.997902
22.050,True,-0.046096,1.182274,-0.075246,0.045786,0.018983,0.030111,-0.998317,True,0.017453,1.177568,-0.074513,0.046267,0.035079,0.028477,-0.997907
22.061,True,-0.046105,1.182250,-0.075253,0.045949,0.018881,0.029951,-0.998316,True,0.017445,1.177568,-0.074512,0.046427,0.034977,0.028316,-0.997908
22.073,True,-0.046105,1.182262,-0.075273,0.045698,0.018183,0.029817,-0.998345,True,0.017447,1.177607,-0.074514,0.046172,0.034278,0.028182,-0.997948
22.084,True,-0.046101,1.182294,-0.075295,0.045317,0.017721,0.029816,-0.998370,True,0.017451,1.177645,-0.074516,0.045789,0.033814,0.028180,-0.997981
22.095,True,-0.046092,1.182337,-0.075322,0.044713,0.016823,0.030148,-0.998403,True,0.017458,1.177659,-0.074518,0.045187,0.032912,0.028510,-0.998029
22.106,True,-0.046094,1.182381,-0.075330,0.045059,0.016457,0.030505,-0.998383,True,0.017453,1.177663,-0.074521,0.045538,0.032547,0.028867,-0.998015
22.117,True,-0.046076,1.182444,-0.075343,0.044219,0.004471,0.032021,-0.998499,True,0.017467,1.177686,-0.074533,0.044689,0.020534,0.030390,-0.998328
22.128,True,-0.046056,1.182506,-0.075347,0.045364,0.000927,0.032533,-0.998440,True,0.017486,1.177733,-0.074541,0.045833,0.016982,0.030902,-0.998327
22.139,True,-0.046036,1.182549,-0.075342,0.045473,0.001807,0.032315,-0.998441,True,0.017507,1.177791,-0.074546,0.045942,0.017865,0.030681,-0.998313
22.150,True,-0.046001,1.182578,-0.075355,0.045706,0.001795,0.032015,-0.998440,True,0.017545,1.177857,-0.074561,0.046170,0.017852,0.030377,-0.998312
22.161,True,-0.045973,1.182631,-0.075359,0.047182,-0.003179,0.032417,-0.998355,True,0.017575,1.177931,-0.074556,0.047640,0.012865,0.030782,-0.998307
22.173,True,-0.045926,1.182689,-0.075356,0.048349,-0.004975,0.032537,-0.998288,True,0.017623,1.178002,-0.074557,0.048805,0.011064,0.030900,-0.998269
22.184,True,-0.045880,1.182723,-0.075356,0.049100,-0.006723,0.032878,-0.998230,True,0.017667,1.178017,-0.074564,0.049558,0.009310,0.031241,-0.998239
22.195,True,-0.045865,1.182752,-0.075331,0.049501,-0.007340,0.033072,-0.998199,True,0.017681,1.178028,-0.074558,0.049961,0.008691,0.031435,-0.998219
22.206,True,-0.045801,1.182779,-0.075333,0.049969,-0.007891,0.033366,-0.998162,True,0.017744,1.178025,-0.074564,0.050433,0.008139,0.031728,-0.998190
22.217,True,-0.045757,1.182792,-0.075317,0.050588,-0.008597,0.033452,-0.998122,True,0.017788,1.178037,-0.074564,0.051053,0.007433,0.031814,-0.998161
22.228,True,-0.045712,1.182805,-0.075305,0.050885,-0.008580,0.033631,-0.998101,True,0.017831,1.178028,-0.074557,0.051353,0.007450,0.031994,-0.998140
22.239,True,-0.045671,1.182817,-0.075298,0.051529,-0.007766,0.033658,-0.998074,True,0.017871,1.178028,-0.074560,0.052000,0.008270,0.032020,-0.998099
22.250,True,-0.045628,1.182821,-0.075289,0.051871,-0.007708,0.033788,-0.998052,True,0.017913,1.178014,-0.074559,0.052345,0.008330,0.032150,-0.998077
22.261,True,-0.045592,1.182836,-0.075285,0.052047,-0.007378,0.033938,-0.998041,True,0.017947,1.178006,-0.074556,0.052525,0.008662,0.032300,-0.998060
22.273,True,-0.045550,1.182847,-0.075262,0.052080,-0.007573,0.034106,-0.998032,True,0.017988,1.177997,-0.074543,0.052560,0.008467,0.032471,-0.998054
22.283,True,-0.045522,1.182803,-0.075254,0.052090,-0.008008,0.034221,-0.998024,True,0.018015,1.177940,-0.074553,0.052571,0.008030,0.032582,-0.998053
22.295,True,-0.045494,1.182830,-0.075206,0.051702,-0.008182,0.034417,-0.998036,True,0.018041,1.177943,-0.074512,0.052186,0.007855,0.032784,-0.998068
22.306,True,-0.045465,1.182817,-0.075176,0.051087,-0.008352,0.034474,-0.998064,True,0.018070,1.177919,-0.074506,0.051570,0.007684,0.032841,-0.998100
22.317,True,-0.045446,1.182809,-0.075152,0.051034,-0.008677,0.034485,-0.998064,True,0.018089,1.177910,-0.074501,0.051518,0.007358,0.032854,-0.998105
22.328,True,-0.045446,1.182761,-0.075124,0.051100,-0.008960,0.034396,-0.998061,True,0.018090,1.177876,-0.074493,0.051582,0.007076,0.032766,-0.998106
22.339,True,-0.045437,1.182729,-0.075099,0.051189,-0.009203,0.034358,-0.998055,True,0.018100,1.177850,-0.074484,0.051671,0.006832,0.032730,-0.998104
22.350,True,-0.045433,1.182685,-0.075078,0.051211,-0.009510,0.034275,-0.998054,True,0.018105,1.177817,-0.074480,0.051691,0.006525,0.032648,-0.998108
22.362,True,-0.045433,1.182636,-0.075062,0.051037,-0.009602,0.034187,-0.998065,True,0.018106,1.177779,-0.074475,0.051515,0.006432,0.032562,-0.998121
22.373,True,-0.045443,1.182616,-0.075056,0.050750,-0.009657,0.034116,-0.998082,True,0.018096,1.177766,-0.074475,0.051226,0.006377,0.032492,-0.998138
22.384,True,-0.045456,1.182594,-0.075044,0.050930,-0.009394,0.034044,-0.998078,True,0.018084,1.177751,-0.074467,0.051406,0.006643,0.032421,-0.998129
22.395,True,-0.045459,1.182764,-0.074975,0.051817,-0.008663,0.033888,-0.998044,True,0.018063,1.177732,-0.074460,0.052294,0.007379,0.032265,-0.998083
22.406,True,-0.045492,1.182750,-0.074973,0.052442,-0.008182,0.033830,-0.998017,True,0.018030,1.177723,-0.074451,0.052920,0.007863,0.032208,-0.998048
22.417,True,-0.045524,1.182752,-0.074980,0.052668,-0.007888,0.033827,-0.998008,True,0.017997,1.177724,-0.074448,0.053146,0.008160,0.032205,-0.998034
22.428,True,-0.045552,1.182746,-0.074992,0.052769,-0.007404,0.033632,-0.998013,True,0.017971,1.177739,-0.074448,0.053246,0.008646,0.032010,-0.998031
22.439,True,-0.045598,1.182752,-0.074988,0.052805,-0.007004,0.033512,-0.998018,True,0.017926,1.177757,-0.074435,0.053280,0.009047,0.031890,-0.998029
22.450,True,-0.045649,1.182769,-0.074989,0.053722,-0.006944,0.033500,-0.997970,True,0.017875,1.177780,-0.074420,0.054198,0.009109,0.031877,-0.997980
22.461,True,-0.045693,1.182781,-0.074989,0.054024,-0.006466,0.033445,-0.997959,True,0.017832,1.177797,-0.074400,0.054500,0.009588,0.031819,-0.997961
22.473,True,-0.045735,1.182821,-0.074988,0.054110,-0.005492,0.033398,-0.997961,True,0.017789,1.177834,-0.074380,0.054587,0.010565,0.031768,-0.997948
22.484,True,-0.045775,1.182865,-0.074989,0.054023,-0.004776,0.033330,-0.997972,True,0.017749,1.177878,-0.074368,0.054500,0.011283,0.031697,-0.997947
22.495,True,-0.045813,1.182911,-0.074994,0.054377,-0.004346,0.033298,-0.997956,True,0.017711,1.177925,-0.074364,0.054855,0.011715,0.031662,-0.997924
22.506,True,-0.045848,1.182959,-0.074994,0.055150,-0.003554,0.033300,-0.997916,True,0.017676,1.177966,-0.074355,0.055631,0.012511,0.031661,-0.997871
22.517,True,-0.045872,1.182995,-0.074991,0.055695,-0.003184,0.033316,-0.997887,True,0.017651,1.177998,-0.074346,0.056178,0.012883,0.031675,-0.997835
22.528,True,-0.045886,1.183009,-0.074987,0.055836,-0.002965,0.033380,-0.997877,True,0.017636,1.178001,-0.074338,0.056320,0.013102,0.031736,-0.997822
22.539,True,-0.045903,1.183024,-0.074984,0.055846,-0.002684,0.033367,-0.997878,True,0.017619,1.178016,-0.074329,0.056330,0.013384,0.031721,-0.997818
22.550,True,-0.045924,1.183034,-0.074970,0.055593,-0.002657,0.033342,-0.997893,True,0.017598,1.178027,-0.074317,0.056076,0.013409,0.031695,-0.997833
22.561,True,-0.045933,1.183039,-0.074961,0.055920,-0.002577,0.033331,-0.997876,True,0.017590,1.178033,-0.074309,0.056404,0.013490,0.031684,-0.997814
22.572,True,-0.045947,1.183052,-0.074928,0.056265,-0.003002,0.033294,-0.997856,True,0.017576,1.178056,-0.074283,0.056748,0.013065,0.031646,-0.997801
22.584,True,-0.045961,1.183082,-0.074898,0.056457,-0.002756,0.033407,-0.997842,True,0.017560,1.178069,-0.074253,0.056942,0.013312,0.031759,-0.997783
22.595,True,-0.045982,1.183067,-0.074870,0.056649,-0.002722,0.033530,-0.997827,True,0.017538,1.178038,-0.074233,0.057137,0.013347,0.031880,-0.997768
22.606,True,-0.045982,1.183003,-0.074833,0.056502,-0.002875,0.033475,-0.997837,True,0.017540,1.177981,-0.074205,0.056988,0.013194,0.031827,-0.997780
22.617,True,-0.045986,1.182905,-0.074798,0.056376,-0.002966,0.033252,-0.997851,True,0.017537,1.177910,-0.074184,0.056859,0.013103,0.031606,-0.997796
22.628,True,-0.045989,1.182808,-0.074789,0.056105,-0.003041,0.033000,-0.997875,True,0.017537,1.177845,-0.074182,0.056583,0.013028,0.031357,-0.997820
22.639,True,-0.046005,1.182753,-0.074749,0.055527,-0.002839,0.032967,-0.997909,True,0.017521,1.177791,-0.074142,0.056005,0.013231,0.031330,-0.997851
22.650,True,-0.046015,1.182704,-0.074699,0.054967,-0.001560,0.032909,-0.997945,True,0.017510,1.177730,-0.074098,0.055447,0.014514,0.031273,-0.997866
22.661,True,-0.046013,1.182701,-0.074661,0.054870,-0.001575,0.033096,-0.997944,True,0.017511,1.177703,-0.074062,0.055353,0.014500,0.031464,-0.997866
22.672,True,-0.046025,1.182709,-0.074621,0.054837,-0.001468,0.033201,-0.997942,True,0.017498,1.177695,-0.074032,0.055322,0.014608,0.031570,-0.997863
22.683,True,-0.046036,1.182747,-0.074560,0.055208,-0.001328,0.033557,-0.997910,True,0.017483,1.177689,-0.073969,0.055700,0.014750,0.031931,-0.997828
22.695,True,-0.046070,1.182731,-0.074519,0.055163,-0.001443,0.033697,-0.997908,True,0.017447,1.177652,-0.073954,0.055657,0.014636,0.032073,-0.997827
22.706,True,-0.046086,1.182695,-0.074473,0.055061,-0.001415,0.033581,-0.997917,True,0.017433,1.177629,-0.073918,0.055553,0.014664,0.031961,-0.997836
22.717,True,-0.046108,1.182657,-0.074427,0.055002,-0.001024,0.033344,-0.997929,True,0.017412,1.177615,-0.073885,0.055493,0.015058,0.031728,-0.997841
22.728,True,-0.046145,1.182623,-0.074408,0.054922,-0.001146,0.033133,-0.997940,True,0.017378,1.177608,-0.073879,0.055409,0.014937,0.031519,-0.997854
22.739,True,-0.046174,1.182579,-0.074387,0.054740,-0.000940,0.032884,-0.997959,True,0.017351,1.177594,-0.073859,0.055223,0.015143,0.031272,-0.997869
22.750,True,-0.046207,1.182534,-0.074364,0.054900,-0.000970,0.032877,-0.997950,True,0.017319,1.177550,-0.073842,0.055383,0.015114,0.031268,-0.997861
22.761,True,-0.046242,1.182476,-0.074371,0.055018,-0.001155,0.032857,-0.997944,True,0.017284,1.177495,-0.073867,0.055501,0.014930,0.031250,-0.997858
22.772,True,-0.046266,1.182415,-0.074354,0.055238,-0.001462,0.032870,-0.997931,True,0.017260,1.177436,-0.073864,0.055721,0.014623,0.031264,-0.997850
22.783,True,-0.046290,1.182360,-0.074352,0.055243,-0.001256,0.032773,-0.997934,True,0.017237,1.177391,-0.073860,0.055725,0.014830,0.031167,-0.997849
22.795,True,-0.046324,1.182332,-0.074347,0.055460,-0.001218,0.032623,-0.997927,True,0.017204,1.177380,-0.073867,0.055940,0.014869,0.031018,-0.997842
22.806,True,-0.046366,1.182336,-0.074352,0.055775,-0.001127,0.032584,-0.997911,True,0.017163,1.177390,-0.073865,0.056255,0.014960,0.030976,-0.997824
22.817,True,-0.046417,1.182349,-0.074351,0.055747,-0.000871,0.032497,-0.997916,True,0.017112,1.177410,-0.073860,0.056225,0.015217,0.030887,-0.997824
22.828,True,-0.046450,1.182343,-0.074373,0.056211,-0.000580,0.032384,-0.997894,True,0.017080,1.177420,-0.073861,0.056688,0.015508,0.030771,-0.997797
22.839,True,-0.046512,1.182396,-0.074388,0.056577,-0.000295,0.032392,-0.997873,True,0.017018,1.177472,-0.073854,0.057055,0.015794,0.030777,-0.997772
22.850,True,-0.046559,1.182440,-0.074412,0.057275,-0.000214,0.032386,-0.997833,True,0.016971,1.177523,-0.073859,0.057754,0.015876,0.030770,-0.997730
22.861,True,-0.046617,1.182454,-0.074462,0.057304,-0.000459,0.032462,-0.997829,True,0.016912,1.177534,-0.073882,0.057782,0.015629,0.030845,-0.997730
22.872,True,-0.046678,1.182445,-0.074489,0.057216,-0.000732,0.032499,-0.997833,True,0.016851,1.177527,-0.073887,0.057694,0.015354,0.030882,-0.997739
22.884,True,-0.046754,1.182424,-0.074519,0.057520,-0.000294,0.032405,-0.997818,True,0.016777,1.177516,-0.073899,0.057998,0.015794,0.030788,-0.997717
22.895,True,-0.046807,1.182426,-0.074570,0.057453,-0.000997,0.032232,-0.997827,True,0.016672,1.178593,-0.073705,0.057926,0.015088,0.030614,-0.997737
22.906,True,-0.046865,1.182471,-0.074616,0.057605,-0.000957,0.032121,-0.997822,True,0.016615,1.178659,-0.073713,0.058076,0.015127,0.030502,-0.997732
22.917,True,-0.046913,1.182508,-0.074651,0.057949,-0.001106,0.032183,-0.997800,True,0.016566,1.178695,-0.073719,0.058421,0.014977,0.030562,-0.997712
22.928,True,-0.046964,1.182547,-0.074698,0.058088,-0.000811,0.032418,-0.997785,True,0.016514,1.178706,-0.073733,0.058564,0.015271,0.030796,-0.997692
22.939,True,-0.047001,1.182610,-0.074738,0.057857,-0.000909,0.032760,-0.997787,True,0.016474,1.178729,-0.073748,0.058338,0.015172,0.031136,-0.997696
22.950,True,-0.047023,1.182664,-0.074757,0.058706,-0.001125,0.032971,-0.997730,True,0.016450,1.178764,-0.073763,0.059190,0.014956,0.031345,-0.997642
22.962,True,-0.047018,1.182689,-0.074791,0.058688,-0.001381,0.032885,-0.997734,True,0.016456,1.178801,-0.073804,0.059170,0.014699,0.031257,-0.997650
22.973,True,-0.047026,1.182741,-0.074811,0.059005,-0.001567,0.032697,-0.997721,True,0.016449,1.178880,-0.073823,0.059484,0.014512,0.031066,-0.997640
22.984,True,-0.047022,1.182783,-0.074827,0.059337,-0.001751,0.032538,-0.997706,True,0.016455,1.178946,-0.073837,0.059812,0.014327,0.030903,-0.997628
22.995,True,-0.047003,1.182817,-0.074857,0.059384,-0.002116,0.032462,-0.997705,True,0.016475,1.178995,-0.073866,0.059857,0.013960,0.030824,-0.997633
23.006,True,-0.046997,1.182835,-0.074869,0.059225,-0.002104,0.032398,-0.997717,True,0.016481,1.179018,-0.073881,0.059697,0.013971,0.030758,-0.997645
23.017,True,-0.046968,1.182854,-0.074866,0.058565,-0.002083,0.032527,-0.997751,True,0.016509,1.179015,-0.073894,0.059039,0.013991,0.030886,-0.997680
23.028,True,-0.046917,1.182871,-0.074905,0.058027,-0.001874,0.032622,-0.997780,True,0.016559,1.179013,-0.073943,0.058502,0.014200,0.030980,-0.997706
23.039,True,-0.046873,1.182897,-0.074902,0.057303,-0.001492,0.032599,-0.997823,True,0.016603,1.179030,-0.073962,0.057778,0.014582,0.030956,-0.997743
23.050,True,-0.046830,1.182921,-0.074898,0.055411,-0.000316,0.032545,-0.997933,True,0.016645,1.179034,-0.073979,0.055887,0.015758,0.030900,-0.997834
23.061,True,-0.046773,1.182937,-0.074921,0.055849,-0.000812,0.032701,-0.997903,True,0.016701,1.179036,-0.074015,0.056327,0.015262,0.031055,-0.997813
23.073,True,-0.046731,1.182966,-0.074923,0.054192,-0.000318,0.032735,-0.997994,True,0.016743,1.179047,-0.074024,0.054669,0.015753,0.031089,-0.997896
23.084,True,-0.046701,1.182999,-0.074901,0.053734,-0.000291,0.032863,-0.998014,True,0.016771,1.179057,-0.074028,0.054214,0.015781,0.031217,-0.997917
23.095,True,-0.046656,1.183028,-0.074931,0.052610,-0.000089,0.033043,-0.998068,True,0.016814,1.179054,-0.074060,0.053092,0.015980,0.031397,-0.997968
23.106,True,-0.046626,1.183055,-0.074919,0.052600,-0.000116,0.033093,-0.998067,True,0.016844,1.179072,-0.074068,0.053083,0.015954,0.031446,-0.997967
23.117,True,-0.046600,1.183074,-0.074914,0.051338,0.000269,0.033134,-0.998132,True,0.016869,1.179074,-0.074070,0.051821,0.016337,0.031486,-0.998026
23.128,True,-0.046562,1.183062,-0.074935,0.050789,0.000279,0.033135,-0.998160,True,0.016907,1.179056,-0.074115,0.051272,0.016346,0.031486,-0.998054
23.139,True,-0.046546,1.183093,-0.074928,0.050333,0.000359,0.033166,-0.998182,True,0.016923,1.179079,-0.074111,0.050816,0.016425,0.031516,-0.998076
23.150,True,-0.046532,1.183102,-0.074915,0.049269,0.000617,0.033114,-0.998236,True,0.016937,1.179085,-0.074112,0.049751,0.016682,0.031464,-0.998127
23.161,True,-0.046514,1.183076,-0.074922,0.048538,0.000670,0.033013,-0.998275,True,0.016955,1.179065,-0.074141,0.049019,0.016733,0.031365,-0.998165
23.173,True,-0.046507,1.183040,-0.074921,0.048003,0.000661,0.032852,-0.998307,True,0.016963,1.179045,-0.074159,0.048482,0.016724,0.031207,-0.998196
23.184,True,-0.046509,1.182998,-0.074922,0.046840,0.001020,0.032683,-0.998367,True,0.016962,1.179014,-0.074169,0.047315,0.017081,0.031038,-0.998252
23.195,True,-0.046503,1.182949,-0.074946,0.046440,0.001166,0.032636,-0.998387,True,0.016969,1.178966,-0.074207,0.046915,0.017228,0.030994,-0.998269
23.206,True,-0.046523,1.182924,-0.074944,0.045965,0.001286,0.032467,-0.998415,True,0.016949,1.178959,-0.074207,0.046438,0.017347,0.030824,-0.998295
23.217,True,-0.046549,1.182901,-0.074949,0.045479,0.001491,0.032321,-0.998441,True,0.016925,1.178950,-0.074208,0.045949,0.017551,0.030678,-0.998318
23.228,True,-0.046574,1.182895,-0.074958,0.044915,0.001998,0.032219,-0.998469,True,0.016899,1.178949,-0.074214,0.045384,0.018058,0.030575,-0.998338
23.239,True,-0.046609,1.182903,-0.074970,0.044494,0.002432,0.032157,-0.998489,True,0.016864,1.178960,-0.074209,0.044963,0.018492,0.030513,-0.998351
23.250,True,-0.046663,1.182910,-0.074976,0.044070,0.002794,0.032093,-0.998509,True,0.016810,1.178970,-0.074201,0.044539,0.018853,0.030447,-0.998366
23.261,True,-0.046704,1.182915,-0.074994,0.043353,0.003060,0.031973,-0.998543,True,0.016770,1.178986,-0.074207,0.043819,0.019117,0.030328,-0.998396
23.273,True,-0.046754,1.182912,-0.075000,0.043119,0.003400,0.031928,-0.998554,True,0.016720,1.178986,-0.074192,0.043585,0.019456,0.030282,-0.998401
23.284,True,-0.046802,1.182926,-0.074998,0.042776,0.003654,0.031913,-0.998568,True,0.016671,1.179000,-0.074172,0.043242,0.019710,0.030267,-0.998412
23.295,True,-0.046840,1.182917,-0.075004,0.042022,0.004016,0.031800,-0.998602,True,0.016635,1.178999,-0.074161,0.042487,0.020071,0.030153,-0.998440
23.306,True,-0.046896,1.182927,-0.075000,0.041744,0.004295,0.031699,-0.998616,True,0.016579,1.179019,-0.074145,0.042208,0.020349,0.030053,-0.998449
23.317,True,-0.046948,1.182935,-0.074999,0.041523,0.004425,0.031618,-0.998627,True,0.016527,1.179037,-0.074129,0.041985,0.020478,0.029971,-0.998459
23.328,True,-0.047005,1.182938,-0.075006,0.040962,0.004846,0.031541,-0.998651,True,0.016470,1.179044,-0.074119,0.041423,0.020898,0.029893,-0.998476
23.339,True,-0.047058,1.182945,-0.075003,0.040685,0.005054,0.031534,-0.998662,True,0.016416,1.179050,-0.074104,0.041147,0.021105,0.029886,-0.998483
23.350,True,-0.047103,1.182959,-0.075004,0.040531,0.005247,0.031529,-0.998667,True,0.016372,1.179063,-0.074089,0.040993,0.021298,0.029880,-0.998486
23.361,True,-0.047134,1.182966,-0.075009,0.040016,0.005910,0.031403,-0.998688,True,0.016341,1.179076,-0.074092,0.040477,0.021961,0.029753,-0.998496
23.372,True,-0.047160,1.182976,-0.075001,0.039930,0.006213,0.031272,-0.998694,True,0.016316,1.179100,-0.074071,0.040390,0.022264,0.029622,-0.998497
23.384,True,-0.047191,1.182988,-0.074986,0.039552,0.006168,0.031229,-0.998710,True,0.016285,1.179116,-0.074056,0.040011,0.022217,0.029578,-0.998514
23.395,True,-0.047210,1.183000,-0.074969,0.039522,0.006513,0.031229,-0.998709,True,0.016266,1.179122,-0.074043,0.039982,0.022563,0.029576,-0.998508
23.406,True,-0.047297,1.183177,-0.074915,0.039543,0.006662,0.031287,-0.998706,True,0.016236,1.179145,-0.074015,0.040004,0.022712,0.029634,-0.998502
23.417,True,-0.047334,1.183153,-0.074888,0.039212,0.006654,0.031152,-0.998723,True,0.016200,1.179135,-0.074001,0.039671,0.022703,0.029498,-0.998519
23.428,True,-0.047342,1.183055,-0.074877,0.038856,0.006694,0.030748,-0.998749,True,0.016195,1.179086,-0.073994,0.039308,0.022742,0.029095,-0.998545
23.439,True,-0.047358,1.182988,-0.074860,0.039160,0.007181,0.030501,-0.998742,True,0.016180,1.179046,-0.073966,0.039609,0.023232,0.028847,-0.998529
23.450,True,-0.047378,1.182953,-0.074833,0.038513,0.007279,0.030401,-0.998769,True,0.016161,1.179022,-0.073934,0.038961,0.023328,0.028749,-0.998555
23.461,True,-0.047371,1.182937,-0.074799,0.038902,0.007705,0.030375,-0.998752,True,0.016167,1.179004,-0.073911,0.039351,0.023758,0.028726,-0.998530
23.472,True,-0.047380,1.182953,-0.074765,0.039414,0.008669,0.030458,-0.998721,True,0.016158,1.178999,-0.073872,0.039867,0.024725,0.028808,-0.998484
23.484,True,-0.047391,1.182989,-0.074724,0.039317,0.008699,0.030721,-0.998717,True,0.016144,1.179002,-0.073827,0.039775,0.024755,0.029072,-0.998479
23.495,True,-0.047391,1.183013,-0.074714,0.039179,0.009199,0.031058,-0.998707,True,0.016141,1.178977,-0.073815,0.039644,0.025256,0.029411,-0.998462
23.506,True,-0.047396,1.183032,-0.074677,0.038810,0.008984,0.031388,-0.998713,True,0.016133,1.178955,-0.073786,0.039279,0.025041,0.029744,-0.998472
23.517,True,-0.047409,1.183021,-0.074622,0.038632,0.009514,0.031424,-0.998714,True,0.016120,1.178929,-0.073756,0.039104,0.025573,0.029784,-0.998464
23.528,True,-0.047378,1.183005,-0.074602,0.038175,0.009750,0.031147,-0.998738,True,0.016153,1.178942,-0.073757,0.038644,0.025809,0.029512,-0.998484
23.539,True,-0.047386,1.182961,-0.074581,0.037938,0.009906,0.030755,-0.998758,True,0.016148,1.178944,-0.073750,0.038402,0.025966,0.029120,-0.998500
23.550,True,-0.047399,1.182926,-0.074562,0.037995,0.010221,0.030519,-0.998759,True,0.016137,1.178934,-0.073737,0.038456,0.026283,0.028887,-0.998497
23.561,True,-0.047383,1.182859,-0.074566,0.037932,0.010283,0.030279,-0.998769,True,0.016155,1.178895,-0.073757,0.038389,0.026345,0.028649,-0.998505
23.573,True,-0.047420,1.182824,-0.074547,0.038347,0.011247,0.030302,-0.998742,True,0.016117,1.178845,-0.073750,0.038808,0.027312,0.028671,-0.998462
23.584,True,-0.047444,1.182782,-0.074520,0.037976,0.010983,0.030289,-0.998759,True,0.016093,1.178804,-0.073744,0.038436,0.027048,0.028662,-0.998484
23.595,True,-0.047432,1.182734,-0.074528,0.038443,0.011712,0.030201,-0.998736,True,0.016105,1.178759,-0.073758,0.038905,0.027780,0.028571,-0.998448
23.606,True,-0.047461,1.182713,-0.074530,0.038722,0.011756,0.030071,-0.998728,True,0.016077,1.178754,-0.073766,0.039182,0.027824,0.028441,-0.998440
23.617,True,-0.047505,1.182706,-0.074531,0.038740,0.012048,0.029902,-0.998729,True,0.016034,1.178763,-0.073774,0.039198,0.028117,0.028270,-0.998436
23.628,True,-0.047534,1.182714,-0.074573,0.039045,0.012398,0.029688,-0.998719,True,0.016007,1.178797,-0.073799,0.039500,0.028468,0.028054,-0.998420
23.639,True,-0.047587,1.182744,-0.074608,0.039476,0.012870,0.029598,-0.998699,True,0.015954,1.178836,-0.073815,0.039931,0.028941,0.027961,-0.998392
23.650,True,-0.047645,1.182770,-0.074643,0.039401,0.012906,0.029479,-0.998705,True,0.015897,1.178878,-0.073830,0.039854,0.028975,0.027840,-0.998397
23.661,True,-0.047705,1.182819,-0.074687,0.039104,0.013429,0.029404,-0.998712,True,0.015837,1.178934,-0.073843,0.039557,0.029498,0.027764,-0.998396
23.672,True,-0.047776,1.182883,-0.074733,0.038928,0.013812,0.029394,-0.998714,True,0.015766,1.178996,-0.073867,0.039381,0.029880,0.027754,-0.998392
23.683,True,-0.047839,1.182895,-0.074795,0.038842,0.014122,0.029392,-0.998713,True,0.015703,1.179007,-0.073904,0.039296,0.030190,0.027751,-0.998386
23.695,True,-0.047885,1.182874,-0.074845,0.039244,0.014515,0.029348,-0.998693,True,0.015657,1.178992,-0.073927,0.039698,0.030585,0.027706,-0.998359
23.706,True,-0.047935,1.182883,-0.074903,0.039025,0.014939,0.029204,-0.998700,True,0.015607,1.179015,-0.073963,0.039477,0.031007,0.027560,-0.998359
23.717,True,-0.047972,1.182901,-0.074952,0.039064,0.015191,0.028990,-0.998701,True,0.015571,1.179060,-0.073991,0.039514,0.031259,0.027344,-0.998356
23.728,True,-0.047998,1.182953,-0.075028,0.039223,0.015308,0.029133,-0.998689,True,0.015544,1.179098,-0.074028,0.039674,0.031376,0.027486,-0.998342
23.739,True,-0.048039,1.182988,-0.075071,0.039463,0.015378,0.029351,-0.998672,True,0.015501,1.179107,-0.074053,0.039918,0.031445,0.027703,-0.998324
23.750,True,-0.048054,1.183042,-0.075102,0.039870,0.015266,0.029707,-0.998647,True,0.015484,1.179120,-0.074071,0.040330,0.031334,0.028057,-0.998301
23.761,True,-0.048090,1.183086,-0.075107,0.039821,0.014935,0.030028,-0.998644,True,0.015445,1.179125,-0.074088,0.040286,0.031002,0.028376,-0.998304
23.772,True,-0.048074,1.183132,-0.075143,0.040032,0.014870,0.029905,-0.998640,True,0.015462,1.179187,-0.074132,0.040495,0.030937,0.028250,-0.998301
23.783,True,-0.048059,1.183156,-0.075162,0.040003,0.014608,0.029635,-0.998653,True,0.015480,1.179247,-0.074160,0.040460,0.030673,0.027977,-0.998318
23.795,True,-0.048043,1.183192,-0.075191,0.039365,0.013970,0.029395,-0.998695,True,0.015497,1.179316,-0.074193,0.039816,0.030032,0.027734,-0.998371
23.806,True,-0.048023,1.183249,-0.075193,0.039086,0.013625,0.029316,-0.998713,True,0.015519,1.179385,-0.074207,0.039535,0.029686,0.027654,-0.998394
23.820,True,-0.047968,1.183292,-0.075214,0.039312,0.013498,0.029422,-0.998703,True,0.015573,1.179415,-0.074239,0.039762,0.029558,0.027756,-0.998386
23.831,True,-0.047922,1.183296,-0.075224,0.038162,0.012859,0.029535,-0.998752,True,0.015618,1.179404,-0.074265,0.038612,0.028914,0.027869,-0.998447
23.842,True,-0.047872,1.183298,-0.075210,0.037554,0.012542,0.029639,-0.998776,True,0.015668,1.179391,-0.074281,0.038005,0.028595,0.027974,-0.998477
23.853,True,-0.047814,1.183303,-0.075203,0.037800,0.012210,0.029798,-0.998766,True,0.015725,1.179379,-0.074296,0.038253,0.028264,0.028133,-0.998472
23.864,True,-0.047744,1.183310,-0.075191,0.036774,0.011719,0.030008,-0.998804,True,0.015793,1.179357,-0.074307,0.037229,0.027769,0.028344,-0.998519
23.876,True,-0.047676,1.183327,-0.075172,0.036063,0.011258,0.030211,-0.998829,True,0.015861,1.179348,-0.074312,0.036520,0.027305,0.028547,-0.998552
23.887,True,-0.047619,1.183319,-0.075164,0.035810,0.011046,0.030348,-0.998837,True,0.015916,1.179322,-0.074315,0.036268,0.027091,0.028683,-0.998563
23.898,True,-0.047571,1.183311,-0.075137,0.035628,0.010791,0.030523,-0.998841,True,0.015963,1.179293,-0.074307,0.036088,0.026837,0.028859,-0.998571
23.909,True,-0.047526,1.183328,-0.075110,0.034936,0.010429,0.030655,-0.998865,True,0.016087,1.178493,-0.074525,0.035397,0.026471,0.028993,-0.998602
23.920,True,-0.047489,1.183331,-0.075094,0.034449,0.010044,0.030740,-0.998883,True,0.016123,1.178486,-0.074525,0.034910,0.026085,0.029078,-0.998627
23.931,True,-0.047471,1.183338,-0.075066,0.034042,0.009658,0.030855,-0.998897,True,0.016140,1.178480,-0.074512,0.034504,0.025697,0.029193,-0.998648
23.942,True,-0.047451,1.183347,-0.075048,0.033824,0.009455,0.030983,-0.998903,True,0.016159,1.178473,-0.074502,0.034288,0.025493,0.029321,-0.998657
23.953,True,-0.047443,1.183351,-0.075022,0.033639,0.009109,0.031140,-0.998907,True,0.016166,1.178457,-0.074498,0.034104,0.025145,0.029477,-0.998667
23.964,True,-0.047442,1.183355,-0.074988,0.033609,0.008949,0.031108,-0.998911,True,0.016167,1.178467,-0.074475,0.034074,0.024986,0.029447,-0.998673
23.975,True,-0.047444,1.183328,-0.074973,0.033119,0.008606,0.030995,-0.998934,True,0.016167,1.178456,-0.074467,0.033580,0.024641,0.029336,-0.998702
23.987,True,-0.047473,1.183301,-0.074939,0.032687,0.008474,0.030812,-0.998955,True,0.016139,1.178451,-0.074443,0.033145,0.024508,0.029154,-0.998725
23.998,True,-0.047503,1.183266,-0.074933,0.032367,0.008353,0.030666,-0.998971,True,0.016111,1.178436,-0.074434,0.032822,0.024386,0.029011,-0.998743
24.009,True,-0.047525,1.183244,-0.074932,0.031893,0.008110,0.030558,-0.998991,True,0.016090,1.178430,-0.074430,0.032345,0.024141,0.028904,-0.998767
24.020,True,-0.047559,1.183218,-0.074942,0.031758,0.008118,0.030512,-0.998997,True,0.016056,1.178411,-0.074430,0.032209,0.024149,0.028858,-0.998773
24.031,True,-0.047600,1.183193,-0.074955,0.031468,0.008054,0.030413,-0.999010,True,0.016016,1.178400,-0.074433,0.031917,0.024084,0.028760,-0.998786
24.042,True,-0.047648,1.183184,-0.074964,0.031149,0.007853,0.030343,-0.999023,True,0.015969,1.178403,-0.074424,0.031596,0.023881,0.028690,-0.998803
24.053,True,-0.047714,1.183169,-0.074966,0.031152,0.007804,0.030289,-0.999025,True,0.015904,1.178398,-0.074412,0.031598,0.023831,0.028636,-0.998806
24.064,True,-0.047783,1.183163,-0.074973,0.031169,0.007790,0.030174,-0.999028,True,0.015836,1.178409,-0.074395,0.031612,0.023816,0.028520,-0.998809
24.076,True,-0.047848,1.183190,-0.074971,0.031036,0.007612,0.030220,-0.999032,True,0.015771,1.178435,-0.074371,0.031478,0.023637,0.028565,-0.998817
24.087,True,-0.047902,1.183217,-0.074980,0.030964,0.007640,0.030190,-0.999035,True,0.015717,1.178469,-0.074351,0.031405,0.023664,0.028534,-0.998819
24.098,True,-0.047959,1.183244,-0.075001,0.030982,0.007640,0.030197,-0.999035,True,0.015660,1.178497,-0.074355,0.031423,0.023663,0.028540,-0.998818
24.109,True,-0.048009,1.183256,-0.075011,0.030757,0.007709,0.030155,-0.999042,True,0.015610,1.178515,-0.074341,0.031197,0.023731,0.028498,-0.998825
24.120,True,-0.048049,1.183252,-0.075020,0.030527,0.007765,0.030032,-0.999053,True,0.015571,1.178529,-0.074328,0.030965,0.023786,0.028375,-0.998835
24.131,True,-0.048093,1.183259,-0.075023,0.030453,0.007614,0.030130,-0.999053,True,0.015527,1.178526,-0.074322,0.030891,0.023634,0.028474,-0.998838
24.142,True,-0.048111,1.183249,-0.075031,0.030359,0.007660,0.030087,-0.999057,True,0.015509,1.178521,-0.074321,0.030797,0.023679,0.028430,-0.998841
24.153,True,-0.048140,1.183266,-0.075021,0.029926,0.007706,0.030140,-0.999068,True,0.015479,1.178530,-0.074306,0.030364,0.023724,0.028484,-0.998851
24.164,True,-0.048219,1.182913,-0.075116,0.029900,0.008034,0.030124,-0.999067,True,0.015464,1.178535,-0.074291,0.030339,0.024052,0.028466,-0.998845
24.175,True,-0.048239,1.182927,-0.075095,0.029827,0.007922,0.030186,-0.999068,True,0.015444,1.178543,-0.074272,0.030267,0.023939,0.028527,-0.998848
24.187,True,-0.048245,1.182946,-0.075098,0.037509,0.030658,0.028063,-0.998432,True,0.015438,1.178564,-0.074257,0.037992,0.046717,0.026389,-0.997837
24.198,True,-0.048254,1.182918,-0.075064,0.032916,0.017301,0.029406,-0.998876,True,0.015428,1.178522,-0.074235,0.033377,0.033344,0.027738,-0.998501
24.209,True,-0.048267,1.182891,-0.075034,0.037306,0.027233,0.028482,-0.998527,True,0.015415,1.178497,-0.074216,0.037785,0.043293,0.026809,-0.997988
24.220,True,-0.048256,1.182867,-0.075004,0.046477,0.043775,0.027026,-0.997594,True,0.015427,1.178476,-0.074197,0.046976,0.059835,0.025347,-0.996780
24.231,True,-0.048243,1.182853,-0.074976,0.044988,0.044188,0.026954,-0.997646,True,0.015439,1.178458,-0.074180,0.045488,0.060242,0.025275,-0.996826
24.242,True,-0.048248,1.182851,-0.074929,0.044457,0.044299,0.026970,-0.997664,True,0.015434,1.178447,-0.074164,0.044960,0.060352,0.025294,-0.996843
24.253,True,-0.048227,1.182822,-0.074898,0.048060,0.051631,0.026266,-0.997163,True,0.015457,1.178426,-0.074139,0.048565,0.067669,0.024591,-0.996222
24.264,True,-0.048206,1.182714,-0.074858,0.046062,0.048733,0.026349,-0.997401,True,0.015479,1.178337,-0.074116,0.046564,0.064777,0.024678,-0.996507
24.276,True,-0.048187,1.182577,-0.074814,0.042520,0.043963,0.026533,-0.997775,True,0.015499,1.178224,-0.074094,0.043016,0.060013,0.024867,-0.996960
24.287,True,-0.048186,1.182496,-0.074774,0.042298,0.044105,0.026395,-0.997782,True,0.015501,1.178158,-0.074068,0.042793,0.060155,0.024732,-0.996965
24.298,True,-0.048155,1.182453,-0.074742,0.044563,0.049692,0.025924,-0.997433,True,0.015533,1.178113,-0.074032,0.045063,0.065731,0.024263,-0.996524
24.309,True,-0.048134,1.182446,-0.074688,0.043554,0.048762,0.026149,-0.997518,True,0.015552,1.178085,-0.073987,0.044056,0.064802,0.024490,-0.996624
24.320,True,-0.048122,1.182478,-0.074641,0.041973,0.047145,0.026563,-0.997652,True,0.015562,1.178078,-0.073949,0.042479,0.063185,0.024906,-0.996786
24.331,True,-0.048099,1.182547,-0.074607,0.039174,0.038229,0.027897,-0.998111,True,0.015580,1.178085,-0.073910,0.039678,0.054287,0.026244,-0.997392
24.342,True,-0.048096,1.182546,-0.074561,0.040169,0.043621,0.027698,-0.997856,True,0.015581,1.178041,-0.073887,0.040686,0.059668,0.026047,-0.997049
24.353,True,-0.048074,1.182536,-0.074539,0.036698,0.030867,0.029002,-0.998429,True,0.015601,1.178016,-0.073883,0.037200,0.046931,0.027357,-0.997830
24.364,True,-0.048064,1.182506,-0.074499,0.033027,0.009970,0.030901,-0.998927,True,0.015613,1.178000,-0.073871,0.033492,0.026016,0.029270,-0.998672
24.376,True,-0.048052,1.182488,-0.074478,0.032538,0.009677,0.030646,-0.998954,True,0.015627,1.178014,-0.073865,0.032998,0.025721,0.029016,-0.998703
24.386,True,-0.048052,1.182474,-0.074483,0.031762,0.000385,0.031268,-0.999006,True,0.015630,1.178038,-0.073885,0.032200,0.016404,0.029646,-0.998907
24.398,True,-0.048071,1.182455,-0.074471,0.032028,-0.004488,0.031674,-0.998975,True,0.015612,1.178030,-0.073888,0.032457,0.011514,0.030056,-0.998955
24.409,True,-0.048087,1.182424,-0.074477,0.033371,-0.009197,0.032205,-0.998882,True,0.015596,1.177996,-0.073900,0.033794,0.006789,0.030589,-0.998938
24.420,True,-0.048108,1.182408,-0.074489,0.033958,-0.010145,0.032377,-0.998847,True,0.015574,1.177971,-0.073922,0.034382,0.005839,0.030760,-0.998918
24.431,True,-0.048125,1.182388,-0.074496,0.035064,-0.007228,0.031987,-0.998847,True,0.015558,1.177967,-0.073937,0.035493,0.008773,0.030367,-0.998870
24.442,True,-0.048159,1.182363,-0.074514,0.035671,-0.007021,0.031888,-0.998830,True,0.015526,1.177953,-0.073956,0.036099,0.008982,0.030264,-0.998850
24.453,True,-0.048185,1.182375,-0.074539,0.036047,-0.006295,0.031718,-0.998827,True,0.015500,1.177981,-0.073965,0.036475,0.009712,0.030093,-0.998834
24.464,True,-0.048210,1.182378,-0.074554,0.036519,-0.003830,0.031424,-0.998832,True,0.015475,1.177993,-0.073969,0.036950,0.012188,0.029796,-0.998799
24.475,True,-0.048264,1.182371,-0.074596,0.037013,-0.004190,0.031375,-0.998813,True,0.015423,1.178002,-0.073985,0.037443,0.011826,0.029746,-0.998786
24.486,True,-0.048305,1.182395,-0.074610,0.036988,-0.003117,0.031298,-0.998821,True,0.015382,1.178024,-0.073981,0.037419,0.012903,0.029667,-0.998776
24.497,True,-0.048340,1.182430,-0.074651,0.036940,-0.002544,0.031274,-0.998825,True,0.015346,1.178059,-0.073995,0.037372,0.013477,0.029642,-0.998771
24.509,True,-0.048381,1.182461,-0.074693,0.036654,-0.002019,0.031243,-0.998838,True,0.015305,1.178088,-0.074015,0.037086,0.014002,0.029611,-0.998775
24.520,True,-0.048416,1.182488,-0.074747,0.036414,-0.001917,0.031267,-0.998846,True,0.015269,1.178113,-0.074047,0.036846,0.014103,0.029635,-0.998782
24.531,True,-0.048446,1.182471,-0.074798,0.036314,-0.001830,0.031283,-0.998849,True,0.015239,1.178095,-0.074080,0.036746,0.014190,0.029652,-0.998784
24.542,True,-0.048475,1.182439,-0.074839,0.035754,-0.001757,0.031063,-0.998876,True,0.015212,1.178088,-0.074113,0.036182,0.014261,0.029432,-0.998810
24.553,True,-0.048474,1.182438,-0.074881,0.035532,-0.001602,0.030829,-0.998892,True,0.015214,1.178116,-0.074144,0.035957,0.014416,0.029198,-0.998823
24.564,True,-0.048463,1.182468,-0.074923,0.035035,-0.001701,0.030752,-0.998911,True,0.015226,1.178158,-0.074169,0.035458,0.014314,0.029121,-0.998844
24.575,True,-0.048458,1.182471,-0.074972,0.035079,-0.001498,0.030791,-0.998909,True,0.015230,1.178154,-0.074203,0.035503,0.014516,0.029157,-0.998839
24.587,True,-0.048451,1.182532,-0.074988,0.034543,-0.001747,0.031149,-0.998916,True,0.015235,1.178171,-0.074212,0.034971,0.014265,0.029516,-0.998851
24.598,True,-0.048431,1.182574,-0.074993,0.034595,-0.002121,0.031493,-0.998903,True,0.015252,1.178173,-0.074224,0.035027,0.013889,0.029858,-0.998844
24.609,True,-0.048394,1.182623,-0.075003,0.034851,-0.002654,0.031736,-0.998885,True,0.015287,1.178197,-0.074251,0.035285,0.013355,0.030099,-0.998835
24.620,True,-0.048351,1.182663,-0.075018,0.035411,-0.002757,0.031733,-0.998865,True,0.015331,1.178239,-0.074272,0.035845,0.013253,0.030093,-0.998816
24.631,True,-0.048284,1.182699,-0.075006,0.035417,-0.002915,0.031511,-0.998872,True,0.015400,1.178303,-0.074282,0.035848,0.013093,0.029868,-0.998825
24.642,True,-0.048238,1.182719,-0.075016,0.035962,-0.002901,0.031261,-0.998860,True,0.015448,1.178355,-0.074302,0.036390,0.013109,0.029616,-0.998813
24.653,True,-0.048172,1.182740,-0.075033,0.036309,-0.002825,0.031160,-0.998851,True,0.015515,1.178388,-0.074319,0.036735,0.013187,0.029514,-0.998802
24.664,True,-0.048099,1.182730,-0.075028,0.036354,-0.003194,0.031171,-0.998848,True,0.015588,1.178378,-0.074339,0.036780,0.012816,0.029524,-0.998805
24.675,True,-0.048027,1.182730,-0.075038,0.036243,-0.003490,0.031332,-0.998846,True,0.015779,1.178194,-0.074357,0.036671,0.012519,0.029686,-0.998808
24.686,True,-0.047946,1.182724,-0.075046,0.036212,-0.003663,0.031436,-0.998843,True,0.015858,1.178174,-0.074386,0.036641,0.012346,0.029792,-0.998808
24.697,True,-0.047839,1.182708,-0.075059,0.036283,-0.004017,0.031590,-0.998834,True,0.015964,1.178139,-0.074427,0.036714,0.011992,0.029946,-0.998805
24.709,True,-0.047760,1.182708,-0.075049,0.036573,-0.004304,0.031729,-0.998818,True,0.016043,1.178124,-0.074435,0.037006,0.011706,0.030084,-0.998794
24.720,True,-0.047707,1.182734,-0.075020,0.036509,-0.004378,0.031905,-0.998814,True,0.016094,1.178126,-0.074425,0.036945,0.011632,0.030261,-0.998791
24.731,True,-0.047633,1.182757,-0.075011,0.036490,-0.004480,0.032077,-0.998809,True,0.016167,1.178127,-0.074425,0.036929,0.011530,0.030432,-0.998788
24.742,True,-0.047568,1.182776,-0.074996,0.036558,-0.004310,0.032151,-0.998805,True,0.016231,1.178133,-0.074414,0.036998,0.011701,0.030505,-0.998781
24.753,True,-0.047529,1.182809,-0.074968,0.036658,-0.004286,0.032360,-0.998795,True,0.016268,1.178138,-0.074390,0.037102,0.011725,0.030713,-0.998771
24.764,True,-0.047481,1.182824,-0.074936,0.036571,-0.004589,0.032470,-0.998793,True,0.016315,1.178142,-0.074376,0.037016,0.011421,0.030826,-0.998774
24.776,True,-0.047428,1.182838,-0.074928,0.036955,-0.004168,0.032659,-0.998775,True,0.016366,1.178126,-0.074371,0.037405,0.011845,0.031014,-0.998749
24.787,True,-0.047386,1.182819,-0.074899,0.037303,-0.003629,0.032654,-0.998764,True,0.016407,1.178102,-0.074352,0.037755,0.012388,0.031010,-0.998729
24.798,True,-0.047348,1.182801,-0.074886,0.037542,-0.003358,0.032613,-0.998757,True,0.016446,1.178085,-0.074348,0.037995,0.012661,0.030970,-0.998718
24.809,True,-0.047327,1.182772,-0.074866,0.038306,-0.002808,0.032552,-0.998732,True,0.016467,1.178058,-0.074346,0.038761,0.013217,0.030909,-0.998683
24.820,True,-0.047304,1.182745,-0.074824,0.038837,-0.002332,0.032477,-0.998715,True,0.016491,1.178036,-0.074313,0.039293,0.013697,0.030835,-0.998658
24.831,True,-0.047275,1.182697,-0.074792,0.039264,-0.002067,0.032271,-0.998706,True,0.016521,1.178011,-0.074293,0.039718,0.013965,0.030631,-0.998644
24.842,True,-0.047255,1.182660,-0.074773,0.040219,-0.001642,0.032145,-0.998672,True,0.016543,1.177987,-0.074284,0.040674,0.014395,0.030506,-0.998603
24.853,True,-0.047233,1.182618,-0.074769,0.040229,-0.001565,0.032043,-0.998675,True,0.016565,1.177958,-0.074271,0.040682,0.014472,0.030403,-0.998605
24.865,True,-0.047217,1.182603,-0.074718,0.039869,-0.001063,0.031937,-0.998694,True,0.016581,1.177948,-0.074231,0.040322,0.014976,0.030299,-0.998615
24.876,True,-0.047213,1.182581,-0.074717,0.040081,-0.000506,0.031822,-0.998690,True,0.016586,1.177935,-0.074223,0.040534,0.015536,0.030185,-0.998601
24.887,True,-0.047209,1.182567,-0.074706,0.040228,0.000063,0.031716,-0.998687,True,0.016590,1.177929,-0.074201,0.040681,0.016107,0.030079,-0.998590
24.898,True,-0.047209,1.182554,-0.074678,0.040095,0.000916,0.031593,-0.998696,True,0.016591,1.177922,-0.074168,0.040548,0.016962,0.029958,-0.998584
24.909,True,-0.047202,1.182539,-0.074674,0.040229,0.001572,0.031466,-0.998694,True,0.016599,1.177915,-0.074159,0.040683,0.017621,0.029830,-0.998571
24.920,True,-0.047203,1.182534,-0.074652,0.040629,0.001518,0.031492,-0.998677,True,0.016598,1.177910,-0.074138,0.041083,0.017568,0.029856,-0.998555
24.931,True,-0.047188,1.182528,-0.074645,0.040594,0.002632,0.031383,-0.998679,True,0.016613,1.177904,-0.074120,0.041049,0.018684,0.029747,-0.998539
24.942,True,-0.047168,1.182546,-0.074633,0.040646,0.002958,0.031439,-0.998675,True,0.016632,1.177914,-0.074098,0.041103,0.019012,0.029804,-0.998529
24.953,True,-0.047160,1.182543,-0.074625,0.041223,0.003602,0.031417,-0.998650,True,0.016640,1.177907,-0.074092,0.041682,0.019659,0.029781,-0.998494
24.968,True,-0.047130,1.182555,-0.074624,0.041793,0.004339,0.031481,-0.998621,True,0.016669,1.177904,-0.074081,0.042256,0.020399,0.029843,-0.998453
24.979,True,-0.047107,1.182564,-0.074607,0.041759,0.004616,0.031415,-0.998623,True,0.016692,1.177917,-0.074063,0.042221,0.020676,0.029775,-0.998451
24.991,True,-0.047061,1.182582,-0.074597,0.042421,0.005351,0.031419,-0.998591,True,0.016737,1.177929,-0.074049,0.042886,0.021415,0.029778,-0.998407
25.002,True,-0.047016,1.182605,-0.074575,0.042742,0.005651,0.031436,-0.998576,True,0.016782,1.177946,-0.074029,0.043209,0.021716,0.029793,-0.998386
25.013,True,-0.046971,1.182618,-0.074555,0.043211,0.006123,0.031423,-0.998553,True,0.016827,1.177954,-0.074015,0.043678,0.022190,0.029778,-0.998355
25.024,True,-0.046956,1.182627,-0.074539,0.043247,0.006162,0.031477,-0.998549,True,0.016841,1.177956,-0.074004,0.043716,0.022230,0.029832,-0.998351
25.035,True,-0.046900,1.182650,-0.074511,0.043418,0.006138,0.031719,-0.998535,True,0.016895,1.177948,-0.073983,0.043891,0.022206,0.030073,-0.998337
25.046,True,-0.046852,1.182678,-0.074490,0.043606,0.006142,0.031888,-0.998521,True,0.016941,1.177954,-0.073965,0.044082,0.022210,0.030242,-0.998323
25.057,True,-0.046808,1.182655,-0.074467,0.043631,0.005957,0.032003,-0.998517,True,0.016984,1.177915,-0.073967,0.044109,0.022026,0.030357,-0.998323
25.068,True,-0.046753,1.182648,-0.074432,0.043809,0.006034,0.031963,-0.998510,True,0.017040,1.177910,-0.073953,0.044287,0.022104,0.030317,-0.998314
25.079,True,-0.046704,1.182658,-0.074395,0.043637,0.005697,0.031985,-0.998519,True,0.017089,1.177918,-0.073936,0.044114,0.021766,0.030340,-0.998328
25.090,True,-0.046663,1.182663,-0.074389,0.043840,0.005811,0.032039,-0.998508,True,0.017129,1.177914,-0.073939,0.044318,0.021881,0.030393,-0.998315
25.101,True,-0.046637,1.182678,-0.074351,0.043697,0.005575,0.032160,-0.998512,True,0.017154,1.177912,-0.073926,0.044177,0.021645,0.030516,-0.998323
25.113,True,-0.046594,1.182650,-0.074326,0.043685,0.005494,0.032070,-0.998515,True,0.017198,1.177896,-0.073912,0.044164,0.021564,0.030426,-0.998328
25.124,True,-0.046571,1.182581,-0.074313,0.043298,0.004930,0.031837,-0.998543,True,0.017223,1.177860,-0.073920,0.043771,0.020998,0.030194,-0.998364
25.135,True,-0.046535,1.182531,-0.074288,0.042651,0.004451,0.031674,-0.998578,True,0.017261,1.177836,-0.073893,0.043120,0.020516,0.030033,-0.998408
25.146,True,-0.046504,1.182509,-0.074276,0.042385,0.004314,0.031631,-0.998591,True,0.017293,1.177821,-0.073873,0.042853,0.020379,0.029991,-0.998423
25.157,True,-0.046488,1.182532,-0.074249,0.042044,0.004084,0.031818,-0.998601,True,0.017307,1.177822,-0.073848,0.042514,0.020148,0.030179,-0.998437
25.168,True,-0.046396,1.182822,-0.074127,0.041326,0.003744,0.032095,-0.998623,True,0.017330,1.177838,-0.073819,0.041798,0.019804,0.030457,-0.998465
25.180,True,-0.046383,1.182898,-0.074101,0.041081,0.003565,0.032561,-0.998619,True,0.017338,1.177855,-0.073793,0.041561,0.019624,0.030924,-0.998465
25.191,True,-0.046368,1.182932,-0.074092,0.040489,0.003189,0.032793,-0.998637,True,0.017351,1.177862,-0.073787,0.040971,0.019246,0.031157,-0.998489
25.202,True,-0.046348,1.182972,-0.074069,0.040141,0.002925,0.033048,-0.998643,True,0.017369,1.177871,-0.073773,0.040626,0.018981,0.031414,-0.998500
25.213,True,-0.046328,1.182991,-0.074040,0.039617,0.002418,0.033120,-0.998663,True,0.017388,1.177884,-0.073759,0.040102,0.018471,0.031488,-0.998529
25.224,True,-0.046315,1.182999,-0.074017,0.039349,0.002091,0.033014,-0.998678,True,0.017402,1.177905,-0.073753,0.039831,0.018143,0.031382,-0.998549
25.235,True,-0.046301,1.182969,-0.074013,0.039237,0.001816,0.032656,-0.998695,True,0.017420,1.177923,-0.073764,0.039713,0.017867,0.031024,-0.998570
25.246,True,-0.046279,1.182980,-0.074019,0.038851,0.001742,0.032581,-0.998712,True,0.017443,1.177944,-0.073759,0.039325,0.017792,0.030950,-0.998589
25.257,True,-0.046297,1.182942,-0.074006,0.038724,0.001495,0.032508,-0.998720,True,0.017426,1.177915,-0.073764,0.039196,0.017544,0.030877,-0.998600
25.268,True,-0.046289,1.182917,-0.074002,0.038493,0.001162,0.032580,-0.998727,True,0.017433,1.177883,-0.073775,0.038965,0.017210,0.030950,-0.998613
25.279,True,-0.046286,1.182884,-0.073994,0.038246,0.000756,0.032613,-0.998736,True,0.017436,1.177846,-0.073796,0.038718,0.016803,0.030984,-0.998628
25.290,True,-0.046269,1.182846,-0.074010,0.037983,0.000493,0.032602,-0.998746,True,0.017453,1.177810,-0.073824,0.038454,0.016538,0.030972,-0.998643
25.302,True,-0.046257,1.182815,-0.074027,0.037719,0.000238,0.032602,-0.998757,True,0.017465,1.177780,-0.073848,0.038189,0.016282,0.030970,-0.998658
25.313,True,-0.046268,1.182805,-0.074023,0.037185,-0.000149,0.032564,-0.998778,True,0.017455,1.177776,-0.073854,0.037653,0.015891,0.030932,-0.998686
25.324,True,-0.046282,1.182809,-0.074044,0.037277,-0.000116,0.032567,-0.998774,True,0.017441,1.177780,-0.073870,0.037745,0.015924,0.030933,-0.998682
25.335,True,-0.046301,1.182823,-0.074065,0.036738,-0.000319,0.032572,-0.998794,True,0.017422,1.177794,-0.073884,0.037204,0.015718,0.030937,-0.998705
25.346,True,-0.046322,1.182847,-0.074084,0.036155,-0.000498,0.032585,-0.998815,True,0.017400,1.177818,-0.073896,0.036620,0.015537,0.030949,-0.998729
25.357,True,-0.046352,1.182879,-0.074106,0.036192,-0.000408,0.032631,-0.998812,True,0.017371,1.177844,-0.073906,0.036658,0.015627,0.030995,-0.998725
25.368,True,-0.046386,1.182906,-0.074142,0.035632,-0.000474,0.032575,-0.998834,True,0.017336,1.177879,-0.073927,0.036097,0.015558,0.030938,-0.998748
25.379,True,-0.046431,1.182914,-0.074177,0.035176,-0.000517,0.032551,-0.998851,True,0.017292,1.177892,-0.073948,0.035639,0.015513,0.030915,-0.998766
25.390,True,-0.046474,1.182869,-0.074221,0.034664,-0.000615,0.032412,-0.998873,True,0.017250,1.177866,-0.073975,0.035124,0.015413,0.030777,-0.998790
25.401,True,-0.046510,1.182824,-0.074272,0.033780,-0.000592,0.032200,-0.998910,True,0.017217,1.177848,-0.073995,0.034235,0.015433,0.030568,-0.998827
25.413,True,-0.046553,1.182822,-0.074300,0.033385,-0.000459,0.031974,-0.998931,True,0.017175,1.177873,-0.074014,0.033836,0.015565,0.030341,-0.998846
25.424,True,-0.046606,1.182837,-0.074363,0.032906,-0.000258,0.031936,-0.998948,True,0.017122,1.177893,-0.074044,0.033357,0.015764,0.030304,-0.998860
25.435,True,-0.046642,1.182866,-0.074400,0.032315,-0.000215,0.032228,-0.998958,True,0.017084,1.177885,-0.074053,0.032769,0.015804,0.030596,-0.998870
25.446,True,-0.046677,1.182918,-0.074424,0.032041,-0.000232,0.032597,-0.998955,True,0.017045,1.177892,-0.074059,0.032501,0.015785,0.030964,-0.998867
25.457,True,-0.046663,1.182976,-0.074471,0.031651,-0.000400,0.032838,-0.998959,True,0.017057,1.177920,-0.074101,0.032113,0.015615,0.031204,-0.998875
25.468,True,-0.046662,1.183010,-0.074479,0.031602,-0.000589,0.032801,-0.998962,True,0.017058,1.177961,-0.074109,0.032063,0.015425,0.031164,-0.998881
25.479,True,-0.046659,1.183042,-0.074481,0.031532,-0.000757,0.032610,-0.998970,True,0.017064,1.178018,-0.074110,0.031989,0.015254,0.030971,-0.998892
25.490,True,-0.046650,1.183069,-0.074490,0.031502,-0.001187,0.032356,-0.998979,True,0.017075,1.178083,-0.074113,0.031953,0.014821,0.030713,-0.998907
25.501,True,-0.046625,1.183113,-0.074490,0.031427,-0.001410,0.032259,-0.998984,True,0.017101,1.178141,-0.074111,0.031875,0.014597,0.030615,-0.998916
25.512,True,-0.046603,1.183146,-0.074490,0.031336,-0.001595,0.032311,-0.998985,True,0.017122,1.178169,-0.074116,0.031784,0.014411,0.030665,-0.998920
25.524,True,-0.046577,1.183138,-0.074501,0.031445,-0.001945,0.032379,-0.998979,True,0.017149,1.178155,-0.074144,0.031894,0.014060,0.030731,-0.998920
25.535,True,-0.046537,1.183145,-0.074495,0.031304,-0.002521,0.032612,-0.998975,True,0.017186,1.178139,-0.074145,0.031755,0.013482,0.030966,-0.998925
25.546,True,-0.046493,1.183129,-0.074491,0.031279,-0.002812,0.032759,-0.998970,True,0.017229,1.178106,-0.074154,0.031731,0.013191,0.031114,-0.998925
25.557,True,-0.046445,1.183125,-0.074486,0.031212,-0.003289,0.033004,-0.998962,True,0.017276,1.178075,-0.074161,0.031667,0.012712,0.031361,-0.998926
25.568,True,-0.046407,1.183133,-0.074468,0.031229,-0.003535,0.033166,-0.998956,True,0.017312,1.178063,-0.074160,0.031686,0.012465,0.031523,-0.998923
25.579,True,-0.046373,1.183156,-0.074451,0.031213,-0.003754,0.033316,-0.998950,True,0.017344,1.178069,-0.074149,0.031671,0.012246,0.031672,-0.998921
25.590,True,-0.046352,1.183167,-0.074430,0.031257,-0.004005,0.033366,-0.998946,True,0.017366,1.178077,-0.074135,0.031716,0.011995,0.031722,-0.998921
25.601,True,-0.046330,1.183186,-0.074402,0.031245,-0.004104,0.033441,-0.998944,True,0.017387,1.178086,-0.074115,0.031704,0.011895,0.031798,-0.998921
25.612,True,-0.046309,1.183190,-0.074375,0.031274,-0.004384,0.033532,-0.998939,True,0.017407,1.178080,-0.074102,0.031734,0.011615,0.031889,-0.998920
25.624,True,-0.046275,1.183190,-0.074368,0.031323,-0.004635,0.033723,-0.998930,True,0.017439,1.178059,-0.074096,0.031785,0.011363,0.032081,-0.998915
25.635,True,-0.046261,1.183202,-0.074329,0.031293,-0.005112,0.033957,-0.998920,True,0.017451,1.178044,-0.074082,0.031758,0.010885,0.032316,-0.998914
25.646,True,-0.046247,1.183197,-0.074294,0.031291,-0.005456,0.034020,-0.998916,True,0.017465,1.178032,-0.074074,0.031756,0.010541,0.032379,-0.998915
25.657,True,-0.046228,1.183186,-0.074275,0.031264,-0.005666,0.034060,-0.998915,True,0.017483,1.178016,-0.074076,0.031730,0.010331,0.032420,-0.998917
25.668,True,-0.046221,1.183159,-0.074241,0.031266,-0.005921,0.034009,-0.998915,True,0.017491,1.177996,-0.074064,0.031731,0.010075,0.032369,-0.998921
25.679,True,-0.046218,1.183115,-0.074219,0.031222,-0.006203,0.033925,-0.998917,True,0.017495,1.177965,-0.074055,0.031684,0.009794,0.032287,-0.998928
25.691,True,-0.046227,1.183071,-0.074194,0.031198,-0.006366,0.033810,-0.998921,True,0.017465,1.177726,-0.074090,0.031658,0.009630,0.032172,-0.998934
25.702,True,-0.046242,1.183019,-0.074209,0.031330,-0.006326,0.033764,-0.998919,True,0.017450,1.177681,-0.074109,0.031791,0.009672,0.032127,-0.998931
25.713,True,-0.046262,1.182990,-0.074183,0.031511,-0.006398,0.033712,-0.998914,True,0.017431,1.177660,-0.074086,0.031970,0.009600,0.032078,-0.998928
25.724,True,-0.046296,1.182956,-0.074150,0.031697,-0.006546,0.033649,-0.998910,True,0.017398,1.177637,-0.074055,0.032155,0.009453,0.032016,-0.998925
25.735,True,-0.046333,1.182924,-0.074140,0.031775,-0.006479,0.033565,-0.998910,True,0.017361,1.177617,-0.074030,0.032232,0.009520,0.031932,-0.998925
25.746,True,-0.046386,1.182893,-0.074116,0.031914,-0.006316,0.033418,-0.998912,True,0.017311,1.177604,-0.074000,0.032369,0.009685,0.031785,-0.998924
25.757,True,-0.046467,1.182881,-0.074098,0.031934,-0.006136,0.033366,-0.998914,True,0.017230,1.177600,-0.073960,0.032389,0.009865,0.031735,-0.998923
25.769,True,-0.046523,1.182872,-0.074094,0.032153,-0.005989,0.033356,-0.998908,True,0.017174,1.177594,-0.073932,0.032608,0.010013,0.031726,-0.998914
25.779,True,-0.046590,1.182853,-0.074089,0.032389,-0.005791,0.033348,-0.998902,True,0.017107,1.177577,-0.073909,0.032844,0.010212,0.031718,-0.998905
25.791,True,-0.046641,1.182843,-0.074101,0.032498,-0.005530,0.033329,-0.998901,True,0.017056,1.177571,-0.073894,0.032954,0.010474,0.031700,-0.998899
25.802,True,-0.046695,1.182841,-0.074096,0.032726,-0.005379,0.033293,-0.998895,True,0.017003,1.177574,-0.073874,0.033182,0.010627,0.031665,-0.998891
25.813,True,-0.046747,1.182817,-0.074100,0.032850,-0.005254,0.033172,-0.998896,True,0.016952,1.177567,-0.073864,0.033304,0.010752,0.031544,-0.998890
25.824,True,-0.046804,1.182797,-0.074106,0.033369,-0.005422,0.033124,-0.998879,True,0.016896,1.177559,-0.073853,0.033822,0.010584,0.031496,-0.998875
25.835,True,-0.046857,1.182805,-0.074085,0.033556,-0.005622,0.033149,-0.998871,True,0.016843,1.177567,-0.073830,0.034009,0.010383,0.031520,-0.998870
25.846,True,-0.046887,1.182816,-0.074088,0.033678,-0.005583,0.033137,-0.998868,True,0.016814,1.177582,-0.073818,0.034130,0.010422,0.031507,-0.998866
25.857,True,-0.046910,1.182822,-0.074089,0.033897,-0.005520,0.033210,-0.998858,True,0.016790,1.177579,-0.073813,0.034352,0.010485,0.031579,-0.998856
25.868,True,-0.046924,1.182828,-0.074074,0.034096,-0.005590,0.033235,-0.998850,True,0.016776,1.177583,-0.073798,0.034551,0.010416,0.031604,-0.998849
25.879,True,-0.046936,1.182817,-0.074052,0.034481,-0.005783,0.033258,-0.998835,True,0.016764,1.177573,-0.073784,0.034936,0.010223,0.031626,-0.998837
25.891,True,-0.046927,1.182832,-0.074046,0.034675,-0.005980,0.033299,-0.998826,True,0.016772,1.177583,-0.073793,0.035131,0.010027,0.031667,-0.998831
25.902,True,-0.046917,1.182844,-0.074027,0.034773,-0.006001,0.033273,-0.998823,True,0.016782,1.177598,-0.073783,0.035228,0.010006,0.031639,-0.998828
25.913,True,-0.046912,1.182884,-0.074005,0.034934,-0.006033,0.033441,-0.998812,True,0.016786,1.177616,-0.073774,0.035392,0.009975,0.031807,-0.998817
25.924,True,-0.046911,1.182913,-0.074010,0.034805,-0.004333,0.033357,-0.998828,True,0.016786,1.177630,-0.073792,0.035267,0.011680,0.031720,-0.998806
25.935,True,-0.046888,1.182916,-0.074007,0.037997,0.005222,0.032432,-0.998738,True,0.016809,1.177636,-0.073795,0.038478,0.021274,0.030786,-0.998559
25.946,True,-0.046881,1.182863,-0.073985,0.042090,0.019135,0.030921,-0.998452,True,0.016818,1.177606,-0.073791,0.042591,0.035217,0.029264,-0.998043
25.957,True,-0.046871,1.182815,-0.073978,0.038687,0.006530,0.031890,-0.998721,True,0.016830,1.177587,-0.073793,0.039164,0.022588,0.030242,-0.998520
25.968,True,-0.046852,1.182807,-0.073975,0.038486,0.036051,0.028853,-0.998192,True,0.016849,1.177576,-0.073783,0.039006,0.052105,0.027192,-0.997509
25.979,True,-0.046845,1.182826,-0.073945,0.037648,0.036346,0.029030,-0.998208,True,0.016854,1.177565,-0.073757,0.038173,0.052396,0.027370,-0.997521
25.990,True,-0.046830,1.182889,-0.073919,0.034441,0.036442,0.029290,-0.998313,True,0.016865,1.177579,-0.073733,0.034973,0.052482,0.027629,-0.997627
26.001,True,-0.046811,1.182956,-0.073902,0.034563,0.035886,0.029721,-0.998316,True,0.016880,1.177600,-0.073712,0.035100,0.051926,0.028059,-0.997639
26.013,True,-0.046805,1.183010,-0.073888,0.034582,0.035575,0.030085,-0.998315,True,0.016882,1.177613,-0.073695,0.035124,0.051617,0.028425,-0.997644
26.024,True,-0.046802,1.183023,-0.073868,0.033825,0.034691,0.030340,-0.998365,True,0.016883,1.177601,-0.073689,0.034369,0.050732,0.028683,-0.997709
26.035,True,-0.046811,1.183022,-0.073854,0.033666,0.034562,0.030330,-0.998375,True,0.016874,1.177601,-0.073692,0.034209,0.050604,0.028676,-0.997721
26.046,True,-0.046823,1.183009,-0.073844,0.033190,0.040778,0.029423,-0.998183,True,0.016865,1.177621,-0.073694,0.033740,0.056804,0.027771,-0.997429
26.057,True,-0.046854,1.182964,-0.073865,0.033209,0.033637,0.029810,-0.998437,True,0.016837,1.177620,-0.073720,0.033741,0.049681,0.028160,-0.997798
26.068,True,-0.046886,1.182927,-0.073880,0.032440,0.037046,0.029203,-0.998360,True,0.016809,1.177614,-0.073733,0.032974,0.053081,0.027553,-0.997665
26.080,True,-0.046909,1.182903,-0.073896,0.032450,0.035498,0.029265,-0.998414,True,0.016787,1.177603,-0.073750,0.032980,0.051536,0.027617,-0.997744
26.091,True,-0.046936,1.182860,-0.073934,0.032660,0.034380,0.029318,-0.998445,True,0.016760,1.177568,-0.073787,0.033188,0.050421,0.027670,-0.997793
26.101,True,-0.046958,1.182835,-0.073944,0.032327,0.034163,0.029320,-0.998463,True,0.016738,1.177544,-0.073803,0.032854,0.050203,0.027672,-0.997815
26.113,True,-0.046977,1.182808,-0.073963,0.032528,0.033974,0.029364,-0.998462,True,0.016718,1.177514,-0.073825,0.033055,0.050015,0.027715,-0.997817
26.124,True,-0.047017,1.182809,-0.074014,0.032779,0.034172,0.029365,-0.998447,True,0.016679,1.177514,-0.073867,0.033306,0.050213,0.027715,-0.997798
26.135,True,-0.047041,1.182794,-0.074055,0.032796,0.034543,0.029232,-0.998437,True,0.016655,1.177510,-0.073899,0.033322,0.050582,0.027578,-0.997783
26.146,True,-0.047072,1.182789,-0.074082,0.032783,0.034165,0.029166,-0.998453,True,0.016625,1.177520,-0.073915,0.033307,0.050206,0.027513,-0.997804
26.157,True,-0.047106,1.182801,-0.074127,0.032659,0.034424,0.029088,-0.998450,True,0.016593,1.177540,-0.073941,0.033183,0.050463,0.027434,-0.997798
26.168,True,-0.047145,1.182816,-0.074168,0.032714,0.034470,0.028998,-0.998449,True,0.016554,1.177568,-0.073959,0.033236,0.050510,0.027343,-0.997796
26.179,True,-0.047176,1.183255,-0.074040,0.032852,0.033605,0.029093,-0.998471,True,0.016521,1.177616,-0.073974,0.033372,0.049647,0.027438,-0.997832
26.191,True,-0.047199,1.183306,-0.074098,0.032613,0.031728,0.029236,-0.998536,True,0.016499,1.177675,-0.074009,0.033128,0.047772,0.027580,-0.997928
26.202,True,-0.047223,1.183320,-0.074154,0.032668,0.031087,0.029329,-0.998552,True,0.016475,1.177688,-0.074036,0.033183,0.047132,0.027671,-0.997954
26.213,True,-0.047253,1.183304,-0.074181,0.032665,0.030051,0.029459,-0.998580,True,0.016444,1.177671,-0.074058,0.033178,0.046097,0.027802,-0.997999
26.224,True,-0.047240,1.183300,-0.074248,0.032469,0.028994,0.029415,-0.998619,True,0.016460,1.177689,-0.074105,0.032977,0.045042,0.027759,-0.998055
26.235,True,-0.047232,1.183325,-0.074286,0.032152,0.027771,0.029409,-0.998664,True,0.016468,1.177732,-0.074130,0.032656,0.043819,0.027753,-0.998120
26.246,True,-0.047219,1.183355,-0.074326,0.031976,0.027355,0.029493,-0.998679,True,0.016481,1.177758,-0.074151,0.032480,0.043402,0.027837,-0.998142
26.257,True,-0.047186,1.183392,-0.074370,0.031798,0.026267,0.029909,-0.998701,True,0.016511,1.177757,-0.074179,0.032304,0.042315,0.028254,-0.998182
26.268,True,-0.047142,1.183451,-0.074396,0.031829,0.025770,0.030371,-0.998699,True,0.016550,1.177764,-0.074199,0.032341,0.041817,0.028714,-0.998189
26.279,True,-0.047092,1.183536,-0.074397,0.031785,0.025463,0.030683,-0.998699,True,0.016597,1.177811,-0.074213,0.032302,0.041510,0.029025,-0.998194
26.290,True,-0.047038,1.183560,-0.074415,0.031996,0.024962,0.030663,-0.998706,True,0.016651,1.177842,-0.074243,0.032510,0.041009,0.029002,-0.998209
26.301,True,-0.046936,1.183627,-0.074420,0.032086,0.024336,0.030479,-0.998724,True,0.016756,1.177935,-0.074273,0.032596,0.040382,0.028814,-0.998237
26.312,True,-0.046854,1.183672,-0.074422,0.032151,0.024147,0.030260,-0.998733,True,0.016840,1.178008,-0.074287,0.032657,0.040193,0.028593,-0.998249
26.324,True,-0.046757,1.183710,-0.074436,0.032033,0.023602,0.030172,-0.998753,True,0.016938,1.178061,-0.074310,0.032536,0.039646,0.028501,-0.998277
26.335,True,-0.046675,1.183774,-0.074420,0.031914,0.023224,0.030352,-0.998760,True,0.017019,1.178103,-0.074311,0.032419,0.039268,0.028680,-0.998291
26.346,True,-0.046584,1.183815,-0.074407,0.032008,0.022770,0.030481,-0.998763,True,0.017109,1.178130,-0.074325,0.032514,0.038813,0.028807,-0.998302
26.357,True,-0.046488,1.183855,-0.074420,0.032202,0.021965,0.030881,-0.998763,True,0.017201,1.178126,-0.074368,0.032712,0.038008,0.029205,-0.998315
26.368,True,-0.046379,1.183879,-0.074401,0.032089,0.021544,0.031002,-0.998772,True,0.017308,1.178136,-0.074371,0.032599,0.037587,0.029326,-0.998331
26.379,True,-0.046282,1.183910,-0.074384,0.032051,0.021083,0.031278,-0.998774,True,0.017403,1.178135,-0.074374,0.032565,0.037126,0.029602,-0.998341
26.390,True,-0.046197,1.183924,-0.074392,0.032226,0.019990,0.031620,-0.998780,True,0.017485,1.178116,-0.074404,0.032742,0.036033,0.029942,-0.998365
26.401,True,-0.046109,1.183951,-0.074378,0.032271,0.019388,0.031826,-0.998784,True,0.017570,1.178124,-0.074402,0.032789,0.035430,0.030147,-0.998379
26.413,True,-0.046042,1.184000,-0.074367,0.032274,0.019051,0.032099,-0.998782,True,0.017636,1.178143,-0.074388,0.032795,0.035093,0.030420,-0.998383
26.424,True,-0.045974,1.184015,-0.074370,0.032418,0.018411,0.032257,-0.998784,True,0.017702,1.178144,-0.074398,0.032939,0.034453,0.030577,-0.998395
26.435,True,-0.045914,1.184044,-0.074345,0.032364,0.018018,0.032425,-0.998788,True,0.017760,1.178156,-0.074386,0.032887,0.034061,0.030746,-0.998405
26.446,True,-0.045854,1.184053,-0.074331,0.032472,0.017682,0.032642,-0.998783,True,0.017818,1.178141,-0.074380,0.032997,0.033725,0.030963,-0.998406
26.457,True,-0.045808,1.184063,-0.074346,0.032711,0.017200,0.032776,-0.998779,True,0.017864,1.178141,-0.074397,0.033237,0.033242,0.031097,-0.998410
26.468,True,-0.045757,1.184070,-0.074318,0.032608,0.016895,0.032947,-0.998782,True,0.017912,1.178129,-0.074381,0.033136,0.032938,0.031269,-0.998419
26.479,True,-0.045711,1.184064,-0.074302,0.032610,0.016597,0.033034,-0.998784,True,0.017957,1.178114,-0.074375,0.033138,0.032640,0.031356,-0.998426
26.490,True,-0.045676,1.184061,-0.074294,0.032629,0.016374,0.033052,-0.998787,True,0.017992,1.178111,-0.074375,0.033157,0.032417,0.031376,-0.998431
26.501,True,-0.045650,1.184054,-0.074289,0.032832,0.016209,0.033112,-0.998781,True,0.018018,1.178100,-0.074369,0.033361,0.032252,0.031435,-0.998428
26.513,True,-0.045626,1.184037,-0.074279,0.033013,0.016047,0.033069,-0.998779,True,0.018043,1.178091,-0.074361,0.033540,0.032092,0.031393,-0.998429
26.524,True,-0.045636,1.184029,-0.074266,0.033425,0.015629,0.033052,-0.998772,True,0.018033,1.178091,-0.074361,0.033951,0.031675,0.031377,-0.998429
26.535,True,-0.045624,1.183993,-0.074271,0.033604,0.015451,0.032947,-0.998773,True,0.018048,1.178071,-0.074370,0.034128,0.031498,0.031273,-0.998431
26.546,True,-0.045594,1.183984,-0.074286,0.033585,0.015395,0.032849,-0.998777,True,0.018079,1.178079,-0.074367,0.034107,0.031443,0.031178,-0.998437
26.557,True,-0.045592,1.183951,-0.074304,0.033390,0.005935,0.033703,-0.998856,True,0.018082,1.178062,-0.074394,0.033893,0.021971,0.032039,-0.998670
26.568,True,-0.045586,1.183932,-0.074300,0.032550,-0.003991,0.034684,-0.998860,True,0.018088,1.178046,-0.074397,0.033034,0.012015,0.033030,-0.998836
26.579,True,-0.045562,1.183935,-0.074317,0.031070,-0.009946,0.035275,-0.998845,True,0.018112,1.178049,-0.074397,0.031541,0.006031,0.033627,-0.998919
26.590,True,-0.045543,1.183961,-0.074329,0.031267,-0.013312,0.035718,-0.998784,True,0.018131,1.178064,-0.074410,0.031733,0.002650,0.034071,-0.998912
26.602,True,-0.045521,1.183989,-0.074333,0.032894,-0.018025,0.036263,-0.998638,True,0.018152,1.178091,-0.074413,0.033355,-0.002082,0.034620,-0.998842
26.613,True,-0.045497,1.184033,-0.074331,0.033756,-0.017792,0.036319,-0.998612,True,0.018176,1.178127,-0.074412,0.034219,-0.001845,0.034672,-0.998811
26.624,True,-0.045497,1.184069,-0.074351,0.034185,-0.016918,0.036303,-0.998613,True,0.018175,1.178155,-0.074424,0.034652,-0.000966,0.034652,-0.998798
26.635,True,-0.045449,1.184106,-0.074362,0.034383,-0.019521,0.036641,-0.998546,True,0.018222,1.178186,-0.074428,0.034846,-0.003584,0.034991,-0.998774
26.646,True,-0.045420,1.184117,-0.074368,0.035184,-0.019582,0.036698,-0.998515,True,0.018251,1.178191,-0.074444,0.035649,-0.003644,0.035045,-0.998743
26.657,True,-0.045390,1.184143,-0.074387,0.036688,-0.019370,0.036845,-0.998460,True,0.018279,1.178200,-0.074469,0.037159,-0.003425,0.035190,-0.998684
26.668,True,-0.045330,1.184188,-0.074385,0.037037,-0.018960,0.036956,-0.998450,True,0.018337,1.178224,-0.074483,0.037512,-0.003011,0.035299,-0.998668
26.679,True,-0.045271,1.184223,-0.074377,0.037221,-0.018940,0.037140,-0.998437,True,0.018394,1.178233,-0.074493,0.037699,-0.002991,0.035482,-0.998655
26.691,True,-0.045204,1.184254,-0.074381,0.037433,-0.018910,0.037245,-0.998426,True,0.018460,1.178249,-0.074510,0.037913,-0.002959,0.035585,-0.998643
26.702,True,-0.045139,1.184284,-0.074352,0.037791,-0.019035,0.037474,-0.998401,True,0.018521,1.178249,-0.074507,0.038275,-0.003084,0.035812,-0.998621
26.713,True,-0.045093,1.184282,-0.074322,0.038153,-0.019261,0.037489,-0.998383,True,0.018567,1.178244,-0.074509,0.038638,-0.003309,0.035825,-0.998605
26.724,True,-0.045044,1.184300,-0.074298,0.038780,-0.019223,0.037507,-0.998359,True,0.018616,1.178258,-0.074511,0.039268,-0.003268,0.035841,-0.998580
26.735,True,-0.044992,1.184351,-0.074263,0.039216,-0.019352,0.037645,-0.998334,True,0.018666,1.178290,-0.074500,0.039706,-0.003396,0.035978,-0.998558
26.746,True,-0.044949,1.184398,-0.074235,0.039265,-0.019552,0.037833,-0.998321,True,0.018706,1.178313,-0.074490,0.039758,-0.003596,0.036165,-0.998548
26.757,True,-0.044920,1.184394,-0.074213,0.039271,-0.020082,0.037958,-0.998305,True,0.018734,1.178297,-0.074493,0.039764,-0.004128,0.036291,-0.998541
26.768,True,-0.044887,1.184349,-0.074183,0.039156,-0.020240,0.037842,-0.998311,True,0.018768,1.178264,-0.074491,0.039647,-0.004286,0.036175,-0.998550
26.780,True,-0.044866,1.184257,-0.074157,0.038741,-0.020296,0.037459,-0.998341,True,0.018793,1.178218,-0.074487,0.039225,-0.004342,0.035793,-0.998580
26.791,True,-0.044872,1.184197,-0.074145,0.038391,-0.020140,0.037209,-0.998367,True,0.018790,1.178185,-0.074485,0.038872,-0.004186,0.035545,-0.998603
26.801,True,-0.044868,1.184188,-0.074117,0.037849,-0.019747,0.037113,-0.998399,True,0.018794,1.178183,-0.074450,0.038328,-0.003791,0.035450,-0.998629
26.813,True,-0.044888,1.184206,-0.074089,0.037773,-0.019612,0.037234,-0.998400,True,0.018773,1.178184,-0.074421,0.038255,-0.003657,0.035570,-0.998628
26.824,True,-0.044883,1.184259,-0.074069,0.037713,-0.019403,0.037438,-0.998399,True,0.018776,1.178209,-0.074390,0.038199,-0.003447,0.035774,-0.998624
26.835,True,-0.044908,1.184336,-0.074054,0.038175,-0.019393,0.037826,-0.998367,True,0.018746,1.178239,-0.074360,0.038667,-0.003437,0.036161,-0.998592
26.846,True,-0.044924,1.184365,-0.074030,0.038313,-0.019538,0.038048,-0.998350,True,0.018727,1.178242,-0.074341,0.038809,-0.003581,0.036384,-0.998578
26.857,True,-0.044940,1.184383,-0.074015,0.038402,-0.019657,0.038159,-0.998340,True,0.018710,1.178247,-0.074331,0.038900,-0.003701,0.036496,-0.998570
26.868,True,-0.044966,1.184383,-0.073983,0.038536,-0.019800,0.038099,-0.998334,True,0.018685,1.178256,-0.074309,0.039033,-0.003842,0.036439,-0.998566
26.879,True,-0.044984,1.184361,-0.073964,0.038612,-0.019994,0.037878,-0.998336,True,0.018669,1.178264,-0.074297,0.039105,-0.004037,0.036219,-0.998570
26.891,True,-0.045011,1.184349,-0.073956,0.039039,-0.020291,0.037696,-0.998320,True,0.018646,1.178281,-0.074297,0.039530,-0.004333,0.036039,-0.998559
26.902,True,-0.045044,1.184321,-0.073946,0.039303,-0.020590,0.037553,-0.998309,True,0.018614,1.178275,-0.074298,0.039791,-0.004631,0.035898,-0.998552
26.913,True,-0.045068,1.184294,-0.073934,0.039334,-0.020736,0.037562,-0.998305,True,0.018591,1.178248,-0.074294,0.039822,-0.004777,0.035909,-0.998550
26.924,True,-0.045093,1.184233,-0.073929,0.039505,-0.020888,0.037586,-0.998294,True,0.018565,1.178184,-0.074306,0.039993,-0.004929,0.035935,-0.998541
26.935,True,-0.045125,1.184181,-0.073922,0.039704,-0.021049,0.037569,-0.998283,True,0.018533,1.178134,-0.074319,0.040193,-0.005089,0.035919,-0.998533
26.946,True,-0.045155,1.184133,-0.073915,0.039931,-0.021240,0.037481,-0.998273,True,0.018504,1.178100,-0.074323,0.040418,-0.005280,0.035831,-0.998526
26.957,True,-0.045201,1.184097,-0.073899,0.040642,-0.021834,0.037385,-0.998235,True,0.018461,1.178083,-0.074323,0.041127,-0.005875,0.035733,-0.998498
26.968,True,-0.045243,1.184082,-0.073892,0.040874,-0.022019,0.037250,-0.998227,True,0.018420,1.178088,-0.074322,0.041357,-0.006060,0.035596,-0.998492
26.980,True,-0.045292,1.184084,-0.073890,0.041036,-0.021940,0.037160,-0.998225,True,0.018372,1.178101,-0.074316,0.041518,-0.005981,0.035504,-0.998489
26.991,True,-0.045350,1.184088,-0.073898,0.041564,-0.022054,0.037110,-0.998203,True,0.018315,1.178115,-0.074318,0.042045,-0.006095,0.035452,-0.998468
27.002,True,-0.045414,1.184107,-0.073908,0.041696,-0.021698,0.037047,-0.998207,True,0.018252,1.178139,-0.074323,0.042178,-0.005737,0.035389,-0.998467
27.013,True,-0.045470,1.184138,-0.073927,0.041901,-0.021423,0.037014,-0.998206,True,0.018195,1.178173,-0.074330,0.042382,-0.005460,0.035355,-0.998461
27.024,True,-0.045552,1.184172,-0.073953,0.042061,-0.021127,0.037058,-0.998204,True,0.018113,1.178198,-0.074351,0.042545,-0.005162,0.035398,-0.998454
27.035,True,-0.045625,1.184166,-0.073995,0.042329,-0.020703,0.036932,-0.998206,True,0.018042,1.178207,-0.074373,0.042812,-0.004736,0.035273,-0.998449
27.046,True,-0.045698,1.184126,-0.074028,0.042467,-0.020613,0.036790,-0.998208,True,0.017970,1.178186,-0.074396,0.042948,-0.004644,0.035133,-0.998449
27.057,True,-0.045778,1.184088,-0.074056,0.042756,-0.020381,0.036531,-0.998209,True,0.017893,1.178181,-0.074414,0.043234,-0.004410,0.034874,-0.998446
27.068,True,-0.045838,1.184095,-0.074095,0.042789,-0.020211,0.036268,-0.998221,True,0.017837,1.178222,-0.074435,0.043263,-0.004240,0.034612,-0.998455
27.079,True,-0.045895,1.184121,-0.074130,0.042974,-0.019995,0.036187,-0.998220,True,0.017781,1.178258,-0.074458,0.043447,-0.004023,0.034530,-0.998451
27.091,True,-0.045949,1.184150,-0.074164,0.042443,-0.019589,0.036360,-0.998245,True,0.017725,1.178259,-0.074473,0.042919,-0.003617,0.034702,-0.998469
27.102,True,-0.046004,1.184193,-0.074178,0.042279,-0.019318,0.036570,-0.998250,True,0.017666,1.178272,-0.074490,0.042759,-0.003346,0.034910,-0.998470
27.113,True,-0.046032,1.184240,-0.074195,0.042312,-0.019192,0.036708,-0.998245,True,0.017636,1.178297,-0.074518,0.042795,-0.003219,0.035045,-0.998464
27.124,True,-0.046043,1.184302,-0.074203,0.042361,-0.019129,0.036606,-0.998248,True,0.017626,1.178369,-0.074537,0.042843,-0.003156,0.034941,-0.998466
27.135,True,-0.046046,1.184333,-0.074210,0.042750,-0.019032,0.036308,-0.998244,True,0.017627,1.178434,-0.074562,0.043228,-0.003058,0.034638,-0.998460
27.146,True,-0.046046,1.184359,-0.074221,0.042880,-0.019057,0.036041,-0.998248,True,0.017629,1.178494,-0.074585,0.043353,-0.003083,0.034369,-0.998464
27.157,True,-0.046035,1.184382,-0.074254,0.042962,-0.019094,0.035900,-0.998249,True,0.017641,1.178532,-0.074636,0.043433,-0.003119,0.034225,-0.998465
27.168,True,-0.046009,1.184427,-0.074244,0.042911,-0.019245,0.035893,-0.998249,True,0.017667,1.178574,-0.074665,0.043382,-0.003270,0.034216,-0.998467
27.179,True,-0.045965,1.184467,-0.074250,0.042993,-0.019369,0.035996,-0.998239,True,0.017709,1.178598,-0.074699,0.043466,-0.003395,0.034316,-0.998460
27.190,True,-0.045824,1.183870,-0.074492,0.043038,-0.019682,0.036066,-0.998228,True,0.017745,1.178587,-0.074752,0.043511,-0.003707,0.034386,-0.998454
27.201,True,-0.045764,1.183892,-0.074484,0.043156,-0.019891,0.036265,-0.998212,True,0.017803,1.178581,-0.074777,0.043632,-0.003916,0.034582,-0.998441
27.212,True,-0.045710,1.183930,-0.074467,0.043244,-0.020117,0.036454,-0.998197,True,0.017854,1.178594,-0.074792,0.043723,-0.004142,0.034770,-0.998430
27.224,True,-0.045655,1.183978,-0.074454,0.043604,-0.020420,0.036712,-0.998165,True,0.017906,1.178609,-0.074812,0.044087,-0.004445,0.035029,-0.998404
27.235,True,-0.045611,1.184016,-0.074433,0.043829,-0.020818,0.036925,-0.998139,True,0.017948,1.178619,-0.074832,0.044315,-0.004843,0.035240,-0.998384
27.246,True,-0.045580,1.184068,-0.074407,0.044078,-0.021343,0.037113,-0.998110,True,0.017976,1.178648,-0.074853,0.044567,-0.005368,0.035428,-0.998364
27.257,True,-0.045544,1.184113,-0.074384,0.044196,-0.021640,0.037190,-0.998096,True,0.018011,1.178682,-0.074866,0.044686,-0.005665,0.035503,-0.998354
27.268,True,-0.045514,1.184163,-0.074341,0.044216,-0.022101,0.037168,-0.998086,True,0.018041,1.178735,-0.074862,0.044705,-0.006128,0.035480,-0.998351
27.279,True,-0.045481,1.184209,-0.074300,0.044372,-0.022496,0.037242,-0.998067,True,0.018073,1.178771,-0.074858,0.044861,-0.006524,0.035551,-0.998339
27.290,True,-0.045435,1.184223,-0.074262,0.044490,-0.022985,0.037184,-0.998053,True,0.018120,1.178793,-0.074861,0.044977,-0.007014,0.035491,-0.998333
27.301,True,-0.045408,1.184240,-0.074199,0.044450,-0.023574,0.037206,-0.998040,True,0.018146,1.178806,-0.074854,0.044937,-0.007605,0.035511,-0.998330
27.313,True,-0.045382,1.184243,-0.074160,0.044195,-0.023843,0.037062,-0.998051,True,0.018173,1.178826,-0.074841,0.044679,-0.007875,0.035369,-0.998344
27.324,True,-0.045360,1.184224,-0.074120,0.043673,-0.024135,0.037017,-0.998068,True,0.018194,1.178812,-0.074835,0.044155,-0.008168,0.035326,-0.998367
27.335,True,-0.045374,1.184171,-0.074063,0.043272,-0.024454,0.036926,-0.998081,True,0.018181,1.178768,-0.074814,0.043752,-0.008487,0.035238,-0.998385
27.346,True,-0.045382,1.184127,-0.074028,0.043141,-0.024670,0.036897,-0.998083,True,0.018173,1.178727,-0.074803,0.043619,-0.008704,0.035210,-0.998390
27.357,True,-0.045420,1.184067,-0.074007,0.042700,-0.024749,0.036832,-0.998102,True,0.018135,1.178674,-0.074790,0.043178,-0.008782,0.035149,-0.998410
27.368,True,-0.045449,1.184022,-0.073960,0.042236,-0.024755,0.036694,-0.998127,True,0.018108,1.178644,-0.074763,0.042711,-0.008789,0.035015,-0.998435
27.379,True,-0.045479,1.183965,-0.073930,0.041757,-0.024689,0.036565,-0.998153,True,0.018079,1.178601,-0.074736,0.042230,-0.008723,0.034890,-0.998461
27.390,True,-0.045486,1.183928,-0.073917,0.041129,-0.024612,0.036420,-0.998187,True,0.018074,1.178580,-0.074724,0.041599,-0.008646,0.034748,-0.998493
27.401,True,-0.045522,1.183848,-0.073895,0.040815,-0.024565,0.036291,-0.998205,True,0.018038,1.178515,-0.074703,0.041283,-0.008599,0.034621,-0.998511
27.413,True,-0.045562,1.183808,-0.073875,0.040431,-0.024457,0.036248,-0.998225,True,0.017999,1.178479,-0.074680,0.040898,-0.008490,0.034582,-0.998529
27.424,True,-0.045592,1.183767,-0.073845,0.040285,-0.024358,0.036289,-0.998232,True,0.017968,1.178432,-0.074646,0.040753,-0.008390,0.034626,-0.998534
27.435,True,-0.045627,1.183739,-0.073821,0.039790,-0.024217,0.036274,-0.998256,True,0.017933,1.178404,-0.074622,0.040258,-0.008249,0.034614,-0.998556
27.446,True,-0.045661,1.183716,-0.073801,0.039619,-0.024151,0.036263,-0.998265,True,0.017899,1.178381,-0.074602,0.040086,-0.008183,0.034605,-0.998563
27.457,True,-0.045693,1.183689,-0.073784,0.039458,-0.024373,0.036247,-0.998266,True,0.017867,1.178359,-0.074579,0.039924,-0.008407,0.034590,-0.998569
27.468,True,-0.045727,1.183679,-0.073784,0.039424,-0.024453,0.036222,-0.998266,True,0.017834,1.178355,-0.074568,0.039889,-0.008489,0.034564,-0.998570
27.484,True,-0.045779,1.183676,-0.073772,0.039408,-0.024345,0.036220,-0.998270,True,0.017782,1.178351,-0.074550,0.039874,-0.008381,0.034560,-0.998572
27.495,True,-0.045813,1.183684,-0.073771,0.039113,-0.024776,0.036267,-0.998269,True,0.017748,1.178359,-0.074538,0.039577,-0.008816,0.034606,-0.998578
27.506,True,-0.045844,1.183733,-0.073762,0.038623,-0.024614,0.036384,-0.998288,True,0.017716,1.178392,-0.074515,0.039088,-0.008656,0.034721,-0.998595
27.517,True,-0.045864,1.183771,-0.073762,0.038693,-0.024631,0.036478,-0.998281,True,0.017695,1.178419,-0.074507,0.039160,-0.008674,0.034814,-0.998589
27.528,True,-0.045883,1.183807,-0.073773,0.038646,-0.024533,0.036579,-0.998282,True,0.017675,1.178442,-0.074508,0.039113,-0.008577,0.034911,-0.998588
27.540,True,-0.045905,1.183839,-0.073774,0.038484,-0.024561,0.036627,-0.998286,True,0.017653,1.178468,-0.074502,0.038951,-0.008606,0.034957,-0.998592
27.551,True,-0.045916,1.183890,-0.073782,0.038413,-0.024579,0.036715,-0.998285,True,0.017641,1.178510,-0.074496,0.038881,-0.008625,0.035046,-0.998592
27.562,True,-0.045948,1.183889,-0.073776,0.038296,-0.024711,0.036714,-0.998286,True,0.017609,1.178509,-0.074499,0.038764,-0.008759,0.035043,-0.998595
27.573,True,-0.045974,1.183894,-0.073774,0.038243,-0.024808,0.036695,-0.998286,True,0.017584,1.178517,-0.074504,0.038710,-0.008856,0.035024,-0.998597
27.584,True,-0.046008,1.183902,-0.073785,0.038653,-0.024604,0.036632,-0.998278,True,0.017549,1.178530,-0.074520,0.039121,-0.008649,0.034958,-0.998585
27.595,True,-0.046039,1.183948,-0.073786,0.038771,-0.024492,0.036579,-0.998278,True,0.017519,1.178581,-0.074526,0.039238,-0.008537,0.034904,-0.998584
27.607,True,-0.046071,1.184007,-0.073803,0.038955,-0.024488,0.036602,-0.998270,True,0.017487,1.178637,-0.074545,0.039422,-0.008534,0.034922,-0.998576
27.618,True,-0.046104,1.184053,-0.073810,0.039129,-0.024491,0.036544,-0.998265,True,0.017455,1.178689,-0.074555,0.039595,-0.008537,0.034862,-0.998571
27.629,True,-0.046129,1.184056,-0.073811,0.039288,-0.024535,0.036459,-0.998261,True,0.017431,1.178703,-0.074562,0.039753,-0.008581,0.034774,-0.998568
27.640,True,-0.046155,1.183999,-0.073825,0.038981,-0.024051,0.036045,-0.998300,True,0.017408,1.178691,-0.074577,0.039440,-0.008095,0.034358,-0.998598
27.651,True,-0.046181,1.183963,-0.073836,0.038696,-0.023727,0.035806,-0.998327,True,0.017384,1.178681,-0.074583,0.039152,-0.007771,0.034119,-0.998620
27.662,True,-0.046187,1.183961,-0.073858,0.038278,-0.023110,0.035650,-0.998364,True,0.017380,1.178691,-0.074594,0.038732,-0.007153,0.033961,-0.998647
27.673,True,-0.046199,1.183998,-0.073868,0.038317,-0.023069,0.035678,-0.998362,True,0.017367,1.178724,-0.074599,0.038772,-0.007112,0.033989,-0.998645
27.684,True,-0.046204,1.184066,-0.073877,0.038258,-0.022969,0.035772,-0.998363,True,0.017362,1.178781,-0.074599,0.038715,-0.007012,0.034084,-0.998644
27.695,True,-0.046220,1.184117,-0.073903,0.038167,-0.022607,0.036260,-0.998357,True,0.017340,1.178766,-0.074613,0.038632,-0.006648,0.034571,-0.998633
27.707,True,-0.046240,1.184160,-0.073914,0.038014,-0.022348,0.036566,-0.998358,True,0.017316,1.178764,-0.074636,0.038485,-0.006388,0.034877,-0.998630
27.718,True,-0.046239,1.184192,-0.073925,0.037763,-0.021885,0.036704,-0.998373,True,0.017315,1.178771,-0.074648,0.038237,-0.005924,0.035015,-0.998637
27.729,True,-0.046255,1.184222,-0.073958,0.037918,-0.021672,0.036641,-0.998374,True,0.017300,1.178805,-0.074689,0.038393,-0.005709,0.034951,-0.998635
27.740,True,-0.046276,1.184257,-0.073984,0.037923,-0.021708,0.036480,-0.998379,True,0.017280,1.178861,-0.074721,0.038395,-0.005745,0.034791,-0.998640
27.751,True,-0.046279,1.184254,-0.074039,0.037993,-0.021386,0.036116,-0.998396,True,0.017281,1.178901,-0.074770,0.038460,-0.005422,0.034425,-0.998652
27.762,True,-0.046321,1.184253,-0.074079,0.037845,-0.021316,0.035993,-0.998408,True,0.017239,1.178913,-0.074820,0.038310,-0.005352,0.034301,-0.998663
27.773,True,-0.046350,1.184234,-0.074135,0.037846,-0.021142,0.035911,-0.998414,True,0.017211,1.178902,-0.074876,0.038310,-0.005177,0.034218,-0.998667
27.784,True,-0.046363,1.184196,-0.074170,0.037864,-0.021207,0.035783,-0.998417,True,0.017199,1.178879,-0.074929,0.038326,-0.005241,0.034091,-0.998670
27.795,True,-0.046379,1.184163,-0.074227,0.037804,-0.021119,0.035681,-0.998425,True,0.017184,1.178856,-0.074990,0.038265,-0.005153,0.033989,-0.998676
27.806,True,-0.046405,1.184133,-0.074286,0.037710,-0.021007,0.035509,-0.998437,True,0.017159,1.178845,-0.075060,0.038168,-0.005040,0.033816,-0.998686
27.818,True,-0.046422,1.184139,-0.074321,0.037310,-0.020712,0.035335,-0.998464,True,0.017144,1.178869,-0.075091,0.037766,-0.004746,0.033640,-0.998709
27.829,True,-0.046459,1.184142,-0.074373,0.037377,-0.020554,0.035264,-0.998467,True,0.017108,1.178879,-0.075142,0.037832,-0.004586,0.033569,-0.998710
27.840,True,-0.046499,1.184150,-0.074443,0.037570,-0.020408,0.035248,-0.998464,True,0.017068,1.178889,-0.075197,0.038026,-0.004440,0.033551,-0.998704
27.851,True,-0.046537,1.184202,-0.074527,0.037572,-0.020118,0.035348,-0.998466,True,0.017029,1.178927,-0.075262,0.038029,-0.004150,0.033648,-0.998701
27.862,True,-0.046588,1.184241,-0.074597,0.037385,-0.019631,0.035334,-0.998483,True,0.016978,1.178963,-0.075311,0.037843,-0.003662,0.033635,-0.998711
27.873,True,-0.046636,1.184279,-0.074689,0.037238,-0.019329,0.035371,-0.998493,True,0.016929,1.178996,-0.075376,0.037697,-0.003361,0.033670,-0.998716
27.884,True,-0.046694,1.184324,-0.074722,0.036828,-0.018924,0.035347,-0.998517,True,0.016872,1.179039,-0.075395,0.037287,-0.002956,0.033644,-0.998734
27.895,True,-0.046747,1.184320,-0.074833,0.036756,-0.018594,0.035237,-0.998530,True,0.016820,1.179050,-0.075471,0.037213,-0.002626,0.033535,-0.998741
27.906,True,-0.046805,1.184282,-0.074911,0.036703,-0.018421,0.035131,-0.998539,True,0.016764,1.179026,-0.075525,0.037159,-0.002453,0.033428,-0.998747
27.918,True,-0.046872,1.184274,-0.074965,0.036688,-0.018251,0.034960,-0.998548,True,0.016699,1.179041,-0.075558,0.037141,-0.002283,0.033257,-0.998754
27.929,True,-0.046918,1.184313,-0.075040,0.036830,-0.018005,0.034977,-0.998547,True,0.016653,1.179078,-0.075602,0.037283,-0.002037,0.033274,-0.998749
27.940,True,-0.046959,1.184349,-0.075110,0.036897,-0.017777,0.035032,-0.998547,True,0.016612,1.179109,-0.075643,0.037352,-0.001809,0.033328,-0.998745
27.951,True,-0.046981,1.184362,-0.075149,0.037143,-0.017504,0.035266,-0.998534,True,0.016587,1.179092,-0.075654,0.037602,-0.001536,0.033558,-0.998728
27.962,True,-0.047004,1.184411,-0.075202,0.037399,-0.017474,0.035435,-0.998519,True,0.016563,1.179122,-0.075692,0.037861,-0.001506,0.033724,-0.998713
27.973,True,-0.047038,1.184466,-0.075248,0.037475,-0.017277,0.035473,-0.998518,True,0.016528,1.179169,-0.075733,0.037938,-0.001310,0.033757,-0.998709
27.984,True,-0.047060,1.184518,-0.075284,0.037718,-0.017677,0.035393,-0.998505,True,0.016508,1.179239,-0.075760,0.038178,-0.001713,0.033672,-0.998702
27.995,True,-0.047073,1.184573,-0.075319,0.037957,-0.017632,0.035193,-0.998504,True,0.016497,1.179319,-0.075786,0.038414,-0.001669,0.033468,-0.998700
28.006,True,-0.047090,1.184628,-0.075355,0.038197,-0.017594,0.035045,-0.998501,True,0.016482,1.179394,-0.075811,0.038651,-0.001632,0.033315,-0.998696
28.018,True,-0.047087,1.184685,-0.075377,0.038555,-0.017764,0.035052,-0.998484,True,0.016485,1.179454,-0.075827,0.039009,-0.001802,0.033318,-0.998682
28.029,True,-0.047077,1.184734,-0.075414,0.038669,-0.017679,0.035118,-0.998478,True,0.016495,1.179496,-0.075848,0.039123,-0.001718,0.033381,-0.998675
28.040,True,-0.047073,1.184775,-0.075419,0.038655,-0.017783,0.035166,-0.998475,True,0.016499,1.179530,-0.075860,0.039110,-0.001822,0.033429,-0.998674
28.051,True,-0.047044,1.184780,-0.075427,0.038315,-0.017453,0.035254,-0.998491,True,0.016525,1.179518,-0.075870,0.038772,-0.001492,0.033516,-0.998685
28.062,True,-0.047010,1.184789,-0.075432,0.038480,-0.017797,0.035387,-0.998474,True,0.016559,1.179515,-0.075884,0.038939,-0.001838,0.033649,-0.998673
28.073,True,-0.046963,1.184767,-0.075434,0.038289,-0.017754,0.035461,-0.998480,True,0.016605,1.179481,-0.075896,0.038749,-0.001794,0.033724,-0.998678
28.084,True,-0.046932,1.184747,-0.075428,0.037675,-0.017069,0.035492,-0.998514,True,0.016634,1.179444,-0.075895,0.038137,-0.001108,0.033755,-0.998702
28.095,True,-0.046887,1.184757,-0.075416,0.037684,-0.017402,0.035690,-0.998501,True,0.016677,1.179434,-0.075888,0.038148,-0.001442,0.033955,-0.998694
28.106,True,-0.046837,1.184727,-0.075396,0.037575,-0.017157,0.035787,-0.998505,True,0.016726,1.179386,-0.075875,0.038041,-0.001196,0.034051,-0.998695
28.117,True,-0.046804,1.184742,-0.075351,0.037250,-0.017028,0.035979,-0.998513,True,0.016756,1.179372,-0.075845,0.037720,-0.001067,0.034244,-0.998701
28.128,True,-0.046754,1.184730,-0.075333,0.037179,-0.017059,0.036117,-0.998510,True,0.016805,1.179341,-0.075836,0.037651,-0.001098,0.034381,-0.998699
28.140,True,-0.046713,1.184716,-0.075284,0.036952,-0.017151,0.036262,-0.998512,True,0.016844,1.179307,-0.075805,0.037426,-0.001190,0.034527,-0.998702
28.151,True,-0.046673,1.184708,-0.075230,0.036614,-0.017130,0.036310,-0.998523,True,0.016883,1.179288,-0.075769,0.037088,-0.001169,0.034577,-0.998713
28.162,True,-0.046644,1.184671,-0.075170,0.036444,-0.017254,0.036230,-0.998530,True,0.016912,1.179259,-0.075738,0.036918,-0.001293,0.034497,-0.998722
28.173,True,-0.046596,1.184623,-0.075128,0.036322,-0.017112,0.036103,-0.998541,True,0.016961,1.179223,-0.075706,0.036794,-0.001151,0.034371,-0.998731
28.184,True,-0.046560,1.184596,-0.075074,0.036138,-0.016462,0.036129,-0.998558,True,0.016996,1.179182,-0.075669,0.036613,-0.000496,0.034399,-0.998737
28.195,True,-0.046731,1.185060,-0.074819,0.036121,-0.015938,0.036020,-0.998571,True,0.017020,1.179139,-0.075629,0.036597,0.000031,0.034291,-0.998742
28.206,True,-0.046704,1.185012,-0.074764,0.036168,-0.015227,0.035932,-0.998584,True,0.017048,1.179092,-0.075584,0.036645,0.000746,0.034204,-0.998743
28.217,True,-0.046688,1.184977,-0.074695,0.036034,-0.014830,0.035902,-0.998595,True,0.017063,1.179054,-0.075527,0.036512,0.001146,0.034177,-0.998748
28.228,True,-0.046674,1.184922,-0.074630,0.035953,-0.014447,0.035855,-0.998606,True,0.017077,1.178998,-0.075473,0.036432,0.001531,0.034133,-0.998752
28.239,True,-0.046667,1.184867,-0.074581,0.036068,-0.013541,0.035867,-0.998614,True,0.017083,1.178931,-0.075421,0.036552,0.002442,0.034147,-0.998745
28.251,True,-0.046643,1.184851,-0.074519,0.035752,-0.013055,0.035829,-0.998633,True,0.017107,1.178914,-0.075358,0.036236,0.002930,0.034114,-0.998757
28.262,True,-0.046642,1.184783,-0.074476,0.035678,-0.012586,0.035754,-0.998644,True,0.017109,1.178851,-0.075307,0.036162,0.003401,0.034040,-0.998760
28.273,True,-0.046655,1.184723,-0.074430,0.035888,-0.012059,0.035676,-0.998646,True,0.017096,1.178794,-0.075258,0.036373,0.003932,0.033964,-0.998753
28.284,True,-0.046657,1.184679,-0.074381,0.035689,-0.011600,0.035546,-0.998663,True,0.017095,1.178762,-0.075200,0.036174,0.004393,0.033837,-0.998763
28.295,True,-0.046667,1.184626,-0.074337,0.035577,-0.011153,0.035447,-0.998676,True,0.017086,1.178719,-0.075148,0.036062,0.004843,0.033741,-0.998768
28.306,True,-0.046669,1.184572,-0.074305,0.035644,-0.010383,0.035316,-0.998686,True,0.017085,1.178673,-0.075103,0.036129,0.005615,0.033611,-0.998766
28.317,True,-0.046693,1.184538,-0.074256,0.035714,-0.009982,0.035268,-0.998690,True,0.017061,1.178641,-0.075052,0.036200,0.006019,0.033565,-0.998763
28.328,True,-0.046696,1.184512,-0.074208,0.035787,-0.009607,0.035194,-0.998693,True,0.017059,1.178620,-0.075001,0.036274,0.006396,0.033492,-0.998760
28.340,True,-0.046690,1.184489,-0.074169,0.036204,-0.008798,0.035143,-0.998688,True,0.017065,1.178594,-0.074957,0.036693,0.007209,0.033441,-0.998741
28.351,True,-0.046689,1.184506,-0.074123,0.036300,-0.008361,0.035166,-0.998687,True,0.017064,1.178604,-0.074908,0.036791,0.007647,0.033463,-0.998733
28.362,True,-0.046680,1.184494,-0.074068,0.036450,-0.008089,0.035123,-0.998685,True,0.017074,1.178593,-0.074859,0.036941,0.007921,0.033420,-0.998727
28.373,True,-0.046662,1.184505,-0.074027,0.036694,-0.007374,0.035078,-0.998684,True,0.017091,1.178601,-0.074814,0.037187,0.008639,0.033373,-0.998714
28.384,True,-0.046650,1.184527,-0.073973,0.036725,-0.006988,0.035035,-0.998687,True,0.017103,1.178623,-0.074759,0.037219,0.009026,0.033329,-0.998710
28.395,True,-0.046630,1.184542,-0.073924,0.036766,-0.006681,0.034973,-0.998690,True,0.017123,1.178641,-0.074713,0.037260,0.009335,0.033268,-0.998708
28.406,True,-0.046598,1.184547,-0.073879,0.036776,-0.006354,0.034957,-0.998692,True,0.017155,1.178645,-0.074670,0.037271,0.009663,0.033252,-0.998705
28.417,True,-0.046570,1.184536,-0.073849,0.036868,-0.005838,0.034867,-0.998695,True,0.017184,1.178638,-0.074636,0.037363,0.010180,0.033162,-0.998700
28.428,True,-0.046537,1.184553,-0.073809,0.037052,-0.005583,0.034922,-0.998687,True,0.017216,1.178643,-0.074608,0.037550,0.010437,0.033215,-0.998688
28.440,True,-0.046502,1.184567,-0.073762,0.038085,-0.004130,0.034959,-0.998654,True,0.017249,1.178636,-0.074563,0.038589,0.011897,0.033250,-0.998631
28.451,True,-0.046457,1.184594,-0.073730,0.037829,-0.004329,0.035141,-0.998657,True,0.017291,1.178640,-0.074533,0.038335,0.011697,0.033431,-0.998637
28.462,True,-0.046415,1.184579,-0.073675,0.039248,-0.002969,0.035141,-0.998607,True,0.016927,1.179379,-0.074303,0.039759,0.013065,0.033429,-0.998565
28.473,True,-0.046372,1.184574,-0.073629,0.040110,-0.001819,0.035080,-0.998578,True,0.016970,1.179368,-0.074263,0.040625,0.014220,0.033367,-0.998516
28.484,True,-0.046320,1.184583,-0.073570,0.040503,-0.001268,0.035118,-0.998561,True,0.017021,1.179363,-0.074218,0.041021,0.014775,0.033406,-0.998490
28.495,True,-0.046281,1.184598,-0.073523,0.041094,-0.000734,0.035211,-0.998534,True,0.017058,1.179359,-0.074186,0.041616,0.015312,0.033499,-0.998455
28.507,True,-0.046240,1.184590,-0.073496,0.042481,0.000141,0.035181,-0.998478,True,0.017098,1.179346,-0.074168,0.043007,0.016193,0.033468,-0.998383
28.518,True,-0.046197,1.184544,-0.073436,0.042955,0.000406,0.035028,-0.998463,True,0.017142,1.179315,-0.074129,0.043479,0.016462,0.033317,-0.998363
28.529,True,-0.046165,1.184437,-0.073388,0.043530,0.000798,0.034773,-0.998447,True,0.017177,1.179235,-0.074097,0.044053,0.016857,0.033064,-0.998340
28.540,True,-0.046127,1.184348,-0.073365,0.044320,0.001590,0.034499,-0.998420,True,0.017217,1.179173,-0.074072,0.044841,0.017653,0.032791,-0.998300
28.551,True,-0.046099,1.184332,-0.073322,0.044078,0.001693,0.034416,-0.998434,True,0.017246,1.179165,-0.074042,0.044598,0.017757,0.032711,-0.998311
28.562,True,-0.046053,1.184324,-0.073280,0.044226,0.002063,0.034397,-0.998427,True,0.017292,1.179156,-0.073997,0.044747,0.018128,0.032692,-0.998299
28.573,True,-0.046021,1.184367,-0.073230,0.044273,0.002319,0.034580,-0.998418,True,0.017322,1.179172,-0.073947,0.044798,0.018386,0.032877,-0.998286
28.584,True,-0.046010,1.184452,-0.073212,0.043980,0.002478,0.034904,-0.998420,True,0.017329,1.179214,-0.073920,0.044510,0.018543,0.033201,-0.998285
28.595,True,-0.045992,1.184475,-0.073168,0.044069,0.002815,0.035267,-0.998402,True,0.017343,1.179188,-0.073876,0.044607,0.018882,0.033566,-0.998262
28.607,True,-0.045980,1.184458,-0.073129,0.043678,0.003030,0.035337,-0.998416,True,0.017353,1.179157,-0.073850,0.044217,0.019097,0.033638,-0.998273
28.618,True,-0.045961,1.184444,-0.073094,0.043461,0.002950,0.035314,-0.998426,True,0.017373,1.179145,-0.073826,0.044000,0.019018,0.033620,-0.998285
28.629,True,-0.045948,1.184409,-0.073071,0.043795,0.003687,0.034967,-0.998422,True,0.017389,1.179147,-0.073805,0.044331,0.019757,0.033275,-0.998267
28.640,True,-0.045930,1.184381,-0.073058,0.044570,0.004467,0.034703,-0.998393,True,0.017409,1.179146,-0.073792,0.045104,0.020542,0.033013,-0.998225
28.651,True,-0.045928,1.184347,-0.073047,0.045137,0.004843,0.034550,-0.998372,True,0.017412,1.179128,-0.073782,0.045670,0.020920,0.032862,-0.998197
28.662,True,-0.045923,1.184288,-0.073029,0.045468,0.005007,0.034462,-0.998359,True,0.017417,1.179078,-0.073778,0.046001,0.021086,0.032777,-0.998181
28.673,True,-0.045894,1.184231,-0.073031,0.046565,0.005670,0.034398,-0.998307,True,0.017447,1.179023,-0.073784,0.047099,0.021754,0.032713,-0.998117
28.684,True,-0.045870,1.184176,-0.073033,0.047022,0.005961,0.034359,-0.998285,True,0.017471,1.178968,-0.073801,0.047556,0.022047,0.032674,-0.998091
28.695,True,-0.045846,1.184115,-0.073034,0.047353,0.006244,0.034281,-0.998270,True,0.017495,1.178912,-0.073816,0.047887,0.022331,0.032596,-0.998071
28.707,True,-0.045831,1.184103,-0.073037,0.047968,0.006928,0.034297,-0.998236,True,0.017509,1.178891,-0.073819,0.048505,0.023017,0.032612,-0.998025
28.718,True,-0.045809,1.184105,-0.073074,0.047935,0.006930,0.034164,-0.998242,True,0.017532,1.178910,-0.073855,0.048470,0.023019,0.032478,-0.998031
28.729,True,-0.045800,1.184077,-0.073102,0.048028,0.007097,0.034051,-0.998240,True,0.017542,1.178895,-0.073871,0.048561,0.023186,0.032364,-0.998027
28.740,True,-0.045801,1.184052,-0.073131,0.047242,0.007062,0.033922,-0.998282,True,0.017544,1.178887,-0.073885,0.047773,0.023149,0.032236,-0.998070
28.751,True,-0.045784,1.184050,-0.073174,0.048169,0.007746,0.033831,-0.998236,True,0.017561,1.178894,-0.073911,0.048700,0.023837,0.032145,-0.998012
28.762,True,-0.045783,1.184052,-0.073208,0.047271,0.007553,0.033756,-0.998283,True,0.017563,1.178907,-0.073931,0.047800,0.023640,0.032071,-0.998062
28.773,True,-0.045780,1.184073,-0.073260,0.043923,0.004269,0.033996,-0.998447,True,0.017567,1.178935,-0.073964,0.044444,0.020343,0.032315,-0.998282
28.784,True,-0.045772,1.184067,-0.073335,0.038350,-0.003582,0.034732,-0.998654,True,0.017575,1.178929,-0.074016,0.038855,0.012460,0.033060,-0.998620
28.795,True,-0.045766,1.184025,-0.073383,0.037136,-0.007422,0.035066,-0.998667,True,0.017582,1.178893,-0.074060,0.037633,0.008606,0.033399,-0.998696
28.806,True,-0.045746,1.183974,-0.073448,0.038354,-0.009491,0.035136,-0.998601,True,0.017604,1.178866,-0.074116,0.038847,0.006534,0.033471,-0.998663
28.817,True,-0.045707,1.184020,-0.073523,0.039374,-0.009754,0.035059,-0.998562,True,0.017644,1.178931,-0.074172,0.039865,0.006273,0.033394,-0.998627
28.828,True,-0.045674,1.184070,-0.073587,0.038679,-0.011336,0.035302,-0.998564,True,0.017677,1.178971,-0.074220,0.039169,0.004682,0.033638,-0.998655
28.840,True,-0.045636,1.184109,-0.073655,0.038322,-0.012389,0.035597,-0.998554,True,0.017714,1.178987,-0.074272,0.038812,0.003623,0.033933,-0.998664
28.851,True,-0.045571,1.184181,-0.073701,0.036899,-0.015353,0.036211,-0.998545,True,0.017775,1.179017,-0.074308,0.037387,0.000641,0.034548,-0.998703
28.862,True,-0.045505,1.184268,-0.073756,0.039964,-0.014595,0.036423,-0.998430,True,0.017838,1.179075,-0.074361,0.040462,0.001411,0.034754,-0.998576
28.873,True,-0.045427,1.184356,-0.073800,0.038717,-0.017651,0.036759,-0.998418,True,0.017916,1.179157,-0.074407,0.039208,-0.001663,0.035090,-0.998613
28.884,True,-0.045343,1.184436,-0.073819,0.039545,-0.018495,0.036801,-0.998369,True,0.018000,1.179242,-0.074445,0.040035,-0.002509,0.035127,-0.998578
28.895,True,-0.045260,1.184548,-0.073872,0.040260,-0.018809,0.036730,-0.998337,True,0.018084,1.179370,-0.074485,0.040749,-0.002824,0.035051,-0.998551
28.906,True,-0.045184,1.184642,-0.073909,0.040704,-0.017575,0.036594,-0.998346,True,0.018161,1.179465,-0.074523,0.041194,-0.001585,0.034910,-0.998540
28.918,True,-0.045094,1.184694,-0.073941,0.040440,-0.017774,0.036738,-0.998348,True,0.018250,1.179500,-0.074561,0.040932,-0.001786,0.035051,-0.998545
28.929,True,-0.044990,1.184746,-0.073988,0.040010,-0.017866,0.036917,-0.998357,True,0.018351,1.179526,-0.074618,0.040504,-0.001880,0.035229,-0.998556
28.940,True,-0.044906,1.184753,-0.074021,0.039815,-0.018208,0.037049,-0.998354,True,0.018433,1.179517,-0.074674,0.040310,-0.002223,0.035362,-0.998559
28.951,True,-0.044820,1.184770,-0.074079,0.039060,-0.018376,0.037077,-0.998380,True,0.018519,1.179530,-0.074734,0.039554,-0.002395,0.035390,-0.998588
28.962,True,-0.044713,1.184791,-0.074104,0.039237,-0.019301,0.037342,-0.998346,True,0.018624,1.179528,-0.074781,0.039731,-0.003323,0.035653,-0.998569
28.973,True,-0.044512,1.184302,-0.074268,0.038101,-0.018763,0.037347,-0.998399,True,0.018707,1.179566,-0.074811,0.038595,-0.002787,0.035656,-0.998615
28.984,True,-0.044422,1.184357,-0.074290,0.038126,-0.019178,0.037546,-0.998383,True,0.018796,1.179598,-0.074846,0.038623,-0.003205,0.035851,-0.998605
28.995,True,-0.044328,1.184432,-0.074311,0.038288,-0.019324,0.037748,-0.998367,True,0.018888,1.179649,-0.074867,0.038787,-0.003351,0.036050,-0.998591
29.006,True,-0.044255,1.184498,-0.074312,0.038758,-0.019973,0.038101,-0.998322,True,0.018958,1.179679,-0.074876,0.039261,-0.004003,0.036401,-0.998558
29.017,True,-0.044171,1.184547,-0.074322,0.038469,-0.020436,0.038310,-0.998316,True,0.019040,1.179705,-0.074898,0.038974,-0.004469,0.036608,-0.998559
29.028,True,-0.044100,1.184603,-0.074321,0.038547,-0.020856,0.038555,-0.998295,True,0.019109,1.179734,-0.074909,0.039054,-0.004892,0.036852,-0.998545
29.040,True,-0.044025,1.184633,-0.074331,0.038724,-0.021292,0.038792,-0.998270,True,0.019182,1.179737,-0.074931,0.039233,-0.005329,0.037086,-0.998527
29.051,True,-0.043973,1.184658,-0.074348,0.038416,-0.021377,0.038859,-0.998277,True,0.019233,1.179752,-0.074965,0.038927,-0.005415,0.037155,-0.998536
29.062,True,-0.043935,1.184668,-0.074349,0.038502,-0.021564,0.038898,-0.998268,True,0.019270,1.179760,-0.074968,0.039012,-0.005603,0.037195,-0.998531
29.073,True,-0.043902,1.184670,-0.074342,0.038442,-0.021890,0.038941,-0.998262,True,0.019303,1.179757,-0.074982,0.038952,-0.005930,0.037237,-0.998529
29.084,True,-0.043850,1.184686,-0.074360,0.038455,-0.021930,0.038941,-0.998260,True,0.019355,1.179774,-0.075002,0.038966,-0.005970,0.037238,-0.998529
29.095,True,-0.043815,1.184684,-0.074360,0.038492,-0.022020,0.038917,-0.998258,True,0.019390,1.179775,-0.075012,0.039003,-0.006059,0.037215,-0.998528
29.106,True,-0.043795,1.184651,-0.074354,0.038355,-0.022176,0.038783,-0.998265,True,0.019411,1.179759,-0.075020,0.038862,-0.006216,0.037081,-0.998537
29.117,True,-0.043770,1.184620,-0.074357,0.038191,-0.022304,0.038630,-0.998274,True,0.019438,1.179748,-0.075025,0.038696,-0.006345,0.036929,-0.998548
29.129,True,-0.043753,1.184600,-0.074353,0.038001,-0.022600,0.038601,-0.998276,True,0.019455,1.179736,-0.075025,0.038504,-0.006642,0.036901,-0.998555
29.139,True,-0.043756,1.184582,-0.074344,0.037671,-0.022941,0.038594,-0.998281,True,0.019453,1.179721,-0.075021,0.038172,-0.006985,0.036896,-0.998565
29.151,True,-0.043740,1.184560,-0.074357,0.037762,-0.022941,0.038707,-0.998273,True,0.019467,1.179686,-0.075027,0.038265,-0.006986,0.037009,-0.998558
29.162,True,-0.043728,1.184537,-0.074362,0.037343,-0.023020,0.038640,-0.998290,True,0.019481,1.179673,-0.075026,0.037844,-0.007065,0.036946,-0.998575
29.173,True,-0.043721,1.184507,-0.074366,0.037192,-0.023053,0.038647,-0.998295,True,0.019487,1.179643,-0.075026,0.037693,-0.007099,0.036956,-0.998581
29.184,True,-0.043691,1.184476,-0.074374,0.036758,-0.023175,0.038626,-0.998309,True,0.019518,1.179617,-0.075026,0.037258,-0.007222,0.036938,-0.998597
29.195,True,-0.043679,1.184449,-0.074371,0.036708,-0.023530,0.038620,-0.998302,True,0.019531,1.179596,-0.075018,0.037207,-0.007579,0.036933,-0.998596
29.206,True,-0.043670,1.184433,-0.074366,0.036463,-0.023632,0.038596,-0.998310,True,0.019540,1.179585,-0.075005,0.036960,-0.007682,0.036911,-0.998605
29.217,True,-0.043636,1.184431,-0.074373,0.036263,-0.023693,0.038613,-0.998315,True,0.019574,1.179582,-0.075010,0.036761,-0.007744,0.036928,-0.998612
29.229,True,-0.043617,1.184422,-0.074353,0.036149,-0.023884,0.038631,-0.998314,True,0.019593,1.179572,-0.074992,0.036645,-0.007936,0.036947,-0.998614
29.239,True,-0.043595,1.184393,-0.074335,0.036133,-0.024027,0.038526,-0.998315,True,0.019616,1.179558,-0.074979,0.036628,-0.008081,0.036841,-0.998617
29.251,True,-0.043562,1.184397,-0.074343,0.036328,-0.023887,0.038506,-0.998312,True,0.019649,1.179563,-0.074988,0.036824,-0.007939,0.036820,-0.998612
29.262,True,-0.043538,1.184393,-0.074309,0.036310,-0.024197,0.038533,-0.998304,True,0.019673,1.179557,-0.074970,0.036805,-0.008250,0.036848,-0.998609
29.273,True,-0.043507,1.184379,-0.074291,0.036295,-0.024470,0.038485,-0.998300,True,0.019704,1.179552,-0.074953,0.036788,-0.008524,0.036802,-0.998609
29.284,True,-0.043469,1.184384,-0.074298,0.036209,-0.024678,0.038650,-0.998292,True,0.019741,1.179539,-0.074958,0.036704,-0.008734,0.036967,-0.998604
29.295,True,-0.043444,1.184390,-0.074273,0.035996,-0.025042,0.038821,-0.998284,True,0.019765,1.179528,-0.074939,0.036493,-0.009099,0.037140,-0.998602
29.306,True,-0.043416,1.184381,-0.074257,0.036079,-0.025250,0.038921,-0.998272,True,0.019792,1.179508,-0.074926,0.036576,-0.009308,0.037241,-0.998593
29.317,True,-0.043392,1.184364,-0.074263,0.036161,-0.025478,0.038997,-0.998260,True,0.019815,1.179484,-0.074939,0.036659,-0.009537,0.037317,-0.998585
29.328,True,-0.043373,1.184366,-0.074235,0.036227,-0.025684,0.039086,-0.998249,True,0.019833,1.179476,-0.074916,0.036726,-0.009744,0.037404,-0.998578
29.340,True,-0.043352,1.184398,-0.074188,0.036357,-0.025871,0.039104,-0.998238,True,0.019855,1.179508,-0.074874,0.036856,-0.009932,0.037421,-0.998570
29.351,True,-0.043358,1.184445,-0.074175,0.036560,-0.025729,0.039203,-0.998231,True,0.019847,1.179541,-0.074864,0.037061,-0.009789,0.037517,-0.998561
29.362,True,-0.043353,1.184491,-0.074134,0.036669,-0.025993,0.039368,-0.998213,True,0.019851,1.179570,-0.074825,0.037172,-0.010054,0.037682,-0.998548
29.373,True,-0.043348,1.184508,-0.074100,0.036836,-0.025873,0.039434,-0.998208,True,0.019855,1.179576,-0.074799,0.037340,-0.009933,0.037746,-0.998540
29.384,True,-0.043340,1.184470,-0.074098,0.036927,-0.025849,0.039215,-0.998214,True,0.019865,1.179564,-0.074807,0.037428,-0.009909,0.037528,-0.998545
29.395,True,-0.043348,1.184402,-0.074054,0.037031,-0.025429,0.038860,-0.998235,True,0.019859,1.179533,-0.074777,0.037529,-0.009485,0.037173,-0.998559
29.406,True,-0.043341,1.184340,-0.074029,0.036908,-0.024511,0.038467,-0.998277,True,0.019869,1.179510,-0.074745,0.037402,-0.008562,0.036782,-0.998586
29.417,True,-0.043358,1.184314,-0.074013,0.036766,-0.024300,0.038473,-0.998287,True,0.019853,1.179481,-0.074725,0.037261,-0.008349,0.036789,-0.998593
29.429,True,-0.043369,1.184341,-0.073961,0.036897,-0.024180,0.038604,-0.998280,True,0.019841,1.179492,-0.074663,0.037395,-0.008229,0.036921,-0.998584
29.440,True,-0.043394,1.184418,-0.073916,0.037077,-0.023853,0.038927,-0.998269,True,0.019812,1.179526,-0.074598,0.037581,-0.007900,0.037243,-0.998568
29.451,True,-0.043412,1.184446,-0.073916,0.037084,-0.023808,0.039218,-0.998259,True,0.019791,1.179518,-0.074591,0.037593,-0.007855,0.037533,-0.998557
29.462,True,-0.043448,1.184486,-0.073848,0.037023,-0.023416,0.039393,-0.998263,True,0.019754,1.179533,-0.074503,0.037536,-0.007462,0.037710,-0.998556
29.473,True,-0.043461,1.184477,-0.073818,0.036772,-0.023282,0.039336,-0.998278,True,0.020195,1.178512,-0.074632,0.037284,-0.007327,0.037656,-0.998568
29.484,True,-0.043491,1.184432,-0.073788,0.036472,-0.023147,0.039134,-0.998300,True,0.020167,1.178490,-0.074603,0.036981,-0.007192,0.037457,-0.998588
29.496,True,-0.043526,1.184401,-0.073748,0.035978,-0.023052,0.038836,-0.998332,True,0.020135,1.178496,-0.074554,0.036482,-0.007096,0.037162,-0.998618
29.507,True,-0.043563,1.184368,-0.073719,0.035862,-0.022602,0.038550,-0.998357,True,0.020102,1.178497,-0.074507,0.036363,-0.006645,0.036879,-0.998636
29.518,True,-0.043561,1.184340,-0.073727,0.035885,-0.022526,0.038446,-0.998362,True,0.020105,1.178482,-0.074510,0.036384,-0.006567,0.036776,-0.998639
29.529,True,-0.043582,1.184314,-0.073700,0.035816,-0.022321,0.038514,-0.998367,True,0.020083,1.178446,-0.074474,0.036317,-0.006362,0.036845,-0.998641
29.540,True,-0.043604,1.184290,-0.073651,0.035776,-0.022494,0.038621,-0.998360,True,0.020061,1.178409,-0.074434,0.036279,-0.006535,0.036955,-0.998637
29.551,True,-0.043582,1.184226,-0.073647,0.035839,-0.022570,0.038657,-0.998355,True,0.020081,1.178340,-0.074441,0.036342,-0.006611,0.036989,-0.998633
29.562,True,-0.043593,1.184187,-0.073608,0.035861,-0.022648,0.038586,-0.998355,True,0.020072,1.178311,-0.074409,0.036363,-0.006689,0.036919,-0.998634
29.573,True,-0.043603,1.184186,-0.073564,0.035718,-0.022466,0.038543,-0.998366,True,0.020062,1.178312,-0.074365,0.036220,-0.006507,0.036876,-0.998642
29.584,True,-0.043592,1.184180,-0.073556,0.035916,-0.022378,0.038474,-0.998363,True,0.020074,1.178315,-0.074357,0.036418,-0.006418,0.036806,-0.998638
29.595,True,-0.043606,1.184184,-0.073534,0.036073,-0.022328,0.038439,-0.998360,True,0.020060,1.178323,-0.074331,0.036574,-0.006368,0.036769,-0.998634
29.607,True,-0.043623,1.184182,-0.073522,0.035861,-0.022207,0.038421,-0.998371,True,0.020043,1.178322,-0.074307,0.036361,-0.006247,0.036750,-0.998643
29.618,True,-0.043599,1.184201,-0.073526,0.035671,-0.022057,0.038479,-0.998379,True,0.020067,1.178333,-0.074303,0.036173,-0.006097,0.036810,-0.998649
29.629,True,-0.043611,1.184213,-0.073517,0.035506,-0.022010,0.038456,-0.998387,True,0.020054,1.178348,-0.074291,0.036007,-0.006050,0.036789,-0.998656
29.640,True,-0.043630,1.184226,-0.073515,0.035326,-0.021934,0.038486,-0.998394,True,0.020035,1.178357,-0.074280,0.035827,-0.005974,0.036822,-0.998662
29.651,True,-0.043630,1.184194,-0.073552,0.035135,-0.021615,0.038536,-0.998405,True,0.020035,1.178315,-0.074308,0.035638,-0.005654,0.036872,-0.998668
29.662,True,-0.043654,1.184148,-0.073560,0.035254,-0.021481,0.038469,-0.998407,True,0.020011,1.178277,-0.074312,0.035757,-0.005519,0.036807,-0.998667
29.673,True,-0.043669,1.184131,-0.073575,0.035349,-0.021216,0.038320,-0.998415,True,0.019998,1.178278,-0.074313,0.035850,-0.005252,0.036657,-0.998671
29.684,True,-0.043655,1.184157,-0.073599,0.035510,-0.021051,0.038261,-0.998415,True,0.020013,1.178310,-0.074329,0.036011,-0.005087,0.036597,-0.998668
29.696,True,-0.043661,1.184206,-0.073625,0.035390,-0.020920,0.038394,-0.998417,True,0.020006,1.178344,-0.074333,0.035892,-0.004957,0.036729,-0.998668
29.707,True,-0.043688,1.184257,-0.073643,0.035565,-0.020863,0.038750,-0.998398,True,0.019975,1.178350,-0.074334,0.036074,-0.004900,0.037081,-0.998649
29.718,True,-0.043675,1.184311,-0.073715,0.035685,-0.020805,0.039117,-0.998381,True,0.019984,1.178358,-0.074396,0.036199,-0.004843,0.037447,-0.998631
29.729,True,-0.043677,1.184387,-0.073742,0.036020,-0.020892,0.039245,-0.998362,True,0.019980,1.178418,-0.074426,0.036536,-0.004930,0.037572,-0.998614
29.740,True,-0.043670,1.184448,-0.073759,0.036123,-0.020975,0.039046,-0.998364,True,0.019990,1.178504,-0.074452,0.036636,-0.005014,0.037369,-0.998617
29.751,True,-0.043659,1.184487,-0.073811,0.036478,-0.020905,0.038681,-0.998367,True,0.020004,1.178589,-0.074507,0.036985,-0.004943,0.036999,-0.998619
29.762,True,-0.043651,1.184545,-0.073847,0.036730,-0.020977,0.038411,-0.998366,True,0.020016,1.178684,-0.074538,0.037232,-0.005016,0.036725,-0.998619
29.773,True,-0.043631,1.184626,-0.073895,0.036997,-0.021182,0.038373,-0.998354,True,0.020037,1.178773,-0.074582,0.037498,-0.005223,0.036683,-0.998610
29.784,True,-0.043578,1.184689,-0.073965,0.037243,-0.021021,0.038423,-0.998346,True,0.020089,1.178828,-0.074651,0.037745,-0.005061,0.036729,-0.998599
29.795,True,-0.043547,1.184745,-0.073996,0.037311,-0.021445,0.038495,-0.998332,True,0.020120,1.178879,-0.074685,0.037813,-0.005488,0.036799,-0.998592
29.807,True,-0.043506,1.184811,-0.074027,0.037548,-0.021526,0.038753,-0.998311,True,0.020158,1.178913,-0.074726,0.038054,-0.005568,0.037055,-0.998573
29.818,True,-0.043424,1.184857,-0.074094,0.037776,-0.021611,0.038969,-0.998292,True,0.020236,1.178931,-0.074801,0.038285,-0.005654,0.037268,-0.998556
29.832,True,-0.043338,1.184964,-0.074167,0.037997,-0.021787,0.039317,-0.998266,True,0.020319,1.178995,-0.074871,0.038512,-0.005832,0.037612,-0.998533
29.843,True,-0.043288,1.185046,-0.074212,0.038119,-0.021719,0.039573,-0.998253,True,0.020365,1.179044,-0.074915,0.038638,-0.005765,0.037863,-0.998519
29.854,True,-0.043252,1.185141,-0.074268,0.038372,-0.021719,0.039944,-0.998229,True,0.020397,1.179092,-0.074968,0.038897,-0.005765,0.038230,-0.998495
29.865,True,-0.043213,1.185221,-0.074310,0.038814,-0.021932,0.040224,-0.998196,True,0.020433,1.179140,-0.075008,0.039342,-0.005979,0.038504,-0.998466
29.876,True,-0.043181,1.185320,-0.074349,0.038795,-0.021767,0.040484,-0.998189,True,0.020462,1.179202,-0.075049,0.039328,-0.005816,0.038760,-0.998457
29.888,True,-0.043134,1.185336,-0.074392,0.038922,-0.021717,0.040574,-0.998182,True,0.020507,1.179205,-0.075095,0.039456,-0.005766,0.038844,-0.998449
29.899,True,-0.043099,1.185408,-0.074422,0.039227,-0.021886,0.040711,-0.998161,True,0.020541,1.179261,-0.075129,0.039762,-0.005936,0.038978,-0.998431
29.910,True,-0.043077,1.185467,-0.074446,0.039550,-0.021896,0.040767,-0.998146,True,0.020562,1.179311,-0.075170,0.040087,-0.005946,0.039031,-0.998416
29.921,True,-0.043087,1.185483,-0.074493,0.039580,-0.022030,0.040760,-0.998142,True,0.020552,1.179328,-0.075227,0.040117,-0.006081,0.039020,-0.998414
29.932,True,-0.043075,1.185516,-0.074529,0.039809,-0.022084,0.040810,-0.998129,True,0.020563,1.179354,-0.075274,0.040346,-0.006134,0.039067,-0.998403
29.943,True,-0.043072,1.185535,-0.074550,0.039887,-0.022139,0.040717,-0.998129,True,0.020567,1.179384,-0.075302,0.040423,-0.006189,0.038973,-0.998403
29.954,True,-0.043084,1.185529,-0.074576,0.039870,-0.022337,0.040628,-0.998129,True,0.020556,1.179390,-0.075345,0.040404,-0.006388,0.038886,-0.998406
29.965,True,-0.043098,1.185512,-0.074605,0.039684,-0.022630,0.040457,-0.998136,True,0.020544,1.179397,-0.075384,0.040214,-0.006683,0.038715,-0.998419
29.976,True,-0.043165,1.185245,-0.074653,0.039547,-0.022770,0.040280,-0.998146,True,0.020513,1.179383,-0.075409,0.040075,-0.006823,0.038540,-0.998430
29.987,True,-0.043208,1.185203,-0.074680,0.039995,-0.023060,0.040196,-0.998125,True,0.020472,1.179357,-0.075439,0.040520,-0.007112,0.038457,-0.998413
29.998,True,-0.043249,1.185174,-0.074698,0.039836,-0.022934,0.040054,-0.998140,True,0.020433,1.179345,-0.075454,0.040360,-0.006985,0.038319,-0.998426
30.010,True,-0.043290,1.185144,-0.074710,0.039768,-0.022855,0.040028,-0.998145,True,0.020391,1.179318,-0.075462,0.040292,-0.006905,0.038293,-0.998430
30.021,True,-0.043361,1.185120,-0.074781,0.039502,-0.022884,0.039902,-0.998160,True,0.020323,1.179311,-0.075522,0.040023,-0.006935,0.038171,-0.998445
30.032,True,-0.043401,1.185098,-0.074790,0.039228,-0.022539,0.039821,-0.998182,True,0.020283,1.179296,-0.075521,0.039749,-0.006589,0.038092,-0.998462
30.043,True,-0.043446,1.185083,-0.074796,0.039317,-0.022608,0.039758,-0.998180,True,0.020240,1.179292,-0.075517,0.039837,-0.006658,0.038030,-0.998460
30.054,True,-0.043487,1.185065,-0.074834,0.039104,-0.022403,0.039740,-0.998193,True,0.020198,1.179274,-0.075546,0.039623,-0.006453,0.038013,-0.998471
30.065,True,-0.043534,1.185047,-0.074828,0.039131,-0.022312,0.039748,-0.998194,True,0.020152,1.179257,-0.075526,0.039651,-0.006362,0.038022,-0.998470
30.076,True,-0.043577,1.185036,-0.074814,0.039057,-0.022291,0.039793,-0.998196,True,0.020109,1.179240,-0.075506,0.039577,-0.006340,0.038068,-0.998471
30.087,True,-0.043617,1.185026,-0.074809,0.039031,-0.022256,0.039789,-0.998197,True,0.020068,1.179230,-0.075500,0.039552,-0.006305,0.038065,-0.998472
30.098,True,-0.043658,1.185006,-0.074783,0.039448,-0.021925,0.039679,-0.998193,True,0.020028,1.179222,-0.075467,0.039969,-0.005971,0.037954,-0.998462
30.110,True,-0.043678,1.184990,-0.074768,0.039332,-0.021967,0.039646,-0.998198,True,0.020009,1.179211,-0.075445,0.039851,-0.006014,0.037921,-0.998468
30.121,True,-0.043701,1.184959,-0.074754,0.039427,-0.021817,0.039604,-0.998199,True,0.019986,1.179185,-0.075425,0.039946,-0.005863,0.037879,-0.998466
30.132,True,-0.043739,1.184941,-0.074697,0.039371,-0.021706,0.039599,-0.998204,True,0.019948,1.179166,-0.075369,0.039890,-0.005751,0.037875,-0.998470
30.143,True,-0.043764,1.184929,-0.074656,0.039569,-0.021809,0.039677,-0.998191,True,0.019923,1.179147,-0.075322,0.040090,-0.005854,0.037953,-0.998458
30.154,True,-0.043760,1.184923,-0.074605,0.039575,-0.021937,0.039793,-0.998183,True,0.019925,1.179127,-0.075275,0.040098,-0.005983,0.038071,-0.998452
30.165,True,-0.043781,1.184898,-0.074529,0.039501,-0.021945,0.039832,-0.998184,True,0.019903,1.179096,-0.075214,0.040024,-0.005990,0.038110,-0.998454
30.176,True,-0.043799,1.184856,-0.074444,0.039436,-0.022072,0.039714,-0.998189,True,0.019887,1.179068,-0.075142,0.039957,-0.006117,0.037994,-0.998460
30.187,True,-0.043777,1.184820,-0.074413,0.039029,-0.022088,0.039651,-0.998207,True,0.019910,1.179039,-0.075119,0.039549,-0.006133,0.037933,-0.998479
30.198,True,-0.043783,1.184799,-0.074308,0.039136,-0.022285,0.039700,-0.998196,True,0.019902,1.179011,-0.075034,0.039656,-0.006330,0.037984,-0.998471
30.210,True,-0.043791,1.184775,-0.074226,0.039094,-0.022400,0.039749,-0.998193,True,0.019894,1.178982,-0.074962,0.039616,-0.006445,0.038034,-0.998470
30.221,True,-0.043784,1.184724,-0.074167,0.038851,-0.022589,0.039831,-0.998195,True,0.019899,1.178920,-0.074924,0.039374,-0.006634,0.038120,-0.998475
30.232,True,-0.043792,1.184621,-0.074055,0.038761,-0.022742,0.039612,-0.998204,True,0.019894,1.178844,-0.074831,0.039280,-0.006786,0.037903,-0.998486
30.243,True,-0.043795,1.184518,-0.073974,0.038639,-0.022871,0.039439,-0.998213,True,0.019892,1.178763,-0.074764,0.039155,-0.006915,0.037733,-0.998497
30.254,True,-0.043803,1.184417,-0.073884,0.037984,-0.022745,0.039185,-0.998251,True,0.019887,1.178690,-0.074684,0.038496,-0.006789,0.037484,-0.998533
30.265,True,-0.043819,1.184357,-0.073761,0.037898,-0.022857,0.039160,-0.998252,True,0.019871,1.178635,-0.074563,0.038410,-0.006899,0.037464,-0.998536
30.276,True,-0.043839,1.184336,-0.073651,0.037625,-0.022992,0.039248,-0.998256,True,0.019850,1.178603,-0.074460,0.038137,-0.007036,0.037554,-0.998542
30.287,True,-0.043836,1.184378,-0.073569,0.037393,-0.022864,0.039546,-0.998256,True,0.019850,1.178606,-0.074375,0.037910,-0.006907,0.037855,-0.998540
30.298,True,-0.043850,1.184398,-0.073461,0.037093,-0.022942,0.039789,-0.998256,True,0.019833,1.178594,-0.074273,0.037615,-0.006985,0.038102,-0.998541
30.309,True,-0.043831,1.184399,-0.073389,0.036559,-0.023054,0.040072,-0.998262,True,0.019848,1.178559,-0.074205,0.037084,-0.007098,0.038388,-0.998549
30.321,True,-0.043832,1.184376,-0.073291,0.036318,-0.023128,0.040176,-0.998265,True,0.019847,1.178522,-0.074118,0.036845,-0.007172,0.038497,-0.998554
30.332,True,-0.043865,1.184338,-0.073181,0.035833,-0.023482,0.040031,-0.998280,True,0.019815,1.178505,-0.074026,0.036356,-0.007527,0.038355,-0.998574
30.343,True,-0.043895,1.184319,-0.073095,0.035578,-0.023689,0.039926,-0.998288,True,0.019786,1.178501,-0.073947,0.036098,-0.007736,0.038253,-0.998586
30.354,True,-0.043890,1.184278,-0.073065,0.035625,-0.023684,0.039663,-0.998297,True,0.019794,1.178493,-0.073914,0.036141,-0.007730,0.037990,-0.998594
30.365,True,-0.043937,1.184245,-0.072989,0.035276,-0.023682,0.039506,-0.998316,True,0.019749,1.178481,-0.073832,0.035790,-0.007729,0.037835,-0.998613
30.376,True,-0.043955,1.184173,-0.072968,0.035618,-0.023722,0.039441,-0.998305,True,0.019733,1.178419,-0.073813,0.036130,-0.007768,0.037772,-0.998603
30.388,True,-0.043994,1.184090,-0.072909,0.035416,-0.023534,0.039328,-0.998321,True,0.019694,1.178347,-0.073759,0.035928,-0.007578,0.037662,-0.998616
30.399,True,-0.044031,1.184030,-0.072858,0.035133,-0.022950,0.039233,-0.998349,True,0.019657,1.178291,-0.073710,0.035645,-0.006991,0.037568,-0.998634
30.410,True,-0.044051,1.183964,-0.072830,0.034793,-0.021959,0.038964,-0.998393,True,0.019639,1.178245,-0.073689,0.035304,-0.005996,0.037301,-0.998662
30.421,True,-0.044071,1.183910,-0.072823,0.034758,-0.021935,0.038924,-0.998397,True,0.019619,1.178195,-0.073679,0.035268,-0.005972,0.037262,-0.998665
30.432,True,-0.044122,1.183882,-0.072790,0.034739,-0.022522,0.038909,-0.998385,True,0.019569,1.178179,-0.073636,0.035246,-0.006561,0.037249,-0.998663
30.443,True,-0.044145,1.183857,-0.072798,0.034634,-0.020788,0.038724,-0.998433,True,0.019547,1.178156,-0.073633,0.035145,-0.004820,0.037062,-0.998683
30.454,True,-0.044203,1.183856,-0.072777,0.034441,-0.020404,0.038578,-0.998453,True,0.019491,1.178169,-0.073599,0.034951,-0.004434,0.036917,-0.998697
30.470,True,-0.044293,1.183867,-0.072771,0.034218,-0.020312,0.038518,-0.998465,True,0.019052,1.179370,-0.073284,0.034725,-0.004344,0.036857,-0.998708
30.481,True,-0.044311,1.183890,-0.072815,0.034318,-0.019703,0.038451,-0.998477,True,0.019034,1.179397,-0.073307,0.034827,-0.003731,0.036790,-0.998709
30.492,True,-0.044371,1.183898,-0.072843,0.033909,-0.019437,0.038234,-0.998504,True,0.018976,1.179432,-0.073309,0.034413,-0.003466,0.036574,-0.998732
30.503,True,-0.044443,1.183861,-0.072863,0.033703,-0.019163,0.038180,-0.998519,True,0.018904,1.179401,-0.073308,0.034208,-0.003193,0.036522,-0.998742
30.514,True,-0.044463,1.183802,-0.072917,0.033476,-0.019433,0.038017,-0.998527,True,0.018887,1.179367,-0.073351,0.033976,-0.003464,0.036360,-0.998755
30.526,True,-0.044511,1.183759,-0.072968,0.033304,-0.019119,0.037768,-0.998548,True,0.018841,1.179355,-0.073379,0.033801,-0.003150,0.036112,-0.998771
30.537,True,-0.044543,1.183776,-0.073006,0.033016,-0.019027,0.037633,-0.998565,True,0.018811,1.179390,-0.073395,0.033510,-0.003059,0.035977,-0.998786
30.548,True,-0.044554,1.183785,-0.073066,0.032852,-0.019213,0.037692,-0.998564,True,0.018800,1.179397,-0.073432,0.033346,-0.003248,0.036035,-0.998789
30.559,True,-0.044574,1.183836,-0.073112,0.032982,-0.019189,0.037969,-0.998550,True,0.018777,1.179415,-0.073457,0.033479,-0.003225,0.036310,-0.998774
30.570,True,-0.044584,1.183921,-0.073152,0.033444,-0.019658,0.038418,-0.998509,True,0.018764,1.179450,-0.073488,0.033947,-0.003697,0.036754,-0.998741
30.581,True,-0.044551,1.183985,-0.073222,0.033513,-0.019425,0.038574,-0.998505,True,0.018795,1.179491,-0.073559,0.034019,-0.003464,0.036906,-0.998734
30.592,True,-0.044512,1.184085,-0.073285,0.033909,-0.020017,0.038621,-0.998478,True,0.018834,1.179593,-0.073625,0.034414,-0.004058,0.036949,-0.998716
30.603,True,-0.044488,1.184137,-0.073326,0.034301,-0.020351,0.038419,-0.998466,True,0.018861,1.179676,-0.073665,0.034802,-0.004395,0.036741,-0.998709
30.614,True,-0.044418,1.184160,-0.073381,0.034454,-0.020595,0.038258,-0.998461,True,0.018932,1.179723,-0.073724,0.034951,-0.004640,0.036577,-0.998709
30.626,True,-0.044363,1.184232,-0.073413,0.034121,-0.021063,0.038289,-0.998462,True,0.018987,1.179794,-0.073768,0.034617,-0.005112,0.036605,-0.998717
30.637,True,-0.044302,1.184291,-0.073456,0.034253,-0.021090,0.038397,-0.998453,True,0.019046,1.179839,-0.073813,0.034750,-0.005139,0.036711,-0.998708
30.648,True,-0.044223,1.184330,-0.073487,0.033961,-0.021426,0.038431,-0.998454,True,0.019126,1.179875,-0.073858,0.034457,-0.005479,0.036744,-0.998716
30.659,True,-0.044106,1.184343,-0.073564,0.033614,-0.021871,0.038769,-0.998443,True,0.019239,1.179846,-0.073963,0.034114,-0.005926,0.037083,-0.998712
30.670,True,-0.044031,1.184376,-0.073589,0.033627,-0.022046,0.038995,-0.998430,True,0.019312,1.179851,-0.074009,0.034130,-0.006101,0.037308,-0.998702
30.681,True,-0.043977,1.184388,-0.073611,0.033323,-0.022326,0.039076,-0.998431,True,0.019365,1.179852,-0.074044,0.033826,-0.006383,0.037389,-0.998708
30.692,True,-0.043882,1.184431,-0.073652,0.033373,-0.022556,0.039311,-0.998415,True,0.019459,1.179866,-0.074103,0.033879,-0.006615,0.037622,-0.998696
30.703,True,-0.043800,1.184484,-0.073686,0.033499,-0.022903,0.039545,-0.998393,True,0.019538,1.179892,-0.074155,0.034008,-0.006963,0.037853,-0.998680
30.714,True,-0.043721,1.184567,-0.073765,0.033674,-0.023174,0.039894,-0.998367,True,0.019614,1.179932,-0.074249,0.034188,-0.007236,0.038197,-0.998659
30.725,True,-0.043644,1.184660,-0.073788,0.033680,-0.023783,0.040268,-0.998338,True,0.019688,1.179983,-0.074285,0.034197,-0.007849,0.038569,-0.998640
30.736,True,-0.043582,1.184737,-0.073822,0.033856,-0.023932,0.040518,-0.998318,True,0.019748,1.180031,-0.074326,0.034377,-0.007999,0.038816,-0.998623
30.748,True,-0.043538,1.184774,-0.073862,0.034083,-0.024157,0.040666,-0.998299,True,0.019790,1.180048,-0.074392,0.034606,-0.008225,0.038960,-0.998608
30.759,True,-0.043484,1.184819,-0.073892,0.034373,-0.024120,0.040669,-0.998290,True,0.019843,1.180090,-0.074440,0.034896,-0.008186,0.038959,-0.998598
30.770,True,-0.043441,1.184859,-0.073915,0.034948,-0.023675,0.040589,-0.998284,True,0.019887,1.180133,-0.074481,0.035474,-0.007737,0.038877,-0.998584
30.781,True,-0.043365,1.184889,-0.074022,0.035404,-0.023528,0.040633,-0.998270,True,0.019962,1.180153,-0.074604,0.035931,-0.007588,0.038916,-0.998568
30.792,True,-0.043343,1.184925,-0.074038,0.035751,-0.022713,0.040551,-0.998279,True,0.019983,1.180188,-0.074632,0.036281,-0.006768,0.038833,-0.998564
30.803,True,-0.043335,1.184940,-0.074060,0.035909,-0.022156,0.040549,-0.998286,True,0.019991,1.180195,-0.074666,0.036441,-0.006207,0.038831,-0.998562
30.814,True,-0.043327,1.184938,-0.074118,0.036187,-0.021802,0.040490,-0.998287,True,0.019999,1.180193,-0.074740,0.036720,-0.005850,0.038768,-0.998556
30.825,True,-0.043334,1.184937,-0.074152,0.036443,-0.020932,0.040242,-0.998306,True,0.019993,1.180212,-0.074781,0.036976,-0.004975,0.038519,-0.998561
30.836,True,-0.043346,1.184959,-0.074182,0.036465,-0.020494,0.040115,-0.998319,True,0.019982,1.180245,-0.074806,0.036997,-0.004535,0.038393,-0.998567
30.848,True,-0.043341,1.184966,-0.074260,0.036826,-0.020023,0.040005,-0.998320,True,0.019988,1.180261,-0.074873,0.037358,-0.004061,0.038279,-0.998560
30.859,True,-0.043382,1.184973,-0.074306,0.036906,-0.019917,0.039791,-0.998328,True,0.019949,1.180295,-0.074906,0.037435,-0.003955,0.038064,-0.998566
30.870,True,-0.043418,1.185011,-0.074341,0.037413,-0.018858,0.039753,-0.998331,True,0.019913,1.180329,-0.074916,0.037944,-0.002890,0.038025,-0.998552
30.881,True,-0.043421,1.185021,-0.074404,0.037829,-0.017823,0.039665,-0.998338,True,0.019910,1.180340,-0.074959,0.038363,-0.001851,0.037935,-0.998542
30.892,True,-0.043453,1.185023,-0.074452,0.037956,-0.016827,0.039489,-0.998357,True,0.019879,1.180355,-0.074979,0.038491,-0.000851,0.037758,-0.998545
30.903,True,-0.043506,1.185019,-0.074481,0.038343,-0.015885,0.039331,-0.998364,True,0.019827,1.180361,-0.074993,0.038879,0.000096,0.037600,-0.998536
30.914,True,-0.043468,1.184984,-0.074573,0.038793,-0.014623,0.039178,-0.998372,True,0.019866,1.180332,-0.075064,0.039331,0.001364,0.037445,-0.998524
30.925,True,-0.043519,1.184991,-0.074585,0.039198,-0.013488,0.038992,-0.998379,True,0.019816,1.180351,-0.075063,0.039737,0.002505,0.037259,-0.998512
30.936,True,-0.043551,1.184999,-0.074597,0.039929,-0.011949,0.038821,-0.998377,True,0.019784,1.180362,-0.075062,0.040471,0.004052,0.037085,-0.998484
30.948,True,-0.043530,1.185000,-0.074653,0.040454,-0.010925,0.038776,-0.998369,True,0.019805,1.180361,-0.075091,0.040998,0.005080,0.037038,-0.998460
30.959,True,-0.043559,1.185012,-0.074652,0.041069,-0.010143,0.038696,-0.998355,True,0.019776,1.180374,-0.075091,0.041616,0.005866,0.036957,-0.998433
30.970,True,-0.043580,1.185029,-0.074628,0.041083,-0.010225,0.038734,-0.998352,True,0.019754,1.180385,-0.075077,0.041630,0.005784,0.036994,-0.998431
30.981,True,-0.043557,1.185040,-0.074651,0.042029,-0.008040,0.038484,-0.998343,True,0.019778,1.180403,-0.075082,0.042580,0.007979,0.036741,-0.998385
30.992,True,-0.043677,1.185788,-0.074508,0.042344,-0.007311,0.038311,-0.998342,True,0.019777,1.180413,-0.075075,0.042896,0.008711,0.036567,-0.998372
31.003,True,-0.043671,1.185788,-0.074496,0.043224,-0.005775,0.038211,-0.998318,True,0.019783,1.180407,-0.075061,0.043779,0.010255,0.036467,-0.998323
31.014,True,-0.043673,1.185762,-0.074505,0.044008,-0.004845,0.038172,-0.998290,True,0.019780,1.180374,-0.075080,0.044567,0.011191,0.036427,-0.998279
31.025,True,-0.043660,1.185751,-0.074486,0.044083,-0.004384,0.038173,-0.998289,True,0.019792,1.180356,-0.075068,0.044643,0.011653,0.036430,-0.998271
31.036,True,-0.043635,1.185744,-0.074447,0.044034,-0.003986,0.038315,-0.998287,True,0.019815,1.180324,-0.075043,0.044599,0.012054,0.036574,-0.998263
31.048,True,-0.043600,1.185700,-0.074430,0.044966,-0.003135,0.038296,-0.998249,True,0.019848,1.180269,-0.075060,0.045534,0.012910,0.036556,-0.998210
31.059,True,-0.043552,1.185664,-0.074406,0.044949,-0.003278,0.038366,-0.998247,True,0.019896,1.180223,-0.075053,0.045518,0.012767,0.036626,-0.998210
31.070,True,-0.043531,1.185651,-0.074348,0.045032,-0.002996,0.038294,-0.998247,True,0.019917,1.180211,-0.075029,0.045602,0.013052,0.036555,-0.998205
31.081,True,-0.043503,1.185634,-0.074300,0.045567,-0.001849,0.038187,-0.998229,True,0.019944,1.180189,-0.075007,0.046139,0.014204,0.036449,-0.998169
31.092,True,-0.043475,1.185663,-0.074281,0.045443,-0.001933,0.038380,-0.998228,True,0.019969,1.180192,-0.075006,0.046018,0.014119,0.036642,-0.998169
31.103,True,-0.043464,1.185634,-0.074237,0.045652,-0.001977,0.038213,-0.998224,True,0.019981,1.180181,-0.074985,0.046226,0.014076,0.036473,-0.998166
31.114,True,-0.043419,1.185578,-0.074204,0.046057,-0.001429,0.037962,-0.998216,True,0.020028,1.180148,-0.074974,0.046628,0.014627,0.036222,-0.998148
31.125,True,-0.043391,1.185519,-0.074152,0.046224,-0.001145,0.037780,-0.998216,True,0.020058,1.180109,-0.074921,0.046793,0.014913,0.036043,-0.998143
31.137,True,-0.043392,1.185450,-0.074104,0.046293,-0.001396,0.037580,-0.998220,True,0.020060,1.180069,-0.074881,0.046859,0.014662,0.035844,-0.998151
31.148,True,-0.043372,1.185453,-0.074082,0.046672,-0.000632,0.037680,-0.998199,True,0.020078,1.180050,-0.074858,0.047242,0.015429,0.035945,-0.998117
31.159,True,-0.043350,1.185456,-0.074025,0.046529,-0.000572,0.037867,-0.998199,True,0.020097,1.180028,-0.074805,0.047102,0.015489,0.036134,-0.998116
31.170,True,-0.043350,1.185480,-0.073963,0.047191,0.000370,0.038098,-0.998159,True,0.020094,1.180011,-0.074742,0.047771,0.016434,0.036364,-0.998061
31.181,True,-0.043346,1.185498,-0.073915,0.047035,0.000387,0.038483,-0.998152,True,0.020094,1.179981,-0.074691,0.047621,0.016452,0.036752,-0.998054
31.192,True,-0.043365,1.185500,-0.073837,0.047867,0.002093,0.038595,-0.998106,True,0.020071,1.179947,-0.074613,0.048461,0.018163,0.036864,-0.997979
31.203,True,-0.043398,1.185504,-0.073741,0.048045,0.002550,0.038655,-0.998094,True,0.020037,1.179939,-0.074520,0.048641,0.018622,0.036927,-0.997960
31.215,True,-0.043423,1.185496,-0.073665,0.048204,0.002620,0.038263,-0.998101,True,0.020017,1.179980,-0.074445,0.048795,0.018693,0.036535,-0.997965
31.225,True,-0.043479,1.185497,-0.073596,0.048272,0.002751,0.037890,-0.998112,True,0.019965,1.180028,-0.074371,0.048856,0.018824,0.036161,-0.997974
31.236,True,-0.043566,1.185495,-0.073512,0.048549,0.002960,0.037440,-0.998115,True,0.019882,1.180081,-0.074277,0.049127,0.019033,0.035709,-0.997973
31.247,True,-0.043620,1.185471,-0.073468,0.048472,0.002966,0.037241,-0.998126,True,0.019831,1.180087,-0.074206,0.049046,0.019039,0.035511,-0.997984
31.259,True,-0.043705,1.185409,-0.073412,0.047983,0.002447,0.037138,-0.998155,True,0.019749,1.180048,-0.074131,0.048553,0.018518,0.035410,-0.998021
31.270,True,-0.043776,1.185326,-0.073369,0.047710,0.002471,0.037066,-0.998170,True,0.019679,1.179976,-0.074076,0.048280,0.018543,0.035342,-0.998036
31.281,True,-0.043829,1.185205,-0.073339,0.047323,0.002061,0.037031,-0.998191,True,0.019627,1.179865,-0.074049,0.047890,0.018132,0.035312,-0.998064
31.292,True,-0.043883,1.185101,-0.073301,0.046867,0.002264,0.036815,-0.998220,True,0.019575,1.179791,-0.073990,0.047431,0.018337,0.035103,-0.998089
31.303,True,-0.043940,1.185025,-0.073293,0.046923,0.001807,0.036839,-0.998217,True,0.019519,1.179721,-0.073970,0.047486,0.017880,0.035130,-0.998094
31.314,True,-0.043999,1.184939,-0.073284,0.046706,0.001948,0.036757,-0.998230,True,0.019461,1.179647,-0.073938,0.047268,0.018021,0.035052,-0.998104
31.325,True,-0.044094,1.184889,-0.073258,0.046573,0.002060,0.036616,-0.998242,True,0.019368,1.179619,-0.073883,0.047133,0.018134,0.034914,-0.998114
31.336,True,-0.044145,1.184888,-0.073254,0.046571,0.002146,0.036525,-0.998245,True,0.019319,1.179634,-0.073847,0.047128,0.018219,0.034822,-0.998115
31.347,True,-0.044179,1.184909,-0.073281,0.046588,0.002214,0.036513,-0.998244,True,0.019286,1.179660,-0.073842,0.047145,0.018286,0.034809,-0.998114
31.359,True,-0.044221,1.184967,-0.073279,0.046623,0.002295,0.036510,-0.998243,True,0.019244,1.179721,-0.073811,0.047179,0.018366,0.034805,-0.998111
31.370,True,-0.044255,1.185009,-0.073282,0.046656,0.002359,0.036566,-0.998239,True,0.019209,1.179757,-0.073795,0.047214,0.018430,0.034860,-0.998106
31.381,True,-0.044289,1.185028,-0.073312,0.046800,0.002423,0.036630,-0.998230,True,0.019176,1.179770,-0.073812,0.047359,0.018494,0.034923,-0.998096
31.392,True,-0.044309,1.185016,-0.073323,0.046838,0.002448,0.036558,-0.998230,True,0.019157,1.179768,-0.073812,0.047395,0.018520,0.034852,-0.998096
31.403,True,-0.044315,1.184996,-0.073337,0.046811,0.002340,0.036349,-0.998240,True,0.019152,1.179777,-0.073824,0.047365,0.018412,0.034644,-0.998107
31.414,True,-0.044324,1.184999,-0.073356,0.046735,0.002292,0.036239,-0.998247,True,0.019145,1.179795,-0.073842,0.047287,0.018364,0.034535,-0.998115
31.425,True,-0.044301,1.185013,-0.073394,0.046529,0.002206,0.036245,-0.998257,True,0.019168,1.179811,-0.073866,0.047080,0.018277,0.034541,-0.998126
31.436,True,-0.044277,1.185045,-0.073415,0.046479,0.002185,0.036618,-0.998246,True,0.019189,1.179797,-0.073876,0.047036,0.018255,0.034915,-0.998116
31.447,True,-0.044269,1.185077,-0.073431,0.046596,0.002027,0.036878,-0.998231,True,0.019194,1.179796,-0.073905,0.047157,0.018097,0.035173,-0.998104
31.459,True,-0.044227,1.185134,-0.073442,0.047700,0.002865,0.037001,-0.998172,True,0.019234,1.179827,-0.073931,0.048266,0.018939,0.035293,-0.998031
31.470,True,-0.044181,1.185186,-0.073441,0.048068,0.003096,0.036856,-0.998159,True,0.019280,1.179889,-0.073957,0.048633,0.019171,0.035145,-0.998014
31.481,True,-0.044148,1.185245,-0.073484,0.048070,0.002693,0.036624,-0.998169,True,0.019316,1.179981,-0.074013,0.048631,0.018767,0.034911,-0.998030
31.492,True,-0.044066,1.185304,-0.073537,0.048889,0.004744,0.036260,-0.998135,True,0.019454,1.179419,-0.074285,0.049449,0.020822,0.034539,-0.997962
31.503,True,-0.044013,1.185365,-0.073525,0.048937,0.004593,0.036246,-0.998133,True,0.019507,1.179481,-0.074292,0.049497,0.020670,0.034525,-0.997963
31.514,True,-0.043962,1.185396,-0.073552,0.049116,0.004778,0.036490,-0.998115,True,0.019555,1.179477,-0.074329,0.049681,0.020856,0.034768,-0.997942
31.525,True,-0.043888,1.185387,-0.073570,0.050070,0.005924,0.036506,-0.998061,True,0.019627,1.179448,-0.074366,0.050639,0.022005,0.034779,-0.997869
31.536,True,-0.043797,1.185382,-0.073571,0.050156,0.005949,0.036798,-0.998046,True,0.019714,1.179403,-0.074390,0.050730,0.022031,0.035075,-0.997853
31.548,True,-0.043710,1.185336,-0.073570,0.050524,0.005751,0.037114,-0.998016,True,0.019796,1.179315,-0.074423,0.051104,0.021835,0.035390,-0.997827
31.559,True,-0.043634,1.185340,-0.073570,0.050761,0.006189,0.037121,-0.998002,True,0.019871,1.179310,-0.074445,0.051342,0.022274,0.035396,-0.997805
31.570,True,-0.043541,1.185371,-0.073560,0.051029,0.006396,0.037352,-0.997978,True,0.019960,1.179305,-0.074464,0.051615,0.022482,0.035629,-0.997778
31.581,True,-0.043481,1.185370,-0.073551,0.051422,0.006560,0.037466,-0.997953,True,0.020018,1.179283,-0.074486,0.052010,0.022648,0.035743,-0.997750
31.592,True,-0.043399,1.185396,-0.073542,0.051648,0.006532,0.037659,-0.997934,True,0.020096,1.179280,-0.074511,0.052240,0.022621,0.035936,-0.997731
31.603,True,-0.043321,1.185426,-0.073534,0.051188,0.005858,0.037832,-0.997955,True,0.020172,1.179291,-0.074535,0.051781,0.021945,0.036110,-0.997764
31.614,True,-0.043256,1.185429,-0.073530,0.051307,0.005578,0.037867,-0.997949,True,0.020235,1.179288,-0.074571,0.051901,0.021665,0.036143,-0.997763
31.625,True,-0.043209,1.185447,-0.073536,0.051089,0.004967,0.038049,-0.997957,True,0.020281,1.179286,-0.074600,0.051684,0.021053,0.036326,-0.997781
31.636,True,-0.043162,1.185496,-0.073531,0.051043,0.004735,0.038149,-0.997956,True,0.020326,1.179323,-0.074611,0.051640,0.020821,0.036425,-0.997784
31.647,True,-0.043145,1.185495,-0.073522,0.050879,0.004247,0.038222,-0.997964,True,0.020341,1.179313,-0.074632,0.051476,0.020332,0.036497,-0.997800
31.659,True,-0.043123,1.185510,-0.073513,0.050432,0.003594,0.038267,-0.997988,True,0.020363,1.179328,-0.074639,0.051028,0.019677,0.036543,-0.997834
31.670,True,-0.043121,1.185500,-0.073506,0.050116,0.003029,0.038257,-0.998006,True,0.020366,1.179323,-0.074655,0.050711,0.019111,0.036534,-0.997862
31.681,True,-0.043139,1.185445,-0.073483,0.049880,0.002561,0.038130,-0.998024,True,0.020349,1.179289,-0.074645,0.050471,0.018643,0.036409,-0.997888
31.692,True,-0.043157,1.185391,-0.073485,0.049077,0.000637,0.038199,-0.998064,True,0.020333,1.179251,-0.074654,0.049664,0.016714,0.036481,-0.997960
31.703,True,-0.043175,1.185346,-0.073495,0.048680,-0.000116,0.038184,-0.998084,True,0.020315,1.179217,-0.074667,0.049264,0.015960,0.036469,-0.997992
31.714,True,-0.043200,1.185279,-0.073497,0.048269,-0.000693,0.038097,-0.998107,True,0.020293,1.179170,-0.074664,0.048850,0.015382,0.036386,-0.998025
31.725,True,-0.043234,1.185235,-0.073508,0.047757,-0.002173,0.038216,-0.998125,True,0.020259,1.179132,-0.074667,0.048336,0.013899,0.036509,-0.998067
31.736,True,-0.043290,1.185202,-0.073503,0.047471,-0.002940,0.038273,-0.998135,True,0.020204,1.179104,-0.074654,0.048048,0.013130,0.036569,-0.998089
31.747,True,-0.043323,1.185152,-0.073496,0.047260,-0.003583,0.038193,-0.998146,True,0.020174,1.179074,-0.074635,0.047833,0.012485,0.036491,-0.998111
31.758,True,-0.043389,1.185133,-0.073499,0.046653,-0.004793,0.038296,-0.998165,True,0.020108,1.179061,-0.074617,0.047224,0.011271,0.036596,-0.998150
31.770,True,-0.043456,1.185128,-0.073488,0.046119,-0.005177,0.038230,-0.998191,True,0.020043,1.179072,-0.074587,0.046687,0.010884,0.036533,-0.998182
31.781,True,-0.043512,1.185090,-0.073472,0.045484,-0.006342,0.038309,-0.998210,True,0.019989,1.179042,-0.074549,0.046049,0.009715,0.036614,-0.998221
31.792,True,-0.043575,1.185075,-0.073459,0.045402,-0.006717,0.038315,-0.998211,True,0.019926,1.179033,-0.074520,0.045965,0.009339,0.036622,-0.998228
31.803,True,-0.043630,1.185053,-0.073454,0.045003,-0.007619,0.038400,-0.998220,True,0.019872,1.179015,-0.074491,0.045565,0.008433,0.036708,-0.998251
31.814,True,-0.043680,1.185024,-0.073402,0.044915,-0.008504,0.038461,-0.998214,True,0.019822,1.178991,-0.074433,0.045475,0.007545,0.036770,-0.998260
31.825,True,-0.043724,1.185013,-0.073383,0.044890,-0.008806,0.038545,-0.998209,True,0.019779,1.178977,-0.074392,0.045450,0.007242,0.036856,-0.998260
31.836,True,-0.043765,1.184990,-0.073350,0.044427,-0.009361,0.038547,-0.998225,True,0.019738,1.178961,-0.074355,0.044985,0.006684,0.036860,-0.998285
31.847,True,-0.043804,1.184954,-0.073324,0.044409,-0.010335,0.038620,-0.998213,True,0.019700,1.178931,-0.074323,0.044966,0.005707,0.036934,-0.998289
31.859,True,-0.043840,1.184922,-0.073290,0.044222,-0.010576,0.038534,-0.998222,True,0.019666,1.178914,-0.074280,0.044777,0.005465,0.036851,-0.998302
31.870,True,-0.043877,1.184889,-0.073255,0.044226,-0.010891,0.038496,-0.998220,True,0.019629,1.178890,-0.074246,0.044779,0.005149,0.036814,-0.998305
31.881,True,-0.043908,1.184862,-0.073254,0.044427,-0.011485,0.038639,-0.998199,True,0.019598,1.178856,-0.074228,0.044980,0.004554,0.036958,-0.998294
31.892,True,-0.043939,1.184851,-0.073222,0.044236,-0.011809,0.038707,-0.998201,True,0.019566,1.178840,-0.074196,0.044789,0.004227,0.037027,-0.998301
31.903,True,-0.043966,1.184835,-0.073184,0.044196,-0.012201,0.038749,-0.998197,True,0.019540,1.178824,-0.074158,0.044749,0.003834,0.037069,-0.998303
31.914,True,-0.043959,1.184792,-0.073141,0.044050,-0.013217,0.038923,-0.998183,True,0.019546,1.178772,-0.074112,0.044602,0.002814,0.037245,-0.998307
31.925,True,-0.043971,1.184787,-0.073100,0.044015,-0.013261,0.038925,-0.998184,True,0.019533,1.178767,-0.074077,0.044567,0.002770,0.037247,-0.998308
31.936,True,-0.043975,1.184783,-0.073061,0.043911,-0.013905,0.038923,-0.998180,True,0.019530,1.178771,-0.074045,0.044461,0.002123,0.037246,-0.998314
31.947,True,-0.043941,1.184781,-0.073021,0.043894,-0.014775,0.039003,-0.998165,True,0.019564,1.178770,-0.074008,0.044443,0.001250,0.037326,-0.998314
31.959,True,-0.043951,1.184796,-0.072981,0.043933,-0.015270,0.039093,-0.998153,True,0.019554,1.178778,-0.073977,0.044482,0.000754,0.037416,-0.998309
31.970,True,-0.043954,1.184803,-0.072941,0.043966,-0.015620,0.039180,-0.998142,True,0.019550,1.178779,-0.073944,0.044516,0.000403,0.037505,-0.998304
31.981,True,-0.043945,1.184755,-0.072913,0.043726,-0.016279,0.039118,-0.998145,True,0.019560,1.178746,-0.073926,0.044272,-0.000258,0.037446,-0.998318
31.992,True,-0.043790,1.184275,-0.072894,0.043397,-0.016525,0.038887,-0.998164,True,0.019556,1.178685,-0.073897,0.043940,-0.000504,0.037219,-0.998341
32.003,True,-0.043784,1.184199,-0.072877,0.043305,-0.017001,0.038705,-0.998167,True,0.019564,1.178639,-0.073875,0.043843,-0.000983,0.037038,-0.998351
32.014,True,-0.043777,1.184172,-0.072843,0.042708,-0.016740,0.038685,-0.998198,True,0.019571,1.178611,-0.073837,0.043245,-0.000722,0.037020,-0.998378
32.025,True,-0.043774,1.184185,-0.072789,0.042674,-0.016960,0.038818,-0.998191,True,0.019573,1.178609,-0.073786,0.043213,-0.000942,0.037154,-0.998374
32.036,True,-0.043758,1.184251,-0.072755,0.042779,-0.017254,0.039197,-0.998166,True,0.019585,1.178632,-0.073745,0.043324,-0.001238,0.037531,-0.998355
32.047,True,-0.043725,1.184296,-0.072713,0.042847,-0.017475,0.039480,-0.998148,True,0.019616,1.178643,-0.073709,0.043395,-0.001460,0.037814,-0.998341
32.059,True,-0.043718,1.184347,-0.072653,0.042748,-0.017631,0.039872,-0.998134,True,0.019618,1.178645,-0.073653,0.043302,-0.001617,0.038207,-0.998330
32.070,True,-0.043699,1.184340,-0.072605,0.042417,-0.018175,0.039994,-0.998134,True,0.019636,1.178627,-0.073624,0.042972,-0.002163,0.038331,-0.998338
32.081,True,-0.043681,1.184276,-0.072557,0.042423,-0.018358,0.039816,-0.998137,True,0.019655,1.178585,-0.073603,0.042975,-0.002345,0.038156,-0.998345
32.092,True,-0.043655,1.184242,-0.072532,0.041980,-0.018447,0.039595,-0.998163,True,0.019683,1.178578,-0.073591,0.042528,-0.002435,0.037938,-0.998372
32.103,True,-0.043641,1.184202,-0.072499,0.041795,-0.018667,0.039337,-0.998177,True,0.019700,1.178570,-0.073583,0.042338,-0.002655,0.037682,-0.998389
32.114,True,-0.043613,1.184147,-0.072486,0.041689,-0.019045,0.039263,-0.998177,True,0.019729,1.178526,-0.073591,0.042230,-0.003033,0.037609,-0.998395
32.125,True,-0.043594,1.184103,-0.072473,0.041424,-0.019302,0.039241,-0.998184,True,0.019748,1.178485,-0.073598,0.041964,-0.003292,0.037589,-0.998406
32.136,True,-0.043581,1.184062,-0.072472,0.041316,-0.019457,0.039195,-0.998188,True,0.019761,1.178449,-0.073618,0.041855,-0.003447,0.037544,-0.998412
32.147,True,-0.043573,1.184005,-0.072457,0.041051,-0.019451,0.039124,-0.998201,True,0.019769,1.178398,-0.073622,0.041589,-0.003440,0.037476,-0.998426
32.159,True,-0.043579,1.183960,-0.072453,0.041163,-0.018631,0.038931,-0.998220,True,0.019763,1.178363,-0.073641,0.041701,-0.002615,0.037282,-0.998431
32.170,True,-0.043594,1.183958,-0.072483,0.041047,-0.018733,0.038870,-0.998225,True,0.019750,1.178372,-0.073661,0.041583,-0.002718,0.037220,-0.998438
32.181,True,-0.043588,1.183968,-0.072486,0.040988,-0.018177,0.038683,-0.998245,True,0.019757,1.178400,-0.073652,0.041523,-0.002161,0.037032,-0.998449
32.192,True,-0.043614,1.183975,-0.072524,0.041275,-0.016775,0.038503,-0.998265,True,0.019732,1.178414,-0.073674,0.041811,-0.000753,0.036848,-0.998446
32.203,True,-0.043642,1.184008,-0.072554,0.041261,-0.016332,0.038427,-0.998276,True,0.019704,1.178453,-0.073687,0.041797,-0.000309,0.036774,-0.998449
32.214,True,-0.043693,1.184028,-0.072608,0.041099,-0.016315,0.038448,-0.998282,True,0.019654,1.178473,-0.073718,0.041635,-0.000293,0.036794,-0.998455
32.225,True,-0.043735,1.184058,-0.072672,0.041793,-0.014594,0.038301,-0.998285,True,0.019613,1.178506,-0.073745,0.042332,0.001436,0.036646,-0.998430
32.237,True,-0.043791,1.184101,-0.072733,0.041760,-0.014393,0.038335,-0.998288,True,0.019558,1.178547,-0.073780,0.042299,0.001637,0.036680,-0.998430
32.248,True,-0.043849,1.184093,-0.072813,0.042279,-0.013459,0.038293,-0.998281,True,0.019499,1.178537,-0.073829,0.042821,0.002575,0.036637,-0.998408
32.259,True,-0.043903,1.184079,-0.072892,0.042441,-0.012505,0.038243,-0.998289,True,0.019446,1.178521,-0.073877,0.042985,0.003531,0.036586,-0.998399
32.270,True,-0.043944,1.184073,-0.072960,0.042496,-0.012073,0.038037,-0.998299,True,0.019407,1.178539,-0.073920,0.043037,0.003965,0.036379,-0.998403
32.281,True,-0.043982,1.184093,-0.073021,0.042744,-0.011380,0.037862,-0.998304,True,0.019371,1.178578,-0.073944,0.043284,0.004659,0.036202,-0.998396
32.292,True,-0.044030,1.184157,-0.073111,0.043252,-0.010532,0.037783,-0.998294,True,0.019325,1.178648,-0.073993,0.043793,0.005510,0.036118,-0.998372
32.303,True,-0.044057,1.184219,-0.073165,0.043440,-0.009793,0.037987,-0.998286,True,0.019296,1.178678,-0.074017,0.043986,0.006250,0.036320,-0.998352
32.314,True,-0.044057,1.184263,-0.073212,0.043356,-0.009247,0.038227,-0.998285,True,0.019293,1.178687,-0.074039,0.043907,0.006796,0.036558,-0.998343
32.326,True,-0.044044,1.184316,-0.073245,0.043711,-0.008665,0.038375,-0.998269,True,0.019304,1.178713,-0.074078,0.044267,0.007380,0.036703,-0.998318
32.337,True,-0.044017,1.184341,-0.073276,0.043712,-0.008424,0.038213,-0.998278,True,0.019332,1.178754,-0.074113,0.044266,0.007622,0.036537,-0.998322
32.348,True,-0.043922,1.184373,-0.073300,0.043810,-0.008385,0.038055,-0.998280,True,0.019429,1.178807,-0.074133,0.044361,0.007661,0.036379,-0.998324
32.359,True,-0.043893,1.184434,-0.073312,0.043120,-0.007905,0.037752,-0.998325,True,0.019459,1.178894,-0.074163,0.043667,0.008139,0.036071,-0.998362
32.370,True,-0.043840,1.184476,-0.073336,0.043259,-0.007685,0.037636,-0.998325,True,0.019513,1.178947,-0.074189,0.043804,0.008359,0.035952,-0.998358
32.381,True,-0.043746,1.184511,-0.073338,0.043083,-0.007652,0.037720,-0.998330,True,0.019606,1.178967,-0.074208,0.043630,0.008392,0.036034,-0.998363
32.392,True,-0.043643,1.184531,-0.073343,0.043097,-0.007776,0.037865,-0.998323,True,0.019707,1.178967,-0.074236,0.043646,0.008268,0.036177,-0.998358
32.403,True,-0.043538,1.184562,-0.073322,0.042981,-0.007919,0.038065,-0.998319,True,0.019809,1.178969,-0.074248,0.043534,0.008125,0.036378,-0.998356
32.414,True,-0.043422,1.184528,-0.073316,0.042768,-0.007783,0.038182,-0.998325,True,0.019923,1.178914,-0.074271,0.043323,0.008261,0.036495,-0.998360
32.426,True,-0.043286,1.184494,-0.073309,0.042655,-0.007770,0.038337,-0.998324,True,0.020056,1.178855,-0.074293,0.043213,0.008274,0.036649,-0.998359
32.437,True,-0.043175,1.184501,-0.073279,0.042121,-0.007794,0.038573,-0.998337,True,0.020163,1.178827,-0.074294,0.042683,0.008251,0.036888,-0.998373
32.448,True,-0.043039,1.184496,-0.073276,0.042136,-0.008041,0.038851,-0.998324,True,0.020295,1.178785,-0.074321,0.042702,0.008003,0.037166,-0.998364
32.459,True,-0.042934,1.184527,-0.073244,0.041923,-0.007723,0.039027,-0.998328,True,0.020397,1.178785,-0.074319,0.042494,0.008322,0.037342,-0.998364
32.470,True,-0.042835,1.184562,-0.073207,0.041859,-0.007761,0.039212,-0.998324,True,0.020493,1.178792,-0.074315,0.042433,0.008284,0.037526,-0.998360
32.481,True,-0.042731,1.184590,-0.073185,0.041826,-0.007707,0.039378,-0.998319,True,0.020594,1.178795,-0.074313,0.042402,0.008338,0.037692,-0.998355
32.492,True,-0.042649,1.184632,-0.073152,0.041718,-0.007445,0.039471,-0.998322,True,0.020761,1.178652,-0.074313,0.042297,0.008601,0.037784,-0.998353
32.504,True,-0.042592,1.184645,-0.073122,0.041664,-0.007398,0.039513,-0.998323,True,0.020817,1.178657,-0.074297,0.042244,0.008648,0.037827,-0.998354
32.514,True,-0.042563,1.184611,-0.073120,0.041133,-0.007789,0.039527,-0.998341,True,0.020846,1.178623,-0.074313,0.041712,0.008255,0.037841,-0.998379
32.526,True,-0.042543,1.184606,-0.073087,0.038434,-0.018903,0.040590,-0.998258,True,0.020866,1.178623,-0.074291,0.038992,-0.002905,0.038916,-0.998477
32.537,True,-0.042527,1.184582,-0.073066,0.040505,-0.022808,0.040936,-0.998080,True,0.020883,1.178612,-0.074274,0.041059,-0.006821,0.039266,-0.998362
32.548,True,-0.042533,1.184551,-0.073058,0.043137,-0.025985,0.041221,-0.997880,True,0.020878,1.178593,-0.074270,0.043690,-0.010005,0.039554,-0.998212
32.559,True,-0.042539,1.184517,-0.073048,0.047056,-0.027906,0.041384,-0.997645,True,0.020873,1.178571,-0.074265,0.047613,-0.011924,0.039718,-0.998005
32.570,True,-0.042588,1.184484,-0.073029,0.046630,-0.030739,0.041561,-0.997574,True,0.020826,1.178557,-0.074217,0.047182,-0.014776,0.039901,-0.997980
32.581,True,-0.042631,1.184455,-0.073038,0.047307,-0.029883,0.041431,-0.997573,True,0.020785,1.178538,-0.074208,0.047860,-0.013913,0.039773,-0.997965
32.592,True,-0.042695,1.184409,-0.073035,0.047362,-0.028257,0.041198,-0.997628,True,0.020723,1.178504,-0.074178,0.047915,-0.012278,0.039537,-0.997993
32.603,True,-0.042737,1.184405,-0.073024,0.047843,-0.027810,0.041166,-0.997619,True,0.020681,1.178505,-0.074138,0.048398,-0.011829,0.039506,-0.997976
32.614,True,-0.042762,1.184382,-0.073024,0.047844,-0.027050,0.041061,-0.997644,True,0.020657,1.178488,-0.074116,0.048399,-0.011065,0.039401,-0.997989
32.626,True,-0.042826,1.184395,-0.073005,0.048101,-0.025937,0.040958,-0.997665,True,0.020594,1.178505,-0.074064,0.048657,-0.009947,0.039296,-0.997993
32.636,True,-0.042881,1.184411,-0.072990,0.048070,-0.025579,0.040970,-0.997676,True,0.020540,1.178519,-0.074023,0.048627,-0.009588,0.039308,-0.997997
32.648,True,-0.042930,1.184405,-0.072988,0.047873,-0.024874,0.040920,-0.997705,True,0.020491,1.178513,-0.073997,0.048430,-0.008881,0.039257,-0.998015
32.659,True,-0.042976,1.184410,-0.072972,0.047507,-0.024187,0.040939,-0.997739,True,0.020444,1.178510,-0.073951,0.048066,-0.008193,0.039274,-0.998038
32.670,True,-0.043018,1.184427,-0.072940,0.047128,-0.023574,0.040900,-0.997773,True,0.020402,1.178525,-0.073904,0.047687,-0.007579,0.039235,-0.998063
32.681,True,-0.043017,1.184417,-0.072934,0.046875,-0.023379,0.040894,-0.997790,True,0.020403,1.178514,-0.073892,0.047434,-0.007384,0.039229,-0.998076
32.692,True,-0.043032,1.184428,-0.072898,0.046375,-0.023005,0.040828,-0.997824,True,0.020389,1.178528,-0.073848,0.046933,-0.007009,0.039164,-0.998105
32.703,True,-0.043037,1.184439,-0.072862,0.046106,-0.022998,0.040864,-0.997836,True,0.020384,1.178533,-0.073814,0.046664,-0.007002,0.039199,-0.998117
32.715,True,-0.043003,1.184437,-0.072858,0.045892,-0.023097,0.040936,-0.997840,True,0.020417,1.178521,-0.073816,0.046451,-0.007103,0.039271,-0.998123
32.726,True,-0.042993,1.184443,-0.072807,0.045894,-0.023001,0.041052,-0.997837,True,0.020425,1.178510,-0.073775,0.046455,-0.007006,0.039387,-0.998119
32.737,True,-0.042974,1.184454,-0.072760,0.045894,-0.023125,0.041170,-0.997830,True,0.020442,1.178506,-0.073742,0.046457,-0.007130,0.039508,-0.998113
32.748,True,-0.042929,1.184402,-0.072744,0.045694,-0.023143,0.041250,-0.997835,True,0.020486,1.178441,-0.073743,0.046258,-0.007147,0.039587,-0.998119
32.759,True,-0.042895,1.184169,-0.072914,0.046654,-0.023530,0.041380,-0.997776,True,0.020516,1.178406,-0.073714,0.047222,-0.007532,0.039719,-0.998066
32.770,True,-0.042866,1.184130,-0.072855,0.046443,-0.023645,0.041328,-0.997786,True,0.020545,1.178369,-0.073689,0.047010,-0.007647,0.039668,-0.998077
32.781,True,-0.042798,1.184092,-0.072854,0.047302,-0.023851,0.041283,-0.997742,True,0.020613,1.178339,-0.073708,0.047869,-0.007851,0.039623,-0.998037
32.792,True,-0.042765,1.184096,-0.072800,0.047541,-0.024100,0.041369,-0.997721,True,0.020645,1.178331,-0.073685,0.048110,-0.008099,0.039709,-0.998020
32.804,True,-0.042739,1.184106,-0.072750,0.048307,-0.024210,0.041428,-0.997679,True,0.020669,1.178333,-0.073660,0.048878,-0.008207,0.039768,-0.997979
32.814,True,-0.042695,1.184086,-0.072743,0.048598,-0.024431,0.041481,-0.997658,True,0.020713,1.178306,-0.073680,0.049170,-0.008427,0.039820,-0.997961
32.826,True,-0.042672,1.184034,-0.072707,0.048737,-0.024560,0.041332,-0.997654,True,0.020737,1.178271,-0.073666,0.049307,-0.008555,0.039673,-0.997959
32.837,True,-0.042667,1.183946,-0.072680,0.048979,-0.024712,0.041076,-0.997649,True,0.020744,1.178217,-0.073654,0.049545,-0.008706,0.039417,-0.997956
32.848,True,-0.042635,1.183895,-0.072682,0.048833,-0.024704,0.040954,-0.997661,True,0.020778,1.178181,-0.073651,0.049396,-0.008699,0.039297,-0.997968
32.859,True,-0.042645,1.183869,-0.072660,0.048769,-0.024656,0.040961,-0.997665,True,0.020768,1.178155,-0.073624,0.049333,-0.008651,0.039305,-0.997971
32.870,True,-0.042660,1.183900,-0.072640,0.048499,-0.024885,0.041145,-0.997665,True,0.020751,1.178167,-0.073591,0.049065,-0.008882,0.039490,-0.997975
32.881,True,-0.042627,1.183968,-0.072656,0.048801,-0.024889,0.041554,-0.997633,True,0.020780,1.178185,-0.073591,0.049374,-0.008886,0.039898,-0.997944
32.892,True,-0.042657,1.184023,-0.072632,0.048734,-0.024902,0.041858,-0.997624,True,0.020747,1.178204,-0.073554,0.049311,-0.008899,0.040203,-0.997934
32.903,True,-0.042688,1.184063,-0.072615,0.048743,-0.025223,0.042207,-0.997600,True,0.020713,1.178206,-0.073525,0.049325,-0.009222,0.040554,-0.997917
32.914,True,-0.042663,1.184083,-0.072623,0.048683,-0.025252,0.042266,-0.997600,True,0.020738,1.178221,-0.073515,0.049265,-0.009252,0.040615,-0.997917
32.925,True,-0.042710,1.184106,-0.072606,0.048329,-0.025392,0.042252,-0.997614,True,0.020691,1.178248,-0.073492,0.048911,-0.009393,0.040603,-0.997933
32.936,True,-0.042753,1.184093,-0.072621,0.047918,-0.025166,0.041901,-0.997655,True,0.020652,1.178279,-0.073487,0.048493,-0.009167,0.040253,-0.997970
32.948,True,-0.042765,1.184058,-0.072663,0.047618,-0.024846,0.041659,-0.997687,True,0.020643,1.178275,-0.073500,0.048190,-0.008847,0.040013,-0.997997
32.959,True,-0.042822,1.184014,-0.072677,0.047459,-0.024775,0.041554,-0.997701,True,0.020588,1.178246,-0.073499,0.048029,-0.008777,0.039908,-0.998010
32.970,True,-0.042872,1.183974,-0.072687,0.047393,-0.024721,0.041535,-0.997706,True,0.020538,1.178209,-0.073502,0.047962,-0.008723,0.039891,-0.998014
32.981,True,-0.042851,1.183913,-0.072726,0.047151,-0.025018,0.041597,-0.997708,True,0.020559,1.178143,-0.073540,0.047721,-0.009021,0.039955,-0.998021
32.992,True,-0.042887,1.183872,-0.072735,0.046674,-0.025333,0.041516,-0.997726,True,0.020524,1.178116,-0.073549,0.047240,-0.009340,0.039873,-0.998044
33.003,True,-0.042930,1.183840,-0.072754,0.046899,-0.025251,0.041366,-0.997723,True,0.020483,1.178102,-0.073564,0.047463,-0.009257,0.039721,-0.998040
33.014,True,-0.042909,1.183829,-0.072794,0.046695,-0.025529,0.041332,-0.997727,True,0.020505,1.178100,-0.073592,0.047257,-0.009539,0.039685,-0.998049
33.025,True,-0.042958,1.183833,-0.072816,0.046891,-0.025534,0.041201,-0.997723,True,0.020458,1.178123,-0.073599,0.047451,-0.009544,0.039552,-0.998045
33.037,True,-0.043005,1.183840,-0.072842,0.047139,-0.025355,0.041080,-0.997721,True,0.020412,1.178146,-0.073612,0.047697,-0.009364,0.039429,-0.998039
33.048,True,-0.043014,1.183829,-0.072897,0.047120,-0.025325,0.040997,-0.997726,True,0.020404,1.178147,-0.073656,0.047677,-0.009335,0.039346,-0.998044
33.059,True,-0.043040,1.183840,-0.072932,0.046966,-0.025114,0.040937,-0.997741,True,0.020380,1.178165,-0.073666,0.047521,-0.009125,0.039285,-0.998056
33.070,True,-0.043088,1.183872,-0.072948,0.046958,-0.025138,0.040827,-0.997746,True,0.020333,1.178211,-0.073685,0.047512,-0.009148,0.039175,-0.998060
33.081,True,-0.043075,1.183891,-0.073001,0.047108,-0.024384,0.040807,-0.997758,True,0.020346,1.178226,-0.073723,0.047664,-0.008390,0.039154,-0.998061
33.092,True,-0.043096,1.183893,-0.073050,0.046873,-0.023784,0.040745,-0.997786,True,0.020325,1.178230,-0.073759,0.047429,-0.007789,0.039091,-0.998079
33.103,True,-0.043140,1.183870,-0.073105,0.046801,-0.023293,0.040669,-0.997804,True,0.020282,1.178211,-0.073801,0.047357,-0.007296,0.039015,-0.998089
33.114,True,-0.043135,1.183868,-0.073183,0.046371,-0.023182,0.040508,-0.997833,True,0.020288,1.178229,-0.073868,0.046924,-0.007186,0.038854,-0.998117
33.125,True,-0.043147,1.183919,-0.073222,0.046325,-0.023167,0.040382,-0.997841,True,0.020278,1.178297,-0.073895,0.046875,-0.007172,0.038726,-0.998124
33.136,True,-0.043157,1.183972,-0.073265,0.047025,-0.023969,0.040577,-0.997781,True,0.020267,1.178339,-0.073923,0.047577,-0.007977,0.038919,-0.998077
33.148,True,-0.043147,1.184016,-0.073312,0.047691,-0.024735,0.040952,-0.997716,True,0.020275,1.178350,-0.073948,0.048247,-0.008748,0.039291,-0.998024
33.159,True,-0.043143,1.184085,-0.073341,0.052147,-0.025068,0.041448,-0.997464,True,0.020274,1.178373,-0.073971,0.052718,-0.009072,0.039783,-0.997775
33.170,True,-0.043124,1.184147,-0.073375,0.051243,-0.025674,0.041642,-0.997487,True,0.020291,1.178415,-0.074007,0.051813,-0.009684,0.039976,-0.997809
33.181,True,-0.043090,1.184216,-0.073401,0.053570,-0.027352,0.041786,-0.997315,True,0.020326,1.178492,-0.074046,0.054143,-0.011365,0.040119,-0.997662
33.192,True,-0.043056,1.184258,-0.073438,0.056105,-0.029121,0.041739,-0.997127,True,0.020363,1.178568,-0.074092,0.056677,-0.013139,0.040069,-0.997502
33.203,True,-0.043012,1.184331,-0.073460,0.056553,-0.029401,0.041660,-0.997097,True,0.020408,1.178656,-0.074116,0.057123,-0.013420,0.039988,-0.997476
33.214,True,-0.042970,1.184381,-0.073500,0.055987,-0.028938,0.041558,-0.997146,True,0.020450,1.178710,-0.074164,0.056556,-0.012956,0.039880,-0.997519
33.225,True,-0.042916,1.184429,-0.073517,0.056140,-0.029038,0.041589,-0.997134,True,0.020504,1.178753,-0.074193,0.056708,-0.013057,0.039909,-0.997507
33.236,True,-0.042861,1.184466,-0.073525,0.056314,-0.029211,0.041728,-0.997113,True,0.020557,1.178772,-0.074221,0.056885,-0.013230,0.040045,-0.997490
33.248,True,-0.042785,1.184473,-0.073543,0.056509,-0.029312,0.041860,-0.997093,True,0.020631,1.178762,-0.074250,0.057082,-0.013332,0.040174,-0.997472
33.259,True,-0.042706,1.184520,-0.073543,0.056423,-0.029486,0.042132,-0.997082,True,0.020707,1.178772,-0.074271,0.057000,-0.013506,0.040447,-0.997463
33.270,True,-0.042632,1.184542,-0.073553,0.056521,-0.029713,0.042398,-0.997058,True,0.020778,1.178760,-0.074306,0.057103,-0.013733,0.040712,-0.997443
33.281,True,-0.042564,1.184578,-0.073582,0.056433,-0.029790,0.042683,-0.997049,True,0.020842,1.178758,-0.074344,0.057019,-0.013810,0.040998,-0.997435
33.292,True,-0.042494,1.184595,-0.073585,0.056006,-0.032333,0.043127,-0.996974,True,0.020910,1.178749,-0.074371,0.056592,-0.016373,0.041447,-0.997402
33.304,True,-0.042413,1.184607,-0.073600,0.055941,-0.032127,0.043254,-0.996979,True,0.020988,1.178739,-0.074402,0.056530,-0.016167,0.041575,-0.997404
33.317,True,-0.042323,1.184624,-0.073644,0.055939,-0.032328,0.043447,-0.996965,True,0.021076,1.178731,-0.074463,0.056530,-0.016371,0.041767,-0.997393
33.328,True,-0.042279,1.184643,-0.073638,0.055889,-0.032906,0.043620,-0.996941,True,0.021118,1.178732,-0.074476,0.056482,-0.016954,0.041941,-0.997378
33.339,True,-0.042229,1.184675,-0.073650,0.055890,-0.033319,0.043817,-0.996918,True,0.021166,1.178742,-0.074499,0.056485,-0.017370,0.042137,-0.997363
33.350,True,-0.042196,1.184730,-0.073659,0.055875,-0.033617,0.043982,-0.996902,True,0.021196,1.178777,-0.074527,0.056471,-0.017672,0.042300,-0.997351
33.361,True,-0.042160,1.184771,-0.073666,0.055935,-0.033734,0.044067,-0.996891,True,0.021231,1.178806,-0.074553,0.056533,-0.017790,0.042383,-0.997342
33.372,True,-0.042146,1.184779,-0.073658,0.056054,-0.033894,0.043987,-0.996882,True,0.021245,1.178824,-0.074565,0.056650,-0.017950,0.042301,-0.997336
33.383,True,-0.042153,1.184781,-0.073674,0.055871,-0.032452,0.043672,-0.996954,True,0.021241,1.178844,-0.074590,0.056465,-0.016501,0.041983,-0.997385
33.395,True,-0.042161,1.184780,-0.073691,0.055801,-0.032240,0.043502,-0.996973,True,0.021234,1.178861,-0.074612,0.056393,-0.016289,0.041813,-0.997400
33.406,True,-0.042171,1.184762,-0.073712,0.055665,-0.032065,0.043344,-0.996993,True,0.021225,1.178860,-0.074635,0.056255,-0.016113,0.041655,-0.997417
33.417,True,-0.042208,1.184769,-0.073719,0.055321,-0.031980,0.043239,-0.997019,True,0.021190,1.178878,-0.074642,0.055908,-0.016030,0.041551,-0.997442
33.428,True,-0.042235,1.184753,-0.073737,0.055070,-0.031682,0.043066,-0.997050,True,0.021164,1.178880,-0.074658,0.055655,-0.015730,0.041379,-0.997468
33.439,True,-0.042267,1.184738,-0.073769,0.054708,-0.031020,0.042934,-0.997097,True,0.021133,1.178875,-0.074677,0.055292,-0.015066,0.041248,-0.997504
33.450,True,-0.042314,1.184731,-0.073799,0.054522,-0.030975,0.042798,-0.997114,True,0.021088,1.178885,-0.074699,0.055103,-0.015022,0.041111,-0.997521
33.461,True,-0.042367,1.184730,-0.073824,0.054320,-0.030790,0.042668,-0.997136,True,0.021037,1.178901,-0.074708,0.054900,-0.014837,0.040982,-0.997540
33.472,True,-0.042417,1.184738,-0.073860,0.054187,-0.030296,0.042561,-0.997163,True,0.020988,1.178920,-0.074717,0.054765,-0.014342,0.040874,-0.997559
33.484,True,-0.042469,1.184765,-0.073890,0.053878,-0.029935,0.042512,-0.997193,True,0.020936,1.178952,-0.074721,0.054455,-0.013981,0.040824,-0.997583
33.495,True,-0.042526,1.184796,-0.073921,0.053797,-0.029566,0.042510,-0.997208,True,0.020880,1.178982,-0.074724,0.054374,-0.013612,0.040821,-0.997593
33.506,True,-0.042565,1.184828,-0.073939,0.053499,-0.029239,0.042469,-0.997236,True,0.020842,1.179018,-0.074721,0.054076,-0.013285,0.040779,-0.997615
33.517,True,-0.042602,1.184857,-0.073956,0.053340,-0.029289,0.042432,-0.997245,True,0.020805,1.179055,-0.074720,0.053915,-0.013338,0.040741,-0.997625
33.528,True,-0.042654,1.184889,-0.073991,0.053333,-0.029124,0.042406,-0.997251,True,0.020754,1.179091,-0.074731,0.053907,-0.013173,0.040712,-0.997629
33.539,True,-0.042678,1.184910,-0.074014,0.053200,-0.028852,0.042322,-0.997269,True,0.020731,1.179121,-0.074744,0.053773,-0.012901,0.040627,-0.997643
33.550,True,-0.042706,1.184949,-0.074037,0.052894,-0.028686,0.042376,-0.997288,True,0.020703,1.179152,-0.074750,0.053467,-0.012735,0.040680,-0.997659
33.561,True,-0.042720,1.184959,-0.074041,0.052816,-0.028929,0.042435,-0.997283,True,0.020688,1.179157,-0.074757,0.053389,-0.012981,0.040737,-0.997658
33.572,True,-0.042725,1.184962,-0.074061,0.052972,-0.028839,0.042394,-0.997279,True,0.020684,1.179165,-0.074765,0.053545,-0.012891,0.040693,-0.997653
33.583,True,-0.042738,1.184966,-0.074076,0.052293,-0.029236,0.042356,-0.997305,True,0.020671,1.179177,-0.074793,0.052863,-0.013292,0.040656,-0.997685
33.594,True,-0.042736,1.184966,-0.074058,0.052150,-0.029381,0.042279,-0.997311,True,0.020674,1.179185,-0.074788,0.052718,-0.013438,0.040578,-0.997694
33.606,True,-0.042728,1.184984,-0.074049,0.051995,-0.029577,0.042287,-0.997313,True,0.020682,1.179203,-0.074789,0.052562,-0.013635,0.040585,-0.997699
33.617,True,-0.042707,1.185019,-0.074050,0.051507,-0.029923,0.042389,-0.997324,True,0.020702,1.179227,-0.074796,0.052074,-0.013984,0.040688,-0.997716
33.628,True,-0.042704,1.185039,-0.074034,0.051256,-0.030085,0.042499,-0.997327,True,0.020703,1.179233,-0.074795,0.051824,-0.014148,0.040799,-0.997722
33.639,True,-0.042679,1.185035,-0.074029,0.049268,-0.029623,0.042497,-0.997441,True,0.020727,1.179217,-0.074798,0.049833,-0.013688,0.040796,-0.997830
33.650,True,-0.042646,1.184931,-0.074027,0.047630,-0.029740,0.042220,-0.997529,True,0.020763,1.179144,-0.074808,0.048188,-0.013810,0.040520,-0.997921
33.661,True,-0.042658,1.184891,-0.074006,0.046079,-0.029801,0.042055,-0.997607,True,0.020752,1.179121,-0.074797,0.046631,-0.013875,0.040358,-0.998000
33.672,True,-0.042647,1.184860,-0.074003,0.046005,-0.029746,0.042022,-0.997614,True,0.020764,1.179094,-0.074787,0.046557,-0.013820,0.040326,-0.998006
33.684,True,-0.042651,1.184850,-0.073978,0.042606,-0.029631,0.042046,-0.997767,True,0.020759,1.179071,-0.074763,0.043152,-0.013714,0.040352,-0.998159
33.695,True,-0.042652,1.184893,-0.073946,0.041835,-0.029566,0.042196,-0.997795,True,0.020755,1.179092,-0.074733,0.042382,-0.013652,0.040501,-0.998187
33.706,True,-0.042630,1.184967,-0.073929,0.040372,-0.029164,0.042433,-0.997857,True,0.020775,1.179129,-0.074701,0.040921,-0.013253,0.040739,-0.998244
33.717,True,-0.042626,1.184991,-0.073916,0.039910,-0.029130,0.042767,-0.997863,True,0.020774,1.179108,-0.074689,0.040463,-0.013221,0.041071,-0.998249
33.728,True,-0.042627,1.185006,-0.073883,0.039275,-0.029169,0.042896,-0.997881,True,0.020772,1.179104,-0.074669,0.039829,-0.013261,0.041202,-0.998269
33.739,True,-0.042623,1.185019,-0.073854,0.038407,-0.029017,0.042933,-0.997918,True,0.020774,1.179106,-0.074658,0.038962,-0.013110,0.041242,-0.998303
33.750,True,-0.042610,1.185013,-0.073820,0.037916,-0.029047,0.042788,-0.997942,True,0.020788,1.179115,-0.074645,0.038467,-0.013139,0.041100,-0.998328
33.761,True,-0.042617,1.184984,-0.073794,0.037616,-0.029026,0.042510,-0.997966,True,0.020784,1.179117,-0.074639,0.038163,-0.013117,0.040824,-0.998351
33.772,True,-0.042623,1.184965,-0.073780,0.037439,-0.029084,0.042301,-0.997980,True,0.020780,1.179125,-0.074634,0.037982,-0.013175,0.040617,-0.998366
33.783,True,-0.042648,1.184906,-0.073773,0.036950,-0.028891,0.042186,-0.998008,True,0.020755,1.179075,-0.074637,0.037492,-0.012983,0.040502,-0.998391
33.795,True,-0.042674,1.184864,-0.073765,0.036886,-0.028076,0.042038,-0.998040,True,0.020730,1.179039,-0.074639,0.037429,-0.012162,0.040354,-0.998410
33.805,True,-0.042700,1.184820,-0.073758,0.036250,-0.025917,0.041718,-0.998135,True,0.020704,1.179004,-0.074641,0.036794,-0.009993,0.040033,-0.998471
33.816,True,-0.042732,1.184768,-0.073766,0.042990,-0.011218,0.040238,-0.998202,True,0.020673,1.178957,-0.074654,0.043568,0.004791,0.038536,-0.998296
33.828,True,-0.042773,1.184729,-0.073770,0.044459,-0.009060,0.039914,-0.998172,True,0.020634,1.178934,-0.074653,0.045041,0.006960,0.038209,-0.998230
33.839,True,-0.042819,1.184704,-0.073777,0.041936,-0.012718,0.040202,-0.998230,True,0.020589,1.178918,-0.074647,0.042508,0.003283,0.038501,-0.998349
33.850,True,-0.042857,1.184704,-0.073789,0.045879,-0.004601,0.039323,-0.998162,True,0.020552,1.178929,-0.074646,0.046465,0.011434,0.037611,-0.998146
33.861,True,-0.042915,1.184720,-0.073806,0.046300,-0.002861,0.039044,-0.998160,True,0.020496,1.178962,-0.074641,0.046886,0.013178,0.037330,-0.998116
33.872,True,-0.042991,1.184729,-0.073819,0.045166,-0.004912,0.039113,-0.998201,True,0.020422,1.178989,-0.074639,0.045746,0.011119,0.037400,-0.998191
33.883,True,-0.043042,1.184733,-0.073833,0.043557,-0.003890,0.038838,-0.998288,True,0.020373,1.179014,-0.074623,0.044134,0.012138,0.037125,-0.998262
33.894,True,-0.043112,1.184757,-0.073860,0.041790,-0.003719,0.038728,-0.998369,True,0.020305,1.179051,-0.074620,0.042364,0.012303,0.037016,-0.998341
33.906,True,-0.043168,1.184787,-0.073888,0.040714,-0.003089,0.038666,-0.998418,True,0.020249,1.179082,-0.074623,0.041288,0.012931,0.036955,-0.998380
33.916,True,-0.043224,1.184753,-0.073896,0.042228,0.000023,0.038352,-0.998372,True,0.020193,1.179051,-0.074621,0.042808,0.016055,0.036640,-0.998282
33.932,True,-0.043289,1.184667,-0.073939,0.039117,-0.003274,0.038394,-0.998491,True,0.020132,1.179002,-0.074634,0.039684,0.012741,0.036688,-0.998457
33.943,True,-0.043317,1.184628,-0.073949,0.039833,-0.001382,0.037975,-0.998484,True,0.020106,1.178994,-0.074635,0.040400,0.014640,0.036269,-0.998418
33.954,True,-0.043352,1.184631,-0.073963,0.039006,-0.001568,0.037925,-0.998518,True,0.020073,1.179007,-0.074627,0.039571,0.014451,0.036220,-0.998456
33.965,True,-0.043389,1.184620,-0.073987,0.038134,-0.001660,0.037974,-0.998550,True,0.020036,1.178993,-0.074623,0.038698,0.014355,0.036269,-0.998489
33.977,True,-0.043412,1.184607,-0.073978,0.034627,-0.002729,0.038268,-0.998664,True,0.020011,1.178950,-0.074594,0.035190,0.013272,0.036567,-0.998623
33.988,True,-0.043435,1.184620,-0.073973,0.034920,-0.002277,0.038498,-0.998646,True,0.019985,1.178931,-0.074577,0.035487,0.013726,0.036797,-0.998598
33.999,True,-0.043430,1.184654,-0.073954,0.055345,-0.016162,0.040451,-0.997517,True,0.019988,1.178957,-0.074569,0.055924,-0.000142,0.038756,-0.997683
34.010,True,-0.043427,1.184670,-0.073925,0.055524,-0.016280,0.040233,-0.997514,True,0.019994,1.179000,-0.074556,0.056100,-0.000260,0.038535,-0.997681
34.021,True,-0.043414,1.184730,-0.073885,0.055531,-0.016350,0.039994,-0.997522,True,0.020010,1.179089,-0.074527,0.056103,-0.000331,0.038296,-0.997690
34.032,True,-0.043403,1.184748,-0.073855,0.055746,-0.016526,0.039704,-0.997518,True,0.020023,1.179143,-0.074520,0.056312,-0.000507,0.038003,-0.997690
34.043,True,-0.043382,1.184745,-0.073843,0.055733,-0.016572,0.039642,-0.997521,True,0.020045,1.179147,-0.074515,0.056299,-0.000552,0.037941,-0.997693
34.054,True,-0.043348,1.184745,-0.073810,0.058229,-0.019396,0.039906,-0.997317,True,0.020080,1.179155,-0.074503,0.058796,-0.003382,0.038207,-0.997533
34.065,True,-0.043307,1.184727,-0.073771,0.059003,-0.019953,0.039982,-0.997257,True,0.020119,1.179132,-0.074494,0.059572,-0.003939,0.038284,-0.997482
34.077,True,-0.043247,1.184703,-0.073719,0.055587,-0.017230,0.039667,-0.997517,True,0.020179,1.179098,-0.074475,0.056153,-0.001210,0.037968,-0.997699
34.088,True,-0.043186,1.184677,-0.073665,0.055524,-0.017528,0.039682,-0.997515,True,0.020238,1.179067,-0.074459,0.056089,-0.001508,0.037984,-0.997702
34.099,True,-0.043113,1.184680,-0.073581,0.055412,-0.017782,0.039980,-0.997504,True,0.020308,1.179030,-0.074406,0.055983,-0.001763,0.038284,-0.997696
34.110,True,-0.043102,1.184654,-0.073541,0.062843,-0.037478,0.042392,-0.996418,True,0.020317,1.178980,-0.074370,0.063420,-0.021552,0.040716,-0.996923
34.121,True,-0.043091,1.184646,-0.073495,0.059879,-0.024281,0.041127,-0.997062,True,0.020326,1.178949,-0.074320,0.060459,-0.008282,0.039436,-0.997357
34.132,True,-0.043085,1.184652,-0.073443,0.059791,-0.024306,0.041426,-0.997055,True,0.020328,1.178916,-0.074269,0.060376,-0.008307,0.039736,-0.997350
34.143,True,-0.043104,1.184637,-0.073383,0.059474,-0.005339,0.039631,-0.997429,True,0.020307,1.178873,-0.074210,0.060073,0.010731,0.037924,-0.997416
34.154,True,-0.043118,1.184610,-0.073338,0.060935,-0.000438,0.039166,-0.997373,True,0.020292,1.178842,-0.074171,0.061539,0.015646,0.037456,-0.997279
34.165,True,-0.043130,1.184598,-0.073299,0.062033,0.003202,0.038915,-0.997310,True,0.020278,1.178814,-0.074131,0.062641,0.019293,0.037202,-0.997156
34.177,True,-0.043175,1.184565,-0.073261,0.059365,-0.000159,0.039158,-0.997468,True,0.020234,1.178790,-0.074098,0.059968,0.015922,0.037450,-0.997371
34.188,True,-0.043219,1.184554,-0.073233,0.057412,0.000685,0.038969,-0.997590,True,0.020192,1.178789,-0.074064,0.058014,0.016763,0.037263,-0.997479
34.199,True,-0.043286,1.184514,-0.073198,0.059786,0.004598,0.038375,-0.997463,True,0.020127,1.178778,-0.074028,0.060388,0.020688,0.036667,-0.997287
34.210,True,-0.043344,1.184470,-0.073184,0.055094,0.000671,0.038549,-0.997737,True,0.020071,1.178756,-0.074005,0.055688,0.016745,0.036847,-0.997628
34.221,True,-0.043409,1.184421,-0.073168,0.054520,0.000078,0.038406,-0.997774,True,0.020008,1.178734,-0.073982,0.055109,0.016150,0.036707,-0.997675
34.232,True,-0.043480,1.184379,-0.073142,0.055668,0.004844,0.037702,-0.997726,True,0.019940,1.178720,-0.073954,0.056259,0.020925,0.036000,-0.997548
34.244,True,-0.043537,1.184355,-0.073129,0.054455,0.004455,0.037595,-0.997798,True,0.019885,1.178716,-0.073920,0.055042,0.020533,0.035895,-0.997627
34.255,True,-0.043630,1.184332,-0.073108,0.052430,0.003973,0.037401,-0.997916,True,0.019795,1.178722,-0.073889,0.053012,0.020046,0.035703,-0.997754
34.266,True,-0.043726,1.184328,-0.073110,0.052423,0.004227,0.037208,-0.997923,True,0.019701,1.178744,-0.073859,0.053002,0.020300,0.035510,-0.997756
34.277,True,-0.043779,1.184317,-0.073107,0.050846,0.003987,0.037203,-0.998005,True,0.019648,1.178735,-0.073841,0.051423,0.020055,0.035506,-0.997844
34.288,True,-0.043891,1.184317,-0.073100,0.050836,0.004088,0.037065,-0.998011,True,0.019538,1.178755,-0.073808,0.051412,0.020156,0.035368,-0.997848
34.299,True,-0.043966,1.184312,-0.073114,0.050275,0.004939,0.036889,-0.998042,True,0.019465,1.178764,-0.073795,0.050849,0.021006,0.035191,-0.997865
34.310,True,-0.044027,1.184301,-0.073119,0.049760,0.005737,0.036789,-0.998067,True,0.019405,1.178758,-0.073772,0.050334,0.021803,0.035090,-0.997878
34.321,True,-0.044101,1.184292,-0.073122,0.048189,0.004831,0.036730,-0.998151,True,0.019334,1.178769,-0.073752,0.048759,0.020892,0.035034,-0.997977
34.332,True,-0.044177,1.184303,-0.073123,0.047623,0.004020,0.036862,-0.998177,True,0.019256,1.178774,-0.073736,0.048192,0.020078,0.035164,-0.998017
34.344,True,-0.044238,1.184310,-0.073138,0.046676,0.002619,0.036997,-0.998221,True,0.019196,1.178784,-0.073724,0.047243,0.018671,0.035301,-0.998085
34.355,True,-0.044308,1.184318,-0.073144,0.046127,0.002113,0.036931,-0.998251,True,0.019128,1.178809,-0.073713,0.046691,0.018163,0.035234,-0.998123
34.366,True,-0.044366,1.184348,-0.073161,0.045530,0.001611,0.037010,-0.998276,True,0.019070,1.178839,-0.073700,0.046092,0.017659,0.035315,-0.998157
34.377,True,-0.044446,1.184330,-0.073155,0.045329,0.002380,0.036829,-0.998290,True,0.018991,1.178833,-0.073688,0.045890,0.018428,0.035133,-0.998158
34.388,True,-0.044514,1.184335,-0.073172,0.045108,-0.000015,0.037014,-0.998296,True,0.018924,1.178848,-0.073694,0.045665,0.016027,0.035319,-0.998204
34.399,True,-0.044560,1.184363,-0.073184,0.044661,-0.000345,0.037090,-0.998313,True,0.018878,1.178872,-0.073695,0.045218,0.015696,0.035397,-0.998227
34.410,True,-0.044609,1.184352,-0.073219,0.044056,-0.001029,0.037105,-0.998339,True,0.018829,1.178865,-0.073728,0.044611,0.015007,0.035410,-0.998264
34.421,True,-0.044650,1.184357,-0.073231,0.043765,-0.001712,0.037089,-0.998352,True,0.018790,1.178880,-0.073740,0.044317,0.014322,0.035394,-0.998288
34.432,True,-0.044683,1.184385,-0.073242,0.043892,-0.002195,0.037109,-0.998344,True,0.018757,1.178911,-0.073756,0.044442,0.013838,0.035411,-0.998288
34.444,True,-0.044728,1.184417,-0.073242,0.043371,-0.003183,0.037169,-0.998362,True,0.018712,1.178946,-0.073763,0.043920,0.012845,0.035472,-0.998323
34.455,True,-0.044720,1.184463,-0.073275,0.043535,-0.003136,0.037321,-0.998350,True,0.018718,1.178973,-0.073788,0.044086,0.012892,0.035620,-0.998309
34.466,True,-0.044729,1.184460,-0.073282,0.043357,-0.003777,0.037258,-0.998358,True,0.018710,1.178984,-0.073808,0.043905,0.012250,0.035558,-0.998328
34.477,True,-0.044737,1.184403,-0.073301,0.043154,-0.004475,0.037073,-0.998370,True,0.018704,1.178959,-0.073836,0.043697,0.011550,0.035374,-0.998352
34.488,True,-0.044738,1.184328,-0.073339,0.043266,-0.003906,0.036790,-0.998378,True,0.018706,1.178912,-0.073876,0.043806,0.012121,0.035090,-0.998350
34.499,True,-0.044743,1.184312,-0.073352,0.042907,-0.004742,0.036860,-0.998388,True,0.018701,1.178897,-0.073893,0.043446,0.011282,0.035162,-0.998373
34.510,True,-0.044715,1.184291,-0.073366,0.042840,-0.004149,0.036890,-0.998392,True,0.018729,1.178863,-0.073913,0.043381,0.011876,0.035192,-0.998368
34.521,True,-0.044699,1.184334,-0.073374,0.042476,-0.005056,0.037226,-0.998391,True,0.018741,1.178874,-0.073924,0.043019,0.010965,0.035529,-0.998382
34.532,True,-0.044684,1.184395,-0.073398,0.042261,-0.004996,0.037530,-0.998389,True,0.018752,1.178895,-0.073947,0.042809,0.011024,0.035832,-0.998380
34.543,True,-0.044665,1.184435,-0.073421,0.041655,-0.004966,0.037850,-0.998403,True,0.018768,1.178892,-0.073971,0.042208,0.011053,0.036152,-0.998393
34.555,True,-0.044668,1.184464,-0.073425,0.041599,-0.005153,0.038111,-0.998394,True,0.018762,1.178887,-0.073997,0.042156,0.010866,0.036413,-0.998388
34.566,True,-0.044658,1.184501,-0.073435,0.041386,-0.005517,0.038149,-0.998399,True,0.018772,1.178921,-0.074027,0.041942,0.010500,0.036451,-0.998400
34.577,True,-0.044651,1.184532,-0.073444,0.041266,-0.005928,0.037961,-0.998409,True,0.018781,1.178977,-0.074052,0.041818,0.010088,0.036262,-0.998416
34.588,True,-0.044660,1.184567,-0.073473,0.041427,-0.006218,0.037792,-0.998407,True,0.018773,1.179037,-0.074087,0.041976,0.009796,0.036089,-0.998419
34.599,True,-0.044686,1.184600,-0.073495,0.041302,-0.006289,0.037650,-0.998417,True,0.018749,1.179087,-0.074117,0.041848,0.009724,0.035945,-0.998430
34.610,True,-0.044730,1.184580,-0.073542,0.041295,-0.006580,0.037497,-0.998422,True,0.018707,1.179088,-0.074176,0.041837,0.009432,0.035790,-0.998439
34.621,True,-0.044748,1.184598,-0.073580,0.041320,-0.006895,0.037508,-0.998418,True,0.018690,1.179109,-0.074211,0.041861,0.009116,0.035802,-0.998440
34.632,True,-0.044788,1.184558,-0.073621,0.041500,-0.007024,0.037416,-0.998413,True,0.018650,1.179082,-0.074260,0.042040,0.008988,0.035709,-0.998437
34.644,True,-0.044836,1.184522,-0.073674,0.042118,-0.006730,0.037280,-0.998394,True,0.018603,1.179059,-0.074323,0.042657,0.009284,0.035571,-0.998413
34.654,True,-0.044927,1.184486,-0.073774,0.042152,-0.006645,0.036970,-0.998405,True,0.018516,1.179063,-0.074412,0.042686,0.009368,0.035257,-0.998422
34.666,True,-0.045008,1.184508,-0.073821,0.042037,-0.006761,0.036862,-0.998413,True,0.018436,1.179102,-0.074441,0.042569,0.009251,0.035149,-0.998432
34.677,True,-0.045053,1.184489,-0.073922,0.042304,-0.006439,0.036705,-0.998410,True,0.018393,1.179104,-0.074505,0.042833,0.009572,0.034987,-0.998424
34.688,True,-0.045139,1.184510,-0.073975,0.042775,-0.006325,0.036609,-0.998394,True,0.018308,1.179139,-0.074537,0.043303,0.009688,0.034889,-0.998406
34.699,True,-0.045209,1.184546,-0.074039,0.043213,-0.005895,0.036518,-0.998381,True,0.018240,1.179188,-0.074561,0.043741,0.010118,0.034796,-0.998386
34.710,True,-0.045291,1.184575,-0.074109,0.043529,-0.005443,0.036470,-0.998372,True,0.018159,1.179222,-0.074594,0.044057,0.010571,0.034745,-0.998369
34.721,True,-0.045368,1.184634,-0.074182,0.043762,-0.005094,0.036440,-0.998364,True,0.018083,1.179286,-0.074627,0.044290,0.010920,0.034713,-0.998356
34.732,True,-0.045449,1.184681,-0.074265,0.043966,-0.004814,0.036552,-0.998353,True,0.018001,1.179321,-0.074670,0.044496,0.011200,0.034821,-0.998340
34.744,True,-0.045494,1.184680,-0.074325,0.043769,-0.004581,0.036538,-0.998363,True,0.017957,1.179324,-0.074700,0.044299,0.011433,0.034810,-0.998346
34.755,True,-0.045539,1.184654,-0.074377,0.043814,-0.004267,0.036538,-0.998362,True,0.017911,1.179296,-0.074727,0.044345,0.011747,0.034808,-0.998341
34.766,True,-0.045612,1.184635,-0.074434,0.043379,-0.003948,0.036252,-0.998393,True,0.017842,1.179310,-0.074773,0.043906,0.012065,0.034522,-0.998366
34.777,True,-0.045801,1.184860,-0.074302,0.043544,-0.003828,0.036195,-0.998388,True,0.017818,1.179330,-0.074807,0.044069,0.012186,0.034463,-0.998360
34.788,True,-0.045842,1.184887,-0.074375,0.043400,-0.003460,0.036158,-0.998397,True,0.017777,1.179361,-0.074843,0.043925,0.012552,0.034424,-0.998363
34.799,True,-0.045890,1.184920,-0.074416,0.043333,-0.003332,0.036289,-0.998396,True,0.017729,1.179379,-0.074863,0.043860,0.012679,0.034553,-0.998360
34.810,True,-0.045920,1.184971,-0.074460,0.043344,-0.003594,0.036479,-0.998388,True,0.017697,1.179410,-0.074895,0.043873,0.012416,0.034741,-0.998356
34.821,True,-0.045945,1.185007,-0.074505,0.044389,-0.004573,0.036699,-0.998330,True,0.017671,1.179434,-0.074936,0.044920,0.011436,0.034958,-0.998313
34.832,True,-0.045954,1.185040,-0.074519,0.048613,-0.010755,0.037353,-0.998061,True,0.017663,1.179482,-0.074955,0.049139,0.005246,0.035615,-0.998143
34.843,True,-0.045940,1.185054,-0.074542,0.052379,-0.026327,0.038966,-0.997520,True,0.017679,1.179516,-0.074988,0.052893,-0.010391,0.037242,-0.997851
34.854,True,-0.045928,1.185068,-0.074559,0.053234,-0.042099,0.040505,-0.996872,True,0.017693,1.179553,-0.075013,0.053730,-0.026274,0.038800,-0.997456
34.865,True,-0.045912,1.185075,-0.074568,0.053855,-0.044248,0.040639,-0.996740,True,0.017710,1.179572,-0.075036,0.054349,-0.028439,0.038935,-0.997357
34.877,True,-0.045904,1.185080,-0.074580,0.053277,-0.045831,0.040740,-0.996695,True,0.017718,1.179581,-0.075071,0.053768,-0.030037,0.039040,-0.997338
34.888,True,-0.045876,1.185081,-0.074586,0.052833,-0.048323,0.040936,-0.996593,True,0.017747,1.179585,-0.075100,0.053319,-0.032550,0.039241,-0.997275
34.899,True,-0.045837,1.185066,-0.074582,0.051085,-0.047692,0.040902,-0.996716,True,0.017784,1.179558,-0.075118,0.051568,-0.031916,0.039207,-0.997389
34.910,True,-0.045786,1.185052,-0.074584,0.048753,-0.043717,0.040416,-0.997035,True,0.017834,1.179541,-0.075138,0.049233,-0.027912,0.038716,-0.997646
34.921,True,-0.045742,1.185058,-0.074573,0.049335,-0.046916,0.040907,-0.996841,True,0.017876,1.179527,-0.075153,0.049815,-0.031135,0.039212,-0.997503
34.932,True,-0.045690,1.185066,-0.074562,0.048534,-0.046909,0.041005,-0.996877,True,0.017927,1.179516,-0.075163,0.049014,-0.031129,0.039309,-0.997539
34.943,True,-0.045621,1.185102,-0.074539,0.047750,-0.045027,0.040989,-0.997002,True,0.017993,1.179522,-0.075163,0.048233,-0.029233,0.039289,-0.997635
34.954,True,-0.045552,1.185139,-0.074519,0.047834,-0.045431,0.041280,-0.996967,True,0.018058,1.179525,-0.075160,0.048321,-0.029639,0.039579,-0.997607
34.965,True,-0.045517,1.185148,-0.074498,0.048481,-0.045108,0.041313,-0.996949,True,0.018093,1.179525,-0.075152,0.048971,-0.029310,0.039611,-0.997584
34.977,True,-0.045462,1.185176,-0.074465,0.050513,-0.045101,0.041433,-0.996844,True,0.018146,1.179539,-0.075144,0.051011,-0.029295,0.039730,-0.997477
34.988,True,-0.045414,1.185189,-0.074437,0.050606,-0.045827,0.041645,-0.996797,True,0.018192,1.179533,-0.075134,0.051106,-0.030027,0.039942,-0.997442
34.999,True,-0.045379,1.185204,-0.074399,0.050690,-0.046218,0.041729,-0.996771,True,0.018226,1.179539,-0.075120,0.051191,-0.030419,0.040026,-0.997423
35.010,True,-0.045353,1.185226,-0.074376,0.051152,-0.046061,0.041757,-0.996754,True,0.018251,1.179552,-0.075120,0.051656,-0.030258,0.040054,-0.997403
35.021,True,-0.045329,1.185218,-0.074351,0.051444,-0.046347,0.041734,-0.996727,True,0.018275,1.179549,-0.075114,0.051948,-0.030545,0.040030,-0.997380
35.032,True,-0.045321,1.185220,-0.074323,0.051317,-0.046673,0.041778,-0.996716,True,0.018283,1.179547,-0.075102,0.051820,-0.030873,0.040074,-0.997374
35.043,True,-0.045306,1.185199,-0.074306,0.050886,-0.046770,0.041660,-0.996739,True,0.018298,1.179539,-0.075097,0.051385,-0.030971,0.039957,-0.997399
35.054,True,-0.045296,1.185177,-0.074291,0.050806,-0.046820,0.041588,-0.996743,True,0.018309,1.179526,-0.075089,0.051304,-0.031021,0.039886,-0.997404
35.065,True,-0.045289,1.185164,-0.074280,0.050768,-0.046864,0.041546,-0.996745,True,0.018317,1.179518,-0.075084,0.051266,-0.031065,0.039844,-0.997406
35.077,True,-0.045277,1.185144,-0.074263,0.050708,-0.046932,0.041480,-0.996748,True,0.018329,1.179505,-0.075077,0.051205,-0.031133,0.039779,-0.997410
35.088,True,-0.045289,1.185116,-0.074232,0.051325,-0.047255,0.041483,-0.996701,True,0.018318,1.179486,-0.075026,0.051823,-0.031457,0.039786,-0.997368
35.099,True,-0.045308,1.185089,-0.074205,0.051288,-0.047142,0.041389,-0.996712,True,0.018301,1.179470,-0.074997,0.051785,-0.031344,0.039692,-0.997377
35.110,True,-0.045323,1.185058,-0.074181,0.051157,-0.047135,0.041270,-0.996724,True,0.018287,1.179457,-0.074955,0.051651,-0.031338,0.039574,-0.997389
35.121,True,-0.045356,1.185011,-0.074154,0.050825,-0.047179,0.041234,-0.996740,True,0.018255,1.179419,-0.074898,0.051318,-0.031384,0.039541,-0.997406
35.132,True,-0.045387,1.184977,-0.074143,0.050221,-0.047439,0.041173,-0.996761,True,0.018225,1.179397,-0.074869,0.050710,-0.031649,0.039483,-0.997431
35.144,True,-0.045380,1.184954,-0.074125,0.049808,-0.047404,0.041191,-0.996783,True,0.018233,1.179373,-0.074836,0.050297,-0.031615,0.039503,-0.997452
35.155,True,-0.045398,1.184927,-0.074111,0.049485,-0.047360,0.041177,-0.996801,True,0.018215,1.179348,-0.074806,0.049973,-0.031573,0.039491,-0.997470
35.166,True,-0.045405,1.184916,-0.074096,0.049563,-0.047380,0.041235,-0.996794,True,0.018208,1.179333,-0.074773,0.050052,-0.031593,0.039549,-0.997463
35.177,True,-0.045404,1.184899,-0.074065,0.049668,-0.047918,0.041278,-0.996761,True,0.018210,1.179320,-0.074735,0.050157,-0.032136,0.039594,-0.997439
35.188,True,-0.045396,1.184890,-0.074055,0.049472,-0.047599,0.041214,-0.996789,True,0.018218,1.179317,-0.074707,0.049959,-0.031817,0.039530,-0.997461
35.199,True,-0.045385,1.184894,-0.074025,0.049644,-0.047883,0.041362,-0.996761,True,0.018228,1.179307,-0.074671,0.050133,-0.032103,0.039678,-0.997438
35.210,True,-0.045349,1.184883,-0.074006,0.049775,-0.047860,0.041462,-0.996751,True,0.018263,1.179284,-0.074643,0.050266,-0.032079,0.039779,-0.997428
35.221,True,-0.045335,1.184868,-0.073972,0.049774,-0.047932,0.041624,-0.996741,True,0.018275,1.179250,-0.074611,0.050267,-0.032153,0.039939,-0.997419
35.232,True,-0.045300,1.184882,-0.073935,0.049645,-0.048170,0.041745,-0.996731,True,0.018309,1.179251,-0.074574,0.050140,-0.032392,0.040063,-0.997413
35.244,True,-0.045252,1.184888,-0.073875,0.049501,-0.048487,0.041862,-0.996718,True,0.018356,1.179242,-0.074534,0.049997,-0.032711,0.040181,-0.997405
35.255,True,-0.045208,1.184871,-0.073841,0.049338,-0.048752,0.041867,-0.996713,True,0.018400,1.179228,-0.074501,0.049832,-0.032980,0.040184,-0.997404
35.266,True,-0.045176,1.184876,-0.073781,0.049421,-0.048841,0.041808,-0.996707,True,0.018432,1.179240,-0.074456,0.049915,-0.033068,0.040126,-0.997399
35.277,True,-0.045121,1.184892,-0.073781,0.049238,-0.049302,0.041882,-0.996690,True,0.018487,1.179252,-0.074459,0.049731,-0.033533,0.040202,-0.997390
35.288,True,-0.045093,1.184891,-0.073738,0.049122,-0.049427,0.041988,-0.996685,True,0.018513,1.179236,-0.074429,0.049616,-0.033659,0.040309,-0.997387
35.299,True,-0.045059,1.184856,-0.073687,0.049072,-0.049754,0.041979,-0.996672,True,0.018547,1.179204,-0.074394,0.049565,-0.033987,0.040301,-0.997379
35.310,True,-0.044993,1.184768,-0.073667,0.045456,-0.043877,0.041083,-0.997156,True,0.018615,1.179138,-0.074387,0.045943,-0.028068,0.039399,-0.997772
35.321,True,-0.044964,1.184676,-0.073625,0.044010,-0.042427,0.040659,-0.997301,True,0.018647,1.179075,-0.074354,0.044491,-0.026610,0.038975,-0.997895
35.332,True,-0.044927,1.184620,-0.073583,0.045483,-0.044996,0.040900,-0.997113,True,0.018684,1.179027,-0.074315,0.045964,-0.029195,0.039224,-0.997746
35.343,True,-0.044866,1.184580,-0.073554,0.043017,-0.041331,0.040513,-0.997397,True,0.018745,1.178980,-0.074283,0.043498,-0.025507,0.038833,-0.997973
35.355,True,-0.044809,1.184618,-0.073492,0.040821,-0.038638,0.040438,-0.997600,True,0.018799,1.178985,-0.074217,0.041303,-0.022801,0.038755,-0.998134
35.366,True,-0.044768,1.184659,-0.073434,0.039924,-0.037718,0.040448,-0.997671,True,0.018838,1.179010,-0.074167,0.040407,-0.021876,0.038765,-0.998191
35.377,True,-0.044699,1.184722,-0.073424,0.039874,-0.037662,0.040950,-0.997655,True,0.018902,1.179008,-0.074148,0.040366,-0.021820,0.039268,-0.998175
35.388,True,-0.044647,1.184747,-0.073365,0.038271,-0.035288,0.040991,-0.997803,True,0.018949,1.178990,-0.074101,0.038768,-0.019433,0.039309,-0.998286
35.399,True,-0.044600,1.184739,-0.073317,0.038097,-0.034938,0.041031,-0.997820,True,0.018996,1.178969,-0.074068,0.038596,-0.019079,0.039352,-0.998298
35.410,True,-0.044525,1.184735,-0.073287,0.037416,-0.034488,0.040870,-0.997868,True,0.019071,1.178976,-0.074055,0.037913,-0.018626,0.039193,-0.998339
35.421,True,-0.044479,1.184722,-0.073238,0.036967,-0.034079,0.040631,-0.997908,True,0.019119,1.178985,-0.074014,0.037461,-0.018215,0.038957,-0.998372
35.432,True,-0.044434,1.184704,-0.073200,0.036842,-0.033674,0.040430,-0.997935,True,0.019165,1.178985,-0.073990,0.037335,-0.017807,0.038755,-0.998392
35.443,True,-0.044363,1.184658,-0.073176,0.036662,-0.032946,0.040179,-0.997976,True,0.019238,1.178960,-0.073974,0.037152,-0.017074,0.038503,-0.998422
35.454,True,-0.044321,1.184630,-0.073139,0.036680,-0.032677,0.040244,-0.997982,True,0.019280,1.178918,-0.073947,0.037173,-0.016803,0.038568,-0.998423
35.466,True,-0.044268,1.184582,-0.073106,0.036629,-0.032513,0.040231,-0.997989,True,0.019332,1.178868,-0.073929,0.037123,-0.016636,0.038556,-0.998428
35.477,True,-0.044200,1.184530,-0.073097,0.036276,-0.031995,0.040240,-0.998019,True,0.019398,1.178805,-0.073935,0.036771,-0.016116,0.038565,-0.998449
35.488,True,-0.044152,1.184490,-0.073069,0.036179,-0.031787,0.040241,-0.998029,True,0.019445,1.178760,-0.073918,0.036675,-0.015906,0.038565,-0.998456
35.499,True,-0.044121,1.184467,-0.073055,0.035515,-0.030491,0.040076,-0.998100,True,0.019477,1.178739,-0.073903,0.036011,-0.014605,0.038398,-0.998507
35.510,True,-0.044094,1.184445,-0.073046,0.035283,-0.030075,0.039991,-0.998124,True,0.019505,1.178722,-0.073891,0.035779,-0.014187,0.038313,-0.998524
35.521,True,-0.044067,1.184432,-0.073038,0.035109,-0.029725,0.039961,-0.998142,True,0.019532,1.178709,-0.073872,0.035605,-0.013836,0.038282,-0.998537
35.532,True,-0.044047,1.184432,-0.073027,0.034688,-0.028870,0.039891,-0.998184,True,0.019551,1.178707,-0.073850,0.035184,-0.012977,0.038212,-0.998566
35.544,True,-0.044006,1.184461,-0.073034,0.034470,-0.028483,0.040023,-0.998198,True,0.019591,1.178714,-0.073847,0.034970,-0.012589,0.038344,-0.998573
35.555,True,-0.043982,1.184481,-0.073037,0.034114,-0.027791,0.040011,-0.998230,True,0.019614,1.178727,-0.073840,0.034615,-0.011895,0.038333,-0.998595
35.566,True,-0.043959,1.184510,-0.073045,0.033997,-0.027678,0.040092,-0.998234,True,0.019636,1.178746,-0.073837,0.034500,-0.011781,0.038416,-0.998597
35.577,True,-0.043936,1.184492,-0.073089,0.033821,-0.027222,0.040071,-0.998253,True,0.019660,1.178724,-0.073873,0.034325,-0.011323,0.038395,-0.998609
35.588,True,-0.043924,1.184434,-0.073105,0.033812,-0.026900,0.039921,-0.998268,True,0.019673,1.178683,-0.073879,0.034313,-0.011000,0.038244,-0.998619
35.599,True,-0.043925,1.184413,-0.073110,0.033152,-0.026179,0.039631,-0.998321,True,0.019674,1.178688,-0.073880,0.033651,-0.010278,0.037954,-0.998660
35.610,True,-0.043894,1.184453,-0.073164,0.033371,-0.025522,0.039462,-0.998338,True,0.019707,1.178745,-0.073910,0.033869,-0.009617,0.037782,-0.998666
35.621,True,-0.043881,1.184518,-0.073188,0.033293,-0.024720,0.039621,-0.998354,True,0.019718,1.178781,-0.073910,0.033796,-0.008812,0.037940,-0.998670
35.632,True,-0.043876,1.184557,-0.073200,0.033461,-0.024510,0.039859,-0.998344,True,0.019720,1.178790,-0.073909,0.033968,-0.008602,0.038176,-0.998657
35.644,True,-0.043847,1.184622,-0.073230,0.033769,-0.024274,0.040152,-0.998328,True,0.019745,1.178816,-0.073926,0.034282,-0.008364,0.038467,-0.998637
35.654,True,-0.043820,1.184666,-0.073239,0.033982,-0.024092,0.040144,-0.998325,True,0.019773,1.178858,-0.073942,0.034496,-0.008181,0.038457,-0.998631
35.665,True,-0.043787,1.184694,-0.073240,0.034003,-0.023986,0.039929,-0.998336,True,0.019808,1.178912,-0.073940,0.034513,-0.008075,0.038240,-0.998640
35.677,True,-0.043738,1.184758,-0.073239,0.033825,-0.023535,0.039737,-0.998360,True,0.019859,1.178996,-0.073930,0.034333,-0.007623,0.038047,-0.998657
35.688,True,-0.043701,1.184774,-0.073250,0.034275,-0.023613,0.039420,-0.998356,True,0.019899,1.179052,-0.073948,0.034778,-0.007700,0.037725,-0.998653
35.699,True,-0.043662,1.184819,-0.073247,0.034287,-0.023279,0.039356,-0.998366,True,0.019939,1.179102,-0.073940,0.034790,-0.007366,0.037660,-0.998658
35.710,True,-0.043603,1.184869,-0.073247,0.034554,-0.023182,0.039537,-0.998351,True,0.019996,1.179128,-0.073939,0.035061,-0.007268,0.037838,-0.998642
35.721,True,-0.043548,1.184905,-0.073240,0.034664,-0.023251,0.039757,-0.998337,True,0.020048,1.179136,-0.073941,0.035174,-0.007336,0.038059,-0.998629
35.732,True,-0.043468,1.184905,-0.073246,0.034640,-0.023292,0.039931,-0.998330,True,0.020126,1.179113,-0.073955,0.035153,-0.007378,0.038232,-0.998623
35.743,True,-0.043383,1.184892,-0.073238,0.034823,-0.023261,0.040121,-0.998317,True,0.020208,1.179072,-0.073971,0.035340,-0.007344,0.038422,-0.998610
35.754,True,-0.043290,1.184892,-0.073233,0.034477,-0.023298,0.040283,-0.998322,True,0.020299,1.179049,-0.073982,0.034996,-0.007382,0.038585,-0.998615
35.765,True,-0.043211,1.184901,-0.073221,0.034678,-0.023401,0.040478,-0.998304,True,0.020375,1.179032,-0.073987,0.035201,-0.007484,0.038780,-0.998600
35.777,True,-0.043126,1.184916,-0.073229,0.034668,-0.023448,0.040681,-0.998295,True,0.020457,1.179020,-0.074013,0.035194,-0.007532,0.038981,-0.998592
35.788,True,-0.042890,1.184373,-0.073372,0.034575,-0.023505,0.040884,-0.998289,True,0.020551,1.179029,-0.074029,0.035104,-0.007589,0.039184,-0.998586
35.799,True,-0.042822,1.184427,-0.073356,0.034619,-0.023587,0.041034,-0.998279,True,0.020617,1.179063,-0.074029,0.035151,-0.007671,0.039332,-0.998578
35.810,True,-0.042786,1.184456,-0.073348,0.034630,-0.023697,0.041061,-0.998275,True,0.020652,1.179086,-0.074046,0.035162,-0.007781,0.039357,-0.998576
35.821,True,-0.042740,1.184478,-0.073346,0.034422,-0.023717,0.041078,-0.998281,True,0.020699,1.179105,-0.074047,0.034954,-0.007802,0.039374,-0.998583
35.832,True,-0.042715,1.184487,-0.073324,0.034320,-0.023631,0.041090,-0.998286,True,0.020722,1.179108,-0.074049,0.034852,-0.007715,0.039385,-0.998586
35.843,True,-0.042713,1.184511,-0.073334,0.034859,-0.006779,0.039267,-0.998598,True,0.020724,1.179133,-0.074065,0.035424,0.009206,0.037545,-0.998625
35.859,True,-0.042701,1.184503,-0.073327,0.036650,-0.001550,0.038706,-0.998577,True,0.020736,1.179126,-0.074078,0.037225,0.014454,0.036980,-0.998518
35.870,True,-0.042709,1.184482,-0.073347,0.039799,0.015557,0.036857,-0.998407,True,0.020729,1.179113,-0.074095,0.040404,0.031584,0.035118,-0.998067
35.881,True,-0.042717,1.184460,-0.073370,0.038402,0.019313,0.036344,-0.998415,True,0.020722,1.179101,-0.074117,0.039011,0.035334,0.034606,-0.998014
35.892,True,-0.042730,1.184421,-0.073377,0.037694,0.022727,0.035858,-0.998387,True,0.020710,1.179076,-0.074129,0.038307,0.038741,0.034121,-0.997932
35.903,True,-0.042755,1.184352,-0.073387,0.035701,0.024496,0.035379,-0.998436,True,0.020687,1.179039,-0.074138,0.036313,0.040501,0.033644,-0.997953
35.914,True,-0.042792,1.184346,-0.073406,0.035207,0.025064,0.035272,-0.998443,True,0.020651,1.179040,-0.074143,0.035819,0.041067,0.033537,-0.997951
35.926,True,-0.042848,1.184332,-0.073422,0.034527,0.026390,0.034997,-0.998442,True,0.020597,1.179042,-0.074148,0.035140,0.042387,0.033262,-0.997929
35.937,True,-0.042914,1.184351,-0.073435,0.034058,0.024729,0.035076,-0.998498,True,0.020533,1.179076,-0.074139,0.034666,0.040729,0.033342,-0.998012
35.948,True,-0.042984,1.184362,-0.073473,0.034041,0.024364,0.034972,-0.998511,True,0.020465,1.179109,-0.074142,0.034646,0.040364,0.033237,-0.998031
35.959,True,-0.043060,1.184356,-0.073501,0.033779,0.024931,0.034798,-0.998512,True,0.020390,1.179121,-0.074143,0.034382,0.040929,0.033063,-0.998023
35.970,True,-0.043127,1.184345,-0.073534,0.034175,0.024190,0.034831,-0.998516,True,0.020325,1.179121,-0.074146,0.034775,0.040192,0.033096,-0.998038
35.981,True,-0.043203,1.184336,-0.073551,0.034042,0.024227,0.034658,-0.998526,True,0.020251,1.179137,-0.074142,0.034639,0.040228,0.032924,-0.998047
35.992,True,-0.043291,1.184330,-0.073569,0.034065,0.023951,0.034614,-0.998533,True,0.020164,1.179144,-0.074137,0.034661,0.039953,0.032881,-0.998059
36.004,True,-0.043358,1.184339,-0.073592,0.034168,0.023214,0.034647,-0.998546,True,0.020099,1.179163,-0.074133,0.034761,0.039218,0.032914,-0.998083
36.014,True,-0.043415,1.184347,-0.073635,0.034482,0.023066,0.034624,-0.998539,True,0.020042,1.179180,-0.074151,0.035073,0.039072,0.032890,-0.998079
36.026,True,-0.043465,1.184368,-0.073660,0.034590,0.023055,0.034663,-0.998534,True,0.019992,1.179200,-0.074152,0.035182,0.039061,0.032929,-0.998074
36.037,True,-0.043515,1.184358,-0.073673,0.034889,0.022839,0.034652,-0.998529,True,0.019942,1.179195,-0.074158,0.035479,0.038846,0.032918,-0.998072
36.048,True,-0.043559,1.184355,-0.073698,0.035314,0.022477,0.034745,-0.998519,True,0.019898,1.179187,-0.074183,0.035904,0.038486,0.033010,-0.998068
36.059,True,-0.043581,1.184347,-0.073710,0.035566,0.022298,0.034793,-0.998513,True,0.019876,1.179178,-0.074189,0.036156,0.038308,0.033059,-0.998064
36.070,True,-0.043599,1.184325,-0.073701,0.036173,0.021845,0.034801,-0.998501,True,0.019858,1.179161,-0.074191,0.036761,0.037859,0.033068,-0.998059
36.082,True,-0.043605,1.184325,-0.073699,0.036431,0.021677,0.034842,-0.998493,True,0.019852,1.179157,-0.074205,0.037020,0.037692,0.033108,-0.998054
36.093,True,-0.043609,1.184337,-0.073675,0.036710,0.021278,0.034911,-0.998489,True,0.019847,1.179162,-0.074205,0.037299,0.037293,0.033176,-0.998057
36.104,True,-0.043600,1.184364,-0.073645,0.042073,0.011491,0.036245,-0.998391,True,0.019854,1.179168,-0.074192,0.042650,0.027528,0.034514,-0.998114
36.115,True,-0.043576,1.184341,-0.073613,0.051283,-0.003950,0.038125,-0.997948,True,0.019878,1.179138,-0.074190,0.051850,0.012093,0.036401,-0.997918
36.126,True,-0.043552,1.184281,-0.073585,0.056068,-0.013684,0.039095,-0.997567,True,0.019903,1.179097,-0.074190,0.056630,0.002341,0.037379,-0.997693
36.137,True,-0.043536,1.184213,-0.073552,0.059316,-0.023754,0.039977,-0.997156,True,0.019921,1.179058,-0.074185,0.059873,-0.007765,0.038272,-0.997442
36.148,True,-0.043533,1.184120,-0.073516,0.058645,-0.025463,0.039932,-0.997155,True,0.019926,1.178988,-0.074174,0.059196,-0.009484,0.038231,-0.997469
36.159,True,-0.043524,1.184111,-0.073490,0.059946,-0.028216,0.040243,-0.996991,True,0.019935,1.178980,-0.074155,0.060499,-0.012249,0.038547,-0.997349
36.170,True,-0.043514,1.184115,-0.073447,0.057501,-0.026629,0.040150,-0.997182,True,0.019943,1.178965,-0.074123,0.058052,-0.010658,0.038452,-0.997516
36.181,True,-0.043518,1.184146,-0.073403,0.057193,-0.027921,0.040496,-0.997151,True,0.019936,1.178968,-0.074090,0.057746,-0.011958,0.038802,-0.997505
36.192,True,-0.043520,1.184179,-0.073369,0.057690,-0.028436,0.040874,-0.997092,True,0.019932,1.178959,-0.074063,0.058249,-0.012474,0.039181,-0.997455
36.204,True,-0.043531,1.184196,-0.073338,0.058901,-0.031050,0.041403,-0.996922,True,0.019918,1.178948,-0.074032,0.059465,-0.015100,0.039717,-0.997326
36.215,True,-0.043561,1.184186,-0.073317,0.059528,-0.031135,0.041562,-0.996875,True,0.019886,1.178918,-0.074022,0.060097,-0.015183,0.039879,-0.997280
36.226,True,-0.043592,1.184161,-0.073298,0.059505,-0.030909,0.041457,-0.996888,True,0.019856,1.178904,-0.074003,0.060072,-0.014954,0.039775,-0.997289
36.237,True,-0.043624,1.184150,-0.073278,0.060114,-0.030675,0.041278,-0.996866,True,0.019826,1.178916,-0.073978,0.060681,-0.014717,0.039599,-0.997263
36.248,True,-0.043647,1.184143,-0.073271,0.060765,-0.031050,0.041205,-0.996818,True,0.019804,1.178926,-0.073966,0.061331,-0.015093,0.039528,-0.997220
36.259,True,-0.043694,1.184101,-0.073275,0.061398,-0.030714,0.041036,-0.996796,True,0.019759,1.178904,-0.073959,0.061963,-0.014754,0.039360,-0.997193
36.270,True,-0.043745,1.184039,-0.073283,0.061581,-0.031359,0.041018,-0.996766,True,0.019709,1.178855,-0.073958,0.062145,-0.015403,0.039343,-0.997173
36.281,True,-0.043803,1.183976,-0.073295,0.061505,-0.030408,0.040944,-0.996803,True,0.019652,1.178790,-0.073957,0.062069,-0.014446,0.039268,-0.997195
36.293,True,-0.043864,1.183951,-0.073285,0.061714,-0.030025,0.040924,-0.996802,True,0.019590,1.178764,-0.073941,0.062280,-0.014061,0.039246,-0.997188
36.304,True,-0.043926,1.183939,-0.073286,0.061204,-0.029930,0.040867,-0.996839,True,0.019529,1.178759,-0.073930,0.061767,-0.013967,0.039189,-0.997223
36.315,True,-0.044001,1.183944,-0.073282,0.061371,-0.029774,0.040773,-0.996837,True,0.019455,1.178777,-0.073906,0.061933,-0.013811,0.039094,-0.997219
36.326,True,-0.044060,1.183943,-0.073296,0.061524,-0.029544,0.040690,-0.996838,True,0.019397,1.178789,-0.073891,0.062085,-0.013582,0.039008,-0.997216
36.337,True,-0.044124,1.183926,-0.073319,0.062547,-0.028320,0.040433,-0.996820,True,0.019336,1.178795,-0.073894,0.063108,-0.012349,0.038748,-0.997178
36.348,True,-0.044194,1.183934,-0.073335,0.062729,-0.027485,0.040362,-0.996835,True,0.019266,1.178807,-0.073878,0.063291,-0.011510,0.038676,-0.997179
36.359,True,-0.044270,1.183943,-0.073363,0.062745,-0.027693,0.040380,-0.996828,True,0.019191,1.178820,-0.073880,0.063306,-0.011721,0.038694,-0.997175
36.370,True,-0.044326,1.183965,-0.073395,0.063370,-0.026185,0.040231,-0.996835,True,0.019135,1.178848,-0.073887,0.063933,-0.010203,0.038545,-0.997157
36.381,True,-0.044391,1.183968,-0.073423,0.063219,-0.026119,0.040219,-0.996847,True,0.019071,1.178854,-0.073897,0.063782,-0.010137,0.038535,-0.997168
36.392,True,-0.044444,1.183905,-0.073462,0.063368,-0.025514,0.040076,-0.996859,True,0.019019,1.178805,-0.073919,0.063930,-0.009529,0.038393,-0.997170
36.404,True,-0.044488,1.183845,-0.073482,0.063693,-0.024905,0.039857,-0.996862,True,0.018977,1.178767,-0.073930,0.064254,-0.008916,0.038175,-0.997163
36.415,True,-0.044517,1.183814,-0.073506,0.063690,-0.024515,0.039613,-0.996882,True,0.018950,1.178764,-0.073941,0.064247,-0.008524,0.037932,-0.997177
36.426,True,-0.044535,1.183835,-0.073539,0.064024,-0.024219,0.039500,-0.996872,True,0.018933,1.178800,-0.073955,0.064580,-0.008226,0.037818,-0.997162
36.437,True,-0.044545,1.183855,-0.073577,0.064356,-0.023757,0.039628,-0.996857,True,0.018922,1.178801,-0.073970,0.064916,-0.007762,0.037944,-0.997139
36.448,True,-0.044606,1.183871,-0.073577,0.064372,-0.023293,0.039734,-0.996863,True,0.018860,1.178797,-0.073978,0.064934,-0.007295,0.038048,-0.997137
36.459,True,-0.044575,1.183951,-0.073618,0.064238,-0.022731,0.039973,-0.996875,True,0.018888,1.178841,-0.073997,0.064804,-0.006733,0.038283,-0.997141
36.471,True,-0.044562,1.184012,-0.073624,0.064019,-0.022590,0.039977,-0.996892,True,0.018900,1.178896,-0.074021,0.064585,-0.006591,0.038285,-0.997156
36.481,True,-0.044509,1.184047,-0.073656,0.063810,-0.022166,0.039689,-0.996926,True,0.018955,1.178958,-0.074066,0.064372,-0.006165,0.037993,-0.997183
36.493,True,-0.044491,1.184092,-0.073676,0.063967,-0.021829,0.039452,-0.996933,True,0.018975,1.179029,-0.074093,0.064526,-0.005827,0.037752,-0.997185
36.504,True,-0.044464,1.184164,-0.073694,0.063979,-0.021691,0.039259,-0.996943,True,0.019004,1.179122,-0.074118,0.064535,-0.005688,0.037557,-0.997192
36.515,True,-0.044390,1.184195,-0.073742,0.064311,-0.021469,0.039194,-0.996929,True,0.019078,1.179156,-0.074181,0.064866,-0.005464,0.037486,-0.997175
36.526,True,-0.044323,1.184240,-0.073763,0.064192,-0.021377,0.039280,-0.996935,True,0.019144,1.179186,-0.074210,0.064749,-0.005372,0.037572,-0.997180
36.537,True,-0.044259,1.184239,-0.073778,0.064018,-0.021279,0.039286,-0.996948,True,0.019207,1.179178,-0.074250,0.064575,-0.005273,0.037576,-0.997191
36.548,True,-0.044171,1.184244,-0.073802,0.063829,-0.021260,0.039411,-0.996956,True,0.019293,1.179163,-0.074296,0.064388,-0.005254,0.037700,-0.997199
36.559,True,-0.044092,1.184249,-0.073817,0.063771,-0.021381,0.039518,-0.996953,True,0.019371,1.179152,-0.074333,0.064331,-0.005376,0.037807,-0.997198
36.570,True,-0.044024,1.184275,-0.073829,0.063520,-0.021376,0.039708,-0.996961,True,0.019437,1.179148,-0.074368,0.064084,-0.005370,0.037997,-0.997206
36.582,True,-0.043957,1.184292,-0.073850,0.063325,-0.021306,0.039846,-0.996970,True,0.019501,1.179144,-0.074407,0.063891,-0.005299,0.038135,-0.997214
36.593,True,-0.043893,1.184310,-0.073863,0.063106,-0.021246,0.040071,-0.996976,True,0.019562,1.179129,-0.074437,0.063676,-0.005239,0.038361,-0.997219
36.603,True,-0.043810,1.184335,-0.073889,0.062881,-0.021005,0.040317,-0.996985,True,0.019642,1.179115,-0.074477,0.063455,-0.004997,0.038606,-0.997225
36.615,True,-0.043784,1.184353,-0.073878,0.062822,-0.021283,0.040438,-0.996978,True,0.019667,1.179117,-0.074490,0.063397,-0.005276,0.038725,-0.997223
36.626,True,-0.043728,1.184379,-0.073877,0.062717,-0.022307,0.040685,-0.996952,True,0.019720,1.179120,-0.074518,0.063294,-0.006304,0.038972,-0.997214
36.637,True,-0.043641,1.184421,-0.073891,0.058915,-0.030224,0.041612,-0.996937,True,0.019805,1.179137,-0.074562,0.059481,-0.014274,0.039908,-0.997329
36.648,True,-0.043613,1.184427,-0.073884,0.039681,-0.056357,0.044005,-0.996651,True,0.019832,1.179138,-0.074593,0.040160,-0.040672,0.042341,-0.997467
36.659,True,-0.043580,1.184424,-0.073889,0.048564,-0.045278,0.042853,-0.996873,True,0.019866,1.179151,-0.074624,0.049087,-0.029462,0.041168,-0.997511
36.670,True,-0.043569,1.184416,-0.073892,0.038406,-0.060476,0.044153,-0.996453,True,0.019878,1.179154,-0.074648,0.038869,-0.044834,0.042496,-0.997333
36.681,True,-0.043565,1.184397,-0.073903,0.037048,-0.064147,0.044373,-0.996265,True,0.019883,1.179150,-0.074680,0.037498,-0.048547,0.042723,-0.997202
36.692,True,-0.043568,1.184338,-0.073931,0.036190,-0.066652,0.044383,-0.996132,True,0.019883,1.179120,-0.074721,0.036629,-0.051082,0.042736,-0.997107
36.703,True,-0.043587,1.184304,-0.073940,0.034784,-0.068505,0.044428,-0.996054,True,0.019864,1.179098,-0.074747,0.035212,-0.052959,0.042787,-0.997058
36.714,True,-0.043661,1.184298,-0.073961,0.033726,-0.069099,0.044402,-0.996050,True,0.019790,1.179101,-0.074772,0.034148,-0.053563,0.042764,-0.997064
36.726,True,-0.043683,1.184277,-0.073996,0.034037,-0.067471,0.044155,-0.996163,True,0.019770,1.179091,-0.074793,0.034462,-0.051916,0.042515,-0.997151
36.737,True,-0.043743,1.184264,-0.074015,0.033828,-0.067873,0.044137,-0.996143,True,0.019711,1.179087,-0.074801,0.034250,-0.052324,0.042499,-0.997137
36.748,True,-0.043785,1.184256,-0.074044,0.034306,-0.065960,0.043955,-0.996263,True,0.019669,1.179080,-0.074810,0.034734,-0.050389,0.042314,-0.997228
36.759,True,-0.043851,1.184235,-0.074067,0.034724,-0.064216,0.043652,-0.996376,True,0.019604,1.179079,-0.074810,0.035154,-0.048625,0.042009,-0.997314
36.770,True,-0.043918,1.184209,-0.074092,0.035937,-0.063158,0.043443,-0.996410,True,0.019540,1.179072,-0.074805,0.036372,-0.047554,0.041801,-0.997331
36.781,True,-0.043992,1.184224,-0.074114,0.035927,-0.062880,0.043428,-0.996428,True,0.019466,1.179090,-0.074794,0.036363,-0.047274,0.041787,-0.997345
36.792,True,-0.044072,1.184211,-0.074145,0.035819,-0.062638,0.043400,-0.996449,True,0.019387,1.179082,-0.074792,0.036254,-0.047033,0.041758,-0.997361
36.803,True,-0.043761,1.184343,-0.074025,0.036264,-0.062059,0.043427,-0.996468,True,0.019321,1.179100,-0.074775,0.036702,-0.046450,0.041784,-0.997371
36.814,True,-0.043828,1.184379,-0.074033,0.036143,-0.061666,0.043413,-0.996497,True,0.019253,1.179137,-0.074753,0.036581,-0.046054,0.041770,-0.997395
36.826,True,-0.043899,1.184391,-0.074047,0.036121,-0.061378,0.043320,-0.996520,True,0.019184,1.179161,-0.074741,0.036558,-0.045767,0.041674,-0.997413
36.837,True,-0.043972,1.184409,-0.074061,0.036434,-0.060677,0.043246,-0.996554,True,0.019112,1.179184,-0.074727,0.036872,-0.045060,0.041597,-0.997437
36.848,True,-0.044047,1.184457,-0.074067,0.037570,-0.057876,0.042897,-0.996694,True,0.019038,1.179245,-0.074713,0.038015,-0.042227,0.041241,-0.997532
36.859,True,-0.044114,1.184466,-0.074085,0.039977,-0.052303,0.042347,-0.996932,True,0.018972,1.179259,-0.074707,0.040439,-0.036593,0.040679,-0.997683
36.870,True,-0.044169,1.184481,-0.074095,0.043128,-0.044701,0.041584,-0.997202,True,0.018918,1.179279,-0.074702,0.043612,-0.028914,0.039902,-0.997833
36.881,True,-0.044222,1.184489,-0.074099,0.046167,-0.039405,0.041028,-0.997313,True,0.018865,1.179297,-0.074691,0.046666,-0.023566,0.039336,-0.997858
36.892,True,-0.044262,1.184526,-0.074077,0.046887,-0.037261,0.040772,-0.997372,True,0.018825,1.179339,-0.074669,0.047390,-0.021404,0.039075,-0.997882
36.903,True,-0.044304,1.184555,-0.074074,0.048456,-0.035100,0.040500,-0.997386,True,0.018784,1.179378,-0.074663,0.048965,-0.019224,0.038797,-0.997862
36.914,True,-0.044342,1.184597,-0.074064,0.049648,-0.033338,0.040395,-0.997393,True,0.018746,1.179413,-0.074647,0.050162,-0.017447,0.038687,-0.997839
36.926,True,-0.044369,1.184626,-0.074040,0.050165,-0.033842,0.040487,-0.997346,True,0.018719,1.179438,-0.074628,0.050680,-0.017954,0.038777,-0.997800
36.937,True,-0.044388,1.184581,-0.074016,0.050637,-0.033420,0.040197,-0.997348,True,0.018702,1.179425,-0.074611,0.051149,-0.017527,0.038485,-0.997795
36.948,True,-0.044396,1.184514,-0.073999,0.051006,-0.033011,0.039954,-0.997353,True,0.018697,1.179383,-0.074596,0.051517,-0.017115,0.038241,-0.997793
36.959,True,-0.044397,1.184491,-0.073968,0.051170,-0.033017,0.039967,-0.997344,True,0.018695,1.179360,-0.074562,0.051681,-0.017120,0.038254,-0.997784
36.970,True,-0.044394,1.184471,-0.073947,0.051628,-0.033425,0.040192,-0.997297,True,0.018696,1.179316,-0.074552,0.052143,-0.017529,0.038480,-0.997744
36.981,True,-0.044376,1.184478,-0.073911,0.052068,-0.033839,0.040407,-0.997252,True,0.018712,1.179303,-0.074518,0.052587,-0.017944,0.038696,-0.997705
36.992,True,-0.044362,1.184507,-0.073865,0.052635,-0.034469,0.040772,-0.997186,True,0.018723,1.179294,-0.074478,0.053159,-0.018577,0.039061,-0.997649
37.004,True,-0.044345,1.184536,-0.073814,0.052878,-0.034524,0.041099,-0.997157,True,0.018737,1.179283,-0.074431,0.053408,-0.018631,0.039391,-0.997622
37.015,True,-0.044335,1.184540,-0.073774,0.053112,-0.034102,0.041277,-0.997152,True,0.018745,1.179257,-0.074402,0.053647,-0.018204,0.039570,-0.997610
37.026,True,-0.044344,1.184514,-0.073713,0.053276,-0.034063,0.041352,-0.997142,True,0.018734,1.179220,-0.074356,0.053813,-0.018162,0.039648,-0.997598
37.037,True,-0.044344,1.184504,-0.073658,0.053066,-0.034147,0.041329,-0.997151,True,0.018735,1.179211,-0.074312,0.053603,-0.018246,0.039629,-0.997609
37.048,True,-0.044377,1.184460,-0.073619,0.053687,-0.033932,0.041013,-0.997138,True,0.018704,1.179202,-0.074298,0.054222,-0.018026,0.039315,-0.997592
37.059,True,-0.044380,1.184422,-0.073585,0.054242,-0.033680,0.040826,-0.997124,True,0.019492,1.177425,-0.074412,0.054776,-0.017770,0.039129,-0.997573
37.070,True,-0.044405,1.184367,-0.073543,0.054397,-0.033333,0.040663,-0.997134,True,0.019469,1.177386,-0.074373,0.054929,-0.017420,0.038968,-0.997578
37.081,True,-0.044458,1.184304,-0.073493,0.054159,-0.033229,0.040554,-0.997155,True,0.019417,1.177334,-0.074338,0.054690,-0.017314,0.038862,-0.997597
37.092,True,-0.044497,1.184229,-0.073455,0.053912,-0.032949,0.040400,-0.997184,True,0.019380,1.177273,-0.074308,0.054442,-0.017031,0.038712,-0.997621
37.104,True,-0.044538,1.184139,-0.073423,0.053551,-0.032481,0.040263,-0.997224,True,0.019339,1.177192,-0.074283,0.054079,-0.016560,0.038578,-0.997654
37.115,True,-0.044583,1.184072,-0.073383,0.053164,-0.032272,0.040090,-0.997259,True,0.019297,1.177142,-0.074255,0.053691,-0.016349,0.038408,-0.997685
37.126,True,-0.044628,1.183989,-0.073354,0.053071,-0.031867,0.039838,-0.997287,True,0.019254,1.177086,-0.074228,0.053595,-0.015941,0.038158,-0.997706
37.137,True,-0.044679,1.183921,-0.073340,0.052912,-0.031515,0.039653,-0.997314,True,0.019205,1.177038,-0.074201,0.053433,-0.015588,0.037974,-0.997727
37.148,True,-0.044760,1.183845,-0.073323,0.052707,-0.031090,0.039553,-0.997342,True,0.019126,1.176974,-0.074157,0.053227,-0.015160,0.037875,-0.997749
37.159,True,-0.044831,1.183830,-0.073304,0.052050,-0.030416,0.039311,-0.997407,True,0.019058,1.176980,-0.074127,0.052566,-0.014485,0.037635,-0.997803
37.170,True,-0.044898,1.183822,-0.073294,0.051962,-0.029885,0.039226,-0.997431,True,0.018991,1.176980,-0.074097,0.052478,-0.013951,0.037550,-0.997818
37.181,True,-0.044966,1.183834,-0.073290,0.052219,-0.029485,0.039104,-0.997434,True,0.018925,1.177006,-0.074076,0.052735,-0.013548,0.037429,-0.997815
37.193,True,-0.045023,1.183855,-0.073297,0.051982,-0.028966,0.038981,-0.997466,True,0.018870,1.177038,-0.074062,0.052497,-0.013027,0.037307,-0.997839
37.204,True,-0.045055,1.183833,-0.073315,0.052669,-0.028655,0.038929,-0.997441,True,0.018839,1.177024,-0.074062,0.053185,-0.012714,0.037254,-0.997809
37.215,True,-0.045101,1.183813,-0.073346,0.052820,-0.028531,0.038894,-0.997438,True,0.018794,1.177010,-0.074073,0.053336,-0.012589,0.037219,-0.997803
37.226,True,-0.045146,1.183800,-0.073359,0.053024,-0.028197,0.038721,-0.997444,True,0.018751,1.177017,-0.074072,0.053538,-0.012254,0.037044,-0.997803
37.237,True,-0.045187,1.183801,-0.073366,0.053234,-0.027921,0.038538,-0.997448,True,0.018713,1.177040,-0.074067,0.053746,-0.011976,0.036861,-0.997802
37.248,True,-0.045179,1.183843,-0.073427,0.053474,-0.027465,0.038438,-0.997451,True,0.018722,1.177093,-0.074106,0.053985,-0.011518,0.036759,-0.997798
37.259,True,-0.045189,1.183878,-0.073449,0.053659,-0.026820,0.038611,-0.997452,True,0.018709,1.177100,-0.074113,0.054175,-0.010870,0.036928,-0.997789
37.270,True,-0.045170,1.183937,-0.073469,0.053809,-0.026843,0.038900,-0.997432,True,0.018724,1.177123,-0.074131,0.054329,-0.010894,0.037215,-0.997770
37.281,True,-0.045146,1.183993,-0.073487,0.054091,-0.026742,0.039099,-0.997412,True,0.018745,1.177151,-0.074151,0.054614,-0.010792,0.037411,-0.997748
37.293,True,-0.045119,1.184059,-0.073489,0.054410,-0.026500,0.039103,-0.997401,True,0.018771,1.177212,-0.074167,0.054935,-0.010547,0.037411,-0.997733
37.304,True,-0.045084,1.184109,-0.073513,0.054647,-0.026401,0.038931,-0.997397,True,0.018808,1.177280,-0.074207,0.055170,-0.010447,0.037235,-0.997728
37.314,True,-0.045045,1.184172,-0.073532,0.054981,-0.026366,0.038727,-0.997388,True,0.018850,1.177369,-0.074231,0.055501,-0.010412,0.037027,-0.997718
37.326,True,-0.045000,1.184239,-0.073552,0.055155,-0.026337,0.038580,-0.997385,True,0.018897,1.177453,-0.074253,0.055672,-0.010384,0.036876,-0.997714
37.337,True,-0.044953,1.184337,-0.073585,0.055639,-0.026158,0.038641,-0.997360,True,0.018942,1.177540,-0.074295,0.056158,-0.010203,0.036930,-0.997687
37.348,True,-0.044905,1.184380,-0.073592,0.055922,-0.026076,0.038662,-0.997346,True,0.018990,1.177575,-0.074323,0.056441,-0.010119,0.036948,-0.997671
37.359,True,-0.044837,1.184439,-0.073615,0.055823,-0.025855,0.038791,-0.997352,True,0.019055,1.177614,-0.074349,0.056345,-0.009898,0.037076,-0.997674
37.370,True,-0.044774,1.184454,-0.073653,0.056160,-0.025752,0.038997,-0.997328,True,0.019115,1.177599,-0.074398,0.056686,-0.009794,0.037278,-0.997648
37.381,True,-0.044701,1.184501,-0.073663,0.056329,-0.025578,0.039222,-0.997314,True,0.019184,1.177613,-0.074423,0.056860,-0.009618,0.037503,-0.997631
37.392,True,-0.044638,1.184525,-0.073678,0.056469,-0.022706,0.039102,-0.997380,True,0.019244,1.177610,-0.074455,0.057006,-0.006729,0.037378,-0.997651
37.404,True,-0.044579,1.184547,-0.073708,0.054462,-0.013131,0.038200,-0.997699,True,0.019300,1.177607,-0.074490,0.055006,0.002885,0.036465,-0.997816
37.415,True,-0.044513,1.184572,-0.073729,0.055761,-0.018657,0.038961,-0.997509,True,0.019364,1.177615,-0.074514,0.056305,-0.002662,0.037230,-0.997716
37.426,True,-0.044472,1.184602,-0.073741,0.057812,-0.005593,0.037710,-0.997599,True,0.019403,1.177626,-0.074538,0.058371,0.010456,0.035965,-0.997592
37.437,True,-0.044427,1.184625,-0.073764,0.056094,-0.008029,0.038023,-0.997669,True,0.019447,1.177638,-0.074556,0.056650,0.008007,0.036278,-0.997703
37.448,True,-0.044405,1.184665,-0.073807,0.057097,-0.004344,0.037746,-0.997645,True,0.019467,1.177664,-0.074605,0.057659,0.011706,0.035996,-0.997619
37.459,True,-0.044384,1.184687,-0.073816,0.058818,-0.003031,0.037697,-0.997552,True,0.019487,1.177675,-0.074632,0.059385,0.013026,0.035946,-0.997503
37.470,True,-0.044359,1.184700,-0.073863,0.058946,-0.002253,0.037625,-0.997549,True,0.019511,1.177686,-0.074680,0.059513,0.013806,0.035873,-0.997487
37.481,True,-0.044345,1.184690,-0.073907,0.059083,-0.001584,0.037548,-0.997545,True,0.019526,1.177676,-0.074727,0.059651,0.014477,0.035795,-0.997472
37.493,True,-0.044333,1.184679,-0.073936,0.060431,-0.000037,0.037342,-0.997474,True,0.019538,1.177673,-0.074761,0.061000,0.016031,0.035588,-0.997374
37.504,True,-0.044350,1.184673,-0.073965,0.060114,0.003179,0.036847,-0.997506,True,0.019523,1.177685,-0.074797,0.060682,0.019252,0.035092,-0.997354
37.515,True,-0.044357,1.184666,-0.074006,0.061700,0.001891,0.036856,-0.997412,True,0.019519,1.177700,-0.074831,0.062266,0.017966,0.035104,-0.997280
37.526,True,-0.044382,1.184639,-0.074042,0.062232,0.003548,0.036477,-0.997389,True,0.019497,1.177701,-0.074863,0.062796,0.019627,0.034723,-0.997229
37.537,True,-0.044410,1.184645,-0.074076,0.062654,0.005090,0.036259,-0.997363,True,0.019470,1.177716,-0.074890,0.063219,0.021172,0.034504,-0.997178
37.548,True,-0.044864,1.185649,-0.074017,0.063005,0.005577,0.036068,-0.997346,True,0.019439,1.177727,-0.074918,0.063567,0.021661,0.034313,-0.997152
37.559,True,-0.044897,1.185633,-0.074053,0.063564,0.006598,0.035935,-0.997309,True,0.019407,1.177718,-0.074940,0.064127,0.022683,0.034178,-0.997098
37.570,True,-0.044910,1.185632,-0.074084,0.063702,0.007090,0.035796,-0.997302,True,0.019396,1.177732,-0.074956,0.064263,0.023177,0.034041,-0.997083
37.581,True,-0.044947,1.185645,-0.074149,0.064072,0.007202,0.035759,-0.997278,True,0.019360,1.177752,-0.075002,0.064633,0.023290,0.034004,-0.997058
37.592,True,-0.044973,1.185641,-0.074177,0.064350,0.007279,0.035804,-0.997258,True,0.019334,1.177743,-0.075018,0.064912,0.023367,0.034048,-0.997036
37.603,True,-0.044997,1.185667,-0.074215,0.063853,0.006988,0.035804,-0.997292,True,0.019310,1.177776,-0.075038,0.064414,0.023075,0.034049,-0.997075
37.614,True,-0.045020,1.185683,-0.074251,0.063359,0.006716,0.035868,-0.997324,True,0.019287,1.177787,-0.075062,0.063920,0.022800,0.034111,-0.997111
37.626,True,-0.045037,1.185718,-0.074278,0.063302,0.006342,0.035861,-0.997330,True,0.019272,1.177829,-0.075078,0.063862,0.022425,0.034102,-0.997124
37.637,True,-0.045047,1.185756,-0.074309,0.063571,0.006439,0.035852,-0.997312,True,0.019262,1.177869,-0.075097,0.064131,0.022522,0.034092,-0.997105
37.648,True,-0.045058,1.185788,-0.074337,0.063860,0.006805,0.035828,-0.997292,True,0.019251,1.177900,-0.075117,0.064420,0.022889,0.034066,-0.997079
37.659,True,-0.045060,1.185817,-0.074358,0.062336,0.005830,0.035907,-0.997392,True,0.019249,1.177929,-0.075132,0.062894,0.021909,0.034144,-0.997195
37.670,True,-0.045055,1.185846,-0.074373,0.061632,0.005131,0.036019,-0.997436,True,0.019253,1.177951,-0.075141,0.062190,0.021207,0.034255,-0.997251
37.681,True,-0.045072,1.185873,-0.074386,0.061434,0.004735,0.036010,-0.997450,True,0.019236,1.177982,-0.075163,0.061991,0.020809,0.034245,-0.997272
37.692,True,-0.045059,1.185905,-0.074396,0.061125,0.004575,0.035991,-0.997471,True,0.019250,1.178017,-0.075170,0.061682,0.020648,0.034224,-0.997295
37.703,True,-0.045054,1.185921,-0.074402,0.061756,0.005470,0.035822,-0.997433,True,0.019256,1.178043,-0.075181,0.062312,0.021546,0.034052,-0.997243
37.715,True,-0.045047,1.185931,-0.074415,0.062085,0.005865,0.035761,-0.997413,True,0.019263,1.178056,-0.075193,0.062641,0.021941,0.033990,-0.997216
37.726,True,-0.045038,1.185929,-0.074405,0.062181,0.006233,0.035743,-0.997405,True,0.019272,1.178050,-0.075191,0.062738,0.022311,0.033972,-0.997202
37.737,True,-0.045019,1.185940,-0.074403,0.062225,0.006642,0.035822,-0.997397,True,0.019289,1.178046,-0.075189,0.062784,0.022720,0.034052,-0.997187
37.748,True,-0.044995,1.185915,-0.074390,0.061843,0.006348,0.035918,-0.997419,True,0.019312,1.178010,-0.075191,0.062403,0.022426,0.034149,-0.997215
37.759,True,-0.044973,1.185889,-0.074378,0.062061,0.006779,0.035780,-0.997408,True,0.019335,1.177995,-0.075188,0.062620,0.022858,0.034012,-0.997196
37.770,True,-0.044959,1.185848,-0.074367,0.061633,0.006738,0.035629,-0.997440,True,0.019350,1.177970,-0.075188,0.062189,0.022816,0.033861,-0.997229
37.781,True,-0.044946,1.185847,-0.074340,0.061269,0.006455,0.035692,-0.997462,True,0.019362,1.177963,-0.075172,0.061826,0.022532,0.033924,-0.997256
37.792,True,-0.044926,1.185869,-0.074316,0.061491,0.006639,0.035783,-0.997444,True,0.019380,1.177969,-0.075158,0.062049,0.022716,0.034015,-0.997235
37.804,True,-0.044907,1.185882,-0.074308,0.061703,0.006830,0.035907,-0.997425,True,0.019397,1.177963,-0.075156,0.062265,0.022908,0.034139,-0.997213
37.815,True,-0.044880,1.185851,-0.074302,0.061029,0.007016,0.035819,-0.997468,True,0.019425,1.177937,-0.075159,0.061589,0.023092,0.034050,-0.997253
37.826,True,-0.044856,1.185779,-0.074259,0.061340,0.007020,0.035635,-0.997456,True,0.019451,1.177887,-0.075130,0.061898,0.023097,0.033866,-0.997240
37.837,True,-0.044834,1.185745,-0.074249,0.060928,0.007084,0.035503,-0.997486,True,0.019475,1.177870,-0.075112,0.061483,0.023161,0.033734,-0.997269
37.848,True,-0.044816,1.185732,-0.074221,0.059364,0.006426,0.035549,-0.997583,True,0.019493,1.177856,-0.075082,0.059918,0.022498,0.033781,-0.997378
37.859,True,-0.044793,1.185763,-0.074170,0.059091,0.006610,0.035681,-0.997593,True,0.019514,1.177868,-0.075026,0.059647,0.022682,0.033913,-0.997385
37.870,True,-0.044771,1.185784,-0.074144,0.057769,0.006046,0.035890,-0.997666,True,0.019533,1.177865,-0.074998,0.058327,0.022114,0.034123,-0.997469
37.881,True,-0.044764,1.185828,-0.074133,0.057045,0.005836,0.036381,-0.997692,True,0.019533,1.177850,-0.074976,0.057610,0.021902,0.034616,-0.997499
37.892,True,-0.044749,1.185824,-0.074094,0.056362,0.005580,0.036776,-0.997717,True,0.019542,1.177795,-0.074948,0.056933,0.021644,0.035014,-0.997529
37.903,True,-0.044723,1.185801,-0.074076,0.055351,0.004995,0.037078,-0.997766,True,0.019563,1.177738,-0.074949,0.055925,0.021057,0.035321,-0.997588
37.914,True,-0.044692,1.185779,-0.074029,0.054716,0.004609,0.037084,-0.997802,True,0.019593,1.177716,-0.074929,0.055290,0.020671,0.035332,-0.997631
37.926,True,-0.044673,1.185726,-0.073991,0.054302,0.004215,0.036857,-0.997835,True,0.019616,1.177694,-0.074919,0.054872,0.020276,0.035106,-0.997670
37.937,True,-0.044659,1.185698,-0.073978,0.053953,0.003996,0.036622,-0.997864,True,0.019633,1.177696,-0.074927,0.054518,0.020057,0.034873,-0.997702
37.948,True,-0.044651,1.185668,-0.073961,0.053471,0.003483,0.036473,-0.997897,True,0.019644,1.177689,-0.074925,0.054032,0.019542,0.034727,-0.997744
37.959,True,-0.044650,1.185619,-0.073938,0.053071,0.003147,0.036399,-0.997922,True,0.019646,1.177651,-0.074925,0.053630,0.019206,0.034655,-0.997775
37.970,True,-0.044657,1.185562,-0.073921,0.052367,0.002806,0.036296,-0.997964,True,0.019640,1.177606,-0.074938,0.052924,0.018863,0.034554,-0.997822
37.982,True,-0.044651,1.185503,-0.073913,0.052062,0.002641,0.036201,-0.997984,True,0.019648,1.177558,-0.074945,0.052617,0.018698,0.034460,-0.997845
37.993,True,-0.044648,1.185452,-0.073906,0.051665,0.002489,0.036121,-0.998008,True,0.019651,1.177517,-0.074950,0.052218,0.018544,0.034381,-0.997871
38.004,True,-0.044661,1.185419,-0.073902,0.050722,0.002282,0.035992,-0.998062,True,0.019641,1.177501,-0.074954,0.051272,0.018334,0.034252,-0.997929
38.015,True,-0.044676,1.185384,-0.073902,0.050345,0.002193,0.035900,-0.998084,True,0.019627,1.177477,-0.074959,0.050893,0.018245,0.034160,-0.997953
38.026,True,-0.044697,1.185375,-0.073915,0.049840,0.002231,0.035860,-0.998111,True,0.019606,1.177473,-0.074958,0.050388,0.018281,0.034121,-0.997979
38.037,True,-0.044729,1.185388,-0.073925,0.049834,0.002348,0.035902,-0.998109,True,0.019574,1.177481,-0.074953,0.050382,0.018398,0.034162,-0.997976
38.048,True,-0.044790,1.185425,-0.073919,0.049745,0.002090,0.036010,-0.998110,True,0.019512,1.177508,-0.074942,0.050294,0.018139,0.034270,-0.997982
38.059,True,-0.044817,1.185434,-0.073947,0.049436,0.002266,0.035950,-0.998128,True,0.019487,1.177526,-0.074936,0.049983,0.018313,0.034209,-0.997996
38.070,True,-0.044873,1.185460,-0.073970,0.049582,0.002271,0.035956,-0.998120,True,0.018676,1.179090,-0.074851,0.050129,0.018319,0.034214,-0.997988
38.082,True,-0.044939,1.185479,-0.074005,0.049336,0.002595,0.035911,-0.998133,True,0.018612,1.179116,-0.074847,0.049883,0.018642,0.034169,-0.997996
38.093,True,-0.044978,1.185454,-0.074026,0.049078,0.002764,0.035875,-0.998147,True,0.018574,1.179097,-0.074840,0.049625,0.018810,0.034133,-0.998007
38.104,True,-0.045028,1.185418,-0.074037,0.048312,0.002719,0.035695,-0.998191,True,0.018526,1.179086,-0.074832,0.048855,0.018763,0.033955,-0.998052
38.115,True,-0.045060,1.185404,-0.074059,0.048055,0.002946,0.035589,-0.998206,True,0.018496,1.179086,-0.074824,0.048596,0.018989,0.033849,-0.998064
38.126,True,-0.045099,1.185390,-0.074077,0.047843,0.003046,0.035574,-0.998217,True,0.018458,1.179076,-0.074819,0.048383,0.019089,0.033833,-0.998073
38.137,True,-0.045110,1.185396,-0.074117,0.047794,0.003236,0.035796,-0.998210,True,0.018445,1.179056,-0.074828,0.048339,0.019278,0.034056,-0.998064
38.148,True,-0.045128,1.185391,-0.074135,0.047387,0.003164,0.036107,-0.998219,True,0.018424,1.179014,-0.074826,0.047935,0.019204,0.034368,-0.998074
38.159,True,-0.045131,1.185402,-0.074127,0.047120,0.003132,0.036347,-0.998223,True,0.018418,1.178994,-0.074818,0.047673,0.019172,0.034608,-0.998079
38.170,True,-0.045111,1.185416,-0.074145,0.046857,0.002904,0.036413,-0.998234,True,0.018437,1.179001,-0.074837,0.047410,0.018942,0.034672,-0.998094
38.181,True,-0.045078,1.185444,-0.074147,0.046865,0.002734,0.036275,-0.998239,True,0.018471,1.179048,-0.074842,0.047415,0.018772,0.034533,-0.998102
38.192,True,-0.045051,1.185487,-0.074123,0.046700,0.002719,0.036149,-0.998251,True,0.018500,1.179106,-0.074813,0.047247,0.018755,0.034404,-0.998114
38.204,True,-0.045019,1.185533,-0.074106,0.046864,0.002607,0.036056,-0.998247,True,0.018533,1.179163,-0.074810,0.047410,0.018643,0.034308,-0.998112
38.215,True,-0.044979,1.185588,-0.074081,0.046564,0.002349,0.036086,-0.998261,True,0.018572,1.179216,-0.074790,0.047110,0.018383,0.034339,-0.998130
38.226,True,-0.044926,1.185603,-0.074048,0.046484,0.002110,0.036096,-0.998264,True,0.018625,1.179230,-0.074778,0.047029,0.018144,0.034349,-0.998138
38.237,True,-0.044859,1.185570,-0.074041,0.046128,0.001852,0.036124,-0.998280,True,0.018692,1.179195,-0.074784,0.046673,0.017885,0.034379,-0.998158
38.248,True,-0.044781,1.185524,-0.074040,0.045277,0.001368,0.036200,-0.998318,True,0.018769,1.179139,-0.074809,0.045822,0.017399,0.034458,-0.998204
38.259,True,-0.044705,1.185481,-0.074014,0.044814,0.001019,0.036319,-0.998334,True,0.018843,1.179083,-0.074808,0.045360,0.017049,0.034580,-0.998227
38.270,True,-0.044612,1.185446,-0.073996,0.044739,0.000952,0.036482,-0.998332,True,0.018933,1.179026,-0.074808,0.045287,0.016983,0.034746,-0.998225
38.281,True,-0.044524,1.185442,-0.073971,0.044189,0.000277,0.036764,-0.998347,True,0.019018,1.178990,-0.074810,0.044740,0.016306,0.035029,-0.998251
38.292,True,-0.044437,1.185441,-0.073946,0.044043,-0.000073,0.036967,-0.998346,True,0.019102,1.178963,-0.074810,0.044596,0.015954,0.035233,-0.998256
38.303,True,-0.044326,1.185450,-0.073915,0.043580,-0.000358,0.037180,-0.998358,True,0.019209,1.178944,-0.074804,0.044136,0.015667,0.035444,-0.998274
38.315,True,-0.044212,1.185494,-0.073879,0.043516,-0.000722,0.037400,-0.998352,True,0.019320,1.178959,-0.074792,0.044075,0.015302,0.035662,-0.998274
38.326,True,-0.044139,1.185525,-0.073866,0.043500,-0.000653,0.037568,-0.998347,True,0.019391,1.178966,-0.074786,0.044062,0.015370,0.035829,-0.998268
38.337,True,-0.044077,1.185538,-0.073850,0.043161,-0.000853,0.037703,-0.998356,True,0.019451,1.178961,-0.074788,0.043725,0.015169,0.035963,-0.998281
38.348,True,-0.044001,1.185548,-0.073839,0.042936,-0.000981,0.037784,-0.998363,True,0.019525,1.178959,-0.074795,0.043501,0.015041,0.036045,-0.998290
38.359,True,-0.043951,1.185537,-0.073837,0.042672,-0.001118,0.037815,-0.998373,True,0.019574,1.178943,-0.074817,0.043237,0.014903,0.036076,-0.998302
38.370,True,-0.043910,1.185522,-0.073856,0.042207,-0.000933,0.037780,-0.998394,True,0.019615,1.178926,-0.074850,0.042772,0.015088,0.036043,-0.998321
38.381,True,-0.043886,1.185498,-0.073872,0.041982,-0.000938,0.037686,-0.998407,True,0.019640,1.178912,-0.074880,0.042546,0.015083,0.035951,-0.998334
38.393,True,-0.043875,1.185480,-0.073894,0.041634,-0.001019,0.037643,-0.998423,True,0.019651,1.178900,-0.074904,0.042197,0.015001,0.035909,-0.998351
38.404,True,-0.043887,1.185482,-0.073916,0.041695,-0.000881,0.037475,-0.998427,True,0.019641,1.178923,-0.074919,0.042256,0.015139,0.035740,-0.998353
38.415,True,-0.043910,1.185501,-0.073948,0.041304,-0.000966,0.037458,-0.998444,True,0.019620,1.178947,-0.074932,0.041863,0.015052,0.035724,-0.998371
38.426,True,-0.043961,1.185513,-0.073994,0.041140,-0.001126,0.037462,-0.998450,True,0.019569,1.178963,-0.074956,0.041698,0.014890,0.035726,-0.998380
38.437,True,-0.044012,1.185518,-0.074026,0.040905,-0.001258,0.037455,-0.998460,True,0.019519,1.178974,-0.074960,0.041462,0.014757,0.035718,-0.998393
38.448,True,-0.044080,1.185543,-0.074063,0.040647,-0.001125,0.037436,-0.998471,True,0.019452,1.179003,-0.074964,0.041203,0.014888,0.035699,-0.998402
38.459,True,-0.044154,1.185555,-0.074107,0.040649,-0.000994,0.037353,-0.998475,True,0.019380,1.179028,-0.074975,0.041203,0.015019,0.035615,-0.998403
38.470,True,-0.044200,1.185550,-0.074138,0.040518,-0.000726,0.037363,-0.998480,True,0.019334,1.179024,-0.074967,0.041072,0.015286,0.035624,-0.998404
38.481,True,-0.044268,1.185534,-0.074171,0.040294,-0.000374,0.037235,-0.998494,True,0.019268,1.179024,-0.074969,0.040847,0.015638,0.035497,-0.998412
38.493,True,-0.044328,1.185517,-0.074206,0.040085,-0.000361,0.037216,-0.998503,True,0.019209,1.179013,-0.074977,0.040638,0.015651,0.035480,-0.998421
38.503,True,-0.044391,1.185478,-0.074229,0.039962,0.000026,0.037068,-0.998513,True,0.019148,1.178991,-0.074981,0.040513,0.016037,0.035332,-0.998425
38.514,True,-0.044454,1.185444,-0.074241,0.039876,0.000070,0.037014,-0.998519,True,0.019087,1.178966,-0.074976,0.040426,0.016082,0.035280,-0.998430
38.526,True,-0.044502,1.185413,-0.074263,0.039735,0.000091,0.036983,-0.998526,True,0.019040,1.178941,-0.074980,0.040284,0.016102,0.035251,-0.998437
38.537,True,-0.044528,1.185396,-0.074290,0.039443,0.000214,0.036816,-0.998543,True,0.019016,1.178946,-0.074986,0.039989,0.016225,0.035085,-0.998452
38.548,True,-0.044571,1.185370,-0.074294,0.039445,0.000190,0.036719,-0.998547,True,0.018975,1.178934,-0.074986,0.039990,0.016201,0.034989,-0.998456
38.559,True,-0.044624,1.185243,-0.074319,0.039274,0.000027,0.036673,-0.998555,True,0.018946,1.178941,-0.074984,0.039817,0.016037,0.034943,-0.998467
38.570,True,-0.044631,1.185235,-0.074337,0.039203,0.000025,0.036582,-0.998561,True,0.018940,1.178944,-0.074998,0.039744,0.016035,0.034851,-0.998473
38.581,True,-0.044657,1.185236,-0.074324,0.039092,-0.000018,0.036526,-0.998568,True,0.018915,1.178952,-0.074986,0.039632,0.015991,0.034796,-0.998480
38.592,True,-0.044672,1.185211,-0.074326,0.039027,0.000103,0.036412,-0.998575,True,0.018901,1.178941,-0.074981,0.039566,0.016112,0.034680,-0.998485
38.603,True,-0.044672,1.185224,-0.074322,0.038422,0.000546,0.036394,-0.998599,True,0.018901,1.178948,-0.074974,0.038961,0.016553,0.034663,-0.998502
38.614,True,-0.044679,1.185221,-0.074316,0.038254,0.000768,0.036397,-0.998605,True,0.018893,1.178943,-0.074964,0.038794,0.016776,0.034666,-0.998505
38.632,True,-0.044682,1.185206,-0.074301,0.037985,0.001366,0.036416,-0.998614,True,0.018889,1.178917,-0.074948,0.038527,0.017375,0.034686,-0.998504
38.643,True,-0.044664,1.185182,-0.074295,0.037681,0.001615,0.036480,-0.998622,True,0.018906,1.178880,-0.074952,0.038225,0.017624,0.034753,-0.998509
38.654,True,-0.044653,1.185155,-0.074275,0.037281,0.002517,0.036380,-0.998639,True,0.018916,1.178851,-0.074945,0.037827,0.018527,0.034655,-0.998511
38.665,True,-0.044632,1.185138,-0.074254,0.037024,0.002684,0.036361,-0.998649,True,0.018938,1.178832,-0.074939,0.037571,0.018694,0.034637,-0.998519
38.676,True,-0.044608,1.185150,-0.074235,0.036925,0.002791,0.036416,-0.998650,True,0.018960,1.178832,-0.074936,0.037473,0.018801,0.034691,-0.998518
38.687,True,-0.044598,1.185174,-0.074202,0.036318,0.003245,0.036423,-0.998671,True,0.018968,1.178845,-0.074916,0.036867,0.019253,0.034697,-0.998532
38.698,True,-0.044593,1.185204,-0.074171,0.036075,0.003412,0.036562,-0.998674,True,0.018971,1.178853,-0.074896,0.036627,0.019421,0.034836,-0.998533
38.709,True,-0.044569,1.185151,-0.074142,0.035869,0.003617,0.036376,-0.998688,True,0.018997,1.178818,-0.074883,0.036419,0.019624,0.034648,-0.998543
38.720,True,-0.044564,1.185083,-0.074095,0.035775,0.003691,0.036052,-0.998703,True,0.019006,1.178787,-0.074849,0.036320,0.019698,0.034325,-0.998556
38.731,True,-0.044561,1.185046,-0.074067,0.035600,0.003921,0.035861,-0.998715,True,0.019011,1.178771,-0.074821,0.036142,0.019928,0.034133,-0.998565
38.743,True,-0.044555,1.185031,-0.074031,0.035474,0.004414,0.035739,-0.998722,True,0.019018,1.178765,-0.074783,0.036017,0.020422,0.034012,-0.998564
38.754,True,-0.044562,1.185055,-0.073976,0.035468,0.004897,0.035891,-0.998714,True,0.019008,1.178764,-0.074724,0.036014,0.020905,0.034163,-0.998548
38.765,True,-0.044562,1.185114,-0.073928,0.035426,0.005336,0.036095,-0.998706,True,0.019005,1.178790,-0.074679,0.035977,0.021345,0.034367,-0.998533
38.776,True,-0.044550,1.185160,-0.073899,0.035278,0.006174,0.036258,-0.998701,True,0.019013,1.178804,-0.074640,0.035835,0.022183,0.034530,-0.998515
38.787,True,-0.044563,1.185186,-0.073856,0.034984,0.006393,0.036452,-0.998703,True,0.018998,1.178804,-0.074594,0.035545,0.022402,0.034726,-0.998513
38.798,True,-0.044580,1.185176,-0.073810,0.034735,0.006002,0.036581,-0.998709,True,0.018980,1.178782,-0.074561,0.035297,0.022011,0.034859,-0.998526
38.809,True,-0.044579,1.185152,-0.073785,0.035381,0.000520,0.037058,-0.998687,True,0.018982,1.178775,-0.074534,0.035931,0.016524,0.035343,-0.998592
38.820,True,-0.044612,1.185130,-0.073752,0.035830,-0.008297,0.037846,-0.998607,True,0.018952,1.178776,-0.074498,0.036363,0.007686,0.036141,-0.998655
38.831,True,-0.044625,1.185099,-0.073736,0.036393,-0.010248,0.037929,-0.998565,True,0.018941,1.178764,-0.074477,0.036921,0.005731,0.036228,-0.998645
38.843,True,-0.044659,1.185068,-0.073704,0.040049,-0.011156,0.038038,-0.998411,True,0.018908,1.178743,-0.074445,0.040581,0.004833,0.036341,-0.998504
38.854,True,-0.044692,1.184978,-0.073696,0.039983,-0.011119,0.037982,-0.998416,True,0.018875,1.178661,-0.074433,0.040513,0.004870,0.036286,-0.998508
38.865,True,-0.044709,1.184921,-0.073674,0.042142,-0.011989,0.038131,-0.998312,True,0.018858,1.178602,-0.074421,0.042675,0.004005,0.036438,-0.998416
38.876,True,-0.044692,1.184854,-0.073671,0.043672,-0.011560,0.038038,-0.998255,True,0.018876,1.178545,-0.074420,0.044208,0.004441,0.036344,-0.998351
38.887,True,-0.044736,1.184790,-0.073651,0.044117,-0.011054,0.037885,-0.998247,True,0.018833,1.178494,-0.074407,0.044652,0.004950,0.036190,-0.998335
38.898,True,-0.044743,1.184785,-0.073645,0.044707,-0.011370,0.037961,-0.998214,True,0.018826,1.178487,-0.074393,0.045242,0.004634,0.036266,-0.998307
38.910,True,-0.044754,1.184765,-0.073638,0.044988,-0.010912,0.037808,-0.998212,True,0.018817,1.178480,-0.074390,0.045523,0.005094,0.036111,-0.998297
38.921,True,-0.044779,1.184761,-0.073625,0.043620,-0.010060,0.037660,-0.998288,True,0.018792,1.178480,-0.074375,0.044153,0.005945,0.035963,-0.998360
38.932,True,-0.044798,1.184750,-0.073625,0.044231,-0.010045,0.037580,-0.998264,True,0.018774,1.178481,-0.074372,0.044764,0.005962,0.035882,-0.998335
38.943,True,-0.044824,1.184741,-0.073648,0.044361,-0.008950,0.037384,-0.998276,True,0.018749,1.178483,-0.074389,0.044894,0.007061,0.035685,-0.998329
38.954,True,-0.044845,1.184751,-0.073659,0.044213,-0.008519,0.037272,-0.998290,True,0.018729,1.178502,-0.074392,0.044746,0.007493,0.035575,-0.998337
38.965,True,-0.044865,1.184776,-0.073678,0.044007,-0.008263,0.037221,-0.998304,True,0.018710,1.178532,-0.074401,0.044539,0.007750,0.035524,-0.998346
38.976,True,-0.044874,1.184785,-0.073724,0.043488,-0.008094,0.037117,-0.998331,True,0.018702,1.178553,-0.074436,0.044018,0.007917,0.035422,-0.998371
38.987,True,-0.044883,1.184737,-0.073764,0.043323,-0.007993,0.037080,-0.998341,True,0.018694,1.178509,-0.074463,0.043853,0.008018,0.035385,-0.998379
38.998,True,-0.044894,1.184696,-0.073789,0.043207,-0.007837,0.036945,-0.998352,True,0.018684,1.178484,-0.074484,0.043735,0.008175,0.035251,-0.998388
39.009,True,-0.044871,1.184693,-0.073844,0.043133,-0.007411,0.036730,-0.998367,True,0.018710,1.178505,-0.074528,0.043658,0.008602,0.035036,-0.998395
39.021,True,-0.044852,1.184725,-0.073896,0.043148,-0.007347,0.036814,-0.998363,True,0.018728,1.178527,-0.074557,0.043674,0.008665,0.035117,-0.998391
39.032,True,-0.044839,1.184788,-0.073930,0.043058,-0.007271,0.037155,-0.998355,True,0.018737,1.178548,-0.074571,0.043590,0.008739,0.035457,-0.998382
39.043,True,-0.044796,1.184847,-0.073970,0.042662,-0.007747,0.037639,-0.998350,True,0.018775,1.178551,-0.074597,0.043199,0.008259,0.035938,-0.998386
39.054,True,-0.044754,1.184929,-0.073996,0.043111,-0.007900,0.038006,-0.998316,True,0.018812,1.178589,-0.074626,0.043654,0.008105,0.036300,-0.998354
39.065,True,-0.044706,1.184984,-0.074028,0.043230,-0.007738,0.038046,-0.998311,True,0.018859,1.178635,-0.074663,0.043773,0.008267,0.036335,-0.998346
39.076,True,-0.044623,1.185063,-0.074041,0.043617,-0.007472,0.037988,-0.998298,True,0.018942,1.178714,-0.074696,0.044161,0.008535,0.036275,-0.998329
39.088,True,-0.044550,1.185109,-0.074064,0.043598,-0.007374,0.037706,-0.998310,True,0.019018,1.178792,-0.074732,0.044138,0.008633,0.035988,-0.998340
39.098,True,-0.044471,1.185170,-0.074096,0.043576,-0.007319,0.037575,-0.998317,True,0.019098,1.178867,-0.074769,0.044114,0.008687,0.035854,-0.998345
39.110,True,-0.044418,1.185216,-0.074112,0.043644,-0.007556,0.037578,-0.998312,True,0.019151,1.178913,-0.074803,0.044182,0.008449,0.035854,-0.998344
39.121,True,-0.044334,1.185248,-0.074129,0.043867,-0.007745,0.037628,-0.998299,True,0.019235,1.178936,-0.074842,0.044405,0.008259,0.035900,-0.998334
39.132,True,-0.044242,1.185288,-0.074148,0.043252,-0.007285,0.037780,-0.998323,True,0.019324,1.178947,-0.074874,0.043793,0.008720,0.036053,-0.998352
39.143,True,-0.044138,1.185303,-0.074161,0.042217,-0.006654,0.037826,-0.998370,True,0.019425,1.178941,-0.074909,0.042761,0.009348,0.036095,-0.998389
39.154,True,-0.044035,1.185335,-0.074178,0.042505,-0.006930,0.038091,-0.998346,True,0.019525,1.178942,-0.074934,0.043052,0.009073,0.036360,-0.998370
39.165,True,-0.043951,1.185363,-0.074183,0.042031,-0.006809,0.038219,-0.998362,True,0.019606,1.178948,-0.074957,0.042580,0.009193,0.036486,-0.998384
39.176,True,-0.043861,1.185392,-0.074179,0.041608,-0.006674,0.038334,-0.998376,True,0.019694,1.178957,-0.074961,0.042160,0.009326,0.036599,-0.998397
39.188,True,-0.043789,1.185423,-0.074193,0.040863,-0.006541,0.038479,-0.998402,True,0.019764,1.178965,-0.074971,0.041416,0.009456,0.036743,-0.998421
39.198,True,-0.043709,1.185467,-0.074208,0.040760,-0.006743,0.038748,-0.998395,True,0.019841,1.178978,-0.074984,0.041317,0.009253,0.037012,-0.998418
39.209,True,-0.043663,1.185484,-0.074223,0.040355,-0.006422,0.038878,-0.998408,True,0.019884,1.178972,-0.075001,0.040914,0.009573,0.037141,-0.998426
39.220,True,-0.043621,1.185501,-0.074211,0.040079,-0.006579,0.039047,-0.998412,True,0.019924,1.178967,-0.075001,0.040641,0.009415,0.037311,-0.998433
39.231,True,-0.043566,1.185516,-0.074217,0.039948,-0.006649,0.039168,-0.998412,True,0.019977,1.178967,-0.075010,0.040511,0.009344,0.037432,-0.998434
39.243,True,-0.043538,1.185532,-0.074218,0.040017,-0.006728,0.039200,-0.998407,True,0.020005,1.178979,-0.075017,0.040580,0.009266,0.037463,-0.998431
39.254,True,-0.043508,1.185532,-0.074209,0.039869,-0.006811,0.039132,-0.998415,True,0.020035,1.178986,-0.075021,0.040431,0.009183,0.037397,-0.998440
39.265,True,-0.043471,1.185518,-0.074223,0.039810,-0.006781,0.039070,-0.998420,True,0.020073,1.178979,-0.075038,0.040371,0.009212,0.037334,-0.998445
39.276,True,-0.043431,1.185507,-0.074240,0.039710,-0.006545,0.038832,-0.998435,True,0.020116,1.178995,-0.075061,0.040269,0.009449,0.037096,-0.998455
39.287,True,-0.043425,1.185475,-0.074239,0.039668,-0.006571,0.038666,-0.998443,True,0.020124,1.178983,-0.075062,0.040224,0.009423,0.036931,-0.998464
39.298,True,-0.043413,1.185462,-0.074248,0.039469,-0.006496,0.038583,-0.998455,True,0.020137,1.178981,-0.075063,0.040024,0.009498,0.036848,-0.998474
39.310,True,-0.043383,1.185466,-0.074252,0.039204,-0.006134,0.038430,-0.998473,True,0.020169,1.179002,-0.075052,0.039756,0.009859,0.036695,-0.998487
39.321,True,-0.043376,1.185466,-0.074251,0.039225,-0.005989,0.038344,-0.998477,True,0.020177,1.179013,-0.075031,0.039776,0.010004,0.036609,-0.998488
39.332,True,-0.043374,1.185471,-0.074253,0.039105,-0.005396,0.038163,-0.998492,True,0.020182,1.179036,-0.075007,0.039654,0.010598,0.036427,-0.998493
39.343,True,-0.043362,1.185475,-0.074259,0.039000,-0.005015,0.038213,-0.998496,True,0.020193,1.179035,-0.074969,0.039551,0.010979,0.036476,-0.998491
39.354,True,-0.043359,1.185483,-0.074258,0.038871,-0.004704,0.038333,-0.998498,True,0.020195,1.179028,-0.074931,0.039424,0.011290,0.036597,-0.998488
39.365,True,-0.043380,1.185486,-0.074239,0.038962,-0.004650,0.038601,-0.998484,True,0.020172,1.179003,-0.074869,0.039519,0.011343,0.036867,-0.998474
39.376,True,-0.043366,1.185480,-0.074244,0.039059,-0.004381,0.038801,-0.998474,True,0.020184,1.178974,-0.074835,0.039619,0.011613,0.037067,-0.998460
39.388,True,-0.043369,1.185454,-0.074220,0.038591,-0.003980,0.038785,-0.998494,True,0.020181,1.178947,-0.074790,0.039152,0.012014,0.037054,-0.998474
39.398,True,-0.043341,1.185431,-0.074201,0.038617,-0.003954,0.038913,-0.998488,True,0.020208,1.178912,-0.074750,0.039180,0.012040,0.037185,-0.998467
39.410,True,-0.043292,1.185428,-0.074183,0.038454,-0.003735,0.038942,-0.998494,True,0.020257,1.178906,-0.074710,0.039017,0.012260,0.037217,-0.998470
39.421,True,-0.043267,1.185385,-0.074153,0.038376,-0.003679,0.038876,-0.998500,True,0.020282,1.178870,-0.074678,0.038939,0.012316,0.037151,-0.998475
39.432,True,-0.043195,1.185378,-0.074113,0.038225,-0.003790,0.038967,-0.998502,True,0.020354,1.178854,-0.074638,0.038789,0.012204,0.037244,-0.998479
39.443,True,-0.043126,1.185361,-0.074066,0.037962,-0.003681,0.038809,-0.998519,True,0.020425,1.178854,-0.074598,0.038523,0.012313,0.037087,-0.998493
39.454,True,-0.043049,1.185335,-0.074011,0.037819,-0.003755,0.038788,-0.998525,True,0.020502,1.178829,-0.074555,0.038380,0.012239,0.037066,-0.998501
39.465,True,-0.042982,1.185308,-0.073949,0.037574,-0.003939,0.038780,-0.998533,True,0.020569,1.178802,-0.074516,0.038134,0.012055,0.037059,-0.998512
39.476,True,-0.042873,1.185286,-0.073919,0.037265,-0.004274,0.038886,-0.998539,True,0.020676,1.178766,-0.074522,0.037827,0.011719,0.037169,-0.998524
39.487,True,-0.042775,1.185254,-0.073860,0.036960,-0.004759,0.039041,-0.998543,True,0.020772,1.178717,-0.074486,0.037523,0.011232,0.037325,-0.998535
39.498,True,-0.042685,1.185230,-0.073822,0.037279,-0.005849,0.039210,-0.998518,True,0.020860,1.178681,-0.074491,0.037842,0.010142,0.037497,-0.998529
39.509,True,-0.042574,1.185198,-0.073755,0.036992,-0.006182,0.039315,-0.998523,True,0.020968,1.178633,-0.074470,0.037556,0.009809,0.037604,-0.998539
39.520,True,-0.042477,1.185167,-0.073689,0.037937,-0.007396,0.039410,-0.998475,True,0.021065,1.178605,-0.074444,0.038500,0.008595,0.037700,-0.998510
39.531,True,-0.042367,1.185179,-0.073627,0.037415,-0.007365,0.039344,-0.998498,True,0.021175,1.178618,-0.074417,0.037978,0.008626,0.037635,-0.998532
39.543,True,-0.042274,1.185181,-0.073562,0.037954,-0.008429,0.039581,-0.998460,True,0.021266,1.178602,-0.074381,0.038518,0.007562,0.037873,-0.998511
39.554,True,-0.042188,1.185183,-0.073492,0.038079,-0.008962,0.039757,-0.998443,True,0.021350,1.178586,-0.074335,0.038645,0.007028,0.038050,-0.998504
39.565,True,-0.041980,1.185288,-0.073384,0.038161,-0.009859,0.039850,-0.998428,True,0.021421,1.178552,-0.074295,0.038726,0.006129,0.038144,-0.998503
39.576,True,-0.041900,1.185232,-0.073334,0.038165,-0.009921,0.039706,-0.998433,True,0.021503,1.178513,-0.074262,0.038728,0.006068,0.038001,-0.998509
39.587,True,-0.041838,1.185156,-0.073270,0.038709,-0.011056,0.039690,-0.998401,True,0.021566,1.178453,-0.074216,0.039268,0.004931,0.037987,-0.998494
39.598,True,-0.041768,1.185132,-0.073265,0.038797,-0.010944,0.039814,-0.998394,True,0.021635,1.178414,-0.074198,0.039359,0.005044,0.038111,-0.998485
39.609,True,-0.041716,1.185156,-0.073233,0.038713,-0.011356,0.040174,-0.998378,True,0.021683,1.178399,-0.074168,0.039280,0.004631,0.038474,-0.998477
39.620,True,-0.041693,1.185193,-0.073176,0.038951,-0.010802,0.040518,-0.998361,True,0.021701,1.178387,-0.074094,0.039525,0.005186,0.038817,-0.998451
39.631,True,-0.041665,1.185259,-0.073125,0.039100,-0.011291,0.040933,-0.998333,True,0.021724,1.178408,-0.074041,0.039679,0.004697,0.039234,-0.998431
39.643,True,-0.041647,1.185318,-0.073079,0.039178,-0.011404,0.041317,-0.998313,True,0.021737,1.178422,-0.073980,0.039763,0.004583,0.039621,-0.998413
39.654,True,-0.041653,1.185301,-0.073043,0.039127,-0.011453,0.041510,-0.998306,True,0.021729,1.178383,-0.073934,0.039714,0.004535,0.039816,-0.998407
39.665,True,-0.041650,1.185305,-0.073012,0.039120,-0.011893,0.041581,-0.998298,True,0.021732,1.178385,-0.073901,0.039708,0.004094,0.039891,-0.998406
39.676,True,-0.041658,1.185296,-0.072987,0.038940,-0.011995,0.041348,-0.998314,True,0.021728,1.178409,-0.073869,0.039523,0.003992,0.039661,-0.998423
39.687,True,-0.041687,1.185279,-0.072969,0.039073,-0.012181,0.041306,-0.998308,True,0.021700,1.178401,-0.073840,0.039655,0.003805,0.039620,-0.998420
39.698,True,-0.041725,1.185240,-0.072966,0.039219,-0.012311,0.040925,-0.998316,True,0.021668,1.178414,-0.073834,0.039795,0.003676,0.039240,-0.998430
39.709,True,-0.041756,1.185207,-0.072961,0.039178,-0.012371,0.040829,-0.998321,True,0.021638,1.178397,-0.073816,0.039752,0.003616,0.039146,-0.998436
39.720,True,-0.041803,1.185155,-0.072939,0.039553,-0.012500,0.040665,-0.998311,True,0.021594,1.178368,-0.073801,0.040125,0.003489,0.038985,-0.998428
39.731,True,-0.041821,1.185111,-0.072949,0.039721,-0.012552,0.040607,-0.998307,True,0.021576,1.178333,-0.073809,0.040292,0.003437,0.038926,-0.998424
39.743,True,-0.041846,1.185065,-0.072947,0.039908,-0.012419,0.040522,-0.998304,True,0.021552,1.178297,-0.073801,0.040479,0.003571,0.038841,-0.998419
39.754,True,-0.041884,1.185035,-0.072943,0.039921,-0.012756,0.040460,-0.998302,True,0.021516,1.178279,-0.073799,0.040489,0.003233,0.038779,-0.998422
39.765,True,-0.041912,1.185042,-0.072974,0.040688,-0.012466,0.040416,-0.998276,True,0.021489,1.178291,-0.073822,0.041257,0.003525,0.038733,-0.998391
39.776,True,-0.041959,1.185053,-0.072991,0.041005,-0.012420,0.040407,-0.998264,True,0.021442,1.178304,-0.073830,0.041574,0.003572,0.038722,-0.998379
39.787,True,-0.042000,1.185082,-0.072999,0.041126,-0.012207,0.040426,-0.998261,True,0.021401,1.178330,-0.073822,0.041696,0.003786,0.038741,-0.998372
39.798,True,-0.042018,1.185101,-0.073032,0.041636,-0.012292,0.040377,-0.998241,True,0.021384,1.178359,-0.073845,0.042205,0.003701,0.038688,-0.998353
39.809,True,-0.042058,1.185127,-0.073056,0.041872,-0.012104,0.040284,-0.998237,True,0.021346,1.178397,-0.073853,0.042440,0.003889,0.038594,-0.998346
39.820,True,-0.042100,1.185182,-0.073088,0.042006,-0.011953,0.040258,-0.998235,True,0.021304,1.178456,-0.073868,0.042574,0.004041,0.038569,-0.998340
39.832,True,-0.042124,1.185203,-0.073131,0.044619,0.009639,0.037973,-0.998236,True,0.021281,1.178484,-0.073904,0.045219,0.025688,0.036265,-0.997988
39.843,True,-0.042167,1.185168,-0.073166,0.047750,0.024692,0.036274,-0.997895,True,0.021240,1.178471,-0.073935,0.048365,0.040744,0.034560,-0.997400
39.854,True,-0.042205,1.185129,-0.073205,0.050160,0.032367,0.035388,-0.997589,True,0.021205,1.178448,-0.073965,0.050780,0.048410,0.033671,-0.996968
39.865,True,-0.042246,1.185124,-0.073243,0.048770,0.027986,0.035628,-0.997782,True,0.021166,1.178471,-0.074001,0.049383,0.044036,0.033915,-0.997232
39.876,True,-0.042202,1.185168,-0.073332,0.048840,0.033705,0.035080,-0.997621,True,0.021210,1.178506,-0.074077,0.049459,0.049741,0.033361,-0.996979
39.888,True,-0.042238,1.185190,-0.073349,0.049407,0.033978,0.035188,-0.997580,True,0.021172,1.178512,-0.074091,0.050028,0.050014,0.033470,-0.996933
39.898,True,-0.042243,1.185240,-0.073381,0.049157,0.034563,0.035394,-0.997565,True,0.021163,1.178527,-0.074117,0.049784,0.050597,0.033673,-0.996909
39.910,True,-0.042251,1.185291,-0.073424,0.048277,0.034341,0.035560,-0.997610,True,0.021152,1.178555,-0.074161,0.048907,0.050371,0.033837,-0.996958
39.921,True,-0.042258,1.185341,-0.073452,0.050243,0.042756,0.034685,-0.997218,True,0.021145,1.178604,-0.074196,0.050880,0.058761,0.032956,-0.996430
39.932,True,-0.042262,1.185361,-0.073486,0.049739,0.041789,0.034621,-0.997287,True,0.021143,1.178640,-0.074231,0.050373,0.057795,0.032889,-0.996514
39.943,True,-0.042217,1.185392,-0.073511,0.046583,0.035900,0.034704,-0.997666,True,0.021194,1.178730,-0.074260,0.047206,0.051918,0.032971,-0.996990
39.954,True,-0.042219,1.185463,-0.073543,0.047574,0.039747,0.034248,-0.997489,True,0.021193,1.178807,-0.074292,0.048200,0.055754,0.032511,-0.996750
39.965,True,-0.042193,1.185503,-0.073572,0.045924,0.036596,0.034491,-0.997678,True,0.021219,1.178852,-0.074327,0.046547,0.052608,0.032752,-0.996992
39.976,True,-0.042169,1.185537,-0.073594,0.046653,0.038655,0.034304,-0.997573,True,0.021242,1.178879,-0.074365,0.047278,0.054661,0.032561,-0.996853
39.988,True,-0.042130,1.185579,-0.073630,0.045331,0.037882,0.034543,-0.997656,True,0.021279,1.178896,-0.074405,0.045959,0.053886,0.032799,-0.996950
39.998,True,-0.042111,1.185593,-0.073636,0.045130,0.037115,0.034648,-0.997690,True,0.021297,1.178902,-0.074429,0.045759,0.053120,0.032902,-0.996997
40.010,True,-0.042083,1.185642,-0.073642,0.044966,0.036863,0.034817,-0.997701,True,0.021322,1.178930,-0.074453,0.045597,0.052867,0.033071,-0.997012
40.021,True,-0.042025,1.185689,-0.073660,0.044856,0.036634,0.035030,-0.997707,True,0.021378,1.178949,-0.074482,0.045491,0.052638,0.033281,-0.997022
40.032,True,-0.041980,1.185728,-0.073668,0.044961,0.035443,0.035258,-0.997737,True,0.021421,1.178971,-0.074514,0.045596,0.051450,0.033508,-0.997071
40.043,True,-0.041916,1.185760,-0.073702,0.045921,0.032666,0.035779,-0.997770,True,0.021481,1.178976,-0.074557,0.046555,0.048684,0.034028,-0.997148
40.054,True,-0.041879,1.185788,-0.073715,0.048164,0.025565,0.036781,-0.997835,True,0.021515,1.178979,-0.074583,0.048793,0.041605,0.035031,-0.997327
40.065,True,-0.041831,1.185827,-0.073734,0.049981,0.011551,0.038607,-0.997937,True,0.021560,1.178983,-0.074614,0.050598,0.027608,0.036863,-0.997657
40.076,True,-0.041794,1.185858,-0.073737,0.049855,0.008811,0.038993,-0.997956,True,0.021561,1.179280,-0.074627,0.050471,0.024866,0.037250,-0.997721
40.087,True,-0.041770,1.185864,-0.073745,0.050082,0.007126,0.039257,-0.997948,True,0.021583,1.179273,-0.074654,0.050698,0.023180,0.037514,-0.997740
40.098,True,-0.041744,1.185886,-0.073751,0.049950,0.002842,0.039771,-0.997956,True,0.021608,1.179286,-0.074680,0.050562,0.018891,0.038032,-0.997818
40.110,True,-0.041724,1.185896,-0.073745,0.049392,0.001568,0.039835,-0.997984,True,0.021628,1.179300,-0.074696,0.050001,0.017614,0.038095,-0.997867
40.121,True,-0.041710,1.185904,-0.073739,0.048549,0.001589,0.039671,-0.998031,True,0.021643,1.179323,-0.074711,0.049155,0.017633,0.037933,-0.997915
40.132,True,-0.041689,1.185881,-0.073751,0.047628,0.001358,0.039559,-0.998081,True,0.021666,1.179313,-0.074737,0.048232,0.017399,0.037820,-0.997968
40.143,True,-0.041707,1.185864,-0.073742,0.046140,0.001111,0.039361,-0.998159,True,0.021649,1.179316,-0.074762,0.046740,0.017149,0.037625,-0.998051
40.154,True,-0.041704,1.185829,-0.073754,0.046014,0.001053,0.039181,-0.998172,True,0.021655,1.179304,-0.074783,0.046611,0.017091,0.037447,-0.998065
40.165,True,-0.041720,1.185790,-0.073755,0.044988,0.001933,0.038889,-0.998228,True,0.021640,1.179285,-0.074801,0.045583,0.017970,0.037157,-0.998108
40.176,True,-0.041759,1.185760,-0.073757,0.044478,0.000958,0.038869,-0.998254,True,0.021603,1.179270,-0.074812,0.045070,0.016993,0.037139,-0.998149
40.187,True,-0.041791,1.185741,-0.073767,0.043484,0.002032,0.038681,-0.998303,True,0.021571,1.179258,-0.074822,0.044075,0.018065,0.036953,-0.998181
40.198,True,-0.041830,1.185722,-0.073782,0.043528,0.002030,0.038645,-0.998303,True,0.021533,1.179244,-0.074831,0.044119,0.018064,0.036917,-0.998181
40.209,True,-0.041888,1.185711,-0.073774,0.042957,0.001724,0.038698,-0.998326,True,0.021474,1.179232,-0.074811,0.043547,0.017756,0.036971,-0.998209
40.221,True,-0.041942,1.185693,-0.073788,0.042811,0.001869,0.038580,-0.998336,True,0.021423,1.179229,-0.074812,0.043399,0.017900,0.036853,-0.998217
40.232,True,-0.042001,1.185696,-0.073806,0.043702,0.001997,0.038537,-0.998299,True,0.021365,1.179241,-0.074807,0.044290,0.018031,0.036810,-0.998178
40.243,True,-0.042044,1.185679,-0.073822,0.043053,0.002143,0.038438,-0.998331,True,0.021323,1.179235,-0.074809,0.043639,0.018174,0.036710,-0.998207
40.254,True,-0.042103,1.185698,-0.073834,0.042983,0.002241,0.038404,-0.998335,True,0.021265,1.179259,-0.074797,0.043569,0.018272,0.036676,-0.998210
40.265,True,-0.042157,1.185702,-0.073858,0.043066,0.002427,0.038350,-0.998333,True,0.021212,1.179271,-0.074794,0.043651,0.018458,0.036619,-0.998205
40.282,True,-0.042208,1.185742,-0.073862,0.043597,0.002205,0.038485,-0.998305,True,0.021161,1.179303,-0.074765,0.044182,0.018236,0.036753,-0.998181
40.293,True,-0.042261,1.185748,-0.073854,0.043699,0.001951,0.038458,-0.998302,True,0.021109,1.179317,-0.074751,0.044283,0.017982,0.036725,-0.998182
40.304,True,-0.042304,1.185751,-0.073879,0.043834,0.001854,0.038378,-0.998300,True,0.021068,1.179335,-0.074750,0.044416,0.017885,0.036644,-0.998181
40.315,True,-0.042360,1.185752,-0.073874,0.043974,0.001059,0.038366,-0.998295,True,0.021013,1.179349,-0.074742,0.044554,0.017087,0.036631,-0.998189
40.326,True,-0.042406,1.185765,-0.073877,0.044021,0.001104,0.038294,-0.998296,True,0.020969,1.179373,-0.074726,0.044600,0.017133,0.036559,-0.998189
40.338,True,-0.042449,1.185773,-0.073888,0.044069,0.000749,0.038401,-0.998290,True,0.020925,1.179374,-0.074723,0.044648,0.016776,0.036664,-0.998189
40.348,True,-0.042496,1.185783,-0.073889,0.044013,0.000454,0.038478,-0.998290,True,0.020878,1.179379,-0.074712,0.044592,0.016480,0.036741,-0.998193
40.359,True,-0.042531,1.185791,-0.073872,0.044138,0.000171,0.038604,-0.998279,True,0.020842,1.179376,-0.074697,0.044718,0.016197,0.036867,-0.998188
40.371,True,-0.042573,1.185769,-0.073860,0.044837,0.000378,0.038501,-0.998252,True,0.020800,1.179366,-0.074691,0.045417,0.016406,0.036763,-0.998157
40.381,True,-0.042598,1.185766,-0.073840,0.045884,0.000553,0.038413,-0.998208,True,0.020776,1.179374,-0.074675,0.046464,0.016585,0.036675,-0.998109
40.393,True,-0.042614,1.185777,-0.073818,0.046629,0.000884,0.038388,-0.998174,True,0.020760,1.179384,-0.074657,0.047209,0.016919,0.036648,-0.998069
40.404,True,-0.042635,1.185790,-0.073773,0.046739,0.000957,0.038425,-0.998167,True,0.020739,1.179393,-0.074610,0.047320,0.016993,0.036688,-0.998061
40.415,True,-0.042656,1.185775,-0.073750,0.047220,0.000902,0.038319,-0.998149,True,0.020719,1.179390,-0.074600,0.047800,0.016939,0.036580,-0.998043
40.426,True,-0.042661,1.185719,-0.073727,0.047367,0.000962,0.038057,-0.998152,True,0.020717,1.179367,-0.074585,0.047943,0.017000,0.036318,-0.998045
40.437,True,-0.042666,1.185637,-0.073695,0.047601,0.000915,0.037813,-0.998150,True,0.020715,1.179317,-0.074559,0.048174,0.016954,0.036076,-0.998043
40.448,True,-0.042676,1.185598,-0.073670,0.047776,0.000945,0.037697,-0.998146,True,0.020707,1.179294,-0.074529,0.048347,0.016986,0.035962,-0.998039
40.459,True,-0.042692,1.185575,-0.073638,0.048038,0.001136,0.037635,-0.998136,True,0.020692,1.179277,-0.074502,0.048608,0.017178,0.035900,-0.998025
40.470,True,-0.042653,1.185611,-0.073607,0.048510,0.001856,0.037821,-0.998105,True,0.020728,1.179282,-0.074462,0.049086,0.017901,0.036087,-0.997982
40.481,True,-0.042657,1.185657,-0.073562,0.049263,0.002289,0.038077,-0.998057,True,0.020720,1.179291,-0.074418,0.049845,0.018336,0.036342,-0.997927
40.493,True,-0.042651,1.185695,-0.073538,0.049672,0.002636,0.038446,-0.998022,True,0.020721,1.179280,-0.074383,0.050260,0.018685,0.036711,-0.997886
40.504,True,-0.042664,1.185697,-0.073491,0.049700,0.002938,0.038741,-0.998008,True,0.020704,1.179241,-0.074342,0.050294,0.018988,0.037008,-0.997868
40.515,True,-0.042666,1.185680,-0.073470,0.049684,0.003305,0.038905,-0.998002,True,0.020699,1.179200,-0.074316,0.050283,0.019357,0.037175,-0.997855
40.526,True,-0.042698,1.185652,-0.073419,0.049778,0.003465,0.038743,-0.998003,True,0.020668,1.179187,-0.074291,0.050375,0.019517,0.037015,-0.997853
40.537,True,-0.042717,1.185614,-0.073394,0.049882,0.003888,0.038440,-0.998008,True,0.020653,1.179182,-0.074269,0.050475,0.019943,0.036714,-0.997851
40.548,True,-0.042754,1.185569,-0.073370,0.049902,0.004129,0.038145,-0.998017,True,0.020619,1.179171,-0.074250,0.050491,0.020184,0.036419,-0.997856
40.559,True,-0.042800,1.185531,-0.073354,0.049968,0.004144,0.038044,-0.998017,True,0.020574,1.179145,-0.074248,0.050556,0.020200,0.036320,-0.997856
40.570,True,-0.042819,1.185527,-0.073347,0.049948,0.004353,0.037968,-0.998020,True,0.020556,1.179148,-0.074252,0.050535,0.020411,0.036250,-0.997856
40.582,True,-0.042980,1.185422,-0.073358,0.050640,0.004569,0.037770,-0.997992,True,0.020506,1.179068,-0.074265,0.051225,0.020629,0.036050,-0.997823
40.593,True,-0.043023,1.185367,-0.073342,0.050941,0.004572,0.037691,-0.997980,True,0.020463,1.179022,-0.074267,0.051525,0.020634,0.035974,-0.997810
40.604,True,-0.043071,1.185321,-0.073350,0.051128,0.004511,0.037573,-0.997975,True,0.020417,1.178992,-0.074280,0.051710,0.020573,0.035857,-0.997806
40.615,True,-0.043139,1.185306,-0.073361,0.051290,0.004691,0.037439,-0.997971,True,0.020351,1.178993,-0.074283,0.051871,0.020755,0.035724,-0.997799
40.626,True,-0.043227,1.185280,-0.073369,0.052253,0.004484,0.037348,-0.997925,True,0.020265,1.178984,-0.074291,0.052832,0.020550,0.035631,-0.997756
40.637,True,-0.043286,1.185292,-0.073395,0.052552,0.004213,0.037168,-0.997917,True,0.020209,1.179028,-0.074296,0.053127,0.020280,0.035454,-0.997752
40.648,True,-0.043356,1.185274,-0.073417,0.053329,0.004003,0.037052,-0.997881,True,0.020141,1.179034,-0.074291,0.053902,0.020071,0.035337,-0.997719
40.659,True,-0.043459,1.185275,-0.073445,0.053642,0.004269,0.036929,-0.997868,True,0.020041,1.179052,-0.074291,0.054213,0.020338,0.035214,-0.997701
40.670,True,-0.043563,1.185274,-0.073472,0.053598,0.004551,0.036830,-0.997873,True,0.019939,1.179065,-0.074284,0.054168,0.020620,0.035116,-0.997701
40.682,True,-0.043670,1.185286,-0.073521,0.054380,0.004330,0.036786,-0.997833,True,0.019834,1.179095,-0.074297,0.054949,0.020401,0.035073,-0.997665
40.693,True,-0.043777,1.185289,-0.073574,0.054731,0.004548,0.036768,-0.997814,True,0.019728,1.179104,-0.074314,0.055299,0.020619,0.035056,-0.997641
40.704,True,-0.043842,1.185233,-0.073620,0.054892,0.004836,0.036627,-0.997809,True,0.019665,1.179068,-0.074328,0.055459,0.020908,0.034916,-0.997631
40.715,True,-0.043940,1.185215,-0.073666,0.055148,0.004888,0.036508,-0.997799,True,0.019570,1.179070,-0.074348,0.055713,0.020961,0.034797,-0.997620
40.726,True,-0.044012,1.185228,-0.073714,0.055178,0.004926,0.036443,-0.997799,True,0.019499,1.179096,-0.074372,0.055741,0.020999,0.034733,-0.997620
40.737,True,-0.044076,1.185238,-0.073761,0.055257,0.005104,0.036344,-0.997798,True,0.019436,1.179120,-0.074391,0.055819,0.021177,0.034633,-0.997615
40.748,True,-0.044130,1.185283,-0.073805,0.055457,0.005230,0.036618,-0.997776,True,0.019379,1.179133,-0.074408,0.056023,0.021302,0.034905,-0.997592
40.759,True,-0.044194,1.185322,-0.073842,0.055784,0.005277,0.036846,-0.997749,True,0.019313,1.179144,-0.074432,0.056354,0.021349,0.035131,-0.997564
40.770,True,-0.044226,1.185390,-0.073890,0.055799,0.005310,0.037060,-0.997740,True,0.019278,1.179184,-0.074465,0.056372,0.021382,0.035341,-0.997555
40.781,True,-0.044253,1.185441,-0.073907,0.055968,0.005158,0.036946,-0.997735,True,0.019252,1.179250,-0.074490,0.056539,0.021229,0.035224,-0.997553
40.793,True,-0.044277,1.185490,-0.073915,0.055710,0.005066,0.036681,-0.997760,True,0.019231,1.179331,-0.074511,0.056276,0.021135,0.034956,-0.997579
40.804,True,-0.044277,1.185478,-0.073943,0.056152,0.004906,0.036459,-0.997744,True,0.019235,1.179351,-0.074529,0.056715,0.020976,0.034732,-0.997566
40.815,True,-0.044283,1.185529,-0.073971,0.056565,0.004659,0.036386,-0.997725,True,0.019231,1.179415,-0.074556,0.057125,0.020729,0.034656,-0.997550
40.826,True,-0.044288,1.185569,-0.073998,0.056469,0.003807,0.036319,-0.997736,True,0.019227,1.179472,-0.074592,0.057026,0.019875,0.034587,-0.997575
40.837,True,-0.044285,1.185578,-0.074026,0.057024,0.003412,0.036337,-0.997706,True,0.019230,1.179484,-0.074633,0.057581,0.019481,0.034604,-0.997551
40.848,True,-0.044267,1.185601,-0.074060,0.057871,0.002981,0.036419,-0.997655,True,0.019248,1.179503,-0.074676,0.058429,0.019050,0.034685,-0.997507
40.859,True,-0.044252,1.185623,-0.074082,0.058316,0.002686,0.036568,-0.997625,True,0.019261,1.179507,-0.074717,0.058876,0.018755,0.034831,-0.997481
40.871,True,-0.044190,1.185649,-0.074107,0.058254,0.002132,0.036744,-0.997623,True,0.019321,1.179516,-0.074748,0.058816,0.018200,0.035006,-0.997489
40.882,True,-0.044159,1.185696,-0.074128,0.058283,0.002035,0.036863,-0.997617,True,0.019350,1.179546,-0.074788,0.058847,0.018103,0.035124,-0.997485
40.893,True,-0.044122,1.185729,-0.074166,0.058012,0.000653,0.037184,-0.997623,True,0.019385,1.179556,-0.074823,0.058577,0.016717,0.035444,-0.997514
40.904,True,-0.044072,1.185739,-0.074172,0.057584,0.000013,0.037397,-0.997640,True,0.019433,1.179544,-0.074844,0.058151,0.016074,0.035657,-0.997541
40.915,True,-0.044039,1.185759,-0.074183,0.057510,-0.000555,0.037638,-0.997635,True,0.019463,1.179537,-0.074876,0.058080,0.015505,0.035898,-0.997546
40.926,True,-0.044001,1.185769,-0.074211,0.057167,-0.001399,0.037816,-0.997647,True,0.019500,1.179533,-0.074915,0.057737,0.014659,0.036075,-0.997572
40.937,True,-0.043955,1.185778,-0.074204,0.057106,-0.001860,0.038041,-0.997641,True,0.019542,1.179516,-0.074928,0.057679,0.014197,0.036300,-0.997574
40.948,True,-0.043913,1.185808,-0.074233,0.057308,-0.002214,0.038204,-0.997623,True,0.019583,1.179528,-0.074969,0.057883,0.013842,0.036463,-0.997561
40.959,True,-0.043907,1.185824,-0.074259,0.056840,-0.003177,0.038346,-0.997642,True,0.019588,1.179533,-0.075022,0.057415,0.012876,0.036604,-0.997596
40.971,True,-0.043904,1.185824,-0.074294,0.057029,-0.003547,0.038318,-0.997631,True,0.019590,1.179538,-0.075077,0.057603,0.012506,0.036575,-0.997591
40.982,True,-0.043903,1.185842,-0.074332,0.056242,-0.004084,0.038352,-0.997672,True,0.019591,1.179553,-0.075139,0.056815,0.011965,0.036609,-0.997642
40.993,True,-0.043909,1.185823,-0.074356,0.055934,-0.004750,0.038306,-0.997688,True,0.019585,1.179546,-0.075177,0.056504,0.011297,0.036562,-0.997669
41.004,True,-0.043923,1.185803,-0.074377,0.055683,-0.005181,0.038264,-0.997702,True,0.019573,1.179535,-0.075211,0.056251,0.010865,0.036521,-0.997689
41.015,True,-0.043959,1.185797,-0.074404,0.055404,-0.005634,0.038191,-0.997717,True,0.019537,1.179541,-0.075253,0.055970,0.010410,0.036448,-0.997713
41.026,True,-0.043999,1.185782,-0.074441,0.054728,-0.006086,0.038040,-0.997758,True,0.019500,1.179551,-0.075284,0.055289,0.009955,0.036297,-0.997761
41.037,True,-0.044052,1.185769,-0.074476,0.054297,-0.006195,0.037984,-0.997783,True,0.019448,1.179547,-0.075311,0.054856,0.009844,0.036241,-0.997788
41.048,True,-0.044103,1.185767,-0.074507,0.054054,-0.006227,0.037925,-0.997798,True,0.019399,1.179554,-0.075330,0.054612,0.009812,0.036182,-0.997804
41.059,True,-0.044157,1.185769,-0.074539,0.053444,-0.006366,0.037787,-0.997835,True,0.019346,1.179575,-0.075354,0.053999,0.009670,0.036046,-0.997843
41.071,True,-0.044193,1.185771,-0.074564,0.053322,-0.006674,0.037848,-0.997838,True,0.019310,1.179576,-0.075358,0.053877,0.009360,0.036106,-0.997851
41.082,True,-0.044253,1.185767,-0.074587,0.052560,-0.006652,0.037766,-0.997881,True,0.019251,1.179583,-0.075368,0.053113,0.009380,0.036025,-0.997895
41.093,True,-0.044313,1.185736,-0.074624,0.052007,-0.006720,0.037644,-0.997914,True,0.019028,1.180478,-0.075208,0.052556,0.009309,0.035902,-0.997929
41.104,True,-0.044374,1.185743,-0.074643,0.051841,-0.006792,0.037655,-0.997922,True,0.018968,1.180488,-0.075202,0.052390,0.009238,0.035916,-0.997938
41.115,True,-0.044398,1.185737,-0.074660,0.051531,-0.006698,0.037702,-0.997937,True,0.018944,1.180477,-0.075205,0.052081,0.009329,0.035961,-0.997952
41.126,True,-0.044446,1.185749,-0.074670,0.051499,-0.006811,0.037771,-0.997935,True,0.018896,1.180483,-0.075198,0.052049,0.009217,0.036031,-0.997952
41.137,True,-0.044494,1.185763,-0.074675,0.051292,-0.006642,0.037794,-0.997946,True,0.018847,1.180495,-0.075183,0.051843,0.009385,0.036055,-0.997960
41.148,True,-0.044559,1.185768,-0.074667,0.051156,-0.006575,0.037818,-0.997953,True,0.018782,1.180498,-0.075160,0.051707,0.009452,0.036079,-0.997966
41.159,True,-0.044581,1.185774,-0.074668,0.050676,-0.006831,0.037772,-0.997977,True,0.018761,1.180514,-0.075148,0.051225,0.009193,0.036034,-0.997995
41.171,True,-0.044606,1.185767,-0.074656,0.050634,-0.006928,0.037790,-0.997978,True,0.018736,1.180507,-0.075135,0.051182,0.009095,0.036052,-0.997997
41.182,True,-0.044617,1.185779,-0.074623,0.050677,-0.007151,0.037813,-0.997973,True,0.018725,1.180518,-0.075107,0.051226,0.008872,0.036076,-0.997996
41.193,True,-0.044611,1.185776,-0.074605,0.050680,-0.007533,0.037930,-0.997966,True,0.018730,1.180507,-0.075084,0.051229,0.008489,0.036193,-0.997995
41.204,True,-0.044598,1.185758,-0.074601,0.050490,-0.007722,0.037922,-0.997975,True,0.018744,1.180491,-0.075084,0.051038,0.008299,0.036187,-0.998006
41.215,True,-0.044580,1.185726,-0.074569,0.050460,-0.008033,0.037955,-0.997972,True,0.018761,1.180457,-0.075064,0.051008,0.007987,0.036221,-0.998009
41.226,True,-0.044546,1.185695,-0.074514,0.050657,-0.008729,0.038000,-0.997955,True,0.018795,1.180428,-0.075029,0.051204,0.007291,0.036268,-0.998003
41.237,True,-0.044514,1.185662,-0.074457,0.050525,-0.009145,0.037990,-0.997958,True,0.018828,1.180399,-0.074992,0.051071,0.006874,0.036259,-0.998013
41.248,True,-0.044459,1.185638,-0.074375,0.050052,-0.009250,0.038145,-0.997975,True,0.018881,1.180353,-0.074931,0.050601,0.006769,0.036418,-0.998032
41.259,True,-0.044411,1.185608,-0.074320,0.049092,-0.008647,0.038201,-0.998026,True,0.018926,1.180302,-0.074894,0.049643,0.007372,0.036476,-0.998074
41.271,True,-0.044370,1.185527,-0.074258,0.049273,-0.009536,0.038240,-0.998008,True,0.018967,1.180226,-0.074857,0.049823,0.006482,0.036518,-0.998069
41.282,True,-0.044321,1.185416,-0.074200,0.048807,-0.009348,0.038068,-0.998039,True,0.019018,1.180130,-0.074814,0.049354,0.006671,0.036348,-0.998098
41.293,True,-0.044283,1.185381,-0.074156,0.048246,-0.009017,0.038065,-0.998069,True,0.019055,1.180089,-0.074778,0.048794,0.007002,0.036348,-0.998123
41.304,True,-0.044245,1.185328,-0.074087,0.047108,-0.007966,0.037819,-0.998142,True,0.019095,1.180050,-0.074716,0.047654,0.008053,0.036103,-0.998179
41.315,True,-0.044186,1.185315,-0.074009,0.047251,-0.008351,0.037941,-0.998127,True,0.019153,1.180027,-0.074641,0.047798,0.007669,0.036226,-0.998171
41.326,True,-0.044134,1.185348,-0.073925,0.046525,-0.007972,0.038112,-0.998158,True,0.019202,1.180030,-0.074564,0.047075,0.008047,0.036398,-0.998196
41.337,True,-0.044079,1.185399,-0.073839,0.046263,-0.007817,0.038608,-0.998152,True,0.019252,1.180014,-0.074482,0.046822,0.008202,0.036894,-0.998188
41.348,True,-0.044262,1.184542,-0.074020,0.046074,-0.007859,0.039064,-0.998143,True,0.019292,1.180007,-0.074405,0.046640,0.008159,0.037353,-0.998180
41.359,True,-0.044224,1.184547,-0.073948,0.045079,-0.007584,0.039166,-0.998187,True,0.019329,1.179990,-0.074347,0.045647,0.008433,0.037458,-0.998220
41.370,True,-0.044193,1.184521,-0.073900,0.044694,-0.007569,0.039150,-0.998205,True,0.019359,1.179964,-0.074315,0.045262,0.008448,0.037444,-0.998237
41.381,True,-0.044170,1.184505,-0.073835,0.044514,-0.007522,0.038926,-0.998222,True,0.019385,1.179974,-0.074260,0.045078,0.008495,0.037222,-0.998254
41.393,True,-0.044153,1.184503,-0.073774,0.044227,-0.007392,0.038703,-0.998244,True,0.019403,1.179998,-0.074205,0.044788,0.008626,0.037001,-0.998274
41.404,True,-0.044137,1.184491,-0.073747,0.044017,-0.007170,0.038509,-0.998263,True,0.019421,1.180006,-0.074182,0.044576,0.008848,0.036807,-0.998289
41.415,True,-0.044140,1.184457,-0.073719,0.043677,-0.006959,0.038417,-0.998283,True,0.019418,1.179982,-0.074144,0.044234,0.009059,0.036716,-0.998305
41.426,True,-0.044147,1.184399,-0.073690,0.043484,-0.006806,0.038397,-0.998293,True,0.019411,1.179925,-0.074110,0.044042,0.009213,0.036698,-0.998313
41.437,True,-0.044142,1.184343,-0.073689,0.043033,-0.006592,0.038291,-0.998318,True,0.019417,1.179878,-0.074114,0.043589,0.009427,0.036597,-0.998335
41.448,True,-0.044150,1.184285,-0.073653,0.042662,-0.006261,0.038245,-0.998338,True,0.019409,1.179822,-0.074074,0.043218,0.009758,0.036552,-0.998349
41.459,True,-0.044158,1.184259,-0.073642,0.042514,-0.006079,0.038109,-0.998350,True,0.019402,1.179811,-0.074058,0.043069,0.009940,0.036415,-0.998359
41.470,True,-0.044155,1.184222,-0.073651,0.042351,-0.005802,0.038041,-0.998362,True,0.019406,1.179782,-0.074048,0.042904,0.010217,0.036347,-0.998366
41.482,True,-0.044175,1.184192,-0.073653,0.042283,-0.005320,0.037903,-0.998372,True,0.019387,1.179767,-0.074018,0.042835,0.010699,0.036208,-0.998369
41.493,True,-0.044191,1.184200,-0.073647,0.042026,-0.004951,0.037911,-0.998385,True,0.019371,1.179773,-0.073985,0.042578,0.011068,0.036217,-0.998375
41.504,True,-0.044225,1.184173,-0.073644,0.041861,-0.004688,0.037847,-0.998395,True,0.019338,1.179753,-0.073961,0.042413,0.011331,0.036153,-0.998382
41.515,True,-0.044236,1.184184,-0.073650,0.041640,-0.004373,0.037755,-0.998410,True,0.019327,1.179774,-0.073942,0.042191,0.011645,0.036061,-0.998391
41.526,True,-0.044250,1.184206,-0.073660,0.041468,-0.004167,0.037736,-0.998418,True,0.019314,1.179799,-0.073932,0.042019,0.011850,0.036042,-0.998396
41.537,True,-0.044229,1.184179,-0.073718,0.041266,-0.003935,0.037599,-0.998433,True,0.019336,1.179789,-0.073964,0.041814,0.012083,0.035906,-0.998407
41.548,True,-0.044234,1.184139,-0.073727,0.040992,-0.003724,0.037476,-0.998450,True,0.019332,1.179763,-0.073963,0.041539,0.012293,0.035784,-0.998420
41.559,True,-0.044225,1.184115,-0.073751,0.040758,-0.003527,0.037277,-0.998467,True,0.019343,1.179764,-0.073975,0.041303,0.012491,0.035586,-0.998435
41.570,True,-0.044174,1.184101,-0.073809,0.040707,-0.003311,0.037099,-0.998477,True,0.019396,1.179770,-0.074020,0.041248,0.012706,0.035407,-0.998441
41.581,True,-0.044142,1.184129,-0.073843,0.040730,-0.003360,0.037156,-0.998474,True,0.019427,1.179793,-0.074043,0.041272,0.012656,0.035464,-0.998438
41.593,True,-0.044102,1.184187,-0.073874,0.040493,-0.003196,0.037391,-0.998475,True,0.019465,1.179821,-0.074060,0.041040,0.012820,0.035700,-0.998437
41.604,True,-0.044053,1.184204,-0.073911,0.040513,-0.003079,0.037786,-0.998460,True,0.019510,1.179786,-0.074092,0.041065,0.012937,0.036093,-0.998421
41.615,True,-0.043982,1.184236,-0.073942,0.040302,-0.003282,0.037991,-0.998460,True,0.019580,1.179791,-0.074137,0.040857,0.012732,0.036295,-0.998424
41.626,True,-0.043907,1.184300,-0.073951,0.039844,-0.004307,0.038115,-0.998469,True,0.019654,1.179850,-0.074163,0.040398,0.011703,0.036421,-0.998451
41.637,True,-0.043800,1.184355,-0.074004,0.040939,-0.011159,0.038813,-0.998345,True,0.019762,1.179908,-0.074233,0.041483,0.004832,0.037119,-0.998438
41.648,True,-0.043690,1.184449,-0.074026,0.055211,-0.037155,0.041854,-0.996905,True,0.019872,1.180004,-0.074273,0.055756,-0.021271,0.040183,-0.997409
41.659,True,-0.043573,1.184541,-0.074052,0.053864,-0.034494,0.041535,-0.997088,True,0.019989,1.180095,-0.074314,0.054406,-0.018594,0.039854,-0.997550
41.670,True,-0.043413,1.184642,-0.074089,0.057395,-0.038849,0.042193,-0.996703,True,0.020147,1.180176,-0.074384,0.057945,-0.022972,0.040511,-0.997233
41.682,True,-0.043282,1.184710,-0.074112,0.059619,-0.039225,0.042467,-0.996546,True,0.020275,1.180216,-0.074431,0.060178,-0.023345,0.040781,-0.997081
41.693,True,-0.043151,1.184750,-0.074136,0.059752,-0.039721,0.042659,-0.996510,True,0.020405,1.180234,-0.074486,0.060313,-0.023844,0.040971,-0.997053
41.704,True,-0.043014,1.184766,-0.074208,0.061777,-0.045397,0.043456,-0.996110,True,0.020540,1.180225,-0.074589,0.062343,-0.029559,0.041773,-0.996742
41.715,True,-0.042890,1.184833,-0.074222,0.060770,-0.039583,0.043096,-0.996435,True,0.020661,1.180252,-0.074629,0.061341,-0.023700,0.041402,-0.996976
41.729,True,-0.042770,1.184890,-0.074252,0.061503,-0.040147,0.043325,-0.996358,True,0.020779,1.180287,-0.074674,0.062077,-0.024266,0.041629,-0.996908
41.748,True,-0.042578,1.184995,-0.074294,0.060593,-0.032961,0.043038,-0.996689,True,0.020966,1.180324,-0.074737,0.061178,-0.017031,0.041328,-0.997126
41.759,True,-0.042482,1.185043,-0.074309,0.058519,-0.023759,0.042238,-0.997109,True,0.021059,1.180339,-0.074763,0.059109,-0.007779,0.040514,-0.997399
41.771,True,-0.042395,1.185084,-0.074334,0.063158,-0.035788,0.043854,-0.996397,True,0.021144,1.180349,-0.074802,0.063754,-0.019871,0.042142,-0.996878
41.782,True,-0.042321,1.185120,-0.074357,0.054626,-0.011073,0.041179,-0.997596,True,0.021217,1.180362,-0.074823,0.055226,0.004952,0.039437,-0.997683
41.793,True,-0.042253,1.185168,-0.074366,0.053951,-0.009291,0.041190,-0.997650,True,0.021282,1.180380,-0.074850,0.054555,0.006738,0.039446,-0.997709
41.804,True,-0.042189,1.185152,-0.074391,0.053511,-0.007777,0.041086,-0.997691,True,0.021346,1.180352,-0.074883,0.054117,0.008256,0.039340,-0.997725
41.815,True,-0.042128,1.185162,-0.074400,0.053157,-0.006485,0.040999,-0.997723,True,0.021405,1.180353,-0.074908,0.053765,0.009551,0.039253,-0.997736
41.826,True,-0.042094,1.185137,-0.074411,0.053365,-0.005730,0.040822,-0.997724,True,0.021440,1.180337,-0.074943,0.053973,0.010309,0.039076,-0.997724
41.837,True,-0.042082,1.185134,-0.074450,0.051629,-0.000246,0.040226,-0.997856,True,0.021451,1.180329,-0.074985,0.052241,0.015801,0.038477,-0.997768
41.848,True,-0.042059,1.185098,-0.074460,0.053298,-0.004787,0.040642,-0.997740,True,0.022034,1.178275,-0.075448,0.053906,0.011255,0.038898,-0.997725
41.860,True,-0.042047,1.185071,-0.074469,0.053630,-0.004757,0.040569,-0.997725,True,0.022048,1.178257,-0.075469,0.054237,0.011287,0.038827,-0.997709
41.871,True,-0.042060,1.185049,-0.074501,0.053518,-0.004431,0.040425,-0.997739,True,0.022036,1.178249,-0.075498,0.054123,0.011614,0.038683,-0.997717
41.882,True,-0.042064,1.185036,-0.074516,0.052431,-0.000773,0.039891,-0.997827,True,0.022033,1.178250,-0.075515,0.053037,0.015277,0.038147,-0.997747
41.893,True,-0.042072,1.185029,-0.074531,0.052689,-0.001201,0.039871,-0.997814,True,0.022026,1.178253,-0.075529,0.053294,0.014849,0.038128,-0.997740
41.904,True,-0.042093,1.185001,-0.074540,0.053874,-0.003280,0.040005,-0.997741,True,0.022008,1.178240,-0.075530,0.054476,0.012769,0.038263,-0.997700
41.915,True,-0.042095,1.184998,-0.074553,0.053996,-0.003409,0.039992,-0.997734,True,0.022006,1.178243,-0.075532,0.054598,0.012639,0.038250,-0.997696
41.926,True,-0.042101,1.185003,-0.074558,0.054218,-0.003723,0.040004,-0.997721,True,0.022001,1.178253,-0.075532,0.054819,0.012325,0.038263,-0.997687
41.937,True,-0.042107,1.185014,-0.074582,0.054432,-0.003969,0.040044,-0.997706,True,0.021995,1.178266,-0.075535,0.055033,0.012079,0.038304,-0.997677
41.948,True,-0.042115,1.184998,-0.074583,0.055035,-0.004642,0.040034,-0.997671,True,0.021988,1.178262,-0.075542,0.055635,0.011406,0.038294,-0.997651
41.959,True,-0.042105,1.184999,-0.074595,0.055161,-0.004847,0.040068,-0.997662,True,0.021999,1.178263,-0.075544,0.055761,0.011201,0.038328,-0.997645
41.971,True,-0.042110,1.184991,-0.074602,0.055309,-0.005004,0.040127,-0.997650,True,0.021994,1.178251,-0.075548,0.055910,0.011043,0.038388,-0.997637
41.982,True,-0.042100,1.184982,-0.074611,0.055373,-0.005050,0.040199,-0.997643,True,0.022003,1.178234,-0.075554,0.055975,0.010998,0.038460,-0.997631
41.993,True,-0.042077,1.184973,-0.074616,0.055304,-0.005002,0.040283,-0.997644,True,0.022024,1.178214,-0.075557,0.055907,0.011046,0.038544,-0.997631
42.004,True,-0.042055,1.184960,-0.074596,0.055293,-0.005150,0.040371,-0.997641,True,0.022046,1.178190,-0.075544,0.055897,0.010897,0.038632,-0.997629
42.015,True,-0.042023,1.184956,-0.074580,0.056662,-0.004536,0.040388,-0.997566,True,0.022075,1.178177,-0.075537,0.057268,0.011516,0.038647,-0.997544
42.026,True,-0.041998,1.184975,-0.074547,0.057293,-0.004227,0.040350,-0.997533,True,0.022101,1.178195,-0.075520,0.057901,0.011828,0.038608,-0.997505
42.037,True,-0.041965,1.185010,-0.074515,0.059222,-0.002717,0.040385,-0.997424,True,0.022131,1.178207,-0.075502,0.059835,0.013345,0.038639,-0.997371
42.048,True,-0.041932,1.185040,-0.074497,0.060182,-0.002198,0.040516,-0.997362,True,0.022162,1.178214,-0.075486,0.060799,0.013868,0.038769,-0.997300
42.059,True,-0.041914,1.185039,-0.074461,0.061149,-0.001752,0.040480,-0.997306,True,0.022179,1.178209,-0.075473,0.061768,0.014317,0.038731,-0.997236
42.070,True,-0.041868,1.184973,-0.074420,0.063307,-0.000303,0.040115,-0.997188,True,0.022227,1.178172,-0.075458,0.063925,0.015774,0.038366,-0.997092
42.082,True,-0.041843,1.184895,-0.074390,0.064255,0.000451,0.039753,-0.997141,True,0.022256,1.178130,-0.075441,0.064869,0.016532,0.038004,-0.997033
42.093,True,-0.041827,1.184853,-0.074365,0.065117,0.001316,0.039522,-0.997094,True,0.022274,1.178108,-0.075420,0.065730,0.017402,0.037776,-0.996970
42.104,True,-0.041808,1.184835,-0.074338,0.066067,0.001884,0.039542,-0.997030,True,0.022292,1.178082,-0.075394,0.066682,0.017973,0.037795,-0.996896
42.115,True,-0.041802,1.184867,-0.074282,0.067477,0.002281,0.039766,-0.996926,True,0.022295,1.178083,-0.075343,0.068096,0.018372,0.038018,-0.996785
42.126,True,-0.041792,1.184962,-0.074242,0.067463,0.001594,0.040194,-0.996911,True,0.022300,1.178132,-0.075295,0.068088,0.017684,0.038446,-0.996782
42.137,True,-0.041792,1.185021,-0.074219,0.066064,-0.000431,0.040633,-0.996988,True,0.022297,1.178161,-0.075268,0.066692,0.015653,0.038888,-0.996893
42.148,True,-0.041801,1.185038,-0.074164,0.065965,-0.000823,0.040797,-0.996987,True,0.022286,1.178162,-0.075220,0.066595,0.015261,0.039054,-0.996899
42.159,True,-0.041807,1.185016,-0.074127,0.065110,-0.001814,0.040816,-0.997041,True,0.022281,1.178149,-0.075187,0.065738,0.014266,0.039076,-0.996970
42.171,True,-0.041809,1.184977,-0.074107,0.063973,-0.002690,0.040722,-0.997117,True,0.022282,1.178133,-0.075170,0.064596,0.013388,0.038988,-0.997060
42.182,True,-0.041824,1.184934,-0.074072,0.063662,-0.002956,0.040589,-0.997141,True,0.022268,1.178113,-0.075133,0.064283,0.013122,0.038860,-0.997089
42.193,True,-0.041847,1.184879,-0.074050,0.063501,-0.003088,0.040454,-0.997157,True,0.022248,1.178078,-0.075110,0.064119,0.012990,0.038728,-0.997106
42.204,True,-0.041862,1.184819,-0.074028,0.063152,-0.003333,0.040441,-0.997179,True,0.022233,1.178022,-0.075095,0.063770,0.012744,0.038720,-0.997132
42.215,True,-0.041874,1.184747,-0.073998,0.062744,-0.002886,0.040391,-0.997208,True,0.022221,1.177950,-0.075068,0.063361,0.013192,0.038672,-0.997154
42.226,True,-0.041896,1.184667,-0.073966,0.062292,-0.003945,0.040428,-0.997231,True,0.022200,1.177878,-0.075047,0.062908,0.012131,0.038711,-0.997195
42.237,True,-0.041908,1.184616,-0.073944,0.061843,-0.004739,0.040446,-0.997255,True,0.022188,1.177835,-0.075026,0.062458,0.011334,0.038731,-0.997231
42.248,True,-0.041943,1.184555,-0.073908,0.061193,-0.006592,0.040456,-0.997284,True,0.022156,1.177796,-0.074997,0.061803,0.009476,0.038743,-0.997291
42.259,True,-0.041980,1.184513,-0.073893,0.060900,-0.007493,0.040453,-0.997296,True,0.022120,1.177767,-0.074973,0.061508,0.008572,0.038740,-0.997318
42.271,True,-0.042026,1.184470,-0.073865,0.059996,-0.009523,0.040519,-0.997330,True,0.022076,1.177742,-0.074942,0.060599,0.006533,0.038810,-0.997386
42.282,True,-0.042063,1.184446,-0.073848,0.059636,-0.010185,0.040554,-0.997344,True,0.022041,1.177725,-0.074907,0.060237,0.005868,0.038846,-0.997411
42.293,True,-0.042116,1.184431,-0.073836,0.059162,-0.010860,0.040520,-0.997367,True,0.021989,1.177724,-0.074885,0.059761,0.005190,0.038813,-0.997444
42.304,True,-0.042168,1.184435,-0.073847,0.058006,-0.011656,0.040530,-0.997425,True,0.021939,1.177738,-0.074878,0.058602,0.004389,0.038826,-0.997517
42.315,True,-0.042211,1.184457,-0.073854,0.057504,-0.012117,0.040614,-0.997445,True,0.021896,1.177758,-0.074862,0.058099,0.003924,0.038912,-0.997545
42.326,True,-0.042262,1.184417,-0.073858,0.057010,-0.012629,0.040603,-0.997468,True,0.021846,1.177728,-0.074852,0.057603,0.003410,0.038903,-0.997576
42.337,True,-0.042308,1.184363,-0.073882,0.056218,-0.013194,0.040529,-0.997508,True,0.021802,1.177694,-0.074861,0.056807,0.002841,0.038833,-0.997626
42.348,True,-0.042352,1.184313,-0.073892,0.055778,-0.013748,0.040400,-0.997531,True,0.021761,1.177670,-0.074851,0.056364,0.002283,0.038706,-0.997657
42.359,True,-0.042291,1.184371,-0.073905,0.055707,-0.013790,0.040140,-0.997545,True,0.021728,1.177700,-0.074847,0.056288,0.002241,0.038447,-0.997672
42.370,True,-0.042305,1.184405,-0.073932,0.055498,-0.013991,0.040278,-0.997548,True,0.021713,1.177722,-0.074842,0.056079,0.002037,0.038586,-0.997678
42.381,True,-0.042340,1.184456,-0.073951,0.055171,-0.014467,0.040684,-0.997543,True,0.021674,1.177731,-0.074834,0.055757,0.001558,0.038991,-0.997682
42.393,True,-0.042376,1.184491,-0.073954,0.055424,-0.014614,0.040988,-0.997514,True,0.021635,1.177730,-0.074830,0.056015,0.001409,0.039292,-0.997656
42.404,True,-0.042377,1.184544,-0.073973,0.055015,-0.015184,0.041237,-0.997518,True,0.021631,1.177759,-0.074839,0.055608,0.000835,0.039540,-0.997669
42.415,True,-0.042373,1.184588,-0.073970,0.054869,-0.015687,0.041259,-0.997517,True,0.021635,1.177804,-0.074848,0.055461,0.000329,0.039558,-0.997677
42.426,True,-0.042367,1.184628,-0.073968,0.054621,-0.015975,0.040981,-0.997538,True,0.021645,1.177882,-0.074847,0.055206,0.000038,0.039278,-0.997702
42.437,True,-0.042350,1.184677,-0.073993,0.054600,-0.016132,0.040734,-0.997547,True,0.021665,1.177964,-0.074865,0.055181,-0.000121,0.039026,-0.997713
42.448,True,-0.042345,1.184730,-0.073982,0.054268,-0.016385,0.040515,-0.997570,True,0.021673,1.178047,-0.074856,0.054844,-0.000376,0.038804,-0.997741
42.459,True,-0.042337,1.184780,-0.073978,0.054313,-0.017103,0.040607,-0.997551,True,0.021681,1.178095,-0.074852,0.054888,-0.001098,0.038893,-0.997734
42.470,True,-0.042282,1.184824,-0.073987,0.054309,-0.017479,0.040725,-0.997540,True,0.021734,1.178127,-0.074867,0.054884,-0.001476,0.039008,-0.997729
42.482,True,-0.042250,1.184837,-0.073988,0.053873,-0.017874,0.040903,-0.997550,True,0.021765,1.178120,-0.074875,0.054450,-0.001874,0.039185,-0.997746
42.493,True,-0.042221,1.184842,-0.074001,0.053204,-0.018155,0.041093,-0.997573,True,0.021791,1.178102,-0.074889,0.053782,-0.002159,0.039377,-0.997774
42.504,True,-0.042192,1.184843,-0.074003,0.052650,-0.018379,0.041242,-0.997592,True,0.021818,1.178083,-0.074904,0.053229,-0.002384,0.039526,-0.997797
42.515,True,-0.042161,1.184859,-0.074001,0.051608,-0.017479,0.041303,-0.997660,True,0.021846,1.178077,-0.074901,0.052189,-0.001483,0.039586,-0.997851
42.526,True,-0.042130,1.184883,-0.074004,0.051185,-0.016989,0.041520,-0.997681,True,0.021874,1.178065,-0.074899,0.051771,-0.000993,0.039803,-0.997865
42.537,True,-0.042097,1.184920,-0.074008,0.050651,-0.017491,0.041874,-0.997685,True,0.021903,1.178064,-0.074897,0.051240,-0.001498,0.040158,-0.997878
42.548,True,-0.042080,1.184942,-0.073997,0.049535,-0.016219,0.041941,-0.997760,True,0.021917,1.178054,-0.074897,0.050127,-0.000224,0.040224,-0.997933
42.559,True,-0.042066,1.184963,-0.073986,0.049706,-0.016859,0.042197,-0.997730,True,0.021927,1.178051,-0.074893,0.050301,-0.000866,0.040480,-0.997913
42.570,True,-0.042052,1.184996,-0.073981,0.048436,-0.015696,0.042194,-0.997811,True,0.021939,1.178064,-0.074891,0.049033,0.000298,0.040477,-0.997977
42.581,True,-0.042041,1.185009,-0.073960,0.048118,-0.015659,0.042317,-0.997822,True,0.021948,1.178057,-0.074888,0.048716,0.000335,0.040600,-0.997987
42.593,True,-0.042034,1.184987,-0.073958,0.048149,-0.015528,0.042172,-0.997829,True,0.021956,1.178050,-0.074898,0.048746,0.000467,0.040454,-0.997992
42.604,True,-0.042039,1.184987,-0.073960,0.048066,-0.015504,0.042122,-0.997835,True,0.021951,1.178053,-0.074920,0.048662,0.000492,0.040405,-0.997998
42.615,True,-0.042032,1.184959,-0.073959,0.047306,-0.015220,0.041984,-0.997882,True,0.021960,1.178034,-0.074934,0.047900,0.000775,0.040268,-0.998040
42.626,True,-0.042048,1.184912,-0.073962,0.046947,-0.014898,0.041750,-0.997913,True,0.021945,1.178010,-0.074956,0.047538,0.001099,0.040035,-0.998066
42.641,True,-0.042082,1.184861,-0.073980,0.046109,-0.014717,0.041444,-0.997968,True,0.021914,1.177991,-0.075002,0.046696,0.001280,0.039732,-0.998118
42.652,True,-0.042089,1.184829,-0.073993,0.045827,-0.014417,0.041289,-0.997992,True,0.021909,1.177975,-0.075010,0.046412,0.001581,0.039578,-0.998137
42.663,True,-0.042106,1.184793,-0.074006,0.045509,-0.014133,0.041121,-0.998017,True,0.021894,1.177956,-0.075026,0.046092,0.001865,0.039411,-0.998158
42.674,True,-0.042156,1.184762,-0.074040,0.045000,-0.013880,0.040842,-0.998055,True,0.021847,1.177956,-0.075060,0.045578,0.002118,0.039134,-0.998192
42.685,True,-0.042205,1.184746,-0.074064,0.044802,-0.013531,0.040687,-0.998075,True,0.021800,1.177957,-0.075070,0.045378,0.002467,0.038977,-0.998206
42.696,True,-0.042254,1.184744,-0.074080,0.044384,-0.013054,0.040636,-0.998103,True,0.021752,1.177956,-0.075072,0.044960,0.002944,0.038926,-0.998226
42.708,True,-0.042305,1.184748,-0.074111,0.044044,-0.012665,0.040662,-0.998121,True,0.021700,1.177954,-0.075078,0.044621,0.003334,0.038954,-0.998239
42.719,True,-0.042363,1.184743,-0.074135,0.044074,-0.012557,0.040747,-0.998118,True,0.021641,1.177939,-0.075088,0.044652,0.003442,0.039038,-0.998234
42.730,True,-0.042431,1.184745,-0.074160,0.043236,-0.011950,0.040761,-0.998162,True,0.021572,1.177931,-0.075096,0.043815,0.004047,0.039052,-0.998268
42.741,True,-0.042480,1.184727,-0.074183,0.042904,-0.011634,0.040711,-0.998182,True,0.021525,1.177916,-0.075106,0.043482,0.004363,0.039003,-0.998283
42.752,True,-0.042539,1.184705,-0.074216,0.042799,-0.011327,0.040579,-0.998195,True,0.021467,1.177909,-0.075121,0.043376,0.004670,0.038869,-0.998292
42.763,True,-0.042588,1.184709,-0.074251,0.042638,-0.010863,0.040413,-0.998214,True,0.021420,1.177930,-0.075140,0.043213,0.005135,0.038702,-0.998303
42.774,True,-0.042650,1.184714,-0.074277,0.042434,-0.010580,0.040251,-0.998232,True,0.021360,1.177953,-0.075149,0.043007,0.005417,0.038539,-0.998317
42.785,True,-0.042711,1.184761,-0.074309,0.042262,-0.010087,0.040369,-0.998240,True,0.021298,1.177981,-0.075150,0.042838,0.005910,0.038654,-0.998317
42.796,True,-0.042789,1.184763,-0.074327,0.042256,-0.009862,0.040287,-0.998246,True,0.021221,1.177991,-0.075163,0.042831,0.006135,0.038571,-0.998319
42.807,True,-0.042852,1.184736,-0.074342,0.042142,-0.009617,0.040060,-0.998262,True,0.021161,1.177991,-0.075166,0.042714,0.006380,0.038342,-0.998331
42.819,True,-0.042921,1.184691,-0.074348,0.042228,-0.009516,0.039831,-0.998268,True,0.021095,1.177976,-0.075165,0.042796,0.006481,0.038110,-0.998336
42.830,True,-0.042973,1.184658,-0.074360,0.042239,-0.009172,0.039463,-0.998286,True,0.021048,1.177988,-0.075152,0.042802,0.006825,0.037742,-0.998347
42.841,True,-0.043027,1.184649,-0.074374,0.042241,-0.008997,0.039387,-0.998290,True,0.020995,1.177988,-0.075152,0.042803,0.007001,0.037665,-0.998349
42.852,True,-0.043072,1.184661,-0.074367,0.042240,-0.008878,0.039344,-0.998293,True,0.020539,1.179182,-0.074856,0.042801,0.007119,0.037623,-0.998350
42.863,True,-0.043109,1.184716,-0.074363,0.042176,-0.008763,0.039527,-0.998290,True,0.020500,1.179212,-0.074837,0.042740,0.007233,0.037803,-0.998345
42.874,True,-0.043109,1.184824,-0.074356,0.041878,-0.008673,0.039739,-0.998295,True,0.020497,1.179294,-0.074817,0.042445,0.007322,0.038017,-0.998348
42.885,True,-0.043156,1.184839,-0.074330,0.041319,-0.008625,0.039926,-0.998311,True,0.020448,1.179283,-0.074789,0.041889,0.007370,0.038206,-0.998364
42.897,True,-0.043181,1.184848,-0.074305,0.040934,-0.008633,0.040041,-0.998322,True,0.020422,1.179277,-0.074767,0.041505,0.007361,0.038324,-0.998376
42.908,True,-0.043169,1.184820,-0.074303,0.040571,-0.008681,0.039915,-0.998341,True,0.020435,1.179265,-0.074772,0.041141,0.007313,0.038202,-0.998396
42.919,True,-0.043188,1.184782,-0.074283,0.040172,-0.008649,0.039720,-0.998366,True,0.020418,1.179250,-0.074757,0.040739,0.007345,0.038011,-0.998420
42.930,True,-0.043205,1.184734,-0.074272,0.039530,-0.008891,0.039580,-0.998395,True,0.020403,1.179222,-0.074754,0.040093,0.007102,0.037875,-0.998453
42.941,True,-0.043217,1.184692,-0.074270,0.038930,-0.009650,0.039576,-0.998411,True,0.020392,1.179189,-0.074754,0.039490,0.006340,0.037876,-0.998482
42.952,True,-0.043247,1.184629,-0.074246,0.037797,-0.011365,0.039714,-0.998431,True,0.020362,1.179128,-0.074743,0.038353,0.004616,0.038019,-0.998530
42.963,True,-0.043267,1.184569,-0.074228,0.036593,-0.013188,0.039959,-0.998444,True,0.020341,1.179056,-0.074737,0.037145,0.002783,0.038267,-0.998573
42.974,True,-0.043257,1.184529,-0.074236,0.036511,-0.015243,0.040186,-0.998409,True,0.020350,1.179013,-0.074758,0.037060,0.000719,0.038496,-0.998571
42.985,True,-0.043262,1.184500,-0.074218,0.036365,-0.018517,0.040495,-0.998346,True,0.020345,1.178988,-0.074746,0.036907,-0.002570,0.038808,-0.998562
42.996,True,-0.043279,1.184475,-0.074191,0.036873,-0.019336,0.040530,-0.998311,True,0.020329,1.178969,-0.074727,0.037414,-0.003391,0.038842,-0.998539
43.008,True,-0.043276,1.184492,-0.074169,0.036838,-0.020170,0.040613,-0.998292,True,0.020331,1.178985,-0.074711,0.037377,-0.004230,0.038924,-0.998534
43.019,True,-0.043293,1.184484,-0.074154,0.037328,-0.020490,0.040640,-0.998266,True,0.020315,1.178979,-0.074695,0.037867,-0.004551,0.038947,-0.998513
43.030,True,-0.043322,1.184495,-0.074115,0.037418,-0.021278,0.040700,-0.998244,True,0.020287,1.178993,-0.074664,0.037956,-0.005341,0.039010,-0.998503
43.041,True,-0.043301,1.184494,-0.074133,0.038483,-0.020483,0.040651,-0.998222,True,0.020307,1.178991,-0.074674,0.039024,-0.004539,0.038959,-0.998468
43.052,True,-0.043330,1.184507,-0.074124,0.038350,-0.021022,0.040699,-0.998214,True,0.020278,1.179005,-0.074664,0.038890,-0.005082,0.039008,-0.998469
43.063,True,-0.043358,1.184516,-0.074113,0.037953,-0.021596,0.040767,-0.998214,True,0.020250,1.179013,-0.074652,0.038492,-0.005660,0.039079,-0.998479
43.074,True,-0.043371,1.184461,-0.074126,0.037349,-0.021834,0.040691,-0.998235,True,0.020238,1.178969,-0.074663,0.037885,-0.005900,0.039005,-0.998503
43.085,True,-0.043395,1.184404,-0.074142,0.036998,-0.022246,0.040562,-0.998244,True,0.020216,1.178935,-0.074671,0.037530,-0.006315,0.038878,-0.998519
43.096,True,-0.043435,1.184364,-0.074151,0.036969,-0.022398,0.040295,-0.998253,True,0.020180,1.178932,-0.074676,0.037496,-0.006467,0.038614,-0.998530
43.107,True,-0.043435,1.184370,-0.074171,0.036964,-0.022183,0.040175,-0.998262,True,0.020181,1.178952,-0.074683,0.037490,-0.006251,0.038495,-0.998536
43.119,True,-0.043452,1.184375,-0.074211,0.036762,-0.022138,0.040324,-0.998265,True,0.020162,1.178942,-0.074692,0.037289,-0.006208,0.038644,-0.998538
43.130,True,-0.043467,1.184420,-0.074221,0.036348,-0.021987,0.040657,-0.998270,True,0.020144,1.178942,-0.074693,0.036881,-0.006058,0.038978,-0.998541
43.141,True,-0.043467,1.184470,-0.074232,0.036327,-0.022073,0.040881,-0.998259,True,0.020141,1.178964,-0.074709,0.036863,-0.006146,0.039201,-0.998532
43.152,True,-0.043468,1.184515,-0.074251,0.036447,-0.022215,0.040837,-0.998254,True,0.020141,1.179016,-0.074724,0.036981,-0.006288,0.039153,-0.998529
43.163,True,-0.043474,1.184542,-0.074258,0.036786,-0.022354,0.040639,-0.998246,True,0.020137,1.179072,-0.074731,0.037317,-0.006428,0.038952,-0.998523
43.174,True,-0.043470,1.184609,-0.074276,0.037299,-0.022425,0.040268,-0.998241,True,0.020146,1.179188,-0.074753,0.037824,-0.006499,0.038577,-0.998518
43.185,True,-0.043458,1.184676,-0.074303,0.037661,-0.022182,0.040097,-0.998240,True,0.020160,1.179278,-0.074752,0.038184,-0.006255,0.038403,-0.998513
43.196,True,-0.043445,1.184737,-0.074311,0.038091,-0.022286,0.040162,-0.998218,True,0.020173,1.179333,-0.074758,0.038615,-0.006359,0.038465,-0.998493
43.208,True,-0.043411,1.184798,-0.074326,0.038536,-0.022396,0.040403,-0.998189,True,0.020204,1.179365,-0.074777,0.039064,-0.006469,0.038702,-0.998466
43.218,True,-0.043376,1.184824,-0.074347,0.038860,-0.022488,0.040498,-0.998170,True,0.020238,1.179381,-0.074800,0.039390,-0.006561,0.038794,-0.998449
43.229,True,-0.043323,1.184868,-0.074360,0.038988,-0.022843,0.040776,-0.998146,True,0.020288,1.179394,-0.074816,0.039521,-0.006918,0.039072,-0.998431
43.241,True,-0.043277,1.184891,-0.074371,0.039133,-0.023098,0.040895,-0.998130,True,0.020333,1.179403,-0.074838,0.039668,-0.007175,0.039189,-0.998418
43.252,True,-0.043222,1.184937,-0.074383,0.039322,-0.023103,0.041095,-0.998114,True,0.020386,1.179423,-0.074860,0.039860,-0.007179,0.039388,-0.998403
43.263,True,-0.043168,1.184972,-0.074403,0.039613,-0.023463,0.041324,-0.998085,True,0.020438,1.179434,-0.074879,0.040154,-0.007541,0.039614,-0.998380
43.274,True,-0.043092,1.185033,-0.074431,0.039562,-0.023598,0.041586,-0.998072,True,0.020511,1.179463,-0.074910,0.040106,-0.007677,0.039875,-0.998370
43.285,True,-0.043026,1.185080,-0.074441,0.039448,-0.023614,0.041794,-0.998068,True,0.020575,1.179481,-0.074930,0.039995,-0.007693,0.040082,-0.998366
43.296,True,-0.042965,1.185122,-0.074456,0.039232,-0.023696,0.041994,-0.998066,True,0.020633,1.179497,-0.074951,0.039781,-0.007777,0.040281,-0.998366
43.307,True,-0.042921,1.185140,-0.074469,0.039175,-0.023704,0.042113,-0.998063,True,0.020675,1.179498,-0.074977,0.039726,-0.007784,0.040400,-0.998363
43.318,True,-0.042851,1.185153,-0.074472,0.038852,-0.023727,0.042265,-0.998069,True,0.020742,1.179487,-0.075006,0.039406,-0.007808,0.040553,-0.998370
43.329,True,-0.042804,1.185151,-0.074464,0.038866,-0.023703,0.042331,-0.998066,True,0.020789,1.179474,-0.075016,0.039422,-0.007782,0.040619,-0.998366
43.341,True,-0.042765,1.185133,-0.074451,0.038919,-0.023954,0.042348,-0.998057,True,0.020827,1.179453,-0.075035,0.039475,-0.008033,0.040635,-0.998362
43.352,True,-0.042719,1.185122,-0.074448,0.038771,-0.023933,0.042211,-0.998069,True,0.020874,1.179458,-0.075042,0.039325,-0.008012,0.040500,-0.998373
43.363,True,-0.042612,1.184940,-0.074428,0.038568,-0.023644,0.042138,-0.998087,True,0.020878,1.179446,-0.075047,0.039121,-0.007722,0.040427,-0.998387
43.374,True,-0.042593,1.184916,-0.074430,0.038289,-0.023623,0.042009,-0.998104,True,0.020898,1.179436,-0.075063,0.038840,-0.007701,0.040300,-0.998403
43.385,True,-0.042580,1.184871,-0.074438,0.038085,-0.023706,0.041849,-0.998116,True,0.020913,1.179410,-0.075089,0.038633,-0.007783,0.040139,-0.998417
43.396,True,-0.042576,1.184826,-0.074430,0.037869,-0.024023,0.041752,-0.998121,True,0.020918,1.179379,-0.075099,0.038414,-0.008102,0.040045,-0.998426
43.407,True,-0.042584,1.184786,-0.074445,0.037835,-0.024039,0.041678,-0.998125,True,0.020910,1.179348,-0.075118,0.038379,-0.008117,0.039973,-0.998431
43.418,True,-0.042592,1.184751,-0.074443,0.037610,-0.023880,0.041551,-0.998143,True,0.020903,1.179327,-0.075120,0.038153,-0.007957,0.039849,-0.998445
43.430,True,-0.042622,1.184712,-0.074429,0.037503,-0.023768,0.041408,-0.998155,True,0.020876,1.179305,-0.075093,0.038044,-0.007845,0.039707,-0.998456
43.441,True,-0.042651,1.184700,-0.074421,0.037199,-0.023570,0.041311,-0.998175,True,0.020847,1.179304,-0.075079,0.037739,-0.007646,0.039612,-0.998473
43.455,True,-0.042678,1.184684,-0.074429,0.037249,-0.023225,0.041271,-0.998183,True,0.020821,1.179292,-0.075063,0.037789,-0.007300,0.039572,-0.998475
43.466,True,-0.042699,1.184671,-0.074434,0.037602,-0.019078,0.040818,-0.998277,True,0.020801,1.179283,-0.075051,0.038149,-0.003132,0.039115,-0.998501
43.477,True,-0.042745,1.184701,-0.074407,0.037394,-0.016512,0.040697,-0.998335,True,0.020753,1.179294,-0.075015,0.037948,-0.000555,0.038993,-0.998519
43.488,True,-0.042778,1.184685,-0.074408,0.037037,-0.016996,0.040759,-0.998338,True,0.020720,1.179278,-0.075004,0.037590,-0.001042,0.039056,-0.998529
43.499,True,-0.042809,1.184693,-0.074397,0.036745,-0.014612,0.040504,-0.998397,True,0.020689,1.179288,-0.074976,0.037301,0.001350,0.038799,-0.998550
43.511,True,-0.042839,1.184698,-0.074394,0.037045,-0.010575,0.040037,-0.998455,True,0.020660,1.179300,-0.074958,0.037607,0.005402,0.038325,-0.998543
43.522,True,-0.042881,1.184730,-0.074382,0.037134,-0.010462,0.040049,-0.998453,True,0.020618,1.179330,-0.074931,0.037696,0.005515,0.038337,-0.998538
43.533,True,-0.042946,1.184794,-0.074368,0.036290,-0.008791,0.039942,-0.998504,True,0.020552,1.179385,-0.074897,0.036855,0.007188,0.038226,-0.998563
43.544,True,-0.042988,1.184838,-0.074367,0.036763,-0.008827,0.040006,-0.998484,True,0.020511,1.179426,-0.074867,0.037329,0.007152,0.038287,-0.998544
43.555,True,-0.043054,1.184811,-0.074344,0.036327,-0.008074,0.039623,-0.998522,True,0.020448,1.179439,-0.074825,0.036888,0.007905,0.037901,-0.998569
43.566,True,-0.043130,1.184762,-0.074308,0.035806,-0.007371,0.039458,-0.998552,True,0.020373,1.179404,-0.074760,0.036366,0.008607,0.037735,-0.998589
43.577,True,-0.043202,1.184757,-0.074298,0.035331,-0.006563,0.039329,-0.998580,True,0.020302,1.179408,-0.074713,0.035890,0.009416,0.037608,-0.998604
43.588,True,-0.043258,1.184755,-0.074283,0.034935,-0.006220,0.039395,-0.998594,True,0.020246,1.179397,-0.074667,0.035496,0.009757,0.037674,-0.998612
43.600,True,-0.043326,1.184746,-0.074273,0.034566,-0.006039,0.039457,-0.998605,True,0.020177,1.179379,-0.074633,0.035128,0.009937,0.037736,-0.998621
43.611,True,-0.043387,1.184781,-0.074239,0.034371,-0.006167,0.039624,-0.998604,True,0.020115,1.179398,-0.074578,0.034934,0.009808,0.037905,-0.998622
43.622,True,-0.043438,1.184815,-0.074214,0.033996,-0.005918,0.039790,-0.998612,True,0.020062,1.179409,-0.074531,0.034562,0.010056,0.038072,-0.998627
43.633,True,-0.043480,1.184838,-0.074181,0.033679,-0.005010,0.039888,-0.998624,True,0.020018,1.179409,-0.074483,0.034250,0.010966,0.038172,-0.998624
43.644,True,-0.043524,1.184856,-0.074135,0.033176,-0.005162,0.039908,-0.998639,True,0.019974,1.179425,-0.074439,0.033746,0.010813,0.038196,-0.998642
43.655,True,-0.043557,1.184850,-0.074092,0.032624,-0.005519,0.039768,-0.998661,True,0.019943,1.179440,-0.074403,0.033190,0.010454,0.038059,-0.998669
43.666,True,-0.043578,1.184805,-0.074055,0.032152,-0.005591,0.039508,-0.998686,True,0.019925,1.179428,-0.074372,0.032714,0.010381,0.037801,-0.998696
43.677,True,-0.043619,1.184750,-0.074009,0.031418,-0.004472,0.039052,-0.998733,True,0.019886,1.179412,-0.074344,0.031977,0.011503,0.037348,-0.998724
43.689,True,-0.043642,1.184713,-0.073979,0.031081,-0.005302,0.038963,-0.998743,True,0.019866,1.179398,-0.074316,0.031634,0.010670,0.037264,-0.998748
43.699,True,-0.043655,1.184639,-0.073951,0.030432,-0.003623,0.038608,-0.998784,True,0.019855,1.179343,-0.074299,0.030986,0.012353,0.036912,-0.998762
43.711,True,-0.043679,1.184528,-0.073900,0.032282,0.004367,0.037718,-0.998757,True,0.019831,1.179240,-0.074273,0.032853,0.020370,0.036019,-0.998603
43.722,True,-0.043679,1.184464,-0.073880,0.033023,0.008307,0.037195,-0.998728,True,0.019832,1.179191,-0.074259,0.033600,0.024317,0.035494,-0.998509
43.733,True,-0.043654,1.184423,-0.073881,0.032832,0.010730,0.036849,-0.998724,True,0.019858,1.179160,-0.074269,0.033412,0.026742,0.035148,-0.998465
43.744,True,-0.043643,1.184382,-0.073857,0.033033,0.013309,0.036503,-0.998699,True,0.019869,1.179128,-0.074252,0.033617,0.029323,0.034799,-0.998398
43.755,True,-0.043641,1.184363,-0.073840,0.032622,0.017400,0.036029,-0.998667,True,0.019872,1.179112,-0.074237,0.033212,0.033412,0.034323,-0.998300
43.766,True,-0.043629,1.184342,-0.073844,0.032282,0.019106,0.035911,-0.998651,True,0.019883,1.179080,-0.074246,0.032877,0.035116,0.034203,-0.998257
43.777,True,-0.043622,1.184354,-0.073829,0.032005,0.020034,0.035870,-0.998643,True,0.019889,1.179083,-0.074226,0.032603,0.036042,0.034160,-0.998234
43.788,True,-0.043623,1.184388,-0.073821,0.032535,0.020677,0.035928,-0.998611,True,0.019887,1.179102,-0.074221,0.033135,0.036685,0.034218,-0.998191
43.800,True,-0.043620,1.184399,-0.073842,0.033366,0.020610,0.036050,-0.998580,True,0.019889,1.179102,-0.074238,0.033968,0.036621,0.034338,-0.998161
43.811,True,-0.043610,1.184403,-0.073855,0.034494,0.020697,0.036173,-0.998536,True,0.019898,1.179094,-0.074242,0.035098,0.036712,0.034461,-0.998115
43.822,True,-0.043616,1.184363,-0.073848,0.034676,0.021699,0.036037,-0.998513,True,0.019892,1.179058,-0.074242,0.035281,0.037714,0.034325,-0.998076
43.833,True,-0.043612,1.184310,-0.073894,0.036199,0.022897,0.035783,-0.998441,True,0.019898,1.179026,-0.074278,0.036804,0.038916,0.034070,-0.997983
43.844,True,-0.043594,1.184324,-0.073899,0.039228,0.025064,0.035535,-0.998284,True,0.019917,1.179051,-0.074289,0.039835,0.041091,0.033823,-0.997788
43.855,True,-0.043577,1.184314,-0.073920,0.038486,0.025103,0.035471,-0.998314,True,0.019934,1.179047,-0.074307,0.039092,0.041128,0.033759,-0.997818
43.866,True,-0.043550,1.184337,-0.073962,0.042500,0.027465,0.035606,-0.998084,True,0.020009,1.178253,-0.074523,0.043114,0.043499,0.033894,-0.997547
43.877,True,-0.043531,1.184354,-0.073979,0.043396,0.028408,0.035977,-0.998006,True,0.020022,1.178210,-0.074557,0.044018,0.044442,0.034263,-0.997454
43.888,True,-0.043492,1.184395,-0.073995,0.044865,0.029606,0.035979,-0.997906,True,0.020059,1.178237,-0.074587,0.045489,0.045642,0.034265,-0.997333
43.899,True,-0.043450,1.184419,-0.074031,0.046235,0.030625,0.035864,-0.997817,True,0.020101,1.178261,-0.074645,0.046861,0.046661,0.034145,-0.997227
43.910,True,-0.043415,1.184469,-0.074043,0.047560,0.031614,0.035545,-0.997735,True,0.020139,1.178336,-0.074684,0.048182,0.047650,0.033823,-0.997128
43.921,True,-0.043370,1.184541,-0.074058,0.049056,0.032642,0.035239,-0.997640,True,0.020186,1.178434,-0.074701,0.049675,0.048679,0.033513,-0.997016
43.933,True,-0.043328,1.184593,-0.074079,0.050590,0.033318,0.035053,-0.997548,True,0.020230,1.178501,-0.074732,0.051207,0.049356,0.033321,-0.996911
43.944,True,-0.043299,1.184663,-0.074091,0.052213,0.033929,0.034940,-0.997448,True,0.020259,1.178576,-0.074757,0.052828,0.049968,0.033202,-0.996800
43.955,True,-0.043261,1.184733,-0.074119,0.054189,0.034095,0.035045,-0.997333,True,0.020296,1.178634,-0.074784,0.054805,0.050138,0.033303,-0.996681
43.966,True,-0.043253,1.184752,-0.074156,0.055396,0.035081,0.035048,-0.997232,True,0.020302,1.178639,-0.074829,0.056013,0.051123,0.033303,-0.996564
43.977,True,-0.043239,1.184804,-0.074171,0.056166,0.035677,0.035151,-0.997165,True,0.020314,1.178668,-0.074862,0.056786,0.051718,0.033405,-0.996486
43.988,True,-0.043193,1.184797,-0.074228,0.057677,0.036513,0.035081,-0.997050,True,0.020360,1.178662,-0.074909,0.058296,0.052554,0.033332,-0.996358
43.999,True,-0.043184,1.184802,-0.074277,0.058958,0.037021,0.035089,-0.996957,True,0.020369,1.178662,-0.074953,0.059577,0.053063,0.033336,-0.996255
44.011,True,-0.043167,1.184844,-0.074297,0.060452,0.035916,0.035368,-0.996898,True,0.020384,1.178687,-0.074970,0.061072,0.051964,0.033614,-0.996213
44.022,True,-0.043157,1.184892,-0.074328,0.062048,0.034633,0.035670,-0.996834,True,0.020392,1.178720,-0.074991,0.062668,0.050688,0.033914,-0.996169
44.033,True,-0.043153,1.184909,-0.074368,0.063621,0.028908,0.036471,-0.996889,True,0.020395,1.178719,-0.075019,0.064240,0.044981,0.034712,-0.996316
44.044,True,-0.043149,1.184945,-0.074395,0.065179,0.017711,0.037843,-0.996999,True,0.020397,1.178742,-0.075035,0.065796,0.033802,0.036087,-0.996607
44.055,True,-0.043150,1.184979,-0.074414,0.065920,0.021122,0.037633,-0.996891,True,0.020395,1.178758,-0.075042,0.066540,0.037212,0.035874,-0.996444
44.066,True,-0.043157,1.185020,-0.074450,0.062981,0.013032,0.038554,-0.997185,True,0.020387,1.178787,-0.075072,0.063599,0.029119,0.036800,-0.996872
44.077,True,-0.043159,1.185037,-0.074464,0.062650,0.012017,0.038710,-0.997212,True,0.020384,1.178798,-0.075087,0.063268,0.028103,0.036957,-0.996916
44.088,True,-0.043184,1.185032,-0.074466,0.059882,0.008841,0.038932,-0.997407,True,0.020360,1.178798,-0.075107,0.060497,0.024920,0.037182,-0.997164
44.099,True,-0.043181,1.185009,-0.074488,0.057837,0.008451,0.038929,-0.997531,True,0.020363,1.178777,-0.075126,0.058450,0.024524,0.037181,-0.997296
44.111,True,-0.043190,1.184973,-0.074498,0.056612,0.007304,0.038943,-0.997610,True,0.020355,1.178751,-0.075144,0.057223,0.023374,0.037199,-0.997394
44.122,True,-0.043195,1.184927,-0.074508,0.055851,0.006480,0.038934,-0.997659,True,0.020351,1.178715,-0.075163,0.056459,0.022549,0.037195,-0.997457
44.133,True,-0.043213,1.184849,-0.074517,0.053932,0.005555,0.038855,-0.997773,True,0.020334,1.178652,-0.075192,0.054536,0.021618,0.037118,-0.997588
44.144,True,-0.043229,1.184782,-0.074531,0.051601,0.004251,0.038632,-0.997911,True,0.020321,1.178625,-0.075220,0.052197,0.020308,0.036899,-0.997748
44.155,True,-0.043239,1.184749,-0.074541,0.050667,0.003562,0.038548,-0.997965,True,0.020313,1.178609,-0.075235,0.051259,0.019615,0.036818,-0.997814
44.166,True,-0.043247,1.184714,-0.074553,0.051379,0.003249,0.038434,-0.997934,True,0.020308,1.178595,-0.075251,0.051970,0.019304,0.036704,-0.997787
44.177,True,-0.043264,1.184695,-0.074549,0.049469,0.000702,0.038545,-0.998031,True,0.020291,1.178590,-0.075256,0.050053,0.016748,0.036819,-0.997927
44.188,True,-0.043288,1.184674,-0.074541,0.048932,-0.000577,0.038531,-0.998059,True,0.020269,1.178585,-0.075263,0.049512,0.015464,0.036804,-0.997976
44.199,True,-0.043297,1.184694,-0.074559,0.048471,-0.001591,0.038635,-0.998076,True,0.020260,1.178605,-0.075270,0.049050,0.014447,0.036910,-0.998010
44.210,True,-0.043323,1.184696,-0.074554,0.047886,-0.003342,0.038853,-0.998091,True,0.020233,1.178601,-0.075275,0.048462,0.012690,0.037129,-0.998054
44.221,True,-0.043334,1.184693,-0.074557,0.047284,-0.003884,0.038869,-0.998117,True,0.020223,1.178602,-0.075273,0.047858,0.012145,0.037145,-0.998089
44.233,True,-0.043341,1.184687,-0.074574,0.046923,-0.004594,0.038954,-0.998128,True,0.020216,1.178594,-0.075285,0.047496,0.011432,0.037230,-0.998112
44.244,True,-0.043359,1.184682,-0.074572,0.046025,-0.006243,0.039051,-0.998157,True,0.020198,1.178598,-0.075283,0.046594,0.009776,0.037330,-0.998168
44.255,True,-0.043376,1.184683,-0.074581,0.045546,-0.006682,0.039110,-0.998174,True,0.020182,1.178597,-0.075280,0.046114,0.009334,0.037390,-0.998193
44.266,True,-0.043378,1.184657,-0.074592,0.045512,-0.007369,0.039144,-0.998169,True,0.020180,1.178578,-0.075283,0.046079,0.008644,0.037423,-0.998199
44.277,True,-0.043379,1.184644,-0.074582,0.045227,-0.008865,0.039366,-0.998162,True,0.020178,1.178558,-0.075271,0.045792,0.007144,0.037649,-0.998216
44.288,True,-0.043376,1.184657,-0.074587,0.044969,-0.009085,0.039544,-0.998164,True,0.020180,1.178552,-0.075258,0.045536,0.006921,0.037829,-0.998222
44.299,True,-0.043372,1.184653,-0.074577,0.044669,-0.010003,0.039710,-0.998162,True,0.020183,1.178538,-0.075253,0.045235,0.005998,0.037994,-0.998236
44.310,True,-0.043383,1.184695,-0.074559,0.044262,-0.010543,0.039932,-0.998166,True,0.020169,1.178558,-0.075232,0.044830,0.005456,0.038217,-0.998249
44.322,True,-0.043389,1.184736,-0.074548,0.044007,-0.010334,0.040008,-0.998176,True,0.020162,1.178587,-0.075215,0.044576,0.005664,0.038292,-0.998256
44.333,True,-0.043397,1.184708,-0.074531,0.043938,-0.010665,0.039924,-0.998179,True,0.020156,1.178573,-0.075200,0.044505,0.005331,0.038206,-0.998264
44.344,True,-0.043422,1.184663,-0.074504,0.043179,-0.010991,0.039724,-0.998217,True,0.020134,1.178557,-0.075168,0.043740,0.005002,0.038007,-0.998307
44.355,True,-0.043458,1.184629,-0.074488,0.043151,-0.011733,0.039633,-0.998213,True,0.020100,1.178546,-0.075142,0.043708,0.004257,0.037916,-0.998316
44.366,True,-0.043469,1.184634,-0.074489,0.042851,-0.011366,0.039527,-0.998235,True,0.020090,1.178561,-0.075126,0.043407,0.004623,0.037811,-0.998331
44.377,True,-0.043399,1.185359,-0.074195,0.042864,-0.011880,0.039679,-0.998222,True,0.020072,1.178554,-0.075079,0.043420,0.004107,0.037962,-0.998327
44.388,True,-0.043404,1.185394,-0.074174,0.042623,-0.012235,0.039911,-0.998219,True,0.020065,1.178566,-0.075044,0.043182,0.003749,0.038195,-0.998330
44.399,True,-0.043427,1.185430,-0.074155,0.042725,-0.012476,0.040266,-0.998197,True,0.020038,1.178562,-0.075020,0.043289,0.003508,0.038551,-0.998312
44.410,True,-0.043440,1.185446,-0.074115,0.042376,-0.013285,0.040672,-0.998185,True,0.020020,1.178536,-0.074988,0.042944,0.002696,0.038960,-0.998314
44.421,True,-0.043441,1.185447,-0.074087,0.042170,-0.013507,0.040747,-0.998188,True,0.020018,1.178528,-0.074971,0.042738,0.002473,0.039037,-0.998320
44.433,True,-0.043442,1.185442,-0.074060,0.041927,-0.013884,0.040583,-0.998200,True,0.020019,1.178547,-0.074960,0.042492,0.002095,0.038876,-0.998338
44.444,True,-0.043459,1.185432,-0.074022,0.042061,-0.014296,0.040343,-0.998198,True,0.020006,1.178572,-0.074943,0.042621,0.001683,0.038640,-0.998343
44.455,True,-0.043462,1.185399,-0.074003,0.041841,-0.014475,0.040025,-0.998217,True,0.020007,1.178579,-0.074938,0.042395,0.001504,0.038322,-0.998365
44.466,True,-0.043470,1.185381,-0.073986,0.041594,-0.014919,0.039885,-0.998227,True,0.020001,1.178582,-0.074936,0.042145,0.001058,0.038185,-0.998381
44.477,True,-0.043476,1.185317,-0.073955,0.041478,-0.015269,0.039728,-0.998233,True,0.019996,1.178537,-0.074939,0.042025,0.000708,0.038028,-0.998392
44.488,True,-0.043461,1.185289,-0.073934,0.041182,-0.015559,0.039764,-0.998239,True,0.020011,1.178507,-0.074933,0.041729,0.000416,0.038067,-0.998403
44.499,True,-0.043459,1.185245,-0.073917,0.040921,-0.015841,0.039711,-0.998247,True,0.020014,1.178468,-0.074947,0.041467,0.000133,0.038015,-0.998417
44.511,True,-0.043450,1.185187,-0.073908,0.040852,-0.016269,0.039665,-0.998245,True,0.020023,1.178419,-0.074955,0.041396,-0.000296,0.037968,-0.998421
44.522,True,-0.043443,1.185181,-0.073907,0.040620,-0.016166,0.039583,-0.998260,True,0.020030,1.178422,-0.074950,0.041162,-0.000194,0.037888,-0.998434
44.533,True,-0.043462,1.185147,-0.073916,0.040565,-0.016309,0.039548,-0.998261,True,0.020013,1.178394,-0.074966,0.041107,-0.000337,0.037852,-0.998438
44.544,True,-0.043458,1.185123,-0.073929,0.040659,-0.016477,0.039469,-0.998257,True,0.020018,1.178384,-0.074966,0.041199,-0.000506,0.037775,-0.998437
44.555,True,-0.043474,1.185111,-0.073940,0.040408,-0.016520,0.039615,-0.998261,True,0.020000,1.178355,-0.074968,0.040949,-0.000550,0.037921,-0.998441
44.566,True,-0.043481,1.185101,-0.073956,0.040508,-0.016531,0.039709,-0.998253,True,0.019992,1.178334,-0.074978,0.041051,-0.000560,0.038015,-0.998434
44.577,True,-0.043498,1.185100,-0.073980,0.040542,-0.016547,0.039740,-0.998250,True,0.019976,1.178331,-0.074990,0.041085,-0.000576,0.038047,-0.998431
44.588,True,-0.043512,1.185107,-0.073993,0.040413,-0.016558,0.039760,-0.998254,True,0.019961,1.178338,-0.074993,0.040956,-0.000588,0.038068,-0.998435
44.599,True,-0.043506,1.185075,-0.074024,0.040435,-0.016561,0.039645,-0.998258,True,0.019970,1.178322,-0.075012,0.040976,-0.000592,0.037952,-0.998439
44.611,True,-0.043520,1.185060,-0.074033,0.040460,-0.016553,0.039497,-0.998263,True,0.019958,1.178328,-0.075010,0.040998,-0.000585,0.037805,-0.998444
44.622,True,-0.043528,1.185059,-0.074051,0.040454,-0.016471,0.039352,-0.998270,True,0.019952,1.178346,-0.075012,0.040990,-0.000503,0.037658,-0.998450
44.633,True,-0.043501,1.185081,-0.074079,0.040296,-0.016546,0.039445,-0.998272,True,0.019978,1.178360,-0.075015,0.040833,-0.000579,0.037752,-0.998452
44.644,True,-0.043507,1.185077,-0.074103,0.040062,-0.016723,0.039656,-0.998270,True,0.019971,1.178334,-0.075016,0.040601,-0.000759,0.037963,-0.998454
44.655,True,-0.043506,1.185102,-0.074112,0.040156,-0.016553,0.040019,-0.998255,True,0.019966,1.178312,-0.075015,0.040701,-0.000588,0.038327,-0.998436
44.666,True,-0.043496,1.185123,-0.074127,0.040027,-0.016765,0.040230,-0.998248,True,0.019975,1.178309,-0.075026,0.040575,-0.000802,0.038537,-0.998433
44.677,True,-0.043477,1.185147,-0.074125,0.040014,-0.016913,0.040209,-0.998247,True,0.019993,1.178337,-0.075030,0.040561,-0.000951,0.038514,-0.998434
44.688,True,-0.043452,1.185194,-0.074125,0.039974,-0.017170,0.040020,-0.998251,True,0.020022,1.178412,-0.075026,0.040517,-0.001210,0.038324,-0.998443
44.700,True,-0.043424,1.185226,-0.074140,0.040105,-0.017150,0.039788,-0.998256,True,0.020053,1.178474,-0.075027,0.040644,-0.001190,0.038090,-0.998447
44.711,True,-0.043388,1.185280,-0.074144,0.040127,-0.017192,0.039834,-0.998252,True,0.020089,1.178525,-0.075021,0.040666,-0.001233,0.038134,-0.998444
44.722,True,-0.043338,1.185304,-0.074155,0.040421,-0.016751,0.039784,-0.998250,True,0.020139,1.178550,-0.075029,0.040960,-0.000790,0.038082,-0.998435
44.733,True,-0.043286,1.185320,-0.074179,0.040247,-0.017237,0.039958,-0.998242,True,0.020189,1.178549,-0.075057,0.040788,-0.001279,0.038256,-0.998434
44.744,True,-0.043210,1.185344,-0.074192,0.040316,-0.017128,0.040129,-0.998234,True,0.020263,1.178548,-0.075080,0.040860,-0.001169,0.038425,-0.998425
44.755,True,-0.043137,1.185366,-0.074194,0.040195,-0.016620,0.040229,-0.998243,True,0.020332,1.178548,-0.075094,0.040742,-0.000659,0.038524,-0.998427
44.766,True,-0.043071,1.185374,-0.074251,0.040212,-0.016370,0.040411,-0.998240,True,0.020396,1.178528,-0.075159,0.040763,-0.000409,0.038703,-0.998419
44.778,True,-0.042993,1.185408,-0.074246,0.040096,-0.016154,0.040502,-0.998244,True,0.020471,1.178544,-0.075171,0.040649,-0.000191,0.038794,-0.998420
44.789,True,-0.042911,1.185448,-0.074264,0.040140,-0.014642,0.040540,-0.998264,True,0.020551,1.178558,-0.075186,0.040698,0.001326,0.038826,-0.998416
44.800,True,-0.042851,1.185492,-0.074290,0.039937,-0.014445,0.040702,-0.998268,True,0.020608,1.178577,-0.075218,0.040498,0.001523,0.038989,-0.998418
44.811,True,-0.042768,1.185540,-0.074284,0.040003,-0.014297,0.040903,-0.998260,True,0.020687,1.178596,-0.075221,0.040569,0.001672,0.039186,-0.998407
44.822,True,-0.042690,1.185604,-0.074281,0.039996,-0.013996,0.041145,-0.998254,True,0.020762,1.178623,-0.075225,0.040566,0.001974,0.039426,-0.998397
44.833,True,-0.042615,1.185644,-0.074306,0.039946,-0.013758,0.041333,-0.998252,True,0.020833,1.178633,-0.075259,0.040520,0.002212,0.039613,-0.998391
44.844,True,-0.042539,1.185682,-0.074302,0.039941,-0.013638,0.041494,-0.998247,True,0.020906,1.178647,-0.075270,0.040518,0.002332,0.039771,-0.998384
44.855,True,-0.042478,1.185698,-0.074288,0.039705,-0.013233,0.041471,-0.998263,True,0.020966,1.178655,-0.075278,0.040283,0.002739,0.039747,-0.998394
44.866,True,-0.042431,1.185708,-0.074291,0.039444,-0.013089,0.041382,-0.998279,True,0.020966,1.179405,-0.075128,0.040022,0.002883,0.039657,-0.998407
44.877,True,-0.042370,1.185701,-0.074289,0.039020,-0.012463,0.041121,-0.998314,True,0.021029,1.179419,-0.075138,0.039595,0.003510,0.039395,-0.998433
44.888,True,-0.042321,1.185687,-0.074277,0.038766,-0.012156,0.040933,-0.998336,True,0.021079,1.179422,-0.075141,0.039339,0.003818,0.039209,-0.998449
44.900,True,-0.042300,1.185622,-0.074295,0.038502,-0.012005,0.040749,-0.998355,True,0.021102,1.179377,-0.075171,0.039072,0.003970,0.039026,-0.998466
44.911,True,-0.042270,1.185567,-0.074290,0.038181,-0.011667,0.040610,-0.998377,True,0.021133,1.179332,-0.075181,0.038750,0.004308,0.038888,-0.998483
44.922,True,-0.042262,1.185530,-0.074278,0.037757,-0.011546,0.040518,-0.998398,True,0.021142,1.179303,-0.075180,0.038326,0.004430,0.038800,-0.998502
44.933,True,-0.042246,1.185485,-0.074284,0.037403,-0.011493,0.040467,-0.998415,True,0.021158,1.179264,-0.075189,0.037970,0.004483,0.038751,-0.998517
44.944,True,-0.042236,1.185429,-0.074303,0.037110,-0.011195,0.040355,-0.998433,True,0.021169,1.179219,-0.075192,0.037676,0.004782,0.038641,-0.998531
44.955,True,-0.042248,1.185374,-0.074306,0.036996,-0.011010,0.040289,-0.998442,True,0.021158,1.179172,-0.075187,0.037562,0.004967,0.038577,-0.998537
44.966,True,-0.042237,1.185346,-0.074326,0.036875,-0.010598,0.040238,-0.998453,True,0.021170,1.179150,-0.075175,0.037441,0.005379,0.038528,-0.998541
44.978,True,-0.042244,1.185321,-0.074345,0.036772,-0.010323,0.040289,-0.998458,True,0.021163,1.179117,-0.075174,0.037339,0.005655,0.038580,-0.998542
44.988,True,-0.042257,1.185317,-0.074363,0.036536,-0.009871,0.040328,-0.998470,True,0.021149,1.179106,-0.075160,0.037104,0.006107,0.038619,-0.998546
45.000,True,-0.042262,1.185332,-0.074365,0.036371,-0.009434,0.040370,-0.998478,True,0.021144,1.179114,-0.075132,0.036941,0.006544,0.038662,-0.998548
45.011,True,-0.042285,1.185335,-0.074383,0.036408,-0.008911,0.040440,-0.998479,True,0.021120,1.179104,-0.075128,0.036980,0.007069,0.038732,-0.998540
45.022,True,-0.042297,1.185344,-0.074400,0.036400,-0.008659,0.040499,-0.998479,True,0.021108,1.179105,-0.075124,0.036974,0.007321,0.038790,-0.998536
45.033,True,-0.042309,1.185363,-0.074415,0.036353,-0.008300,0.040503,-0.998483,True,0.021096,1.179122,-0.075115,0.036928,0.007680,0.038794,-0.998535
45.044,True,-0.042326,1.185364,-0.074427,0.036311,-0.007780,0.040410,-0.998493,True,0.021079,1.179128,-0.075119,0.036886,0.008201,0.038699,-0.998536
45.055,True,-0.042332,1.185358,-0.074443,0.036304,-0.007533,0.040314,-0.998499,True,0.021075,1.179133,-0.075122,0.036878,0.008449,0.038602,-0.998538
45.066,True,-0.042324,1.185372,-0.074471,0.036491,-0.007373,0.040269,-0.998495,True,0.021083,1.179151,-0.075148,0.037064,0.008608,0.038554,-0.998532
45.077,True,-0.042318,1.185406,-0.074480,0.036635,-0.007419,0.040269,-0.998490,True,0.021089,1.179184,-0.075162,0.037209,0.008563,0.038552,-0.998527
45.088,True,-0.042311,1.185441,-0.074488,0.036784,-0.007490,0.040278,-0.998483,True,0.021096,1.179217,-0.075177,0.037358,0.008491,0.038558,-0.998522
45.099,True,-0.042306,1.185464,-0.074493,0.036882,-0.007538,0.040283,-0.998479,True,0.021100,1.179239,-0.075188,0.037456,0.008443,0.038562,-0.998518
45.111,True,-0.042277,1.185469,-0.074553,0.037163,-0.007420,0.040449,-0.998463,True,0.021128,1.179225,-0.075228,0.037739,0.008561,0.038726,-0.998500
45.122,True,-0.042263,1.185449,-0.074561,0.037092,-0.007174,0.040382,-0.998470,True,0.021142,1.179209,-0.075242,0.037668,0.008808,0.038658,-0.998503
45.133,True,-0.042255,1.185400,-0.074584,0.037153,-0.007208,0.040179,-0.998476,True,0.021152,1.179185,-0.075272,0.037726,0.008774,0.038453,-0.998510
45.144,True,-0.042238,1.185372,-0.074625,0.037265,-0.007087,0.039942,-0.998482,True,0.021173,1.179187,-0.075302,0.037834,0.008895,0.038215,-0.998514
45.155,True,-0.042221,1.185385,-0.074625,0.037281,-0.007015,0.039963,-0.998481,True,0.021189,1.179197,-0.075303,0.037851,0.008968,0.038239,-0.998511
45.166,True,-0.042207,1.185394,-0.074636,0.037540,-0.007073,0.040017,-0.998469,True,0.021202,1.179199,-0.075321,0.038111,0.008910,0.038291,-0.998500
45.177,True,-0.042169,1.185474,-0.074657,0.037814,-0.006898,0.040353,-0.998446,True,0.021237,1.179237,-0.075327,0.038391,0.009086,0.038627,-0.998475
45.188,True,-0.042159,1.185530,-0.074653,0.038473,-0.006838,0.040678,-0.998408,True,0.021242,1.179250,-0.075340,0.039056,0.009148,0.038951,-0.998436
45.199,True,-0.042136,1.185572,-0.074658,0.038682,-0.006770,0.040856,-0.998393,True,0.021263,1.179268,-0.075353,0.039269,0.009218,0.039132,-0.998420
45.210,True,-0.042108,1.185591,-0.074667,0.038922,-0.006730,0.040959,-0.998380,True,0.021289,1.179273,-0.075376,0.039512,0.009261,0.039235,-0.998406
45.222,True,-0.042096,1.185605,-0.074665,0.038821,-0.006799,0.040810,-0.998389,True,0.021302,1.179303,-0.075395,0.039409,0.009192,0.039087,-0.998416
45.233,True,-0.042057,1.185602,-0.074686,0.038980,-0.006632,0.040541,-0.998395,True,0.021344,1.179331,-0.075427,0.039564,0.009360,0.038818,-0.998419
45.244,True,-0.042041,1.185605,-0.074716,0.039003,-0.006493,0.040454,-0.998399,True,0.021361,1.179344,-0.075453,0.039585,0.009499,0.038730,-0.998420
45.255,True,-0.042045,1.185608,-0.074731,0.039049,-0.006508,0.040493,-0.998395,True,0.021357,1.179340,-0.075484,0.039633,0.009485,0.038769,-0.998417
45.266,True,-0.042029,1.185554,-0.074764,0.039037,-0.006412,0.040537,-0.998395,True,0.021372,1.179279,-0.075519,0.039622,0.009582,0.038815,-0.998415
45.277,True,-0.042018,1.185493,-0.074794,0.038984,-0.006391,0.040590,-0.998395,True,0.021382,1.179210,-0.075558,0.039570,0.009602,0.038867,-0.998415
45.288,True,-0.042012,1.185418,-0.074828,0.038870,-0.006405,0.040636,-0.998397,True,0.021387,1.179128,-0.075598,0.039457,0.009589,0.038914,-0.998417
45.299,True,-0.042017,1.185361,-0.074856,0.038975,-0.006371,0.040590,-0.998395,True,0.021382,1.179076,-0.075635,0.039561,0.009623,0.038869,-0.998415
45.310,True,-0.042029,1.185318,-0.074890,0.039036,-0.006188,0.040511,-0.998397,True,0.021371,1.179040,-0.075668,0.039622,0.009807,0.038790,-0.998413
45.322,True,-0.042068,1.185279,-0.074929,0.039294,-0.004071,0.040159,-0.998412,True,0.021334,1.179020,-0.075700,0.039881,0.011930,0.038435,-0.998394
45.333,True,-0.042087,1.185259,-0.074963,0.040583,0.004043,0.039212,-0.998398,True,0.021317,1.179014,-0.075716,0.041182,0.020065,0.037481,-0.998247
45.344,True,-0.042140,1.185254,-0.075010,0.040099,0.000859,0.039520,-0.998414,True,0.021264,1.179015,-0.075744,0.040692,0.016874,0.037791,-0.998314
45.355,True,-0.042182,1.185283,-0.075060,0.045091,0.032145,0.036309,-0.997805,True,0.021223,1.179038,-0.075766,0.045731,0.048164,0.034563,-0.997193
45.366,True,-0.042217,1.185307,-0.075098,0.043508,0.022045,0.037396,-0.998110,True,0.021188,1.179062,-0.075791,0.044135,0.038079,0.035655,-0.997663
45.377,True,-0.042589,1.186486,-0.074883,0.044273,0.034027,0.036068,-0.997788,True,0.021129,1.179075,-0.075827,0.044915,0.050041,0.034322,-0.997146
45.388,True,-0.042643,1.186434,-0.074935,0.044773,0.036120,0.035704,-0.997705,True,0.021077,1.179044,-0.075863,0.045415,0.052129,0.033959,-0.997029
45.399,True,-0.042698,1.186396,-0.074976,0.044643,0.038584,0.035304,-0.997633,True,0.021025,1.179025,-0.075897,0.045286,0.054585,0.033559,-0.996917
45.411,True,-0.042742,1.186373,-0.075062,0.043591,0.038021,0.034872,-0.997717,True,0.020988,1.179065,-0.075966,0.044225,0.054022,0.033129,-0.997010
45.422,True,-0.042786,1.186371,-0.075126,0.044865,0.038247,0.034780,-0.997655,True,0.020946,1.179081,-0.075998,0.045497,0.054252,0.033037,-0.996943
45.433,True,-0.042820,1.186413,-0.075188,0.045150,0.038871,0.035011,-0.997610,True,0.020909,1.179089,-0.076029,0.045786,0.054874,0.033267,-0.996888
45.444,True,-0.042850,1.186453,-0.075235,0.045243,0.037426,0.035470,-0.997644,True,0.020876,1.179093,-0.076057,0.045882,0.053435,0.033726,-0.996947
45.455,True,-0.042878,1.186483,-0.075271,0.045509,0.037583,0.035619,-0.997621,True,0.020844,1.179100,-0.076099,0.046151,0.053591,0.033871,-0.996921
45.466,True,-0.042883,1.186549,-0.075284,0.045496,0.036000,0.035757,-0.997675,True,0.020840,1.179167,-0.076121,0.046136,0.052012,0.034008,-0.997000
45.477,True,-0.042883,1.186567,-0.075325,0.045554,0.035624,0.035442,-0.997697,True,0.020845,1.179227,-0.076165,0.046188,0.051636,0.033689,-0.997028
45.488,True,-0.042897,1.186611,-0.075333,0.046605,0.036447,0.035091,-0.997631,True,0.020834,1.179306,-0.076185,0.047235,0.052460,0.033337,-0.996948
45.500,True,-0.042871,1.186637,-0.075362,0.049402,0.038592,0.034844,-0.997425,True,0.020861,1.179340,-0.076212,0.050031,0.054604,0.033085,-0.996705
45.511,True,-0.042853,1.186663,-0.075388,0.050525,0.039503,0.034705,-0.997338,True,0.020880,1.179371,-0.076240,0.051154,0.055515,0.032942,-0.996602
45.522,True,-0.042836,1.186673,-0.075400,0.051814,0.040160,0.034740,-0.997244,True,0.020895,1.179367,-0.076273,0.052444,0.056172,0.032976,-0.996497
45.533,True,-0.042789,1.186685,-0.075401,0.054504,0.042160,0.034565,-0.997024,True,0.020942,1.179379,-0.076289,0.055133,0.058171,0.032800,-0.996243
45.544,True,-0.042757,1.186681,-0.075418,0.055680,0.042989,0.034582,-0.996923,True,0.020972,1.179362,-0.076321,0.056310,0.058999,0.032816,-0.996128
45.555,True,-0.042728,1.186692,-0.075429,0.056466,0.043606,0.034597,-0.996852,True,0.021000,1.179362,-0.076348,0.057097,0.059616,0.032832,-0.996046
45.566,True,-0.042717,1.186697,-0.075426,0.056932,0.044921,0.034531,-0.996769,True,0.021008,1.179355,-0.076362,0.057564,0.060925,0.032763,-0.995942
45.577,True,-0.042693,1.186725,-0.075424,0.057535,0.045591,0.034670,-0.996699,True,0.021030,1.179356,-0.076367,0.058170,0.061593,0.032903,-0.995862
45.589,True,-0.042668,1.186733,-0.075418,0.058233,0.047148,0.034659,-0.996587,True,0.021051,1.179343,-0.076371,0.058872,0.063143,0.032890,-0.995724
45.600,True,-0.042683,1.186762,-0.075399,0.058582,0.045564,0.034997,-0.996628,True,0.021034,1.179350,-0.076367,0.059222,0.061567,0.033228,-0.995790
45.611,True,-0.042676,1.186767,-0.075377,0.059053,0.042202,0.035539,-0.996729,True,0.021038,1.179332,-0.076360,0.059692,0.058220,0.033772,-0.995945
45.622,True,-0.042671,1.186761,-0.075357,0.058553,0.034662,0.036494,-0.997015,True,0.021041,1.179308,-0.076356,0.059191,0.050706,0.034729,-0.996353
45.633,True,-0.042687,1.186749,-0.075302,0.058913,0.031461,0.036868,-0.997086,True,0.021024,1.179291,-0.076321,0.059549,0.047515,0.035105,-0.996476
45.644,True,-0.042706,1.186705,-0.075269,0.057595,0.018861,0.038185,-0.997431,True,0.021005,1.179251,-0.076304,0.058223,0.034934,0.036429,-0.997027
45.655,True,-0.042737,1.186671,-0.075242,0.058692,0.023625,0.037578,-0.997289,True,0.020976,1.179230,-0.076294,0.059321,0.039695,0.035823,-0.996806
45.666,True,-0.042766,1.186623,-0.075191,0.053261,0.014686,0.038305,-0.997738,True,0.020948,1.179198,-0.076253,0.053881,0.030751,0.036558,-0.997404
45.678,True,-0.042805,1.186580,-0.075171,0.052642,0.012837,0.038428,-0.997791,True,0.020910,1.179165,-0.076240,0.053259,0.028901,0.036685,-0.997488
45.689,True,-0.042855,1.186512,-0.075147,0.051189,0.010127,0.038559,-0.997893,True,0.020862,1.179114,-0.076225,0.051801,0.026188,0.036821,-0.997635
45.700,True,-0.042904,1.186457,-0.075123,0.048870,0.005769,0.038875,-0.998032,True,0.020814,1.179074,-0.076206,0.049474,0.021821,0.037145,-0.997846
45.711,True,-0.042964,1.186386,-0.075109,0.047863,0.003261,0.038968,-0.998088,True,0.020758,1.179025,-0.076182,0.048460,0.019308,0.037243,-0.997944
45.722,True,-0.043032,1.186347,-0.075084,0.046218,0.002773,0.038917,-0.998169,True,0.020691,1.178997,-0.076155,0.046813,0.018815,0.037196,-0.998034
45.733,True,-0.043074,1.186327,-0.075050,0.044388,-0.000896,0.039146,-0.998247,True,0.020651,1.178996,-0.076109,0.044974,0.015134,0.037429,-0.998172
45.744,True,-0.043148,1.186301,-0.075043,0.043796,-0.001990,0.039179,-0.998270,True,0.020578,1.178981,-0.076081,0.044378,0.014035,0.037464,-0.998214
45.758,True,-0.043234,1.186293,-0.075015,0.043255,-0.002304,0.039018,-0.998299,True,0.020497,1.179001,-0.076030,0.043833,0.013719,0.037306,-0.998248
45.769,True,-0.043303,1.186273,-0.075003,0.042904,-0.003003,0.039047,-0.998311,True,0.020428,1.178989,-0.075998,0.043479,0.013016,0.037333,-0.998272
45.780,True,-0.043389,1.186272,-0.074969,0.042060,-0.004223,0.039082,-0.998342,True,0.020345,1.179001,-0.075944,0.042632,0.011791,0.037373,-0.998322
45.792,True,-0.043441,1.186268,-0.074940,0.042159,-0.003580,0.038992,-0.998343,True,0.020293,1.179003,-0.075895,0.042731,0.012435,0.037282,-0.998313
45.803,True,-0.043511,1.186250,-0.074916,0.040903,-0.006001,0.039264,-0.998373,True,0.020223,1.178982,-0.075850,0.041470,0.010003,0.037555,-0.998384
45.814,True,-0.043573,1.186267,-0.074862,0.041201,0.009129,0.037568,-0.998403,True,0.020162,1.179009,-0.075798,0.041790,0.025163,0.035848,-0.998166
45.825,True,-0.043618,1.186276,-0.074827,0.038165,0.016457,0.036686,-0.998462,True,0.020118,1.179020,-0.075758,0.038763,0.032482,0.034960,-0.998108
45.836,True,-0.043659,1.186296,-0.074792,0.037371,0.018343,0.036511,-0.998466,True,0.020076,1.179034,-0.075717,0.037973,0.034364,0.034783,-0.998082
45.847,True,-0.043689,1.186281,-0.074779,0.037100,0.019935,0.036395,-0.998450,True,0.020045,1.179012,-0.075698,0.037705,0.035955,0.034666,-0.998040
45.858,True,-0.043759,1.186238,-0.074724,0.037491,0.020547,0.036328,-0.998425,True,0.019976,1.178969,-0.075653,0.038097,0.036567,0.034600,-0.998005
45.869,True,-0.043795,1.186178,-0.074698,0.036092,0.023212,0.035804,-0.998437,True,0.019942,1.178937,-0.075622,0.036699,0.039226,0.034077,-0.997975
45.880,True,-0.043839,1.186084,-0.074677,0.036566,0.022663,0.035577,-0.998441,True,0.019902,1.178879,-0.075604,0.037167,0.038678,0.033847,-0.997987
45.891,True,-0.043851,1.186081,-0.074649,0.036919,0.021612,0.035497,-0.998454,True,0.019893,1.178902,-0.075578,0.037515,0.037630,0.033768,-0.998016
45.903,True,-0.043896,1.186081,-0.074617,0.037104,0.021816,0.035470,-0.998443,True,0.019849,1.178905,-0.075538,0.037700,0.037834,0.033742,-0.998002
45.914,True,-0.043922,1.186118,-0.074591,0.037160,0.022000,0.035547,-0.998435,True,0.019821,1.178929,-0.075505,0.037758,0.038018,0.033818,-0.997991
45.925,True,-0.043946,1.186180,-0.074560,0.037200,0.022193,0.035628,-0.998426,True,0.019796,1.178979,-0.075471,0.037799,0.038211,0.033898,-0.997979
45.936,True,-0.043950,1.186274,-0.074544,0.037361,0.022202,0.036034,-0.998405,True,0.019787,1.179022,-0.075439,0.037967,0.038220,0.034303,-0.997959
45.947,True,-0.043995,1.186286,-0.074517,0.037216,0.022103,0.036125,-0.998410,True,0.019740,1.179025,-0.075417,0.037824,0.038121,0.034396,-0.997964
45.958,True,-0.044027,1.186300,-0.074497,0.037378,0.022107,0.036191,-0.998401,True,0.019707,1.179032,-0.075403,0.037987,0.038127,0.034465,-0.997956
45.969,True,-0.044056,1.186314,-0.074482,0.037151,0.022403,0.036043,-0.998408,True,0.019680,1.179061,-0.075394,0.037758,0.038422,0.034320,-0.997958
45.981,True,-0.044085,1.186305,-0.074484,0.036920,0.022874,0.035780,-0.998416,True,0.019654,1.179080,-0.075393,0.037525,0.038892,0.034058,-0.997958
45.992,True,-0.044117,1.186295,-0.074472,0.036663,0.023381,0.035594,-0.998420,True,0.019625,1.179087,-0.075385,0.037266,0.039399,0.033874,-0.997954
46.003,True,-0.044144,1.186263,-0.074483,0.036532,0.023570,0.035539,-0.998422,True,0.019598,1.179059,-0.075393,0.037135,0.039587,0.033820,-0.997953
46.014,True,-0.044175,1.186217,-0.074496,0.036141,0.023896,0.035394,-0.998434,True,0.019568,1.179026,-0.075409,0.036743,0.039911,0.033675,-0.997959
46.025,True,-0.044190,1.186204,-0.074504,0.035547,0.024504,0.035453,-0.998438,True,0.019551,1.178995,-0.075420,0.036152,0.040517,0.033734,-0.997955
46.036,True,-0.044222,1.186151,-0.074489,0.035636,0.024832,0.035321,-0.998432,True,0.019520,1.178951,-0.075415,0.036241,0.040844,0.033599,-0.997943
46.047,True,-0.044254,1.186148,-0.074498,0.035643,0.024902,0.035244,-0.998433,True,0.019489,1.178956,-0.075428,0.036246,0.040913,0.033520,-0.997942
46.058,True,-0.044277,1.186142,-0.074526,0.035722,0.025351,0.035142,-0.998422,True,0.019467,1.178956,-0.075449,0.036326,0.041361,0.033415,-0.997924
46.069,True,-0.044305,1.186142,-0.074554,0.035493,0.025564,0.035018,-0.998429,True,0.019440,1.178967,-0.075470,0.036096,0.041572,0.033288,-0.997928
46.080,True,-0.044333,1.186143,-0.074588,0.035607,0.025872,0.034843,-0.998423,True,0.019415,1.178988,-0.075489,0.036207,0.041880,0.033113,-0.997917
46.091,True,-0.044359,1.186140,-0.074630,0.035307,0.026135,0.034809,-0.998428,True,0.019388,1.178987,-0.075514,0.035908,0.042141,0.033077,-0.997918
46.103,True,-0.044383,1.186168,-0.074664,0.034945,0.026173,0.034867,-0.998438,True,0.019364,1.179008,-0.075537,0.035546,0.042179,0.033136,-0.997928
46.114,True,-0.044407,1.186213,-0.074722,0.034816,0.026394,0.034994,-0.998432,True,0.019338,1.179036,-0.075576,0.035420,0.042398,0.033264,-0.997919
46.125,True,-0.044425,1.186221,-0.074769,0.036203,0.027572,0.034964,-0.998352,True,0.019320,1.179038,-0.075611,0.036810,0.043580,0.033233,-0.997818
46.136,True,-0.044449,1.186183,-0.074811,0.036627,0.028633,0.034863,-0.998310,True,0.019296,1.179000,-0.075650,0.037235,0.044640,0.033132,-0.997759
46.147,True,-0.044509,1.185251,-0.075163,0.037511,0.029428,0.034640,-0.998262,True,0.019284,1.179007,-0.075698,0.038117,0.045437,0.032909,-0.997697
46.158,True,-0.044513,1.185261,-0.075230,0.037353,0.029503,0.034373,-0.998275,True,0.019284,1.179050,-0.075759,0.037956,0.045512,0.032643,-0.997709
46.169,True,-0.044503,1.185291,-0.075299,0.037928,0.029852,0.034319,-0.998245,True,0.019295,1.179085,-0.075817,0.038531,0.045862,0.032587,-0.997672
46.180,True,-0.044499,1.185329,-0.075373,0.038279,0.030165,0.034533,-0.998215,True,0.019296,1.179096,-0.075864,0.038885,0.046175,0.032800,-0.997637
46.191,True,-0.044500,1.185395,-0.075413,0.037750,0.028796,0.035088,-0.998256,True,0.019290,1.179108,-0.075900,0.038361,0.044807,0.033355,-0.997702
46.202,True,-0.044480,1.185449,-0.075478,0.038062,0.028499,0.035367,-0.998243,True,0.019307,1.179129,-0.075967,0.038677,0.044510,0.033630,-0.997693
46.214,True,-0.044457,1.185496,-0.075510,0.038714,0.029240,0.035225,-0.998201,True,0.019330,1.179183,-0.076016,0.039329,0.045251,0.033486,-0.997639
46.225,True,-0.044428,1.185526,-0.075552,0.038732,0.028428,0.034962,-0.998233,True,0.019363,1.179253,-0.076072,0.039341,0.044439,0.033220,-0.997684
46.236,True,-0.044401,1.185569,-0.075601,0.038137,0.027329,0.034724,-0.998295,True,0.019394,1.179338,-0.076121,0.038738,0.043339,0.032978,-0.997764
46.247,True,-0.044374,1.185617,-0.075652,0.038915,0.027778,0.034501,-0.998260,True,0.019423,1.179409,-0.076170,0.039514,0.043788,0.032751,-0.997722
46.258,True,-0.044333,1.185679,-0.075682,0.038492,0.026587,0.034580,-0.998307,True,0.019464,1.179473,-0.076206,0.039089,0.042597,0.032826,-0.997788
46.269,True,-0.044284,1.185737,-0.075702,0.038708,0.026510,0.034629,-0.998299,True,0.019513,1.179524,-0.076232,0.039305,0.042520,0.032874,-0.997781
46.280,True,-0.044241,1.185743,-0.075760,0.038645,0.025936,0.034725,-0.998313,True,0.019555,1.179523,-0.076300,0.039242,0.041946,0.032968,-0.997805
46.291,True,-0.044175,1.185768,-0.075802,0.039901,0.021286,0.035385,-0.998350,True,0.019620,1.179532,-0.076345,0.040492,0.037305,0.033627,-0.997917
46.303,True,-0.044086,1.185833,-0.075832,0.043782,0.020396,0.035732,-0.998194,True,0.019706,1.179577,-0.076377,0.044376,0.036429,0.033972,-0.997772
46.314,True,-0.044030,1.185898,-0.075858,0.057877,0.004444,0.038090,-0.997587,True,0.019759,1.179604,-0.076409,0.058464,0.020508,0.036332,-0.997417
46.325,True,-0.043969,1.185951,-0.075902,0.060798,0.001282,0.038662,-0.997400,True,0.019818,1.179636,-0.076450,0.061389,0.017348,0.036903,-0.997281
46.336,True,-0.043910,1.186029,-0.075943,0.063331,-0.001264,0.039323,-0.997217,True,0.019873,1.179675,-0.076475,0.063928,0.014800,0.037563,-0.997138
46.347,True,-0.043869,1.186081,-0.075948,0.062203,0.000226,0.039265,-0.997291,True,0.019912,1.179709,-0.076481,0.062801,0.016291,0.037503,-0.997188
46.358,True,-0.043815,1.186117,-0.075963,0.062418,0.000212,0.039432,-0.997271,True,0.019964,1.179723,-0.076494,0.063019,0.016276,0.037667,-0.997168
46.369,True,-0.043763,1.186163,-0.075953,0.062499,0.000110,0.039511,-0.997263,True,0.020015,1.179759,-0.076497,0.063101,0.016174,0.037744,-0.997162
46.380,True,-0.043702,1.186209,-0.075952,0.062589,0.000033,0.039629,-0.997252,True,0.020073,1.179788,-0.076504,0.063193,0.016097,0.037861,-0.997153
46.391,True,-0.043612,1.186255,-0.075953,0.062718,-0.000085,0.039749,-0.997239,True,0.020162,1.179818,-0.076518,0.063324,0.015979,0.037979,-0.997142
46.402,True,-0.043551,1.186265,-0.075951,0.062755,-0.000182,0.039761,-0.997237,True,0.020223,1.179826,-0.076528,0.063361,0.015882,0.037990,-0.997141
46.414,True,-0.043504,1.186265,-0.075940,0.062656,-0.000307,0.039770,-0.997243,True,0.020269,1.179824,-0.076533,0.063262,0.015757,0.038000,-0.997149
46.425,True,-0.043440,1.186254,-0.075949,0.062042,-0.014718,0.041349,-0.997108,True,0.020333,1.179811,-0.076556,0.062639,0.001298,0.039594,-0.997250
46.436,True,-0.043377,1.186229,-0.075935,0.061775,-0.017577,0.041568,-0.997069,True,0.020397,1.179793,-0.076563,0.062369,-0.001573,0.039818,-0.997257
46.447,True,-0.043317,1.186188,-0.075916,0.061484,-0.019752,0.041659,-0.997043,True,0.020458,1.179767,-0.076571,0.062075,-0.003757,0.039914,-0.997266
46.458,True,-0.043289,1.186169,-0.075905,0.061370,-0.019956,0.041610,-0.997048,True,0.020487,1.179755,-0.076572,0.061959,-0.003962,0.039866,-0.997274
46.469,True,-0.043239,1.186156,-0.075891,0.061288,-0.020276,0.041584,-0.997047,True,0.020537,1.179748,-0.076567,0.061876,-0.004283,0.039841,-0.997279
46.480,True,-0.043184,1.186158,-0.075875,0.061127,-0.020581,0.041589,-0.997051,True,0.020592,1.179753,-0.076556,0.061715,-0.004589,0.039848,-0.997288
46.491,True,-0.043136,1.186144,-0.075864,0.061150,-0.020610,0.041496,-0.997053,True,0.020641,1.179750,-0.076549,0.061735,-0.004618,0.039754,-0.997290
46.503,True,-0.043083,1.186188,-0.075847,0.060957,-0.021983,0.041767,-0.997024,True,0.020693,1.179778,-0.076533,0.061543,-0.005999,0.040028,-0.997284
46.514,True,-0.043024,1.186221,-0.075823,0.060670,-0.023715,0.042028,-0.996991,True,0.020751,1.179801,-0.076512,0.061257,-0.007740,0.040293,-0.997279
46.525,True,-0.042996,1.186226,-0.075835,0.060707,-0.024169,0.042290,-0.996966,True,0.020776,1.179779,-0.076523,0.061297,-0.008197,0.040554,-0.997262
46.536,True,-0.042957,1.186251,-0.075827,0.060602,-0.024599,0.042540,-0.996952,True,0.020812,1.179777,-0.076520,0.061194,-0.008630,0.040805,-0.997254
46.547,True,-0.042910,1.186250,-0.075810,0.060512,-0.025948,0.042717,-0.996915,True,0.020858,1.179770,-0.076507,0.061104,-0.009986,0.040982,-0.997240
46.558,True,-0.042871,1.186266,-0.075810,0.060506,-0.026529,0.042827,-0.996896,True,0.020896,1.179780,-0.076512,0.061098,-0.010571,0.041091,-0.997230
46.569,True,-0.042819,1.186297,-0.075788,0.060566,-0.026857,0.042822,-0.996884,True,0.020949,1.179816,-0.076488,0.061157,-0.010902,0.041084,-0.997223
46.581,True,-0.042790,1.186321,-0.075760,0.060516,-0.027685,0.042882,-0.996861,True,0.020978,1.179843,-0.076462,0.061105,-0.011735,0.041143,-0.997214
46.592,True,-0.042788,1.186386,-0.075744,0.060606,-0.027679,0.043051,-0.996849,True,0.020979,1.179886,-0.076443,0.061198,-0.011729,0.041310,-0.997202
46.603,True,-0.042764,1.186419,-0.075721,0.060623,-0.027684,0.043174,-0.996842,True,0.021001,1.179904,-0.076415,0.061217,-0.011735,0.041432,-0.997195
46.614,True,-0.042740,1.186396,-0.075684,0.060555,-0.027570,0.043067,-0.996854,True,0.021026,1.179893,-0.076384,0.061147,-0.011620,0.041325,-0.997205
46.625,True,-0.042734,1.186342,-0.075645,0.060342,-0.027132,0.042744,-0.996893,True,0.021036,1.179874,-0.076347,0.060930,-0.011180,0.041002,-0.997237
46.636,True,-0.042729,1.186285,-0.075614,0.060195,-0.027075,0.042545,-0.996912,True,0.021043,1.179843,-0.076306,0.060780,-0.011123,0.040804,-0.997255
46.647,True,-0.042723,1.186260,-0.075571,0.059946,-0.027052,0.042513,-0.996929,True,0.021050,1.179823,-0.076251,0.060530,-0.011100,0.040775,-0.997271
46.658,True,-0.042705,1.186259,-0.075532,0.059698,-0.027097,0.042590,-0.996939,True,0.021068,1.179815,-0.076194,0.060282,-0.011146,0.040853,-0.997283
46.669,True,-0.042691,1.186298,-0.075480,0.059622,-0.026949,0.042721,-0.996942,True,0.021079,1.179836,-0.076133,0.060208,-0.010999,0.040983,-0.997284
46.681,True,-0.042685,1.186337,-0.075421,0.059304,-0.026521,0.042869,-0.996966,True,0.021083,1.179851,-0.076067,0.059893,-0.010569,0.041132,-0.997301
46.692,True,-0.042681,1.186359,-0.075386,0.059017,-0.026493,0.043148,-0.996972,True,0.021084,1.179837,-0.076028,0.059611,-0.010540,0.041417,-0.997307
46.702,True,-0.042663,1.186350,-0.075331,0.058715,-0.026593,0.043304,-0.996981,True,0.021100,1.179808,-0.075976,0.059311,-0.010641,0.041575,-0.997317
46.714,True,-0.042664,1.186330,-0.075258,0.058212,-0.026201,0.043187,-0.997026,True,0.021099,1.179793,-0.075927,0.058806,-0.010246,0.041462,-0.997355
46.725,True,-0.042662,1.186286,-0.075225,0.058089,-0.026222,0.042921,-0.997044,True,0.021104,1.179783,-0.075900,0.058680,-0.010267,0.041198,-0.997374
46.736,True,-0.042652,1.186247,-0.075182,0.057645,-0.025871,0.042635,-0.997091,True,0.021118,1.179776,-0.075851,0.058231,-0.009914,0.040915,-0.997415
46.747,True,-0.042650,1.186208,-0.075132,0.057350,-0.025498,0.042503,-0.997123,True,0.021120,1.179747,-0.075806,0.057935,-0.009538,0.040786,-0.997441
46.758,True,-0.042675,1.186136,-0.075107,0.057074,-0.025335,0.042417,-0.997147,True,0.021096,1.179682,-0.075795,0.057658,-0.009374,0.040702,-0.997462
46.769,True,-0.042666,1.186072,-0.075059,0.056764,-0.025452,0.042379,-0.997163,True,0.021106,1.179621,-0.075760,0.057348,-0.009491,0.040667,-0.997481
46.780,True,-0.042657,1.185998,-0.075002,0.056351,-0.025688,0.042257,-0.997186,True,0.021116,1.179563,-0.075719,0.056931,-0.009728,0.040547,-0.997507
46.791,True,-0.042641,1.185977,-0.074960,0.056288,-0.025761,0.042315,-0.997185,True,0.021131,1.179534,-0.075687,0.056870,-0.009801,0.040606,-0.997507
46.802,True,-0.042645,1.185941,-0.074955,0.054035,-0.025281,0.042100,-0.997331,True,0.021128,1.179512,-0.075683,0.054609,-0.009324,0.040390,-0.997647
46.814,True,-0.042656,1.185913,-0.074910,0.051981,-0.017660,0.041170,-0.997643,True,0.021118,1.179492,-0.075641,0.052558,-0.001670,0.039452,-0.997837
46.825,True,-0.042674,1.185890,-0.074898,0.052085,-0.017551,0.041106,-0.997642,True,0.021102,1.179478,-0.075615,0.052661,-0.001560,0.039386,-0.997834
46.836,True,-0.042684,1.185882,-0.074876,0.050717,-0.003492,0.039540,-0.997924,True,0.021092,1.179474,-0.075580,0.051305,0.012544,0.037808,-0.997888
46.847,True,-0.042704,1.185888,-0.074847,0.046492,0.013175,0.037631,-0.998123,True,0.021072,1.179482,-0.075543,0.047096,0.029222,0.035888,-0.997818
46.858,True,-0.042723,1.185896,-0.074848,0.046479,0.013270,0.037585,-0.998124,True,0.021054,1.179495,-0.075532,0.047082,0.029317,0.035842,-0.997817
46.869,True,-0.042742,1.185919,-0.074846,0.044340,0.015977,0.037342,-0.998191,True,0.021033,1.179508,-0.075519,0.044948,0.032017,0.035600,-0.997841
46.880,True,-0.042768,1.185903,-0.074853,0.042881,0.015186,0.037407,-0.998264,True,0.021008,1.179493,-0.075516,0.043487,0.031223,0.035668,-0.997929
46.891,True,-0.042794,1.185845,-0.074866,0.042766,0.015262,0.037340,-0.998271,True,0.020983,1.179444,-0.075521,0.043371,0.031299,0.035603,-0.997934
46.903,True,-0.042822,1.185807,-0.074881,0.042171,0.016344,0.037016,-0.998291,True,0.020958,1.179433,-0.075530,0.042774,0.032379,0.035279,-0.997937
46.914,True,-0.042836,1.185804,-0.074886,0.041640,0.017244,0.036748,-0.998308,True,0.020946,1.179451,-0.075526,0.042241,0.033278,0.035012,-0.997939
46.925,True,-0.042849,1.185824,-0.074924,0.040536,0.016446,0.036818,-0.998364,True,0.020934,1.179473,-0.075539,0.041135,0.032475,0.035081,-0.998009
46.936,True,-0.042881,1.185862,-0.074958,0.040662,0.016557,0.037119,-0.998346,True,0.020898,1.179473,-0.075556,0.041266,0.032586,0.035380,-0.997990
46.947,True,-0.042897,1.185926,-0.074974,0.040612,0.016625,0.037401,-0.998336,True,0.020878,1.179500,-0.075565,0.041222,0.032654,0.035660,-0.997979
46.958,True,-0.042902,1.185967,-0.074985,0.040765,0.019302,0.037224,-0.998289,True,0.020872,1.179526,-0.075578,0.041380,0.035328,0.035480,-0.997888
46.969,True,-0.042902,1.185999,-0.075000,0.039779,0.021056,0.036875,-0.998306,True,0.020873,1.179572,-0.075600,0.040394,0.037077,0.035128,-0.997878
46.980,True,-0.042903,1.186035,-0.075017,0.040022,0.020987,0.036578,-0.998309,True,0.020876,1.179644,-0.075625,0.040633,0.037008,0.034827,-0.997881
46.991,True,-0.042901,1.186070,-0.075046,0.044055,0.025858,0.035896,-0.998049,True,0.020881,1.179711,-0.075640,0.044668,0.041885,0.034138,-0.997540
47.002,True,-0.042901,1.186122,-0.075078,0.045155,0.026844,0.035777,-0.997978,True,0.020881,1.179765,-0.075674,0.045769,0.042871,0.034014,-0.997452
47.014,True,-0.042873,1.186192,-0.075101,0.047387,0.029018,0.035704,-0.997817,True,0.020907,1.179817,-0.075698,0.048006,0.045047,0.033936,-0.997254
47.025,True,-0.042863,1.186227,-0.075129,0.048737,0.030123,0.035699,-0.997719,True,0.020916,1.179839,-0.075733,0.049358,0.046153,0.033928,-0.997137
47.036,True,-0.042836,1.186263,-0.075153,0.047667,0.029722,0.035927,-0.997774,True,0.020939,1.179844,-0.075773,0.048292,0.045748,0.034153,-0.997200
47.047,True,-0.042793,1.186289,-0.075169,0.050827,0.030755,0.036018,-0.997584,True,0.020980,1.179848,-0.075807,0.051454,0.046787,0.034240,-0.996991
47.058,True,-0.042751,1.186300,-0.075198,0.051896,0.031584,0.036087,-0.997500,True,0.021020,1.179839,-0.075846,0.052525,0.047616,0.034307,-0.996894
47.069,True,-0.042693,1.186337,-0.075227,0.053344,0.031497,0.036292,-0.997419,True,0.021075,1.179853,-0.075889,0.053976,0.047533,0.034512,-0.996813
47.080,True,-0.042676,1.186336,-0.075237,0.053851,0.032931,0.036192,-0.997349,True,0.021092,1.179844,-0.075903,0.054485,0.048964,0.034409,-0.996720
47.091,True,-0.042663,1.186355,-0.075252,0.055714,0.033147,0.036256,-0.997238,True,0.021104,1.179854,-0.075933,0.056348,0.049184,0.034472,-0.996603
47.102,True,-0.042636,1.186376,-0.075278,0.056974,0.033739,0.036326,-0.997144,True,0.021129,1.179859,-0.075963,0.057609,0.049776,0.034540,-0.996499
47.113,True,-0.042621,1.186390,-0.075289,0.057475,0.033972,0.036349,-0.997107,True,0.021143,1.179867,-0.075986,0.058111,0.050010,0.034563,-0.996458
47.125,True,-0.042634,1.186384,-0.075317,0.058447,0.035205,0.036266,-0.997010,True,0.021129,1.179853,-0.076028,0.059084,0.051241,0.034478,-0.996341
47.136,True,-0.042645,1.186384,-0.075348,0.058512,0.035725,0.036180,-0.996991,True,0.021118,1.179856,-0.076070,0.059149,0.051759,0.034394,-0.996313
47.147,True,-0.042659,1.186364,-0.075366,0.056628,0.035703,0.035998,-0.997107,True,0.020934,1.179776,-0.076121,0.057264,0.051733,0.034214,-0.996431
47.158,True,-0.042669,1.186337,-0.075396,0.057575,0.036723,0.035834,-0.997022,True,0.020924,1.179758,-0.076154,0.058210,0.052752,0.034049,-0.996328
47.169,True,-0.042698,1.186303,-0.075411,0.057288,0.037198,0.035560,-0.997031,True,0.020898,1.179751,-0.076182,0.057920,0.053225,0.033778,-0.996329
47.180,True,-0.042721,1.186284,-0.075441,0.057544,0.038006,0.035309,-0.996994,True,0.020877,1.179754,-0.076213,0.058173,0.054032,0.033528,-0.996279
47.191,True,-0.042752,1.186247,-0.075475,0.057834,0.037344,0.035252,-0.997005,True,0.020849,1.179735,-0.076244,0.058460,0.053373,0.033472,-0.996300
47.202,True,-0.042791,1.186208,-0.075513,0.058553,0.035904,0.035333,-0.997013,True,0.020811,1.179709,-0.076280,0.059177,0.051940,0.033553,-0.996331
47.214,True,-0.042838,1.186191,-0.075540,0.062244,0.027691,0.036233,-0.997019,True,0.020765,1.179704,-0.076306,0.062860,0.043757,0.034454,-0.996467
47.225,True,-0.042876,1.186201,-0.075576,0.066289,0.022279,0.036918,-0.996868,True,0.020728,1.179718,-0.076325,0.066901,0.038364,0.035142,-0.996402
47.236,True,-0.042942,1.186203,-0.075600,0.069886,0.018181,0.037329,-0.996691,True,0.020663,1.179736,-0.076343,0.070494,0.034277,0.035552,-0.996289
47.247,True,-0.043006,1.186210,-0.075638,0.068146,0.011677,0.037867,-0.996888,True,0.020602,1.179765,-0.076361,0.068750,0.027771,0.036094,-0.996594
47.258,True,-0.043056,1.186223,-0.075673,0.067907,0.010515,0.038006,-0.996912,True,0.020552,1.179779,-0.076374,0.068511,0.026608,0.036233,-0.996637
47.269,True,-0.043093,1.186226,-0.075743,0.068219,0.010046,0.038006,-0.996896,True,0.020517,1.179793,-0.076426,0.068822,0.026138,0.036234,-0.996628
47.280,True,-0.043150,1.186229,-0.075778,0.068235,0.010050,0.037952,-0.996897,True,0.020460,1.179805,-0.076446,0.068837,0.026142,0.036178,-0.996629
47.291,True,-0.043203,1.186251,-0.075800,0.068792,0.008918,0.037986,-0.996868,True,0.020410,1.179843,-0.076449,0.069392,0.025010,0.036212,-0.996618
47.302,True,-0.043261,1.186282,-0.075818,0.069470,0.007469,0.038072,-0.996829,True,0.020353,1.179887,-0.076459,0.070069,0.023561,0.036298,-0.996603
47.313,True,-0.043296,1.186323,-0.075847,0.069408,0.008929,0.037803,-0.996832,True,0.020320,1.179944,-0.076469,0.070005,0.025022,0.036026,-0.996582
47.325,True,-0.043336,1.186374,-0.075871,0.069389,0.008423,0.037858,-0.996836,True,0.020280,1.179997,-0.076477,0.069986,0.024515,0.036080,-0.996594
47.342,True,-0.043368,1.186426,-0.075889,0.069282,0.008186,0.037909,-0.996843,True,0.020248,1.180046,-0.076479,0.069878,0.024276,0.036127,-0.996606
47.353,True,-0.043396,1.186480,-0.075895,0.068856,0.008171,0.038030,-0.996868,True,0.020218,1.180084,-0.076480,0.069455,0.024260,0.036247,-0.996631
47.364,True,-0.043390,1.186496,-0.075910,0.068787,0.008448,0.038020,-0.996871,True,0.020224,1.180096,-0.076497,0.069386,0.024537,0.036233,-0.996630
47.375,True,-0.043408,1.186521,-0.075912,0.068442,0.008830,0.037922,-0.996895,True,0.020207,1.180127,-0.076498,0.069040,0.024917,0.036134,-0.996648
47.386,True,-0.043417,1.186530,-0.075912,0.068201,0.009125,0.037816,-0.996913,True,0.020198,1.180143,-0.076497,0.068798,0.025212,0.036026,-0.996661
47.397,True,-0.043446,1.186540,-0.075914,0.068392,0.008966,0.037777,-0.996903,True,0.020170,1.180159,-0.076509,0.068988,0.025053,0.035984,-0.996654
47.408,True,-0.043487,1.186585,-0.075905,0.068887,0.008697,0.037888,-0.996867,True,0.020127,1.180195,-0.076496,0.069484,0.024785,0.036096,-0.996622
47.419,True,-0.043531,1.186600,-0.075883,0.069352,0.008245,0.037907,-0.996838,True,0.020085,1.180216,-0.076476,0.069948,0.024333,0.036116,-0.996600
47.431,True,-0.043548,1.186534,-0.075907,0.069227,0.007950,0.037650,-0.996859,True,0.020072,1.180188,-0.076492,0.069818,0.024038,0.035860,-0.996625
47.442,True,-0.043614,1.186446,-0.075874,0.068782,0.007270,0.037410,-0.996904,True,0.020010,1.180141,-0.076455,0.069368,0.023357,0.035621,-0.996681
47.453,True,-0.043684,1.186361,-0.075844,0.068175,0.007293,0.037126,-0.996956,True,0.019943,1.180095,-0.076408,0.068757,0.023379,0.035340,-0.996733
47.464,True,-0.043719,1.186302,-0.075821,0.067325,0.007636,0.036937,-0.997018,True,0.019911,1.180057,-0.076370,0.067904,0.023722,0.035156,-0.996790
47.475,True,-0.043754,1.186253,-0.075798,0.065781,0.008852,0.036777,-0.997117,True,0.019876,1.180012,-0.076321,0.066359,0.024936,0.034998,-0.996870
47.486,True,-0.043808,1.186233,-0.075734,0.064644,0.010044,0.036769,-0.997180,True,0.019820,1.179978,-0.076246,0.065224,0.026128,0.034996,-0.996915
47.497,True,-0.043840,1.186195,-0.075709,0.064289,0.011050,0.036987,-0.997185,True,0.019785,1.179901,-0.076207,0.064875,0.027135,0.035219,-0.996903
47.508,True,-0.043897,1.186155,-0.075644,0.063664,0.012404,0.037137,-0.997203,True,0.019725,1.179823,-0.076143,0.064255,0.028490,0.035374,-0.996899
47.519,True,-0.043959,1.186083,-0.075574,0.063291,0.012929,0.037079,-0.997222,True,0.019662,1.179751,-0.076087,0.063883,0.029016,0.035322,-0.996910
47.531,True,-0.044013,1.185989,-0.075497,0.062508,0.013106,0.036877,-0.997277,True,0.019610,1.179679,-0.076022,0.063097,0.029193,0.035128,-0.996962
47.542,True,-0.044049,1.185891,-0.075424,0.061754,0.013472,0.036471,-0.997334,True,0.019578,1.179626,-0.075962,0.062338,0.029559,0.034726,-0.997013
47.553,True,-0.044087,1.185817,-0.075359,0.061083,0.013719,0.036149,-0.997384,True,0.019545,1.179589,-0.075907,0.061662,0.029806,0.034410,-0.997058
47.564,True,-0.044132,1.185712,-0.075290,0.060568,0.013839,0.035967,-0.997420,True,0.019501,1.179503,-0.075857,0.061145,0.029926,0.034232,-0.997093
47.575,True,-0.044168,1.185617,-0.075201,0.059981,0.013822,0.035887,-0.997459,True,0.019466,1.179415,-0.075792,0.060556,0.029909,0.034158,-0.997132
47.586,True,-0.044198,1.185497,-0.075127,0.059832,0.013645,0.035867,-0.997471,True,0.019435,1.179295,-0.075751,0.060407,0.029733,0.034140,-0.997147
47.597,True,-0.044219,1.185383,-0.075051,0.059564,0.013573,0.035714,-0.997493,True,0.019415,1.179198,-0.075700,0.060136,0.029660,0.033990,-0.997170
47.608,True,-0.044243,1.185287,-0.074972,0.059237,0.013222,0.035628,-0.997520,True,0.019392,1.179115,-0.075647,0.059808,0.029310,0.033907,-0.997203
47.620,True,-0.044283,1.185194,-0.074901,0.058946,0.012935,0.035493,-0.997546,True,0.019354,1.179039,-0.075597,0.059514,0.029023,0.033774,-0.997234
47.631,True,-0.044351,1.185083,-0.074825,0.058723,0.012824,0.035348,-0.997566,True,0.019288,1.178946,-0.075535,0.059289,0.028912,0.033631,-0.997255
47.642,True,-0.044401,1.185045,-0.074778,0.058402,0.012790,0.035375,-0.997584,True,0.019237,1.178906,-0.075489,0.058969,0.028878,0.033661,-0.997274
47.653,True,-0.044278,1.185386,-0.074652,0.058108,0.012997,0.035273,-0.997602,True,0.019174,1.178899,-0.075456,0.058673,0.029085,0.033560,-0.997289
47.664,True,-0.044349,1.185404,-0.074656,0.057023,0.014579,0.035110,-0.997649,True,0.019103,1.178916,-0.075445,0.057589,0.030664,0.033397,-0.997310
47.675,True,-0.044404,1.185437,-0.074644,0.056779,0.014745,0.035089,-0.997661,True,0.019049,1.178950,-0.075425,0.057345,0.030830,0.033377,-0.997320
47.686,True,-0.044485,1.185445,-0.074636,0.056614,0.014899,0.034972,-0.997672,True,0.018970,1.178971,-0.075411,0.057179,0.030984,0.033260,-0.997329
47.697,True,-0.044566,1.185413,-0.074657,0.056684,0.014931,0.034763,-0.997675,True,0.018891,1.178969,-0.075411,0.057245,0.031016,0.033049,-0.997331
47.708,True,-0.044655,1.185412,-0.074672,0.056337,0.014548,0.034495,-0.997710,True,0.018807,1.179011,-0.075397,0.056893,0.030631,0.032781,-0.997372
47.719,True,-0.044746,1.185438,-0.074686,0.056396,0.014763,0.034258,-0.997711,True,0.018719,1.179068,-0.075385,0.056947,0.030847,0.032543,-0.997370
47.731,True,-0.044847,1.185469,-0.074716,0.056422,0.014709,0.034198,-0.997713,True,0.018621,1.179114,-0.075368,0.056972,0.030792,0.032479,-0.997372
47.742,True,-0.044941,1.185501,-0.074727,0.056019,0.014573,0.034388,-0.997731,True,0.018525,1.179124,-0.075353,0.056571,0.030654,0.032667,-0.997393
47.753,True,-0.045036,1.185549,-0.074755,0.056113,0.014954,0.034586,-0.997713,True,0.018428,1.179150,-0.075328,0.056669,0.031034,0.032864,-0.997369
47.764,True,-0.045078,1.185550,-0.074753,0.056086,0.014953,0.034778,-0.997708,True,0.018384,1.179127,-0.075319,0.056644,0.031032,0.033054,-0.997365
47.775,True,-0.045158,1.185565,-0.074751,0.055740,0.014754,0.034749,-0.997731,True,0.018304,1.179149,-0.075303,0.056298,0.030833,0.033025,-0.997391
47.786,True,-0.045228,1.185542,-0.074764,0.055701,0.014792,0.034439,-0.997744,True,0.018240,1.179170,-0.075284,0.056253,0.030870,0.032713,-0.997403
47.797,True,-0.045307,1.185510,-0.074752,0.055626,0.014659,0.034163,-0.997759,True,0.018165,1.179178,-0.075247,0.056173,0.030737,0.032436,-0.997421
47.808,True,-0.045399,1.185494,-0.074742,0.055391,0.014749,0.033886,-0.997781,True,0.018076,1.179200,-0.075209,0.055934,0.030825,0.032158,-0.997440
47.820,True,-0.045479,1.185483,-0.074736,0.055218,0.014905,0.033749,-0.997793,True,0.017999,1.179208,-0.075171,0.055758,0.030981,0.032021,-0.997450
47.831,True,-0.045551,1.185456,-0.074722,0.055271,0.015237,0.033695,-0.997786,True,0.017927,1.179188,-0.075142,0.055811,0.031314,0.031969,-0.997438
47.842,True,-0.045621,1.185403,-0.074693,0.054883,0.015396,0.033609,-0.997808,True,0.017858,1.179145,-0.075102,0.055422,0.031473,0.031888,-0.997457
47.853,True,-0.045679,1.185286,-0.074671,0.054363,0.015202,0.033462,-0.997845,True,0.017803,1.179053,-0.075068,0.054898,0.031279,0.031746,-0.997497
47.864,True,-0.045761,1.185126,-0.074648,0.052752,0.014684,0.033278,-0.997945,True,0.017724,1.178922,-0.075044,0.053284,0.030759,0.031571,-0.997606
47.875,True,-0.045815,1.184984,-0.074621,0.052357,0.015007,0.033140,-0.997966,True,0.017672,1.178799,-0.075004,0.052887,0.031084,0.031443,-0.997621
47.886,True,-0.045874,1.184822,-0.074580,0.052003,0.015223,0.032992,-0.997986,True,0.017615,1.178657,-0.074963,0.052531,0.031301,0.031304,-0.997638
47.897,True,-0.045945,1.184669,-0.074540,0.051639,0.015355,0.032999,-0.998002,True,0.017544,1.178505,-0.074926,0.052168,0.031436,0.031322,-0.997652
47.908,True,-0.045987,1.184523,-0.074501,0.052040,0.015460,0.033110,-0.997976,True,0.017501,1.178349,-0.074886,0.052570,0.031544,0.031443,-0.997624
47.919,True,-0.046036,1.184393,-0.074440,0.050482,0.015169,0.033145,-0.998060,True,0.017452,1.178215,-0.074840,0.051013,0.031252,0.031488,-0.997712
47.931,True,-0.046045,1.184262,-0.074379,0.052667,0.015628,0.033138,-0.997940,True,0.017443,1.178091,-0.074784,0.053198,0.031719,0.031491,-0.997583
47.942,True,-0.046102,1.184174,-0.074324,0.052346,0.015443,0.033134,-0.997960,True,0.017386,1.178002,-0.074756,0.052878,0.031534,0.031492,-0.997606
47.953,True,-0.046130,1.184099,-0.074283,0.052660,0.015702,0.033113,-0.997940,True,0.017358,1.177928,-0.074728,0.053192,0.031795,0.031474,-0.997582
47.964,True,-0.046158,1.184042,-0.074240,0.052765,0.015851,0.032901,-0.997939,True,0.017332,1.177895,-0.074706,0.053294,0.031946,0.031266,-0.997578
47.975,True,-0.046178,1.183988,-0.074211,0.052928,0.016138,0.032824,-0.997928,True,0.017313,1.177848,-0.074684,0.053456,0.032233,0.031190,-0.997562
47.986,True,-0.046196,1.183970,-0.074183,0.052843,0.016050,0.032739,-0.997937,True,0.017296,1.177838,-0.074675,0.053370,0.032145,0.031106,-0.997572
47.997,True,-0.046245,1.183917,-0.074165,0.053422,0.015922,0.032618,-0.997912,True,0.017248,1.177803,-0.074680,0.053947,0.032020,0.030987,-0.997549
48.008,True,-0.046294,1.183860,-0.074155,0.051705,0.012545,0.032821,-0.998044,True,0.017200,1.177757,-0.074676,0.052225,0.028637,0.031193,-0.997737
48.019,True,-0.046356,1.183849,-0.074173,0.047254,0.004726,0.033500,-0.998310,True,0.017139,1.177750,-0.074669,0.047764,0.020798,0.031878,-0.998133
48.030,True,-0.046435,1.183846,-0.074184,0.051342,0.011710,0.032963,-0.998068,True,0.017059,1.177740,-0.074668,0.051862,0.027800,0.031335,-0.997775
48.041,True,-0.046513,1.183868,-0.074198,0.045766,-0.002462,0.034166,-0.998365,True,0.016982,1.177776,-0.074660,0.046267,0.013588,0.032547,-0.998306
48.053,True,-0.046572,1.183919,-0.074212,0.044860,-0.004097,0.034276,-0.998397,True,0.016924,1.177834,-0.074651,0.045357,0.011944,0.032656,-0.998366
48.064,True,-0.046650,1.183966,-0.074236,0.043831,-0.005167,0.034313,-0.998436,True,0.016846,1.177887,-0.074657,0.044324,0.010866,0.032691,-0.998423
48.075,True,-0.046706,1.184000,-0.074249,0.043642,-0.006194,0.034413,-0.998435,True,0.016791,1.177922,-0.074653,0.044133,0.009834,0.032788,-0.998439
48.086,True,-0.046777,1.184044,-0.074258,0.042666,-0.008020,0.034550,-0.998460,True,0.016720,1.177971,-0.074647,0.043152,0.007997,0.032925,-0.998494
48.097,True,-0.046835,1.184107,-0.074296,0.042389,-0.008695,0.034684,-0.998461,True,0.016662,1.178027,-0.074662,0.042874,0.007317,0.033056,-0.998507
48.108,True,-0.046900,1.184169,-0.074305,0.041419,-0.010109,0.034821,-0.998484,True,0.016597,1.178089,-0.074651,0.041900,0.005893,0.033192,-0.998553
48.119,True,-0.046949,1.184213,-0.074318,0.041218,-0.010702,0.034828,-0.998486,True,0.016549,1.178141,-0.074642,0.041697,0.005296,0.033195,-0.998565
48.130,True,-0.046970,1.184230,-0.074338,0.041086,-0.011105,0.034832,-0.998487,True,0.016529,1.178163,-0.074656,0.041564,0.004890,0.033197,-0.998572
48.142,True,-0.046994,1.184258,-0.074333,0.039742,-0.011526,0.034806,-0.998537,True,0.016505,1.178196,-0.074646,0.040216,0.004463,0.033173,-0.998630
48.153,True,-0.047019,1.184254,-0.074335,0.039206,-0.013513,0.034971,-0.998528,True,0.016480,1.178194,-0.074651,0.039676,0.002465,0.033337,-0.998653
48.164,True,-0.047028,1.184251,-0.074347,0.039382,-0.012854,0.034915,-0.998531,True,0.016738,1.178398,-0.074518,0.039853,0.003127,0.033282,-0.998646
48.175,True,-0.047023,1.184247,-0.074316,0.038546,-0.013963,0.034996,-0.998546,True,0.016743,1.178393,-0.074500,0.039014,0.002011,0.033363,-0.998680
48.186,True,-0.047020,1.184227,-0.074281,0.038967,-0.012733,0.034869,-0.998551,True,0.016745,1.178370,-0.074495,0.039438,0.003249,0.033235,-0.998664
48.197,True,-0.046987,1.184199,-0.074282,0.038272,-0.014041,0.034929,-0.998558,True,0.016779,1.178347,-0.074508,0.038739,0.001933,0.033296,-0.998693
48.208,True,-0.046952,1.184159,-0.074264,0.038480,-0.013536,0.034927,-0.998557,True,0.016812,1.178300,-0.074508,0.038949,0.002442,0.033295,-0.998683
48.219,True,-0.046937,1.184119,-0.074219,0.037671,-0.014287,0.034947,-0.998577,True,0.016827,1.178260,-0.074496,0.038138,0.001688,0.033320,-0.998715
48.230,True,-0.046900,1.184063,-0.074226,0.037448,-0.014381,0.034987,-0.998582,True,0.016864,1.178199,-0.074511,0.037915,0.001594,0.033360,-0.998723
48.241,True,-0.046862,1.184000,-0.074207,0.037648,-0.014697,0.035066,-0.998568,True,0.016901,1.178128,-0.074510,0.038116,0.001277,0.033443,-0.998713
48.253,True,-0.046832,1.183942,-0.074179,0.037270,-0.015495,0.035115,-0.998568,True,0.016931,1.178071,-0.074501,0.037737,0.000477,0.033497,-0.998726
48.264,True,-0.046779,1.183873,-0.074181,0.037199,-0.015650,0.035187,-0.998566,True,0.016984,1.177994,-0.074513,0.037667,0.000322,0.033573,-0.998726
48.275,True,-0.046756,1.183821,-0.074164,0.036964,-0.015723,0.035356,-0.998567,True,0.017005,1.177920,-0.074514,0.037435,0.000250,0.033746,-0.998729
48.286,True,-0.046738,1.183727,-0.074155,0.036437,-0.015772,0.035321,-0.998587,True,0.017023,1.177829,-0.074512,0.036907,0.000201,0.033718,-0.998750
48.297,True,-0.046733,1.183622,-0.074158,0.036398,-0.016144,0.035172,-0.998588,True,0.017030,1.177747,-0.074528,0.036865,-0.000172,0.033571,-0.998756
48.308,True,-0.046724,1.183479,-0.074159,0.035396,-0.016466,0.034992,-0.998625,True,0.017041,1.177628,-0.074532,0.035858,-0.000497,0.033395,-0.998799
48.319,True,-0.046714,1.183308,-0.074160,0.035309,-0.016442,0.034792,-0.998635,True,0.017054,1.177484,-0.074531,0.035768,-0.000471,0.033202,-0.998808
48.330,True,-0.046713,1.183231,-0.074164,0.034745,-0.016096,0.034613,-0.998667,True,0.017056,1.177424,-0.074532,0.035202,-0.000125,0.033028,-0.998834
48.341,True,-0.046720,1.183160,-0.074163,0.034560,-0.016398,0.034565,-0.998670,True,0.017050,1.177364,-0.074525,0.035014,-0.000428,0.032984,-0.998842
48.353,True,-0.046722,1.183147,-0.074181,0.037263,-0.011620,0.034278,-0.998650,True,0.017047,1.177340,-0.074529,0.037732,0.004381,0.032697,-0.998743
48.364,True,-0.046716,1.183129,-0.074232,0.039412,0.002771,0.033079,-0.998672,True,0.017051,1.177301,-0.074571,0.039907,0.018825,0.031488,-0.998530
48.375,True,-0.046730,1.183096,-0.074268,0.039040,0.002115,0.033268,-0.998682,True,0.017036,1.177254,-0.074596,0.039536,0.018168,0.031682,-0.998551
48.386,True,-0.046734,1.183053,-0.074300,0.039107,0.005195,0.032857,-0.998681,True,0.017033,1.177227,-0.074622,0.039605,0.021254,0.031272,-0.998500
48.397,True,-0.046719,1.183028,-0.074321,0.037660,0.008445,0.032389,-0.998730,True,0.017050,1.177218,-0.074641,0.038159,0.024506,0.030808,-0.998496
48.408,True,-0.046752,1.182997,-0.074390,0.036393,0.009622,0.031778,-0.998786,True,0.017022,1.177246,-0.074698,0.036886,0.025681,0.030195,-0.998533
48.419,True,-0.046774,1.182992,-0.074449,0.036584,0.012961,0.031236,-0.998758,True,0.017003,1.177272,-0.074736,0.037078,0.029024,0.029653,-0.998451
48.430,True,-0.046790,1.182994,-0.074518,0.035995,0.012955,0.031097,-0.998784,True,0.016988,1.177291,-0.074798,0.036486,0.029015,0.029513,-0.998477
48.442,True,-0.046792,1.182976,-0.074586,0.035793,0.014525,0.030927,-0.998775,True,0.016987,1.177275,-0.074856,0.036286,0.030586,0.029342,-0.998442
48.453,True,-0.046788,1.182955,-0.074651,0.035244,0.012542,0.031094,-0.998816,True,0.016991,1.177256,-0.074928,0.035734,0.028601,0.029512,-0.998516
48.464,True,-0.046719,1.182938,-0.074709,0.034890,0.013508,0.030957,-0.998820,True,0.017061,1.177242,-0.074991,0.035381,0.029566,0.029374,-0.998505
48.475,True,-0.046687,1.182943,-0.074781,0.034453,0.013072,0.030999,-0.998840,True,0.017092,1.177246,-0.075065,0.034943,0.029128,0.029416,-0.998532
48.486,True,-0.046654,1.182976,-0.074853,0.033953,0.012435,0.031047,-0.998864,True,0.017125,1.177277,-0.075137,0.034442,0.028488,0.029460,-0.998566
48.497,True,-0.046590,1.183052,-0.074943,0.033979,0.010818,0.031349,-0.998872,True,0.017187,1.177333,-0.075222,0.034467,0.026868,0.029759,-0.998601
48.508,True,-0.046556,1.183137,-0.075011,0.034145,0.011836,0.031306,-0.998856,True,0.017221,1.177409,-0.075295,0.034636,0.027886,0.029710,-0.998569
48.519,True,-0.046503,1.183231,-0.075077,0.034405,0.011072,0.031605,-0.998847,True,0.017271,1.177473,-0.075355,0.034898,0.027121,0.030003,-0.998572
48.530,True,-0.046421,1.183354,-0.075156,0.034552,0.010787,0.031777,-0.998839,True,0.017351,1.177576,-0.075437,0.035047,0.026835,0.030170,-0.998570
48.542,True,-0.046353,1.183482,-0.075232,0.034846,0.010384,0.032037,-0.998825,True,0.017416,1.177674,-0.075521,0.035344,0.026430,0.030426,-0.998562
48.553,True,-0.046274,1.183549,-0.075299,0.035217,0.009762,0.032239,-0.998812,True,0.017493,1.177722,-0.075597,0.035717,0.025807,0.030625,-0.998559
48.564,True,-0.046197,1.183615,-0.075375,0.035546,0.009428,0.032474,-0.998796,True,0.017567,1.177760,-0.075681,0.036048,0.025473,0.030854,-0.998549
48.575,True,-0.046146,1.183665,-0.075426,0.035888,0.009366,0.032380,-0.998787,True,0.017619,1.177819,-0.075759,0.036389,0.025412,0.030756,-0.998541
48.586,True,-0.046099,1.183718,-0.075466,0.035830,0.008965,0.032265,-0.998797,True,0.017668,1.177890,-0.075800,0.036327,0.025008,0.030639,-0.998557
48.597,True,-0.046019,1.183826,-0.075524,0.036169,0.008763,0.032392,-0.998782,True,0.017747,1.177984,-0.075860,0.036668,0.024806,0.030760,-0.998546
48.608,True,-0.045950,1.183945,-0.075578,0.036523,0.008554,0.032636,-0.998763,True,0.017813,1.178071,-0.075923,0.037026,0.024596,0.030997,-0.998531
48.620,True,-0.045900,1.184051,-0.075617,0.036554,0.008214,0.032977,-0.998754,True,0.017859,1.178134,-0.075977,0.037061,0.024253,0.031333,-0.998527
48.631,True,-0.045842,1.184169,-0.075670,0.036208,0.008021,0.033238,-0.998759,True,0.017914,1.178215,-0.076042,0.036719,0.024058,0.031587,-0.998537
48.642,True,-0.045782,1.184282,-0.075716,0.036353,0.007771,0.033377,-0.998751,True,0.017972,1.178311,-0.076101,0.036865,0.023807,0.031722,-0.998533
48.653,True,-0.045694,1.184222,-0.075805,0.036462,0.007499,0.033451,-0.998747,True,0.018027,1.178404,-0.076145,0.036974,0.023533,0.031791,-0.998533
48.664,True,-0.045617,1.184311,-0.075854,0.036840,0.007403,0.033348,-0.998737,True,0.018105,1.178506,-0.076194,0.037351,0.023436,0.031682,-0.998525
48.675,True,-0.045583,1.184391,-0.075889,0.036927,0.007520,0.033335,-0.998734,True,0.018139,1.178586,-0.076228,0.037437,0.023552,0.031664,-0.998520
48.686,True,-0.045542,1.184463,-0.075925,0.036858,0.007240,0.033416,-0.998735,True,0.018179,1.178650,-0.076263,0.037369,0.023270,0.031742,-0.998526
48.697,True,-0.045485,1.184485,-0.075955,0.036256,0.006906,0.033572,-0.998755,True,0.018235,1.178654,-0.076292,0.036768,0.022934,0.031897,-0.998551
48.709,True,-0.045443,1.184513,-0.075976,0.036452,0.006880,0.033749,-0.998742,True,0.018274,1.178658,-0.076324,0.036967,0.022908,0.032073,-0.998539
48.719,True,-0.045399,1.184524,-0.075999,0.035555,0.006496,0.033940,-0.998770,True,0.018317,1.178646,-0.076355,0.036072,0.022520,0.032265,-0.998574
48.731,True,-0.045319,1.184538,-0.076000,0.035424,0.006217,0.034179,-0.998768,True,0.018394,1.178632,-0.076366,0.035944,0.022241,0.032504,-0.998577
48.742,True,-0.045275,1.184540,-0.076010,0.035288,0.005878,0.034400,-0.998768,True,0.018435,1.178607,-0.076388,0.035810,0.021901,0.032724,-0.998583
48.753,True,-0.045248,1.184549,-0.076013,0.034825,0.005628,0.034552,-0.998780,True,0.018460,1.178597,-0.076398,0.035349,0.021648,0.032876,-0.998600
48.764,True,-0.045230,1.184568,-0.076013,0.034619,0.005439,0.034737,-0.998782,True,0.018477,1.178594,-0.076401,0.035145,0.021459,0.033063,-0.998605
48.775,True,-0.045230,1.184550,-0.075995,0.034478,0.005181,0.034790,-0.998786,True,0.018476,1.178570,-0.076402,0.035004,0.021200,0.033116,-0.998613
48.786,True,-0.045217,1.184542,-0.075987,0.034016,0.005181,0.034869,-0.998799,True,0.018487,1.178551,-0.076396,0.034544,0.021199,0.033197,-0.998627
48.797,True,-0.045204,1.184516,-0.075952,0.033673,0.004997,0.034965,-0.998809,True,0.018499,1.178513,-0.076376,0.034202,0.021015,0.033295,-0.998639
48.808,True,-0.045209,1.184485,-0.075920,0.033359,0.004161,0.035087,-0.998819,True,0.018494,1.178475,-0.076363,0.033887,0.020178,0.033422,-0.998663
48.819,True,-0.045219,1.184423,-0.075909,0.034031,0.002324,0.035286,-0.998795,True,0.018484,1.178413,-0.076362,0.034557,0.018340,0.033623,-0.998669
48.830,True,-0.045222,1.184371,-0.075862,0.036856,-0.004923,0.036006,-0.998660,True,0.018482,1.178373,-0.076334,0.037371,0.011086,0.034350,-0.998649
48.841,True,-0.045260,1.184304,-0.075825,0.036378,-0.004906,0.035796,-0.998685,True,0.018446,1.178331,-0.076309,0.036891,0.011103,0.034145,-0.998674
48.853,True,-0.045306,1.184232,-0.075784,0.039115,-0.008676,0.036048,-0.998547,True,0.018402,1.178284,-0.076281,0.039623,0.007331,0.034403,-0.998595
48.864,True,-0.045357,1.184169,-0.075743,0.039599,-0.009872,0.035861,-0.998523,True,0.018355,1.178263,-0.076245,0.040101,0.006134,0.034222,-0.998591
48.875,True,-0.045431,1.184077,-0.075695,0.040266,-0.010544,0.035640,-0.998498,True,0.018285,1.178211,-0.076200,0.040763,0.005462,0.034005,-0.998575
48.886,True,-0.045482,1.184028,-0.075672,0.041116,-0.010810,0.035611,-0.998461,True,0.018235,1.178174,-0.076171,0.041613,0.005199,0.033979,-0.998542
48.897,True,-0.045543,1.183925,-0.075636,0.043326,-0.008772,0.035301,-0.998399,True,0.018176,1.178093,-0.076123,0.043827,0.007252,0.033671,-0.998445
48.908,True,-0.045624,1.183858,-0.075591,0.043383,-0.010617,0.035359,-0.998376,True,0.018096,1.178045,-0.076074,0.043880,0.005401,0.033735,-0.998453
48.920,True,-0.045697,1.183795,-0.075555,0.043775,-0.010118,0.035206,-0.998370,True,0.018025,1.177998,-0.076027,0.044271,0.005904,0.033584,-0.998437
48.931,True,-0.045770,1.183760,-0.075490,0.043549,-0.009994,0.035134,-0.998383,True,0.017953,1.177972,-0.075956,0.044044,0.006028,0.033514,-0.998449
48.942,True,-0.045868,1.183704,-0.075441,0.044771,-0.010459,0.035076,-0.998327,True,0.017857,1.177936,-0.075893,0.045266,0.005564,0.033457,-0.998399
48.953,True,-0.045951,1.183669,-0.075394,0.044650,-0.010561,0.034994,-0.998334,True,0.017776,1.177914,-0.075835,0.045143,0.005462,0.033378,-0.998408
48.964,True,-0.046038,1.183637,-0.075338,0.044273,-0.010763,0.034879,-0.998352,True,0.017691,1.177902,-0.075758,0.044763,0.005259,0.033265,-0.998430
48.975,True,-0.046121,1.183616,-0.075283,0.043719,-0.010676,0.034771,-0.998382,True,0.017608,1.177893,-0.075692,0.044207,0.005344,0.033159,-0.998458
48.986,True,-0.046182,1.183602,-0.075240,0.042894,-0.010189,0.034716,-0.998424,True,0.017548,1.177880,-0.075635,0.043381,0.005830,0.033104,-0.998493
48.997,True,-0.046205,1.183571,-0.075186,0.042957,-0.010242,0.034743,-0.998420,True,0.017524,1.177848,-0.075573,0.043444,0.005777,0.033131,-0.998490
49.008,True,-0.046251,1.183554,-0.075131,0.042868,-0.010344,0.034748,-0.998423,True,0.017479,1.177831,-0.075516,0.043355,0.005675,0.033138,-0.998494
49.020,True,-0.046287,1.183548,-0.075073,0.042779,-0.010566,0.034798,-0.998423,True,0.017443,1.177822,-0.075459,0.043266,0.005452,0.033189,-0.998497
49.030,True,-0.046290,1.183512,-0.075017,0.042561,-0.010909,0.034844,-0.998426,True,0.017439,1.177783,-0.075406,0.043048,0.005107,0.033236,-0.998507
49.041,True,-0.046326,1.183512,-0.074954,0.042152,-0.011048,0.034829,-0.998443,True,0.017403,1.177785,-0.075350,0.042638,0.004967,0.033222,-0.998526
49.053,True,-0.046353,1.183502,-0.074889,0.041605,-0.011498,0.034949,-0.998457,True,0.017375,1.177763,-0.075291,0.042090,0.004514,0.033342,-0.998547
49.064,True,-0.046353,1.183482,-0.074801,0.041405,-0.011803,0.034938,-0.998462,True,0.017375,1.177746,-0.075214,0.041889,0.004208,0.033332,-0.998557
49.075,True,-0.046377,1.183459,-0.074707,0.041341,-0.012017,0.034867,-0.998464,True,0.017352,1.177732,-0.075141,0.041824,0.003993,0.033261,-0.998563
49.086,True,-0.046403,1.183451,-0.074636,0.041441,-0.012159,0.034813,-0.998460,True,0.017327,1.177732,-0.075076,0.041923,0.003851,0.033207,-0.998561
49.097,True,-0.046402,1.183465,-0.074527,0.041439,-0.012357,0.034900,-0.998455,True,0.017327,1.177737,-0.074974,0.041922,0.003652,0.033295,-0.998559
49.108,True,-0.046460,1.183435,-0.074457,0.041598,-0.012490,0.034965,-0.998444,True,0.017268,1.177699,-0.074912,0.042082,0.003519,0.033359,-0.998551
49.119,True,-0.046495,1.183388,-0.074385,0.041635,-0.012570,0.034838,-0.998446,True,0.017234,1.177669,-0.074845,0.042117,0.003440,0.033235,-0.998554
49.130,True,-0.046515,1.183244,-0.074302,0.042082,-0.012658,0.034470,-0.998439,True,0.017218,1.177574,-0.074774,0.042559,0.003354,0.032868,-0.998548
49.141,True,-0.046556,1.183120,-0.074240,0.042105,-0.012578,0.034186,-0.998449,True,0.017181,1.177487,-0.074707,0.042577,0.003435,0.032589,-0.998556
49.153,True,-0.046595,1.183009,-0.074187,0.041557,-0.012578,0.033943,-0.998480,True,0.017145,1.177409,-0.074639,0.042025,0.003435,0.032351,-0.998587
49.164,True,-0.046657,1.182904,-0.074112,0.041459,-0.012507,0.033962,-0.998485,True,0.017083,1.177302,-0.074560,0.041928,0.003507,0.032375,-0.998590
49.175,True,-0.046699,1.182892,-0.074048,0.041655,-0.012111,0.034151,-0.998475,True,0.017017,1.177768,-0.074456,0.042129,0.003905,0.032568,-0.998574
49.186,True,-0.046743,1.182898,-0.073987,0.041781,-0.011743,0.034338,-0.998468,True,0.016971,1.177748,-0.074390,0.042258,0.004276,0.032759,-0.998560
49.197,True,-0.046786,1.182897,-0.073921,0.042015,-0.010941,0.034485,-0.998462,True,0.016925,1.177720,-0.074316,0.042498,0.005083,0.032909,-0.998542
49.208,True,-0.046826,1.182864,-0.073866,0.042727,-0.008653,0.034379,-0.998458,True,0.016884,1.177675,-0.074263,0.043216,0.007384,0.032807,-0.998500
49.219,True,-0.046872,1.182812,-0.073817,0.042963,-0.007554,0.034131,-0.998465,True,0.016840,1.177642,-0.074222,0.043451,0.008488,0.032562,-0.998489
49.230,True,-0.046901,1.182756,-0.073797,0.043497,-0.005733,0.033695,-0.998469,True,0.016814,1.177622,-0.074198,0.043984,0.010318,0.032129,-0.998462
49.242,True,-0.046926,1.182719,-0.073783,0.044886,-0.003045,0.033269,-0.998433,True,0.016791,1.177613,-0.074180,0.045375,0.013019,0.031704,-0.998382
49.252,True,-0.046971,1.182670,-0.073762,0.045378,-0.001837,0.032978,-0.998424,True,0.016748,1.177587,-0.074166,0.045866,0.014232,0.031414,-0.998352
49.264,True,-0.046960,1.182602,-0.073761,0.045881,-0.000875,0.032800,-0.998408,True,0.016760,1.177531,-0.074175,0.046369,0.015198,0.031238,-0.998320
49.281,True,-0.046983,1.182525,-0.073771,0.047007,0.000846,0.032568,-0.998363,True,0.016738,1.177465,-0.074191,0.047496,0.016927,0.031006,-0.998247
49.292,True,-0.047014,1.182480,-0.073772,0.047953,0.002154,0.032327,-0.998324,True,0.016708,1.177436,-0.074205,0.048442,0.018240,0.030765,-0.998186
49.303,True,-0.047044,1.182441,-0.073786,0.048549,0.002884,0.032045,-0.998303,True,0.016680,1.177424,-0.074228,0.049036,0.018973,0.030481,-0.998152
49.314,True,-0.047055,1.182435,-0.073820,0.049347,0.003518,0.031915,-0.998266,True,0.016670,1.177429,-0.074254,0.049833,0.019609,0.030348,-0.998104
49.325,True,-0.047075,1.182466,-0.073844,0.050206,0.004488,0.031843,-0.998221,True,0.016650,1.177461,-0.074275,0.050694,0.020583,0.030274,-0.998043
49.336,True,-0.047093,1.182482,-0.073879,0.050806,0.005257,0.031722,-0.998191,True,0.016632,1.177482,-0.074317,0.051295,0.021354,0.030150,-0.998000
49.347,True,-0.047096,1.182500,-0.073918,0.051482,0.005995,0.031530,-0.998158,True,0.016630,1.177518,-0.074358,0.051969,0.022095,0.029956,-0.997955
49.358,True,-0.047089,1.182526,-0.073972,0.051853,0.006326,0.031470,-0.998139,True,0.016638,1.177548,-0.074407,0.052340,0.022427,0.029894,-0.997930
49.369,True,-0.047078,1.182593,-0.074041,0.052252,0.006804,0.031454,-0.998115,True,0.016649,1.177613,-0.074473,0.052740,0.022906,0.029877,-0.997898
49.380,True,-0.047072,1.182617,-0.074108,0.052671,0.007171,0.031481,-0.998090,True,0.016654,1.177629,-0.074542,0.053160,0.023274,0.029903,-0.997867
49.392,True,-0.047032,1.182632,-0.074204,0.053211,0.007578,0.031563,-0.998056,True,0.016693,1.177632,-0.074625,0.053703,0.023682,0.029985,-0.997826
49.403,True,-0.047016,1.182654,-0.074273,0.053397,0.007585,0.031482,-0.998048,True,0.016710,1.177663,-0.074699,0.053887,0.023690,0.029901,-0.997818
49.414,True,-0.046985,1.182716,-0.074342,0.053893,0.008096,0.031397,-0.998020,True,0.016742,1.177732,-0.074760,0.054383,0.024202,0.029814,-0.997782
49.425,True,-0.046923,1.182820,-0.074402,0.054513,0.008854,0.031519,-0.997976,True,0.016802,1.177812,-0.074817,0.055007,0.024961,0.029931,-0.997725
49.436,True,-0.046887,1.182912,-0.074484,0.054956,0.009502,0.031847,-0.997936,True,0.016834,1.177856,-0.074879,0.055456,0.025609,0.030254,-0.997674
49.447,True,-0.046862,1.183015,-0.074543,0.055729,0.010875,0.032150,-0.997869,True,0.016854,1.177904,-0.074939,0.056237,0.026984,0.030552,-0.997585
49.458,True,-0.046807,1.183092,-0.074622,0.056071,0.011035,0.032501,-0.997837,True,0.016906,1.177933,-0.075015,0.056585,0.027143,0.030899,-0.997550
49.469,True,-0.046755,1.183189,-0.074684,0.056442,0.011724,0.032408,-0.997811,True,0.016957,1.178030,-0.075088,0.056956,0.027833,0.030801,-0.997513
49.481,True,-0.046713,1.183256,-0.074749,0.056735,0.011690,0.032140,-0.997803,True,0.017003,1.178131,-0.075157,0.057244,0.027799,0.030528,-0.997506
49.492,True,-0.046656,1.183326,-0.074835,0.057135,0.012623,0.031773,-0.997781,True,0.017062,1.178237,-0.075231,0.057640,0.028732,0.030156,-0.997468
49.503,True,-0.046614,1.183399,-0.074896,0.057608,0.013151,0.031353,-0.997760,True,0.017108,1.178356,-0.075296,0.058108,0.029260,0.029730,-0.997438
49.514,True,-0.046544,1.183495,-0.074973,0.057907,0.013282,0.031688,-0.997731,True,0.017174,1.178406,-0.075370,0.058412,0.029390,0.030060,-0.997407
49.525,True,-0.046461,1.183550,-0.075017,0.058195,0.013904,0.031795,-0.997702,True,0.017256,1.178441,-0.075407,0.058704,0.030012,0.030165,-0.997368
49.536,True,-0.046389,1.183619,-0.075072,0.058009,0.013412,0.032159,-0.997708,True,0.017324,1.178465,-0.075472,0.058522,0.029519,0.030526,-0.997383
49.547,True,-0.046301,1.183678,-0.075128,0.057474,0.012678,0.032400,-0.997741,True,0.017410,1.178499,-0.075535,0.057990,0.028783,0.030764,-0.997428
49.559,True,-0.046221,1.183748,-0.075171,0.057439,0.012276,0.032609,-0.997741,True,0.017489,1.178544,-0.075589,0.057957,0.028380,0.030969,-0.997435
49.570,True,-0.046140,1.183818,-0.075219,0.057090,0.011898,0.032779,-0.997760,True,0.017567,1.178593,-0.075644,0.057611,0.028000,0.031136,-0.997461
49.581,True,-0.046051,1.183883,-0.075284,0.056938,0.011906,0.032941,-0.997763,True,0.017655,1.178636,-0.075707,0.057461,0.028007,0.031294,-0.997464
49.592,True,-0.045978,1.183959,-0.075313,0.056528,0.011715,0.033124,-0.997783,True,0.017725,1.178687,-0.075744,0.057053,0.027814,0.031475,-0.997487
49.603,True,-0.045892,1.184032,-0.075361,0.056317,0.011279,0.033438,-0.997789,True,0.017809,1.178723,-0.075796,0.056846,0.027376,0.031786,-0.997501
49.614,True,-0.045798,1.184106,-0.075404,0.056141,0.011151,0.033723,-0.997791,True,0.017899,1.178760,-0.075844,0.056675,0.027247,0.032068,-0.997506
49.625,True,-0.045702,1.184157,-0.075413,0.056017,0.010851,0.034033,-0.997791,True,0.017992,1.178769,-0.075879,0.056556,0.026946,0.032376,-0.997511
49.637,True,-0.045631,1.184215,-0.075435,0.055887,0.010501,0.034155,-0.997798,True,0.018061,1.178810,-0.075931,0.056427,0.026595,0.032495,-0.997523
49.648,True,-0.045543,1.184250,-0.075469,0.055533,0.010103,0.034207,-0.997820,True,0.018148,1.178840,-0.075980,0.056073,0.026196,0.032545,-0.997552
49.659,True,-0.045483,1.184249,-0.075470,0.055427,0.009801,0.034198,-0.997829,True,0.018208,1.178838,-0.076007,0.055967,0.025893,0.032534,-0.997567
49.670,True,-0.045498,1.183944,-0.075580,0.054423,0.009416,0.034083,-0.997892,True,0.018268,1.178856,-0.076048,0.054960,0.025506,0.032421,-0.997636
49.681,True,-0.045452,1.183931,-0.075607,0.054059,0.009204,0.033958,-0.997918,True,0.018315,1.178858,-0.076094,0.054594,0.025293,0.032296,-0.997666
49.692,True,-0.045415,1.183920,-0.075616,0.053638,0.009130,0.033835,-0.997945,True,0.018353,1.178861,-0.076115,0.054170,0.025218,0.032173,-0.997695
49.703,True,-0.045397,1.183896,-0.075631,0.053446,0.009107,0.033670,-0.997961,True,0.018372,1.178855,-0.076146,0.053976,0.025195,0.032008,-0.997711
49.714,True,-0.045376,1.183886,-0.075664,0.052930,0.008853,0.033622,-0.997993,True,0.018394,1.178853,-0.076176,0.053459,0.024939,0.031960,-0.997747
49.726,True,-0.045370,1.183888,-0.075678,0.052984,0.008827,0.033604,-0.997991,True,0.018400,1.178859,-0.076187,0.053512,0.024913,0.031942,-0.997745
49.736,True,-0.045373,1.183900,-0.075706,0.052486,0.008799,0.033586,-0.998018,True,0.018398,1.178872,-0.076209,0.053013,0.024884,0.031924,-0.997773
49.748,True,-0.045372,1.183926,-0.075734,0.052351,0.008924,0.033574,-0.998024,True,0.018399,1.178901,-0.076214,0.052878,0.025009,0.031911,-0.997778
49.759,True,-0.045353,1.183966,-0.075761,0.052436,0.009334,0.033607,-0.998015,True,0.018417,1.178934,-0.076227,0.052964,0.025419,0.031942,-0.997762
49.770,True,-0.045368,1.183987,-0.075792,0.052457,0.009537,0.033560,-0.998014,True,0.018403,1.178958,-0.076246,0.052985,0.025620,0.031892,-0.997757
49.781,True,-0.045371,1.184017,-0.075835,0.052843,0.010346,0.033461,-0.997989,True,0.018401,1.178995,-0.076265,0.053372,0.026430,0.031791,-0.997719
49.792,True,-0.045374,1.184038,-0.075866,0.053034,0.010454,0.033457,-0.997977,True,0.018398,1.179016,-0.076281,0.053562,0.026538,0.031784,-0.997706
49.803,True,-0.045388,1.184076,-0.075880,0.052421,0.010135,0.033556,-0.998010,True,0.018383,1.179046,-0.076286,0.052950,0.026217,0.031883,-0.997744
49.814,True,-0.045415,1.184106,-0.075917,0.053843,0.012286,0.033378,-0.997916,True,0.018356,1.179075,-0.076304,0.054374,0.028372,0.031701,-0.997614
49.825,True,-0.045412,1.184121,-0.075962,0.053932,0.012616,0.033361,-0.997908,True,0.018359,1.179091,-0.076324,0.054463,0.028702,0.031680,-0.997600
49.836,True,-0.045430,1.184155,-0.075973,0.053932,0.012817,0.033271,-0.997908,True,0.018342,1.179134,-0.076327,0.054462,0.028902,0.031588,-0.997598
49.848,True,-0.045451,1.184185,-0.075990,0.054312,0.013432,0.033088,-0.997885,True,0.018322,1.179182,-0.076328,0.054840,0.029518,0.031402,-0.997565
49.859,True,-0.045491,1.184216,-0.076003,0.054957,0.014409,0.033026,-0.997838,True,0.018283,1.179211,-0.076327,0.055487,0.030495,0.031337,-0.997502
49.870,True,-0.045533,1.184269,-0.075996,0.055354,0.014815,0.033119,-0.997807,True,0.018240,1.179248,-0.076316,0.055886,0.030903,0.031428,-0.997464
49.881,True,-0.045546,1.184269,-0.075995,0.055555,0.015028,0.033001,-0.997797,True,0.018227,1.179261,-0.076308,0.056086,0.031116,0.031309,-0.997450
49.892,True,-0.045571,1.184226,-0.075960,0.056002,0.015618,0.032706,-0.997773,True,0.018205,1.179250,-0.076273,0.056529,0.031707,0.031013,-0.997415
49.903,True,-0.045585,1.184180,-0.075955,0.056294,0.016153,0.032441,-0.997756,True,0.018193,1.179234,-0.076254,0.056818,0.032242,0.030748,-0.997390
49.914,True,-0.045602,1.184145,-0.075948,0.056459,0.016503,0.032269,-0.997747,True,0.018178,1.179218,-0.076239,0.056981,0.032593,0.030578,-0.997375
49.925,True,-0.045616,1.184134,-0.075907,0.056599,0.017061,0.032188,-0.997732,True,0.018044,1.178669,-0.076278,0.057121,0.033152,0.030499,-0.997351
49.936,True,-0.045616,1.184151,-0.075887,0.056750,0.017378,0.032376,-0.997712,True,0.018042,1.178660,-0.076243,0.057275,0.033469,0.030685,-0.997325
49.947,True,-0.045625,1.184206,-0.075857,0.056948,0.017676,0.032565,-0.997689,True,0.018031,1.178687,-0.076210,0.057477,0.033767,0.030874,-0.997298
49.958,True,-0.045619,1.184285,-0.075823,0.057496,0.018529,0.032847,-0.997633,True,0.018032,1.178721,-0.076171,0.058032,0.034621,0.031156,-0.997228
49.970,True,-0.045609,1.184357,-0.075784,0.057495,0.018545,0.033312,-0.997618,True,0.018038,1.178734,-0.076134,0.058038,0.034637,0.031621,-0.997212
49.981,True,-0.045584,1.184409,-0.075755,0.066303,0.029243,0.032606,-0.996838,True,0.018060,1.178758,-0.076110,0.066853,0.045341,0.030910,-0.996253
49.992,True,-0.045572,1.184416,-0.075710,0.068272,0.034338,0.032101,-0.996559,True,0.018072,1.178762,-0.076091,0.068821,0.050427,0.030401,-0.995890
50.003,True,-0.045561,1.184410,-0.075670,0.069646,0.038028,0.031550,-0.996347,True,0.018084,1.178777,-0.076068,0.070191,0.054108,0.029850,-0.995618
50.014,True,-0.045554,1.184393,-0.075650,0.070645,0.040416,0.031220,-0.996193,True,0.018093,1.178771,-0.076060,0.071187,0.056488,0.029519,-0.995425
50.025,True,-0.045552,1.184352,-0.075624,0.071310,0.045154,0.030607,-0.995962,True,0.018095,1.178743,-0.076059,0.071849,0.061209,0.028906,-0.995116
50.037,True,-0.045543,1.184302,-0.075600,0.072871,0.046891,0.030424,-0.995774,True,0.018105,1.178695,-0.076053,0.073407,0.062940,0.028724,-0.994900
50.048,True,-0.045544,1.184244,-0.075564,0.071094,0.047238,0.030344,-0.995888,True,0.018103,1.178633,-0.076048,0.071632,0.063282,0.028646,-0.995009
50.059,True,-0.045545,1.184174,-0.075529,0.071314,0.047483,0.030192,-0.995866,True,0.018102,1.178576,-0.076039,0.071850,0.063526,0.028495,-0.994983
50.070,True,-0.045549,1.184109,-0.075502,0.074473,0.052048,0.029688,-0.995421,True,0.018099,1.178520,-0.076033,0.075002,0.068072,0.027992,-0.994463
50.081,True,-0.045564,1.184063,-0.075475,0.074954,0.049533,0.029817,-0.995510,True,0.018086,1.178493,-0.076018,0.075480,0.065571,0.028123,-0.994592
50.092,True,-0.045588,1.184015,-0.075448,0.075197,0.050249,0.029586,-0.995462,True,0.018063,1.178466,-0.076001,0.075719,0.066284,0.027894,-0.994533
50.103,True,-0.045625,1.183967,-0.075420,0.075345,0.050872,0.029422,-0.995424,True,0.018028,1.178430,-0.075983,0.075865,0.066904,0.027733,-0.994484
50.114,True,-0.045649,1.183917,-0.075427,0.076035,0.051512,0.029293,-0.995343,True,0.018005,1.178395,-0.075970,0.076552,0.067542,0.027605,-0.994392
50.125,True,-0.045739,1.183907,-0.075410,0.077266,0.052241,0.029168,-0.995214,True,0.017916,1.178397,-0.075957,0.077779,0.068270,0.027484,-0.994251
50.137,True,-0.045802,1.183894,-0.075412,0.077811,0.052651,0.029131,-0.995151,True,0.017853,1.178390,-0.075943,0.078323,0.068679,0.027448,-0.994181
50.148,True,-0.045864,1.183866,-0.075414,0.078789,0.053800,0.029102,-0.995013,True,0.017791,1.178357,-0.075925,0.079299,0.069824,0.027420,-0.994024
50.158,True,-0.045973,1.183815,-0.075444,0.079383,0.055268,0.028932,-0.994890,True,0.017683,1.178316,-0.075927,0.079891,0.071285,0.027251,-0.993878
50.170,True,-0.046062,1.183800,-0.075447,0.079409,0.056243,0.028648,-0.994842,True,0.017597,1.178329,-0.075906,0.079913,0.072255,0.026969,-0.993814
50.181,True,-0.046133,1.183806,-0.075447,0.080241,0.056903,0.028540,-0.994741,True,0.017528,1.178348,-0.075881,0.080742,0.072914,0.026861,-0.993702
50.192,True,-0.046197,1.183827,-0.075485,0.080301,0.057126,0.028507,-0.994724,True,0.017464,1.178374,-0.075890,0.080801,0.073136,0.026827,-0.993681
50.203,True,-0.046261,1.183854,-0.075504,0.080520,0.058331,0.028734,-0.994630,True,0.017397,1.178363,-0.075871,0.081025,0.074335,0.027054,-0.993568
50.214,True,-0.046321,1.183873,-0.075502,0.080819,0.058588,0.028932,-0.994585,True,0.017335,1.178356,-0.075854,0.081327,0.074591,0.027250,-0.993519
50.225,True,-0.046397,1.183950,-0.075498,0.080961,0.059197,0.029019,-0.994535,True,0.017257,1.178411,-0.075862,0.081471,0.075196,0.027337,-0.993459
50.236,True,-0.046427,1.183950,-0.075501,0.081094,0.059840,0.028738,-0.994493,True,0.017230,1.178439,-0.075852,0.081600,0.075835,0.027053,-0.993408
50.247,True,-0.046449,1.183970,-0.075490,0.081134,0.059800,0.028457,-0.994501,True,0.017211,1.178494,-0.075842,0.081636,0.075795,0.026770,-0.993415
50.258,True,-0.046488,1.183982,-0.075500,0.081723,0.060198,0.028075,-0.994439,True,0.017175,1.178550,-0.075851,0.082217,0.076191,0.026385,-0.993347
50.269,True,-0.046510,1.184029,-0.075499,0.081755,0.059850,0.027939,-0.994461,True,0.017156,1.178620,-0.075838,0.082247,0.075845,0.026248,-0.993375
50.281,True,-0.046532,1.184064,-0.075493,0.082048,0.060141,0.027858,-0.994422,True,0.017134,1.178662,-0.075829,0.082538,0.076135,0.026165,-0.993331
50.292,True,-0.046515,1.184089,-0.075502,0.082284,0.060352,0.027984,-0.994386,True,0.017149,1.178666,-0.075842,0.082777,0.076344,0.026289,-0.993292
50.303,True,-0.046510,1.184105,-0.075488,0.081335,0.059874,0.028169,-0.994488,True,0.017152,1.178660,-0.075840,0.081833,0.075868,0.026475,-0.993402
50.314,True,-0.046493,1.184114,-0.075479,0.080736,0.059109,0.028314,-0.994578,True,0.017168,1.178656,-0.075844,0.081237,0.075106,0.026620,-0.993504
50.325,True,-0.046478,1.184105,-0.075474,0.081661,0.060022,0.028347,-0.994447,True,0.017182,1.178631,-0.075853,0.082161,0.076013,0.026652,-0.993359
50.336,True,-0.046464,1.184102,-0.075454,0.080355,0.058092,0.028643,-0.994660,True,0.017193,1.178609,-0.075849,0.080861,0.074094,0.026947,-0.993602
50.347,True,-0.046438,1.184118,-0.075439,0.077320,0.053302,0.029232,-0.995151,True,0.017218,1.178604,-0.075836,0.077836,0.069328,0.027536,-0.994172
50.359,True,-0.046436,1.184124,-0.075420,0.071687,0.042870,0.030368,-0.996043,True,0.017217,1.178586,-0.075831,0.072217,0.058937,0.028672,-0.995233
50.369,True,-0.046419,1.184149,-0.075396,0.059927,0.023207,0.032374,-0.997408,True,0.017232,1.178582,-0.075810,0.060465,0.039302,0.030684,-0.996924
50.381,True,-0.046416,1.184176,-0.075360,0.055153,0.014870,0.033313,-0.997811,True,0.017233,1.178582,-0.075790,0.055689,0.030957,0.031625,-0.997467
50.392,True,-0.046432,1.184196,-0.075327,0.051389,0.008426,0.034000,-0.998064,True,0.017215,1.178587,-0.075772,0.051919,0.024500,0.032316,-0.997828
50.403,True,-0.046441,1.184203,-0.075294,0.052284,0.008620,0.034056,-0.998014,True,0.017205,1.178585,-0.075747,0.052816,0.024697,0.032370,-0.997774
50.414,True,-0.046466,1.184193,-0.075258,0.047052,-0.000142,0.034826,-0.998285,True,0.017180,1.178576,-0.075726,0.047571,0.015906,0.033147,-0.998191
50.425,True,-0.046498,1.184163,-0.075234,0.047522,0.001209,0.034571,-0.998271,True,0.017149,1.178560,-0.075715,0.048041,0.017262,0.032893,-0.998154
50.436,True,-0.046581,1.184236,-0.075194,0.048371,0.005311,0.034094,-0.998233,True,0.017108,1.178532,-0.075698,0.048895,0.021374,0.032414,-0.998049
50.447,True,-0.046636,1.184166,-0.075169,0.046738,0.002656,0.033970,-0.998326,True,0.017056,1.178509,-0.075683,0.047252,0.018713,0.032297,-0.998185
50.458,True,-0.046668,1.184114,-0.075174,0.048065,0.005152,0.033500,-0.998269,True,0.017027,1.178490,-0.075686,0.048579,0.021217,0.031829,-0.998087
50.469,True,-0.046745,1.184039,-0.075153,0.050017,0.008639,0.032933,-0.998168,True,0.016953,1.178448,-0.075666,0.050532,0.024715,0.031263,-0.997927
50.481,True,-0.046826,1.183980,-0.075143,0.049946,0.008910,0.032764,-0.998175,True,0.016874,1.178409,-0.075648,0.050458,0.024987,0.031096,-0.997929
50.492,True,-0.046878,1.183942,-0.075150,0.047686,0.005921,0.032935,-0.998302,True,0.016824,1.178386,-0.075639,0.048192,0.021988,0.031272,-0.998106
50.503,True,-0.046970,1.183909,-0.075137,0.049358,0.008765,0.032590,-0.998211,True,0.016733,1.178367,-0.075616,0.049867,0.024841,0.030927,-0.997968
50.514,True,-0.047049,1.183875,-0.075135,0.048923,0.008984,0.032453,-0.998235,True,0.016656,1.178350,-0.075595,0.049430,0.025059,0.030792,-0.997988
50.525,True,-0.047114,1.183847,-0.075159,0.048684,0.009137,0.032359,-0.998248,True,0.016592,1.178335,-0.075595,0.049190,0.025212,0.030699,-0.997999
50.536,True,-0.047195,1.183829,-0.075155,0.048831,0.008604,0.032406,-0.998244,True,0.016511,1.178322,-0.075575,0.049335,0.024679,0.030747,-0.998004
50.547,True,-0.047261,1.183806,-0.075166,0.048792,0.008800,0.032317,-0.998247,True,0.016447,1.178311,-0.075562,0.049296,0.024875,0.030659,-0.998004
50.558,True,-0.047335,1.183808,-0.075194,0.048604,0.008901,0.032239,-0.998258,True,0.016374,1.178322,-0.075583,0.049106,0.024976,0.030581,-0.998013
50.569,True,-0.047390,1.183815,-0.075196,0.048443,0.008214,0.032302,-0.998270,True,0.016319,1.178331,-0.075571,0.048944,0.024287,0.030645,-0.998036
50.581,True,-0.047444,1.183836,-0.075189,0.048500,0.008893,0.032233,-0.998263,True,0.016265,1.178354,-0.075563,0.049002,0.024968,0.030577,-0.998018
50.592,True,-0.047450,1.183826,-0.075233,0.049649,0.008431,0.032231,-0.998211,True,0.016259,1.178354,-0.075601,0.050150,0.024507,0.030572,-0.997973
50.603,True,-0.047483,1.183836,-0.075227,0.050318,0.008694,0.032209,-0.998176,True,0.016227,1.178365,-0.075594,0.050819,0.024772,0.030549,-0.997933
50.614,True,-0.047504,1.183834,-0.075221,0.051246,0.009284,0.032189,-0.998124,True,0.016206,1.178360,-0.075592,0.051749,0.025364,0.030527,-0.997871
50.625,True,-0.047510,1.183836,-0.075218,0.050948,0.008703,0.032219,-0.998144,True,0.016199,1.178361,-0.075600,0.051450,0.024782,0.030555,-0.997900
50.636,True,-0.047515,1.183866,-0.075197,0.052163,0.010161,0.032133,-0.998070,True,0.016193,1.178385,-0.075591,0.052668,0.026244,0.030467,-0.997802
50.647,True,-0.047506,1.183891,-0.075190,0.053171,0.010804,0.032158,-0.998009,True,0.016201,1.178399,-0.075594,0.053678,0.026890,0.030489,-0.997731
50.658,True,-0.047499,1.183922,-0.075178,0.053716,0.011036,0.032239,-0.997975,True,0.016207,1.178416,-0.075598,0.054224,0.027123,0.030569,-0.997692
50.669,True,-0.047505,1.183940,-0.075162,0.053696,0.010557,0.032337,-0.997978,True,0.016201,1.178423,-0.075603,0.054206,0.026643,0.030667,-0.997703
50.680,True,-0.047502,1.183930,-0.075152,0.055180,0.012614,0.032111,-0.997880,True,0.016203,1.178418,-0.075601,0.055691,0.028705,0.030439,-0.997571
50.692,True,-0.047478,1.183840,-0.075180,0.055292,0.012314,0.031906,-0.997884,True,0.016231,1.178357,-0.075638,0.055799,0.028406,0.030233,-0.997580
50.703,True,-0.047480,1.183799,-0.075166,0.055795,0.013159,0.031698,-0.997852,True,0.016230,1.178332,-0.075633,0.056301,0.029253,0.030027,-0.997533
50.714,True,-0.047482,1.183789,-0.075153,0.055731,0.013140,0.031641,-0.997858,True,0.016228,1.178330,-0.075623,0.056236,0.029234,0.029971,-0.997539
50.725,True,-0.047462,1.183813,-0.075147,0.056530,0.013885,0.031646,-0.997803,True,0.016247,1.178345,-0.075621,0.057036,0.029980,0.029975,-0.997472
50.737,True,-0.047442,1.183854,-0.075131,0.056750,0.014240,0.031785,-0.997781,True,0.016265,1.178364,-0.075605,0.057260,0.030337,0.030114,-0.997444
50.748,True,-0.047446,1.183892,-0.075117,0.057002,0.014850,0.031965,-0.997752,True,0.016258,1.178371,-0.075597,0.057516,0.030947,0.030293,-0.997405
50.759,True,-0.047422,1.183966,-0.075147,0.057101,0.015241,0.032538,-0.997722,True,0.016277,1.178369,-0.075614,0.057626,0.031338,0.030868,-0.997369
50.770,True,-0.047422,1.183963,-0.075132,0.057499,0.015370,0.032572,-0.997696,True,0.016275,1.178358,-0.075621,0.058024,0.031468,0.030901,-0.997341
50.781,True,-0.047423,1.183981,-0.075117,0.057997,0.015059,0.032725,-0.997667,True,0.016272,1.178358,-0.075625,0.058525,0.031158,0.031054,-0.997316
50.792,True,-0.047415,1.184020,-0.075125,0.058249,0.015362,0.032552,-0.997653,True,0.016282,1.178413,-0.075649,0.058774,0.031462,0.030879,-0.997298
50.803,True,-0.047422,1.184055,-0.075135,0.058982,0.015611,0.032320,-0.997614,True,0.016277,1.178476,-0.075661,0.059504,0.031712,0.030646,-0.997253
50.814,True,-0.047440,1.184088,-0.075140,0.059393,0.015750,0.032235,-0.997590,True,0.016260,1.178517,-0.075674,0.059913,0.031851,0.030558,-0.997227
50.825,True,-0.047426,1.184104,-0.075172,0.059685,0.015812,0.032078,-0.997577,True,0.016275,1.178550,-0.075717,0.060204,0.031913,0.030400,-0.997213
50.836,True,-0.047443,1.184106,-0.075193,0.059689,0.015889,0.031973,-0.997578,True,0.016259,1.178563,-0.075744,0.060206,0.031990,0.030293,-0.997213
50.847,True,-0.047458,1.184106,-0.075224,0.059929,0.016075,0.031914,-0.997563,True,0.016245,1.178568,-0.075776,0.060446,0.032176,0.030233,-0.997195
50.858,True,-0.047458,1.184105,-0.075287,0.060011,0.016089,0.031853,-0.997560,True,0.016245,1.178574,-0.075841,0.060527,0.032190,0.030171,-0.997191
50.870,True,-0.047486,1.184103,-0.075331,0.060438,0.016314,0.031759,-0.997533,True,0.016218,1.178583,-0.075881,0.060953,0.032416,0.030074,-0.997161
50.881,True,-0.047517,1.184115,-0.075378,0.060737,0.016449,0.031772,-0.997512,True,0.016187,1.178592,-0.075916,0.061252,0.032551,0.030085,-0.997138
50.892,True,-0.047536,1.184133,-0.075461,0.061000,0.016716,0.031752,-0.997493,True,0.016169,1.178613,-0.075979,0.061515,0.032818,0.030062,-0.997114
50.903,True,-0.047588,1.184169,-0.075512,0.061497,0.017215,0.031672,-0.997456,True,0.016117,1.178654,-0.076018,0.062012,0.033317,0.029979,-0.997069
50.914,True,-0.047631,1.184204,-0.075571,0.061906,0.017776,0.031573,-0.997424,True,0.016075,1.178697,-0.076056,0.062420,0.033878,0.029877,-0.997027
50.925,True,-0.047659,1.184264,-0.075647,0.062090,0.018182,0.031523,-0.997407,True,0.016048,1.178762,-0.076110,0.062603,0.034283,0.029825,-0.997004
50.936,True,-0.047696,1.184308,-0.075718,0.061490,0.018246,0.031439,-0.997446,True,0.016012,1.178817,-0.076158,0.062002,0.034346,0.029739,-0.997042
50.947,True,-0.047730,1.184317,-0.075777,0.061207,0.018197,0.031443,-0.997464,True,0.015978,1.178829,-0.076194,0.061719,0.034296,0.029744,-0.997061
50.959,True,-0.047741,1.184303,-0.075865,0.060900,0.018066,0.031358,-0.997488,True,0.015968,1.178830,-0.076262,0.061410,0.034165,0.029657,-0.997087
50.970,True,-0.047771,1.184325,-0.075922,0.060288,0.017729,0.031307,-0.997533,True,0.015939,1.178863,-0.076305,0.060796,0.033826,0.029606,-0.997138
50.981,True,-0.047789,1.184351,-0.075975,0.060265,0.017872,0.031217,-0.997534,True,0.015922,1.178900,-0.076340,0.060772,0.033969,0.029514,-0.997137
50.992,True,-0.047787,1.184404,-0.076070,0.059919,0.017638,0.031440,-0.997552,True,0.015922,1.178930,-0.076408,0.060429,0.033733,0.029735,-0.997159
51.003,True,-0.047809,1.184443,-0.076110,0.059711,0.017401,0.031702,-0.997560,True,0.015898,1.178939,-0.076431,0.060224,0.033495,0.029995,-0.997172
51.014,True,-0.047815,1.184517,-0.076151,0.059143,0.017088,0.032009,-0.997590,True,0.015889,1.178977,-0.076464,0.059661,0.033181,0.030301,-0.997207
51.025,True,-0.047773,1.184566,-0.076200,0.058929,0.016933,0.032111,-0.997602,True,0.015931,1.179015,-0.076508,0.059449,0.033025,0.030401,-0.997222
51.036,True,-0.047772,1.184601,-0.076218,0.058916,0.016685,0.031918,-0.997613,True,0.015933,1.179075,-0.076536,0.059432,0.032776,0.030205,-0.997237
51.048,True,-0.047761,1.184636,-0.076248,0.058585,0.016203,0.031773,-0.997645,True,0.015947,1.179134,-0.076560,0.059097,0.032292,0.030057,-0.997277
51.059,True,-0.047741,1.184663,-0.076297,0.058682,0.015958,0.031561,-0.997650,True,0.015969,1.179189,-0.076615,0.059190,0.032046,0.029843,-0.997286
51.069,True,-0.047715,1.184702,-0.076313,0.058635,0.015506,0.031566,-0.997660,True,0.015995,1.179232,-0.076631,0.059142,0.031595,0.029846,-0.997303
51.081,True,-0.047690,1.184750,-0.076330,0.058741,0.015448,0.031518,-0.997656,True,0.016020,1.179286,-0.076655,0.059247,0.031536,0.029796,-0.997300
51.091,True,-0.047657,1.184775,-0.076368,0.058645,0.014946,0.031567,-0.997668,True,0.016053,1.179309,-0.076699,0.059151,0.031033,0.029843,-0.997320
51.103,True,-0.047615,1.184807,-0.076375,0.058354,0.014615,0.031737,-0.997684,True,0.016094,1.179321,-0.076722,0.058862,0.030702,0.030014,-0.997342
51.114,True,-0.047563,1.184810,-0.076382,0.058210,0.014281,0.031802,-0.997696,True,0.016145,1.179317,-0.076746,0.058719,0.030367,0.030079,-0.997359
51.125,True,-0.047519,1.184809,-0.076381,0.058553,0.014127,0.031953,-0.997673,True,0.016187,1.179297,-0.076764,0.059064,0.030214,0.030230,-0.997339
51.136,True,-0.047451,1.184831,-0.076376,0.058900,0.014101,0.032075,-0.997649,True,0.016254,1.179304,-0.076763,0.059413,0.030189,0.030354,-0.997315
51.147,True,-0.047391,1.184851,-0.076362,0.059564,0.013864,0.032281,-0.997606,True,0.016312,1.179300,-0.076763,0.060080,0.029953,0.030558,-0.997276
51.159,True,-0.047327,1.184879,-0.076350,0.059992,0.013900,0.032413,-0.997576,True,0.016374,1.179309,-0.076768,0.060510,0.029990,0.030690,-0.997245
51.170,True,-0.047240,1.184899,-0.076320,0.060659,0.014231,0.032564,-0.997526,True,0.016459,1.179303,-0.076758,0.061181,0.030323,0.030839,-0.997189
51.181,True,-0.047181,1.184924,-0.076276,0.060705,0.014448,0.032767,-0.997513,True,0.016515,1.179297,-0.076732,0.061231,0.030540,0.031043,-0.997173
51.192,True,-0.047150,1.184911,-0.076240,0.061148,0.014480,0.032926,-0.997480,True,0.016544,1.179261,-0.076717,0.061676,0.030573,0.031202,-0.997140
51.203,True,-0.047094,1.184932,-0.076204,0.061050,0.014192,0.033170,-0.997483,True,0.016597,1.179253,-0.076693,0.061582,0.030285,0.031447,-0.997147
51.214,True,-0.047064,1.184921,-0.076147,0.061837,0.014501,0.033199,-0.997429,True,0.016626,1.179230,-0.076674,0.062370,0.030596,0.031476,-0.997087
51.225,True,-0.047016,1.184881,-0.076113,0.061798,0.014608,0.033137,-0.997432,True,0.016674,1.179194,-0.076660,0.062331,0.030704,0.031416,-0.997088
51.236,True,-0.046980,1.184828,-0.076071,0.061922,0.014719,0.032988,-0.997427,True,0.016711,1.179157,-0.076636,0.062453,0.030816,0.031269,-0.997082
51.247,True,-0.046968,1.184791,-0.076030,0.062111,0.015063,0.032873,-0.997414,True,0.016724,1.179128,-0.076616,0.062642,0.031161,0.031157,-0.997063
51.259,True,-0.046943,1.184748,-0.076028,0.062166,0.015214,0.032712,-0.997414,True,0.016750,1.179105,-0.076623,0.062694,0.031313,0.030999,-0.997060
51.270,True,-0.046956,1.184694,-0.075984,0.062372,0.015243,0.032632,-0.997403,True,0.016738,1.179059,-0.076596,0.062899,0.031342,0.030921,-0.997048
51.281,True,-0.046953,1.184657,-0.075952,0.062235,0.015717,0.032512,-0.997408,True,0.016742,1.179031,-0.076562,0.062761,0.031816,0.030803,-0.997046
51.292,True,-0.046967,1.184640,-0.075959,0.062127,0.015868,0.032442,-0.997415,True,0.016728,1.179023,-0.076558,0.062652,0.031967,0.030734,-0.997050
51.303,True,-0.046997,1.184633,-0.075915,0.061943,0.015900,0.032424,-0.997426,True,0.016699,1.179018,-0.076514,0.062468,0.032000,0.030717,-0.997061
51.314,True,-0.047026,1.184617,-0.075889,0.062118,0.016165,0.032332,-0.997414,True,0.016671,1.179012,-0.076479,0.062642,0.032264,0.030625,-0.997044
51.325,True,-0.047058,1.184624,-0.075884,0.062359,0.016562,0.032196,-0.997397,True,0.016641,1.179036,-0.076453,0.062881,0.032662,0.030487,-0.997020
51.336,True,-0.047102,1.184640,-0.075873,0.062939,0.017228,0.032145,-0.997351,True,0.016597,1.179054,-0.076423,0.063461,0.033329,0.030437,-0.996963
51.347,True,-0.047151,1.184635,-0.075864,0.063151,0.017548,0.032095,-0.997334,True,0.016549,1.179056,-0.076392,0.063673,0.033649,0.030387,-0.996941
51.358,True,-0.047221,1.184665,-0.075881,0.063336,0.018114,0.032040,-0.997313,True,0.016479,1.179089,-0.076387,0.063858,0.034216,0.030332,-0.996911
51.369,True,-0.047278,1.184672,-0.075882,0.063572,0.018710,0.031990,-0.997289,True,0.016423,1.179100,-0.076359,0.064094,0.034812,0.030282,-0.996877
51.381,True,-0.047333,1.184696,-0.075871,0.064037,0.019673,0.031901,-0.997244,True,0.016367,1.179127,-0.076326,0.064559,0.035775,0.030192,-0.996815
51.392,True,-0.047377,1.184722,-0.075894,0.064200,0.020108,0.031804,-0.997227,True,0.016324,1.179163,-0.076330,0.064721,0.036210,0.030093,-0.996792
51.403,True,-0.047411,1.184739,-0.075896,0.064389,0.020574,0.031800,-0.997206,True,0.016291,1.179178,-0.076309,0.064911,0.036675,0.030089,-0.996763
51.414,True,-0.047454,1.184751,-0.075884,0.064541,0.021113,0.031727,-0.997187,True,0.016248,1.179194,-0.076290,0.065062,0.037215,0.030014,-0.996735
51.425,True,-0.047468,1.184739,-0.075941,0.064584,0.021406,0.031752,-0.997177,True,0.016234,1.179175,-0.076338,0.065106,0.037508,0.030038,-0.996721
51.436,True,-0.047473,1.184755,-0.075921,0.064595,0.021522,0.031745,-0.997174,True,0.016229,1.179192,-0.076308,0.065118,0.037623,0.030032,-0.996716
51.447,True,-0.047411,1.184813,-0.075882,0.064709,0.021700,0.031719,-0.997164,True,0.016223,1.179189,-0.076304,0.065232,0.037801,0.030004,-0.996702
51.458,True,-0.047396,1.184816,-0.075893,0.065072,0.021926,0.031595,-0.997139,True,0.016239,1.179204,-0.076322,0.065593,0.038027,0.029879,-0.996674
51.469,True,-0.047377,1.184844,-0.075891,0.065472,0.022189,0.031628,-0.997106,True,0.016257,1.179225,-0.076319,0.065993,0.038290,0.029910,-0.996636
51.481,True,-0.047369,1.184900,-0.075870,0.065624,0.022301,0.031796,-0.997088,True,0.016262,1.179256,-0.076313,0.066149,0.038402,0.030078,-0.996617
51.492,True,-0.047342,1.184881,-0.075879,0.065874,0.022236,0.031782,-0.997074,True,0.016289,1.179238,-0.076332,0.066399,0.038337,0.030062,-0.996603
51.503,True,-0.047310,1.184848,-0.075849,0.066026,0.021894,0.031714,-0.997074,True,0.016322,1.179213,-0.076332,0.066549,0.037996,0.029993,-0.996608
51.514,True,-0.047277,1.184808,-0.075831,0.065842,0.021843,0.031543,-0.997092,True,0.016357,1.179192,-0.076327,0.066363,0.037945,0.029822,-0.996628
51.525,True,-0.047247,1.184798,-0.075829,0.065907,0.021882,0.031510,-0.997088,True,0.016386,1.179184,-0.076339,0.066427,0.037983,0.029790,-0.996623
51.536,True,-0.047203,1.184795,-0.075819,0.066053,0.021993,0.031561,-0.997074,True,0.016430,1.179172,-0.076340,0.066574,0.038095,0.029841,-0.996607
51.547,True,-0.047146,1.184828,-0.075805,0.065676,0.021731,0.031822,-0.997097,True,0.016483,1.179173,-0.076335,0.066201,0.037833,0.030103,-0.996634
51.558,True,-0.047105,1.184854,-0.075797,0.065508,0.021511,0.032207,-0.997100,True,0.016520,1.179149,-0.076344,0.066039,0.037612,0.030489,-0.996642
51.569,True,-0.047063,1.184900,-0.075783,0.065269,0.021235,0.032647,-0.997108,True,0.016557,1.179139,-0.076351,0.065806,0.037336,0.030930,-0.996654
51.581,True,-0.047018,1.184933,-0.075766,0.064621,0.020645,0.033094,-0.997147,True,0.016597,1.179118,-0.076355,0.065166,0.036745,0.031379,-0.996704
51.592,True,-0.046978,1.184909,-0.075721,0.064322,0.020210,0.033307,-0.997168,True,0.016634,1.179067,-0.076347,0.064870,0.036311,0.031594,-0.996732
51.603,True,-0.046932,1.184923,-0.075698,0.063974,0.019784,0.033237,-0.997202,True,0.016681,1.179089,-0.076359,0.064520,0.035884,0.031526,-0.996773
51.614,True,-0.046895,1.184905,-0.075692,0.063642,0.019292,0.032947,-0.997242,True,0.016720,1.179109,-0.076388,0.064182,0.035392,0.031237,-0.996821
51.625,True,-0.046871,1.184877,-0.075690,0.063287,0.019091,0.032692,-0.997277,True,0.016747,1.179112,-0.076414,0.063824,0.035192,0.030985,-0.996859
51.636,True,-0.046847,1.184835,-0.075704,0.063369,0.019257,0.032410,-0.997278,True,0.016773,1.179102,-0.076448,0.063901,0.035358,0.030704,-0.996857
51.647,True,-0.046854,1.184782,-0.075700,0.062818,0.018577,0.032359,-0.997327,True,0.016767,1.179058,-0.076482,0.063349,0.034678,0.030656,-0.996918
51.658,True,-0.046837,1.184717,-0.075713,0.063379,0.017881,0.032339,-0.997305,True,0.016785,1.179004,-0.076512,0.063908,0.033984,0.030637,-0.996906
51.669,True,-0.046840,1.184670,-0.075735,0.063472,0.017400,0.032210,-0.997312,True,0.016783,1.178979,-0.076544,0.063998,0.033504,0.030510,-0.996921
51.681,True,-0.046869,1.184639,-0.075751,0.063751,0.017034,0.032171,-0.997302,True,0.016755,1.178957,-0.076576,0.064276,0.033138,0.030472,-0.996916
51.692,True,-0.046877,1.184617,-0.075780,0.063781,0.016854,0.032164,-0.997303,True,0.016748,1.178940,-0.076595,0.064306,0.032959,0.030464,-0.996921
51.703,True,-0.046925,1.184610,-0.075801,0.063833,0.016651,0.032108,-0.997305,True,0.016701,1.178943,-0.076610,0.064356,0.032756,0.030409,-0.996926
51.714,True,-0.046991,1.184610,-0.075834,0.064406,0.016373,0.032139,-0.997272,True,0.016636,1.178949,-0.076623,0.064929,0.032480,0.030440,-0.996897
51.725,True,-0.047056,1.184576,-0.075861,0.064717,0.016788,0.032063,-0.997247,True,0.016572,1.178926,-0.076614,0.065238,0.032894,0.030363,-0.996865
51.736,True,-0.047145,1.184617,-0.075907,0.064823,0.017079,0.032070,-0.997235,True,0.016484,1.178968,-0.076626,0.065344,0.033186,0.030372,-0.996848
51.747,True,-0.047229,1.184665,-0.075959,0.064874,0.017118,0.032103,-0.997230,True,0.016400,1.179017,-0.076645,0.065396,0.033225,0.030404,-0.996843
51.758,True,-0.047292,1.184662,-0.076020,0.064994,0.017350,0.032089,-0.997219,True,0.016338,1.179021,-0.076660,0.065516,0.033457,0.030388,-0.996827
51.769,True,-0.047371,1.184659,-0.076070,0.065067,0.017397,0.032048,-0.997214,True,0.016260,1.179027,-0.076676,0.065588,0.033504,0.030346,-0.996822
51.781,True,-0.047442,1.184641,-0.076122,0.065206,0.017323,0.031851,-0.997213,True,0.016192,1.179041,-0.076696,0.065723,0.033430,0.030147,-0.996822
51.792,True,-0.047510,1.184634,-0.076139,0.065333,0.017412,0.031701,-0.997208,True,0.016127,1.179056,-0.076686,0.065848,0.033519,0.029997,-0.996815
51.803,True,-0.047572,1.184660,-0.076175,0.065527,0.017504,0.031569,-0.997198,True,0.016066,1.179102,-0.076694,0.066039,0.033611,0.029863,-0.996804
51.814,True,-0.047612,1.184706,-0.076214,0.065492,0.017734,0.031749,-0.997190,True,0.016025,1.179128,-0.076699,0.066007,0.033840,0.030043,-0.996793
51.828,True,-0.047657,1.184684,-0.076237,0.065707,0.017608,0.031979,-0.997171,True,0.015978,1.179080,-0.076710,0.066226,0.033715,0.030273,-0.996775
51.839,True,-0.047677,1.184696,-0.076248,0.065846,0.017361,0.032053,-0.997164,True,0.015957,1.179086,-0.076727,0.066366,0.033468,0.030349,-0.996772
51.850,True,-0.047702,1.184694,-0.076259,0.065880,0.017285,0.032032,-0.997164,True,0.015933,1.179089,-0.076741,0.066399,0.033393,0.030328,-0.996773
51.861,True,-0.047700,1.184667,-0.076256,0.066004,0.017190,0.031672,-0.997168,True,0.015938,1.179109,-0.076737,0.066517,0.033299,0.029968,-0.996779
51.873,True,-0.047700,1.184677,-0.076243,0.066076,0.017050,0.031477,-0.997172,True,0.015941,1.179146,-0.076729,0.066585,0.033159,0.029773,-0.996785
51.884,True,-0.047695,1.184684,-0.076229,0.065954,0.017469,0.031147,-0.997183,True,0.015949,1.179187,-0.076720,0.066459,0.033577,0.029441,-0.996789
51.895,True,-0.047679,1.184713,-0.076208,0.066157,0.017307,0.031227,-0.997170,True,0.015964,1.179207,-0.076706,0.066663,0.033415,0.029521,-0.996779
51.906,True,-0.047651,1.184734,-0.076176,0.066338,0.017043,0.031338,-0.997159,True,0.015990,1.179215,-0.076690,0.066845,0.033152,0.029631,-0.996772
51.917,True,-0.047608,1.184757,-0.076147,0.066602,0.016787,0.031500,-0.997141,True,0.016033,1.179220,-0.076670,0.067112,0.032896,0.029793,-0.996758
51.928,True,-0.047567,1.184758,-0.076104,0.066532,0.016563,0.031732,-0.997142,True,0.016071,1.179191,-0.076644,0.067046,0.032672,0.030026,-0.996763
51.939,True,-0.047509,1.184755,-0.076065,0.066568,0.015968,0.031962,-0.997142,True,0.016128,1.179128,-0.076621,0.067084,0.032077,0.030256,-0.996773
51.951,True,-0.047455,1.184751,-0.076023,0.066490,0.015470,0.032174,-0.997148,True,0.016180,1.179101,-0.076597,0.067008,0.031580,0.030470,-0.996787
51.962,True,-0.047418,1.184719,-0.075993,0.066407,0.015214,0.032214,-0.997156,True,0.016216,1.179064,-0.076584,0.066926,0.031323,0.030509,-0.996799
51.973,True,-0.047355,1.184727,-0.075929,0.066150,0.014986,0.032293,-0.997174,True,0.016278,1.179062,-0.076534,0.066670,0.031095,0.030589,-0.996821
51.984,True,-0.047305,1.184730,-0.075877,0.066380,0.014118,0.032552,-0.997163,True,0.016326,1.179040,-0.076505,0.066903,0.030227,0.030848,-0.996824
51.995,True,-0.047242,1.184754,-0.075824,0.066303,0.014069,0.032738,-0.997163,True,0.016386,1.179038,-0.076467,0.066829,0.030178,0.031034,-0.996825
52.006,True,-0.047189,1.184769,-0.075764,0.066272,0.013946,0.032894,-0.997162,True,0.016437,1.179030,-0.076432,0.066801,0.030055,0.031189,-0.996826
52.017,True,-0.047134,1.184773,-0.075720,0.065941,0.014702,0.032932,-0.997172,True,0.016490,1.179014,-0.076410,0.066471,0.030810,0.031228,-0.996824
52.028,True,-0.047088,1.184756,-0.075664,0.065538,0.014425,0.032929,-0.997202,True,0.016535,1.178997,-0.076378,0.066068,0.030533,0.031226,-0.996859
52.039,True,-0.047045,1.184733,-0.075620,0.065058,0.014038,0.033016,-0.997236,True,0.016577,1.178964,-0.076348,0.065589,0.030145,0.031314,-0.996900
52.050,True,-0.047022,1.184697,-0.075577,0.064809,0.013762,0.033106,-0.997253,True,0.016600,1.178918,-0.076318,0.065342,0.029869,0.031406,-0.996921
52.062,True,-0.047003,1.184655,-0.075540,0.064835,0.013780,0.033101,-0.997252,True,0.016618,1.178875,-0.076294,0.065368,0.029888,0.031402,-0.996919
52.073,True,-0.046979,1.184618,-0.075498,0.064285,0.013646,0.033067,-0.997290,True,0.016642,1.178844,-0.076260,0.064817,0.029753,0.031371,-0.996960
52.084,True,-0.046979,1.184584,-0.075471,0.063803,0.013827,0.033045,-0.997320,True,0.016642,1.178809,-0.076239,0.064334,0.029934,0.031352,-0.996987
52.095,True,-0.046988,1.184538,-0.075465,0.063720,0.014128,0.032936,-0.997324,True,0.016634,1.178773,-0.076229,0.064251,0.030235,0.031243,-0.996986
52.106,True,-0.047003,1.184506,-0.075443,0.063232,0.014122,0.032840,-0.997359,True,0.016621,1.178753,-0.076202,0.063761,0.030228,0.031148,-0.997021
52.117,True,-0.047018,1.184492,-0.075415,0.063104,0.014347,0.032813,-0.997364,True,0.016606,1.178741,-0.076169,0.063633,0.030453,0.031122,-0.997023
52.128,True,-0.047049,1.184448,-0.075407,0.063489,0.014847,0.032678,-0.997337,True,0.016576,1.178712,-0.076143,0.064017,0.030954,0.030989,-0.996987
52.139,True,-0.047079,1.184421,-0.075384,0.063220,0.015080,0.032602,-0.997353,True,0.016548,1.178694,-0.076107,0.063746,0.031187,0.030914,-0.997000
52.150,True,-0.047100,1.184394,-0.075365,0.063143,0.015373,0.032462,-0.997358,True,0.016528,1.178683,-0.076075,0.063668,0.031480,0.030775,-0.997000
52.162,True,-0.047118,1.184382,-0.075356,0.063246,0.015770,0.032356,-0.997349,True,0.016511,1.178684,-0.076048,0.063770,0.031877,0.030670,-0.996984
52.173,True,-0.047154,1.184382,-0.075344,0.063523,0.016207,0.032268,-0.997327,True,0.016477,1.178693,-0.076012,0.064046,0.032315,0.030581,-0.996955
52.183,True,-0.047176,1.184377,-0.075350,0.063681,0.016309,0.032237,-0.997316,True,0.016455,1.178693,-0.076006,0.064203,0.032417,0.030550,-0.996942
52.195,True,-0.047203,1.184370,-0.075354,0.063763,0.016451,0.032148,-0.997312,True,0.016429,1.178700,-0.075986,0.064284,0.032559,0.030460,-0.996935
52.206,True,-0.047221,1.184380,-0.075348,0.063502,0.016660,0.032077,-0.997327,True,0.016412,1.178719,-0.075960,0.064022,0.032768,0.030390,-0.996947
52.217,True,-0.047225,1.184376,-0.075340,0.063576,0.016655,0.032006,-0.997325,True,0.016409,1.178726,-0.075943,0.064095,0.032762,0.030317,-0.996945
52.228,True,-0.047216,1.184378,-0.075341,0.063563,0.016605,0.031857,-0.997331,True,0.016421,1.178749,-0.075932,0.064079,0.032712,0.030169,-0.996952
52.239,True,-0.047215,1.184378,-0.075337,0.063719,0.016823,0.031754,-0.997321,True,0.016423,1.178762,-0.075911,0.064234,0.032930,0.030064,-0.996938
52.250,True,-0.047201,1.184369,-0.075351,0.063960,0.017426,0.031734,-0.997296,True,0.016436,1.178750,-0.075914,0.064475,0.033533,0.030043,-0.996903
52.261,True,-0.047190,1.184371,-0.075351,0.064065,0.018579,0.031671,-0.997270,True,0.016447,1.178746,-0.075905,0.064582,0.034686,0.029980,-0.996859
52.273,True,-0.047172,1.184369,-0.075342,0.064432,0.019740,0.031635,-0.997225,True,0.016464,1.178734,-0.075896,0.064950,0.035847,0.029943,-0.996795
52.284,True,-0.047135,1.184368,-0.075333,0.064936,0.021306,0.031602,-0.997161,True,0.016500,1.178718,-0.075890,0.065457,0.037413,0.029910,-0.996705
52.295,True,-0.047086,1.184373,-0.075318,0.065013,0.022046,0.031565,-0.997141,True,0.016548,1.178716,-0.075878,0.065535,0.038152,0.029872,-0.996673
52.306,True,-0.047046,1.184399,-0.075298,0.065009,0.021511,0.031718,-0.997149,True,0.016587,1.178728,-0.075868,0.065532,0.037617,0.030024,-0.996689
52.317,True,-0.047004,1.184430,-0.075288,0.064934,0.023748,0.031657,-0.997105,True,0.016626,1.178735,-0.075867,0.065460,0.039852,0.029962,-0.996609
52.328,True,-0.046956,1.184433,-0.075276,0.065246,0.023502,0.031790,-0.997086,True,0.016673,1.178722,-0.075872,0.065774,0.039606,0.030094,-0.996594
52.339,True,-0.046879,1.184399,-0.075270,0.065274,0.024300,0.031659,-0.997069,True,0.016750,1.178692,-0.075875,0.065802,0.040403,0.029963,-0.996564
52.350,True,-0.046830,1.184348,-0.075242,0.065326,0.025614,0.031326,-0.997043,True,0.016801,1.178665,-0.075863,0.065850,0.041716,0.029631,-0.996517
52.362,True,-0.046766,1.184284,-0.075225,0.065564,0.026344,0.031077,-0.997016,True,0.016867,1.178620,-0.075865,0.066086,0.042444,0.029381,-0.996478
52.373,True,-0.046707,1.184290,-0.075197,0.065675,0.026983,0.031035,-0.996993,True,0.016926,1.178622,-0.075844,0.066198,0.043082,0.029340,-0.996444
52.384,True,-0.046627,1.184347,-0.075168,0.065805,0.028135,0.031154,-0.996949,True,0.017002,1.178645,-0.075834,0.066332,0.044232,0.029458,-0.996382
52.395,True,-0.046551,1.184433,-0.075146,0.065985,0.028585,0.031432,-0.996916,True,0.017074,1.178687,-0.075825,0.066517,0.044681,0.029736,-0.996341
52.406,True,-0.046472,1.184513,-0.075116,0.066136,0.028972,0.031726,-0.996885,True,0.017149,1.178722,-0.075807,0.066673,0.045067,0.030029,-0.996304
52.417,True,-0.046406,1.184564,-0.075098,0.066694,0.030100,0.031927,-0.996808,True,0.017211,1.178731,-0.075812,0.067237,0.046194,0.030232,-0.996209
52.428,True,-0.046338,1.184556,-0.075061,0.066556,0.029800,0.032006,-0.996824,True,0.017277,1.178712,-0.075814,0.067099,0.045893,0.030313,-0.996229
52.439,True,-0.046277,1.184528,-0.075033,0.066449,0.030644,0.031683,-0.996816,True,0.017340,1.178711,-0.075809,0.066989,0.046735,0.029992,-0.996207
52.450,True,-0.046365,1.184531,-0.074926,0.066072,0.030757,0.031447,-0.996845,True,0.017393,1.178726,-0.075800,0.066609,0.046848,0.029760,-0.996234
52.465,True,-0.046332,1.184458,-0.074947,0.065907,0.031135,0.031081,-0.996856,True,0.017429,1.178694,-0.075836,0.066438,0.047225,0.029397,-0.996239
52.476,True,-0.046308,1.184411,-0.074946,0.066074,0.031723,0.030917,-0.996831,True,0.017454,1.178659,-0.075845,0.066604,0.047813,0.029233,-0.996204
52.487,True,-0.046291,1.184381,-0.074966,0.066152,0.032695,0.030885,-0.996795,True,0.017470,1.178621,-0.075871,0.066683,0.048783,0.029204,-0.996153
52.498,True,-0.046271,1.184340,-0.074965,0.066272,0.032915,0.030939,-0.996779,True,0.017488,1.178568,-0.075880,0.066805,0.049001,0.029257,-0.996133
52.510,True,-0.046249,1.184305,-0.074973,0.066551,0.033707,0.030878,-0.996735,True,0.017511,1.178530,-0.075891,0.067084,0.049791,0.029195,-0.996077
52.521,True,-0.046264,1.184279,-0.074992,0.066658,0.033922,0.030847,-0.996722,True,0.017495,1.178505,-0.075912,0.067191,0.050006,0.029163,-0.996059
52.532,True,-0.046251,1.184274,-0.075019,0.067172,0.034557,0.030804,-0.996667,True,0.017508,1.178500,-0.075917,0.067704,0.050640,0.029116,-0.995994
52.543,True,-0.046263,1.184300,-0.075022,0.067534,0.034694,0.030814,-0.996637,True,0.017496,1.178524,-0.075910,0.068066,0.050776,0.029125,-0.995962
52.554,True,-0.046271,1.184311,-0.075045,0.067827,0.035477,0.030719,-0.996593,True,0.017489,1.178539,-0.075917,0.068359,0.051557,0.029028,-0.995905
52.565,True,-0.046280,1.184348,-0.075070,0.067935,0.035840,0.030708,-0.996573,True,0.017481,1.178576,-0.075918,0.068467,0.051919,0.029016,-0.995879
52.576,True,-0.046292,1.184384,-0.075100,0.068137,0.036340,0.030600,-0.996544,True,0.017470,1.178623,-0.075921,0.068668,0.052419,0.028907,-0.995842
52.587,True,-0.046316,1.184394,-0.075133,0.067957,0.036990,0.030535,-0.996535,True,0.017446,1.178636,-0.075938,0.068488,0.053066,0.028842,-0.995822
52.598,True,-0.046347,1.184413,-0.075171,0.067401,0.037709,0.030576,-0.996544,True,0.017415,1.178643,-0.075952,0.067934,0.053783,0.028884,-0.995820
52.610,True,-0.046367,1.184382,-0.075192,0.067808,0.038480,0.030370,-0.996493,True,0.017397,1.178631,-0.075961,0.068339,0.054552,0.028677,-0.995757
52.621,True,-0.046397,1.184362,-0.075226,0.068007,0.038850,0.030119,-0.996473,True,0.017370,1.178641,-0.075977,0.068533,0.054921,0.028426,-0.995730
52.632,True,-0.046410,1.184392,-0.075255,0.068182,0.039256,0.029932,-0.996451,True,0.017359,1.178694,-0.075984,0.068706,0.055327,0.028239,-0.995701
52.643,True,-0.046423,1.184434,-0.075280,0.068428,0.039637,0.029952,-0.996418,True,0.017345,1.178731,-0.075987,0.068953,0.055706,0.028256,-0.995663
52.654,True,-0.046449,1.184479,-0.075314,0.068790,0.040145,0.030216,-0.996365,True,0.017317,1.178740,-0.075993,0.069320,0.056213,0.028518,-0.995601
52.665,True,-0.046449,1.184530,-0.075320,0.068546,0.037575,0.030828,-0.996463,True,0.017313,1.178748,-0.075988,0.069081,0.053651,0.029129,-0.995741
52.676,True,-0.046438,1.184567,-0.075330,0.067198,0.029853,0.031712,-0.996789,True,0.017323,1.178771,-0.075997,0.067735,0.045949,0.030014,-0.996193
52.688,True,-0.046429,1.184586,-0.075345,0.068542,0.036639,0.030871,-0.996497,True,0.017334,1.178808,-0.076014,0.069076,0.052718,0.029169,-0.995790
52.698,True,-0.046408,1.184628,-0.075351,0.066427,0.030146,0.031307,-0.996844,True,0.017357,1.178876,-0.076017,0.066959,0.046239,0.029604,-0.996244
52.710,True,-0.046379,1.184653,-0.075343,0.061032,0.018572,0.032096,-0.997447,True,0.017389,1.178939,-0.076012,0.061557,0.034670,0.030396,-0.997038
52.721,True,-0.046347,1.184693,-0.075372,0.048804,-0.002811,0.034013,-0.998225,True,0.017422,1.178987,-0.076035,0.049304,0.013235,0.032326,-0.998173
52.732,True,-0.046305,1.184738,-0.075372,0.050789,-0.004212,0.034236,-0.998114,True,0.017463,1.179027,-0.076037,0.051291,0.011836,0.032547,-0.998083
52.743,True,-0.046246,1.184774,-0.075352,0.047618,-0.008850,0.034777,-0.998221,True,0.017521,1.179044,-0.076032,0.048113,0.007174,0.033092,-0.998268
52.754,True,-0.046191,1.184796,-0.075380,0.047094,-0.012189,0.035279,-0.998193,True,0.017573,1.179044,-0.076072,0.047587,0.003823,0.033597,-0.998295
52.765,True,-0.046125,1.184795,-0.075366,0.055541,-0.004826,0.034794,-0.997838,True,0.017638,1.179028,-0.076073,0.056055,0.011233,0.033103,-0.997816
52.776,True,-0.046062,1.184798,-0.075331,0.054774,-0.005633,0.034990,-0.997870,True,0.017698,1.179012,-0.076055,0.055289,0.010422,0.033301,-0.997861
52.788,True,-0.046011,1.184792,-0.075343,0.056048,-0.004175,0.034952,-0.997807,True,0.017749,1.178995,-0.076068,0.056567,0.011887,0.033262,-0.997774
52.799,True,-0.045961,1.184791,-0.075319,0.056538,-0.004941,0.035220,-0.997767,True,0.017797,1.178970,-0.076049,0.057059,0.011120,0.033529,-0.997746
52.810,True,-0.045911,1.184794,-0.075288,0.056856,-0.005551,0.035388,-0.997740,True,0.017846,1.178961,-0.076015,0.057379,0.010510,0.033699,-0.997728
52.821,True,-0.045862,1.184782,-0.075301,0.055529,-0.009266,0.035935,-0.997767,True,0.017893,1.178927,-0.076020,0.056050,0.006779,0.034250,-0.997817
52.832,True,-0.045813,1.184796,-0.075270,0.059529,-0.006136,0.035885,-0.997563,True,0.017939,1.178918,-0.075983,0.060062,0.009928,0.034197,-0.997559
52.843,True,-0.045784,1.184818,-0.075237,0.058818,-0.007681,0.036224,-0.997582,True,0.017966,1.178916,-0.075946,0.059352,0.008377,0.034539,-0.997604
52.854,True,-0.045760,1.184816,-0.075257,0.059774,-0.007279,0.036340,-0.997524,True,0.017989,1.178896,-0.075967,0.060312,0.008783,0.034655,-0.997539
52.865,True,-0.045723,1.184823,-0.075231,0.060036,-0.006366,0.036341,-0.997514,True,0.018025,1.178892,-0.075939,0.060576,0.009699,0.034655,-0.997515
52.876,True,-0.045699,1.184816,-0.075182,0.059547,-0.006166,0.036333,-0.997545,True,0.018048,1.178880,-0.075905,0.060087,0.009899,0.034649,-0.997543
52.888,True,-0.045677,1.184774,-0.075170,0.061188,-0.006646,0.036415,-0.997440,True,0.018070,1.178838,-0.075902,0.061729,0.009422,0.034731,-0.997444
52.899,True,-0.045655,1.184725,-0.075157,0.058619,-0.007817,0.036147,-0.997595,True,0.018096,1.178830,-0.075905,0.059152,0.008243,0.034468,-0.997620
52.910,True,-0.045633,1.184680,-0.075131,0.058705,-0.008118,0.035994,-0.997593,True,0.018120,1.178809,-0.075886,0.059235,0.007942,0.034318,-0.997622
52.921,True,-0.045610,1.184654,-0.075111,0.058587,-0.008158,0.035923,-0.997602,True,0.018143,1.178791,-0.075873,0.059116,0.007902,0.034249,-0.997632
52.932,True,-0.045583,1.184639,-0.075071,0.059262,-0.007883,0.035803,-0.997569,True,0.018171,1.178788,-0.075845,0.059791,0.008180,0.034131,-0.997594
52.943,True,-0.045567,1.184634,-0.075056,0.059425,-0.008063,0.035781,-0.997559,True,0.018188,1.178789,-0.075827,0.059953,0.008000,0.034109,-0.997586
52.954,True,-0.045551,1.184612,-0.075049,0.059957,-0.008396,0.035813,-0.997523,True,0.018204,1.178770,-0.075817,0.060485,0.007667,0.034140,-0.997556
52.965,True,-0.045527,1.184628,-0.075035,0.060324,-0.009631,0.036012,-0.997483,True,0.018228,1.178779,-0.075790,0.060853,0.006428,0.034340,-0.997535
52.976,True,-0.045514,1.184635,-0.075014,0.059737,-0.010032,0.036093,-0.997511,True,0.018240,1.178781,-0.075760,0.060266,0.006024,0.034420,-0.997571
52.988,True,-0.045516,1.184645,-0.074999,0.059157,-0.010475,0.036196,-0.997537,True,0.018237,1.178784,-0.075738,0.059685,0.005578,0.034524,-0.997605
52.999,True,-0.045503,1.184654,-0.074986,0.060240,-0.009988,0.036187,-0.997478,True,0.018251,1.178792,-0.075711,0.060770,0.006069,0.034513,-0.997537
53.010,True,-0.045500,1.184654,-0.074968,0.059123,-0.010809,0.036261,-0.997533,True,0.018254,1.178792,-0.075682,0.059651,0.005241,0.034587,-0.997606
53.021,True,-0.045500,1.184674,-0.074967,0.058319,-0.011307,0.036416,-0.997570,True,0.018253,1.178799,-0.075666,0.058848,0.004740,0.034743,-0.997651
53.032,True,-0.045490,1.184667,-0.074954,0.056348,-0.012123,0.036423,-0.997673,True,0.018264,1.178796,-0.075654,0.056872,0.003916,0.034751,-0.997769
53.043,True,-0.045472,1.184663,-0.074939,0.056249,-0.012653,0.036484,-0.997670,True,0.018282,1.178793,-0.075633,0.056773,0.003384,0.034813,-0.997774
53.054,True,-0.045459,1.184668,-0.074931,0.055488,-0.013157,0.036493,-0.997706,True,0.018295,1.178800,-0.075634,0.056010,0.002876,0.034822,-0.997819
53.066,True,-0.045433,1.184698,-0.074914,0.054263,-0.013800,0.036587,-0.997761,True,0.018320,1.178824,-0.075606,0.054783,0.002226,0.034916,-0.997885
53.077,True,-0.045434,1.184757,-0.074880,0.053663,-0.014305,0.036776,-0.997779,True,0.018317,1.178862,-0.075582,0.054184,0.001718,0.035105,-0.997912
53.088,True,-0.045411,1.184781,-0.074903,0.053398,-0.014497,0.036895,-0.997786,True,0.018339,1.178873,-0.075593,0.053920,0.001523,0.035220,-0.997923
53.099,True,-0.045410,1.184834,-0.074874,0.052961,-0.014604,0.036980,-0.997805,True,0.018339,1.178915,-0.075564,0.053483,0.001414,0.035307,-0.997943
53.110,True,-0.045403,1.184795,-0.074860,0.052010,-0.015084,0.036828,-0.997853,True,0.018348,1.178899,-0.075551,0.052527,0.000930,0.035154,-0.998000
53.121,True,-0.045429,1.184686,-0.074865,0.050894,-0.015756,0.036452,-0.997914,True,0.018328,1.178844,-0.075558,0.051401,0.000252,0.034779,-0.998072
53.132,True,-0.045441,1.184641,-0.074845,0.050317,-0.015803,0.036265,-0.997950,True,0.018317,1.178825,-0.075524,0.050821,0.000204,0.034595,-0.998108
53.143,True,-0.045462,1.184606,-0.074831,0.049816,-0.015875,0.036124,-0.997979,True,0.018298,1.178810,-0.075497,0.050317,0.000131,0.034456,-0.998139
53.154,True,-0.045457,1.184623,-0.074842,0.049642,-0.015953,0.036303,-0.997980,True,0.018301,1.178806,-0.075498,0.050145,0.000051,0.034635,-0.998141
53.165,True,-0.045468,1.184678,-0.074810,0.049230,-0.016185,0.036514,-0.997989,True,0.018288,1.178836,-0.075461,0.049735,-0.000184,0.034846,-0.998154
53.177,True,-0.045473,1.184733,-0.074796,0.049071,-0.016366,0.036777,-0.997984,True,0.018281,1.178861,-0.075433,0.049580,-0.000366,0.035109,-0.998153
53.188,True,-0.045481,1.184752,-0.074795,0.048599,-0.016935,0.037014,-0.997989,True,0.018271,1.178857,-0.075431,0.049109,-0.000939,0.035348,-0.998167
53.199,True,-0.045497,1.184757,-0.074775,0.048231,-0.017181,0.037118,-0.997998,True,0.018254,1.178850,-0.075417,0.048742,-0.001186,0.035455,-0.998181
53.210,True,-0.045509,1.184750,-0.074756,0.047826,-0.017415,0.037019,-0.998018,True,0.018243,1.178859,-0.075400,0.048335,-0.001422,0.035359,-0.998204
53.221,True,-0.045519,1.184743,-0.074777,0.047525,-0.017578,0.036900,-0.998034,True,0.018235,1.178869,-0.075419,0.048031,-0.001586,0.035243,-0.998223
53.232,True,-0.045547,1.184724,-0.074777,0.047581,-0.017248,0.036670,-0.998045,True,0.018209,1.178876,-0.075415,0.048084,-0.001253,0.035014,-0.998229
53.243,True,-0.045569,1.184705,-0.074785,0.047720,-0.016114,0.036502,-0.998064,True,0.018188,1.178866,-0.075410,0.048224,-0.000114,0.034847,-0.998229
53.254,True,-0.045578,1.184667,-0.074810,0.047134,-0.014797,0.036344,-0.998118,True,0.018179,1.178828,-0.075441,0.047638,0.001208,0.034689,-0.998262
53.266,True,-0.045596,1.184626,-0.074823,0.046713,-0.011198,0.035968,-0.998198,True,0.018160,1.178786,-0.075458,0.047221,0.004821,0.034311,-0.998283
53.277,True,-0.045615,1.184591,-0.074833,0.047814,-0.008895,0.035753,-0.998177,True,0.018142,1.178751,-0.075471,0.048326,0.007135,0.034093,-0.998224
53.288,True,-0.045649,1.184567,-0.074867,0.049482,-0.006395,0.035483,-0.998124,True,0.018108,1.178732,-0.075507,0.049998,0.009648,0.033820,-0.998130
53.299,True,-0.045675,1.184549,-0.074884,0.051223,-0.003625,0.035152,-0.998062,True,0.018083,1.178724,-0.075528,0.051742,0.012430,0.033484,-0.998022
53.310,True,-0.045695,1.184556,-0.074907,0.053420,0.001139,0.034638,-0.997971,True,0.018064,1.178740,-0.075545,0.053945,0.017210,0.032964,-0.997851
53.321,True,-0.045727,1.184590,-0.074940,0.053878,0.003181,0.034442,-0.997948,True,0.018033,1.178774,-0.075571,0.054405,0.019257,0.032766,-0.997795
53.332,True,-0.045749,1.184601,-0.074983,0.055009,0.005772,0.034082,-0.997887,True,0.018011,1.178799,-0.075612,0.055536,0.021854,0.032400,-0.997692
53.343,True,-0.045776,1.184635,-0.075008,0.055193,0.006507,0.033938,-0.997878,True,0.017985,1.178841,-0.075638,0.055720,0.022590,0.032254,-0.997670
53.354,True,-0.045775,1.184689,-0.075081,0.054945,0.006764,0.033970,-0.997888,True,0.017986,1.178889,-0.075695,0.055472,0.022846,0.032285,-0.997677
53.365,True,-0.045790,1.184721,-0.075121,0.055177,0.007284,0.033993,-0.997871,True,0.017970,1.178911,-0.075736,0.055706,0.023367,0.032307,-0.997651
53.376,True,-0.045816,1.184698,-0.075167,0.055700,0.008559,0.033870,-0.997836,True,0.017944,1.178888,-0.075781,0.056230,0.024645,0.032183,-0.997595
53.387,True,-0.045821,1.184692,-0.075233,0.055895,0.008970,0.033808,-0.997824,True,0.017939,1.178887,-0.075841,0.056426,0.025056,0.032121,-0.997575
53.399,True,-0.045830,1.184690,-0.075285,0.056650,0.010180,0.033468,-0.997781,True,0.017933,1.178914,-0.075895,0.057179,0.026269,0.031779,-0.997512
53.410,True,-0.045836,1.184726,-0.075345,0.056660,0.010887,0.033260,-0.997780,True,0.017929,1.178969,-0.075938,0.057187,0.026976,0.031571,-0.997500
53.421,True,-0.045847,1.184739,-0.075396,0.056562,0.011384,0.033322,-0.997778,True,0.017917,1.178969,-0.075977,0.057090,0.027474,0.031632,-0.997490
53.432,True,-0.045861,1.184788,-0.075451,0.055172,0.012707,0.033470,-0.997835,True,0.017900,1.178978,-0.076013,0.055705,0.028793,0.031778,-0.997526
53.443,True,-0.045863,1.184863,-0.075495,0.056024,0.013549,0.033693,-0.997769,True,0.017894,1.179016,-0.076052,0.056564,0.029636,0.031997,-0.997446
53.454,True,-0.045867,1.184928,-0.075544,0.056847,0.014117,0.033728,-0.997713,True,0.017889,1.179069,-0.076101,0.057388,0.030205,0.032028,-0.997381
53.465,True,-0.045652,1.184920,-0.075601,0.057567,0.014674,0.033462,-0.997673,True,0.017883,1.179178,-0.076140,0.058106,0.030763,0.031757,-0.997331
53.476,True,-0.045648,1.184988,-0.075644,0.057487,0.014704,0.033104,-0.997689,True,0.017891,1.179291,-0.076174,0.058019,0.030792,0.031393,-0.997347
53.488,True,-0.045645,1.185056,-0.075689,0.057443,0.014750,0.032930,-0.997697,True,0.017896,1.179381,-0.076210,0.057973,0.030837,0.031216,-0.997353
53.499,True,-0.045641,1.185105,-0.075724,0.056414,0.014704,0.032892,-0.997757,True,0.017901,1.179432,-0.076235,0.056943,0.030788,0.031175,-0.997416
53.510,True,-0.045629,1.185145,-0.075760,0.056376,0.014604,0.032995,-0.997757,True,0.017911,1.179459,-0.076270,0.056907,0.030686,0.031276,-0.997418
53.521,True,-0.045601,1.185154,-0.075785,0.056579,0.014779,0.033209,-0.997736,True,0.017937,1.179438,-0.076301,0.057113,0.030862,0.031489,-0.997394
53.532,True,-0.045565,1.185178,-0.075807,0.056278,0.014981,0.033254,-0.997749,True,0.017972,1.179452,-0.076329,0.056813,0.031063,0.031534,-0.997403
53.543,True,-0.045533,1.185189,-0.075829,0.056567,0.015143,0.033294,-0.997729,True,0.018003,1.179455,-0.076354,0.057104,0.031225,0.031572,-0.997380
53.554,True,-0.045509,1.185213,-0.075841,0.057048,0.015269,0.033484,-0.997693,True,0.018024,1.179453,-0.076372,0.057588,0.031353,0.031761,-0.997343
53.565,True,-0.045468,1.185248,-0.075864,0.056652,0.015367,0.033564,-0.997711,True,0.018064,1.179474,-0.076392,0.057194,0.031448,0.031839,-0.997360
53.576,True,-0.045438,1.185283,-0.075871,0.056820,0.015613,0.033668,-0.997694,True,0.018092,1.179491,-0.076406,0.057364,0.031694,0.031941,-0.997339
53.588,True,-0.045413,1.185310,-0.075888,0.057015,0.015901,0.033800,-0.997674,True,0.018116,1.179497,-0.076427,0.057562,0.031983,0.032073,-0.997314
53.599,True,-0.045367,1.185339,-0.075905,0.058034,0.016502,0.033910,-0.997602,True,0.018159,1.179505,-0.076446,0.058584,0.032586,0.032180,-0.997232
53.610,True,-0.045342,1.185365,-0.075892,0.057867,0.016709,0.033982,-0.997606,True,0.018183,1.179516,-0.076449,0.058419,0.032792,0.032251,-0.997232
53.621,True,-0.045319,1.185375,-0.075874,0.057480,0.016832,0.033945,-0.997628,True,0.018205,1.179524,-0.076453,0.058032,0.032914,0.032214,-0.997252
53.632,True,-0.045296,1.185390,-0.075867,0.057420,0.016971,0.033995,-0.997627,True,0.018228,1.179529,-0.076455,0.057973,0.033053,0.032264,-0.997249
53.643,True,-0.045285,1.185388,-0.075851,0.056764,0.016308,0.034063,-0.997673,True,0.018238,1.179524,-0.076455,0.057317,0.032389,0.032333,-0.997307
53.654,True,-0.045295,1.185345,-0.075857,0.055981,0.016266,0.033993,-0.997720,True,0.018229,1.179485,-0.076475,0.056533,0.032345,0.032263,-0.997355
53.665,True,-0.045290,1.185318,-0.075834,0.055624,0.016351,0.033849,-0.997744,True,0.018235,1.179474,-0.076467,0.056174,0.032430,0.032122,-0.997377
53.676,True,-0.045286,1.185283,-0.075819,0.055342,0.016989,0.033714,-0.997754,True,0.018240,1.179445,-0.076463,0.055892,0.033067,0.031987,-0.997376
53.687,True,-0.045297,1.185236,-0.075811,0.054962,0.017869,0.033484,-0.997767,True,0.018230,1.179413,-0.076465,0.055510,0.033946,0.031759,-0.997375
53.698,True,-0.045318,1.185184,-0.075780,0.054789,0.017985,0.033276,-0.997781,True,0.018210,1.179384,-0.076452,0.055335,0.034063,0.031554,-0.997388
53.710,True,-0.045333,1.185156,-0.075758,0.054446,0.017956,0.033144,-0.997805,True,0.018197,1.179374,-0.076431,0.054989,0.034034,0.031424,-0.997412
53.721,True,-0.045354,1.185122,-0.075747,0.054093,0.018082,0.032984,-0.997827,True,0.018178,1.179357,-0.076424,0.054634,0.034159,0.031266,-0.997432
53.732,True,-0.045377,1.185089,-0.075729,0.053825,0.018116,0.032858,-0.997845,True,0.018156,1.179342,-0.076394,0.054364,0.034193,0.031143,-0.997450
53.743,True,-0.045408,1.185060,-0.075717,0.053601,0.018504,0.032761,-0.997853,True,0.018126,1.179321,-0.076376,0.054140,0.034580,0.031045,-0.997452
53.754,True,-0.045436,1.185050,-0.075719,0.053225,0.018926,0.032702,-0.997868,True,0.018099,1.179315,-0.076366,0.053764,0.035002,0.030989,-0.997459
53.765,True,-0.045467,1.185024,-0.075716,0.051862,0.018875,0.032632,-0.997943,True,0.018069,1.179298,-0.076345,0.052399,0.034948,0.030922,-0.997535
53.776,True,-0.045523,1.185017,-0.075693,0.051519,0.018963,0.032755,-0.997955,True,0.018011,1.179274,-0.076320,0.052058,0.035035,0.031047,-0.997546
53.787,True,-0.045567,1.185010,-0.075720,0.051058,0.019336,0.032661,-0.997974,True,0.017968,1.179277,-0.076328,0.051597,0.035408,0.030954,-0.997560
53.798,True,-0.045609,1.185009,-0.075702,0.050868,0.019543,0.032647,-0.997980,True,0.017926,1.179276,-0.076300,0.051407,0.035614,0.030941,-0.997563
53.810,True,-0.045641,1.185010,-0.075692,0.051073,0.019842,0.032639,-0.997964,True,0.017894,1.179277,-0.076273,0.051613,0.035914,0.030932,-0.997542
53.821,True,-0.045691,1.185005,-0.075716,0.050686,0.019955,0.032578,-0.997984,True,0.017845,1.179279,-0.076284,0.051225,0.036025,0.030869,-0.997560
53.832,True,-0.045722,1.185000,-0.075699,0.050504,0.019580,0.032503,-0.998003,True,0.017815,1.179289,-0.076257,0.051040,0.035649,0.030795,-0.997585
53.843,True,-0.045737,1.185029,-0.075686,0.050417,0.019644,0.032534,-0.998005,True,0.017801,1.179314,-0.076228,0.050954,0.035713,0.030823,-0.997586
53.854,True,-0.045772,1.185041,-0.075669,0.050061,0.019492,0.032574,-0.998025,True,0.017764,1.179320,-0.076220,0.050599,0.035560,0.030862,-0.997609
53.865,True,-0.045793,1.185084,-0.075646,0.050057,0.019707,0.032687,-0.998017,True,0.017742,1.179346,-0.076189,0.050596,0.035774,0.030975,-0.997598
53.876,True,-0.045813,1.185111,-0.075612,0.049819,0.019346,0.032851,-0.998030,True,0.017721,1.179355,-0.076161,0.050361,0.035413,0.031137,-0.997617
53.888,True,-0.045823,1.185070,-0.075623,0.049496,0.018751,0.032710,-0.998062,True,0.017713,1.179340,-0.076168,0.050033,0.034817,0.030997,-0.997659
53.898,True,-0.045839,1.185000,-0.075560,0.049574,0.018550,0.032449,-0.998071,True,0.017700,1.179303,-0.076123,0.050107,0.034616,0.030736,-0.997671
53.910,True,-0.045840,1.184968,-0.075542,0.049616,0.018845,0.032311,-0.998068,True,0.017701,1.179288,-0.076090,0.050147,0.034912,0.030598,-0.997662
53.921,True,-0.045842,1.184935,-0.075526,0.049180,0.018672,0.032264,-0.998094,True,0.017699,1.179263,-0.076071,0.049711,0.034738,0.030554,-0.997692
53.932,True,-0.045842,1.184943,-0.075464,0.048721,0.018789,0.032441,-0.998109,True,0.017697,1.179245,-0.076019,0.049255,0.034854,0.030732,-0.997705
53.943,True,-0.045825,1.184975,-0.075419,0.048583,0.018905,0.032566,-0.998109,True,0.017712,1.179259,-0.075976,0.049120,0.034970,0.030858,-0.997704
53.954,True,-0.045813,1.185005,-0.075403,0.048712,0.019637,0.032843,-0.998080,True,0.018208,1.178040,-0.076185,0.049255,0.035701,0.031136,-0.997662
53.965,True,-0.045803,1.185053,-0.075336,0.048704,0.020319,0.033137,-0.998057,True,0.018213,1.178041,-0.076133,0.049253,0.036384,0.031435,-0.997628
53.976,True,-0.045794,1.185040,-0.075302,0.048379,0.020376,0.033164,-0.998070,True,0.018221,1.178021,-0.076115,0.048929,0.036440,0.031462,-0.997641
53.987,True,-0.045817,1.185016,-0.075267,0.048040,0.020259,0.033076,-0.998092,True,0.018199,1.178007,-0.076102,0.048589,0.036323,0.031377,-0.997665
53.999,True,-0.045818,1.184994,-0.075227,0.046995,0.020262,0.032744,-0.998153,True,0.018202,1.178023,-0.076082,0.047539,0.036325,0.031048,-0.997726
54.010,True,-0.045814,1.184939,-0.075216,0.046928,0.020543,0.032358,-0.998163,True,0.018211,1.178014,-0.076071,0.047467,0.036606,0.030663,-0.997731
54.021,True,-0.045825,1.184897,-0.075194,0.046582,0.020750,0.032185,-0.998180,True,0.018202,1.177992,-0.076059,0.047118,0.036813,0.030495,-0.997745
54.032,True,-0.045850,1.184833,-0.075167,0.046510,0.020823,0.032151,-0.998183,True,0.018177,1.177930,-0.076048,0.047046,0.036886,0.030464,-0.997747
54.043,True,-0.045857,1.184786,-0.075159,0.046702,0.020790,0.032188,-0.998174,True,0.018169,1.177879,-0.076051,0.047239,0.036855,0.030503,-0.997737
54.054,True,-0.045851,1.184730,-0.075179,0.047082,0.020851,0.032265,-0.998152,True,0.018174,1.177813,-0.076075,0.047620,0.036916,0.030580,-0.997715
54.065,True,-0.045876,1.184700,-0.075174,0.047205,0.020895,0.032146,-0.998149,True,0.018150,1.177797,-0.076080,0.047742,0.036961,0.030461,-0.997711
54.077,True,-0.045889,1.184685,-0.075193,0.047349,0.021027,0.032102,-0.998141,True,0.018138,1.177787,-0.076084,0.047885,0.037093,0.030415,-0.997701
54.088,True,-0.045928,1.184681,-0.075212,0.047469,0.021149,0.032024,-0.998135,True,0.018100,1.177793,-0.076091,0.048004,0.037215,0.030336,-0.997693
54.099,True,-0.045980,1.184689,-0.075228,0.047296,0.020633,0.032039,-0.998154,True,0.018049,1.177806,-0.076097,0.047829,0.036698,0.030349,-0.997720
54.110,True,-0.046024,1.184719,-0.075254,0.047455,0.021051,0.031932,-0.998141,True,0.018006,1.177847,-0.076100,0.047988,0.037115,0.030240,-0.997700
54.121,True,-0.046044,1.184746,-0.075311,0.047703,0.021508,0.031963,-0.998118,True,0.017986,1.177868,-0.076124,0.048237,0.037573,0.030270,-0.997670
54.132,True,-0.046082,1.184790,-0.075349,0.047358,0.021131,0.032018,-0.998141,True,0.017948,1.177912,-0.076146,0.047892,0.037195,0.030325,-0.997699
54.143,True,-0.046112,1.184816,-0.075418,0.047775,0.021543,0.031971,-0.998114,True,0.017919,1.177943,-0.076187,0.048308,0.037608,0.030276,-0.997665
54.154,True,-0.046138,1.184810,-0.075460,0.047607,0.021656,0.032072,-0.998116,True,0.017892,1.177924,-0.076217,0.048142,0.037720,0.030378,-0.997666
54.165,True,-0.046151,1.184811,-0.075495,0.047889,0.021833,0.032038,-0.998100,True,0.017880,1.177930,-0.076237,0.048424,0.037898,0.030343,-0.997646
54.177,True,-0.046179,1.184820,-0.075548,0.048008,0.021977,0.031881,-0.998096,True,0.017855,1.177960,-0.076276,0.048541,0.038042,0.030186,-0.997640
54.188,True,-0.046186,1.184853,-0.075614,0.048233,0.022200,0.031786,-0.998083,True,0.017849,1.178004,-0.076320,0.048764,0.038265,0.030088,-0.997623
54.199,True,-0.046200,1.184903,-0.075676,0.048607,0.022716,0.031873,-0.998051,True,0.017833,1.178040,-0.076359,0.049141,0.038781,0.030174,-0.997583
54.210,True,-0.046208,1.184949,-0.075733,0.049138,0.023341,0.032074,-0.998004,True,0.017823,1.178054,-0.076399,0.049676,0.039406,0.030373,-0.997526
54.221,True,-0.046262,1.185103,-0.075766,0.050125,0.024505,0.032306,-0.997920,True,0.017813,1.178048,-0.076465,0.050670,0.040570,0.030601,-0.997422
54.232,True,-0.046239,1.185149,-0.075795,0.050447,0.024572,0.032204,-0.997905,True,0.017837,1.178103,-0.076514,0.050991,0.040638,0.030496,-0.997406
54.243,True,-0.046224,1.185185,-0.075832,0.050637,0.024736,0.032095,-0.997895,True,0.017853,1.178149,-0.076553,0.051179,0.040801,0.030384,-0.997393
54.254,True,-0.046171,1.185212,-0.075848,0.050925,0.024662,0.031773,-0.997892,True,0.017911,1.178216,-0.076576,0.051462,0.040727,0.030057,-0.997391
54.265,True,-0.046143,1.185276,-0.075867,0.050051,0.024009,0.031640,-0.997957,True,0.017940,1.178300,-0.076598,0.050584,0.040071,0.029921,-0.997467
54.277,True,-0.046106,1.185340,-0.075896,0.051115,0.024642,0.031609,-0.997888,True,0.017977,1.178360,-0.076627,0.051650,0.040705,0.029886,-0.997388
54.288,True,-0.046032,1.185340,-0.075928,0.050682,0.024153,0.031772,-0.997917,True,0.018049,1.178340,-0.076679,0.051218,0.040215,0.030045,-0.997425
54.299,True,-0.045974,1.185370,-0.075951,0.049830,0.023403,0.031892,-0.997974,True,0.018106,1.178361,-0.076705,0.050367,0.039463,0.030166,-0.997495
54.310,True,-0.045925,1.185372,-0.075966,0.049133,0.023058,0.032050,-0.998012,True,0.018152,1.178342,-0.076743,0.049672,0.039116,0.030323,-0.997539
54.321,True,-0.045851,1.185374,-0.075986,0.048762,0.022826,0.032220,-0.998030,True,0.018224,1.178323,-0.076773,0.049303,0.038883,0.030493,-0.997561
54.332,True,-0.045778,1.185388,-0.076006,0.048691,0.022765,0.032375,-0.998030,True,0.018294,1.178315,-0.076805,0.049234,0.038822,0.030648,-0.997562
54.343,True,-0.045728,1.185414,-0.076006,0.048008,0.022096,0.032629,-0.998069,True,0.018341,1.178313,-0.076818,0.048555,0.038152,0.030904,-0.997613
54.354,True,-0.045666,1.185425,-0.076005,0.047901,0.021967,0.032848,-0.998070,True,0.018400,1.178295,-0.076825,0.048451,0.038021,0.031121,-0.997616
54.365,True,-0.045620,1.185457,-0.075992,0.047707,0.021371,0.033075,-0.998085,True,0.018442,1.178302,-0.076835,0.048259,0.037426,0.031347,-0.997641
54.377,True,-0.045567,1.185491,-0.075992,0.047199,0.021141,0.033290,-0.998107,True,0.018492,1.178309,-0.076845,0.047755,0.037194,0.031562,-0.997667
54.387,True,-0.045542,1.185505,-0.076010,0.047187,0.020966,0.033426,-0.998107,True,0.018515,1.178305,-0.076871,0.047744,0.037019,0.031698,-0.997670
54.398,True,-0.045496,1.185525,-0.075983,0.046991,0.020582,0.033665,-0.998116,True,0.018557,1.178295,-0.076872,0.047551,0.036634,0.031936,-0.997686
54.410,True,-0.045456,1.185535,-0.075966,0.046699,0.020379,0.033678,-0.998133,True,0.018597,1.178303,-0.076878,0.047260,0.036431,0.031951,-0.997707
54.421,True,-0.045409,1.185523,-0.075947,0.046507,0.020202,0.033677,-0.998146,True,0.018643,1.178290,-0.076879,0.047067,0.036253,0.031950,-0.997722
54.432,True,-0.045403,1.185494,-0.075931,0.046203,0.020049,0.033565,-0.998167,True,0.018651,1.178273,-0.076888,0.046761,0.036100,0.031840,-0.997746
54.443,True,-0.045388,1.185431,-0.075941,0.046130,0.020042,0.033383,-0.998176,True,0.018668,1.178233,-0.076905,0.046686,0.036093,0.031659,-0.997755
54.454,True,-0.045398,1.185393,-0.075936,0.045694,0.019875,0.033246,-0.998204,True,0.018659,1.178214,-0.076916,0.046248,0.035927,0.031525,-0.997786
54.465,True,-0.045403,1.185361,-0.075933,0.045020,0.019702,0.033157,-0.998241,True,0.018656,1.178194,-0.076922,0.045571,0.035752,0.031439,-0.997826
54.477,True,-0.045411,1.185320,-0.075934,0.044615,0.019725,0.033051,-0.998263,True,0.018650,1.178166,-0.076926,0.045165,0.035775,0.031336,-0.997847
54.488,True,-0.045451,1.185261,-0.075928,0.044287,0.019788,0.032824,-0.998283,True,0.018613,1.178135,-0.076923,0.044833,0.035837,0.031109,-0.997867
54.499,True,-0.045477,1.185236,-0.075935,0.044056,0.019903,0.032751,-0.998294,True,0.018587,1.178119,-0.076917,0.044602,0.035951,0.031038,-0.997875
54.510,True,-0.045521,1.185226,-0.075935,0.043529,0.019893,0.032661,-0.998320,True,0.018545,1.178122,-0.076909,0.044073,0.035940,0.030949,-0.997902
54.521,True,-0.045559,1.185222,-0.075936,0.043349,0.019953,0.032639,-0.998327,True,0.018508,1.178122,-0.076884,0.043893,0.036000,0.030926,-0.997908
54.532,True,-0.045623,1.185234,-0.075940,0.042747,0.018451,0.032727,-0.998379,True,0.018446,1.178145,-0.076865,0.043287,0.034497,0.031016,-0.997985
54.543,True,-0.045660,1.185237,-0.075965,0.042828,0.011432,0.033516,-0.998455,True,0.018409,1.178147,-0.076860,0.043359,0.027478,0.031807,-0.998175
54.555,True,-0.045711,1.185224,-0.075979,0.043184,0.009156,0.033697,-0.998457,True,0.018360,1.178144,-0.076862,0.043711,0.025202,0.031987,-0.998214
54.565,True,-0.045761,1.185238,-0.075979,0.043071,0.004423,0.034178,-0.998478,True,0.018310,1.178163,-0.076840,0.043590,0.020462,0.032470,-0.998312
54.577,True,-0.045798,1.185248,-0.075992,0.042235,0.002269,0.034365,-0.998514,True,0.018275,1.178181,-0.076823,0.042750,0.018300,0.032659,-0.998384
54.588,True,-0.045824,1.185249,-0.076017,0.041188,0.001166,0.034448,-0.998557,True,0.018249,1.178185,-0.076832,0.041700,0.017192,0.032742,-0.998446
54.599,True,-0.045847,1.185263,-0.076026,0.041064,-0.000229,0.034584,-0.998558,True,0.018226,1.178202,-0.076822,0.041573,0.015793,0.032877,-0.998470
54.610,True,-0.045875,1.185281,-0.076023,0.040999,-0.000769,0.034542,-0.998562,True,0.018200,1.178234,-0.076809,0.041505,0.015250,0.032834,-0.998482
54.621,True,-0.045850,1.185330,-0.076027,0.041147,-0.000119,0.034681,-0.998551,True,0.018222,1.178258,-0.076801,0.041658,0.015902,0.032972,-0.998461
54.632,True,-0.045853,1.185339,-0.076033,0.041203,-0.001219,0.034872,-0.998541,True,0.018219,1.178259,-0.076801,0.041713,0.014799,0.033163,-0.998470
54.643,True,-0.045852,1.185359,-0.076029,0.041079,-0.000815,0.034941,-0.998545,True,0.018218,1.178264,-0.076796,0.041591,0.015203,0.033231,-0.998466
54.654,True,-0.045828,1.185345,-0.076042,0.041200,-0.000445,0.034934,-0.998540,True,0.018241,1.178244,-0.076813,0.041713,0.015574,0.033222,-0.998456
54.665,True,-0.045804,1.185340,-0.076020,0.041578,-0.000842,0.034963,-0.998523,True,0.018265,1.178240,-0.076806,0.042091,0.015177,0.033251,-0.998445
54.676,True,-0.045762,1.185358,-0.075991,0.041499,-0.001649,0.035099,-0.998521,True,0.018306,1.178249,-0.076789,0.042012,0.014368,0.033386,-0.998456
54.687,True,-0.045726,1.185389,-0.075951,0.041656,-0.001920,0.035271,-0.998507,True,0.018339,1.178258,-0.076770,0.042171,0.014096,0.033556,-0.998447
54.699,True,-0.045700,1.185442,-0.075916,0.041660,-0.002294,0.035528,-0.998497,True,0.018362,1.178281,-0.076752,0.042178,0.013722,0.033813,-0.998444
54.710,True,-0.045657,1.185416,-0.075890,0.041410,-0.002926,0.035311,-0.998514,True,0.018408,1.178288,-0.076743,0.041923,0.013087,0.033596,-0.998470
54.721,True,-0.045627,1.185355,-0.075889,0.040896,-0.002937,0.035157,-0.998540,True,0.018440,1.178244,-0.076751,0.041406,0.013075,0.033442,-0.998497
54.732,True,-0.045590,1.185264,-0.075855,0.040792,-0.003193,0.034924,-0.998552,True,0.018480,1.178185,-0.076732,0.041298,0.012820,0.033212,-0.998513
54.743,True,-0.045563,1.185208,-0.075830,0.040345,-0.003348,0.034829,-0.998573,True,0.018099,1.179296,-0.076533,0.040849,0.012664,0.033119,-0.998536
54.754,True,-0.045552,1.185196,-0.075788,0.040197,-0.003532,0.034941,-0.998574,True,0.018108,1.179271,-0.076506,0.040702,0.012479,0.033233,-0.998541
54.765,True,-0.045515,1.185213,-0.075746,0.040120,-0.003526,0.035130,-0.998571,True,0.018143,1.179263,-0.076470,0.040628,0.012486,0.033425,-0.998537
54.776,True,-0.045487,1.185251,-0.075708,0.040172,-0.003386,0.035473,-0.998557,True,0.018166,1.179253,-0.076442,0.040686,0.012626,0.033768,-0.998521
54.787,True,-0.045468,1.185261,-0.075677,0.040059,-0.003546,0.035848,-0.998548,True,0.018180,1.179217,-0.076423,0.040579,0.012467,0.034145,-0.998515
54.798,True,-0.045444,1.185264,-0.075636,0.040026,-0.003792,0.036147,-0.998537,True,0.018200,1.179182,-0.076404,0.040551,0.012221,0.034448,-0.998509
54.810,True,-0.045423,1.185232,-0.075604,0.040302,-0.003389,0.036153,-0.998528,True,0.018220,1.179143,-0.076389,0.040829,0.012628,0.034456,-0.998492
54.821,True,-0.045421,1.185194,-0.075557,0.040394,-0.002464,0.035932,-0.998535,True,0.018223,1.179119,-0.076367,0.040921,0.013556,0.034237,-0.998484
54.832,True,-0.045427,1.185141,-0.075528,0.040205,-0.001449,0.035381,-0.998564,True,0.018223,1.179120,-0.076357,0.040727,0.014574,0.033687,-0.998496
54.843,True,-0.045434,1.185091,-0.075513,0.038940,0.000025,0.034926,-0.998631,True,0.018219,1.179105,-0.076344,0.039458,0.016048,0.033233,-0.998539
54.854,True,-0.045459,1.185045,-0.075493,0.038489,0.000557,0.034657,-0.998658,True,0.018196,1.179084,-0.076337,0.039005,0.016581,0.032967,-0.998557
54.865,True,-0.045469,1.184970,-0.075483,0.037845,0.001426,0.034504,-0.998687,True,0.018186,1.179015,-0.076330,0.038361,0.017450,0.032815,-0.998573
54.876,True,-0.045496,1.184898,-0.075468,0.036962,0.002496,0.034301,-0.998725,True,0.018161,1.178952,-0.076325,0.037478,0.018520,0.032614,-0.998593
54.887,True,-0.045518,1.184839,-0.075470,0.036523,0.003017,0.034213,-0.998743,True,0.018139,1.178896,-0.076331,0.037039,0.019042,0.032528,-0.998603
54.898,True,-0.045549,1.184790,-0.075476,0.036147,0.003729,0.034148,-0.998756,True,0.018108,1.178846,-0.076331,0.036664,0.019753,0.032464,-0.998605
54.910,True,-0.045598,1.184734,-0.075472,0.035569,0.004663,0.033958,-0.998779,True,0.018059,1.178800,-0.076330,0.036086,0.020687,0.032274,-0.998613
54.921,True,-0.045639,1.184715,-0.075521,0.035255,0.005046,0.033926,-0.998790,True,0.018018,1.178782,-0.076355,0.035772,0.021070,0.032243,-0.998618
54.932,True,-0.045704,1.184705,-0.075534,0.035121,0.005490,0.033835,-0.998795,True,0.017955,1.178782,-0.076339,0.035638,0.021513,0.032151,-0.998616
54.943,True,-0.045771,1.184709,-0.075546,0.034905,0.006319,0.033724,-0.998802,True,0.017889,1.178792,-0.076322,0.035421,0.022342,0.032039,-0.998609
54.954,True,-0.045850,1.184718,-0.075565,0.034591,0.007033,0.033587,-0.998812,True,0.017812,1.178810,-0.076312,0.035107,0.023054,0.031900,-0.998608
54.965,True,-0.045925,1.184740,-0.075592,0.034288,0.007328,0.033492,-0.998824,True,0.017737,1.178845,-0.076300,0.034803,0.023349,0.031805,-0.998615
54.977,True,-0.045997,1.184747,-0.075619,0.033989,0.008175,0.033444,-0.998829,True,0.017666,1.178851,-0.076291,0.034506,0.024195,0.031757,-0.998607
54.987,True,-0.046064,1.184713,-0.075652,0.033820,0.008710,0.033344,-0.998834,True,0.017600,1.178826,-0.076296,0.034336,0.024730,0.031656,-0.998603
55.004,True,-0.046149,1.184689,-0.075687,0.033326,0.009347,0.033185,-0.998850,True,0.017517,1.178817,-0.076291,0.033841,0.025365,0.031497,-0.998609
55.015,True,-0.046175,1.184701,-0.075723,0.033038,0.009722,0.033084,-0.998859,True,0.017492,1.178841,-0.076293,0.033552,0.025738,0.031395,-0.998612
55.026,True,-0.046241,1.184708,-0.075740,0.032769,0.010042,0.033129,-0.998863,True,0.017426,1.178841,-0.076275,0.033284,0.026057,0.031439,-0.998612
55.037,True,-0.046294,1.184731,-0.075743,0.032566,0.010412,0.033314,-0.998860,True,0.017371,1.178839,-0.076241,0.033084,0.026426,0.031623,-0.998603
55.049,True,-0.046353,1.184753,-0.075765,0.033076,0.011594,0.033414,-0.998827,True,0.017310,1.178835,-0.076249,0.033601,0.027610,0.031721,-0.998550
55.060,True,-0.046400,1.184752,-0.075761,0.032577,0.011341,0.033314,-0.998850,True,0.017265,1.178851,-0.076233,0.033098,0.027355,0.031620,-0.998577
55.071,True,-0.046440,1.184754,-0.075752,0.034726,0.014106,0.032921,-0.998755,True,0.017227,1.178874,-0.076211,0.035251,0.030128,0.031224,-0.998436
55.082,True,-0.046457,1.184738,-0.075748,0.034723,0.014225,0.032521,-0.998766,True,0.017214,1.178909,-0.076194,0.035241,0.030248,0.030825,-0.998445
55.093,True,-0.046477,1.184734,-0.075744,0.035104,0.015898,0.032104,-0.998741,True,0.017198,1.178939,-0.076175,0.035622,0.031923,0.030406,-0.998393
55.104,True,-0.046493,1.184725,-0.075734,0.035480,0.016657,0.031887,-0.998723,True,0.017183,1.178950,-0.076159,0.035996,0.032684,0.030191,-0.998361
55.115,True,-0.046479,1.184713,-0.075729,0.035921,0.017311,0.031826,-0.998698,True,0.017197,1.178938,-0.076158,0.036438,0.033340,0.030130,-0.998325
55.126,True,-0.046467,1.184711,-0.075724,0.036844,0.018221,0.031841,-0.998648,True,0.017208,1.178925,-0.076158,0.037365,0.034252,0.030145,-0.998260
55.138,True,-0.046430,1.184694,-0.075696,0.037364,0.018633,0.031799,-0.998622,True,0.017245,1.178907,-0.076152,0.037886,0.034666,0.030103,-0.998227
55.149,True,-0.046390,1.184690,-0.075674,0.037328,0.018497,0.031853,-0.998624,True,0.017284,1.178896,-0.076148,0.037851,0.034531,0.030158,-0.998231
55.160,True,-0.046339,1.184674,-0.075645,0.037689,0.019241,0.031831,-0.998597,True,0.017334,1.178870,-0.076141,0.038214,0.035276,0.030137,-0.998192
55.171,True,-0.046292,1.184679,-0.075611,0.038002,0.019439,0.031872,-0.998580,True,0.017380,1.178866,-0.076127,0.038528,0.035475,0.030179,-0.998172
55.182,True,-0.046235,1.184682,-0.075600,0.038263,0.019789,0.032030,-0.998558,True,0.017435,1.178843,-0.076131,0.038793,0.035826,0.030336,-0.998144
55.193,True,-0.046183,1.184671,-0.075569,0.039384,0.020479,0.032151,-0.998497,True,0.017483,1.178805,-0.076132,0.039919,0.036518,0.030454,-0.998071
55.204,True,-0.046136,1.184666,-0.075542,0.039339,0.020995,0.032160,-0.998488,True,0.017530,1.178791,-0.076116,0.039876,0.037034,0.030464,-0.998053
55.215,True,-0.046085,1.184671,-0.075498,0.039320,0.021338,0.032322,-0.998476,True,0.017578,1.178767,-0.076102,0.039861,0.037377,0.030627,-0.998036
55.226,True,-0.046137,1.184552,-0.075497,0.039884,0.021477,0.032412,-0.998448,True,0.017626,1.178737,-0.076091,0.040427,0.037517,0.030717,-0.998005
55.238,True,-0.046092,1.184543,-0.075446,0.040333,0.021968,0.032466,-0.998417,True,0.017669,1.178711,-0.076072,0.040879,0.038010,0.030773,-0.997967
55.249,True,-0.046050,1.184519,-0.075416,0.040339,0.021768,0.032527,-0.998419,True,0.017710,1.178679,-0.076067,0.040885,0.037810,0.030834,-0.997972
55.260,True,-0.046030,1.184502,-0.075384,0.040818,0.022359,0.032563,-0.998386,True,0.017728,1.178647,-0.076063,0.041368,0.038402,0.030871,-0.997928
55.271,True,-0.046012,1.184453,-0.075347,0.041446,0.023213,0.032496,-0.998342,True,0.017746,1.178595,-0.076053,0.041997,0.039258,0.030805,-0.997871
55.282,True,-0.045997,1.184407,-0.075328,0.041298,0.023042,0.032492,-0.998353,True,0.017761,1.178549,-0.076057,0.041849,0.039087,0.030803,-0.997884
55.293,True,-0.045994,1.184354,-0.075299,0.041552,0.023695,0.032392,-0.998330,True,0.017763,1.178500,-0.076047,0.042104,0.039741,0.030706,-0.997850
55.305,True,-0.046014,1.184269,-0.075285,0.041690,0.023481,0.032212,-0.998335,True,0.017746,1.178441,-0.076047,0.042238,0.039528,0.030530,-0.997859
55.316,True,-0.046014,1.184209,-0.075285,0.041723,0.024130,0.032009,-0.998325,True,0.017748,1.178399,-0.076048,0.042270,0.040177,0.030329,-0.997837
55.327,True,-0.046040,1.184167,-0.075279,0.042883,0.023174,0.032058,-0.998297,True,0.017722,1.178370,-0.076036,0.043427,0.039227,0.030380,-0.997824
55.338,True,-0.046101,1.184126,-0.075279,0.050898,0.017355,0.032822,-0.998014,True,0.017663,1.178334,-0.076028,0.051435,0.033435,0.031146,-0.997630
55.349,True,-0.046131,1.184099,-0.075302,0.050731,0.018283,0.032602,-0.998013,True,0.017634,1.178326,-0.076030,0.051267,0.034362,0.030926,-0.997615
55.360,True,-0.046185,1.184098,-0.075306,0.052334,0.015630,0.032937,-0.997964,True,0.017580,1.178325,-0.076019,0.052867,0.031715,0.031263,-0.997608
55.371,True,-0.046240,1.184090,-0.075322,0.053801,0.010632,0.033508,-0.997933,True,0.017525,1.178318,-0.076017,0.054331,0.026719,0.031835,-0.997658
55.382,True,-0.046281,1.184099,-0.075347,0.054716,0.009617,0.033600,-0.997890,True,0.017485,1.178333,-0.076027,0.055246,0.025706,0.031927,-0.997631
55.393,True,-0.046322,1.184108,-0.075365,0.055897,0.010457,0.033452,-0.997821,True,0.017445,1.178356,-0.076035,0.056426,0.026548,0.031778,-0.997548
55.404,True,-0.046375,1.184124,-0.075365,0.054970,0.007158,0.033709,-0.997893,True,0.017394,1.178380,-0.076031,0.055495,0.023244,0.032037,-0.997674
55.416,True,-0.046423,1.184138,-0.075392,0.055615,0.007075,0.033607,-0.997861,True,0.017347,1.178411,-0.076046,0.056139,0.023162,0.031933,-0.997643
55.427,True,-0.046470,1.184155,-0.075415,0.057499,0.005047,0.033778,-0.997761,True,0.017302,1.178443,-0.076045,0.058020,0.021135,0.032103,-0.997575
55.438,True,-0.046531,1.184159,-0.075420,0.058347,0.004181,0.033821,-0.997715,True,0.017242,1.178456,-0.076038,0.058868,0.020269,0.032143,-0.997542
55.449,True,-0.046577,1.184204,-0.075427,0.058107,0.004622,0.033756,-0.997729,True,0.017196,1.178504,-0.076028,0.058627,0.020710,0.032077,-0.997550
55.460,True,-0.046616,1.184227,-0.075440,0.058180,0.004292,0.033786,-0.997725,True,0.017157,1.178531,-0.076024,0.058699,0.020378,0.032106,-0.997551
55.471,True,-0.046650,1.184242,-0.075434,0.058357,0.003532,0.033865,-0.997715,True,0.017124,1.178547,-0.076014,0.058876,0.019617,0.032186,-0.997553
55.482,True,-0.046669,1.184248,-0.075436,0.057907,0.003177,0.033912,-0.997741,True,0.017105,1.178551,-0.076011,0.058426,0.019261,0.032233,-0.997585
55.493,True,-0.046687,1.184233,-0.075430,0.057825,0.002866,0.033929,-0.997746,True,0.017086,1.178537,-0.076009,0.058343,0.018949,0.032248,-0.997596
55.505,True,-0.046694,1.184217,-0.075407,0.057417,0.003139,0.033817,-0.997773,True,0.017080,1.178530,-0.075993,0.057934,0.019221,0.032137,-0.997618
55.516,True,-0.046688,1.184209,-0.075393,0.057671,0.002355,0.033818,-0.997760,True,0.017087,1.178531,-0.075984,0.058186,0.018437,0.032138,-0.997618
55.527,True,-0.046683,1.184214,-0.075376,0.057697,0.002198,0.033858,-0.997758,True,0.017092,1.178533,-0.075975,0.058213,0.018280,0.032177,-0.997618
55.538,True,-0.046685,1.184212,-0.075338,0.058124,0.002247,0.033902,-0.997731,True,0.017089,1.178524,-0.075950,0.058641,0.018330,0.032223,-0.997591
55.549,True,-0.046675,1.184194,-0.075318,0.057692,0.001794,0.033897,-0.997757,True,0.017099,1.178510,-0.075941,0.058208,0.017876,0.032219,-0.997624
55.560,True,-0.046657,1.184110,-0.075278,0.057508,0.000900,0.033872,-0.997770,True,0.017118,1.178439,-0.075914,0.058021,0.016981,0.032199,-0.997652
55.571,True,-0.046646,1.184011,-0.075249,0.057226,-0.000565,0.033893,-0.997786,True,0.017131,1.178356,-0.075895,0.057737,0.015513,0.032223,-0.997691
55.582,True,-0.046636,1.183958,-0.075232,0.057155,-0.000017,0.033730,-0.997795,True,0.017142,1.178319,-0.075872,0.057665,0.016063,0.032064,-0.997692
55.593,True,-0.046633,1.183930,-0.075182,0.056831,-0.000748,0.033788,-0.997812,True,0.017146,1.178292,-0.075832,0.057340,0.015330,0.032125,-0.997720
55.604,True,-0.046610,1.183925,-0.075139,0.055734,-0.002446,0.034076,-0.997861,True,0.017166,1.178269,-0.075788,0.056243,0.013626,0.032416,-0.997798
55.615,True,-0.046607,1.183946,-0.075114,0.055464,-0.002827,0.034369,-0.997865,True,0.017167,1.178258,-0.075757,0.055976,0.013243,0.032710,-0.997808
55.627,True,-0.046596,1.183975,-0.075073,0.055537,-0.003045,0.034804,-0.997845,True,0.017173,1.178236,-0.075718,0.056056,0.013026,0.033148,-0.997792
55.638,True,-0.046586,1.183981,-0.075025,0.054661,-0.004014,0.035216,-0.997876,True,0.017179,1.178197,-0.075682,0.055185,0.012053,0.033565,-0.997839
55.649,True,-0.046581,1.183971,-0.075011,0.054030,-0.004619,0.035378,-0.997902,True,0.017182,1.178171,-0.075681,0.054555,0.011445,0.033730,-0.997875
55.660,True,-0.046573,1.183950,-0.074968,0.053310,-0.005006,0.035245,-0.997943,True,0.017192,1.178168,-0.075657,0.053831,0.011057,0.033600,-0.997923
55.671,True,-0.046571,1.183939,-0.074925,0.052001,-0.005394,0.035080,-0.998016,True,0.017196,1.178178,-0.075631,0.052518,0.010665,0.033438,-0.998003
55.682,True,-0.046594,1.183914,-0.074943,0.051900,-0.006003,0.034838,-0.998026,True,0.017176,1.178191,-0.075658,0.052411,0.010055,0.033197,-0.998023
55.693,True,-0.046611,1.183881,-0.074941,0.051427,-0.006310,0.034692,-0.998054,True,0.017160,1.178179,-0.075665,0.051935,0.009746,0.033053,-0.998056
55.704,True,-0.046612,1.183826,-0.074936,0.050800,-0.006819,0.034659,-0.998084,True,0.017161,1.178132,-0.075666,0.051305,0.009235,0.033022,-0.998094
55.716,True,-0.046618,1.183791,-0.074928,0.050421,-0.007269,0.034616,-0.998102,True,0.017155,1.178105,-0.075672,0.050924,0.008783,0.032981,-0.998119
55.727,True,-0.046614,1.183758,-0.074936,0.050156,-0.007467,0.034604,-0.998114,True,0.017159,1.178076,-0.075679,0.050659,0.008584,0.032969,-0.998135
55.738,True,-0.046643,1.183751,-0.074934,0.050326,-0.007500,0.034647,-0.998104,True,0.017130,1.178064,-0.075680,0.050830,0.008551,0.033012,-0.998125
55.749,True,-0.046671,1.183754,-0.074952,0.050283,-0.007588,0.034629,-0.998106,True,0.017102,1.178071,-0.075690,0.050786,0.008462,0.032992,-0.998129
55.760,True,-0.046706,1.183792,-0.074988,0.050412,-0.007568,0.034598,-0.998100,True,0.017068,1.178115,-0.075706,0.050914,0.008482,0.032958,-0.998123
55.771,True,-0.046758,1.183812,-0.075001,0.050290,-0.007871,0.034512,-0.998107,True,0.017018,1.178153,-0.075698,0.050789,0.008176,0.032870,-0.998135
55.782,True,-0.046793,1.183833,-0.075029,0.050498,-0.007922,0.034477,-0.998098,True,0.016984,1.178182,-0.075699,0.050996,0.008124,0.032833,-0.998126
55.793,True,-0.046833,1.183897,-0.075097,0.050550,-0.007842,0.034368,-0.998099,True,0.016946,1.178264,-0.075732,0.051046,0.008203,0.032721,-0.998126
55.804,True,-0.046892,1.183961,-0.075139,0.050517,-0.008048,0.034462,-0.998096,True,0.016887,1.178324,-0.075741,0.051013,0.007995,0.032814,-0.998127
55.816,True,-0.046933,1.183996,-0.075165,0.050431,-0.008288,0.034478,-0.998098,True,0.016846,1.178361,-0.075748,0.050926,0.007753,0.032830,-0.998133
55.827,True,-0.046968,1.184013,-0.075238,0.050263,-0.007959,0.034544,-0.998107,True,0.016811,1.178373,-0.075776,0.050759,0.008081,0.032894,-0.998136
55.838,True,-0.047001,1.183975,-0.075255,0.050184,-0.008389,0.034445,-0.998111,True,0.016779,1.178354,-0.075785,0.050678,0.007649,0.032795,-0.998147
55.849,True,-0.047029,1.183980,-0.075314,0.050130,-0.008454,0.034281,-0.998119,True,0.016754,1.178384,-0.075816,0.050620,0.007583,0.032629,-0.998156
55.860,True,-0.047056,1.184017,-0.075365,0.050233,-0.008215,0.034232,-0.998117,True,0.016728,1.178429,-0.075837,0.050723,0.007821,0.032579,-0.998151
55.871,True,-0.047077,1.184095,-0.075423,0.050164,-0.008183,0.034466,-0.998113,True,0.016705,1.178481,-0.075859,0.050657,0.007852,0.032812,-0.998146
55.882,True,-0.047071,1.184124,-0.075466,0.048214,-0.005667,0.034444,-0.998227,True,0.016708,1.178475,-0.075887,0.048711,0.010370,0.032786,-0.998221
55.893,True,-0.047056,1.184152,-0.075497,0.040104,0.012847,0.032455,-0.998586,True,0.016721,1.178482,-0.075919,0.040618,0.028895,0.030784,-0.998282
55.904,True,-0.047015,1.184201,-0.075512,0.044007,0.002589,0.033679,-0.998460,True,0.016761,1.178523,-0.075945,0.044512,0.018635,0.032012,-0.998322
55.915,True,-0.046953,1.184233,-0.075540,0.038244,0.021998,0.031270,-0.998537,True,0.016825,1.178580,-0.075983,0.038768,0.038038,0.029590,-0.998086
55.926,True,-0.046892,1.184280,-0.075573,0.038681,0.018777,0.031495,-0.998579,True,0.016888,1.178641,-0.076016,0.039198,0.034819,0.029812,-0.998180
55.937,True,-0.046829,1.184352,-0.075562,0.036831,0.023042,0.030919,-0.998577,True,0.016951,1.178718,-0.076033,0.037354,0.039074,0.029232,-0.998110
55.949,True,-0.046768,1.184381,-0.075600,0.035142,0.023830,0.030924,-0.998620,True,0.017010,1.178729,-0.076069,0.035669,0.039856,0.029236,-0.998141
55.960,True,-0.046681,1.184419,-0.075625,0.033905,0.028394,0.030501,-0.998556,True,0.017096,1.178752,-0.076110,0.034441,0.044408,0.028809,-0.998004
55.971,True,-0.046577,1.184439,-0.075633,0.032570,0.029089,0.030565,-0.998578,True,0.017197,1.178746,-0.076144,0.033111,0.045097,0.028872,-0.998016
55.982,True,-0.046469,1.184436,-0.075643,0.031636,0.030393,0.030512,-0.998571,True,0.017303,1.178724,-0.076190,0.032182,0.046394,0.028819,-0.997989
55.993,True,-0.046314,1.184427,-0.075650,0.032875,0.025976,0.031209,-0.998634,True,0.017456,1.178684,-0.076236,0.033417,0.041989,0.029518,-0.998123
56.004,True,-0.046209,1.184441,-0.075648,0.031420,0.029419,0.030999,-0.998592,True,0.017557,1.178671,-0.076260,0.031972,0.045420,0.029306,-0.998026
56.015,True,-0.046093,1.184482,-0.075679,0.031324,0.029038,0.031249,-0.998599,True,0.017671,1.178682,-0.076305,0.031879,0.045040,0.029556,-0.998039
56.026,True,-0.045970,1.184518,-0.075677,0.032527,0.027664,0.031666,-0.998586,True,0.017790,1.178682,-0.076326,0.033084,0.043671,0.029971,-0.998048
56.038,True,-0.045883,1.184553,-0.075661,0.032395,0.027840,0.031800,-0.998581,True,0.017875,1.178696,-0.076324,0.032955,0.043847,0.030105,-0.998041
56.049,True,-0.045781,1.184579,-0.075646,0.034511,0.025832,0.032331,-0.998547,True,0.017973,1.178684,-0.076337,0.035071,0.041848,0.030635,-0.998038
56.060,True,-0.045687,1.184572,-0.075633,0.033713,0.026627,0.032289,-0.998555,True,0.018066,1.178666,-0.076344,0.034276,0.042640,0.030593,-0.998034
56.071,True,-0.045610,1.184577,-0.075600,0.033949,0.026223,0.032507,-0.998551,True,0.018140,1.178647,-0.076339,0.034514,0.042237,0.030814,-0.998036
56.082,True,-0.045523,1.184565,-0.075572,0.034276,0.026014,0.032627,-0.998541,True,0.018227,1.178621,-0.076331,0.034843,0.042029,0.030934,-0.998029
56.093,True,-0.045459,1.184541,-0.075551,0.034115,0.026067,0.032612,-0.998546,True,0.018290,1.178595,-0.076332,0.034683,0.042083,0.030921,-0.998033
56.104,True,-0.045415,1.184510,-0.075523,0.034031,0.026080,0.032537,-0.998551,True,0.018334,1.178571,-0.076327,0.034598,0.042095,0.030847,-0.998038
56.115,True,-0.045359,1.184483,-0.075525,0.033852,0.026283,0.032423,-0.998555,True,0.018390,1.178554,-0.076341,0.034417,0.042297,0.030735,-0.998039
56.126,True,-0.045324,1.184446,-0.075510,0.033464,0.026519,0.032271,-0.998567,True,0.018427,1.178533,-0.076337,0.034028,0.042532,0.030585,-0.998047
56.138,True,-0.045311,1.184422,-0.075489,0.033152,0.026769,0.032211,-0.998572,True,0.018440,1.178512,-0.076320,0.033717,0.042781,0.030526,-0.998049
56.149,True,-0.045293,1.184392,-0.075496,0.032643,0.027734,0.032001,-0.998570,True,0.018460,1.178495,-0.076325,0.033208,0.043743,0.030316,-0.998030
56.160,True,-0.045307,1.184367,-0.075470,0.032661,0.028017,0.031844,-0.998566,True,0.018447,1.178488,-0.076297,0.033225,0.044026,0.030161,-0.998022
56.171,True,-0.045299,1.184351,-0.075471,0.032709,0.028445,0.031763,-0.998555,True,0.018456,1.178480,-0.076274,0.033272,0.044453,0.030079,-0.998004
56.182,True,-0.045339,1.184373,-0.075448,0.032473,0.028500,0.031722,-0.998563,True,0.018417,1.178506,-0.076245,0.033036,0.044507,0.030039,-0.998011
56.193,True,-0.045366,1.184360,-0.075438,0.032763,0.028757,0.031582,-0.998550,True,0.018392,1.178512,-0.076211,0.033324,0.044766,0.029898,-0.997994
56.204,True,-0.045412,1.184358,-0.075411,0.032491,0.029192,0.031497,-0.998549,True,0.018346,1.178516,-0.076170,0.033051,0.045199,0.029814,-0.997986
56.215,True,-0.045456,1.184380,-0.075410,0.033343,0.029009,0.031455,-0.998528,True,0.018304,1.178551,-0.076147,0.033901,0.045019,0.029771,-0.997967
56.226,True,-0.045497,1.184387,-0.075388,0.032925,0.029544,0.031320,-0.998530,True,0.018264,1.178569,-0.076105,0.033482,0.045552,0.029636,-0.997961
56.238,True,-0.045661,1.184346,-0.075387,0.033425,0.029370,0.031247,-0.998521,True,0.018223,1.178581,-0.076056,0.033980,0.045380,0.029563,-0.997954
56.249,True,-0.045713,1.184364,-0.075380,0.033444,0.029307,0.031238,-0.998522,True,0.018172,1.178604,-0.076030,0.033998,0.045318,0.029553,-0.997956
56.260,True,-0.045761,1.184366,-0.075353,0.033430,0.029836,0.031126,-0.998511,True,0.018125,1.178616,-0.075979,0.033984,0.045846,0.029442,-0.997936
56.271,True,-0.045795,1.184363,-0.075324,0.032885,0.030196,0.031068,-0.998520,True,0.018091,1.178618,-0.075928,0.033439,0.046204,0.029385,-0.997940
56.282,True,-0.045809,1.184339,-0.075332,0.033292,0.030192,0.031084,-0.998506,True,0.018078,1.178596,-0.075917,0.033846,0.046202,0.029400,-0.997926
56.293,True,-0.045835,1.184319,-0.075306,0.033033,0.030437,0.031046,-0.998508,True,0.018053,1.178578,-0.075879,0.033587,0.046446,0.029365,-0.997924
56.304,True,-0.045855,1.184283,-0.075282,0.032419,0.030650,0.031010,-0.998523,True,0.018033,1.178545,-0.075843,0.032973,0.046656,0.029329,-0.997936
56.315,True,-0.045864,1.184263,-0.075296,0.032394,0.030794,0.030949,-0.998521,True,0.018025,1.178533,-0.075851,0.032948,0.046802,0.029272,-0.997932
56.327,True,-0.045889,1.184218,-0.075247,0.032810,0.030535,0.030872,-0.998518,True,0.018001,1.178501,-0.075812,0.033361,0.046544,0.029193,-0.997932
56.338,True,-0.045884,1.184198,-0.075197,0.033092,0.029882,0.030808,-0.998530,True,0.018007,1.178499,-0.075759,0.033640,0.045893,0.029129,-0.997955
56.349,True,-0.045912,1.184197,-0.075160,0.032712,0.030373,0.030627,-0.998534,True,0.017980,1.178512,-0.075730,0.033259,0.046382,0.028948,-0.997950
56.360,True,-0.045921,1.184199,-0.075107,0.038020,0.003159,0.033661,-0.998705,True,0.017971,1.178509,-0.075674,0.038525,0.019190,0.031993,-0.998561
56.371,True,-0.045934,1.184187,-0.075044,0.038982,0.001208,0.033974,-0.998662,True,0.017957,1.178484,-0.075625,0.039487,0.017239,0.032308,-0.998549
56.382,True,-0.045936,1.184135,-0.075010,0.036928,0.008203,0.033078,-0.998737,True,0.017956,1.178446,-0.075603,0.037440,0.024239,0.031410,-0.998511
56.393,True,-0.045928,1.184036,-0.074958,0.038406,0.002548,0.033549,-0.998696,True,0.017965,1.178367,-0.075554,0.038908,0.018581,0.031885,-0.998561
56.404,True,-0.045932,1.183957,-0.074896,0.043466,0.001267,0.033657,-0.998487,True,0.017963,1.178307,-0.075497,0.043969,0.017314,0.031996,-0.998370
56.416,True,-0.045949,1.183919,-0.074873,0.042150,-0.005018,0.034321,-0.998509,True,0.017946,1.178265,-0.075475,0.042644,0.011010,0.032667,-0.998495
56.427,True,-0.045938,1.183888,-0.074814,0.044171,0.004640,0.033432,-0.998454,True,0.017956,1.178226,-0.075415,0.044680,0.020696,0.031772,-0.998282
56.438,True,-0.045928,1.183921,-0.074741,0.046120,0.006520,0.033570,-0.998350,True,0.017963,1.178223,-0.075346,0.046638,0.022585,0.031911,-0.998147
56.449,True,-0.045938,1.183960,-0.074706,0.045691,-0.001618,0.034647,-0.998353,True,0.017950,1.178230,-0.075317,0.046204,0.014432,0.032996,-0.998283
56.460,True,-0.045917,1.183976,-0.074656,0.049265,0.008531,0.034051,-0.998169,True,0.017967,1.178200,-0.075269,0.049797,0.024608,0.032396,-0.997931
56.471,True,-0.045896,1.183967,-0.074601,0.049318,0.009093,0.034220,-0.998155,True,0.017985,1.178161,-0.075231,0.049855,0.025172,0.032569,-0.997908
56.482,True,-0.045890,1.183922,-0.074561,0.049667,0.009255,0.034178,-0.998138,True,0.017991,1.178117,-0.075221,0.050205,0.025337,0.032530,-0.997888
56.493,True,-0.045874,1.183884,-0.074522,0.051729,0.008961,0.034103,-0.998039,True,0.018008,1.178099,-0.075194,0.052266,0.025048,0.032457,-0.997791
56.504,True,-0.045877,1.183860,-0.074467,0.051043,0.009474,0.033896,-0.998076,True,0.018006,1.178088,-0.075169,0.051577,0.025560,0.032251,-0.997821
56.516,True,-0.045872,1.183838,-0.074467,0.052195,0.010061,0.033706,-0.998017,True,0.018013,1.178086,-0.075176,0.052728,0.026151,0.032063,-0.997751
56.527,True,-0.045878,1.183788,-0.074448,0.053377,0.010491,0.033590,-0.997954,True,0.018008,1.178046,-0.075175,0.053909,0.026584,0.031945,-0.997681
56.538,True,-0.045892,1.183751,-0.074415,0.053568,0.009920,0.033620,-0.997949,True,0.017994,1.178011,-0.075164,0.054100,0.026014,0.031977,-0.997684
56.549,True,-0.045897,1.183704,-0.074422,0.054045,0.009644,0.033553,-0.997928,True,0.017990,1.177976,-0.075180,0.054575,0.025740,0.031910,-0.997668
56.560,True,-0.045917,1.183657,-0.074411,0.055099,0.010216,0.033412,-0.997869,True,0.017970,1.177941,-0.075185,0.055629,0.026314,0.031769,-0.997599
56.571,True,-0.045948,1.183626,-0.074414,0.055271,0.010269,0.033290,-0.997864,True,0.017941,1.177924,-0.075189,0.055799,0.026367,0.031646,-0.997592
56.582,True,-0.045972,1.183607,-0.074457,0.054861,0.010178,0.033106,-0.997893,True,0.017919,1.177930,-0.075216,0.055385,0.026274,0.031459,-0.997623
56.593,True,-0.046019,1.183625,-0.074433,0.055079,0.010366,0.033074,-0.997880,True,0.017872,1.177951,-0.075191,0.055603,0.026463,0.031428,-0.997607
56.604,True,-0.046060,1.183638,-0.074465,0.055677,0.010878,0.032984,-0.997845,True,0.017832,1.177972,-0.075200,0.056201,0.026976,0.031334,-0.997563
56.616,True,-0.046119,1.183681,-0.074519,0.056054,0.011548,0.032847,-0.997821,True,0.017776,1.178031,-0.075213,0.056577,0.027647,0.031196,-0.997528
56.627,True,-0.046191,1.183723,-0.074554,0.056563,0.012030,0.032807,-0.997787,True,0.017704,1.178078,-0.075222,0.057086,0.028130,0.031155,-0.997487
56.638,True,-0.046262,1.183759,-0.074601,0.056662,0.012426,0.032797,-0.997777,True,0.017634,1.178115,-0.075238,0.057185,0.028526,0.031146,-0.997470
56.649,True,-0.046342,1.183767,-0.074704,0.056601,0.013012,0.032852,-0.997771,True,0.017553,1.178115,-0.075301,0.057126,0.029112,0.031200,-0.997455
56.660,True,-0.046407,1.183734,-0.074762,0.056699,0.013443,0.032704,-0.997765,True,0.017490,1.178098,-0.075335,0.057222,0.029543,0.031052,-0.997441
56.671,True,-0.046457,1.183750,-0.074816,0.056610,0.013791,0.032534,-0.997771,True,0.017442,1.178136,-0.075363,0.057131,0.029891,0.030881,-0.997441
56.682,True,-0.046467,1.183794,-0.074908,0.056917,0.014280,0.032418,-0.997750,True,0.017433,1.178193,-0.075424,0.057437,0.030380,0.030762,-0.997413
56.693,True,-0.046506,1.183829,-0.074930,0.057048,0.014512,0.032456,-0.997738,True,0.017394,1.178223,-0.075425,0.057569,0.030612,0.030799,-0.997397
56.704,True,-0.046551,1.183870,-0.074977,0.057323,0.014385,0.032634,-0.997719,True,0.017348,1.178247,-0.075445,0.057846,0.030485,0.030974,-0.997379
56.715,True,-0.046594,1.183946,-0.075032,0.057386,0.014096,0.032885,-0.997711,True,0.017302,1.178295,-0.075488,0.057912,0.030195,0.031222,-0.997376
56.727,True,-0.046611,1.184016,-0.075076,0.056891,0.013131,0.033052,-0.997747,True,0.017284,1.178353,-0.075529,0.057417,0.029227,0.031385,-0.997429
56.738,True,-0.046606,1.184107,-0.075104,0.056748,0.012470,0.032808,-0.997771,True,0.017292,1.178478,-0.075575,0.057269,0.028564,0.031136,-0.997464
56.749,True,-0.046607,1.184159,-0.075165,0.056264,0.011122,0.032784,-0.997816,True,0.017720,1.177627,-0.075810,0.056782,0.027213,0.031107,-0.997531
56.760,True,-0.046586,1.184247,-0.075187,0.056334,0.010583,0.032723,-0.997820,True,0.017743,1.177727,-0.075835,0.056850,0.026672,0.031041,-0.997544
56.771,True,-0.046561,1.184314,-0.075205,0.056189,0.009927,0.032802,-0.997832,True,0.017767,1.177789,-0.075862,0.056704,0.026015,0.031117,-0.997567
56.782,True,-0.046503,1.184356,-0.075245,0.056115,0.009306,0.032985,-0.997836,True,0.017823,1.177812,-0.075916,0.056632,0.025392,0.031296,-0.997581
56.793,True,-0.046455,1.184393,-0.075273,0.055684,0.008397,0.033156,-0.997862,True,0.017869,1.177833,-0.075957,0.056201,0.024481,0.031465,-0.997623
56.804,True,-0.046406,1.184411,-0.075280,0.055365,0.007964,0.033252,-0.997881,True,0.017916,1.177841,-0.075984,0.055883,0.024046,0.031561,-0.997649
56.815,True,-0.046361,1.184422,-0.075319,0.054732,0.007299,0.033428,-0.997915,True,0.017960,1.177834,-0.076035,0.055252,0.023379,0.031736,-0.997694
56.827,True,-0.046314,1.184435,-0.075337,0.054805,0.007230,0.033507,-0.997909,True,0.018006,1.177836,-0.076061,0.055325,0.023310,0.031814,-0.997689
56.838,True,-0.046279,1.184448,-0.075347,0.054338,0.006955,0.033674,-0.997930,True,0.018038,1.177829,-0.076074,0.054860,0.023033,0.031980,-0.997716
56.849,True,-0.046253,1.184459,-0.075393,0.053735,0.006631,0.033826,-0.997960,True,0.018063,1.177823,-0.076120,0.054258,0.022707,0.032132,-0.997752
56.863,True,-0.046218,1.184473,-0.075402,0.053364,0.006427,0.034011,-0.997975,True,0.018095,1.177813,-0.076136,0.053890,0.022502,0.032317,-0.997770
56.882,True,-0.046156,1.184522,-0.075416,0.052626,0.006266,0.034399,-0.998002,True,0.018153,1.177813,-0.076148,0.053158,0.022339,0.032706,-0.997800
56.893,True,-0.046137,1.184533,-0.075408,0.052355,0.006080,0.034695,-0.998007,True,0.018167,1.177785,-0.076150,0.052891,0.022152,0.033002,-0.997809
56.904,True,-0.046120,1.184526,-0.075392,0.052020,0.005929,0.034786,-0.998022,True,0.018183,1.177766,-0.076142,0.052557,0.021999,0.033095,-0.997827
56.916,True,-0.046106,1.184512,-0.075405,0.051547,0.005781,0.034871,-0.998045,True,0.018195,1.177741,-0.076165,0.052085,0.021851,0.033181,-0.997852
56.927,True,-0.046105,1.184461,-0.075386,0.051155,0.005449,0.034756,-0.998071,True,0.018198,1.177706,-0.076169,0.051691,0.021518,0.033068,-0.997884
56.938,True,-0.046103,1.184410,-0.075375,0.050464,0.005129,0.034633,-0.998112,True,0.018202,1.177672,-0.076172,0.050997,0.021197,0.032949,-0.997930
56.949,True,-0.046095,1.184353,-0.075397,0.050136,0.005008,0.034376,-0.998138,True,0.018213,1.177648,-0.076203,0.050664,0.021076,0.032694,-0.997958
56.960,True,-0.046119,1.184278,-0.075366,0.049722,0.004830,0.034232,-0.998165,True,0.018191,1.177591,-0.076192,0.050248,0.020897,0.032553,-0.997987
56.971,True,-0.046132,1.184228,-0.075356,0.049253,0.004790,0.034088,-0.998193,True,0.018179,1.177559,-0.076189,0.049776,0.020857,0.032411,-0.998017
56.982,True,-0.046132,1.184211,-0.075385,0.048640,0.004690,0.033967,-0.998228,True,0.018181,1.177558,-0.076221,0.049160,0.020755,0.032293,-0.998053
56.993,True,-0.046155,1.184156,-0.075380,0.048456,0.004734,0.033844,-0.998241,True,0.018159,1.177518,-0.076213,0.048975,0.020799,0.032171,-0.998065
57.005,True,-0.046192,1.184105,-0.075364,0.048235,0.004747,0.033635,-0.998258,True,0.018125,1.177494,-0.076196,0.048750,0.020813,0.031964,-0.998083
57.015,True,-0.046213,1.184113,-0.075394,0.047729,0.004714,0.033596,-0.998284,True,0.018105,1.177509,-0.076208,0.048243,0.020779,0.031927,-0.998109
57.027,True,-0.046267,1.184096,-0.075379,0.048061,0.004721,0.033597,-0.998268,True,0.018051,1.177495,-0.076186,0.048576,0.020786,0.031927,-0.998093
57.038,True,-0.046313,1.184080,-0.075377,0.047705,0.004828,0.033564,-0.998286,True,0.018006,1.177483,-0.076168,0.048219,0.020892,0.031894,-0.998109
57.049,True,-0.046387,1.184121,-0.075405,0.047665,0.004752,0.033568,-0.998288,True,0.017933,1.177528,-0.076171,0.048178,0.020815,0.031897,-0.998112
57.060,True,-0.046450,1.184123,-0.075393,0.047738,0.004910,0.033432,-0.998288,True,0.017872,1.177547,-0.076145,0.048250,0.020973,0.031760,-0.998110
57.071,True,-0.046493,1.184135,-0.075379,0.047576,0.005060,0.033404,-0.998296,True,0.017829,1.177562,-0.076113,0.048087,0.021123,0.031732,-0.998116
57.082,True,-0.046545,1.184168,-0.075402,0.047383,0.005104,0.033389,-0.998306,True,0.017777,1.177599,-0.076115,0.047893,0.021166,0.031716,-0.998124
57.093,True,-0.046593,1.184168,-0.075390,0.047308,0.005183,0.033363,-0.998310,True,0.017731,1.177602,-0.076093,0.047818,0.021244,0.031690,-0.998127
57.104,True,-0.046620,1.184173,-0.075375,0.047247,0.005282,0.033389,-0.998311,True,0.017703,1.177603,-0.076065,0.047757,0.021342,0.031714,-0.998127
57.115,True,-0.046668,1.184188,-0.075363,0.047135,0.005156,0.033361,-0.998318,True,0.017655,1.177624,-0.076056,0.047645,0.021216,0.031686,-0.998136
57.126,True,-0.046688,1.184183,-0.075345,0.047064,0.005208,0.033287,-0.998324,True,0.017637,1.177628,-0.076027,0.047572,0.021268,0.031611,-0.998141
57.137,True,-0.046718,1.184205,-0.075316,0.047108,0.005170,0.033323,-0.998321,True,0.017606,1.177645,-0.075999,0.047617,0.021230,0.031646,-0.998139
57.149,True,-0.046752,1.184259,-0.075320,0.047003,0.005095,0.033470,-0.998321,True,0.017571,1.177681,-0.075996,0.047514,0.021154,0.031793,-0.998140
57.160,True,-0.046783,1.184281,-0.075286,0.047104,0.004999,0.033594,-0.998312,True,0.017537,1.177688,-0.075965,0.047617,0.021058,0.031916,-0.998134
57.171,True,-0.046791,1.184260,-0.075258,0.047124,0.005041,0.033506,-0.998314,True,0.017531,1.177679,-0.075934,0.047635,0.021100,0.031826,-0.998135
57.182,True,-0.046818,1.184185,-0.075260,0.047107,0.005086,0.033233,-0.998324,True,0.017507,1.177638,-0.075938,0.047614,0.021144,0.031553,-0.998143
57.193,True,-0.046836,1.184140,-0.075228,0.046533,0.005845,0.032935,-0.998357,True,0.017492,1.177620,-0.075899,0.047037,0.021903,0.031256,-0.998164
57.204,True,-0.046849,1.184106,-0.075200,0.045632,0.006203,0.032848,-0.998399,True,0.017480,1.177592,-0.075866,0.046135,0.022259,0.031171,-0.998201
57.215,True,-0.046855,1.184083,-0.075205,0.043951,0.007633,0.032791,-0.998466,True,0.017473,1.177554,-0.075857,0.044457,0.023687,0.031114,-0.998246
57.226,True,-0.046862,1.184106,-0.075158,0.041269,0.010845,0.032576,-0.998558,True,0.017463,1.177551,-0.075816,0.041780,0.026894,0.030898,-0.998287
57.238,True,-0.046856,1.184163,-0.075113,0.040892,0.011546,0.032849,-0.998557,True,0.017465,1.177561,-0.075773,0.041409,0.027594,0.031171,-0.998275
57.249,True,-0.046579,1.184487,-0.075050,0.040165,0.013085,0.032954,-0.998564,True,0.017476,1.177547,-0.075770,0.040689,0.029132,0.031275,-0.998257
57.260,True,-0.046569,1.184505,-0.075006,0.039751,0.013874,0.033042,-0.998567,True,0.017484,1.177543,-0.075728,0.040279,0.029921,0.031366,-0.998248
57.271,True,-0.046564,1.184500,-0.074964,0.041305,0.013421,0.033150,-0.998506,True,0.017488,1.177533,-0.075703,0.041833,0.029473,0.031475,-0.998194
57.282,True,-0.046551,1.184514,-0.074957,0.040765,0.013480,0.032962,-0.998534,True,0.017503,1.177568,-0.075713,0.041291,0.029531,0.031290,-0.998220
57.293,True,-0.046555,1.184457,-0.074926,0.040681,0.013599,0.032574,-0.998549,True,0.017503,1.177554,-0.075708,0.041202,0.029651,0.030901,-0.998233
57.304,True,-0.046556,1.184457,-0.074901,0.039983,0.014510,0.032373,-0.998570,True,0.017504,1.177567,-0.075689,0.040503,0.030561,0.030704,-0.998240
57.315,True,-0.046564,1.184400,-0.074924,0.040251,0.013918,0.032348,-0.998569,True,0.017497,1.177521,-0.075724,0.040769,0.029970,0.030682,-0.998248
57.326,True,-0.046575,1.184322,-0.074911,0.039616,0.014557,0.032180,-0.998591,True,0.017486,1.177454,-0.075732,0.040134,0.030608,0.030518,-0.998259
57.337,True,-0.046583,1.184250,-0.074908,0.039527,0.014331,0.032176,-0.998598,True,0.017479,1.177384,-0.075743,0.040044,0.030382,0.030515,-0.998270
57.349,True,-0.046636,1.184205,-0.074926,0.039772,0.014117,0.032115,-0.998593,True,0.017427,1.177350,-0.075771,0.040288,0.030170,0.030456,-0.998268
57.360,True,-0.046654,1.184165,-0.074926,0.039952,0.014356,0.032004,-0.998586,True,0.017410,1.177320,-0.075776,0.040467,0.030410,0.030344,-0.998257
57.371,True,-0.046681,1.184144,-0.074938,0.040061,0.014455,0.031975,-0.998581,True,0.017384,1.177303,-0.075780,0.040576,0.030509,0.030314,-0.998250
57.382,True,-0.046723,1.184149,-0.074989,0.040172,0.014659,0.031800,-0.998579,True,0.017343,1.177328,-0.075827,0.040684,0.030712,0.030139,-0.998245
57.393,True,-0.046757,1.184150,-0.074991,0.039940,0.014787,0.031757,-0.998588,True,0.017310,1.177333,-0.075822,0.040452,0.030840,0.030095,-0.998252
57.404,True,-0.046778,1.184149,-0.075011,0.039711,0.015223,0.031606,-0.998595,True,0.017291,1.177347,-0.075829,0.040222,0.031276,0.029943,-0.998252
57.415,True,-0.046814,1.184166,-0.075049,0.039854,0.015425,0.031544,-0.998588,True,0.017255,1.177371,-0.075848,0.040364,0.031477,0.029880,-0.998242
57.427,True,-0.046859,1.184201,-0.075093,0.039782,0.015515,0.031545,-0.998590,True,0.017211,1.177408,-0.075869,0.040292,0.031567,0.029881,-0.998242
57.437,True,-0.046919,1.184217,-0.075143,0.040011,0.015642,0.031614,-0.998577,True,0.017151,1.177418,-0.075894,0.040522,0.031695,0.029949,-0.998227
57.449,True,-0.046950,1.184200,-0.075206,0.040125,0.015836,0.031503,-0.998572,True,0.017122,1.177415,-0.075939,0.040634,0.031888,0.029837,-0.998219
57.460,True,-0.046995,1.184191,-0.075263,0.040262,0.016464,0.031351,-0.998562,True,0.017078,1.177421,-0.075970,0.040771,0.032516,0.029684,-0.998198
57.471,True,-0.047028,1.184217,-0.075308,0.041170,0.017706,0.030980,-0.998515,True,0.017049,1.177483,-0.075995,0.041676,0.033762,0.029312,-0.998130
57.482,True,-0.047070,1.184252,-0.075398,0.041633,0.018807,0.030881,-0.998479,True,0.017008,1.177521,-0.076057,0.042140,0.034862,0.029211,-0.998076
57.493,True,-0.047109,1.184275,-0.075449,0.041932,0.018937,0.031025,-0.998459,True,0.016968,1.177526,-0.076090,0.042442,0.034992,0.029352,-0.998055
57.504,True,-0.047120,1.184332,-0.075502,0.043222,0.020404,0.031265,-0.998368,True,0.016952,1.177539,-0.076116,0.043740,0.036462,0.029589,-0.997939
57.515,True,-0.047122,1.184393,-0.075568,0.044656,0.021520,0.031388,-0.998277,True,0.016947,1.177572,-0.076183,0.045178,0.037581,0.029709,-0.997830
57.526,True,-0.047112,1.184435,-0.075612,0.045284,0.021935,0.031309,-0.998242,True,0.016958,1.177620,-0.076228,0.045806,0.037997,0.029626,-0.997788
57.538,True,-0.047092,1.184477,-0.075649,0.046252,0.022426,0.031037,-0.998196,True,0.016981,1.177690,-0.076268,0.046770,0.038489,0.029349,-0.997732
57.549,True,-0.047076,1.184534,-0.075678,0.046642,0.022549,0.030815,-0.998182,True,0.016999,1.177773,-0.076299,0.047158,0.038611,0.029125,-0.997716
57.560,True,-0.047034,1.184608,-0.075723,0.048103,0.023468,0.030644,-0.998096,True,0.017042,1.177860,-0.076334,0.048618,0.039532,0.028947,-0.997615
57.571,True,-0.047004,1.184666,-0.075745,0.048785,0.023596,0.030662,-0.998060,True,0.017072,1.177912,-0.076365,0.049300,0.039661,0.028962,-0.997576
57.582,True,-0.046962,1.184710,-0.075784,0.049496,0.024005,0.030791,-0.998011,True,0.017112,1.177934,-0.076409,0.050015,0.040071,0.029087,-0.997520
57.593,True,-0.046901,1.184738,-0.075803,0.050164,0.024353,0.030939,-0.997965,True,0.017170,1.177937,-0.076446,0.050685,0.040420,0.029233,-0.997468
57.604,True,-0.046843,1.184757,-0.075821,0.051468,0.024714,0.031058,-0.997886,True,0.017226,1.177936,-0.076486,0.051992,0.040783,0.029349,-0.997383
57.616,True,-0.046778,1.184782,-0.075858,0.052098,0.024803,0.031177,-0.997847,True,0.017288,1.177943,-0.076539,0.052624,0.040874,0.029468,-0.997342
57.627,True,-0.046704,1.184801,-0.075875,0.053326,0.025603,0.031189,-0.997762,True,0.017361,1.177951,-0.076569,0.053854,0.041675,0.029479,-0.997243
57.638,True,-0.046651,1.184826,-0.075881,0.053680,0.025877,0.031327,-0.997731,True,0.017412,1.177953,-0.076588,0.054211,0.041949,0.029616,-0.997208
57.649,True,-0.046572,1.184851,-0.075889,0.054378,0.026480,0.031400,-0.997675,True,0.017488,1.177961,-0.076604,0.054911,0.042552,0.029688,-0.997142
57.660,True,-0.046503,1.184890,-0.075888,0.054492,0.026744,0.031589,-0.997656,True,0.017554,1.177972,-0.076605,0.055029,0.042817,0.029876,-0.997119
57.671,True,-0.046454,1.184899,-0.075879,0.054580,0.026849,0.031661,-0.997646,True,0.017602,1.177967,-0.076612,0.055119,0.042921,0.029948,-0.997107
57.682,True,-0.046406,1.184922,-0.075856,0.054724,0.026954,0.031855,-0.997629,True,0.017647,1.177961,-0.076609,0.055266,0.043026,0.030142,-0.997089
57.693,True,-0.046358,1.184922,-0.075844,0.055134,0.027435,0.031867,-0.997593,True,0.017694,1.177951,-0.076614,0.055677,0.043507,0.030154,-0.997045
57.705,True,-0.046309,1.184922,-0.075831,0.055407,0.027685,0.032018,-0.997566,True,0.017740,1.177928,-0.076614,0.055953,0.043757,0.030305,-0.997014
57.716,True,-0.046301,1.184900,-0.075825,0.055723,0.027694,0.031966,-0.997550,True,0.017747,1.177910,-0.076640,0.056269,0.043767,0.030255,-0.996997
57.727,True,-0.046269,1.184848,-0.075824,0.055937,0.027775,0.031868,-0.997539,True,0.017781,1.177871,-0.076649,0.056481,0.043849,0.030160,-0.996984
57.738,True,-0.046250,1.184763,-0.075816,0.056424,0.028314,0.031640,-0.997504,True,0.017802,1.177808,-0.076660,0.056966,0.044389,0.029935,-0.996940
57.749,True,-0.046229,1.184713,-0.075813,0.056810,0.028459,0.031492,-0.997482,True,0.017825,1.177778,-0.076667,0.057350,0.044536,0.029792,-0.996915
57.760,True,-0.046230,1.184632,-0.075808,0.057491,0.028741,0.031301,-0.997441,True,0.017826,1.177721,-0.076669,0.058027,0.044819,0.029603,-0.996869
57.771,True,-0.046253,1.184586,-0.075798,0.057699,0.029019,0.031206,-0.997424,True,0.017804,1.177684,-0.076663,0.058234,0.045098,0.029510,-0.996847
57.782,True,-0.046255,1.184597,-0.075797,0.057932,0.029600,0.031187,-0.997394,True,0.017803,1.177693,-0.076645,0.058467,0.045678,0.029491,-0.996808
57.793,True,-0.046270,1.184593,-0.075804,0.058674,0.030590,0.031103,-0.997324,True,0.017788,1.177690,-0.076643,0.059209,0.046668,0.029407,-0.996721
57.804,True,-0.046303,1.184602,-0.075803,0.059217,0.031028,0.031066,-0.997279,True,0.017755,1.177701,-0.076634,0.059752,0.047106,0.029369,-0.996669
57.816,True,-0.046308,1.184620,-0.075824,0.059906,0.031428,0.031047,-0.997226,True,0.017750,1.177720,-0.076637,0.060441,0.047507,0.029349,-0.996609
57.827,True,-0.046335,1.184630,-0.075831,0.060978,0.031936,0.030965,-0.997147,True,0.017724,1.177740,-0.076629,0.061511,0.048017,0.029268,-0.996521
57.838,True,-0.046364,1.184617,-0.075849,0.061142,0.032198,0.030891,-0.997131,True,0.017697,1.177734,-0.076639,0.061675,0.048278,0.029192,-0.996501
57.849,True,-0.046386,1.184647,-0.075884,0.061628,0.031711,0.030875,-0.997118,True,0.017676,1.177777,-0.076651,0.062159,0.047793,0.029174,-0.996494
57.860,True,-0.046427,1.184681,-0.075902,0.062032,0.031644,0.030829,-0.997096,True,0.017636,1.177821,-0.076653,0.062562,0.047727,0.029127,-0.996474
57.871,True,-0.046464,1.184711,-0.075919,0.062201,0.031691,0.030742,-0.997087,True,0.017601,1.177864,-0.076651,0.062729,0.047774,0.029038,-0.996464
57.882,True,-0.046487,1.184773,-0.075924,0.062263,0.031624,0.030743,-0.997085,True,0.017578,1.177929,-0.076633,0.062791,0.047707,0.029037,-0.996463
57.893,True,-0.046520,1.184823,-0.075940,0.062187,0.031168,0.030763,-0.997103,True,0.017546,1.177982,-0.076636,0.062714,0.047251,0.029054,-0.996489
57.904,True,-0.046535,1.184857,-0.075960,0.062201,0.030967,0.030801,-0.997108,True,0.017531,1.178016,-0.076641,0.062728,0.047051,0.029090,-0.996496
57.915,True,-0.046550,1.184882,-0.075964,0.062426,0.030787,0.030830,-0.997098,True,0.017516,1.178041,-0.076637,0.062954,0.046871,0.029118,-0.996490
57.927,True,-0.046548,1.184907,-0.075988,0.062596,0.030344,0.030976,-0.997097,True,0.017517,1.178053,-0.076654,0.063125,0.046429,0.029262,-0.996496
57.938,True,-0.046553,1.184913,-0.075997,0.062665,0.030296,0.030942,-0.997095,True,0.017513,1.178063,-0.076669,0.063194,0.046382,0.029228,-0.996495
57.949,True,-0.046534,1.184954,-0.076015,0.062729,0.029804,0.031000,-0.997104,True,0.017531,1.178103,-0.076687,0.063257,0.045890,0.029284,-0.996512
57.960,True,-0.046518,1.185017,-0.076034,0.062922,0.028894,0.031097,-0.997115,True,0.017547,1.178166,-0.076705,0.063449,0.044981,0.029379,-0.996538
57.971,True,-0.046505,1.185076,-0.076057,0.063122,0.028288,0.031261,-0.997115,True,0.017559,1.178212,-0.076726,0.063651,0.044377,0.029541,-0.996547
57.982,True,-0.046510,1.185139,-0.076082,0.064395,0.028019,0.031339,-0.997039,True,0.017554,1.178270,-0.076754,0.064924,0.044110,0.029617,-0.996475
57.993,True,-0.046486,1.185141,-0.076120,0.064325,0.027598,0.031222,-0.997059,True,0.017580,1.178292,-0.076793,0.064851,0.043690,0.029499,-0.996502
58.004,True,-0.046468,1.185104,-0.076147,0.064419,0.027313,0.031079,-0.997065,True,0.017600,1.178276,-0.076826,0.064942,0.043404,0.029353,-0.996512
58.015,True,-0.046466,1.185086,-0.076174,0.064535,0.026882,0.030966,-0.997073,True,0.017603,1.178277,-0.076853,0.065056,0.042974,0.029239,-0.996527
58.027,True,-0.046447,1.185143,-0.076191,0.064500,0.026900,0.031077,-0.997071,True,0.017621,1.178321,-0.076867,0.065022,0.042992,0.029350,-0.996525
58.038,True,-0.046409,1.185200,-0.076204,0.064902,0.026919,0.031253,-0.997039,True,0.017656,1.178354,-0.076880,0.065427,0.043011,0.029522,-0.996493
58.049,True,-0.046407,1.185231,-0.076219,0.065471,0.026955,0.031357,-0.996997,True,0.017656,1.178366,-0.076906,0.065998,0.043046,0.029619,-0.996451
58.060,True,-0.046357,1.185368,-0.076242,0.065495,0.026763,0.031756,-0.996988,True,0.017702,1.178457,-0.076912,0.066028,0.042854,0.030018,-0.996445
58.071,True,-0.046327,1.185437,-0.076242,0.065461,0.026560,0.032035,-0.996987,True,0.017727,1.178490,-0.076920,0.065999,0.042651,0.030296,-0.996447
58.082,True,-0.046331,1.185488,-0.076219,0.065539,0.026601,0.032237,-0.996974,True,0.017721,1.178514,-0.076911,0.066080,0.042692,0.030500,-0.996434
58.093,True,-0.046317,1.185484,-0.076230,0.065523,0.026179,0.032260,-0.996986,True,0.017734,1.178510,-0.076938,0.066063,0.042271,0.030524,-0.996452
58.104,True,-0.046301,1.185473,-0.076236,0.065319,0.025923,0.032114,-0.997011,True,0.017753,1.178521,-0.076961,0.065857,0.042016,0.030382,-0.996481
58.116,True,-0.046301,1.185424,-0.076246,0.065124,0.025900,0.031887,-0.997031,True,0.017755,1.178501,-0.076983,0.065658,0.041993,0.030159,-0.996502
58.127,True,-0.046294,1.185372,-0.076264,0.065019,0.025741,0.031753,-0.997047,True,0.017764,1.178468,-0.077013,0.065550,0.041836,0.030027,-0.996520
58.138,True,-0.046291,1.185320,-0.076280,0.064721,0.025394,0.031726,-0.997076,True,0.017768,1.178423,-0.077044,0.065251,0.041489,0.030005,-0.996554
58.149,True,-0.046312,1.185218,-0.076301,0.064629,0.025232,0.031611,-0.997089,True,0.017748,1.178336,-0.077082,0.065158,0.041328,0.029891,-0.996571
58.160,True,-0.046322,1.185163,-0.076316,0.064385,0.024991,0.031678,-0.997109,True,0.017738,1.178274,-0.077111,0.064914,0.041087,0.029961,-0.996594
58.171,True,-0.046331,1.185141,-0.076339,0.064041,0.024750,0.031648,-0.997138,True,0.017729,1.178257,-0.077143,0.064570,0.040845,0.029931,-0.996628
58.182,True,-0.046337,1.185133,-0.076366,0.064003,0.024686,0.031531,-0.997146,True,0.017725,1.178265,-0.077165,0.064529,0.040782,0.029813,-0.996636
58.193,True,-0.046372,1.185140,-0.076392,0.064038,0.024584,0.031436,-0.997149,True,0.017691,1.178285,-0.077188,0.064563,0.040679,0.029718,-0.996641
58.204,True,-0.046407,1.185132,-0.076432,0.064095,0.024633,0.031248,-0.997150,True,0.017659,1.178302,-0.077217,0.064617,0.040728,0.029527,-0.996642
58.215,True,-0.046467,1.185150,-0.076476,0.063943,0.024903,0.031072,-0.997159,True,0.017602,1.178340,-0.077241,0.064462,0.040997,0.029349,-0.996646
58.226,True,-0.046531,1.185171,-0.076523,0.064327,0.025168,0.030962,-0.997131,True,0.017539,1.178376,-0.077270,0.064845,0.041263,0.029239,-0.996613
58.238,True,-0.046582,1.185204,-0.076577,0.064054,0.025153,0.030915,-0.997150,True,0.017490,1.178419,-0.077295,0.064570,0.041247,0.029192,-0.996633
58.249,True,-0.046637,1.185253,-0.076653,0.064365,0.025514,0.030939,-0.997120,True,0.017435,1.178466,-0.077334,0.064882,0.041608,0.029213,-0.996597
58.260,True,-0.046811,1.184736,-0.076860,0.065527,0.025307,0.030936,-0.997050,True,0.017387,1.178477,-0.077358,0.066043,0.041404,0.029210,-0.996530
58.271,True,-0.046862,1.184733,-0.076899,0.066165,0.025490,0.030920,-0.997004,True,0.017337,1.178479,-0.077378,0.066681,0.041588,0.029194,-0.996480
58.282,True,-0.046913,1.184716,-0.076943,0.066071,0.025674,0.030591,-0.997015,True,0.017291,1.178506,-0.077392,0.066581,0.041772,0.028863,-0.996488
58.293,True,-0.046949,1.184763,-0.076994,0.066321,0.025815,0.030496,-0.996998,True,0.017256,1.178569,-0.077409,0.066829,0.041913,0.028767,-0.996469
58.304,True,-0.046984,1.184817,-0.077046,0.066510,0.025759,0.030621,-0.996983,True,0.017221,1.178614,-0.077426,0.067021,0.041857,0.028890,-0.996455
58.315,True,-0.047046,1.184892,-0.077088,0.066936,0.025913,0.030931,-0.996941,True,0.017155,1.178652,-0.077434,0.067451,0.042011,0.029197,-0.996410
58.327,True,-0.047084,1.184976,-0.077107,0.067118,0.025807,0.031321,-0.996919,True,0.017112,1.178689,-0.077440,0.067639,0.041905,0.029585,-0.996390
58.337,True,-0.047083,1.185007,-0.077136,0.067689,0.026623,0.031298,-0.996860,True,0.017113,1.178713,-0.077461,0.068211,0.042720,0.029559,-0.996318
58.349,True,-0.047061,1.185071,-0.077183,0.069557,0.036060,0.030287,-0.996466,True,0.017135,1.178780,-0.077504,0.070079,0.052140,0.028541,-0.995769
58.360,True,-0.047044,1.185105,-0.077204,0.069220,0.039662,0.029625,-0.996373,True,0.017155,1.178845,-0.077520,0.069738,0.055730,0.027873,-0.995617
58.371,True,-0.047030,1.185173,-0.077211,0.069772,0.046609,0.028700,-0.996060,True,0.017171,1.178935,-0.077530,0.070288,0.062651,0.026947,-0.995193
58.382,True,-0.046980,1.185217,-0.077250,0.070077,0.044809,0.028855,-0.996117,True,0.017222,1.178983,-0.077566,0.070591,0.060859,0.027097,-0.995278
58.393,True,-0.046942,1.185265,-0.077258,0.073949,0.045555,0.028941,-0.995801,True,0.017258,1.179018,-0.077581,0.074461,0.061607,0.027178,-0.994948
58.404,True,-0.046889,1.185304,-0.077259,0.073860,0.046601,0.028973,-0.995758,True,0.017309,1.179034,-0.077595,0.074375,0.062648,0.027209,-0.994889
58.415,True,-0.046849,1.185314,-0.077274,0.073853,0.049424,0.028805,-0.995627,True,0.017347,1.179020,-0.077626,0.074370,0.065457,0.027039,-0.994713
58.426,True,-0.046776,1.185328,-0.077259,0.074532,0.050793,0.028835,-0.995507,True,0.017417,1.179009,-0.077631,0.075051,0.066819,0.027068,-0.994570
58.438,True,-0.046706,1.185334,-0.077238,0.075897,0.049437,0.029109,-0.995464,True,0.017485,1.178997,-0.077640,0.076416,0.065471,0.027342,-0.994548
58.455,True,-0.046607,1.185309,-0.077247,0.076284,0.051230,0.029010,-0.995347,True,0.017582,1.178956,-0.077673,0.076804,0.067255,0.027241,-0.994402
58.466,True,-0.046548,1.185336,-0.077203,0.076060,0.048541,0.029500,-0.995484,True,0.017638,1.178953,-0.077664,0.076583,0.064578,0.027733,-0.994583
58.477,True,-0.046480,1.185316,-0.077189,0.076930,0.048097,0.029812,-0.995430,True,0.017702,1.178895,-0.077673,0.077457,0.064136,0.028043,-0.994535
58.489,True,-0.046419,1.185324,-0.077147,0.077110,0.047920,0.029966,-0.995419,True,0.017760,1.178881,-0.077660,0.077639,0.063959,0.028198,-0.994528
58.500,True,-0.046365,1.185339,-0.077105,0.076623,0.048073,0.030151,-0.995444,True,0.017811,1.178865,-0.077643,0.077156,0.064110,0.028384,-0.994551
58.511,True,-0.046325,1.185351,-0.077056,0.076123,0.048088,0.030345,-0.995476,True,0.017847,1.178843,-0.077633,0.076660,0.064123,0.028578,-0.994583
58.522,True,-0.046285,1.185335,-0.077034,0.076356,0.048158,0.030236,-0.995458,True,0.017889,1.178839,-0.077621,0.076892,0.064193,0.028470,-0.994564
58.533,True,-0.046281,1.185318,-0.077003,0.075804,0.048283,0.030169,-0.995496,True,0.017893,1.178825,-0.077610,0.076339,0.064317,0.028404,-0.994600
58.544,True,-0.046268,1.185284,-0.076970,0.076128,0.048958,0.030035,-0.995443,True,0.017907,1.178797,-0.077595,0.076662,0.064988,0.028272,-0.994535
58.555,True,-0.046279,1.185202,-0.076972,0.076376,0.049243,0.029764,-0.995418,True,0.017898,1.178747,-0.077612,0.076905,0.065272,0.028005,-0.994505
58.566,True,-0.046310,1.185120,-0.076941,0.075829,0.048726,0.029668,-0.995488,True,0.017869,1.178681,-0.077604,0.076356,0.064758,0.027912,-0.994584
58.578,True,-0.046334,1.185042,-0.076936,0.076162,0.049626,0.029413,-0.995425,True,0.017848,1.178629,-0.077595,0.076686,0.065655,0.027661,-0.994507
58.589,True,-0.046368,1.184961,-0.076928,0.075750,0.049878,0.029256,-0.995449,True,0.017815,1.178567,-0.077584,0.076272,0.065906,0.027508,-0.994526
58.600,True,-0.046428,1.184907,-0.076905,0.075753,0.049908,0.029230,-0.995448,True,0.017756,1.178519,-0.077556,0.076275,0.065936,0.027484,-0.994525
58.611,True,-0.046468,1.184864,-0.076887,0.075385,0.050361,0.029084,-0.995457,True,0.017718,1.178492,-0.077527,0.075905,0.066388,0.027342,-0.994527
58.622,True,-0.046564,1.184806,-0.076895,0.075611,0.050952,0.028871,-0.995416,True,0.017624,1.178457,-0.077510,0.076127,0.066977,0.027128,-0.994476
58.633,True,-0.046627,1.184785,-0.076883,0.075655,0.051442,0.028766,-0.995391,True,0.017563,1.178450,-0.077477,0.076170,0.067466,0.027024,-0.994443
58.644,True,-0.046705,1.184760,-0.076886,0.076219,0.052032,0.028672,-0.995320,True,0.017486,1.178436,-0.077450,0.076733,0.068055,0.026932,-0.994362
58.655,True,-0.046785,1.184726,-0.076869,0.075968,0.052566,0.028547,-0.995314,True,0.017408,1.178415,-0.077412,0.076480,0.068586,0.026807,-0.994348
58.666,True,-0.046864,1.184707,-0.076853,0.076126,0.052548,0.028503,-0.995305,True,0.017330,1.178406,-0.077381,0.076637,0.068570,0.026766,-0.994338
58.677,True,-0.046932,1.184686,-0.076854,0.074985,0.051673,0.028534,-0.995436,True,0.017263,1.178394,-0.077363,0.075497,0.067698,0.026797,-0.994484
58.689,True,-0.047004,1.184657,-0.076839,0.063498,0.037972,0.029677,-0.996818,True,0.017192,1.178377,-0.077332,0.064021,0.054035,0.027945,-0.996093
58.700,True,-0.047065,1.184645,-0.076821,0.060008,0.033691,0.030030,-0.997177,True,0.017131,1.178370,-0.077299,0.060531,0.049760,0.028299,-0.996524
58.711,True,-0.047129,1.184654,-0.076785,0.051398,0.021537,0.031115,-0.997961,True,0.017068,1.178383,-0.077253,0.051914,0.037605,0.029393,-0.997510
58.722,True,-0.047166,1.184660,-0.076783,0.051982,0.019515,0.031280,-0.997967,True,0.017033,1.178400,-0.077229,0.052495,0.035585,0.029556,-0.997549
58.733,True,-0.047209,1.184665,-0.076758,0.049439,0.018110,0.031362,-0.998120,True,0.016990,1.178406,-0.077191,0.049950,0.034173,0.029637,-0.997727
58.744,True,-0.047244,1.184657,-0.076743,0.049172,0.014332,0.031792,-0.998181,True,0.016954,1.178395,-0.077166,0.049680,0.030393,0.030069,-0.997850
58.755,True,-0.047283,1.184663,-0.076709,0.054261,0.016040,0.031806,-0.997891,True,0.016914,1.178394,-0.077122,0.054773,0.032115,0.030079,-0.997529
58.767,True,-0.047320,1.184643,-0.076666,0.049350,0.011564,0.032244,-0.998194,True,0.016877,1.178364,-0.077075,0.049857,0.027624,0.030521,-0.997908
58.778,True,-0.047346,1.184589,-0.076628,0.050465,0.011729,0.032334,-0.998133,True,0.016850,1.178301,-0.077032,0.050974,0.027792,0.030611,-0.997844
58.789,True,-0.047389,1.184543,-0.076569,0.051577,0.011676,0.032360,-0.998076,True,0.016807,1.178257,-0.076975,0.052086,0.027743,0.030638,-0.997787
58.800,True,-0.047422,1.184498,-0.076521,0.051440,0.010489,0.032558,-0.998090,True,0.016773,1.178200,-0.076931,0.051949,0.026554,0.030836,-0.997820
58.811,True,-0.047457,1.184476,-0.076466,0.052807,0.011180,0.032425,-0.998016,True,0.016739,1.178192,-0.076884,0.053317,0.027251,0.030706,-0.997733
58.822,True,-0.047494,1.184443,-0.076417,0.054841,0.012867,0.032260,-0.997891,True,0.016703,1.178163,-0.076839,0.055352,0.028944,0.030541,-0.997580
58.833,True,-0.047534,1.184403,-0.076360,0.054850,0.012934,0.032148,-0.997893,True,0.016663,1.178136,-0.076792,0.055360,0.029012,0.030433,-0.997581
58.844,True,-0.047562,1.184292,-0.076309,0.054000,0.010912,0.031960,-0.997970,True,0.016640,1.178074,-0.076755,0.054502,0.026987,0.030247,-0.997691
58.855,True,-0.047585,1.184202,-0.076267,0.054674,0.011596,0.031714,-0.997933,True,0.016620,1.178011,-0.076703,0.055174,0.027674,0.030003,-0.997642
58.866,True,-0.047627,1.184143,-0.076205,0.053908,0.012807,0.031494,-0.997967,True,0.016579,1.177963,-0.076643,0.054407,0.028885,0.029786,-0.997656
58.878,True,-0.047643,1.184112,-0.076168,0.054247,0.012099,0.031547,-0.997956,True,0.016564,1.177938,-0.076605,0.054745,0.028179,0.029844,-0.997656
58.889,True,-0.047670,1.184097,-0.076109,0.054023,0.012688,0.031602,-0.997959,True,0.016535,1.177908,-0.076545,0.054523,0.028768,0.029900,-0.997650
58.900,True,-0.047696,1.184132,-0.076058,0.053896,0.012998,0.031878,-0.997953,True,0.016505,1.177904,-0.076491,0.054401,0.029079,0.030179,-0.997639
58.911,True,-0.047691,1.184142,-0.076030,0.053786,0.013020,0.032215,-0.997948,True,0.016506,1.177871,-0.076459,0.054298,0.029100,0.030518,-0.997634
58.922,True,-0.047712,1.184135,-0.075986,0.053154,0.012601,0.032528,-0.997977,True,0.016481,1.177827,-0.076430,0.053669,0.028680,0.030834,-0.997671
58.933,True,-0.047741,1.184116,-0.075930,0.052795,0.012407,0.032612,-0.997996,True,0.016451,1.177798,-0.076389,0.053312,0.028487,0.030924,-0.997692
58.944,True,-0.047739,1.184109,-0.075912,0.052622,0.012308,0.032581,-0.998007,True,0.016454,1.177796,-0.076373,0.053138,0.028388,0.030894,-0.997706
58.955,True,-0.047735,1.184096,-0.075877,0.052330,0.012113,0.032377,-0.998031,True,0.016460,1.177808,-0.076359,0.052842,0.028193,0.030691,-0.997733
58.967,True,-0.047749,1.184081,-0.075851,0.051938,0.012055,0.032109,-0.998061,True,0.016449,1.177827,-0.076345,0.052446,0.028134,0.030426,-0.997764
58.978,True,-0.047783,1.184055,-0.075838,0.052474,0.012165,0.031931,-0.998038,True,0.016417,1.177824,-0.076343,0.052979,0.028247,0.030251,-0.997738
58.989,True,-0.047811,1.183997,-0.075823,0.052974,0.012752,0.031751,-0.998010,True,0.016391,1.177781,-0.076347,0.053478,0.028836,0.030072,-0.997700
59.000,True,-0.047830,1.183907,-0.075808,0.053491,0.013010,0.031708,-0.997980,True,0.016372,1.177690,-0.076367,0.053995,0.029096,0.030032,-0.997665
59.011,True,-0.047835,1.183849,-0.075806,0.054134,0.013405,0.031565,-0.997945,True,0.016368,1.177645,-0.076379,0.054638,0.029493,0.029888,-0.997623
59.022,True,-0.047734,1.184140,-0.075794,0.054467,0.013261,0.031710,-0.997924,True,0.016371,1.177617,-0.076393,0.054973,0.029349,0.030031,-0.997605
59.033,True,-0.047760,1.184145,-0.075800,0.055785,0.013655,0.031654,-0.997848,True,0.016346,1.177626,-0.076405,0.056290,0.029747,0.029972,-0.997521
59.044,True,-0.047798,1.184157,-0.075815,0.055459,0.013541,0.031649,-0.997867,True,0.016308,1.177638,-0.076418,0.055965,0.029631,0.029966,-0.997543
59.055,True,-0.047838,1.184197,-0.075843,0.056725,0.014257,0.031548,-0.997789,True,0.016269,1.177687,-0.076425,0.057230,0.030349,0.029860,-0.997453
59.067,True,-0.047892,1.184237,-0.075855,0.057589,0.014943,0.031468,-0.997732,True,0.016215,1.177733,-0.076429,0.058094,0.031037,0.029781,-0.997384
59.078,True,-0.047935,1.184267,-0.075903,0.058024,0.015424,0.031354,-0.997704,True,0.016174,1.177775,-0.076451,0.058528,0.031518,0.029665,-0.997347
59.088,True,-0.047982,1.184313,-0.075951,0.058270,0.015599,0.031406,-0.997685,True,0.016126,1.177816,-0.076480,0.058775,0.031694,0.029716,-0.997325
59.100,True,-0.048026,1.184334,-0.076014,0.059663,0.016210,0.031353,-0.997594,True,0.016084,1.177842,-0.076525,0.060168,0.032308,0.029662,-0.997224
59.111,True,-0.048067,1.184323,-0.076060,0.060180,0.016610,0.031270,-0.997559,True,0.016043,1.177841,-0.076558,0.060684,0.032709,0.029578,-0.997182
59.122,True,-0.048111,1.184320,-0.076119,0.060441,0.016920,0.031071,-0.997545,True,0.016001,1.177862,-0.076602,0.060943,0.033019,0.029377,-0.997162
59.133,True,-0.048150,1.184343,-0.076164,0.061294,0.017436,0.030796,-0.997492,True,0.015966,1.177917,-0.076640,0.061792,0.033537,0.029102,-0.997101
59.144,True,-0.048144,1.184414,-0.076214,0.060896,0.017249,0.030760,-0.997521,True,0.015973,1.177996,-0.076669,0.061393,0.033349,0.029063,-0.997133
59.155,True,-0.048172,1.184462,-0.076282,0.061894,0.017865,0.030757,-0.997449,True,0.015945,1.178042,-0.076711,0.062392,0.033965,0.029056,-0.997050
59.166,True,-0.048213,1.184535,-0.076330,0.062332,0.018209,0.031114,-0.997404,True,0.015900,1.178067,-0.076742,0.062836,0.034310,0.029411,-0.997000
59.178,True,-0.048217,1.184599,-0.076386,0.062627,0.018375,0.031314,-0.997376,True,0.015892,1.178102,-0.076796,0.063135,0.034476,0.029607,-0.996970
59.189,True,-0.048211,1.184657,-0.076453,0.062810,0.018678,0.031277,-0.997361,True,0.015898,1.178161,-0.076856,0.063318,0.034778,0.029565,-0.996949
59.200,True,-0.048217,1.184708,-0.076482,0.062848,0.019415,0.030977,-0.997353,True,0.015895,1.178238,-0.076895,0.063352,0.035514,0.029263,-0.996930
59.211,True,-0.048226,1.184727,-0.076529,0.063431,0.019284,0.030756,-0.997326,True,0.015889,1.178287,-0.076940,0.063932,0.035384,0.029038,-0.996904
59.222,True,-0.048216,1.184803,-0.076591,0.063597,0.020289,0.030370,-0.997307,True,0.015903,1.178399,-0.076991,0.064093,0.036388,0.028649,-0.996869
59.233,True,-0.048216,1.184886,-0.076651,0.064172,0.021268,0.030384,-0.997250,True,0.015902,1.178469,-0.077038,0.064670,0.037366,0.028657,-0.996795
59.244,True,-0.048197,1.184941,-0.076723,0.064253,0.021251,0.030525,-0.997240,True,0.015919,1.178507,-0.077097,0.064753,0.037348,0.028795,-0.996786
59.255,True,-0.048177,1.184999,-0.076778,0.064868,0.021599,0.030658,-0.997189,True,0.015937,1.178542,-0.077150,0.065372,0.037696,0.028922,-0.996729
59.266,True,-0.048147,1.185073,-0.076819,0.064423,0.017547,0.031188,-0.997281,True,0.015965,1.178602,-0.077195,0.064926,0.033644,0.029453,-0.996888
59.278,True,-0.048139,1.185099,-0.076889,0.063827,0.009799,0.032069,-0.997397,True,0.015973,1.178619,-0.077258,0.064328,0.025890,0.030335,-0.997132
59.289,True,-0.048100,1.185184,-0.076940,0.074461,0.001901,0.033351,-0.996664,True,0.016010,1.178686,-0.077298,0.074973,0.017999,0.031618,-0.996522
59.300,True,-0.048067,1.185271,-0.076992,0.068919,-0.004107,0.034097,-0.997031,True,0.016040,1.178742,-0.077340,0.069428,0.011964,0.032367,-0.996990
59.311,True,-0.048030,1.185324,-0.077035,0.074850,-0.000539,0.034010,-0.996615,True,0.016074,1.178774,-0.077392,0.075368,0.015552,0.032272,-0.996512
59.322,True,-0.047987,1.185395,-0.077071,0.056451,-0.005257,0.034130,-0.997808,True,0.016116,1.178832,-0.077431,0.056946,0.010780,0.032396,-0.997793
59.333,True,-0.047945,1.185470,-0.077098,0.059106,-0.008267,0.034649,-0.997616,True,0.016156,1.178890,-0.077464,0.059604,0.007767,0.032914,-0.997649
59.344,True,-0.047911,1.185491,-0.077147,0.055303,-0.010813,0.035007,-0.997797,True,0.016188,1.178886,-0.077516,0.055796,0.005201,0.033274,-0.997874
59.355,True,-0.047885,1.185539,-0.077157,0.053320,-0.010397,0.034984,-0.997910,True,0.016213,1.178921,-0.077547,0.053811,0.005613,0.033250,-0.997982
59.366,True,-0.047853,1.185564,-0.077177,0.056156,-0.010148,0.035110,-0.997753,True,0.016242,1.178933,-0.077580,0.056653,0.005871,0.033373,-0.997819
59.377,True,-0.047819,1.185547,-0.077188,0.059779,-0.006975,0.034802,-0.997580,True,0.016277,1.178920,-0.077611,0.060283,0.009065,0.033061,-0.997592
59.389,True,-0.047781,1.185543,-0.077213,0.062439,0.003913,0.033566,-0.997477,True,0.016317,1.178929,-0.077642,0.062952,0.019989,0.031815,-0.997309
59.400,True,-0.047761,1.185527,-0.077205,0.057812,-0.006079,0.034356,-0.997718,True,0.016338,1.178931,-0.077668,0.058310,0.009960,0.032614,-0.997716
59.411,True,-0.047735,1.185516,-0.077223,0.062469,0.005009,0.033255,-0.997480,True,0.016364,1.178922,-0.077686,0.062979,0.021087,0.031504,-0.997295
59.422,True,-0.047714,1.185497,-0.077225,0.062147,0.005628,0.032998,-0.997506,True,0.016387,1.178924,-0.077702,0.062655,0.021706,0.031248,-0.997310
59.433,True,-0.047705,1.185477,-0.077228,0.061924,0.006186,0.032777,-0.997523,True,0.016398,1.178922,-0.077714,0.062430,0.022265,0.031026,-0.997319
59.444,True,-0.047703,1.185449,-0.077219,0.061781,0.007651,0.032484,-0.997532,True,0.016401,1.178910,-0.077711,0.062285,0.023733,0.030733,-0.997303
59.455,True,-0.047698,1.185434,-0.077214,0.062355,0.008275,0.032416,-0.997493,True,0.016407,1.178898,-0.077697,0.062860,0.024358,0.030665,-0.997254
59.466,True,-0.047703,1.185433,-0.077200,0.062807,0.008793,0.032374,-0.997462,True,0.016402,1.178898,-0.077682,0.063312,0.024878,0.030625,-0.997214
59.477,True,-0.047703,1.185428,-0.077192,0.062715,0.009675,0.032331,-0.997461,True,0.016402,1.178888,-0.077666,0.063221,0.025762,0.030582,-0.997198
59.489,True,-0.047706,1.185408,-0.077177,0.062975,0.011036,0.032216,-0.997434,True,0.016399,1.178866,-0.077645,0.063483,0.027124,0.030468,-0.997149
59.500,True,-0.047696,1.185383,-0.077171,0.063159,0.011706,0.032220,-0.997415,True,0.016409,1.178836,-0.077621,0.063667,0.027796,0.030474,-0.997119
59.511,True,-0.047694,1.185349,-0.077151,0.063614,0.013778,0.032033,-0.997365,True,0.016410,1.178801,-0.077598,0.064124,0.029870,0.030289,-0.997035
59.522,True,-0.047688,1.185322,-0.077137,0.064358,0.013736,0.032088,-0.997316,True,0.016416,1.178772,-0.077572,0.064869,0.029830,0.030344,-0.996986
59.533,True,-0.047687,1.185305,-0.077101,0.064342,0.014681,0.032033,-0.997306,True,0.016416,1.178750,-0.077535,0.064854,0.030776,0.030291,-0.996960
59.544,True,-0.047679,1.185283,-0.077084,0.064823,0.015574,0.031910,-0.997265,True,0.015998,1.179605,-0.077302,0.065335,0.031670,0.030168,-0.996904
59.555,True,-0.047665,1.185271,-0.077057,0.065070,0.016023,0.031951,-0.997240,True,0.016011,1.179584,-0.077267,0.065583,0.032119,0.030209,-0.996872
59.566,True,-0.047655,1.185284,-0.077016,0.065679,0.015536,0.032057,-0.997205,True,0.016021,1.179593,-0.077221,0.066193,0.031634,0.030315,-0.996845
59.578,True,-0.047649,1.185284,-0.076988,0.065974,0.016763,0.031936,-0.997169,True,0.016027,1.179592,-0.077190,0.066489,0.032862,0.030193,-0.996789
59.589,True,-0.047633,1.185291,-0.076929,0.066186,0.017270,0.031848,-0.997149,True,0.016043,1.179603,-0.077134,0.066700,0.033369,0.030104,-0.996761
59.600,True,-0.047611,1.185283,-0.076890,0.067163,0.017909,0.031765,-0.997076,True,0.016066,1.179601,-0.077091,0.067676,0.034010,0.030019,-0.996676
59.611,True,-0.047586,1.185245,-0.076845,0.066837,0.018027,0.031770,-0.997095,True,0.016091,1.179560,-0.077051,0.067351,0.034127,0.030026,-0.996693
59.622,True,-0.047562,1.185222,-0.076786,0.067264,0.018481,0.031681,-0.997061,True,0.016115,1.179543,-0.077000,0.067777,0.034582,0.029938,-0.996652
59.633,True,-0.047536,1.185201,-0.076728,0.066486,0.018888,0.031607,-0.997108,True,0.016141,1.179523,-0.076947,0.066999,0.034989,0.029865,-0.996692
59.644,True,-0.047519,1.185165,-0.076691,0.066391,0.017676,0.031754,-0.997132,True,0.016158,1.179482,-0.076924,0.066904,0.033776,0.030014,-0.996736
59.655,True,-0.047488,1.185164,-0.076638,0.067005,0.018932,0.031659,-0.997071,True,0.016188,1.179477,-0.076875,0.067519,0.035034,0.029919,-0.996654
59.666,True,-0.047475,1.185158,-0.076578,0.066742,0.018726,0.031750,-0.997089,True,0.016200,1.179460,-0.076827,0.067257,0.034827,0.030011,-0.996676
59.677,True,-0.047460,1.185116,-0.076532,0.065298,0.017734,0.031838,-0.997200,True,0.016215,1.179416,-0.076789,0.065813,0.033833,0.030102,-0.996804
59.689,True,-0.047431,1.185046,-0.076482,0.065028,0.017837,0.031608,-0.997223,True,0.016246,1.179372,-0.076746,0.065540,0.033936,0.029873,-0.996825
59.700,True,-0.047407,1.184968,-0.076424,0.064713,0.017951,0.031386,-0.997249,True,0.016273,1.179320,-0.076692,0.065221,0.034049,0.029653,-0.996849
59.711,True,-0.047383,1.184891,-0.076378,0.064700,0.018165,0.031167,-0.997253,True,0.016299,1.179269,-0.076652,0.065206,0.034265,0.029435,-0.996849
59.722,True,-0.047359,1.184886,-0.076326,0.064449,0.018267,0.031253,-0.997264,True,0.016322,1.179253,-0.076584,0.064956,0.034366,0.029523,-0.996859
59.733,True,-0.047338,1.184925,-0.076267,0.064239,0.018546,0.031482,-0.997266,True,0.016341,1.179261,-0.076513,0.064750,0.034644,0.029753,-0.996856
59.744,True,-0.047313,1.184969,-0.076242,0.063520,0.019473,0.031760,-0.997285,True,0.016361,1.179256,-0.076479,0.064038,0.035570,0.030031,-0.996861
59.755,True,-0.047308,1.185031,-0.076187,0.063768,0.020091,0.032144,-0.997245,True,0.016361,1.179264,-0.076405,0.064293,0.036188,0.030415,-0.996811
59.766,True,-0.047305,1.185044,-0.076126,0.063435,0.019717,0.032373,-0.997266,True,0.016362,1.179250,-0.076355,0.063963,0.035813,0.030645,-0.996839
59.777,True,-0.047280,1.185046,-0.076111,0.063869,0.020392,0.032327,-0.997226,True,0.016387,1.179251,-0.076344,0.064397,0.036489,0.030601,-0.996787
59.789,True,-0.047285,1.185030,-0.076069,0.063892,0.020299,0.032135,-0.997233,True,0.016384,1.179260,-0.076308,0.064417,0.036397,0.030411,-0.996795
59.800,True,-0.047303,1.185013,-0.076025,0.063445,0.021067,0.031766,-0.997257,True,0.016369,1.179279,-0.076265,0.063966,0.037164,0.030044,-0.996807
59.811,True,-0.047300,1.184969,-0.076013,0.063328,0.021401,0.031553,-0.997264,True,0.016375,1.179259,-0.076252,0.063847,0.037498,0.029832,-0.996809
59.822,True,-0.047311,1.184910,-0.075997,0.062971,0.021367,0.031378,-0.997293,True,0.016366,1.179223,-0.076232,0.063487,0.037464,0.029658,-0.996838
59.833,True,-0.047336,1.184848,-0.075964,0.062923,0.021705,0.031261,-0.997293,True,0.016341,1.179170,-0.076208,0.063438,0.037802,0.029544,-0.996832
59.844,True,-0.047342,1.184747,-0.075950,0.062657,0.021731,0.031162,-0.997312,True,0.016336,1.179082,-0.076196,0.063170,0.037829,0.029447,-0.996851
59.855,True,-0.047353,1.184676,-0.075929,0.062240,0.021374,0.031112,-0.997347,True,0.016326,1.179023,-0.076176,0.062752,0.037471,0.029400,-0.996892
59.867,True,-0.047373,1.184608,-0.075910,0.062056,0.020586,0.031089,-0.997376,True,0.016307,1.178968,-0.076156,0.062566,0.036684,0.029379,-0.996934
59.878,True,-0.047363,1.184541,-0.075935,0.062077,0.020857,0.031000,-0.997372,True,0.016319,1.178913,-0.076170,0.062586,0.036956,0.029292,-0.996925
59.889,True,-0.047385,1.184497,-0.075917,0.062130,0.021141,0.030972,-0.997363,True,0.016297,1.178869,-0.076148,0.062639,0.037240,0.029265,-0.996912
59.900,True,-0.047408,1.184469,-0.075905,0.061797,0.021238,0.030894,-0.997384,True,0.016274,1.178851,-0.076127,0.062305,0.037336,0.029189,-0.996931
59.911,True,-0.047433,1.184451,-0.075908,0.061810,0.021457,0.030792,-0.997382,True,0.016251,1.178845,-0.076128,0.062316,0.037556,0.029089,-0.996925
59.922,True,-0.047449,1.184459,-0.075924,0.061610,0.021328,0.030788,-0.997397,True,0.016235,1.178860,-0.076117,0.062115,0.037426,0.029086,-0.996943
59.933,True,-0.047482,1.184465,-0.075930,0.061321,0.021113,0.030811,-0.997419,True,0.016203,1.178868,-0.076105,0.061827,0.037212,0.029111,-0.996968
59.944,True,-0.047480,1.184447,-0.075956,0.060933,0.020873,0.030915,-0.997445,True,0.016204,1.178842,-0.076123,0.061440,0.036971,0.029217,-0.996998
59.955,True,-0.047508,1.184386,-0.075967,0.060521,0.020662,0.030746,-0.997479,True,0.016178,1.178805,-0.076124,0.061024,0.036759,0.029049,-0.997036
59.966,True,-0.047529,1.184378,-0.075976,0.059474,0.020298,0.030698,-0.997551,True,0.016158,1.178809,-0.076116,0.059976,0.036394,0.029003,-0.997115
59.978,True,-0.047541,1.184356,-0.075990,0.059107,0.020104,0.030485,-0.997584,True,0.016149,1.178817,-0.076123,0.059605,0.036199,0.028792,-0.997150
59.989,True,-0.047549,1.184380,-0.076011,0.059037,0.020163,0.030560,-0.997584,True,0.016140,1.178835,-0.076118,0.059536,0.036259,0.028867,-0.997150
60.000,True,-0.047561,1.184403,-0.076026,0.058009,0.019285,0.030881,-0.997652,True,0.016125,1.178828,-0.076116,0.058511,0.035378,0.029189,-0.997233
60.011,True,-0.047532,1.184375,-0.076056,0.058024,0.019243,0.031165,-0.997643,True,0.016151,1.178765,-0.076140,0.058531,0.035336,0.029471,-0.997225
