Timestamp,HumanMPositionX,HumanMPositionY,HumanMPositionZ,BallPositionX,BallPositionY,BallPositionZ,Ball2PositionX,Ball2PositionY,Ball2PositionZ
0.034700,4.990000,0.978000,4.450000,,,,,,
0.051200,,,,-0.677972,2.402376,3.757066,-1.001609,2.386244,1.098593
0.068800,4.990000,0.978000,4.450000,,,,,,
0.102100,,,,-0.491845,2.447633,3.686374,-0.983884,2.417238,1.299627
0.104000,4.990000,0.978000,4.450000,,,,,,
0.138400,4.990000,0.978000,4.450000,,,,,,
0.153500,,,,-0.304113,2.488225,3.615072,-0.966085,2.447351,1.501507
0.172300,4.990000,0.978000,4.450000,,,,,,
0.204400,,,,-0.115254,2.519719,3.543342,-0.948305,2.476189,1.703169
0.205900,4.990000,0.978000,4.450000,,,,,,
0.239500,4.990000,0.978000,4.450000,,,,,,
0.255300,,,,0.073569,2.538114,3.471625,-0.930644,2.502900,1.903488
0.273600,4.990000,0.978000,4.450000,,,,,,
0.306000,,,,0.262844,2.541076,3.399737,-0.912982,2.526967,2.103816
0.307600,4.990000,0.978000,4.450000,,,,,,
0.342100,4.990000,0.978000,4.450000,,,,,,
0.356200,,,,0.450526,2.528149,3.328454,-0.895402,2.547631,2.303205
0.376600,4.990000,0.978000,4.450000,,,,,,
0.407200,,,,0.639654,2.500126,3.256622,-0.877523,2.564662,2.505984
0.410300,4.990000,0.978000,4.450000,,,,,,
0.444000,4.990000,0.978000,4.450000,,,,,,
0.458100,,,,0.826560,2.459813,3.185634,-0.859643,2.577148,2.708791
0.477700,4.990000,0.978000,4.450000,,,,,,
0.511400,4.990000,0.978000,4.450000,0.995953,2.415063,3.121296,-0.842874,2.584176,2.894545
0.546500,4.990000,0.978000,4.450000,,,,,,
0.561500,,,,1.071325,2.393264,3.092910,-0.818015,2.584976,3.118095
0.581600,4.990000,0.978000,4.450000,,,,,,
0.612400,,,,1.071325,2.393264,3.092910,-0.794946,2.579185,3.317330
0.616900,4.990000,0.978000,4.450000,,,,,,
0.651100,4.990000,0.978000,4.450000,,,,,,
0.664500,,,,1.071325,2.393264,3.092910,-0.763093,2.566116,3.523924
0.685000,4.990000,0.978000,4.450000,,,,,,
0.714600,,,,1.071325,2.393264,3.092910,-0.724290,2.546506,3.720402
0.719100,4.990000,0.978000,4.450000,,,,,,
0.753400,4.990000,0.978000,4.450000,,,,,,
0.766000,,,,0.934051,2.428056,3.141655,-0.673158,2.519255,3.918310
0.787900,4.990000,0.978000,4.450000,,,,,,
0.817900,,,,0.742568,2.474472,3.208094,-0.605816,2.484478,4.111860
0.822200,4.990000,0.978000,4.450000,,,,,,
0.856200,4.990000,0.978000,4.450000,,,,,,
0.869300,,,,0.552909,2.515399,3.272140,-0.525173,2.444089,4.295149
0.891300,4.990000,0.978000,4.450000,,,,,,
0.920600,,,,0.358854,2.545447,3.334336,-0.431790,2.398696,4.473064
0.924700,4.990000,0.978000,4.450000,,,,,,
0.963100,4.990000,0.978000,4.450000,,,,,,
0.971500,,,,0.164273,2.556674,3.391026,-0.390387,2.379156,4.543890
0.998100,4.990000,0.978000,4.450000,,,,,,
1.022500,,,,-0.030859,2.545096,3.448453,-0.390387,2.379156,4.543890
1.033000,4.990000,0.978000,4.450000,,,,,,
1.067900,4.990000,0.978000,4.450000,,,,,,
1.074400,,,,-0.227279,2.507325,3.506481,-0.390387,2.379156,4.543890
1.102800,4.990000,0.978000,4.450000,,,,,,
1.124400,,,,-0.414377,2.451886,3.548957,-0.390387,2.379156,4.543890
1.137300,4.990000,0.978000,4.450000,,,,,,
1.172200,4.990000,0.978000,4.450000,,,,,,
1.176200,,,,-0.607757,2.381604,3.577305,-0.417610,2.399227,4.409915
1.206600,4.990000,0.978000,4.450000,,,,,,
1.226700,,,,-0.668233,2.358338,3.582876,-0.458277,2.425485,4.213973
1.240800,4.990000,0.978000,4.450000,,,,,,
1.275700,4.990000,0.978000,4.450000,,,,,,
1.277700,,,,-0.668233,2.358338,3.582876,-0.500853,2.447330,4.015567
1.309300,4.990000,0.978000,4.450000,,,,,,
1.329600,,,,-0.668233,2.358338,3.582876,-0.545664,2.462457,3.813534
1.344000,4.990000,0.978000,4.450000,,,,,,
1.377300,4.990000,0.978000,4.450000,,,,,,
1.381200,,,,-0.668233,2.358338,3.582876,-0.592720,2.471427,3.612581
1.411800,4.990000,0.978000,4.450000,,,,,,
1.431800,,,,-0.535674,2.394393,3.631146,-0.640586,2.470962,3.416822
1.445700,4.990000,0.978000,4.450000,,,,,,
1.479800,4.990000,0.978000,4.450000,,,,,,
1.482000,,,,-0.352176,2.441684,3.697443,-0.689477,2.456747,3.222686
1.514300,4.990000,0.978000,4.450000,,,,,,
1.532300,,,,-0.166574,2.481266,3.764269,-0.740217,2.423391,3.030943
1.548300,4.990000,0.978000,4.450000,,,,,,
1.581800,4.990000,0.978000,4.450000,,,,,,
1.583900,,,,0.027035,2.501993,3.833448,-0.798562,2.363609,2.842006
1.615800,4.990000,0.978000,4.450000,,,,,,
1.634100,,,,0.215586,2.492313,3.901073,-0.856147,2.290377,2.696918
1.651400,4.990000,0.978000,4.450000,,,,,,
1.684800,4.990000,0.978000,4.450000,0.400936,2.449911,3.970087,-0.905273,2.220519,2.584375
1.719900,4.990000,0.978000,4.450000,,,,,,
1.736500,,,,0.582700,2.378598,4.038609,-0.946404,2.145114,2.480023
1.754800,4.990000,0.978000,4.450000,,,,,,
1.788000,,,,0.756989,2.290346,4.103745,-0.964906,2.110181,2.440115
1.790100,4.990000,0.978000,4.450000,,,,,,
1.825300,4.990000,0.978000,4.450000,,,,,,
1.838600,,,,0.831257,2.249221,4.131009,-0.964906,2.110181,2.440115
1.858700,4.990000,0.978000,4.450000,,,,,,
1.889800,,,,0.831257,2.249221,4.131009,-0.964906,2.110181,2.440115
1.892200,4.990000,0.978000,4.450000,,,,,,
1.925600,4.990000,0.978000,4.450000,,,,,,
1.941400,,,,0.831257,2.249221,4.131009,-0.964906,2.110181,2.440115
1.959200,4.990000,0.978000,4.450000,,,,,,
1.992800,4.990000,0.978000,4.450000,0.831257,2.249221,4.131009,-0.863283,2.163953,2.393594
2.026900,4.990000,0.978000,4.450000,,,,,,
2.044500,,,,0.795238,2.280204,4.012059,-0.690472,2.252829,2.321914
2.062300,4.990000,0.978000,4.450000,,,,,,
2.095800,4.990000,0.978000,4.450000,0.735315,2.324462,3.820397,-0.509626,2.330752,2.263132
2.129200,4.990000,0.978000,4.450000,,,,,,
2.146500,,,,0.671242,2.351883,3.630098,-0.317666,2.376604,2.218368
2.162900,4.990000,0.978000,4.450000,,,,,,
2.198300,4.990000,0.978000,4.450000,0.601725,2.349982,3.434957,-0.112601,2.380106,2.191010
2.233400,4.990000,0.978000,4.450000,,,,,,
2.249400,,,,0.535729,2.313208,3.244873,0.089491,2.348617,2.191329
2.267800,4.990000,0.978000,4.450000,,,,,,
2.300200,,,,0.478129,2.254262,3.075666,0.217000,2.320099,2.203464
2.302200,4.990000,0.978000,4.450000,,,,,,
2.336900,4.990000,0.978000,4.450000,,,,,,
2.351000,,,,0.413632,2.168895,2.886302,0.217000,2.320099,2.203464
2.372100,4.990000,0.978000,4.450000,,,,,,
2.402800,,,,0.389064,2.133622,2.813996,0.217000,2.320099,2.203464
2.406800,4.990000,0.978000,4.450000,,,,,,
2.441800,4.990000,0.978000,4.450000,,,,,,
2.453900,,,,0.389064,2.133622,2.813996,0.217000,2.320099,2.203464
2.476000,4.990000,0.978000,4.450000,,,,,,
2.505700,,,,0.389064,2.133622,2.813996,0.207326,2.336018,2.255216
2.509800,4.990000,0.978000,4.450000,,,,,,
2.543900,4.990000,0.978000,4.450000,,,,,,
2.556600,,,,0.389064,2.133622,2.813996,0.171877,2.391874,2.444543
2.579000,4.990000,0.978000,4.450000,,,,,,
2.608100,,,,0.262311,2.186276,2.845493,0.134589,2.443052,2.643592
2.614300,4.990000,0.978000,4.450000,,,,,,
2.648400,4.990000,0.978000,4.450000,,,,,,
2.660000,,,,0.073464,2.256719,2.892419,0.097023,2.477349,2.844131
2.682800,4.990000,0.978000,4.450000,,,,,,
2.711800,,,,-0.121377,2.302222,2.940835,0.059126,2.485437,3.046431
2.717900,4.990000,0.978000,4.450000,,,,,,
2.751700,4.990000,0.978000,4.450000,,,,,,
2.763200,,,,-0.321170,2.300069,2.990481,0.021550,2.462692,3.247991
2.787200,4.990000,0.978000,4.450000,,,,,,
2.813700,,,,-0.511215,2.249944,3.037706,-0.014077,2.413185,3.440966
2.822100,4.990000,0.978000,4.450000,,,,,,
2.857100,4.990000,0.978000,4.450000,,,,,,
2.865500,,,,-0.694523,2.166487,3.083438,-0.049536,2.341384,3.631407
2.891600,4.990000,0.978000,4.450000,,,,,,
2.916700,,,,-0.795023,2.112207,3.108432,-0.076825,2.274789,3.777724
2.926900,4.990000,0.978000,4.450000,,,,,,
2.960600,4.990000,0.978000,4.450000,,,,,,
2.968400,,,,-0.795023,2.112207,3.108432,-0.076825,2.274789,3.777724
2.995900,4.990000,0.978000,4.450000,,,,,,
3.019000,,,,-0.795023,2.112207,3.108432,-0.076825,2.274789,3.777724
3.029600,4.990000,0.978000,4.450000,,,,,,
3.063400,4.990000,0.978000,4.450000,,,,,,
3.069900,,,,-0.795023,2.112207,3.108432,-0.076825,2.274789,3.777724
3.097700,4.990000,0.978000,4.450000,,,,,,
3.121100,,,,-0.728907,2.136521,3.155699,-0.125949,2.290058,3.778547
3.131900,4.990000,0.978000,4.450000,,,,,,
3.166200,4.990000,0.978000,4.450000,,,,,,
3.172800,,,,-0.568810,2.194463,3.270154,-0.322239,2.349619,3.781832
3.199700,4.990000,0.978000,4.450000,,,,,,
3.224400,,,,-0.405810,2.250627,3.386684,-0.522438,2.406281,3.785182
3.239200,4.990000,0.978000,4.450000,,,,,,
3.273700,4.990000,0.978000,4.450000,,,,,,
3.275700,,,,-0.243815,2.298735,3.503614,-0.722450,2.453267,3.788897
3.307100,4.990000,0.978000,4.450000,,,,,,
3.326500,,,,-0.081269,2.333344,3.620697,-0.923288,2.484408,3.792569
3.342000,4.990000,0.978000,4.450000,,,,,,
3.376400,4.990000,0.978000,4.450000,,,,,,
3.378500,,,,0.086240,2.350865,3.741354,-1.130134,2.494796,3.796488
3.410300,4.990000,0.978000,4.450000,,,,,,
3.430200,,,,0.254454,2.349906,3.862777,-1.336910,2.480213,3.802602
3.444200,4.990000,0.978000,4.450000,,,,,,
3.478000,4.990000,0.978000,4.450000,,,,,,
3.481800,,,,0.421405,2.333154,3.983025,-1.539069,2.439552,3.809889
3.511700,4.990000,0.978000,4.450000,,,,,,
3.532700,,,,0.583867,2.306008,4.099966,-1.731651,2.379465,3.818172
3.546300,4.990000,0.978000,4.450000,,,,,,
3.580400,4.990000,0.978000,4.450000,,,,,,
3.584300,,,,0.672837,2.288563,4.163995,-1.858247,2.326011,3.824593
3.614700,4.990000,0.978000,4.450000,,,,,,
3.636300,,,,0.672837,2.288563,4.163995,-1.858247,2.326011,3.824593
3.649400,4.990000,0.978000,4.450000,,,,,,
3.683700,4.990000,0.978000,4.450000,,,,,,
3.688100,,,,0.672837,2.288563,4.163995,-1.858247,2.326011,3.824593
3.717800,4.990000,0.978000,4.450000,,,,,,
3.739700,,,,0.672837,2.288563,4.163995,-1.858247,2.326011,3.824593
3.752600,4.990000,0.978000,4.450000,,,,,,
3.788000,4.990000,0.978000,4.450000,,,,,,
3.790100,,,,0.655650,2.347434,4.071003,-1.792267,2.338369,3.773839
3.821800,4.990000,0.978000,4.450000,,,,,,
3.840300,,,,0.625988,2.447406,3.900017,-1.634983,2.366195,3.652848
3.855200,4.990000,0.978000,4.450000,,,,,,
3.890600,4.990000,0.978000,4.450000,0.601982,2.482017,3.725142,-1.477679,2.391296,3.531841
3.924700,4.990000,0.978000,4.450000,,,,,,
3.941700,,,,0.581210,2.422778,3.571657,-1.315662,2.412276,3.407482
3.958600,4.990000,0.978000,4.450000,,,,,,
3.992600,4.990000,0.978000,4.450000,0.564806,2.343467,3.461264,-1.154776,2.425618,3.283742
4.026600,4.990000,0.978000,4.450000,,,,,,
4.044000,,,,0.562196,2.324710,3.438712,-0.991628,2.428644,3.157739
4.061100,4.990000,0.978000,4.450000,,,,,,
4.095400,4.990000,0.978000,4.450000,0.562196,2.324710,3.438712,-0.828799,2.418176,3.031692
4.130800,4.990000,0.978000,4.450000,,,,,,
4.146600,,,,0.562196,2.324710,3.438712,-0.670231,2.392251,2.908430
4.164600,4.990000,0.978000,4.450000,,,,,,
4.197100,,,,0.562196,2.324710,3.438712,-0.513849,2.348952,2.786038
4.199400,4.990000,0.978000,4.450000,,,,,,
4.234700,4.990000,0.978000,4.450000,,,,,,
4.247700,,,,0.406878,2.374338,3.410588,-0.366937,2.288796,2.659669
4.268300,4.990000,0.978000,4.450000,,,,,,
4.298200,,,,0.216138,2.432569,3.374859,-0.227507,2.216555,2.531673
4.302400,4.990000,0.978000,4.450000,,,,,,
4.336200,4.990000,0.978000,4.450000,,,,,,
4.349400,,,,0.022076,2.480797,3.330548,-0.090570,2.136561,2.401970
4.370100,4.990000,0.978000,4.450000,,,,,,
4.400400,,,,-0.172291,2.503385,3.274409,-0.049077,2.107719,2.359370
4.404400,4.990000,0.978000,4.450000,,,,,,
4.438100,4.990000,0.978000,4.450000,,,,,,
4.452800,,,,-0.365055,2.489902,3.201302,-0.049077,2.107719,2.359370
4.473000,4.990000,0.978000,4.450000,,,,,,
4.503100,,,,-0.542900,2.444426,3.117005,-0.049077,2.107719,2.359370
4.508700,4.990000,0.978000,4.450000,,,,,,
4.544100,4.990000,0.978000,4.450000,,,,,,
4.553500,,,,-0.711764,2.378909,3.028410,-0.049077,2.107719,2.359370
4.577900,4.990000,0.978000,4.450000,,,,,,
4.605700,,,,-0.774923,2.351140,2.990585,-0.072004,2.173280,2.467884
4.613600,4.990000,0.978000,4.450000,,,,,,
4.647700,4.990000,0.978000,4.450000,,,,,,
4.655900,,,,-0.774923,2.351140,2.990585,-0.111193,2.272721,2.637601
4.681100,4.990000,0.978000,4.450000,,,,,,
4.706300,,,,-0.774923,2.351140,2.990585,-0.165257,2.349930,2.814208
4.715300,4.990000,0.978000,4.450000,,,,,,
4.750300,4.990000,0.978000,4.450000,,,,,,
4.757200,,,,-0.774923,2.351140,2.990585,-0.236970,2.370136,3.004727
4.784600,4.990000,0.978000,4.450000,,,,,,
4.808700,,,,-0.691584,2.385831,3.082851,-0.314120,2.338610,3.150808
4.819100,4.990000,0.978000,4.450000,,,,,,
4.853700,4.990000,0.978000,4.450000,,,,,,
4.858700,,,,-0.562661,2.434002,3.225584,-0.378146,2.306213,3.248214
4.888700,4.990000,0.978000,4.450000,,,,,,
4.910600,,,,-0.425978,2.467210,3.377429,-0.378146,2.306213,3.248214
4.923600,4.990000,0.978000,4.450000,,,,,,
4.958800,4.990000,0.978000,4.450000,,,,,,
4.961100,,,,-0.291412,2.466558,3.529765,-0.378146,2.306213,3.248214
4.994200,4.990000,0.978000,4.450000,,,,,,
5.012900,,,,-0.164717,2.423722,3.686495,-0.378146,2.306213,3.248214
5.029100,4.990000,0.978000,4.450000,,,,,,
5.066700,4.990000,0.978000,4.450000,-0.048731,2.348443,3.833816,-0.397974,2.313329,3.260809
5.101100,4.990000,0.978000,4.450000,,,,,,
5.118700,,,,0.068728,2.241344,3.987346,-0.577499,2.374363,3.374676
5.135300,4.990000,0.978000,4.450000,,,,,,
5.168900,4.990000,0.978000,4.450000,0.110692,2.196135,4.047141,-0.735413,2.399163,3.474837
5.204100,4.990000,0.978000,4.450000,,,,,,
5.219200,,,,0.110692,2.196135,4.047141,-0.896448,2.353757,3.577685
5.239100,4.990000,0.978000,4.450000,,,,,,
5.270900,,,,0.110692,2.196135,4.047141,-1.023975,2.269188,3.660909
5.273300,4.990000,0.978000,4.450000,,,,,,
5.307700,4.990000,0.978000,4.450000,,,,,,
5.322300,,,,0.110692,2.196135,4.047141,-1.129538,2.184692,3.728457
5.343000,4.990000,0.978000,4.450000,,,,,,
5.372300,,,,0.191703,2.240874,3.968864,-1.134203,2.181288,3.731442
5.377100,4.990000,0.978000,4.450000,,,,,,
5.412500,4.990000,0.978000,4.450000,,,,,,
5.423700,,,,0.332267,2.308391,3.833045,-1.134203,2.181288,3.731442
5.446000,4.990000,0.978000,4.450000,,,,,,
5.474900,,,,0.472354,2.321533,3.696958,-1.134203,2.181288,3.731442
5.481100,4.990000,0.978000,4.450000,,,,,,
5.514500,4.990000,0.978000,4.450000,,,,,,
5.525400,,,,0.603891,2.259778,3.569512,-1.134203,2.181288,3.731442
5.549000,4.990000,0.978000,4.450000,,,,,,
5.577600,,,,0.702083,2.180365,3.478999,-1.010984,2.258537,3.597469
5.584100,4.990000,0.978000,4.450000,,,,,,
5.618200,4.990000,0.978000,4.450000,,,,,,
5.627800,,,,0.750902,2.136617,3.434740,-0.882619,2.332466,3.464589
5.652900,4.990000,0.978000,4.450000,,,,,,
5.680000,,,,0.750902,2.136617,3.434740,-0.737828,2.398946,3.327009
5.687900,4.990000,0.978000,4.450000,,,,,,
5.723300,4.990000,0.978000,4.450000,,,,,,
5.731800,,,,0.750902,2.136617,3.434740,-0.583635,2.440927,3.193590
5.758400,4.990000,0.978000,4.450000,,,,,,
5.783500,,,,0.750902,2.136617,3.434740,-0.422816,2.450765,3.063228
5.793500,4.990000,0.978000,4.450000,,,,,,
5.829600,4.990000,0.978000,4.450000,,,,,,
5.835400,,,,0.672885,2.157955,3.386372,-0.268010,2.430788,2.950649
5.864500,4.990000,0.978000,4.450000,,,,,,
5.887600,,,,0.488179,2.205810,3.271528,-0.079075,2.378840,2.845492
5.899400,4.990000,0.978000,4.450000,,,,,,
5.932900,4.990000,0.978000,4.450000,,,,,,
5.939800,,,,0.314214,2.246552,3.162989,0.001143,2.351297,2.806944
5.968400,4.990000,0.978000,4.450000,,,,,,
5.990700,,,,0.145789,2.279621,3.057898,0.001143,2.351297,2.806944
6.003700,4.990000,0.978000,4.450000,,,,,,
6.037500,4.990000,0.978000,4.450000,,,,,,
6.042100,,,,-0.029667,2.304410,2.948439,0.001143,2.351297,2.806944
6.073200,4.990000,0.978000,4.450000,,,,,,
6.092900,,,,-0.199734,2.316683,2.842348,0.001143,2.351297,2.806944
6.108000,4.990000,0.978000,4.450000,,,,,,
6.142300,4.990000,0.978000,4.450000,,,,,,
6.144800,,,,-0.376710,2.315776,2.731950,-0.112270,2.388243,2.845334
6.177200,4.990000,0.978000,4.450000,,,,,,
6.195500,,,,-0.549200,2.301246,2.624350,-0.300774,2.437875,2.904575
6.212800,4.990000,0.978000,4.450000,,,,,,
6.246300,4.990000,0.978000,4.450000,-0.719992,2.274499,2.518342,-0.495848,2.446097,2.956557
6.279700,4.990000,0.978000,4.450000,,,,,,
6.296800,,,,-0.891054,2.235463,2.415550,-0.688581,2.394506,2.992593
6.315200,4.990000,0.978000,4.450000,,,,,,
6.348500,4.990000,0.978000,4.450000,-1.063043,2.186700,2.313220,-0.872352,2.303963,3.011798
6.383200,4.990000,0.978000,4.450000,,,,,,
6.400900,,,,-1.191818,2.147728,2.235173,-1.049913,2.195010,3.009917
6.417200,4.990000,0.978000,4.450000,,,,,,
6.451700,4.990000,0.978000,4.450000,-1.191818,2.147728,2.235173,-1.097650,2.163611,3.005676
6.486100,4.990000,0.978000,4.450000,,,,,,
6.504700,,,,-1.191818,2.147728,2.235173,-1.097650,2.163611,3.005676
6.520100,4.990000,0.978000,4.450000,,,,,,
6.554900,4.990000,0.978000,4.450000,-1.191818,2.147728,2.235173,-1.097650,2.163611,3.005676
6.589500,4.990000,0.978000,4.450000,,,,,,
6.605600,,,,-1.159794,2.169249,2.296494,-1.097650,2.163611,3.005676
6.624400,4.990000,0.978000,4.450000,,,,,,
6.657400,,,,-1.068479,2.229922,2.471347,-1.111534,2.262831,3.133150
6.659500,4.990000,0.978000,4.450000,,,,,,
6.693200,4.990000,0.978000,4.450000,,,,,,
6.708300,,,,-0.978218,2.287958,2.644433,-1.129529,2.372624,3.303329
6.727300,4.990000,0.978000,4.450000,,,,,,
6.759600,,,,-0.886409,2.340835,2.820468,-1.150580,2.408332,3.501637
6.761700,4.990000,0.978000,4.450000,,,,,,
6.797100,4.990000,0.978000,4.450000,,,,,,
6.811800,,,,-0.792073,2.383333,3.001333,-1.166984,2.354288,3.656068
6.831900,4.990000,0.978000,4.450000,,,,,,
6.866400,4.990000,0.978000,4.450000,-0.704140,2.408590,3.169917,-1.178295,2.287957,3.762550
6.900500,4.990000,0.978000,4.450000,,,,,,
6.917600,,,,-0.597168,2.418935,3.375448,-1.177885,2.281260,3.771316
6.934400,4.990000,0.978000,4.450000,,,,,,
6.968100,4.990000,0.978000,4.450000,-0.503694,2.410894,3.554907,-1.177885,2.281260,3.771316
7.002700,4.990000,0.978000,4.450000,,,,,,
7.019300,,,,-0.410160,2.389242,3.735041,-1.177885,2.281260,3.771316
7.036700,4.990000,0.978000,4.450000,,,,,,
7.070600,4.990000,0.978000,4.450000,-0.316950,2.358295,3.914932,-1.177885,2.281260,3.771316
7.104400,4.990000,0.978000,4.450000,,,,,,
7.121300,,,,-0.316950,2.358295,3.914932,-1.015381,2.323156,3.658525
7.138500,4.990000,0.978000,4.450000,,,,,,
7.172500,4.990000,0.978000,4.450000,-0.316950,2.358295,3.914932,-0.851280,2.358836,3.545659
7.205900,4.990000,0.978000,4.450000,,,,,,
7.222700,,,,-0.316950,2.358295,3.914932,-0.685503,2.377826,3.431759
7.240900,4.990000,0.978000,4.450000,,,,,,
7.273700,,,,-0.310103,2.360630,3.913183,-0.517238,2.368109,3.316055
7.275600,4.990000,0.978000,4.450000,,,,,,
7.310500,4.990000,0.978000,4.450000,,,,,,
7.324100,,,,-0.123966,2.420855,3.864185,-0.354802,2.326604,3.204292
7.344300,4.990000,0.978000,4.450000,,,,,,
7.374900,,,,0.065143,2.469872,3.808024,-0.196925,2.258923,3.095597
7.378800,4.990000,0.978000,4.450000,,,,,,
7.413700,4.990000,0.978000,4.450000,,,,,,
7.425500,,,,0.253635,2.491195,3.737714,-0.044850,2.175473,2.990974
7.447500,4.990000,0.978000,4.450000,,,,,,
7.476600,,,,0.439905,2.473324,3.655885,0.043854,2.122215,2.929962
7.482600,4.990000,0.978000,4.450000,,,,,,
7.516500,4.990000,0.978000,4.450000,,,,,,
7.528200,,,,0.616568,2.419049,3.564682,0.043854,2.122215,2.929962
7.550300,4.990000,0.978000,4.450000,,,,,,
7.578600,,,,0.776329,2.343892,3.467992,0.043854,2.122215,2.929962
7.585300,4.990000,0.978000,4.450000,,,,,,
7.619700,4.990000,0.978000,4.450000,,,,,,
7.630400,,,,0.914824,2.267666,3.379215,0.043854,2.122215,2.929962
7.655100,4.990000,0.978000,4.450000,,,,,,
7.681700,,,,0.914824,2.267666,3.379215,-0.040227,2.168385,2.939640
7.690300,4.990000,0.978000,4.450000,,,,,,
7.724400,4.990000,0.978000,4.450000,,,,,,
7.733100,,,,0.914824,2.267666,3.379215,-0.219651,2.263766,2.960292
7.759000,4.990000,0.978000,4.450000,,,,,,
7.783900,,,,0.914824,2.267666,3.379215,-0.393977,2.337805,2.980357
7.794300,4.990000,0.978000,4.450000,,,,,,
7.829500,4.990000,0.978000,4.450000,,,,,,
7.835900,,,,0.884082,2.280335,3.353290,-0.611119,2.371247,3.005351
7.864300,4.990000,0.978000,4.450000,,,,,,
7.886300,,,,0.736742,2.339647,3.228840,-0.809460,2.345096,3.028181
7.899200,4.990000,0.978000,4.450000,,,,,,
7.933900,4.990000,0.978000,4.450000,,,,,,
7.938000,,,,0.585216,2.396571,3.100844,-0.957275,2.303599,3.045195
7.968100,4.990000,0.978000,4.450000,,,,,,
7.989400,,,,0.432427,2.444421,2.971422,-0.983170,2.296902,3.047518
8.002300,4.990000,0.978000,4.450000,,,,,,
8.035800,4.990000,0.978000,4.450000,,,,,,
8.040400,,,,0.279315,2.476352,2.841485,-0.983170,2.296902,3.047518
8.069400,4.990000,0.978000,4.450000,,,,,,
8.091499,,,,0.124708,2.487509,2.709028,-0.983170,2.296902,3.047518
8.104199,4.990000,0.978000,4.450000,,,,,,
8.138900,4.990000,0.978000,4.450000,,,,,,
8.143100,,,,-0.031594,2.474569,2.573752,-0.983170,2.296902,3.047518
8.172700,4.990000,0.978000,4.450000,,,,,,
8.194099,,,,-0.180217,2.438407,2.438991,-0.962935,2.347361,3.205896
8.206200,4.990000,0.978000,4.450000,,,,,,
8.240600,4.990000,0.978000,4.450000,,,,,,
8.244500,,,,-0.322316,2.382645,2.306573,-0.951345,2.388465,3.393662
8.278299,4.990000,0.978000,4.450000,,,,,,
8.294800,,,,-0.438409,2.325004,2.199744,-0.955866,2.366745,3.580668
8.312099,4.990000,0.978000,4.450000,,,,,,
8.346100,4.990000,0.978000,4.450000,-0.438409,2.325004,2.199744,-0.981680,2.284866,3.766786
8.380500,4.990000,0.978000,4.450000,,,,,,
8.397300,,,,-0.438409,2.325004,2.199744,-1.015383,2.199144,3.920731
8.413800,4.990000,0.978000,4.450000,,,,,,
8.447800,4.990000,0.978000,4.450000,-0.438409,2.325004,2.199744,-1.028892,2.169510,3.975009
8.481600,4.990000,0.978000,4.450000,,,,,,
8.499599,,,,-0.428290,2.334850,2.244310,-1.028892,2.169510,3.975009
8.515400,4.990000,0.978000,4.450000,,,,,,
8.549300,4.990000,0.978000,4.450000,,,,,,
8.551400,,,,-0.380559,2.375200,2.441333,-1.028892,2.169510,3.975009
8.583899,4.990000,0.978000,4.450000,,,,,,
8.603200,,,,-0.328402,2.401826,2.624851,-1.028892,2.169510,3.975009
8.618299,4.990000,0.978000,4.450000,,,,,,
8.651899,4.990000,0.978000,4.450000,,,,,,
8.654699,,,,-0.257512,2.400948,2.830199,-0.943064,2.236776,3.871743
8.686200,4.990000,0.978000,4.450000,,,,,,
8.705200,,,,-0.187117,2.356816,3.017045,-0.827394,2.327010,3.728722
8.720099,4.990000,0.978000,4.450000,,,,,,
8.755000,4.990000,0.978000,4.450000,,,,,,
8.757100,,,,-0.121964,2.275299,3.196155,-0.710598,2.404281,3.575884
8.788700,4.990000,0.978000,4.450000,,,,,,
8.808700,,,,-0.064914,2.174180,3.365665,-0.594028,2.439846,3.411172
8.823100,4.990000,0.978000,4.450000,,,,,,
8.857400,4.990000,0.978000,4.450000,,,,,,
8.859700,,,,-0.028304,2.103231,3.475446,-0.495899,2.415183,3.250448
8.892300,4.990000,0.978000,4.450000,,,,,,
8.910399,,,,-0.028304,2.103231,3.475446,-0.455899,2.371327,3.149618
8.927000,4.990000,0.978000,4.450000,,,,,,
8.962299,4.990000,0.978000,4.450000,-0.028304,2.103231,3.475446,-0.443434,2.352955,3.114809
8.996799,4.990000,0.978000,4.450000,,,,,,
9.013599,,,,-0.028304,2.103231,3.475446,-0.443434,2.352955,3.114809
9.032300,4.990000,0.978000,4.450000,,,,,,
9.064199,,,,0.031668,2.131786,3.446730,-0.443434,2.352955,3.114809
9.066400,4.990000,0.978000,4.450000,,,,,,
9.100800,4.990000,0.978000,4.450000,,,,,,
9.114300,,,,0.198454,2.209842,3.366868,-0.443434,2.352955,3.114809
9.136200,4.990000,0.978000,4.450000,,,,,,
9.165600,,,,0.371789,2.283795,3.284035,-0.550099,2.400150,3.071263
9.169800,4.990000,0.978000,4.450000,,,,,,
9.204200,4.990000,0.978000,4.450000,,,,,,
9.216200,,,,0.548353,2.336556,3.200107,-0.727894,2.459573,2.998061
9.238100,4.990000,0.978000,4.450000,,,,,,
9.267900,,,,0.733715,2.354927,3.111251,-0.886567,2.439736,2.922311
9.272200,4.990000,0.978000,4.450000,,,,,,
9.306200,4.990000,0.978000,4.450000,,,,,,
9.318700,,,,0.916068,2.339002,3.024094,-1.016700,2.338651,2.838616
9.340700,4.990000,0.978000,4.450000,,,,,,
9.370600,,,,1.099936,2.299684,2.936443,-1.101026,2.223352,2.761884
9.375000,4.990000,0.978000,4.450000,,,,,,
9.409599,4.990000,0.978000,4.450000,,,,,,
9.421599,,,,1.163279,2.284329,2.906190,-1.121332,2.189469,2.739526
9.444099,4.990000,0.978000,4.450000,,,,,,
9.472700,,,,1.163279,2.284329,2.906190,-1.121332,2.189469,2.739526
9.478700,4.990000,0.978000,4.450000,,,,,,
9.513000,4.990000,0.978000,4.450000,,,,,,
9.523200,,,,1.163279,2.284329,2.906190,-1.121332,2.189469,2.739526
9.546800,4.990000,0.978000,4.450000,,,,,,
9.575000,,,,1.163279,2.284329,2.906190,-1.121332,2.189469,2.739526
9.580700,4.990000,0.978000,4.450000,,,,,,
9.616099,4.990000,0.978000,4.450000,,,,,,
9.626900,,,,1.054869,2.309760,2.848556,-1.111743,2.258580,2.873456
9.649600,4.990000,0.978000,4.450000,,,,,,
9.678400,,,,0.889611,2.346396,2.760699,-1.099466,2.341098,3.044932
9.682899,4.990000,0.978000,4.450000,,,,,,
9.717299,4.990000,0.978000,4.450000,,,,,,
9.730300,,,,0.694074,2.380304,2.657641,-1.084411,2.415507,3.255007
9.750700,4.990000,0.978000,4.450000,,,,,,
9.781400,,,,0.513488,2.390846,2.562260,-1.069855,2.438251,3.457265
9.785600,4.990000,0.978000,4.450000,,,,,,
9.820800,4.990000,0.978000,4.450000,,,,,,
9.833400,,,,0.330953,2.372641,2.464436,-1.055146,2.408609,3.662225
9.858800,4.990000,0.978000,4.450000,,,,,,
9.883500,,,,0.160696,2.326406,2.369713,-1.039190,2.341252,3.850023
9.892200,4.990000,0.978000,4.450000,,,,,,
9.926300,4.990000,0.978000,4.450000,,,,,,
9.935100,,,,-0.006775,2.258070,2.270432,-1.032757,2.302423,3.935802
9.959700,4.990000,0.978000,4.450000,,,,,,
9.987200,,,,-0.156955,2.185276,2.182574,-1.032757,2.302423,3.935802
9.993899,4.990000,0.978000,4.450000,,,,,,
10.028800,4.990000,0.978000,4.450000,,,,,,
10.037300,,,,-0.156955,2.185276,2.182574,-1.032757,2.302423,3.935802
10.062800,4.990000,0.978000,4.450000,,,,,,
10.087900,,,,-0.156955,2.185276,2.182574,-1.032757,2.302423,3.935802
10.096200,4.990000,0.978000,4.450000,,,,,,
10.130000,4.990000,0.978000,4.450000,,,,,,
10.138500,,,,-0.156955,2.185276,2.182574,-1.002371,2.338124,3.849887
10.165100,4.990000,0.978000,4.450000,,,,,,
10.189400,,,,-0.154626,2.193758,2.194103,-0.945757,2.388092,3.689815
10.200100,4.990000,0.978000,4.450000,,,,,,
10.237000,4.990000,0.978000,4.450000,,,,,,
10.243000,,,,-0.119538,2.309178,2.351624,-0.891957,2.358010,3.541147
10.271400,4.990000,0.978000,4.450000,,,,,,
10.293400,,,,-0.073240,2.417754,2.534070,-0.839227,2.234759,3.397049
10.304900,4.990000,0.978000,4.450000,,,,,,
10.339000,4.990000,0.978000,4.450000,,,,,,
10.345000,,,,-0.022307,2.439622,2.730353,-0.804906,2.118657,3.301845
10.373100,4.990000,0.978000,4.450000,,,,,,
10.396600,,,,0.014337,2.395633,2.869807,-0.802420,2.109714,3.294947
10.407700,4.990000,0.978000,4.450000,,,,,,
10.441900,4.990000,0.978000,4.450000,,,,,,
10.447900,,,,0.037255,2.352994,2.959523,-0.802420,2.109714,3.294947
10.476000,4.990000,0.978000,4.450000,,,,,,
10.498200,,,,0.037255,2.352994,2.959523,-0.802420,2.109714,3.294947
10.509900,4.990000,0.978000,4.450000,,,,,,
10.544600,4.990000,0.978000,4.450000,,,,,,
10.548400,,,,0.037255,2.352994,2.959523,-0.802420,2.109714,3.294947
10.578000,4.990000,0.978000,4.450000,,,,,,
10.599800,,,,0.037255,2.352994,2.959523,-0.825338,2.210113,3.138484
10.611500,4.990000,0.978000,4.450000,,,,,,
10.645800,4.990000,0.978000,4.450000,,,,,,
10.650100,,,,0.065196,2.363842,2.950228,-0.858984,2.300982,2.963271
10.679900,4.990000,0.978000,4.450000,,,,,,
10.701300,,,,0.247160,2.430372,2.884584,-0.910016,2.321944,2.768393
10.713900,4.990000,0.978000,4.450000,,,,,,
10.747800,4.990000,0.978000,4.450000,,,,,,
10.752300,,,,0.419411,2.461214,2.805239,-0.973814,2.278193,2.606824
10.782900,4.990000,0.978000,4.450000,,,,,,
10.803600,,,,0.580509,2.410470,2.719419,-1.040181,2.230012,2.481459
10.816900,4.990000,0.978000,4.450000,,,,,,
10.852500,4.990000,0.978000,4.450000,,,,,,
10.854700,,,,0.718146,2.304155,2.653152,-1.043339,2.229173,2.477538
10.887400,4.990000,0.978000,4.450000,,,,,,
10.906300,,,,0.826566,2.191587,2.600458,-1.043339,2.229173,2.477538
10.921500,4.990000,0.978000,4.450000,,,,,,
10.956900,4.990000,0.978000,4.450000,0.833577,2.183906,2.597136,-1.043339,2.229173,2.477538
10.990400,4.990000,0.978000,4.450000,,,,,,
11.007900,,,,0.833577,2.183906,2.597136,-1.040277,2.230814,2.484475
11.025500,4.990000,0.978000,4.450000,,,,,,
11.058100,,,,0.833577,2.183906,2.597136,-0.959183,2.271781,2.663359
11.060300,4.990000,0.978000,4.450000,,,,,,
11.095000,4.990000,0.978000,4.450000,,,,,,
11.109700,,,,0.833577,2.183906,2.597136,-0.871898,2.309866,2.846843
11.129000,4.990000,0.978000,4.450000,,,,,,
11.161500,,,,0.695259,2.306628,2.530337,-0.779764,2.339093,3.030278
11.163500,4.990000,0.978000,4.450000,,,,,,
11.197700,4.990000,0.978000,4.450000,,,,,,
11.212700,,,,0.532825,2.408990,2.463412,-0.682198,2.353626,3.208827
11.232800,4.990000,0.978000,4.450000,,,,,,
11.263000,,,,0.346043,2.430399,2.396546,-0.578075,2.350794,3.381410
11.267600,4.990000,0.978000,4.450000,,,,,,
11.301800,4.990000,0.978000,4.450000,,,,,,
11.317500,,,,0.156063,2.375059,2.344339,-0.467515,2.330829,3.553025
11.336200,4.990000,0.978000,4.450000,,,,,,
11.369300,,,,0.007403,2.311693,2.318965,-0.348583,2.294624,3.734727
11.371700,4.990000,0.978000,4.450000,,,,,,
11.405800,4.990000,0.978000,4.450000,,,,,,
11.420300,,,,0.007403,2.311693,2.318965,-0.236845,2.251893,3.899986
11.441100,4.990000,0.978000,4.450000,,,,,,
11.472400,,,,0.007403,2.311693,2.318965,-0.120196,2.203747,4.064355
11.474400,4.990000,0.978000,4.450000,,,,,,
11.508600,4.990000,0.978000,4.450000,,,,,,
11.522800,,,,0.007403,2.311693,2.318965,-0.114955,2.201619,4.071473
11.542800,4.990000,0.978000,4.450000,,,,,,
11.573700,,,,0.017108,2.321108,2.346671,-0.114955,2.201619,4.071473
11.577900,4.990000,0.978000,4.450000,,,,,,
11.612500,4.990000,0.978000,4.450000,,,,,,
11.626000,,,,0.080852,2.378419,2.535124,-0.114955,2.201619,4.071473
11.650900,4.990000,0.978000,4.450000,,,,,,
11.676500,,,,0.139384,2.398481,2.725870,-0.114955,2.201619,4.071473
11.685000,4.990000,0.978000,4.450000,,,,,,
11.719600,4.990000,0.978000,4.450000,,,,,,
11.727900,,,,0.190751,2.352134,2.919042,-0.243040,2.306092,3.950669
11.753800,4.990000,0.978000,4.450000,,,,,,
11.778100,,,,0.228268,2.263700,3.095024,-0.372841,2.397595,3.828246
11.788300,4.990000,0.978000,4.450000,,,,,,
11.822600,4.990000,0.978000,4.450000,,,,,,
11.829700,,,,0.252956,2.157517,3.269748,-0.518502,2.443287,3.691627
11.856900,4.990000,0.978000,4.450000,,,,,,
11.880700,,,,0.260390,2.115030,3.337495,-0.670430,2.415751,3.559653
11.891600,4.990000,0.978000,4.450000,,,,,,
11.925700,4.990000,0.978000,4.450000,,,,,,
11.931900,,,,0.260390,2.115030,3.337495,-0.770490,2.367266,3.470429
11.960800,4.990000,0.978000,4.450000,,,,,,
11.982100,,,,0.260390,2.115030,3.337495,-0.804486,2.348533,3.439383
11.997100,4.990000,0.978000,4.450000,,,,,,
12.032400,4.990000,0.978000,4.450000,0.260390,2.115030,3.337495,-0.804486,2.348533,3.439383
12.066800,4.990000,0.978000,4.450000,,,,,,
12.084200,,,,0.299680,2.173109,3.230743,-0.804486,2.348533,3.439383
12.101500,4.990000,0.978000,4.450000,,,,,,
12.135500,4.990000,0.978000,4.450000,0.361499,2.261419,3.055446,-0.804486,2.348533,3.439383
12.169700,4.990000,0.978000,4.450000,,,,,,
12.186500,,,,0.425963,2.322487,2.872327,-0.844556,2.390244,3.325457
12.204100,4.990000,0.978000,4.450000,,,,,,
12.238100,4.990000,0.978000,4.450000,0.494143,2.324286,2.678728,-0.915714,2.449147,3.141330
12.272000,4.990000,0.978000,4.450000,,,,,,
12.289900,,,,0.555995,2.278372,2.503099,-1.009232,2.474537,2.958567
12.306300,4.990000,0.978000,4.450000,,,,,,
12.340100,4.990000,0.978000,4.450000,0.594778,2.237770,2.386987,-1.109891,2.441243,2.789342
12.375200,4.990000,0.978000,4.450000,,,,,,
12.391600,,,,0.594778,2.237770,2.386987,-1.201206,2.356184,2.627023
12.410400,4.990000,0.978000,4.450000,,,,,,
12.442700,,,,0.594778,2.237770,2.386987,-1.278847,2.243234,2.476133
12.444800,4.990000,0.978000,4.450000,,,,,,
12.479900,4.990000,0.978000,4.450000,,,,,,
12.494500,,,,0.594778,2.237770,2.386987,-1.302104,2.205640,2.430905
12.514100,4.990000,0.978000,4.450000,,,,,,
12.545900,,,,0.573961,2.243124,2.393571,-1.302104,2.205640,2.430905
12.547900,4.990000,0.978000,4.450000,,,,,,
12.581900,4.990000,0.978000,4.450000,,,,,,
12.596800,,,,0.386030,2.289729,2.453922,-1.302104,2.205640,2.430905
12.617200,4.990000,0.978000,4.450000,,,,,,
12.648200,,,,0.194476,2.330278,2.516504,-1.302104,2.205640,2.430905
12.652500,4.990000,0.978000,4.450000,,,,,,
12.687200,4.990000,0.978000,4.450000,,,,,,
12.700100,,,,-0.001990,2.351665,2.580883,-1.215863,2.248189,2.543972
12.721200,4.990000,0.978000,4.450000,,,,,,
12.751300,,,,-0.194970,2.340891,2.644125,-1.097178,2.304652,2.699479
12.755700,4.990000,0.978000,4.450000,,,,,,
12.789200,4.990000,0.978000,4.450000,,,,,,
12.801900,,,,-0.381041,2.297930,2.713259,-0.978028,2.357307,2.855597
12.823900,4.990000,0.978000,4.450000,,,,,,
12.854100,,,,-0.559906,2.230855,2.795781,-0.855141,2.403818,3.017061
12.858400,4.990000,0.978000,4.450000,,,,,,
12.892000,4.990000,0.978000,4.450000,,,,,,
12.904200,,,,-0.723703,2.158653,2.887797,-0.734422,2.437577,3.174532
12.926100,4.990000,0.978000,4.450000,,,,,,
12.954500,,,,-0.736382,2.153062,2.895506,-0.610976,2.456275,3.332148
12.960700,4.990000,0.978000,4.450000,,,,,,
12.995200,4.990000,0.978000,4.450000,,,,,,
13.005300,,,,-0.736382,2.153062,2.895506,-0.484103,2.455753,3.490570
13.030500,4.990000,0.978000,4.450000,,,,,,
13.056200,,,,-0.736382,2.153062,2.895506,-0.356204,2.433082,3.646524
13.064500,4.990000,0.978000,4.450000,,,,,,
13.099300,4.990000,0.978000,4.450000,,,,,,
13.107900,,,,-0.736382,2.153062,2.895506,-0.227826,2.386468,3.802878
13.133000,4.990000,0.978000,4.450000,,,,,,
13.159600,,,,-0.643215,2.293889,2.994951,-0.105257,2.313938,3.952459
13.167800,4.990000,0.978000,4.450000,,,,,,
13.202900,4.990000,0.978000,4.450000,,,,,,
13.211800,,,,-0.544663,2.404146,3.101531,-0.046922,2.272889,4.018517
13.237300,4.990000,0.978000,4.450000,,,,,,
13.262300,,,,-0.450494,2.391361,3.194317,-0.046922,2.272889,4.018517
13.273000,4.990000,0.978000,4.450000,,,,,,
13.308000,4.990000,0.978000,4.450000,,,,,,
13.314200,,,,-0.392814,2.342363,3.253336,-0.046922,2.272889,4.018517
13.341600,4.990000,0.978000,4.450000,,,,,,
13.364300,,,,-0.386199,2.335999,3.259615,-0.046922,2.272889,4.018517
13.377100,4.990000,0.978000,4.450000,,,,,,
13.412800,4.990000,0.978000,4.450000,,,,,,
13.415800,,,,-0.386199,2.335999,3.259615,-0.132711,2.302398,3.984902
13.447600,4.990000,0.978000,4.450000,,,,,,
13.466000,,,,-0.386199,2.335999,3.259615,-0.319889,2.354882,3.921854
13.481100,4.990000,0.978000,4.450000,,,,,,
13.516200,4.990000,0.978000,4.450000,-0.386199,2.335999,3.259615,-0.513975,2.363987,3.872189
13.550200,4.990000,0.978000,4.450000,,,,,,
13.567900,,,,-0.487623,2.436095,3.164655,-0.710372,2.313130,3.834253
13.584100,4.990000,0.978000,4.450000,,,,,,
13.619100,4.990000,0.978000,4.450000,-0.573677,2.486606,3.084086,-0.893980,2.228987,3.805779
13.653700,4.990000,0.978000,4.450000,,,,,,
13.669700,,,,-0.681458,2.421004,2.983174,-1.073354,2.135832,3.789233
13.688100,4.990000,0.978000,4.450000,,,,,,
13.720500,,,,-0.740420,2.339943,2.927969,-1.109948,2.117000,3.787512
13.722500,4.990000,0.978000,4.450000,,,,,,
13.756000,4.990000,0.978000,4.450000,,,,,,
13.772200,,,,-0.753033,2.323141,2.916758,-1.109948,2.117000,3.787512
13.789900,4.990000,0.978000,4.450000,,,,,,
13.823200,4.990000,0.978000,4.450000,-0.753033,2.323141,2.916758,-1.109948,2.117000,3.787512
13.857000,4.990000,0.978000,4.450000,,,,,,
13.874900,,,,-0.753033,2.323141,2.916758,-1.109948,2.117000,3.787512
13.891500,4.990000,0.978000,4.450000,,,,,,
13.926600,4.990000,0.978000,4.450000,-0.753033,2.323141,2.916758,-1.127707,2.186481,3.623316
13.960800,4.990000,0.978000,4.450000,,,,,,
13.976700,,,,-0.639426,2.428486,2.973297,-1.148606,2.261606,3.439003
13.994300,4.990000,0.978000,4.450000,,,,,,
14.028400,4.990000,0.978000,4.450000,-0.531192,2.484856,3.027891,-1.171731,2.326682,3.244885
14.063300,4.990000,0.978000,4.450000,,,,,,
14.079200,,,,-0.400343,2.406935,3.093661,-1.195531,2.363794,3.045974
14.097300,4.990000,0.978000,4.450000,,,,,,
14.131200,4.990000,0.978000,4.450000,-0.328854,2.303195,3.129594,-1.219633,2.366115,2.841069
14.165400,4.990000,0.978000,4.450000,,,,,,
14.182900,,,,-0.316882,2.283375,3.135612,-1.243560,2.339082,2.637238
14.200200,4.990000,0.978000,4.450000,,,,,,
14.233400,,,,-0.316882,2.283375,3.135612,-1.265653,2.296990,2.440251
14.235500,4.990000,0.978000,4.450000,,,,,,
14.271000,4.990000,0.978000,4.450000,,,,,,
14.283400,,,,-0.316882,2.283375,3.135612,-1.265653,2.296990,2.440251
14.305100,4.990000,0.978000,4.450000,,,,,,
14.333500,,,,-0.316882,2.283375,3.135612,-1.265653,2.296990,2.440251
14.341700,4.990000,0.978000,4.450000,,,,,,
14.377000,4.990000,0.978000,4.450000,,,,,,
14.385400,,,,-0.296328,2.332628,2.981746,-1.265653,2.296990,2.440251
14.411300,4.990000,0.978000,4.450000,,,,,,
14.435900,,,,-0.270163,2.374318,2.785749,-1.263549,2.298521,2.445895
14.444600,4.990000,0.978000,4.450000,,,,,,
14.478300,4.990000,0.978000,4.450000,,,,,,
14.487000,,,,-0.247155,2.345888,2.605346,-1.194453,2.347275,2.631237
14.512300,4.990000,0.978000,4.450000,,,,,,
14.537300,,,,-0.226570,2.251307,2.440248,-1.125696,2.386009,2.815867
14.547500,4.990000,0.978000,4.450000,,,,,,
14.582500,4.990000,0.978000,4.450000,,,,,,
14.589700,,,,-0.210057,2.145466,2.312319,-1.053376,2.390186,3.010029
14.616800,4.990000,0.978000,4.450000,,,,,,
14.640300,,,,-0.203986,2.103528,2.265287,-0.984717,2.343137,3.195456
14.652000,4.990000,0.978000,4.450000,,,,,,
14.685800,4.990000,0.978000,4.450000,,,,,,
14.690700,,,,-0.203986,2.103528,2.265287,-0.920910,2.262424,3.366970
14.719200,4.990000,0.978000,4.450000,,,,,,
14.741300,,,,-0.203986,2.103528,2.265287,-0.871324,2.188380,3.500314
14.753300,4.990000,0.978000,4.450000,,,,,,
14.786700,4.990000,0.978000,4.450000,,,,,,
14.791600,,,,-0.203986,2.103528,2.265287,-0.865878,2.180577,3.514957
14.821700,4.990000,0.978000,4.450000,,,,,,
14.843100,,,,-0.288534,2.164424,2.324539,-0.865878,2.180577,3.514957
14.856900,4.990000,0.978000,4.450000,,,,,,
14.892500,4.990000,0.978000,4.450000,,,,,,
14.895100,,,,-0.438355,2.261694,2.429015,-0.865878,2.180577,3.514957
14.927500,4.990000,0.978000,4.450000,,,,,,
14.945300,,,,-0.596167,2.322937,2.537004,-0.865878,2.180577,3.514957
14.963100,4.990000,0.978000,4.450000,,,,,,
14.996400,,,,-0.761879,2.316161,2.651328,-0.965245,2.304116,3.600652
14.999000,4.990000,0.978000,4.450000,,,,,,
15.034100,4.990000,0.978000,4.450000,,,,,,
15.048200,,,,-0.917052,2.245696,2.758437,-1.092976,2.419960,3.712021
15.070100,4.990000,0.978000,4.450000,,,,,,
15.098900,,,,-1.028338,2.173282,2.844001,-1.235274,2.431098,3.837409
15.103800,4.990000,0.978000,4.450000,,,,,,
15.139200,4.990000,0.978000,4.450000,,,,,,
15.150900,,,,-1.028338,2.173282,2.844001,-1.324137,2.382032,3.915191
15.174500,4.990000,0.978000,4.450000,,,,,,
15.202300,,,,-1.028338,2.173282,2.844001,-1.364818,2.352393,3.950800
15.208200,4.990000,0.978000,4.450000,,,,,,
15.242100,4.990000,0.978000,4.450000,,,,,,
15.253600,,,,-1.028338,2.173282,2.844001,-1.364818,2.352393,3.950800
15.279900,4.990000,0.978000,4.450000,,,,,,
15.304500,,,,-1.012945,2.178383,2.854913,-1.364818,2.352393,3.950800
15.314400,4.990000,0.978000,4.450000,,,,,,
15.349700,4.990000,0.978000,4.450000,,,,,,
15.355700,,,,-0.852742,2.230147,2.968510,-1.364818,2.352393,3.950800
15.385000,4.990000,0.978000,4.450000,,,,,,
15.408100,,,,-0.685280,2.279208,3.086916,-1.365248,2.378919,3.841836
15.420800,4.990000,0.978000,4.450000,,,,,,
15.456100,4.990000,0.978000,4.450000,,,,,,
15.458700,,,,-0.520049,2.313990,3.199200,-1.367164,2.422969,3.643845
15.494100,4.990000,0.978000,4.450000,,,,,,
15.511600,,,,-0.344131,2.328124,3.312747,-1.369426,2.457757,3.436821
15.529000,4.990000,0.978000,4.450000,,,,,,
15.563300,4.990000,0.978000,4.450000,-0.170865,2.315868,3.427375,-1.371797,2.470649,3.229128
15.597700,4.990000,0.978000,4.450000,,,,,,
15.613500,,,,-0.006964,2.282031,3.536791,-1.373988,2.454651,3.029939
15.632100,4.990000,0.978000,4.450000,,,,,,
15.665900,4.990000,0.978000,4.450000,0.167157,2.230991,3.643184,-1.376226,2.407090,2.825157
15.700200,4.990000,0.978000,4.450000,,,,,,
15.716000,,,,0.318605,2.184412,3.719760,-1.380649,2.338568,2.636681
15.735700,4.990000,0.978000,4.450000,,,,,,
15.766900,,,,0.318605,2.184412,3.719760,-1.392810,2.257622,2.451224
15.769900,4.990000,0.978000,4.450000,,,,,,
15.804600,4.990000,0.978000,4.450000,,,,,,
15.820300,,,,0.318605,2.184412,3.719760,-1.397514,2.207597,2.349248
15.839900,4.990000,0.978000,4.450000,,,,,,
15.872500,,,,0.318605,2.184412,3.719760,-1.397514,2.207597,2.349248
15.874800,4.990000,0.978000,4.450000,,,,,,
15.909400,4.990000,0.978000,4.450000,,,,,,
15.925100,,,,0.284637,2.202496,3.686490,-1.397514,2.207597,2.349248
15.944200,4.990000,0.978000,4.450000,,,,,,
15.976900,,,,0.145157,2.275219,3.549962,-1.397514,2.207597,2.349248
15.979200,4.990000,0.978000,4.450000,,,,,,
16.013600,4.990000,0.978000,4.450000,,,,,,
16.028000,,,,0.009790,2.341264,3.418132,-1.346539,2.257792,2.449468
16.049700,4.990000,0.978000,4.450000,,,,,,
16.079100,,,,-0.133739,2.399721,3.279159,-1.258133,2.337069,2.620463
16.084800,4.990000,0.978000,4.450000,,,,,,
16.120500,4.990000,0.978000,4.450000,,,,,,
16.129900,,,,-0.278655,2.439557,3.141518,-1.165217,2.398544,2.791075
16.154700,4.990000,0.978000,4.450000,,,,,,
16.179900,,,,-0.430463,2.455399,3.009810,-1.064937,2.430643,2.962911
16.188300,4.990000,0.978000,4.450000,,,,,,
16.223300,4.990000,0.978000,4.450000,,,,,,
16.231500,,,,-0.589769,2.443111,2.880730,-0.953208,2.430317,3.135226
16.256800,4.990000,0.978000,4.450000,,,,,,
16.283300,,,,-0.752730,2.400784,2.759122,-0.834004,2.403045,3.303199
16.291800,4.990000,0.978000,4.450000,,,,,,
16.327000,4.990000,0.978000,4.450000,,,,,,
16.334100,,,,-0.875049,2.350340,2.671886,-0.712498,2.360015,3.458819
16.360900,4.990000,0.978000,4.450000,,,,,,
16.384400,,,,-0.875049,2.350340,2.671886,-0.612915,2.319555,3.578167
16.394900,4.990000,0.978000,4.450000,,,,,,
16.428900,4.990000,0.978000,4.450000,,,,,,
16.435500,,,,-0.875049,2.350340,2.671886,-0.612915,2.319555,3.578167
16.462600,4.990000,0.978000,4.450000,,,,,,
16.485900,,,,-0.875049,2.350340,2.671886,-0.612915,2.319555,3.578167
16.496800,4.990000,0.978000,4.450000,,,,,,
16.530500,4.990000,0.978000,4.450000,,,,,,
16.537100,,,,-0.881015,2.355932,2.683587,-0.612915,2.319555,3.578167
16.565100,4.990000,0.978000,4.450000,,,,,,
16.588600,,,,-0.967566,2.434878,2.853348,-0.652803,2.330947,3.601358
16.599400,4.990000,0.978000,4.450000,,,,,,
16.632800,4.990000,0.978000,4.450000,,,,,,
16.639000,,,,-1.046557,2.479681,3.009127,-0.823031,2.375037,3.700328
16.666600,4.990000,0.978000,4.450000,,,,,,
16.690400,,,,-1.132456,2.444881,3.181762,-0.998720,2.392754,3.802474
16.701500,4.990000,0.978000,4.450000,,,,,,
16.734800,4.990000,0.978000,4.450000,,,,,,
16.741200,,,,-1.191985,2.370263,3.305913,-1.169601,2.348160,3.901824
16.769500,4.990000,0.978000,4.450000,,,,,,
16.791900,,,,-1.234972,2.307075,3.392219,-1.318378,2.255931,3.988323
16.804600,4.990000,0.978000,4.450000,,,,,,
16.838700,4.990000,0.978000,4.450000,,,,,,
16.843500,,,,-1.234972,2.307075,3.392219,-1.439940,2.155019,4.058999
16.875600,4.990000,0.978000,4.450000,,,,,,
16.895200,,,,-1.234972,2.307075,3.392219,-1.497249,2.104264,4.092319
16.910000,4.990000,0.978000,4.450000,,,,,,
16.944900,4.990000,0.978000,4.450000,,,,,,
16.946800,,,,-1.234972,2.307075,3.392219,-1.497249,2.104264,4.092319
16.979300,4.990000,0.978000,4.450000,,,,,,
16.997400,,,,-1.191588,2.320902,3.378125,-1.497249,2.104264,4.092319
17.014000,4.990000,0.978000,4.450000,,,,,,
17.048200,4.990000,0.978000,4.450000,-1.006438,2.378200,3.316036,-1.497249,2.104264,4.092319
17.082500,4.990000,0.978000,4.450000,,,,,,
17.098700,,,,-0.823945,2.429567,3.249365,-1.496196,2.138506,3.984287
17.116600,4.990000,0.978000,4.450000,,,,,,
17.150300,4.990000,0.978000,4.450000,-0.636344,2.469657,3.170931,-1.494315,2.200395,3.786405
17.184000,4.990000,0.978000,4.450000,,,,,,
17.201800,,,,-0.453654,2.486946,3.079246,-1.492520,2.259562,3.589806
17.217400,4.990000,0.978000,4.450000,,,,,,
17.252500,4.990000,0.978000,4.450000,-0.277962,2.474722,2.980338,-1.490957,2.311952,3.394538
17.286400,4.990000,0.978000,4.450000,,,,,,
17.303400,,,,-0.107057,2.431268,2.878156,-1.489475,2.354403,3.195028
17.321500,4.990000,0.978000,4.450000,,,,,,
17.354000,,,,0.056476,2.364831,2.782880,-1.487806,2.381903,2.996270
17.356100,4.990000,0.978000,4.450000,,,,,,
17.391400,4.990000,0.978000,4.450000,,,,,,
17.406000,,,,0.223429,2.279305,2.689014,-1.485584,2.393746,2.786718
17.425700,4.990000,0.978000,4.450000,,,,,,
17.457200,,,,0.229898,2.275524,2.685064,-1.482926,2.389546,2.582442
17.459300,4.990000,0.978000,4.450000,,,,,,
17.494100,4.990000,0.978000,4.450000,,,,,,
17.508700,,,,0.229898,2.275524,2.685064,-1.477671,2.371851,2.376539
17.527900,4.990000,0.978000,4.450000,,,,,,
17.559200,,,,0.229898,2.275524,2.685064,-1.471397,2.345273,2.176861
17.563200,4.990000,0.978000,4.450000,,,,,,
17.596800,4.990000,0.978000,4.450000,,,,,,
17.611200,,,,0.224808,2.277187,2.685831,-1.471074,2.344034,2.168627
17.632400,4.990000,0.978000,4.450000,,,,,,
17.661700,,,,0.033377,2.336056,2.714667,-1.471074,2.344034,2.168627
17.666000,4.990000,0.978000,4.450000,,,,,,
17.700500,4.990000,0.978000,4.450000,,,,,,
17.713700,,,,-0.156596,2.365505,2.740673,-1.471074,2.344034,2.168627
17.735900,4.990000,0.978000,4.450000,,,,,,
17.764300,,,,-0.337243,2.317653,2.755413,-1.464626,2.345166,2.173427
17.770800,4.990000,0.978000,4.450000,,,,,,
17.805000,4.990000,0.978000,4.450000,,,,,,
17.815600,,,,-0.469762,2.217773,2.758022,-1.301616,2.373501,2.294791
17.839600,4.990000,0.978000,4.450000,,,,,,
17.867600,,,,-0.563491,2.113804,2.742029,-1.136334,2.401362,2.417979
17.874200,4.990000,0.978000,4.450000,,,,,,
17.909000,4.990000,0.978000,4.450000,,,,,,
17.919400,,,,-0.570166,2.104422,2.737854,-0.972283,2.427958,2.541715
17.943800,4.990000,0.978000,4.450000,,,,,,
17.970500,,,,-0.570166,2.104422,2.737854,-0.811951,2.451168,2.666199
17.978900,4.990000,0.978000,4.450000,,,,,,
18.012600,4.990000,0.978000,4.450000,,,,,,
18.020800,,,,-0.570166,2.104422,2.737854,-0.656593,2.468653,2.793115
18.047300,4.990000,0.978000,4.450000,,,,,,
18.070900,,,,-0.570166,2.104422,2.737854,-0.506411,2.478040,2.924016
18.081500,4.990000,0.978000,4.450000,,,,,,
18.116200,4.990000,0.978000,4.450000,,,,,,
18.122300,,,,-0.683570,2.215263,2.833835,-0.356703,2.476568,3.066208
18.150600,4.990000,0.978000,4.450000,,,,,,
18.172900,,,,-0.801648,2.306111,2.946785,-0.216590,2.461394,3.210085
18.184900,4.990000,0.978000,4.450000,,,,,,
18.219500,4.990000,0.978000,4.450000,,,,,,
18.223600,,,,-0.923793,2.288782,3.077953,-0.081137,2.429184,3.358891
18.253700,4.990000,0.978000,4.450000,,,,,,
18.274100,,,,-0.990357,2.211933,3.162789,0.044413,2.378784,3.507606
18.287300,4.990000,0.978000,4.450000,,,,,,
18.322600,4.990000,0.978000,4.450000,,,,,,
18.324700,,,,-1.019238,2.158652,3.208820,0.130820,2.328397,3.628598
18.357000,4.990000,0.978000,4.450000,,,,,,
18.374900,,,,-1.019238,2.158652,3.208820,0.176661,2.294207,3.709605
18.392000,4.990000,0.978000,4.450000,,,,,,
18.425700,4.990000,0.978000,4.450000,-1.019238,2.158652,3.208820,0.176661,2.294207,3.709605
18.459900,4.990000,0.978000,4.450000,,,,,,
18.477000,,,,-1.019238,2.158652,3.208820,0.176661,2.294207,3.709605
18.497900,4.990000,0.978000,4.450000,,,,,,
18.529100,,,,-0.956017,2.182023,3.170779,0.176661,2.294207,3.709605
18.531500,4.990000,0.978000,4.450000,,,,,,
18.565000,4.990000,0.978000,4.450000,,,,,,
18.579600,,,,-0.788724,2.240616,3.071766,0.123011,2.311934,3.721774
18.598400,4.990000,0.978000,4.450000,,,,,,
18.630000,,,,-0.618726,2.289483,2.975721,-0.064475,2.371705,3.764302
18.632200,4.990000,0.978000,4.450000,,,,,,
18.666400,4.990000,0.978000,4.450000,,,,,,
18.681700,,,,-0.438224,2.318768,2.880162,-0.258447,2.427248,3.808067
18.701500,4.990000,0.978000,4.450000,,,,,,
18.733000,,,,-0.254192,2.318652,2.792144,-0.453494,2.468518,3.851907
18.735100,4.990000,0.978000,4.450000,,,,,,
18.769200,4.990000,0.978000,4.450000,,,,,,
18.783700,,,,-0.066530,2.290559,2.716928,-0.652001,2.485667,3.896264
18.804300,4.990000,0.978000,4.450000,,,,,,
18.834100,,,,0.115587,2.243440,2.648719,-0.846770,2.473225,3.940043
18.838200,4.990000,0.978000,4.450000,,,,,,
18.872200,4.990000,0.978000,4.450000,,,,,,
18.884400,,,,0.278933,2.189689,2.576479,-1.039640,2.432520,3.985077
18.907100,4.990000,0.978000,4.450000,,,,,,
18.935900,,,,0.278933,2.189689,2.576479,-1.226286,2.364170,4.038365
18.942000,4.990000,0.978000,4.450000,,,,,,
18.976200,4.990000,0.978000,4.450000,,,,,,
18.986100,,,,0.278933,2.189689,2.576479,-1.378603,2.289137,4.089593
19.011200,4.990000,0.978000,4.450000,,,,,,
19.037900,,,,0.278933,2.189689,2.576479,-1.378603,2.289137,4.089593
19.046000,4.990000,0.978000,4.450000,,,,,,
19.081200,4.990000,0.978000,4.450000,,,,,,
19.089300,,,,0.263413,2.208328,2.558620,-1.378603,2.289137,4.089593
19.115600,4.990000,0.978000,4.450000,,,,,,
19.140400,,,,0.157011,2.332611,2.436176,-1.378603,2.289137,4.089593
19.150800,4.990000,0.978000,4.450000,,,,,,
19.185600,4.990000,0.978000,4.450000,,,,,,
19.192000,,,,0.045339,2.429685,2.295121,-1.367004,2.296230,4.052984
19.220100,4.990000,0.978000,4.450000,,,,,,
19.243300,,,,-0.071008,2.432489,2.134819,-1.305846,2.331769,3.859946
19.254400,4.990000,0.978000,4.450000,,,,,,
19.288500,4.990000,0.978000,4.450000,,,,,,
19.295200,,,,-0.146719,2.384175,2.030385,-1.244344,2.362859,3.664167
19.323300,4.990000,0.978000,4.450000,,,,,,
19.346200,,,,-0.185225,2.352512,1.978571,-1.183730,2.383008,3.470094
19.358400,4.990000,0.978000,4.450000,,,,,,
19.392500,4.990000,0.978000,4.450000,,,,,,
19.396800,,,,-0.185225,2.352512,1.978571,-1.123634,2.386310,3.277441
19.426000,4.990000,0.978000,4.450000,,,,,,
19.447100,,,,-0.185225,2.352512,1.978571,-1.063899,2.369132,3.086445
19.460900,4.990000,0.978000,4.450000,,,,,,
19.496100,4.990000,0.978000,4.450000,,,,,,
19.498200,,,,-0.185225,2.352512,1.978571,-1.004116,2.330766,2.894566
19.529700,4.990000,0.978000,4.450000,,,,,,
19.548600,,,,-0.223923,2.373138,2.058933,-0.952931,2.276342,2.706686
19.564600,4.990000,0.978000,4.450000,,,,,,
19.599400,4.990000,0.978000,4.450000,-0.311601,2.417887,2.235926,-0.914847,2.209840,2.519291
19.633200,4.990000,0.978000,4.450000,,,,,,
19.649900,,,,-0.402742,2.457060,2.411731,-0.894458,2.148493,2.363525
19.667900,4.990000,0.978000,4.450000,,,,,,
19.702000,4.990000,0.978000,4.450000,-0.505166,2.478351,2.591712,-0.894458,2.148493,2.363525
19.736100,4.990000,0.978000,4.450000,,,,,,
19.753400,,,,-0.615481,2.466982,2.764040,-0.894458,2.148493,2.363525
19.770100,4.990000,0.978000,4.450000,,,,,,
19.804600,4.990000,0.978000,4.450000,-0.731446,2.420100,2.927231,-0.894458,2.148493,2.363525
19.839000,4.990000,0.978000,4.450000,,,,,,
19.854800,,,,-0.839081,2.351054,3.061242,-0.875315,2.163377,2.400457
19.873500,4.990000,0.978000,4.450000,,,,,,
19.905400,,,,-0.907300,2.301311,3.126541,-0.785048,2.229386,2.571647
19.907500,4.990000,0.978000,4.450000,,,,,,
19.941800,4.990000,0.978000,4.450000,,,,,,
19.955900,,,,-0.907300,2.301311,3.126541,-0.690012,2.285028,2.740462
19.976100,4.990000,0.978000,4.450000,,,,,,
20.006000,,,,-0.907300,2.301311,3.126541,-0.585663,2.319064,2.907872
20.010000,4.990000,0.978000,4.450000,,,,,,
20.044100,4.990000,0.978000,4.450000,,,,,,
20.056800,,,,-0.907300,2.301311,3.126541,-0.472011,2.319746,3.076413
20.077600,4.990000,0.978000,4.450000,,,,,,
20.107500,,,,-0.876510,2.315533,3.108913,-0.350475,2.283789,3.234286
20.111500,4.990000,0.978000,4.450000,,,,,,
20.145100,4.990000,0.978000,4.450000,,,,,,
20.159600,,,,-0.708031,2.390211,3.013370,-0.227639,2.217700,3.387815
20.179600,4.990000,0.978000,4.450000,,,,,,
20.210100,,,,-0.537598,2.452222,2.924537,-0.118343,2.136087,3.536825
20.214300,4.990000,0.978000,4.450000,,,,,,
20.249000,4.990000,0.978000,4.450000,,,,,,
20.260700,,,,-0.358905,2.483060,2.842307,-0.109233,2.128722,3.549470
20.282600,4.990000,0.978000,4.450000,,,,,,
20.312100,,,,-0.168047,2.465700,2.764888,-0.109233,2.128722,3.549470
20.316200,4.990000,0.978000,4.450000,,,,,,
20.350300,4.990000,0.978000,4.450000,,,,,,
20.363200,,,,0.018891,2.404172,2.704470,-0.109233,2.128722,3.549470
20.384300,4.990000,0.978000,4.450000,,,,,,
20.414000,,,,0.199953,2.320422,2.666922,-0.109233,2.128722,3.549470
20.418100,4.990000,0.978000,4.450000,,,,,,
20.451700,4.990000,0.978000,4.450000,,,,,,
20.465500,,,,0.257624,2.291895,2.655658,-0.276453,2.198794,3.623161
20.486200,4.990000,0.978000,4.450000,,,,,,
20.516500,,,,0.257624,2.291895,2.655658,-0.453795,2.268862,3.696967
20.521000,4.990000,0.978000,4.450000,,,,,,
20.555600,4.990000,0.978000,4.450000,,,,,,
20.567500,,,,0.257624,2.291895,2.655658,-0.638020,2.321282,3.767320
20.590900,4.990000,0.978000,4.450000,,,,,,
20.617700,,,,0.257624,2.291895,2.655658,-0.827889,2.333362,3.827070
20.626100,4.990000,0.978000,4.450000,,,,,,
20.660200,4.990000,0.978000,4.450000,,,,,,
20.669300,,,,0.184172,2.336840,2.540683,-1.025672,2.303043,3.876618
20.695100,4.990000,0.978000,4.450000,,,,,,
20.719700,,,,0.086929,2.376840,2.388470,-1.196059,2.253359,3.903752
20.730100,4.990000,0.978000,4.450000,,,,,,
20.763600,4.990000,0.978000,4.450000,,,,,,
20.769700,,,,-0.007510,2.347961,2.242453,-1.259623,2.232973,3.907186
20.797500,4.990000,0.978000,4.450000,,,,,,
20.819800,,,,-0.094549,2.248355,2.106974,-1.259623,2.232973,3.907186
20.832000,4.990000,0.978000,4.450000,,,,,,
20.866900,4.990000,0.978000,4.450000,,,,,,
20.871100,,,,-0.172392,2.141348,2.012674,-1.259623,2.232973,3.907186
20.900300,4.990000,0.978000,4.450000,,,,,,
20.922200,,,,-0.200979,2.103656,1.984061,-1.259623,2.232973,3.907186
20.934100,4.990000,0.978000,4.450000,,,,,,
20.968100,4.990000,0.978000,4.450000,,,,,,
20.972500,,,,-0.200979,2.103656,1.984061,-1.271610,2.264873,3.809510
21.002100,4.990000,0.978000,4.450000,,,,,,
21.022500,,,,-0.200979,2.103656,1.984061,-1.295089,2.325577,3.618201
21.036600,4.990000,0.978000,4.450000,,,,,,
21.070300,4.990000,0.978000,4.450000,,,,,,
21.074500,,,,-0.200979,2.103656,1.984061,-1.319375,2.383774,3.420319
21.104300,4.990000,0.978000,4.450000,,,,,,
21.126200,,,,-0.303585,2.184006,2.039967,-1.343892,2.432190,3.220551
21.138400,4.990000,0.978000,4.450000,,,,,,
21.173000,4.990000,0.978000,4.450000,,,,,,
21.177000,,,,-0.454539,2.288913,2.125735,-1.368303,2.464375,3.021651
21.207100,4.990000,0.978000,4.450000,,,,,,
21.227700,,,,-0.624037,2.331585,2.222323,-1.392838,2.476870,2.821738
21.240700,4.990000,0.978000,4.450000,,,,,,
21.275300,4.990000,0.978000,4.450000,,,,,,
21.279800,,,,-0.778700,2.277851,2.310219,-1.418202,2.467871,2.615072
21.310100,4.990000,0.978000,4.450000,,,,,,
21.331500,,,,-0.885115,2.201218,2.370694,-1.443078,2.438612,2.412384
21.344600,4.990000,0.978000,4.450000,,,,,,
21.378400,4.990000,0.978000,4.450000,,,,,,
21.382700,,,,-0.908917,2.181728,2.384221,-1.466984,2.392916,2.213127
21.413000,4.990000,0.978000,4.450000,,,,,,
21.434400,,,,-0.908917,2.181728,2.384221,-1.485664,2.348339,2.057589
21.446800,4.990000,0.978000,4.450000,,,,,,
21.482200,4.990000,0.978000,4.450000,,,,,,
21.486300,,,,-0.908917,2.181728,2.384221,-1.485664,2.348339,2.057589
21.516000,4.990000,0.978000,4.450000,,,,,,
21.538000,,,,-0.908917,2.181728,2.384221,-1.485664,2.348339,2.057589
21.550100,4.990000,0.978000,4.450000,,,,,,
21.584400,4.990000,0.978000,4.450000,,,,,,
21.588700,,,,-0.756883,2.228673,2.441279,-1.485664,2.348339,2.057589
21.619600,4.990000,0.978000,4.450000,,,,,,
21.639300,,,,-0.573351,2.280597,2.510159,-1.448873,2.364539,2.101942
21.654300,4.990000,0.978000,4.450000,,,,,,
21.690900,4.990000,0.978000,4.450000,-0.397918,2.315665,2.576000,-1.331790,2.415281,2.243695
21.725800,4.990000,0.978000,4.450000,,,,,,
21.742100,,,,-0.190761,2.322786,2.651033,-1.198493,2.469975,2.410964
21.760100,4.990000,0.978000,4.450000,,,,,,
21.792100,,,,-0.001518,2.293638,2.706502,-1.082408,2.507636,2.568791
21.794100,4.990000,0.978000,4.450000,,,,,,
21.827700,4.990000,0.978000,4.450000,,,,,,
21.843500,,,,0.191798,2.238822,2.751740,-0.968820,2.523093,2.739802
21.861100,4.990000,0.978000,4.450000,,,,,,
21.894300,,,,0.377397,2.170645,2.798003,-0.868290,2.506937,2.915305
21.896200,4.990000,0.978000,4.450000,,,,,,
21.930200,4.990000,0.978000,4.450000,,,,,,
21.944400,,,,0.412410,2.156986,2.808834,-0.789639,2.461545,3.093965
21.964400,4.990000,0.978000,4.450000,,,,,,
21.994700,,,,0.412410,2.156986,2.808834,-0.731378,2.393243,3.273598
21.998600,4.990000,0.978000,4.450000,,,,,,
22.032200,4.990000,0.978000,4.450000,,,,,,
22.045800,,,,0.412410,2.156986,2.808834,-0.710931,2.352957,3.367856
22.066000,4.990000,0.978000,4.450000,,,,,,
22.096200,,,,0.412410,2.156986,2.808834,-0.710931,2.352957,3.367856
22.100200,4.990000,0.978000,4.450000,,,,,,
22.134900,4.990000,0.978000,4.450000,,,,,,
22.147100,,,,0.294529,2.254590,2.735446,-0.710931,2.352957,3.367856
22.168500,4.990000,0.978000,4.450000,,,,,,
22.198500,,,,0.145948,2.364562,2.646851,-0.710931,2.352957,3.367856
22.202900,4.990000,0.978000,4.450000,,,,,,
22.236600,4.990000,0.978000,4.450000,,,,,,
22.249900,,,,-0.026816,2.425473,2.557605,-0.762340,2.388117,3.296031
22.270700,4.990000,0.978000,4.450000,,,,,,
22.301000,,,,-0.177423,2.400241,2.492814,-0.870203,2.450138,3.134313
22.305200,4.990000,0.978000,4.450000,,,,,,
22.339700,4.990000,0.978000,4.450000,,,,,,
22.352600,,,,-0.277983,2.354742,2.458773,-0.972246,2.452388,2.965093
22.374600,4.990000,0.978000,4.450000,,,,,,
22.404500,,,,-0.293407,2.347435,2.456942,-1.062268,2.375547,2.794251
22.409200,4.990000,0.978000,4.450000,,,,,,
22.444400,4.990000,0.978000,4.450000,,,,,,
22.455000,,,,-0.293407,2.347435,2.456942,-1.132505,2.265458,2.640807
22.479400,4.990000,0.978000,4.450000,,,,,,
22.505700,,,,-0.293407,2.347435,2.456942,-1.169621,2.179910,2.532258
22.514000,4.990000,0.978000,4.450000,,,,,,
22.548200,4.990000,0.978000,4.450000,,,,,,
22.557100,,,,-0.293407,2.347435,2.456942,-1.169621,2.179910,2.532258
22.582800,4.990000,0.978000,4.450000,,,,,,
22.609200,,,,-0.419225,2.428971,2.360391,-1.169621,2.179910,2.532258
22.617900,4.990000,0.978000,4.450000,,,,,,
22.652100,4.990000,0.978000,4.450000,,,,,,
22.660300,,,,-0.494291,2.448334,2.279366,-1.169621,2.179910,2.532258
22.687500,4.990000,0.978000,4.450000,,,,,,
22.711000,,,,-0.576392,2.353567,2.157840,-1.179167,2.202780,2.487027
22.721400,4.990000,0.978000,4.450000,,,,,,
22.756300,4.990000,0.978000,4.450000,,,,,,
22.762300,,,,-0.599604,2.258871,2.055938,-1.219062,2.288167,2.303875
22.791400,4.990000,0.978000,4.450000,,,,,,
22.813300,,,,-0.599923,2.240299,2.030932,-1.259344,2.314195,2.134075
22.825400,4.990000,0.978000,4.450000,,,,,,
22.859400,4.990000,0.978000,4.450000,,,,,,
22.863600,,,,-0.599923,2.240299,2.030932,-1.297921,2.250907,1.966500
22.894500,4.990000,0.978000,4.450000,,,,,,
22.914800,,,,-0.599923,2.240299,2.030932,-1.326127,2.169116,1.849901
22.928400,4.990000,0.978000,4.450000,,,,,,
22.961800,4.990000,0.978000,4.450000,,,,,,
22.965600,,,,-0.599923,2.240299,2.030932,-1.336931,2.133455,1.803446
22.995700,4.990000,0.978000,4.450000,,,,,,
23.017400,,,,-0.462556,2.300862,2.102375,-1.336931,2.133455,1.803446
23.029200,4.990000,0.978000,4.450000,,,,,,
23.064400,4.990000,0.978000,4.450000,,,,,,
23.068300,,,,-0.292258,2.370678,2.188774,-1.336931,2.133455,1.803446
23.098700,4.990000,0.978000,4.450000,,,,,,
23.118400,,,,-0.121056,2.428984,2.275576,-1.336931,2.133455,1.803446
23.132400,4.990000,0.978000,4.450000,,,,,,
23.166100,4.990000,0.978000,4.450000,,,,,,
23.170100,,,,0.059847,2.466463,2.367310,-1.337491,2.165800,1.917849
23.200700,4.990000,0.978000,4.450000,,,,,,
23.220700,,,,0.238525,2.472291,2.457781,-1.337195,2.217191,2.111729
23.236300,4.990000,0.978000,4.450000,,,,,,
23.270100,4.990000,0.978000,4.450000,,,,,,
23.272500,,,,0.422357,2.446478,2.550365,-1.336165,2.263474,2.314111
23.304600,4.990000,0.978000,4.450000,,,,,,
23.323900,,,,0.601026,2.394488,2.640716,-1.335209,2.295924,2.518444
23.339100,4.990000,0.978000,4.450000,,,,,,
23.373200,4.990000,0.978000,4.450000,,,,,,
23.375300,,,,0.737449,2.341722,2.709754,-1.331519,2.308305,2.723164
23.406900,4.990000,0.978000,4.450000,,,,,,
23.426600,,,,0.737449,2.341722,2.709754,-1.318794,2.298099,2.927907
23.441900,4.990000,0.978000,4.450000,,,,,,
23.476500,4.990000,0.978000,4.450000,,,,,,
23.479200,,,,0.737449,2.341722,2.709754,-1.291899,2.267634,3.131698
23.510000,4.990000,0.978000,4.450000,,,,,,
23.530000,,,,0.737449,2.341722,2.709754,-1.256493,2.221955,3.329350
23.545200,4.990000,0.978000,4.450000,,,,,,
23.579500,4.990000,0.978000,4.450000,,,,,,
23.581600,,,,0.681985,2.358262,2.712217,-1.212946,2.166488,3.522592
23.613500,4.990000,0.978000,4.450000,,,,,,
23.632300,,,,0.486463,2.409592,2.717495,-1.196872,2.147118,3.585247
23.648500,4.990000,0.978000,4.450000,,,,,,
23.682200,4.990000,0.978000,4.450000,,,,,,
23.684200,,,,0.310923,2.413832,2.712461,-1.196872,2.147118,3.585247
23.716100,4.990000,0.978000,4.450000,,,,,,
23.734300,,,,0.143362,2.333117,2.699428,-1.196872,2.147118,3.585247
23.750500,4.990000,0.978000,4.450000,,,,,,
23.785700,4.990000,0.978000,4.450000,0.029906,2.216929,2.680582,-1.196872,2.147118,3.585247
23.819700,4.990000,0.978000,4.450000,,,,,,
23.835700,,,,-0.035666,2.118578,2.656087,-1.162999,2.244587,3.493160
23.854300,4.990000,0.978000,4.450000,,,,,,
23.885800,,,,-0.035666,2.118578,2.656087,-1.120470,2.343915,3.380598
23.887800,4.990000,0.978000,4.450000,,,,,,
23.922000,4.990000,0.978000,4.450000,,,,,,
23.936000,,,,-0.035666,2.118578,2.656087,-1.066416,2.336966,3.237870
23.956000,4.990000,0.978000,4.450000,,,,,,
23.988000,,,,-0.035666,2.118578,2.656087,-1.030850,2.279520,3.172881
23.990000,4.990000,0.978000,4.450000,,,,,,
24.023500,4.990000,0.978000,4.450000,,,,,,
24.039500,,,,-0.041512,2.135746,2.631782,-1.016533,2.262424,3.161817
24.057200,4.990000,0.978000,4.450000,,,,,,
24.089600,,,,-0.080827,2.246504,2.468338,-1.016533,2.262424,3.161817
24.092000,4.990000,0.978000,4.450000,,,,,,
24.127300,4.990000,0.978000,4.450000,,,,,,
24.139700,,,,-0.122743,2.337280,2.295697,-1.016533,2.262424,3.161817
24.160700,4.990000,0.978000,4.450000,,,,,,
24.190000,,,,-0.169036,2.364703,2.104535,-1.016533,2.262424,3.161817
24.194500,4.990000,0.978000,4.450000,,,,,,
24.229700,4.990000,0.978000,4.450000,,,,,,
24.240500,,,,-0.213497,2.310212,1.920896,-1.044208,2.311867,3.043861
24.265400,4.990000,0.978000,4.450000,,,,,,
24.292500,,,,-0.243919,2.238124,1.795246,-1.088166,2.386045,2.856316
24.298800,4.990000,0.978000,4.450000,,,,,,
24.333300,4.990000,0.978000,4.450000,,,,,,
24.343900,,,,-0.248074,2.226918,1.778083,-1.133276,2.446646,2.663767
24.367400,4.990000,0.978000,4.450000,,,,,,
24.395600,,,,-0.248074,2.226918,1.778083,-1.179925,2.476880,2.464672
24.402100,4.990000,0.978000,4.450000,,,,,,
24.437100,4.990000,0.978000,4.450000,,,,,,
24.447300,,,,-0.248074,2.226918,1.778083,-1.226929,2.466123,2.264064
24.471100,4.990000,0.978000,4.450000,,,,,,
24.498000,,,,-0.248074,2.226918,1.778083,-1.271982,2.419512,2.071779
24.505900,4.990000,0.978000,4.450000,,,,,,
24.541300,4.990000,0.978000,4.450000,,,,,,
24.549600,,,,-0.127324,2.272557,1.915472,-1.315884,2.346951,1.884413
24.574700,4.990000,0.978000,4.450000,,,,,,
24.601200,,,,0.006099,2.316576,2.067410,-1.328165,2.323462,1.831998
24.609800,4.990000,0.978000,4.450000,,,,,,
24.645100,4.990000,0.978000,4.450000,,,,,,
24.651500,,,,0.136612,2.341494,2.216035,-1.328165,2.323462,1.831998
24.678800,4.990000,0.978000,4.450000,,,,,,
24.701900,,,,0.270366,2.335181,2.368350,-1.328165,2.323462,1.831998
24.714000,4.990000,0.978000,4.450000,,,,,,
24.747400,4.990000,0.978000,4.450000,,,,,,
24.753600,,,,0.402231,2.293876,2.521947,-1.328165,2.323462,1.831998
24.782000,4.990000,0.978000,4.450000,,,,,,
24.804300,,,,0.522845,2.230267,2.672209,-1.249758,2.353203,1.963380
24.816800,4.990000,0.978000,4.450000,,,,,,
24.851100,4.990000,0.978000,4.450000,,,,,,
24.855600,,,,0.643756,2.150923,2.818218,-1.143558,2.391452,2.135139
24.885900,4.990000,0.978000,4.450000,,,,,,
24.907200,,,,0.665889,2.135346,2.846073,-1.033400,2.428627,2.305399
24.919300,4.990000,0.978000,4.450000,,,,,,
24.953300,4.990000,0.978000,4.450000,,,,,,
24.957400,,,,0.665889,2.135346,2.846073,-0.921202,2.462555,2.468486
24.987500,4.990000,0.978000,4.450000,,,,,,
25.007400,,,,0.665889,2.135346,2.846073,-0.804057,2.492451,2.627697
25.021500,4.990000,0.978000,4.450000,,,,,,
25.055300,4.990000,0.978000,4.450000,,,,,,
25.057400,,,,0.665889,2.135346,2.846073,-0.682681,2.516698,2.784088
25.089700,4.990000,0.978000,4.450000,,,,,,
25.107800,,,,0.591058,2.231628,2.741285,-0.556102,2.534108,2.941180
25.124000,4.990000,0.978000,4.450000,,,,,,
25.157800,4.990000,0.978000,4.450000,,,,,,
25.160000,,,,0.484696,2.346628,2.605500,-0.423313,2.542791,3.100437
25.191200,4.990000,0.978000,4.450000,,,,,,
25.210100,,,,0.350503,2.398362,2.468024,-0.291093,2.541207,3.251953
25.225000,4.990000,0.978000,4.450000,,,,,,
25.258700,4.990000,0.978000,4.450000,,,,,,
25.260800,,,,0.222829,2.370118,2.366712,-0.154403,2.528720,3.400580
25.293000,4.990000,0.978000,4.450000,,,,,,
25.312300,,,,0.122252,2.327585,2.307392,-0.011802,2.504486,3.545306
25.327000,4.990000,0.978000,4.450000,,,,,,
25.361900,4.990000,0.978000,4.450000,,,,,,
25.364100,,,,0.116952,2.325780,2.306177,0.139115,2.468258,3.684194
25.397100,4.990000,0.978000,4.450000,,,,,,
25.414400,,,,0.116952,2.325780,2.306177,0.293720,2.423178,3.804897
25.432000,4.990000,0.978000,4.450000,,,,,,
25.465600,4.990000,0.978000,4.450000,0.116952,2.325780,2.306177,0.459704,2.368671,3.912853
25.500800,4.990000,0.978000,4.450000,,,,,,
25.517500,,,,0.116952,2.325780,2.306177,0.459704,2.368671,3.912853
25.534800,4.990000,0.978000,4.450000,,,,,,
25.569700,4.990000,0.978000,4.450000,-0.066816,2.387666,2.240103,0.459704,2.368671,3.912853
25.605100,4.990000,0.978000,4.450000,,,,,,
25.620300,,,,-0.228604,2.418383,2.181932,0.459704,2.368671,3.912853
25.640400,4.990000,0.978000,4.450000,,,,,,
25.670400,,,,-0.404597,2.375191,2.118654,0.445945,2.371456,3.905941
25.674900,4.990000,0.978000,4.450000,,,,,,
25.708700,4.990000,0.978000,4.450000,,,,,,
25.721300,,,,-0.539736,2.289316,2.070065,0.266327,2.405536,3.817307
25.743800,4.990000,0.978000,4.450000,,,,,,
25.773300,,,,-0.649610,2.204581,2.031767,0.080062,2.433990,3.730125
25.777500,4.990000,0.978000,4.450000,,,,,,
25.812200,4.990000,0.978000,4.450000,,,,,,
25.823900,,,,-0.649610,2.204581,2.031767,-0.106414,2.448358,3.649443
25.845800,4.990000,0.978000,4.450000,,,,,,
25.875800,,,,-0.649610,2.204581,2.031767,-0.296541,2.441428,3.566690
25.879800,4.990000,0.978000,4.450000,,,,,,
25.915000,4.990000,0.978000,4.450000,,,,,,
25.927400,,,,-0.649610,2.204581,2.031767,-0.481992,2.408752,3.483918
25.949600,4.990000,0.978000,4.450000,,,,,,
25.978300,,,,-0.645845,2.210381,2.044771,-0.660990,2.352736,3.403784
25.984100,4.990000,0.978000,4.450000,,,,,,
26.018300,4.990000,0.978000,4.450000,,,,,,
26.028500,,,,-0.598943,2.288147,2.223802,-0.831665,2.279731,3.327450
26.052900,4.990000,0.978000,4.450000,,,,,,
26.079100,,,,-0.563566,2.360998,2.408916,-0.998804,2.194302,3.252526
26.087200,4.990000,0.978000,4.450000,,,,,,
26.120900,4.990000,0.978000,4.450000,,,,,,
26.129400,,,,-0.543603,2.419109,2.600176,-1.074085,2.152685,3.218362
26.155300,4.990000,0.978000,4.450000,,,,,,
26.181000,,,,-0.536412,2.453936,2.803291,-1.074085,2.152685,3.218362
26.189600,4.990000,0.978000,4.450000,,,,,,
26.224800,4.990000,0.978000,4.450000,,,,,,
26.231500,,,,-0.539629,2.460500,3.003451,-1.074085,2.152685,3.218362
26.259200,4.990000,0.978000,4.450000,,,,,,
26.283100,,,,-0.554341,2.443238,3.209948,-1.074085,2.152685,3.218362
26.294600,4.990000,0.978000,4.450000,,,,,,
26.328800,4.990000,0.978000,4.450000,,,,,,
26.333200,,,,-0.579854,2.409866,3.406195,-1.093694,2.192454,3.107515
26.363600,4.990000,0.978000,4.450000,,,,,,
26.385000,,,,-0.600767,2.380866,3.539457,-1.127757,2.259586,2.914960
26.397500,4.990000,0.978000,4.450000,,,,,,
26.431200,4.990000,0.978000,4.450000,,,,,,
26.436800,,,,-0.600767,2.380866,3.539457,-1.160011,2.315166,2.732630
26.465900,4.990000,0.978000,4.450000,,,,,,
26.487600,,,,-0.600767,2.380866,3.539457,-1.196562,2.355833,2.522709
26.499400,4.990000,0.978000,4.450000,,,,,,
26.534000,4.990000,0.978000,4.450000,,,,,,
26.538800,,,,-0.600767,2.380866,3.539457,-1.231784,2.363158,2.322115
26.569100,4.990000,0.978000,4.450000,,,,,,
26.588900,,,,-0.555804,2.397754,3.479037,-1.266264,2.342620,2.125917
26.603700,4.990000,0.978000,4.450000,,,,,,
26.637400,4.990000,0.978000,4.450000,,,,,,
26.639400,,,,-0.436904,2.437504,3.319154,-1.300732,2.302359,1.929805
26.672300,4.990000,0.978000,4.450000,,,,,,
26.690000,,,,-0.316982,2.459108,3.157777,-1.322745,2.271534,1.804561
26.706700,4.990000,0.978000,4.450000,,,,,,
26.740300,4.990000,0.978000,4.450000,-0.197610,2.441429,2.997158,-1.322745,2.271534,1.804561
26.774200,4.990000,0.978000,4.450000,,,,,,
26.795600,,,,-0.080431,2.376595,2.839491,-1.322745,2.271534,1.804561
26.807800,4.990000,0.978000,4.450000,,,,,,
26.841700,4.990000,0.978000,4.450000,,,,,,
26.847500,,,,0.036589,2.270217,2.684626,-1.322745,2.271534,1.804561
26.875500,4.990000,0.978000,4.450000,,,,,,
26.898800,,,,0.137964,2.154319,2.548729,-1.242059,2.287636,1.865582
26.909000,4.990000,0.978000,4.450000,,,,,,
26.943200,4.990000,0.978000,4.450000,,,,,,
26.949100,,,,0.157446,2.130708,2.522608,-1.083570,2.318205,1.985445
26.977300,4.990000,0.978000,4.450000,,,,,,
26.999400,,,,0.157446,2.130708,2.522608,-0.924521,2.347075,2.105597
27.011700,4.990000,0.978000,4.450000,,,,,,
27.045900,4.990000,0.978000,4.450000,,,,,,
27.049700,,,,0.157446,2.130708,2.522608,-0.765158,2.372245,2.225933
27.080300,4.990000,0.978000,4.450000,,,,,,
27.101700,,,,0.157446,2.130708,2.522608,-0.600567,2.391476,2.350240
27.115500,4.990000,0.978000,4.450000,,,,,,
27.150500,4.990000,0.978000,4.450000,,,,,,
27.153400,,,,0.041032,2.224026,2.453003,-0.438456,2.401232,2.472682
27.185800,4.990000,0.978000,4.450000,,,,,,
27.205500,,,,-0.111971,2.334166,2.359053,-0.270287,2.400023,2.599731
27.220600,4.990000,0.978000,4.450000,,,,,,
27.255100,4.990000,0.978000,4.450000,,,,,,
27.257200,,,,-0.280832,2.378544,2.251219,-0.104837,2.387142,2.724716
27.289100,4.990000,0.978000,4.450000,,,,,,
27.309300,,,,-0.408649,2.326800,2.163539,0.060056,2.363451,2.849275
27.322700,4.990000,0.978000,4.450000,,,,,,
27.361100,4.990000,0.978000,4.450000,-0.488322,2.259553,2.106966,0.211236,2.333524,2.963510
27.396300,4.990000,0.978000,4.450000,,,,,,
27.412500,,,,-0.498764,2.245408,2.097803,0.384217,2.291527,3.094873
27.431000,4.990000,0.978000,4.450000,,,,,,
27.464500,4.990000,0.978000,4.450000,-0.498764,2.245408,2.097803,0.531089,2.249504,3.210027
27.497900,4.990000,0.978000,4.450000,,,,,,
27.516300,,,,-0.498764,2.245408,2.097803,0.531089,2.249504,3.210027
27.531500,4.990000,0.978000,4.450000,,,,,,
27.567000,4.990000,0.978000,4.450000,-0.498764,2.245408,2.097803,0.531089,2.249504,3.210027
27.600600,4.990000,0.978000,4.450000,,,,,,
27.617300,,,,-0.480208,2.288740,2.283758,0.531089,2.249504,3.210027
27.635800,4.990000,0.978000,4.450000,,,,,,
27.669200,4.990000,0.978000,4.450000,-0.453125,2.330037,2.485438,0.502139,2.259870,3.202122
27.703500,4.990000,0.978000,4.450000,,,,,,
27.719400,,,,-0.413976,2.352643,2.680953,0.318629,2.324348,3.152014
27.737800,4.990000,0.978000,4.450000,,,,,,
27.770300,,,,-0.357396,2.340157,2.874900,0.132149,2.385920,3.101095
27.772500,4.990000,0.978000,4.450000,,,,,,
27.810000,4.990000,0.978000,4.450000,,,,,,
27.822100,,,,-0.279373,2.282467,3.058325,-0.061857,2.439122,3.048208
27.844000,4.990000,0.978000,4.450000,,,,,,
27.874100,,,,-0.177236,2.194556,3.208251,-0.258796,2.473813,2.994612
27.878200,4.990000,0.978000,4.450000,,,,,,
27.911700,4.990000,0.978000,4.450000,,,,,,
27.925800,,,,-0.119110,2.113295,3.302323,-0.459319,2.483802,2.941811
27.945900,4.990000,0.978000,4.450000,,,,,,
27.977700,,,,-0.117353,2.113296,3.300487,-0.660851,2.468172,2.896140
27.979700,4.990000,0.978000,4.450000,,,,,,
28.013900,4.990000,0.978000,4.450000,,,,,,
28.027800,,,,-0.117353,2.113296,3.300487,-0.855372,2.432575,2.864451
28.047900,4.990000,0.978000,4.450000,,,,,,
28.078700,,,,-0.117353,2.113296,3.300487,-1.050081,2.380686,2.844226
28.083500,4.990000,0.978000,4.450000,,,,,,
28.122700,4.990000,0.978000,4.450000,,,,,,
28.129500,,,,-0.117353,2.113296,3.300487,-1.112074,2.361159,2.840815
28.157200,4.990000,0.978000,4.450000,,,,,,
28.180800,,,,-0.006809,2.216464,3.163491,-1.112074,2.361159,2.840815
28.191700,4.990000,0.978000,4.450000,,,,,,
28.226100,4.990000,0.978000,4.450000,,,,,,
28.232500,,,,0.114445,2.309258,3.024742,-1.112074,2.361159,2.840815
28.259900,4.990000,0.978000,4.450000,,,,,,
28.286300,,,,0.246465,2.368767,2.885017,-1.112074,2.361159,2.840815
28.293400,4.990000,0.978000,4.450000,,,,,,
28.327600,4.990000,0.978000,4.450000,,,,,,
28.338500,,,,0.404870,2.385545,2.729940,-1.130322,2.398798,2.676316
28.361500,4.990000,0.978000,4.450000,,,,,,
28.390100,,,,0.553841,2.369203,2.586942,-1.152833,2.433689,2.473386
28.396300,4.990000,0.978000,4.450000,,,,,,
28.430800,4.990000,0.978000,4.450000,,,,,,
28.441400,,,,0.698477,2.341040,2.445653,-1.175287,2.432495,2.270971
28.464200,4.990000,0.978000,4.450000,,,,,,
28.491700,,,,0.698477,2.341040,2.445653,-1.196678,2.380621,2.078144
28.497900,4.990000,0.978000,4.450000,,,,,,
28.532900,4.990000,0.978000,4.450000,,,,,,
28.543300,,,,0.698477,2.341040,2.445653,-1.216973,2.286223,1.895196
28.566500,4.990000,0.978000,4.450000,,,,,,
28.593600,,,,0.698477,2.341040,2.445653,-1.235317,2.173065,1.729830
28.601500,4.990000,0.978000,4.450000,,,,,,
28.635600,4.990000,0.978000,4.450000,,,,,,
28.643700,,,,0.691883,2.342366,2.445575,-1.242146,2.117784,1.656955
28.670500,4.990000,0.978000,4.450000,,,,,,
28.693800,,,,0.496021,2.380766,2.445513,-1.242146,2.117784,1.656955
28.704100,4.990000,0.978000,4.450000,,,,,,
28.738100,4.990000,0.978000,4.450000,,,,,,
28.744500,,,,0.295965,2.415523,2.452250,-1.242146,2.117784,1.656955
28.772300,4.990000,0.978000,4.450000,,,,,,
28.796300,,,,0.090129,2.436527,2.470291,-1.242146,2.117784,1.656955
28.806300,4.990000,0.978000,4.450000,,,,,,
28.840400,4.990000,0.978000,4.450000,,,,,,
28.848200,,,,-0.115104,2.433385,2.499923,-1.191873,2.149709,1.750365
28.874400,4.990000,0.978000,4.450000,,,,,,
28.899700,,,,-0.315373,2.406359,2.540754,-1.100376,2.207070,1.926148
28.908200,4.990000,0.978000,4.450000,,,,,,
28.943600,4.990000,0.978000,4.450000,,,,,,
28.949900,,,,-0.503281,2.365009,2.594718,-1.015177,2.259053,2.099333
28.978000,4.990000,0.978000,4.450000,,,,,,
29.000300,,,,-0.688561,2.315779,2.659677,-0.932926,2.305075,2.278461
29.012600,4.990000,0.978000,4.450000,,,,,,
29.047100,4.990000,0.978000,4.450000,,,,,,
29.052100,,,,-0.812212,2.280845,2.707361,-0.854459,2.340981,2.463579
29.082400,4.990000,0.978000,4.450000,,,,,,
29.104200,,,,-0.812212,2.280845,2.707361,-0.779768,2.362687,2.658775
29.117700,4.990000,0.978000,4.450000,,,,,,
29.153000,4.990000,0.978000,4.450000,,,,,,
29.155200,,,,-0.812212,2.280845,2.707361,-0.713652,2.365251,2.851938
29.186900,4.990000,0.978000,4.450000,,,,,,
29.205700,,,,-0.812212,2.280845,2.707361,-0.656744,2.347075,3.045232
29.221600,4.990000,0.978000,4.450000,,,,,,
29.256900,4.990000,0.978000,4.450000,-0.766946,2.332505,2.670425,-0.606956,2.307339,3.239463
29.290600,4.990000,0.978000,4.450000,,,,,,
29.309200,,,,-0.649017,2.453847,2.573843,-0.566438,2.247277,3.432722
29.324800,4.990000,0.978000,4.450000,,,,,,
29.360200,4.990000,0.978000,4.450000,-0.519828,2.476288,2.467964,-0.527201,2.172804,3.621713
29.395400,4.990000,0.978000,4.450000,,,,,,
29.411800,,,,-0.432054,2.405661,2.396026,-0.525621,2.169472,3.629254
29.429300,4.990000,0.978000,4.450000,,,,,,
29.463900,4.990000,0.978000,4.450000,-0.382202,2.346911,2.355169,-0.525621,2.169472,3.629254
29.498300,4.990000,0.978000,4.450000,,,,,,
29.514100,,,,-0.382202,2.346911,2.355169,-0.525621,2.169472,3.629254
29.533300,4.990000,0.978000,4.450000,,,,,,
29.565500,,,,-0.382202,2.346911,2.355169,-0.531236,2.171754,3.628602
29.567600,4.990000,0.978000,4.450000,,,,,,
29.602500,4.990000,0.978000,4.450000,,,,,,
29.616300,,,,-0.382202,2.346911,2.355169,-0.720296,2.245307,3.611527
29.635900,4.990000,0.978000,4.450000,,,,,,
29.667400,,,,-0.322362,2.364089,2.365597,-0.915751,2.302987,3.610380
29.669300,4.990000,0.978000,4.450000,,,,,,
29.702900,4.990000,0.978000,4.450000,,,,,,
29.717500,,,,-0.131662,2.414386,2.402682,-1.114358,2.318987,3.629214
29.738000,4.990000,0.978000,4.450000,,,,,,
29.767600,,,,0.059318,2.442588,2.453828,-1.309180,2.289902,3.662413
29.772000,4.990000,0.978000,4.450000,,,,,,
29.806600,4.990000,0.978000,4.450000,,,,,,
29.818100,,,,0.248250,2.417889,2.518359,-1.496019,2.235570,3.715991
29.841800,4.990000,0.978000,4.450000,,,,,,
29.869100,,,,0.422454,2.340959,2.588830,-1.670592,2.175730,3.781540
29.877000,4.990000,0.978000,4.450000,,,,,,
29.911800,4.990000,0.978000,4.450000,,,,,,
29.919800,,,,0.578175,2.237379,2.668722,-1.670592,2.175730,3.781540
29.946400,4.990000,0.978000,4.450000,,,,,,
29.970400,,,,0.703755,2.143051,2.736067,-1.670592,2.175730,3.781540
29.980500,4.990000,0.978000,4.450000,,,,,,
30.014900,4.990000,0.978000,4.450000,,,,,,
30.021100,,,,0.703755,2.143051,2.736067,-1.670592,2.175730,3.781540
30.048300,4.990000,0.978000,4.450000,,,,,,
30.073000,,,,0.703755,2.143051,2.736067,-1.664971,2.181170,3.765954
30.083700,4.990000,0.978000,4.450000,,,,,,
30.117600,4.990000,0.978000,4.450000,,,,,,
30.123900,,,,0.703755,2.143051,2.736067,-1.599691,2.244490,3.582274
30.151200,4.990000,0.978000,4.450000,,,,,,
30.174400,,,,0.668069,2.157019,2.745364,-1.538446,2.304499,3.401256
30.185100,4.990000,0.978000,4.450000,,,,,,
30.219400,4.990000,0.978000,4.450000,,,,,,
30.225600,,,,0.480381,2.228446,2.793921,-1.478329,2.361521,3.212003
30.253900,4.990000,0.978000,4.450000,,,,,,
30.276300,,,,0.293887,2.293981,2.840068,-1.419538,2.408054,3.023387
30.289200,4.990000,0.978000,4.450000,,,,,,
30.322700,4.990000,0.978000,4.450000,,,,,,
30.326900,,,,0.104618,2.348398,2.883453,-1.363007,2.440486,2.832552
30.356600,4.990000,0.978000,4.450000,,,,,,
30.378100,,,,-0.092864,2.384579,2.927345,-1.303046,2.456426,2.636585
30.390100,4.990000,0.978000,4.450000,,,,,,
30.423700,4.990000,0.978000,4.450000,,,,,,
30.429900,,,,-0.296009,2.395462,2.965135,-1.241614,2.454297,2.438888
30.458700,4.990000,0.978000,4.450000,,,,,,
30.480500,,,,-0.494109,2.380866,2.993374,-1.182020,2.436156,2.248091
30.493400,4.990000,0.978000,4.450000,,,,,,
30.528000,4.990000,0.978000,4.450000,,,,,,
30.532400,,,,-0.697202,2.344407,3.016333,-1.120763,2.403821,2.052322
30.563100,4.990000,0.978000,4.450000,,,,,,
30.583400,,,,-0.896184,2.293762,3.031610,-1.079804,2.376003,1.920948
30.597400,4.990000,0.978000,4.450000,,,,,,
30.631200,4.990000,0.978000,4.450000,,,,,,
30.635100,,,,-0.987342,2.267243,3.035617,-1.079804,2.376003,1.920948
30.664700,4.990000,0.978000,4.450000,,,,,,
30.686400,,,,-0.987342,2.267243,3.035617,-1.079804,2.376003,1.920948
30.698200,4.990000,0.978000,4.450000,,,,,,
30.736400,4.990000,0.978000,4.450000,-0.987342,2.267243,3.035617,-1.079804,2.376003,1.920948
30.772100,4.990000,0.978000,4.450000,,,,,,
30.786800,,,,-0.987342,2.267243,3.035617,-1.054693,2.392219,1.991251
30.805700,4.990000,0.978000,4.450000,,,,,,
30.838700,,,,-0.876100,2.298623,3.000360,-0.983299,2.435367,2.181276
30.840800,4.990000,0.978000,4.450000,,,,,,
30.878000,4.990000,0.978000,4.450000,,,,,,
30.889900,,,,-0.683614,2.344633,2.944691,-0.905449,2.475152,2.367394
30.911800,4.990000,0.978000,4.450000,,,,,,
30.940400,,,,-0.488153,2.362651,2.898513,-0.820553,2.505311,2.548112
30.946200,4.990000,0.978000,4.450000,,,,,,
30.981300,4.990000,0.978000,4.450000,,,,,,
30.990500,,,,-0.294743,2.336869,2.859884,-0.727201,2.518307,2.723652
31.015300,4.990000,0.978000,4.450000,,,,,,
31.041700,,,,-0.104186,2.269371,2.827399,-0.620610,2.508515,2.898316
31.050300,4.990000,0.978000,4.450000,,,,,,
31.084700,4.990000,0.978000,4.450000,,,,,,
31.093500,,,,0.077270,2.175561,2.792058,-0.503372,2.475457,3.066028
31.119200,4.990000,0.978000,4.450000,,,,,,
31.145000,,,,0.174194,2.119588,2.771034,-0.377090,2.424958,3.220381
31.153700,4.990000,0.978000,4.450000,,,,,,
31.190900,4.990000,0.978000,4.450000,,,,,,
31.195600,,,,0.174194,2.119588,2.771034,-0.250059,2.363154,3.365288
31.224400,4.990000,0.978000,4.450000,,,,,,
31.247600,,,,0.174194,2.119588,2.771034,-0.233976,2.354783,3.383771
31.258800,4.990000,0.978000,4.450000,,,,,,
31.293600,4.990000,0.978000,4.450000,,,,,,
31.297600,,,,0.174194,2.119588,2.771034,-0.233976,2.354783,3.383771
31.328700,4.990000,0.978000,4.450000,,,,,,
31.353600,,,,0.236000,2.177836,2.798359,-0.233976,2.354783,3.383771
31.362300,4.990000,0.978000,4.450000,,,,,,
31.396600,4.990000,0.978000,4.450000,,,,,,
31.405600,,,,0.398684,2.315658,2.863858,-0.241085,2.357133,3.384293
31.431600,4.990000,0.978000,4.450000,,,,,,
31.457100,,,,0.582018,2.386629,2.918685,-0.436878,2.419590,3.401499
31.465800,4.990000,0.978000,4.450000,,,,,,
31.499700,4.990000,0.978000,4.450000,,,,,,
31.508600,,,,0.768249,2.367007,2.954677,-0.634297,2.471256,3.428011
31.533600,4.990000,0.978000,4.450000,,,,,,
31.560600,,,,0.916533,2.326592,2.960198,-0.836529,2.487347,3.473418
31.568800,4.990000,0.978000,4.450000,,,,,,
31.603600,4.990000,0.978000,4.450000,,,,,,
31.612000,,,,0.937027,2.320789,2.959336,-1.027626,2.446809,3.532069
31.638700,4.990000,0.978000,4.450000,,,,,,
31.663200,,,,0.937027,2.320789,2.959336,-1.199337,2.359817,3.604015
31.674800,4.990000,0.978000,4.450000,,,,,,
31.709600,4.990000,0.978000,4.450000,,,,,,
31.713800,,,,0.937027,2.320789,2.959336,-1.351002,2.253529,3.663838
31.743000,4.990000,0.978000,4.450000,,,,,,
31.764900,,,,0.937027,2.320789,2.959336,-1.384040,2.226377,3.677516
31.777600,4.990000,0.978000,4.450000,,,,,,
31.811900,4.990000,0.978000,4.450000,,,,,,
31.815800,,,,0.757523,2.348392,2.912550,-1.384040,2.226377,3.677516
31.846500,4.990000,0.978000,4.450000,,,,,,
31.866300,,,,0.564829,2.376968,2.859892,-1.384040,2.226377,3.677516
31.880400,4.990000,0.978000,4.450000,,,,,,
31.914600,4.990000,0.978000,4.450000,,,,,,
31.916600,,,,0.373206,2.403829,2.804618,-1.384040,2.226377,3.677516
31.949700,4.990000,0.978000,4.450000,,,,,,
31.968600,,,,0.176518,2.427902,2.744526,-1.313119,2.260080,3.542639
31.984500,4.990000,0.978000,4.450000,,,,,,
32.019600,4.990000,0.978000,4.450000,-0.016264,2.446022,2.685557,-1.215719,2.300723,3.369934
32.054400,4.990000,0.978000,4.450000,,,,,,
32.071600,,,,-0.215536,2.457113,2.625407,-1.104489,2.333568,3.196808
32.088600,4.990000,0.978000,4.450000,,,,,,
32.123300,4.990000,0.978000,4.450000,-0.411690,2.459027,2.566651,-0.983677,2.347369,3.032187
32.158100,4.990000,0.978000,4.450000,,,,,,
32.174500,,,,-0.610736,2.451235,2.507299,-0.850539,2.335713,2.873238
32.191700,4.990000,0.978000,4.450000,,,,,,
32.226300,4.990000,0.978000,4.450000,-0.809316,2.433701,2.449733,-0.708140,2.299407,2.726901
32.260700,4.990000,0.978000,4.450000,,,,,,
32.277800,,,,-1.006065,2.406031,2.395429,-0.561332,2.245373,2.593032
32.295800,4.990000,0.978000,4.450000,,,,,,
32.328100,,,,-1.197399,2.369910,2.345521,-0.410814,2.181354,2.476233
32.330200,4.990000,0.978000,4.450000,,,,,,
32.365300,4.990000,0.978000,4.450000,,,,,,
32.380100,,,,-1.396087,2.325045,2.301593,-0.351109,2.156102,2.433778
32.399300,4.990000,0.978000,4.450000,,,,,,
32.431200,,,,-1.445728,2.312894,2.292634,-0.351109,2.156102,2.433778
32.433300,4.990000,0.978000,4.450000,,,,,,
32.467900,4.990000,0.978000,4.450000,,,,,,
32.482900,,,,-1.445728,2.312894,2.292634,-0.351109,2.156102,2.433778
32.503100,4.990000,0.978000,4.450000,,,,,,
32.533800,,,,-1.445728,2.312894,2.292634,-0.351109,2.156102,2.433778
32.537900,4.990000,0.978000,4.450000,,,,,,
32.572200,4.990000,0.978000,4.450000,,,,,,
32.584200,,,,-1.445728,2.312894,2.292634,-0.319635,2.202539,2.565793
32.607100,4.990000,0.978000,4.450000,,,,,,
32.635700,,,,-1.329517,2.372477,2.391310,-0.271100,2.263173,2.756660
32.641700,4.990000,0.978000,4.450000,,,,,,
32.679400,4.990000,0.978000,4.450000,,,,,,
32.687400,,,,-1.185878,2.440986,2.523455,-0.212151,2.305658,2.950197
32.713700,4.990000,0.978000,4.450000,,,,,,
32.738700,,,,-1.046494,2.486560,2.666611,-0.139663,2.314832,3.141602
32.748600,4.990000,0.978000,4.450000,,,,,,
32.782200,4.990000,0.978000,4.450000,,,,,,
32.790000,,,,-0.910039,2.492097,2.819822,-0.058454,2.286734,3.328127
32.816200,4.990000,0.978000,4.450000,,,,,,
32.840100,,,,-0.784004,2.459589,2.971638,0.028733,2.232090,3.499700
32.851600,4.990000,0.978000,4.450000,,,,,,
32.885900,4.990000,0.978000,4.450000,,,,,,
32.892400,,,,-0.662545,2.401028,3.129388,0.130209,2.158028,3.664857
32.920700,4.990000,0.978000,4.450000,,,,,,
32.943500,,,,-0.557392,2.337633,3.271114,0.163992,2.132554,3.715807
32.954800,4.990000,0.978000,4.450000,,,,,,
32.988400,4.990000,0.978000,4.450000,,,,,,
32.995300,,,,-0.557392,2.337633,3.271114,0.163992,2.132554,3.715807
33.022000,4.990000,0.978000,4.450000,,,,,,
33.045300,,,,-0.557392,2.337633,3.271114,0.163992,2.132554,3.715807
33.056500,4.990000,0.978000,4.450000,,,,,,
33.090900,4.990000,0.978000,4.450000,,,,,,
33.097200,,,,-0.557392,2.337633,3.271114,0.163992,2.132554,3.715807
33.125300,4.990000,0.978000,4.450000,,,,,,
33.147800,,,,-0.530505,2.343635,3.254421,0.033746,2.201965,3.737119
33.159300,4.990000,0.978000,4.450000,,,,,,
33.193900,4.990000,0.978000,4.450000,,,,,,
33.198200,,,,-0.362497,2.378733,3.150113,-0.144602,2.289683,3.765643
33.228000,4.990000,0.978000,4.450000,,,,,,
33.249700,,,,-0.188103,2.406731,3.042472,-0.342319,2.343848,3.787387
33.262000,4.990000,0.978000,4.450000,,,,,,
33.296800,4.990000,0.978000,4.450000,,,,,,
33.300900,,,,-0.013903,2.415368,2.936325,-0.545333,2.335515,3.799917
33.331300,4.990000,0.978000,4.450000,,,,,,
33.353400,,,,0.162030,2.395111,2.828692,-0.747529,2.289549,3.798685
33.366100,4.990000,0.978000,4.450000,,,,,,
33.400200,4.990000,0.978000,4.450000,,,,,,
33.404600,,,,0.334212,2.347516,2.724126,-0.896751,2.253974,3.796008
33.434700,4.990000,0.978000,4.450000,,,,,,
33.456100,,,,0.500527,2.278155,2.624055,-0.896751,2.253974,3.796008
33.468600,4.990000,0.978000,4.450000,,,,,,
33.503500,4.990000,0.978000,4.450000,,,,,,
33.507600,,,,0.660617,2.191886,2.526668,-0.896751,2.253974,3.796008
33.537800,4.990000,0.978000,4.450000,,,,,,
33.558400,,,,0.751577,2.138167,2.471025,-0.896751,2.253974,3.796008
33.575900,4.990000,0.978000,4.450000,,,,,,
33.610100,4.990000,0.978000,4.450000,0.751577,2.138167,2.471025,-0.854977,2.274716,3.767173
33.644300,4.990000,0.978000,4.450000,,,,,,
33.660500,,,,0.751577,2.138167,2.471025,-0.700791,2.348979,3.660792
33.678200,4.990000,0.978000,4.450000,,,,,,
33.712500,4.990000,0.978000,4.450000,0.751577,2.138167,2.471025,-0.539658,2.417350,3.549840
33.749800,4.990000,0.978000,4.450000,,,,,,
33.762600,,,,0.675118,2.177094,2.509731,-0.378676,2.462999,3.438714
33.785000,4.990000,0.978000,4.450000,,,,,,
33.813000,,,,0.511702,2.256912,2.596992,-0.213342,2.475364,3.324296
33.819500,4.990000,0.978000,4.450000,,,,,,
33.853300,4.990000,0.978000,4.450000,,,,,,
33.863200,,,,0.349435,2.318544,2.697205,-0.052650,2.449858,3.207332
33.887400,4.990000,0.978000,4.450000,,,,,,
33.913600,,,,0.185931,2.334450,2.811685,0.098221,2.392385,3.087945
33.922900,4.990000,0.978000,4.450000,,,,,,
33.957700,4.990000,0.978000,4.450000,,,,,,
33.964700,,,,0.020953,2.295332,2.924344,0.232458,2.324814,2.980373
33.991900,4.990000,0.978000,4.450000,,,,,,
34.015000,,,,-0.134894,2.216421,3.024845,0.232458,2.324814,2.980373
34.026000,4.990000,0.978000,4.450000,,,,,,
34.061200,4.990000,0.978000,4.450000,,,,,,
34.065600,,,,-0.236688,2.150719,3.090230,0.232458,2.324814,2.980373
34.094800,4.990000,0.978000,4.450000,,,,,,
34.116500,,,,-0.236688,2.150719,3.090230,0.232458,2.324814,2.980373
34.129900,4.990000,0.978000,4.450000,,,,,,
34.163900,4.990000,0.978000,4.450000,,,,,,
34.168000,,,,-0.236688,2.150719,3.090230,0.244980,2.335072,2.995373
34.198600,4.990000,0.978000,4.450000,,,,,,
34.218100,,,,-0.236688,2.150719,3.090230,0.361733,2.426314,3.130424
34.232200,4.990000,0.978000,4.450000,,,,,,
34.266600,4.990000,0.978000,4.450000,,,,,,
34.268900,,,,-0.215826,2.171890,3.126004,0.494340,2.490255,3.258540
34.300200,4.990000,0.978000,4.450000,,,,,,
34.319700,,,,-0.123179,2.261155,3.284206,0.647795,2.474584,3.385477
34.334500,4.990000,0.978000,4.450000,,,,,,
34.369900,4.990000,0.978000,4.450000,-0.033178,2.309541,3.437791,0.774298,2.411690,3.471276
34.403600,4.990000,0.978000,4.450000,,,,,,
34.421600,,,,0.064308,2.273101,3.602558,0.879595,2.346769,3.531917
34.438300,4.990000,0.978000,4.450000,,,,,,
34.473100,4.990000,0.978000,4.450000,0.138318,2.204616,3.713508,0.879595,2.346769,3.531917
34.507900,4.990000,0.978000,4.450000,,,,,,
34.524300,,,,0.176764,2.160737,3.777087,0.879595,2.346769,3.531917
34.542900,4.990000,0.978000,4.450000,,,,,,
34.575400,,,,0.176764,2.160737,3.777087,0.879595,2.346769,3.531917
34.577600,4.990000,0.978000,4.450000,,,,,,
34.612800,4.990000,0.978000,4.450000,,,,,,
34.627300,,,,0.176764,2.160737,3.777087,0.856029,2.352183,3.534111
34.648000,4.990000,0.978000,4.450000,,,,,,
34.678500,,,,0.176764,2.160737,3.777087,0.656329,2.396397,3.551625
34.682400,4.990000,0.978000,4.450000,,,,,,
34.716700,4.990000,0.978000,4.450000,,,,,,
34.728800,,,,0.201373,2.196828,3.710683,0.460286,2.435528,3.566140
34.751000,4.990000,0.978000,4.450000,,,,,,
34.779500,,,,0.262148,2.286752,3.538504,0.259438,2.466325,3.577424
34.785600,4.990000,0.978000,4.450000,,,,,,
34.820900,4.990000,0.978000,4.450000,,,,,,
34.831200,,,,0.318325,2.366550,3.357637,0.054557,2.481279,3.583943
34.854500,4.990000,0.978000,4.450000,,,,,,
34.882700,,,,0.368122,2.419932,3.164237,-0.152150,2.473629,3.586097
34.888900,4.990000,0.978000,4.450000,,,,,,
34.923400,4.990000,0.978000,4.450000,,,,,,
34.934800,,,,0.414091,2.436029,2.962973,-0.356552,2.439860,3.582648
34.958200,4.990000,0.978000,4.450000,,,,,,
34.986500,,,,0.453385,2.420823,2.760241,-0.555112,2.381339,3.576071
34.992800,4.990000,0.978000,4.450000,,,,,,
35.028100,4.990000,0.978000,4.450000,,,,,,
35.036600,,,,0.482662,2.388700,2.564272,-0.742421,2.309191,3.576061
35.063600,4.990000,0.978000,4.450000,,,,,,
35.087300,,,,0.491518,2.375863,2.497587,-0.926450,2.224724,3.571818
35.098400,4.990000,0.978000,4.450000,,,,,,
35.133400,4.990000,0.978000,4.450000,,,,,,
35.137600,,,,0.491518,2.375863,2.497587,-0.949950,2.213010,3.569882
35.168200,4.990000,0.978000,4.450000,,,,,,
35.189500,,,,0.491518,2.375863,2.497587,-0.949950,2.213010,3.569882
35.202100,4.990000,0.978000,4.450000,,,,,,
35.236800,4.990000,0.978000,4.450000,,,,,,
35.240700,,,,0.491518,2.375863,2.497587,-0.949950,2.213010,3.569882
35.272000,4.990000,0.978000,4.450000,,,,,,
35.291100,,,,0.364628,2.407176,2.554066,-0.949950,2.213010,3.569882
35.306000,4.990000,0.978000,4.450000,,,,,,
35.341400,4.990000,0.978000,4.450000,0.183638,2.449299,2.632558,-0.787356,2.273739,3.518627
35.375100,4.990000,0.978000,4.450000,,,,,,
35.393900,,,,0.006118,2.481496,2.705702,-0.608590,2.326921,3.463271
35.408900,4.990000,0.978000,4.450000,,,,,,
35.442600,4.990000,0.978000,4.450000,,,,,,
35.444700,,,,-0.200482,2.493050,2.777312,-0.403362,2.324028,3.399648
35.477500,4.990000,0.978000,4.450000,,,,,,
35.496000,,,,-0.396141,2.470686,2.834622,-0.236759,2.257639,3.346992
35.512400,4.990000,0.978000,4.450000,,,,,,
35.547700,4.990000,0.978000,4.450000,-0.589364,2.416707,2.883457,-0.120120,2.179800,3.302377
35.581200,4.990000,0.978000,4.450000,,,,,,
35.599200,,,,-0.775995,2.342927,2.929727,-0.077090,2.145204,3.275588
35.615600,4.990000,0.978000,4.450000,,,,,,
35.650000,4.990000,0.978000,4.450000,-0.857799,2.305746,2.940618,-0.077090,2.145204,3.275588
35.684100,4.990000,0.978000,4.450000,,,,,,
35.700100,,,,-0.857799,2.305746,2.940618,-0.077090,2.145204,3.275588
35.717700,4.990000,0.978000,4.450000,,,,,,
35.751200,4.990000,0.978000,4.450000,-0.857799,2.305746,2.940618,-0.077090,2.145204,3.275588
35.785700,4.990000,0.978000,4.450000,,,,,,
35.802000,,,,-0.857799,2.305746,2.940618,0.034025,2.189499,3.280323
35.820200,4.990000,0.978000,4.450000,,,,,,
35.854100,4.990000,0.978000,4.450000,-0.780461,2.341493,2.996163,0.228809,2.259499,3.288622
35.889100,4.990000,0.978000,4.450000,,,,,,
35.905000,,,,-0.622515,2.409155,3.105069,0.427402,2.301031,3.296951
35.922900,4.990000,0.978000,4.450000,,,,,,
35.955500,,,,-0.459919,2.462296,3.210596,0.627216,2.288347,3.304458
35.957700,4.990000,0.978000,4.450000,,,,,,
35.991300,4.990000,0.978000,4.450000,,,,,,
36.005800,,,,-0.290691,2.484374,3.320518,0.819389,2.223556,3.312168
36.025000,4.990000,0.978000,4.450000,,,,,,
36.057400,,,,-0.119305,2.462315,3.433120,0.988671,2.135704,3.319021
36.063100,4.990000,0.978000,4.450000,,,,,,
36.097300,4.990000,0.978000,4.450000,,,,,,
36.107900,,,,0.041784,2.402415,3.537902,1.042934,2.104226,3.320806
36.133000,4.990000,0.978000,4.450000,,,,,,
36.159600,,,,0.198459,2.315420,3.640624,1.042934,2.104226,3.320806
36.167700,4.990000,0.978000,4.450000,,,,,,
36.201300,4.990000,0.978000,4.450000,,,,,,
36.211500,,,,0.247462,2.284405,3.672773,1.042934,2.104226,3.320806
36.237100,4.990000,0.978000,4.450000,,,,,,
36.263200,,,,0.247462,2.284405,3.672773,1.042934,2.104226,3.320806
36.272000,4.990000,0.978000,4.450000,,,,,,
36.306200,4.990000,0.978000,4.450000,,,,,,
36.314700,,,,0.247462,2.284405,3.672773,0.910860,2.142781,3.329580
36.340000,4.990000,0.978000,4.450000,,,,,,
36.366600,,,,0.247462,2.284405,3.672773,0.711627,2.200009,3.342815
36.375300,4.990000,0.978000,4.450000,,,,,,
36.409200,4.990000,0.978000,4.450000,,,,,,
36.416800,,,,0.266266,2.316252,3.534913,0.531577,2.249766,3.354776
36.443800,4.990000,0.978000,4.450000,,,,,,
36.468800,,,,0.296331,2.359580,3.319531,0.316664,2.302628,3.368794
36.477200,4.990000,0.978000,4.450000,,,,,,
36.511200,4.990000,0.978000,4.450000,,,,,,
36.519100,,,,0.328659,2.375015,3.121749,0.119432,2.340609,3.381739
36.544700,4.990000,0.978000,4.450000,,,,,,
36.569300,,,,0.367650,2.344584,2.927624,-0.079419,2.365664,3.394814
36.579400,4.990000,0.978000,4.450000,,,,,,
36.613100,4.990000,0.978000,4.450000,,,,,,
36.621100,,,,0.416113,2.264869,2.745254,-0.285227,2.376582,3.408034
36.646700,4.990000,0.978000,4.450000,,,,,,
36.672700,,,,0.461379,2.175425,2.616228,-0.491262,2.373196,3.421352
36.680800,4.990000,0.978000,4.450000,,,,,,
36.714600,4.990000,0.978000,4.450000,,,,,,
36.722700,,,,0.495559,2.104102,2.535748,-0.690167,2.358550,3.434379
36.748100,4.990000,0.978000,4.450000,,,,,,
36.773100,,,,0.495559,2.104102,2.535748,-0.890172,2.335291,3.448887
36.783300,4.990000,0.978000,4.450000,,,,,,
36.817600,4.990000,0.978000,4.450000,,,,,,
36.823700,,,,0.495559,2.104102,2.535748,-0.954567,2.326515,3.454028
36.852100,4.990000,0.978000,4.450000,,,,,,
36.875400,,,,0.495559,2.104102,2.535748,-0.954567,2.326515,3.454028
36.886900,4.990000,0.978000,4.450000,,,,,,
36.922300,4.990000,0.978000,4.450000,,,,,,
36.926600,,,,0.455500,2.119041,2.529378,-0.954567,2.326515,3.454028
36.955900,4.990000,0.978000,4.450000,,,,,,
36.977000,,,,0.267623,2.186492,2.500785,-0.954567,2.326515,3.454028
36.989400,4.990000,0.978000,4.450000,,,,,,
37.023300,4.990000,0.978000,4.450000,,,,,,
37.027500,,,,0.077629,2.247473,2.472182,-0.881183,2.388124,3.349968
37.058200,4.990000,0.978000,4.450000,,,,,,
37.079100,,,,-0.121299,2.294759,2.442374,-0.773033,2.464346,3.191382
37.092100,4.990000,0.978000,4.450000,,,,,,
37.127100,4.990000,0.978000,4.450000,,,,,,
37.129400,,,,-0.317846,2.316461,2.411795,-0.664112,2.492891,3.026741
37.162500,4.990000,0.978000,4.450000,,,,,,
37.181200,,,,-0.523452,2.306911,2.379136,-0.554828,2.458522,2.853213
37.195900,4.990000,0.978000,4.450000,,,,,,
37.231200,4.990000,0.978000,4.450000,,,,,,
37.233400,,,,-0.724858,2.267029,2.347931,-0.452660,2.384169,2.688399
37.265800,4.990000,0.978000,4.450000,,,,,,
37.285200,,,,-0.920342,2.204975,2.317812,-0.362023,2.304293,2.540791
37.300300,4.990000,0.978000,4.450000,,,,,,
37.335000,4.990000,0.978000,4.450000,,,,,,
37.337100,,,,-1.056236,2.152156,2.296981,-0.362023,2.304293,2.540791
37.369200,4.990000,0.978000,4.450000,,,,,,
37.388300,,,,-1.056236,2.152156,2.296981,-0.362023,2.304293,2.540791
37.404400,4.990000,0.978000,4.450000,,,,,,
37.439300,4.990000,0.978000,4.450000,-1.056236,2.152156,2.296981,-0.362023,2.304293,2.540791
37.473600,4.990000,0.978000,4.450000,,,,,,
37.489400,,,,-1.056236,2.152156,2.296981,-0.345149,2.314033,2.564660
37.509400,4.990000,0.978000,4.450000,,,,,,
37.539400,,,,-1.031793,2.176811,2.349165,-0.237378,2.376097,2.721589
37.543300,4.990000,0.978000,4.450000,,,,,,
37.577700,4.990000,0.978000,4.450000,,,,,,
37.589400,,,,-0.953250,2.253221,2.516514,-0.134402,2.433650,2.883106
37.612900,4.990000,0.978000,4.450000,,,,,,
37.644300,,,,-0.867945,2.314099,2.693389,-0.035856,2.480562,3.057570
37.646300,4.990000,0.978000,4.450000,,,,,,
37.680400,4.990000,0.978000,4.450000,,,,,,
37.694700,,,,-0.766181,2.323997,2.881571,0.060245,2.505268,3.248098
37.714700,4.990000,0.978000,4.450000,,,,,,
37.745000,,,,-0.656620,2.283716,3.045131,0.145536,2.499600,3.430203
37.749100,4.990000,0.978000,4.450000,,,,,,
37.784200,4.990000,0.978000,4.450000,,,,,,
37.795600,,,,-0.531716,2.222399,3.185040,0.222335,2.467514,3.612658
37.818300,4.990000,0.978000,4.450000,,,,,,
37.847100,,,,-0.483800,2.199397,3.232992,0.286594,2.413646,3.801944
37.851700,4.990000,0.978000,4.450000,,,,,,
37.887100,4.990000,0.978000,4.450000,,,,,,
37.898400,,,,-0.483800,2.199397,3.232992,0.324812,2.365929,3.939408
37.920800,4.990000,0.978000,4.450000,,,,,,
37.949900,,,,-0.483800,2.199397,3.232992,0.324812,2.365929,3.939408
37.955500,4.990000,0.978000,4.450000,,,,,,
37.990200,4.990000,0.978000,4.450000,,,,,,
38.000600,,,,-0.483800,2.199397,3.232992,0.324812,2.365929,3.939408
38.023800,4.990000,0.978000,4.450000,,,,,,
38.052100,,,,-0.387823,2.259577,3.178751,0.324812,2.365929,3.939408
38.058400,4.990000,0.978000,4.450000,,,,,,
38.092800,4.990000,0.978000,4.450000,,,,,,
38.103700,,,,-0.226126,2.355515,3.087366,0.258098,2.381071,3.932640
38.126900,4.990000,0.978000,4.450000,,,,,,
38.154600,,,,-0.060973,2.428817,2.994030,0.059690,2.422216,3.912512
38.161400,4.990000,0.978000,4.450000,,,,,,
38.196500,4.990000,0.978000,4.450000,,,,,,
38.206600,,,,0.118300,2.454890,2.892713,-0.145439,2.451182,3.891702
38.231800,4.990000,0.978000,4.450000,,,,,,
38.257700,,,,0.293463,2.425286,2.793719,-0.348001,2.451004,3.871153
38.266000,4.990000,0.978000,4.450000,,,,,,
38.300600,4.990000,0.978000,4.450000,,,,,,
38.309400,,,,0.446030,2.365456,2.707496,-0.550126,2.412128,3.849963
38.335300,4.990000,0.978000,4.450000,,,,,,
38.360500,,,,0.479208,2.350236,2.688745,-0.737203,2.341429,3.830706
38.369100,4.990000,0.978000,4.450000,,,,,,
38.403900,4.990000,0.978000,4.450000,,,,,,
38.412200,,,,0.479208,2.350236,2.688745,-0.921654,2.244673,3.811791
38.438400,4.990000,0.978000,4.450000,,,,,,
38.463100,,,,0.479208,2.350236,2.688745,-1.074284,2.151433,3.796143
38.472000,4.990000,0.978000,4.450000,,,,,,
38.507000,4.990000,0.978000,4.450000,,,,,,
38.515100,,,,0.479208,2.350236,2.688745,-1.074284,2.151433,3.796143
38.541200,4.990000,0.978000,4.450000,,,,,,
38.566300,,,,0.353432,2.398735,2.596589,-1.074284,2.151433,3.796143
38.574700,4.990000,0.978000,4.450000,,,,,,
38.608300,4.990000,0.978000,4.450000,,,,,,
38.616400,,,,0.197757,2.452428,2.481514,-1.074284,2.151433,3.796143
38.642900,4.990000,0.978000,4.450000,,,,,,
38.667000,,,,0.037723,2.485501,2.363274,-1.053361,2.162045,3.764801
38.677300,4.990000,0.978000,4.450000,,,,,,
38.711700,4.990000,0.978000,4.450000,,,,,,
38.717700,,,,-0.127064,2.485304,2.245718,-0.944920,2.216135,3.602362
38.746200,4.990000,0.978000,4.450000,,,,,,
38.768600,,,,-0.292670,2.456388,2.131222,-0.835678,2.267599,3.438561
38.780600,4.990000,0.978000,4.450000,,,,,,
38.814800,4.990000,0.978000,4.450000,,,,,,
38.819000,,,,-0.455859,2.410116,2.023164,-0.726719,2.310159,3.274945
38.849700,4.990000,0.978000,4.450000,,,,,,
38.870000,,,,-0.612705,2.355294,1.920970,-0.614865,2.337313,3.107092
38.883400,4.990000,0.978000,4.450000,,,,,,
38.916800,4.990000,0.978000,4.450000,,,,,,
38.921000,,,,-0.612705,2.355294,1.920970,-0.501697,2.343255,2.936588
38.950600,4.990000,0.978000,4.450000,,,,,,
38.972600,,,,-0.612705,2.355294,1.920970,-0.390253,2.325685,2.765505
38.985100,4.990000,0.978000,4.450000,,,,,,
39.019400,4.990000,0.978000,4.450000,,,,,,
39.023600,,,,-0.612705,2.355294,1.920970,-0.283325,2.286707,2.594805
39.053800,4.990000,0.978000,4.450000,,,,,,
39.073600,,,,-0.609501,2.360492,1.936352,-0.186122,2.236266,2.427387
39.088400,4.990000,0.978000,4.450000,,,,,,
39.122600,4.990000,0.978000,4.450000,,,,,,
39.124800,,,,-0.570617,2.422576,2.127262,-0.175934,2.229785,2.406209
39.157300,4.990000,0.978000,4.450000,,,,,,
39.176600,,,,-0.530857,2.475595,2.323863,-0.175934,2.229785,2.406209
39.191100,4.990000,0.978000,4.450000,,,,,,
39.225700,4.990000,0.978000,4.450000,,,,,,
39.227800,,,,-0.490932,2.500748,2.522663,-0.175934,2.229785,2.406209
39.260500,4.990000,0.978000,4.450000,,,,,,
39.279600,,,,-0.455100,2.482118,2.724787,-0.175934,2.229785,2.406209
39.295100,4.990000,0.978000,4.450000,,,,,,
39.329800,4.990000,0.978000,4.450000,-0.440053,2.419774,2.915174,-0.139637,2.273306,2.579525
39.365200,4.990000,0.978000,4.450000,,,,,,
39.381500,,,,-0.445736,2.321239,3.097481,-0.092459,2.317762,2.776704
39.399800,4.990000,0.978000,4.450000,,,,,,
39.433000,,,,-0.456563,2.249949,3.207839,-0.035328,2.344358,2.972354
39.434900,4.990000,0.978000,4.450000,,,,,,
39.469000,4.990000,0.978000,4.450000,,,,,,
39.483200,,,,-0.456563,2.249949,3.207839,0.032830,2.337426,3.161037
39.503400,4.990000,0.978000,4.450000,,,,,,
39.533500,,,,-0.456563,2.249949,3.207839,0.112092,2.293697,3.340213
39.537600,4.990000,0.978000,4.450000,,,,,,
39.572400,4.990000,0.978000,4.450000,,,,,,
39.584200,,,,-0.456563,2.249949,3.207839,0.206367,2.223643,3.505440
39.606200,4.990000,0.978000,4.450000,,,,,,
39.636100,,,,-0.391631,2.277835,3.205741,0.316569,2.141200,3.660685
39.640300,4.990000,0.978000,4.450000,,,,,,
39.674700,4.990000,0.978000,4.450000,,,,,,
39.687100,,,,-0.215182,2.342220,3.195623,0.330157,2.132787,3.675264
39.709700,4.990000,0.978000,4.450000,,,,,,
39.738200,,,,-0.061381,2.328597,3.195597,0.330157,2.132787,3.675264
39.744100,4.990000,0.978000,4.450000,,,,,,
39.778100,4.990000,0.978000,4.450000,,,,,,
39.788600,,,,0.084322,2.226027,3.191128,0.330157,2.132787,3.675264
39.813100,4.990000,0.978000,4.450000,,,,,,
39.839100,,,,0.183315,2.123066,3.191154,0.330157,2.132787,3.675264
39.848200,4.990000,0.978000,4.450000,,,,,,
39.882500,4.990000,0.978000,4.450000,,,,,,
39.891500,,,,0.201568,2.103909,3.192774,0.157715,2.210951,3.656986
39.917400,4.990000,0.978000,4.450000,,,,,,
39.943100,,,,0.201568,2.103909,3.192774,-0.031312,2.292605,3.629832
39.951500,4.990000,0.978000,4.450000,,,,,,
39.986800,4.990000,0.978000,4.450000,,,,,,
39.995400,,,,0.201568,2.103909,3.192774,-0.221299,2.360644,3.594609
40.021400,4.990000,0.978000,4.450000,,,,,,
40.046500,,,,0.201568,2.103909,3.192774,-0.419786,2.404684,3.549097
40.055200,4.990000,0.978000,4.450000,,,,,,
40.089300,4.990000,0.978000,4.450000,,,,,,
40.098300,,,,0.072279,2.164099,3.068461,-0.618507,2.418611,3.495397
40.123900,4.990000,0.978000,4.450000,,,,,,
40.148700,,,,-0.067340,2.224241,2.934215,-0.813389,2.407625,3.440697
40.159000,4.990000,0.978000,4.450000,,,,,,
40.193200,4.990000,0.978000,4.450000,,,,,,
40.199600,,,,-0.209117,2.274795,2.798204,-1.008035,2.377702,3.392024
40.227500,4.990000,0.978000,4.450000,,,,,,
40.250800,,,,-0.354787,2.308661,2.658680,-1.082221,2.362826,3.374483
40.261800,4.990000,0.978000,4.450000,,,,,,
40.295600,4.990000,0.978000,4.450000,,,,,,
40.302000,,,,-0.502694,2.318986,2.516845,-1.082221,2.362826,3.374483
40.329600,4.990000,0.978000,4.450000,,,,,,
40.353700,,,,-0.650725,2.303473,2.375035,-1.082221,2.362826,3.374483
40.364000,4.990000,0.978000,4.450000,,,,,,
40.399300,4.990000,0.978000,4.450000,,,,,,
40.405400,,,,-0.803735,2.264857,2.240325,-1.082221,2.362826,3.374483
40.433800,4.990000,0.978000,4.450000,,,,,,
40.455400,,,,-0.947066,2.210843,2.111343,-1.064931,2.415979,3.245140
40.467200,4.990000,0.978000,4.450000,,,,,,
40.501100,4.990000,0.978000,4.450000,,,,,,
40.507100,,,,-1.058347,2.160364,2.008508,-1.052933,2.475747,3.047731
40.535700,4.990000,0.978000,4.450000,,,,,,
40.559700,,,,-1.058347,2.160364,2.008508,-1.062333,2.471807,2.852814
40.569800,4.990000,0.978000,4.450000,,,,,,
40.603200,4.990000,0.978000,4.450000,,,,,,
40.611600,,,,-1.058347,2.160364,2.008508,-1.093705,2.394228,2.649903
40.637900,4.990000,0.978000,4.450000,,,,,,
40.661600,,,,-1.058347,2.160364,2.008508,-1.144709,2.291100,2.484866
40.671500,4.990000,0.978000,4.450000,,,,,,
40.705000,4.990000,0.978000,4.450000,,,,,,
40.713000,,,,-1.038832,2.181843,2.063581,-1.173197,2.215853,2.390433
40.738700,4.990000,0.978000,4.450000,,,,,,
40.764500,,,,-0.974076,2.251152,2.246328,-1.173197,2.215853,2.390433
40.773500,4.990000,0.978000,4.450000,,,,,,
40.806900,4.990000,0.978000,4.450000,,,,,,
40.815100,,,,-0.909350,2.309469,2.428897,-1.173197,2.215853,2.390433
40.840600,4.990000,0.978000,4.450000,,,,,,
40.865400,,,,-0.841386,2.338263,2.614984,-1.173197,2.215853,2.390433
40.874300,4.990000,0.978000,4.450000,,,,,,
40.909100,4.990000,0.978000,4.450000,,,,,,
40.915500,,,,-0.764433,2.328181,2.799853,-1.099992,2.235897,2.399382
40.943300,4.990000,0.978000,4.450000,,,,,,
40.966800,,,,-0.683580,2.285996,2.983346,-0.903216,2.288601,2.422769
40.978100,4.990000,0.978000,4.450000,,,,,,
41.012300,4.990000,0.978000,4.450000,,,,,,
41.018800,,,,-0.610370,2.224624,3.167399,-0.703499,2.339739,2.445366
41.046100,4.990000,0.978000,4.450000,,,,,,
41.069600,,,,-0.600647,2.215935,3.192283,-0.506621,2.385746,2.466006
41.080200,4.990000,0.978000,4.450000,,,,,,
41.113600,4.990000,0.978000,4.450000,,,,,,
41.119900,,,,-0.600647,2.215935,3.192283,-0.309891,2.424504,2.484007
41.147100,4.990000,0.978000,4.450000,,,,,,
41.171700,,,,-0.600647,2.215935,3.192283,-0.106256,2.453820,2.502007
41.181000,4.990000,0.978000,4.450000,,,,,,
41.215400,4.990000,0.978000,4.450000,,,,,,
41.221900,,,,-0.600647,2.215935,3.192283,0.093797,2.468351,2.520199
41.249000,4.990000,0.978000,4.450000,,,,,,
41.272300,,,,-0.464263,2.312839,3.237869,0.293974,2.465309,2.536537
41.282700,4.990000,0.978000,4.450000,,,,,,
41.316100,4.990000,0.978000,4.450000,,,,,,
41.324200,,,,-0.292533,2.417113,3.294976,0.501205,2.441473,2.549353
41.351000,4.990000,0.978000,4.450000,,,,,,
41.376300,,,,-0.104684,2.459024,3.357445,0.700416,2.397560,2.552254
41.386300,4.990000,0.978000,4.450000,,,,,,
41.420200,4.990000,0.978000,4.450000,,,,,,
41.428200,,,,0.067139,2.417440,3.415435,0.901768,2.332459,2.544371
41.454800,4.990000,0.978000,4.450000,,,,,,
41.479500,,,,0.184054,2.358778,3.454488,1.049686,2.271369,2.529540
41.488200,4.990000,0.978000,4.450000,,,,,,
41.522900,4.990000,0.978000,4.450000,,,,,,
41.531000,,,,0.201691,2.348970,3.460380,1.049686,2.271369,2.529540
41.556800,4.990000,0.978000,4.450000,,,,,,
41.582900,,,,0.201691,2.348970,3.460380,1.049686,2.271369,2.529540
41.591000,4.990000,0.978000,4.450000,,,,,,
41.624800,4.990000,0.978000,4.450000,,,,,,
41.634700,,,,0.201691,2.348970,3.460380,1.049686,2.271369,2.529540
41.658400,4.990000,0.978000,4.450000,,,,,,
41.686100,,,,0.201691,2.348970,3.460380,0.992866,2.280901,2.554954
41.692400,4.990000,0.978000,4.450000,,,,,,
41.727300,4.990000,0.978000,4.450000,,,,,,
41.737800,,,,0.067020,2.386142,3.319585,0.805417,2.311075,2.638687
41.762000,4.990000,0.978000,4.450000,,,,,,
41.789600,,,,-0.073725,2.424121,3.171985,0.617300,2.339046,2.721550
41.796000,4.990000,0.978000,4.450000,,,,,,
41.829600,4.990000,0.978000,4.450000,,,,,,
41.841000,,,,-0.212094,2.459639,3.025200,0.430727,2.363182,2.802547
41.863000,4.990000,0.978000,4.450000,,,,,,
41.896300,,,,-0.349452,2.490075,2.877001,0.243767,2.381536,2.882957
41.898500,4.990000,0.978000,4.450000,,,,,,
41.932800,4.990000,0.978000,4.450000,,,,,,
41.947400,,,,-0.497641,2.512997,2.714045,0.039138,2.392356,2.966942
41.966900,4.990000,0.978000,4.450000,,,,,,
41.997900,,,,-0.632308,2.520778,2.563634,-0.149368,2.391423,3.039655
42.002300,4.990000,0.978000,4.450000,,,,,,
42.037400,4.990000,0.978000,4.450000,,,,,,
42.049500,,,,-0.769553,2.512611,2.409068,-0.344207,2.377434,3.107778
42.072900,4.990000,0.978000,4.450000,,,,,,
42.101000,,,,-0.906615,2.486554,2.258761,-0.539101,2.349334,3.165026
42.107200,4.990000,0.978000,4.450000,,,,,,
42.141200,4.990000,0.978000,4.450000,,,,,,
42.153000,,,,-1.048802,2.443104,2.112543,-0.739305,2.306787,3.204646
42.175900,4.990000,0.978000,4.450000,,,,,,
42.204500,,,,-1.187379,2.389762,1.970416,-0.936321,2.253153,3.227899
42.210700,4.990000,0.978000,4.450000,,,,,,
42.244700,4.990000,0.978000,4.450000,,,,,,
42.255700,,,,-1.260112,2.360790,1.892759,-1.130640,2.191283,3.232805
42.278800,4.990000,0.978000,4.450000,,,,,,
42.306500,,,,-1.260112,2.360790,1.892759,-1.267940,2.144876,3.222138
42.313100,4.990000,0.978000,4.450000,,,,,,
42.348500,4.990000,0.978000,4.450000,,,,,,
42.356600,,,,-1.260112,2.360790,1.892759,-1.267940,2.144876,3.222138
42.381800,4.990000,0.978000,4.450000,,,,,,
42.407200,,,,-1.260112,2.360790,1.892759,-1.267940,2.144876,3.222138
42.415500,4.990000,0.978000,4.450000,,,,,,
42.450600,4.990000,0.978000,4.450000,,,,,,
42.459000,,,,-1.163721,2.391762,1.925502,-1.267940,2.144876,3.222138
42.485200,4.990000,0.978000,4.450000,,,,,,
42.509500,,,,-0.977770,2.445172,1.983327,-1.218365,2.177698,3.240396
42.519800,4.990000,0.978000,4.450000,,,,,,
42.554500,4.990000,0.978000,4.450000,,,,,,
42.560600,,,,-0.785090,2.478819,2.041562,-1.054488,2.283294,3.301461
42.589600,4.990000,0.978000,4.450000,,,,,,
42.611800,,,,-0.589947,2.469495,2.099653,-0.884559,2.372409,3.370922
42.623600,4.990000,0.978000,4.450000,,,,,,
42.658400,4.990000,0.978000,4.450000,,,,,,
42.662500,,,,-0.403804,2.412232,2.155709,-0.707054,2.413571,3.458630
42.693300,4.990000,0.978000,4.450000,,,,,,
42.713700,,,,-0.228916,2.319766,2.208439,-0.533325,2.396024,3.564668
42.728000,4.990000,0.978000,4.450000,,,,,,
42.762400,4.990000,0.978000,4.450000,,,,,,
42.764300,,,,-0.065645,2.209912,2.257668,-0.407980,2.352145,3.662668
42.797800,4.990000,0.978000,4.450000,,,,,,
42.815500,,,,-0.059443,2.205490,2.259538,-0.379293,2.340804,3.685193
42.833100,4.990000,0.978000,4.450000,,,,,,
42.866100,,,,-0.059443,2.205490,2.259538,-0.379293,2.340804,3.685193
42.868300,4.990000,0.978000,4.450000,,,,,,
42.902500,4.990000,0.978000,4.450000,,,,,,
42.918000,,,,-0.059443,2.205490,2.259538,-0.379293,2.340804,3.685193
42.937000,4.990000,0.978000,4.450000,,,,,,
42.968700,,,,-0.057740,2.207343,2.265726,-0.379293,2.340804,3.685193
42.971100,4.990000,0.978000,4.450000,,,,,,
43.005600,4.990000,0.978000,4.450000,,,,,,
43.020800,,,,-0.003495,2.263323,2.458763,-0.276895,2.372717,3.560685
43.039900,4.990000,0.978000,4.450000,,,,,,
43.072600,,,,0.051191,2.310620,2.651607,-0.148742,2.410957,3.404001
43.074600,4.990000,0.978000,4.450000,,,,,,
43.108500,4.990000,0.978000,4.450000,,,,,,
43.122700,,,,0.107570,2.332667,2.844244,-0.023953,2.441821,3.247997
43.143000,4.990000,0.978000,4.450000,,,,,,
43.173700,,,,0.177425,2.315767,3.034504,0.099978,2.455544,3.086985
43.177600,4.990000,0.978000,4.450000,,,,,,
43.212900,4.990000,0.978000,4.450000,,,,,,
43.225400,,,,0.253501,2.262589,3.219203,0.220843,2.440346,2.919974
43.247700,4.990000,0.978000,4.450000,,,,,,
43.276400,,,,0.314887,2.187720,3.397803,0.334296,2.397145,2.757191
43.281800,4.990000,0.978000,4.450000,,,,,,
43.317100,4.990000,0.978000,4.450000,,,,,,
43.327300,,,,0.353209,2.136923,3.506231,0.445950,2.334975,2.597793
43.352600,4.990000,0.978000,4.450000,,,,,,
43.377400,,,,0.353209,2.136923,3.506231,0.554989,2.269390,2.450022
43.386400,4.990000,0.978000,4.450000,,,,,,
43.421200,4.990000,0.978000,4.450000,,,,,,
43.429300,,,,0.353209,2.136923,3.506231,0.557719,2.267936,2.446373
43.456100,4.990000,0.978000,4.450000,,,,,,
43.480000,,,,0.353209,2.136923,3.506231,0.557719,2.267936,2.446373
43.490300,4.990000,0.978000,4.450000,,,,,,
43.525200,4.990000,0.978000,4.450000,,,,,,
43.531400,,,,0.310050,2.160559,3.441126,0.557719,2.267936,2.446373
43.559900,4.990000,0.978000,4.450000,,,,,,
43.582800,,,,0.202600,2.217347,3.274603,0.550791,2.270473,2.446327
43.595000,4.990000,0.978000,4.450000,,,,,,
43.630500,4.990000,0.978000,4.450000,,,,,,
43.632900,,,,0.100379,2.264771,3.110410,0.363327,2.337620,2.442541
43.664900,4.990000,0.978000,4.450000,,,,,,
43.683500,,,,-0.000278,2.297451,2.936162,0.169864,2.401702,2.434407
43.700200,4.990000,0.978000,4.450000,,,,,,
43.734300,4.990000,0.978000,4.450000,-0.093911,2.305781,2.755765,-0.027015,2.452521,2.425897
43.769700,4.990000,0.978000,4.450000,,,,,,
43.786100,,,,-0.179304,2.286146,2.571572,-0.229062,2.479095,2.417357
43.803900,4.990000,0.978000,4.450000,,,,,,
43.837000,,,,-0.257361,2.242006,2.386082,-0.434716,2.473783,2.408703
43.838900,4.990000,0.978000,4.450000,,,,,,
43.872600,4.990000,0.978000,4.450000,,,,,,
43.888200,,,,-0.323373,2.184810,2.200414,-0.636454,2.437706,2.400219
43.906600,4.990000,0.978000,4.450000,,,,,,
43.938300,,,,-0.361504,2.137354,2.060037,-0.827539,2.379331,2.392184
43.940200,4.990000,0.978000,4.450000,,,,,,
43.975200,4.990000,0.978000,4.450000,,,,,,
43.989400,,,,-0.361504,2.137354,2.060037,-0.972796,2.323786,2.388104
44.010400,4.990000,0.978000,4.450000,,,,,,
44.039900,,,,-0.361504,2.137354,2.060037,-0.972796,2.323786,2.388104
44.043700,4.990000,0.978000,4.450000,,,,,,
44.078700,4.990000,0.978000,4.450000,,,,,,
44.090300,,,,-0.361504,2.137354,2.060037,-0.972796,2.323786,2.388104
44.113800,4.990000,0.978000,4.450000,,,,,,
44.141100,,,,-0.334689,2.177418,2.079832,-0.972796,2.323786,2.388104
44.148800,4.990000,0.978000,4.450000,,,,,,
44.183100,4.990000,0.978000,4.450000,,,,,,
44.192100,,,,-0.239897,2.312342,2.150612,-0.960488,2.334898,2.443278
44.217700,4.990000,0.978000,4.450000,,,,,,
44.243900,,,,-0.139882,2.341672,2.237803,-0.915922,2.372190,2.643050
44.251800,4.990000,0.978000,4.450000,,,,,,
44.285700,4.990000,0.978000,4.450000,,,,,,
44.295800,,,,-0.107276,2.282570,2.310669,-0.871134,2.400539,2.843817
44.320000,4.990000,0.978000,4.450000,,,,,,
44.346100,,,,-0.103496,2.254099,2.349789,-0.827310,2.408694,3.039577
44.354800,4.990000,0.978000,4.450000,,,,,,
44.389500,4.990000,0.978000,4.450000,,,,,,
44.396200,,,,-0.103496,2.254099,2.349789,-0.781868,2.388704,3.232918
44.423500,4.990000,0.978000,4.450000,,,,,,
44.446900,,,,-0.103496,2.254099,2.349789,-0.737389,2.339051,3.424988
44.457600,4.990000,0.978000,4.450000,,,,,,
44.491900,4.990000,0.978000,4.450000,,,,,,
44.498400,,,,-0.103496,2.254099,2.349789,-0.694695,2.265287,3.611944
44.526200,4.990000,0.978000,4.450000,,,,,,
44.550400,,,,-0.054501,2.300019,2.430850,-0.652109,2.175858,3.794998
44.561200,4.990000,0.978000,4.450000,,,,,,
44.595800,4.990000,0.978000,4.450000,,,,,,
44.602100,,,,0.043801,2.384103,2.591698,-0.631560,2.128752,3.884203
44.629500,4.990000,0.978000,4.450000,,,,,,
44.653100,,,,0.145870,2.447406,2.755244,-0.631560,2.128752,3.884203
44.663700,4.990000,0.978000,4.450000,,,,,,
44.697400,4.990000,0.978000,4.450000,,,,,,
44.703500,,,,0.253098,2.474597,2.924809,-0.631560,2.128752,3.884203
44.732800,4.990000,0.978000,4.450000,,,,,,
44.755100,,,,0.363263,2.461776,3.098927,-0.631560,2.128752,3.884203
44.767200,4.990000,0.978000,4.450000,,,,,,
44.801400,4.990000,0.978000,4.450000,,,,,,
44.805600,,,,0.468213,2.419109,3.265335,-0.562665,2.161074,3.803885
44.835800,4.990000,0.978000,4.450000,,,,,,
44.856400,,,,0.568972,2.352383,3.428582,-0.437308,2.217607,3.654298
44.869200,4.990000,0.978000,4.450000,,,,,,
44.903200,4.990000,0.978000,4.450000,,,,,,
44.907500,,,,0.573035,2.349259,3.435298,-0.313562,2.268748,3.499786
44.937200,4.990000,0.978000,4.450000,,,,,,
44.957800,,,,0.573035,2.349259,3.435298,-0.195057,2.308725,3.341769
44.972100,4.990000,0.978000,4.450000,,,,,,
45.006100,4.990000,0.978000,4.450000,,,,,,
45.008200,,,,0.573035,2.349259,3.435298,-0.079833,2.333296,3.178576
45.040200,4.990000,0.978000,4.450000,,,,,,
45.058200,,,,0.573035,2.349259,3.435298,0.036129,2.338874,3.015020
45.073900,4.990000,0.978000,4.450000,,,,,,
45.109200,4.990000,0.978000,4.450000,0.472765,2.395184,3.273935,0.156058,2.323899,2.850930
45.143300,4.990000,0.978000,4.450000,,,,,,
45.160700,,,,0.377618,2.439200,3.112042,0.269232,2.292126,2.698080
45.176900,4.990000,0.978000,4.450000,,,,,,
45.212000,4.990000,0.978000,4.450000,0.274357,2.483514,2.926098,0.395037,2.239780,2.528897
45.245800,4.990000,0.978000,4.450000,,,,,,
45.263500,,,,0.175227,2.514143,2.746850,0.513232,2.178583,2.370176
45.279300,4.990000,0.978000,4.450000,,,,,,
45.316200,4.990000,0.978000,4.450000,0.084552,2.527217,2.570022,0.530986,2.168704,2.346343
45.350400,4.990000,0.978000,4.450000,,,,,,
45.366500,,,,-0.001226,2.518876,2.375697,0.530986,2.168704,2.346343
45.384800,4.990000,0.978000,4.450000,,,,,,
45.417900,,,,-0.069705,2.488481,2.185318,0.530986,2.168704,2.346343
45.420100,4.990000,0.978000,4.450000,,,,,,
45.455600,4.990000,0.978000,4.450000,,,,,,
45.468200,,,,-0.125163,2.440674,1.997804,0.530986,2.168704,2.346343
45.489100,4.990000,0.978000,4.450000,,,,,,
45.519600,,,,-0.171930,2.381663,1.806357,0.351553,2.216868,2.373060
45.523700,4.990000,0.978000,4.450000,,,,,,
45.558000,4.990000,0.978000,4.450000,,,,,,
45.570700,,,,-0.178196,2.371543,1.775761,0.155960,2.267312,2.402184
45.592400,4.990000,0.978000,4.450000,,,,,,
45.622200,,,,-0.178196,2.371543,1.775761,-0.042828,2.312333,2.431783
45.626500,4.990000,0.978000,4.450000,,,,,,
45.661300,4.990000,0.978000,4.450000,,,,,,
45.673900,,,,-0.178196,2.371543,1.775761,-0.242796,2.344168,2.459193
45.695500,4.990000,0.978000,4.450000,,,,,,
45.725200,,,,-0.178196,2.371543,1.775761,-0.449154,2.357936,2.479907
45.729500,4.990000,0.978000,4.450000,,,,,,
45.763200,4.990000,0.978000,4.450000,,,,,,
45.776400,,,,-0.252766,2.413157,1.941420,-0.652931,2.352026,2.495722
45.797800,4.990000,0.978000,4.450000,,,,,,
45.826700,,,,-0.333309,2.451146,2.120670,-0.851860,2.330913,2.501617
45.831600,4.990000,0.978000,4.450000,,,,,,
45.866700,4.990000,0.978000,4.450000,,,,,,
45.878600,,,,-0.414279,2.472095,2.310405,-1.056808,2.298699,2.500117
45.900700,4.990000,0.978000,4.450000,,,,,,
45.930200,,,,-0.486593,2.459575,2.503306,-1.216174,2.270478,2.491702
45.934700,4.990000,0.978000,4.450000,,,,,,
45.968800,4.990000,0.978000,4.450000,,,,,,
45.981100,,,,-0.549138,2.410347,2.692019,-1.216174,2.270478,2.491702
46.002300,4.990000,0.978000,4.450000,,,,,,
46.032200,,,,-0.607744,2.337986,2.857675,-1.216174,2.270478,2.491702
46.036400,4.990000,0.978000,4.450000,,,,,,
46.069900,4.990000,0.978000,4.450000,,,,,,
46.083800,,,,-0.674923,2.233034,3.039924,-1.216174,2.270478,2.491702
46.103800,4.990000,0.978000,4.450000,,,,,,
46.135600,,,,-0.709062,2.175793,3.128843,-1.167023,2.293709,2.522390
46.137500,4.990000,0.978000,4.450000,,,,,,
46.171600,4.990000,0.978000,4.450000,,,,,,
46.187400,,,,-0.709062,2.175793,3.128843,-1.000715,2.369097,2.620124
46.205800,4.990000,0.978000,4.450000,,,,,,
46.237600,,,,-0.709062,2.175793,3.128843,-0.832701,2.434134,2.706686
46.239500,4.990000,0.978000,4.450000,,,,,,
46.273800,4.990000,0.978000,4.450000,,,,,,
46.289400,,,,-0.709062,2.175793,3.128843,-0.646002,2.478101,2.787621
46.309000,4.990000,0.978000,4.450000,,,,,,
46.340900,,,,-0.604286,2.209468,3.122380,-0.452211,2.481868,2.856411
46.343000,4.990000,0.978000,4.450000,,,,,,
46.377100,4.990000,0.978000,4.450000,,,,,,
46.391600,,,,-0.412265,2.268051,3.105777,-0.260408,2.444576,2.903734
46.412600,4.990000,0.978000,4.450000,,,,,,
46.442000,,,,-0.218285,2.313781,3.077398,-0.072112,2.377846,2.928320
46.446500,4.990000,0.978000,4.450000,,,,,,
46.480800,4.990000,0.978000,4.450000,,,,,,
46.493500,,,,-0.016237,2.330242,3.037359,0.039435,2.329506,2.936297
46.515100,4.990000,0.978000,4.450000,,,,,,
46.544800,,,,0.181577,2.309541,2.986680,0.039435,2.329506,2.936297
46.550600,4.990000,0.978000,4.450000,,,,,,
46.585400,4.990000,0.978000,4.450000,,,,,,
46.596700,,,,0.374380,2.259840,2.941323,0.039435,2.329506,2.936297
46.619600,4.990000,0.978000,4.450000,,,,,,
46.647500,,,,0.565635,2.193649,2.903774,0.039435,2.329506,2.936297
46.654000,4.990000,0.978000,4.450000,,,,,,
46.688300,4.990000,0.978000,4.450000,,,,,,
46.699300,,,,0.605385,2.179467,2.896192,0.098683,2.372412,2.868109
46.723400,4.990000,0.978000,4.450000,,,,,,
46.751500,,,,0.605385,2.179467,2.896192,0.224730,2.456371,2.726226
46.757800,4.990000,0.978000,4.450000,,,,,,
46.792700,4.990000,0.978000,4.450000,,,,,,
46.803700,,,,0.605385,2.179467,2.896192,0.360816,2.494261,2.578719
46.826700,4.990000,0.978000,4.450000,,,,,,
46.854900,,,,0.605385,2.179467,2.896192,0.484863,2.450631,2.442901
46.861100,4.990000,0.978000,4.450000,,,,,,
46.896200,4.990000,0.978000,4.450000,,,,,,
46.906600,,,,0.532208,2.233133,2.731173,0.576692,2.381715,2.361779
46.929800,4.990000,0.978000,4.450000,,,,,,
46.958600,,,,0.450357,2.285265,2.546597,0.624126,2.342359,2.318809
46.964500,4.990000,0.978000,4.450000,,,,,,
46.999800,4.990000,0.978000,4.450000,,,,,,
47.009800,,,,0.368323,2.314791,2.361609,0.624126,2.342359,2.318809
47.034200,4.990000,0.978000,4.450000,,,,,,
47.060500,,,,0.286243,2.307570,2.176513,0.624126,2.342359,2.318809
47.068400,4.990000,0.978000,4.450000,,,,,,
47.102700,4.990000,0.978000,4.450000,,,,,,
47.111100,,,,0.206660,2.263207,1.997052,0.624126,2.342359,2.318809
47.137300,4.990000,0.978000,4.450000,,,,,,
47.162900,,,,0.127751,2.190246,1.819109,0.525637,2.367345,2.318903
47.171000,4.990000,0.978000,4.450000,,,,,,
47.206100,4.990000,0.978000,4.450000,,,,,,
47.214200,,,,0.055083,2.108999,1.655241,0.325957,2.415002,2.316319
47.239600,4.990000,0.978000,4.450000,,,,,,
47.265100,,,,0.055083,2.108999,1.655241,0.126264,2.454869,2.311524
47.276700,4.990000,0.978000,4.450000,,,,,,
47.311100,4.990000,0.978000,4.450000,,,,,,
47.317100,,,,0.055083,2.108999,1.655241,-0.079782,2.479432,2.304736
47.344900,4.990000,0.978000,4.450000,,,,,,
47.368800,,,,0.055083,2.108999,1.655241,-0.285928,2.478612,2.291895
47.378900,4.990000,0.978000,4.450000,,,,,,
47.413800,4.990000,0.978000,4.450000,,,,,,
47.420400,,,,0.043859,2.118893,1.675172,-0.487703,2.446645,2.270745
47.448800,4.990000,0.978000,4.450000,,,,,,
47.471300,,,,-0.049484,2.198713,1.836426,-0.678998,2.385244,2.245196
47.482400,4.990000,0.978000,4.450000,,,,,,
47.516300,4.990000,0.978000,4.450000,,,,,,
47.522900,,,,-0.150118,2.276426,2.000743,-0.864445,2.297463,2.213177
47.550500,4.990000,0.978000,4.450000,,,,,,
47.574400,,,,-0.252535,2.340005,2.167659,-1.026099,2.208230,2.183636
47.584700,4.990000,0.978000,4.450000,,,,,,
47.619900,4.990000,0.978000,4.450000,,,,,,
47.626400,,,,-0.358675,2.377879,2.341420,-1.026099,2.208230,2.183636
47.658100,4.990000,0.978000,4.450000,,,,,,
47.677100,,,,-0.464436,2.384259,2.514672,-1.026099,2.208230,2.183636
47.692100,4.990000,0.978000,4.450000,,,,,,
47.725900,4.990000,0.978000,4.450000,,,,,,
47.727900,,,,-0.570053,2.364725,2.687705,-1.026099,2.208230,2.183636
47.761100,4.990000,0.978000,4.450000,,,,,,
47.778400,,,,-0.673689,2.328975,2.857496,-1.007913,2.215246,2.198042
47.795800,4.990000,0.978000,4.450000,,,,,,
47.828400,,,,-0.682063,2.325780,2.871215,-0.857678,2.271143,2.317138
47.830500,4.990000,0.978000,4.450000,,,,,,
47.865400,4.990000,0.978000,4.450000,,,,,,
47.880500,,,,-0.682063,2.325780,2.871215,-0.699373,2.318702,2.443707
47.899400,4.990000,0.978000,4.450000,,,,,,
47.930600,,,,-0.682063,2.325780,2.871215,-0.543190,2.333227,2.568491
47.932900,4.990000,0.978000,4.450000,,,,,,
47.967400,4.990000,0.978000,4.450000,,,,,,
47.981700,,,,-0.682063,2.325780,2.871215,-0.385739,2.301534,2.694197
48.002700,4.990000,0.978000,4.450000,,,,,,
48.032400,,,,-0.498799,2.385653,2.879791,-0.237298,2.234349,2.813548
48.036500,4.990000,0.978000,4.450000,,,,,,
48.071400,4.990000,0.978000,4.450000,,,,,,
48.083300,,,,-0.302449,2.441718,2.889907,-0.102885,2.155081,2.921072
48.105400,4.990000,0.978000,4.450000,,,,,,
48.133800,,,,-0.105128,2.479097,2.900142,-0.074435,2.138006,2.943823
48.139800,4.990000,0.978000,4.450000,,,,,,
48.173300,4.990000,0.978000,4.450000,,,,,,
48.185200,,,,0.100582,2.484982,2.911210,-0.074435,2.138006,2.943823
48.207800,4.990000,0.978000,4.450000,,,,,,
48.235800,,,,0.299944,2.454816,2.924650,-0.074435,2.138006,2.943823
48.241700,4.990000,0.978000,4.450000,,,,,,
48.276200,4.990000,0.978000,4.450000,,,,,,
48.286100,,,,0.491157,2.394146,2.936506,-0.074435,2.138006,2.943823
48.310000,4.990000,0.978000,4.450000,,,,,,
48.337400,,,,0.678055,2.310951,2.948769,0.031428,2.205844,2.853471
48.345100,4.990000,0.978000,4.450000,,,,,,
48.379800,4.990000,0.978000,4.450000,,,,,,
48.388200,,,,0.748897,2.275189,2.953829,0.177096,2.281529,2.735294
48.414900,4.990000,0.978000,4.450000,,,,,,
48.439100,,,,0.748897,2.275189,2.953829,0.333183,2.296551,2.608395
48.450000,4.990000,0.978000,4.450000,,,,,,
48.484000,4.990000,0.978000,4.450000,,,,,,
48.490600,,,,0.748897,2.275189,2.953829,0.477540,2.231160,2.492783
48.518500,4.990000,0.978000,4.450000,,,,,,
48.542000,,,,0.748897,2.275189,2.953829,0.581983,2.147182,2.408234
48.552900,4.990000,0.978000,4.450000,,,,,,
48.587100,4.990000,0.978000,4.450000,,,,,,
48.593500,,,,0.672620,2.319860,2.851018,0.625645,2.108513,2.374179
48.620600,4.990000,0.978000,4.450000,,,,,,
48.647700,,,,0.558090,2.384068,2.696649,0.625645,2.108513,2.374179
48.654600,4.990000,0.978000,4.450000,,,,,,
48.689100,4.990000,0.978000,4.450000,,,,,,
48.699700,,,,0.430849,2.445075,2.525147,0.625645,2.108513,2.374179
48.723800,4.990000,0.978000,4.450000,,,,,,
48.750000,,,,0.313120,2.481732,2.366466,0.625645,2.108513,2.374179
48.758800,4.990000,0.978000,4.450000,,,,,,
48.793300,4.990000,0.978000,4.450000,,,,,,
48.801800,,,,0.190184,2.492114,2.200766,0.497262,2.154191,2.364499
48.827600,4.990000,0.978000,4.450000,,,,,,
48.853300,,,,0.065167,2.471883,2.038943,0.303428,2.221401,2.349872
48.861800,4.990000,0.978000,4.450000,,,,,,
48.895800,4.990000,0.978000,4.450000,,,,,,
48.904400,,,,-0.057867,2.425211,1.882099,0.108284,2.281820,2.335141
48.929300,4.990000,0.978000,4.450000,,,,,,
48.955800,,,,-0.177542,2.359142,1.727909,-0.092310,2.326238,2.320000
48.963900,4.990000,0.978000,4.450000,,,,,,
48.999000,4.990000,0.978000,4.450000,,,,,,
49.007700,,,,-0.200439,2.345010,1.697882,-0.297943,2.345798,2.304478
49.034200,4.990000,0.978000,4.450000,,,,,,
49.058200,,,,-0.200439,2.345010,1.697882,-0.499577,2.339707,2.289258
49.068000,4.990000,0.978000,4.450000,,,,,,
49.102000,4.990000,0.978000,4.450000,,,,,,
49.110000,,,,-0.200439,2.345010,1.697882,-0.704551,2.313261,2.273254
49.135700,4.990000,0.978000,4.450000,,,,,,
49.161400,,,,-0.200439,2.345010,1.697882,-0.904953,2.278948,2.243434
49.169300,4.990000,0.978000,4.450000,,,,,,
49.202900,4.990000,0.978000,4.450000,,,,,,
49.211800,,,,-0.308480,2.383036,1.831327,-0.904953,2.278948,2.243434
49.237600,4.990000,0.978000,4.450000,,,,,,
49.263400,,,,-0.444598,2.418576,1.983181,-0.904953,2.278948,2.243434
49.271700,4.990000,0.978000,4.450000,,,,,,
49.306700,4.990000,0.978000,4.450000,,,,,,
49.314800,,,,-0.594911,2.428592,2.122930,-0.904953,2.278948,2.243434
49.340300,4.990000,0.978000,4.450000,,,,,,
49.366400,,,,-0.750718,2.402975,2.254652,-0.896477,2.285223,2.253757
49.375100,4.990000,0.978000,4.450000,,,,,,
49.408800,4.990000,0.978000,4.450000,,,,,,
49.417700,,,,-0.896665,2.345599,2.386765,-0.779130,2.369093,2.399716
49.444000,4.990000,0.978000,4.450000,,,,,,
49.467800,,,,-1.029842,2.264738,2.511944,-0.665016,2.437980,2.548665
49.477800,4.990000,0.978000,4.450000,,,,,,
49.513000,4.990000,0.978000,4.450000,,,,,,
49.519500,,,,-1.161214,2.164593,2.636551,-0.542819,2.479002,2.710171
49.547300,4.990000,0.978000,4.450000,,,,,,
49.571800,,,,-1.182089,2.147504,2.656343,-0.416998,2.477373,2.875111
49.582300,4.990000,0.978000,4.450000,,,,,,
49.617500,4.990000,0.978000,4.450000,,,,,,
49.621900,,,,-1.182089,2.147504,2.656343,-0.302411,2.439943,3.036540
49.651900,4.990000,0.978000,4.450000,,,,,,
49.673200,,,,-1.182089,2.147504,2.656343,-0.188281,2.378463,3.193108
49.686000,4.990000,0.978000,4.450000,,,,,,
49.720400,4.990000,0.978000,4.450000,,,,,,
49.724400,,,,-1.182089,2.147504,2.656343,-0.129356,2.341597,3.268571
49.754100,4.990000,0.978000,4.450000,,,,,,
49.775400,,,,-1.003057,2.191056,2.693623,-0.129356,2.341597,3.268571
49.788100,4.990000,0.978000,4.450000,,,,,,
49.823100,4.990000,0.978000,4.450000,,,,,,
49.827400,,,,-0.805238,2.238264,2.732431,-0.129356,2.341597,3.268571
49.856800,4.990000,0.978000,4.450000,,,,,,
49.878000,,,,-0.611144,2.282577,2.766616,-0.129356,2.341597,3.268571
49.891100,4.990000,0.978000,4.450000,,,,,,
49.925800,4.990000,0.978000,4.450000,,,,,,
49.929800,,,,-0.409285,2.323344,2.796316,-0.053280,2.412017,3.212060
49.960100,4.990000,0.978000,4.450000,,,,,,
49.980300,,,,-0.211427,2.354551,2.820259,0.056536,2.494445,3.134664
49.994700,4.990000,0.978000,4.450000,,,,,,
50.029000,4.990000,0.978000,4.450000,,,,,,
50.031200,,,,-0.010221,2.374851,2.838692,0.202019,2.469494,3.061980
50.064200,4.990000,0.978000,4.450000,,,,,,
50.082500,,,,0.194996,2.383380,2.850806,0.296170,2.387608,3.049838
50.099000,4.990000,0.978000,4.450000,,,,,,
50.133000,4.990000,0.978000,4.450000,0.397380,2.380635,2.862134,0.339320,2.345486,3.055572
50.166700,4.990000,0.978000,4.450000,,,,,,
50.184100,,,,0.587483,2.368924,2.877936,0.339320,2.345486,3.055572
50.200200,4.990000,0.978000,4.450000,,,,,,
50.235300,4.990000,0.978000,4.450000,0.803027,2.347012,2.898330,0.339320,2.345486,3.055572
50.269100,4.990000,0.978000,4.450000,,,,,,
50.287400,,,,1.008148,2.320389,2.919348,0.339320,2.345486,3.055572
50.303400,4.990000,0.978000,4.450000,,,,,,
50.337900,4.990000,0.978000,4.450000,1.008148,2.320389,2.919348,0.256704,2.368927,2.994127
50.372200,4.990000,0.978000,4.450000,,,,,,
50.389500,,,,1.008148,2.320389,2.919348,0.095043,2.412016,2.873853
50.407000,4.990000,0.978000,4.450000,,,,,,
50.440800,4.990000,0.978000,4.450000,1.008148,2.320389,2.919348,-0.067487,2.449323,2.753202
50.474800,4.990000,0.978000,4.450000,,,,,,
50.491800,,,,1.003148,2.321777,2.914038,-0.229029,2.474985,2.634692
50.508800,4.990000,0.978000,4.450000,,,,,,
50.543400,4.990000,0.978000,4.450000,0.863141,2.359681,2.765456,-0.397274,2.482818,2.513421
50.577800,4.990000,0.978000,4.450000,,,,,,
50.595300,,,,0.722455,2.393902,2.616075,-0.566358,2.465614,2.393683
50.612700,4.990000,0.978000,4.450000,,,,,,
50.645600,,,,0.584647,2.413301,2.470840,-0.726563,2.423244,2.279729
50.647700,4.990000,0.978000,4.450000,,,,,,
50.681400,4.990000,0.978000,4.450000,,,,,,
50.697600,,,,0.444265,2.400494,2.318330,-0.885462,2.352742,2.165756
50.715800,4.990000,0.978000,4.450000,,,,,,
50.749200,4.990000,0.978000,4.450000,0.313479,2.345534,2.169364,-1.028189,2.256541,2.052771
50.784400,4.990000,0.978000,4.450000,,,,,,
50.799600,,,,0.211320,2.272942,2.063289,-1.117177,2.176003,1.971938
50.819600,4.990000,0.978000,4.450000,,,,,,
50.849700,,,,0.140493,2.202679,1.997323,-1.117177,2.176003,1.971938
50.854300,4.990000,0.978000,4.450000,,,,,,
50.888700,4.990000,0.978000,4.450000,,,,,,
50.901400,,,,0.133456,2.193082,1.992448,-1.117177,2.176003,1.971938
50.923800,4.990000,0.978000,4.450000,,,,,,
50.951500,,,,0.133456,2.193082,1.992448,-1.117177,2.176003,1.971938
50.957600,4.990000,0.978000,4.450000,,,,,,
50.991900,4.990000,0.978000,4.450000,,,,,,
51.001900,,,,0.133456,2.193082,1.992448,-1.097321,2.187463,2.023415
51.025800,4.990000,0.978000,4.450000,,,,,,
51.052000,,,,0.133456,2.193082,1.992448,-1.030006,2.227142,2.207179
51.060000,4.990000,0.978000,4.450000,,,,,,
51.094400,4.990000,0.978000,4.450000,,,,,,
51.102200,,,,-0.000701,2.259895,2.068507,-0.967915,2.265253,2.395512
51.127900,4.990000,0.978000,4.450000,,,,,,
51.152800,,,,-0.161278,2.336281,2.159751,-0.914879,2.298967,2.585219
51.162900,4.990000,0.978000,4.450000,,,,,,
51.197400,4.990000,0.978000,4.450000,,,,,,
51.203300,,,,-0.329042,2.403216,2.255102,-0.870380,2.326190,2.782721
51.232500,4.990000,0.978000,4.450000,,,,,,
51.254800,,,,-0.503515,2.446109,2.354258,-0.834987,2.342952,2.984319
51.266800,4.990000,0.978000,4.450000,,,,,,
51.306100,4.990000,0.978000,4.450000,-0.658677,2.455940,2.442438,-0.813013,2.346838,3.161783
51.340900,4.990000,0.978000,4.450000,,,,,,
51.356300,,,,-0.847669,2.433305,2.565057,-0.797366,2.336528,3.387648
51.376100,4.990000,0.978000,4.450000,,,,,,
51.406700,,,,-1.004584,2.390700,2.685230,-0.794379,2.314041,3.588571
51.411100,4.990000,0.978000,4.450000,,,,,,
51.446100,4.990000,0.978000,4.450000,,,,,,
51.457200,,,,-1.084671,2.363698,2.750654,-0.800841,2.281069,3.787344
51.479700,4.990000,0.978000,4.450000,,,,,,
51.509100,,,,-1.084671,2.363698,2.750654,-0.811872,2.237517,3.989705
51.513700,4.990000,0.978000,4.450000,,,,,,
51.547600,4.990000,0.978000,4.450000,,,,,,
51.560400,,,,-1.084671,2.363698,2.750654,-0.814853,2.217764,4.072745
51.582000,4.990000,0.978000,4.450000,,,,,,
51.610700,,,,-1.084671,2.363698,2.750654,-0.814853,2.217764,4.072745
51.617700,4.990000,0.978000,4.450000,,,,,,
51.652200,4.990000,0.978000,4.450000,,,,,,
51.662400,,,,-0.977438,2.382890,2.759462,-0.814853,2.217764,4.072745
51.685900,4.990000,0.978000,4.450000,,,,,,
51.714600,,,,-0.772988,2.416460,2.778435,-0.814853,2.217764,4.072745
51.721200,4.990000,0.978000,4.450000,,,,,,
51.755700,4.990000,0.978000,4.450000,,,,,,
51.766100,,,,-0.569236,2.443836,2.799944,-0.770566,2.267747,3.957591
51.791300,4.990000,0.978000,4.450000,,,,,,
51.817300,,,,-0.367096,2.460428,2.822183,-0.710571,2.326653,3.794450
51.826700,4.990000,0.978000,4.450000,,,,,,
51.861800,4.990000,0.978000,4.450000,,,,,,
51.867900,,,,-0.165296,2.462261,2.846239,-0.655567,2.298790,3.645866
51.897100,4.990000,0.978000,4.450000,,,,,,
51.919500,,,,0.037807,2.446800,2.878169,-0.606965,2.198436,3.548949
51.931600,4.990000,0.978000,4.450000,,,,,,
51.966200,4.990000,0.978000,4.450000,,,,,,
51.970200,,,,0.234289,2.415385,2.916858,-0.568754,2.106121,3.486030
52.000300,4.990000,0.978000,4.450000,,,,,,
52.022100,,,,0.432529,2.369540,2.960108,-0.568754,2.106121,3.486030
52.034600,4.990000,0.978000,4.450000,,,,,,
52.068900,4.990000,0.978000,4.450000,,,,,,
52.073100,,,,0.623141,2.313729,3.005781,-0.568754,2.106121,3.486030
52.103400,4.990000,0.978000,4.450000,,,,,,
52.125100,,,,0.814201,2.249533,3.056026,-0.568754,2.106121,3.486030
52.137400,4.990000,0.978000,4.450000,,,,,,
52.172100,4.990000,0.978000,4.450000,,,,,,
52.176100,,,,0.940413,2.204025,3.090021,-0.559883,2.117574,3.467118
52.206500,4.990000,0.978000,4.450000,,,,,,
52.227700,,,,0.940413,2.204025,3.090021,-0.482944,2.215631,3.303102
52.239900,4.990000,0.978000,4.450000,,,,,,
52.274300,4.990000,0.978000,4.450000,,,,,,
52.278300,,,,0.940413,2.204025,3.090021,-0.405421,2.304034,3.137907
52.308500,4.990000,0.978000,4.450000,,,,,,
52.329100,,,,0.940413,2.204025,3.090021,-0.322751,2.361148,2.961801
52.341900,4.990000,0.978000,4.450000,,,,,,
52.376300,4.990000,0.978000,4.450000,,,,,,
52.380500,,,,0.879034,2.246803,3.116669,-0.234964,2.366362,2.776839
52.411700,4.990000,0.978000,4.450000,,,,,,
52.431800,,,,0.719612,2.348526,3.193199,-0.145322,2.331563,2.604302
52.446400,4.990000,0.978000,4.450000,,,,,,
52.481100,4.990000,0.978000,4.450000,,,,,,
52.483100,,,,0.550132,2.398465,3.296336,-0.093332,2.304564,2.511147
52.515100,4.990000,0.978000,4.450000,,,,,,
52.534300,,,,0.395254,2.349448,3.410618,-0.093332,2.304564,2.511147
52.549200,4.990000,0.978000,4.450000,,,,,,
52.584400,4.990000,0.978000,4.450000,0.295140,2.268549,3.504089,-0.093332,2.304564,2.511147
52.619000,4.990000,0.978000,4.450000,,,,,,
52.634800,,,,0.242560,2.216052,3.564075,-0.093332,2.304564,2.511147
52.654500,4.990000,0.978000,4.450000,,,,,,
52.684800,,,,0.242560,2.216052,3.564075,-0.113548,2.318920,2.552741
52.690300,4.990000,0.978000,4.450000,,,,,,
52.724900,4.990000,0.978000,4.450000,,,,,,
52.736000,,,,0.242560,2.216052,3.564075,-0.199119,2.377592,2.729096
52.758300,4.990000,0.978000,4.450000,,,,,,
52.786700,,,,0.242560,2.216052,3.564075,-0.283383,2.430484,2.906901
52.791900,4.990000,0.978000,4.450000,,,,,,
52.827200,4.990000,0.978000,4.450000,,,,,,
52.838100,,,,0.179198,2.232904,3.533941,-0.363217,2.470141,3.089862
52.860600,4.990000,0.978000,4.450000,,,,,,
52.889900,,,,-0.001550,2.279384,3.442457,-0.438194,2.486713,3.282825
52.896100,4.990000,0.978000,4.450000,,,,,,
52.931800,4.990000,0.978000,4.450000,,,,,,
52.941800,,,,-0.177783,2.318731,3.339278,-0.510356,2.472688,3.477253
52.965700,4.990000,0.978000,4.450000,,,,,,
52.992700,,,,-0.342442,2.339312,3.222490,-0.582138,2.430784,3.662400
53.000100,4.990000,0.978000,4.450000,,,,,,
53.035100,4.990000,0.978000,4.450000,,,,,,
53.044900,,,,-0.498282,2.331236,3.087045,-0.655606,2.365684,3.844492
53.069700,4.990000,0.978000,4.450000,,,,,,
53.096500,,,,-0.640993,2.292304,2.942218,-0.724930,2.289397,4.013636
53.103300,4.990000,0.978000,4.450000,,,,,,
53.137700,4.990000,0.978000,4.450000,,,,,,
53.147600,,,,-0.770138,2.230744,2.792822,-0.724930,2.289397,4.013636
53.171900,4.990000,0.978000,4.450000,,,,,,
53.199300,,,,-0.881906,2.161685,2.633523,-0.724930,2.289397,4.013636
53.205400,4.990000,0.978000,4.450000,,,,,,
53.240500,4.990000,0.978000,4.450000,,,,,,
53.250400,,,,-0.902797,2.147874,2.600496,-0.724930,2.289397,4.013636
53.274700,4.990000,0.978000,4.450000,,,,,,
53.300700,,,,-0.902797,2.147874,2.600496,-0.719668,2.302146,3.997767
53.308700,4.990000,0.978000,4.450000,,,,,,
53.342800,4.990000,0.978000,4.450000,,,,,,
53.352000,,,,-0.902797,2.147874,2.600496,-0.668044,2.422408,3.842072
53.378300,4.990000,0.978000,4.450000,,,,,,
53.402900,,,,-0.902797,2.147874,2.600496,-0.619593,2.488841,3.686806
53.411600,4.990000,0.978000,4.450000,,,,,,
53.447000,4.990000,0.978000,4.450000,,,,,,
53.453500,,,,-0.755738,2.198142,2.663751,-0.571037,2.448994,3.523229
53.481700,4.990000,0.978000,4.450000,,,,,,
53.503600,,,,-0.579697,2.257133,2.739419,-0.563547,2.378377,3.412015
53.516200,4.990000,0.978000,4.450000,,,,,,
53.551100,4.990000,0.978000,4.450000,,,,,,
53.556600,,,,-0.404061,2.312940,2.813273,-0.557653,2.350716,3.376507
53.585000,4.990000,0.978000,4.450000,,,,,,
53.608500,,,,-0.204044,2.367556,2.889838,-0.557653,2.350716,3.376507
53.619200,4.990000,0.978000,4.450000,,,,,,
53.654400,4.990000,0.978000,4.450000,,,,,,
53.660400,,,,-0.010767,2.407306,2.955855,-0.557653,2.350716,3.376507
53.688600,4.990000,0.978000,4.450000,,,,,,
53.711800,,,,0.183831,2.432426,3.015140,-0.557653,2.350716,3.376507
53.722600,4.990000,0.978000,4.450000,,,,,,
53.756600,4.990000,0.978000,4.450000,,,,,,
53.762900,,,,0.380815,2.442583,3.068823,-0.421465,2.408152,3.355530
53.790500,4.990000,0.978000,4.450000,,,,,,
53.814100,,,,0.579566,2.438789,3.116653,-0.259664,2.449607,3.330703
53.824900,4.990000,0.978000,4.450000,,,,,,
53.858600,4.990000,0.978000,4.450000,,,,,,
53.865200,,,,0.779698,2.422945,3.158444,-0.083826,2.397455,3.303723
53.892600,4.990000,0.978000,4.450000,,,,,,
53.915500,,,,0.977399,2.398478,3.188764,0.048435,2.281686,3.283429
53.927100,4.990000,0.978000,4.450000,,,,,,
53.961300,4.990000,0.978000,4.450000,,,,,,
53.967400,,,,1.061737,2.385931,3.198078,0.147417,2.167703,3.267053
53.996100,4.990000,0.978000,4.450000,,,,,,
54.017600,,,,1.061737,2.385931,3.198078,0.147417,2.167703,3.267053
54.030100,4.990000,0.978000,4.450000,,,,,,
54.063900,4.990000,0.978000,4.450000,,,,,,
54.068000,,,,1.061737,2.385931,3.198078,0.147417,2.167703,3.267053
54.098000,4.990000,0.978000,4.450000,,,,,,
54.119400,,,,1.061737,2.385931,3.198078,0.147417,2.167703,3.267053
54.133100,4.990000,0.978000,4.450000,,,,,,
54.168500,4.990000,0.978000,4.450000,,,,,,
54.170500,,,,0.987350,2.422937,3.300429,0.139025,2.172799,3.277932
54.201900,4.990000,0.978000,4.450000,,,,,,
54.221800,,,,0.876166,2.474837,3.464478,0.021278,2.242269,3.430565
54.235500,4.990000,0.978000,4.450000,,,,,,
54.270200,4.990000,0.978000,4.450000,,,,,,
54.272400,,,,0.764238,2.491252,3.630732,-0.096897,2.299070,3.583754
54.304100,4.990000,0.978000,4.450000,,,,,,
54.324300,,,,0.671339,2.443389,3.809939,-0.223363,2.315760,3.747689
54.339300,4.990000,0.978000,4.450000,,,,,,
54.373500,4.990000,0.978000,4.450000,,,,,,
54.375600,,,,0.612657,2.369201,3.962085,-0.345644,2.275408,3.906201
54.408500,4.990000,0.978000,4.450000,,,,,,
54.427400,,,,0.574529,2.295603,4.096543,-0.454304,2.204213,4.047055
54.443400,4.990000,0.978000,4.450000,,,,,,
54.477500,4.990000,0.978000,4.450000,0.574529,2.295603,4.096543,-0.520341,2.154619,4.132659
54.511900,4.990000,0.978000,4.450000,,,,,,
54.528800,,,,0.574529,2.295603,4.096543,-0.520341,2.154619,4.132659
54.545800,4.990000,0.978000,4.450000,,,,,,
54.580200,4.990000,0.978000,4.450000,0.574529,2.295603,4.096543,-0.520341,2.154619,4.132659
54.614200,4.990000,0.978000,4.450000,,,,,,
54.631400,,,,0.569452,2.297620,4.090254,-0.520341,2.154619,4.132659
54.648500,4.990000,0.978000,4.450000,,,,,,
54.683000,4.990000,0.978000,4.450000,0.443385,2.347073,3.933387,-0.524643,2.177282,4.090375
54.718300,4.990000,0.978000,4.450000,,,,,,
54.733400,,,,0.321835,2.393116,3.779840,-0.541946,2.265120,3.910294
54.752800,4.990000,0.978000,4.450000,,,,,,
54.784300,,,,0.199920,2.435603,3.622598,-0.557293,2.304202,3.723072
54.786500,4.990000,0.978000,4.450000,,,,,,
54.820600,4.990000,0.978000,4.450000,,,,,,
54.835700,,,,0.077231,2.469672,3.460828,-0.575578,2.252531,3.526916
54.855000,4.990000,0.978000,4.450000,,,,,,
54.887700,,,,-0.044907,2.488848,3.294299,-0.589059,2.165303,3.391317
54.889800,4.990000,0.978000,4.450000,,,,,,
54.923600,4.990000,0.978000,4.450000,,,,,,
54.938200,,,,-0.160182,2.488352,3.128318,-0.596360,2.104383,3.311509
54.959000,4.990000,0.978000,4.450000,,,,,,
54.988600,,,,-0.267919,2.466242,2.959770,-0.596360,2.104383,3.311509
54.992900,4.990000,0.978000,4.450000,,,,,,
55.026600,4.990000,0.978000,4.450000,,,,,,
55.038800,,,,-0.367799,2.423087,2.789884,-0.596360,2.104383,3.311509
55.061300,4.990000,0.978000,4.450000,,,,,,
55.090900,,,,-0.463031,2.360554,2.616474,-0.596360,2.104383,3.311509
55.094800,4.990000,0.978000,4.450000,,,,,,
55.128200,4.990000,0.978000,4.450000,,,,,,
55.142300,,,,-0.542171,2.285120,2.441829,-0.562170,2.153850,3.277343
55.162300,4.990000,0.978000,4.450000,,,,,,
55.193400,,,,-0.557058,2.266451,2.399329,-0.463386,2.285560,3.171489
55.197400,4.990000,0.978000,4.450000,,,,,,
55.232000,4.990000,0.978000,4.450000,,,,,,
55.243700,,,,-0.557058,2.266451,2.399329,-0.355779,2.331017,3.047315
55.265700,4.990000,0.978000,4.450000,,,,,,
55.294500,,,,-0.557058,2.266451,2.399329,-0.265164,2.284621,2.935816
55.300900,4.990000,0.978000,4.450000,,,,,,
55.336300,4.990000,0.978000,4.450000,,,,,,
55.345100,,,,-0.557058,2.266451,2.399329,-0.215083,2.242005,2.869225
55.371300,4.990000,0.978000,4.450000,,,,,,
55.397000,,,,-0.396765,2.295659,2.417791,-0.215083,2.242005,2.869225
55.405400,4.990000,0.978000,4.450000,,,,,,
55.439800,4.990000,0.978000,4.450000,,,,,,
55.447000,,,,-0.201253,2.328582,2.440309,-0.215083,2.242005,2.869225
55.473200,4.990000,0.978000,4.450000,,,,,,
55.498200,,,,-0.000444,2.356330,2.463495,-0.215083,2.242005,2.869225
55.507000,4.990000,0.978000,4.450000,,,,,,
55.541400,4.990000,0.978000,4.450000,,,,,,
55.549500,,,,0.204132,2.372768,2.487415,-0.224106,2.259038,2.904585
55.574800,4.990000,0.978000,4.450000,,,,,,
55.600700,,,,0.407208,2.372339,2.511021,-0.269504,2.343803,3.085079
55.609100,4.990000,0.978000,4.450000,,,,,,
55.643800,4.990000,0.978000,4.450000,,,,,,
55.651300,,,,0.605888,2.353472,2.534131,-0.311169,2.419140,3.266618
55.677200,4.990000,0.978000,4.450000,,,,,,
55.703000,,,,0.808918,2.315277,2.559538,-0.345474,2.465565,3.466197
55.711700,4.990000,0.978000,4.450000,,,,,,
55.746200,4.990000,0.978000,4.450000,,,,,,
55.755000,,,,1.008352,2.262202,2.584630,-0.386429,2.463793,3.669502
55.780300,4.990000,0.978000,4.450000,,,,,,
55.806800,,,,1.203585,2.196598,2.610989,-0.427096,2.416103,3.867162
55.815000,4.990000,0.978000,4.450000,,,,,,
55.849400,4.990000,0.978000,4.450000,,,,,,
55.857600,,,,1.307621,2.158614,2.624769,-0.464045,2.342304,4.034668
55.883800,4.990000,0.978000,4.450000,,,,,,
55.907900,,,,1.307621,2.158614,2.624769,-0.469146,2.331417,4.052352
55.917800,4.990000,0.978000,4.450000,,,,,,
55.951400,4.990000,0.978000,4.450000,,,,,,
55.959300,,,,1.307621,2.158614,2.624769,-0.469146,2.331417,4.052352
55.985100,4.990000,0.978000,4.450000,,,,,,
56.010400,,,,1.307621,2.158614,2.624769,-0.469146,2.331417,4.052352
56.018600,4.990000,0.978000,4.450000,,,,,,
56.052100,4.990000,0.978000,4.450000,,,,,,
56.062200,,,,1.272976,2.189438,2.721645,-0.469146,2.331417,4.052352
56.086500,4.990000,0.978000,4.450000,,,,,,
56.113200,,,,1.205660,2.245096,2.905800,-0.523313,2.430979,3.916664
56.121200,4.990000,0.978000,4.450000,,,,,,
56.155300,4.990000,0.978000,4.450000,,,,,,
56.163500,,,,1.137392,2.291079,3.089489,-0.572986,2.489367,3.793419
56.190100,4.990000,0.978000,4.450000,,,,,,
56.214000,,,,1.067793,2.317056,3.277545,-0.633336,2.438148,3.643271
56.224200,4.990000,0.978000,4.450000,,,,,,
56.259400,4.990000,0.978000,4.450000,,,,,,
56.265800,,,,0.995930,2.313014,3.470914,-0.668400,2.358638,3.556032
56.295000,4.990000,0.978000,4.450000,,,,,,
56.316700,,,,0.925744,2.277604,3.658871,-0.678560,2.333201,3.530754
56.328900,4.990000,0.978000,4.450000,,,,,,
56.363500,4.990000,0.978000,4.450000,,,,,,
56.367800,,,,0.861232,2.215137,3.841630,-0.678560,2.333201,3.530754
56.398000,4.990000,0.978000,4.450000,,,,,,
56.419400,,,,0.799331,2.135606,4.021710,-0.678560,2.333201,3.530754
56.432600,4.990000,0.978000,4.450000,,,,,,
56.467400,4.990000,0.978000,4.450000,,,,,,
56.469500,,,,0.787310,2.117171,4.059247,-0.678560,2.333201,3.530754
56.505400,4.990000,0.978000,4.450000,,,,,,
56.520900,,,,0.787310,2.117171,4.059247,-0.688968,2.412604,3.413611
56.540300,4.990000,0.978000,4.450000,,,,,,
56.571000,,,,0.787310,2.117171,4.059247,-0.716706,2.477292,3.270406
56.575000,4.990000,0.978000,4.450000,,,,,,
56.610400,4.990000,0.978000,4.450000,,,,,,
56.621300,,,,0.787310,2.117171,4.059247,-0.763087,2.445775,3.089547
56.644800,4.990000,0.978000,4.450000,,,,,,
56.671400,,,,0.720572,2.161740,3.924857,-0.814509,2.345257,2.934146
56.681200,4.990000,0.978000,4.450000,,,,,,
56.715800,4.990000,0.978000,4.450000,,,,,,
56.722200,,,,0.633190,2.218986,3.748897,-0.862804,2.262866,2.821673
56.749700,4.990000,0.978000,4.450000,,,,,,
56.773600,,,,0.545100,2.273522,3.571511,-0.862804,2.262866,2.821673
56.783600,4.990000,0.978000,4.450000,,,,,,
56.818100,4.990000,0.978000,4.450000,,,,,,
56.824100,,,,0.457496,2.319992,3.395105,-0.862804,2.262866,2.821673
56.856700,4.990000,0.978000,4.450000,,,,,,
56.874800,,,,0.368474,2.354589,3.216106,-0.862804,2.262866,2.821673
56.891200,4.990000,0.978000,4.450000,,,,,,
56.924600,4.990000,0.978000,4.450000,,,,,,
56.926600,,,,0.276688,2.374141,3.031640,-0.841982,2.272791,2.861040
56.958800,4.990000,0.978000,4.450000,,,,,,
56.976700,,,,0.186669,2.377030,2.852328,-0.750165,2.314249,3.034634
56.992600,4.990000,0.978000,4.450000,,,,,,
57.026000,4.990000,0.978000,4.450000,,,,,,
57.028100,,,,0.086691,2.363980,2.673854,-0.655721,2.349257,3.213234
57.061100,4.990000,0.978000,4.450000,,,,,,
57.078800,,,,-0.022492,2.335588,2.504791,-0.561471,2.366068,3.392462
57.095000,4.990000,0.978000,4.450000,,,,,,
57.128400,4.990000,0.978000,4.450000,,,,,,
57.130500,,,,-0.103401,2.308731,2.390050,-0.466142,2.353309,3.574589
57.162500,4.990000,0.978000,4.450000,,,,,,
57.180800,,,,-0.103401,2.308731,2.390050,-0.374943,2.306854,3.748275
57.198100,4.990000,0.978000,4.450000,,,,,,
57.232400,4.990000,0.978000,4.450000,-0.103401,2.308731,2.390050,-0.283402,2.230611,3.913767
57.266500,4.990000,0.978000,4.450000,,,,,,
57.284200,,,,-0.103401,2.308731,2.390050,-0.198561,2.133524,4.052991
57.301300,4.990000,0.978000,4.450000,,,,,,
57.335400,4.990000,0.978000,4.450000,-0.032722,2.334252,2.404424,-0.179065,2.109598,4.081661
57.368900,4.990000,0.978000,4.450000,,,,,,
57.385600,,,,0.140309,2.393960,2.439615,-0.179065,2.109598,4.081661
57.403200,4.990000,0.978000,4.450000,,,,,,
57.437600,4.990000,0.978000,4.450000,0.349270,2.454185,2.482227,-0.179065,2.109598,4.081661
57.472500,4.990000,0.978000,4.450000,,,,,,
57.489600,,,,0.551192,2.484809,2.523380,-0.179065,2.109598,4.081661
57.507000,4.990000,0.978000,4.450000,,,,,,
57.540100,,,,0.749718,2.477712,2.563836,-0.294342,2.177405,4.016906
57.542100,4.990000,0.978000,4.450000,,,,,,
57.576500,4.990000,0.978000,4.450000,,,,,,
57.591500,,,,0.944538,2.432584,2.603057,-0.456303,2.260911,3.925200
57.611200,4.990000,0.978000,4.450000,,,,,,
57.643400,,,,1.133629,2.348821,2.631529,-0.633099,2.306164,3.824912
57.645500,4.990000,0.978000,4.450000,,,,,,
57.680700,4.990000,0.978000,4.450000,,,,,,
57.693900,,,,1.264002,2.269991,2.642174,-0.806102,2.281603,3.726889
57.715600,4.990000,0.978000,4.450000,,,,,,
57.744900,,,,1.264002,2.269991,2.642174,-0.955868,2.204494,3.630827
57.749200,4.990000,0.978000,4.450000,,,,,,
57.783600,2.084230,0.978000,4.450000,,,,,,
57.795800,,,,1.264002,2.269991,2.642174,-1.057719,2.131670,3.564587
57.818300,2.014984,0.978000,4.450000,,,,,,
57.846500,,,,1.264002,2.269991,2.642174,-1.057719,2.131670,3.564587
57.851800,1.947883,0.978000,4.450000,,,,,,
57.887100,1.877231,0.978000,4.450000,,,,,,
57.897200,,,,1.236991,2.291246,2.686779,-1.057719,2.131670,3.564587
57.921500,1.808421,0.978000,4.450000,,,,,,
57.949300,,,,1.143604,2.362873,2.840997,-1.057719,2.131670,3.564587
57.955800,1.739820,0.978000,4.450000,,,,,,
57.989900,1.671666,0.978000,4.450000,,,,,,
58.003300,,,,1.037385,2.434838,3.016415,-1.059704,2.140483,3.544515
58.023500,1.604454,0.978000,4.450000,,,,,,
58.053500,,,,0.929008,2.480400,3.194581,-1.078431,2.223365,3.348429
58.057500,1.536499,0.978000,4.450000,,,,,,
58.092100,1.467333,0.978000,4.450000,,,,,,
58.103900,,,,0.825059,2.484239,3.366682,-1.096172,2.287847,3.158522
58.126000,1.399544,0.978000,4.450000,,,,,,
58.155100,,,,0.729857,2.448303,3.527770,-1.115544,2.316968,2.971274
58.161200,1.329006,0.978000,4.450000,,,,,,
58.195900,1.273803,0.978000,4.455831,,,,,,
58.206600,,,,0.623351,2.375016,3.703106,-1.140382,2.302888,2.754327
58.230700,1.249366,0.978000,4.474958,,,,,,
58.257300,,,,0.587469,2.346500,3.755017,-1.166858,2.259614,2.557434
58.264500,1.213186,0.978000,4.488791,,,,,,
58.298500,1.172001,0.978000,4.501087,,,,,,
58.308900,,,,0.587469,2.346500,3.755017,-1.191928,2.206341,2.361510
58.334600,1.131002,0.978000,4.515724,,,,,,
58.361000,,,,0.587469,2.346500,3.755017,-1.191928,2.206341,2.361510
58.369300,1.100490,0.978000,4.535291,,,,,,
58.403900,1.071795,0.978000,4.556469,,,,,,
58.412500,,,,0.587469,2.346500,3.755017,-1.191928,2.206341,2.361510
58.438600,1.040452,0.978000,4.577111,,,,,,
58.463500,,,,0.516228,2.376081,3.656668,-1.191928,2.206341,2.361510
58.473400,0.999555,0.978000,4.592504,,,,,,
58.507400,0.962125,0.978000,4.609688,,,,,,
58.513700,,,,0.400625,2.417965,3.497561,-1.183661,2.212029,2.374954
58.542500,0.921406,0.978000,4.626749,,,,,,
58.564300,,,,0.281929,2.442585,3.336765,-1.084204,2.279489,2.536695
58.577300,0.880921,0.978000,4.644324,,,,,,
58.612800,0.831971,0.978000,4.657144,,,,,,
58.615000,,,,0.158421,2.436910,3.176245,-0.983503,2.344524,2.700345
58.647200,0.784346,0.978000,4.669957,,,,,,
58.666800,,,,0.033588,2.399019,3.018182,-0.879532,2.402457,2.867377
58.682400,0.727755,0.978000,4.676378,,,,,,
58.716100,0.669904,0.978000,4.679817,,,,,,
58.718200,,,,-0.091920,2.336020,2.865020,-0.771679,2.445365,3.039740
58.750100,0.610941,0.978000,4.683010,,,,,,
58.769500,,,,-0.213061,2.258203,2.718759,-0.663687,2.465410,3.213013
58.784000,0.547391,0.978000,4.681698,,,,,,
58.819600,0.476478,0.978000,4.675651,-0.300418,2.191170,2.609783,-0.558153,2.461483,3.382278
58.853400,0.409062,0.978000,4.669902,,,,,,
58.869800,,,,-0.300418,2.191170,2.609783,-0.452416,2.436031,3.552159
58.887700,0.351532,0.978000,4.672234,,,,,,
58.919900,,,,-0.300418,2.191170,2.609783,-0.348800,2.393744,3.717801
58.921900,0.315210,0.978000,4.684220,,,,,,
58.957200,0.287280,0.978000,4.702422,,,,,,
58.974200,,,,-0.300418,2.191170,2.609783,-0.284266,2.361184,3.820180
58.992200,0.259183,0.978000,4.720967,,,,,,
59.026000,0.233143,0.978000,4.740137,-0.259897,2.216353,2.570659,-0.284266,2.361184,3.820180
59.063100,0.203832,0.978000,4.761767,,,,,,
59.076200,,,,-0.127444,2.294856,2.442772,-0.284266,2.361184,3.820180
59.098200,0.163047,0.978000,4.773429,,,,,,
59.126700,,,,0.011528,2.342296,2.308590,-0.284266,2.361184,3.820180
59.131700,0.124747,0.978000,4.785475,,,,,,
59.166100,0.090253,0.978000,4.802019,,,,,,
59.178700,,,,0.153828,2.310729,2.171195,-0.362660,2.406377,3.770780
59.200800,0.050684,0.978000,4.815737,,,,,,
59.230600,,,,0.258491,2.244537,2.071635,-0.521177,2.485787,3.664237
59.235300,0.007734,0.978000,4.826570,,,,,,
59.270300,-0.035260,0.978000,4.838883,,,,,,
59.281000,,,,0.330122,2.190471,2.002697,-0.666428,2.495348,3.559637
59.306400,-0.077749,0.978000,4.854306,,,,,,
59.332600,,,,0.330122,2.190471,2.002697,-0.808824,2.427942,3.447298
59.341100,-0.136657,0.978000,4.850945,,,,,,
59.375800,-0.190218,0.978000,4.853533,,,,,,
59.383900,,,,0.330122,2.190471,2.002697,-0.908913,2.351162,3.344353
59.409500,-0.243829,0.978000,4.854926,,,,,,
59.435200,,,,0.330122,2.190471,2.002697,-0.935462,2.329510,3.315105
59.443500,-0.301961,0.978000,4.851602,,,,,,
59.479700,-0.358653,0.978000,4.855776,,,,,,
59.486800,,,,0.345237,2.204056,2.047677,-0.935462,2.329510,3.315105
59.514600,-0.426759,0.978000,4.840518,,,,,,
59.537800,,,,0.407759,2.258321,2.233964,-0.935462,2.329510,3.315105
59.548100,-0.492227,0.978000,4.825853,,,,,,
59.582600,-0.559438,0.978000,4.810797,,,,,,
59.589000,,,,0.469997,2.303860,2.423948,-0.935462,2.329510,3.315105
59.616300,-0.625337,0.978000,4.796034,,,,,,
59.640200,,,,0.531649,2.320379,2.617659,-0.968869,2.394469,3.173350
59.654300,-0.699494,0.978000,4.779421,,,,,,
59.687800,-0.764916,0.978000,4.764766,,,,,,
59.692500,,,,0.591449,2.287934,2.814049,-1.014239,2.465249,2.982868
59.723100,-0.833652,0.978000,4.749367,,,,,,
59.743000,,,,0.644401,2.216129,2.982860,-1.061053,2.477911,2.786166
59.757500,-0.900887,0.978000,4.734304,,,,,,
59.792500,-0.969215,0.978000,4.718997,,,,,,
59.794500,,,,0.691006,2.141628,3.129785,-1.109146,2.415503,2.596364
59.827600,-1.037724,0.978000,4.703650,,,,,,
59.846100,,,,0.709723,2.111053,3.188634,-1.158557,2.320972,2.420522
59.862500,-1.105787,0.978000,4.688404,,,,,,
59.895900,-1.170908,0.978000,4.673816,,,,,,
59.897900,,,,0.709723,2.111053,3.188634,-1.192698,2.256970,2.315316
59.930200,-1.237920,0.978000,4.658805,,,,,,
59.948000,,,,0.709723,2.111053,3.188634,-1.192698,2.256970,2.315316
59.964000,-1.303832,0.978000,4.644039,,,,,,
59.998400,-1.371019,0.978000,4.628987,0.709723,2.111053,3.188634,-1.192698,2.256970,2.315316
60.032000,-1.436524,0.978000,4.614313,,,,,,
60.049500,,,,0.616129,2.156123,3.135591,-1.192698,2.256970,2.315316
60.065500,-1.501970,0.978000,4.599652,,,,,,
60.099400,-1.568077,0.978000,4.584843,,,,,,
60.101300,,,,0.450389,2.233949,3.038405,-1.158069,2.274039,2.390054
60.134200,-1.636074,0.978000,4.569611,,,,,,
60.152300,,,,0.287999,2.303099,2.939060,-1.077390,2.312834,2.571749
60.167900,4.990000,0.978000,4.450000,,,,,,
60.202900,4.990000,0.978000,4.450000,0.121906,2.356842,2.835932,-1.002345,2.345386,2.757351
60.238100,4.990000,0.978000,4.450000,,,,,,
60.253100,,,,-0.043606,2.387182,2.728340,-0.932623,2.363718,2.943659
60.271500,4.990000,0.978000,4.450000,,,,,,
60.303800,,,,-0.212629,2.394636,2.615733,-0.867032,2.360855,3.135959
60.305900,4.990000,0.978000,4.450000,,,,,,
60.340400,4.990000,0.978000,4.450000,,,,,,
60.355300,,,,-0.381002,2.382740,2.498659,-0.810674,2.332150,3.331296
60.374300,4.990000,0.978000,4.450000,,,,,,
60.406200,,,,-0.545273,2.357770,2.379229,-0.762771,2.281579,3.523648
60.408300,4.990000,0.978000,4.450000,,,,,,
60.442500,4.990000,0.978000,4.450000,,,,,,
60.457300,,,,-0.586614,2.350010,2.349754,-0.720430,2.215928,3.712665
60.476800,4.990000,0.978000,4.450000,,,,,,
60.508300,,,,-0.586614,2.350010,2.349754,-0.672248,2.144887,3.889273
60.510200,4.990000,0.978000,4.450000,,,,,,
60.544100,4.990000,0.978000,4.450000,,,,,,
60.558800,,,,-0.586614,2.350010,2.349754,-0.672248,2.144887,3.889273
60.578300,4.990000,0.978000,4.450000,,,,,,
60.610200,,,,-0.586614,2.350010,2.349754,-0.672248,2.144887,3.889273
60.612700,4.990000,0.978000,4.450000,,,,,,
60.646600,4.990000,0.978000,4.450000,,,,,,
60.661800,,,,-0.444835,2.418216,2.317862,-0.672248,2.144887,3.889273
60.681500,4.990000,0.978000,4.450000,,,,,,
60.712000,,,,-0.261949,2.484921,2.292054,-0.678268,2.153008,3.879622
60.719500,4.990000,0.978000,4.450000,,,,,,
60.753700,4.990000,0.978000,4.450000,,,,,,
60.763300,,,,-0.082191,2.465860,2.288728,-0.771074,2.268162,3.736365
60.787700,4.990000,0.978000,4.450000,,,,,,
60.813900,,,,0.054776,2.373605,2.311357,-0.860274,2.317050,3.612167
60.821800,4.990000,0.978000,4.450000,,,,,,
60.856000,4.990000,0.978000,4.450000,,,,,,
60.865800,,,,0.154940,2.267857,2.348889,-0.958298,2.254073,3.471239
60.890800,4.990000,0.978000,4.450000,,,,,,
60.916600,,,,0.162034,2.258640,2.353653,-1.017766,2.163507,3.385744
60.924800,4.990000,0.978000,4.450000,,,,,,
60.959700,4.990000,0.978000,4.450000,,,,,,
60.967600,,,,0.162034,2.258640,2.353653,-1.036076,2.131722,3.359420
60.993900,4.990000,0.978000,4.450000,,,,,,
61.017800,,,,0.162034,2.258640,2.353653,-1.036076,2.131722,3.359420
61.027700,4.990000,0.978000,4.450000,,,,,,
61.061600,4.990000,0.978000,4.450000,,,,,,
61.069500,,,,0.162034,2.258640,2.353653,-1.036076,2.131722,3.359420
61.096000,4.990000,0.978000,4.450000,,,,,,
61.120300,,,,0.189372,2.351261,2.510679,-1.036076,2.131722,3.359420
61.130300,4.990000,0.978000,4.450000,,,,,,
61.164400,4.990000,0.978000,4.450000,,,,,,
61.170500,,,,0.205416,2.440506,2.689127,-1.074144,2.176121,3.238827
61.198100,4.990000,0.978000,4.450000,,,,,,
61.220800,,,,0.199204,2.478407,2.884676,-1.131374,2.240046,3.057529
61.231600,4.990000,0.978000,4.450000,,,,,,
61.270600,4.990000,0.978000,4.450000,,,,,,
61.273100,,,,0.167685,2.439500,3.085817,-1.191888,2.294959,2.865828
61.304200,4.990000,0.978000,4.450000,,,,,,
61.323800,,,,0.129588,2.374921,3.234279,-1.252653,2.322090,2.673331
61.338800,4.990000,0.978000,4.450000,,,,,,
61.373500,4.990000,0.978000,4.450000,,,,,,
61.375800,,,,0.110447,2.348485,3.288985,-1.315134,2.313702,2.475402
61.407900,4.990000,0.978000,4.450000,,,,,,
61.427300,,,,0.110447,2.348485,3.288985,-1.376059,2.275765,2.282400
61.442500,4.990000,0.978000,4.450000,,,,,,
61.476600,4.990000,0.978000,4.450000,,,,,,
61.478700,,,,0.110447,2.348485,3.288985,-1.435976,2.221342,2.092591
61.512000,4.990000,0.978000,4.450000,,,,,,
61.529900,,,,0.110447,2.348485,3.288985,-1.448873,2.209404,2.051734
61.546200,4.990000,0.978000,4.450000,,,,,,
61.580300,4.990000,0.978000,4.450000,0.029502,2.382855,3.186421,-1.448873,2.209404,2.051734
61.613900,4.990000,0.978000,4.450000,,,,,,
61.630700,,,,-0.092082,2.426977,3.032364,-1.448873,2.209404,2.051734
61.647800,4.990000,0.978000,4.450000,,,,,,
61.682400,4.990000,0.978000,4.450000,-0.219411,2.446748,2.871027,-1.448873,2.209404,2.051734
61.717500,4.990000,0.978000,4.450000,,,,,,
61.733800,,,,-0.345559,2.419636,2.711185,-1.386771,2.260748,2.199497
61.751900,4.990000,0.978000,4.450000,,,,,,
61.784500,,,,-0.462909,2.347997,2.562493,-1.311699,2.320780,2.378117
61.786500,4.990000,0.978000,4.450000,,,,,,
61.821100,4.990000,0.978000,4.450000,,,,,,
61.835300,,,,-0.572271,2.247200,2.423921,-1.235927,2.376648,2.558404
61.862200,4.990000,0.978000,4.450000,,,,,,
61.886100,,,,-0.674304,2.145905,2.307618,-1.160329,2.422801,2.738317
61.896200,4.990000,0.978000,4.450000,,,,,,
61.929600,4.990000,0.978000,4.450000,,,,,,
61.937600,,,,-0.674304,2.145905,2.307618,-1.080589,2.456394,2.928089
61.963600,4.990000,0.978000,4.450000,,,,,,
61.987700,,,,-0.674304,2.145905,2.307618,-1.003243,2.470908,3.112150
61.997800,4.990000,0.978000,4.450000,,,,,,
62.031400,4.990000,0.978000,4.450000,,,,,,
62.039400,,,,-0.674304,2.145905,2.307618,-0.923364,2.466293,3.303088
62.065100,4.990000,0.978000,4.450000,,,,,,
62.090000,,,,-0.652578,2.157325,2.313246,-0.845751,2.443777,3.488423
62.099900,4.990000,0.978000,4.450000,,,,,,
62.133300,4.990000,0.978000,4.450000,,,,,,
62.141000,,,,-0.475172,2.247650,2.359205,-0.768119,2.405875,3.673542
62.167100,4.990000,0.978000,4.450000,,,,,,
62.192400,,,,-0.290673,2.310742,2.407741,-0.699023,2.361660,3.838698
62.201200,4.990000,0.978000,4.450000,,,,,,
62.236300,4.990000,0.978000,4.450000,,,,,,
62.242700,,,,-0.100461,2.291202,2.463942,-0.699023,2.361660,3.838698
62.270200,4.990000,0.978000,4.450000,,,,,,
62.294400,,,,0.045279,2.228523,2.517005,-0.699023,2.361660,3.838698
62.305200,4.990000,0.978000,4.450000,,,,,,
62.338700,4.990000,0.978000,4.450000,,,,,,
62.345100,,,,0.152668,2.173482,2.562738,-0.699023,2.361660,3.838698
62.373300,4.990000,0.978000,4.450000,,,,,,
62.396700,,,,0.152668,2.173482,2.562738,-0.708517,2.374275,3.811136
62.407200,4.990000,0.978000,4.450000,,,,,,
62.442100,4.990000,0.978000,4.450000,,,,,,
62.448100,,,,0.152668,2.173482,2.562738,-0.776172,2.452538,3.633491
62.475900,4.990000,0.978000,4.450000,,,,,,
62.500000,,,,0.152668,2.173482,2.562738,-0.866650,2.507116,3.455428
62.510100,4.990000,0.978000,4.450000,,,,,,
62.544700,4.990000,0.978000,4.450000,,,,,,
62.551400,,,,0.139396,2.186722,2.586872,-0.965539,2.498597,3.278984
62.579800,4.990000,0.978000,4.450000,,,,,,
62.601700,,,,0.050526,2.269788,2.748469,-1.058832,2.433385,3.128787
62.615000,4.990000,0.978000,4.450000,,,,,,
62.649600,4.990000,0.978000,4.450000,,,,,,
62.652000,,,,-0.033632,2.309083,2.900654,-1.126104,2.363058,3.015852
62.684000,4.990000,0.978000,4.450000,,,,,,
62.702000,,,,-0.125035,2.261674,3.064475,-1.143813,2.344529,2.987146
62.718500,4.990000,0.978000,4.450000,,,,,,
62.752000,4.990000,0.978000,4.450000,-0.189174,2.176089,3.180188,-1.143813,2.344529,2.987146
62.787100,4.990000,0.978000,4.450000,,,,,,
62.803500,,,,-0.233893,2.103052,3.253370,-1.143813,2.344529,2.987146
62.823100,4.990000,0.978000,4.450000,,,,,,
62.853800,,,,-0.233893,2.103052,3.253370,-1.143813,2.344529,2.987146
62.857800,4.990000,0.978000,4.450000,,,,,,
62.892300,4.990000,0.978000,4.450000,,,,,,
62.905000,,,,-0.233893,2.103052,3.253370,-1.186381,2.398925,2.857084
62.927300,4.990000,0.978000,4.450000,,,,,,
62.955500,,,,-0.233893,2.103052,3.253370,-1.246083,2.461266,2.674671
62.961600,4.990000,0.978000,4.450000,,,,,,
62.995900,4.990000,0.978000,4.450000,,,,,,
63.006200,,,,-0.252162,2.122091,3.224084,-1.308648,2.472305,2.483702
63.030200,4.990000,0.978000,4.450000,,,,,,
63.056400,,,,-0.345827,2.218109,3.073936,-1.367867,2.409564,2.302853
63.064500,4.990000,0.978000,4.450000,,,,,,
63.099400,4.990000,0.978000,4.450000,,,,,,
63.107400,,,,-0.443325,2.304417,2.917642,-1.417116,2.310844,2.154526
63.132900,4.990000,0.978000,4.450000,,,,,,
63.159500,,,,-0.549686,2.351114,2.747140,-1.462548,2.224890,2.038592
63.167700,4.990000,0.978000,4.450000,,,,,,
63.201600,4.990000,0.978000,4.450000,,,,,,
63.210200,,,,-0.657029,2.339380,2.575065,-1.462548,2.224890,2.038592
63.236200,4.990000,0.978000,4.450000,,,,,,
63.261900,,,,-0.744361,2.298889,2.435068,-1.462548,2.224890,2.038592
63.270300,4.990000,0.978000,4.450000,,,,,,
63.305700,4.990000,0.978000,4.450000,,,,,,
63.312000,,,,-0.777262,2.281524,2.382326,-1.462548,2.224890,2.038592
63.341000,4.990000,0.978000,4.450000,,,,,,
63.362300,,,,-0.777262,2.281524,2.382326,-1.442986,2.233541,2.075746
63.375200,4.990000,0.978000,4.450000,,,,,,
63.409100,4.990000,0.978000,4.450000,,,,,,
63.413800,,,,-0.777262,2.281524,2.382326,-1.347325,2.273410,2.253427
63.444300,4.990000,0.978000,4.450000,,,,,,
63.465600,,,,-0.777262,2.281524,2.382326,-1.247767,2.309742,2.432135
63.478600,4.990000,0.978000,4.450000,,,,,,
63.512100,4.990000,0.978000,4.450000,,,,,,
63.516200,,,,-0.682106,2.327442,2.405136,-1.146802,2.337122,2.605610
63.546300,4.990000,0.978000,4.450000,,,,,,
63.567600,,,,-0.499397,2.409549,2.448905,-1.038076,2.351783,2.778787
63.580400,4.990000,0.978000,4.450000,,,,,,
63.615600,4.990000,0.978000,4.450000,,,,,,
63.617600,,,,-0.313113,2.467822,2.493532,-0.926676,2.350516,2.945445
63.649600,4.990000,0.978000,4.450000,,,,,,
63.669000,,,,-0.114712,2.476014,2.541061,-0.810212,2.333421,3.113177
63.683400,4.990000,0.978000,4.450000,,,,,,
63.717400,4.990000,0.978000,4.450000,,,,,,
63.719500,,,,0.076044,2.427424,2.586390,-0.691561,2.302850,3.274373
63.752400,4.990000,0.978000,4.450000,,,,,,
63.770800,,,,0.249592,2.343767,2.627872,-0.568825,2.261775,3.432985
63.787100,4.990000,0.978000,4.450000,,,,,,
63.822000,4.990000,0.978000,4.450000,0.313911,2.306974,2.643247,-0.449976,2.212968,3.593436
63.856300,4.990000,0.978000,4.450000,,,,,,
63.872600,,,,0.313911,2.306974,2.643247,-0.404115,2.192024,3.658085
63.891200,4.990000,0.978000,4.450000,,,,,,
63.924400,,,,0.313911,2.306974,2.643247,-0.404115,2.192024,3.658085
63.926300,4.990000,0.978000,4.450000,,,,,,
63.960000,4.990000,0.978000,4.450000,,,,,,
63.975800,,,,0.313911,2.306974,2.643247,-0.404115,2.192024,3.658085
63.993900,4.990000,0.978000,4.450000,,,,,,
64.027400,4.990000,0.978000,4.450000,0.212827,2.369662,2.674516,-0.404115,2.192024,3.658085
64.061600,4.990000,0.978000,4.450000,,,,,,
64.077600,,,,0.042637,2.463340,2.726899,-0.497217,2.241408,3.574558
64.095600,4.990000,0.978000,4.450000,,,,,,
64.129200,4.990000,0.978000,4.450000,-0.139337,2.488296,2.782908,-0.641718,2.306562,3.444917
64.163200,4.990000,0.978000,4.450000,,,,,,
64.179300,,,,-0.288743,2.432310,2.826534,-0.789524,2.325947,3.312311
64.198700,4.990000,0.978000,4.450000,,,,,,
64.231100,,,,-0.402782,2.361652,2.857208,-0.945365,2.269483,3.190790
64.233400,4.990000,0.978000,4.450000,,,,,,
64.267600,4.990000,0.978000,4.450000,,,,,,
64.282500,,,,-0.420007,2.349871,2.862320,-1.066898,2.180315,3.110940
64.302700,4.990000,0.978000,4.450000,,,,,,
64.333000,,,,-0.420007,2.349871,2.862320,-1.150831,2.105305,3.067057
64.337300,4.990000,0.978000,4.450000,,,,,,
64.371890,4.990000,0.978000,4.450000,,,,,,
64.384300,,,,-0.420007,2.349871,2.862320,-1.150831,2.105305,3.067057
64.405300,4.990000,0.978000,4.450000,,,,,,
64.435500,,,,-0.420007,2.349871,2.862320,-1.150831,2.105305,3.067057
64.439800,4.990000,0.978000,4.450000,,,,,,
64.474100,4.990000,0.978000,4.450000,,,,,,
64.486400,,,,-0.552921,2.437266,2.772482,-1.150831,2.105305,3.067057
64.508200,4.990000,0.978000,4.450000,,,,,,
64.537100,,,,-0.670430,2.473406,2.693056,-1.160853,2.120439,3.037192
64.541600,4.990000,0.978000,4.450000,,,,,,
64.577800,4.990000,0.978000,4.450000,,,,,,
64.587300,,,,-0.809692,2.392843,2.598926,-1.218773,2.206624,2.864413
64.611300,4.990000,0.978000,4.450000,,,,,,
64.637800,,,,-0.893777,2.280400,2.542091,-1.277507,2.284573,2.688615
64.646600,4.990000,0.978000,4.450000,,,,,,
64.681500,4.990000,0.978000,4.450000,,,,,,
64.689700,,,,-0.931345,2.221224,2.516698,-1.337707,2.334147,2.495538
64.715100,4.990000,0.978000,4.450000,,,,,,
64.741600,,,,-0.931345,2.221224,2.516698,-1.401518,2.334213,2.298146
64.749500,4.990000,0.978000,4.450000,,,,,,
64.784190,4.990000,0.978000,4.450000,,,,,,
64.792500,,,,-0.931345,2.221224,2.516698,-1.462790,2.295758,2.109145
64.818800,4.990000,0.978000,4.450000,,,,,,
64.843400,,,,-0.931345,2.221224,2.516698,-1.503166,2.260212,1.984614
64.853700,4.990000,0.978000,4.450000,,,,,,
64.888100,4.990000,0.978000,4.450000,,,,,,
64.894200,,,,-0.821311,2.248130,2.512550,-1.503166,2.260212,1.984614
64.922900,4.990000,0.978000,4.450000,,,,,,
64.944600,,,,-0.624773,2.292962,2.505105,-1.503166,2.260212,1.984614
64.956500,4.990000,0.978000,4.450000,,,,,,
64.990100,4.990000,0.978000,4.450000,,,,,,
64.996200,,,,-0.421968,2.328662,2.496994,-1.503166,2.260212,1.984614
65.023900,4.990000,0.978000,4.450000,,,,,,
65.047800,,,,-0.216431,2.342628,2.486211,-1.478724,2.269733,2.014498
65.057900,4.990000,0.978000,4.450000,,,,,,
65.093100,4.990000,0.978000,4.450000,,,,,,
65.099100,,,,-0.012021,2.328053,2.475944,-1.351626,2.317961,2.168433
65.128300,4.990000,0.978000,4.450000,,,,,,
65.149600,,,,0.184063,2.286955,2.466802,-1.226278,2.363136,2.318486
65.163500,4.990000,0.978000,4.450000,,,,,,
65.197600,4.990000,0.978000,4.450000,,,,,,
65.199700,,,,0.375549,2.226351,2.457976,-1.098445,2.405204,2.467903
65.231900,4.990000,0.978000,4.450000,,,,,,
65.251200,,,,0.567124,2.153561,2.449164,-0.964907,2.442342,2.619111
65.265900,4.990000,0.978000,4.450000,,,,,,
65.300090,4.990000,0.978000,4.450000,,,,,,
65.302300,,,,0.584361,2.146805,2.448372,-0.828208,2.470964,2.769014
65.337500,4.990000,0.978000,4.450000,,,,,,
65.352800,,,,0.584361,2.146805,2.448372,-0.692404,2.487855,2.916708
65.372100,4.990000,0.978000,4.450000,,,,,,
65.404200,,,,0.584361,2.146805,2.448372,-0.553329,2.490985,3.069156
65.406200,4.990000,0.978000,4.450000,,,,,,
65.440500,4.990000,0.978000,4.450000,,,,,,
65.455300,,,,0.584361,2.146805,2.448372,-0.415459,2.476967,3.220358
65.474000,4.990000,0.978000,4.450000,,,,,,
65.507000,,,,0.422808,2.236557,2.509342,-0.279177,2.444636,3.370086
65.510000,4.990000,0.978000,4.450000,,,,,,
65.545000,4.990000,0.978000,4.450000,,,,,,
65.558300,,,,0.244104,2.303962,2.577041,-0.142661,2.394082,3.515921
65.580000,4.990000,0.978000,4.450000,,,,,,
65.608400,,,,0.065336,2.285948,2.644759,-0.013124,2.330621,3.654879
65.615100,4.990000,0.978000,4.450000,,,,,,
65.650000,4.990000,0.978000,4.450000,,,,,,
65.660100,,,,-0.070508,2.210652,2.696218,0.081099,2.275706,3.756874
65.685400,4.990000,0.978000,4.450000,,,,,,
65.711200,,,,-0.188279,2.118364,2.740830,0.081099,2.275706,3.756874
65.719600,4.990000,0.978000,4.450000,,,,,,
65.754100,4.990000,0.978000,4.450000,,,,,,
65.762000,,,,-0.193788,2.113796,2.742917,0.081099,2.275706,3.756874
65.788400,4.990000,0.978000,4.450000,,,,,,
65.815500,,,,-0.193788,2.113796,2.742917,0.081099,2.275706,3.756874
65.823500,4.990000,0.978000,4.450000,,,,,,
65.857800,4.990000,0.978000,4.450000,,,,,,
65.865800,,,,-0.193788,2.113796,2.742917,0.014994,2.315910,3.742251
65.892200,4.990000,0.978000,4.450000,,,,,,
65.916690,,,,-0.197473,2.116995,2.741752,-0.158203,2.415477,3.703798
65.926600,4.990000,0.978000,4.450000,,,,,,
65.960600,4.990000,0.978000,4.450000,,,,,,
65.971800,,,,-0.351249,2.247284,2.693143,-0.347728,2.482180,3.656825
65.995800,4.990000,0.978000,4.450000,,,,,,
66.022400,,,,-0.503173,2.316457,2.649827,-0.552012,2.461787,3.599274
66.030200,4.990000,0.978000,4.450000,,,,,,
66.065200,4.990000,0.978000,4.450000,,,,,,
66.073500,,,,-0.651638,2.273791,2.612977,-0.701741,2.397073,3.551322
66.100100,4.990000,0.978000,4.450000,,,,,,
66.123790,,,,-0.746819,2.217168,2.597132,-0.783919,2.349602,3.529207
66.133600,4.990000,0.978000,4.450000,,,,,,
66.168300,4.990000,0.978000,4.450000,,,,,,
66.175400,,,,-0.760638,2.209372,2.595139,-0.783919,2.349602,3.529207
66.202100,4.990000,0.978000,4.450000,,,,,,
66.225900,,,,-0.760638,2.209372,2.595139,-0.783919,2.349602,3.529207
66.236500,4.990000,0.978000,4.450000,,,,,,
66.271200,4.990000,0.978000,4.450000,,,,,,
66.277600,,,,-0.760638,2.209372,2.595139,-0.783919,2.349602,3.529207
66.306590,4.990000,0.978000,4.450000,,,,,,
66.329200,,,,-0.760638,2.209372,2.595139,-0.808069,2.365111,3.463372
66.341800,4.990000,0.978000,4.450000,,,,,,
66.376300,4.990000,0.978000,4.450000,,,,,,
66.380700,,,,-0.585237,2.275666,2.599437,-0.877722,2.406577,3.273601
66.410500,4.990000,0.978000,4.450000,,,,,,
66.431590,,,,-0.394418,2.344053,2.608616,-0.947170,2.438875,3.085724
66.444300,4.990000,0.978000,4.450000,,,,,,
66.478600,4.990000,0.978000,4.450000,,,,,,
66.482890,,,,-0.198399,2.404058,2.622907,-1.018675,2.452375,2.893640
66.512300,4.990000,0.978000,4.450000,,,,,,
66.534700,,,,0.003342,2.447268,2.636869,-1.089570,2.436191,2.700201
66.547600,4.990000,0.978000,4.450000,,,,,,
66.581790,4.990000,0.978000,4.450000,,,,,,
66.586000,,,,0.208086,2.465736,2.650238,-1.156334,2.387839,2.511450
66.616000,4.990000,0.978000,4.450000,,,,,,
66.637400,,,,0.412796,2.457337,2.663424,-1.218514,2.313628,2.330390
66.650100,4.990000,0.978000,4.450000,,,,,,
66.683490,4.990000,0.978000,4.450000,,,,,,
66.689400,,,,0.618143,2.424607,2.676197,-1.259954,2.216452,2.151070
66.716900,4.990000,0.978000,4.450000,,,,,,
66.741000,,,,0.818228,2.374121,2.688862,-1.273918,2.155058,2.051233
66.751000,4.990000,0.978000,4.450000,,,,,,
66.785100,4.990000,0.978000,4.450000,,,,,,
66.791400,,,,0.864017,2.360696,2.691773,-1.273918,2.155058,2.051233
66.819400,4.990000,0.978000,4.450000,,,,,,
66.841500,,,,0.864017,2.360696,2.691773,-1.273918,2.155058,2.051233
66.853900,4.990000,0.978000,4.450000,,,,,,
66.888300,4.990000,0.978000,4.450000,,,,,,
66.892500,,,,0.864017,2.360696,2.691773,-1.273918,2.155058,2.051233
66.921700,4.990000,0.978000,4.450000,,,,,,
66.944200,,,,0.864017,2.360696,2.691773,-1.220782,2.180715,2.128422
66.956600,4.990000,0.978000,4.450000,,,,,,
66.990100,4.990000,0.978000,4.450000,,,,,,
66.994200,,,,0.723914,2.421386,2.653999,-1.110945,2.232471,2.288015
67.024300,4.990000,0.978000,4.450000,,,,,,
67.046200,,,,0.534909,2.490073,2.603134,-0.996688,2.282222,2.454089
67.058800,4.990000,0.978000,4.450000,,,,,,
67.093890,4.990000,0.978000,4.450000,,,,,,
67.098000,,,,0.340435,2.496467,2.548917,-0.881628,2.321305,2.621328
67.127800,4.990000,0.978000,4.450000,,,,,,
67.152400,,,,0.174378,2.436578,2.503470,-0.766288,2.342573,2.785356
67.161990,4.990000,0.978000,4.450000,,,,,,
67.195500,4.990000,0.978000,4.450000,,,,,,
67.204300,,,,0.033533,2.357150,2.465315,-0.633096,2.340252,2.964203
67.230000,4.990000,0.978000,4.450000,,,,,,
67.256300,,,,-0.002332,2.334949,2.455519,-0.505046,2.313635,3.126086
67.264800,4.990000,0.978000,4.450000,,,,,,
67.298900,4.990000,0.978000,4.450000,,,,,,
67.307200,,,,-0.002332,2.334949,2.455519,-0.385147,2.273100,3.285900
67.337600,4.990000,0.978000,4.450000,,,,,,
67.357400,,,,-0.002332,2.334949,2.455519,-0.287302,2.234442,3.413510
67.372900,4.990000,0.978000,4.450000,,,,,,
67.407200,4.990000,0.978000,4.450000,,,,,,
67.409300,,,,-0.002332,2.334949,2.455519,-0.287302,2.234442,3.413510
67.441300,4.990000,0.978000,4.450000,,,,,,
67.460000,,,,-0.138270,2.387006,2.491032,-0.287302,2.234442,3.413510
67.476500,4.990000,0.978000,4.450000,,,,,,
67.511500,4.990000,0.978000,4.450000,-0.326513,2.449567,2.540170,-0.287302,2.234442,3.413510
67.546100,4.990000,0.978000,4.450000,,,,,,
67.563600,,,,-0.526772,2.480928,2.586431,-0.330751,2.254755,3.418688
67.581000,4.990000,0.978000,4.450000,,,,,,
67.615200,4.990000,0.978000,4.450000,-0.729144,2.458460,2.622993,-0.508630,2.328683,3.439883
67.648800,4.990000,0.978000,4.450000,,,,,,
67.665200,,,,-0.917415,2.394704,2.647193,-0.653996,2.329045,3.457205
67.683800,4.990000,0.978000,4.450000,,,,,,
67.715900,,,,-1.096335,2.303181,2.672728,-0.803942,2.234351,3.474935
67.717900,4.990000,0.978000,4.450000,,,,,,
67.751400,4.990000,0.978000,4.450000,,,,,,
67.767800,,,,-1.184117,2.252968,2.682943,-0.902857,2.135200,3.486565
67.786200,4.990000,0.978000,4.450000,,,,,,
67.818400,,,,-1.184117,2.252968,2.682943,-0.922484,2.114494,3.487924
67.820500,4.990000,0.978000,4.450000,,,,,,
67.854800,4.990000,0.978000,4.450000,,,,,,
67.868700,,,,-1.184117,2.252968,2.682943,-0.922484,2.114494,3.487924
67.889000,4.990000,0.978000,4.450000,,,,,,
67.919400,,,,-1.184117,2.252968,2.682943,-0.922484,2.114494,3.487924
67.924000,4.990000,0.978000,4.450000,,,,,,
67.958000,4.990000,0.978000,4.450000,,,,,,
67.969800,,,,-1.076760,2.275532,2.684238,-0.922484,2.114494,3.487924
67.992200,4.990000,0.978000,4.450000,,,,,,
68.020200,,,,-0.879750,2.314223,2.686615,-0.888282,2.171075,3.350749
68.026200,4.990000,0.978000,4.450000,,,,,,
68.060600,4.990000,0.978000,4.450000,,,,,,
68.070700,,,,-0.680234,2.345781,2.689920,-0.838619,2.244859,3.169336
68.095600,4.990000,0.978000,4.450000,,,,,,
68.121300,,,,-0.478714,2.361326,2.696302,-0.781100,2.312982,2.987755
68.131300,4.990000,0.978000,4.450000,,,,,,
68.165500,4.990000,0.978000,4.450000,,,,,,
68.172500,,,,-0.275880,2.353492,2.712930,-0.717517,2.366505,2.801758
68.200500,4.990000,0.978000,4.450000,,,,,,
68.224300,,,,-0.071659,2.320522,2.734222,-0.653741,2.396831,2.606194
68.234700,4.990000,0.978000,4.450000,,,,,,
68.268700,4.990000,0.978000,4.450000,,,,,,
68.275500,,,,0.124886,2.269771,2.764210,-0.591089,2.400434,2.410895
68.303100,4.990000,0.978000,4.450000,,,,,,
68.327800,,,,0.316701,2.208887,2.805954,-0.523343,2.382768,2.217707
68.336500,4.990000,0.978000,4.450000,,,,,,
68.370700,4.990000,0.978000,4.450000,,,,,,
68.379500,,,,0.447452,2.166268,2.841851,-0.449775,2.351132,2.023497
68.404900,4.990000,0.978000,4.450000,,,,,,
68.429600,,,,0.447452,2.166268,2.841851,-0.444077,2.348087,2.007211
68.439800,4.990000,0.978000,4.450000,,,,,,
68.474600,4.990000,0.978000,4.450000,,,,,,
68.481100,,,,0.447452,2.166268,2.841851,-0.444077,2.348087,2.007211
68.508700,4.990000,0.978000,4.450000,,,,,,
68.532900,,,,0.447452,2.166268,2.841851,-0.444077,2.348087,2.007211
68.543900,4.990000,0.978000,4.450000,,,,,,
68.578500,4.990000,0.978000,4.450000,,,,,,
68.584800,,,,0.397586,2.213356,2.798261,-0.444077,2.348087,2.007211
68.612900,4.990000,0.978000,4.450000,,,,,,
68.636300,,,,0.281722,2.306187,2.696025,-0.388874,2.412127,2.192343
68.646600,4.990000,0.978000,4.450000,,,,,,
68.680000,4.990000,0.978000,4.450000,,,,,,
68.688200,,,,0.158576,2.299584,2.578736,-0.327077,2.467576,2.384122
68.715000,4.990000,0.978000,4.450000,,,,,,
68.740100,,,,0.083688,2.202780,2.481177,-0.256559,2.485762,2.578188
68.748400,4.990000,0.978000,4.450000,,,,,,
68.783600,4.990000,0.978000,4.450000,,,,,,
68.792100,,,,0.055017,2.122167,2.411580,-0.178084,2.439353,2.762823
68.817790,4.990000,0.978000,4.450000,,,,,,
68.842100,,,,0.055017,2.122167,2.411580,-0.098117,2.344841,2.904325
68.852400,4.990000,0.978000,4.450000,,,,,,
68.886800,4.990000,0.978000,4.450000,,,,,,
68.893000,,,,0.055017,2.122167,2.411580,-0.020174,2.247518,3.011190
68.920390,4.990000,0.978000,4.450000,,,,,,
68.944900,,,,0.055017,2.122167,2.411580,-0.007637,2.232985,3.025501
68.954800,4.990000,0.978000,4.450000,,,,,,
68.989700,4.990000,0.978000,4.450000,,,,,,
68.995800,,,,0.011347,2.138017,2.403965,-0.007637,2.232985,3.025501
69.023800,4.990000,0.978000,4.450000,,,,,,
69.047400,,,,-0.180568,2.206353,2.370501,-0.007637,2.232985,3.025501
69.057700,4.990000,0.978000,4.450000,,,,,,
69.092800,4.990000,0.978000,4.450000,,,,,,
69.099200,,,,-0.374520,2.269136,2.336682,-0.007637,2.232985,3.025501
69.129800,4.990000,0.978000,4.450000,,,,,,
69.151400,,,,-0.573027,2.314052,2.302069,-0.119093,2.361818,3.120836
69.164500,4.990000,0.978000,4.450000,,,,,,
69.198900,4.990000,0.978000,4.450000,,,,,,
69.203300,,,,-0.778187,2.328497,2.266296,-0.232610,2.450595,3.217862
69.232890,4.990000,0.978000,4.450000,,,,,,
69.254300,,,,-0.978323,2.311023,2.231399,-0.362634,2.433992,3.328996
69.266900,4.990000,0.978000,4.450000,,,,,,
69.300500,4.990000,0.978000,4.450000,,,,,,
69.304800,,,,-1.173784,2.271344,2.197317,-0.439337,2.370893,3.395328
69.335490,4.990000,0.978000,4.450000,,,,,,
69.354800,,,,-1.332962,2.230699,2.170519,-0.462648,2.343987,3.416998
69.369400,4.990000,0.978000,4.450000,,,,,,
69.403100,4.990000,0.978000,4.450000,,,,,,
69.405100,,,,-1.332962,2.230699,2.170519,-0.462648,2.343987,3.416998
69.437600,4.990000,0.978000,4.450000,,,,,,
69.456300,,,,-1.332962,2.230699,2.170519,-0.462648,2.343987,3.416998
69.471300,4.990000,0.978000,4.450000,,,,,,
69.505700,4.990000,0.978000,4.450000,,,,,,
69.508000,,,,-1.332962,2.230699,2.170519,-0.462648,2.343987,3.416998
69.539600,4.990000,0.978000,4.450000,,,,,,
69.559000,,,,-1.295972,2.241781,2.189473,-0.458618,2.372403,3.295559
69.574200,4.990000,0.978000,4.450000,,,,,,
69.607800,4.990000,0.978000,4.450000,,,,,,
69.609900,,,,-1.121567,2.293278,2.280936,-0.455535,2.413724,3.096288
69.642300,4.990000,0.978000,4.450000,,,,,,
69.660400,,,,-0.949228,2.342448,2.375727,-0.461028,2.438549,2.895292
69.677200,4.990000,0.978000,4.450000,,,,,,
69.712000,4.990000,0.978000,4.450000,-0.776691,2.388360,2.477057,-0.473630,2.430195,2.690882
69.746700,4.990000,0.978000,4.450000,,,,,,
69.762700,,,,-0.607540,2.427273,2.583484,-0.488270,2.381483,2.494109
69.784300,4.990000,0.978000,4.450000,,,,,,
69.813100,,,,-0.441201,2.457006,2.693640,-0.509479,2.297656,2.312097
69.819100,4.990000,0.978000,4.450000,,,,,,
69.853500,4.990000,0.978000,4.450000,,,,,,
69.863700,,,,-0.274825,2.476854,2.807019,-0.523533,2.193253,2.139391
69.887500,4.990000,0.978000,4.450000,,,,,,
69.915800,,,,-0.104500,2.486192,2.925893,-0.528722,2.137843,2.052504
69.922200,4.990000,0.978000,4.450000,,,,,,
69.957100,4.990000,0.978000,4.450000,,,,,,
69.967300,,,,0.063377,2.484554,3.045749,-0.528722,2.137843,2.052504
69.991900,4.990000,0.978000,4.450000,,,,,,
70.018300,,,,0.227652,2.472901,3.165724,-0.528722,2.137843,2.052504
70.026900,4.990000,0.978000,4.450000,,,,,,
70.062300,4.990000,0.978000,4.450000,,,,,,
70.068400,,,,0.389958,2.451550,3.281200,-0.528722,2.137843,2.052504
70.097000,4.990000,0.978000,4.450000,,,,,,
70.119700,,,,0.555466,2.420410,3.396078,-0.484665,2.179449,2.150542
70.131700,4.990000,0.978000,4.450000,,,,,,
70.166000,4.990000,0.978000,4.450000,,,,,,
70.170100,,,,0.719684,2.381359,3.508766,-0.407307,2.249433,2.324641
70.200500,4.990000,0.978000,4.450000,,,,,,
70.222100,,,,0.797763,2.360408,3.561896,-0.326269,2.305977,2.507082
70.234600,4.990000,0.978000,4.450000,,,,,,
70.268390,4.990000,0.978000,4.450000,,,,,,
70.272900,,,,0.797763,2.360408,3.561896,-0.244602,2.325491,2.690936
70.302600,4.990000,0.978000,4.450000,,,,,,
70.323800,,,,0.797763,2.360408,3.561896,-0.161250,2.302593,2.875775
70.337100,4.990000,0.978000,4.450000,,,,,,
70.371200,4.990000,0.978000,4.450000,,,,,,
70.375900,,,,0.797763,2.360408,3.561896,-0.079258,2.248765,3.059344
70.405900,4.990000,0.978000,4.450000,,,,,,
70.426200,,,,0.751175,2.399420,3.457630,-0.029347,2.209388,3.171224
70.440600,4.990000,0.978000,4.450000,,,,,,
70.475900,4.990000,0.978000,4.450000,,,,,,
70.478000,,,,0.670972,2.463042,3.277984,-0.029347,2.209388,3.171224
70.509300,4.990000,0.978000,4.450000,,,,,,
70.528400,,,,0.591413,2.511529,3.099512,-0.029347,2.209388,3.171224
70.544400,4.990000,0.978000,4.450000,,,,,,
70.579700,4.990000,0.978000,4.450000,0.508822,2.528684,2.913436,-0.029347,2.209388,3.171224
70.613700,4.990000,0.978000,4.450000,,,,,,
70.631300,,,,0.426001,2.503984,2.727198,-0.061856,2.233077,3.196481
70.647800,4.990000,0.978000,4.450000,,,,,,
70.682800,4.990000,0.978000,4.450000,0.346260,2.443702,2.545568,-0.181054,2.312542,3.301584
70.717200,4.990000,0.978000,4.450000,,,,,,
70.733300,,,,0.289675,2.363734,2.368979,-0.276498,2.308311,3.418715
70.752490,4.990000,0.978000,4.450000,,,,,,
70.783800,,,,0.284145,2.350346,2.339905,-0.349087,2.209270,3.543950
70.787900,4.990000,0.978000,4.450000,,,,,,
70.821800,4.990000,0.978000,4.450000,,,,,,
70.834100,,,,0.284145,2.350346,2.339905,-0.388091,2.113619,3.648170
70.856300,4.990000,0.978000,4.450000,,,,,,
70.886100,,,,0.284145,2.350346,2.339905,-0.390666,2.107355,3.655809
70.889900,4.990000,0.978000,4.450000,,,,,,
70.923400,4.990000,0.978000,4.450000,,,,,,
70.937400,,,,0.284145,2.350346,2.339905,-0.390666,2.107355,3.655809
70.958200,4.990000,0.978000,4.450000,,,,,,
70.991900,4.990000,0.978000,4.450000,0.109794,2.388940,2.338299,-0.390666,2.107355,3.655809
71.026400,4.990000,0.978000,4.450000,,,,,,
71.042800,,,,-0.103677,2.429261,2.338685,-0.391977,2.113126,3.641231
71.061200,4.990000,0.978000,4.450000,,,,,,
71.094700,4.990000,0.978000,4.450000,-0.308190,2.451369,2.339220,-0.409144,2.188087,3.450334
71.128400,4.990000,0.978000,4.450000,,,,,,
71.146100,,,,-0.511349,2.446673,2.339685,-0.426197,2.259661,3.260710
71.163400,4.990000,0.978000,4.450000,,,,,,
71.198000,4.990000,0.978000,4.450000,-0.718914,2.408601,2.340500,-0.443826,2.324435,3.060453
71.231600,4.990000,0.978000,4.450000,,,,,,
71.248400,,,,-0.910267,2.344437,2.341229,-0.461019,2.368115,2.864141
71.265200,4.990000,0.978000,4.450000,,,,,,
71.299800,4.990000,0.978000,4.450000,-1.095823,2.259878,2.341795,-0.477907,2.387798,2.661960
71.335200,4.990000,0.978000,4.450000,,,,,,
71.350700,,,,-1.268659,2.167679,2.342300,-0.484112,2.383400,2.457628
71.371800,4.990000,0.978000,4.450000,,,,,,
71.402100,,,,-1.268659,2.167679,2.342300,-0.481806,2.360690,2.254687
71.406300,4.990000,0.978000,4.450000,,,,,,
71.441400,4.990000,0.978000,4.450000,,,,,,
71.452200,,,,-1.268659,2.167679,2.342300,-0.478400,2.335785,2.098204
71.475600,4.990000,0.978000,4.450000,,,,,,
71.503100,,,,-1.268659,2.167679,2.342300,-0.478400,2.335785,2.098204
71.509500,4.990000,0.978000,4.450000,,,,,,
71.543900,4.990000,0.978000,4.450000,,,,,,
71.553400,,,,-1.254737,2.171515,2.352495,-0.478400,2.335785,2.098204
71.579100,4.990000,0.978000,4.450000,,,,,,
71.604400,,,,-1.094160,2.215270,2.470092,-0.478400,2.335785,2.098204
71.612700,4.990000,0.978000,4.450000,,,,,,
71.647300,4.990000,0.978000,4.450000,,,,,,
71.655400,,,,-0.932843,2.257770,2.588231,-0.471453,2.359445,2.136665
71.682100,4.990000,0.978000,4.450000,,,,,,
71.706400,,,,-0.771571,2.297140,2.706338,-0.445888,2.458147,2.312861
71.716500,4.990000,0.978000,4.450000,,,,,,
71.751200,4.990000,0.978000,4.450000,,,,,,
71.757700,,,,-0.608520,2.330322,2.825357,-0.438606,2.483806,2.470415
71.786400,4.990000,0.978000,4.450000,,,,,,
71.808900,,,,-0.442208,2.353908,2.943450,-0.433039,2.404937,2.636906
71.821100,4.990000,0.978000,4.450000,,,,,,
71.855900,4.990000,0.978000,4.450000,,,,,,
71.860000,,,,-0.275857,2.365356,3.061705,-0.426089,2.305087,2.744006
71.890100,4.990000,0.978000,4.450000,,,,,,
71.910300,,,,-0.111884,2.364154,3.178784,-0.424148,2.273478,2.773934
71.928100,4.990000,0.978000,4.450000,,,,,,
71.961800,4.990000,0.978000,4.450000,0.056764,2.351051,3.296503,-0.424148,2.273478,2.773934
71.996400,4.990000,0.978000,4.450000,,,,,,
72.012300,,,,0.222159,2.328877,3.408901,-0.424148,2.273478,2.773934
72.030200,4.990000,0.978000,4.450000,,,,,,
72.062800,,,,0.387503,2.299730,3.522688,-0.424148,2.273478,2.773934
72.064900,4.990000,0.978000,4.450000,,,,,,
72.100000,4.990000,0.978000,4.450000,,,,,,
72.117400,,,,0.486118,2.280300,3.591503,-0.425147,2.343661,2.896663
72.133500,4.990000,0.978000,4.450000,,,,,,
72.167700,4.990000,0.978000,4.450000,0.486118,2.280300,3.591503,-0.427052,2.442354,3.090176
72.202000,4.990000,0.978000,4.450000,,,,,,
72.219500,,,,0.486118,2.280300,3.591503,-0.429020,2.485131,3.291506
72.236400,4.990000,0.978000,4.450000,,,,,,
72.270200,4.990000,0.978000,4.450000,0.486118,2.280300,3.591503,-0.430918,2.444419,3.485610
72.304700,4.990000,0.978000,4.450000,,,,,,
72.325900,,,,0.505919,2.303667,3.486156,-0.432229,2.379809,3.619751
72.339700,4.990000,0.978000,4.450000,,,,,,
72.374800,4.990000,0.978000,4.450000,,,,,,
72.377000,,,,0.546117,2.346988,3.274220,-0.432721,2.351872,3.670098
72.409300,4.990000,0.978000,4.450000,,,,,,
72.427800,,,,0.583751,2.374183,3.075801,-0.432721,2.351872,3.670098
72.444000,4.990000,0.978000,4.450000,,,,,,
72.479000,4.990000,0.978000,4.450000,0.621853,2.372950,2.875106,-0.432721,2.351872,3.670098
72.512300,4.990000,0.978000,4.450000,,,,,,
72.530900,,,,0.659920,2.335572,2.675348,-0.432721,2.351872,3.670098
72.545700,4.990000,0.978000,4.450000,,,,,,
72.579300,4.990000,0.978000,4.450000,,,,,,
72.581300,,,,0.697862,2.270600,2.487529,-0.413406,2.381267,3.532468
72.612900,4.990000,0.978000,4.450000,,,,,,
72.635600,,,,0.747094,2.187458,2.309021,-0.385664,2.419399,3.334885
72.646300,4.990000,0.978000,4.450000,,,,,,
72.680600,4.990000,0.978000,4.450000,,,,,,
72.687700,,,,0.771707,2.150103,2.235286,-0.355262,2.450150,3.118023
72.715190,4.990000,0.978000,4.450000,,,,,,
72.737700,,,,0.771707,2.150103,2.235286,-0.327766,2.459748,2.919458
72.749690,4.990000,0.978000,4.450000,,,,,,
72.783290,4.990000,0.978000,4.450000,,,,,,
72.789300,,,,0.771707,2.150103,2.235286,-0.299992,2.443941,2.715045
72.816890,4.990000,0.978000,4.450000,,,,,,
72.841090,,,,0.771707,2.150103,2.235286,-0.272749,2.400515,2.514403
72.851300,4.990000,0.978000,4.450000,,,,,,
72.884990,4.990000,0.978000,4.450000,,,,,,
72.893000,,,,0.628689,2.198189,2.241356,-0.246173,2.333820,2.319449
72.918500,4.990000,0.978000,4.450000,,,,,,
72.947490,,,,0.433333,2.263006,2.247458,-0.220574,2.251590,2.132445
72.952700,4.990000,0.978000,4.450000,,,,,,
72.986900,4.990000,0.978000,4.450000,,,,,,
72.999200,,,,0.224744,2.328724,2.250533,-0.201793,2.176494,1.982286
73.021700,4.990000,0.978000,4.450000,,,,,,
73.050500,,,,0.026733,2.381799,2.250849,-0.201793,2.176494,1.982286
73.056900,4.990000,0.978000,4.450000,,,,,,
73.092200,4.990000,0.978000,4.450000,,,,,,
73.101000,,,,-0.170816,2.420052,2.252078,-0.201793,2.176494,1.982286
73.127800,4.990000,0.978000,4.450000,,,,,,
73.151500,,,,-0.371274,2.441083,2.251914,-0.201793,2.176494,1.982286
73.162600,4.990000,0.978000,4.450000,,,,,,
73.197490,4.990000,0.978000,4.450000,,,,,,
73.201700,,,,-0.572268,2.443466,2.252090,-0.206775,2.198817,2.033662
73.231400,4.990000,0.978000,4.450000,,,,,,
73.252700,,,,-0.774823,2.428531,2.253003,-0.224829,2.276660,2.220433
73.265200,4.990000,0.978000,4.450000,,,,,,
73.299700,4.990000,0.978000,4.450000,,,,,,
73.303900,,,,-0.978739,2.399029,2.254273,-0.243235,2.330788,2.417846
73.334000,4.990000,0.978000,4.450000,,,,,,
73.356090,,,,-1.113526,2.373724,2.255179,-0.257459,2.314936,2.621686
73.368800,4.990000,0.978000,4.450000,,,,,,
73.403900,4.990000,0.978000,4.450000,,,,,,
73.407900,,,,-1.113526,2.373724,2.255179,-0.263719,2.250356,2.796080
73.438400,4.990000,0.978000,4.450000,,,,,,
73.458400,,,,-1.113526,2.373724,2.255179,-0.271111,2.187732,2.925985
73.472800,4.990000,0.978000,4.450000,,,,,,
73.506800,4.990000,0.978000,4.450000,,,,,,
73.508700,,,,-1.113526,2.373724,2.255179,-0.271391,2.185859,2.929978
73.541690,4.990000,0.978000,4.450000,,,,,,
73.559200,,,,-1.049028,2.387210,2.295705,-0.271391,2.185859,2.929978
73.575600,4.990000,0.978000,4.450000,,,,,,
73.610300,4.990000,0.978000,4.450000,-0.878552,2.420630,2.402820,-0.271391,2.185859,2.929978
73.644200,4.990000,0.978000,4.450000,,,,,,
73.660800,,,,-0.708547,2.449509,2.509127,-0.271391,2.185859,2.929978
73.679200,4.990000,0.978000,4.450000,,,,,,
73.711900,,,,-0.537302,2.470366,2.615839,-0.199782,2.265169,3.099223
73.713900,4.990000,0.978000,4.450000,,,,,,
73.748100,4.990000,0.978000,4.450000,,,,,,
73.763200,,,,-0.361278,2.478680,2.722566,-0.109971,2.314084,3.273344
73.782500,4.990000,0.978000,4.450000,,,,,,
73.814200,,,,-0.184600,2.469787,2.824674,-0.008612,2.289500,3.445209
73.816200,4.990000,0.978000,4.450000,,,,,,
73.851600,4.990000,0.978000,4.450000,,,,,,
73.865800,,,,-0.004445,2.440685,2.921722,0.098796,2.205959,3.600315
73.885300,4.990000,0.978000,4.450000,,,,,,
73.916800,,,,0.173156,2.391704,3.007694,0.197852,2.120702,3.713220
73.919100,4.990000,0.978000,4.450000,,,,,,
73.954300,4.990000,0.978000,4.450000,,,,,,
73.967000,,,,0.348293,2.325423,3.081156,0.217876,2.104609,3.732864
73.987800,4.990000,0.978000,4.450000,,,,,,
74.018600,,,,0.525632,2.244856,3.148450,0.217876,2.104609,3.732864
74.022900,4.990000,0.978000,4.450000,,,,,,
74.056900,4.990000,0.978000,4.450000,,,,,,
74.068700,,,,0.689413,2.160440,3.205148,0.217876,2.104609,3.732864
74.090190,4.990000,0.978000,4.450000,,,,,,
74.120400,,,,0.689413,2.160440,3.205148,0.217876,2.104609,3.732864
74.127600,4.990000,0.978000,4.450000,,,,,,
74.161800,4.990000,0.978000,4.450000,,,,,,
74.170600,,,,0.689413,2.160440,3.205148,0.182617,2.156691,3.582767
74.195300,4.990000,0.978000,4.450000,,,,,,
74.221690,,,,0.689413,2.160440,3.205148,0.138102,2.221163,3.393261
74.229400,4.990000,0.978000,4.450000,,,,,,
74.263200,4.990000,0.978000,4.450000,,,,,,
74.271700,,,,0.693688,2.170250,3.194185,0.094619,2.280255,3.208156
74.299700,4.990000,0.978000,4.450000,,,,,,
74.322900,,,,0.745570,2.299413,3.042986,0.049143,2.332237,3.014563
74.335000,4.990000,0.978000,4.450000,,,,,,
74.369900,4.990000,0.978000,4.450000,,,,,,
74.374300,,,,0.772117,2.388981,2.896684,0.003001,2.369402,2.818131
74.404900,4.990000,0.978000,4.450000,,,,,,
74.425300,,,,0.780620,2.350951,2.714929,-0.043545,2.388244,2.619984
74.439400,4.990000,0.978000,4.450000,,,,,,
74.473400,4.990000,0.978000,4.450000,,,,,,
74.475490,,,,0.759573,2.276019,2.623389,-0.089274,2.389035,2.425132
74.507700,4.990000,0.978000,4.450000,,,,,,
74.525790,,,,0.755803,2.244498,2.576359,-0.135090,2.374913,2.229372
74.541900,4.990000,0.978000,4.450000,,,,,,
74.576500,4.990000,0.978000,4.450000,0.755803,2.244498,2.576359,-0.181127,2.349814,2.033067
74.609790,4.990000,0.978000,4.450000,,,,,,
74.628400,,,,0.755803,2.244498,2.576359,-0.193466,2.341927,1.980484
74.644100,4.990000,0.978000,4.450000,,,,,,
74.678500,4.990000,0.978000,4.450000,0.755803,2.244498,2.576359,-0.193466,2.341927,1.980484
74.713500,4.990000,0.978000,4.450000,,,,,,
74.730200,,,,0.701271,2.309631,2.672957,-0.193466,2.341927,1.980484
74.748600,4.990000,0.978000,4.450000,,,,,,
74.781600,,,,0.623010,2.362705,2.771455,-0.193466,2.341927,1.980484
74.783800,4.990000,0.978000,4.450000,,,,,,
74.818600,4.990000,0.978000,4.450000,,,,,,
74.831790,,,,0.506195,2.307658,2.876002,-0.197708,2.418606,2.122676
74.852500,4.990000,0.978000,4.450000,,,,,,
74.883600,,,,0.410655,2.214760,2.912290,-0.202787,2.486122,2.301455
74.888200,4.990000,0.978000,4.450000,,,,,,
74.923190,4.990000,0.978000,4.450000,,,,,,
74.934700,,,,0.370003,2.174024,2.918431,-0.208127,2.457566,2.489428
74.956700,4.990000,0.978000,4.450000,,,,,,
74.986300,,,,0.370003,2.174024,2.918431,-0.212081,2.362430,2.628593
74.991100,4.990000,0.978000,4.450000,,,,,,
75.024700,4.990000,0.978000,4.450000,,,,,,
75.037500,,,,0.370003,2.174024,2.918431,-0.215768,2.269899,2.731654
75.059000,4.990000,0.978000,4.450000,,,,,,
75.089500,,,,0.370003,2.174024,2.918431,-0.215768,2.269899,2.731654
75.094000,4.990000,0.978000,4.450000,,,,,,
75.128200,4.990000,0.978000,4.450000,,,,,,
75.141000,,,,0.431544,2.238337,2.844347,-0.215768,2.269899,2.731654
75.162800,4.990000,0.978000,4.450000,,,,,,
75.191400,,,,0.516181,2.305263,2.742592,-0.215768,2.269899,2.731654
75.197600,4.990000,0.978000,4.450000,,,,,,
75.232200,4.990000,0.978000,4.450000,,,,,,
75.243500,,,,0.624802,2.260028,2.612279,-0.219309,2.288767,2.759366
75.267400,4.990000,0.978000,4.450000,,,,,,
75.294100,,,,0.695033,2.161708,2.525451,-0.248903,2.400595,2.925533
75.302800,4.990000,0.978000,4.450000,,,,,,
75.338100,4.990000,0.978000,4.450000,,,,,,
75.344700,,,,0.738652,2.103106,2.473879,-0.305750,2.477718,3.094238
75.373790,4.990000,0.978000,4.450000,,,,,,
75.396100,,,,0.738652,2.103106,2.473879,-0.385279,2.452960,3.261317
75.407800,4.990000,0.978000,4.450000,,,,,,
75.441800,4.990000,0.978000,4.450000,,,,,,
75.447700,,,,0.738652,2.103106,2.473879,-0.462145,2.387667,3.374329
75.475700,4.990000,0.978000,4.450000,,,,,,
75.499600,,,,0.738652,2.103106,2.473879,-0.505356,2.352172,3.429847
75.510400,4.990000,0.978000,4.450000,,,,,,
75.545000,4.990000,0.978000,4.450000,,,,,,
75.551200,,,,0.655450,2.132113,2.463421,-0.505356,2.352172,3.429847
75.580200,4.990000,0.978000,4.450000,,,,,,
75.602000,,,,0.463540,2.197975,2.439540,-0.505356,2.352172,3.429847
75.614300,4.990000,0.978000,4.450000,,,,,,
75.648990,4.990000,0.978000,4.450000,,,,,,
75.653700,,,,0.268955,2.261185,2.415762,-0.505356,2.352172,3.429847
75.682500,4.990000,0.978000,4.450000,,,,,,
75.704600,,,,0.072983,2.314845,2.392274,-0.489817,2.378613,3.321812
75.716800,4.990000,0.978000,4.450000,,,,,,
75.750800,4.990000,0.978000,4.450000,,,,,,
75.754900,,,,-0.122987,2.351965,2.368564,-0.461508,2.421647,3.127609
75.786000,4.990000,0.978000,4.450000,,,,,,
75.805200,,,,-0.322061,2.369163,2.345512,-0.432009,2.451939,2.930950
75.819900,4.990000,0.978000,4.450000,,,,,,
75.854190,4.990000,0.978000,4.450000,,,,,,
75.856300,,,,-0.524770,2.367046,2.321937,-0.400375,2.454928,2.729546
75.888100,4.990000,0.978000,4.450000,,,,,,
75.908100,,,,-0.729353,2.348420,2.298398,-0.369621,2.419909,2.528359
75.923500,4.990000,0.978000,4.450000,,,,,,
75.958100,4.990000,0.978000,4.450000,,,,,,
75.960100,,,,-0.935471,2.321124,2.281935,-0.337993,2.349155,2.334996
75.991800,4.990000,0.978000,4.450000,,,,,,
76.011800,,,,-0.951791,2.318865,2.281082,-0.299496,2.251059,2.158442
76.026700,4.990000,0.978000,4.450000,,,,,,
76.061400,4.990000,0.978000,4.450000,,,,,,
76.063400,,,,-0.951791,2.318865,2.281082,-0.254812,2.155195,2.021115
76.095790,4.990000,0.978000,4.450000,,,,,,
76.114900,,,,-0.951791,2.318865,2.281082,-0.254812,2.155195,2.021115
76.129390,4.990000,0.978000,4.450000,,,,,,
76.164000,4.990000,0.978000,4.450000,,,,,,
76.166000,,,,-0.951791,2.318865,2.281082,-0.254812,2.155195,2.021115
76.198300,4.990000,0.978000,4.450000,,,,,,
76.217300,,,,-0.789016,2.398446,2.372635,-0.254812,2.155195,2.021115
76.232890,4.990000,0.978000,4.450000,,,,,,
76.267900,4.990000,0.978000,4.450000,-0.634476,2.461415,2.459556,-0.266290,2.166103,2.049885
76.302200,4.990000,0.978000,4.450000,,,,,,
76.319100,,,,-0.446484,2.490379,2.565419,-0.342543,2.236394,2.242240
76.336000,4.990000,0.978000,4.450000,,,,,,
76.370000,4.990000,0.978000,4.450000,-0.271885,2.452543,2.663429,-0.414615,2.292678,2.425116
76.403400,4.990000,0.978000,4.450000,,,,,,
76.421390,,,,-0.109549,2.365998,2.754691,-0.489017,2.321330,2.614381
76.437100,4.990000,0.978000,4.450000,,,,,,
76.472200,4.990000,0.978000,4.450000,0.006279,2.284796,2.819944,-0.562784,2.308832,2.801377
76.506400,4.990000,0.978000,4.450000,,,,,,
76.522700,,,,0.006279,2.284796,2.819944,-0.635273,2.261902,2.985272
76.540700,4.990000,0.978000,4.450000,,,,,,
76.574600,4.990000,0.978000,4.450000,0.006279,2.284796,2.819944,-0.705216,2.197030,3.162719
76.608800,4.990000,0.978000,4.450000,,,,,,
76.626400,,,,0.006279,2.284796,2.819944,-0.721428,2.182792,3.199652
76.642900,4.990000,0.978000,4.450000,,,,,,
76.676600,4.990000,0.978000,4.450000,0.030528,2.299627,2.806807,-0.721428,2.182792,3.199652
76.712000,4.990000,0.978000,4.450000,,,,,,
76.727500,,,,0.189165,2.393858,2.720781,-0.721428,2.182792,3.199652
76.746890,4.990000,0.978000,4.450000,,,,,,
76.777900,,,,0.350566,2.468831,2.632764,-0.721428,2.182792,3.199652
76.781800,4.990000,0.978000,4.450000,,,,,,
76.815600,4.990000,0.978000,4.450000,,,,,,
76.828400,,,,0.526696,2.485752,2.536108,-0.801443,2.234503,3.316947
76.851300,4.990000,0.978000,4.450000,,,,,,
76.880600,,,,0.698130,2.431035,2.440070,-0.914343,2.295958,3.482449
76.884900,4.990000,0.978000,4.450000,,,,,,
76.919800,4.990000,0.978000,4.450000,,,,,,
76.932800,,,,0.819310,2.365419,2.346238,-1.030356,2.313188,3.653201
76.955100,4.990000,0.978000,4.450000,,,,,,
76.983800,,,,0.840536,2.352838,2.327972,-1.142101,2.263504,3.817346
76.988490,4.990000,0.978000,4.450000,,,,,,
77.022900,4.990000,0.978000,4.450000,,,,,,
77.035700,,,,0.840536,2.352838,2.327972,-1.236301,2.179039,3.955712
77.057200,4.990000,0.978000,4.450000,,,,,,
77.086490,,,,0.840536,2.352838,2.327972,-1.305014,2.105182,4.056640
77.091000,4.990000,0.978000,4.450000,,,,,,
77.124800,4.990000,0.978000,4.450000,,,,,,
77.137400,,,,0.840536,2.352838,2.327972,-1.305014,2.105182,4.056640
77.159800,4.990000,0.978000,4.450000,,,,,,
77.188800,,,,0.672086,2.387668,2.327603,-1.305014,2.105182,4.056640
77.193400,4.990000,0.978000,4.450000,,,,,,
77.227200,4.990000,0.978000,4.450000,,,,,,
77.240100,,,,0.470838,2.424977,2.327164,-1.305014,2.105182,4.056640
77.260800,4.990000,0.978000,4.450000,,,,,,
77.291400,,,,0.267317,2.453410,2.326970,-1.291161,2.112259,4.036084
77.295500,4.990000,0.978000,4.450000,,,,,,
77.329300,4.990000,0.978000,4.450000,,,,,,
77.342200,,,,0.063624,2.465766,2.327244,-1.182556,2.168131,3.872509
77.364400,4.990000,0.978000,4.450000,,,,,,
77.393200,,,,-0.140293,2.456766,2.328311,-1.076398,2.223353,3.707013
77.398900,4.990000,0.978000,4.450000,,,,,,
77.432400,4.990000,0.978000,4.450000,,,,,,
77.444200,,,,-0.341500,2.425348,2.338687,-0.972576,2.276433,3.539588
77.466090,4.990000,0.978000,4.450000,,,,,,
77.495990,,,,-0.541102,2.374275,2.358065,-0.867032,2.324799,3.368209
77.500000,4.990000,0.978000,4.450000,,,,,,
77.533700,4.990000,0.978000,4.450000,,,,,,
77.547500,,,,-0.735291,2.309671,2.383297,-0.763190,2.364146,3.194451
77.567790,4.990000,0.978000,4.450000,,,,,,
77.598400,,,,-0.923265,2.237579,2.412313,-0.660065,2.391315,3.021274
77.602600,4.990000,0.978000,4.450000,,,,,,
77.637100,4.990000,0.978000,4.450000,,,,,,
77.649200,,,,-0.989961,2.210842,2.423667,-0.555447,2.405644,2.847463
77.671600,4.990000,0.978000,4.450000,,,,,,
77.699500,,,,-0.989961,2.210842,2.423667,-0.451105,2.407303,2.675632
77.705300,4.990000,0.978000,4.450000,,,,,,
77.739000,4.990000,0.978000,4.450000,,,,,,
77.750500,,,,-0.989961,2.210842,2.423667,-0.345070,2.397734,2.501602
77.773900,4.990000,0.978000,4.450000,,,,,,
77.800900,,,,-0.989961,2.210842,2.423667,-0.241111,2.379390,2.329728
77.807200,4.990000,0.978000,4.450000,,,,,,
77.842000,4.990000,0.978000,4.450000,,,,,,
77.853600,,,,-0.880531,2.252374,2.493353,-0.162187,2.361292,2.199387
77.875900,4.990000,0.978000,4.450000,,,,,,
77.905200,,,,-0.711149,2.312038,2.601218,-0.162187,2.361292,2.199387
77.909400,4.990000,0.978000,4.450000,,,,,,
77.944200,4.990000,0.978000,4.450000,,,,,,
77.956900,,,,-0.540053,2.350460,2.710175,-0.162187,2.361292,2.199387
77.978100,4.990000,0.978000,4.450000,,,,,,
78.007100,,,,-0.369525,2.346786,2.814657,-0.162187,2.361292,2.199387
78.011500,4.990000,0.978000,4.450000,,,,,,
78.045800,4.990000,0.978000,4.450000,,,,,,
78.057500,,,,-0.197121,2.303302,2.909869,-0.194270,2.382680,2.258174
78.080500,4.990000,0.978000,4.450000,,,,,,
78.107890,,,,-0.018704,2.239764,2.977659,-0.286698,2.439994,2.427536
78.114200,4.990000,0.978000,4.450000,,,,,,
78.148990,4.990000,0.978000,4.450000,,,,,,
78.159190,,,,0.101561,2.195265,3.011672,-0.382974,2.482589,2.603946
78.182700,4.990000,0.978000,4.450000,,,,,,
78.211200,,,,0.101561,2.195265,3.011672,-0.482242,2.486579,2.784950
78.217800,4.990000,0.978000,4.450000,,,,,,
78.252400,4.990000,0.978000,4.450000,,,,,,
78.263200,,,,0.101561,2.195265,3.011672,-0.579295,2.438345,2.962804
78.286400,4.990000,0.978000,4.450000,,,,,,
78.314400,,,,0.101561,2.195265,3.011672,-0.668151,2.349567,3.124252
78.320590,4.990000,0.978000,4.450000,,,,,,
78.354500,4.990000,0.978000,4.450000,,,,,,
78.364700,,,,0.176365,2.224012,2.973736,-0.750465,2.243009,3.274547
78.389500,4.990000,0.978000,4.450000,,,,,,
78.416200,,,,0.351868,2.285657,2.885570,-0.766612,2.220724,3.301786
78.424300,4.990000,0.978000,4.450000,,,,,,
78.459000,4.990000,0.978000,4.450000,,,,,,
78.466800,,,,0.529782,2.320673,2.796314,-0.766612,2.220724,3.301786
78.493500,4.990000,0.978000,4.450000,,,,,,
78.517200,,,,0.708152,2.300358,2.706821,-0.766612,2.220724,3.301786
78.527000,4.990000,0.978000,4.450000,,,,,,
78.562700,4.990000,0.978000,4.450000,,,,,,
78.568790,,,,0.880733,2.226764,2.621457,-0.766612,2.220724,3.301786
78.597690,4.990000,0.978000,4.450000,,,,,,
78.619800,,,,1.016669,2.143398,2.553630,-0.707530,2.300788,3.448672
78.631800,4.990000,0.978000,4.450000,,,,,,
78.665600,4.990000,0.978000,4.450000,,,,,,
78.671800,,,,1.069552,2.108926,2.527204,-0.624486,2.385009,3.618277
78.700400,4.990000,0.978000,4.450000,,,,,,
78.722900,,,,1.069552,2.108926,2.527204,-0.521493,2.442736,3.785841
78.735000,4.990000,0.978000,4.450000,,,,,,
78.770200,4.990000,0.978000,4.450000,,,,,,
78.774500,,,,1.069552,2.108926,2.527204,-0.397823,2.459650,3.949377
78.804000,4.990000,0.978000,4.450000,,,,,,
78.826190,,,,1.069552,2.108926,2.527204,-0.258826,2.438100,4.100538
78.839290,4.990000,0.978000,4.450000,,,,,,
78.872890,4.990000,0.978000,4.450000,,,,,,
78.877100,,,,0.949969,2.142939,2.533628,-0.110800,2.393928,4.232674
78.907300,4.990000,0.978000,4.450000,,,,,,
78.928500,,,,0.752468,2.198443,2.544208,-0.010610,2.360677,4.307145
78.941800,4.990000,0.978000,4.450000,,,,,,
78.975490,4.990000,0.978000,4.450000,,,,,,
78.979700,,,,0.554998,2.252596,2.554704,-0.010610,2.360677,4.307145
79.010600,4.990000,0.978000,4.450000,,,,,,
79.030100,,,,0.359900,2.302537,2.564974,-0.010610,2.360677,4.307145
79.045800,4.990000,0.978000,4.450000,,,,,,
79.080200,4.990000,0.978000,4.450000,0.164372,2.346148,2.575298,-0.010610,2.360677,4.307145
79.113700,4.990000,0.978000,4.450000,,,,,,
79.131700,,,,-0.037714,2.381760,2.585983,-0.025343,2.374078,4.221373
79.147500,4.990000,0.978000,4.450000,,,,,,
79.182200,4.990000,0.978000,4.450000,-0.237244,2.405651,2.596538,-0.060912,2.402461,4.025327
79.215700,4.990000,0.978000,4.450000,,,,,,
79.233700,,,,-0.442923,2.418000,2.607497,-0.101672,2.427160,3.824549
79.250600,4.990000,0.978000,4.450000,,,,,,
79.284700,4.990000,0.978000,4.450000,-0.646837,2.417993,2.623815,-0.149604,2.443619,3.626343
79.319100,4.990000,0.978000,4.450000,,,,,,
79.335300,,,,-0.847614,2.406174,2.650549,-0.204672,2.448381,3.431124
79.353290,4.990000,0.978000,4.450000,,,,,,
79.387790,4.990000,0.978000,4.450000,-1.027198,2.386341,2.682110,-0.259212,2.440902,3.256169
79.422200,4.990000,0.978000,4.450000,,,,,,
79.438800,,,,-1.178005,2.363166,2.714681,-0.330657,2.414402,3.040190
79.456900,4.990000,0.978000,4.450000,,,,,,
79.488900,,,,-1.178005,2.363166,2.714681,-0.398559,2.375981,2.854343
79.491290,4.990000,0.978000,4.450000,,,,,,
79.525300,4.990000,0.978000,4.450000,,,,,,
79.542700,,,,-1.178005,2.363166,2.714681,-0.471204,2.326120,2.673537
79.558600,4.990000,0.978000,4.450000,,,,,,
79.592500,4.990000,0.978000,4.450000,,,,,,
79.595600,,,,-1.178005,2.363166,2.714681,-0.560701,2.260665,2.482121
79.626300,4.990000,0.978000,4.450000,,,,,,
79.647500,,,,-1.079296,2.389732,2.694955,-0.654877,2.190244,2.305692
79.659700,4.990000,0.978000,4.450000,,,,,,
79.693600,4.990000,0.978000,4.450000,,,,,,
79.699300,,,,-0.881210,2.438454,2.655868,-0.674087,2.176069,2.272491
79.727800,4.990000,0.978000,4.450000,,,,,,
79.752000,,,,-0.681006,2.474344,2.616470,-0.674087,2.176069,2.272491
79.761800,4.990000,0.978000,4.450000,,,,,,
79.797700,4.990000,0.978000,4.450000,,,,,,
79.804000,,,,-0.477844,2.484189,2.576470,-0.674087,2.176069,2.272491
79.833000,4.990000,0.978000,4.450000,,,,,,
79.856200,,,,-0.273273,2.458467,2.536182,-0.674087,2.176069,2.272491
79.868500,4.990000,0.978000,4.450000,,,,,,
79.903700,4.990000,0.978000,4.450000,,,,,,
79.908290,,,,-0.076359,2.398962,2.497402,-0.633601,2.258018,2.447521
79.937700,4.990000,0.978000,4.450000,,,,,,
79.960400,,,,0.110577,2.314463,2.471167,-0.586394,2.336690,2.633049
79.972690,4.990000,0.978000,4.450000,,,,,,
80.007300,4.990000,0.978000,4.450000,,,,,,
80.012300,,,,0.291559,2.212749,2.459030,-0.530147,2.382921,2.827389
80.041900,4.990000,0.978000,4.450000,,,,,,
80.063300,,,,0.291559,2.212749,2.459030,-0.461017,2.375233,3.018855
80.075800,4.990000,0.978000,4.450000,,,,,,
80.111690,4.990000,0.978000,4.450000,,,,,,
80.114000,,,,0.291559,2.212749,2.459030,-0.374603,2.329452,3.196598
80.147600,4.990000,0.978000,4.450000,,,,,,
80.165300,,,,0.291559,2.212749,2.459030,-0.291432,2.286648,3.319360
80.181200,4.990000,0.978000,4.450000,,,,,,
80.215100,4.990000,0.978000,4.450000,,,,,,
80.217300,,,,0.301038,2.221025,2.468906,-0.291432,2.286648,3.319360
80.249800,4.990000,0.978000,4.450000,,,,,,
80.267490,,,,0.420227,2.322132,2.593306,-0.291432,2.286648,3.319360
80.283400,4.990000,0.978000,4.450000,,,,,,
80.317900,4.990000,0.978000,4.450000,0.544304,2.409367,2.724593,-0.291432,2.286648,3.319360
80.352000,4.990000,0.978000,4.450000,,,,,,
80.368900,,,,0.682225,2.446644,2.870117,-0.269277,2.292925,3.333794
80.387400,4.990000,0.978000,4.450000,,,,,,
80.419900,,,,0.806107,2.404527,3.011122,-0.103313,2.338955,3.443048
80.422000,4.990000,0.978000,4.450000,,,,,,
80.456500,4.990000,0.978000,4.450000,,,,,,
80.470200,,,,0.867400,2.339310,3.096564,0.058542,2.376645,3.555376
80.490390,4.990000,0.978000,4.450000,,,,,,
80.521600,,,,0.886854,2.309056,3.127888,0.221065,2.381363,3.681089
80.523800,4.990000,0.978000,4.450000,,,,,,
80.557800,4.990000,0.978000,4.450000,,,,,,
80.572100,,,,0.886854,2.309056,3.127888,0.362247,2.330161,3.811574
80.593700,4.990000,0.978000,4.450000,,,,,,
80.623600,,,,0.886854,2.309056,3.127888,0.458217,2.255710,3.925317
80.628490,4.990000,0.978000,4.450000,,,,,,
80.662600,4.990000,0.978000,4.450000,,,,,,
80.674190,,,,0.886854,2.309056,3.127888,0.526057,2.179716,4.030420
80.696200,4.990000,0.978000,4.450000,,,,,,
80.726500,,,,0.762233,2.333237,3.108156,0.531886,2.171328,4.042185
80.731300,4.990000,0.978000,4.450000,,,,,,
80.764800,4.990000,0.978000,4.450000,,,,,,
80.778000,,,,0.561066,2.368657,3.076508,0.531886,2.171328,4.042185
80.798500,4.990000,0.978000,4.450000,,,,,,
80.829100,,,,0.360609,2.395149,3.046064,0.531886,2.171328,4.042185
80.834000,4.990000,0.978000,4.450000,,,,,,
80.867500,4.990000,0.978000,4.450000,,,,,,
80.882100,,,,0.154704,2.404566,3.014681,0.531886,2.171328,4.042185
80.901790,4.990000,0.978000,4.450000,,,,,,
80.934200,,,,-0.052894,2.389293,2.982893,0.420832,2.233934,3.874979
80.936800,4.990000,0.978000,4.450000,,,,,,
80.972690,4.990000,0.978000,4.450000,,,,,,
80.985200,,,,-0.250307,2.349388,2.952640,0.313799,2.293262,3.712035
81.006600,4.990000,0.978000,4.450000,,,,,,
81.035700,,,,-0.440837,2.289367,2.923437,0.208621,2.349057,3.548917
81.040790,4.990000,0.978000,4.450000,,,,,,
81.074900,4.990000,0.978000,4.450000,,,,,,
81.087800,,,,-0.631757,2.212642,2.894174,0.101762,2.399307,3.377882
81.109700,4.990000,0.978000,4.450000,,,,,,
81.138300,,,,-0.790453,2.140485,2.878556,-0.000053,2.436209,3.205024
81.145000,4.990000,0.978000,4.450000,,,,,,
81.180200,4.990000,0.978000,4.450000,,,,,,
81.190300,,,,-0.790453,2.140485,2.878556,-0.099715,2.456464,3.023886
81.215800,4.990000,0.978000,4.450000,,,,,,
81.241600,,,,-0.790453,2.140485,2.878556,-0.190471,2.457497,2.840812
81.250400,4.990000,0.978000,4.450000,,,,,,
81.285800,4.990000,0.978000,4.450000,,,,,,
81.294490,,,,-0.790453,2.140485,2.878556,-0.268955,2.442022,2.663285
81.320800,4.990000,0.978000,4.450000,,,,,,
81.345200,,,,-0.745240,2.162475,2.870441,-0.346609,2.409714,2.459926
81.354190,4.990000,0.978000,4.450000,,,,,,
81.389400,4.990000,0.978000,4.450000,,,,,,
81.395800,,,,-0.564337,2.248787,2.837972,-0.405530,2.372802,2.278014
81.424400,4.990000,0.978000,4.450000,,,,,,
81.447600,,,,-0.375384,2.326196,2.804058,-0.405530,2.372802,2.278014
81.458100,4.990000,0.978000,4.450000,,,,,,
81.493300,4.990000,0.978000,4.450000,,,,,,
81.499400,,,,-0.175362,2.366580,2.769561,-0.405530,2.372802,2.278014
81.528500,4.990000,0.978000,4.450000,,,,,,
81.551200,,,,0.027927,2.356184,2.738920,-0.405530,2.372802,2.278014
81.563190,4.990000,0.978000,4.450000,,,,,,
81.598300,4.990000,0.978000,4.450000,,,,,,
81.602400,,,,0.224357,2.309372,2.706084,-0.395766,2.380548,2.305534
81.631900,4.990000,0.978000,4.450000,,,,,,
81.652690,,,,0.317942,2.281715,2.691265,-0.330665,2.427953,2.489022
81.666500,4.990000,0.978000,4.450000,,,,,,
81.700500,4.990000,0.978000,4.450000,,,,,,
81.704500,,,,0.317942,2.281715,2.691265,-0.261655,2.455197,2.683528
81.734200,4.990000,0.978000,4.450000,,,,,,
81.754800,,,,0.317942,2.281715,2.691265,-0.195762,2.427925,2.869247
81.768600,4.990000,0.978000,4.450000,,,,,,
81.803000,4.990000,0.978000,4.450000,,,,,,
81.805300,,,,0.317942,2.281715,2.691265,-0.134186,2.345393,3.042800
81.838390,4.990000,0.978000,4.450000,,,,,,
81.857300,,,,0.368893,2.309823,2.733009,-0.077383,2.227927,3.202900
81.872300,4.990000,0.978000,4.450000,,,,,,
81.907600,4.990000,0.978000,4.450000,0.499513,2.370133,2.837613,-0.039297,2.136029,3.310246
81.943000,4.990000,0.978000,4.450000,,,,,,
81.958300,,,,0.638985,2.359552,2.936049,-0.039297,2.136029,3.310246
81.978100,4.990000,0.978000,4.450000,,,,,,
82.009200,,,,0.790239,2.270624,3.038660,-0.039297,2.136029,3.310246
82.011500,4.990000,0.978000,4.450000,,,,,,
82.045500,4.990000,0.978000,4.450000,,,,,,
82.062800,,,,0.908225,2.173668,3.120378,-0.039297,2.136029,3.310246
82.079100,4.990000,0.978000,4.450000,,,,,,
82.112700,4.990000,0.978000,4.450000,,,,,,
82.114800,,,,0.942128,2.149082,3.143877,-0.034779,2.167524,3.349082
82.147800,4.990000,0.978000,4.450000,,,,,,
82.165600,,,,0.942128,2.149082,3.143877,-0.016088,2.290835,3.509730
82.181500,4.990000,0.978000,4.450000,,,,,,
82.215600,4.990000,0.978000,4.450000,0.942128,2.149082,3.143877,0.004067,2.378101,3.682967
82.250600,4.990000,0.978000,4.450000,,,,,,
82.266400,,,,0.942128,2.149082,3.143877,0.026107,2.369553,3.875862
82.284100,4.990000,0.978000,4.450000,,,,,,
82.318200,4.990000,0.978000,4.450000,0.783968,2.202904,3.168980,0.040906,2.305483,4.003998
82.352290,4.990000,0.978000,4.450000,,,,,,
82.368700,,,,0.593604,2.265699,3.201455,0.048502,2.261762,4.069766
82.387600,4.990000,0.978000,4.450000,,,,,,
82.419490,,,,0.402385,2.324551,3.237780,0.048502,2.261762,4.069766
82.421500,4.990000,0.978000,4.450000,,,,,,
82.458200,4.990000,0.978000,4.450000,,,,,,
82.471500,,,,0.206071,2.375842,3.279270,0.048502,2.261762,4.069766
82.492000,4.990000,0.978000,4.450000,,,,,,
82.522800,,,,0.008727,2.414255,3.325765,0.048502,2.261762,4.069766
82.526790,4.990000,0.978000,4.450000,,,,,,
82.561900,4.990000,0.978000,4.450000,,,,,,
82.574100,,,,-0.188934,2.437982,3.375606,0.009796,2.277467,3.991054
82.596900,4.990000,0.978000,4.450000,,,,,,
82.626200,,,,-0.391158,2.446230,3.423446,-0.081024,2.312250,3.807165
82.630200,4.990000,0.978000,4.450000,,,,,,
82.665500,4.990000,0.978000,4.450000,,,,,,
82.678000,,,,-0.593247,2.438709,3.469257,-0.173609,2.343030,3.624159
82.700700,4.990000,0.978000,4.450000,,,,,,
82.728900,,,,-0.791322,2.417866,3.513393,-0.269207,2.365457,3.445343
82.735600,4.990000,0.978000,4.450000,,,,,,
82.771500,4.990000,0.978000,4.450000,,,,,,
82.780800,,,,-0.989801,2.386319,3.556729,-0.371296,2.375066,3.267201
82.806100,4.990000,0.978000,4.450000,,,,,,
82.831400,,,,-1.017147,2.381326,3.562715,-0.480700,2.366963,3.096401
82.839900,4.990000,0.978000,4.450000,,,,,,
82.873700,4.990000,0.978000,4.450000,,,,,,
82.882600,,,,-1.017147,2.381326,3.562715,-0.602245,2.338690,2.934400
82.909000,4.990000,0.978000,4.450000,,,,,,
82.933300,,,,-1.017147,2.381326,3.562715,-0.737529,2.292867,2.789399
82.944500,4.990000,0.978000,4.450000,,,,,,
82.978000,4.990000,0.978000,4.450000,,,,,,
82.984100,,,,-1.017147,2.381326,3.562715,-0.882364,2.233845,2.659308
83.012900,4.990000,0.978000,4.450000,,,,,,
83.035700,,,,-0.869130,2.411959,3.450529,-1.033182,2.164488,2.537971
83.046300,4.990000,0.978000,4.450000,,,,,,
83.080500,4.990000,0.978000,4.450000,,,,,,
83.086600,,,,-0.708634,2.441628,3.327729,-1.086373,2.139267,2.501492
83.114000,4.990000,0.978000,4.450000,,,,,,
83.138100,,,,-0.547761,2.465572,3.202840,-1.086373,2.139267,2.501492
83.148900,4.990000,0.978000,4.450000,,,,,,
83.182400,4.990000,0.978000,4.450000,,,,,,
83.189000,,,,-0.387514,2.480070,3.077773,-1.086373,2.139267,2.501492
83.217700,4.990000,0.978000,4.450000,,,,,,
83.241000,,,,-0.223658,2.482068,2.949384,-1.086373,2.139267,2.501492
83.251900,4.990000,0.978000,4.450000,,,,,,
83.287090,4.990000,0.978000,4.450000,,,,,,
83.291690,,,,-0.064625,2.469271,2.825512,-0.966062,2.198211,2.566170
83.322400,4.990000,0.978000,4.450000,,,,,,
83.343200,,,,0.097719,2.440937,2.699736,-0.799465,2.278889,2.659613
83.357400,4.990000,0.978000,4.450000,,,,,,
83.392800,4.990000,0.978000,4.450000,,,,,,
83.394800,,,,0.256995,2.398176,2.576087,-0.633545,2.350517,2.758693
83.427500,4.990000,0.978000,4.450000,,,,,,
83.445300,,,,0.411162,2.345271,2.456755,-0.468577,2.398786,2.864458
83.461490,4.990000,0.978000,4.450000,,,,,,
83.495900,4.990000,0.978000,4.450000,0.564818,2.286191,2.338583,-0.297600,2.413036,2.971798
83.531100,4.990000,0.978000,4.450000,,,,,,
83.547400,,,,0.719963,2.222092,2.219151,-0.122652,2.394767,3.078736
83.566200,4.990000,0.978000,4.450000,,,,,,
83.600900,4.990000,0.978000,4.450000,0.757242,2.206199,2.189976,0.038817,2.353822,3.189970
83.634900,4.990000,0.978000,4.450000,,,,,,
83.651900,,,,0.757242,2.206199,2.189976,0.077454,2.340185,3.222130
83.668300,4.990000,0.978000,4.450000,,,,,,
83.703700,4.990000,0.978000,4.450000,0.757242,2.206199,2.189976,0.077454,2.340185,3.222130
83.737300,4.990000,0.978000,4.450000,,,,,,
83.754900,,,,0.757242,2.206199,2.189976,0.077454,2.340185,3.222130
83.772990,4.990000,0.978000,4.450000,,,,,,
83.805900,,,,0.774888,2.286802,2.344176,0.077454,2.340185,3.222130
83.808100,4.990000,0.978000,4.450000,,,,,,
83.842400,4.990000,0.978000,4.450000,,,,,,
83.857800,,,,0.797454,2.369322,2.533420,0.067770,2.391073,3.381662
83.877700,4.990000,0.978000,4.450000,,,,,,
83.908800,,,,0.827781,2.400586,2.731473,0.044437,2.435767,3.567579
83.911200,4.990000,0.978000,4.450000,,,,,,
83.949500,4.990000,0.978000,4.450000,,,,,,
83.960800,,,,0.874336,2.345048,2.923792,0.009855,2.412498,3.752529
83.984790,4.990000,0.978000,4.450000,,,,,,
84.011100,,,,0.923615,2.265610,3.040889,-0.016275,2.333567,3.904498
84.020000,4.990000,0.978000,4.450000,,,,,,
84.055100,4.990000,0.978000,4.450000,,,,,,
84.061290,,,,0.957738,2.214434,3.098914,-0.063077,2.252157,4.025255
84.090400,4.990000,0.978000,4.450000,,,,,,
84.111500,,,,0.957738,2.214434,3.098914,-0.079989,2.232605,4.056984
84.128200,4.990000,0.978000,4.450000,,,,,,
84.163500,4.990000,0.978000,4.450000,0.957738,2.214434,3.098914,-0.079989,2.232605,4.056984
84.198800,4.990000,0.978000,4.450000,,,,,,
84.214200,,,,0.957738,2.214434,3.098914,-0.079989,2.232605,4.056984
84.232800,4.990000,0.978000,4.450000,,,,,,
84.265900,,,,0.863794,2.231645,3.079264,-0.079989,2.232605,4.056984
84.268100,4.990000,0.978000,4.450000,,,,,,
84.301400,4.990000,0.978000,4.450000,,,,,,
84.317400,,,,0.665232,2.266515,3.034759,-0.069083,2.284700,3.903859
84.335900,4.990000,0.978000,4.450000,,,,,,
84.368600,,,,0.469203,2.298562,2.986653,-0.049933,2.346808,3.710104
84.370600,4.990000,0.978000,4.450000,,,,,,
84.404500,4.990000,0.978000,4.450000,,,,,,
84.418800,,,,0.277226,2.325809,2.934858,-0.023206,2.400554,3.518618
84.439400,4.990000,0.978000,4.450000,,,,,,
84.469700,,,,0.083014,2.346981,2.877884,0.012769,2.442803,3.322871
84.477290,4.990000,0.978000,4.450000,,,,,,
84.512900,4.990000,0.978000,4.450000,,,,,,
84.521190,,,,-0.112984,2.359804,2.816094,0.055158,2.468996,3.123133
84.548000,4.990000,0.978000,4.450000,,,,,,
84.572490,,,,-0.306926,2.362778,2.748699,0.102657,2.476311,2.923551
84.582500,4.990000,0.978000,4.450000,,,,,,
84.616800,4.990000,0.978000,4.450000,,,,,,
84.622800,,,,-0.495865,2.355883,2.678762,0.154211,2.465557,2.729009
84.651700,4.990000,0.978000,4.450000,,,,,,
84.673000,,,,-0.682947,2.339698,2.611649,0.204163,2.439044,2.537822
84.687100,4.990000,0.978000,4.450000,,,,,,
84.721000,4.990000,0.978000,4.450000,,,,,,
84.723200,,,,-0.872228,2.314955,2.547250,0.248772,2.398105,2.345699
84.755290,4.990000,0.978000,4.450000,,,,,,
84.773800,,,,-1.060948,2.283426,2.485324,0.279064,2.361438,2.207368
84.789300,4.990000,0.978000,4.450000,,,,,,
84.822800,4.990000,0.978000,4.450000,,,,,,
84.825000,,,,-1.253838,2.246261,2.423153,0.279064,2.361438,2.207368
84.858200,4.990000,0.978000,4.450000,,,,,,
84.875800,,,,-1.360799,2.224056,2.387982,0.279064,2.361438,2.207368
84.893200,4.990000,0.978000,4.450000,,,,,,
84.927100,4.990000,0.978000,4.450000,-1.360799,2.224056,2.387982,0.279064,2.361438,2.207368
84.961000,4.990000,0.978000,4.450000,,,,,,
84.978200,,,,-1.360799,2.224056,2.387982,0.227525,2.375462,2.247415
84.995200,4.990000,0.978000,4.450000,,,,,,
85.028300,,,,-1.360799,2.224056,2.387982,0.071472,2.412517,2.362204
85.030400,4.990000,0.978000,4.450000,,,,,,
85.064500,4.990000,0.978000,4.450000,,,,,,
85.078700,,,,-1.269955,2.249600,2.365415,-0.100969,2.431980,2.471397
85.099300,4.990000,0.978000,4.450000,,,,,,
85.129700,,,,-1.079378,2.302217,2.318074,-0.281573,2.406358,2.559677
85.134090,4.990000,0.978000,4.450000,,,,,,
85.168400,4.990000,0.978000,4.450000,,,,,,
85.181590,,,,-0.884208,2.354097,2.269574,-0.463295,2.333442,2.627727
85.205100,4.990000,0.978000,4.450000,,,,,,
85.231990,,,,-0.694271,2.400202,2.222208,-0.632556,2.237938,2.679087
85.238700,4.990000,0.978000,4.450000,,,,,,
85.273500,4.990000,0.978000,4.450000,,,,,,
85.284000,,,,-0.495699,2.440289,2.172681,-0.805385,2.128534,2.719737
85.308200,4.990000,0.978000,4.450000,,,,,,
85.335300,,,,-0.298686,2.468728,2.123580,-0.812555,2.124136,2.721217
85.343400,4.990000,0.978000,4.450000,,,,,,
85.377700,4.990000,0.978000,4.450000,,,,,,
85.389000,,,,-0.103186,2.483713,2.074871,-0.812555,2.124136,2.721217
85.411090,4.990000,0.978000,4.450000,,,,,,
85.440600,,,,0.110148,2.483991,2.021994,-0.812555,2.124136,2.721217
85.444600,4.990000,0.978000,4.450000,,,,,,
85.479190,4.990000,0.978000,4.450000,,,,,,
85.491800,,,,0.306850,2.469599,1.973123,-0.808828,2.130860,2.734440
85.513900,4.990000,0.978000,4.450000,,,,,,
85.543300,,,,0.505082,2.441328,1.923642,-0.758231,2.219003,2.913947
85.547290,4.990000,0.978000,4.450000,,,,,,
85.582100,4.990000,0.978000,4.450000,,,,,,
85.594600,,,,0.700754,2.400851,1.872331,-0.704597,2.296606,3.097364
85.617200,4.990000,0.978000,4.450000,,,,,,
85.645000,,,,0.815161,2.371162,1.839259,-0.640155,2.344406,3.281704
85.651500,4.990000,0.978000,4.450000,,,,,,
85.685900,4.990000,0.978000,4.450000,,,,,,
85.696590,,,,0.815161,2.371162,1.839259,-0.562681,2.340290,3.472262
85.719400,4.990000,0.978000,4.450000,,,,,,
85.747200,,,,0.815161,2.371162,1.839259,-0.477265,2.281032,3.645064
85.754800,4.990000,0.978000,4.450000,,,,,,
85.789700,4.990000,0.978000,4.450000,,,,,,
85.798800,,,,0.815161,2.371162,1.839259,-0.406352,2.201520,3.773161
85.823100,4.990000,0.978000,4.450000,,,,,,
85.848900,,,,0.817972,2.402321,1.917264,-0.392589,2.183159,3.802896
85.858200,4.990000,0.978000,4.450000,,,,,,
85.891700,4.990000,0.978000,4.450000,,,,,,
85.900000,,,,0.832228,2.473156,2.108603,-0.392589,2.183159,3.802896
85.925800,4.990000,0.978000,4.450000,,,,,,
85.952300,,,,0.863457,2.512724,2.307891,-0.392589,2.183159,3.802896
85.964500,4.990000,0.978000,4.450000,,,,,,
85.998200,4.990000,0.978000,4.450000,,,,,,
86.002400,,,,0.910732,2.494879,2.503870,-0.392589,2.183159,3.802896
86.033000,4.990000,0.978000,4.450000,,,,,,
86.053790,,,,0.967431,2.436599,2.692210,-0.344803,2.224558,3.655976
86.066400,4.990000,0.978000,4.450000,,,,,,
86.101300,4.990000,0.978000,4.450000,,,,,,
86.105500,,,,1.031071,2.365052,2.875967,-0.286197,2.275545,3.463875
86.134990,4.990000,0.978000,4.450000,,,,,,
86.156200,,,,1.044537,2.350762,2.912917,-0.239755,2.312159,3.288097
86.169100,4.990000,0.978000,4.450000,,,,,,
86.204100,4.990000,0.978000,4.450000,,,,,,
86.206200,,,,1.044537,2.350762,2.912917,-0.192524,2.326365,3.076949
86.237590,4.990000,0.978000,4.450000,,,,,,
86.256400,,,,1.044537,2.350762,2.912917,-0.160285,2.300367,2.881943
86.272500,4.990000,0.978000,4.450000,,,,,,
86.306300,4.990000,0.978000,4.450000,,,,,,
86.308300,,,,1.044537,2.350762,2.912917,-0.146261,2.236917,2.683450
86.341600,4.990000,0.978000,4.450000,,,,,,
86.359700,,,,0.888300,2.382615,2.848826,-0.159779,2.172985,2.533557
86.375690,4.990000,0.978000,4.450000,,,,,,
86.409800,4.990000,0.978000,4.450000,0.705310,2.417599,2.773761,-0.172990,2.153305,2.490072
86.444800,4.990000,0.978000,4.450000,,,,,,
86.461490,,,,0.516384,2.450103,2.696261,-0.172990,2.153305,2.490072
86.479700,4.990000,0.978000,4.450000,,,,,,
86.512200,,,,0.331568,2.475867,2.620447,-0.172990,2.153305,2.490072
86.514200,4.990000,0.978000,4.450000,,,,,,
86.548400,4.990000,0.978000,4.450000,,,,,,
86.563190,,,,0.142282,2.493427,2.542817,-0.172990,2.153305,2.490072
86.581900,4.990000,0.978000,4.450000,,,,,,
86.613200,,,,-0.042761,2.499925,2.466943,-0.281330,2.239841,2.507591
86.615390,4.990000,0.978000,4.450000,,,,,,
86.648990,4.990000,0.978000,4.450000,,,,,,
86.663700,,,,-0.229547,2.494221,2.390385,-0.443107,2.357647,2.534046
86.684200,4.990000,0.978000,4.450000,,,,,,
86.715600,,,,-0.421024,2.474827,2.311910,-0.635308,2.423159,2.566650
86.717700,4.990000,0.978000,4.450000,,,,,,
86.753400,4.990000,0.978000,4.450000,,,,,,
86.767200,,,,-0.608061,2.442170,2.234621,-0.798205,2.396560,2.593799
86.787900,4.990000,0.978000,4.450000,,,,,,
86.819400,,,,-0.795302,2.394989,2.155343,-0.911854,2.350190,2.613804
86.821900,4.990000,0.978000,4.450000,,,,,,
86.857200,4.990000,0.978000,4.450000,,,,,,
86.870500,,,,-0.975130,2.337348,2.078743,-0.919841,2.346710,2.615148
86.892490,4.990000,0.978000,4.450000,,,,,,
86.920900,,,,-1.151089,2.273845,2.004829,-0.919841,2.346710,2.615148
86.928000,4.990000,0.978000,4.450000,,,,,,
86.966000,4.990000,0.978000,4.450000,,,,,,
86.971600,,,,-1.269606,2.228125,1.955397,-0.919841,2.346710,2.615148
87.001000,4.990000,0.978000,4.450000,,,,,,
87.023200,,,,-1.269606,2.228125,1.955397,-0.919841,2.346710,2.615148
87.036600,4.990000,0.978000,4.450000,,,,,,
87.070900,4.990000,0.978000,4.450000,,,,,,
87.075000,,,,-1.269606,2.228125,1.955397,-0.770979,2.463707,2.650931
87.104400,4.990000,0.978000,4.450000,,,,,,
87.125200,,,,-1.269606,2.228125,1.955397,-0.661557,2.500939,2.692741
87.138200,4.990000,0.978000,4.450000,,,,,,
87.173400,4.990000,0.978000,4.450000,,,,,,
87.175400,,,,-1.194118,2.246189,1.949006,-0.531117,2.427829,2.757575
87.208600,4.990000,0.978000,4.450000,,,,,,
87.225900,,,,-0.998352,2.291593,1.933135,-0.457340,2.347266,2.797669
87.244190,4.990000,0.978000,4.450000,,,,,,
87.276400,,,,-0.800381,2.332075,1.917360,-0.448956,2.337663,2.802279
87.278400,4.990000,0.978000,4.450000,,,,,,
87.312500,4.990000,0.978000,4.450000,,,,,,
87.326700,,,,-0.601786,2.358576,1.901438,-0.448956,2.337663,2.802279
87.347100,4.990000,0.978000,4.450000,,,,,,
87.376800,,,,-0.402250,2.361266,1.883229,-0.448956,2.337663,2.802279
87.380700,4.990000,0.978000,4.450000,,,,,,
87.415900,4.990000,0.978000,4.450000,,,,,,
87.428000,,,,-0.201045,2.334048,1.861328,-0.448956,2.337663,2.802279
87.449390,4.990000,0.978000,4.450000,,,,,,
87.479700,,,,-0.001764,2.281283,1.840846,-0.587772,2.442467,2.762097
87.483600,4.990000,0.978000,4.450000,,,,,,
87.518600,4.990000,0.978000,4.450000,,,,,,
87.530600,,,,0.168961,2.213397,1.824250,-0.702374,2.480171,2.740906
87.553000,4.990000,0.978000,4.450000,,,,,,
87.580890,,,,0.217031,2.191470,1.818978,-0.855396,2.392527,2.731641
87.586900,4.990000,0.978000,4.450000,,,,,,
87.620300,4.990000,0.978000,4.450000,,,,,,
87.633090,,,,0.217031,2.191470,1.818978,-0.956213,2.282857,2.750715
87.654200,4.990000,0.978000,4.450000,,,,,,
87.684900,,,,0.217031,2.191470,1.818978,-0.977252,2.258784,2.758219
87.688900,4.990000,0.978000,4.450000,,,,,,
87.724700,4.990000,0.978000,4.450000,,,,,,
87.736690,,,,0.217031,2.191470,1.818978,-0.977252,2.258784,2.758219
87.758800,4.990000,0.978000,4.450000,,,,,,
87.788200,,,,0.295759,2.222212,1.935120,-0.977252,2.258784,2.758219
87.792800,4.990000,0.978000,4.450000,,,,,,
87.827500,4.990000,0.978000,4.450000,,,,,,
87.838390,,,,0.406499,2.262917,2.098490,-0.977252,2.258784,2.758219
87.861100,4.990000,0.978000,4.450000,,,,,,
87.889500,,,,0.519566,2.298931,2.265292,-0.850943,2.326891,2.840495
87.896500,4.990000,0.978000,4.450000,,,,,,
87.932100,4.990000,0.978000,4.450000,,,,,,
87.940800,,,,0.633783,2.324273,2.433790,-0.692062,2.405788,2.943527
87.966600,4.990000,0.978000,4.450000,,,,,,
87.992600,,,,0.748855,2.333690,2.604295,-0.524042,2.463793,3.047092
88.001100,4.990000,0.978000,4.450000,,,,,,
88.035400,4.990000,0.978000,4.450000,,,,,,
88.043500,,,,0.861912,2.325577,2.775082,-0.349849,2.480446,3.153047
88.069900,4.990000,0.978000,4.450000,,,,,,
88.094100,,,,0.972620,2.302234,2.942276,-0.179977,2.451771,3.257689
88.105000,4.990000,0.978000,4.450000,,,,,,
88.139400,4.990000,0.978000,4.450000,,,,,,
88.145900,,,,1.084691,2.264793,3.112199,-0.002243,2.389924,3.343121
88.174190,4.990000,0.978000,4.450000,,,,,,
88.195900,,,,1.189386,2.220594,3.277034,0.109864,2.343735,3.381440
88.207790,4.990000,0.978000,4.450000,,,,,,
88.242290,4.990000,0.978000,4.450000,,,,,,
88.246990,,,,1.278996,2.178145,3.423283,0.109864,2.343735,3.381440
88.276100,4.990000,0.978000,4.450000,,,,,,
88.298600,,,,1.278996,2.178145,3.423283,0.109864,2.343735,3.381440
88.311100,4.990000,0.978000,4.450000,,,,,,
88.345900,4.990000,0.978000,4.450000,,,,,,
88.349900,,,,1.278996,2.178145,3.423283,0.109864,2.343735,3.381440
88.381000,4.990000,0.978000,4.450000,,,,,,
88.401790,,,,1.278996,2.178145,3.423283,0.051520,2.375030,3.322736
88.416500,4.990000,0.978000,4.450000,,,,,,
88.450100,4.990000,0.978000,4.450000,,,,,,
88.452400,,,,1.240182,2.188395,3.404418,-0.083269,2.432635,3.187114
88.484900,4.990000,0.978000,4.450000,,,,,,
88.503200,,,,1.061083,2.235407,3.318389,-0.198230,2.418537,3.071443
88.518900,4.990000,0.978000,4.450000,,,,,,
88.554100,4.990000,0.978000,4.450000,0.881356,2.281732,3.234222,-0.315484,2.314860,2.952832
88.588500,4.990000,0.978000,4.450000,,,,,,
88.605190,,,,0.699757,2.327047,3.152181,-0.397725,2.197975,2.869932
88.623500,4.990000,0.978000,4.450000,,,,,,
88.656900,4.990000,0.978000,4.450000,0.513515,2.369966,3.073112,-0.430473,2.145902,2.836922
88.690300,4.990000,0.978000,4.450000,,,,,,
88.708400,,,,0.326275,2.407507,2.998655,-0.430473,2.145902,2.836922
88.724800,4.990000,0.978000,4.450000,,,,,,
88.759090,4.990000,0.978000,4.450000,0.137953,2.437637,2.929074,-0.430473,2.145902,2.836922
88.794200,4.990000,0.978000,4.450000,,,,,,
88.810200,,,,-0.054020,2.458806,2.864017,-0.430473,2.145902,2.836922
88.827800,4.990000,0.978000,4.450000,,,,,,
88.862100,4.990000,0.978000,4.450000,-0.251427,2.469766,2.803598,-0.515116,2.194489,2.913952
88.896500,4.990000,0.978000,4.450000,,,,,,
88.913200,,,,-0.447994,2.469774,2.749291,-0.652502,2.266679,3.046185
88.931590,4.990000,0.978000,4.450000,,,,,,
88.963500,,,,-0.644256,2.459356,2.699313,-0.787414,2.310556,3.190565
88.965600,4.990000,0.978000,4.450000,,,,,,
89.000600,4.990000,0.978000,4.450000,,,,,,
89.013600,,,,-0.838933,2.439058,2.654312,-0.919501,2.308221,3.341255
89.034190,4.990000,0.978000,4.450000,,,,,,
89.064800,,,,-1.038185,2.409534,2.615151,-1.055434,2.261608,3.487353
89.069200,4.990000,0.978000,4.450000,,,,,,
89.104100,4.990000,0.978000,4.450000,,,,,,
89.115600,,,,-1.198993,2.380856,2.589646,-1.177457,2.195170,3.617097
89.137700,4.990000,0.978000,4.450000,,,,,,
89.167690,,,,-1.198993,2.380856,2.589646,-1.208202,2.177588,3.649780
89.172290,4.990000,0.978000,4.450000,,,,,,
89.207000,4.990000,0.978000,4.450000,,,,,,
89.217990,,,,-1.198993,2.380856,2.589646,-1.208202,2.177588,3.649780
89.241600,4.990000,0.978000,4.450000,,,,,,
89.269800,,,,-1.198993,2.380856,2.589646,-1.208202,2.177588,3.649780
89.276100,4.990000,0.978000,4.450000,,,,,,
89.311200,4.990000,0.978000,4.450000,,,,,,
89.321300,,,,-1.148544,2.395534,2.569222,-1.208202,2.177588,3.649780
89.345700,4.990000,0.978000,4.450000,,,,,,
89.373100,,,,-0.961689,2.444295,2.495172,-1.060151,2.222123,3.621586
89.379390,4.990000,0.978000,4.450000,,,,,,
89.412900,4.990000,0.978000,4.450000,,,,,,
89.423400,,,,-0.772995,2.466998,2.430713,-0.869250,2.273981,3.585303
89.446700,4.990000,0.978000,4.450000,,,,,,
89.474000,,,,-0.583161,2.429240,2.375325,-0.673644,2.309904,3.548445
89.481800,4.990000,0.978000,4.450000,,,,,,
89.515200,4.990000,0.978000,4.450000,,,,,,
89.525500,,,,-0.409083,2.333531,2.321521,-0.470581,2.313880,3.514268
89.548600,4.990000,0.978000,4.450000,,,,,,
89.575600,,,,-0.266497,2.220996,2.278116,-0.275249,2.280761,3.486203
89.582100,4.990000,0.978000,4.450000,,,,,,
89.615700,4.990000,0.978000,4.450000,,,,,,
89.626000,,,,-0.181942,2.149537,2.272185,-0.084925,2.218710,3.467187
89.648990,4.990000,0.978000,4.450000,,,,,,
89.677200,,,,-0.181942,2.149537,2.272185,0.101356,2.138524,3.442401
89.683400,4.990000,0.978000,4.450000,,,,,,
89.717800,4.990000,0.978000,4.450000,,,,,,
89.728900,,,,-0.181942,2.149537,2.272185,0.156387,2.113377,3.434728
89.751700,4.990000,0.978000,4.450000,,,,,,
89.779000,,,,-0.181942,2.149537,2.272185,0.156387,2.113377,3.434728
89.785190,4.990000,0.978000,4.450000,,,,,,
89.820400,4.990000,0.978000,4.450000,,,,,,
89.831300,,,,-0.142478,2.178014,2.332518,0.156387,2.113377,3.434728
89.855900,4.990000,0.978000,4.450000,,,,,,
89.882000,,,,-0.038157,2.250342,2.491054,0.156387,2.113377,3.434728
89.891490,4.990000,0.978000,4.450000,,,,,,
89.926090,4.990000,0.978000,4.450000,,,,,,
89.932800,,,,0.070835,2.316755,2.649189,0.053215,2.221159,3.401450
89.961300,4.990000,0.978000,4.450000,,,,,,
89.983200,,,,0.188149,2.368813,2.805556,-0.082390,2.337462,3.362902
89.995990,4.990000,0.978000,4.450000,,,,,,
90.029590,4.990000,0.978000,4.450000,,,,,,
90.034190,,,,0.315513,2.398543,2.962091,-0.256935,2.356240,3.334514
90.063700,4.990000,0.978000,4.450000,,,,,,
90.085490,,,,0.449894,2.400526,3.115743,-0.377483,2.314126,3.338371
90.099200,4.990000,0.978000,4.450000,,,,,,
90.134500,4.990000,0.978000,4.450000,,,,,,
90.136700,,,,0.586208,2.375309,3.266680,-0.432928,2.292480,3.347564
90.169200,4.990000,0.978000,4.450000,,,,,,
90.187100,,,,0.723196,2.327657,3.407183,-0.432928,2.292480,3.347564
90.204300,4.990000,0.978000,4.450000,,,,,,
90.237300,,,,0.864181,2.265630,3.536048,-0.432928,2.292480,3.347564
90.239400,4.990000,0.978000,4.450000,,,,,,
90.272800,4.990000,0.978000,4.450000,,,,,,
90.288700,,,,0.864181,2.265630,3.536048,-0.432928,2.292480,3.347564
90.306900,4.990000,0.978000,4.450000,,,,,,
90.339290,,,,0.864181,2.265630,3.536048,-0.519421,2.350153,3.387041
90.341300,4.990000,0.978000,4.450000,,,,,,
90.376100,4.990000,0.978000,4.450000,,,,,,
90.389900,,,,0.864181,2.265630,3.536048,-0.681566,2.445575,3.461047
90.410190,4.990000,0.978000,4.450000,,,,,,
90.441400,,,,0.848917,2.268073,3.531125,-0.858994,2.479196,3.542028
90.445400,4.990000,0.978000,4.450000,,,,,,
90.478900,4.990000,0.978000,4.450000,,,,,,
90.493300,,,,0.653663,2.298434,3.467022,-1.017713,2.419810,3.614470
90.513500,4.990000,0.978000,4.450000,,,,,,
90.543500,,,,0.465940,2.325755,3.403439,-1.126751,2.339762,3.664237
90.547600,4.990000,0.978000,4.450000,,,,,,
90.581890,4.990000,0.978000,4.450000,,,,,,
90.593800,,,,0.278086,2.350609,3.336813,-1.164014,2.308241,3.681244
90.617800,4.990000,0.978000,4.450000,,,,,,
90.645200,,,,0.086682,2.371583,3.264636,-1.164014,2.308241,3.681244
90.652500,4.990000,0.978000,4.450000,,,,,,
90.687400,4.990000,0.978000,4.450000,,,,,,
90.696400,,,,-0.078042,2.384695,3.199094,-1.164014,2.308241,3.681244
90.722500,4.990000,0.978000,4.450000,,,,,,
90.746800,,,,-0.288662,2.393164,3.109847,-1.164014,2.308241,3.681244
90.756000,4.990000,0.978000,4.450000,,,,,,
90.790900,4.990000,0.978000,4.450000,,,,,,
90.798700,,,,-0.475692,2.391701,3.025140,-1.042998,2.345609,3.641180
90.826800,4.990000,0.978000,4.450000,,,,,,
90.848800,,,,-0.656372,2.381402,2.939620,-0.860631,2.399965,3.579063
90.860900,4.990000,0.978000,4.450000,,,,,,
90.896190,4.990000,0.978000,4.450000,,,,,,
90.900890,,,,-0.843808,2.361128,2.846991,-0.668137,2.451099,3.512313
90.929900,4.990000,0.978000,4.450000,,,,,,
90.952100,,,,-1.023814,2.332781,2.753843,-0.477458,2.488431,3.448160
90.964800,4.990000,0.978000,4.450000,,,,,,
90.999900,4.990000,0.978000,4.450000,,,,,,
91.004200,,,,-1.205399,2.296181,2.656976,-0.280290,2.507867,3.381756
91.035000,4.990000,0.978000,4.450000,,,,,,
91.054300,,,,-1.376784,2.255011,2.561381,-0.090501,2.505046,3.317381
91.069200,4.990000,0.978000,4.450000,,,,,,
91.104190,4.990000,0.978000,4.450000,,,,,,
91.106300,,,,-1.536425,2.211471,2.464454,0.105481,2.481544,3.251053
91.139300,4.990000,0.978000,4.450000,,,,,,
91.157500,,,,-1.536425,2.211471,2.464454,0.295483,2.442906,3.189945
91.173000,4.990000,0.978000,4.450000,,,,,,
91.207100,4.990000,0.978000,4.450000,,,,,,
91.209400,,,,-1.536425,2.211471,2.464454,0.488364,2.391365,3.130631
91.242200,4.990000,0.978000,4.450000,,,,,,
91.261100,,,,-1.536425,2.211471,2.464454,0.505358,2.386353,3.125311
91.277300,4.990000,0.978000,4.450000,,,,,,
91.312000,4.990000,0.978000,4.450000,-1.509076,2.226014,2.459773,0.505358,2.386353,3.125311
91.346790,4.990000,0.978000,4.450000,,,,,,
91.363200,,,,-1.328653,2.320031,2.428732,0.505358,2.386353,3.125311
91.380200,4.990000,0.978000,4.450000,,,,,,
91.414600,4.990000,0.978000,4.450000,-1.145079,2.402943,2.397044,0.505358,2.386353,3.125311
91.448300,4.990000,0.978000,4.450000,,,,,,
91.466600,,,,-0.945605,2.451949,2.362467,0.323668,2.448522,3.198310
91.481900,4.990000,0.978000,4.450000,,,,,,
91.515500,4.990000,0.978000,4.450000,,,,,,
91.517600,,,,-0.745142,2.445671,2.326957,0.153398,2.470976,3.249993
91.549000,4.990000,0.978000,4.450000,,,,,,
91.569500,,,,-0.545274,2.399602,2.295246,-0.027905,2.404811,3.287313
91.585400,4.990000,0.978000,4.450000,,,,,,
91.619400,4.990000,0.978000,4.450000,,,,,,
91.621600,,,,-0.405123,2.352938,2.274769,-0.168581,2.285385,3.297604
91.654100,4.990000,0.978000,4.450000,,,,,,
91.671600,,,,-0.405123,2.352938,2.274769,-0.266198,2.168508,3.296502
91.688500,4.990000,0.978000,4.450000,,,,,,
91.722600,4.990000,0.978000,4.450000,-0.405123,2.352938,2.274769,-0.268071,2.165678,3.295681
91.757500,4.990000,0.978000,4.450000,,,,,,
91.774990,,,,-0.405123,2.352938,2.274769,-0.268071,2.165678,3.295681
91.792100,4.990000,0.978000,4.450000,,,,,,
91.825400,,,,-0.354587,2.362908,2.272065,-0.268071,2.165678,3.295681
91.827900,4.990000,0.978000,4.450000,,,,,,
91.862400,4.990000,0.978000,4.450000,,,,,,
91.875600,,,,-0.156861,2.401330,2.261484,-0.268071,2.165678,3.295681
91.898200,4.990000,0.978000,4.450000,,,,,,
91.926990,,,,0.045702,2.438922,2.251486,-0.441918,2.234119,3.377870
91.931590,4.990000,0.978000,4.450000,,,,,,
91.966900,4.990000,0.978000,4.450000,,,,,,
91.977900,,,,0.247218,2.470636,2.241932,-0.618638,2.293001,3.461416
92.000800,4.990000,0.978000,4.450000,,,,,,
92.029590,,,,0.452843,2.491500,2.232424,-0.803878,2.317040,3.549214
92.036090,4.990000,0.978000,4.450000,,,,,,
92.069690,4.990000,0.978000,4.450000,,,,,,
92.081000,,,,0.657936,2.496384,2.222705,-0.987632,2.286638,3.634594
92.104800,4.990000,0.978000,4.450000,,,,,,
92.131600,,,,0.858444,2.484217,2.213137,-1.156459,2.220103,3.713842
92.138300,4.990000,0.978000,4.450000,,,,,,
92.173190,4.990000,0.978000,4.450000,,,,,,
92.182200,,,,1.059617,2.456064,2.203274,-1.285113,2.157599,3.765483
92.206600,4.990000,0.978000,4.450000,,,,,,
92.232300,,,,1.255636,2.415989,2.193522,-1.285312,2.157912,3.764551
92.240500,4.990000,0.978000,4.450000,,,,,,
92.275300,4.990000,0.978000,4.450000,,,,,,
92.283600,,,,1.455304,2.366179,2.183797,-1.285312,2.157912,3.764551
92.310100,4.990000,0.978000,4.450000,,,,,,
92.335400,,,,1.496955,2.355091,2.181778,-1.285312,2.157912,3.764551
92.344500,4.990000,0.978000,4.450000,,,,,,
92.378000,4.990000,0.978000,4.450000,,,,,,
92.386890,,,,1.496955,2.355091,2.181778,-1.276943,2.159962,3.762064
92.413500,4.990000,0.978000,4.450000,,,,,,
92.437500,,,,1.496955,2.355091,2.181778,-1.088136,2.205034,3.705324
92.447100,4.990000,0.978000,4.450000,,,,,,
92.482100,4.990000,0.978000,4.450000,,,,,,
92.489490,,,,1.496955,2.355091,2.181778,-0.894146,2.248337,3.644063
92.516400,4.990000,0.978000,4.450000,,,,,,
92.539790,,,,1.328929,2.388341,2.191424,-0.706711,2.284286,3.579695
92.551400,4.990000,0.978000,4.450000,,,,,,
92.586300,4.990000,0.978000,4.450000,,,,,,
92.590900,,,,1.128611,2.425664,2.206731,-0.516811,2.309704,3.508764
92.620000,4.990000,0.978000,4.450000,,,,,,
92.641800,,,,0.927916,2.459356,2.227841,-0.326244,2.319154,3.435052
92.655100,4.990000,0.978000,4.450000,,,,,,
92.689700,4.990000,0.978000,4.450000,,,,,,
92.692100,,,,0.732111,2.486065,2.255779,-0.141662,2.309752,3.359887
92.724800,4.990000,0.978000,4.450000,,,,,,
92.742500,,,,0.532853,2.504385,2.290657,0.041427,2.280797,3.276982
92.759600,4.990000,0.978000,4.450000,,,,,,
92.792900,,,,0.337137,2.511612,2.331112,0.215903,2.235523,3.190427
92.795000,4.990000,0.978000,4.450000,,,,,,
92.829400,4.990000,0.978000,4.450000,,,,,,
92.844300,,,,0.135921,2.506393,2.379137,0.393298,2.176245,3.101861
92.864800,4.990000,0.978000,4.450000,,,,,,
92.896190,,,,-0.062653,2.487622,2.431607,0.516929,2.130266,3.041197
92.898900,4.990000,0.978000,4.450000,,,,,,
92.934100,4.990000,0.978000,4.450000,,,,,,
92.947000,,,,-0.255070,2.456148,2.488632,0.516929,2.130266,3.041197
92.969300,4.990000,0.978000,4.450000,,,,,,
92.998790,,,,-0.449162,2.411322,2.541130,0.516929,2.130266,3.041197
93.003800,4.990000,0.978000,4.450000,,,,,,
93.038990,4.990000,0.978000,4.450000,,,,,,
93.049700,,,,-0.639073,2.355409,2.589989,0.516929,2.130266,3.041197
93.072700,4.990000,0.978000,4.450000,,,,,,
93.101800,,,,-0.827257,2.288173,2.641925,0.462949,2.166140,3.073290
93.107700,4.990000,0.978000,4.450000,,,,,,
93.141200,4.990000,0.978000,4.450000,,,,,,
93.154000,,,,-0.931587,2.245767,2.673564,0.305676,2.268010,3.171189
93.174800,4.990000,0.978000,4.450000,,,,,,
93.205100,,,,-0.931587,2.245767,2.673564,0.150588,2.350543,3.276229
93.210000,4.990000,0.978000,4.450000,,,,,,
93.244400,4.990000,0.978000,4.450000,,,,,,
93.256400,,,,-0.931587,2.245767,2.673564,-0.010332,2.388391,3.398540
93.279100,4.990000,0.978000,4.450000,,,,,,
93.306690,,,,-0.931587,2.245767,2.673564,-0.164052,2.372958,3.524522
93.313600,4.990000,0.978000,4.450000,,,,,,
93.349100,4.990000,0.978000,4.450000,,,,,,
93.356800,,,,-0.856564,2.280582,2.715427,-0.297633,2.331471,3.622544
93.384700,4.990000,0.978000,4.450000,,,,,,
93.408900,,,,-0.690146,2.345650,2.808289,-0.338638,2.317077,3.652481
93.418400,4.990000,0.978000,4.450000,,,,,,
93.453400,4.990000,0.978000,4.450000,,,,,,
93.459300,,,,-0.542642,2.335684,2.888776,-0.338638,2.317077,3.652481
93.488700,4.990000,0.978000,4.450000,,,,,,
93.509900,,,,-0.393166,2.247985,2.945398,-0.338638,2.317077,3.652481
93.522700,4.990000,0.978000,4.450000,,,,,,
93.557800,4.990000,0.978000,4.450000,,,,,,
93.561800,,,,-0.269170,2.156304,2.972144,-0.338638,2.317077,3.652481
93.592700,4.990000,0.978000,4.450000,,,,,,
93.613300,,,,-0.241943,2.136961,2.975188,-0.456119,2.369100,3.603184
93.626300,4.990000,0.978000,4.450000,,,,,,
93.659900,4.990000,0.978000,4.450000,,,,,,
93.664700,,,,-0.241943,2.136961,2.975188,-0.632004,2.438822,3.529892
93.693300,4.990000,0.978000,4.450000,,,,,,
93.716000,,,,-0.241943,2.136961,2.975188,-0.818264,2.481452,3.452278
93.727900,4.990000,0.978000,4.450000,,,,,,
93.763300,4.990000,0.978000,4.450000,,,,,,
93.767800,,,,-0.241943,2.136961,2.975188,-1.008520,2.468140,3.372998
93.798500,4.990000,0.978000,4.450000,,,,,,
93.819800,,,,-0.082361,2.186628,2.911107,-1.189922,2.399554,3.298114
93.832700,4.990000,0.978000,4.450000,,,,,,
93.868000,4.990000,0.978000,4.450000,,,,,,
93.870200,,,,0.098226,2.238314,2.838575,-1.350722,2.302700,3.231295
93.901700,4.990000,0.978000,4.450000,,,,,,
93.921900,,,,0.286315,2.281127,2.763030,-1.401152,2.267927,3.210331
93.937190,4.990000,0.978000,4.450000,,,,,,
93.972400,4.990000,0.978000,4.450000,0.471167,2.304448,2.688785,-1.401152,2.267927,3.210331
94.006600,4.990000,0.978000,4.450000,,,,,,
94.023300,,,,0.661063,2.303537,2.611785,-1.401152,2.267927,3.210331
94.040400,4.990000,0.978000,4.450000,,,,,,
94.075700,4.990000,0.978000,4.450000,0.849910,2.276386,2.533472,-1.401152,2.267927,3.210331
94.111200,4.990000,0.978000,4.450000,,,,,,
94.126500,,,,1.035500,2.227528,2.457815,-1.270393,2.311208,3.235869
94.146300,4.990000,0.978000,4.450000,,,,,,
94.177700,,,,1.214009,2.163630,2.381531,-1.079353,2.371933,3.276126
94.180000,4.990000,0.978000,4.450000,,,,,,
94.214000,4.990000,0.978000,4.450000,,,,,,
94.228100,,,,1.299660,2.125844,2.338363,-0.889173,2.425985,3.318918
94.248400,4.990000,0.978000,4.450000,,,,,,
94.278690,,,,1.299660,2.125844,2.338363,-0.695928,2.467861,3.361961
94.282800,4.990000,0.978000,4.450000,,,,,,
94.317300,4.990000,0.978000,4.450000,,,,,,
94.329400,,,,1.299660,2.125844,2.338363,-0.499275,2.490767,3.405535
94.351390,4.990000,0.978000,4.450000,,,,,,
94.379500,,,,1.299660,2.125844,2.338363,-0.303497,2.490803,3.448860
94.385500,4.990000,0.978000,4.450000,,,,,,
94.419800,4.990000,0.978000,4.450000,,,,,,
94.429700,,,,1.203918,2.156204,2.369408,-0.108470,2.468646,3.491388
94.454600,4.990000,0.978000,4.450000,,,,,,
94.480190,,,,1.020872,2.213740,2.431482,0.084335,2.427619,3.533694
94.488200,4.990000,0.978000,4.450000,,,,,,
94.522500,4.990000,0.978000,4.450000,,,,,,
94.530900,,,,0.837679,2.269373,2.495621,0.274093,2.372797,3.575474
94.556800,4.990000,0.978000,4.450000,,,,,,
94.581000,,,,0.654001,2.318931,2.559865,0.297198,2.365408,3.580564
94.591900,4.990000,0.978000,4.450000,,,,,,
94.626300,4.990000,0.978000,4.450000,,,,,,
94.632600,,,,0.465449,2.359041,2.632204,0.297198,2.365408,3.580564
94.660000,4.990000,0.978000,4.450000,,,,,,
94.683400,,,,0.281161,2.383823,2.714456,0.297198,2.365408,3.580564
94.694800,4.990000,0.978000,4.450000,,,,,,
94.730300,4.990000,0.978000,4.450000,,,,,,
94.734790,,,,0.098522,2.391322,2.808636,0.297198,2.365408,3.580564
94.764600,4.990000,0.978000,4.450000,,,,,,
94.786190,,,,-0.078068,2.381338,2.912218,0.129875,2.423128,3.632686
94.799500,4.990000,0.978000,4.450000,,,,,,
94.833900,4.990000,0.978000,4.450000,,,,,,
94.838000,,,,-0.252619,2.355456,3.022403,-0.020872,2.439875,3.680394
94.868190,4.990000,0.978000,4.450000,,,,,,
94.888790,,,,-0.404889,2.326708,3.107174,-0.188338,2.361960,3.734646
94.902300,4.990000,0.978000,4.450000,,,,,,
94.937000,4.990000,0.978000,4.450000,,,,,,
94.939200,,,,-0.404889,2.326708,3.107174,-0.320378,2.238661,3.784722
94.972400,4.990000,0.978000,4.450000,,,,,,
94.990390,,,,-0.404889,2.326708,3.107174,-0.409518,2.133312,3.817524
95.006600,4.990000,0.978000,4.450000,,,,,,
95.041600,4.990000,0.978000,4.450000,-0.404889,2.326708,3.107174,-0.409518,2.133312,3.817524
95.075700,4.990000,0.978000,4.450000,,,,,,
95.091900,,,,-0.390759,2.342033,3.082632,-0.409518,2.133312,3.817524
95.109600,4.990000,0.978000,4.450000,,,,,,
95.142700,,,,-0.300814,2.432325,2.923841,-0.409518,2.133312,3.817524
95.144800,4.990000,0.978000,4.450000,,,,,,
95.179790,4.990000,0.978000,4.450000,,,,,,
95.194000,,,,-0.208118,2.486276,2.749023,-0.431820,2.143955,3.797814
95.214290,4.990000,0.978000,4.450000,,,,,,
95.245400,,,,-0.119267,2.465071,2.567824,-0.575904,2.211354,3.669618
95.249500,4.990000,0.978000,4.450000,,,,,,
95.284700,4.990000,0.978000,4.450000,,,,,,
95.297000,,,,-0.037139,2.376515,2.406474,-0.722080,2.272679,3.535811
95.319600,4.990000,0.978000,4.450000,,,,,,
95.347690,,,,0.021834,2.284762,2.292511,-0.866648,2.312713,3.399655
95.354500,4.990000,0.978000,4.450000,,,,,,
95.389200,4.990000,0.978000,4.450000,,,,,,
95.399400,,,,0.026532,2.276393,2.283432,-1.015743,2.321749,3.256884
95.423700,4.990000,0.978000,4.450000,,,,,,
95.449900,,,,0.026532,2.276393,2.283432,-1.158753,2.300036,3.120130
95.457790,4.990000,0.978000,4.450000,,,,,,
95.493500,4.990000,0.978000,4.450000,,,,,,
95.501100,,,,0.026532,2.276393,2.283432,-1.298041,2.258468,2.974975
95.528000,4.990000,0.978000,4.450000,,,,,,
95.552300,,,,0.026532,2.276393,2.283432,-1.409642,2.217593,2.849364
95.562700,4.990000,0.978000,4.450000,,,,,,
95.597100,4.990000,0.978000,4.450000,,,,,,
95.603700,,,,0.188169,2.364086,2.288323,-1.409642,2.217593,2.849364
95.632000,4.990000,0.978000,4.450000,,,,,,
95.655590,,,,0.376049,2.452002,2.292761,-1.409642,2.217593,2.849364
95.666400,4.990000,0.978000,4.450000,,,,,,
95.701400,4.990000,0.978000,4.450000,,,,,,
95.705890,,,,0.572844,2.484951,2.296872,-1.409642,2.217593,2.849364
95.735790,4.990000,0.978000,4.450000,,,,,,
95.756700,,,,0.765202,2.441958,2.301287,-1.365495,2.226267,2.860958
95.770100,4.990000,0.978000,4.450000,,,,,,
95.805300,4.990000,0.978000,4.450000,,,,,,
95.807590,,,,0.898598,2.379358,2.304349,-1.171687,2.262865,2.910337
95.840500,4.990000,0.978000,4.450000,,,,,,
95.858890,,,,0.949549,2.352041,2.305518,-0.974988,2.297096,2.958696
95.875690,4.990000,0.978000,4.450000,,,,,,
95.909600,4.990000,0.978000,4.450000,0.949549,2.352041,2.305518,-0.779897,2.325927,3.006551
95.944600,4.990000,0.978000,4.450000,,,,,,
95.960490,,,,0.949549,2.352041,2.305518,-0.583105,2.346332,3.054869
95.978000,4.990000,0.978000,4.450000,,,,,,
96.012000,4.990000,0.978000,4.450000,0.949549,2.352041,2.305518,-0.383626,2.355090,3.103865
96.047000,4.990000,0.978000,4.450000,,,,,,
96.062700,,,,0.841915,2.389971,2.364434,-0.186319,2.350129,3.152332
96.080500,4.990000,0.978000,4.450000,,,,,,
96.114800,4.990000,0.978000,4.450000,0.665100,2.441451,2.461209,0.014906,2.330961,3.201763
96.149500,4.990000,0.978000,4.450000,,,,,,
96.165100,,,,0.488834,2.451986,2.557684,0.208696,2.300261,3.249369
96.184900,4.990000,0.978000,4.450000,,,,,,
96.215400,,,,0.320411,2.401195,2.650564,0.398696,2.260705,3.296195
96.219600,4.990000,0.978000,4.450000,,,,,,
96.253300,4.990000,0.978000,4.450000,,,,,,
96.265590,,,,0.166272,2.307219,2.741474,0.589946,2.214504,3.343730
96.288600,4.990000,0.978000,4.450000,,,,,,
96.316700,,,,0.028042,2.198075,2.845855,0.691827,2.188508,3.368912
96.322900,4.990000,0.978000,4.450000,,,,,,
96.356990,4.990000,0.978000,4.450000,,,,,,
96.366900,,,,-0.014476,2.163536,2.879966,0.691827,2.188508,3.368912
96.391400,4.990000,0.978000,4.450000,,,,,,
96.417590,,,,-0.014476,2.163536,2.879966,0.691827,2.188508,3.368912
96.425600,4.990000,0.978000,4.450000,,,,,,
96.460200,4.990000,0.978000,4.450000,,,,,,
96.468090,,,,-0.014476,2.163536,2.879966,0.691827,2.188508,3.368912
96.495000,4.990000,0.978000,4.450000,,,,,,
96.519290,,,,-0.014476,2.163536,2.879966,0.647171,2.246408,3.441257
96.529500,4.990000,0.978000,4.450000,,,,,,
96.566200,4.990000,0.978000,4.450000,,,,,,
96.570400,,,,-0.083747,2.240162,2.781296,0.556247,2.356421,3.587127
96.601000,4.990000,0.978000,4.450000,,,,,,
96.621600,,,,-0.179512,2.307564,2.663152,0.451191,2.429500,3.746138
96.636200,4.990000,0.978000,4.450000,,,,,,
96.671600,4.990000,0.978000,4.450000,-0.306260,2.279610,2.527010,0.334765,2.429732,3.906478
96.705800,4.990000,0.978000,4.450000,,,,,,
96.722200,,,,-0.416381,2.200040,2.419574,0.205460,2.381457,4.053685
96.741290,4.990000,0.978000,4.450000,,,,,,
96.773500,,,,-0.489789,2.145096,2.346724,0.124922,2.347641,4.137754
96.775790,4.990000,0.978000,4.450000,,,,,,
96.809800,4.990000,0.978000,4.450000,,,,,,
96.825100,,,,-0.489789,2.145096,2.346724,0.124922,2.347641,4.137754
96.843200,4.990000,0.978000,4.450000,,,,,,
96.877000,4.990000,0.978000,4.450000,-0.489789,2.145096,2.346724,0.124922,2.347641,4.137754
96.912500,4.990000,0.978000,4.450000,,,,,,
96.928300,,,,-0.489789,2.145096,2.346724,0.124922,2.347641,4.137754
96.947490,4.990000,0.978000,4.450000,,,,,,
96.979700,,,,-0.426670,2.166930,2.347410,0.086061,2.363439,4.074317
96.981700,4.990000,0.978000,4.450000,,,,,,
97.015800,4.990000,0.978000,4.450000,,,,,,
97.030800,,,,-0.233288,2.230213,2.349511,-0.017241,2.403391,3.903615
97.051400,4.990000,0.978000,4.450000,,,,,,
97.082200,,,,-0.033818,2.282202,2.351678,-0.120270,2.439269,3.728614
97.086300,4.990000,0.978000,4.450000,,,,,,
97.120400,4.990000,0.978000,4.450000,,,,,,
97.133500,,,,0.169805,2.304847,2.353889,-0.219810,2.466922,3.551369
97.155490,4.990000,0.978000,4.450000,,,,,,
97.185800,,,,0.376833,2.285592,2.356875,-0.319990,2.482629,3.369458
97.190300,4.990000,0.978000,4.450000,,,,,,
97.224200,4.990000,0.978000,4.450000,,,,,,
97.236800,,,,0.573010,2.227067,2.360405,-0.416062,2.483010,3.188344
97.259500,4.990000,0.978000,4.450000,,,,,,
97.288600,,,,0.753651,2.135937,2.368370,-0.513141,2.466165,3.006107
97.293700,4.990000,0.978000,4.450000,,,,,,
97.328300,4.990000,0.978000,4.450000,,,,,,
97.338900,,,,0.807503,2.103176,2.370370,-0.608014,2.433253,2.831641
97.363100,4.990000,0.978000,4.450000,,,,,,
97.390300,,,,0.807503,2.103176,2.370370,-0.704426,2.384833,2.656404
97.397090,4.990000,0.978000,4.450000,,,,,,
97.432400,4.990000,0.978000,4.450000,,,,,,
97.440400,,,,0.807503,2.103176,2.370370,-0.799575,2.327219,2.489810
97.467200,4.990000,0.978000,4.450000,,,,,,
97.492290,,,,0.807503,2.103176,2.370370,-0.904009,2.262325,2.326819
97.502300,4.990000,0.978000,4.450000,,,,,,
97.536600,4.990000,0.978000,4.450000,,,,,,
97.542690,,,,0.729288,2.150931,2.447972,-0.948591,2.234650,2.261520
97.570800,4.990000,0.978000,4.450000,,,,,,
97.593090,,,,0.596872,2.229286,2.578670,-0.948591,2.234650,2.261520
97.605090,4.990000,0.978000,4.450000,,,,,,
97.639800,4.990000,0.978000,4.450000,,,,,,
97.643700,,,,0.460590,2.298526,2.711017,-0.948591,2.234650,2.261520
97.674400,4.990000,0.978000,4.450000,,,,,,
97.695300,,,,0.310245,2.343482,2.842510,-0.948591,2.234650,2.261520
97.709000,4.990000,0.978000,4.450000,,,,,,
97.742500,4.990000,0.978000,4.450000,,,,,,
97.746600,,,,0.149456,2.355399,2.970668,-0.852117,2.276058,2.341283
97.777790,4.990000,0.978000,4.450000,,,,,,
97.797500,,,,-0.018209,2.339887,3.084716,-0.702495,2.337515,2.464864
97.812900,4.990000,0.978000,4.450000,,,,,,
97.846300,4.990000,0.978000,4.450000,,,,,,
97.848400,,,,-0.193006,2.306558,3.183408,-0.551000,2.392429,2.589191
97.880390,4.990000,0.978000,4.450000,,,,,,
97.899400,,,,-0.246326,2.295132,3.210295,-0.397050,2.431664,2.715591
97.915000,4.990000,0.978000,4.450000,,,,,,
97.948700,4.990000,0.978000,4.450000,,,,,,
97.951100,,,,-0.246326,2.295132,3.210295,-0.238089,2.446156,2.846278
97.982800,4.990000,0.978000,4.450000,,,,,,
98.001500,,,,-0.246326,2.295132,3.210295,-0.081969,2.432370,2.974617
98.016700,4.990000,0.978000,4.450000,,,,,,
98.052100,4.990000,0.978000,4.450000,-0.246326,2.295132,3.210295,0.069887,2.393260,3.099449
98.087600,4.990000,0.978000,4.450000,,,,,,
98.103600,,,,-0.274005,2.362583,3.078775,0.222689,2.331849,3.225172
98.120990,4.990000,0.978000,4.450000,,,,,,
98.154000,,,,-0.311184,2.442916,2.900983,0.340992,2.272810,3.322602
98.156100,4.990000,0.978000,4.450000,,,,,,
98.191500,4.990000,0.978000,4.450000,,,,,,
98.206000,,,,-0.345835,2.485268,2.697580,0.340992,2.272810,3.322602
98.226300,4.990000,0.978000,4.450000,,,,,,
98.256800,,,,-0.367622,2.446615,2.500281,0.340992,2.272810,3.322602
98.260890,4.990000,0.978000,4.450000,,,,,,
98.296600,4.990000,0.978000,4.450000,,,,,,
98.307200,,,,-0.386996,2.370249,2.349903,0.340992,2.272810,3.322602
98.331890,4.990000,0.978000,4.450000,,,,,,
98.358200,,,,-0.402087,2.308274,2.253226,0.335608,2.279836,3.343787
98.367290,4.990000,0.978000,4.450000,,,,,,
98.402300,4.990000,0.978000,4.450000,,,,,,
98.408500,,,,-0.402087,2.308274,2.253226,0.281948,2.340787,3.543128
98.436200,4.990000,0.978000,4.450000,,,,,,
98.459690,,,,-0.402087,2.308274,2.253226,0.232107,2.360384,3.724369
98.470200,4.990000,0.978000,4.450000,,,,,,
98.505200,4.990000,0.978000,4.450000,,,,,,
98.511890,,,,-0.402087,2.308274,2.253226,0.179476,2.301559,3.912003
98.540600,4.990000,0.978000,4.450000,,,,,,
98.563500,,,,-0.344370,2.331403,2.255467,0.122564,2.203383,4.056975
98.575400,4.990000,0.978000,4.450000,,,,,,
98.609890,4.990000,0.978000,4.450000,,,,,,
98.614300,,,,-0.154932,2.405101,2.262822,0.080627,2.107718,4.176126
98.645100,4.990000,0.978000,4.450000,,,,,,
98.664600,,,,0.035895,2.467002,2.270231,0.080627,2.107718,4.176126
98.680300,4.990000,0.978000,4.450000,,,,,,
98.713800,4.990000,0.978000,4.450000,,,,,,
98.716000,,,,0.238492,2.496904,2.278594,0.080627,2.107718,4.176126
98.748890,4.990000,0.978000,4.450000,,,,,,
98.767200,,,,0.441983,2.478663,2.286863,0.080627,2.107718,4.176126
98.783600,4.990000,0.978000,4.450000,,,,,,
98.817890,4.990000,0.978000,4.450000,0.636464,2.421831,2.294656,0.074110,2.110059,4.171687
98.852800,4.990000,0.978000,4.450000,,,,,,
98.869500,,,,0.804940,2.352665,2.301404,-0.089851,2.168686,4.060446
98.887790,4.990000,0.978000,4.450000,,,,,,
98.920490,,,,0.805084,2.352642,2.301410,-0.252331,2.225906,3.952404
98.922700,4.990000,0.978000,4.450000,,,,,,
98.956700,4.990000,0.978000,4.450000,,,,,,
98.972300,,,,0.805084,2.352642,2.301410,-0.419260,2.282013,3.845192
98.990390,4.990000,0.978000,4.450000,,,,,,
99.024100,4.990000,0.978000,4.450000,0.805084,2.352642,2.301410,-0.590992,2.333316,3.737191
99.058400,4.990000,0.978000,4.450000,,,,,,
99.074800,,,,0.798854,2.354592,2.305209,-0.759695,2.373299,3.631704
99.093800,4.990000,0.978000,4.450000,,,,,,
99.125900,,,,0.630849,2.404895,2.409944,-0.932390,2.399693,3.525935
99.128000,4.990000,0.978000,4.450000,,,,,,
99.162990,4.990000,0.978000,4.450000,,,,,,
99.177600,,,,0.460437,2.447183,2.519134,-1.109576,2.409152,3.419839
99.198100,4.990000,0.978000,4.450000,,,,,,
99.228500,,,,0.292512,2.467667,2.630987,-1.282712,2.400558,3.314376
99.232700,4.990000,0.978000,4.450000,,,,,,
99.267100,4.990000,0.978000,4.450000,,,,,,
99.279100,,,,0.128703,2.456889,2.750350,-1.456816,2.374318,3.213052
99.301300,4.990000,0.978000,4.450000,,,,,,
99.330300,,,,-0.026950,2.413777,2.875743,-1.610558,2.341141,3.133301
99.336700,4.990000,0.978000,4.450000,,,,,,
99.370990,4.990000,0.978000,4.450000,,,,,,
99.380900,,,,-0.169209,2.345703,3.002604,-1.610558,2.341141,3.133301
99.405200,4.990000,0.978000,4.450000,,,,,,
99.431690,,,,-0.301020,2.263670,3.131913,-1.610558,2.341141,3.133301
99.439700,4.990000,0.978000,4.450000,,,,,,
99.474800,4.990000,0.978000,4.450000,,,,,,
99.482890,,,,-0.370280,2.217149,3.198725,-1.610558,2.341141,3.133301
99.509000,4.990000,0.978000,4.450000,,,,,,
99.533800,,,,-0.370280,2.217149,3.198725,-1.601514,2.342768,3.134061
99.542800,4.990000,0.978000,4.450000,,,,,,
99.576600,4.990000,0.978000,4.450000,,,,,,
99.585400,,,,-0.370280,2.217149,3.198725,-1.398757,2.378790,3.151089
99.611400,4.990000,0.978000,4.450000,,,,,,
99.636600,,,,-0.370280,2.217149,3.198725,-1.197474,2.412908,3.168001
99.645000,4.990000,0.978000,4.450000,,,,,,
99.679200,4.990000,0.978000,4.450000,,,,,,
99.687290,,,,-0.420714,2.248917,3.108355,-0.996828,2.442083,3.184860
99.713600,4.990000,0.978000,4.450000,,,,,,
99.739100,,,,-0.522832,2.305055,2.937338,-0.791508,2.461426,3.202112
99.746990,4.990000,0.978000,4.450000,,,,,,
99.780700,4.990000,0.978000,4.450000,,,,,,
99.791300,,,,-0.636987,2.341251,2.767657,-0.584420,2.465423,3.219512
99.814400,4.990000,0.978000,4.450000,,,,,,
99.841900,,,,-0.757758,2.337647,2.604450,-0.382158,2.452363,3.236629
99.848000,4.990000,0.978000,4.450000,,,,,,
99.881600,4.990000,0.978000,4.450000,,,,,,
99.894100,,,,-0.875853,2.292014,2.439854,-0.177076,2.422848,3.254186
99.915300,4.990000,0.978000,4.450000,,,,,,
99.945300,,,,-0.984523,2.218875,2.281719,0.023210,2.381025,3.272174
99.949600,4.990000,0.978000,4.450000,,,,,,
99.983300,4.990000,0.978000,4.450000,,,,,,
99.996800,,,,-1.058622,2.161565,2.173713,0.221986,2.331005,3.290630
100.018400,4.990000,0.978000,4.450000,,,,,,
100.046900,,,,-1.058622,2.161565,2.173713,0.288915,2.313166,3.296602
100.054000,4.990000,0.978000,4.450000,,,,,,
100.088800,4.990000,0.978000,4.450000,,,,,,
100.097500,,,,-1.058622,2.161565,2.173713,0.288915,2.313166,3.296602
100.122700,4.990000,0.978000,4.450000,,,,,,
100.147900,,,,-1.058622,2.161565,2.173713,0.288915,2.313166,3.296602
100.156400,4.990000,0.978000,4.450000,,,,,,
100.192000,4.990000,0.978000,4.450000,,,,,,
100.198300,,,,-1.011262,2.172727,2.186898,0.288915,2.313166,3.296602
100.227200,4.990000,0.978000,4.450000,,,,,,
100.249600,,,,-0.817325,2.216742,2.240583,0.219839,2.395721,3.379261
100.262300,4.990000,0.978000,4.450000,,,,,,
100.297100,4.990000,0.978000,4.450000,,,,,,
100.302700,,,,-0.629982,2.255884,2.292029,0.126988,2.481458,3.489013
100.330500,4.990000,0.978000,4.450000,,,,,,
100.353100,,,,-0.423575,2.291381,2.344220,-0.001255,2.458937,3.627548
100.365400,4.990000,0.978000,4.450000,,,,,,
100.400500,4.990000,0.978000,4.450000,,,,,,
100.404600,,,,-0.223841,2.314129,2.388268,-0.073551,2.371639,3.709019
100.435600,4.990000,0.978000,4.450000,,,,,,
100.456000,,,,-0.022061,2.322728,2.426850,-0.108443,2.318046,3.748340
100.470000,4.990000,0.978000,4.450000,,,,,,
100.504200,4.990000,0.978000,4.450000,,,,,,
100.506200,,,,0.176340,2.315674,2.457060,-0.108443,2.318046,3.748340
100.538300,4.990000,0.978000,4.450000,,,,,,
100.558400,,,,0.380973,2.291847,2.482210,-0.108443,2.318046,3.748340
100.572100,4.990000,0.978000,4.450000,,,,,,
100.605700,4.990000,0.978000,4.450000,,,,,,
100.609900,,,,0.583157,2.252043,2.500242,-0.108443,2.318046,3.748340
100.639600,4.990000,0.978000,4.450000,,,,,,
100.661700,,,,0.782837,2.199127,2.511343,-0.193480,2.347560,3.721271
100.675000,4.990000,0.978000,4.450000,,,,,,
100.709700,4.990000,0.978000,4.450000,,,,,,
100.712800,,,,0.974079,2.139432,2.519436,-0.377445,2.398989,3.660836
100.743700,4.990000,0.978000,4.450000,,,,,,
100.763900,,,,0.974079,2.139432,2.519436,-0.566062,2.394872,3.595334
100.777300,4.990000,0.978000,4.450000,,,,,,
100.811700,4.990000,0.978000,4.450000,,,,,,
100.814000,,,,0.974079,2.139432,2.519436,-0.742482,2.325415,3.532834
100.846000,4.990000,0.978000,4.450000,,,,,,
100.864600,,,,0.974079,2.139432,2.519436,-0.908927,2.225951,3.472070
100.881100,4.990000,0.978000,4.450000,,,,,,
100.915500,4.990000,0.978000,4.450000,0.964753,2.143478,2.523993,-1.061595,2.126942,3.412863
100.950600,4.990000,0.978000,4.450000,,,,,,
100.965900,,,,0.795626,2.215795,2.604905,-1.061595,2.126942,3.412863
100.985500,4.990000,0.978000,4.450000,,,,,,
101.017500,,,,0.620130,2.287533,2.687060,-1.061595,2.126942,3.412863
101.019900,4.990000,0.978000,4.450000,,,,,,
101.054000,4.990000,0.978000,4.450000,,,,,,
101.068300,,,,0.444101,2.349190,2.767903,-1.061595,2.126942,3.412863
101.088600,4.990000,0.978000,4.450000,,,,,,
101.118600,,,,0.265304,2.392459,2.849092,-1.045225,2.133703,3.410951
101.122600,4.990000,0.978000,4.450000,,,,,,
101.157500,4.990000,0.978000,4.450000,,,,,,
101.169600,,,,0.080247,2.411986,2.933040,-0.856555,2.208710,3.388422
101.192300,4.990000,0.978000,4.450000,,,,,,
101.220600,,,,-0.109637,2.407304,3.007215,-0.665672,2.276872,3.365195
101.226500,4.990000,0.978000,4.450000,,,,,,
101.264600,4.990000,0.978000,4.450000,,,,,,
101.271200,,,,-0.299584,2.385649,3.070483,-0.472833,2.329805,3.341729
101.299200,4.990000,0.978000,4.450000,,,,,,
101.321800,,,,-0.477245,2.357203,3.122325,-0.273169,2.359020,3.317443
101.334100,4.990000,0.978000,4.450000,,,,,,
101.368600,4.990000,0.978000,4.450000,,,,,,
101.373100,,,,-0.477245,2.357203,3.122325,-0.071198,2.357234,3.292878
101.403700,4.990000,0.978000,4.450000,,,,,,
101.424300,,,,-0.477245,2.357203,3.122325,0.130834,2.324634,3.268305
101.438500,4.990000,0.978000,4.450000,,,,,,
101.472500,4.990000,0.978000,4.450000,,,,,,
101.474500,,,,-0.477245,2.357203,3.122325,0.322565,2.269547,3.245486
101.507800,4.990000,0.978000,4.450000,,,,,,
101.524800,,,,-0.485507,2.362995,3.108900,0.491221,2.206915,3.225325
101.542800,4.990000,0.978000,4.450000,,,,,,
101.575100,,,,-0.584636,2.429003,2.947810,0.491221,2.206915,3.225325
101.577600,4.990000,0.978000,4.450000,,,,,,
101.611700,4.990000,0.978000,4.450000,,,,,,
101.626600,,,,-0.690148,2.480648,2.776349,0.491221,2.206915,3.225325
101.646100,4.990000,0.978000,4.450000,,,,,,
101.678400,,,,-0.798576,2.481863,2.601123,0.491221,2.206915,3.225325
101.680400,4.990000,0.978000,4.450000,,,,,,
101.715500,4.990000,0.978000,4.450000,,,,,,
101.730200,,,,-0.903603,2.414666,2.437109,0.493150,2.218679,3.256109
101.749700,4.990000,0.978000,4.450000,,,,,,
101.780400,,,,-0.981615,2.313507,2.328523,0.509456,2.286815,3.443719
101.785000,4.990000,0.978000,4.450000,,,,,,
101.820000,4.990000,0.978000,4.450000,,,,,,
101.832500,,,,-1.025417,2.231564,2.271892,0.541421,2.330828,3.644171
101.855000,4.990000,0.978000,4.450000,,,,,,
101.883000,,,,-1.025417,2.231564,2.271892,0.587098,2.303037,3.837989
101.889800,4.990000,0.978000,4.450000,,,,,,
101.924700,4.990000,0.978000,4.450000,,,,,,
101.933500,,,,-1.025417,2.231564,2.271892,0.643415,2.228273,4.000200
101.959800,4.990000,0.978000,4.450000,,,,,,
101.984300,,,,-1.025417,2.231564,2.271892,0.697953,2.151561,4.140439
101.993300,4.990000,0.978000,4.450000,,,,,,
102.028100,4.990000,0.978000,4.450000,,,,,,
102.034500,,,,-0.988832,2.249221,2.276151,0.709682,2.136554,4.168956
102.063400,4.990000,0.978000,4.450000,,,,,,
102.086000,,,,-0.805876,2.336657,2.297838,0.709682,2.136554,4.168956
102.098400,4.990000,0.978000,4.450000,,,,,,
102.132300,4.990000,0.978000,4.450000,,,,,,
102.136400,,,,-0.620178,2.417633,2.323188,0.709682,2.136554,4.168956
102.167000,4.990000,0.978000,4.450000,,,,,,
102.187900,,,,-0.423502,2.464836,2.355480,0.709682,2.136554,4.168956
102.200400,4.990000,0.978000,4.450000,,,,,,
102.238000,4.990000,0.978000,4.450000,-0.253549,2.442963,2.388476,0.569997,2.184853,4.135642
102.272200,4.990000,0.978000,4.450000,,,,,,
102.288700,,,,-0.146708,2.381788,2.421712,0.369691,2.252692,4.087673
102.307400,4.990000,0.978000,4.450000,,,,,,
102.339500,,,,-0.092143,2.334692,2.438915,0.180652,2.313102,4.041907
102.341500,4.990000,0.978000,4.450000,,,,,,
102.376500,4.990000,0.978000,4.450000,,,,,,
102.390900,,,,-0.092143,2.334692,2.438915,-0.011961,2.366181,3.995383
102.410400,4.990000,0.978000,4.450000,,,,,,
102.441000,,,,-0.092143,2.334692,2.438915,-0.203467,2.405884,3.949382
102.444900,4.990000,0.978000,4.450000,,,,,,
102.479900,4.990000,0.978000,4.450000,,,,,,
102.492700,,,,-0.092143,2.334692,2.438915,-0.401621,2.430175,3.901796
102.515300,4.990000,0.978000,4.450000,,,,,,
102.543400,,,,-0.118659,2.358886,2.486865,-0.599872,2.436632,3.854169
102.549900,4.990000,0.978000,4.450000,,,,,,
102.584700,4.990000,0.978000,4.450000,,,,,,
102.593900,,,,-0.191398,2.420531,2.645953,-0.795511,2.426800,3.807120
102.620200,4.990000,0.978000,4.450000,,,,,,
102.644300,,,,-0.230714,2.404655,2.797958,-0.990131,2.403662,3.760298
102.655600,4.990000,0.978000,4.450000,,,,,,
102.691300,4.990000,0.978000,4.450000,,,,,,
102.695500,,,,-0.258411,2.299628,2.971419,-1.160710,2.375176,3.719254
102.726500,4.990000,0.978000,4.450000,,,,,,
102.746200,,,,-0.266024,2.173841,3.127547,-1.160710,2.375176,3.719254
102.761400,4.990000,0.978000,4.450000,,,,,,
102.796700,4.990000,0.978000,4.450000,-0.267183,2.133394,3.176650,-1.160710,2.375176,3.719254
102.831600,4.990000,0.978000,4.450000,,,,,,
102.848000,,,,-0.267183,2.133394,3.176650,-1.160710,2.375176,3.719254
102.865500,4.990000,0.978000,4.450000,,,,,,
102.899800,4.990000,0.978000,4.450000,-0.267183,2.133394,3.176650,-1.120089,2.383978,3.710214
102.934800,4.990000,0.978000,4.450000,,,,,,
102.952300,,,,-0.267183,2.133394,3.176650,-0.921439,2.426343,3.666525
102.969700,4.990000,0.978000,4.450000,,,,,,
103.002900,,,,-0.373433,2.192057,3.110667,-0.725627,2.464884,3.625353
103.005000,4.990000,0.978000,4.450000,,,,,,
103.039000,4.990000,0.978000,4.450000,,,,,,
103.053500,,,,-0.532438,2.272082,3.011923,-0.528010,2.492202,3.584861
103.072300,4.990000,0.978000,4.450000,,,,,,
103.103800,,,,-0.688095,2.312920,2.914114,-0.341892,2.498932,3.553451
103.106300,4.990000,0.978000,4.450000,,,,,,
103.139800,4.990000,0.978000,4.450000,,,,,,
103.154300,,,,-0.865927,2.289712,2.799105,-0.130434,2.479921,3.528267
103.174700,4.990000,0.978000,4.450000,,,,,,
103.205000,,,,-1.013508,2.232159,2.700588,0.068244,2.438510,3.516711
103.209100,4.990000,0.978000,4.450000,,,,,,
103.243200,4.990000,0.978000,4.450000,,,,,,
103.255400,,,,-1.117829,2.188693,2.630764,0.261869,2.382803,3.516602
103.277000,4.990000,0.978000,4.450000,,,,,,
103.307200,,,,-1.117829,2.188693,2.630764,0.421603,2.333524,3.522794
103.311400,4.990000,0.978000,4.450000,,,,,,
103.346200,4.990000,0.978000,4.450000,,,,,,
103.358800,,,,-1.117829,2.188693,2.630764,0.421603,2.333524,3.522794
103.380800,4.990000,0.978000,4.450000,,,,,,
103.408800,,,,-1.117829,2.188693,2.630764,0.421603,2.333524,3.522794
103.415100,4.990000,0.978000,4.450000,,,,,,
103.448500,4.990000,0.978000,4.450000,,,,,,
103.460700,,,,-1.077916,2.208687,2.617975,0.421603,2.333524,3.522794
103.484100,4.990000,0.978000,4.450000,,,,,,
103.511200,,,,-0.903924,2.288956,2.562219,0.435209,2.359442,3.562818
103.518200,4.990000,0.978000,4.450000,,,,,,
103.553100,4.990000,0.978000,4.450000,,,,,,
103.561500,,,,-0.744548,2.314966,2.511147,0.492703,2.458536,3.730099
103.587700,4.990000,0.978000,4.450000,,,,,,
103.612300,,,,-0.574645,2.247711,2.456702,0.546201,2.490550,3.884954
103.623200,4.990000,0.978000,4.450000,,,,,,
103.657800,4.990000,0.978000,4.450000,,,,,,
103.664400,,,,-0.443511,2.153516,2.408351,0.605795,2.416972,4.050177
103.693000,4.990000,0.978000,4.450000,,,,,,
103.714600,,,,-0.373217,2.104251,2.381776,0.643771,2.322301,4.154812
103.728800,4.990000,0.978000,4.450000,,,,,,
103.763100,4.990000,0.978000,4.450000,,,,,,
103.765100,,,,-0.373217,2.104251,2.381776,0.665553,2.287008,4.196315
103.797100,4.990000,0.978000,4.450000,,,,,,
103.819500,,,,-0.373217,2.104251,2.381776,0.665553,2.287008,4.196315
103.832000,4.990000,0.978000,4.450000,,,,,,
103.866400,4.990000,0.978000,4.450000,,,,,,
103.870400,,,,-0.373217,2.104251,2.381776,0.665553,2.287008,4.196315
103.901600,4.990000,0.978000,4.450000,,,,,,
103.922200,,,,-0.365925,2.151647,2.485867,0.665553,2.287008,4.196315
103.935700,4.990000,0.978000,4.450000,,,,,,
103.970400,4.990000,0.978000,4.450000,,,,,,
103.972600,,,,-0.353080,2.233120,2.669233,0.519628,2.314471,4.155217
104.004900,4.990000,0.978000,4.450000,,,,,,
104.023600,,,,-0.339762,2.306826,2.859351,0.325540,2.347821,4.100484
104.038600,4.990000,0.978000,4.450000,,,,,,
104.073400,4.990000,0.978000,4.450000,,,,,,
104.075500,,,,-0.325688,2.356550,3.060276,0.127372,2.374909,4.044550
104.108200,4.990000,0.978000,4.450000,,,,,,
104.126800,,,,-0.311365,2.369505,3.264729,-0.070025,2.388926,3.988839
104.142300,4.990000,0.978000,4.450000,,,,,,
104.177100,4.990000,0.978000,4.450000,-0.297403,2.350728,3.464054,-0.263210,2.385285,3.934318
104.211700,4.990000,0.978000,4.450000,,,,,,
104.228200,,,,-0.283383,2.311778,3.664194,-0.458334,2.361568,3.878518
104.245100,4.990000,0.978000,4.450000,,,,,,
104.278600,4.990000,0.978000,4.450000,-0.281133,2.304962,3.696306,-0.647510,2.319922,3.824228
104.314200,4.990000,0.978000,4.450000,,,,,,
104.330600,,,,-0.281133,2.304962,3.696306,-0.834674,2.263527,3.763907
104.349000,4.990000,0.978000,4.450000,,,,,,
104.382600,4.990000,0.978000,4.450000,-0.281133,2.304962,3.696306,-1.021922,2.196696,3.691952
104.416800,4.990000,0.978000,4.450000,,,,,,
104.432800,,,,-0.281133,2.304962,3.696306,-1.125736,2.155862,3.644230
104.451300,4.990000,0.978000,4.450000,,,,,,
104.483400,,,,-0.351266,2.367498,3.545842,-1.125736,2.155862,3.644230
104.485500,4.990000,0.978000,4.450000,,,,,,
104.519700,4.990000,0.978000,4.450000,,,,,,
104.534600,,,,-0.433128,2.432779,3.369971,-1.125736,2.155862,3.644230
104.555900,4.990000,0.978000,4.450000,,,,,,
104.585900,,,,-0.517652,2.476313,3.188032,-1.125736,2.155862,3.644230
104.589900,4.990000,0.978000,4.450000,,,,,,
104.623800,4.990000,0.978000,4.450000,,,,,,
104.637900,,,,-0.602862,2.478570,2.999061,-1.034726,2.182265,3.642864
104.657700,4.990000,0.978000,4.450000,,,,,,
104.688000,,,,-0.679985,2.434278,2.820173,-0.841658,2.235466,3.639965
104.692300,4.990000,0.978000,4.450000,,,,,,
104.726000,4.990000,0.978000,4.450000,,,,,,
104.740000,,,,-0.738590,2.349876,2.655729,-0.652927,2.281394,3.637137
104.760000,4.990000,0.978000,4.450000,,,,,,
104.792100,,,,-0.779098,2.275697,2.544533,-0.434884,2.320266,3.634510
104.794000,4.990000,0.978000,4.450000,,,,,,
104.827700,4.990000,0.978000,4.450000,,,,,,
104.843500,,,,-0.779098,2.275697,2.544533,-0.229081,2.335740,3.632331
104.861300,4.990000,0.978000,4.450000,,,,,,
104.894700,4.990000,0.978000,4.450000,-0.779098,2.275697,2.544533,-0.024689,2.325207,3.631963
104.930600,4.990000,0.978000,4.450000,,,,,,
104.946300,,,,-0.779098,2.275697,2.544533,0.177462,2.284499,3.630601
104.964200,4.990000,0.978000,4.450000,,,,,,
104.997800,4.990000,0.978000,4.450000,-0.737002,2.301145,2.521424,0.371109,2.215787,3.626379
105.032000,4.990000,0.978000,4.450000,,,,,,
105.048600,,,,-0.578501,2.391236,2.432700,0.549700,2.130757,3.619228
105.066200,4.990000,0.978000,4.450000,,,,,,
105.098800,,,,-0.416694,2.458816,2.338647,0.583925,2.113005,3.616070
105.100900,4.990000,0.978000,4.450000,,,,,,
105.134500,4.990000,0.978000,4.450000,,,,,,
105.149800,,,,-0.242098,2.486870,2.234842,0.583925,2.113005,3.616070
105.169600,4.990000,0.978000,4.450000,,,,,,
105.199900,,,,-0.072921,2.473929,2.129384,0.583925,2.113005,3.616070
105.204500,4.990000,0.978000,4.450000,,,,,,
105.239500,4.990000,0.978000,4.450000,,,,,,
105.252300,,,,0.099461,2.434701,2.019140,0.583925,2.113005,3.616070
105.274400,4.990000,0.978000,4.450000,,,,,,
105.302400,,,,0.249285,2.388352,1.920233,0.619146,2.209439,3.730491
105.308600,4.990000,0.978000,4.450000,,,,,,
105.344000,4.990000,0.978000,4.450000,,,,,,
105.353000,,,,0.249285,2.388352,1.920233,0.652805,2.302353,3.861303
105.379200,4.990000,0.978000,4.450000,,,,,,
105.403400,,,,0.249285,2.388352,1.920233,0.675014,2.292097,4.015263
105.414000,4.990000,0.978000,4.450000,,,,,,
105.449100,4.990000,0.978000,4.450000,,,,,,
105.453800,,,,0.249285,2.388352,1.920233,0.665309,2.234426,4.090899
105.484200,4.990000,0.978000,4.450000,,,,,,
105.505800,,,,0.242697,2.393045,1.944372,0.658085,2.209999,4.116234
105.518700,4.990000,0.978000,4.450000,,,,,,
105.554300,4.990000,0.978000,4.450000,,,,,,
105.556500,,,,0.189988,2.428408,2.137029,0.658085,2.209999,4.116234
105.589000,4.990000,0.978000,4.450000,,,,,,
105.606600,,,,0.137555,2.458075,2.328374,0.658085,2.209999,4.116234
105.624000,4.990000,0.978000,4.450000,,,,,,
105.657500,4.990000,0.978000,4.450000,0.083823,2.476702,2.524462,0.658085,2.209999,4.116234
105.692500,4.990000,0.978000,4.450000,,,,,,
105.708900,,,,0.029681,2.476318,2.722044,0.540417,2.248097,4.071975
105.725900,4.990000,0.978000,4.450000,,,,,,
105.760100,4.990000,0.978000,4.450000,-0.023692,2.451866,2.918687,0.355906,2.306310,4.003192
105.794800,4.990000,0.978000,4.450000,,,,,,
105.811400,,,,-0.075871,2.404158,3.110507,0.170035,2.361451,3.938035
105.829600,4.990000,0.978000,4.450000,,,,,,
105.862100,,,,-0.126454,2.337003,3.295919,-0.018197,2.409780,3.877233
105.864100,4.990000,0.978000,4.450000,,,,,,
105.898300,4.990000,0.978000,4.450000,,,,,,
105.912500,,,,-0.174918,2.256921,3.473437,-0.207155,2.446639,3.820601
105.932800,4.990000,0.978000,4.450000,,,,,,
105.964100,,,,-0.216192,2.180365,3.624598,-0.405668,2.468883,3.767022
105.966100,4.990000,0.978000,4.450000,,,,,,
106.001200,4.990000,0.978000,4.450000,,,,,,
106.015500,,,,-0.216192,2.180365,3.624598,-0.606333,2.470700,3.721870
106.035900,4.990000,0.978000,4.450000,,,,,,
106.065900,,,,-0.216192,2.180365,3.624598,-0.802857,2.450762,3.683187
106.070100,4.990000,0.978000,4.450000,,,,,,
106.103500,4.990000,0.978000,4.450000,,,,,,
106.117300,,,,-0.216192,2.180365,3.624598,-1.000930,2.409980,3.649910
106.138200,4.990000,0.978000,4.450000,,,,,,
106.168000,,,,-0.224587,2.205848,3.595908,-1.192746,2.351795,3.621424
106.172600,4.990000,0.978000,4.450000,,,,,,
106.206100,4.990000,0.978000,4.450000,,,,,,
106.220300,,,,-0.262277,2.312549,3.467087,-1.268117,2.322722,3.612104
106.241600,4.990000,0.978000,4.450000,,,,,,
106.270300,,,,-0.300258,2.317381,3.335434,-1.268117,2.322722,3.612104
106.275000,4.990000,0.978000,4.450000,,,,,,
106.310100,4.990000,0.978000,4.450000,,,,,,
106.321300,,,,-0.334861,2.235769,3.227738,-1.268117,2.322722,3.612104
106.346000,4.990000,0.978000,4.450000,,,,,,
106.372700,,,,-0.356381,2.181831,3.156191,-1.268117,2.322722,3.612104
106.381300,4.990000,0.978000,4.450000,,,,,,
106.416000,4.990000,0.978000,4.450000,,,,,,
106.424100,,,,-0.356381,2.181831,3.156191,-1.156172,2.359652,3.564680
106.449800,4.990000,0.978000,4.450000,,,,,,
106.474200,,,,-0.356381,2.181831,3.156191,-0.979681,2.415907,3.489827
106.485300,4.990000,0.978000,4.450000,,,,,,
106.520600,4.990000,0.978000,4.450000,,,,,,
106.525000,,,,-0.356381,2.181831,3.156191,-0.798526,2.466170,3.412996
106.556100,4.990000,0.978000,4.450000,,,,,,
106.575600,,,,-0.321378,2.200082,3.111755,-0.614458,2.499026,3.334847
106.590600,4.990000,0.978000,4.450000,,,,,,
106.624300,4.990000,0.978000,4.450000,,,,,,
106.626400,,,,-0.198349,2.259859,2.961641,-0.428505,2.505479,3.253837
106.659200,4.990000,0.978000,4.450000,,,,,,
106.677500,,,,-0.065066,2.306063,2.813315,-0.241988,2.484050,3.172186
106.694000,4.990000,0.978000,4.450000,,,,,,
106.728400,4.990000,0.978000,4.450000,0.076990,2.312366,2.668432,-0.061298,2.440662,3.089270
106.763100,4.990000,0.978000,4.450000,,,,,,
106.779800,,,,0.226260,2.266422,2.535634,0.110232,2.384149,2.991226
106.796600,4.990000,0.978000,4.450000,,,,,,
106.831800,4.990000,0.978000,4.450000,0.381977,2.182556,2.429940,0.137210,2.374527,2.974161
106.867000,4.990000,0.978000,4.450000,,,,,,
106.883400,,,,0.521771,2.106586,2.362621,0.137210,2.374527,2.974161
106.901800,4.990000,0.978000,4.450000,,,,,,
106.933800,,,,0.521771,2.106586,2.362621,0.137210,2.374527,2.974161
106.936100,4.990000,0.978000,4.450000,,,,,,
106.969600,4.990000,0.978000,4.450000,,,,,,
106.983900,,,,0.521771,2.106586,2.362621,0.137210,2.374527,2.974161
107.004400,4.990000,0.978000,4.450000,,,,,,
107.035100,,,,0.521771,2.106586,2.362621,0.209706,2.441774,3.120943
107.039200,4.990000,0.978000,4.450000,,,,,,
107.074300,4.990000,0.978000,4.450000,,,,,,
107.087100,,,,0.518385,2.109532,2.369268,0.294108,2.478659,3.264202
107.110200,4.990000,0.978000,4.450000,,,,,,
107.138800,,,,0.433104,2.185388,2.541849,0.393636,2.412319,3.409883
107.143800,4.990000,0.978000,4.450000,,,,,,
107.178200,4.990000,0.978000,4.450000,,,,,,
107.189200,,,,0.355827,2.257424,2.713080,0.461856,2.297721,3.507591
107.213500,4.990000,0.978000,4.450000,,,,,,
107.241400,,,,0.288064,2.323710,2.899062,0.505925,2.200442,3.576245
107.248400,4.990000,0.978000,4.450000,,,,,,
107.282000,4.990000,0.978000,4.450000,,,,,,
107.293000,,,,0.237377,2.368698,3.094029,0.505925,2.200442,3.576245
107.316800,4.990000,0.978000,4.450000,,,,,,
107.345200,,,,0.205448,2.385005,3.299487,0.505925,2.200442,3.576245
107.352600,4.990000,0.978000,4.450000,,,,,,
107.386000,4.990000,0.978000,4.450000,,,,,,
107.397100,,,,0.193974,2.375928,3.507281,0.505925,2.200442,3.576245
107.420100,4.990000,0.978000,4.450000,,,,,,
107.448100,,,,0.187165,2.353228,3.709187,0.448829,2.217371,3.571444
107.455600,4.990000,0.978000,4.450000,,,,,,
107.489500,4.990000,0.978000,4.450000,,,,,,
107.498200,,,,0.186775,2.338020,3.818877,0.258024,2.271299,3.555332
107.524900,4.990000,0.978000,4.450000,,,,,,
107.549400,,,,0.186775,2.338020,3.818877,0.057657,2.315775,3.537856
107.559500,4.990000,0.978000,4.450000,,,,,,
107.594800,4.990000,0.978000,4.450000,,,,,,
107.601400,,,,0.186775,2.338020,3.818877,-0.148807,2.328407,3.517287
107.629500,4.990000,0.978000,4.450000,,,,,,
107.653200,,,,0.186775,2.338020,3.818877,-0.351285,2.297638,3.486758
107.664000,4.990000,0.978000,4.450000,,,,,,
107.697600,4.990000,0.978000,4.450000,,,,,,
107.703800,,,,0.137909,2.377500,3.733415,-0.538926,2.235878,3.443042
107.731400,4.990000,0.978000,4.450000,,,,,,
107.755000,,,,0.044219,2.446981,3.567860,-0.718372,2.161428,3.386012
107.765300,4.990000,0.978000,4.450000,,,,,,
107.800300,4.990000,0.978000,4.450000,,,,,,
107.806700,,,,-0.052757,2.489890,3.387735,-0.770292,2.138855,3.365969
107.835100,4.990000,0.978000,4.450000,,,,,,
107.857700,,,,-0.149910,2.470374,3.210951,-0.770292,2.138855,3.365969
107.871200,4.990000,0.978000,4.450000,,,,,,
107.906200,4.990000,0.978000,4.450000,,,,,,
107.908300,,,,-0.240175,2.394837,3.046767,-0.770292,2.138855,3.365969
107.941000,4.990000,0.978000,4.450000,,,,,,
107.960200,,,,-0.317835,2.295416,2.905510,-0.770292,2.138855,3.365969
107.975000,4.990000,0.978000,4.450000,,,,,,
108.010200,4.990000,0.978000,4.450000,,,,,,
108.012400,,,,-0.340595,2.262651,2.864112,-0.667143,2.194755,3.249537
108.043800,4.990000,0.978000,4.450000,,,,,,
108.064200,,,,-0.340595,2.262651,2.864112,-0.536671,2.257944,3.100965
108.077200,4.990000,0.978000,4.450000,,,,,,
108.168900,4.990000,0.978000,4.450000,-0.340595,2.262651,2.864112,-0.450243,2.287982,3.000278
108.202600,4.990000,0.978000,4.450000,,,,,,
108.219800,,,,-0.203209,2.333434,2.823985,-0.233420,2.231035,2.595391
108.237200,4.990000,0.978000,4.450000,,,,,,
108.269800,,,,-0.025579,2.416655,2.788814,-0.213413,2.157191,2.475889
108.272000,4.990000,0.978000,4.450000,,,,,,
108.305800,4.990000,0.978000,4.450000,,,,,,
108.320100,,,,0.166148,2.472885,2.778688,-0.213846,2.105555,2.403468
108.340900,4.990000,0.978000,4.450000,,,,,,
108.372500,,,,0.371668,2.473608,2.792842,-0.213846,2.105555,2.403468
108.374600,4.990000,0.978000,4.450000,,,,,,
108.409700,4.990000,0.978000,4.450000,,,,,,
108.423200,,,,0.567652,2.427255,2.830201,-0.213846,2.105555,2.403468
108.444800,4.990000,0.978000,4.450000,,,,,,
108.474200,,,,0.750843,2.362475,2.888204,-0.213846,2.105555,2.403468
108.479600,4.990000,0.978000,4.450000,,,,,,
108.515200,4.990000,0.978000,4.450000,,,,,,
108.525800,,,,0.778566,2.351931,2.900055,-0.182695,2.145934,2.466001
108.549900,4.990000,0.978000,4.450000,,,,,,
108.577600,,,,0.778566,2.351931,2.900055,-0.105309,2.247972,2.630817
108.584600,4.990000,0.978000,4.450000,,,,,,
108.618000,4.990000,0.978000,4.450000,,,,,,
108.627900,,,,0.778566,2.351931,2.900055,-0.027901,2.321152,2.800144
108.653300,4.990000,0.978000,4.450000,,,,,,
108.678100,,,,0.778566,2.351931,2.900055,0.055991,2.326471,2.982303
108.687200,4.990000,0.978000,4.450000,,,,,,
108.721000,4.990000,0.978000,4.450000,,,,,,
108.728100,,,,0.820884,2.401484,3.067455,0.120463,2.286494,3.122293
108.756400,4.990000,0.978000,4.450000,,,,,,
108.780100,,,,0.869658,2.442590,3.260594,0.162383,2.248797,3.221387
108.789800,4.990000,0.978000,4.450000,,,,,,
108.823400,4.990000,0.978000,4.450000,,,,,,
108.832400,,,,0.921280,2.431645,3.465232,0.162383,2.248797,3.221387
108.857200,4.990000,0.978000,4.450000,,,,,,
108.882600,,,,0.967036,2.357368,3.646500,0.162383,2.248797,3.221387
108.890800,4.990000,0.978000,4.450000,,,,,,
108.924700,4.990000,0.978000,4.450000,,,,,,
108.934500,,,,1.008871,2.242605,3.812230,0.162383,2.248797,3.221387
108.958600,4.990000,0.978000,4.450000,,,,,,
108.985600,,,,1.038366,2.145451,3.929079,0.119984,2.267238,3.222199
108.993600,4.990000,0.978000,4.450000,,,,,,
109.028700,4.990000,0.978000,4.450000,,,,,,
109.036800,,,,1.038366,2.145451,3.929079,-0.068325,2.346761,3.225979
109.062200,4.990000,0.978000,4.450000,,,,,,
109.088000,,,,1.038366,2.145451,3.929079,-0.259813,2.417572,3.231359
109.097100,4.990000,0.978000,4.450000,,,,,,
109.131300,4.990000,0.978000,4.450000,,,,,,
109.138300,,,,1.038366,2.145451,3.929079,-0.453862,2.463613,3.242920
109.165800,4.990000,0.978000,4.450000,,,,,,
109.190000,,,,1.014469,2.153123,3.915900,-0.657856,2.472130,3.256404
109.200300,4.990000,0.978000,4.450000,,,,,,
109.234200,4.990000,0.978000,4.450000,,,,,,
109.241700,,,,0.837687,2.208184,3.819852,-0.863191,2.439260,3.268352
109.267700,4.990000,0.978000,4.450000,,,,,,
109.293200,,,,0.660566,2.258569,3.727518,-1.058969,2.376801,3.281085
109.302400,4.990000,0.978000,4.450000,,,,,,
109.336800,4.990000,0.978000,4.450000,,,,,,
109.345200,,,,0.479549,2.299407,3.640967,-1.175321,2.329676,3.289986
109.371600,4.990000,0.978000,4.450000,,,,,,
109.396200,,,,0.291187,2.324984,3.557516,-1.175321,2.329676,3.289986
109.406900,4.990000,0.978000,4.450000,,,,,,
109.442700,4.990000,0.978000,4.450000,,,,,,
109.447900,,,,0.103359,2.331949,3.475558,-1.175321,2.329676,3.289986
109.478000,4.990000,0.978000,4.450000,,,,,,
109.499000,,,,-0.081972,2.323076,3.392156,-1.175321,2.329676,3.289986
109.512400,4.990000,0.978000,4.450000,,,,,,
109.548000,4.990000,0.978000,4.450000,,,,,,
109.551000,,,,-0.269789,2.302104,3.305444,-1.170734,2.367374,3.199586
109.582200,4.990000,0.978000,4.450000,,,,,,
109.601200,,,,-0.453011,2.274075,3.220689,-1.163733,2.441818,3.010000
109.615600,4.990000,0.978000,4.450000,,,,,,
109.651100,4.990000,0.978000,4.450000,,,,,,
109.653400,,,,-0.576138,2.253141,3.164566,-1.156835,2.493509,2.808603
109.685800,4.990000,0.978000,4.450000,,,,,,
109.703500,,,,-0.576138,2.253141,3.164566,-1.149930,2.487565,2.609176
109.719200,4.990000,0.978000,4.450000,,,,,,
109.754100,4.990000,0.978000,4.450000,-0.576138,2.253141,3.164566,-1.143279,2.428779,2.417106
109.789000,4.990000,0.978000,4.450000,,,,,,
109.805600,,,,-0.576138,2.253141,3.164566,-1.138350,2.363275,2.274767
109.823100,4.990000,0.978000,4.450000,,,,,,
109.856900,4.990000,0.978000,4.450000,-0.496104,2.272022,3.161611,-1.137193,2.346929,2.241350
109.892000,4.990000,0.978000,4.450000,,,,,,
109.907400,,,,-0.298613,2.315605,3.154288,-1.137193,2.346929,2.241350
109.925400,4.990000,0.978000,4.450000,,,,,,
109.958000,,,,-0.099261,2.348775,3.146896,-1.137193,2.346929,2.241350
109.959800,4.990000,0.978000,4.450000,,,,,,
109.993600,4.990000,0.978000,4.450000,,,,,,
110.008400,,,,0.101569,2.356869,3.136525,-1.137193,2.346929,2.241350
110.027300,4.990000,0.978000,4.450000,,,,,,
110.060100,,,,0.303348,2.328286,3.112619,-1.029615,2.387878,2.345349
110.062100,4.990000,0.978000,4.450000,,,,,,
110.097500,4.990000,0.978000,4.450000,,,,,,
110.111600,,,,0.494865,2.266917,3.070686,-0.885981,2.436740,2.484203
110.132500,4.990000,0.978000,4.450000,,,,,,
110.162100,,,,0.674096,2.190174,3.015227,-0.742241,2.470065,2.623161
110.166400,4.990000,0.978000,4.450000,,,,,,
110.200300,4.990000,0.978000,4.450000,,,,,,
110.213400,,,,0.796509,2.131658,2.964477,-0.594859,2.475708,2.765822
110.234600,4.990000,0.978000,4.450000,,,,,,
110.263900,,,,0.796509,2.131658,2.964477,-0.451601,2.446604,2.904645
110.268000,4.990000,0.978000,4.450000,,,,,,
110.302900,4.990000,0.978000,4.450000,,,,,,
110.320600,,,,0.796509,2.131658,2.964477,-0.315934,2.387952,3.036110
110.338100,4.990000,0.978000,4.450000,,,,,,
110.370600,,,,0.796509,2.131658,2.964477,-0.169312,2.294068,3.182460
110.372800,4.990000,0.978000,4.450000,,,,,,
110.407000,4.990000,0.978000,4.450000,,,,,,
110.422000,,,,0.819461,2.183067,3.037456,-0.071591,2.220473,3.277911
110.444900,4.990000,0.978000,4.450000,,,,,,
110.473000,,,,0.872012,2.294113,3.199674,-0.071591,2.220473,3.277911
110.479400,4.990000,0.978000,4.450000,,,,,,
110.514200,4.990000,0.978000,4.450000,,,,,,
110.524000,,,,0.934650,2.381136,3.372299,-0.071591,2.220473,3.277911
110.547800,4.990000,0.978000,4.450000,,,,,,
110.576400,,,,1.002800,2.393939,3.567082,-0.071591,2.220473,3.277911
110.584100,4.990000,0.978000,4.450000,,,,,,
110.619800,4.990000,0.978000,4.450000,,,,,,
110.628200,,,,1.053848,2.356262,3.691235,-0.117833,2.241640,3.324408
110.654700,4.990000,0.978000,4.450000,,,,,,
110.679600,,,,1.087813,2.329333,3.739536,-0.255474,2.301166,3.465594
110.689800,4.990000,0.978000,4.450000,,,,,,
110.724900,4.990000,0.978000,4.450000,,,,,,
110.731200,,,,1.087813,2.329333,3.739536,-0.396069,2.337915,3.609955
110.759500,4.990000,0.978000,4.450000,,,,,,
110.782100,,,,1.087813,2.329333,3.739536,-0.536821,2.318065,3.756095
110.793400,4.990000,0.978000,4.450000,,,,,,
110.827700,4.990000,0.978000,4.450000,,,,,,
110.833900,,,,1.087813,2.329333,3.739536,-0.670472,2.243514,3.895391
110.862400,4.990000,0.978000,4.450000,,,,,,
110.884800,,,,1.012216,2.347419,3.715582,-0.763135,2.164600,3.999889
110.897300,4.990000,0.978000,4.450000,,,,,,
110.930600,4.990000,0.978000,4.450000,,,,,,
110.934900,,,,0.825949,2.390089,3.656614,-0.790376,2.134018,4.036751
110.965100,4.990000,0.978000,4.450000,,,,,,
110.989300,,,,0.639792,2.429093,3.597686,-0.790376,2.134018,4.036751
110.998600,4.990000,0.978000,4.450000,,,,,,
111.033600,4.990000,0.978000,4.450000,,,,,,
111.040100,,,,0.431856,2.464512,3.531865,-0.790376,2.134018,4.036751
111.068200,4.990000,0.978000,4.450000,,,,,,
111.090700,,,,0.240205,2.485433,3.471625,-0.790376,2.134018,4.036751
111.102300,4.990000,0.978000,4.450000,,,,,,
111.137600,4.990000,0.978000,4.450000,,,,,,
111.142100,,,,0.043212,2.491754,3.411962,-0.764180,2.168643,3.903451
111.173000,4.990000,0.978000,4.450000,,,,,,
111.193100,,,,-0.150851,2.480921,3.353158,-0.723056,2.215888,3.710227
111.206600,4.990000,0.978000,4.450000,,,,,,
111.241000,4.990000,0.978000,4.450000,,,,,,
111.243200,,,,-0.342134,2.453225,3.295932,-0.675751,2.257329,3.518683
111.275100,4.990000,0.978000,4.450000,,,,,,
111.294700,,,,-0.535970,2.408318,3.240542,-0.618684,2.290287,3.322911
111.309400,4.990000,0.978000,4.450000,,,,,,
111.344300,4.990000,0.978000,4.450000,,,,,,
111.346400,,,,-0.726871,2.348987,3.188822,-0.552130,2.309290,3.128404
111.379000,4.990000,0.978000,4.450000,,,,,,
111.396400,,,,-0.909640,2.280066,3.144176,-0.477924,2.310872,2.942359
111.413500,4.990000,0.978000,4.450000,,,,,,
111.446600,,,,-0.978502,2.252264,3.126097,-0.396949,2.295205,2.759370
111.448700,4.990000,0.978000,4.450000,,,,,,
111.483700,4.990000,0.978000,4.450000,,,,,,
111.496800,,,,-0.978502,2.252264,3.126097,-0.313888,2.264223,2.579812
111.518700,4.990000,0.978000,4.450000,,,,,,
111.546800,,,,-0.978502,2.252264,3.126097,-0.238894,2.220797,2.398930
111.553500,4.990000,0.978000,4.450000,,,,,,
111.588300,4.990000,0.978000,4.450000,,,,,,
111.598800,,,,-0.978502,2.252264,3.126097,-0.166114,2.167068,2.212381
111.622000,4.990000,0.978000,4.450000,,,,,,
111.649900,,,,-0.862923,2.292550,3.070120,-0.139786,2.145774,2.143315
111.656900,4.990000,0.978000,4.450000,,,,,,
111.692000,4.990000,0.978000,4.450000,,,,,,
111.700600,,,,-0.688038,2.350878,2.985419,-0.139786,2.145774,2.143315
111.726600,4.990000,0.978000,4.450000,,,,,,
111.750800,,,,-0.525183,2.399880,2.906544,-0.139786,2.145774,2.143315
111.760100,4.990000,0.978000,4.450000,,,,,,
111.793800,4.990000,0.978000,4.450000,,,,,,
111.803200,,,,-0.329732,2.445248,2.811882,-0.139786,2.145774,2.143315
111.828200,4.990000,0.978000,4.450000,,,,,,
111.853400,,,,-0.149208,2.468366,2.724450,-0.195996,2.211945,2.248225
111.862600,4.990000,0.978000,4.450000,,,,,,
111.896800,4.990000,0.978000,4.450000,,,,,,
111.903600,,,,0.030271,2.470191,2.636240,-0.286129,2.305630,2.400244
111.931200,4.990000,0.978000,4.450000,,,,,,
111.954800,,,,0.196885,2.453146,2.549094,-0.389258,2.366546,2.545514
111.965900,4.990000,0.978000,4.450000,,,,,,
112.000500,4.990000,0.978000,4.450000,,,,,,
112.004900,,,,0.385920,2.413296,2.448901,-0.532206,2.364877,2.707922
112.035500,4.990000,0.978000,4.450000,,,,,,
112.056600,,,,0.562917,2.358839,2.358668,-0.645937,2.322039,2.805574
112.070000,4.990000,0.978000,4.450000,,,,,,
112.105200,4.990000,0.978000,4.450000,,,,,,
112.107400,,,,0.677838,2.316624,2.300779,-0.710722,2.290802,2.850687
112.139400,4.990000,0.978000,4.450000,,,,,,
112.158200,,,,0.677838,2.316624,2.300779,-0.710722,2.290802,2.850687
112.173000,4.990000,0.978000,4.450000,,,,,,
112.207900,4.990000,0.978000,4.450000,,,,,,
112.210300,,,,0.677838,2.316624,2.300779,-0.710722,2.290802,2.850687
112.243600,4.990000,0.978000,4.450000,,,,,,
112.262400,,,,0.677838,2.316624,2.300779,-0.710722,2.290802,2.850687
112.278300,4.990000,0.978000,4.450000,,,,,,
112.313400,4.990000,0.978000,4.450000,0.678593,2.339134,2.384053,-0.687516,2.313570,2.912456
112.347900,4.990000,0.978000,4.450000,,,,,,
112.365000,,,,0.684310,2.385596,2.584333,-0.614453,2.377742,3.093784
112.381900,4.990000,0.978000,4.450000,,,,,,
112.416700,4.990000,0.978000,4.450000,0.699379,2.377731,2.750317,-0.530384,2.433845,3.274745
112.452200,4.990000,0.978000,4.450000,,,,,,
112.467600,,,,0.728078,2.285369,2.911441,-0.434284,2.471587,3.449795
112.486100,4.990000,0.978000,4.450000,,,,,,
112.519200,,,,0.761086,2.173317,3.010467,-0.322217,2.484675,3.620856
112.521600,4.990000,0.978000,4.450000,,,,,,
112.557000,4.990000,0.978000,4.450000,,,,,,
112.570000,,,,0.780736,2.103008,3.057690,-0.198030,2.469731,3.781063
112.591300,4.990000,0.978000,4.450000,,,,,,
112.620800,,,,0.780736,2.103008,3.057690,-0.064951,2.428876,3.930251
112.624700,4.990000,0.978000,4.450000,,,,,,
112.658300,4.990000,0.978000,4.450000,,,,,,
112.671300,,,,0.780736,2.103008,3.057690,0.069974,2.368308,4.068490
112.693300,4.990000,0.978000,4.450000,,,,,,
112.721700,,,,0.780736,2.103008,3.057690,0.163074,2.314902,4.171432
112.727200,4.990000,0.978000,4.450000,,,,,,
112.761900,4.990000,0.978000,4.450000,,,,,,
112.777100,,,,0.713198,2.122079,3.073109,0.163074,2.314902,4.171432
112.795600,4.990000,0.978000,4.450000,,,,,,
112.827900,,,,0.501742,2.181210,3.121382,0.163074,2.314902,4.171432
112.829800,4.990000,0.978000,4.450000,,,,,,
112.864400,4.990000,0.978000,4.450000,,,,,,
112.879800,,,,0.306435,2.234585,3.165968,0.163074,2.314902,4.171432
112.898700,4.990000,0.978000,4.450000,,,,,,
112.931200,,,,0.112614,2.284225,3.210216,0.169374,2.335737,4.090806
112.933100,4.990000,0.978000,4.450000,,,,,,
112.968600,4.990000,0.978000,4.450000,,,,,,
112.982000,,,,-0.080526,2.327289,3.254308,0.184033,2.385339,3.894768
113.006200,4.990000,0.978000,4.450000,,,,,,
113.032400,,,,-0.274803,2.361395,3.298660,0.196098,2.432754,3.698588
113.040200,4.990000,0.978000,4.450000,,,,,,
113.075200,4.990000,0.978000,4.450000,,,,,,
113.082900,,,,-0.470787,2.384650,3.343401,0.203293,2.474822,3.500763
113.110000,4.990000,0.978000,4.450000,,,,,,
113.134000,,,,-0.668993,2.396079,3.388477,0.206865,2.506230,3.299658
113.144700,4.990000,0.978000,4.450000,,,,,,
113.178900,4.990000,0.978000,4.450000,,,,,,
113.184900,,,,-0.868646,2.395655,3.429852,0.210520,2.520276,3.096332
113.212400,4.990000,0.978000,4.450000,,,,,,
113.236700,,,,-1.070998,2.384434,3.472096,0.212803,2.511246,2.889635
113.246200,4.990000,0.978000,4.450000,,,,,,
113.279800,4.990000,0.978000,4.450000,,,,,,
113.288300,,,,-1.272031,2.364984,3.514099,0.211320,2.476243,2.686478
113.313600,4.990000,0.978000,4.450000,,,,,,
113.338700,,,,-1.394820,2.350314,3.539649,0.204699,2.416523,2.494190
113.347000,4.990000,0.978000,4.450000,,,,,,
113.381800,4.990000,0.978000,4.450000,,,,,,
113.390100,,,,-1.394820,2.350314,3.539649,0.190116,2.344835,2.331048
113.415200,4.990000,0.978000,4.450000,,,,,,
113.441000,,,,-1.394820,2.350314,3.539649,0.185384,2.333363,2.309543
113.448700,4.990000,0.978000,4.450000,,,,,,
113.483200,4.990000,0.978000,4.450000,,,,,,
113.492000,,,,-1.394820,2.350314,3.539649,0.185384,2.333363,2.309543
113.516800,4.990000,0.978000,4.450000,,,,,,
113.542800,,,,-1.320374,2.362164,3.493689,0.185384,2.333363,2.309543
113.551100,4.990000,0.978000,4.450000,,,,,,
113.584800,4.990000,0.978000,4.450000,,,,,,
113.593400,,,,-1.150156,2.388794,3.388606,0.185384,2.333363,2.309543
113.618200,4.990000,0.978000,4.450000,,,,,,
113.643500,,,,-0.980589,2.414569,3.283924,0.026472,2.377552,2.311305
113.653000,4.990000,0.978000,4.450000,,,,,,
113.687300,4.990000,0.978000,4.450000,,,,,,
113.695000,,,,-0.806688,2.439564,3.176565,-0.175038,2.418878,2.308795
113.721600,4.990000,0.978000,4.450000,,,,,,
113.746600,,,,-0.631543,2.461483,3.069296,-0.380310,2.411936,2.298399
113.756300,4.990000,0.978000,4.450000,,,,,,
113.790700,4.990000,0.978000,4.450000,,,,,,
113.798200,,,,-0.456121,2.478423,2.961982,-0.573758,2.342955,2.287686
113.825600,4.990000,0.978000,4.450000,,,,,,
113.848400,,,,-0.285123,2.488585,2.857143,-0.746502,2.242501,2.270190
113.860200,4.990000,0.978000,4.450000,,,,,,
113.894600,4.990000,0.978000,4.450000,,,,,,
113.900200,,,,-0.108478,2.491361,2.748773,-0.912128,2.125653,2.250376
113.929600,4.990000,0.978000,4.450000,,,,,,
113.952100,,,,0.067416,2.485079,2.641527,-0.916409,2.122880,2.249537
113.963600,4.990000,0.978000,4.450000,,,,,,
113.997900,4.990000,0.978000,4.450000,,,,,,
114.002600,,,,0.239235,2.469436,2.540676,-0.916409,2.122880,2.249537
114.031500,4.990000,0.978000,4.450000,,,,,,
114.054400,,,,0.424015,2.442437,2.443295,-0.916409,2.122880,2.249537
114.065600,4.990000,0.978000,4.450000,,,,,,
114.100600,4.990000,0.978000,4.450000,,,,,,
114.104700,,,,0.602990,2.407479,2.360198,-0.910808,2.124848,2.254351
114.136200,4.990000,0.978000,4.450000,,,,,,
114.155800,,,,0.787413,2.364153,2.283342,-0.760900,2.177032,2.383232
114.170700,4.990000,0.978000,4.450000,,,,,,
114.204900,4.990000,0.978000,4.450000,,,,,,
114.206900,,,,0.927815,2.327938,2.231263,-0.610603,2.227771,2.512486
114.240200,4.990000,0.978000,4.450000,,,,,,
114.258400,,,,0.927815,2.327938,2.231263,-0.458316,2.275075,2.642954
114.275400,4.990000,0.978000,4.450000,,,,,,
114.310000,4.990000,0.978000,4.450000,0.927815,2.327938,2.231263,-0.303050,2.314399,2.773518
114.344800,4.990000,0.978000,4.450000,,,,,,
114.361900,,,,0.927815,2.327938,2.231263,-0.144389,2.340089,2.904465
114.378400,4.990000,0.978000,4.450000,,,,,,
114.413400,4.990000,0.978000,4.450000,0.921690,2.364056,2.291146,0.014165,2.347869,3.035910
114.447100,4.990000,0.978000,4.450000,,,,,,
114.465200,,,,0.903148,2.462088,2.472423,0.170319,2.336400,3.171299
114.481900,4.990000,0.978000,4.450000,,,,,,
114.516600,4.990000,0.978000,4.450000,0.885154,2.488130,2.648331,0.325553,2.309731,3.303779
114.550800,4.990000,0.978000,4.450000,,,,,,
114.568200,,,,0.861492,2.415545,2.826724,0.475854,2.271220,3.437763
114.584600,4.990000,0.978000,4.450000,,,,,,
114.618600,4.990000,0.978000,4.450000,0.841019,2.323596,2.953979,0.522375,2.257741,3.483045
114.653200,4.990000,0.978000,4.450000,,,,,,
114.668900,,,,0.833044,2.291369,2.998035,0.522375,2.257741,3.483045
114.688300,4.990000,0.978000,4.450000,,,,,,
114.720100,,,,0.833044,2.291369,2.998035,0.522375,2.257741,3.483045
114.722000,4.990000,0.978000,4.450000,,,,,,
114.757000,4.990000,0.978000,4.450000,,,,,,
114.771300,,,,0.833044,2.291369,2.998035,0.522375,2.257741,3.483045
114.791200,4.990000,0.978000,4.450000,,,,,,
114.821800,,,,0.833044,2.291369,2.998035,0.406824,2.297784,3.403941
114.825600,4.990000,0.978000,4.450000,,,,,,
114.859500,4.990000,0.978000,4.450000,,,,,,
114.873600,,,,0.693883,2.316856,3.016469,0.240588,2.346771,3.290140
114.893600,4.990000,0.978000,4.450000,,,,,,
114.926700,,,,0.492438,2.350661,3.043506,0.071359,2.357075,3.174290
114.929900,4.990000,0.978000,4.450000,,,,,,
114.965000,4.990000,0.978000,4.450000,,,,,,
114.977300,,,,0.293600,2.377447,3.071841,-0.090179,2.307332,3.063704
114.998900,4.990000,0.978000,4.450000,,,,,,
115.028600,,,,0.085242,2.391735,3.103443,-0.235242,2.220900,2.964398
115.032800,4.990000,0.978000,4.450000,,,,,,
115.066300,4.990000,0.978000,4.450000,,,,,,
115.079900,,,,-0.117662,2.385618,3.135934,-0.348994,2.139988,2.886525
115.100000,4.990000,0.978000,4.450000,,,,,,
115.130600,,,,-0.315360,2.358207,3.166434,-0.349631,2.139820,2.886090
115.135200,4.990000,0.978000,4.450000,,,,,,
115.169100,4.990000,0.978000,4.450000,,,,,,
115.181800,,,,-0.512065,2.310920,3.196109,-0.349631,2.139820,2.886090
115.203900,4.990000,0.978000,4.450000,,,,,,
115.232000,,,,-0.700367,2.249743,3.224301,-0.349631,2.139820,2.886090
115.238600,4.990000,0.978000,4.450000,,,,,,
115.273300,4.990000,0.978000,4.450000,,,,,,
115.283200,,,,-0.891193,2.176975,3.252886,-0.349631,2.139820,2.886090
115.308300,4.990000,0.978000,4.450000,,,,,,
115.335100,,,,-0.976124,2.142651,3.265610,-0.478392,2.238598,2.759324
115.343500,4.990000,0.978000,4.450000,,,,,,
115.378600,4.990000,0.978000,4.450000,,,,,,
115.386800,,,,-0.976124,2.142651,3.265610,-0.609168,2.332229,2.629022
115.412200,4.990000,0.978000,4.450000,,,,,,
115.437800,,,,-0.976124,2.142651,3.265610,-0.745693,2.398654,2.492552
115.447200,4.990000,0.978000,4.450000,,,,,,
115.481700,4.990000,0.978000,4.450000,,,,,,
115.487900,,,,-0.976124,2.142651,3.265610,-0.886127,2.417299,2.352506
115.517100,4.990000,0.978000,4.450000,,,,,,
115.538000,,,,-0.871541,2.178853,3.207674,-1.026850,2.391169,2.212195
115.552400,4.990000,0.978000,4.450000,,,,,,
115.586800,4.990000,0.978000,4.450000,,,,,,
115.588800,,,,-0.700558,2.234620,3.112953,-1.138217,2.348983,2.100612
115.621200,4.990000,0.978000,4.450000,,,,,,
115.640400,,,,-0.525211,2.283782,3.014862,-1.145199,2.346194,2.093646
115.655800,4.990000,0.978000,4.450000,,,,,,
115.690200,4.990000,0.978000,4.450000,,,,,,
115.692200,,,,-0.347650,2.318534,2.915442,-1.145199,2.346194,2.093646
115.724800,4.990000,0.978000,4.450000,,,,,,
115.742200,,,,-0.172980,2.332416,2.817825,-1.145199,2.346194,2.093646
115.759600,4.990000,0.978000,4.450000,,,,,,
115.793500,4.990000,0.978000,4.450000,0.005584,2.323010,2.718080,-1.145199,2.346194,2.093646
115.827000,4.990000,0.978000,4.450000,,,,,,
115.844700,,,,0.181730,2.290889,2.618589,-1.043652,2.395186,2.263822
115.860600,4.990000,0.978000,4.450000,,,,,,
115.894100,4.990000,0.978000,4.450000,,,,,,
115.896000,,,,0.355092,2.240026,2.521145,-0.940685,2.439052,2.435950
115.927500,4.990000,0.978000,4.450000,,,,,,
115.947300,,,,0.524520,2.177425,2.424756,-0.835798,2.470325,2.608912
115.961400,4.990000,0.978000,4.450000,,,,,,
115.996300,4.990000,0.978000,4.450000,,,,,,
116.001200,,,,0.576751,2.156951,2.393628,-0.730674,2.479714,2.783073
116.031300,4.990000,0.978000,4.450000,,,,,,
116.053000,,,,0.576751,2.156951,2.393628,-0.618013,2.459157,2.969802
116.066400,4.990000,0.978000,4.450000,,,,,,
116.102000,4.990000,0.978000,4.450000,,,,,,
116.104100,,,,0.576751,2.156951,2.393628,-0.515799,2.412295,3.139338
116.137100,4.990000,0.978000,4.450000,,,,,,
116.154600,,,,0.576751,2.156951,2.393628,-0.417522,2.344432,3.302361
116.170600,4.990000,0.978000,4.450000,,,,,,
116.204000,4.990000,0.978000,4.450000,,,,,,
116.206000,,,,0.589429,2.220029,2.543941,-0.320543,2.260293,3.463237
116.237600,4.990000,0.978000,4.450000,,,,,,
116.256500,,,,0.605574,2.292523,2.731833,-0.285778,2.226061,3.522691
116.271100,4.990000,0.978000,4.450000,,,,,,
116.305800,4.990000,0.978000,4.450000,,,,,,
116.307700,,,,0.622615,2.339052,2.930442,-0.285778,2.226061,3.522691
116.340500,4.990000,0.978000,4.450000,,,,,,
116.359000,,,,0.640085,2.332835,3.134090,-0.285778,2.226061,3.522691
116.375400,4.990000,0.978000,4.450000,,,,,,
116.409000,4.990000,0.978000,4.450000,,,,,,
116.411100,,,,0.657246,2.280860,3.334147,-0.285778,2.226061,3.522691
116.443900,4.990000,0.978000,4.450000,,,,,,
116.461600,,,,0.669863,2.230082,3.477650,-0.326516,2.295022,3.408833
116.477600,4.990000,0.978000,4.450000,,,,,,
116.512600,4.990000,0.978000,4.450000,0.670818,2.226483,3.488734,-0.387221,2.388071,3.239169
116.547400,4.990000,0.978000,4.450000,,,,,,
116.564100,,,,0.670818,2.226483,3.488734,-0.453653,2.447294,3.053496
116.582600,4.990000,0.978000,4.450000,,,,,,
116.614200,,,,0.670818,2.226483,3.488734,-0.520659,2.436416,2.866221
116.617000,4.990000,0.978000,4.450000,,,,,,
116.652000,4.990000,0.978000,4.450000,,,,,,
116.666000,,,,0.670818,2.226483,3.488734,-0.573423,2.367677,2.701915
116.685900,4.990000,0.978000,4.450000,,,,,,
116.717900,,,,0.484336,2.292235,3.469800,-0.610928,2.305119,2.594558
116.719900,4.990000,0.978000,4.450000,,,,,,
116.755000,4.990000,0.978000,4.450000,,,,,,
116.768400,,,,0.293730,2.356084,3.450448,-0.610928,2.305119,2.594558
116.790000,4.990000,0.978000,4.450000,,,,,,
116.820300,,,,0.095136,2.413461,3.430285,-0.610928,2.305119,2.594558
116.824200,4.990000,0.978000,4.450000,,,,,,
116.857900,4.990000,0.978000,4.450000,,,,,,
116.871600,,,,-0.104254,2.454011,3.410041,-0.610928,2.305119,2.594558
116.892500,4.990000,0.978000,4.450000,,,,,,
116.923200,,,,-0.309719,2.472135,3.389180,-0.634752,2.317425,2.572220
116.927000,4.990000,0.978000,4.450000,,,,,,
116.962000,4.990000,0.978000,4.450000,,,,,,
116.973700,,,,-0.510286,2.464980,3.368817,-0.774299,2.381561,2.441375
116.996500,4.990000,0.978000,4.450000,,,,,,
117.024200,,,,-0.708897,2.435314,3.348651,-0.885891,2.385925,2.336740
117.030800,4.990000,0.978000,4.450000,,,,,,
117.065700,4.990000,0.978000,4.450000,,,,,,
117.075800,,,,-0.908308,2.385645,3.332344,-1.014328,2.291333,2.216311
117.099000,4.990000,0.978000,4.450000,,,,,,
117.126500,,,,-1.028568,2.347713,3.324991,-1.098720,2.177561,2.137181
117.132800,4.990000,0.978000,4.450000,,,,,,
117.167300,4.990000,0.978000,4.450000,,,,,,
117.177600,,,,-1.028568,2.347713,3.324991,-1.142605,2.110327,2.096033
117.201800,4.990000,0.978000,4.450000,,,,,,
117.227700,,,,-1.028568,2.347713,3.324991,-1.142605,2.110327,2.096033
117.236100,4.990000,0.978000,4.450000,,,,,,
117.270000,4.990000,0.978000,4.450000,,,,,,
117.278400,,,,-1.028568,2.347713,3.324991,-1.142605,2.110327,2.096033
117.304900,4.990000,0.978000,4.450000,,,,,,
117.329300,,,,-0.965643,2.368442,3.277967,-1.142605,2.110327,2.096033
117.339900,4.990000,0.978000,4.450000,,,,,,
117.374900,4.990000,0.978000,4.450000,,,,,,
117.381200,,,,-0.804976,2.420189,3.157686,-1.083915,2.139140,2.158351
117.408500,4.990000,0.978000,4.450000,,,,,,
117.432000,,,,-0.649341,2.466836,3.037687,-0.949339,2.202456,2.295024
117.442600,4.990000,0.978000,4.450000,,,,,,
117.477100,4.990000,0.978000,4.450000,,,,,,
117.483100,,,,-0.490180,2.503611,2.912192,-0.805142,2.262647,2.429276
117.512200,4.990000,0.978000,4.450000,,,,,,
117.535100,,,,-0.331416,2.521337,2.780817,-0.649692,2.311354,2.556764
117.547000,4.990000,0.978000,4.450000,,,,,,
117.580800,4.990000,0.978000,4.450000,,,,,,
117.587200,,,,-0.175604,2.514451,2.643287,-0.481596,2.340536,2.675599
117.614700,4.990000,0.978000,4.450000,,,,,,
117.638700,,,,-0.019654,2.483963,2.510127,-0.303510,2.346097,2.781495
117.648400,4.990000,0.978000,4.450000,,,,,,
117.682200,4.990000,0.978000,4.450000,,,,,,
117.689800,,,,0.131556,2.435232,2.381606,-0.121646,2.331102,2.873354
117.716700,4.990000,0.978000,4.450000,,,,,,
117.741400,,,,0.283483,2.374167,2.255502,0.065721,2.301342,2.955288
117.751300,4.990000,0.978000,4.450000,,,,,,
117.785700,4.990000,0.978000,4.450000,,,,,,
117.791500,,,,0.283483,2.374167,2.255502,0.177480,2.280064,3.001765
117.820700,4.990000,0.978000,4.450000,,,,,,
117.843200,,,,0.283483,2.374167,2.255502,0.177480,2.280064,3.001765
117.854900,4.990000,0.978000,4.450000,,,,,,
117.888700,4.990000,0.978000,4.450000,,,,,,
117.894500,,,,0.283483,2.374167,2.255502,0.177480,2.280064,3.001765
117.923200,4.990000,0.978000,4.450000,,,,,,
117.946100,,,,0.285945,2.377566,2.268595,0.177480,2.280064,3.001765
117.957900,4.990000,0.978000,4.450000,,,,,,
117.992200,4.990000,0.978000,4.450000,,,,,,
117.997800,,,,0.323132,2.426091,2.466353,0.120361,2.315384,2.934413
118.027000,4.990000,0.978000,4.450000,,,,,,
118.048400,,,,0.359756,2.464021,2.661122,0.024972,2.368577,2.808753
118.065500,4.990000,0.978000,4.450000,,,,,,
118.100400,4.990000,0.978000,4.450000,0.398458,2.478323,2.864084,-0.054998,2.338483,2.679952
118.134500,4.990000,0.978000,4.450000,,,,,,
118.151000,,,,0.435749,2.455553,3.060696,-0.120067,2.227733,2.566657
118.167800,4.990000,0.978000,4.450000,,,,,,
118.201300,4.990000,0.978000,4.450000,0.471697,2.395960,3.250497,-0.169489,2.135628,2.495935
118.235500,4.990000,0.978000,4.450000,,,,,,
118.252200,,,,0.506752,2.308696,3.428407,-0.169489,2.135628,2.495935
118.270600,4.990000,0.978000,4.450000,,,,,,
118.303900,,,,0.549082,2.195449,3.598001,-0.169489,2.135628,2.495935
118.306000,4.990000,0.978000,4.450000,,,,,,
118.340500,4.990000,0.978000,4.450000,,,,,,
118.354700,,,,0.554003,2.181127,3.618618,-0.169489,2.135628,2.495935
118.375200,4.990000,0.978000,4.450000,,,,,,
118.404700,,,,0.554003,2.181127,3.618618,-0.177239,2.144180,2.488135
118.408600,4.990000,0.978000,4.450000,,,,,,
118.442800,4.990000,0.978000,4.450000,,,,,,
118.455000,,,,0.554003,2.181127,3.618618,-0.285788,2.267406,2.372594
118.476200,4.990000,0.978000,4.450000,,,,,,
118.505200,,,,0.554003,2.181127,3.618618,-0.388231,2.375442,2.241659
118.509600,4.990000,0.978000,4.450000,,,,,,
118.543600,4.990000,0.978000,4.450000,,,,,,
118.556000,,,,0.385283,2.229929,3.613529,-0.489280,2.402781,2.085263
118.577800,4.990000,0.978000,4.450000,,,,,,
118.606700,,,,0.190190,2.282231,3.613225,-0.535723,2.367359,1.977169
118.612800,4.990000,0.978000,4.450000,,,,,,
118.647500,4.990000,0.978000,4.450000,,,,,,
118.657300,,,,-0.009663,2.320603,3.616930,-0.561898,2.336884,1.911141
118.682300,4.990000,0.978000,4.450000,,,,,,
118.708600,,,,-0.214455,2.329555,3.618892,-0.561898,2.336884,1.911141
118.716300,4.990000,0.978000,4.450000,,,,,,
118.749700,4.990000,0.978000,4.450000,,,,,,
118.759500,,,,-0.416247,2.303979,3.620631,-0.561898,2.336884,1.911141
118.784600,4.990000,0.978000,4.450000,,,,,,
118.811300,,,,-0.615710,2.251014,3.622333,-0.561898,2.336884,1.911141
118.818900,4.990000,0.978000,4.450000,,,,,,
118.853800,4.990000,0.978000,4.450000,,,,,,
118.862900,,,,-0.811985,2.183325,3.624006,-0.515738,2.362273,1.962683
118.888200,4.990000,0.978000,4.450000,,,,,,
118.913100,,,,-0.846937,2.171070,3.624304,-0.389420,2.426851,2.103695
118.922300,4.990000,0.978000,4.450000,,,,,,
118.956200,4.990000,0.978000,4.450000,,,,,,
118.963600,,,,-0.846937,2.171070,3.624304,-0.257939,2.473313,2.250458
118.990200,4.990000,0.978000,4.450000,,,,,,
119.015000,,,,-0.846937,2.171070,3.624304,-0.121401,2.474402,2.402683
119.024200,4.990000,0.978000,4.450000,,,,,,
119.059000,4.990000,0.978000,4.450000,,,,,,
119.065000,,,,-0.846937,2.171070,3.624304,0.007430,2.422637,2.545886
119.092400,4.990000,0.978000,4.450000,,,,,,
119.115700,,,,-0.740124,2.207523,3.495494,0.128623,2.332642,2.680733
119.126100,4.990000,0.978000,4.450000,,,,,,
119.160700,4.990000,0.978000,4.450000,,,,,,
119.166600,,,,-0.612128,2.247943,3.341890,0.231938,2.233388,2.795846
119.195100,4.990000,0.978000,4.450000,,,,,,
119.218100,,,,-0.481651,2.283462,3.186992,0.231938,2.233388,2.795846
119.228900,4.990000,0.978000,4.450000,,,,,,
119.264900,4.990000,0.978000,4.450000,,,,,,
119.270900,,,,-0.348489,2.310417,3.030437,0.231938,2.233388,2.795846
119.298300,4.990000,0.978000,4.450000,,,,,,
119.322000,,,,-0.214622,2.325764,2.874967,0.231938,2.233388,2.795846
119.332200,4.990000,0.978000,4.450000,,,,,,
119.365800,4.990000,0.978000,4.450000,,,,,,
119.373700,,,,-0.075178,2.328598,2.718333,0.214527,2.255119,2.788908
119.399400,4.990000,0.978000,4.450000,,,,,,
119.424600,,,,0.063459,2.319412,2.571401,0.087230,2.405134,2.742503
119.433200,4.990000,0.978000,4.450000,,,,,,
119.467900,4.990000,0.978000,4.450000,,,,,,
119.476000,,,,0.205823,2.299751,2.424757,-0.049872,2.463792,2.717499
119.502200,4.990000,0.978000,4.450000,,,,,,
119.526000,,,,0.332584,2.274924,2.293056,-0.156911,2.410660,2.714821
119.536700,4.990000,0.978000,4.450000,,,,,,
119.572600,4.990000,0.978000,4.450000,,,,,,
119.577700,,,,0.485942,2.237802,2.137626,-0.238100,2.345956,2.726738
119.608100,4.990000,0.978000,4.450000,,,,,,
119.629400,,,,0.629012,2.196519,1.993166,-0.238100,2.345956,2.726738
119.642000,4.990000,0.978000,4.450000,,,,,,
119.677100,4.990000,0.978000,4.450000,,,,,,
119.679700,,,,0.650931,2.189858,1.971590,-0.238100,2.345956,2.726738
119.712800,4.990000,0.978000,4.450000,,,,,,
119.730800,,,,0.650931,2.189858,1.971590,-0.238100,2.345956,2.726738
119.747400,4.990000,0.978000,4.450000,,,,,,
119.780900,4.990000,0.978000,4.450000,0.650931,2.189858,1.971590,-0.252925,2.358846,2.698840
119.815600,4.990000,0.978000,4.450000,,,,,,
119.833200,,,,0.650931,2.189858,1.971590,-0.346923,2.429915,2.530009
119.849200,4.990000,0.978000,4.450000,,,,,,
119.882600,4.990000,0.978000,4.450000,,,,,,
119.884500,,,,0.603150,2.247621,2.142587,-0.422497,2.427318,2.410523
119.916500,4.990000,0.978000,4.450000,,,,,,
119.935400,,,,0.550937,2.308985,2.329441,-0.505013,2.318749,2.274895
119.950400,4.990000,0.978000,4.450000,,,,,,
119.984200,4.990000,0.978000,4.450000,,,,,,
119.986100,,,,0.498386,2.365199,2.516979,-0.557979,2.199000,2.187352
120.018500,4.990000,0.978000,4.450000,,,,,,
120.038000,,,,0.443605,2.411286,2.711707,-0.576146,2.153091,2.157324
120.053400,4.990000,0.978000,4.450000,,,,,,
120.086900,2.070142,0.978000,4.450000,,,,,,
120.089200,,,,0.387135,2.439087,2.904984,-0.576146,2.153091,2.157324
120.121800,2.000414,0.978000,4.450000,,,,,,
120.140400,,,,0.324846,2.446543,3.098844,-0.576146,2.153091,2.157324
120.155500,1.932902,0.978000,4.450000,,,,,,
120.189100,1.865696,0.978000,4.450000,,,,,,
120.192200,,,,0.251618,2.433902,3.289824,-0.576146,2.153091,2.157324
120.224200,1.795499,0.978000,4.450000,,,,,,
120.243200,,,,0.167322,2.402969,3.475764,-0.451694,2.200411,2.185954
120.258200,1.727674,0.978000,4.450000,,,,,,
120.293400,1.657143,0.978000,4.450000,0.086028,2.363052,3.638068,-0.264810,2.266487,2.228482
120.326800,1.590389,0.978000,4.450000,,,,,,
120.344800,,,,0.086028,2.363052,3.638068,-0.071295,2.311043,2.271531
120.362400,1.519142,0.978000,4.450000,,,,,,
120.395800,1.452300,0.978000,4.450000,0.086028,2.363052,3.638068,0.129030,2.307176,2.313017
120.429900,1.384262,0.978000,4.450000,,,,,,
120.446700,,,,0.086028,2.363052,3.638068,0.321863,2.253105,2.341233
120.463700,1.316522,0.978000,4.450000,,,,,,
120.498200,1.247560,0.978000,4.450000,0.060832,2.374360,3.632449,0.465874,2.191100,2.362577
120.531900,1.180235,0.978000,4.450000,,,,,,
120.548900,,,,-0.124403,2.450321,3.594096,0.514532,2.170454,2.371926
120.570800,1.102277,0.978000,4.450000,,,,,,
120.600000,,,,-0.303291,2.479296,3.559656,0.514532,2.170454,2.371926
120.604500,1.035041,0.978000,4.450000,,,,,,
120.639500,0.964920,0.978000,4.450000,,,,,,
120.652400,,,,-0.493009,2.411477,3.523898,0.514532,2.170454,2.371926
120.674600,0.894722,0.978000,4.450000,,,,,,
120.702600,,,,-0.624467,2.304664,3.499953,0.514532,2.170454,2.371926
120.710000,0.823934,0.978000,4.450000,,,,,,
120.744800,0.754448,0.978000,4.450000,,,,,,
120.753000,,,,-0.716270,2.213339,3.482518,0.413699,2.216508,2.447958
120.779800,0.684384,0.978000,4.450000,,,,,,
120.804400,,,,-0.716270,2.213339,3.482518,0.257194,2.279356,2.565790
120.814600,0.614725,0.978000,4.450000,,,,,,
120.849000,0.546025,0.978000,4.450000,,,,,,
120.854700,,,,-0.716270,2.213339,3.482518,0.097932,2.309741,2.684869
120.884000,0.475977,0.978000,4.450000,,,,,,
120.905000,,,,-0.716270,2.213339,3.482518,-0.061245,2.283857,2.802585
120.919800,0.404418,0.978000,4.450000,,,,,,
120.955600,0.332764,0.978000,4.450000,-0.701010,2.218924,3.470535,-0.201678,2.216292,2.905782
120.990600,0.262714,0.978000,4.450000,,,,,,
121.007200,,,,-0.544828,2.275063,3.347924,-0.330027,2.131695,2.973546
121.025000,0.224254,0.978000,4.472422,,,,,,
121.058900,0.186026,0.978000,4.495117,-0.376321,2.332838,3.215639,-0.373032,2.103625,2.992017
121.092800,0.133439,0.978000,4.506560,,,,,,
121.111100,,,,-0.218725,2.381614,3.091937,-0.373032,2.103625,2.992017
121.128900,0.077384,0.978000,4.519335,,,,,,
121.162700,0.009878,0.978000,4.517251,-0.059023,2.422174,2.966649,-0.373032,2.103625,2.992017
121.198500,-0.056551,0.978000,4.520274,,,,,,
121.213900,,,,0.099395,2.450296,2.842259,-0.373032,2.103625,2.992017
121.232900,-0.125326,0.978000,4.517987,,,,,,
121.265600,,,,0.263428,2.464360,2.713239,-0.321689,2.204560,2.873921
121.268100,-0.195689,0.978000,4.515647,,,,,,
121.303600,-0.266637,0.978000,4.513288,,,,,,
121.317200,,,,0.424412,2.462124,2.586101,-0.254103,2.317427,2.718459
121.338100,-0.335494,0.978000,4.510998,,,,,,
121.367700,,,,0.583407,2.444091,2.459273,-0.179392,2.347962,2.546612
121.372000,-0.403251,0.978000,4.508746,,,,,,
121.406400,-0.471961,0.978000,4.506462,,,,,,
121.419700,,,,0.743184,2.411046,2.330239,-0.122761,2.310997,2.424349
121.440600,-0.540404,0.978000,4.504187,,,,,,
121.470500,,,,0.894858,2.367062,2.202459,-0.089522,2.277562,2.349127
121.474800,-0.608746,0.978000,4.501915,,,,,,
121.508600,-0.676268,0.978000,4.499669,,,,,,
121.521600,,,,1.042243,2.316103,2.082383,-0.089522,2.277562,2.349127
121.543300,-0.745788,0.978000,4.497357,,,,,,
121.573000,,,,1.042243,2.316103,2.082383,-0.089522,2.277562,2.349127
121.576700,-0.812517,0.978000,4.495138,,,,,,
121.610100,-0.879221,0.978000,4.492920,,,,,,
121.623300,,,,1.042243,2.316103,2.082383,-0.089522,2.277562,2.349127
121.644000,-0.947067,0.978000,4.490664,,,,,,
121.674000,,,,1.042243,2.316103,2.082383,-0.049661,2.306724,2.345051
121.677800,-1.014558,0.978000,4.488420,,,,,,
121.711400,-1.081801,0.978000,4.486183,,,,,,
121.725300,,,,1.031704,2.319975,2.101132,0.118696,2.422166,2.327834
121.746400,-1.151697,0.978000,4.483859,,,,,,
121.776800,,,,0.935418,2.354822,2.280066,0.293597,2.478954,2.310254
121.780600,-1.219984,0.978000,4.481588,,,,,,
121.814700,-1.288219,0.978000,4.479318,,,,,,
121.827600,,,,0.848787,2.383814,2.460692,0.458412,2.428017,2.293575
121.848200,-1.355271,0.978000,4.477088,,,,,,
121.879600,,,,0.769738,2.399772,2.651986,0.565002,2.347358,2.287027
121.883600,-1.426073,0.978000,4.474734,,,,,,
121.919000,-1.496763,0.978000,4.472383,,,,,,
121.930400,,,,0.701513,2.391944,2.844302,0.590223,2.323108,2.291688
121.953300,-1.565343,0.978000,4.470103,,,,,,
121.981000,,,,0.644582,2.356880,3.034040,0.590223,2.323108,2.291688
121.987400,-1.633482,0.978000,4.467837,,,,,,
122.022500,4.990000,0.978000,4.450000,,,,,,
122.032300,,,,0.591070,2.297350,3.220232,0.590223,2.323108,2.291688
122.056200,4.990000,0.978000,4.450000,,,,,,
122.084800,,,,0.540566,2.219885,3.409395,0.590223,2.323108,2.291688
122.092000,4.990000,0.978000,4.450000,,,,,,
122.126500,4.990000,0.978000,4.450000,,,,,,
122.136800,,,,0.493913,2.136550,3.594843,0.452864,2.375143,2.349309
122.160000,4.990000,0.978000,4.450000,,,,,,
122.188000,,,,0.493913,2.136550,3.594843,0.272057,2.439625,2.424329
122.195000,4.990000,0.978000,4.450000,,,,,,
122.229100,4.990000,0.978000,4.450000,,,,,,
122.238200,,,,0.493913,2.136550,3.594843,0.093859,2.486544,2.498099
122.264000,4.990000,0.978000,4.450000,,,,,,
122.289500,,,,0.493913,2.136550,3.594843,-0.096778,2.500316,2.577097
122.298700,4.990000,0.978000,4.450000,,,,,,
122.333600,4.990000,0.978000,4.450000,,,,,,
122.344800,,,,0.479722,2.141219,3.590822,-0.287158,2.471780,2.655995
122.368600,4.990000,0.978000,4.450000,,,,,,
122.396300,,,,0.278690,2.206609,3.535505,-0.482377,2.407243,2.729142
122.402800,4.990000,0.978000,4.450000,,,,,,
122.438100,4.990000,0.978000,4.450000,,,,,,
122.446600,,,,0.091391,2.265389,3.487369,-0.618078,2.350293,2.774149
122.472000,4.990000,0.978000,4.450000,,,,,,
122.498000,,,,-0.099870,2.320054,3.442566,-0.618078,2.350293,2.774149
122.505800,4.990000,0.978000,4.450000,,,,,,
122.540100,4.990000,0.978000,4.450000,,,,,,
122.548700,,,,-0.295331,2.365856,3.403392,-0.618078,2.350293,2.774149
122.574300,4.990000,0.978000,4.450000,,,,,,
122.599300,,,,-0.493120,2.398290,3.372842,-0.618078,2.350293,2.774149
122.608700,4.990000,0.978000,4.450000,,,,,,
122.642200,4.990000,0.978000,4.450000,,,,,,
122.650200,,,,-0.693324,2.415124,3.346916,-0.585796,2.370058,2.750381
122.675800,4.990000,0.978000,4.450000,,,,,,
122.700400,,,,-0.892955,2.415916,3.321715,-0.439854,2.451618,2.638544
122.709700,4.990000,0.978000,4.450000,,,,,,
122.743700,4.990000,0.978000,4.450000,,,,,,
122.751300,,,,-1.094309,2.402092,3.298868,-0.323563,2.466276,2.535740
122.777200,4.990000,0.978000,4.450000,,,,,,
122.801300,,,,-1.291640,2.377218,3.272848,-0.193689,2.380451,2.425979
122.810900,4.990000,0.978000,4.450000,,,,,,
122.848600,4.990000,0.978000,4.450000,,,,,,
122.852700,,,,-1.402710,2.359203,3.262447,-0.111802,2.269520,2.345092
122.883300,4.990000,0.978000,4.450000,,,,,,
122.904200,,,,-1.402710,2.359203,3.262447,-0.079446,2.215467,2.306112
122.918000,4.990000,0.978000,4.450000,,,,,,
122.952400,4.990000,0.978000,4.450000,,,,,,
122.954400,,,,-1.402710,2.359203,3.262447,-0.079446,2.215467,2.306112
122.987300,4.990000,0.978000,4.450000,,,,,,
123.006400,,,,-1.402710,2.359203,3.262447,-0.079446,2.215467,2.306112
123.021200,4.990000,0.978000,4.450000,,,,,,
123.054600,4.990000,0.978000,4.450000,,,,,,
123.056400,,,,-1.305859,2.374009,3.220608,-0.079446,2.215467,2.306112
123.089500,4.990000,0.978000,4.450000,,,,,,
123.106500,,,,-1.124609,2.401237,3.142309,0.003243,2.258088,2.351997
123.122900,4.990000,0.978000,4.450000,,,,,,
123.156500,4.990000,0.978000,4.450000,,,,,,
123.158500,,,,-0.934994,2.428967,3.060397,0.162390,2.324832,2.440099
123.191500,4.990000,0.978000,4.450000,,,,,,
123.209500,,,,-0.749190,2.454384,2.980311,0.315358,2.309251,2.519682
123.226600,4.990000,0.978000,4.450000,,,,,,
123.259800,,,,-0.565482,2.475961,2.902148,0.454664,2.217755,2.578364
123.262000,4.990000,0.978000,4.450000,,,,,,
123.295600,4.990000,0.978000,4.450000,,,,,,
123.311400,,,,-0.374159,2.492635,2.825984,0.561875,2.123711,2.616775
123.329500,4.990000,0.978000,4.450000,,,,,,
123.361400,,,,-0.186479,2.501874,2.757798,0.574823,2.113407,2.619518
123.363400,4.990000,0.978000,4.450000,,,,,,
123.398300,4.990000,0.978000,4.450000,,,,,,
123.412500,,,,0.005910,2.503316,2.693411,0.574823,2.113407,2.619518
123.433000,4.990000,0.978000,4.450000,,,,,,
123.463100,,,,0.202092,2.496653,2.635194,0.574823,2.113407,2.619518
123.467400,4.990000,0.978000,4.450000,,,,,,
123.501400,4.990000,0.978000,4.450000,,,,,,
123.513900,,,,0.399413,2.482885,2.590811,0.574823,2.113407,2.619518
123.535500,4.990000,0.978000,4.450000,,,,,,
123.564000,,,,0.597547,2.463710,2.566101,0.415303,2.201909,2.635546
123.569600,4.990000,0.978000,4.450000,,,,,,
123.604200,4.990000,0.978000,4.450000,,,,,,
123.614000,,,,0.796049,2.440922,2.566122,0.233542,2.282552,2.653745
123.639400,4.990000,0.978000,4.450000,,,,,,
123.664700,,,,0.995241,2.415663,2.593670,0.034473,2.300493,2.674788
123.674500,4.990000,0.978000,4.450000,,,,,,
123.709700,4.990000,0.978000,4.450000,,,,,,
123.715600,,,,1.168088,2.392136,2.635523,-0.120615,2.236074,2.695001
123.743400,4.990000,0.978000,4.450000,,,,,,
123.766800,,,,1.168088,2.392136,2.635523,-0.237899,2.154285,2.708743
123.778400,4.990000,0.978000,4.450000,,,,,,
123.813000,4.990000,0.978000,4.450000,,,,,,
123.816800,,,,1.168088,2.392136,2.635523,-0.272310,2.129312,2.712571
123.847700,4.990000,0.978000,4.450000,,,,,,
123.867600,,,,1.168088,2.392136,2.635523,-0.272310,2.129312,2.712571
123.882800,4.990000,0.978000,4.450000,,,,,,
123.916300,4.990000,0.978000,4.450000,,,,,,
123.918300,,,,1.145136,2.400210,2.656546,-0.272310,2.129312,2.712571
123.949900,4.990000,0.978000,4.450000,,,,,,
123.969300,,,,0.999392,2.448704,2.787767,-0.272310,2.129312,2.712571
123.983700,4.990000,0.978000,4.450000,,,,,,
124.017500,4.990000,0.978000,4.450000,,,,,,
124.019500,,,,0.848683,2.490484,2.916724,-0.312737,2.189863,2.590347
124.052400,4.990000,0.978000,4.450000,,,,,,
124.069700,,,,0.694926,2.516775,3.042705,-0.375101,2.267800,2.416440
124.086000,4.990000,0.978000,4.450000,,,,,,
124.120800,4.990000,0.978000,4.450000,0.537069,2.519944,3.172443,-0.444488,2.314266,2.230417
124.155200,4.990000,0.978000,4.450000,,,,,,
124.172300,,,,0.381392,2.494993,3.301877,-0.514188,2.298369,2.040060
124.190400,4.990000,0.978000,4.450000,,,,,,
124.224200,4.990000,0.978000,4.450000,0.226220,2.442089,3.431418,-0.575473,2.240670,1.872502
124.258600,4.990000,0.978000,4.450000,,,,,,
124.274900,,,,0.078932,2.372878,3.553706,-0.613848,2.195894,1.767579
124.294000,4.990000,0.978000,4.450000,,,,,,
124.325800,,,,-0.068778,2.295536,3.671000,-0.613848,2.195894,1.767579
124.327900,4.990000,0.978000,4.450000,,,,,,
124.362600,4.990000,0.978000,4.450000,,,,,,
124.377100,,,,-0.093196,2.282531,3.689610,-0.613848,2.195894,1.767579
124.396900,4.990000,0.978000,4.450000,,,,,,
124.427700,,,,-0.093196,2.282531,3.689610,-0.613848,2.195894,1.767579
124.432100,4.990000,0.978000,4.450000,,,,,,
124.466700,4.990000,0.978000,4.450000,,,,,,
124.479500,,,,-0.093196,2.282531,3.689610,-0.579623,2.212343,1.783482
124.500800,4.990000,0.978000,4.450000,,,,,,
124.532000,,,,-0.093196,2.282531,3.689610,-0.404668,2.294136,1.862873
124.537000,4.990000,0.978000,4.450000,,,,,,
124.571000,4.990000,0.978000,4.450000,,,,,,
124.582300,,,,-0.245522,2.318734,3.596041,-0.230854,2.367295,1.936832
124.605000,4.990000,0.978000,4.450000,,,,,,
124.633500,,,,-0.413854,2.353731,3.487046,-0.048612,2.424725,2.006758
124.638400,4.990000,0.978000,4.450000,,,,,,
124.672100,4.990000,0.978000,4.450000,,,,,,
124.683700,,,,-0.580481,2.374508,3.374188,0.140494,2.454634,2.071721
124.707500,4.990000,0.978000,4.450000,,,,,,
124.734100,,,,-0.747419,2.372285,3.260890,0.333275,2.453346,2.131090
124.742800,4.990000,0.978000,4.450000,,,,,,
124.777400,4.990000,0.978000,4.450000,,,,,,
124.785400,,,,-0.913718,2.342334,3.144806,0.525225,2.423622,2.196751
124.811900,4.990000,0.978000,4.450000,,,,,,
124.836100,,,,-1.071338,2.289596,3.028490,0.715850,2.374252,2.245146
124.846000,4.990000,0.978000,4.450000,,,,,,
124.880300,4.990000,0.978000,4.450000,,,,,,
124.886200,,,,-1.223855,2.221921,2.917498,0.753013,2.363134,2.252228
124.915400,4.990000,0.978000,4.450000,,,,,,
124.939000,,,,-1.360713,2.157216,2.804959,0.753013,2.363134,2.252228
124.950600,4.990000,0.978000,4.450000,,,,,,
124.985100,4.990000,0.978000,4.450000,,,,,,
124.989300,,,,-1.360713,2.157216,2.804959,0.753013,2.363134,2.252228
125.019900,4.990000,0.978000,4.450000,,,,,,
125.040100,,,,-1.360713,2.157216,2.804959,0.753013,2.363134,2.252228
125.054500,4.990000,0.978000,4.450000,,,,,,
125.088500,4.990000,0.978000,4.450000,,,,,,
125.090600,,,,-1.360713,2.157216,2.804959,0.614244,2.438333,2.325817
125.122700,4.990000,0.978000,4.450000,,,,,,
125.140900,,,,-1.337175,2.161747,2.811571,0.478949,2.490068,2.397207
125.156600,4.990000,0.978000,4.450000,,,,,,
125.190000,4.990000,0.978000,4.450000,,,,,,
125.192200,,,,-1.140306,2.198683,2.866852,0.314479,2.452868,2.482928
125.224000,4.990000,0.978000,4.450000,,,,,,
125.242300,,,,-0.949401,2.232640,2.920526,0.223391,2.372324,2.527449
125.258500,4.990000,0.978000,4.450000,,,,,,
125.292600,4.990000,0.978000,4.450000,-0.759649,2.264238,2.974078,0.184418,2.314323,2.543613
125.328700,4.990000,0.978000,4.450000,,,,,,
125.342700,,,,-0.571328,2.292259,3.028539,0.184418,2.314323,2.543613
125.362200,4.990000,0.978000,4.450000,,,,,,
125.393400,,,,-0.375476,2.316576,3.087910,0.184418,2.314323,2.543613
125.395700,4.990000,0.978000,4.450000,,,,,,
125.431100,4.990000,0.978000,4.450000,,,,,,
125.443900,,,,-0.183518,2.334060,3.149655,0.184418,2.314323,2.543613
125.464900,4.990000,0.978000,4.450000,,,,,,
125.495500,,,,0.011758,2.343681,3.216001,0.147785,2.341473,2.514363
125.499500,4.990000,0.978000,4.450000,,,,,,
125.535600,4.990000,0.978000,4.450000,,,,,,
125.546400,,,,0.203555,2.343555,3.283423,0.007694,2.437576,2.402753
125.569000,4.990000,0.978000,4.450000,,,,,,
125.597600,,,,0.395863,2.332854,3.353188,-0.133275,2.481776,2.293246
125.603900,4.990000,0.978000,4.450000,,,,,,
125.638300,4.990000,0.978000,4.450000,,,,,,
125.648400,,,,0.584078,2.311207,3.427119,-0.277065,2.427562,2.180428
125.673400,4.990000,0.978000,4.450000,,,,,,
125.699800,,,,0.769314,2.278125,3.509974,-0.375741,2.337947,2.103007
125.707700,4.990000,0.978000,4.450000,,,,,,
125.741800,4.990000,0.978000,4.450000,,,,,,
125.751000,,,,0.946765,2.234497,3.600277,-0.426896,2.285546,2.069695
125.775400,4.990000,0.978000,4.450000,,,,,,
125.802500,,,,1.118306,2.181168,3.701154,-0.426896,2.285546,2.069695
125.810300,4.990000,0.978000,4.450000,,,,,,
125.844000,4.990000,0.978000,4.450000,,,,,,
125.854000,,,,1.279716,2.119180,3.814425,-0.426896,2.285546,2.069695
125.879000,4.990000,0.978000,4.450000,,,,,,
125.904200,,,,1.279716,2.119180,3.814425,-0.426896,2.285546,2.069695
125.913400,4.990000,0.978000,4.450000,,,,,,
125.947600,4.990000,0.978000,4.450000,,,,,,
125.956500,,,,1.279716,2.119180,3.814425,-0.357550,2.302405,2.076202
125.982900,4.990000,0.978000,4.450000,,,,,,
126.007100,,,,1.279716,2.119180,3.814425,-0.135168,2.351270,2.096661
126.018100,4.990000,0.978000,4.450000,,,,,,
126.051600,4.990000,0.978000,4.450000,,,,,,
126.058300,,,,1.271675,2.121524,3.812602,0.067535,2.377894,2.115289
126.086300,4.990000,0.978000,4.450000,,,,,,
126.110000,,,,1.077692,2.177767,3.768616,0.272743,2.367940,2.134148
126.120600,4.990000,0.978000,4.450000,,,,,,
126.155200,4.990000,0.978000,4.450000,,,,,,
126.161600,,,,0.883753,2.233032,3.724723,0.471082,2.315115,2.152375
126.189000,4.990000,0.978000,4.450000,,,,,,
126.212500,,,,0.692313,2.285547,3.681461,0.655772,2.232489,2.169348
126.224400,4.990000,0.978000,4.450000,,,,,,
126.258000,4.990000,0.978000,4.450000,,,,,,
126.264600,,,,0.494130,2.335221,3.639642,0.837200,2.131036,2.186022
126.292100,4.990000,0.978000,4.450000,,,,,,
126.315700,,,,0.314179,2.373624,3.605365,0.881246,2.105184,2.190069
126.326400,4.990000,0.978000,4.450000,,,,,,
126.359900,4.990000,0.978000,4.450000,,,,,,
126.366300,,,,0.099836,2.407764,3.567159,0.881246,2.105184,2.190069
126.394900,4.990000,0.978000,4.450000,,,,,,
126.416900,,,,-0.099058,2.426532,3.538063,0.881246,2.105184,2.190069
126.429500,4.990000,0.978000,4.450000,,,,,,
126.463700,4.990000,0.978000,4.450000,,,,,,
126.467600,,,,-0.301313,2.432367,3.517170,0.881246,2.105184,2.190069
126.497800,4.990000,0.978000,4.450000,,,,,,
126.519200,,,,-0.507145,2.425406,3.508325,0.768496,2.203622,2.253914
126.532700,4.990000,0.978000,4.450000,,,,,,
126.568300,4.990000,0.978000,4.450000,,,,,,
126.570600,,,,-0.710770,2.407835,3.512602,0.614927,2.304934,2.341532
126.601600,4.990000,0.978000,4.450000,,,,,,
126.622900,,,,-0.917059,2.382064,3.529433,0.446226,2.308406,2.437671
126.637200,4.990000,0.978000,4.450000,,,,,,
126.672700,4.990000,0.978000,4.450000,,,,,,
126.675000,,,,-0.963924,2.375338,3.535124,0.327334,2.235932,2.506078
126.706900,4.990000,0.978000,4.450000,,,,,,
126.725700,,,,-0.963924,2.375338,3.535124,0.251443,2.168161,2.550777
126.742300,4.990000,0.978000,4.450000,,,,,,
126.775900,4.990000,0.978000,4.450000,-0.963924,2.375338,3.535124,0.251443,2.168161,2.550777
126.810600,4.990000,0.978000,4.450000,,,,,,
126.828200,,,,-0.963924,2.375338,3.535124,0.251443,2.168161,2.550777
126.846200,4.990000,0.978000,4.450000,,,,,,
126.878800,,,,-0.999109,2.418272,3.371898,0.251443,2.168161,2.550777
126.881300,4.990000,0.978000,4.450000,,,,,,
126.915200,4.990000,0.978000,4.450000,,,,,,
126.930700,,,,-1.041786,2.461993,3.173044,0.215944,2.187030,2.540804
126.949200,4.990000,0.978000,4.450000,,,,,,
126.982200,,,,-1.084836,2.482085,2.972456,0.035040,2.275117,2.495380
126.984400,4.990000,0.978000,4.450000,,,,,,
127.019000,4.990000,0.978000,4.450000,,,,,,
127.033600,,,,-1.127734,2.462519,2.772575,-0.143584,2.312464,2.464196
127.052600,4.990000,0.978000,4.450000,,,,,,
127.086200,4.990000,0.978000,4.450000,-1.166738,2.406160,2.590835,-0.330502,2.269796,2.439976
127.121000,4.990000,0.978000,4.450000,,,,,,
127.137400,,,,-1.208138,2.310463,2.397933,-0.484565,2.189583,2.421087
127.155800,4.990000,0.978000,4.450000,,,,,,
127.188200,,,,-1.244671,2.204071,2.227706,-0.557063,2.143841,2.410286
127.190300,4.990000,0.978000,4.450000,,,,,,
127.225200,4.990000,0.978000,4.450000,,,,,,
127.239700,,,,-1.247751,2.194945,2.214098,-0.557063,2.143841,2.410286
127.259300,4.990000,0.978000,4.450000,,,,,,
127.291600,,,,-1.247751,2.194945,2.214098,-0.557063,2.143841,2.410286
127.293600,4.990000,0.978000,4.450000,,,,,,
127.328500,4.990000,0.978000,4.450000,,,,,,
127.342300,,,,-1.247751,2.194945,2.214098,-0.557063,2.143841,2.410286
127.363400,4.990000,0.978000,4.450000,,,,,,
127.393600,,,,-1.247751,2.194945,2.214098,-0.484373,2.174664,2.394779
127.399200,4.990000,0.978000,4.450000,,,,,,
127.433700,4.990000,0.978000,4.450000,,,,,,
127.445600,,,,-1.118478,2.259689,2.364660,-0.294858,2.253234,2.353303
127.467200,4.990000,0.978000,4.450000,,,,,,
127.496300,,,,-0.994415,2.319370,2.514910,-0.108795,2.324208,2.310108
127.500800,4.990000,0.978000,4.450000,,,,,,
127.534500,4.990000,0.978000,4.450000,,,,,,
127.548200,,,,-0.872832,2.372613,2.672084,0.082878,2.382716,2.263826
127.568500,4.990000,0.978000,4.450000,,,,,,
127.599600,,,,-0.753592,2.413674,2.837388,0.280661,2.419520,2.211611
127.603600,4.990000,0.978000,4.450000,,,,,,
127.638900,4.990000,0.978000,4.450000,,,,,,
127.651600,,,,-0.638229,2.436053,3.007554,0.479413,2.431746,2.155890
127.673000,4.990000,0.978000,4.450000,,,,,,
127.703400,,,,-0.524204,2.435805,3.181686,0.680326,2.421391,2.102378
127.707400,4.990000,0.978000,4.450000,,,,,,
127.742400,4.990000,0.978000,4.450000,,,,,,
127.755500,,,,-0.416300,2.412102,3.354346,0.876954,2.393029,2.051624
127.776800,4.990000,0.978000,4.450000,,,,,,
127.807400,,,,-0.315475,2.365743,3.533174,0.992156,2.370250,2.022179
127.811600,4.990000,0.978000,4.450000,,,,,,
127.845500,4.990000,0.978000,4.450000,,,,,,
127.858200,,,,-0.222167,2.305695,3.701874,0.992156,2.370250,2.022179
127.885500,4.990000,0.978000,4.450000,,,,,,
127.909300,,,,-0.184644,2.279170,3.766419,0.992156,2.370250,2.022179
127.920100,4.990000,0.978000,4.450000,,,,,,
127.954900,4.990000,0.978000,4.450000,,,,,,
127.961000,,,,-0.184644,2.279170,3.766419,0.992156,2.370250,2.022179
127.989100,4.990000,0.978000,4.450000,,,,,,
128.012500,,,,-0.184644,2.279170,3.766419,0.907269,2.400432,2.061736
128.022700,4.990000,0.978000,4.450000,,,,,,
128.057900,4.990000,0.978000,4.450000,,,,,,
128.062900,,,,-0.184644,2.279170,3.766419,0.731641,2.457833,2.143577
128.091500,4.990000,0.978000,4.450000,,,,,,
128.114100,,,,-0.320411,2.318471,3.760303,0.553156,2.475542,2.226496
128.126300,4.990000,0.978000,4.450000,,,,,,
128.162000,4.990000,0.978000,4.450000,,,,,,
128.164600,,,,-0.515388,2.363628,3.753818,0.382981,2.421777,2.305664
128.195700,4.990000,0.978000,4.450000,,,,,,
128.216200,,,,-0.685909,2.347122,3.753618,0.250969,2.342131,2.367077
128.229900,4.990000,0.978000,4.450000,,,,,,
128.265000,4.990000,0.978000,4.450000,,,,,,
128.267000,,,,-0.835555,2.255520,3.754442,0.165626,2.280689,2.410507
128.299900,4.990000,0.978000,4.450000,,,,,,
128.322300,,,,-0.929125,2.150978,3.745741,0.165626,2.280689,2.410507
128.334800,4.990000,0.978000,4.450000,,,,,,
128.369300,4.990000,0.978000,4.450000,,,,,,
128.373500,,,,-0.965333,2.104958,3.735581,0.165626,2.280689,2.410507
128.402700,4.990000,0.978000,4.450000,,,,,,
128.423800,,,,-0.965333,2.104958,3.735581,0.165626,2.280689,2.410507
128.436400,4.990000,0.978000,4.450000,,,,,,
128.470000,4.990000,0.978000,4.450000,,,,,,
128.474400,,,,-0.965333,2.104958,3.735581,0.113355,2.317462,2.419056
128.503500,4.990000,0.978000,4.450000,,,,,,
128.526000,,,,-0.965333,2.104958,3.735581,-0.056020,2.432350,2.447714
128.538400,4.990000,0.978000,4.450000,,,,,,
128.573300,4.990000,0.978000,4.450000,,,,,,
128.577400,,,,-1.002095,2.154838,3.621133,-0.214685,2.476411,2.476458
128.608200,4.990000,0.978000,4.450000,,,,,,
128.628700,,,,-1.060021,2.232058,3.439861,-0.347434,2.413467,2.501837
128.643200,4.990000,0.978000,4.450000,,,,,,
128.678600,4.990000,0.978000,4.450000,,,,,,
128.680700,,,,-1.119478,2.302825,3.253795,-0.437916,2.329784,2.517393
128.712200,4.990000,0.978000,4.450000,,,,,,
128.733000,,,,-1.180478,2.354288,3.062296,-0.446117,2.321709,2.518864
128.746800,4.990000,0.978000,4.450000,,,,,,
128.781000,4.990000,0.978000,4.450000,,,,,,
128.783000,,,,-1.241159,2.376832,2.870942,-0.446117,2.321709,2.518864
128.815200,4.990000,0.978000,4.450000,,,,,,
128.833400,,,,-1.302163,2.371649,2.679273,-0.446117,2.321709,2.518864
128.849400,4.990000,0.978000,4.450000,,,,,,
128.884000,4.990000,0.978000,4.450000,-1.363126,2.345127,2.487868,-0.446117,2.321709,2.518864
128.918800,4.990000,0.978000,4.450000,,,,,,
128.935400,,,,-1.406911,2.318396,2.350411,-0.262541,2.363597,2.519351
128.952200,4.990000,0.978000,4.450000,,,,,,
128.985600,4.990000,0.978000,4.450000,-1.406911,2.318396,2.350411,-0.066450,2.399787,2.525965
129.020900,4.990000,0.978000,4.450000,,,,,,
129.036200,,,,-1.406911,2.318396,2.350411,0.134616,2.411512,2.543774
129.054900,4.990000,0.978000,4.450000,,,,,,
129.088200,,,,-1.406911,2.318396,2.350411,0.338387,2.378809,2.571851
129.090200,4.990000,0.978000,4.450000,,,,,,
129.124300,4.990000,0.978000,4.450000,,,,,,
129.140100,,,,-1.367125,2.329907,2.407421,0.527312,2.302125,2.610265
129.158200,4.990000,0.978000,4.450000,,,,,,
129.191200,,,,-1.251872,2.362345,2.572358,0.694520,2.195849,2.657291
129.193400,4.990000,0.978000,4.450000,,,,,,
129.228100,4.990000,0.978000,4.450000,,,,,,
129.242500,,,,-1.135403,2.393105,2.738976,0.803731,2.109768,2.698839
129.262600,4.990000,0.978000,4.450000,,,,,,
129.293300,,,,-1.020042,2.418329,2.904008,0.803731,2.109768,2.698839
129.297300,4.990000,0.978000,4.450000,,,,,,
129.335400,4.990000,0.978000,4.450000,,,,,,
129.343300,,,,-0.905379,2.433937,3.067697,0.803731,2.109768,2.698839
129.370400,4.990000,0.978000,4.450000,,,,,,
129.394600,,,,-0.787637,2.436788,3.235199,0.803731,2.109768,2.698839
129.404800,4.990000,0.978000,4.450000,,,,,,
129.439800,4.990000,0.978000,4.450000,,,,,,
129.446300,,,,-0.669206,2.424514,3.404095,0.767505,2.138555,2.688864
129.474700,4.990000,0.978000,4.450000,,,,,,
129.497100,,,,-0.553303,2.398374,3.569500,0.606129,2.256066,2.648758
129.509100,4.990000,0.978000,4.450000,,,,,,
129.543700,4.990000,0.978000,4.450000,,,,,,
129.547800,,,,-0.438734,2.361067,3.732399,0.425271,2.338844,2.615328
129.577300,4.990000,0.978000,4.450000,,,,,,
129.599400,,,,-0.322112,2.315093,3.896370,0.223037,2.335236,2.587160
129.611400,4.990000,0.978000,4.450000,,,,,,
129.646000,4.990000,0.978000,4.450000,,,,,,
129.649900,,,,-0.242218,2.281746,4.004451,0.071957,2.267969,2.564025
129.680600,4.990000,0.978000,4.450000,,,,,,
129.700800,,,,-0.242218,2.281746,4.004451,-0.021467,2.207991,2.547957
129.714800,4.990000,0.978000,4.450000,,,,,,
129.750600,4.990000,0.978000,4.450000,,,,,,
129.753100,,,,-0.242218,2.281746,4.004451,-0.021467,2.207991,2.547957
129.784400,4.990000,0.978000,4.450000,,,,,,
129.804800,,,,-0.242218,2.281746,4.004451,-0.021467,2.207991,2.547957
129.819400,4.990000,0.978000,4.450000,,,,,,
129.854500,4.990000,0.978000,4.450000,,,,,,
129.856600,,,,-0.290840,2.311689,3.945445,-0.021467,2.207991,2.547957
129.888600,4.990000,0.978000,4.450000,,,,,,
129.907500,,,,-0.414199,2.384037,3.800579,-0.068593,2.230448,2.528262
129.923300,4.990000,0.978000,4.450000,,,,,,
129.957700,4.990000,0.978000,4.450000,-0.541903,2.446467,3.658753,-0.240040,2.304250,2.454289
129.992500,4.990000,0.978000,4.450000,,,,,,
130.007700,,,,-0.675931,2.484026,3.516511,-0.392515,2.325600,2.382685
130.027400,4.990000,0.978000,4.450000,,,,,,
130.059600,,,,-0.816479,2.481925,3.363765,-0.563945,2.260245,2.300690
130.061700,4.990000,0.978000,4.450000,,,,,,
130.096500,4.990000,0.978000,4.450000,,,,,,
130.111100,,,,-0.951677,2.439577,3.215436,-0.679848,2.171642,2.246937
130.129900,4.990000,0.978000,4.450000,,,,,,
130.161600,,,,-1.081886,2.369061,3.077584,-0.742354,2.117876,2.217949
130.164000,4.990000,0.978000,4.450000,,,,,,
130.198300,4.990000,0.978000,4.450000,,,,,,
130.213400,,,,-1.156607,2.321467,3.012779,-0.742354,2.117876,2.217949
130.232600,4.990000,0.978000,4.450000,,,,,,
130.264000,,,,-1.156607,2.321467,3.012779,-0.742354,2.117876,2.217949
130.266100,4.990000,0.978000,4.450000,,,,,,
130.300600,4.990000,0.978000,4.450000,,,,,,
130.315500,,,,-1.156607,2.321467,3.012779,-0.742354,2.117876,2.217949
130.335100,4.990000,0.978000,4.450000,,,,,,
130.366100,,,,-1.156607,2.321467,3.012779,-0.673972,2.147166,2.271825
130.370800,4.990000,0.978000,4.450000,,,,,,
130.404400,4.990000,0.978000,4.450000,,,,,,
130.417200,,,,-1.188173,2.349429,2.913499,-0.522399,2.211072,2.392793
130.438300,4.990000,0.978000,4.450000,,,,,,
130.468700,,,,-1.247952,2.395347,2.721649,-0.369902,2.272701,2.517107
130.472900,4.990000,0.978000,4.450000,,,,,,
130.507800,4.990000,0.978000,4.450000,,,,,,
130.519700,,,,-1.304343,2.408141,2.526584,-0.218447,2.327611,2.642292
130.542000,4.990000,0.978000,4.450000,,,,,,
130.569900,,,,-1.359449,2.363283,2.339222,-0.068209,2.371475,2.768555
130.576800,4.990000,0.978000,4.450000,,,,,,
130.611500,4.990000,0.978000,4.450000,,,,,,
130.621700,,,,-1.411699,2.268710,2.163559,0.087751,2.402712,2.900282
130.646400,4.990000,0.978000,4.450000,,,,,,
130.673000,,,,-1.456219,2.159143,2.013885,0.245115,2.418537,3.031926
130.681200,4.990000,0.978000,4.450000,,,,,,
130.715300,4.990000,0.978000,4.450000,,,,,,
130.723200,,,,-1.473643,2.112761,1.955307,0.399332,2.418992,3.160415
130.748900,4.990000,0.978000,4.450000,,,,,,
130.774200,,,,-1.473643,2.112761,1.955307,0.553275,2.406351,3.288482
130.783000,4.990000,0.978000,4.450000,,,,,,
130.817800,4.990000,0.978000,4.450000,,,,,,
130.826300,,,,-1.473643,2.112761,1.955307,0.714169,2.382048,3.422252
130.853000,4.990000,0.978000,4.450000,,,,,,
130.876700,,,,-1.473643,2.112761,1.955307,0.775013,2.370732,3.472828
130.887200,4.990000,0.978000,4.450000,,,,,,
130.922600,4.990000,0.978000,4.450000,,,,,,
130.926900,,,,-1.403797,2.148387,2.039569,0.775013,2.370732,3.472828
130.957300,4.990000,0.978000,4.450000,,,,,,
130.978000,,,,-1.279501,2.209096,2.189518,0.775013,2.370732,3.472828
130.993100,4.990000,0.978000,4.450000,,,,,,
131.027500,4.990000,0.978000,4.450000,,,,,,
131.029600,,,,-1.152473,2.265537,2.342764,0.775013,2.370732,3.472828
131.062300,4.990000,0.978000,4.450000,,,,,,
131.080300,,,,-1.026163,2.311376,2.495202,0.676212,2.408366,3.396319
131.096700,4.990000,0.978000,4.450000,,,,,,
131.130800,4.990000,0.978000,4.450000,-0.899583,2.342779,2.648108,0.522698,2.459047,3.276987
131.165500,4.990000,0.978000,4.450000,,,,,,
131.181400,,,,-0.770644,2.356544,2.803788,0.378927,2.459327,3.160955
131.200700,4.990000,0.978000,4.450000,,,,,,
131.231500,,,,-0.643428,2.350947,2.957364,0.253044,2.391667,3.049455
131.235800,4.990000,0.978000,4.450000,,,,,,
131.269900,4.990000,0.978000,4.450000,,,,,,
131.282200,,,,-0.513984,2.326234,3.113621,0.159492,2.308792,2.964963
131.303200,4.990000,0.978000,4.450000,,,,,,
131.332600,,,,-0.388602,2.286097,3.264971,0.106184,2.260690,2.919110
131.338400,4.990000,0.978000,4.450000,,,,,,
131.373000,4.990000,0.978000,4.450000,,,,,,
131.383800,,,,-0.261753,2.232370,3.418094,0.106184,2.260690,2.919110
131.408000,4.990000,0.978000,4.450000,,,,,,
131.435100,,,,-0.203018,2.204219,3.488993,0.106184,2.260690,2.919110
131.443200,4.990000,0.978000,4.450000,,,,,,
131.477200,4.990000,0.978000,4.450000,,,,,,
131.485300,,,,-0.203018,2.204219,3.488993,0.106184,2.260690,2.919110
131.512200,4.990000,0.978000,4.450000,,,,,,
131.536900,,,,-0.203018,2.204219,3.488993,0.047420,2.308372,2.873074
131.547000,4.990000,0.978000,4.450000,,,,,,
131.581000,4.990000,0.978000,4.450000,,,,,,
131.586900,,,,-0.203018,2.204219,3.488993,-0.088111,2.410555,2.766899
131.615300,4.990000,0.978000,4.450000,,,,,,
131.639300,,,,-0.273481,2.249373,3.426860,-0.232804,2.472073,2.653547
131.649800,4.990000,0.978000,4.450000,,,,,,
131.683100,4.990000,0.978000,4.450000,,,,,,
131.691600,,,,-0.408893,2.321437,3.306713,-0.379918,2.439296,2.526184
131.716900,4.990000,0.978000,4.450000,,,,,,
131.741800,,,,-0.541222,2.314528,3.189302,-0.472208,2.371110,2.447714
131.750800,4.990000,0.978000,4.450000,,,,,,
131.785700,4.990000,0.978000,4.450000,,,,,,
131.792600,,,,-0.650719,2.237070,3.092149,-0.509405,2.330572,2.411395
131.819600,4.990000,0.978000,4.450000,,,,,,
131.843600,,,,-0.732559,2.157276,3.018147,-0.509405,2.330572,2.411395
131.854900,4.990000,0.978000,4.450000,,,,,,
131.889400,4.990000,0.978000,4.450000,,,,,,
131.893800,,,,-0.739161,2.150634,3.012269,-0.509405,2.330572,2.411395
131.923100,4.990000,0.978000,4.450000,,,,,,
131.944800,,,,-0.739161,2.150634,3.012269,-0.509405,2.330572,2.411395
131.957400,4.990000,0.978000,4.450000,,,,,,
131.991200,4.990000,0.978000,4.450000,,,,,,
131.995600,,,,-0.739161,2.150634,3.012269,-0.451271,2.347624,2.476104
132.025400,4.990000,0.978000,4.450000,,,,,,
132.046600,,,,-0.739161,2.150634,3.012269,-0.317348,2.383830,2.625183
132.059800,4.990000,0.978000,4.450000,,,,,,
132.093300,4.990000,0.978000,4.450000,,,,,,
132.097400,,,,-0.824145,2.247460,2.868247,-0.182536,2.412609,2.775273
132.128800,4.990000,0.978000,4.450000,,,,,,
132.149100,,,,-0.907397,2.345970,2.707503,-0.045107,2.426022,2.928274
132.163800,4.990000,0.978000,4.450000,,,,,,
132.198800,4.990000,0.978000,4.450000,,,,,,
132.200800,,,,-0.983186,2.414778,2.527416,0.093500,2.416149,3.082585
132.233500,4.990000,0.978000,4.450000,,,,,,
132.253000,,,,-1.044914,2.418538,2.330616,0.230724,2.380654,3.233761
132.267900,4.990000,0.978000,4.450000,,,,,,
132.301500,4.990000,0.978000,4.450000,,,,,,
132.303500,,,,-1.083846,2.378096,2.162876,0.365626,2.325317,3.375417
132.334900,4.990000,0.978000,4.450000,,,,,,
132.355600,,,,-1.102746,2.348937,2.073737,0.499507,2.251401,3.516309
132.369700,4.990000,0.978000,4.450000,,,,,,
132.403700,4.990000,0.978000,4.450000,,,,,,
132.405700,,,,-1.102746,2.348937,2.073737,0.624509,2.169409,3.650351
132.440900,4.990000,0.978000,4.450000,,,,,,
132.456200,,,,-1.102746,2.348937,2.073737,0.646754,2.154697,3.673006
132.474900,4.990000,0.978000,4.450000,,,,,,
132.506700,,,,-1.102746,2.348937,2.073737,0.646754,2.154697,3.673006
132.508900,4.990000,0.978000,4.450000,,,,,,
132.542800,4.990000,0.978000,4.450000,,,,,,
132.557300,,,,-1.064478,2.361830,2.125979,0.646754,2.154697,3.673006
132.578000,4.990000,0.978000,4.450000,,,,,,
132.609300,,,,-0.943807,2.401623,2.290714,0.646754,2.154697,3.673006
132.611800,4.990000,0.978000,4.450000,,,,,,
132.646700,4.990000,0.978000,4.450000,,,,,,
132.660700,,,,-0.824195,2.437938,2.453872,0.598358,2.235106,3.522789
132.681200,4.990000,0.978000,4.450000,,,,,,
132.712000,,,,-0.704310,2.464875,2.616633,0.541102,2.316961,3.345074
132.716200,4.990000,0.978000,4.450000,,,,,,
132.749600,4.990000,0.978000,4.450000,,,,,,
132.763700,,,,-0.577469,2.475626,2.779190,0.479496,2.362014,3.153852
132.783900,4.990000,0.978000,4.450000,,,,,,
132.815300,,,,-0.445240,2.467044,2.938498,0.416491,2.342493,2.958291
132.817400,4.990000,0.978000,4.450000,,,,,,
132.852100,4.990000,0.978000,4.450000,,,,,,
132.866400,,,,-0.312391,2.441809,3.091745,0.359133,2.268567,2.777012
132.886000,4.990000,0.978000,4.450000,,,,,,
132.917100,,,,-0.179614,2.405871,3.239252,0.314845,2.187628,2.638908
132.921400,4.990000,0.978000,4.450000,,,,,,
132.956400,4.990000,0.978000,4.450000,,,,,,
132.969300,,,,-0.036728,2.362407,3.385475,0.314845,2.187628,2.638908
132.990800,4.990000,0.978000,4.450000,,,,,,
133.020400,,,,0.022346,2.344275,3.443180,0.314845,2.187628,2.638908
133.024700,4.990000,0.978000,4.450000,,,,,,
133.058300,4.990000,0.978000,4.450000,,,,,,
133.072300,,,,0.022346,2.344275,3.443180,0.314845,2.187628,2.638908
133.093300,4.990000,0.978000,4.450000,,,,,,
133.123400,,,,0.022346,2.344275,3.443180,0.298855,2.199114,2.630748
133.127600,4.990000,0.978000,4.450000,,,,,,
133.162000,4.990000,0.978000,4.450000,,,,,,
133.175100,,,,0.022346,2.344275,3.443180,0.153375,2.296534,2.556342
133.195800,4.990000,0.978000,4.450000,,,,,,
133.225900,,,,-0.087435,2.407218,3.385318,0.034339,2.309532,2.492724
133.230300,4.990000,0.978000,4.450000,,,,,,
133.264400,4.990000,0.978000,4.450000,,,,,,
133.278400,,,,-0.246854,2.483691,3.301293,-0.080228,2.220491,2.432530
133.299100,4.990000,0.978000,4.450000,,,,,,
133.329800,,,,-0.435096,2.494783,3.203040,-0.160065,2.123747,2.359474
133.334000,4.990000,0.978000,4.450000,,,,,,
133.368400,4.990000,0.978000,4.450000,,,,,,
133.380800,,,,-0.585495,2.422285,3.124170,-0.160065,2.123747,2.359474
133.402000,4.990000,0.978000,4.450000,,,,,,
133.431500,,,,-0.696206,2.332595,3.066114,-0.160065,2.123747,2.359474
133.435600,4.990000,0.978000,4.450000,,,,,,
133.470300,4.990000,0.978000,4.450000,,,,,,
133.484200,,,,-0.733010,2.299107,3.046813,-0.160065,2.123747,2.359474
133.504600,4.990000,0.978000,4.450000,,,,,,
133.534800,,,,-0.733010,2.299107,3.046813,-0.148967,2.130007,2.370660
133.538800,4.990000,0.978000,4.450000,,,,,,
133.573400,4.990000,0.978000,4.450000,,,,,,
133.585200,,,,-0.733010,2.299107,3.046813,-0.016590,2.204012,2.504021
133.607800,4.990000,0.978000,4.450000,,,,,,
133.636200,,,,-0.733010,2.299107,3.046813,0.118296,2.276372,2.638884
133.642000,4.990000,0.978000,4.450000,,,,,,
133.676200,4.990000,0.978000,4.450000,,,,,,
133.688000,,,,-0.768770,2.336579,2.922437,0.248276,2.337065,2.765945
133.711700,4.990000,0.978000,4.450000,,,,,,
133.738400,,,,-0.823033,2.383755,2.719616,0.403129,2.387721,2.906621
133.745200,4.990000,0.978000,4.450000,,,,,,
133.780700,4.990000,0.978000,4.450000,,,,,,
133.789400,,,,-0.860306,2.371705,2.531930,0.560772,2.411925,3.033971
133.814600,4.990000,0.978000,4.450000,,,,,,
133.840000,,,,-0.881761,2.287576,2.358609,0.727333,2.412664,3.150093
133.848600,4.990000,0.978000,4.450000,,,,,,
133.883200,4.990000,0.978000,4.450000,,,,,,
133.891600,,,,-0.890585,2.182444,2.221552,0.905850,2.393812,3.250904
133.922300,4.990000,0.978000,4.450000,,,,,,
133.942600,,,,-0.899269,2.105904,2.129488,1.091946,2.361744,3.328168
133.955800,4.990000,0.978000,4.450000,,,,,,
133.990100,4.990000,0.978000,4.450000,,,,,,
133.993300,,,,-0.899269,2.105904,2.129488,1.099883,2.360278,3.330694
134.024600,4.990000,0.978000,4.450000,,,,,,
134.044500,,,,-0.899269,2.105904,2.129488,1.099883,2.360278,3.330694
134.059400,4.990000,0.978000,4.450000,,,,,,
134.093200,4.990000,0.978000,4.450000,,,,,,
134.095500,,,,-0.899269,2.105904,2.129488,1.099883,2.360278,3.330694
134.127400,4.990000,0.978000,4.450000,,,,,,
134.147000,,,,-0.862875,2.125605,2.174165,1.098415,2.361833,3.323726
134.162000,4.990000,0.978000,4.450000,,,,,,
134.197100,4.990000,0.978000,4.450000,-0.741925,2.188480,2.320142,1.058178,2.403770,3.132637
134.232400,4.990000,0.978000,4.450000,,,,,,
134.249000,,,,-0.610835,2.249700,2.470060,1.016118,2.443325,2.932446
134.270300,4.990000,0.978000,4.450000,,,,,,
134.299200,,,,-0.476587,2.299136,2.611440,0.975130,2.465972,2.736899
134.305200,4.990000,0.978000,4.450000,,,,,,
134.340100,4.990000,0.978000,4.450000,,,,,,
134.350000,,,,-0.331984,2.331719,2.750304,0.933468,2.459648,2.538325
134.374200,4.990000,0.978000,4.450000,,,,,,
134.400800,,,,-0.180759,2.340031,2.885479,0.892510,2.421721,2.343168
134.408600,4.990000,0.978000,4.450000,,,,,,
134.445200,4.990000,0.978000,4.450000,,,,,,
134.451600,,,,-0.029754,2.321921,3.018472,0.852912,2.361028,2.154502
134.480300,4.990000,0.978000,4.450000,,,,,,
134.503000,,,,0.118475,2.280236,3.156232,0.813281,2.286886,1.965670
134.515300,4.990000,0.978000,4.450000,,,,,,
134.549700,4.990000,0.978000,4.450000,,,,,,
134.553800,,,,0.258368,2.222417,3.291602,0.807173,2.275253,1.936568
134.584700,4.990000,0.978000,4.450000,,,,,,
134.605600,,,,0.347223,2.179287,3.378290,0.807173,2.275253,1.936568
134.621400,4.990000,0.978000,4.450000,,,,,,
134.656000,4.990000,0.978000,4.450000,0.347223,2.179287,3.378290,0.807173,2.275253,1.936568
134.690200,4.990000,0.978000,4.450000,,,,,,
134.707700,,,,0.347223,2.179287,3.378290,0.807173,2.275253,1.936568
134.724200,4.990000,0.978000,4.450000,,,,,,
134.757600,4.990000,0.978000,4.450000,,,,,,
134.759900,,,,0.347223,2.179287,3.378290,0.699368,2.359255,2.064090
134.792800,4.990000,0.978000,4.450000,,,,,,
134.810900,,,,0.269315,2.208279,3.352289,0.578871,2.439535,2.207306
134.826400,4.990000,0.978000,4.450000,,,,,,
134.860900,4.990000,0.978000,4.450000,,,,,,
134.863100,,,,0.080850,2.274814,3.289391,0.447443,2.478601,2.364592
134.896100,4.990000,0.978000,4.450000,,,,,,
134.915200,,,,-0.111443,2.322437,3.225214,0.315580,2.447155,2.521742
134.930000,4.990000,0.978000,4.450000,,,,,,
134.963400,4.990000,0.978000,4.450000,,,,,,
134.965500,,,,-0.302189,2.324269,3.161554,0.205676,2.372815,2.654061
135.000400,4.990000,0.978000,4.450000,,,,,,
135.016300,,,,-0.489978,2.278564,3.098844,0.142072,2.315597,2.736399
135.034800,4.990000,0.978000,4.450000,,,,,,
135.067200,,,,-0.655869,2.211014,3.043467,0.142072,2.315597,2.736399
135.069300,4.990000,0.978000,4.450000,,,,,,
135.104400,4.990000,0.978000,4.450000,,,,,,
135.117700,,,,-0.739005,2.174026,3.015716,0.142072,2.315597,2.736399
135.139200,4.990000,0.978000,4.450000,,,,,,
135.168900,,,,-0.739005,2.174026,3.015716,0.142072,2.315597,2.736399
135.173200,4.990000,0.978000,4.450000,,,,,,
135.207800,4.990000,0.978000,4.450000,,,,,,
135.220900,,,,-0.739005,2.174026,3.015716,0.190503,2.327817,2.727726
135.241500,4.990000,0.978000,4.450000,,,,,,
135.272200,,,,-0.739005,2.174026,3.015716,0.386923,2.373378,2.692550
135.276200,4.990000,0.978000,4.450000,,,,,,
135.311200,4.990000,0.978000,4.450000,,,,,,
135.323400,,,,-0.757192,2.222157,2.942636,0.587063,2.402950,2.656707
135.345900,4.990000,0.978000,4.450000,,,,,,
135.375700,,,,-0.798440,2.323786,2.781112,0.778703,2.394887,2.622386
135.380200,4.990000,0.978000,4.450000,,,,,,
135.414000,4.990000,0.978000,4.450000,,,,,,
135.425900,,,,-0.847839,2.412945,2.592276,0.981345,2.336838,2.582576
135.447900,4.990000,0.978000,4.450000,,,,,,
135.476400,,,,-0.897846,2.439369,2.399657,1.159010,2.247549,2.549238
135.482400,4.990000,0.978000,4.450000,,,,,,
135.516300,4.990000,0.978000,4.450000,,,,,,
135.527000,,,,-0.946002,2.403670,2.214145,1.326847,2.140969,2.518206
135.551500,4.990000,0.978000,4.450000,,,,,,
135.577300,,,,-0.978956,2.356324,2.087192,1.376124,2.107703,2.509096
135.585100,4.990000,0.978000,4.450000,,,,,,
135.619300,4.990000,0.978000,4.450000,,,,,,
135.629200,,,,-0.981230,2.352815,2.078433,1.376124,2.107703,2.509096
135.653400,4.990000,0.978000,4.450000,,,,,,
135.680200,,,,-0.981230,2.352815,2.078433,1.376124,2.107703,2.509096
135.688400,4.990000,0.978000,4.450000,,,,,,
135.722100,4.990000,0.978000,4.450000,,,,,,
135.731400,,,,-0.981230,2.352815,2.078433,1.376124,2.107703,2.509096
135.757600,4.990000,0.978000,4.450000,,,,,,
135.783300,,,,-0.981230,2.352815,2.078433,1.264333,2.191767,2.442856
135.792600,4.990000,0.978000,4.450000,,,,,,
135.827800,4.990000,0.978000,4.450000,,,,,,
135.834100,,,,-0.842604,2.387300,2.222451,1.111251,2.292284,2.354908
135.862100,4.990000,0.978000,4.450000,,,,,,
135.885600,,,,-0.700500,2.421175,2.367746,0.938391,2.344393,2.258699
135.896300,4.990000,0.978000,4.450000,,,,,,
135.931300,4.990000,0.978000,4.450000,,,,,,
135.937600,,,,-0.555560,2.453108,2.512879,0.762322,2.305739,2.158974
135.965800,4.990000,0.978000,4.450000,,,,,,
135.989300,,,,-0.410727,2.480316,2.658059,0.642147,2.233617,2.092474
135.999800,4.990000,0.978000,4.450000,,,,,,
136.035100,4.990000,0.978000,4.450000,,,,,,
136.041200,,,,-0.265037,2.500157,2.804505,0.592840,2.198477,2.065765
136.069700,4.990000,0.978000,4.450000,,,,,,
136.093200,,,,-0.119288,2.509941,2.951121,0.592840,2.198477,2.065765
136.103600,4.990000,0.978000,4.450000,,,,,,
136.137800,4.990000,0.978000,4.450000,,,,,,
136.144600,,,,0.025045,2.508349,3.096351,0.592840,2.198477,2.065765
136.173200,4.990000,0.978000,4.450000,,,,,,
136.196600,,,,0.172869,2.494813,3.244732,0.592840,2.198477,2.065765
136.207600,4.990000,0.978000,4.450000,,,,,,
136.241800,4.990000,0.978000,4.450000,,,,,,
136.247800,,,,0.316411,2.471009,3.388954,0.521717,2.241967,2.169263
136.276900,4.990000,0.978000,4.450000,,,,,,
136.297800,,,,0.455782,2.439194,3.529070,0.413337,2.300540,2.326980
136.311900,4.990000,0.978000,4.450000,,,,,,
136.345700,4.990000,0.978000,4.450000,,,,,,
136.351200,,,,0.593892,2.401087,3.667953,0.301519,2.324791,2.489697
136.379400,4.990000,0.978000,4.450000,,,,,,
136.401900,,,,0.665400,2.379428,3.739479,0.179107,2.281671,2.662129
136.413200,4.990000,0.978000,4.450000,,,,,,
136.447900,4.990000,0.978000,4.450000,,,,,,
136.452100,,,,0.665400,2.379428,3.739479,0.081742,2.206078,2.780877
136.482600,4.990000,0.978000,4.450000,,,,,,
136.503200,,,,0.665400,2.379428,3.739479,-0.000474,2.129170,2.882682
136.517400,4.990000,0.978000,4.450000,,,,,,
136.551600,4.990000,0.978000,4.450000,,,,,,
136.553600,,,,0.665400,2.379428,3.739479,-0.001250,2.128638,2.883743
136.585400,4.990000,0.978000,4.450000,,,,,,
136.603600,,,,0.568889,2.410890,3.676739,-0.001250,2.128638,2.883743
136.620600,4.990000,0.978000,4.450000,,,,,,
136.655100,4.990000,0.978000,4.450000,0.401326,2.460611,3.567807,-0.001250,2.128638,2.883743
136.689400,4.990000,0.978000,4.450000,,,,,,
136.705600,,,,0.236128,2.495329,3.460414,-0.001250,2.128638,2.883743
136.723100,4.990000,0.978000,4.450000,,,,,,
136.756400,,,,0.065446,2.502473,3.349455,0.170376,2.214998,2.818958
136.758500,4.990000,0.978000,4.450000,,,,,,
136.793300,4.990000,0.978000,4.450000,,,,,,
136.807800,,,,-0.105280,2.472255,3.238468,0.346498,2.298918,2.752356
136.827900,4.990000,0.978000,4.450000,,,,,,
136.858300,,,,-0.265926,2.409240,3.134034,0.524279,2.366660,2.685127
136.862500,4.990000,0.978000,4.450000,,,,,,
136.897200,4.990000,0.978000,4.450000,,,,,,
136.909600,,,,-0.421081,2.321431,3.033169,0.712136,2.406000,2.614089
136.931900,4.990000,0.978000,4.450000,,,,,,
136.961500,,,,-0.542659,2.239527,2.954132,0.892869,2.410030,2.545744
136.966500,4.990000,0.978000,4.450000,,,,,,
137.000400,4.990000,0.978000,4.450000,,,,,,
137.013600,,,,-0.542659,2.239527,2.954132,1.098520,2.381421,2.467837
137.034300,4.990000,0.978000,4.450000,,,,,,
137.064200,,,,-0.542659,2.239527,2.954132,1.248987,2.343952,2.402501
137.068400,4.990000,0.978000,4.450000,,,,,,
137.102100,4.990000,0.978000,4.450000,,,,,,
137.114800,,,,-0.542659,2.239527,2.954132,1.248987,2.343952,2.402501
137.136800,4.990000,0.978000,4.450000,,,,,,
137.165100,,,,-0.563191,2.255135,2.911354,1.248987,2.343952,2.402501
137.173200,4.990000,0.978000,4.450000,,,,,,
137.207700,4.990000,0.978000,4.450000,,,,,,
137.216600,,,,-0.648708,2.315448,2.733542,1.248987,2.343952,2.402501
137.243000,4.990000,0.978000,4.450000,,,,,,
137.268100,,,,-0.736640,2.345999,2.550742,1.210321,2.352611,2.398144
137.278600,4.990000,0.978000,4.450000,,,,,,
137.313800,4.990000,0.978000,4.450000,,,,,,
137.320000,,,,-0.824650,2.303908,2.368999,1.008830,2.396541,2.375482
137.348600,4.990000,0.978000,4.450000,,,,,,
137.371700,,,,-0.896381,2.218195,2.221823,0.807484,2.434222,2.352340
137.383700,4.990000,0.978000,4.450000,,,,,,
137.417400,4.990000,0.978000,4.450000,,,,,,
137.423600,,,,-0.956249,2.129539,2.099312,0.601493,2.455692,2.328385
137.452600,4.990000,0.978000,4.450000,,,,,,
137.475100,,,,-0.963380,2.118593,2.084590,0.396607,2.452188,2.308152
137.487000,4.990000,0.978000,4.450000,,,,,,
137.521400,4.990000,0.978000,4.450000,,,,,,
137.525600,,,,-0.963380,2.118593,2.084590,0.197679,2.425617,2.290097
137.556700,4.990000,0.978000,4.450000,,,,,,
137.577100,,,,-0.963380,2.118593,2.084590,-0.002629,2.382694,2.269571
137.591100,4.990000,0.978000,4.450000,,,,,,
137.626200,4.990000,0.978000,4.450000,,,,,,
137.628300,,,,-0.963380,2.118593,2.084590,-0.199647,2.332044,2.244100
137.661200,4.990000,0.978000,4.450000,,,,,,
137.679000,,,,-0.835856,2.164308,2.210809,-0.278006,2.310754,2.233028
137.695500,4.990000,0.978000,4.450000,,,,,,
137.730800,4.990000,0.978000,4.450000,-0.692616,2.212488,2.352539,-0.278006,2.310754,2.233028
137.765900,4.990000,0.978000,4.450000,,,,,,
137.780900,,,,-0.553279,2.254111,2.491077,-0.278006,2.310754,2.233028
137.800300,4.990000,0.978000,4.450000,,,,,,
137.832800,,,,-0.409687,2.287837,2.636533,-0.278006,2.310754,2.233028
137.834900,4.990000,0.978000,4.450000,,,,,,
137.868800,4.990000,0.978000,4.450000,,,,,,
137.884000,,,,-0.267135,2.308394,2.783003,-0.178521,2.381046,2.291249
137.903300,4.990000,0.978000,4.450000,,,,,,
137.935400,,,,-0.124255,2.311876,2.931000,-0.020386,2.474008,2.383792
137.937500,4.990000,0.978000,4.450000,,,,,,
137.972600,4.990000,0.978000,4.450000,,,,,,
137.989200,,,,0.014350,2.297285,3.074214,0.138700,2.488080,2.476892
138.007900,4.990000,0.978000,4.450000,,,,,,
138.040100,,,,0.162308,2.260961,3.229529,0.281807,2.415532,2.560640
138.042200,4.990000,0.978000,4.450000,,,,,,
138.076600,4.990000,0.978000,4.450000,,,,,,
138.091700,,,,0.300732,2.210106,3.372835,0.381226,2.331639,2.618822
138.111500,4.990000,0.978000,4.450000,,,,,,
138.143600,,,,0.440725,2.150913,3.517194,0.389255,2.324253,2.623520
138.145700,4.990000,0.978000,4.450000,,,,,,
138.179400,4.990000,0.978000,4.450000,,,,,,
138.194500,,,,0.489652,2.128169,3.570107,0.389255,2.324253,2.623520
138.212800,4.990000,0.978000,4.450000,,,,,,
138.245600,,,,0.489652,2.128169,3.570107,0.389255,2.324253,2.623520
138.247600,4.990000,0.978000,4.450000,,,,,,
138.282400,4.990000,0.978000,4.450000,,,,,,
138.296800,,,,0.489652,2.128169,3.570107,0.389255,2.324253,2.623520
138.317400,4.990000,0.978000,4.450000,,,,,,
138.348600,,,,0.489652,2.128169,3.570107,0.571878,2.389411,2.558210
138.350800,4.990000,0.978000,4.450000,,,,,,
138.384600,4.990000,0.978000,4.450000,,,,,,
138.398600,,,,0.371122,2.197754,3.533412,0.725844,2.409925,2.503148
138.419700,4.990000,0.978000,4.450000,,,,,,
138.450800,,,,0.194466,2.293839,3.482587,0.900835,2.340678,2.440566
138.453000,4.990000,0.978000,4.450000,,,,,,
138.487300,4.990000,0.978000,4.450000,,,,,,
138.501600,,,,0.003810,2.352292,3.444430,1.029377,2.225613,2.394597
138.521500,4.990000,0.978000,4.450000,,,,,,
138.551700,,,,-0.192864,2.338802,3.421458,1.123208,2.121060,2.361040
138.555600,4.990000,0.978000,4.450000,,,,,,
138.590400,4.990000,0.978000,4.450000,,,,,,
138.601700,,,,-0.327228,2.297498,3.415708,1.123208,2.121060,2.361040
138.625000,4.990000,0.978000,4.450000,,,,,,
138.653500,,,,-0.404585,2.269845,3.402469,1.123208,2.121060,2.361040
138.659700,4.990000,0.978000,4.450000,,,,,,
138.694700,4.990000,0.978000,4.450000,,,,,,
138.705700,,,,-0.404585,2.269845,3.402469,1.123208,2.121060,2.361040
138.728300,4.990000,0.978000,4.450000,,,,,,
138.756700,,,,-0.404585,2.269845,3.402469,1.099957,2.130697,2.358434
138.763100,4.990000,0.978000,4.450000,,,,,,
138.797400,4.990000,0.978000,4.450000,,,,,,
138.808200,,,,-0.404585,2.269845,3.402469,0.910294,2.207009,2.337172
138.832800,4.990000,0.978000,4.450000,,,,,,
138.860700,,,,-0.466173,2.301270,3.342638,0.715735,2.278021,2.315360
138.867300,4.990000,0.978000,4.450000,,,,,,
138.901300,4.990000,0.978000,4.450000,,,,,,
138.912300,,,,-0.607076,2.370830,3.207308,0.517342,2.333745,2.292865
138.936400,4.990000,0.978000,4.450000,,,,,,
138.962400,,,,-0.746741,2.431328,3.075883,0.319925,2.363944,2.270450
138.971200,4.990000,0.978000,4.450000,,,,,,
139.005800,4.990000,0.978000,4.450000,,,,,,
139.012500,,,,-0.892350,2.471806,2.944775,0.121133,2.364542,2.247965
139.039200,4.990000,0.978000,4.450000,,,,,,
139.062600,,,,-1.046853,2.476681,2.816531,-0.076671,2.336041,2.225610
139.073400,4.990000,0.978000,4.450000,,,,,,
139.108000,4.990000,0.978000,4.450000,,,,,,
139.112700,,,,-1.202325,2.438129,2.700492,-0.266290,2.287015,2.195906
139.142600,4.990000,0.978000,4.450000,,,,,,
139.164600,,,,-1.343429,2.362218,2.598523,-0.444507,2.226973,2.163154
139.177500,4.990000,0.978000,4.450000,,,,,,
139.212800,4.990000,0.978000,4.450000,,,,,,
139.214800,,,,-1.425842,2.304405,2.543942,-0.444507,2.226973,2.163154
139.247600,4.990000,0.978000,4.450000,,,,,,
139.265900,,,,-1.425842,2.304405,2.543942,-0.444507,2.226973,2.163154
139.282100,4.990000,0.978000,4.450000,,,,,,
139.317100,4.990000,0.978000,4.450000,-1.425842,2.304405,2.543942,-0.444507,2.226973,2.163154
139.351700,4.990000,0.978000,4.450000,,,,,,
139.367700,,,,-1.425842,2.304405,2.543942,-0.426795,2.234374,2.173718
139.386100,4.990000,0.978000,4.450000,,,,,,
139.419600,4.990000,0.978000,4.450000,-1.387054,2.315703,2.561458,-0.260063,2.302178,2.276884
139.457600,4.990000,0.978000,4.450000,,,,,,
139.469700,,,,-1.210130,2.366774,2.641287,-0.109880,2.338474,2.378715
139.492600,4.990000,0.978000,4.450000,,,,,,
139.520800,,,,-1.030097,2.417156,2.722200,0.048546,2.297328,2.484974
139.526900,4.990000,0.978000,4.450000,,,,,,
139.561600,4.990000,0.978000,4.450000,,,,,,
139.571700,,,,-0.849214,2.461820,2.802871,0.170945,2.212655,2.566402
139.596700,4.990000,0.978000,4.450000,,,,,,
139.622700,,,,-0.664793,2.494938,2.885316,0.270787,2.126518,2.632823
139.631500,4.990000,0.978000,4.450000,,,,,,
139.666000,4.990000,0.978000,4.450000,,,,,,
139.673000,,,,-0.483658,2.510936,2.966054,0.272281,2.125381,2.633818
139.700200,4.990000,0.978000,4.450000,,,,,,
139.725100,,,,-0.292228,2.507946,3.051450,0.272281,2.125381,2.633818
139.734400,4.990000,0.978000,4.450000,,,,,,
139.768900,4.990000,0.978000,4.450000,,,,,,
139.775200,,,,-0.109553,2.486372,3.133046,0.272281,2.125381,2.633818
139.803200,4.990000,0.978000,4.450000,,,,,,
139.827500,,,,0.074967,2.448148,3.215497,0.272281,2.125381,2.633818
139.838500,4.990000,0.978000,4.450000,,,,,,
139.871900,4.990000,0.978000,4.450000,,,,,,
139.878300,,,,0.258111,2.397327,3.294861,0.430877,2.236934,2.571984
139.906000,4.990000,0.978000,4.450000,,,,,,
139.929800,,,,0.311830,2.380661,3.318108,0.597453,2.340186,2.507013
139.940400,4.990000,0.978000,4.450000,,,,,,
139.975300,4.990000,0.978000,4.450000,,,,,,
139.981500,,,,0.311830,2.380661,3.318108,0.781446,2.397459,2.435248
140.010100,4.990000,0.978000,4.450000,,,,,,
140.032700,,,,0.311830,2.380661,3.318108,0.969463,2.382384,2.361914
140.048500,4.990000,0.978000,4.450000,,,,,,
140.082300,4.990000,0.978000,4.450000,,,,,,
140.084400,,,,0.311830,2.380661,3.318108,1.095859,2.343078,2.312614
140.117000,4.990000,0.978000,4.450000,,,,,,
140.136400,,,,0.217611,2.438714,3.433964,1.126993,2.332388,2.300471
140.151400,4.990000,0.978000,4.450000,,,,,,
140.186300,4.990000,0.978000,4.450000,,,,,,
140.188300,,,,0.124518,2.462721,3.548437,1.126993,2.332388,2.300471
140.220500,4.990000,0.978000,4.450000,,,,,,
140.239500,,,,0.019075,2.375811,3.678717,1.126993,2.332388,2.300471
140.255800,4.990000,0.978000,4.450000,,,,,,
140.289800,4.990000,0.978000,4.450000,-0.049559,2.248595,3.763287,1.126993,2.332388,2.300471
140.324800,4.990000,0.978000,4.450000,,,,,,
140.341600,,,,-0.089924,2.159203,3.813031,0.974166,2.368007,2.258946
140.360100,4.990000,0.978000,4.450000,,,,,,
140.393900,4.990000,0.978000,4.450000,-0.089924,2.159203,3.813031,0.779130,2.410208,2.201534
140.429700,4.990000,0.978000,4.450000,,,,,,
140.443900,,,,-0.089924,2.159203,3.813031,0.587689,2.434687,2.141794
140.464300,4.990000,0.978000,4.450000,,,,,,
140.494600,,,,-0.089924,2.159203,3.813031,0.399311,2.423019,2.069247
140.498600,4.990000,0.978000,4.450000,,,,,,
140.533000,4.990000,0.978000,4.450000,,,,,,
140.545000,,,,-0.133223,2.184817,3.774404,0.218706,2.372520,1.995706
140.568100,4.990000,0.978000,4.450000,,,,,,
140.595200,,,,-0.271727,2.264238,3.653442,0.042574,2.299680,1.934252
140.603300,4.990000,0.978000,4.450000,,,,,,
140.638600,4.990000,0.978000,4.450000,,,,,,
140.650600,,,,-0.417436,2.311557,3.536408,-0.090944,2.237128,1.887340
140.674100,4.990000,0.978000,4.450000,,,,,,
140.701200,,,,-0.565332,2.267471,3.427667,-0.090944,2.237128,1.887340
140.707900,4.990000,0.978000,4.450000,,,,,,
140.741800,4.990000,0.978000,4.450000,,,,,,
140.752700,,,,-0.667096,2.196113,3.347029,-0.090944,2.237128,1.887340
140.775200,4.990000,0.978000,4.450000,,,,,,
140.803000,,,,-0.721553,2.153264,3.303877,-0.090944,2.237128,1.887340
140.809500,4.990000,0.978000,4.450000,,,,,,
140.845000,4.990000,0.978000,4.450000,,,,,,
140.853900,,,,-0.721553,2.153264,3.303877,-0.076212,2.260710,1.904328
140.880300,4.990000,0.978000,4.450000,,,,,,
140.906000,,,,-0.721553,2.153264,3.303877,0.021353,2.408117,2.013656
140.915000,4.990000,0.978000,4.450000,,,,,,
140.949300,4.990000,0.978000,4.450000,,,,,,
140.957900,,,,-0.721553,2.153264,3.303877,0.128184,2.466368,2.126573
140.983600,4.990000,0.978000,4.450000,,,,,,
141.008500,,,,-0.653191,2.190413,3.282966,0.208498,2.409137,2.212898
141.018900,4.990000,0.978000,4.450000,,,,,,
141.052700,4.990000,0.978000,4.450000,,,,,,
141.058800,,,,-0.482264,2.277106,3.222275,0.256973,2.346412,2.265002
141.087800,4.990000,0.978000,4.450000,,,,,,
141.109300,,,,-0.334475,2.299307,3.149457,0.256973,2.346412,2.265002
141.122500,4.990000,0.978000,4.450000,,,,,,
141.157600,4.990000,0.978000,4.450000,,,,,,
141.159800,,,,-0.204801,2.226745,3.069120,0.256973,2.346412,2.265002
141.191800,4.990000,0.978000,4.450000,,,,,,
141.210500,,,,-0.141942,2.135759,3.009537,0.256973,2.346412,2.265002
141.227100,4.990000,0.978000,4.450000,,,,,,
141.260600,4.990000,0.978000,4.450000,-0.128094,2.105097,2.989825,0.268821,2.351587,2.269209
141.295000,4.990000,0.978000,4.450000,,,,,,
141.311800,,,,-0.128094,2.105097,2.989825,0.448470,2.423188,2.333349
141.330000,4.990000,0.978000,4.450000,,,,,,
141.362600,,,,-0.128094,2.105097,2.989825,0.595235,2.437414,2.386442
141.364600,4.990000,0.978000,4.450000,,,,,,
141.399900,4.990000,0.978000,4.450000,,,,,,
141.412800,,,,-0.128094,2.105097,2.989825,0.759498,2.352692,2.445702
141.433200,4.990000,0.978000,4.450000,,,,,,
141.463100,,,,-0.092602,2.180728,3.083755,0.868871,2.235196,2.492506
141.467200,4.990000,0.978000,4.450000,,,,,,
141.503600,4.990000,0.978000,4.450000,,,,,,
141.514000,,,,-0.030389,2.295060,3.239958,0.934633,2.152915,2.517181
141.538800,4.990000,0.978000,4.450000,,,,,,
141.565300,,,,0.044480,2.327133,3.396364,0.934633,2.152915,2.517181
141.573500,4.990000,0.978000,4.450000,,,,,,
141.607600,4.990000,0.978000,4.450000,,,,,,
141.616000,,,,0.095621,2.283446,3.510537,0.934633,2.152915,2.517181
141.641200,4.990000,0.978000,4.450000,,,,,,
141.667600,,,,0.129011,2.241542,3.583286,0.934633,2.152915,2.517181
141.676500,4.990000,0.978000,4.450000,,,,,,
141.712000,4.990000,0.978000,4.450000,,,,,,
141.721300,,,,0.129011,2.241542,3.583286,0.890841,2.173377,2.498242
141.746200,4.990000,0.978000,4.450000,,,,,,
141.773200,,,,0.129011,2.241542,3.583286,0.689022,2.262784,2.414095
141.779700,4.990000,0.978000,4.450000,,,,,,
141.814900,4.990000,0.978000,4.450000,,,,,,
141.823800,,,,0.129011,2.241542,3.583286,0.512328,2.329896,2.344156
141.848800,4.990000,0.978000,4.450000,,,,,,
141.874400,,,,0.083934,2.263485,3.578686,0.328297,2.379745,2.273772
141.882600,4.990000,0.978000,4.450000,,,,,,
141.916900,4.990000,0.978000,4.450000,,,,,,
141.925400,,,,-0.100576,2.348914,3.564018,0.138680,2.404535,2.203520
141.951700,4.990000,0.978000,4.450000,,,,,,
141.976700,,,,-0.292712,2.421634,3.560656,-0.055155,2.402537,2.135378
141.986600,4.990000,0.978000,4.450000,,,,,,
142.021800,4.990000,0.978000,4.450000,,,,,,
142.028500,,,,-0.493732,2.464251,3.570598,-0.249811,2.377214,2.073011
142.055600,4.990000,0.978000,4.450000,,,,,,
142.080200,,,,-0.686699,2.468744,3.593742,-0.432851,2.337527,2.020042
142.091200,4.990000,0.978000,4.450000,,,,,,
142.125100,4.990000,0.978000,4.450000,,,,,,
142.131800,,,,-0.899116,2.439598,3.632242,-0.580945,2.296020,1.977126
142.159600,4.990000,0.978000,4.450000,,,,,,
142.182600,,,,-1.093090,2.392457,3.678631,-0.580945,2.296020,1.977126
142.194600,4.990000,0.978000,4.450000,,,,,,
142.228300,4.990000,0.978000,4.450000,,,,,,
142.234400,,,,-1.182214,2.367172,3.701348,-0.580945,2.296020,1.977126
142.263000,4.990000,0.978000,4.450000,,,,,,
142.284800,,,,-1.182214,2.367172,3.701348,-0.580945,2.296020,1.977126
142.297200,4.990000,0.978000,4.450000,,,,,,
142.331600,4.990000,0.978000,4.450000,,,,,,
142.335600,,,,-1.182214,2.367172,3.701348,-0.517396,2.315577,2.000485
142.365900,4.990000,0.978000,4.450000,,,,,,
142.385700,,,,-1.182214,2.367172,3.701348,-0.337022,2.365060,2.073673
142.399800,4.990000,0.978000,4.450000,,,,,,
142.433900,4.990000,0.978000,4.450000,,,,,,
142.435800,,,,-1.104560,2.409404,3.635836,-0.180635,2.371756,2.152542
142.469200,4.990000,0.978000,4.450000,,,,,,
142.487000,,,,-0.957753,2.481755,3.512867,-0.026283,2.299610,2.239497
142.503200,4.990000,0.978000,4.450000,,,,,,
142.537400,4.990000,0.978000,4.450000,-0.804457,2.513354,3.387130,0.071290,2.197741,2.305346
142.571400,4.990000,0.978000,4.450000,,,,,,
142.589200,,,,-0.647794,2.480861,3.256475,0.133447,2.106646,2.357989
142.607000,4.990000,0.978000,4.450000,,,,,,
142.641200,4.990000,0.978000,4.450000,-0.502110,2.412287,3.131621,0.133447,2.106646,2.357989
142.675500,4.990000,0.978000,4.450000,,,,,,
142.691400,,,,-0.375336,2.342829,3.020543,0.133447,2.106646,2.357989
142.709000,4.990000,0.978000,4.450000,,,,,,
142.743500,4.990000,0.978000,4.450000,-0.375336,2.342829,3.020543,0.133447,2.106646,2.357989
142.778200,4.990000,0.978000,4.450000,,,,,,
142.799500,,,,-0.375336,2.342829,3.020543,0.165339,2.123503,2.379376
142.812700,4.990000,0.978000,4.450000,,,,,,
142.847900,4.990000,0.978000,4.450000,,,,,,
142.850100,,,,-0.375336,2.342829,3.020543,0.331748,2.209586,2.494078
142.883200,4.990000,0.978000,4.450000,,,,,,
142.900500,,,,-0.343317,2.362337,3.035623,0.483875,2.281576,2.605278
142.916800,4.990000,0.978000,4.450000,,,,,,
142.951700,4.990000,0.978000,4.450000,-0.178066,2.453485,3.113450,0.639372,2.338604,2.724650
142.990400,4.990000,0.978000,4.450000,,,,,,
143.003500,,,,-0.031976,2.473699,3.182745,0.799332,2.373266,2.852735
143.025700,4.990000,0.978000,4.450000,,,,,,
143.055100,,,,0.120665,2.387862,3.256006,0.957796,2.383701,2.984236
143.059200,4.990000,0.978000,4.450000,,,,,,
143.094600,4.990000,0.978000,4.450000,,,,,,
143.105200,,,,0.215167,2.283508,3.304936,1.110131,2.374289,3.113854
143.129600,4.990000,0.978000,4.450000,,,,,,
143.156100,,,,0.239599,2.240479,3.326974,1.264226,2.350365,3.245020
143.164400,4.990000,0.978000,4.450000,,,,,,
143.199100,4.990000,0.978000,4.450000,,,,,,
143.207000,,,,0.239599,2.240479,3.326974,1.321699,2.339092,3.293437
143.233400,4.990000,0.978000,4.450000,,,,,,
143.258400,,,,0.239599,2.240479,3.326974,1.321699,2.339092,3.293437
143.268200,4.990000,0.978000,4.450000,,,,,,
143.302300,4.990000,0.978000,4.450000,,,,,,
143.310000,,,,0.239599,2.240479,3.326974,1.321699,2.339092,3.293437
143.336100,4.990000,0.978000,4.450000,,,,,,
143.360500,,,,0.115537,2.268855,3.349261,1.321699,2.339092,3.293437
143.370200,4.990000,0.978000,4.450000,,,,,,
143.404600,4.990000,0.978000,4.450000,,,,,,
143.410700,,,,-0.078038,2.310069,3.380548,1.191046,2.357487,3.257683
143.439200,4.990000,0.978000,4.450000,,,,,,
143.462100,,,,-0.279779,2.342812,3.405194,0.993523,2.384490,3.206079
143.472600,4.990000,0.978000,4.450000,,,,,,
143.506100,4.990000,0.978000,4.450000,,,,,,
143.512300,,,,-0.479052,2.350732,3.419194,0.800642,2.409841,3.158933
143.540700,4.990000,0.978000,4.450000,,,,,,
143.562600,,,,-0.677776,2.315855,3.423050,0.604305,2.433527,3.116053
143.575000,4.990000,0.978000,4.450000,,,,,,
143.609500,4.990000,0.978000,4.450000,,,,,,
143.613800,,,,-0.840854,2.240321,3.405647,0.404275,2.453849,3.078915
143.645200,4.990000,0.978000,4.450000,,,,,,
143.664000,,,,-0.926243,2.163935,3.374788,0.207944,2.468404,3.048684
143.679400,4.990000,0.978000,4.450000,,,,,,
143.714200,4.990000,0.978000,4.450000,-0.953807,2.116427,3.345457,0.008382,2.476255,3.023464
143.749200,4.990000,0.978000,4.450000,,,,,,
143.764800,,,,-0.953807,2.116427,3.345457,-0.177571,2.476324,3.006633
143.784200,4.990000,0.978000,4.450000,,,,,,
143.816700,,,,-0.953807,2.116427,3.345457,-0.400915,2.466438,2.999406
143.818900,4.990000,0.978000,4.450000,,,,,,
143.854000,4.990000,0.978000,4.450000,,,,,,
143.867300,,,,-0.953807,2.116427,3.345457,-0.601790,2.448354,3.005501
143.889200,4.990000,0.978000,4.450000,,,,,,
143.918600,,,,-0.904859,2.152492,3.296042,-0.804627,2.421322,3.024145
143.922800,4.990000,0.978000,4.450000,,,,,,
143.956600,4.990000,0.978000,4.450000,,,,,,
143.970800,,,,-0.781675,2.236863,3.171681,-0.993913,2.388233,3.052975
143.992000,4.990000,0.978000,4.450000,,,,,,
144.022200,,,,-0.633456,2.299015,3.022009,-1.205760,2.343563,3.094182
144.026200,4.990000,0.978000,4.450000,,,,,,
144.059500,4.990000,0.978000,4.450000,,,,,,
144.072700,,,,-0.492984,2.284677,2.880408,-1.287788,2.324913,3.113264
144.094400,4.990000,0.978000,4.450000,,,,,,
144.124500,,,,-0.357443,2.208661,2.750639,-1.287788,2.324913,3.113264
144.128700,4.990000,0.978000,4.450000,,,,,,
144.163600,4.990000,0.978000,4.450000,,,,,,
144.176200,,,,-0.257556,2.128145,2.654778,-1.287788,2.324913,3.113264
144.197100,4.990000,0.978000,4.450000,,,,,,
144.227900,,,,-0.251112,2.122346,2.648401,-1.287788,2.324913,3.113264
144.232200,4.990000,0.978000,4.450000,,,,,,
144.267500,4.990000,0.978000,4.450000,,,,,,
144.279500,,,,-0.251112,2.122346,2.648401,-1.157750,2.361825,3.077427
144.301900,4.990000,0.978000,4.450000,,,,,,
144.330500,,,,-0.251112,2.122346,2.648401,-0.967794,2.412786,3.023993
144.336700,4.990000,0.978000,4.450000,,,,,,
144.371400,4.990000,0.978000,4.450000,,,,,,
144.381700,,,,-0.251112,2.122346,2.648401,-0.776317,2.457319,2.968073
144.404700,4.990000,0.978000,4.450000,,,,,,
144.432100,,,,-0.225389,2.207043,2.827157,-0.586538,2.488744,2.908226
144.439900,4.990000,0.978000,4.450000,,,,,,
144.475200,4.990000,0.978000,4.450000,,,,,,
144.483400,,,,-0.198148,2.284618,3.016468,-0.392649,2.502331,2.838747
144.509400,4.990000,0.978000,4.450000,,,,,,
144.535500,,,,-0.169123,2.318745,3.218173,-0.201526,2.494570,2.758703
144.543900,4.990000,0.978000,4.450000,,,,,,
144.578300,4.990000,0.978000,4.450000,,,,,,
144.586600,,,,-0.140490,2.289240,3.417148,-0.019549,2.466958,2.671384
144.611800,4.990000,0.978000,4.450000,,,,,,
144.637100,,,,-0.118505,2.236659,3.569931,0.154847,2.423011,2.577839
144.645800,4.990000,0.978000,4.450000,,,,,,
144.680700,4.990000,0.978000,4.450000,,,,,,
144.687400,,,,-0.107717,2.207861,3.644905,0.319104,2.366846,2.477648
144.716200,4.990000,0.978000,4.450000,,,,,,
144.737500,,,,-0.107717,2.207861,3.644905,0.436353,2.318206,2.398800
144.750000,4.990000,0.978000,4.450000,,,,,,
144.784300,4.990000,0.978000,4.450000,,,,,,
144.788500,,,,-0.107717,2.207861,3.644905,0.436353,2.318206,2.398800
144.818300,4.990000,0.978000,4.450000,,,,,,
144.839900,,,,-0.107717,2.207861,3.644905,0.436353,2.318206,2.398800
144.853600,4.990000,0.978000,4.450000,,,,,,
144.888800,4.990000,0.978000,4.450000,,,,,,
144.891100,,,,-0.127641,2.260440,3.572647,0.436353,2.318206,2.398800
144.923800,4.990000,0.978000,4.450000,,,,,,
144.943100,,,,-0.173727,2.374911,3.405513,0.434855,2.333444,2.462698
144.958200,4.990000,0.978000,4.450000,,,,,,
144.992700,4.990000,0.978000,4.450000,,,,,,
144.994700,,,,-0.224353,2.451394,3.220583,0.428009,2.376328,2.665710
145.028100,4.990000,0.978000,4.450000,,,,,,
145.045000,,,,-0.276163,2.435978,3.031439,0.420817,2.391286,2.865442
145.062300,4.990000,0.978000,4.450000,,,,,,
145.096800,4.990000,0.978000,4.450000,-0.295588,2.381491,2.912087,0.413634,2.347586,3.066571
145.131400,4.990000,0.978000,4.450000,,,,,,
145.148500,,,,-0.297413,2.350996,2.862916,0.407077,2.253630,3.250200
145.165600,4.990000,0.978000,4.450000,,,,,,
145.201800,4.990000,0.978000,4.450000,-0.297413,2.350996,2.862916,0.400119,2.159770,3.393735
145.235700,4.990000,0.978000,4.450000,,,,,,
145.252400,,,,-0.297413,2.350996,2.862916,0.396740,2.106874,3.470185
145.270200,4.990000,0.978000,4.450000,,,,,,
145.302600,,,,-0.297413,2.350996,2.862916,0.396740,2.106874,3.470185
145.304600,4.990000,0.978000,4.450000,,,,,,
145.339000,4.990000,0.978000,4.450000,,,,,,
145.353500,,,,-0.318748,2.394724,2.761096,0.396740,2.106874,3.470185
145.373900,4.990000,0.978000,4.450000,,,,,,
145.408200,4.990000,0.978000,4.450000,-0.357929,2.465519,2.574106,0.396740,2.106874,3.470185
145.443500,4.990000,0.978000,4.450000,,,,,,
145.458600,,,,-0.397712,2.470811,2.387191,0.288535,2.148195,3.492428
145.478700,4.990000,0.978000,4.450000,,,,,,
145.510600,,,,-0.432266,2.401011,2.223601,0.096564,2.216910,3.531891
145.512800,4.990000,0.978000,4.450000,,,,,,
145.547700,4.990000,0.978000,4.450000,,,,,,
145.562300,,,,-0.465536,2.323867,2.111203,-0.098012,2.273687,3.571871
145.582900,4.990000,0.978000,4.450000,,,,,,
145.614000,,,,-0.478571,2.304413,2.087004,-0.298741,2.307401,3.609831
145.622600,4.990000,0.978000,4.450000,,,,,,
145.656200,4.990000,0.978000,4.450000,,,,,,
145.665100,,,,-0.478571,2.304413,2.087004,-0.499153,2.305260,3.643387
145.691900,4.990000,0.978000,4.450000,,,,,,
145.716900,,,,-0.478571,2.304413,2.087004,-0.699530,2.263127,3.669505
145.725700,4.990000,0.978000,4.450000,,,,,,
145.760400,4.990000,0.978000,4.450000,,,,,,
145.767100,,,,-0.478571,2.304413,2.087004,-0.886827,2.192966,3.691140
145.793800,4.990000,0.978000,4.450000,,,,,,
145.817600,,,,-0.456213,2.348582,2.234061,-1.035550,2.123884,3.707936
145.828400,4.990000,0.978000,4.450000,,,,,,
145.861800,4.990000,0.978000,4.450000,,,,,,
145.868200,,,,-0.426752,2.403161,2.427833,-1.035550,2.123884,3.707936
145.897100,4.990000,0.978000,4.450000,,,,,,
145.919000,,,,-0.397076,2.449245,2.623025,-1.035550,2.123884,3.707936
145.932100,4.990000,0.978000,4.450000,,,,,,
145.965800,4.990000,0.978000,4.450000,,,,,,
145.969900,,,,-0.366757,2.479398,2.822441,-1.035550,2.123884,3.707936
146.000200,4.990000,0.978000,4.450000,,,,,,
146.021800,,,,-0.339163,2.486409,3.027430,-1.010932,2.131789,3.687003
146.035100,4.990000,0.978000,4.450000,,,,,,
146.068800,4.990000,0.978000,4.450000,,,,,,
146.073200,,,,-0.310712,2.467495,3.230429,-0.858392,2.180259,3.557335
146.103900,4.990000,0.978000,4.450000,,,,,,
146.123300,,,,-0.282804,2.425986,3.424094,-0.709853,2.226494,3.431462
146.138300,4.990000,0.978000,4.450000,,,,,,
146.171900,4.990000,0.978000,4.450000,,,,,,
146.174300,,,,-0.255123,2.365149,3.615775,-0.559125,2.271086,3.302915
146.205600,4.990000,0.978000,4.450000,,,,,,
146.226000,,,,-0.228918,2.292487,3.800667,-0.404282,2.310483,3.169278
146.240500,4.990000,0.978000,4.450000,,,,,,
146.274500,4.990000,0.978000,4.450000,,,,,,
146.276400,,,,-0.228918,2.292487,3.800667,-0.256149,2.338420,3.035194
146.309000,4.990000,0.978000,4.450000,,,,,,
146.327600,,,,-0.228918,2.292487,3.800667,-0.110005,2.353261,2.893406
146.343600,4.990000,0.978000,4.450000,,,,,,
146.378800,4.990000,0.978000,4.450000,-0.228918,2.292487,3.800667,0.029556,2.353002,2.743557
146.412700,4.990000,0.978000,4.450000,,,,,,
146.429200,,,,-0.224158,2.296121,3.787192,0.157518,2.338988,2.588713
146.446000,4.990000,0.978000,4.450000,,,,,,
146.480000,4.990000,0.978000,4.450000,-0.155072,2.343090,3.601543,0.278442,2.314267,2.426826
146.513400,4.990000,0.978000,4.450000,,,,,,
146.534800,,,,-0.074929,2.375159,3.417180,0.391864,2.283415,2.260398
146.547200,4.990000,0.978000,4.450000,,,,,,
146.582500,4.990000,0.978000,4.450000,,,,,,
146.586700,,,,0.025263,2.364882,3.219208,0.409233,2.278397,2.234053
146.617200,4.990000,0.978000,4.450000,,,,,,
146.636900,,,,0.119871,2.309784,3.052002,0.409233,2.278397,2.234053
146.650700,4.990000,0.978000,4.450000,,,,,,
146.686200,4.990000,0.978000,4.450000,,,,,,
146.688400,,,,0.214528,2.226838,2.888981,0.409233,2.278397,2.234053
146.724700,4.990000,0.978000,4.450000,,,,,,
146.738600,,,,0.311494,2.140137,2.736171,0.409233,2.278397,2.234053
146.758200,4.990000,0.978000,4.450000,,,,,,
146.790800,,,,0.330349,2.125046,2.710085,0.386042,2.354265,2.415781
146.793200,4.990000,0.978000,4.450000,,,,,,
146.827300,4.990000,0.978000,4.450000,,,,,,
146.842300,,,,0.330349,2.125046,2.710085,0.361616,2.425890,2.607543
146.862400,4.990000,0.978000,4.450000,,,,,,
146.892700,,,,0.330349,2.125046,2.710085,0.339029,2.474035,2.801517
146.897000,4.990000,0.978000,4.450000,,,,,,
146.932200,4.990000,0.978000,4.450000,,,,,,
146.942800,,,,0.330349,2.125046,2.710085,0.319072,2.480736,3.001631
146.967200,4.990000,0.978000,4.450000,,,,,,
146.994700,,,,0.167852,2.200900,2.725321,0.298962,2.440221,3.201931
147.001300,4.990000,0.978000,4.450000,,,,,,
147.035700,4.990000,0.978000,4.450000,,,,,,
147.046400,,,,-0.025324,2.276848,2.744401,0.292325,2.358478,3.393337
147.070800,4.990000,0.978000,4.450000,,,,,,
147.097400,,,,-0.222396,2.314951,2.770274,0.287423,2.314708,3.475314
147.104200,4.990000,0.978000,4.450000,,,,,,
147.137900,4.990000,0.978000,4.450000,,,,,,
147.149200,,,,-0.426547,2.300358,2.801739,0.287423,2.314708,3.475314
147.172200,4.990000,0.978000,4.450000,,,,,,
147.199400,,,,-0.616101,2.240348,2.831918,0.287423,2.314708,3.475314
147.207400,4.990000,0.978000,4.450000,,,,,,
147.242700,4.990000,0.978000,4.450000,,,,,,
147.251300,,,,-0.799877,2.149483,2.856743,0.287423,2.314708,3.475314
147.276500,4.990000,0.978000,4.450000,,,,,,
147.304500,,,,-0.833340,2.130887,2.861235,0.217532,2.364851,3.482056
147.310900,4.990000,0.978000,4.450000,,,,,,
147.344300,4.990000,0.978000,4.450000,,,,,,
147.354600,,,,-0.833340,2.130887,2.861235,0.057117,2.467868,3.496857
147.379200,4.990000,0.978000,4.450000,,,,,,
147.405700,,,,-0.833340,2.130887,2.861235,-0.112413,2.475264,3.510579
147.414300,4.990000,0.978000,4.450000,,,,,,
147.448700,4.990000,0.978000,4.450000,,,,,,
147.457100,,,,-0.833340,2.130887,2.861235,-0.230129,2.403356,3.519970
147.482400,4.990000,0.978000,4.450000,,,,,,
147.508800,,,,-0.721371,2.173486,2.987613,-0.299882,2.345312,3.525850
147.517000,4.990000,0.978000,4.450000,,,,,,
147.551500,4.990000,0.978000,4.450000,,,,,,
147.559500,,,,-0.587610,2.220375,3.131554,-0.299882,2.345312,3.525850
147.586200,4.990000,0.978000,4.450000,,,,,,
147.612000,,,,-0.444223,2.264267,3.276142,-0.299882,2.345312,3.525850
147.620700,4.990000,0.978000,4.450000,,,,,,
147.654200,4.990000,0.978000,4.450000,,,,,,
147.663800,,,,-0.294883,2.301108,3.417350,-0.299882,2.345312,3.525850
147.692400,4.990000,0.978000,4.450000,,,,,,
147.714300,,,,-0.148805,2.328505,3.553664,-0.298419,2.359534,3.468004
147.727300,4.990000,0.978000,4.450000,,,,,,
147.761900,4.990000,0.978000,4.450000,,,,,,
147.766300,,,,0.001051,2.346700,3.696709,-0.294452,2.406749,3.265487
147.797100,4.990000,0.978000,4.450000,,,,,,
147.818400,,,,0.150423,2.353129,3.840927,-0.295831,2.447595,3.061816
147.832000,4.990000,0.978000,4.450000,,,,,,
147.867000,4.990000,0.978000,4.450000,,,,,,
147.869100,,,,0.297859,2.347857,3.981612,-0.303998,2.474611,2.859960
147.901600,4.990000,0.978000,4.450000,,,,,,
147.920900,,,,0.450327,2.331494,4.121107,-0.315971,2.480586,2.653198
147.935400,4.990000,0.978000,4.450000,,,,,,
147.970000,4.990000,0.978000,4.450000,,,,,,
147.972300,,,,0.603675,2.305692,4.253995,-0.328883,2.459563,2.450281
148.003500,4.990000,0.978000,4.450000,,,,,,
148.022500,,,,0.742102,2.276274,4.358266,-0.345974,2.409635,2.255514
148.038100,4.990000,0.978000,4.450000,,,,,,
148.073700,4.990000,0.978000,4.450000,0.742102,2.276274,4.358266,-0.359857,2.332400,2.067777
148.108300,4.990000,0.978000,4.450000,,,,,,
148.125700,,,,0.742102,2.276274,4.358266,-0.373194,2.231594,1.886321
148.143700,4.990000,0.978000,4.450000,,,,,,
148.175800,,,,0.742102,2.276274,4.358266,-0.377442,2.194038,1.825313
148.177800,4.990000,0.978000,4.450000,,,,,,
148.213100,4.990000,0.978000,4.450000,,,,,,
148.227200,,,,0.742798,2.288665,4.320712,-0.377442,2.194038,1.825313
148.247500,4.990000,0.978000,4.450000,,,,,,
148.278600,,,,0.746426,2.351625,4.124817,-0.377442,2.194038,1.825313
148.282600,4.990000,0.978000,4.450000,,,,,,
148.317900,4.990000,0.978000,4.450000,,,,,,
148.330500,,,,0.750112,2.410465,3.925841,-0.377442,2.194038,1.825313
148.351500,4.990000,0.978000,4.450000,,,,,,
148.380500,,,,0.753718,2.456383,3.731166,-0.372208,2.257069,1.949061
148.386500,4.990000,0.978000,4.450000,,,,,,
148.421600,4.990000,0.978000,4.450000,,,,,,
148.432200,,,,0.757492,2.484316,3.527369,-0.381992,2.317945,2.107199
148.456400,4.990000,0.978000,4.450000,,,,,,
148.483800,,,,0.761319,2.486651,3.320785,-0.412028,2.283146,2.286415
148.489800,4.990000,0.978000,4.450000,,,,,,
148.524500,4.990000,0.978000,4.450000,,,,,,
148.535000,,,,0.764444,2.462692,3.117164,-0.449149,2.194237,2.401332
148.559800,4.990000,0.978000,4.450000,,,,,,
148.586700,,,,0.767789,2.415903,2.916009,-0.483757,2.129138,2.465014
148.593200,4.990000,0.978000,4.450000,,,,,,
148.627500,4.990000,0.978000,4.450000,,,,,,
148.638600,,,,0.769009,2.353465,2.718363,-0.483757,2.129138,2.465014
148.663000,4.990000,0.978000,4.450000,,,,,,
148.689800,,,,0.769007,2.335924,2.668678,-0.483757,2.129138,2.465014
148.698700,4.990000,0.978000,4.450000,,,,,,
148.733600,4.990000,0.978000,4.450000,,,,,,
148.740400,,,,0.769007,2.335924,2.668678,-0.483757,2.129138,2.465014
148.767600,4.990000,0.978000,4.450000,,,,,,
148.791800,,,,0.769007,2.335924,2.668678,-0.443036,2.159113,2.508429
148.802400,4.990000,0.978000,4.450000,,,,,,
148.837000,4.990000,0.978000,4.450000,,,,,,
148.843400,,,,0.769007,2.335924,2.668678,-0.309734,2.247783,2.640342
148.871700,4.990000,0.978000,4.450000,,,,,,
148.893700,,,,0.610973,2.380084,2.689948,-0.162273,2.299256,2.765599
148.906500,4.990000,0.978000,4.450000,,,,,,
148.941600,4.990000,0.978000,4.450000,,,,,,
148.945700,,,,0.411193,2.433558,2.716911,-0.004164,2.264463,2.888935
148.975800,4.990000,0.978000,4.450000,,,,,,
148.997700,,,,0.211535,2.480017,2.743896,0.120572,2.185878,2.966007
149.010600,4.990000,0.978000,4.450000,,,,,,
149.045600,4.990000,0.978000,4.450000,,,,,,
149.047800,,,,0.014933,2.511567,2.770459,0.209289,2.113107,3.023710
149.079000,4.990000,0.978000,4.450000,,,,,,
149.098200,,,,-0.184771,2.523226,2.798091,0.209289,2.113107,3.023710
149.113600,4.990000,0.978000,4.450000,,,,,,
149.148100,4.990000,0.978000,4.450000,,,,,,
149.150100,,,,-0.389819,2.511560,2.829146,0.209289,2.113107,3.023710
149.182900,4.990000,0.978000,4.450000,,,,,,
149.201200,,,,-0.586442,2.479532,2.874223,0.209289,2.113107,3.023710
149.217700,4.990000,0.978000,4.450000,,,,,,
149.252600,4.990000,0.978000,4.450000,-0.776349,2.431922,2.935627,0.208957,2.124826,2.994763
149.287400,4.990000,0.978000,4.450000,,,,,,
149.303600,,,,-0.929751,2.385082,2.998499,0.210601,2.200263,2.804501
149.321800,4.990000,0.978000,4.450000,,,,,,
149.354400,,,,-0.929751,2.385082,2.998499,0.221664,2.268359,2.613737
149.356500,4.990000,0.978000,4.450000,,,,,,
149.390400,4.990000,0.978000,4.450000,,,,,,
149.404600,,,,-0.929751,2.385082,2.998499,0.245937,2.316412,2.420625
149.424700,4.990000,0.978000,4.450000,,,,,,
149.455600,,,,-0.929751,2.385082,2.998499,0.282423,2.332764,2.220847
149.459800,4.990000,0.978000,4.450000,,,,,,
149.494400,4.990000,0.978000,4.450000,,,,,,
149.506000,,,,-0.893040,2.391874,3.006060,0.329981,2.317815,2.025199
149.528200,4.990000,0.978000,4.450000,,,,,,
149.559300,,,,-0.713311,2.423330,3.043074,0.382460,2.286683,1.849342
149.565300,4.990000,0.978000,4.450000,,,,,,
149.600500,4.990000,0.978000,4.450000,,,,,,
149.609400,,,,-0.494217,2.455770,3.087769,0.435263,2.254017,1.699513
149.635900,4.990000,0.978000,4.450000,,,,,,
149.660500,,,,-0.296614,2.473853,3.128078,0.435263,2.254017,1.699513
149.671500,4.990000,0.978000,4.450000,,,,,,
149.705600,4.990000,0.978000,4.450000,,,,,,
149.712200,,,,-0.092301,2.474789,3.169765,0.435263,2.254017,1.699513
149.739500,4.990000,0.978000,4.450000,,,,,,
149.763300,,,,0.107136,2.453929,3.211085,0.435263,2.254017,1.699513
149.773800,4.990000,0.978000,4.450000,,,,,,
149.809000,4.990000,0.978000,4.450000,,,,,,
149.813500,,,,0.299632,2.412326,3.252084,0.377557,2.285323,1.738585
149.843600,4.990000,0.978000,4.450000,,,,,,
149.865400,,,,0.491495,2.352862,3.302920,0.219151,2.367224,1.844177
149.878000,4.990000,0.978000,4.450000,,,,,,
149.912800,4.990000,0.978000,4.450000,,,,,,
149.920600,,,,0.676865,2.281753,3.358879,0.053740,2.436021,1.946259
149.947800,4.990000,0.978000,4.450000,,,,,,
149.971800,,,,0.870477,2.195905,3.413017,-0.131812,2.474878,2.054327
149.982400,4.990000,0.978000,4.450000,,,,,,
150.017400,4.990000,0.978000,4.450000,,,,,,
150.023700,,,,0.885869,2.188648,3.416983,-0.311366,2.465904,2.159184
150.051800,4.990000,0.978000,4.450000,,,,,,
150.075500,,,,0.885869,2.188648,3.416983,-0.487157,2.418063,2.256825
150.087200,4.990000,0.978000,4.450000,,,,,,
150.121100,4.990000,0.978000,4.450000,,,,,,
150.127100,,,,0.885869,2.188648,3.416983,-0.661149,2.346755,2.342613
150.155200,4.990000,0.978000,4.450000,,,,,,
150.177600,,,,0.885869,2.188648,3.416983,-0.681446,2.336915,2.353741
150.189300,4.990000,0.978000,4.450000,,,,,,
150.223800,4.990000,0.978000,4.450000,,,,,,
150.228000,,,,0.844897,2.256667,3.233588,-0.681446,2.336915,2.353741
150.258400,4.990000,0.978000,4.450000,,,,,,
150.278000,,,,0.806272,2.314316,3.060701,-0.681446,2.336915,2.353741
150.293000,4.990000,0.978000,4.450000,,,,,,
150.328400,4.990000,0.978000,4.450000,0.760817,2.352206,2.855042,-0.681446,2.336915,2.353741
150.362900,4.990000,0.978000,4.450000,,,,,,
150.379500,,,,0.716544,2.339113,2.655830,-0.551509,2.409714,2.449143
150.397800,4.990000,0.978000,4.450000,,,,,,
150.431600,4.990000,0.978000,4.450000,0.673685,2.284522,2.459939,-0.394557,2.482279,2.564378
150.466200,4.990000,0.978000,4.450000,,,,,,
150.483100,,,,0.653539,2.226109,2.314331,-0.231503,2.491073,2.684094
150.499700,4.990000,0.978000,4.450000,,,,,,
150.534300,4.990000,0.978000,4.450000,0.653372,2.218114,2.295684,-0.091199,2.432623,2.787107
150.568600,4.990000,0.978000,4.450000,,,,,,
150.585900,,,,0.653372,2.218114,2.295684,0.014953,2.362545,2.865172
150.603800,4.990000,0.978000,4.450000,,,,,,
150.636800,,,,0.653372,2.218114,2.295684,0.044197,2.341643,2.886649
150.643200,4.990000,0.978000,4.450000,,,,,,
150.678800,4.990000,0.978000,4.450000,,,,,,
150.686900,,,,0.653372,2.218114,2.295684,0.044197,2.341643,2.886649
150.713800,4.990000,0.978000,4.450000,,,,,,
150.737600,,,,0.511354,2.249402,2.393274,0.044197,2.341643,2.886649
150.748300,4.990000,0.978000,4.450000,,,,,,
150.782600,4.990000,0.978000,4.450000,,,,,,
150.788700,,,,0.345119,2.284020,2.507507,0.044197,2.341643,2.886649
150.816600,4.990000,0.978000,4.450000,,,,,,
150.840100,,,,0.178465,2.315242,2.622027,0.089322,2.389371,2.750470
150.850400,4.990000,0.978000,4.450000,,,,,,
150.885700,4.990000,0.978000,4.450000,,,,,,
150.890100,,,,0.014311,2.339641,2.734829,0.144642,2.446586,2.566306
150.919300,4.990000,0.978000,4.450000,,,,,,
150.942200,,,,-0.156809,2.355155,2.852418,0.190375,2.478681,2.366205
150.953200,4.990000,0.978000,4.450000,,,,,,
150.988200,4.990000,0.978000,4.450000,,,,,,
150.992700,,,,-0.322492,2.358266,2.966272,0.219107,2.455432,2.169359
151.022400,4.990000,0.978000,4.450000,,,,,,
151.043700,,,,-0.491088,2.348403,3.082127,0.239160,2.373141,1.983556
151.056600,4.990000,0.978000,4.450000,,,,,,
151.091900,4.990000,0.978000,4.450000,,,,,,
151.094000,,,,-0.656350,2.326494,3.195691,0.257810,2.275446,1.839559
151.126300,4.990000,0.978000,4.450000,,,,,,
151.144400,,,,-0.820087,2.294330,3.308206,0.258000,2.222844,1.775383
151.160400,4.990000,0.978000,4.450000,,,,,,
151.195400,4.990000,0.978000,4.450000,-0.985308,2.253266,3.421483,0.258000,2.222844,1.775383
151.229800,4.990000,0.978000,4.450000,,,,,,
151.246900,,,,-1.150310,2.201875,3.533565,0.258000,2.222844,1.775383
151.263500,4.990000,0.978000,4.450000,,,,,,
151.296900,4.990000,0.978000,4.450000,-1.170654,2.194837,3.547584,0.258000,2.222844,1.775383
151.331100,4.990000,0.978000,4.450000,,,,,,
151.348900,,,,-1.170654,2.194837,3.547584,0.174861,2.252460,1.826020
151.365400,4.990000,0.978000,4.450000,,,,,,
151.399100,4.990000,0.978000,4.450000,-1.170654,2.194837,3.547584,0.009088,2.306214,1.926646
151.433000,4.990000,0.978000,4.450000,,,,,,
151.450800,,,,-1.170654,2.194837,3.547584,-0.165024,2.337147,2.031703
151.466400,4.990000,0.978000,4.450000,,,,,,
151.501400,4.990000,0.978000,4.450000,-0.993224,2.250871,3.540880,-0.337218,2.316399,2.135593
151.535200,4.990000,0.978000,4.450000,,,,,,
151.551600,,,,-0.803395,2.310161,3.530220,-0.498947,2.252761,2.232462
151.570000,4.990000,0.978000,4.450000,,,,,,
151.603800,4.990000,0.978000,4.450000,-0.603344,2.369697,3.512996,-0.660530,2.164094,2.331878
151.637200,4.990000,0.978000,4.450000,,,,,,
151.654800,,,,-0.406743,2.419322,3.488648,-0.744535,2.117864,2.380860
151.671500,4.990000,0.978000,4.450000,,,,,,
151.706800,4.990000,0.978000,4.450000,-0.204360,2.453121,3.456499,-0.744535,2.117864,2.380860
151.741300,4.990000,0.978000,4.450000,,,,,,
151.758500,,,,-0.001822,2.463472,3.415795,-0.744535,2.117864,2.380860
151.775600,4.990000,0.978000,4.450000,,,,,,
151.809700,4.990000,0.978000,4.450000,0.196146,2.446997,3.366335,-0.744535,2.117864,2.380860
151.845100,4.990000,0.978000,4.450000,,,,,,
151.860100,,,,0.383080,2.401256,3.308126,-0.686923,2.176673,2.440070
151.879700,4.990000,0.978000,4.450000,,,,,,
151.911800,,,,0.506249,2.352139,3.258493,-0.571204,2.278613,2.564200
151.913900,4.990000,0.978000,4.450000,,,,,,
151.948700,4.990000,0.978000,4.450000,,,,,,
151.963800,,,,0.508620,2.350636,3.256417,-0.447661,2.290771,2.696851
151.983000,4.990000,0.978000,4.450000,,,,,,
152.015600,,,,0.508620,2.350636,3.256417,-0.351204,2.212225,2.800420
152.017600,4.990000,0.978000,4.450000,,,,,,
152.052900,4.990000,0.978000,4.450000,,,,,,
152.065900,,,,0.508620,2.350636,3.256417,-0.284250,2.127960,2.872310
152.087300,4.990000,0.978000,4.450000,,,,,,
152.116800,,,,0.511558,2.352361,3.250991,-0.284250,2.127960,2.872310
152.120800,4.990000,0.978000,4.450000,,,,,,
152.154900,4.990000,0.978000,4.450000,,,,,,
152.168800,,,,0.607509,2.405318,3.073993,-0.284250,2.127960,2.872310
152.188800,4.990000,0.978000,4.450000,,,,,,
152.219300,,,,0.702443,2.443777,2.899627,-0.284250,2.127960,2.872310
152.223300,4.990000,0.978000,4.450000,,,,,,
152.258000,4.990000,0.978000,4.450000,,,,,,
152.270200,,,,0.799361,2.447873,2.721711,-0.279415,2.134947,2.861570
152.292400,4.990000,0.978000,4.450000,,,,,,
152.321700,,,,0.895392,2.401946,2.545278,-0.206002,2.238312,2.698493
152.327800,4.990000,0.978000,4.450000,,,,,,
152.361900,4.990000,0.978000,4.450000,,,,,,
152.372400,,,,0.982819,2.317511,2.384650,-0.133110,2.307984,2.536574
152.396200,4.990000,0.978000,4.450000,,,,,,
152.422400,,,,1.063450,2.211459,2.234634,-0.056509,2.288248,2.366416
152.430400,4.990000,0.978000,4.450000,,,,,,
152.465600,4.990000,0.978000,4.450000,,,,,,
152.474000,,,,1.105147,2.150476,2.157761,-0.003885,2.228137,2.249518
152.499800,4.990000,0.978000,4.450000,,,,,,
152.525600,,,,1.105147,2.150476,2.157761,0.026032,2.188007,2.183061
152.533700,4.990000,0.978000,4.450000,,,,,,
152.568100,4.990000,0.978000,4.450000,,,,,,
152.576900,,,,1.105147,2.150476,2.157761,0.026032,2.188007,2.183061
152.602000,4.990000,0.978000,4.450000,,,,,,
152.628200,,,,1.105147,2.150476,2.157761,0.026032,2.188007,2.183061
152.636800,4.990000,0.978000,4.450000,,,,,,
152.671000,4.990000,0.978000,4.450000,,,,,,
152.680100,,,,1.007044,2.186831,2.220863,0.026032,2.188007,2.183061
152.704700,4.990000,0.978000,4.450000,,,,,,
152.730700,,,,0.845503,2.244468,2.327554,-0.036761,2.229779,2.187381
152.739700,4.990000,0.978000,4.450000,,,,,,
152.774200,4.990000,0.978000,4.450000,,,,,,
152.782500,,,,0.680351,2.299221,2.441552,-0.211812,2.341488,2.199425
152.809100,4.990000,0.978000,4.450000,,,,,,
152.833200,,,,0.521430,2.344745,2.558529,-0.394658,2.426499,2.212005
152.843500,4.990000,0.978000,4.450000,,,,,,
152.878600,4.990000,0.978000,4.450000,,,,,,
152.884500,,,,0.362610,2.379949,2.684528,-0.597778,2.443477,2.225979
152.912000,4.990000,0.978000,4.450000,,,,,,
152.935300,,,,0.209508,2.401091,2.815861,-0.765128,2.398827,2.237493
152.945600,4.990000,0.978000,4.450000,,,,,,
152.979100,4.990000,0.978000,4.450000,,,,,,
152.987000,,,,0.054847,2.407085,2.953306,-0.873588,2.352974,2.244955
153.013500,4.990000,0.978000,4.450000,,,,,,
153.039100,,,,-0.103750,2.396640,3.086427,-0.873588,2.352974,2.244955
153.047700,4.990000,0.978000,4.450000,,,,,,
153.081400,4.990000,0.978000,4.450000,,,,,,
153.090000,,,,-0.260372,2.371275,3.213997,-0.873588,2.352974,2.244955
153.115600,4.990000,0.978000,4.450000,,,,,,
153.140100,,,,-0.414617,2.333192,3.338002,-0.873588,2.352974,2.244955
153.150100,4.990000,0.978000,4.450000,,,,,,
153.185200,4.990000,0.978000,4.450000,,,,,,
153.191400,,,,-0.569684,2.284085,3.461942,-0.838944,2.366792,2.250304
153.218900,4.990000,0.978000,4.450000,,,,,,
153.245700,,,,-0.640466,2.258838,3.518393,-0.650810,2.437591,2.271091
153.254000,4.990000,0.978000,4.450000,,,,,,
153.288600,4.990000,0.978000,4.450000,,,,,,
153.296800,,,,-0.640466,2.258838,3.518393,-0.441014,2.474789,2.267783
153.322400,4.990000,0.978000,4.450000,,,,,,
153.347100,,,,-0.640466,2.258838,3.518393,-0.244195,2.441493,2.251364
153.357200,4.990000,0.978000,4.450000,,,,,,
153.392000,4.990000,0.978000,4.450000,,,,,,
153.397900,,,,-0.640466,2.258838,3.518393,-0.056015,2.372296,2.217092
153.426100,4.990000,0.978000,4.450000,,,,,,
153.448400,,,,-0.526565,2.310862,3.507807,0.126436,2.296187,2.175913
153.462700,4.990000,0.978000,4.450000,,,,,,
153.497800,4.990000,0.978000,4.450000,,,,,,
153.500400,,,,-0.384429,2.354619,3.492696,0.133620,2.293973,2.173402
153.532900,4.990000,0.978000,4.450000,,,,,,
153.552100,,,,-0.214147,2.295992,3.473855,0.133620,2.293973,2.173402
153.568100,4.990000,0.978000,4.450000,,,,,,
153.602200,4.990000,0.978000,4.450000,-0.105939,2.191538,3.462165,0.133620,2.293973,2.173402
153.636700,4.990000,0.978000,4.450000,,,,,,
153.653900,,,,-0.041096,2.118730,3.454585,0.128651,2.297406,2.169845
153.670700,4.990000,0.978000,4.450000,,,,,,
153.704800,4.990000,0.978000,4.450000,-0.041096,2.118730,3.454585,-0.018353,2.391407,2.065566
153.739300,4.990000,0.978000,4.450000,,,,,,
153.756000,,,,-0.041096,2.118730,3.454585,-0.176907,2.461994,1.955779
153.773600,4.990000,0.978000,4.450000,,,,,,
153.806900,,,,-0.041096,2.118730,3.454585,-0.344218,2.482556,1.842787
153.812500,4.990000,0.978000,4.450000,,,,,,
153.847800,4.990000,0.978000,4.450000,,,,,,
153.858300,,,,0.009717,2.149416,3.420776,-0.514046,2.453399,1.731617
153.882500,4.990000,0.978000,4.450000,,,,,,
153.908700,,,,0.161822,2.239389,3.323650,-0.678498,2.394710,1.630935
153.917400,4.990000,0.978000,4.450000,,,,,,
153.951800,4.990000,0.978000,4.450000,,,,,,
153.960300,,,,0.322981,2.324384,3.227674,-0.815402,2.331843,1.548313
153.985900,4.990000,0.978000,4.450000,,,,,,
154.012900,,,,0.499970,2.383743,3.135212,-0.815402,2.331843,1.548313
154.020200,4.990000,0.978000,4.450000,,,,,,
154.054700,4.990000,0.978000,4.450000,,,,,,
154.064300,,,,0.689228,2.395224,3.058194,-0.815402,2.331843,1.548313
154.090400,4.990000,0.978000,4.450000,,,,,,
154.114800,,,,0.879849,2.363676,3.020677,-0.815402,2.331843,1.548313
154.124900,4.990000,0.978000,4.450000,,,,,,
154.159900,4.990000,0.978000,4.450000,,,,,,
154.165900,,,,1.007934,2.331716,3.015844,-0.828123,2.343688,1.600463
154.194200,4.990000,0.978000,4.450000,,,,,,
154.216600,,,,1.007934,2.331716,3.015844,-0.875889,2.383253,1.793400
154.228600,4.990000,0.978000,4.450000,,,,,,
154.262900,4.990000,0.978000,4.450000,,,,,,
154.266900,,,,1.007934,2.331716,3.015844,-0.924035,2.407260,1.987247
154.297400,4.990000,0.978000,4.450000,,,,,,
154.318100,,,,1.007934,2.331716,3.015844,-0.969362,2.400173,2.186815
154.332200,4.990000,0.978000,4.450000,,,,,,
154.366100,4.990000,0.978000,4.450000,,,,,,
154.368400,,,,0.987814,2.335237,3.023192,-1.013474,2.355905,2.376489
154.400600,4.990000,0.978000,4.450000,,,,,,
154.418600,,,,0.800255,2.367532,3.091691,-1.058121,2.280717,2.558701
154.434400,4.990000,0.978000,4.450000,,,,,,
154.469300,4.990000,0.978000,4.450000,0.612084,2.398635,3.160413,-1.100483,2.188023,2.733883
154.503600,4.990000,0.978000,4.450000,,,,,,
154.520200,,,,0.422919,2.426713,3.229499,-1.129589,2.114748,2.855110
154.541400,4.990000,0.978000,4.450000,,,,,,
154.571600,,,,0.232478,2.448044,3.299052,-1.129589,2.114748,2.855110
154.575900,4.990000,0.978000,4.450000,,,,,,
154.610400,4.990000,0.978000,4.450000,,,,,,
154.621700,,,,0.043215,2.458904,3.368174,-1.129589,2.114748,2.855110
154.645600,4.990000,0.978000,4.450000,,,,,,
154.673200,,,,-0.150285,2.457021,3.438843,-1.129589,2.114748,2.855110
154.679500,4.990000,0.978000,4.450000,,,,,,
154.714800,4.990000,0.978000,4.450000,,,,,,
154.723300,,,,-0.337437,2.442151,3.507194,-1.075917,2.135993,2.830342
154.748900,4.990000,0.978000,4.450000,,,,,,
154.774800,,,,-0.529182,2.414548,3.577169,-0.898617,2.202487,2.749251
154.783400,4.990000,0.978000,4.450000,,,,,,
154.818400,4.990000,0.978000,4.450000,,,,,,
154.826700,,,,-0.721167,2.376790,3.647253,-0.717390,2.262457,2.667073
154.853200,4.990000,0.978000,4.450000,,,,,,
154.877200,,,,-0.906718,2.333602,3.715001,-0.537906,2.307314,2.585630
154.887400,4.990000,0.978000,4.450000,,,,,,
154.921200,4.990000,0.978000,4.450000,,,,,,
154.929200,,,,-0.981847,2.315050,3.742434,-0.350979,2.331438,2.500870
154.955300,4.990000,0.978000,4.450000,,,,,,
154.981000,,,,-0.981847,2.315050,3.742434,-0.161198,2.328727,2.415173
154.989400,4.990000,0.978000,4.450000,,,,,,
155.024700,4.990000,0.978000,4.450000,,,,,,
155.031800,,,,-0.981847,2.315050,3.742434,0.020454,2.300570,2.333381
155.060100,4.990000,0.978000,4.450000,,,,,,
155.081800,,,,-0.981847,2.315050,3.742434,0.199525,2.251468,2.253528
155.095200,4.990000,0.978000,4.450000,,,,,,
155.130100,4.990000,0.978000,4.450000,,,,,,
155.132300,,,,-0.901577,2.381763,3.667924,0.373602,2.188318,2.175208
155.165000,4.990000,0.978000,4.450000,,,,,,
155.183000,,,,-0.767980,2.472693,3.543949,0.409242,2.174107,2.159139
155.199600,4.990000,0.978000,4.450000,,,,,,
155.234600,4.990000,0.978000,4.450000,-0.618846,2.491018,3.409530,0.409242,2.174107,2.159139
155.268800,4.990000,0.978000,4.450000,,,,,,
155.285000,,,,-0.479476,2.427322,3.280508,0.409242,2.174107,2.159139
155.303400,4.990000,0.978000,4.450000,,,,,,
155.336900,4.990000,0.978000,4.450000,-0.371163,2.341564,3.173342,0.409242,2.174107,2.159139
155.370800,4.990000,0.978000,4.450000,,,,,,
155.388600,,,,-0.345023,2.315970,3.148415,0.245761,2.223123,2.095059
155.404600,4.990000,0.978000,4.450000,,,,,,
155.438900,4.990000,0.978000,4.450000,-0.345023,2.315970,3.148415,0.064066,2.275443,2.026000
155.475800,4.990000,0.978000,4.450000,,,,,,
155.490100,,,,-0.345023,2.315970,3.148415,-0.124157,2.320006,1.960155
155.511800,4.990000,0.978000,4.450000,,,,,,
155.542000,,,,-0.345023,2.315970,3.148415,-0.320776,2.341619,1.897269
155.546000,4.990000,0.978000,4.450000,,,,,,
155.580600,4.990000,0.978000,4.450000,,,,,,
155.594000,,,,-0.193118,2.349459,3.163788,-0.519305,2.326335,1.842834
155.615900,4.990000,0.978000,4.450000,,,,,,
155.644100,,,,0.003331,2.386585,3.182655,-0.710792,2.277104,1.809229
155.650400,4.990000,0.978000,4.450000,,,,,,
155.684600,4.990000,0.978000,4.450000,,,,,,
155.695700,,,,0.208100,2.406836,3.198973,-0.850918,2.223790,1.796047
155.720000,4.990000,0.978000,4.450000,,,,,,
155.747500,,,,0.414465,2.394338,3.214050,-0.897162,2.204066,1.796687
155.754300,4.990000,0.978000,4.450000,,,,,,
155.788600,4.990000,0.978000,4.450000,,,,,,
155.799400,,,,0.615141,2.344379,3.225307,-0.897162,2.204066,1.796687
155.822100,4.990000,0.978000,4.450000,,,,,,
155.850400,,,,0.803452,2.267491,3.228211,-0.897162,2.204066,1.796687
155.856800,4.990000,0.978000,4.450000,,,,,,
155.890300,4.990000,0.978000,4.450000,,,,,,
155.900600,,,,0.982027,2.173619,3.222179,-0.897162,2.204066,1.796687
155.925300,4.990000,0.978000,4.450000,,,,,,
155.951500,,,,1.065987,2.123844,3.210409,-0.918983,2.268461,1.902142
155.960300,4.990000,0.978000,4.450000,,,,,,
155.994800,4.990000,0.978000,4.450000,,,,,,
156.003600,,,,1.065987,2.123844,3.210409,-0.955860,2.370534,2.080886
156.028300,4.990000,0.978000,4.450000,,,,,,
156.054400,,,,1.065987,2.123844,3.210409,-0.994199,2.442055,2.266721
156.062800,4.990000,0.978000,4.450000,,,,,,
156.097000,4.990000,0.978000,4.450000,,,,,,
156.105100,,,,1.065987,2.123844,3.210409,-1.035151,2.450982,2.465220
156.130700,4.990000,0.978000,4.450000,,,,,,
156.155500,,,,0.957130,2.158197,3.235026,-1.072624,2.402194,2.646855
156.165600,4.990000,0.978000,4.450000,,,,,,
156.200500,4.990000,0.978000,4.450000,,,,,,
156.206400,,,,0.766780,2.215587,3.278202,-1.096271,2.350368,2.767708
156.235700,4.990000,0.978000,4.450000,,,,,,
156.257800,,,,0.573029,2.268585,3.322608,-1.096271,2.350368,2.767708
156.269800,4.990000,0.978000,4.450000,,,,,,
156.304100,4.990000,0.978000,4.450000,,,,,,
156.308000,,,,0.381919,2.310954,3.366640,-1.096271,2.350368,2.767708
156.339100,4.990000,0.978000,4.450000,,,,,,
156.359000,,,,0.185184,2.339754,3.411866,-1.096271,2.350368,2.767708
156.373300,4.990000,0.978000,4.450000,,,,,,
156.408000,4.990000,0.978000,4.450000,,,,,,
156.410100,,,,-0.013282,2.350409,3.457538,-1.081855,2.353764,2.764686
156.442800,4.990000,0.978000,4.450000,,,,,,
156.461300,,,,-0.212199,2.341451,3.503379,-0.886662,2.399020,2.724267
156.477500,4.990000,0.978000,4.450000,,,,,,
156.511800,4.990000,0.978000,4.450000,-0.407159,2.313844,3.547822,-0.693360,2.441658,2.684409
156.546700,4.990000,0.978000,4.450000,,,,,,
156.562100,,,,-0.598250,2.270838,3.591377,-0.500016,2.477255,2.644165
156.580300,4.990000,0.978000,4.450000,,,,,,
156.613500,,,,-0.791934,2.214556,3.635681,-0.299712,2.499399,2.599285
156.615600,4.990000,0.978000,4.450000,,,,,,
156.651100,4.990000,0.978000,4.450000,,,,,,
156.664300,,,,-0.882218,2.184839,3.656632,-0.102084,2.502427,2.551998
156.685900,4.990000,0.978000,4.450000,,,,,,
156.714300,,,,-0.882218,2.184839,3.656632,0.089746,2.487071,2.500470
156.719400,4.990000,0.978000,4.450000,,,,,,
156.753900,4.990000,0.978000,4.450000,,,,,,
156.764400,,,,-0.882218,2.184839,3.656632,0.280384,2.456467,2.445027
156.788200,4.990000,0.978000,4.450000,,,,,,
156.814400,,,,-0.882218,2.184839,3.656632,0.468845,2.413273,2.392728
156.823200,4.990000,0.978000,4.450000,,,,,,
156.857600,4.990000,0.978000,4.450000,,,,,,
156.866000,,,,-0.816921,2.222015,3.577039,0.622227,2.371928,2.352334
156.891000,4.990000,0.978000,4.450000,,,,,,
156.916400,,,,-0.692635,2.287288,3.432833,0.622227,2.371928,2.352334
156.925600,4.990000,0.978000,4.450000,,,,,,
156.959700,4.990000,0.978000,4.450000,,,,,,
156.968200,,,,-0.551963,2.333166,3.288949,0.622227,2.371928,2.352334
156.994500,4.990000,0.978000,4.450000,,,,,,
157.018300,,,,-0.403250,2.327032,3.154463,0.622227,2.371928,2.352334
157.029200,4.990000,0.978000,4.450000,,,,,,
157.063800,4.990000,0.978000,4.450000,,,,,,
157.070400,,,,-0.244533,2.267149,3.034826,0.575387,2.388232,2.344018
157.097900,4.990000,0.978000,4.450000,,,,,,
157.125600,,,,-0.134244,2.205835,2.950529,0.386273,2.450188,2.309247
157.131900,4.990000,0.978000,4.450000,,,,,,
157.166900,4.990000,0.978000,4.450000,,,,,,
157.177100,,,,-0.092509,2.185341,2.928665,0.170194,2.495917,2.267743
157.201400,4.990000,0.978000,4.450000,,,,,,
157.229000,,,,-0.092509,2.185341,2.928665,-0.032695,2.482748,2.229122
157.235200,4.990000,0.978000,4.450000,,,,,,
157.269600,4.990000,0.978000,4.450000,,,,,,
157.280000,,,,-0.092509,2.185341,2.928665,-0.220700,2.413062,2.193344
157.305000,4.990000,0.978000,4.450000,,,,,,
157.330400,,,,-0.092509,2.185341,2.928665,-0.390002,2.309985,2.161126
157.338700,4.990000,0.978000,4.450000,,,,,,
157.373700,4.990000,0.978000,4.450000,,,,,,
157.381800,,,,0.011431,2.280746,3.007889,-0.502560,2.231874,2.143128
157.408400,4.990000,0.978000,4.450000,,,,,,
157.432600,,,,0.140505,2.388721,3.120866,-0.502560,2.231874,2.143128
157.442600,4.990000,0.978000,4.450000,,,,,,
157.476600,4.990000,0.978000,4.450000,,,,,,
157.484600,,,,0.280981,2.444247,3.262538,-0.502560,2.231874,2.143128
157.510400,4.990000,0.978000,4.450000,,,,,,
157.535500,,,,0.413685,2.419201,3.414246,-0.502560,2.231874,2.143128
157.545700,4.990000,0.978000,4.450000,,,,,,
157.580500,4.990000,0.978000,4.450000,,,,,,
157.587000,,,,0.511344,2.367045,3.523369,-0.524378,2.254950,2.193770
157.615700,4.990000,0.978000,4.450000,,,,,,
157.637500,,,,0.532614,2.352985,3.550229,-0.588824,2.322978,2.365336
157.650000,4.990000,0.978000,4.450000,,,,,,
157.684300,4.990000,0.978000,4.450000,,,,,,
157.688500,,,,0.532614,2.352985,3.550229,-0.622402,2.329807,2.515348
157.719000,4.990000,0.978000,4.450000,,,,,,
157.739500,,,,0.532614,2.352985,3.550229,-0.639550,2.247218,2.686479
157.753200,4.990000,0.978000,4.450000,,,,,,
157.788500,4.990000,0.978000,4.450000,,,,,,
157.790700,,,,0.532614,2.352985,3.550229,-0.621849,2.150816,2.801816
157.822800,4.990000,0.978000,4.450000,,,,,,
157.841000,,,,0.407996,2.388738,3.554818,-0.605514,2.108270,2.846526
157.857900,4.990000,0.978000,4.450000,,,,,,
157.891500,4.990000,0.978000,4.450000,0.213492,2.442503,3.560176,-0.605514,2.108270,2.846526
157.926200,4.990000,0.978000,4.450000,,,,,,
157.941600,,,,0.016539,2.476318,3.558205,-0.605514,2.108270,2.846526
157.960900,4.990000,0.978000,4.450000,,,,,,
157.994900,4.990000,0.978000,4.450000,-0.171780,2.451956,3.547476,-0.605514,2.108270,2.846526
158.028400,4.990000,0.978000,4.450000,,,,,,
158.045700,,,,-0.319219,2.381469,3.530246,-0.500007,2.153335,2.807837
158.063700,4.990000,0.978000,4.450000,,,,,,
158.097800,4.990000,0.978000,4.450000,-0.423460,2.308011,3.506553,-0.315116,2.226499,2.744742
158.132300,4.990000,0.978000,4.450000,,,,,,
158.148500,,,,-0.437772,2.296941,3.502956,-0.127596,2.283081,2.691299
158.166700,4.990000,0.978000,4.450000,,,,,,
158.199900,,,,-0.437772,2.296941,3.502956,0.069765,2.308468,2.639415
158.201900,4.990000,0.978000,4.450000,,,,,,
158.236200,4.990000,0.978000,4.450000,,,,,,
158.250300,,,,-0.437772,2.296941,3.502956,0.262459,2.294764,2.584240
158.271000,4.990000,0.978000,4.450000,,,,,,
158.301500,,,,-0.437772,2.296941,3.502956,0.453491,2.245194,2.529485
158.305500,4.990000,0.978000,4.450000,,,,,,
158.339300,4.990000,0.978000,4.450000,,,,,,
158.351600,,,,-0.312392,2.368417,3.405997,0.632650,2.173488,2.478587
158.374200,4.990000,0.978000,4.450000,,,,,,
158.402600,,,,-0.161556,2.442908,3.289409,0.712618,2.136599,2.455561
158.408500,4.990000,0.978000,4.450000,,,,,,
158.442600,4.990000,0.978000,4.450000,,,,,,
158.452800,,,,-0.006127,2.481663,3.169281,0.712618,2.136599,2.455561
158.476700,4.990000,0.978000,4.450000,,,,,,
158.504800,,,,0.156668,2.459901,3.043079,0.712618,2.136599,2.455561
158.511100,4.990000,0.978000,4.450000,,,,,,
158.546200,4.990000,0.978000,4.450000,,,,,,
158.556800,,,,0.308276,2.384932,2.922966,0.712618,2.136599,2.455561
158.580300,4.990000,0.978000,4.450000,,,,,,
158.607800,,,,0.427753,2.297333,2.817998,0.600469,2.173729,2.431784
158.614600,4.990000,0.978000,4.450000,,,,,,
158.649400,4.990000,0.978000,4.450000,,,,,,
158.658200,,,,0.432746,2.292897,2.811596,0.411553,2.233080,2.394261
158.684700,4.990000,0.978000,4.450000,,,,,,
158.710200,,,,0.432746,2.292897,2.811596,0.212560,2.286102,2.359476
158.719000,4.990000,0.978000,4.450000,,,,,,
158.752900,4.990000,0.978000,4.450000,,,,,,
158.761300,,,,0.432746,2.292897,2.811596,0.014338,2.322049,2.328124
158.787000,4.990000,0.978000,4.450000,,,,,,
158.813300,,,,0.432746,2.292897,2.811596,-0.190502,2.338370,2.296860
158.821600,4.990000,0.978000,4.450000,,,,,,
158.856600,4.990000,0.978000,4.450000,,,,,,
158.865100,,,,0.496493,2.360174,2.993773,-0.395982,2.336290,2.266493
158.891600,4.990000,0.978000,4.450000,,,,,,
158.916200,,,,0.549499,2.379702,3.145210,-0.597763,2.320205,2.238003
158.926500,4.990000,0.978000,4.450000,,,,,,
158.960100,4.990000,0.978000,4.450000,,,,,,
158.968200,,,,0.608228,2.302591,3.316583,-0.801477,2.291780,2.208006
158.994900,4.990000,0.978000,4.450000,,,,,,
159.020200,,,,0.645731,2.188529,3.433140,-0.930357,2.269449,2.188708
159.028300,4.990000,0.978000,4.450000,,,,,,
159.063100,4.990000,0.978000,4.450000,,,,,,
159.071300,,,,0.670627,2.106084,3.506104,-0.930357,2.269449,2.188708
159.098000,4.990000,0.978000,4.450000,,,,,,
159.122300,,,,0.670627,2.106084,3.506104,-0.930357,2.269449,2.188708
159.131500,4.990000,0.978000,4.450000,,,,,,
159.165800,4.990000,0.978000,4.450000,,,,,,
159.174200,,,,0.670627,2.106084,3.506104,-0.930357,2.269449,2.188708
159.200900,4.990000,0.978000,4.450000,,,,,,
159.226000,,,,0.670627,2.106084,3.506104,-0.869968,2.321458,2.229620
159.234300,4.990000,0.978000,4.450000,,,,,,
159.269300,4.990000,0.978000,4.450000,,,,,,
159.277900,,,,0.615118,2.141432,3.499301,-0.723929,2.436801,2.320283
159.304500,4.990000,0.978000,4.450000,,,,,,
159.329000,,,,0.440454,2.246091,3.477894,-0.575013,2.477686,2.398188
159.338200,4.990000,0.978000,4.450000,,,,,,
159.371500,4.990000,0.978000,4.450000,,,,,,
159.380200,,,,0.254348,2.324503,3.455084,-0.456241,2.421077,2.443444
159.406600,4.990000,0.978000,4.450000,,,,,,
159.431900,,,,0.051132,2.333858,3.430951,-0.386688,2.346419,2.452656
159.440300,4.990000,0.978000,4.450000,,,,,,
159.475400,4.990000,0.978000,4.450000,,,,,,
159.483300,,,,-0.136566,2.268645,3.408241,-0.385114,2.343932,2.452070
159.509900,4.990000,0.978000,4.450000,,,,,,
159.533400,,,,-0.261660,2.197126,3.393101,-0.385114,2.343932,2.452070
159.543300,4.990000,0.978000,4.450000,,,,,,
159.576800,4.990000,0.978000,4.450000,,,,,,
159.584800,,,,-0.272279,2.190482,3.391816,-0.385114,2.343932,2.452070
159.611000,4.990000,0.978000,4.450000,,,,,,
159.635000,,,,-0.272279,2.190482,3.391816,-0.385114,2.343932,2.452070
159.645100,4.990000,0.978000,4.450000,,,,,,
159.679300,4.990000,0.978000,4.450000,,,,,,
159.687000,,,,-0.272279,2.190482,3.391816,-0.192220,2.394498,2.395913
159.712800,4.990000,0.978000,4.450000,,,,,,
159.737800,,,,-0.272279,2.190482,3.391816,-0.002898,2.441662,2.340796
159.747600,4.990000,0.978000,4.450000,,,,,,
159.781200,4.990000,0.978000,4.450000,,,,,,
159.788900,,,,-0.175868,2.247350,3.221804,0.190322,2.481215,2.284545
159.814800,4.990000,0.978000,4.450000,,,,,,
159.840700,,,,-0.077751,2.297886,3.047301,0.387382,2.503756,2.227381
159.848600,4.990000,0.978000,4.450000,,,,,,
159.882500,4.990000,0.978000,4.450000,,,,,,
159.892800,,,,0.022600,2.325563,2.868822,0.585898,2.502393,2.169753
159.916700,4.990000,0.978000,4.450000,,,,,,
159.943000,,,,0.121839,2.314498,2.692321,0.779399,2.477482,2.113540
159.950900,4.990000,0.978000,4.450000,,,,,,
159.985500,4.990000,0.978000,4.450000,,,,,,
159.993400,,,,0.217780,2.267494,2.521686,0.968327,2.434108,2.058637
160.019200,4.990000,0.978000,4.450000,,,,,,
160.044800,,,,0.312181,2.196480,2.353875,1.159075,2.373093,2.014351
160.052700,4.990000,0.978000,4.450000,,,,,,
160.088000,4.990000,0.978000,4.450000,,,,,,
160.096200,,,,0.375100,2.143062,2.241981,1.203593,2.356373,2.006809
160.123000,4.990000,0.978000,4.450000,,,,,,
160.147200,,,,0.375100,2.143062,2.241981,1.203593,2.356373,2.006809
160.158000,4.990000,0.978000,4.450000,,,,,,
160.192200,4.990000,0.978000,4.450000,,,,,,
160.198400,,,,0.375100,2.143062,2.241981,1.203593,2.356373,2.006809
160.225800,4.990000,0.978000,4.450000,,,,,,
160.249600,,,,0.375100,2.143062,2.241981,1.203593,2.356373,2.006809
160.260600,4.990000,0.978000,4.450000,,,,,,
160.295800,4.990000,0.978000,4.450000,,,,,,
160.300000,,,,0.383153,2.169533,2.296666,1.044695,2.385360,2.042593
160.331400,4.990000,0.978000,4.450000,,,,,,
160.351700,,,,0.413507,2.256903,2.480359,0.847259,2.419142,2.089260
160.366700,4.990000,0.978000,4.450000,,,,,,
160.401600,4.990000,0.978000,4.450000,,,,,,
160.403600,,,,0.450874,2.338795,2.669239,0.646277,2.450281,2.138576
160.435800,4.990000,0.978000,4.450000,,,,,,
160.455400,,,,0.489104,2.398994,2.863342,0.446817,2.475581,2.187666
160.470300,4.990000,0.978000,4.450000,,,,,,
160.504300,4.990000,0.978000,4.450000,,,,,,
160.506300,,,,0.527687,2.424583,3.061547,0.249870,2.492848,2.237203
160.537900,4.990000,0.978000,4.450000,,,,,,
160.556800,,,,0.566001,2.414797,3.259720,0.055035,2.500353,2.290999
160.572400,4.990000,0.978000,4.450000,,,,,,
160.606900,4.990000,0.978000,4.450000,0.603253,2.378699,3.452587,-0.136078,2.496699,2.349089
160.641000,4.990000,0.978000,4.450000,,,,,,
160.658200,,,,0.623908,2.351700,3.559537,-0.331513,2.480687,2.407842
160.676200,4.990000,0.978000,4.450000,,,,,,
160.709000,,,,0.623908,2.351700,3.559537,-0.524596,2.452693,2.463485
160.711800,4.990000,0.978000,4.450000,,,,,,
160.746600,4.990000,0.978000,4.450000,,,,,,
160.761000,,,,0.623908,2.351700,3.559537,-0.721852,2.412074,2.519133
160.781100,4.990000,0.978000,4.450000,,,,,,
160.812300,,,,0.623908,2.351700,3.559537,-0.911370,2.362201,2.572516
160.816300,4.990000,0.978000,4.450000,,,,,,
160.851300,4.990000,0.978000,4.450000,,,,,,
160.863600,,,,0.558095,2.379554,3.483310,-1.102335,2.303537,2.625535
160.890000,4.990000,0.978000,4.450000,,,,,,
160.913600,,,,0.433536,2.429498,3.334330,-1.285249,2.240643,2.678381
160.924000,4.990000,0.978000,4.450000,,,,,,
160.957400,4.990000,0.978000,4.450000,,,,,,
160.965400,,,,0.305119,2.462608,3.175270,-1.337958,2.221494,2.694180
160.992100,4.990000,0.978000,4.450000,,,,,,
161.016400,,,,0.176372,2.451293,3.017484,-1.337958,2.221494,2.694180
161.026600,4.990000,0.978000,4.450000,,,,,,
161.060000,4.990000,0.978000,4.450000,,,,,,
161.068300,,,,0.050806,2.393842,2.863810,-1.337958,2.221494,2.694180
161.093700,4.990000,0.978000,4.450000,,,,,,
161.119100,,,,-0.060034,2.316887,2.728160,-1.337958,2.221494,2.694180
161.127600,4.990000,0.978000,4.450000,,,,,,
161.161900,4.990000,0.978000,4.450000,,,,,,
161.170200,,,,-0.114871,2.275626,2.661050,-1.225092,2.282657,2.599679
161.195800,4.990000,0.978000,4.450000,,,,,,
161.220800,,,,-0.114871,2.275626,2.661050,-1.078507,2.345724,2.476945
161.229700,4.990000,0.978000,4.450000,,,,,,
161.263400,4.990000,0.978000,4.450000,,,,,,
161.272000,,,,-0.114871,2.275626,2.661050,-0.934459,2.337656,2.356335
161.297400,4.990000,0.978000,4.450000,,,,,,
161.322100,,,,-0.114871,2.275626,2.661050,-0.813823,2.268133,2.255327
161.330800,4.990000,0.978000,4.450000,,,,,,
161.365200,4.990000,0.978000,4.450000,,,,,,
161.373600,,,,-0.057208,2.333984,2.640959,-0.720097,2.191882,2.176852
161.399600,4.990000,0.978000,4.450000,,,,,,
161.423800,,,,0.073824,2.450644,2.595941,-0.701723,2.176482,2.161467
161.434900,4.990000,0.978000,4.450000,,,,,,
161.470000,4.990000,0.978000,4.450000,,,,,,
161.474600,,,,0.225997,2.462977,2.551609,-0.701723,2.176482,2.161467
161.504400,4.990000,0.978000,4.450000,,,,,,
161.524900,,,,0.321953,2.385675,2.523459,-0.701723,2.176482,2.161467
161.537700,4.990000,0.978000,4.450000,,,,,,
161.572100,4.990000,0.978000,4.450000,,,,,,
161.577000,,,,0.372762,2.328287,2.507811,-0.701723,2.176482,2.161467
161.607500,4.990000,0.978000,4.450000,,,,,,
161.627400,,,,0.372762,2.328287,2.507811,-0.550050,2.214090,2.190867
161.642600,4.990000,0.978000,4.450000,,,,,,
161.677200,4.990000,0.978000,4.450000,,,,,,
161.679200,,,,0.372762,2.328287,2.507811,-0.350878,2.259937,2.229474
161.710900,4.990000,0.978000,4.450000,,,,,,
161.729400,,,,0.372762,2.328287,2.507811,-0.156541,2.296630,2.267143
161.746100,4.990000,0.978000,4.450000,,,,,,
161.780600,4.990000,0.978000,4.450000,0.368760,2.346576,2.576744,0.042824,2.319007,2.305578
161.820900,4.990000,0.978000,4.450000,,,,,,
161.831800,,,,0.355922,2.393495,2.773673,0.242506,2.319300,2.340620
161.856100,4.990000,0.978000,4.450000,,,,,,
161.883600,,,,0.330905,2.417317,2.979517,0.446615,2.290672,2.375151
161.891600,4.990000,0.978000,4.450000,,,,,,
161.925900,4.990000,0.978000,4.450000,,,,,,
161.934200,,,,0.296941,2.381210,3.174768,0.637451,2.233782,2.410659
161.961200,4.990000,0.978000,4.450000,,,,,,
161.985500,,,,0.247683,2.287422,3.342822,0.818952,2.155254,2.441007
161.995900,4.990000,0.978000,4.450000,,,,,,
162.031200,4.990000,0.978000,4.450000,,,,,,
162.037300,,,,0.188451,2.181757,3.464301,0.905565,2.113729,2.456703
162.065400,4.990000,0.978000,4.450000,,,,,,
162.088100,,,,0.154417,2.117415,3.532118,0.905565,2.113729,2.456703
162.100500,4.990000,0.978000,4.450000,,,,,,
162.134800,4.990000,0.978000,4.450000,,,,,,
162.138800,,,,0.154417,2.117415,3.532118,0.905565,2.113729,2.456703
162.168300,4.990000,0.978000,4.450000,,,,,,
162.190900,,,,0.154417,2.117415,3.532118,0.905565,2.113729,2.456703
162.203300,4.990000,0.978000,4.450000,,,,,,
162.237900,4.990000,0.978000,4.450000,,,,,,
162.242900,,,,0.154417,2.117415,3.532118,0.832550,2.137875,2.486624
162.271700,4.990000,0.978000,4.450000,,,,,,
162.293400,,,,0.110101,2.178902,3.494058,0.652607,2.196962,2.562242
162.306300,4.990000,0.978000,4.450000,,,,,,
162.341700,4.990000,0.978000,4.450000,,,,,,
162.343900,,,,-0.004061,2.316161,3.400921,0.475626,2.254176,2.640130
162.376600,4.990000,0.978000,4.450000,,,,,,
162.398600,,,,-0.135147,2.362614,3.300547,0.299583,2.307853,2.721720
162.412200,4.990000,0.978000,4.450000,,,,,,
162.445600,4.990000,0.978000,4.450000,,,,,,
162.450000,,,,-0.244115,2.294731,3.229124,0.104009,2.358797,2.816428
162.479500,4.990000,0.978000,4.450000,,,,,,
162.501100,,,,-0.301242,2.237646,3.194528,-0.074326,2.393675,2.910052
162.513500,4.990000,0.978000,4.450000,,,,,,
162.547600,4.990000,0.978000,4.450000,,,,,,
162.552200,,,,-0.301242,2.237646,3.194528,-0.250218,2.414395,3.010650
162.582400,4.990000,0.978000,4.450000,,,,,,
162.602600,,,,-0.301242,2.237646,3.194528,-0.408214,2.420230,3.107937
162.616100,4.990000,0.978000,4.450000,,,,,,
162.651300,4.990000,0.978000,4.450000,,,,,,
162.653400,,,,-0.301242,2.237646,3.194528,-0.592548,2.411841,3.227837
162.686400,4.990000,0.978000,4.450000,,,,,,
162.703700,,,,-0.267906,2.257583,3.151080,-0.759553,2.391375,3.338311
162.720600,4.990000,0.978000,4.450000,,,,,,
162.754700,4.990000,0.978000,4.450000,-0.154409,2.321715,2.994203,-0.918385,2.365432,3.433266
162.788900,4.990000,0.978000,4.450000,,,,,,
162.805700,,,,-0.054086,2.342404,2.852560,-0.918385,2.365432,3.433266
162.824200,4.990000,0.978000,4.450000,,,,,,
162.857600,,,,0.068195,2.286834,2.680580,-0.918385,2.365432,3.433266
162.859600,4.990000,0.978000,4.450000,,,,,,
162.894500,4.990000,0.978000,4.450000,,,,,,
162.908800,,,,0.164847,2.190336,2.543573,-0.918385,2.365432,3.433266
162.929000,4.990000,0.978000,4.450000,,,,,,
162.960600,,,,0.252780,2.108185,2.435914,-0.897602,2.378062,3.414402
162.962600,4.990000,0.978000,4.450000,,,,,,
162.999000,4.990000,0.978000,4.450000,,,,,,
163.012000,,,,0.252780,2.108185,2.435914,-0.756316,2.458794,3.290159
163.032400,4.990000,0.978000,4.450000,,,,,,
163.063500,,,,0.252780,2.108185,2.435914,-0.602280,2.489039,3.162142
163.067600,4.990000,0.978000,4.450000,,,,,,
163.101100,4.990000,0.978000,4.450000,,,,,,
163.113600,,,,0.252780,2.108185,2.435914,-0.443881,2.471997,3.041393
163.136400,4.990000,0.978000,4.450000,,,,,,
163.164000,,,,0.258557,2.119460,2.456029,-0.290331,2.402410,2.933081
163.170100,4.990000,0.978000,4.450000,,,,,,
163.204300,4.990000,0.978000,4.450000,,,,,,
163.215900,,,,0.311430,2.216075,2.631243,-0.137444,2.296674,2.842487
163.238400,4.990000,0.978000,4.450000,,,,,,
163.267100,,,,0.367492,2.304050,2.808444,-0.042885,2.206620,2.796222
163.273500,4.990000,0.978000,4.450000,,,,,,
163.308300,4.990000,0.978000,4.450000,,,,,,
163.317300,,,,0.425010,2.362626,2.991082,-0.042885,2.206620,2.796222
163.341700,4.990000,0.978000,4.450000,,,,,,
163.368900,,,,0.486659,2.375600,3.186975,-0.042885,2.206620,2.796222
163.375800,4.990000,0.978000,4.450000,,,,,,
163.411300,4.990000,0.978000,4.450000,,,,,,
163.420200,,,,0.542190,2.350279,3.363435,-0.042885,2.206620,2.796222
163.446500,4.990000,0.978000,4.450000,,,,,,
163.470300,,,,0.589381,2.312395,3.516117,0.006198,2.236427,2.803872
163.481600,4.990000,0.978000,4.450000,,,,,,
163.515200,4.990000,0.978000,4.450000,,,,,,
163.521600,,,,0.589381,2.312395,3.516117,0.182054,2.338887,2.831280
163.549800,4.990000,0.978000,4.450000,,,,,,
163.572700,,,,0.589381,2.312395,3.516117,0.364893,2.421753,2.859122
163.583800,4.990000,0.978000,4.450000,,,,,,
163.619200,4.990000,0.978000,4.450000,,,,,,
163.623300,,,,0.589381,2.312395,3.516117,0.564739,2.449522,2.882163
163.653700,4.990000,0.978000,4.450000,,,,,,
163.675300,,,,0.564170,2.317690,3.514971,0.755683,2.400979,2.903553
163.688200,4.990000,0.978000,4.450000,,,,,,
163.723500,4.990000,0.978000,4.450000,,,,,,
163.725600,,,,0.366832,2.358045,3.506005,0.886539,2.337842,2.920661
163.758400,4.990000,0.978000,4.450000,,,,,,
163.776500,,,,0.166178,2.394239,3.496889,0.914264,2.322813,2.924286
163.792700,4.990000,0.978000,4.450000,,,,,,
163.826400,4.990000,0.978000,4.450000,,,,,,
163.828400,,,,-0.039914,2.415298,3.487526,0.914264,2.322813,2.924286
163.860300,4.990000,0.978000,4.450000,,,,,,
163.880200,,,,-0.246467,2.408158,3.481267,0.914264,2.322813,2.924286
163.894400,4.990000,0.978000,4.450000,,,,,,
163.928600,4.990000,0.978000,4.450000,,,,,,
163.930800,,,,-0.444845,2.371809,3.475245,0.914264,2.322813,2.924286
163.962200,4.990000,0.978000,4.450000,,,,,,
163.982200,,,,-0.641863,2.311966,3.467973,0.756370,2.348833,2.991612
163.996000,4.990000,0.978000,4.450000,,,,,,
164.030000,4.990000,0.978000,4.450000,,,,,,
164.032200,,,,-0.827905,2.240333,3.462658,0.574609,2.376412,3.069115
164.064600,4.990000,0.978000,4.450000,,,,,,
164.082800,,,,-0.880153,2.215861,3.463324,0.389137,2.400983,3.148201
164.098800,4.990000,0.978000,4.450000,,,,,,
164.133300,4.990000,0.978000,4.450000,-0.880153,2.215861,3.463324,0.204274,2.419448,3.227026
164.168500,4.990000,0.978000,4.450000,,,,,,
164.184800,,,,-0.880153,2.215861,3.463324,0.015707,2.429532,3.307430
164.202700,4.990000,0.978000,4.450000,,,,,,
164.236100,4.990000,0.978000,4.450000,-0.880153,2.215861,3.463324,-0.172761,2.428752,3.387793
164.270500,4.990000,0.978000,4.450000,,,,,,
164.288000,,,,-0.758549,2.267048,3.365510,-0.363913,2.415494,3.469416
164.305600,4.990000,0.978000,4.450000,,,,,,
164.339800,4.990000,0.978000,4.450000,-0.604549,2.329576,3.241638,-0.552301,2.389413,3.551772
164.373400,4.990000,0.978000,4.450000,,,,,,
164.391100,,,,-0.452373,2.386105,3.118520,-0.733716,2.351072,3.636175
164.408100,4.990000,0.978000,4.450000,,,,,,
164.441300,,,,-0.299806,2.431780,2.994810,-0.912029,2.303599,3.717580
164.443400,4.990000,0.978000,4.450000,,,,,,
164.480000,4.990000,0.978000,4.450000,,,,,,
164.492700,,,,-0.141867,2.462079,2.866728,-1.092927,2.248012,3.798086
164.513600,4.990000,0.978000,4.450000,,,,,,
164.543600,,,,0.015695,2.472285,2.738800,-1.270781,2.188314,3.876406
164.547900,4.990000,0.978000,4.450000,,,,,,
164.582200,4.990000,0.978000,4.450000,,,,,,
164.595300,,,,0.176493,2.461538,2.608473,-1.325059,2.169497,3.900226
164.616800,4.990000,0.978000,4.450000,,,,,,
164.645500,,,,0.330651,2.432809,2.483595,-1.325059,2.169497,3.900226
164.652100,4.990000,0.978000,4.450000,,,,,,
164.686300,4.990000,0.978000,4.450000,,,,,,
164.696500,,,,0.486199,2.388532,2.357613,-1.325059,2.169497,3.900226
164.721100,4.990000,0.978000,4.450000,,,,,,
164.747700,,,,0.578518,2.356979,2.283311,-1.325059,2.169497,3.900226
164.756000,4.990000,0.978000,4.450000,,,,,,
164.789700,4.990000,0.978000,4.450000,,,,,,
164.798000,,,,0.578518,2.356979,2.283311,-1.229519,2.228189,3.801883
164.824600,4.990000,0.978000,4.450000,,,,,,
164.849100,,,,0.578518,2.356979,2.283311,-1.098371,2.306667,3.666506
164.859500,4.990000,0.978000,4.450000,,,,,,
164.893400,4.990000,0.978000,4.450000,,,,,,
164.899200,,,,0.578518,2.356979,2.283311,-0.965449,2.369177,3.529040
164.928000,4.990000,0.978000,4.450000,,,,,,
164.950400,,,,0.557796,2.374310,2.367698,-0.827628,2.397194,3.381263
164.961500,4.990000,0.978000,4.450000,,,,,,
164.995800,4.990000,0.978000,4.450000,,,,,,
165.002000,,,,0.509392,2.410628,2.564811,-0.694213,2.380128,3.225527
165.030400,4.990000,0.978000,4.450000,,,,,,
165.053400,,,,0.461797,2.433713,2.763132,-0.584108,2.334766,3.058831
165.065600,4.990000,0.978000,4.450000,,,,,,
165.100900,4.990000,0.978000,4.450000,,,,,,
165.105100,,,,0.415456,2.428523,2.964414,-0.542196,2.307998,2.982644
165.140200,4.990000,0.978000,4.450000,,,,,,
165.155700,,,,0.370390,2.387695,3.156612,-0.542196,2.307998,2.982644
165.174400,4.990000,0.978000,4.450000,,,,,,
165.205800,,,,0.327819,2.316309,3.339127,-0.542196,2.307998,2.982644
165.208100,4.990000,0.978000,4.450000,,,,,,
165.243000,4.990000,0.978000,4.450000,,,,,,
165.255900,,,,0.291020,2.222633,3.511604,-0.542196,2.307998,2.982644
165.278000,4.990000,0.978000,4.450000,,,,,,
165.306400,,,,0.254475,2.123469,3.672934,-0.467904,2.325662,2.988202
165.313400,4.990000,0.978000,4.450000,,,,,,
165.348300,4.990000,0.978000,4.450000,,,,,,
165.356800,,,,0.254475,2.123469,3.672934,-0.270357,2.370256,3.002896
165.382200,4.990000,0.978000,4.450000,,,,,,
165.408000,,,,0.254475,2.123469,3.672934,-0.068905,2.402483,3.017873
165.417100,4.990000,0.978000,4.450000,,,,,,
165.452200,4.990000,0.978000,4.450000,,,,,,
165.458600,,,,0.254475,2.123469,3.672934,0.132171,2.400245,3.032822
165.485800,4.990000,0.978000,4.450000,,,,,,
165.509500,,,,0.240366,2.131606,3.669926,0.329466,2.355876,3.047490
165.520500,4.990000,0.978000,4.450000,,,,,,
165.555800,4.990000,0.978000,4.450000,,,,,,
165.560000,,,,0.065441,2.227823,3.633936,0.517858,2.282190,3.061496
165.589300,4.990000,0.978000,4.450000,,,,,,
165.613300,,,,-0.110895,2.305776,3.604903,0.674946,2.208697,3.073174
165.624400,4.990000,0.978000,4.450000,,,,,,
165.658600,4.990000,0.978000,4.450000,,,,,,
165.665400,,,,-0.328912,2.351767,3.581417,0.697435,2.198039,3.078818
165.692600,4.990000,0.978000,4.450000,,,,,,
165.717100,,,,-0.535038,2.334063,3.561444,0.697435,2.198039,3.078818
165.727300,4.990000,0.978000,4.450000,,,,,,
165.761400,4.990000,0.978000,4.450000,,,,,,
165.768200,,,,-0.726330,2.267877,3.537494,0.697435,2.198039,3.078818
165.794700,4.990000,0.978000,4.450000,,,,,,
165.818800,,,,-0.875932,2.191848,3.519376,0.697435,2.198039,3.078818
165.828800,4.990000,0.978000,4.450000,,,,,,
165.863400,4.990000,0.978000,4.450000,,,,,,
165.869500,,,,-0.875932,2.191848,3.519376,0.512182,2.257561,3.134256
165.897800,4.990000,0.978000,4.450000,,,,,,
165.920000,,,,-0.875932,2.191848,3.519376,0.326711,2.315172,3.189731
165.932500,4.990000,0.978000,4.450000,,,,,,
165.968100,4.990000,0.978000,4.450000,,,,,,
165.970100,,,,-0.875932,2.191848,3.519376,0.141606,2.368532,3.245047
166.002800,4.990000,0.978000,4.450000,,,,,,
166.021400,,,,-0.857534,2.197209,3.506685,-0.049827,2.415781,3.301710
166.037800,4.990000,0.978000,4.450000,,,,,,
166.075700,4.990000,0.978000,4.450000,-0.696791,2.243514,3.394408,-0.239958,2.449681,3.358879
166.111000,4.990000,0.978000,4.450000,,,,,,
166.127200,,,,-0.522041,2.291418,3.266886,-0.451172,2.468241,3.422980
166.146000,4.990000,0.978000,4.450000,,,,,,
166.178000,,,,-0.364003,2.324068,3.144799,-0.644962,2.466439,3.481202
166.180200,4.990000,0.978000,4.450000,,,,,,
166.215300,4.990000,0.978000,4.450000,,,,,,
166.228100,,,,-0.208960,2.330879,3.017650,-0.836520,2.447112,3.538323
166.249500,4.990000,0.978000,4.450000,,,,,,
166.278400,,,,-0.062895,2.297516,2.884470,-1.026350,2.413291,3.594720
166.284500,4.990000,0.978000,4.450000,,,,,,
166.319900,4.990000,0.978000,4.450000,,,,,,
166.328600,,,,0.033864,2.235387,2.773039,-1.213707,2.368823,3.650423
166.354800,4.990000,0.978000,4.450000,,,,,,
166.379800,,,,0.086785,2.172071,2.688990,-1.246930,2.360068,3.660332
166.388800,4.990000,0.978000,4.450000,,,,,,
166.424000,4.990000,0.978000,4.450000,,,,,,
166.431000,,,,0.100969,2.149113,2.661637,-1.246930,2.360068,3.660332
166.460400,4.990000,0.978000,4.450000,,,,,,
166.481000,,,,0.100969,2.149113,2.661637,-1.246930,2.360068,3.660332
166.494000,4.990000,0.978000,4.450000,,,,,,
166.527800,4.990000,0.978000,4.450000,,,,,,
166.532600,,,,0.100969,2.149113,2.661637,-1.246930,2.360068,3.660332
166.562300,4.990000,0.978000,4.450000,,,,,,
166.584700,,,,0.100969,2.149113,2.661637,-1.256656,2.399863,3.484208
166.595700,4.990000,0.978000,4.450000,,,,,,
166.630400,4.990000,0.978000,4.450000,,,,,,
166.635300,,,,0.081447,2.217036,2.792303,-1.267642,2.432923,3.285254
166.664800,4.990000,0.978000,4.450000,,,,,,
166.686100,,,,0.057218,2.306978,2.973653,-1.278677,2.430088,3.082182
166.698600,4.990000,0.978000,4.450000,,,,,,
166.732800,4.990000,0.978000,4.450000,,,,,,
166.736800,,,,0.039471,2.381483,3.161443,-1.289342,2.375543,2.887521
166.766900,4.990000,0.978000,4.450000,,,,,,
166.787800,,,,0.031835,2.422801,3.360743,-1.299220,2.280866,2.707274
166.800300,4.990000,0.978000,4.450000,,,,,,
166.835000,4.990000,0.978000,4.450000,,,,,,
166.839000,,,,0.025000,2.420992,3.565053,-1.308449,2.164731,2.538872
166.869600,4.990000,0.978000,4.450000,,,,,,
166.890400,,,,-0.001319,2.388928,3.765622,-1.311729,2.116402,2.472895
166.904900,4.990000,0.978000,4.450000,,,,,,
166.940100,4.990000,0.978000,4.450000,,,,,,
166.942100,,,,-0.014085,2.351688,3.909176,-1.311729,2.116402,2.472895
166.973900,4.990000,0.978000,4.450000,,,,,,
166.992700,,,,-0.014085,2.351688,3.909176,-1.311729,2.116402,2.472895
167.008700,4.990000,0.978000,4.450000,,,,,,
167.043700,4.990000,0.978000,4.450000,-0.014085,2.351688,3.909176,-1.311729,2.116402,2.472895
167.078600,4.990000,0.978000,4.450000,,,,,,
167.095000,,,,-0.014085,2.351688,3.909176,-1.206414,2.158743,2.537429
167.113300,4.990000,0.978000,4.450000,,,,,,
167.145700,,,,-0.063003,2.376658,3.871527,-1.042968,2.221530,2.637597
167.147900,4.990000,0.978000,4.450000,,,,,,
167.182200,4.990000,0.978000,4.450000,,,,,,
167.195800,,,,-0.211594,2.444103,3.755220,-0.878996,2.278834,2.737751
167.216400,4.990000,0.978000,4.450000,,,,,,
167.249100,,,,-0.341614,2.455583,3.654051,-0.715811,2.324107,2.837326
167.251900,4.990000,0.978000,4.450000,,,,,,
167.286300,4.990000,0.978000,4.450000,,,,,,
167.299900,,,,-0.514084,2.389778,3.535094,-0.529573,2.355524,2.951065
167.319700,4.990000,0.978000,4.450000,,,,,,
167.351400,,,,-0.669080,2.303962,3.449434,-0.354721,2.361963,3.057878
167.353600,4.990000,0.978000,4.450000,,,,,,
167.387700,4.990000,0.978000,4.450000,,,,,,
167.402600,,,,-0.746346,2.262477,3.410325,-0.178807,2.345425,3.163361
167.422800,4.990000,0.978000,4.450000,,,,,,
167.457400,4.990000,0.978000,4.450000,-0.746346,2.262477,3.410325,-0.006998,2.308759,3.267111
167.492900,4.990000,0.978000,4.450000,,,,,,
167.508700,,,,-0.746346,2.262477,3.410325,0.177688,2.252396,3.370496
167.526300,4.990000,0.978000,4.450000,,,,,,
167.559200,,,,-0.746346,2.262477,3.410325,0.287427,2.212018,3.433958
167.561700,4.990000,0.978000,4.450000,,,,,,
167.596500,4.990000,0.978000,4.450000,,,,,,
167.609300,,,,-0.747644,2.332609,3.321274,0.287427,2.212018,3.433958
167.631200,4.990000,0.978000,4.450000,,,,,,
167.659700,,,,-0.751321,2.441484,3.153279,0.287427,2.212018,3.433958
167.666000,4.990000,0.978000,4.450000,,,,,,
167.701000,4.990000,0.978000,4.450000,,,,,,
167.711000,,,,-0.758702,2.473200,2.960382,0.287427,2.212018,3.433958
167.735700,4.990000,0.978000,4.450000,,,,,,
167.761900,,,,-0.763032,2.414703,2.783093,0.212914,2.231698,3.412747
167.769700,4.990000,0.978000,4.450000,,,,,,
167.803500,4.990000,0.978000,4.450000,,,,,,
167.812000,,,,-0.758748,2.342698,2.650180,0.027152,2.278781,3.360038
167.838700,4.990000,0.978000,4.450000,,,,,,
167.863200,,,,-0.756638,2.331749,2.630873,-0.168591,2.320664,3.309702
167.872900,4.990000,0.978000,4.450000,,,,,,
167.907400,4.990000,0.978000,4.450000,,,,,,
167.913800,,,,-0.756638,2.331749,2.630873,-0.365208,2.344191,3.269219
167.941400,4.990000,0.978000,4.450000,,,,,,
167.965300,,,,-0.756638,2.331749,2.630873,-0.569091,2.340437,3.239677
167.975800,4.990000,0.978000,4.450000,,,,,,
168.010600,4.990000,0.978000,4.450000,,,,,,
168.017000,,,,-0.756638,2.331749,2.630873,-0.772321,2.308124,3.223322
168.045300,4.990000,0.978000,4.450000,,,,,,
168.067700,,,,-0.688517,2.378142,2.796590,-0.968729,2.257650,3.220098
168.079900,4.990000,0.978000,4.450000,,,,,,
168.114400,4.990000,0.978000,4.450000,,,,,,
168.118500,,,,-0.612669,2.416188,2.980476,-1.162473,2.198416,3.224269
168.149300,4.990000,0.978000,4.450000,,,,,,
168.169200,,,,-0.532680,2.413500,3.165427,-1.201769,2.186268,3.225122
168.183600,4.990000,0.978000,4.450000,,,,,,
168.218100,4.990000,0.978000,4.450000,,,,,,
168.220200,,,,-0.456090,2.353766,3.344834,-1.201769,2.186268,3.225122
168.252300,4.990000,0.978000,4.450000,,,,,,
168.271700,,,,-0.382956,2.249744,3.505294,-1.201769,2.186268,3.225122
168.291300,4.990000,0.978000,4.450000,,,,,,
168.322300,,,,-0.319342,2.141708,3.633956,-1.201769,2.186268,3.225122
168.326500,4.990000,0.978000,4.450000,,,,,,
168.361200,4.990000,0.978000,4.450000,,,,,,
168.373800,,,,-0.304100,2.119817,3.654946,-1.242365,2.274850,3.085236
168.396200,4.990000,0.978000,4.450000,,,,,,
168.425900,,,,-0.304100,2.119817,3.654946,-1.293090,2.375438,2.910447
168.430700,4.990000,0.978000,4.450000,,,,,,
168.466000,4.990000,0.978000,4.450000,,,,,,
168.476400,,,,-0.304100,2.119817,3.654946,-1.346611,2.437560,2.726023
168.499400,4.990000,0.978000,4.450000,,,,,,
168.527700,,,,-0.304100,2.119817,3.654946,-1.403313,2.432212,2.530641
168.534400,4.990000,0.978000,4.450000,,,,,,
168.568800,4.990000,0.978000,4.450000,,,,,,
168.577900,,,,-0.403245,2.245015,3.715595,-1.447935,2.383923,2.374547
168.602400,4.990000,0.978000,4.450000,,,,,,
168.628600,,,,-0.523173,2.354690,3.788958,-1.465378,2.352247,2.300837
168.637500,4.990000,0.978000,4.450000,,,,,,
168.671800,4.990000,0.978000,4.450000,,,,,,
168.680300,,,,-0.664008,2.340495,3.875109,-1.465378,2.352247,2.300837
168.706900,4.990000,0.978000,4.450000,,,,,,
168.732400,,,,-0.743464,2.267315,3.923713,-1.465378,2.352247,2.300837
168.740400,4.990000,0.978000,4.450000,,,,,,
168.774900,4.990000,0.978000,4.450000,,,,,,
168.784000,,,,-0.764862,2.243236,3.936803,-1.465378,2.352247,2.300837
168.808500,4.990000,0.978000,4.450000,,,,,,
168.834600,,,,-0.764862,2.243236,3.936803,-1.385067,2.369897,2.331237
168.842600,4.990000,0.978000,4.450000,,,,,,
168.877200,4.990000,0.978000,4.450000,,,,,,
168.885000,,,,-0.764862,2.243236,3.936803,-1.199159,2.409708,2.398072
168.911100,4.990000,0.978000,4.450000,,,,,,
168.935700,,,,-0.764862,2.243236,3.936803,-1.009608,2.447044,2.460283
168.945800,4.990000,0.978000,4.450000,,,,,,
168.980000,4.990000,0.978000,4.450000,,,,,,
168.986600,,,,-0.697703,2.270069,3.809543,-0.815698,2.475199,2.514198
169.013500,4.990000,0.978000,4.450000,,,,,,
169.038000,,,,-0.600356,2.304817,3.632331,-0.615916,2.484616,2.559262
169.048000,4.990000,0.978000,4.450000,,,,,,
169.083300,4.990000,0.978000,4.450000,,,,,,
169.089200,,,,-0.498795,2.334538,3.455937,-0.414763,2.465365,2.596550
169.117500,4.990000,0.978000,4.450000,,,,,,
169.139200,,,,-0.397456,2.355345,3.286108,-0.224202,2.414722,2.620355
169.153000,4.990000,0.978000,4.450000,,,,,,
169.187700,4.990000,0.978000,4.450000,,,,,,
169.189800,,,,-0.291779,2.366310,3.113252,-0.079978,2.353298,2.624399
169.222600,4.990000,0.978000,4.450000,,,,,,
169.241900,,,,-0.181686,2.365980,2.936763,0.007681,2.308614,2.617776
169.257000,4.990000,0.978000,4.450000,,,,,,
169.292000,4.990000,0.978000,4.450000,-0.073570,2.354625,2.769837,0.007681,2.308614,2.617776
169.326400,4.990000,0.978000,4.450000,,,,,,
169.343200,,,,0.040771,2.332894,2.599595,0.007681,2.308614,2.617776
169.361000,4.990000,0.978000,4.450000,,,,,,
169.394000,,,,0.154955,2.303892,2.434821,0.007681,2.308614,2.617776
169.396200,4.990000,0.978000,4.450000,,,,,,
169.431700,4.990000,0.978000,4.450000,,,,,,
169.444200,,,,0.271739,2.269749,2.274221,-0.032916,2.323898,2.644404
169.466800,4.990000,0.978000,4.450000,,,,,,
169.496000,,,,0.393658,2.231169,2.112116,-0.198359,2.383884,2.752393
169.500400,4.990000,0.978000,4.450000,,,,,,
169.535000,4.990000,0.978000,4.450000,,,,,,
169.547900,,,,0.435731,2.217380,2.057310,-0.367246,2.437910,2.861934
169.569300,4.990000,0.978000,4.450000,,,,,,
169.599300,,,,0.435731,2.217380,2.057310,-0.536490,2.474927,2.971754
169.603400,4.990000,0.978000,4.450000,,,,,,
169.638400,4.990000,0.978000,4.450000,,,,,,
169.651500,,,,0.435731,2.217380,2.057310,-0.710657,2.485872,3.084364
169.672200,4.990000,0.978000,4.450000,,,,,,
169.702900,,,,0.435731,2.217380,2.057310,-0.883475,2.465397,3.196219
169.706800,4.990000,0.978000,4.450000,,,,,,
169.741800,4.990000,0.978000,4.450000,,,,,,
169.754400,,,,0.383127,2.282158,2.187898,-1.051222,2.416564,3.304893
169.776800,4.990000,0.978000,4.450000,,,,,,
169.806300,,,,0.315031,2.366130,2.364736,-1.214663,2.345788,3.410797
169.810200,4.990000,0.978000,4.450000,,,,,,
169.846800,4.990000,0.978000,4.450000,,,,,,
169.857200,,,,0.252422,2.430921,2.547365,-1.326898,2.287459,3.483523
169.881900,4.990000,0.978000,4.450000,,,,,,
169.908600,,,,0.196735,2.449983,2.743708,-1.326898,2.287459,3.483523
169.916800,4.990000,0.978000,4.450000,,,,,,
169.951200,4.990000,0.978000,4.450000,,,,,,
169.959400,,,,0.160756,2.413029,2.935410,-1.326898,2.287459,3.483523
169.985300,4.990000,0.978000,4.450000,,,,,,
170.010600,,,,0.155367,2.363815,3.056988,-1.326898,2.287459,3.483523
170.018700,4.990000,0.978000,4.450000,,,,,,
170.053200,4.990000,0.978000,4.450000,,,,,,
170.061200,,,,0.156985,2.348187,3.089450,-1.313334,2.307384,3.417419
170.087900,4.990000,0.978000,4.450000,,,,,,
170.113100,,,,0.156985,2.348187,3.089450,-1.265546,2.360175,3.222516
170.121400,4.990000,0.978000,4.450000,,,,,,
170.155500,4.990000,0.978000,4.450000,,,,,,
170.164400,,,,0.156985,2.348187,3.089450,-1.204478,2.366545,3.054137
170.189600,4.990000,0.978000,4.450000,,,,,,
170.215800,,,,0.156985,2.348187,3.089450,-1.127851,2.292108,2.886285
170.224000,4.990000,0.978000,4.450000,,,,,,
170.259200,4.990000,0.978000,4.450000,,,,,,
170.267700,,,,0.049984,2.395530,3.190036,-1.052293,2.188428,2.772980
170.293700,4.990000,0.978000,4.450000,,,,,,
170.320300,,,,-0.084233,2.445174,3.315492,-0.992279,2.104537,2.692692
170.328200,4.990000,0.978000,4.450000,,,,,,
170.362700,4.990000,0.978000,4.450000,,,,,,
170.371500,,,,-0.235057,2.438636,3.452048,-0.992279,2.104537,2.692692
170.396800,4.990000,0.978000,4.450000,,,,,,
170.423000,,,,-0.361986,2.364776,3.560959,-0.992279,2.104537,2.692692
170.432100,4.990000,0.978000,4.450000,,,,,,
170.467200,4.990000,0.978000,4.450000,,,,,,
170.473600,,,,-0.455164,2.285923,3.644423,-0.992279,2.104537,2.692692
170.501200,4.990000,0.978000,4.450000,,,,,,
170.523700,,,,-0.487570,2.256269,3.665134,-0.980054,2.120372,2.669851
170.534700,4.990000,0.978000,4.450000,,,,,,
170.568000,4.990000,0.978000,4.450000,,,,,,
170.574400,,,,-0.487570,2.256269,3.665134,-0.897420,2.222301,2.515461
170.602600,4.990000,0.978000,4.450000,,,,,,
170.625900,,,,-0.487570,2.256269,3.665134,-0.808155,2.301476,2.348683
170.636800,4.990000,0.978000,4.450000,,,,,,
170.670700,4.990000,0.978000,4.450000,,,,,,
170.677400,,,,-0.487570,2.256269,3.665134,-0.711995,2.306059,2.169022
170.705200,4.990000,0.978000,4.450000,,,,,,
170.728600,,,,-0.406741,2.292824,3.573853,-0.628008,2.236153,2.012105
170.739500,4.990000,0.978000,4.450000,,,,,,
170.774100,4.990000,0.978000,4.450000,,,,,,
170.780400,,,,-0.274798,2.350334,3.424836,-0.567147,2.156058,1.898395
170.807900,4.990000,0.978000,4.450000,,,,,,
170.832600,,,,-0.141510,2.403433,3.274301,-0.563476,2.150748,1.891535
170.842900,4.990000,0.978000,4.450000,,,,,,
170.877600,4.990000,0.978000,4.450000,,,,,,
170.883600,,,,-0.008521,2.446251,3.124102,-0.563476,2.150748,1.891535
170.912000,4.990000,0.978000,4.450000,,,,,,
170.934000,,,,0.123572,2.473900,2.974707,-0.563476,2.150748,1.891535
170.945900,4.990000,0.978000,4.450000,,,,,,
170.980400,4.990000,0.978000,4.450000,,,,,,
170.984200,,,,0.256460,2.483405,2.824448,-0.563476,2.150748,1.891535
171.015200,4.990000,0.978000,4.450000,,,,,,
171.035100,,,,0.390925,2.472955,2.672158,-0.646102,2.200947,2.060977
171.048800,4.990000,0.978000,4.450000,,,,,,
171.083000,4.990000,0.978000,4.450000,,,,,,
171.085200,,,,0.518532,2.442223,2.522152,-0.730792,2.249899,2.234764
171.118100,4.990000,0.978000,4.450000,,,,,,
171.136200,,,,0.639651,2.392328,2.366385,-0.817748,2.293012,2.413698
171.152500,4.990000,0.978000,4.450000,,,,,,
171.188100,4.990000,0.978000,4.450000,0.765607,2.330150,2.213466,-0.907246,2.322424,2.598686
171.223400,4.990000,0.978000,4.450000,,,,,,
171.238900,,,,0.776635,2.324388,2.200430,-0.996001,2.330289,2.782149
171.258500,4.990000,0.978000,4.450000,,,,,,
171.290800,,,,0.776635,2.324388,2.200430,-1.085406,2.316170,2.966222
171.293200,4.990000,0.978000,4.450000,,,,,,
171.327600,4.990000,0.978000,4.450000,,,,,,
171.340900,,,,0.776635,2.324388,2.200430,-1.173265,2.284599,3.145830
171.362300,4.990000,0.978000,4.450000,,,,,,
171.392500,,,,0.776635,2.324388,2.200430,-1.260908,2.241083,3.325934
171.397600,4.990000,0.978000,4.450000,,,,,,
171.432800,4.990000,0.978000,4.450000,,,,,,
171.443400,,,,0.779264,2.377150,2.383528,-1.304551,2.217254,3.415705
171.468100,4.990000,0.978000,4.450000,,,,,,
171.498000,,,,0.784965,2.400238,2.561231,-1.304551,2.217254,3.415705
171.503200,4.990000,0.978000,4.450000,,,,,,
171.538300,4.990000,0.978000,4.450000,,,,,,
171.549400,,,,0.792743,2.343895,2.772974,-1.304551,2.217254,3.415705
171.573900,4.990000,0.978000,4.450000,,,,,,
171.600800,,,,0.804191,2.234401,2.946017,-1.304551,2.217254,3.415705
171.609200,4.990000,0.978000,4.450000,,,,,,
171.644600,4.990000,0.978000,4.450000,,,,,,
171.651000,,,,0.823818,2.124453,3.086050,-1.243765,2.283018,3.324400
171.678300,4.990000,0.978000,4.450000,,,,,,
171.702400,,,,0.828200,2.104408,3.111315,-1.143594,2.383713,3.173938
171.712400,4.990000,0.978000,4.450000,,,,,,
171.746400,4.990000,0.978000,4.450000,,,,,,
171.752500,,,,0.828200,2.104408,3.111315,-1.040154,2.450461,3.017738
171.780500,4.990000,0.978000,4.450000,,,,,,
171.803400,,,,0.828200,2.104408,3.111315,-0.927815,2.451083,2.848536
171.815200,4.990000,0.978000,4.450000,,,,,,
171.848700,4.990000,0.978000,4.450000,,,,,,
171.855000,,,,0.828200,2.104408,3.111315,-0.832277,2.398397,2.704643
171.883400,4.990000,0.978000,4.450000,,,,,,
171.905700,,,,0.671455,2.166819,3.123819,-0.772981,2.350968,2.615335
171.918100,4.990000,0.978000,4.450000,,,,,,
171.952100,4.990000,0.978000,4.450000,,,,,,
171.956000,,,,0.483160,2.236694,3.143146,-0.772981,2.350968,2.615335
171.985800,4.990000,0.978000,4.450000,,,,,,
172.006600,,,,0.291980,2.294336,3.171269,-0.772981,2.350968,2.615335
172.021000,4.990000,0.978000,4.450000,,,,,,
172.054800,4.990000,0.978000,4.450000,,,,,,
172.056700,,,,0.097845,2.328783,3.209629,-0.772981,2.350968,2.615335
172.088900,4.990000,0.978000,4.450000,,,,,,
172.108500,,,,-0.101789,2.330173,3.258980,-0.765710,2.357284,2.602926
172.124000,4.990000,0.978000,4.450000,,,,,,
172.159200,4.990000,0.978000,4.450000,-0.291658,2.297541,3.322957,-0.671198,2.437066,2.441649
172.194500,4.990000,0.978000,4.450000,,,,,,
172.210000,,,,-0.470172,2.241135,3.399960,-0.585476,2.480345,2.294044
172.229400,4.990000,0.978000,4.450000,,,,,,
172.261900,,,,-0.622390,2.178246,3.478195,-0.495813,2.434306,2.134971
172.264100,4.990000,0.978000,4.450000,,,,,,
172.298900,4.990000,0.978000,4.450000,,,,,,
172.313600,,,,-0.622390,2.178246,3.478195,-0.446445,2.354167,2.038074
172.333100,4.990000,0.978000,4.450000,,,,,,
172.365200,,,,-0.622390,2.178246,3.478195,-0.414748,2.303775,1.980579
172.367400,4.990000,0.978000,4.450000,,,,,,
172.402400,4.990000,0.978000,4.450000,,,,,,
172.415400,,,,-0.622390,2.178246,3.478195,-0.414748,2.303775,1.980579
172.437800,4.990000,0.978000,4.450000,,,,,,
172.466900,,,,-0.604532,2.188442,3.442378,-0.414748,2.303775,1.980579
172.471400,4.990000,0.978000,4.450000,,,,,,
172.505700,4.990000,0.978000,4.450000,,,,,,
172.518900,,,,-0.512626,2.238358,3.262244,-0.414748,2.303775,1.980579
172.540300,4.990000,0.978000,4.450000,,,,,,
172.570500,,,,-0.417158,2.283530,3.085028,-0.455107,2.326082,2.052947
172.575300,4.990000,0.978000,4.450000,,,,,,
172.610600,4.990000,0.978000,4.450000,,,,,,
172.621400,,,,-0.316945,2.318605,2.911235,-0.551157,2.377101,2.225177
172.645600,4.990000,0.978000,4.450000,,,,,,
172.672000,,,,-0.212222,2.338675,2.739975,-0.646826,2.423380,2.396723
172.680000,4.990000,0.978000,4.450000,,,,,,
172.714800,4.990000,0.978000,4.450000,,,,,,
172.722700,,,,-0.102033,2.341599,2.568446,-0.744431,2.461174,2.571739
172.749400,4.990000,0.978000,4.450000,,,,,,
172.773500,,,,0.009000,2.328486,2.399051,-0.842626,2.484495,2.747817
172.783400,4.990000,0.978000,4.450000,,,,,,
172.817900,4.990000,0.978000,4.450000,,,,,,
172.823700,,,,0.117357,2.302260,2.231817,-0.940470,2.489470,2.923263
172.851700,4.990000,0.978000,4.450000,,,,,,
172.875500,,,,0.226404,2.264496,2.059820,-1.041026,2.473761,3.103572
172.885300,4.990000,0.978000,4.450000,,,,,,
172.919800,4.990000,0.978000,4.450000,,,,,,
172.925700,,,,0.310289,2.234388,1.936178,-1.137137,2.439335,3.275910
172.953300,4.990000,0.978000,4.450000,,,,,,
172.975800,,,,0.310289,2.234388,1.936178,-1.231555,2.388509,3.445327
172.987600,4.990000,0.978000,4.450000,,,,,,
173.021400,4.990000,0.978000,4.450000,,,,,,
173.027600,,,,0.310289,2.234388,1.936178,-1.327288,2.322546,3.616477
173.056100,4.990000,0.978000,4.450000,,,,,,
173.077900,,,,0.310289,2.234388,1.936178,-1.368243,2.289460,3.689203
173.090300,4.990000,0.978000,4.450000,,,,,,
173.123800,4.990000,0.978000,4.450000,,,,,,
173.128200,,,,0.323520,2.252618,1.983291,-1.368243,2.289460,3.689203
173.157200,4.990000,0.978000,4.450000,,,,,,
173.179300,,,,0.375535,2.322567,2.168038,-1.368243,2.289460,3.689203
173.191900,4.990000,0.978000,4.450000,,,,,,
173.225900,4.990000,0.978000,4.450000,,,,,,
173.230700,,,,0.428345,2.388098,2.355128,-1.368243,2.289460,3.689203
173.261300,4.990000,0.978000,4.450000,,,,,,
173.282500,,,,0.482989,2.441475,2.548757,-1.343339,2.322920,3.570451
173.295600,4.990000,0.978000,4.450000,,,,,,
173.329800,4.990000,0.978000,4.450000,,,,,,
173.334100,,,,0.538468,2.471483,2.745357,-1.302024,2.368196,3.373252
173.364000,4.990000,0.978000,4.450000,,,,,,
173.385500,,,,0.594146,2.472962,2.942659,-1.260344,2.359185,3.193386
173.401000,4.990000,0.978000,4.450000,,,,,,
173.435600,4.990000,0.978000,4.450000,0.652852,2.447588,3.132949,-1.218687,2.277854,3.027757
173.470500,4.990000,0.978000,4.450000,,,,,,
173.486100,,,,0.728957,2.397846,3.312937,-1.195437,2.178627,2.918414
173.504000,4.990000,0.978000,4.450000,,,,,,
173.536400,,,,0.797367,2.351376,3.425769,-1.183207,2.108216,2.857423
173.538600,4.990000,0.978000,4.450000,,,,,,
173.573600,4.990000,0.978000,4.450000,,,,,,
173.588400,,,,0.797367,2.351376,3.425769,-1.183207,2.108216,2.857423
173.609200,4.990000,0.978000,4.450000,,,,,,
173.640100,,,,0.797367,2.351376,3.425769,-1.183207,2.108216,2.857423
173.644300,4.990000,0.978000,4.450000,,,,,,
173.678800,4.990000,0.978000,4.450000,,,,,,
173.691200,,,,0.797367,2.351376,3.425769,-1.183207,2.108216,2.857423
173.713500,4.990000,0.978000,4.450000,,,,,,
173.742000,,,,0.740845,2.381210,3.473159,-1.129200,2.139766,2.821223
173.748200,4.990000,0.978000,4.450000,,,,,,
173.783100,4.990000,0.978000,4.450000,,,,,,
173.793200,,,,0.592957,2.454434,3.593921,-0.973141,2.224727,2.719994
173.817800,4.990000,0.978000,4.450000,,,,,,
173.843800,,,,0.434321,2.495494,3.711672,-0.807604,2.290345,2.623918
173.851900,4.990000,0.978000,4.450000,,,,,,
173.886100,4.990000,0.978000,4.450000,,,,,,
173.894400,,,,0.269964,2.465708,3.823651,-0.628418,2.307144,2.533559
173.920600,4.990000,0.978000,4.450000,,,,,,
173.944600,,,,0.130302,2.398496,3.911489,-0.450573,2.257452,2.456240
173.954700,4.990000,0.978000,4.450000,,,,,,
173.989100,4.990000,0.978000,4.450000,,,,,,
173.995400,,,,-0.007687,2.329431,3.987790,-0.313210,2.178008,2.415177
174.023900,4.990000,0.978000,4.450000,,,,,,
174.046200,,,,-0.007687,2.329431,3.987790,-0.249121,2.132782,2.405283
174.058400,4.990000,0.978000,4.450000,,,,,,
174.092000,4.990000,0.978000,4.450000,,,,,,
174.096500,,,,-0.007687,2.329431,3.987790,-0.249121,2.132782,2.405283
174.125800,4.990000,0.978000,4.450000,,,,,,
174.148400,,,,-0.007687,2.329431,3.987790,-0.249121,2.132782,2.405283
174.159400,4.990000,0.978000,4.450000,,,,,,
174.193200,4.990000,0.978000,4.450000,,,,,,
174.199400,,,,-0.005214,2.331201,3.980370,-0.249121,2.132782,2.405283
174.228400,4.990000,0.978000,4.450000,,,,,,
174.249700,,,,0.056923,2.374467,3.793925,-0.283167,2.157930,2.488599
174.262200,4.990000,0.978000,4.450000,,,,,,
174.296800,4.990000,0.978000,4.450000,,,,,,
174.301200,,,,0.120517,2.415602,3.603119,-0.351988,2.211710,2.674359
174.332000,4.990000,0.978000,4.450000,,,,,,
174.353200,,,,0.185053,2.451726,3.410018,-0.410654,2.262034,2.866120
174.366100,4.990000,0.978000,4.450000,,,,,,
174.400400,4.990000,0.978000,4.450000,,,,,,
174.404400,,,,0.250113,2.478256,3.215642,-0.458764,2.303056,3.062867
174.434600,4.990000,0.978000,4.450000,,,,,,
174.454900,,,,0.315510,2.491196,3.025406,-0.501649,2.328751,3.258134
174.532800,4.990000,0.978000,4.450000,0.333284,2.492005,2.974631,-0.514220,2.332767,3.310292
174.566300,4.990000,0.978000,4.450000,,,,,,
174.584800,,,,0.472532,2.432415,2.562891,-0.577824,2.307590,3.743723
174.601500,4.990000,0.978000,4.450000,,,,,,
174.636000,4.990000,0.978000,4.450000,0.531931,2.336150,2.362799,-0.591122,2.254085,3.967660
174.669700,4.990000,0.978000,4.450000,,,,,,
174.686300,,,,0.550763,2.257409,2.264987,-0.589936,2.229478,4.046860
174.704800,4.990000,0.978000,4.450000,,,,,,
174.737700,,,,0.560211,2.195292,2.201522,-0.589936,2.229478,4.046860
174.739900,4.990000,0.978000,4.450000,,,,,,
174.773300,4.990000,0.978000,4.450000,,,,,,
174.789400,,,,0.560211,2.195292,2.201522,-0.589936,2.229478,4.046860
174.808000,4.990000,0.978000,4.450000,,,,,,
174.839400,,,,0.560211,2.195292,2.201522,-0.589936,2.229478,4.046860
174.841700,4.990000,0.978000,4.450000,,,,,,
174.876700,4.990000,0.978000,4.450000,,,,,,
174.891100,,,,0.560211,2.195292,2.201522,-0.630555,2.262739,3.985304
174.911400,4.990000,0.978000,4.450000,,,,,,
174.942000,,,,0.556503,2.221413,2.258352,-0.734252,2.343879,3.829011
174.946300,4.990000,0.978000,4.450000,,,,,,
174.980800,4.990000,0.978000,4.450000,,,,,,
174.993200,,,,0.539821,2.298372,2.447479,-0.840533,2.415094,3.668873
175.015100,4.990000,0.978000,4.450000,,,,,,
175.043600,,,,0.522989,2.318827,2.611907,-0.948563,2.459485,3.506102
175.050500,4.990000,0.978000,4.450000,,,,,,
175.085500,4.990000,0.978000,4.450000,,,,,,
175.094600,,,,0.511780,2.254596,2.791589,-1.061204,2.465454,3.336382
175.120200,4.990000,0.978000,4.450000,,,,,,
175.146300,,,,0.514051,2.168497,2.899558,-1.173960,2.431670,3.166489
175.157200,4.990000,0.978000,4.450000,,,,,,
175.192000,4.990000,0.978000,4.450000,,,,,,
175.196500,,,,0.518407,2.124313,2.944353,-1.278498,2.371542,3.006712
175.226000,4.990000,0.978000,4.450000,,,,,,
175.248600,,,,0.518407,2.124313,2.944353,-1.326328,2.338101,2.934419
175.260100,4.990000,0.978000,4.450000,,,,,,
175.294400,4.990000,0.978000,4.450000,,,,,,
175.300500,,,,0.518407,2.124313,2.944353,-1.326328,2.338101,2.934419
175.327800,4.990000,0.978000,4.450000,,,,,,
175.351400,,,,0.518407,2.124313,2.944353,-1.326328,2.338101,2.934419
175.361300,4.990000,0.978000,4.450000,,,,,,
175.394700,4.990000,0.978000,4.450000,,,,,,
175.402800,,,,0.536663,2.193696,3.020983,-1.326328,2.338101,2.934419
175.428100,4.990000,0.978000,4.450000,,,,,,
175.455000,,,,0.572963,2.288238,3.148628,-1.264589,2.390233,3.037432
175.461700,4.990000,0.978000,4.450000,,,,,,
175.496600,4.990000,0.978000,4.450000,,,,,,
175.505100,,,,0.631290,2.264271,3.287470,-1.181954,2.462299,3.205192
175.531600,4.990000,0.978000,4.450000,,,,,,
175.555500,,,,0.679142,2.173167,3.354661,-1.119826,2.496073,3.393991
175.566300,4.990000,0.978000,4.450000,,,,,,
175.601500,4.990000,0.978000,4.450000,,,,,,
175.607400,,,,0.697644,2.124246,3.386075,-1.073472,2.466093,3.593544
175.636300,4.990000,0.978000,4.450000,,,,,,
175.659100,,,,0.697644,2.124246,3.386075,-1.044340,2.396415,3.786001
175.671600,4.990000,0.978000,4.450000,,,,,,
175.706200,4.990000,0.978000,4.450000,,,,,,
175.710200,,,,0.697644,2.124246,3.386075,-1.033781,2.338072,3.922577
175.740400,4.990000,0.978000,4.450000,,,,,,
175.760600,,,,0.697644,2.124246,3.386075,-1.033781,2.338072,3.922577
175.774800,4.990000,0.978000,4.450000,,,,,,
175.808800,4.990000,0.978000,4.450000,,,,,,
175.811300,,,,0.607197,2.167335,3.338521,-1.033781,2.338072,3.922577
175.843400,4.990000,0.978000,4.450000,,,,,,
175.861800,,,,0.436965,2.242159,3.255660,-1.033781,2.338072,3.922577
175.878000,4.990000,0.978000,4.450000,,,,,,
175.911500,4.990000,0.978000,4.450000,,,,,,
175.913700,,,,0.254231,2.300145,3.178046,-0.997658,2.351011,3.904642
175.946200,4.990000,0.978000,4.450000,,,,,,
175.964400,,,,0.064587,2.321777,3.108695,-0.823123,2.410166,3.818464
175.981200,4.990000,0.978000,4.450000,,,,,,
176.015700,4.990000,0.978000,4.450000,-0.131786,2.307526,3.053277,-0.643380,2.458763,3.733383
176.051400,4.990000,0.978000,4.450000,,,,,,
176.066600,,,,-0.328633,2.270319,3.016674,-0.459356,2.481637,3.649445
176.086500,4.990000,0.978000,4.450000,,,,,,
176.116900,,,,-0.498796,2.231004,3.000404,-0.276191,2.469480,3.566926
176.121000,4.990000,0.978000,4.450000,,,,,,
176.154400,4.990000,0.978000,4.450000,,,,,,
176.167200,,,,-0.498796,2.231004,3.000404,-0.112918,2.427070,3.492269
176.187800,4.990000,0.978000,4.450000,,,,,,
176.218400,,,,-0.498796,2.231004,3.000404,0.073278,2.345931,3.406940
176.221600,4.990000,0.978000,4.450000,,,,,,
176.255200,4.990000,0.978000,4.450000,,,,,,
176.270300,,,,-0.498796,2.231004,3.000404,0.240854,2.250140,3.329685
176.289900,4.990000,0.978000,4.450000,,,,,,
176.320400,,,,-0.475034,2.249604,2.989210,0.240854,2.250140,3.329685
176.324600,4.990000,0.978000,4.450000,,,,,,
176.358800,4.990000,0.978000,4.450000,,,,,,
176.371300,,,,-0.326306,2.366091,2.914678,0.240854,2.250140,3.329685
176.392600,4.990000,0.978000,4.450000,,,,,,
176.421800,,,,-0.178888,2.453871,2.826165,0.240854,2.250140,3.329685
176.426300,4.990000,0.978000,4.450000,,,,,,
176.461400,4.990000,0.978000,4.450000,,,,,,
176.472300,,,,-0.036261,2.445582,2.731223,0.240854,2.250140,3.329685
176.495600,4.990000,0.978000,4.450000,,,,,,
176.523400,,,,0.037015,2.386848,2.664964,0.051197,2.295690,3.270314
176.530000,4.990000,0.978000,4.450000,,,,,,
176.563700,4.990000,0.978000,4.450000,,,,,,
176.574100,,,,0.064443,2.350297,2.634342,-0.138619,2.334830,3.210892
176.598800,4.990000,0.978000,4.450000,,,,,,
176.626200,,,,0.064443,2.350297,2.634342,-0.335523,2.356195,3.149252
176.632700,4.990000,0.978000,4.450000,,,,,,
176.667500,4.990000,0.978000,4.450000,,,,,,
176.677600,,,,0.064443,2.350297,2.634342,-0.532406,2.345238,3.087618
176.701300,4.990000,0.978000,4.450000,,,,,,
176.729200,,,,0.064443,2.350297,2.634342,-0.724141,2.300475,3.027596
176.735200,4.990000,0.978000,4.450000,,,,,,
176.769100,4.990000,0.978000,4.450000,,,,,,
176.779500,,,,0.155602,2.377558,2.651684,-0.905152,2.232877,2.970931
176.803300,4.990000,0.978000,4.450000,,,,,,
176.830300,,,,0.348026,2.432682,2.682530,-1.082073,2.152303,2.914148
176.838500,4.990000,0.978000,4.450000,,,,,,
176.873200,4.990000,0.978000,4.450000,,,,,,
176.881400,,,,0.547271,2.476923,2.703209,-1.125114,2.132181,2.900588
176.907500,4.990000,0.978000,4.450000,,,,,,
176.933200,,,,0.753726,2.489240,2.713205,-1.125114,2.132181,2.900588
176.941100,4.990000,0.978000,4.450000,,,,,,
176.975400,4.990000,0.978000,4.450000,,,,,,
176.983600,,,,0.952202,2.459897,2.707916,-1.125114,2.132181,2.900588
177.009000,4.990000,0.978000,4.450000,,,,,,
177.035200,,,,1.145952,2.397957,2.681133,-1.125114,2.132181,2.900588
177.043800,4.990000,0.978000,4.450000,,,,,,
177.077100,4.990000,0.978000,4.450000,,,,,,
177.085800,,,,1.319053,2.327235,2.635160,-1.094136,2.189171,3.054581
177.112000,4.990000,0.978000,4.450000,,,,,,
177.137600,,,,1.331442,2.322110,2.631011,-1.039380,2.249574,3.244641
177.146100,4.990000,0.978000,4.450000,,,,,,
177.181300,4.990000,0.978000,4.450000,,,,,,
177.189400,,,,1.331442,2.322110,2.631011,-0.960987,2.290097,3.432483
177.216300,4.990000,0.978000,4.450000,,,,,,
177.241200,,,,1.331442,2.322110,2.631011,-0.863495,2.306151,3.614277
177.251900,4.990000,0.978000,4.450000,,,,,,
177.287300,4.990000,0.978000,4.450000,,,,,,
177.292200,,,,1.331442,2.322110,2.631011,-0.754400,2.300468,3.783581
177.321100,4.990000,0.978000,4.450000,,,,,,
177.344000,,,,1.143294,2.367100,2.711315,-0.629682,2.277526,3.950704
177.356400,4.990000,0.978000,4.450000,,,,,,
177.392400,4.990000,0.978000,4.450000,,,,,,
177.394600,,,,0.961860,2.407665,2.788754,-0.502913,2.244992,4.103741
177.427500,4.990000,0.978000,4.450000,,,,,,
177.446600,,,,0.773252,2.444938,2.869343,-0.365003,2.204495,4.254696
177.462100,4.990000,0.978000,4.450000,,,,,,
177.496900,4.990000,0.978000,4.450000,0.590107,2.473035,2.947970,-0.316342,2.189890,4.303641
177.531200,4.990000,0.978000,4.450000,,,,,,
177.547800,,,,0.403369,2.490378,3.028052,-0.316342,2.189890,4.303641
177.566100,4.990000,0.978000,4.450000,,,,,,
177.599200,,,,0.214778,2.493837,3.110122,-0.316342,2.189890,4.303641
177.601200,4.990000,0.978000,4.450000,,,,,,
177.634700,4.990000,0.978000,4.450000,,,,,,
177.650500,,,,0.029185,2.481520,3.197145,-0.316342,2.189890,4.303641
177.668700,4.990000,0.978000,4.450000,,,,,,
177.701200,,,,-0.152377,2.454024,3.281886,-0.214209,2.235358,4.212122
177.703200,4.990000,0.978000,4.450000,,,,,,
177.738000,4.990000,0.978000,4.450000,,,,,,
177.752300,,,,-0.327603,2.411339,3.374432,-0.070397,2.297240,4.083248
177.773000,4.990000,0.978000,4.450000,,,,,,
177.803800,,,,-0.498275,2.351622,3.476143,0.078671,2.351910,3.949666
177.807800,4.990000,0.978000,4.450000,,,,,,
177.841600,4.990000,0.978000,4.450000,,,,,,
177.855500,,,,-0.660423,2.277844,3.581923,0.230877,2.385174,3.813271
177.875100,4.990000,0.978000,4.450000,,,,,,
177.907200,,,,-0.726595,2.244000,3.625810,0.384608,2.388296,3.675510
177.909300,4.990000,0.978000,4.450000,,,,,,
177.943200,4.990000,0.978000,4.450000,,,,,,
177.957500,,,,-0.726595,2.244000,3.625810,0.533084,2.364679,3.542457
177.977700,4.990000,0.978000,4.450000,,,,,,
178.009400,,,,-0.726595,2.244000,3.625810,0.689598,2.320290,3.413157
178.011600,4.990000,0.978000,4.450000,,,,,,
178.046800,4.990000,0.978000,4.450000,,,,,,
178.060200,,,,-0.726595,2.244000,3.625810,0.791744,2.288277,3.344032
178.080200,4.990000,0.978000,4.450000,,,,,,
178.112400,,,,-0.664501,2.275306,3.508552,0.791744,2.288277,3.344032
178.114600,4.990000,0.978000,4.450000,,,,,,
178.148600,4.990000,0.978000,4.450000,,,,,,
178.163900,,,,-0.568562,2.318360,3.329698,0.791744,2.288277,3.344032
178.182900,4.990000,0.978000,4.450000,,,,,,
178.214800,,,,-0.472778,2.348565,3.153032,0.791744,2.288277,3.344032
178.216800,4.990000,0.978000,4.450000,,,,,,
178.251800,4.990000,0.978000,4.450000,,,,,,
178.266600,,,,-0.372550,2.359011,2.971981,0.705500,2.314060,3.322177
178.285900,4.990000,0.978000,4.450000,,,,,,
178.317800,,,,-0.270795,2.346249,2.794976,0.514396,2.369068,3.273752
178.320000,4.990000,0.978000,4.450000,,,,,,
178.355100,4.990000,0.978000,4.450000,,,,,,
178.369400,,,,-0.163794,2.312749,2.622140,0.320785,2.419733,3.224571
178.389800,4.990000,0.978000,4.450000,,,,,,
178.420100,,,,-0.060473,2.263621,2.454334,0.127862,2.459824,3.175298
178.424400,4.990000,0.978000,4.450000,,,,,,
178.458900,4.990000,0.978000,4.450000,,,,,,
178.472100,,,,0.040262,2.201812,2.284441,-0.070159,2.484566,3.120704
178.494100,4.990000,0.978000,4.450000,,,,,,
178.523400,,,,0.062040,2.187382,2.247144,-0.267253,2.487458,3.058729
178.527600,4.990000,0.978000,4.450000,,,,,,
178.561600,4.990000,0.978000,4.450000,,,,,,
178.573600,,,,0.062040,2.187382,2.247144,-0.455320,2.466827,2.991518
178.595800,4.990000,0.978000,4.450000,,,,,,
178.623700,,,,0.062040,2.187382,2.247144,-0.636165,2.424776,2.915889
178.630700,4.990000,0.978000,4.450000,,,,,,
178.665000,4.990000,0.978000,4.450000,,,,,,
178.675000,,,,0.062040,2.187382,2.247144,-0.812086,2.364711,2.830307
178.699100,4.990000,0.978000,4.450000,,,,,,
178.725100,,,,0.211339,2.240762,2.247384,-0.957568,2.303685,2.751453
178.733400,4.990000,0.978000,4.450000,,,,,,
178.767700,4.990000,0.978000,4.450000,,,,,,
178.775800,,,,0.406031,2.299886,2.249616,-0.957568,2.303685,2.751453
178.802800,4.990000,0.978000,4.450000,,,,,,
178.827800,,,,0.611482,2.323223,2.258194,-0.957568,2.303685,2.751453
178.836600,4.990000,0.978000,4.450000,,,,,,
178.870600,4.990000,0.978000,4.450000,,,,,,
178.878800,,,,0.811629,2.286830,2.263599,-0.957568,2.303685,2.751453
178.904900,4.990000,0.978000,4.450000,,,,,,
178.929400,,,,0.996121,2.205204,2.268470,-0.925444,2.313650,2.773326
178.939600,4.990000,0.978000,4.450000,,,,,,
178.974400,4.990000,0.978000,4.450000,,,,,,
178.984200,,,,1.147613,2.116540,2.272469,-0.761654,2.363692,2.884500
179.008200,4.990000,0.978000,4.450000,,,,,,
179.036200,,,,1.167165,2.103248,2.276208,-0.582638,2.416303,3.005499
179.043100,4.990000,0.978000,4.450000,,,,,,
179.076900,4.990000,0.978000,4.450000,,,,,,
179.087500,,,,1.167165,2.103248,2.276208,-0.416107,2.460242,3.117108
179.111700,4.990000,0.978000,4.450000,,,,,,
179.139200,,,,1.167165,2.103248,2.276208,-0.245669,2.494977,3.229906
179.145900,4.990000,0.978000,4.450000,,,,,,
179.180600,4.990000,0.978000,4.450000,,,,,,
179.191100,,,,1.167165,2.103248,2.276208,-0.074165,2.514133,3.342579
179.215000,4.990000,0.978000,4.450000,,,,,,
179.241700,,,,1.026633,2.172476,2.403162,0.094365,2.513656,3.454825
179.248600,4.990000,0.978000,4.450000,,,,,,
179.282000,4.990000,0.978000,4.450000,,,,,,
179.292600,,,,0.879497,2.241278,2.526467,0.263391,2.493457,3.567026
179.316400,4.990000,0.978000,4.450000,,,,,,
179.343700,,,,0.722836,2.302620,2.642908,0.427892,2.454360,3.682175
179.351900,4.990000,0.978000,4.450000,,,,,,
179.387800,4.990000,0.978000,4.450000,,,,,,
179.394400,,,,0.555577,2.344985,2.750294,0.585619,2.400110,3.798469
179.421600,4.990000,0.978000,4.450000,,,,,,
179.444700,,,,0.379951,2.362185,2.844370,0.698601,2.349576,3.888508
179.455600,4.990000,0.978000,4.450000,,,,,,
179.490300,4.990000,0.978000,4.450000,,,,,,
179.495000,,,,0.196728,2.356786,2.926882,0.698601,2.349576,3.888508
179.525400,4.990000,0.978000,4.450000,,,,,,
179.546700,,,,0.005149,2.333990,3.005461,0.698601,2.349576,3.888508
179.559500,4.990000,0.978000,4.450000,,,,,,
179.594300,4.990000,0.978000,4.450000,,,,,,
179.598400,,,,-0.161751,2.307240,3.069128,0.698601,2.349576,3.888508
179.628400,4.990000,0.978000,4.450000,,,,,,
179.649700,,,,-0.161751,2.307240,3.069128,0.707959,2.368032,3.837018
179.662100,4.990000,0.978000,4.450000,,,,,,
179.696600,4.990000,0.978000,4.450000,,,,,,
179.700700,,,,-0.161751,2.307240,3.069128,0.740601,2.422699,3.652048
179.732100,4.990000,0.978000,4.450000,,,,,,
179.752700,,,,-0.161751,2.307240,3.069128,0.752083,2.406272,3.507647
179.766600,4.990000,0.978000,4.450000,,,,,,
179.800600,4.990000,0.978000,4.450000,,,,,,
179.804600,,,,-0.159345,2.337245,3.035596,0.743137,2.286756,3.360843
179.835800,4.990000,0.978000,4.450000,,,,,,
179.856100,,,,-0.148572,2.459595,2.885458,0.717781,2.162266,3.278263
179.870900,4.990000,0.978000,4.450000,,,,,,
179.905100,4.990000,0.978000,4.450000,,,,,,
179.907100,,,,-0.137879,2.477468,2.736430,0.706163,2.123248,3.255087
179.938800,4.990000,0.978000,4.450000,,,,,,
179.957500,,,,-0.123281,2.391295,2.618489,0.706163,2.123248,3.255087
179.972300,4.990000,0.978000,4.450000,,,,,,
180.334300,4.990000,0.978000,4.450000,-0.111392,2.313288,2.543807,0.706163,2.123248,3.255087
