Timestamp,HumanMPositionX,HumanMPositionY,HumanMPositionZ,BallPositionX,BallPositionY,BallPositionZ
0.034370,4.990000,0.978000,4.450000,,,
0.045481,4.990000,0.978000,4.450000,-0.991847,2.403484,1.209317
0.056592,4.990000,0.978000,4.450000,-0.991847,2.403484,1.209317
0.067704,4.990000,0.978000,4.450000,-0.991847,2.403484,1.209317
0.078815,4.990000,0.978000,4.450000,-0.965077,2.449034,1.512940
0.089926,4.990000,0.978000,4.450000,-0.965077,2.449034,1.512940
0.101037,4.990000,0.978000,4.450000,-0.965077,2.449034,1.512940
0.112148,4.990000,0.978000,4.450000,-0.965077,2.449034,1.512940
0.123259,4.990000,0.978000,4.450000,-0.965077,2.449034,1.512940
0.134370,4.990000,0.978000,4.450000,-0.965077,2.449034,1.512940
0.145481,4.990000,0.978000,4.450000,-0.938330,2.491441,1.816310
0.156592,4.990000,0.978000,4.450000,-0.938330,2.491441,1.816310
0.167704,4.990000,0.978000,4.450000,-0.938330,2.491441,1.816310
0.178815,4.990000,0.978000,4.450000,-0.911775,2.528231,2.117501
0.189926,4.990000,0.978000,4.450000,-0.911775,2.528231,2.117501
0.201037,4.990000,0.978000,4.450000,-0.911775,2.528231,2.117501
0.212148,4.990000,0.978000,4.450000,,,
0.223259,4.990000,0.978000,4.450000,,,
0.234370,4.990000,0.978000,4.450000,,,
0.245481,4.990000,0.978000,4.450000,-0.884722,2.557894,2.424343
0.256496,,,,-0.884722,2.557894,2.424343
0.267704,4.990000,0.978000,4.450000,-0.884722,2.557894,2.424343
0.278815,4.990000,0.978000,4.450000,-0.857691,2.577662,2.730933
0.289926,4.990000,0.978000,4.450000,-0.857691,2.577662,2.730933
0.301037,4.990000,0.978000,4.450000,-0.857691,2.577662,2.730933
0.312148,4.990000,0.978000,4.450000,,,
0.323259,4.990000,0.978000,4.450000,,,
0.334370,4.990000,0.978000,4.450000,,,
0.345481,4.990000,0.978000,4.450000,-0.830563,2.586102,3.038621
0.356592,4.990000,0.978000,4.450000,-0.830563,2.586102,3.038621
0.367704,4.990000,0.978000,4.450000,-0.830563,2.586102,3.038621
0.378815,4.990000,0.978000,4.450000,-0.803268,2.582421,3.348203
0.389926,4.990000,0.978000,4.450000,-0.803268,2.582421,3.348203
0.401037,4.990000,0.978000,4.450000,-0.803268,2.582421,3.348203
0.412148,4.990000,0.978000,4.450000,-0.803268,2.582421,3.348203
0.423259,4.990000,0.978000,4.450000,-0.803268,2.582421,3.348203
0.434370,4.990000,0.978000,4.450000,-0.803268,2.582421,3.348203
0.445481,4.990000,0.978000,4.450000,-0.803268,2.582421,3.348203
0.456592,4.990000,0.978000,4.450000,-0.776049,2.566526,3.656915
0.467704,4.990000,0.978000,4.450000,-0.776049,2.566526,3.656915
0.478815,4.990000,0.978000,4.450000,-0.776049,2.566526,3.656915
0.489926,4.990000,0.978000,4.450000,-0.746537,2.535819,3.952939
0.501037,4.990000,0.978000,4.450000,-0.746537,2.535819,3.952939
0.512148,4.990000,0.978000,4.450000,-0.746537,2.535819,3.952939
0.523259,4.990000,0.978000,4.450000,-0.746537,2.535819,3.952939
0.534370,4.990000,0.978000,4.450000,-0.746537,2.535819,3.952939
0.545481,4.990000,0.978000,4.450000,-0.746537,2.535819,3.952939
0.556593,4.990000,0.978000,4.450000,-0.712434,2.487854,4.247201
0.567704,4.990000,0.978000,4.450000,-0.712434,2.487854,4.247201
0.578815,4.990000,0.978000,4.450000,-0.712434,2.487854,4.247201
0.589926,4.990000,0.978000,4.450000,-0.678121,2.435593,4.545659
0.601037,4.990000,0.978000,4.450000,-0.678121,2.435593,4.545659
0.612148,4.990000,0.978000,4.450000,-0.678121,2.435593,4.545659
0.623259,4.990000,0.978000,4.450000,,,
0.634371,4.990000,0.978000,4.450000,,,
0.645482,4.990000,0.978000,4.450000,,,
0.656593,4.990000,0.978000,4.450000,-0.648266,2.397213,4.744872
0.667704,4.990000,0.978000,4.450000,-0.648266,2.397213,4.744872
0.678815,4.990000,0.978000,4.450000,-0.648266,2.397213,4.744872
0.689926,4.990000,0.978000,4.450000,-0.648266,2.397213,4.744872
0.701037,4.990000,0.978000,4.450000,-0.648266,2.397213,4.744872
0.712149,4.990000,0.978000,4.450000,-0.648266,2.397213,4.744872
0.723260,4.990000,0.978000,4.450000,,,
0.734371,4.990000,0.978000,4.450000,,,
0.745482,4.990000,0.978000,4.450000,,,
0.756593,4.990000,0.978000,4.450000,-0.648266,2.397213,4.744872
0.767704,4.990000,0.978000,4.450000,-0.648266,2.397213,4.744872
0.778815,4.990000,0.978000,4.450000,-0.648266,2.397213,4.744872
0.789927,4.990000,0.978000,4.450000,-0.648266,2.397213,4.744872
0.801038,4.990000,0.978000,4.450000,-0.648266,2.397213,4.744872
0.812149,4.990000,0.978000,4.450000,-0.648266,2.397213,4.744872
0.823172,4.990000,0.978000,4.450000,,,
0.834371,4.990000,0.978000,4.450000,,,
0.845482,4.990000,0.978000,4.450000,,,
0.856593,4.990000,0.978000,4.450000,,,
0.867705,4.990000,0.978000,4.450000,-0.658278,2.416155,4.626117
0.878816,4.990000,0.978000,4.450000,-0.658278,2.416155,4.626117
0.889927,4.990000,0.978000,4.450000,-0.658278,2.416155,4.626117
0.901038,4.990000,0.978000,4.450000,-0.681012,2.462274,4.326858
0.912149,4.990000,0.978000,4.450000,-0.681012,2.462274,4.326858
0.923260,4.990000,0.978000,4.450000,-0.681012,2.462274,4.326858
0.934371,4.990000,0.978000,4.450000,,,
0.945482,4.990000,0.978000,4.450000,,,
0.956594,4.990000,0.978000,4.450000,,,
0.967705,4.990000,0.978000,4.450000,-0.698753,2.506706,4.020478
0.978816,4.990000,0.978000,4.450000,-0.698753,2.506706,4.020478
0.989927,4.990000,0.978000,4.450000,-0.698753,2.506706,4.020478
1.001038,4.990000,0.978000,4.450000,-0.708802,2.544263,3.721660
1.012149,4.990000,0.978000,4.450000,-0.708802,2.544263,3.721660
1.023260,4.990000,0.978000,4.450000,-0.708802,2.544263,3.721660
1.034371,4.990000,0.978000,4.450000,,,
1.045483,4.990000,0.978000,4.450000,,,
1.056594,4.990000,0.978000,4.450000,,,
1.067705,4.990000,0.978000,4.450000,-0.711785,2.566968,3.421851
1.078816,4.990000,0.978000,4.450000,-0.711785,2.566968,3.421851
1.089927,4.990000,0.978000,4.450000,-0.711785,2.566968,3.421851
1.101038,4.990000,0.978000,4.450000,-0.711785,2.566968,3.421851
1.112149,4.990000,0.978000,4.450000,-0.707246,2.570717,3.118722
1.123261,4.990000,0.978000,4.450000,-0.707246,2.570717,3.118722
1.134372,4.990000,0.978000,4.450000,-0.707246,2.570717,3.118722
1.145483,4.990000,0.978000,4.450000,,,
1.156594,4.990000,0.978000,4.450000,,,
1.167705,4.990000,0.978000,4.450000,,,
1.178816,4.990000,0.978000,4.450000,-0.695555,2.552892,2.814345
1.189927,4.990000,0.978000,4.450000,-0.695555,2.552892,2.814345
1.201039,4.990000,0.978000,4.450000,-0.695555,2.552892,2.814345
1.212150,4.990000,0.978000,4.450000,-0.677897,2.512413,2.514379
1.223261,4.990000,0.978000,4.450000,-0.677897,2.512413,2.514379
1.234372,4.990000,0.978000,4.450000,-0.677897,2.512413,2.514379
1.245483,4.990000,0.978000,4.450000,,,
1.256594,4.990000,0.978000,4.450000,,,
1.267705,4.990000,0.978000,4.450000,,,
1.278817,4.990000,0.978000,4.450000,-0.651811,2.444772,2.197917
1.289928,4.990000,0.978000,4.450000,-0.651811,2.444772,2.197917
1.301039,4.990000,0.978000,4.450000,-0.651811,2.444772,2.197917
1.312150,4.990000,0.978000,4.450000,-0.623572,2.362319,1.897557
1.323261,4.990000,0.978000,4.450000,-0.623572,2.362319,1.897557
1.334372,4.990000,0.978000,4.450000,-0.623572,2.362319,1.897557
1.345483,4.990000,0.978000,4.450000,,,
1.356595,4.990000,0.978000,4.450000,,,
1.367706,4.990000,0.978000,4.450000,,,
1.378817,4.990000,0.978000,4.450000,-0.594198,2.280596,1.600682
1.389928,4.990000,0.978000,4.450000,-0.594198,2.280596,1.600682
1.401039,4.990000,0.978000,4.450000,-0.594198,2.280596,1.600682
1.412150,4.990000,0.978000,4.450000,-0.577719,2.236481,1.442853
1.423261,4.990000,0.978000,4.450000,-0.577719,2.236481,1.442853
1.434373,4.990000,0.978000,4.450000,-0.577719,2.236481,1.442853
1.445484,4.990000,0.978000,4.450000,-0.577719,2.236481,1.442853
1.456595,4.990000,0.978000,4.450000,,,
1.467706,4.990000,0.978000,4.450000,,,
1.478817,4.990000,0.978000,4.450000,,,
1.489928,4.990000,0.978000,4.450000,-0.577719,2.236481,1.442853
1.501039,4.990000,0.978000,4.450000,-0.577719,2.236481,1.442853
1.512151,4.990000,0.978000,4.450000,-0.577719,2.236481,1.442853
1.523262,4.990000,0.978000,4.450000,-0.577719,2.236481,1.442853
1.534373,4.990000,0.978000,4.450000,-0.577719,2.236481,1.442853
1.545484,4.990000,0.978000,4.450000,-0.577719,2.236481,1.442853
1.556595,4.990000,0.978000,4.450000,,,
1.567706,4.990000,0.978000,4.450000,,,
1.578817,4.990000,0.978000,4.450000,,,
1.589929,4.990000,0.978000,4.450000,-0.577719,2.236481,1.442853
1.601040,4.990000,0.978000,4.450000,-0.577719,2.236481,1.442853
1.612151,4.990000,0.978000,4.450000,-0.577719,2.236481,1.442853
1.623262,4.990000,0.978000,4.450000,-0.437629,2.307966,1.493988
1.634373,4.990000,0.978000,4.450000,-0.437629,2.307966,1.493988
1.645484,4.990000,0.978000,4.450000,-0.437629,2.307966,1.493988
1.656595,4.990000,0.978000,4.450000,,,
1.667706,4.990000,0.978000,4.450000,,,
1.678818,4.990000,0.978000,4.450000,,,
1.689929,4.990000,0.978000,4.450000,-0.174673,2.425445,1.606280
1.701040,4.990000,0.978000,4.450000,-0.174673,2.425445,1.606280
1.712151,4.990000,0.978000,4.450000,-0.174673,2.425445,1.606280
1.723262,4.990000,0.978000,4.450000,0.088242,2.471685,1.747694
1.734373,4.990000,0.978000,4.450000,0.088242,2.471685,1.747694
1.745484,4.990000,0.978000,4.450000,0.088242,2.471685,1.747694
1.756596,4.990000,0.978000,4.450000,0.335426,2.428415,1.911760
1.767707,4.990000,0.978000,4.450000,0.335426,2.428415,1.911760
1.778818,4.990000,0.978000,4.450000,0.335426,2.428415,1.911760
1.789929,4.990000,0.978000,4.450000,0.335426,2.428415,1.911760
1.801040,4.990000,0.978000,4.450000,0.335426,2.428415,1.911760
1.812151,4.990000,0.978000,4.450000,0.335426,2.428415,1.911760
1.823262,4.990000,0.978000,4.450000,0.335426,2.428415,1.911760
1.834374,4.990000,0.978000,4.450000,0.516888,2.357110,2.056689
1.845485,4.990000,0.978000,4.450000,0.516888,2.357110,2.056689
1.856596,4.990000,0.978000,4.450000,0.516888,2.357110,2.056689
1.867707,4.990000,0.978000,4.450000,0.516888,2.357110,2.056689
1.878818,4.990000,0.978000,4.450000,0.516888,2.357110,2.056689
1.889929,4.990000,0.978000,4.450000,0.516888,2.357110,2.056689
1.901040,4.990000,0.978000,4.450000,0.516888,2.357110,2.056689
1.912152,4.990000,0.978000,4.450000,0.516888,2.357110,2.056689
1.923263,4.990000,0.978000,4.450000,0.516888,2.357110,2.056689
1.934374,4.990000,0.978000,4.450000,0.516888,2.357110,2.056689
1.945485,4.990000,0.978000,4.450000,0.516888,2.357110,2.056689
1.956596,4.990000,0.978000,4.450000,0.516888,2.357110,2.056689
1.967707,4.990000,0.978000,4.450000,0.516888,2.357110,2.056689
1.978818,4.990000,0.978000,4.450000,0.516888,2.357110,2.056689
1.989930,4.990000,0.978000,4.450000,0.516888,2.357110,2.056689
2.001041,4.990000,0.978000,4.450000,,,
2.012152,4.990000,0.978000,4.450000,,,
2.023263,4.990000,0.978000,4.450000,,,
2.034374,4.990000,0.978000,4.450000,0.506355,2.373189,2.137312
2.045485,4.990000,0.978000,4.450000,0.506355,2.373189,2.137312
2.056596,4.990000,0.978000,4.450000,0.506355,2.373189,2.137312
2.067707,4.990000,0.978000,4.450000,0.466479,2.428702,2.442531
2.078818,4.990000,0.978000,4.450000,0.466479,2.428702,2.442531
2.089929,4.990000,0.978000,4.450000,0.466479,2.428702,2.442531
2.101040,4.990000,0.978000,4.450000,,,
2.112151,4.990000,0.978000,4.450000,,,
2.123262,4.990000,0.978000,4.450000,,,
2.134373,4.990000,0.978000,4.450000,0.427897,2.465369,2.737841
2.145484,4.990000,0.978000,4.450000,0.427897,2.465369,2.737841
2.156595,4.990000,0.978000,4.450000,0.427897,2.465369,2.737841
2.167706,4.990000,0.978000,4.450000,0.427897,2.465369,2.737841
2.178817,4.990000,0.978000,4.450000,0.387394,2.467448,3.047864
2.189928,4.990000,0.978000,4.450000,0.387394,2.467448,3.047864
2.201039,4.990000,0.978000,4.450000,0.387394,2.467448,3.047864
2.212150,4.990000,0.978000,4.450000,,,
2.223261,4.990000,0.978000,4.450000,,,
2.234372,4.990000,0.978000,4.450000,,,
2.245483,4.990000,0.978000,4.450000,0.347516,2.422330,3.353095
2.256594,4.990000,0.978000,4.450000,0.347516,2.422330,3.353095
2.267705,4.990000,0.978000,4.450000,0.347516,2.422330,3.353095
2.278816,4.990000,0.978000,4.450000,0.308714,2.335211,3.650095
2.289927,4.990000,0.978000,4.450000,0.308714,2.335211,3.650095
2.301038,4.990000,0.978000,4.450000,0.308714,2.335211,3.650095
2.312149,4.990000,0.978000,4.450000,,,
2.323260,4.990000,0.978000,4.450000,,,
2.334371,4.990000,0.978000,4.450000,,,
2.345482,4.990000,0.978000,4.450000,0.272827,2.225804,3.924775
2.356593,4.990000,0.978000,4.450000,0.272827,2.225804,3.924775
2.367704,4.990000,0.978000,4.450000,0.272827,2.225804,3.924775
2.378815,4.990000,0.978000,4.450000,0.267662,2.208574,3.964311
2.389926,4.990000,0.978000,4.450000,0.267662,2.208574,3.964311
2.401037,4.990000,0.978000,4.450000,0.267662,2.208574,3.964311
2.412148,4.990000,0.978000,4.450000,,,
2.423259,4.990000,0.978000,4.450000,,,
2.434371,4.990000,0.978000,4.450000,,,
2.445482,4.990000,0.978000,4.450000,0.267662,2.208574,3.964311
2.456593,4.990000,0.978000,4.450000,0.267662,2.208574,3.964311
2.467704,4.990000,0.978000,4.450000,0.267662,2.208574,3.964311
2.478815,4.990000,0.978000,4.450000,0.267662,2.208574,3.964311
2.489926,4.990000,0.978000,4.450000,0.267662,2.208574,3.964311
2.501037,4.990000,0.978000,4.450000,0.267662,2.208574,3.964311
2.512148,4.990000,0.978000,4.450000,0.267662,2.208574,3.964311
2.523259,4.990000,0.978000,4.450000,,,
2.534370,4.990000,0.978000,4.450000,,,
2.545481,4.990000,0.978000,4.450000,,,
2.556592,4.990000,0.978000,4.450000,0.267662,2.208574,3.964311
2.567703,4.990000,0.978000,4.450000,0.267662,2.208574,3.964311
2.578814,4.990000,0.978000,4.450000,0.267662,2.208574,3.964311
2.589925,4.990000,0.978000,4.450000,0.201758,2.286304,3.697096
2.601036,4.990000,0.978000,4.450000,0.201758,2.286304,3.697096
2.612147,4.990000,0.978000,4.450000,0.201758,2.286304,3.697096
2.623258,4.990000,0.978000,4.450000,,,
2.634369,4.990000,0.978000,4.450000,,,
2.645480,4.990000,0.978000,4.450000,,,
2.656591,4.990000,0.978000,4.450000,0.130301,2.363508,3.404975
2.667702,4.990000,0.978000,4.450000,0.130301,2.363508,3.404975
2.678813,4.990000,0.978000,4.450000,0.130301,2.363508,3.404975
2.689924,4.990000,0.978000,4.450000,0.058477,2.422225,3.108622
2.701035,4.990000,0.978000,4.450000,0.058477,2.422225,3.108622
2.712146,4.990000,0.978000,4.450000,0.058477,2.422225,3.108622
2.723257,4.990000,0.978000,4.450000,,,
2.734368,4.990000,0.978000,4.450000,,,
2.745479,4.990000,0.978000,4.450000,,,
2.756590,4.990000,0.978000,4.450000,-0.014121,2.448739,2.810186
2.767701,4.990000,0.978000,4.450000,-0.014121,2.448739,2.810186
2.778812,4.990000,0.978000,4.450000,-0.014121,2.448739,2.810186
2.789848,4.990000,0.978000,4.450000,,,
2.801034,4.990000,0.978000,4.450000,-0.087136,2.437187,2.510289
2.812145,4.990000,0.978000,4.450000,-0.087136,2.437187,2.510289
2.823256,4.990000,0.978000,4.450000,-0.087136,2.437187,2.510289
2.834367,4.990000,0.978000,4.450000,-0.087136,2.437187,2.510289
2.845478,4.990000,0.978000,4.450000,-0.087136,2.437187,2.510289
2.856589,4.990000,0.978000,4.450000,-0.087136,2.437187,2.510289
2.867700,4.990000,0.978000,4.450000,-0.170178,2.382723,2.179840
2.878811,4.990000,0.978000,4.450000,-0.170178,2.382723,2.179840
2.889922,4.990000,0.978000,4.450000,-0.170178,2.382723,2.179840
2.901033,4.990000,0.978000,4.450000,-0.249515,2.308378,1.892861
2.912144,4.990000,0.978000,4.450000,-0.249515,2.308378,1.892861
2.923255,4.990000,0.978000,4.450000,-0.249515,2.308378,1.892861
2.934366,4.990000,0.978000,4.450000,-0.249515,2.308378,1.892861
2.945477,4.990000,0.978000,4.450000,-0.249515,2.308378,1.892861
2.956589,4.990000,0.978000,4.450000,-0.249515,2.308378,1.892861
2.967700,4.990000,0.978000,4.450000,-0.253355,2.304641,1.880062
2.978811,4.990000,0.978000,4.450000,-0.253355,2.304641,1.880062
2.989922,4.990000,0.978000,4.450000,-0.253355,2.304641,1.880062
3.001033,4.990000,0.978000,4.450000,-0.253355,2.304641,1.880062
3.012144,4.990000,0.978000,4.450000,-0.253355,2.304641,1.880062
3.023255,4.990000,0.978000,4.450000,-0.253355,2.304641,1.880062
3.034366,4.990000,0.978000,4.450000,,,
3.045477,4.990000,0.978000,4.450000,,,
3.056588,4.990000,0.978000,4.450000,,,
3.067699,4.990000,0.978000,4.450000,,,
3.078716,,,,-0.253355,2.304641,1.880062
3.089921,4.990000,0.978000,4.450000,-0.253355,2.304641,1.880062
3.101032,4.990000,0.978000,4.450000,-0.253355,2.304641,1.880062
3.112143,4.990000,0.978000,4.450000,-0.253355,2.304641,1.880062
3.123254,4.990000,0.978000,4.450000,-0.253355,2.304641,1.880062
3.134365,4.990000,0.978000,4.450000,-0.253355,2.304641,1.880062
3.145476,4.990000,0.978000,4.450000,,,
3.156587,4.990000,0.978000,4.450000,,,
3.167698,4.990000,0.978000,4.450000,,,
3.178809,4.990000,0.978000,4.450000,-0.083739,2.367014,2.121372
3.189920,4.990000,0.978000,4.450000,-0.083739,2.367014,2.121372
3.201031,4.990000,0.978000,4.450000,-0.083739,2.367014,2.121372
3.212142,4.990000,0.978000,4.450000,0.087279,2.383791,2.367402
3.223253,4.990000,0.978000,4.450000,0.087279,2.383791,2.367402
3.234364,4.990000,0.978000,4.450000,0.087279,2.383791,2.367402
3.245475,4.990000,0.978000,4.450000,,,
3.256586,4.990000,0.978000,4.450000,,,
3.267697,4.990000,0.978000,4.450000,,,
3.278808,4.990000,0.978000,4.450000,0.257078,2.308116,2.607118
3.289919,4.990000,0.978000,4.450000,0.257078,2.308116,2.607118
3.301030,4.990000,0.978000,4.450000,0.257078,2.308116,2.607118
3.312141,4.990000,0.978000,4.450000,0.257078,2.308116,2.607118
3.323252,4.990000,0.978000,4.450000,0.415511,2.161436,2.832779
3.334363,4.990000,0.978000,4.450000,0.415511,2.161436,2.832779
3.345474,4.990000,0.978000,4.450000,0.415511,2.161436,2.832779
3.356585,4.990000,0.978000,4.450000,,,
3.367696,4.990000,0.978000,4.450000,,,
3.378807,4.990000,0.978000,4.450000,,,
3.389918,4.990000,0.978000,4.450000,0.472660,2.103024,2.915407
3.401029,4.990000,0.978000,4.450000,0.472660,2.103024,2.915407
3.412140,4.990000,0.978000,4.450000,0.472660,2.103024,2.915407
3.423251,4.990000,0.978000,4.450000,0.472660,2.103024,2.915407
3.434362,4.990000,0.978000,4.450000,0.472660,2.103024,2.915407
3.445473,4.990000,0.978000,4.450000,0.472660,2.103024,2.915407
3.456584,4.990000,0.978000,4.450000,,,
3.467695,4.990000,0.978000,4.450000,,,
3.478806,4.990000,0.978000,4.450000,,,
3.489918,4.990000,0.978000,4.450000,0.472660,2.103024,2.915407
3.501029,4.990000,0.978000,4.450000,0.472660,2.103024,2.915407
3.512140,4.990000,0.978000,4.450000,0.472660,2.103024,2.915407
3.523251,4.990000,0.978000,4.450000,0.472660,2.103024,2.915407
3.534362,4.990000,0.978000,4.450000,0.472660,2.103024,2.915407
3.545473,4.990000,0.978000,4.450000,0.472660,2.103024,2.915407
3.556584,4.990000,0.978000,4.450000,0.518711,2.169324,3.085008
3.567695,4.990000,0.978000,4.450000,0.518711,2.169324,3.085008
3.578806,4.990000,0.978000,4.450000,0.518711,2.169324,3.085008
3.589917,4.990000,0.978000,4.450000,0.518711,2.169324,3.085008
3.601028,4.990000,0.978000,4.450000,0.518711,2.169324,3.085008
3.612139,4.990000,0.978000,4.450000,0.518711,2.169324,3.085008
3.623250,4.990000,0.978000,4.450000,0.593990,2.270081,3.361517
3.634361,4.990000,0.978000,4.450000,0.593990,2.270081,3.361517
3.645472,4.990000,0.978000,4.450000,0.593990,2.270081,3.361517
3.656583,4.990000,0.978000,4.450000,0.673098,2.341474,3.648436
3.667694,4.990000,0.978000,4.450000,0.673098,2.341474,3.648436
3.678805,4.990000,0.978000,4.450000,0.673098,2.341474,3.648436
3.689916,4.990000,0.978000,4.450000,0.673098,2.341474,3.648436
3.701027,4.990000,0.978000,4.450000,0.673098,2.341474,3.648436
3.712138,4.990000,0.978000,4.450000,0.673098,2.341474,3.648436
3.723249,4.990000,0.978000,4.450000,0.673098,2.341474,3.648436
3.734360,4.990000,0.978000,4.450000,0.763444,2.355988,3.942109
3.745471,4.990000,0.978000,4.450000,0.763444,2.355988,3.942109
3.756582,4.990000,0.978000,4.450000,0.763444,2.355988,3.942109
3.767693,4.990000,0.978000,4.450000,0.864312,2.313202,4.229807
3.778804,4.990000,0.978000,4.450000,0.864312,2.313202,4.229807
3.789915,4.990000,0.978000,4.450000,0.864312,2.313202,4.229807
3.801026,4.990000,0.978000,4.450000,0.864312,2.313202,4.229807
3.812137,4.990000,0.978000,4.450000,0.864312,2.313202,4.229807
3.823248,4.990000,0.978000,4.450000,0.864312,2.313202,4.229807
3.834359,4.990000,0.978000,4.450000,0.928547,2.274658,4.382939
3.845470,4.990000,0.978000,4.450000,0.928547,2.274658,4.382939
3.856581,4.990000,0.978000,4.450000,0.928547,2.274658,4.382939
3.867692,4.990000,0.978000,4.450000,0.928547,2.274658,4.382939
3.878803,4.990000,0.978000,4.450000,0.928547,2.274658,4.382939
3.889914,4.990000,0.978000,4.450000,0.928547,2.274658,4.382939
3.901025,4.990000,0.978000,4.450000,,,
3.912136,4.990000,0.978000,4.450000,,,
3.923247,4.990000,0.978000,4.450000,,,
3.934358,4.990000,0.978000,4.450000,0.928547,2.274658,4.382939
3.945469,4.990000,0.978000,4.450000,0.928547,2.274658,4.382939
3.956580,4.990000,0.978000,4.450000,0.928547,2.274658,4.382939
3.967691,4.990000,0.978000,4.450000,0.928547,2.274658,4.382939
3.978802,4.990000,0.978000,4.450000,0.928547,2.274658,4.382939
3.989913,4.990000,0.978000,4.450000,0.928547,2.274658,4.382939
4.001025,4.990000,0.978000,4.450000,,,
4.012136,4.990000,0.978000,4.450000,,,
4.023247,4.990000,0.978000,4.450000,,,
4.034359,4.990000,0.978000,4.450000,0.875415,2.295101,4.254850
4.045470,4.990000,0.978000,4.450000,0.875415,2.295101,4.254850
4.056581,4.990000,0.978000,4.450000,0.875415,2.295101,4.254850
4.067692,4.990000,0.978000,4.450000,0.875415,2.295101,4.254850
4.078804,4.990000,0.978000,4.450000,0.762946,2.337002,3.977501
4.089915,4.990000,0.978000,4.450000,0.762946,2.337002,3.977501
4.101026,4.990000,0.978000,4.450000,0.762946,2.337002,3.977501
4.112137,4.990000,0.978000,4.450000,,,
4.123249,4.990000,0.978000,4.450000,,,
4.134360,4.990000,0.978000,4.450000,,,
4.145471,4.990000,0.978000,4.450000,0.653661,2.373543,3.702088
4.156582,4.990000,0.978000,4.450000,0.653661,2.373543,3.702088
4.167694,4.990000,0.978000,4.450000,0.653661,2.373543,3.702088
4.178805,4.990000,0.978000,4.450000,0.539355,2.400433,3.411579
4.189916,4.990000,0.978000,4.450000,0.539355,2.400433,3.411579
4.201027,4.990000,0.978000,4.450000,0.539355,2.400433,3.411579
4.212139,4.990000,0.978000,4.450000,,,
4.223250,4.990000,0.978000,4.450000,,,
4.234361,4.990000,0.978000,4.450000,,,
4.245472,4.990000,0.978000,4.450000,0.431175,2.408848,3.124549
4.256584,4.990000,0.978000,4.450000,0.431175,2.408848,3.124549
4.267695,4.990000,0.978000,4.450000,0.431175,2.408848,3.124549
4.278806,4.990000,0.978000,4.450000,0.328647,2.395723,2.842441
4.289917,4.990000,0.978000,4.450000,0.328647,2.395723,2.842441
4.301029,4.990000,0.978000,4.450000,0.328647,2.395723,2.842441
4.312140,4.990000,0.978000,4.450000,,,
4.323251,4.990000,0.978000,4.450000,,,
4.334363,4.990000,0.978000,4.450000,,,
4.345474,4.990000,0.978000,4.450000,0.227533,2.359703,2.551124
4.356585,4.990000,0.978000,4.450000,0.227533,2.359703,2.551124
4.367696,4.990000,0.978000,4.450000,0.227533,2.359703,2.551124
4.378808,4.990000,0.978000,4.450000,0.134571,2.304781,2.267416
4.389919,4.990000,0.978000,4.450000,0.134571,2.304781,2.267416
4.401030,4.990000,0.978000,4.450000,0.134571,2.304781,2.267416
4.412141,4.990000,0.978000,4.450000,0.134571,2.304781,2.267416
4.423253,4.990000,0.978000,4.450000,,,
4.434364,4.990000,0.978000,4.450000,,,
4.445475,4.990000,0.978000,4.450000,,,
4.456586,4.990000,0.978000,4.450000,0.043866,2.238304,1.989504
4.467698,4.990000,0.978000,4.450000,0.043866,2.238304,1.989504
4.478809,4.990000,0.978000,4.450000,0.043866,2.238304,1.989504
4.489920,4.990000,0.978000,4.450000,0.021283,2.221947,1.923543
4.501031,4.990000,0.978000,4.450000,0.021283,2.221947,1.923543
4.512143,4.990000,0.978000,4.450000,0.021283,2.221947,1.923543
4.523254,4.990000,0.978000,4.450000,,,
4.534365,4.990000,0.978000,4.450000,,,
4.545476,4.990000,0.978000,4.450000,,,
4.556588,4.990000,0.978000,4.450000,0.021283,2.221947,1.923543
4.567699,4.990000,0.978000,4.450000,0.021283,2.221947,1.923543
4.578810,4.990000,0.978000,4.450000,0.021283,2.221947,1.923543
4.589921,4.990000,0.978000,4.450000,0.021283,2.221947,1.923543
4.601033,4.990000,0.978000,4.450000,0.021283,2.221947,1.923543
4.612144,4.990000,0.978000,4.450000,0.021283,2.221947,1.923543
4.623255,4.990000,0.978000,4.450000,,,
4.634367,4.990000,0.978000,4.450000,,,
4.645478,4.990000,0.978000,4.450000,,,
4.656589,4.990000,0.978000,4.450000,0.021283,2.221947,1.923543
4.667700,4.990000,0.978000,4.450000,0.021283,2.221947,1.923543
4.678812,4.990000,0.978000,4.450000,0.021283,2.221947,1.923543
4.689923,4.990000,0.978000,4.450000,0.192715,2.368747,2.080173
4.701034,4.990000,0.978000,4.450000,0.192715,2.368747,2.080173
4.712145,4.990000,0.978000,4.450000,0.192715,2.368747,2.080173
4.723257,4.990000,0.978000,4.450000,0.192715,2.368747,2.080173
4.734368,4.990000,0.978000,4.450000,,,
4.745479,4.990000,0.978000,4.450000,,,
4.756590,4.990000,0.978000,4.450000,,,
4.767702,4.990000,0.978000,4.450000,0.407005,2.457927,2.272103
4.778813,4.990000,0.978000,4.450000,0.407005,2.457927,2.272103
4.789924,4.990000,0.978000,4.450000,0.407005,2.457927,2.272103
4.801035,4.990000,0.978000,4.450000,0.581055,2.397041,2.427462
4.812147,4.990000,0.978000,4.450000,0.581055,2.397041,2.427462
4.823258,4.990000,0.978000,4.450000,0.581055,2.397041,2.427462
4.834369,4.990000,0.978000,4.450000,0.653593,2.351581,2.489913
4.845480,4.990000,0.978000,4.450000,0.653593,2.351581,2.489913
4.856592,4.990000,0.978000,4.450000,0.653593,2.351581,2.489913
4.867703,4.990000,0.978000,4.450000,0.653593,2.351581,2.489913
4.878814,4.990000,0.978000,4.450000,0.653593,2.351581,2.489913
4.889925,4.990000,0.978000,4.450000,0.653593,2.351581,2.489913
4.901037,4.990000,0.978000,4.450000,0.653593,2.351581,2.489913
4.912148,4.990000,0.978000,4.450000,0.653593,2.351581,2.489913
4.923259,4.990000,0.978000,4.450000,0.653593,2.351581,2.489913
4.934371,4.990000,0.978000,4.450000,0.653593,2.351581,2.489913
4.945482,4.990000,0.978000,4.450000,0.653593,2.351581,2.489913
4.956593,4.990000,0.978000,4.450000,0.653593,2.351581,2.489913
4.967704,4.990000,0.978000,4.450000,0.653593,2.351581,2.489913
4.978816,4.990000,0.978000,4.450000,0.653593,2.351581,2.489913
4.989927,4.990000,0.978000,4.450000,0.653593,2.351581,2.489913
5.001038,4.990000,0.978000,4.450000,0.653593,2.351581,2.489913
5.012149,4.990000,0.978000,4.450000,0.653593,2.351581,2.489913
5.023261,4.990000,0.978000,4.450000,0.653593,2.351581,2.489913
5.034372,4.990000,0.978000,4.450000,0.667957,2.393352,2.620590
5.045483,4.990000,0.978000,4.450000,0.667957,2.393352,2.620590
5.056594,4.990000,0.978000,4.450000,0.667957,2.393352,2.620590
5.067706,4.990000,0.978000,4.450000,0.667957,2.393352,2.620590
5.078817,4.990000,0.978000,4.450000,,,
5.089928,4.990000,0.978000,4.450000,,,
5.101039,4.990000,0.978000,4.450000,,,
5.112151,4.990000,0.978000,4.450000,0.693992,2.466693,2.913138
5.123262,4.990000,0.978000,4.450000,0.693992,2.466693,2.913138
5.134373,4.990000,0.978000,4.450000,0.693992,2.466693,2.913138
5.145484,4.990000,0.978000,4.450000,0.699345,2.429036,3.199430
5.156596,4.990000,0.978000,4.450000,0.699345,2.429036,3.199430
5.167707,4.990000,0.978000,4.450000,0.699345,2.429036,3.199430
5.178818,4.990000,0.978000,4.450000,,,
5.189929,4.990000,0.978000,4.450000,,,
5.201041,4.990000,0.978000,4.450000,,,
5.212152,4.990000,0.978000,4.450000,0.673493,2.294483,3.400060
5.223263,4.990000,0.978000,4.450000,0.673493,2.294483,3.400060
5.234375,4.990000,0.978000,4.450000,0.673493,2.294483,3.400060
5.245486,4.990000,0.978000,4.450000,0.650514,2.217187,3.481950
5.256597,4.990000,0.978000,4.450000,0.650514,2.217187,3.481950
5.267708,4.990000,0.978000,4.450000,0.650514,2.217187,3.481950
5.278820,4.990000,0.978000,4.450000,,,
5.289931,4.990000,0.978000,4.450000,,,
5.301042,4.990000,0.978000,4.450000,,,
5.312153,4.990000,0.978000,4.450000,0.650514,2.217187,3.481950
5.323265,4.990000,0.978000,4.450000,0.650514,2.217187,3.481950
5.334376,4.990000,0.978000,4.450000,0.650514,2.217187,3.481950
5.345487,4.990000,0.978000,4.450000,0.650514,2.217187,3.481950
5.356598,4.990000,0.978000,4.450000,0.650514,2.217187,3.481950
5.367710,4.990000,0.978000,4.450000,0.650514,2.217187,3.481950
5.378821,4.990000,0.978000,4.450000,,,
5.389932,4.990000,0.978000,4.450000,,,
5.401043,4.990000,0.978000,4.450000,,,
5.412155,4.990000,0.978000,4.450000,0.650514,2.217187,3.481950
5.423266,4.990000,0.978000,4.450000,0.650514,2.217187,3.481950
5.434377,4.990000,0.978000,4.450000,0.650514,2.217187,3.481950
5.445488,4.990000,0.978000,4.450000,0.650514,2.217187,3.481950
5.456600,4.990000,0.978000,4.450000,0.589404,2.275155,3.329302
5.467711,4.990000,0.978000,4.450000,0.589404,2.275155,3.329302
5.478822,4.990000,0.978000,4.450000,0.589404,2.275155,3.329302
5.489933,4.990000,0.978000,4.450000,,,
5.501045,4.990000,0.978000,4.450000,,,
5.512156,4.990000,0.978000,4.450000,,,
5.523267,4.990000,0.978000,4.450000,0.480559,2.370932,3.057593
5.534379,4.990000,0.978000,4.450000,0.480559,2.370932,3.057593
5.545490,4.990000,0.978000,4.450000,0.480559,2.370932,3.057593
5.556601,4.990000,0.978000,4.450000,0.370929,2.441520,2.783925
5.567712,4.990000,0.978000,4.450000,0.370929,2.441520,2.783925
5.578824,4.990000,0.978000,4.450000,0.370929,2.441520,2.783925
5.589935,4.990000,0.978000,4.450000,,,
5.601046,4.990000,0.978000,4.450000,,,
5.612157,4.990000,0.978000,4.450000,,,
5.623269,4.990000,0.978000,4.450000,0.255705,2.466834,2.496110
5.634380,4.990000,0.978000,4.450000,0.255705,2.466834,2.496110
5.645491,4.990000,0.978000,4.450000,0.255705,2.466834,2.496110
5.656602,4.990000,0.978000,4.450000,0.141938,2.441118,2.215230
5.667714,4.990000,0.978000,4.450000,0.141938,2.441118,2.215230
5.678825,4.990000,0.978000,4.450000,0.141938,2.441118,2.215230
5.689936,4.990000,0.978000,4.450000,,,
5.701047,4.990000,0.978000,4.450000,,,
5.712159,4.990000,0.978000,4.450000,,,
5.723270,4.990000,0.978000,4.450000,0.013955,2.382111,1.939643
5.734381,4.990000,0.978000,4.450000,0.013955,2.382111,1.939643
5.745492,4.990000,0.978000,4.450000,0.013955,2.382111,1.939643
5.756604,4.990000,0.978000,4.450000,-0.028014,2.361353,1.857662
5.767715,4.990000,0.978000,4.450000,-0.028014,2.361353,1.857662
5.778826,4.990000,0.978000,4.450000,-0.028014,2.361353,1.857662
5.789937,4.990000,0.978000,4.450000,,,
5.801049,4.990000,0.978000,4.450000,,,
5.812160,4.990000,0.978000,4.450000,,,
5.823271,4.990000,0.978000,4.450000,,,
5.834383,4.990000,0.978000,4.450000,-0.028014,2.361353,1.857662
5.845494,4.990000,0.978000,4.450000,-0.028014,2.361353,1.857662
5.856605,4.990000,0.978000,4.450000,-0.028014,2.361353,1.857662
5.867716,4.990000,0.978000,4.450000,-0.028014,2.361353,1.857662
5.878828,4.990000,0.978000,4.450000,-0.028014,2.361353,1.857662
5.889939,4.990000,0.978000,4.450000,-0.028014,2.361353,1.857662
5.901050,4.990000,0.978000,4.450000,,,
5.912161,4.990000,0.978000,4.450000,,,
5.923273,4.990000,0.978000,4.450000,,,
5.934384,4.990000,0.978000,4.450000,-0.028014,2.361353,1.857662
5.945495,4.990000,0.978000,4.450000,-0.028014,2.361353,1.857662
5.956606,4.990000,0.978000,4.450000,-0.028014,2.361353,1.857662
5.967718,4.990000,0.978000,4.450000,0.131453,2.429692,2.006158
5.978829,4.990000,0.978000,4.450000,0.131453,2.429692,2.006158
5.989940,4.990000,0.978000,4.450000,0.131453,2.429692,2.006158
6.001051,4.990000,0.978000,4.450000,,,
6.012163,4.990000,0.978000,4.450000,,,
6.023274,4.990000,0.978000,4.450000,,,
6.034385,4.990000,0.978000,4.450000,0.301616,2.382221,2.164614
6.045496,4.990000,0.978000,4.450000,0.301616,2.382221,2.164614
6.056608,4.990000,0.978000,4.450000,0.301616,2.382221,2.164614
6.067719,4.990000,0.978000,4.450000,0.439645,2.197391,2.293146
6.078830,4.990000,0.978000,4.450000,0.439645,2.197391,2.293146
6.089942,4.990000,0.978000,4.450000,0.439645,2.197391,2.293146
6.101053,4.990000,0.978000,4.450000,,,
6.112164,4.990000,0.978000,4.450000,,,
6.123275,4.990000,0.978000,4.450000,,,
6.134387,4.990000,0.978000,4.450000,0.475300,2.136847,2.326348
6.145498,4.990000,0.978000,4.450000,0.475300,2.136847,2.326348
6.156609,4.990000,0.978000,4.450000,0.475300,2.136847,2.326348
6.167720,4.990000,0.978000,4.450000,0.475300,2.136847,2.326348
6.178832,4.990000,0.978000,4.450000,0.475300,2.136847,2.326348
6.189943,4.990000,0.978000,4.450000,0.475300,2.136847,2.326348
6.201054,4.990000,0.978000,4.450000,0.475300,2.136847,2.326348
6.212165,4.990000,0.978000,4.450000,,,
6.223277,4.990000,0.978000,4.450000,,,
6.234388,4.990000,0.978000,4.450000,,,
6.245499,4.990000,0.978000,4.450000,0.475300,2.136847,2.326348
6.256610,4.990000,0.978000,4.450000,0.475300,2.136847,2.326348
6.267722,4.990000,0.978000,4.450000,0.475300,2.136847,2.326348
6.278833,4.990000,0.978000,4.450000,0.475300,2.136847,2.326348
6.289944,4.990000,0.978000,4.450000,0.475300,2.136847,2.326348
6.301055,4.990000,0.978000,4.450000,0.475300,2.136847,2.326348
6.312167,4.990000,0.978000,4.450000,,,
6.323278,4.990000,0.978000,4.450000,,,
6.334389,4.990000,0.978000,4.450000,,,
6.345500,4.990000,0.978000,4.450000,0.368611,2.200587,2.471302
6.356612,4.990000,0.978000,4.450000,0.368611,2.200587,2.471302
6.367723,4.990000,0.978000,4.450000,0.368611,2.200587,2.471302
6.378834,4.990000,0.978000,4.450000,0.206817,2.281521,2.689664
6.389946,4.990000,0.978000,4.450000,0.206817,2.281521,2.689664
6.401057,4.990000,0.978000,4.450000,0.206817,2.281521,2.689664
6.412168,4.990000,0.978000,4.450000,,,
6.423279,4.990000,0.978000,4.450000,,,
6.434391,4.990000,0.978000,4.450000,,,
6.445502,4.990000,0.978000,4.450000,0.014912,2.315434,2.947266
6.456613,4.990000,0.978000,4.450000,0.014912,2.315434,2.947266
6.467724,4.990000,0.978000,4.450000,0.014912,2.315434,2.947266
6.478836,4.990000,0.978000,4.450000,-0.165675,2.278387,3.192538
6.489947,4.990000,0.978000,4.450000,-0.165675,2.278387,3.192538
6.501058,4.990000,0.978000,4.450000,-0.165675,2.278387,3.192538
6.512169,4.990000,0.978000,4.450000,-0.341592,2.208419,3.428878
6.523281,4.990000,0.978000,4.450000,-0.341592,2.208419,3.428878
6.534392,4.990000,0.978000,4.450000,-0.341592,2.208419,3.428878
6.545503,4.990000,0.978000,4.450000,-0.341592,2.208419,3.428878
6.556614,4.990000,0.978000,4.450000,-0.341592,2.208419,3.428878
6.567726,4.990000,0.978000,4.450000,-0.341592,2.208419,3.428878
6.578837,4.990000,0.978000,4.450000,-0.341592,2.208419,3.428878
6.589948,4.990000,0.978000,4.450000,-0.365332,2.198349,3.461259
6.601059,4.990000,0.978000,4.450000,-0.365332,2.198349,3.461259
6.612171,4.990000,0.978000,4.450000,-0.365332,2.198349,3.461259
6.623282,4.990000,0.978000,4.450000,-0.365332,2.198349,3.461259
6.634393,4.990000,0.978000,4.450000,-0.365332,2.198349,3.461259
6.645504,4.990000,0.978000,4.450000,-0.365332,2.198349,3.461259
6.656616,4.990000,0.978000,4.450000,-0.365332,2.198349,3.461259
6.667727,4.990000,0.978000,4.450000,-0.365332,2.198349,3.461259
6.678838,4.990000,0.978000,4.450000,-0.365332,2.198349,3.461259
6.689950,4.990000,0.978000,4.450000,-0.365332,2.198349,3.461259
6.701061,4.990000,0.978000,4.450000,-0.365332,2.198349,3.461259
6.712172,4.990000,0.978000,4.450000,-0.365332,2.198349,3.461259
6.723283,4.990000,0.978000,4.450000,-0.365332,2.198349,3.461259
6.734395,4.990000,0.978000,4.450000,-0.365332,2.198349,3.461259
6.745506,4.990000,0.978000,4.450000,-0.365332,2.198349,3.461259
6.756617,4.990000,0.978000,4.450000,-0.365332,2.198349,3.461259
6.767728,4.990000,0.978000,4.450000,-0.365332,2.198349,3.461259
6.778840,4.990000,0.978000,4.450000,-0.365332,2.198349,3.461259
6.789951,4.990000,0.978000,4.450000,-0.444921,2.260306,3.200028
6.801062,4.990000,0.978000,4.450000,-0.444921,2.260306,3.200028
6.812173,4.990000,0.978000,4.450000,-0.444921,2.260306,3.200028
6.823285,4.990000,0.978000,4.450000,-0.544175,2.315513,2.913572
6.834396,4.990000,0.978000,4.450000,-0.544175,2.315513,2.913572
6.845507,4.990000,0.978000,4.450000,-0.544175,2.315513,2.913572
6.856618,4.990000,0.978000,4.450000,,,
6.867730,4.990000,0.978000,4.450000,,,
6.878841,4.990000,0.978000,4.450000,,,
6.889952,4.990000,0.978000,4.450000,,,
6.901063,4.990000,0.978000,4.450000,-0.659662,2.333067,2.630787
6.912175,4.990000,0.978000,4.450000,-0.659662,2.333067,2.630787
6.923286,4.990000,0.978000,4.450000,-0.659662,2.333067,2.630787
6.934397,4.990000,0.978000,4.450000,-0.789324,2.293942,2.355562
6.945508,4.990000,0.978000,4.450000,-0.789324,2.293942,2.355562
6.956620,4.990000,0.978000,4.450000,-0.789324,2.293942,2.355562
6.967731,4.990000,0.978000,4.450000,,,
6.978842,4.990000,0.978000,4.450000,,,
6.989954,4.990000,0.978000,4.450000,,,
7.001065,4.990000,0.978000,4.450000,-0.933718,2.203046,2.093538
7.012176,4.990000,0.978000,4.450000,-0.933718,2.203046,2.093538
7.023287,4.990000,0.978000,4.450000,-0.933718,2.203046,2.093538
7.034399,4.990000,0.978000,4.450000,-1.066365,2.105314,1.891490
7.045510,4.990000,0.978000,4.450000,-1.066365,2.105314,1.891490
7.056621,4.990000,0.978000,4.450000,-1.066365,2.105314,1.891490
7.067732,4.990000,0.978000,4.450000,,,
7.078844,4.990000,0.978000,4.450000,,,
7.089955,4.990000,0.978000,4.450000,,,
7.101066,4.990000,0.978000,4.450000,-1.066365,2.105314,1.891490
7.112159,,,,-1.066365,2.105314,1.891490
7.123289,4.990000,0.978000,4.450000,-1.066365,2.105314,1.891490
7.134400,4.990000,0.978000,4.450000,-1.066365,2.105314,1.891490
7.145511,4.990000,0.978000,4.450000,-1.066365,2.105314,1.891490
7.156622,4.990000,0.978000,4.450000,-1.066365,2.105314,1.891490
7.167734,4.990000,0.978000,4.450000,,,
7.178845,4.990000,0.978000,4.450000,,,
7.189956,4.990000,0.978000,4.450000,,,
7.201067,4.990000,0.978000,4.450000,-1.066365,2.105314,1.891490
7.212179,4.990000,0.978000,4.450000,-1.066365,2.105314,1.891490
7.223290,4.990000,0.978000,4.450000,-1.066365,2.105314,1.891490
7.234401,4.990000,0.978000,4.450000,-1.066365,2.105314,1.891490
7.245512,4.990000,0.978000,4.450000,-0.998966,2.132460,1.905480
7.256624,4.990000,0.978000,4.450000,-0.998966,2.132460,1.905480
7.267735,4.990000,0.978000,4.450000,-0.998966,2.132460,1.905480
7.278846,4.990000,0.978000,4.450000,,,
7.289958,4.990000,0.978000,4.450000,,,
7.301069,4.990000,0.978000,4.450000,,,
7.312180,4.990000,0.978000,4.450000,-0.725495,2.239928,1.960110
7.323291,4.990000,0.978000,4.450000,-0.725495,2.239928,1.960110
7.334403,4.990000,0.978000,4.450000,-0.725495,2.239928,1.960110
7.345514,4.990000,0.978000,4.450000,-0.415388,2.335986,2.018466
7.356625,4.990000,0.978000,4.450000,-0.415388,2.335986,2.018466
7.367736,4.990000,0.978000,4.450000,-0.415388,2.335986,2.018466
7.378848,4.990000,0.978000,4.450000,-0.415388,2.335986,2.018466
7.389959,4.990000,0.978000,4.450000,-0.415388,2.335986,2.018466
7.401070,4.990000,0.978000,4.450000,-0.415388,2.335986,2.018466
7.412181,4.990000,0.978000,4.450000,-0.111579,2.365225,2.065306
7.423293,4.990000,0.978000,4.450000,-0.111579,2.365225,2.065306
7.434404,4.990000,0.978000,4.450000,-0.111579,2.365225,2.065306
7.445515,4.990000,0.978000,4.450000,0.191992,2.325944,2.102221
7.456626,4.990000,0.978000,4.450000,0.191992,2.325944,2.102221
7.467738,4.990000,0.978000,4.450000,0.191992,2.325944,2.102221
7.478849,4.990000,0.978000,4.450000,0.191992,2.325944,2.102221
7.489960,4.990000,0.978000,4.450000,0.191992,2.325944,2.102221
7.501071,4.990000,0.978000,4.450000,0.191992,2.325944,2.102221
7.512183,4.990000,0.978000,4.450000,0.358263,2.285225,2.118255
7.523294,4.990000,0.978000,4.450000,0.358263,2.285225,2.118255
7.534405,4.990000,0.978000,4.450000,0.358263,2.285225,2.118255
7.545516,4.990000,0.978000,4.450000,0.358263,2.285225,2.118255
7.556628,4.990000,0.978000,4.450000,0.358263,2.285225,2.118255
7.567739,4.990000,0.978000,4.450000,0.358263,2.285225,2.118255
7.578850,4.990000,0.978000,4.450000,,,
7.589962,4.990000,0.978000,4.450000,,,
7.601073,4.990000,0.978000,4.450000,,,
7.612184,4.990000,0.978000,4.450000,0.358263,2.285225,2.118255
7.623295,4.990000,0.978000,4.450000,0.358263,2.285225,2.118255
7.634407,4.990000,0.978000,4.450000,0.358263,2.285225,2.118255
7.645518,4.990000,0.978000,4.450000,0.358263,2.285225,2.118255
7.656629,4.990000,0.978000,4.450000,0.358263,2.285225,2.118255
7.667740,4.990000,0.978000,4.450000,0.358263,2.285225,2.118255
7.678852,4.990000,0.978000,4.450000,0.358263,2.285225,2.118255
7.689963,4.990000,0.978000,4.450000,,,
7.701074,4.990000,0.978000,4.450000,,,
7.712185,4.990000,0.978000,4.450000,,,
7.723297,4.990000,0.978000,4.450000,0.332855,2.317996,2.225949
7.734408,4.990000,0.978000,4.450000,0.332855,2.317996,2.225949
7.745519,4.990000,0.978000,4.450000,0.332855,2.317996,2.225949
7.756630,4.990000,0.978000,4.450000,0.265963,2.401471,2.517198
7.767742,4.990000,0.978000,4.450000,0.265963,2.401471,2.517198
7.778853,4.990000,0.978000,4.450000,0.265963,2.401471,2.517198
7.789964,4.990000,0.978000,4.450000,,,
7.801075,4.990000,0.978000,4.450000,,,
7.812187,4.990000,0.978000,4.450000,,,
7.823298,4.990000,0.978000,4.450000,0.200369,2.465201,2.805174
7.834409,4.990000,0.978000,4.450000,0.200369,2.465201,2.805174
7.845520,4.990000,0.978000,4.450000,0.200369,2.465201,2.805174
7.856632,4.990000,0.978000,4.450000,0.131839,2.492465,3.107447
7.867743,4.990000,0.978000,4.450000,0.131839,2.492465,3.107447
7.878854,4.990000,0.978000,4.450000,0.131839,2.492465,3.107447
7.889966,4.990000,0.978000,4.450000,,,
7.901077,4.990000,0.978000,4.450000,,,
7.912188,4.990000,0.978000,4.450000,,,
7.923299,4.990000,0.978000,4.450000,0.065530,2.471613,3.400727
7.934411,4.990000,0.978000,4.450000,0.065530,2.471613,3.400727
7.945522,4.990000,0.978000,4.450000,0.065530,2.471613,3.400727
7.956608,4.990000,0.978000,4.450000,,,
7.967744,4.990000,0.978000,4.450000,-0.001337,2.407320,3.695275
7.978856,4.990000,0.978000,4.450000,-0.001337,2.407320,3.695275
7.989967,4.990000,0.978000,4.450000,-0.001337,2.407320,3.695275
8.001078,4.990000,0.978000,4.450000,,,
8.012189,4.990000,0.978000,4.450000,,,
8.023300,4.990000,0.978000,4.450000,,,
8.034411,4.990000,0.978000,4.450000,-0.052333,2.332798,3.933456
8.045523,4.990000,0.978000,4.450000,-0.052333,2.332798,3.933456
8.056634,4.990000,0.978000,4.450000,-0.052333,2.332798,3.933456
8.067745,4.990000,0.978000,4.450000,-0.052333,2.332798,3.933456
8.078856,4.990000,0.978000,4.450000,-0.052333,2.332798,3.933456
8.089968,4.990000,0.978000,4.450000,-0.052333,2.332798,3.933456
8.101079,4.990000,0.978000,4.450000,,,
8.112190,4.990000,0.978000,4.450000,,,
8.123302,4.990000,0.978000,4.450000,,,
8.134413,4.990000,0.978000,4.450000,-0.052333,2.332798,3.933456
8.145524,4.990000,0.978000,4.450000,-0.052333,2.332798,3.933456
8.156635,4.990000,0.978000,4.450000,-0.052333,2.332798,3.933456
8.167747,4.990000,0.978000,4.450000,-0.052333,2.332798,3.933456
8.178858,4.990000,0.978000,4.450000,-0.052333,2.332798,3.933456
8.189969,4.990000,0.978000,4.450000,-0.052333,2.332798,3.933456
8.201080,4.990000,0.978000,4.450000,,,
8.212192,4.990000,0.978000,4.450000,,,
8.223303,4.990000,0.978000,4.450000,,,
8.234414,4.990000,0.978000,4.450000,-0.098449,2.355466,3.887633
8.245525,4.990000,0.978000,4.450000,-0.098449,2.355466,3.887633
8.256637,4.990000,0.978000,4.450000,-0.098449,2.355466,3.887633
8.267748,4.990000,0.978000,4.450000,-0.280370,2.442348,3.707460
8.278859,4.990000,0.978000,4.450000,-0.280370,2.442348,3.707460
8.289970,4.990000,0.978000,4.450000,-0.280370,2.442348,3.707460
8.301082,4.990000,0.978000,4.450000,-0.280370,2.442348,3.707460
8.312193,4.990000,0.978000,4.450000,,,
8.323304,4.990000,0.978000,4.450000,,,
8.334415,4.990000,0.978000,4.450000,,,
8.345527,4.990000,0.978000,4.450000,-0.523244,2.509301,3.471570
8.356638,4.990000,0.978000,4.450000,-0.523244,2.509301,3.471570
8.367749,4.990000,0.978000,4.450000,-0.523244,2.509301,3.471570
8.378860,4.990000,0.978000,4.450000,-0.723725,2.450053,3.287649
8.389972,4.990000,0.978000,4.450000,-0.723725,2.450053,3.287649
8.401083,4.990000,0.978000,4.450000,-0.723725,2.450053,3.287649
8.412194,4.990000,0.978000,4.450000,,,
8.423306,4.990000,0.978000,4.450000,,,
8.434417,4.990000,0.978000,4.450000,,,
8.445528,4.990000,0.978000,4.450000,-0.854225,2.353799,3.185049
8.456639,4.990000,0.978000,4.450000,-0.854225,2.353799,3.185049
8.467751,4.990000,0.978000,4.450000,-0.854225,2.353799,3.185049
8.478862,4.990000,0.978000,4.450000,-0.858275,2.350109,3.182224
8.489973,4.990000,0.978000,4.450000,-0.858275,2.350109,3.182224
8.501084,4.990000,0.978000,4.450000,-0.858275,2.350109,3.182224
8.512196,4.990000,0.978000,4.450000,-0.858275,2.350109,3.182224
8.523307,4.990000,0.978000,4.450000,,,
8.534418,4.990000,0.978000,4.450000,,,
8.545529,4.990000,0.978000,4.450000,,,
8.556641,4.990000,0.978000,4.450000,-0.858275,2.350109,3.182224
8.567752,4.990000,0.978000,4.450000,-0.858275,2.350109,3.182224
8.578863,4.990000,0.978000,4.450000,-0.858275,2.350109,3.182224
8.589974,4.990000,0.978000,4.450000,-0.858275,2.350109,3.182224
8.601086,4.990000,0.978000,4.450000,-0.858275,2.350109,3.182224
8.612197,4.990000,0.978000,4.450000,-0.858275,2.350109,3.182224
8.623308,4.990000,0.978000,4.450000,,,
8.634419,4.990000,0.978000,4.450000,,,
8.645531,4.990000,0.978000,4.450000,,,
8.656642,4.990000,0.978000,4.450000,-0.858275,2.350109,3.182224
8.667753,4.990000,0.978000,4.450000,-0.858275,2.350109,3.182224
8.678864,4.990000,0.978000,4.450000,-0.858275,2.350109,3.182224
8.689976,4.990000,0.978000,4.450000,-0.651714,2.438754,2.968741
8.701087,4.990000,0.978000,4.450000,-0.651714,2.438754,2.968741
8.712198,4.990000,0.978000,4.450000,-0.651714,2.438754,2.968741
8.723310,4.990000,0.978000,4.450000,,,
8.734421,4.990000,0.978000,4.450000,,,
8.745532,4.990000,0.978000,4.450000,,,
8.756643,4.990000,0.978000,4.450000,-0.440917,2.474648,2.752007
8.767755,4.990000,0.978000,4.450000,-0.440917,2.474648,2.752007
8.778866,4.990000,0.978000,4.450000,-0.440917,2.474648,2.752007
8.789977,4.990000,0.978000,4.450000,-0.238911,2.400723,2.543894
8.801088,4.990000,0.978000,4.450000,-0.238911,2.400723,2.543894
8.812200,4.990000,0.978000,4.450000,-0.238911,2.400723,2.543894
8.823286,4.990000,0.978000,4.450000,,,
8.834422,4.990000,0.978000,4.450000,-0.058962,2.255846,2.358845
8.845533,4.990000,0.978000,4.450000,-0.058962,2.255846,2.358845
8.856645,4.990000,0.978000,4.450000,-0.058962,2.255846,2.358845
8.867756,4.990000,0.978000,4.450000,,,
8.878867,4.990000,0.978000,4.450000,,,
8.889978,4.990000,0.978000,4.450000,,,
8.901090,4.990000,0.978000,4.450000,-0.022254,2.221382,2.321045
8.912201,4.990000,0.978000,4.450000,-0.022254,2.221382,2.321045
8.923312,4.990000,0.978000,4.450000,-0.022254,2.221382,2.321045
8.934423,4.990000,0.978000,4.450000,-0.022254,2.221382,2.321045
8.945535,4.990000,0.978000,4.450000,-0.022254,2.221382,2.321045
8.956646,4.990000,0.978000,4.450000,-0.022254,2.221382,2.321045
8.967757,4.990000,0.978000,4.450000,,,
8.978868,4.990000,0.978000,4.450000,,,
8.989980,4.990000,0.978000,4.450000,,,
9.001091,4.990000,0.978000,4.450000,-0.022254,2.221382,2.321045
9.012202,4.990000,0.978000,4.450000,-0.022254,2.221382,2.321045
9.023314,4.990000,0.978000,4.450000,-0.022254,2.221382,2.321045
9.034425,4.990000,0.978000,4.450000,-0.022254,2.221382,2.321045
9.045536,4.990000,0.978000,4.450000,-0.022254,2.221382,2.321045
9.056647,4.990000,0.978000,4.450000,-0.022254,2.221382,2.321045
9.067759,4.990000,0.978000,4.450000,-0.022254,2.221382,2.321045
9.078870,4.990000,0.978000,4.450000,,,
9.089981,4.990000,0.978000,4.450000,,,
9.101092,4.990000,0.978000,4.450000,,,
9.112204,4.990000,0.978000,4.450000,0.031398,2.268737,2.542311
9.123315,4.990000,0.978000,4.450000,0.031398,2.268737,2.542311
9.134426,4.990000,0.978000,4.450000,0.031398,2.268737,2.542311
9.145537,4.990000,0.978000,4.450000,0.111947,2.322143,2.837406
9.156649,4.990000,0.978000,4.450000,0.111947,2.322143,2.837406
9.167760,4.990000,0.978000,4.450000,0.111947,2.322143,2.837406
9.178871,4.990000,0.978000,4.450000,,,
9.189982,4.990000,0.978000,4.450000,,,
9.201094,4.990000,0.978000,4.450000,,,
9.212205,4.990000,0.978000,4.450000,0.205654,2.347975,3.132374
9.223316,4.990000,0.978000,4.450000,0.205654,2.347975,3.132374
9.234427,4.990000,0.978000,4.450000,0.205654,2.347975,3.132374
9.245539,4.990000,0.978000,4.450000,0.307701,2.335506,3.417649
9.256650,4.990000,0.978000,4.450000,0.307701,2.335506,3.417649
9.267761,4.990000,0.978000,4.450000,0.307701,2.335506,3.417649
9.278872,4.990000,0.978000,4.450000,,,
9.289984,4.990000,0.978000,4.450000,,,
9.301095,4.990000,0.978000,4.450000,,,
9.312206,4.990000,0.978000,4.450000,0.420547,2.288338,3.696019
9.323318,4.990000,0.978000,4.450000,0.420547,2.288338,3.696019
9.334429,4.990000,0.978000,4.450000,0.420547,2.288338,3.696019
9.345540,4.990000,0.978000,4.450000,0.420547,2.288338,3.696019
9.356651,4.990000,0.978000,4.450000,0.546938,2.217479,3.967415
9.367763,4.990000,0.978000,4.450000,0.546938,2.217479,3.967415
9.378874,4.990000,0.978000,4.450000,0.546938,2.217479,3.967415
9.389985,4.990000,0.978000,4.450000,,,
9.401096,4.990000,0.978000,4.450000,,,
9.412208,4.990000,0.978000,4.450000,,,
9.423319,4.990000,0.978000,4.450000,0.618469,2.175707,4.108032
9.434430,4.990000,0.978000,4.450000,0.618469,2.175707,4.108032
9.445541,4.990000,0.978000,4.450000,0.618469,2.175707,4.108032
9.456653,4.990000,0.978000,4.450000,0.618469,2.175707,4.108032
9.467764,4.990000,0.978000,4.450000,0.618469,2.175707,4.108032
9.478875,4.990000,0.978000,4.450000,0.618469,2.175707,4.108032
9.489986,4.990000,0.978000,4.450000,,,
9.501098,4.990000,0.978000,4.450000,,,
9.512209,4.990000,0.978000,4.450000,,,
9.523320,4.990000,0.978000,4.450000,0.618469,2.175707,4.108032
9.534431,4.990000,0.978000,4.450000,0.618469,2.175707,4.108032
9.545543,4.990000,0.978000,4.450000,0.618469,2.175707,4.108032
9.556654,4.990000,0.978000,4.450000,0.618469,2.175707,4.108032
9.567765,4.990000,0.978000,4.450000,0.618469,2.175707,4.108032
9.578876,4.990000,0.978000,4.450000,0.618469,2.175707,4.108032
9.589988,4.990000,0.978000,4.450000,,,
9.601099,4.990000,0.978000,4.450000,,,
9.612210,4.990000,0.978000,4.450000,,,
9.623322,4.990000,0.978000,4.450000,0.472315,2.240820,4.090540
9.634433,4.990000,0.978000,4.450000,0.472315,2.240820,4.090540
9.645544,4.990000,0.978000,4.450000,0.472315,2.240820,4.090540
9.656655,4.990000,0.978000,4.450000,0.179222,2.332138,4.058990
9.667767,4.990000,0.978000,4.450000,0.179222,2.332138,4.058990
9.678878,4.990000,0.978000,4.450000,0.179222,2.332138,4.058990
9.689989,4.990000,0.978000,4.450000,,,
9.701100,4.990000,0.978000,4.450000,,,
9.712212,4.990000,0.978000,4.450000,,,
9.723323,4.990000,0.978000,4.450000,-0.113444,2.267427,4.027282
9.734434,4.990000,0.978000,4.450000,-0.113444,2.267427,4.027282
9.745545,4.990000,0.978000,4.450000,-0.113444,2.267427,4.027282
9.756657,4.990000,0.978000,4.450000,-0.113444,2.267427,4.027282
9.767768,4.990000,0.978000,4.450000,-0.312954,2.139193,4.006753
9.778879,4.990000,0.978000,4.450000,-0.312954,2.139193,4.006753
9.789990,4.990000,0.978000,4.450000,-0.312954,2.139193,4.006753
9.801102,4.990000,0.978000,4.450000,,,
9.812213,4.990000,0.978000,4.450000,,,
9.823324,4.990000,0.978000,4.450000,,,
9.834435,4.990000,0.978000,4.450000,-0.323135,2.131742,4.005663
9.845547,4.990000,0.978000,4.450000,-0.323135,2.131742,4.005663
9.856658,4.990000,0.978000,4.450000,-0.323135,2.131742,4.005663
9.867769,4.990000,0.978000,4.450000,-0.323135,2.131742,4.005663
9.878881,4.990000,0.978000,4.450000,-0.323135,2.131742,4.005663
9.889992,4.990000,0.978000,4.450000,-0.323135,2.131742,4.005663
9.901103,4.990000,0.978000,4.450000,,,
9.912214,4.990000,0.978000,4.450000,,,
9.923326,4.990000,0.978000,4.450000,,,
9.934437,4.990000,0.978000,4.450000,-0.323135,2.131742,4.005663
9.945548,4.990000,0.978000,4.450000,-0.323135,2.131742,4.005663
9.956659,4.990000,0.978000,4.450000,-0.323135,2.131742,4.005663
9.967771,4.990000,0.978000,4.450000,-0.323135,2.131742,4.005663
9.978882,4.990000,0.978000,4.450000,-0.323135,2.131742,4.005663
9.989993,4.990000,0.978000,4.450000,-0.323135,2.131742,4.005663
10.001100,4.990000,0.978000,4.450000,,,
10.012220,4.990000,0.978000,4.450000,,,
10.023330,4.990000,0.978000,4.450000,,,
10.034440,4.990000,0.978000,4.450000,-0.264475,2.208268,3.733654
10.045550,4.990000,0.978000,4.450000,-0.264475,2.208268,3.733654
10.056660,4.990000,0.978000,4.450000,-0.264475,2.208268,3.733654
10.067770,4.990000,0.978000,4.450000,-0.201341,2.280562,3.440905
10.078880,4.990000,0.978000,4.450000,-0.201341,2.280562,3.440905
10.089990,4.990000,0.978000,4.450000,-0.201341,2.280562,3.440905
10.101110,4.990000,0.978000,4.450000,-0.142474,2.321667,3.167935
10.112220,4.990000,0.978000,4.450000,-0.142474,2.321667,3.167935
10.123330,4.990000,0.978000,4.450000,-0.142474,2.321667,3.167935
10.134440,4.990000,0.978000,4.450000,-0.142474,2.321667,3.167935
10.145550,4.990000,0.978000,4.450000,-0.142474,2.321667,3.167935
10.156660,4.990000,0.978000,4.450000,-0.142474,2.321667,3.167935
10.167770,4.990000,0.978000,4.450000,-0.073963,2.321891,2.850248
10.178880,4.990000,0.978000,4.450000,-0.073963,2.321891,2.850248
10.190000,4.990000,0.978000,4.450000,-0.073963,2.321891,2.850248
10.201110,4.990000,0.978000,4.450000,-0.073963,2.321891,2.850248
10.212220,4.990000,0.978000,4.450000,-0.010776,2.279376,2.557251
10.223330,4.990000,0.978000,4.450000,-0.010776,2.279376,2.557251
10.234440,4.990000,0.978000,4.450000,-0.010776,2.279376,2.557251
10.245550,4.990000,0.978000,4.450000,-0.010776,2.279376,2.557251
10.256660,4.990000,0.978000,4.450000,-0.010776,2.279376,2.557251
10.267770,4.990000,0.978000,4.450000,-0.010776,2.279376,2.557251
10.278890,4.990000,0.978000,4.450000,0.048192,2.211793,2.269677
10.290000,4.990000,0.978000,4.450000,0.048192,2.211793,2.269677
10.301110,4.990000,0.978000,4.450000,0.048192,2.211793,2.269677
10.312220,4.990000,0.978000,4.450000,0.048192,2.211793,2.269677
10.323330,4.990000,0.978000,4.450000,0.048192,2.211793,2.269677
10.334440,4.990000,0.978000,4.450000,0.048192,2.211793,2.269677
10.345550,4.990000,0.978000,4.450000,,,
10.356660,4.990000,0.978000,4.450000,,,
10.367780,4.990000,0.978000,4.450000,,,
10.378890,4.990000,0.978000,4.450000,0.048192,2.211793,2.269677
10.390000,4.990000,0.978000,4.450000,0.048192,2.211793,2.269677
10.401110,4.990000,0.978000,4.450000,0.048192,2.211793,2.269677
10.412220,4.990000,0.978000,4.450000,0.048192,2.211793,2.269677
10.423330,4.990000,0.978000,4.450000,0.048192,2.211793,2.269677
10.434440,4.990000,0.978000,4.450000,0.048192,2.211793,2.269677
10.445550,4.990000,0.978000,4.450000,,,
10.456670,4.990000,0.978000,4.450000,,,
10.467780,4.990000,0.978000,4.450000,,,
10.478890,4.990000,0.978000,4.450000,0.056655,2.220283,2.293563
10.490000,4.990000,0.978000,4.450000,0.056655,2.220283,2.293563
10.501110,4.990000,0.978000,4.450000,0.056655,2.220283,2.293563
10.512220,4.990000,0.978000,4.450000,0.153756,2.316907,2.572011
10.523330,4.990000,0.978000,4.450000,0.153756,2.316907,2.572011
10.534440,4.990000,0.978000,4.450000,0.153756,2.316907,2.572011
10.545560,4.990000,0.978000,4.450000,0.153756,2.316907,2.572011
10.556670,4.990000,0.978000,4.450000,0.153756,2.316907,2.572011
10.567780,4.990000,0.978000,4.450000,0.153756,2.316907,2.572011
10.578890,4.990000,0.978000,4.450000,0.247251,2.403130,2.853079
10.590000,4.990000,0.978000,4.450000,0.247251,2.403130,2.853079
10.601110,4.990000,0.978000,4.450000,0.247251,2.403130,2.853079
10.612220,4.990000,0.978000,4.450000,0.335073,2.459488,3.140728
10.623330,4.990000,0.978000,4.450000,0.335073,2.459488,3.140728
10.634450,4.990000,0.978000,4.450000,0.335073,2.459488,3.140728
10.645560,4.990000,0.978000,4.450000,0.335073,2.459488,3.140728
10.656670,4.990000,0.978000,4.450000,0.335073,2.459488,3.140728
10.667780,4.990000,0.978000,4.450000,0.335073,2.459488,3.140728
10.678890,4.990000,0.978000,4.450000,0.335073,2.459488,3.140728
10.690000,4.990000,0.978000,4.450000,0.418880,2.469552,3.421440
10.701110,4.990000,0.978000,4.450000,0.418880,2.469552,3.421440
10.712220,4.990000,0.978000,4.450000,0.418880,2.469552,3.421440
10.723340,4.990000,0.978000,4.450000,0.506561,2.431509,3.724591
10.734450,4.990000,0.978000,4.450000,0.506561,2.431509,3.724591
10.745560,4.990000,0.978000,4.450000,0.506561,2.431509,3.724591
10.756670,4.990000,0.978000,4.450000,,,
10.767780,4.990000,0.978000,4.450000,,,
10.778890,4.990000,0.978000,4.450000,,,
10.790000,4.990000,0.978000,4.450000,0.580610,2.358578,4.005290
10.801120,4.990000,0.978000,4.450000,0.580610,2.358578,4.005290
10.812230,4.990000,0.978000,4.450000,0.580610,2.358578,4.005290
10.823340,4.990000,0.978000,4.450000,0.580610,2.358578,4.005290
10.834450,4.990000,0.978000,4.450000,0.580610,2.358578,4.005290
10.845560,4.990000,0.978000,4.450000,0.580610,2.358578,4.005290
10.856670,4.990000,0.978000,4.450000,,,
10.867780,4.990000,0.978000,4.450000,,,
10.878890,4.990000,0.978000,4.450000,,,
10.890010,4.990000,0.978000,4.450000,0.580610,2.358578,4.005290
10.901120,4.990000,0.978000,4.450000,0.580610,2.358578,4.005290
10.912230,4.990000,0.978000,4.450000,0.580610,2.358578,4.005290
10.923340,4.990000,0.978000,4.450000,0.580610,2.358578,4.005290
10.934450,4.990000,0.978000,4.450000,0.580610,2.358578,4.005290
10.945560,4.990000,0.978000,4.450000,0.580610,2.358578,4.005290
10.956670,4.990000,0.978000,4.450000,0.580610,2.358578,4.005290
10.967780,4.990000,0.978000,4.450000,,,
10.978900,4.990000,0.978000,4.450000,,,
10.990010,4.990000,0.978000,4.450000,,,
11.001120,4.990000,0.978000,4.450000,0.546925,2.369907,4.005495
11.012230,4.990000,0.978000,4.450000,0.546925,2.369907,4.005495
11.023340,4.990000,0.978000,4.450000,0.546925,2.369907,4.005495
11.034450,4.990000,0.978000,4.450000,0.255246,2.460199,4.007272
11.045560,4.990000,0.978000,4.450000,0.255246,2.460199,4.007272
11.056670,4.990000,0.978000,4.450000,0.255246,2.460199,4.007272
11.067790,4.990000,0.978000,4.450000,,,
11.078900,4.990000,0.978000,4.450000,,,
11.090010,4.990000,0.978000,4.450000,,,
11.101120,4.990000,0.978000,4.450000,-0.051466,2.473189,4.009140
11.112230,4.990000,0.978000,4.450000,-0.051466,2.473189,4.009140
11.123340,4.990000,0.978000,4.450000,-0.051466,2.473189,4.009140
11.134450,4.990000,0.978000,4.450000,-0.316724,2.373758,4.010756
11.145560,4.990000,0.978000,4.450000,-0.316724,2.373758,4.010756
11.156680,4.990000,0.978000,4.450000,-0.316724,2.373758,4.010756
11.167790,4.990000,0.978000,4.450000,,,
11.178900,4.990000,0.978000,4.450000,,,
11.190010,4.990000,0.978000,4.450000,,,
11.201120,4.990000,0.978000,4.450000,-0.461533,2.294820,4.011639
11.212230,4.990000,0.978000,4.450000,-0.461533,2.294820,4.011639
11.223340,4.990000,0.978000,4.450000,-0.461533,2.294820,4.011639
11.234450,4.990000,0.978000,4.450000,-0.461533,2.294820,4.011639
11.245570,4.990000,0.978000,4.450000,-0.461533,2.294820,4.011639
11.256680,4.990000,0.978000,4.450000,-0.461533,2.294820,4.011639
11.267790,4.990000,0.978000,4.450000,,,
11.278900,4.990000,0.978000,4.450000,,,
11.290010,4.990000,0.978000,4.450000,,,
11.301120,4.990000,0.978000,4.450000,-0.461533,2.294820,4.011639
11.312230,4.990000,0.978000,4.450000,-0.461533,2.294820,4.011639
11.323340,4.990000,0.978000,4.450000,-0.461533,2.294820,4.011639
11.334460,4.990000,0.978000,4.450000,-0.461533,2.294820,4.011639
11.345570,4.990000,0.978000,4.450000,-0.461533,2.294820,4.011639
11.356680,4.990000,0.978000,4.450000,-0.461533,2.294820,4.011639
11.367710,4.990000,0.978000,4.450000,,,
11.378900,4.990000,0.978000,4.450000,,,
11.390010,4.990000,0.978000,4.450000,,,
11.401120,4.990000,0.978000,4.450000,,,
11.412230,4.990000,0.978000,4.450000,-0.446804,2.326793,3.910219
11.423350,4.990000,0.978000,4.450000,-0.446804,2.326793,3.910219
11.434460,4.990000,0.978000,4.450000,-0.446804,2.326793,3.910219
11.445570,4.990000,0.978000,4.450000,-0.409910,2.414041,3.612807
11.456680,4.990000,0.978000,4.450000,-0.409910,2.414041,3.612807
11.467790,4.990000,0.978000,4.450000,-0.409910,2.414041,3.612807
11.478900,4.990000,0.978000,4.450000,,,
11.490010,4.990000,0.978000,4.450000,,,
11.501120,4.990000,0.978000,4.450000,,,
11.512240,4.990000,0.978000,4.450000,-0.386749,2.476156,3.312392
11.523350,4.990000,0.978000,4.450000,-0.386749,2.476156,3.312392
11.534460,4.990000,0.978000,4.450000,-0.386749,2.476156,3.312392
11.545570,4.990000,0.978000,4.450000,-0.377223,2.489239,3.000255
11.556680,4.990000,0.978000,4.450000,-0.377223,2.489239,3.000255
11.567790,4.990000,0.978000,4.450000,-0.377223,2.489239,3.000255
11.578900,4.990000,0.978000,4.450000,,,
11.590010,4.990000,0.978000,4.450000,,,
11.601130,4.990000,0.978000,4.450000,,,
11.612240,4.990000,0.978000,4.450000,-0.380590,2.443096,2.692819
11.623350,4.990000,0.978000,4.450000,-0.380590,2.443096,2.692819
11.634460,4.990000,0.978000,4.450000,-0.380590,2.443096,2.692819
11.645570,4.990000,0.978000,4.450000,-0.396478,2.354135,2.400490
11.656680,4.990000,0.978000,4.450000,-0.396478,2.354135,2.400490
11.667790,4.990000,0.978000,4.450000,-0.396478,2.354135,2.400490
11.678900,4.990000,0.978000,4.450000,-0.396478,2.354135,2.400490
11.690020,4.990000,0.978000,4.450000,,,
11.701130,4.990000,0.978000,4.450000,,,
11.712240,4.990000,0.978000,4.450000,,,
11.723350,4.990000,0.978000,4.450000,-0.403467,2.321774,2.310724
11.734460,4.990000,0.978000,4.450000,-0.403467,2.321774,2.310724
11.745570,4.990000,0.978000,4.450000,-0.403467,2.321774,2.310724
11.756680,4.990000,0.978000,4.450000,-0.403467,2.321774,2.310724
11.767790,4.990000,0.978000,4.450000,-0.403467,2.321774,2.310724
11.778910,4.990000,0.978000,4.450000,-0.403467,2.321774,2.310724
11.790020,4.990000,0.978000,4.450000,,,
11.801130,4.990000,0.978000,4.450000,,,
11.812240,4.990000,0.978000,4.450000,,,
11.823350,4.990000,0.978000,4.450000,-0.403467,2.321774,2.310724
11.834460,4.990000,0.978000,4.450000,-0.403467,2.321774,2.310724
11.845570,4.990000,0.978000,4.450000,-0.403467,2.321774,2.310724
11.856680,4.990000,0.978000,4.450000,-0.403467,2.321774,2.310724
11.867800,4.990000,0.978000,4.450000,-0.403467,2.321774,2.310724
11.878910,4.990000,0.978000,4.450000,-0.403467,2.321774,2.310724
11.890020,4.990000,0.978000,4.450000,,,
11.901130,4.990000,0.978000,4.450000,,,
11.912240,4.990000,0.978000,4.450000,,,
11.923350,4.990000,0.978000,4.450000,-0.259361,2.363452,2.514822
11.934460,4.990000,0.978000,4.450000,-0.259361,2.363452,2.514822
11.945570,4.990000,0.978000,4.450000,-0.259361,2.363452,2.514822
11.956690,4.990000,0.978000,4.450000,-0.075435,2.403246,2.760246
11.967800,4.990000,0.978000,4.450000,-0.075435,2.403246,2.760246
11.978910,4.990000,0.978000,4.450000,-0.075435,2.403246,2.760246
11.990020,4.990000,0.978000,4.450000,,,
12.001130,4.990000,0.978000,4.450000,,,
12.012240,4.990000,0.978000,4.450000,,,
12.023350,4.990000,0.978000,4.450000,,,
12.034460,4.990000,0.978000,4.450000,0.114937,2.412277,2.994363
12.045580,4.990000,0.978000,4.450000,0.114937,2.412277,2.994363
12.056690,4.990000,0.978000,4.450000,0.114937,2.412277,2.994363
12.067800,4.990000,0.978000,4.450000,0.317432,2.375643,3.223679
12.078910,4.990000,0.978000,4.450000,0.317432,2.375643,3.223679
12.090020,4.990000,0.978000,4.450000,0.317432,2.375643,3.223679
12.101130,4.990000,0.978000,4.450000,,,
12.112240,4.990000,0.978000,4.450000,,,
12.123350,4.990000,0.978000,4.450000,,,
12.134470,4.990000,0.978000,4.450000,0.525570,2.293757,3.442447
12.145580,4.990000,0.978000,4.450000,0.525570,2.293757,3.442447
12.156690,4.990000,0.978000,4.450000,0.525570,2.293757,3.442447
12.167800,4.990000,0.978000,4.450000,0.738210,2.184720,3.637208
12.178910,4.990000,0.978000,4.450000,0.738210,2.184720,3.637208
12.190020,4.990000,0.978000,4.450000,0.738210,2.184720,3.637208
12.201130,4.990000,0.978000,4.450000,,,
12.212240,4.990000,0.978000,4.450000,,,
12.223360,4.990000,0.978000,4.450000,,,
12.234470,4.990000,0.978000,4.450000,0.808003,2.146803,3.696656
12.245580,4.990000,0.978000,4.450000,0.808003,2.146803,3.696656
12.256690,4.990000,0.978000,4.450000,0.808003,2.146803,3.696656
12.267800,4.990000,0.978000,4.450000,0.808003,2.146803,3.696656
12.278910,4.990000,0.978000,4.450000,0.808003,2.146803,3.696656
12.290020,4.990000,0.978000,4.450000,0.808003,2.146803,3.696656
12.301140,4.990000,0.978000,4.450000,,,
12.312250,4.990000,0.978000,4.450000,,,
12.323360,4.990000,0.978000,4.450000,,,
12.334470,4.990000,0.978000,4.450000,,,
12.345580,4.990000,0.978000,4.450000,0.808003,2.146803,3.696656
12.356690,4.990000,0.978000,4.450000,0.808003,2.146803,3.696656
12.367800,4.990000,0.978000,4.450000,0.808003,2.146803,3.696656
12.378910,4.990000,0.978000,4.450000,0.808003,2.146803,3.696656
12.390030,4.990000,0.978000,4.450000,0.808003,2.146803,3.696656
12.401140,4.990000,0.978000,4.450000,0.808003,2.146803,3.696656
12.412250,4.990000,0.978000,4.450000,,,
12.423360,4.990000,0.978000,4.450000,,,
12.434470,4.990000,0.978000,4.450000,,,
12.445580,4.990000,0.978000,4.450000,0.683210,2.258877,3.829349
12.456690,4.990000,0.978000,4.450000,0.683210,2.258877,3.829349
12.467800,4.990000,0.978000,4.450000,0.683210,2.258877,3.829349
12.478920,4.990000,0.978000,4.450000,0.489667,2.358966,4.035145
12.490030,4.990000,0.978000,4.450000,0.489667,2.358966,4.035145
12.501140,4.990000,0.978000,4.450000,0.489667,2.358966,4.035145
12.512250,4.990000,0.978000,4.450000,0.315200,2.289255,4.220657
12.523360,4.990000,0.978000,4.450000,0.315200,2.289255,4.220657
12.534470,4.990000,0.978000,4.450000,0.315200,2.289255,4.220657
12.545580,4.990000,0.978000,4.450000,0.315200,2.289255,4.220657
12.556690,4.990000,0.978000,4.450000,0.315200,2.289255,4.220657
12.567810,4.990000,0.978000,4.450000,0.315200,2.289255,4.220657
12.578920,4.990000,0.978000,4.450000,0.315200,2.289255,4.220657
12.590030,4.990000,0.978000,4.450000,0.221843,2.203516,4.319925
12.601140,4.990000,0.978000,4.450000,0.221843,2.203516,4.319925
12.612250,4.990000,0.978000,4.450000,0.221843,2.203516,4.319925
12.623360,4.990000,0.978000,4.450000,0.221843,2.203516,4.319925
12.634470,4.990000,0.978000,4.450000,0.221843,2.203516,4.319925
12.645580,4.990000,0.978000,4.450000,0.221843,2.203516,4.319925
12.656700,4.990000,0.978000,4.450000,,,
12.667810,4.990000,0.978000,4.450000,,,
12.678920,4.990000,0.978000,4.450000,,,
12.690030,4.990000,0.978000,4.450000,0.221843,2.203516,4.319925
12.701140,4.990000,0.978000,4.450000,0.221843,2.203516,4.319925
12.712250,4.990000,0.978000,4.450000,0.221843,2.203516,4.319925
12.723360,4.990000,0.978000,4.450000,0.221843,2.203516,4.319925
12.734470,4.990000,0.978000,4.450000,0.221843,2.203516,4.319925
12.745590,4.990000,0.978000,4.450000,0.221843,2.203516,4.319925
12.756700,4.990000,0.978000,4.450000,,,
12.767810,4.990000,0.978000,4.450000,,,
12.778920,4.990000,0.978000,4.450000,,,
12.790030,4.990000,0.978000,4.450000,0.177425,2.221202,4.235546
12.801090,,,,0.177425,2.221202,4.235546
12.812250,4.990000,0.978000,4.450000,0.177425,2.221202,4.235546
12.823360,4.990000,0.978000,4.450000,0.177425,2.221202,4.235546
12.834480,4.990000,0.978000,4.450000,0.034367,2.274324,3.967343
12.845590,4.990000,0.978000,4.450000,0.034367,2.274324,3.967343
12.856700,4.990000,0.978000,4.450000,0.034367,2.274324,3.967343
12.867810,4.990000,0.978000,4.450000,,,
12.878920,4.990000,0.978000,4.450000,,,
12.890030,4.990000,0.978000,4.450000,,,
12.901140,4.990000,0.978000,4.450000,-0.111297,2.318767,3.702524
12.912250,4.990000,0.978000,4.450000,-0.111297,2.318767,3.702524
12.923370,4.990000,0.978000,4.450000,-0.111297,2.318767,3.702524
12.934480,4.990000,0.978000,4.450000,-0.262424,2.347438,3.438853
12.945590,4.990000,0.978000,4.450000,-0.262424,2.347438,3.438853
12.956700,4.990000,0.978000,4.450000,-0.262424,2.347438,3.438853
12.967810,4.990000,0.978000,4.450000,,,
12.978920,4.990000,0.978000,4.450000,,,
12.990030,4.990000,0.978000,4.450000,,,
13.001140,4.990000,0.978000,4.450000,-0.413323,2.354898,3.178267
13.012260,4.990000,0.978000,4.450000,-0.413323,2.354898,3.178267
13.023370,4.990000,0.978000,4.450000,-0.413323,2.354898,3.178267
13.034480,4.990000,0.978000,4.450000,-0.413323,2.354898,3.178267
13.045590,4.990000,0.978000,4.450000,-0.569016,2.339253,2.909987
13.056700,4.990000,0.978000,4.450000,-0.569016,2.339253,2.909987
13.067810,4.990000,0.978000,4.450000,-0.569016,2.339253,2.909987
13.078920,4.990000,0.978000,4.450000,,,
13.090030,4.990000,0.978000,4.450000,,,
13.101150,4.990000,0.978000,4.450000,,,
13.112260,4.990000,0.978000,4.450000,-0.722393,2.303002,2.647716
13.123370,4.990000,0.978000,4.450000,-0.722393,2.303002,2.647716
13.134480,4.990000,0.978000,4.450000,-0.722393,2.303002,2.647716
13.145590,4.990000,0.978000,4.450000,-0.874710,2.251148,2.388143
13.156700,4.990000,0.978000,4.450000,-0.874710,2.251148,2.388143
13.167810,4.990000,0.978000,4.450000,-0.874710,2.251148,2.388143
13.178920,4.990000,0.978000,4.450000,,,
13.190040,4.990000,0.978000,4.450000,,,
13.201150,4.990000,0.978000,4.450000,,,
13.212260,4.990000,0.978000,4.450000,-0.992090,2.202823,2.186226
13.223370,4.990000,0.978000,4.450000,-0.992090,2.202823,2.186226
13.234480,4.990000,0.978000,4.450000,-0.992090,2.202823,2.186226
13.245590,4.990000,0.978000,4.450000,-0.992090,2.202823,2.186226
13.256700,4.990000,0.978000,4.450000,-0.992090,2.202823,2.186226
13.267810,4.990000,0.978000,4.450000,-0.992090,2.202823,2.186226
13.278930,4.990000,0.978000,4.450000,,,
13.290040,4.990000,0.978000,4.450000,,,
13.301150,4.990000,0.978000,4.450000,,,
13.312260,4.990000,0.978000,4.450000,-0.992090,2.202823,2.186226
13.323370,4.990000,0.978000,4.450000,-0.992090,2.202823,2.186226
13.334480,4.990000,0.978000,4.450000,-0.992090,2.202823,2.186226
13.345590,4.990000,0.978000,4.450000,-0.992090,2.202823,2.186226
13.356700,4.990000,0.978000,4.450000,-0.992090,2.202823,2.186226
13.367820,4.990000,0.978000,4.450000,-0.992090,2.202823,2.186226
13.378930,4.990000,0.978000,4.450000,,,
13.390040,4.990000,0.978000,4.450000,,,
13.401150,4.990000,0.978000,4.450000,,,
13.412260,4.990000,0.978000,4.450000,-0.926915,2.228300,2.240702
13.423370,4.990000,0.978000,4.450000,-0.926915,2.228300,2.240702
13.434480,4.990000,0.978000,4.450000,-0.926915,2.228300,2.240702
13.445590,4.990000,0.978000,4.450000,-0.704534,2.312980,2.426978
13.456710,4.990000,0.978000,4.450000,-0.704534,2.312980,2.426978
13.467820,4.990000,0.978000,4.450000,-0.704534,2.312980,2.426978
13.478930,4.990000,0.978000,4.450000,-0.704534,2.312980,2.426978
13.490040,4.990000,0.978000,4.450000,,,
13.501150,4.990000,0.978000,4.450000,,,
13.512260,4.990000,0.978000,4.450000,,,
13.523370,4.990000,0.978000,4.450000,-0.479023,2.390056,2.618826
13.534480,4.990000,0.978000,4.450000,-0.479023,2.390056,2.618826
13.545600,4.990000,0.978000,4.450000,-0.479023,2.390056,2.618826
13.556710,4.990000,0.978000,4.450000,-0.256282,2.443817,2.818230
13.567820,4.990000,0.978000,4.450000,-0.256282,2.443817,2.818230
13.578930,4.990000,0.978000,4.450000,-0.256282,2.443817,2.818230
13.590040,4.990000,0.978000,4.450000,-0.033706,2.461925,3.023630
13.601150,4.990000,0.978000,4.450000,-0.033706,2.461925,3.023630
13.612260,4.990000,0.978000,4.450000,-0.033706,2.461925,3.023630
13.623370,4.990000,0.978000,4.450000,-0.033706,2.461925,3.023630
13.634490,4.990000,0.978000,4.450000,-0.033706,2.461925,3.023630
13.645600,4.990000,0.978000,4.450000,-0.033706,2.461925,3.023630
13.656710,4.990000,0.978000,4.450000,0.187633,2.442260,3.234363
13.667820,4.990000,0.978000,4.450000,0.187633,2.442260,3.234363
13.678930,4.990000,0.978000,4.450000,0.187633,2.442260,3.234363
13.690040,4.990000,0.978000,4.450000,0.412606,2.391827,3.447230
13.701150,4.990000,0.978000,4.450000,0.412606,2.391827,3.447230
13.712270,4.990000,0.978000,4.450000,0.412606,2.391827,3.447230
13.723360,4.990000,0.978000,4.450000,,,
13.734490,4.990000,0.978000,4.450000,,,
13.745600,4.990000,0.978000,4.450000,,,
13.756710,4.990000,0.978000,4.450000,,,
13.767820,4.990000,0.978000,4.450000,0.496869,2.368605,3.524310
13.778930,4.990000,0.978000,4.450000,0.496869,2.368605,3.524310
13.790040,4.990000,0.978000,4.450000,0.496869,2.368605,3.524310
13.801160,4.990000,0.978000,4.450000,0.496869,2.368605,3.524310
13.812270,4.990000,0.978000,4.450000,0.496869,2.368605,3.524310
13.823380,4.990000,0.978000,4.450000,0.496869,2.368605,3.524310
13.834490,4.990000,0.978000,4.450000,,,
13.845600,4.990000,0.978000,4.450000,,,
13.856710,4.990000,0.978000,4.450000,,,
13.867820,4.990000,0.978000,4.450000,0.496869,2.368605,3.524310
13.878930,4.990000,0.978000,4.450000,0.496869,2.368605,3.524310
13.890050,4.990000,0.978000,4.450000,0.496869,2.368605,3.524310
13.901160,4.990000,0.978000,4.450000,0.496869,2.368605,3.524310
13.912270,4.990000,0.978000,4.450000,0.496869,2.368605,3.524310
13.923380,4.990000,0.978000,4.450000,0.496869,2.368605,3.524310
13.934490,4.990000,0.978000,4.450000,,,
13.945600,4.990000,0.978000,4.450000,,,
13.956710,4.990000,0.978000,4.450000,,,
13.967820,4.990000,0.978000,4.450000,0.366692,2.421546,3.661631
13.978940,4.990000,0.978000,4.450000,0.366692,2.421546,3.661631
13.990050,4.990000,0.978000,4.450000,0.366692,2.421546,3.661631
14.001160,4.990000,0.978000,4.450000,0.366692,2.421546,3.661631
14.012270,4.990000,0.978000,4.450000,0.154972,2.467117,3.865958
14.023380,4.990000,0.978000,4.450000,0.154972,2.467117,3.865958
14.034490,4.990000,0.978000,4.450000,0.154972,2.467117,3.865958
14.045600,4.990000,0.978000,4.450000,,,
14.056710,4.990000,0.978000,4.450000,,,
14.067830,4.990000,0.978000,4.450000,,,
14.078940,4.990000,0.978000,4.450000,-0.070660,2.394164,4.051227
14.090050,4.990000,0.978000,4.450000,-0.070660,2.394164,4.051227
14.101160,4.990000,0.978000,4.450000,-0.070660,2.394164,4.051227
14.112270,4.990000,0.978000,4.450000,-0.252376,2.277650,4.178240
14.123380,4.990000,0.978000,4.450000,-0.252376,2.277650,4.178240
14.134490,4.990000,0.978000,4.450000,-0.252376,2.277650,4.178240
14.145600,4.990000,0.978000,4.450000,,,
14.156720,4.990000,0.978000,4.450000,,,
14.167830,4.990000,0.978000,4.450000,,,
14.178940,4.990000,0.978000,4.450000,-0.296050,2.248878,4.207905
14.190050,4.990000,0.978000,4.450000,-0.296050,2.248878,4.207905
14.201160,4.990000,0.978000,4.450000,-0.296050,2.248878,4.207905
14.212270,4.990000,0.978000,4.450000,-0.296050,2.248878,4.207905
14.223380,4.990000,0.978000,4.450000,-0.296050,2.248878,4.207905
14.234490,4.990000,0.978000,4.450000,-0.296050,2.248878,4.207905
14.245610,4.990000,0.978000,4.450000,,,
14.256720,4.990000,0.978000,4.450000,,,
14.267830,4.990000,0.978000,4.450000,,,
14.278940,4.990000,0.978000,4.450000,-0.296050,2.248878,4.207905
14.290050,4.990000,0.978000,4.450000,-0.296050,2.248878,4.207905
14.301160,4.990000,0.978000,4.450000,-0.296050,2.248878,4.207905
14.312270,4.990000,0.978000,4.450000,-0.296050,2.248878,4.207905
14.323380,4.990000,0.978000,4.450000,-0.296050,2.248878,4.207905
14.334500,4.990000,0.978000,4.450000,-0.296050,2.248878,4.207905
14.345610,4.990000,0.978000,4.450000,-0.296050,2.248878,4.207905
14.356720,4.990000,0.978000,4.450000,,,
14.367830,4.990000,0.978000,4.450000,,,
14.378940,4.990000,0.978000,4.450000,,,
14.390050,4.990000,0.978000,4.450000,-0.370877,2.318545,3.975472
14.401160,4.990000,0.978000,4.450000,-0.370877,2.318545,3.975472
14.412270,4.990000,0.978000,4.450000,-0.370877,2.318545,3.975472
14.423390,4.990000,0.978000,4.450000,-0.456487,2.392431,3.709545
14.434500,4.990000,0.978000,4.450000,-0.456487,2.392431,3.709545
14.445610,4.990000,0.978000,4.450000,-0.456487,2.392431,3.709545
14.456720,4.990000,0.978000,4.450000,-0.554850,2.457640,3.408463
14.467830,4.990000,0.978000,4.450000,-0.554850,2.457640,3.408463
14.478940,4.990000,0.978000,4.450000,-0.554850,2.457640,3.408463
14.490050,4.990000,0.978000,4.450000,-0.554850,2.457640,3.408463
14.501160,4.990000,0.978000,4.450000,-0.554850,2.457640,3.408463
14.512280,4.990000,0.978000,4.450000,-0.554850,2.457640,3.408463
14.523390,4.990000,0.978000,4.450000,-0.647939,2.488074,3.111802
14.534500,4.990000,0.978000,4.450000,-0.647939,2.488074,3.111802
14.545610,4.990000,0.978000,4.450000,-0.647939,2.488074,3.111802
14.556720,4.990000,0.978000,4.450000,-0.730833,2.475868,2.818355
14.567830,4.990000,0.978000,4.450000,-0.730833,2.475868,2.818355
14.578940,4.990000,0.978000,4.450000,-0.730833,2.475868,2.818355
14.590050,4.990000,0.978000,4.450000,-0.730833,2.475868,2.818355
14.601170,4.990000,0.978000,4.450000,,,
14.612280,4.990000,0.978000,4.450000,,,
14.623390,4.990000,0.978000,4.450000,,,
14.634500,4.990000,0.978000,4.450000,-0.800264,2.421088,2.517401
14.645610,4.990000,0.978000,4.450000,-0.800264,2.421088,2.517401
14.656720,4.990000,0.978000,4.450000,-0.800264,2.421088,2.517401
14.667830,4.990000,0.978000,4.450000,-0.843803,2.342184,2.243519
14.678940,4.990000,0.978000,4.450000,-0.843803,2.342184,2.243519
14.690060,4.990000,0.978000,4.450000,-0.843803,2.342184,2.243519
14.701170,4.990000,0.978000,4.450000,,,
14.712280,4.990000,0.978000,4.450000,,,
14.723390,4.990000,0.978000,4.450000,,,
14.734500,4.990000,0.978000,4.450000,-0.843803,2.342184,2.243519
14.745610,4.990000,0.978000,4.450000,-0.843803,2.342184,2.243519
14.756720,4.990000,0.978000,4.450000,-0.843803,2.342184,2.243519
14.767830,4.990000,0.978000,4.450000,-0.843803,2.342184,2.243519
14.778950,4.990000,0.978000,4.450000,-0.843803,2.342184,2.243519
14.790060,4.990000,0.978000,4.450000,-0.843803,2.342184,2.243519
14.801170,4.990000,0.978000,4.450000,,,
14.812280,4.990000,0.978000,4.450000,,,
14.823390,4.990000,0.978000,4.450000,,,
14.834500,4.990000,0.978000,4.450000,-0.843803,2.342184,2.243519
14.845610,4.990000,0.978000,4.450000,-0.843803,2.342184,2.243519
14.856720,4.990000,0.978000,4.450000,-0.843803,2.342184,2.243519
14.867840,4.990000,0.978000,4.450000,-0.843803,2.342184,2.243519
14.878950,4.990000,0.978000,4.450000,-0.817775,2.348603,2.268627
14.890060,4.990000,0.978000,4.450000,-0.817775,2.348603,2.268627
14.901170,4.990000,0.978000,4.450000,-0.817775,2.348603,2.268627
14.912280,4.990000,0.978000,4.450000,,,
14.923390,4.990000,0.978000,4.450000,,,
14.934500,4.990000,0.978000,4.450000,,,
14.945610,4.990000,0.978000,4.450000,-0.597598,2.398545,2.481027
14.956730,4.990000,0.978000,4.450000,-0.597598,2.398545,2.481027
14.967840,4.990000,0.978000,4.450000,-0.597598,2.398545,2.481027
14.978950,4.990000,0.978000,4.450000,-0.377026,2.431671,2.692599
14.990060,4.990000,0.978000,4.450000,-0.377026,2.431671,2.692599
15.001170,4.990000,0.978000,4.450000,-0.377026,2.431671,2.692599
15.012280,4.990000,0.978000,4.450000,,,
15.023390,4.990000,0.978000,4.450000,,,
15.034500,4.990000,0.978000,4.450000,,,
15.045620,4.990000,0.978000,4.450000,-0.159084,2.428854,2.898012
15.056730,4.990000,0.978000,4.450000,-0.159084,2.428854,2.898012
15.067840,4.990000,0.978000,4.450000,-0.159084,2.428854,2.898012
15.078950,4.990000,0.978000,4.450000,0.045158,2.383696,3.092311
15.090060,4.990000,0.978000,4.450000,0.045158,2.383696,3.092311
15.101170,4.990000,0.978000,4.450000,0.045158,2.383696,3.092311
15.112280,4.990000,0.978000,4.450000,,,
15.123390,4.990000,0.978000,4.450000,,,
15.134510,4.990000,0.978000,4.450000,,,
15.145620,4.990000,0.978000,4.450000,0.270327,2.287843,3.306816
15.156730,4.990000,0.978000,4.450000,0.270327,2.287843,3.306816
15.167840,4.990000,0.978000,4.450000,0.270327,2.287843,3.306816
15.178950,4.990000,0.978000,4.450000,0.270327,2.287843,3.306816
15.190060,4.990000,0.978000,4.450000,0.475835,2.169862,3.502624
15.201170,4.990000,0.978000,4.450000,0.475835,2.169862,3.502624
15.212290,4.990000,0.978000,4.450000,0.475835,2.169862,3.502624
15.223400,4.990000,0.978000,4.450000,,,
15.234510,4.990000,0.978000,4.450000,,,
15.245620,4.990000,0.978000,4.450000,,,
15.256730,4.990000,0.978000,4.450000,0.500430,2.154603,3.526059
15.267840,4.990000,0.978000,4.450000,0.500430,2.154603,3.526059
15.278950,4.990000,0.978000,4.450000,0.500430,2.154603,3.526059
15.290060,4.990000,0.978000,4.450000,0.500430,2.154603,3.526059
15.301180,4.990000,0.978000,4.450000,0.500430,2.154603,3.526059
15.312290,4.990000,0.978000,4.450000,0.500430,2.154603,3.526059
15.323400,4.990000,0.978000,4.450000,0.500430,2.154603,3.526059
15.334510,4.990000,0.978000,4.450000,0.500430,2.154603,3.526059
15.345620,4.990000,0.978000,4.450000,0.500430,2.154603,3.526059
15.356730,4.990000,0.978000,4.450000,0.500430,2.154603,3.526059
15.367840,4.990000,0.978000,4.450000,0.500430,2.154603,3.526059
15.378950,4.990000,0.978000,4.450000,0.500430,2.154603,3.526059
15.390070,4.990000,0.978000,4.450000,0.500430,2.154603,3.526059
15.401180,4.990000,0.978000,4.450000,0.500430,2.154603,3.526059
15.412290,4.990000,0.978000,4.450000,0.500430,2.154603,3.526059
15.423400,4.990000,0.978000,4.450000,0.276882,2.291034,3.654263
15.434510,4.990000,0.978000,4.450000,0.276882,2.291034,3.654263
15.445620,4.990000,0.978000,4.450000,0.276882,2.291034,3.654263
15.456730,4.990000,0.978000,4.450000,0.276882,2.291034,3.654263
15.467840,4.990000,0.978000,4.450000,0.276882,2.291034,3.654263
15.478960,4.990000,0.978000,4.450000,0.276882,2.291034,3.654263
15.490070,4.990000,0.978000,4.450000,0.276882,2.291034,3.654263
15.501180,4.990000,0.978000,4.450000,0.028750,2.378047,3.797500
15.512290,4.990000,0.978000,4.450000,0.028750,2.378047,3.797500
15.523400,4.990000,0.978000,4.450000,0.028750,2.378047,3.797500
15.534510,4.990000,0.978000,4.450000,-0.229972,2.336869,3.946759
15.545620,4.990000,0.978000,4.450000,-0.229972,2.336869,3.946759
15.556730,4.990000,0.978000,4.450000,-0.229972,2.336869,3.946759
15.567850,4.990000,0.978000,4.450000,,,
15.578960,4.990000,0.978000,4.450000,,,
15.590070,4.990000,0.978000,4.450000,,,
15.601180,4.990000,0.978000,4.450000,-0.424202,2.232434,4.058764
15.612290,4.990000,0.978000,4.450000,-0.424202,2.232434,4.058764
15.623400,4.990000,0.978000,4.450000,-0.424202,2.232434,4.058764
15.634510,4.990000,0.978000,4.450000,-0.424202,2.232434,4.058764
15.645620,4.990000,0.978000,4.450000,-0.424202,2.232434,4.058764
15.656740,4.990000,0.978000,4.450000,-0.424202,2.232434,4.058764
15.667850,4.990000,0.978000,4.450000,,,
15.678960,4.990000,0.978000,4.450000,,,
15.690070,4.990000,0.978000,4.450000,,,
15.701180,4.990000,0.978000,4.450000,-0.424202,2.232434,4.058764
15.712290,4.990000,0.978000,4.450000,-0.424202,2.232434,4.058764
15.723400,4.990000,0.978000,4.450000,-0.424202,2.232434,4.058764
15.734510,4.990000,0.978000,4.450000,-0.424202,2.232434,4.058764
15.745630,4.990000,0.978000,4.450000,-0.424202,2.232434,4.058764
15.756740,4.990000,0.978000,4.450000,-0.424202,2.232434,4.058764
15.767850,4.990000,0.978000,4.450000,,,
15.778960,4.990000,0.978000,4.450000,,,
15.790070,4.990000,0.978000,4.450000,,,
15.801180,4.990000,0.978000,4.450000,,,
15.812290,4.990000,0.978000,4.450000,-0.424658,2.234731,4.048158
15.823400,4.990000,0.978000,4.450000,-0.424658,2.234731,4.048158
15.834520,4.990000,0.978000,4.450000,-0.424658,2.234731,4.048158
15.845630,4.990000,0.978000,4.450000,-0.437732,2.297090,3.744114
15.856740,4.990000,0.978000,4.450000,-0.437732,2.297090,3.744114
15.867850,4.990000,0.978000,4.450000,-0.437732,2.297090,3.744114
15.878960,4.990000,0.978000,4.450000,,,
15.890070,4.990000,0.978000,4.450000,,,
15.901180,4.990000,0.978000,4.450000,,,
15.912290,4.990000,0.978000,4.450000,-0.450753,2.342853,3.437116
15.923410,4.990000,0.978000,4.450000,-0.450753,2.342853,3.437116
15.934520,4.990000,0.978000,4.450000,-0.450753,2.342853,3.437116
15.945630,4.990000,0.978000,4.450000,-0.463425,2.347604,3.138355
15.956740,4.990000,0.978000,4.450000,-0.463425,2.347604,3.138355
15.967850,4.990000,0.978000,4.450000,-0.463425,2.347604,3.138355
15.978960,4.990000,0.978000,4.450000,,,
15.990070,4.990000,0.978000,4.450000,,,
16.001180,4.990000,0.978000,4.450000,,,
16.012290,4.990000,0.978000,4.450000,-0.476440,2.299504,2.832186
16.023410,4.990000,0.978000,4.450000,-0.476440,2.299504,2.832186
16.034520,4.990000,0.978000,4.450000,-0.476440,2.299504,2.832186
16.045630,4.990000,0.978000,4.450000,-0.489002,2.209249,2.536999
16.056740,4.990000,0.978000,4.450000,-0.489002,2.209249,2.536999
16.067850,4.990000,0.978000,4.450000,-0.489002,2.209249,2.536999
16.078960,4.990000,0.978000,4.450000,,,
16.090070,4.990000,0.978000,4.450000,,,
16.101180,4.990000,0.978000,4.450000,,,
16.112290,4.990000,0.978000,4.450000,-0.497569,2.133221,2.335564
16.123400,4.990000,0.978000,4.450000,-0.497569,2.133221,2.335564
16.134510,4.990000,0.978000,4.450000,-0.497569,2.133221,2.335564
16.145620,4.990000,0.978000,4.450000,-0.497569,2.133221,2.335564
16.156730,4.990000,0.978000,4.450000,-0.497569,2.133221,2.335564
16.167840,4.990000,0.978000,4.450000,-0.497569,2.133221,2.335564
16.178950,4.990000,0.978000,4.450000,-0.497569,2.133221,2.335564
16.190060,4.990000,0.978000,4.450000,,,
16.201170,4.990000,0.978000,4.450000,,,
16.212280,4.990000,0.978000,4.450000,,,
16.223390,4.990000,0.978000,4.450000,-0.497569,2.133221,2.335564
16.234500,4.990000,0.978000,4.450000,-0.497569,2.133221,2.335564
16.245610,4.990000,0.978000,4.450000,-0.497569,2.133221,2.335564
16.256720,4.990000,0.978000,4.450000,-0.497569,2.133221,2.335564
16.267830,4.990000,0.978000,4.450000,-0.497569,2.133221,2.335564
16.278940,4.990000,0.978000,4.450000,-0.497569,2.133221,2.335564
16.290050,4.990000,0.978000,4.450000,,,
16.301160,4.990000,0.978000,4.450000,,,
16.312270,4.990000,0.978000,4.450000,,,
16.323380,4.990000,0.978000,4.450000,-0.426298,2.173762,2.425237
16.334490,4.990000,0.978000,4.450000,-0.426298,2.173762,2.425237
16.345600,4.990000,0.978000,4.450000,-0.426298,2.173762,2.425237
16.356710,4.990000,0.978000,4.450000,-0.245869,2.272008,2.652739
16.367820,4.990000,0.978000,4.450000,-0.245869,2.272008,2.652739
16.378930,4.990000,0.978000,4.450000,-0.245869,2.272008,2.652739
16.390050,4.990000,0.978000,4.450000,,,
16.401160,4.990000,0.978000,4.450000,,,
16.412270,4.990000,0.978000,4.450000,,,
16.423380,4.990000,0.978000,4.450000,-0.061491,2.353650,2.885316
16.434490,4.990000,0.978000,4.450000,-0.061491,2.353650,2.885316
16.445600,4.990000,0.978000,4.450000,-0.061491,2.353650,2.885316
16.456710,4.990000,0.978000,4.450000,0.126196,2.397297,3.117670
16.467820,4.990000,0.978000,4.450000,0.126196,2.397297,3.117670
16.478930,4.990000,0.978000,4.450000,0.126196,2.397297,3.117670
16.490040,4.990000,0.978000,4.450000,,,
16.501150,4.990000,0.978000,4.450000,,,
16.512260,4.990000,0.978000,4.450000,,,
16.523370,4.990000,0.978000,4.450000,0.322515,2.396915,3.354102
16.534480,4.990000,0.978000,4.450000,0.322515,2.396915,3.354102
16.545590,4.990000,0.978000,4.450000,0.322515,2.396915,3.354102
16.556700,4.990000,0.978000,4.450000,0.518437,2.361176,3.584579
16.567810,4.990000,0.978000,4.450000,0.518437,2.361176,3.584579
16.578920,4.990000,0.978000,4.450000,0.518437,2.361176,3.584579
16.590030,4.990000,0.978000,4.450000,0.518437,2.361176,3.584579
16.601140,4.990000,0.978000,4.450000,,,
16.612250,4.990000,0.978000,4.450000,,,
16.623360,4.990000,0.978000,4.450000,,,
16.634470,4.990000,0.978000,4.450000,0.612963,2.336474,3.696236
16.645580,4.990000,0.978000,4.450000,0.612963,2.336474,3.696236
16.656690,4.990000,0.978000,4.450000,0.612963,2.336474,3.696236
16.667800,4.990000,0.978000,4.450000,0.612963,2.336474,3.696236
16.678910,4.990000,0.978000,4.450000,0.612963,2.336474,3.696236
16.690020,4.990000,0.978000,4.450000,0.612963,2.336474,3.696236
16.701130,4.990000,0.978000,4.450000,,,
16.712240,4.990000,0.978000,4.450000,,,
16.723350,4.990000,0.978000,4.450000,,,
16.734460,4.990000,0.978000,4.450000,0.612963,2.336474,3.696236
16.745570,4.990000,0.978000,4.450000,0.612963,2.336474,3.696236
16.756690,4.990000,0.978000,4.450000,0.612963,2.336474,3.696236
16.767800,4.990000,0.978000,4.450000,0.612963,2.336474,3.696236
16.778910,4.990000,0.978000,4.450000,0.612963,2.336474,3.696236
16.790020,4.990000,0.978000,4.450000,0.612963,2.336474,3.696236
16.801130,4.990000,0.978000,4.450000,,,
16.812240,4.990000,0.978000,4.450000,,,
16.823350,4.990000,0.978000,4.450000,,,
16.834460,4.990000,0.978000,4.450000,0.431613,2.392842,3.709221
16.845570,4.990000,0.978000,4.450000,0.431613,2.392842,3.709221
16.856680,4.990000,0.978000,4.450000,0.431613,2.392842,3.709221
16.867790,4.990000,0.978000,4.450000,0.194153,2.402472,3.709763
16.878900,4.990000,0.978000,4.450000,0.194153,2.402472,3.709763
16.890010,4.990000,0.978000,4.450000,0.194153,2.402472,3.709763
16.901120,4.990000,0.978000,4.450000,,,
16.912230,4.990000,0.978000,4.450000,,,
16.923340,4.990000,0.978000,4.450000,,,
16.934450,4.990000,0.978000,4.450000,,,
16.945560,4.990000,0.978000,4.450000,-0.011816,2.259174,3.685684
16.956670,4.990000,0.978000,4.450000,-0.011816,2.259174,3.685684
16.967780,4.990000,0.978000,4.450000,-0.011816,2.259174,3.685684
16.978890,4.990000,0.978000,4.450000,-0.081612,2.173923,3.662136
16.990000,4.990000,0.978000,4.450000,-0.081612,2.173923,3.662136
17.001110,4.990000,0.978000,4.450000,-0.081612,2.173923,3.662136
17.012220,4.990000,0.978000,4.450000,,,
17.023330,4.990000,0.978000,4.450000,,,
17.034440,4.990000,0.978000,4.450000,,,
17.045550,4.990000,0.978000,4.450000,-0.081612,2.173923,3.662136
17.056660,4.990000,0.978000,4.450000,-0.081612,2.173923,3.662136
17.067770,4.990000,0.978000,4.450000,-0.081612,2.173923,3.662136
17.078880,4.990000,0.978000,4.450000,-0.081612,2.173923,3.662136
17.089990,4.990000,0.978000,4.450000,-0.081612,2.173923,3.662136
17.101100,4.990000,0.978000,4.450000,-0.081612,2.173923,3.662136
17.112220,4.990000,0.978000,4.450000,-0.081612,2.173923,3.662136
17.123330,4.990000,0.978000,4.450000,-0.081612,2.173923,3.662136
17.134440,4.990000,0.978000,4.450000,-0.081612,2.173923,3.662136
17.145550,4.990000,0.978000,4.450000,-0.081612,2.173923,3.662136
17.156660,4.990000,0.978000,4.450000,-0.081612,2.173923,3.662136
17.167770,4.990000,0.978000,4.450000,-0.081612,2.173923,3.662136
17.178880,4.990000,0.978000,4.450000,-0.081612,2.173923,3.662136
17.189990,4.990000,0.978000,4.450000,-0.122733,2.227536,3.540839
17.201100,4.990000,0.978000,4.450000,-0.122733,2.227536,3.540839
17.212210,4.990000,0.978000,4.450000,-0.122733,2.227536,3.540839
17.223320,4.990000,0.978000,4.450000,-0.215312,2.338665,3.270750
17.234430,4.990000,0.978000,4.450000,-0.215312,2.338665,3.270750
17.245540,4.990000,0.978000,4.450000,-0.215312,2.338665,3.270750
17.256650,4.990000,0.978000,4.450000,,,
17.267760,4.990000,0.978000,4.450000,,,
17.278870,4.990000,0.978000,4.450000,,,
17.289980,4.990000,0.978000,4.450000,-0.310971,2.420919,2.993802
17.301090,4.990000,0.978000,4.450000,-0.310971,2.420919,2.993802
17.312200,4.990000,0.978000,4.450000,-0.310971,2.420919,2.993802
17.323310,4.990000,0.978000,4.450000,-0.409657,2.446684,2.707357
17.334420,4.990000,0.978000,4.450000,-0.409657,2.446684,2.707357
17.345530,4.990000,0.978000,4.450000,-0.409657,2.446684,2.707357
17.356640,4.990000,0.978000,4.450000,,,
17.367750,4.990000,0.978000,4.450000,,,
17.378860,4.990000,0.978000,4.450000,,,
17.389970,4.990000,0.978000,4.450000,-0.510489,2.412170,2.414619
17.401010,,,,-0.510489,2.412170,2.414619
17.412190,4.990000,0.978000,4.450000,-0.510489,2.412170,2.414619
17.423300,4.990000,0.978000,4.450000,-0.510489,2.412170,2.414619
17.434410,4.990000,0.978000,4.450000,-0.582271,2.361723,2.206213
17.445520,4.990000,0.978000,4.450000,-0.582271,2.361723,2.206213
17.456630,4.990000,0.978000,4.450000,-0.582271,2.361723,2.206213
17.467740,4.990000,0.978000,4.450000,,,
17.478860,4.990000,0.978000,4.450000,,,
17.489970,4.990000,0.978000,4.450000,,,
17.501080,4.990000,0.978000,4.450000,-0.582271,2.361723,2.206213
17.512190,4.990000,0.978000,4.450000,-0.582271,2.361723,2.206213
17.523300,4.990000,0.978000,4.450000,-0.582271,2.361723,2.206213
17.534410,4.990000,0.978000,4.450000,-0.582271,2.361723,2.206213
17.545520,4.990000,0.978000,4.450000,-0.582271,2.361723,2.206213
17.556630,4.990000,0.978000,4.450000,-0.582271,2.361723,2.206213
17.567740,4.990000,0.978000,4.450000,,,
17.578850,4.990000,0.978000,4.450000,,,
17.589960,4.990000,0.978000,4.450000,,,
17.601070,4.990000,0.978000,4.450000,-0.582271,2.361723,2.206213
17.612180,4.990000,0.978000,4.450000,-0.582271,2.361723,2.206213
17.623290,4.990000,0.978000,4.450000,-0.582271,2.361723,2.206213
17.634400,4.990000,0.978000,4.450000,-0.517495,2.381111,2.280785
17.645510,4.990000,0.978000,4.450000,-0.517495,2.381111,2.280785
17.656620,4.990000,0.978000,4.450000,-0.517495,2.381111,2.280785
17.667730,4.990000,0.978000,4.450000,,,
17.678840,4.990000,0.978000,4.450000,,,
17.689950,4.990000,0.978000,4.450000,,,
17.701060,4.990000,0.978000,4.450000,-0.315948,2.436011,2.512170
17.712170,4.990000,0.978000,4.450000,-0.315948,2.436011,2.512170
17.723280,4.990000,0.978000,4.450000,-0.315948,2.436011,2.512170
17.734390,4.990000,0.978000,4.450000,-0.119585,2.474963,2.736705
17.745500,4.990000,0.978000,4.450000,-0.119585,2.474963,2.736705
17.756610,4.990000,0.978000,4.450000,-0.119585,2.474963,2.736705
17.767720,4.990000,0.978000,4.450000,,,
17.778830,4.990000,0.978000,4.450000,,,
17.789940,4.990000,0.978000,4.450000,,,
17.801050,4.990000,0.978000,4.450000,0.081994,2.488295,2.966163
17.812160,4.990000,0.978000,4.450000,0.081994,2.488295,2.966163
17.823270,4.990000,0.978000,4.450000,0.081994,2.488295,2.966163
17.834380,4.990000,0.978000,4.450000,0.284661,2.468341,3.192054
17.845500,4.990000,0.978000,4.450000,0.284661,2.468341,3.192054
17.856610,4.990000,0.978000,4.450000,0.284661,2.468341,3.192054
17.867720,4.990000,0.978000,4.450000,,,
17.878830,4.990000,0.978000,4.450000,,,
17.889940,4.990000,0.978000,4.450000,,,
17.901050,4.990000,0.978000,4.450000,,,
17.912160,4.990000,0.978000,4.450000,0.486239,2.417827,3.413760
17.923270,4.990000,0.978000,4.450000,0.486239,2.417827,3.413760
17.934380,4.990000,0.978000,4.450000,0.486239,2.417827,3.413760
17.945490,4.990000,0.978000,4.450000,0.690098,2.342574,3.635040
17.956600,4.990000,0.978000,4.450000,0.690098,2.342574,3.635040
17.967710,4.990000,0.978000,4.450000,0.690098,2.342574,3.635040
17.978820,4.990000,0.978000,4.450000,,,
17.989930,4.990000,0.978000,4.450000,,,
18.001040,4.990000,0.978000,4.450000,,,
18.012150,4.990000,0.978000,4.450000,0.873473,2.260583,3.832755
18.023260,4.990000,0.978000,4.450000,0.873473,2.260583,3.832755
18.034370,4.990000,0.978000,4.450000,0.873473,2.260583,3.832755
18.045480,4.990000,0.978000,4.450000,0.893798,2.250941,3.854672
18.056590,4.990000,0.978000,4.450000,0.893798,2.250941,3.854672
18.067700,4.990000,0.978000,4.450000,0.893798,2.250941,3.854672
18.078810,4.990000,0.978000,4.450000,,,
18.089920,4.990000,0.978000,4.450000,,,
18.101030,4.990000,0.978000,4.450000,,,
18.112140,4.990000,0.978000,4.450000,0.893798,2.250941,3.854672
18.123250,4.990000,0.978000,4.450000,0.893798,2.250941,3.854672
18.134360,4.990000,0.978000,4.450000,0.893798,2.250941,3.854672
18.145470,4.990000,0.978000,4.450000,0.893798,2.250941,3.854672
18.156580,4.990000,0.978000,4.450000,0.893798,2.250941,3.854672
18.167690,4.990000,0.978000,4.450000,0.893798,2.250941,3.854672
18.178800,4.990000,0.978000,4.450000,,,
18.189910,4.990000,0.978000,4.450000,,,
18.201030,4.990000,0.978000,4.450000,,,
18.212140,4.990000,0.978000,4.450000,,,
18.223250,4.990000,0.978000,4.450000,0.888558,2.256283,3.850222
18.234360,4.990000,0.978000,4.450000,0.888558,2.256283,3.850222
18.245470,4.990000,0.978000,4.450000,0.888558,2.256283,3.850222
18.256580,4.990000,0.978000,4.450000,0.702544,2.429431,3.687227
18.267690,4.990000,0.978000,4.450000,0.702544,2.429431,3.687227
18.278800,4.990000,0.978000,4.450000,0.702544,2.429431,3.687227
18.289910,4.990000,0.978000,4.450000,,,
18.301020,4.990000,0.978000,4.450000,,,
18.312130,4.990000,0.978000,4.450000,,,
18.323240,4.990000,0.978000,4.450000,0.511478,2.422715,3.518322
18.334350,4.990000,0.978000,4.450000,0.511478,2.422715,3.518322
18.345460,4.990000,0.978000,4.450000,0.511478,2.422715,3.518322
18.356570,4.990000,0.978000,4.450000,0.398016,2.316962,3.418021
18.367680,4.990000,0.978000,4.450000,0.398016,2.316962,3.418021
18.378790,4.990000,0.978000,4.450000,0.398016,2.316962,3.418021
18.389900,4.990000,0.978000,4.450000,0.398016,2.316962,3.418021
18.401010,4.990000,0.978000,4.450000,0.398016,2.316962,3.418021
18.412120,4.990000,0.978000,4.450000,0.398016,2.316962,3.418021
18.423230,4.990000,0.978000,4.450000,0.398016,2.316962,3.418021
18.434340,4.990000,0.978000,4.450000,0.398016,2.316962,3.418021
18.445450,4.990000,0.978000,4.450000,0.398016,2.316962,3.418021
18.456560,4.990000,0.978000,4.450000,0.398016,2.316962,3.418021
18.467670,4.990000,0.978000,4.450000,0.398016,2.316962,3.418021
18.478780,4.990000,0.978000,4.450000,0.398016,2.316962,3.418021
18.489890,4.990000,0.978000,4.450000,0.398016,2.316962,3.418021
18.501000,4.990000,0.978000,4.450000,0.398016,2.316962,3.418021
18.512110,4.990000,0.978000,4.450000,0.398016,2.316962,3.418021
18.523220,4.990000,0.978000,4.450000,0.398016,2.316962,3.418021
18.534330,4.990000,0.978000,4.450000,0.398016,2.316962,3.418021
18.545440,4.990000,0.978000,4.450000,0.398016,2.316962,3.418021
18.556550,4.990000,0.978000,4.450000,0.398016,2.316962,3.418021
18.567670,4.990000,0.978000,4.450000,0.398016,2.316962,3.418021
18.578780,4.990000,0.978000,4.450000,0.398016,2.316962,3.418021
18.589890,4.990000,0.978000,4.450000,0.398016,2.316962,3.418021
18.601000,4.990000,0.978000,4.450000,0.243461,2.375883,3.166541
18.612110,4.990000,0.978000,4.450000,0.243461,2.375883,3.166541
18.623220,4.990000,0.978000,4.450000,0.243461,2.375883,3.166541
18.634330,4.990000,0.978000,4.450000,,,
18.645440,4.990000,0.978000,4.450000,,,
18.656550,4.990000,0.978000,4.450000,,,
18.667660,4.990000,0.978000,4.450000,0.088261,2.411449,2.899619
18.678770,4.990000,0.978000,4.450000,0.088261,2.411449,2.899619
18.689880,4.990000,0.978000,4.450000,0.088261,2.411449,2.899619
18.700990,4.990000,0.978000,4.450000,-0.062423,2.381895,2.628994
18.712100,4.990000,0.978000,4.450000,-0.062423,2.381895,2.628994
18.723210,4.990000,0.978000,4.450000,-0.062423,2.381895,2.628994
18.734320,4.990000,0.978000,4.450000,-0.062423,2.381895,2.628994
18.745430,4.990000,0.978000,4.450000,-0.062423,2.381895,2.628994
18.756540,4.990000,0.978000,4.450000,-0.062423,2.381895,2.628994
18.767650,4.990000,0.978000,4.450000,-0.202785,2.284788,2.375877
18.778760,4.990000,0.978000,4.450000,-0.202785,2.284788,2.375877
18.789870,4.990000,0.978000,4.450000,-0.202785,2.284788,2.375877
18.800980,4.990000,0.978000,4.450000,-0.336208,2.147556,2.136502
18.812090,4.990000,0.978000,4.450000,-0.336208,2.147556,2.136502
18.823200,4.990000,0.978000,4.450000,-0.336208,2.147556,2.136502
18.834310,4.990000,0.978000,4.450000,-0.336208,2.147556,2.136502
18.845420,4.990000,0.978000,4.450000,-0.336208,2.147556,2.136502
18.856530,4.990000,0.978000,4.450000,-0.336208,2.147556,2.136502
18.867570,4.990000,0.978000,4.450000,,,
18.878750,4.990000,0.978000,4.450000,-0.352841,2.129120,2.107153
18.889860,4.990000,0.978000,4.450000,-0.352841,2.129120,2.107153
18.900970,4.990000,0.978000,4.450000,-0.352841,2.129120,2.107153
18.912080,4.990000,0.978000,4.450000,-0.352841,2.129120,2.107153
18.923190,4.990000,0.978000,4.450000,-0.352841,2.129120,2.107153
18.934310,4.990000,0.978000,4.450000,-0.352841,2.129120,2.107153
18.945420,4.990000,0.978000,4.450000,,,
18.956530,4.990000,0.978000,4.450000,,,
18.967640,4.990000,0.978000,4.450000,,,
18.978750,4.990000,0.978000,4.450000,-0.352841,2.129120,2.107153
18.989860,4.990000,0.978000,4.450000,-0.352841,2.129120,2.107153
19.000970,4.990000,0.978000,4.450000,-0.352841,2.129120,2.107153
19.012080,4.990000,0.978000,4.450000,-0.352841,2.129120,2.107153
19.023190,4.990000,0.978000,4.450000,-0.352841,2.129120,2.107153
19.034300,4.990000,0.978000,4.450000,-0.352841,2.129120,2.107153
19.045410,4.990000,0.978000,4.450000,,,
19.056520,4.990000,0.978000,4.450000,,,
19.067630,4.990000,0.978000,4.450000,,,
19.078740,4.990000,0.978000,4.450000,-0.197068,2.196017,2.337009
19.089850,4.990000,0.978000,4.450000,-0.197068,2.196017,2.337009
19.100960,4.990000,0.978000,4.450000,-0.197068,2.196017,2.337009
19.112070,4.990000,0.978000,4.450000,-0.030723,2.263260,2.582497
19.123180,4.990000,0.978000,4.450000,-0.030723,2.263260,2.582497
19.134290,4.990000,0.978000,4.450000,-0.030723,2.263260,2.582497
19.145400,4.990000,0.978000,4.450000,,,
19.156510,4.990000,0.978000,4.450000,,,
19.167620,4.990000,0.978000,4.450000,,,
19.178730,4.990000,0.978000,4.450000,0.136375,2.318451,2.829120
19.189840,4.990000,0.978000,4.450000,0.136375,2.318451,2.829120
19.200950,4.990000,0.978000,4.450000,0.136375,2.318451,2.829120
19.212060,4.990000,0.978000,4.450000,0.304147,2.351963,3.077606
19.223170,4.990000,0.978000,4.450000,0.304147,2.351963,3.077606
19.234280,4.990000,0.978000,4.450000,0.304147,2.351963,3.077606
19.245390,4.990000,0.978000,4.450000,,,
19.256500,4.990000,0.978000,4.450000,,,
19.267610,4.990000,0.978000,4.450000,,,
19.278720,4.990000,0.978000,4.450000,0.479145,2.357441,3.337212
19.289830,4.990000,0.978000,4.450000,0.479145,2.357441,3.337212
19.300950,4.990000,0.978000,4.450000,0.479145,2.357441,3.337212
19.312060,4.990000,0.978000,4.450000,0.653928,2.334562,3.595928
19.323170,4.990000,0.978000,4.450000,0.653928,2.334562,3.595928
19.334280,4.990000,0.978000,4.450000,0.653928,2.334562,3.595928
19.345390,4.990000,0.978000,4.450000,,,
19.356500,4.990000,0.978000,4.450000,,,
19.367610,4.990000,0.978000,4.450000,,,
19.378720,4.990000,0.978000,4.450000,,,
19.389830,4.990000,0.978000,4.450000,0.825130,2.291756,3.849353
19.400940,4.990000,0.978000,4.450000,0.825130,2.291756,3.849353
19.412050,4.990000,0.978000,4.450000,0.825130,2.291756,3.849353
19.423160,4.990000,0.978000,4.450000,0.900981,2.268435,3.962406
19.434270,4.990000,0.978000,4.450000,0.900981,2.268435,3.962406
19.445380,4.990000,0.978000,4.450000,0.900981,2.268435,3.962406
19.456490,4.990000,0.978000,4.450000,,,
19.467600,4.990000,0.978000,4.450000,,,
19.478710,4.990000,0.978000,4.450000,,,
19.489820,4.990000,0.978000,4.450000,0.900981,2.268435,3.962406
19.500930,4.990000,0.978000,4.450000,0.900981,2.268435,3.962406
19.512040,4.990000,0.978000,4.450000,0.900981,2.268435,3.962406
19.523150,4.990000,0.978000,4.450000,0.900981,2.268435,3.962406
19.534260,4.990000,0.978000,4.450000,0.900981,2.268435,3.962406
19.545370,4.990000,0.978000,4.450000,0.900981,2.268435,3.962406
19.556480,4.990000,0.978000,4.450000,,,
19.567590,4.990000,0.978000,4.450000,,,
19.578700,4.990000,0.978000,4.450000,,,
19.589810,4.990000,0.978000,4.450000,0.900981,2.268435,3.962406
19.600920,4.990000,0.978000,4.450000,0.900981,2.268435,3.962406
19.612030,4.990000,0.978000,4.450000,0.900981,2.268435,3.962406
19.623140,4.990000,0.978000,4.450000,0.787052,2.309079,3.825451
19.634250,4.990000,0.978000,4.450000,0.787052,2.309079,3.825451
19.645360,4.990000,0.978000,4.450000,0.787052,2.309079,3.825451
19.656480,4.990000,0.978000,4.450000,,,
19.667590,4.990000,0.978000,4.450000,,,
19.678700,4.990000,0.978000,4.450000,,,
19.689810,4.990000,0.978000,4.450000,0.590422,2.362114,3.587801
19.700920,4.990000,0.978000,4.450000,0.590422,2.362114,3.587801
19.712030,4.990000,0.978000,4.450000,0.590422,2.362114,3.587801
19.723140,4.990000,0.978000,4.450000,0.590422,2.362114,3.587801
19.734250,4.990000,0.978000,4.450000,0.393538,2.352774,3.351641
19.745360,4.990000,0.978000,4.450000,0.393538,2.352774,3.351641
19.756470,4.990000,0.978000,4.450000,0.393538,2.352774,3.351641
19.767580,4.990000,0.978000,4.450000,,,
19.778690,4.990000,0.978000,4.450000,,,
19.789800,4.990000,0.978000,4.450000,,,
19.800910,4.990000,0.978000,4.450000,0.205065,2.276424,3.127694
19.812020,4.990000,0.978000,4.450000,0.205065,2.276424,3.127694
19.823130,4.990000,0.978000,4.450000,0.205065,2.276424,3.127694
19.834240,4.990000,0.978000,4.450000,0.022254,2.164950,2.917644
19.845350,4.990000,0.978000,4.450000,0.022254,2.164950,2.917644
19.856460,4.990000,0.978000,4.450000,0.022254,2.164950,2.917644
19.867570,4.990000,0.978000,4.450000,,,
19.878680,4.990000,0.978000,4.450000,,,
19.889790,4.990000,0.978000,4.450000,,,
19.900900,4.990000,0.978000,4.450000,-0.008423,2.143150,2.881578
19.912010,4.990000,0.978000,4.450000,-0.008423,2.143150,2.881578
19.923120,4.990000,0.978000,4.450000,-0.008423,2.143150,2.881578
19.934230,4.990000,0.978000,4.450000,-0.008423,2.143150,2.881578
19.945340,4.990000,0.978000,4.450000,-0.008423,2.143150,2.881578
19.956450,4.990000,0.978000,4.450000,-0.008423,2.143150,2.881578
19.967560,4.990000,0.978000,4.450000,,,
19.978670,4.990000,0.978000,4.450000,,,
19.989780,4.990000,0.978000,4.450000,,,
20.000890,4.990000,0.978000,4.450000,-0.008423,2.143150,2.881578
20.012000,4.990000,0.978000,4.450000,-0.008423,2.143150,2.881578
20.023120,4.990000,0.978000,4.450000,-0.008423,2.143150,2.881578
20.034230,4.990000,0.978000,4.450000,-0.008423,2.143150,2.881578
20.045340,4.990000,0.978000,4.450000,-0.008423,2.143150,2.881578
20.056450,4.990000,0.978000,4.450000,-0.008423,2.143150,2.881578
20.067560,4.990000,0.978000,4.450000,-0.008423,2.143150,2.881578
20.078670,4.990000,0.978000,4.450000,,,
20.089780,4.990000,0.978000,4.450000,,,
20.100890,4.990000,0.978000,4.450000,,,
20.112000,4.990000,0.978000,4.450000,-0.097627,2.293727,2.683720
20.123110,4.990000,0.978000,4.450000,-0.097627,2.293727,2.683720
20.134220,4.990000,0.978000,4.450000,-0.097627,2.293727,2.683720
20.145330,4.990000,0.978000,4.450000,-0.214670,2.399681,2.428375
20.156440,4.990000,0.978000,4.450000,-0.214670,2.399681,2.428375
20.167550,4.990000,0.978000,4.450000,-0.214670,2.399681,2.428375
20.178660,4.990000,0.978000,4.450000,,,
20.189770,4.990000,0.978000,4.450000,,,
20.200880,4.990000,0.978000,4.450000,,,
20.211990,4.990000,0.978000,4.450000,-0.303600,2.345355,2.233650
20.223100,4.990000,0.978000,4.450000,-0.303600,2.345355,2.233650
20.234210,4.990000,0.978000,4.450000,-0.303600,2.345355,2.233650
20.245320,4.990000,0.978000,4.450000,-0.331581,2.316201,2.172401
20.256430,4.990000,0.978000,4.450000,-0.331581,2.316201,2.172401
20.267540,4.990000,0.978000,4.450000,-0.331581,2.316201,2.172401
20.278650,4.990000,0.978000,4.450000,-0.331581,2.316201,2.172401
20.289760,4.990000,0.978000,4.450000,-0.331581,2.316201,2.172401
20.300870,4.990000,0.978000,4.450000,-0.331581,2.316201,2.172401
20.311980,4.990000,0.978000,4.450000,-0.331581,2.316201,2.172401
20.323090,4.990000,0.978000,4.450000,-0.331581,2.316201,2.172401
20.334200,4.990000,0.978000,4.450000,-0.331581,2.316201,2.172401
20.345250,4.990000,0.978000,4.450000,,,
20.356420,4.990000,0.978000,4.450000,-0.331581,2.316201,2.172401
20.367530,4.990000,0.978000,4.450000,-0.331581,2.316201,2.172401
20.378640,4.990000,0.978000,4.450000,-0.331581,2.316201,2.172401
20.389760,4.990000,0.978000,4.450000,-0.331581,2.316201,2.172401
20.400870,4.990000,0.978000,4.450000,-0.331581,2.316201,2.172401
20.411980,4.990000,0.978000,4.450000,-0.331581,2.316201,2.172401
20.423090,4.990000,0.978000,4.450000,,,
20.434200,4.990000,0.978000,4.450000,,,
20.445310,4.990000,0.978000,4.450000,,,
20.456420,4.990000,0.978000,4.450000,-0.260709,2.371013,2.341241
20.467530,4.990000,0.978000,4.450000,-0.260709,2.371013,2.341241
20.478640,4.990000,0.978000,4.450000,-0.260709,2.371013,2.341241
20.489750,4.990000,0.978000,4.450000,-0.154887,2.449093,2.613744
20.500860,4.990000,0.978000,4.450000,-0.154887,2.449093,2.613744
20.511970,4.990000,0.978000,4.450000,-0.154887,2.449093,2.613744
20.523080,4.990000,0.978000,4.450000,,,
20.534190,4.990000,0.978000,4.450000,,,
20.545300,4.990000,0.978000,4.450000,,,
20.556410,4.990000,0.978000,4.450000,-0.061334,2.490415,2.899229
20.567520,4.990000,0.978000,4.450000,-0.061334,2.490415,2.899229
20.578630,4.990000,0.978000,4.450000,-0.061334,2.490415,2.899229
20.589740,4.990000,0.978000,4.450000,0.022901,2.458138,3.214057
20.600850,4.990000,0.978000,4.450000,0.022901,2.458138,3.214057
20.611960,4.990000,0.978000,4.450000,0.022901,2.458138,3.214057
20.623070,4.990000,0.978000,4.450000,0.022901,2.458138,3.214057
20.634180,4.990000,0.978000,4.450000,0.022901,2.458138,3.214057
20.645290,4.990000,0.978000,4.450000,0.022901,2.458138,3.214057
20.656400,4.990000,0.978000,4.450000,0.080143,2.358345,3.506763
20.667510,4.990000,0.978000,4.450000,0.080143,2.358345,3.506763
20.678620,4.990000,0.978000,4.450000,0.080143,2.358345,3.506763
20.689730,4.990000,0.978000,4.450000,0.100325,2.277758,3.678527
20.700840,4.990000,0.978000,4.450000,0.100325,2.277758,3.678527
20.711950,4.990000,0.978000,4.450000,0.100325,2.277758,3.678527
20.723060,4.990000,0.978000,4.450000,0.100325,2.277758,3.678527
20.734170,4.990000,0.978000,4.450000,0.100325,2.277758,3.678527
20.745290,4.990000,0.978000,4.450000,0.100325,2.277758,3.678527
20.756400,4.990000,0.978000,4.450000,0.100325,2.277758,3.678527
20.767510,4.990000,0.978000,4.450000,0.100325,2.277758,3.678527
20.778620,4.990000,0.978000,4.450000,0.100325,2.277758,3.678527
20.789730,4.990000,0.978000,4.450000,0.100325,2.277758,3.678527
20.800840,4.990000,0.978000,4.450000,0.100325,2.277758,3.678527
20.811950,4.990000,0.978000,4.450000,0.100325,2.277758,3.678527
20.823020,,,,0.100325,2.277758,3.678527
20.834170,4.990000,0.978000,4.450000,,,
20.845280,4.990000,0.978000,4.450000,,,
20.856390,4.990000,0.978000,4.450000,,,
20.867500,4.990000,0.978000,4.450000,0.100325,2.277758,3.678527
20.878610,4.990000,0.978000,4.450000,0.100325,2.277758,3.678527
20.889720,4.990000,0.978000,4.450000,0.100325,2.277758,3.678527
20.900830,4.990000,0.978000,4.450000,0.025876,2.342929,3.624218
20.911940,4.990000,0.978000,4.450000,0.025876,2.342929,3.624218
20.923050,4.990000,0.978000,4.450000,0.025876,2.342929,3.624218
20.934160,4.990000,0.978000,4.450000,,,
20.945270,4.990000,0.978000,4.450000,,,
20.956380,4.990000,0.978000,4.450000,,,
20.967490,4.990000,0.978000,4.450000,-0.177753,2.476188,3.479301
20.978600,4.990000,0.978000,4.450000,-0.177753,2.476188,3.479301
20.989710,4.990000,0.978000,4.450000,-0.177753,2.476188,3.479301
21.000820,4.990000,0.978000,4.450000,-0.374405,2.424953,3.342595
21.011930,4.990000,0.978000,4.450000,-0.374405,2.424953,3.342595
21.023040,4.990000,0.978000,4.450000,-0.374405,2.424953,3.342595
21.034150,4.990000,0.978000,4.450000,-0.374405,2.424953,3.342595
21.045260,4.990000,0.978000,4.450000,,,
21.056370,4.990000,0.978000,4.450000,,,
21.067480,4.990000,0.978000,4.450000,,,
21.078590,4.990000,0.978000,4.450000,-0.467872,2.352119,3.278002
21.089700,4.990000,0.978000,4.450000,-0.467872,2.352119,3.278002
21.100810,4.990000,0.978000,4.450000,-0.467872,2.352119,3.278002
21.111930,4.990000,0.978000,4.450000,-0.467872,2.352119,3.278002
21.123040,4.990000,0.978000,4.450000,-0.467872,2.352119,3.278002
21.134150,4.990000,0.978000,4.450000,-0.467872,2.352119,3.278002
21.145260,4.990000,0.978000,4.450000,,,
21.156370,4.990000,0.978000,4.450000,,,
21.167480,4.990000,0.978000,4.450000,,,
21.178590,4.990000,0.978000,4.450000,-0.467872,2.352119,3.278002
21.189700,4.990000,0.978000,4.450000,-0.467872,2.352119,3.278002
21.200810,4.990000,0.978000,4.450000,-0.467872,2.352119,3.278002
21.211920,4.990000,0.978000,4.450000,-0.467872,2.352119,3.278002
21.223030,4.990000,0.978000,4.450000,-0.467872,2.352119,3.278002
21.234140,4.990000,0.978000,4.450000,-0.467872,2.352119,3.278002
21.245250,4.990000,0.978000,4.450000,,,
21.256360,4.990000,0.978000,4.450000,,,
21.267470,4.990000,0.978000,4.450000,,,
21.278580,4.990000,0.978000,4.450000,-0.423670,2.384667,3.218436
21.289690,4.990000,0.978000,4.450000,-0.423670,2.384667,3.218436
21.300800,4.990000,0.978000,4.450000,-0.423670,2.384667,3.218436
21.311910,4.990000,0.978000,4.450000,-0.259937,2.466861,3.015960
21.323020,4.990000,0.978000,4.450000,-0.259937,2.466861,3.015960
21.334130,4.990000,0.978000,4.450000,-0.259937,2.466861,3.015960
21.345240,4.990000,0.978000,4.450000,,,
21.356350,4.990000,0.978000,4.450000,,,
21.367460,4.990000,0.978000,4.450000,,,
21.378570,4.990000,0.978000,4.450000,-0.078463,2.369054,2.829489
21.389680,4.990000,0.978000,4.450000,-0.078463,2.369054,2.829489
21.400790,4.990000,0.978000,4.450000,-0.078463,2.369054,2.829489
21.411900,4.990000,0.978000,4.450000,0.052721,2.221961,2.741146
21.423010,4.990000,0.978000,4.450000,0.052721,2.221961,2.741146
21.434120,4.990000,0.978000,4.450000,0.052721,2.221961,2.741146
21.445230,4.990000,0.978000,4.450000,,,
21.456340,4.990000,0.978000,4.450000,,,
21.467450,4.990000,0.978000,4.450000,,,
21.478570,4.990000,0.978000,4.450000,,,
21.489680,4.990000,0.978000,4.450000,0.052721,2.221961,2.741146
21.500790,4.990000,0.978000,4.450000,0.052721,2.221961,2.741146
21.511900,4.990000,0.978000,4.450000,0.052721,2.221961,2.741146
21.523010,4.990000,0.978000,4.450000,0.052721,2.221961,2.741146
21.534120,4.990000,0.978000,4.450000,0.052721,2.221961,2.741146
21.545230,4.990000,0.978000,4.450000,0.052721,2.221961,2.741146
21.556340,4.990000,0.978000,4.450000,,,
21.567450,4.990000,0.978000,4.450000,,,
21.578560,4.990000,0.978000,4.450000,,,
21.589670,4.990000,0.978000,4.450000,0.052721,2.221961,2.741146
21.600780,4.990000,0.978000,4.450000,0.052721,2.221961,2.741146
21.611890,4.990000,0.978000,4.450000,0.052721,2.221961,2.741146
21.623000,4.990000,0.978000,4.450000,0.047770,2.228393,2.762025
21.634110,4.990000,0.978000,4.450000,0.047770,2.228393,2.762025
21.645220,4.990000,0.978000,4.450000,0.047770,2.228393,2.762025
21.656330,4.990000,0.978000,4.450000,,,
21.667440,4.990000,0.978000,4.450000,,,
21.678550,4.990000,0.978000,4.450000,,,
21.689660,4.990000,0.978000,4.450000,-0.016006,2.308678,3.048219
21.700770,4.990000,0.978000,4.450000,-0.016006,2.308678,3.048219
21.711880,4.990000,0.978000,4.450000,-0.016006,2.308678,3.048219
21.722990,4.990000,0.978000,4.450000,-0.086804,2.328070,3.390120
21.734100,4.990000,0.978000,4.450000,-0.086804,2.328070,3.390120
21.745210,4.990000,0.978000,4.450000,-0.086804,2.328070,3.390120
21.756320,4.990000,0.978000,4.450000,,,
21.767430,4.990000,0.978000,4.450000,,,
21.778540,4.990000,0.978000,4.450000,,,
21.789650,4.990000,0.978000,4.450000,-0.131845,2.230864,3.681845
21.800760,4.990000,0.978000,4.450000,-0.131845,2.230864,3.681845
21.811870,4.990000,0.978000,4.450000,-0.131845,2.230864,3.681845
21.822980,4.990000,0.978000,4.450000,-0.131845,2.230864,3.681845
21.834100,4.990000,0.978000,4.450000,-0.161280,2.108925,3.908159
21.845210,4.990000,0.978000,4.450000,-0.161280,2.108925,3.908159
21.856320,4.990000,0.978000,4.450000,-0.161280,2.108925,3.908159
21.867430,4.990000,0.978000,4.450000,,,
21.878540,4.990000,0.978000,4.450000,,,
21.889650,4.990000,0.978000,4.450000,,,
21.900760,4.990000,0.978000,4.450000,-0.161280,2.108925,3.908159
21.911870,4.990000,0.978000,4.450000,-0.161280,2.108925,3.908159
21.922980,4.990000,0.978000,4.450000,-0.161280,2.108925,3.908159
21.934090,4.990000,0.978000,4.450000,-0.161280,2.108925,3.908159
21.945200,4.990000,0.978000,4.450000,-0.161280,2.108925,3.908159
21.956310,4.990000,0.978000,4.450000,-0.161280,2.108925,3.908159
21.967420,4.990000,0.978000,4.450000,,,
21.978530,4.990000,0.978000,4.450000,,,
21.989640,4.990000,0.978000,4.450000,,,
22.000750,4.990000,0.978000,4.450000,-0.161280,2.108925,3.908159
22.011860,4.990000,0.978000,4.450000,-0.161280,2.108925,3.908159
22.022970,4.990000,0.978000,4.450000,-0.161280,2.108925,3.908159
22.034060,4.990000,0.978000,4.450000,,,
22.045190,4.990000,0.978000,4.450000,-0.175869,2.129177,3.866822
22.056300,4.990000,0.978000,4.450000,-0.175869,2.129177,3.866822
22.067410,4.990000,0.978000,4.450000,-0.175869,2.129177,3.866822
22.078520,4.990000,0.978000,4.450000,,,
22.089630,4.990000,0.978000,4.450000,,,
22.100740,4.990000,0.978000,4.450000,,,
22.111850,4.990000,0.978000,4.450000,-0.269047,2.245095,3.605174
22.122960,4.990000,0.978000,4.450000,-0.269047,2.245095,3.605174
22.134070,4.990000,0.978000,4.450000,-0.269047,2.245095,3.605174
22.145180,4.990000,0.978000,4.450000,-0.372799,2.311037,3.322598
22.156290,4.990000,0.978000,4.450000,-0.372799,2.311037,3.322598
22.167400,4.990000,0.978000,4.450000,-0.372799,2.311037,3.322598
22.178510,4.990000,0.978000,4.450000,,,
22.189620,4.990000,0.978000,4.450000,,,
22.200740,4.990000,0.978000,4.450000,,,
22.211850,4.990000,0.978000,4.450000,-0.481550,2.285726,3.039660
22.222960,4.990000,0.978000,4.450000,-0.481550,2.285726,3.039660
22.234070,4.990000,0.978000,4.450000,-0.481550,2.285726,3.039660
22.245180,4.990000,0.978000,4.450000,-0.596850,2.196936,2.773088
22.256290,4.990000,0.978000,4.450000,-0.596850,2.196936,2.773088
22.267400,4.990000,0.978000,4.450000,-0.596850,2.196936,2.773088
22.278510,4.990000,0.978000,4.450000,-0.639283,2.161010,2.687288
22.289620,4.990000,0.978000,4.450000,-0.639283,2.161010,2.687288
22.300730,4.990000,0.978000,4.450000,-0.639283,2.161010,2.687288
22.311840,4.990000,0.978000,4.450000,-0.639283,2.161010,2.687288
22.322950,4.990000,0.978000,4.450000,-0.639283,2.161010,2.687288
22.334060,4.990000,0.978000,4.450000,-0.639283,2.161010,2.687288
22.345170,4.990000,0.978000,4.450000,-0.639283,2.161010,2.687288
22.356280,4.990000,0.978000,4.450000,-0.639283,2.161010,2.687288
22.367390,4.990000,0.978000,4.450000,-0.639283,2.161010,2.687288
22.378500,4.990000,0.978000,4.450000,,,
22.389610,4.990000,0.978000,4.450000,,,
22.400720,4.990000,0.978000,4.450000,,,
22.411830,4.990000,0.978000,4.450000,,,
22.422940,4.990000,0.978000,4.450000,-0.639283,2.161010,2.687288
22.434050,4.990000,0.978000,4.450000,-0.639283,2.161010,2.687288
22.445160,4.990000,0.978000,4.450000,-0.639283,2.161010,2.687288
22.456270,4.990000,0.978000,4.450000,-0.639283,2.161010,2.687288
22.467380,4.990000,0.978000,4.450000,-0.639283,2.161010,2.687288
22.478490,4.990000,0.978000,4.450000,-0.639283,2.161010,2.687288
22.489600,4.990000,0.978000,4.450000,-0.449742,2.259681,2.735924
22.500710,4.990000,0.978000,4.450000,-0.449742,2.259681,2.735924
22.511820,4.990000,0.978000,4.450000,-0.449742,2.259681,2.735924
22.522930,4.990000,0.978000,4.450000,-0.449742,2.259681,2.735924
22.534040,4.990000,0.978000,4.450000,-0.449742,2.259681,2.735924
22.545150,4.990000,0.978000,4.450000,-0.449742,2.259681,2.735924
22.556260,4.990000,0.978000,4.450000,-0.188301,2.309021,2.803010
22.567360,,,,-0.188301,2.309021,2.803010
22.578490,4.990000,0.978000,4.450000,-0.188301,2.309021,2.803010
22.589600,4.990000,0.978000,4.450000,0.026845,2.204871,2.859119
22.600710,4.990000,0.978000,4.450000,0.026845,2.204871,2.859119
22.611820,4.990000,0.978000,4.450000,0.026845,2.204871,2.859119
22.622930,4.990000,0.978000,4.450000,0.026845,2.204871,2.859119
22.634040,4.990000,0.978000,4.450000,0.026845,2.204871,2.859119
22.645150,4.990000,0.978000,4.450000,0.026845,2.204871,2.859119
22.656260,4.990000,0.978000,4.450000,0.104378,2.150444,2.879138
22.667370,4.990000,0.978000,4.450000,0.104378,2.150444,2.879138
22.678480,4.990000,0.978000,4.450000,0.104378,2.150444,2.879138
22.689580,4.990000,0.978000,4.450000,,,
22.700700,4.990000,0.978000,4.450000,0.104378,2.150444,2.879138
22.711810,4.990000,0.978000,4.450000,0.104378,2.150444,2.879138
22.722920,4.990000,0.978000,4.450000,0.104378,2.150444,2.879138
22.734030,4.990000,0.978000,4.450000,,,
22.745140,4.990000,0.978000,4.450000,,,
22.756250,4.990000,0.978000,4.450000,,,
22.767360,4.990000,0.978000,4.450000,0.104378,2.150444,2.879138
22.778470,4.990000,0.978000,4.450000,0.104378,2.150444,2.879138
22.789580,4.990000,0.978000,4.450000,0.104378,2.150444,2.879138
22.800690,4.990000,0.978000,4.450000,0.104378,2.150444,2.879138
22.811800,4.990000,0.978000,4.450000,0.104378,2.150444,2.879138
22.822910,4.990000,0.978000,4.450000,0.104378,2.150444,2.879138
22.834020,4.990000,0.978000,4.450000,,,
22.845130,4.990000,0.978000,4.450000,,,
22.856240,4.990000,0.978000,4.450000,,,
22.867350,4.990000,0.978000,4.450000,0.087842,2.238988,3.005968
22.878460,4.990000,0.978000,4.450000,0.087842,2.238988,3.005968
22.889570,4.990000,0.978000,4.450000,0.087842,2.238988,3.005968
22.900680,4.990000,0.978000,4.450000,0.057473,2.394085,3.271058
22.911790,4.990000,0.978000,4.450000,0.057473,2.394085,3.271058
22.922900,4.990000,0.978000,4.450000,0.057473,2.394085,3.271058
22.934020,4.990000,0.978000,4.450000,,,
22.945130,4.990000,0.978000,4.450000,,,
22.956240,4.990000,0.978000,4.450000,,,
22.967350,4.990000,0.978000,4.450000,0.037169,2.396794,3.535979
22.978460,4.990000,0.978000,4.450000,0.037169,2.396794,3.535979
22.989570,4.990000,0.978000,4.450000,0.037169,2.396794,3.535979
23.000680,4.990000,0.978000,4.450000,0.034076,2.338356,3.664314
23.011790,4.990000,0.978000,4.450000,0.034076,2.338356,3.664314
23.022900,4.990000,0.978000,4.450000,0.034076,2.338356,3.664314
23.034010,4.990000,0.978000,4.450000,,,
23.045120,4.990000,0.978000,4.450000,,,
23.056230,4.990000,0.978000,4.450000,,,
23.067340,4.990000,0.978000,4.450000,,,
23.078450,4.990000,0.978000,4.450000,0.034076,2.338356,3.664314
23.089560,4.990000,0.978000,4.450000,0.034076,2.338356,3.664314
23.100670,4.990000,0.978000,4.450000,0.034076,2.338356,3.664314
23.111780,4.990000,0.978000,4.450000,0.034076,2.338356,3.664314
23.122890,4.990000,0.978000,4.450000,0.034076,2.338356,3.664314
23.134000,4.990000,0.978000,4.450000,0.034076,2.338356,3.664314
23.145110,4.990000,0.978000,4.450000,,,
23.156220,4.990000,0.978000,4.450000,,,
23.167330,4.990000,0.978000,4.450000,,,
23.178440,4.990000,0.978000,4.450000,0.034076,2.338356,3.664314
23.189550,4.990000,0.978000,4.450000,0.034076,2.338356,3.664314
23.200660,4.990000,0.978000,4.450000,0.034076,2.338356,3.664314
23.211770,4.990000,0.978000,4.450000,-0.003753,2.351285,3.616679
23.222880,4.990000,0.978000,4.450000,-0.003753,2.351285,3.616679
23.233990,4.990000,0.978000,4.450000,-0.003753,2.351285,3.616679
23.245100,4.990000,0.978000,4.450000,,,
23.256210,4.990000,0.978000,4.450000,,,
23.267320,4.990000,0.978000,4.450000,,,
23.278430,4.990000,0.978000,4.450000,-0.189507,2.410144,3.385036
23.289550,4.990000,0.978000,4.450000,-0.189507,2.410144,3.385036
23.300660,4.990000,0.978000,4.450000,-0.189507,2.410144,3.385036
23.311770,4.990000,0.978000,4.450000,-0.377399,2.443444,3.152211
23.322880,4.990000,0.978000,4.450000,-0.377399,2.443444,3.152211
23.333990,4.990000,0.978000,4.450000,-0.377399,2.443444,3.152211
23.345100,4.990000,0.978000,4.450000,,,
23.356210,4.990000,0.978000,4.450000,,,
23.367320,4.990000,0.978000,4.450000,,,
23.378430,4.990000,0.978000,4.450000,-0.566036,2.421151,2.922545
23.389540,4.990000,0.978000,4.450000,-0.566036,2.421151,2.922545
23.400650,4.990000,0.978000,4.450000,-0.566036,2.421151,2.922545
23.411760,4.990000,0.978000,4.450000,-0.766191,2.336432,2.678466
23.422870,4.990000,0.978000,4.450000,-0.766191,2.336432,2.678466
23.433980,4.990000,0.978000,4.450000,-0.766191,2.336432,2.678466
23.445090,4.990000,0.978000,4.450000,,,
23.456200,4.990000,0.978000,4.450000,,,
23.467310,4.990000,0.978000,4.450000,,,
23.478420,4.990000,0.978000,4.450000,,,
23.489530,4.990000,0.978000,4.450000,-0.924556,2.240408,2.484071
23.500640,4.990000,0.978000,4.450000,-0.924556,2.240408,2.484071
23.511750,4.990000,0.978000,4.450000,-0.924556,2.240408,2.484071
23.522860,4.990000,0.978000,4.450000,-0.924556,2.240408,2.484071
23.533970,4.990000,0.978000,4.450000,-0.924556,2.240408,2.484071
23.545080,4.990000,0.978000,4.450000,-0.924556,2.240408,2.484071
23.556190,4.990000,0.978000,4.450000,,,
23.567300,4.990000,0.978000,4.450000,,,
23.578410,4.990000,0.978000,4.450000,,,
23.589500,,,,-0.924556,2.240408,2.484071
23.600630,4.990000,0.978000,4.450000,-0.924556,2.240408,2.484071
23.611740,4.990000,0.978000,4.450000,-0.924556,2.240408,2.484071
23.622850,4.990000,0.978000,4.450000,-0.924556,2.240408,2.484071
23.633960,4.990000,0.978000,4.450000,-0.924556,2.240408,2.484071
23.645070,4.990000,0.978000,4.450000,-0.924556,2.240408,2.484071
23.656190,4.990000,0.978000,4.450000,,,
23.667300,4.990000,0.978000,4.450000,,,
23.678410,4.990000,0.978000,4.450000,,,
23.689520,4.990000,0.978000,4.450000,-0.887620,2.265768,2.505440
23.700630,4.990000,0.978000,4.450000,-0.887620,2.265768,2.505440
23.711740,4.990000,0.978000,4.450000,-0.887620,2.265768,2.505440
23.722850,4.990000,0.978000,4.450000,-0.653165,2.414998,2.636619
23.733960,4.990000,0.978000,4.450000,-0.653165,2.414998,2.636619
23.745070,4.990000,0.978000,4.450000,-0.653165,2.414998,2.636619
23.756180,4.990000,0.978000,4.450000,,,
23.767290,4.990000,0.978000,4.450000,,,
23.778400,4.990000,0.978000,4.450000,,,
23.789510,4.990000,0.978000,4.450000,,,
23.800620,4.990000,0.978000,4.450000,-0.393734,2.464306,2.775684
23.811730,4.990000,0.978000,4.450000,-0.393734,2.464306,2.775684
23.822840,4.990000,0.978000,4.450000,-0.393734,2.464306,2.775684
23.833950,4.990000,0.978000,4.450000,-0.209929,2.385555,2.861677
23.845060,4.990000,0.978000,4.450000,-0.209929,2.385555,2.861677
23.856170,4.990000,0.978000,4.450000,-0.209929,2.385555,2.861677
23.867280,4.990000,0.978000,4.450000,,,
23.878390,4.990000,0.978000,4.450000,,,
23.889500,4.990000,0.978000,4.450000,,,
23.900610,4.990000,0.978000,4.450000,-0.157237,2.350572,2.882400
23.911720,4.990000,0.978000,4.450000,-0.157237,2.350572,2.882400
23.922830,4.990000,0.978000,4.450000,-0.157237,2.350572,2.882400
23.933940,4.990000,0.978000,4.450000,-0.157237,2.350572,2.882400
23.945050,4.990000,0.978000,4.450000,-0.157237,2.350572,2.882400
23.956160,4.990000,0.978000,4.450000,-0.157237,2.350572,2.882400
23.967270,4.990000,0.978000,4.450000,-0.157237,2.350572,2.882400
23.978380,4.990000,0.978000,4.450000,-0.157237,2.350572,2.882400
23.989490,4.990000,0.978000,4.450000,-0.157237,2.350572,2.882400
24.000600,4.990000,0.978000,4.450000,-0.157237,2.350572,2.882400
24.011710,4.990000,0.978000,4.450000,-0.157237,2.350572,2.882400
24.022830,4.990000,0.978000,4.450000,-0.157237,2.350572,2.882400
24.033940,4.990000,0.978000,4.450000,-0.157237,2.350572,2.882400
24.045050,4.990000,0.978000,4.450000,-0.157237,2.350572,2.882400
24.056160,4.990000,0.978000,4.450000,-0.157237,2.350572,2.882400
24.067270,4.990000,0.978000,4.450000,-0.132601,2.436040,3.057409
24.078380,4.990000,0.978000,4.450000,-0.132601,2.436040,3.057409
24.089490,4.990000,0.978000,4.450000,-0.132601,2.436040,3.057409
24.100600,4.990000,0.978000,4.450000,-0.132601,2.436040,3.057409
24.111710,4.990000,0.978000,4.450000,-0.132601,2.436040,3.057409
24.122820,4.990000,0.978000,4.450000,-0.132601,2.436040,3.057409
24.133930,4.990000,0.978000,4.450000,-0.103950,2.413209,3.260944
24.145040,4.990000,0.978000,4.450000,-0.103950,2.413209,3.260944
24.156150,4.990000,0.978000,4.450000,-0.103950,2.413209,3.260944
24.167260,4.990000,0.978000,4.450000,-0.103950,2.413209,3.260944
24.178370,4.990000,0.978000,4.450000,-0.081365,2.235369,3.421380
24.189480,4.990000,0.978000,4.450000,-0.081365,2.235369,3.421380
24.200590,4.990000,0.978000,4.450000,-0.081365,2.235369,3.421380
24.211700,4.990000,0.978000,4.450000,,,
24.222810,4.990000,0.978000,4.450000,,,
24.233920,4.990000,0.978000,4.450000,,,
24.245030,4.990000,0.978000,4.450000,-0.073804,2.187779,3.451163
24.256140,4.990000,0.978000,4.450000,-0.073804,2.187779,3.451163
24.267250,4.990000,0.978000,4.450000,-0.073804,2.187779,3.451163
24.278360,4.990000,0.978000,4.450000,-0.073804,2.187779,3.451163
24.289470,4.990000,0.978000,4.450000,-0.073804,2.187779,3.451163
24.300580,4.990000,0.978000,4.450000,-0.073804,2.187779,3.451163
24.311690,4.990000,0.978000,4.450000,,,
24.322800,4.990000,0.978000,4.450000,,,
24.333910,4.990000,0.978000,4.450000,,,
24.345020,4.990000,0.978000,4.450000,-0.073804,2.187779,3.451163
24.356130,4.990000,0.978000,4.450000,-0.073804,2.187779,3.451163
24.367240,4.990000,0.978000,4.450000,-0.073804,2.187779,3.451163
24.378360,4.990000,0.978000,4.450000,-0.073804,2.187779,3.451163
24.389470,4.990000,0.978000,4.450000,-0.073804,2.187779,3.451163
24.400580,4.990000,0.978000,4.450000,-0.073804,2.187779,3.451163
24.411690,4.990000,0.978000,4.450000,,,
24.422800,4.990000,0.978000,4.450000,,,
24.433910,4.990000,0.978000,4.450000,,,
24.445020,4.990000,0.978000,4.450000,,,
24.456130,4.990000,0.978000,4.450000,-0.214289,2.287456,3.296363
24.467240,4.990000,0.978000,4.450000,-0.214289,2.287456,3.296363
24.478350,4.990000,0.978000,4.450000,-0.214289,2.287456,3.296363
24.489460,4.990000,0.978000,4.450000,-0.390716,2.392621,3.101964
24.500570,4.990000,0.978000,4.450000,-0.390716,2.392621,3.101964
24.511680,4.990000,0.978000,4.450000,-0.390716,2.392621,3.101964
24.522790,4.990000,0.978000,4.450000,,,
24.533900,4.990000,0.978000,4.450000,,,
24.545010,4.990000,0.978000,4.450000,,,
24.556120,4.990000,0.978000,4.450000,-0.607878,2.441170,2.862632
24.567230,4.990000,0.978000,4.450000,-0.607878,2.441170,2.862632
24.578340,4.990000,0.978000,4.450000,-0.607878,2.441170,2.862632
24.589450,4.990000,0.978000,4.450000,-0.806915,2.393137,2.645835
24.600560,4.990000,0.978000,4.450000,-0.806915,2.393137,2.645835
24.611670,4.990000,0.978000,4.450000,-0.806915,2.393137,2.645835
24.622780,4.990000,0.978000,4.450000,,,
24.633890,4.990000,0.978000,4.450000,,,
24.645000,4.990000,0.978000,4.450000,,,
24.656110,4.990000,0.978000,4.450000,-0.958531,2.318466,2.506745
24.667220,4.990000,0.978000,4.450000,-0.958531,2.318466,2.506745
24.678330,4.990000,0.978000,4.450000,-0.958531,2.318466,2.506745
24.689440,4.990000,0.978000,4.450000,-0.958531,2.318466,2.506745
24.700550,4.990000,0.978000,4.450000,-0.958531,2.318466,2.506745
24.711660,4.990000,0.978000,4.450000,-0.958531,2.318466,2.506745
24.722770,4.990000,0.978000,4.450000,,,
24.733880,4.990000,0.978000,4.450000,,,
24.745000,4.990000,0.978000,4.450000,,,
24.756110,4.990000,0.978000,4.450000,-0.958531,2.318466,2.506745
24.767220,4.990000,0.978000,4.450000,-0.958531,2.318466,2.506745
24.778330,4.990000,0.978000,4.450000,-0.958531,2.318466,2.506745
24.789440,4.990000,0.978000,4.450000,-0.958531,2.318466,2.506745
24.800550,4.990000,0.978000,4.450000,-0.958531,2.318466,2.506745
24.811660,4.990000,0.978000,4.450000,-0.958531,2.318466,2.506745
24.822770,4.990000,0.978000,4.450000,-0.958531,2.318466,2.506745
24.833880,4.990000,0.978000,4.450000,,,
24.844990,4.990000,0.978000,4.450000,,,
24.856100,4.990000,0.978000,4.450000,,,
24.867210,4.990000,0.978000,4.450000,-0.894345,2.355813,2.545475
24.878320,4.990000,0.978000,4.450000,-0.894345,2.355813,2.545475
24.889430,4.990000,0.978000,4.450000,-0.894345,2.355813,2.545475
24.900540,4.990000,0.978000,4.450000,-0.720325,2.403691,2.661034
24.911650,4.990000,0.978000,4.450000,-0.720325,2.403691,2.661034
24.922760,4.990000,0.978000,4.450000,-0.720325,2.403691,2.661034
24.933870,4.990000,0.978000,4.450000,,,
24.944980,4.990000,0.978000,4.450000,,,
24.956090,4.990000,0.978000,4.450000,,,
24.967200,4.990000,0.978000,4.450000,-0.547908,2.234829,2.789237
24.978310,4.990000,0.978000,4.450000,-0.547908,2.234829,2.789237
24.989420,4.990000,0.978000,4.450000,-0.547908,2.234829,2.789237
25.000530,4.990000,0.978000,4.450000,-0.486020,2.130644,2.834605
25.011640,4.990000,0.978000,4.450000,-0.486020,2.130644,2.834605
25.022750,4.990000,0.978000,4.450000,-0.486020,2.130644,2.834605
25.033860,4.990000,0.978000,4.450000,,,
25.044970,4.990000,0.978000,4.450000,,,
25.056080,4.990000,0.978000,4.450000,,,
25.067190,4.990000,0.978000,4.450000,-0.486020,2.130644,2.834605
25.078300,4.990000,0.978000,4.450000,-0.486020,2.130644,2.834605
25.089410,4.990000,0.978000,4.450000,-0.486020,2.130644,2.834605
25.100520,4.990000,0.978000,4.450000,-0.486020,2.130644,2.834605
25.111640,4.990000,0.978000,4.450000,-0.486020,2.130644,2.834605
25.122750,4.990000,0.978000,4.450000,-0.486020,2.130644,2.834605
25.133860,4.990000,0.978000,4.450000,,,
25.144970,4.990000,0.978000,4.450000,,,
25.156080,4.990000,0.978000,4.450000,,,
25.167190,4.990000,0.978000,4.450000,-0.486020,2.130644,2.834605
25.178300,4.990000,0.978000,4.450000,-0.486020,2.130644,2.834605
25.189410,4.990000,0.978000,4.450000,-0.486020,2.130644,2.834605
25.200520,4.990000,0.978000,4.450000,-0.368290,2.195452,2.847006
25.211630,4.990000,0.978000,4.450000,-0.368290,2.195452,2.847006
25.222740,4.990000,0.978000,4.450000,-0.368290,2.195452,2.847006
25.233850,4.990000,0.978000,4.450000,-0.368290,2.195452,2.847006
25.244960,4.990000,0.978000,4.450000,,,
25.256070,4.990000,0.978000,4.450000,,,
25.267180,4.990000,0.978000,4.450000,,,
25.278290,4.990000,0.978000,4.450000,-0.092164,2.304228,2.854583
25.289400,4.990000,0.978000,4.450000,-0.092164,2.304228,2.854583
25.300510,4.990000,0.978000,4.450000,-0.092164,2.304228,2.854583
25.311620,4.990000,0.978000,4.450000,0.208636,2.261036,2.829336
25.322730,4.990000,0.978000,4.450000,0.208636,2.261036,2.829336
25.333840,4.990000,0.978000,4.450000,0.208636,2.261036,2.829336
25.344950,4.990000,0.978000,4.450000,,,
25.356060,4.990000,0.978000,4.450000,,,
25.367170,4.990000,0.978000,4.450000,,,
25.378280,4.990000,0.978000,4.450000,0.427724,2.168538,2.790799
25.389390,4.990000,0.978000,4.450000,0.427724,2.168538,2.790799
25.400500,4.990000,0.978000,4.450000,0.427724,2.168538,2.790799
25.411610,4.990000,0.978000,4.450000,0.427724,2.168538,2.790799
25.422720,4.990000,0.978000,4.450000,0.427724,2.168538,2.790799
25.433830,4.990000,0.978000,4.450000,0.427724,2.168538,2.790799
25.444940,4.990000,0.978000,4.450000,,,
25.456050,4.990000,0.978000,4.450000,,,
25.467160,4.990000,0.978000,4.450000,,,
25.478280,4.990000,0.978000,4.450000,0.427724,2.168538,2.790799
25.489390,4.990000,0.978000,4.450000,0.427724,2.168538,2.790799
25.500500,4.990000,0.978000,4.450000,0.427724,2.168538,2.790799
25.511610,4.990000,0.978000,4.450000,0.427724,2.168538,2.790799
25.522720,4.990000,0.978000,4.450000,0.427724,2.168538,2.790799
25.533830,4.990000,0.978000,4.450000,0.427724,2.168538,2.790799
25.544940,4.990000,0.978000,4.450000,,,
25.556050,4.990000,0.978000,4.450000,,,
25.567160,4.990000,0.978000,4.450000,,,
25.578270,4.990000,0.978000,4.450000,0.402781,2.175775,2.788846
25.589380,4.990000,0.978000,4.450000,0.402781,2.175775,2.788846
25.600490,4.990000,0.978000,4.450000,0.402781,2.175775,2.788846
25.611600,4.990000,0.978000,4.450000,0.107399,2.256277,2.765718
25.622710,4.990000,0.978000,4.450000,0.107399,2.256277,2.765718
25.633820,4.990000,0.978000,4.450000,0.107399,2.256277,2.765718
25.644930,4.990000,0.978000,4.450000,,,
25.656040,4.990000,0.978000,4.450000,,,
25.667150,4.990000,0.978000,4.450000,,,
25.678260,4.990000,0.978000,4.450000,,,
25.689370,4.990000,0.978000,4.450000,-0.188670,2.309781,2.742244
25.700480,4.990000,0.978000,4.450000,-0.188670,2.309781,2.742244
25.711590,4.990000,0.978000,4.450000,-0.188670,2.309781,2.742244
25.722700,4.990000,0.978000,4.450000,-0.489710,2.302987,2.717192
25.733810,4.990000,0.978000,4.450000,-0.489710,2.302987,2.717192
25.744920,4.990000,0.978000,4.450000,-0.489710,2.302987,2.717192
25.756030,4.990000,0.978000,4.450000,-0.780029,2.226220,2.688086
25.767140,4.990000,0.978000,4.450000,-0.780029,2.226220,2.688086
25.778250,4.990000,0.978000,4.450000,-0.780029,2.226220,2.688086
25.789360,4.990000,0.978000,4.450000,-0.780029,2.226220,2.688086
25.800470,4.990000,0.978000,4.450000,-0.780029,2.226220,2.688086
25.811580,4.990000,0.978000,4.450000,-0.780029,2.226220,2.688086
25.822690,4.990000,0.978000,4.450000,-1.058543,2.103002,2.659603
25.833810,4.990000,0.978000,4.450000,-1.058543,2.103002,2.659603
25.844920,4.990000,0.978000,4.450000,-1.058543,2.103002,2.659603
25.856030,4.990000,0.978000,4.450000,-1.058543,2.103002,2.659603
25.867140,4.990000,0.978000,4.450000,-1.058543,2.103002,2.659603
25.878250,4.990000,0.978000,4.450000,-1.058543,2.103002,2.659603
25.889360,4.990000,0.978000,4.450000,-1.058543,2.103002,2.659603
25.900470,4.990000,0.978000,4.450000,-1.058543,2.103002,2.659603
25.911580,4.990000,0.978000,4.450000,-1.058543,2.103002,2.659603
25.922690,4.990000,0.978000,4.450000,-1.058543,2.103002,2.659603
25.933800,4.990000,0.978000,4.450000,-1.058543,2.103002,2.659603
25.944910,4.990000,0.978000,4.450000,-1.058543,2.103002,2.659603
25.956020,4.990000,0.978000,4.450000,-1.058543,2.103002,2.659603
25.967130,4.990000,0.978000,4.450000,-1.058543,2.103002,2.659603
25.978240,4.990000,0.978000,4.450000,-1.058543,2.103002,2.659603
25.989350,4.990000,0.978000,4.450000,-1.058543,2.103002,2.659603
26.000460,4.990000,0.978000,4.450000,-1.058543,2.103002,2.659603
26.011570,4.990000,0.978000,4.450000,-1.058543,2.103002,2.659603
26.022680,4.990000,0.978000,4.450000,-1.047772,2.107532,2.665519
26.033790,4.990000,0.978000,4.450000,-1.047772,2.107532,2.665519
26.044900,4.990000,0.978000,4.450000,-1.047772,2.107532,2.665519
26.056010,4.990000,0.978000,4.450000,-0.789276,2.213064,2.806149
26.067120,4.990000,0.978000,4.450000,-0.789276,2.213064,2.806149
26.078230,4.990000,0.978000,4.450000,-0.789276,2.213064,2.806149
26.089340,4.990000,0.978000,4.450000,-0.789276,2.213064,2.806149
26.100450,4.990000,0.978000,4.450000,-0.789276,2.213064,2.806149
26.111560,4.990000,0.978000,4.450000,-0.789276,2.213064,2.806149
26.122670,4.990000,0.978000,4.450000,-0.789276,2.213064,2.806149
26.133780,4.990000,0.978000,4.450000,-0.537393,2.301180,2.942457
26.144890,4.990000,0.978000,4.450000,-0.537393,2.301180,2.942457
26.156000,4.990000,0.978000,4.450000,-0.537393,2.301180,2.942457
26.167110,4.990000,0.978000,4.450000,-0.274254,2.352532,3.084875
26.178220,4.990000,0.978000,4.450000,-0.274254,2.352532,3.084875
26.189330,4.990000,0.978000,4.450000,-0.274254,2.352532,3.084875
26.200450,4.990000,0.978000,4.450000,,,
26.211560,4.990000,0.978000,4.450000,,,
26.222670,4.990000,0.978000,4.450000,,,
26.233780,4.990000,0.978000,4.450000,-0.000278,2.350287,3.231939
26.244890,4.990000,0.978000,4.450000,-0.000278,2.350287,3.231939
26.256000,4.990000,0.978000,4.450000,-0.000278,2.350287,3.231939
26.267110,4.990000,0.978000,4.450000,0.264567,2.305932,3.374740
26.278220,4.990000,0.978000,4.450000,0.264567,2.305932,3.374740
26.289330,4.990000,0.978000,4.450000,0.264567,2.305932,3.374740
26.300440,4.990000,0.978000,4.450000,,,
26.311550,4.990000,0.978000,4.450000,,,
26.322660,4.990000,0.978000,4.450000,,,
26.333770,4.990000,0.978000,4.450000,0.371612,2.281691,3.432511
26.344880,4.990000,0.978000,4.450000,0.371612,2.281691,3.432511
26.355990,4.990000,0.978000,4.450000,0.371612,2.281691,3.432511
26.367100,4.990000,0.978000,4.450000,0.371612,2.281691,3.432511
26.378210,4.990000,0.978000,4.450000,0.371612,2.281691,3.432511
26.389320,4.990000,0.978000,4.450000,0.371612,2.281691,3.432511
26.400430,4.990000,0.978000,4.450000,,,
26.411540,4.990000,0.978000,4.450000,,,
26.422650,4.990000,0.978000,4.450000,,,
26.433760,4.990000,0.978000,4.450000,0.371612,2.281691,3.432511
26.444870,4.990000,0.978000,4.450000,0.371612,2.281691,3.432511
26.455980,4.990000,0.978000,4.450000,0.371612,2.281691,3.432511
26.467090,4.990000,0.978000,4.450000,0.371612,2.281691,3.432511
26.478200,4.990000,0.978000,4.450000,0.371612,2.281691,3.432511
26.489310,4.990000,0.978000,4.450000,0.371612,2.281691,3.432511
26.500420,4.990000,0.978000,4.450000,0.371612,2.281691,3.432511
26.511530,4.990000,0.978000,4.450000,,,
26.522640,4.990000,0.978000,4.450000,,,
26.533750,4.990000,0.978000,4.450000,,,
26.544860,4.990000,0.978000,4.450000,0.448414,2.355966,3.261712
26.555970,4.990000,0.978000,4.450000,0.448414,2.355966,3.261712
26.567090,4.990000,0.978000,4.450000,0.448414,2.355966,3.261712
26.578200,4.990000,0.978000,4.450000,0.566522,2.452119,2.999052
26.589310,4.990000,0.978000,4.450000,0.566522,2.452119,2.999052
26.600420,4.990000,0.978000,4.450000,0.566522,2.452119,2.999052
26.611530,4.990000,0.978000,4.450000,,,
26.622640,4.990000,0.978000,4.450000,,,
26.633750,4.990000,0.978000,4.450000,,,
26.644860,4.990000,0.978000,4.450000,0.692409,2.486412,2.720598
26.655970,4.990000,0.978000,4.450000,0.692409,2.486412,2.720598
26.667080,4.990000,0.978000,4.450000,0.692409,2.486412,2.720598
26.678190,4.990000,0.978000,4.450000,0.818489,2.429978,2.441091
26.689300,4.990000,0.978000,4.450000,0.818489,2.429978,2.441091
26.700410,4.990000,0.978000,4.450000,0.818489,2.429978,2.441091
26.711520,4.990000,0.978000,4.450000,,,
26.722630,4.990000,0.978000,4.450000,,,
26.733740,4.990000,0.978000,4.450000,,,
26.744850,4.990000,0.978000,4.450000,0.929046,2.325022,2.195908
26.755960,4.990000,0.978000,4.450000,0.929046,2.325022,2.195908
26.767070,4.990000,0.978000,4.450000,0.929046,2.325022,2.195908
26.778180,4.990000,0.978000,4.450000,0.929046,2.325022,2.195908
26.789290,4.990000,0.978000,4.450000,0.929046,2.325022,2.195908
26.800400,4.990000,0.978000,4.450000,0.929046,2.325022,2.195908
26.811510,4.990000,0.978000,4.450000,0.929046,2.325022,2.195908
26.822620,4.990000,0.978000,4.450000,,,
26.833730,4.990000,0.978000,4.450000,,,
26.844840,4.990000,0.978000,4.450000,,,
26.855950,4.990000,0.978000,4.450000,0.929046,2.325022,2.195908
26.867060,4.990000,0.978000,4.450000,0.929046,2.325022,2.195908
26.878170,4.990000,0.978000,4.450000,0.929046,2.325022,2.195908
26.889280,4.990000,0.978000,4.450000,0.929046,2.325022,2.195908
26.900390,4.990000,0.978000,4.450000,0.929046,2.325022,2.195908
26.911500,4.990000,0.978000,4.450000,0.929046,2.325022,2.195908
26.922620,4.990000,0.978000,4.450000,,,
26.933730,4.990000,0.978000,4.450000,,,
26.944840,4.990000,0.978000,4.450000,,,
26.955950,4.990000,0.978000,4.450000,0.889223,2.336972,2.213236
26.967060,4.990000,0.978000,4.450000,0.889223,2.336972,2.213236
26.978170,4.990000,0.978000,4.450000,0.889223,2.336972,2.213236
26.989280,4.990000,0.978000,4.450000,0.618940,2.415804,2.335157
27.000390,4.990000,0.978000,4.450000,0.618940,2.415804,2.335157
27.011500,4.990000,0.978000,4.450000,0.618940,2.415804,2.335157
27.022610,4.990000,0.978000,4.450000,,,
27.033720,4.990000,0.978000,4.450000,,,
27.044830,4.990000,0.978000,4.450000,,,
27.055940,4.990000,0.978000,4.450000,,,
27.067050,4.990000,0.978000,4.450000,0.360758,2.478634,2.463961
27.078160,4.990000,0.978000,4.450000,0.360758,2.478634,2.463961
27.089270,4.990000,0.978000,4.450000,0.360758,2.478634,2.463961
27.100380,4.990000,0.978000,4.450000,0.080724,2.506898,2.626544
27.111490,4.990000,0.978000,4.450000,0.080724,2.506898,2.626544
27.122600,4.990000,0.978000,4.450000,0.080724,2.506898,2.626544
27.133710,4.990000,0.978000,4.450000,,,
27.144820,4.990000,0.978000,4.450000,,,
27.155930,4.990000,0.978000,4.450000,,,
27.167040,4.990000,0.978000,4.450000,-0.171802,2.479575,2.795296
27.178150,4.990000,0.978000,4.450000,-0.171802,2.479575,2.795296
27.189260,4.990000,0.978000,4.450000,-0.171802,2.479575,2.795296
27.200370,4.990000,0.978000,4.450000,-0.405823,2.412337,2.972076
27.211480,4.990000,0.978000,4.450000,-0.405823,2.412337,2.972076
27.222590,4.990000,0.978000,4.450000,-0.405823,2.412337,2.972076
27.233700,4.990000,0.978000,4.450000,,,
27.244810,4.990000,0.978000,4.450000,,,
27.255920,4.990000,0.978000,4.450000,,,
27.267030,4.990000,0.978000,4.450000,-0.530655,2.365547,3.073583
27.278140,4.990000,0.978000,4.450000,-0.530655,2.365547,3.073583
27.289260,4.990000,0.978000,4.450000,-0.530655,2.365547,3.073583
27.300370,4.990000,0.978000,4.450000,-0.530655,2.365547,3.073583
27.311480,4.990000,0.978000,4.450000,-0.530655,2.365547,3.073583
27.322590,4.990000,0.978000,4.450000,-0.530655,2.365547,3.073583
27.333700,4.990000,0.978000,4.450000,-0.530655,2.365547,3.073583
27.344810,4.990000,0.978000,4.450000,-0.530655,2.365547,3.073583
27.355920,4.990000,0.978000,4.450000,-0.530655,2.365547,3.073583
27.367030,4.990000,0.978000,4.450000,-0.530655,2.365547,3.073583
27.378140,4.990000,0.978000,4.450000,,,
27.389250,4.990000,0.978000,4.450000,,,
27.400360,4.990000,0.978000,4.450000,,,
27.411470,4.990000,0.978000,4.450000,-0.530655,2.365547,3.073583
27.422580,4.990000,0.978000,4.450000,-0.530655,2.365547,3.073583
27.433690,4.990000,0.978000,4.450000,-0.530655,2.365547,3.073583
27.444800,4.990000,0.978000,4.450000,-0.389163,2.427017,3.068892
27.455910,4.990000,0.978000,4.450000,-0.389163,2.427017,3.068892
27.467020,4.990000,0.978000,4.450000,-0.389163,2.427017,3.068892
27.478130,4.990000,0.978000,4.450000,,,
27.489240,4.990000,0.978000,4.450000,,,
27.500350,4.990000,0.978000,4.450000,,,
27.511460,4.990000,0.978000,4.450000,-0.118048,2.485990,3.059902
27.522570,4.990000,0.978000,4.450000,-0.118048,2.485990,3.059902
27.533680,4.990000,0.978000,4.450000,-0.118048,2.485990,3.059902
27.544790,4.990000,0.978000,4.450000,0.131322,2.370904,3.053687
27.555900,4.990000,0.978000,4.450000,0.131322,2.370904,3.053687
27.567010,4.990000,0.978000,4.450000,0.131322,2.370904,3.053687
27.578120,4.990000,0.978000,4.450000,,,
27.589230,4.990000,0.978000,4.450000,,,
27.600340,4.990000,0.978000,4.450000,,,
27.611450,4.990000,0.978000,4.450000,,,
27.622560,4.990000,0.978000,4.450000,0.267953,2.247523,3.051251
27.633670,4.990000,0.978000,4.450000,0.267953,2.247523,3.051251
27.644780,4.990000,0.978000,4.450000,0.267953,2.247523,3.051251
27.655900,4.990000,0.978000,4.450000,0.267953,2.247523,3.051251
27.667010,4.990000,0.978000,4.450000,0.267953,2.247523,3.051251
27.678120,4.990000,0.978000,4.450000,0.267953,2.247523,3.051251
27.689230,4.990000,0.978000,4.450000,,,
27.700340,4.990000,0.978000,4.450000,,,
27.711450,4.990000,0.978000,4.450000,,,
27.722560,4.990000,0.978000,4.450000,0.267953,2.247523,3.051251
27.733670,4.990000,0.978000,4.450000,0.267953,2.247523,3.051251
27.744780,4.990000,0.978000,4.450000,0.267953,2.247523,3.051251
27.755890,4.990000,0.978000,4.450000,0.267953,2.247523,3.051251
27.767000,4.990000,0.978000,4.450000,0.267953,2.247523,3.051251
27.778110,4.990000,0.978000,4.450000,0.267953,2.247523,3.051251
27.789220,4.990000,0.978000,4.450000,,,
27.800330,4.990000,0.978000,4.450000,,,
27.811440,4.990000,0.978000,4.450000,,,
27.822550,4.990000,0.978000,4.450000,0.294837,2.260784,3.015320
27.833660,4.990000,0.978000,4.450000,0.294837,2.260784,3.015320
27.844770,4.990000,0.978000,4.450000,0.294837,2.260784,3.015320
27.855880,4.990000,0.978000,4.450000,0.473046,2.337066,2.778272
27.866990,4.990000,0.978000,4.450000,0.473046,2.337066,2.778272
27.878100,4.990000,0.978000,4.450000,0.473046,2.337066,2.778272
27.889210,4.990000,0.978000,4.450000,,,
27.900320,4.990000,0.978000,4.450000,,,
27.911430,4.990000,0.978000,4.450000,,,
27.922540,4.990000,0.978000,4.450000,0.666167,2.330898,2.536643
27.933650,4.990000,0.978000,4.450000,0.666167,2.330898,2.536643
27.944760,4.990000,0.978000,4.450000,0.666167,2.330898,2.536643
27.955870,4.990000,0.978000,4.450000,0.666167,2.330898,2.536643
27.966980,4.990000,0.978000,4.450000,0.834191,2.211855,2.323953
27.978090,4.990000,0.978000,4.450000,0.834191,2.211855,2.323953
27.989200,4.990000,0.978000,4.450000,0.834191,2.211855,2.323953
28.000310,4.990000,0.978000,4.450000,,,
28.011430,4.990000,0.978000,4.450000,,,
28.022540,4.990000,0.978000,4.450000,,,
28.033650,4.990000,0.978000,4.450000,0.938773,2.103462,2.190460
28.044760,4.990000,0.978000,4.450000,0.938773,2.103462,2.190460
28.055870,4.990000,0.978000,4.450000,0.938773,2.103462,2.190460
28.066980,4.990000,0.978000,4.450000,0.938773,2.103462,2.190460
28.078090,4.990000,0.978000,4.450000,0.938773,2.103462,2.190460
28.089200,4.990000,0.978000,4.450000,0.938773,2.103462,2.190460
28.100310,4.990000,0.978000,4.450000,,,
28.111420,4.990000,0.978000,4.450000,,,
28.122530,4.990000,0.978000,4.450000,,,
28.133640,4.990000,0.978000,4.450000,0.938773,2.103462,2.190460
28.144750,4.990000,0.978000,4.450000,0.938773,2.103462,2.190460
28.155860,4.990000,0.978000,4.450000,0.938773,2.103462,2.190460
28.166970,4.990000,0.978000,4.450000,0.938773,2.103462,2.190460
28.178080,4.990000,0.978000,4.450000,0.938773,2.103462,2.190460
28.189190,4.990000,0.978000,4.450000,0.938773,2.103462,2.190460
28.200300,4.990000,0.978000,4.450000,,,
28.211410,4.990000,0.978000,4.450000,,,
28.222520,4.990000,0.978000,4.450000,,,
28.233630,4.990000,0.978000,4.450000,0.879255,2.130376,2.244650
28.244740,4.990000,0.978000,4.450000,0.879255,2.130376,2.244650
28.255850,4.990000,0.978000,4.450000,0.879255,2.130376,2.244650
28.266960,4.990000,0.978000,4.450000,0.662645,2.222463,2.441884
28.278070,4.990000,0.978000,4.450000,0.662645,2.222463,2.441884
28.289180,4.990000,0.978000,4.450000,0.662645,2.222463,2.441884
28.300290,4.990000,0.978000,4.450000,,,
28.311400,4.990000,0.978000,4.450000,,,
28.322510,4.990000,0.978000,4.450000,,,
28.333620,4.990000,0.978000,4.450000,,,
28.344730,4.990000,0.978000,4.450000,0.440837,2.295753,2.644146
28.355840,4.990000,0.978000,4.450000,0.440837,2.295753,2.644146
28.366950,4.990000,0.978000,4.450000,0.440837,2.295753,2.644146
28.378070,4.990000,0.978000,4.450000,0.219865,2.329050,2.845801
28.389180,4.990000,0.978000,4.450000,0.219865,2.329050,2.845801
28.400290,4.990000,0.978000,4.450000,0.219865,2.329050,2.845801
28.411400,4.990000,0.978000,4.450000,,,
28.422510,4.990000,0.978000,4.450000,,,
28.433620,4.990000,0.978000,4.450000,,,
28.444730,4.990000,0.978000,4.450000,-0.002661,2.313978,3.048759
28.455840,4.990000,0.978000,4.450000,-0.002661,2.313978,3.048759
28.466950,4.990000,0.978000,4.450000,-0.002661,2.313978,3.048759
28.478060,4.990000,0.978000,4.450000,-0.222155,2.254947,3.251526
28.489170,4.990000,0.978000,4.450000,-0.222155,2.254947,3.251526
28.500280,4.990000,0.978000,4.450000,-0.222155,2.254947,3.251526
28.511390,4.990000,0.978000,4.450000,-0.406727,2.181428,3.422166
28.522500,4.990000,0.978000,4.450000,-0.406727,2.181428,3.422166
28.533610,4.990000,0.978000,4.450000,-0.406727,2.181428,3.422166
28.544720,4.990000,0.978000,4.450000,-0.406727,2.181428,3.422166
28.555830,4.990000,0.978000,4.450000,-0.406727,2.181428,3.422166
28.566940,4.990000,0.978000,4.450000,-0.406727,2.181428,3.422166
28.578050,4.990000,0.978000,4.450000,-0.406727,2.181428,3.422166
28.589160,4.990000,0.978000,4.450000,-0.406727,2.181428,3.422166
28.600270,4.990000,0.978000,4.450000,-0.406727,2.181428,3.422166
28.611380,4.990000,0.978000,4.450000,-0.406727,2.181428,3.422166
28.622490,4.990000,0.978000,4.450000,-0.406727,2.181428,3.422166
28.633600,4.990000,0.978000,4.450000,-0.406727,2.181428,3.422166
28.644710,4.990000,0.978000,4.450000,,,
28.655820,4.990000,0.978000,4.450000,,,
28.666930,4.990000,0.978000,4.450000,,,
28.678040,4.990000,0.978000,4.450000,,,
28.689150,4.990000,0.978000,4.450000,-0.406727,2.181428,3.422166
28.700260,4.990000,0.978000,4.450000,-0.406727,2.181428,3.422166
28.711370,4.990000,0.978000,4.450000,-0.406727,2.181428,3.422166
28.722480,4.990000,0.978000,4.450000,-0.358355,2.206659,3.400200
28.733590,4.990000,0.978000,4.450000,-0.358355,2.206659,3.400200
28.744710,4.990000,0.978000,4.450000,-0.358355,2.206659,3.400200
28.755820,4.990000,0.978000,4.450000,-0.358355,2.206659,3.400200
28.766930,4.990000,0.978000,4.450000,-0.358355,2.206659,3.400200
28.778040,4.990000,0.978000,4.450000,-0.358355,2.206659,3.400200
28.789150,4.990000,0.978000,4.450000,-0.106413,2.316637,3.280984
28.800260,4.990000,0.978000,4.450000,-0.106413,2.316637,3.280984
28.811370,4.990000,0.978000,4.450000,-0.106413,2.316637,3.280984
28.822480,4.990000,0.978000,4.450000,0.141056,2.269731,3.157979
28.833590,4.990000,0.978000,4.450000,0.141056,2.269731,3.157979
28.844700,4.990000,0.978000,4.450000,0.141056,2.269731,3.157979
28.855810,4.990000,0.978000,4.450000,0.141056,2.269731,3.157979
28.866920,4.990000,0.978000,4.450000,0.141056,2.269731,3.157979
28.878030,4.990000,0.978000,4.450000,0.141056,2.269731,3.157979
28.889140,4.990000,0.978000,4.450000,0.301147,2.155159,3.076590
28.900250,4.990000,0.978000,4.450000,0.301147,2.155159,3.076590
28.911360,4.990000,0.978000,4.450000,0.301147,2.155159,3.076590
28.922470,4.990000,0.978000,4.450000,0.313499,2.145531,3.070492
28.933580,4.990000,0.978000,4.450000,0.313499,2.145531,3.070492
28.944690,4.990000,0.978000,4.450000,0.313499,2.145531,3.070492
28.955800,4.990000,0.978000,4.450000,,,
28.966910,4.990000,0.978000,4.450000,,,
28.978020,4.990000,0.978000,4.450000,,,
28.989130,4.990000,0.978000,4.450000,0.313499,2.145531,3.070492
29.000240,4.990000,0.978000,4.450000,0.313499,2.145531,3.070492
29.011350,4.990000,0.978000,4.450000,0.313499,2.145531,3.070492
29.022460,4.990000,0.978000,4.450000,0.313499,2.145531,3.070492
29.033570,4.990000,0.978000,4.450000,0.313499,2.145531,3.070492
29.044680,4.990000,0.978000,4.450000,0.313499,2.145531,3.070492
29.055790,4.990000,0.978000,4.450000,0.313499,2.145531,3.070492
29.066900,4.990000,0.978000,4.450000,,,
29.078010,4.990000,0.978000,4.450000,,,
29.089120,4.990000,0.978000,4.450000,,,
29.100230,4.990000,0.978000,4.450000,0.313499,2.145531,3.070492
29.111350,4.990000,0.978000,4.450000,0.313499,2.145531,3.070492
29.122460,4.990000,0.978000,4.450000,0.313499,2.145531,3.070492
29.133570,4.990000,0.978000,4.450000,0.448600,2.314602,2.878593
29.144680,4.990000,0.978000,4.450000,0.448600,2.314602,2.878593
29.155790,4.990000,0.978000,4.450000,0.448600,2.314602,2.878593
29.166900,4.990000,0.978000,4.450000,,,
29.178010,4.990000,0.978000,4.450000,,,
29.189120,4.990000,0.978000,4.450000,,,
29.200230,4.990000,0.978000,4.450000,0.611212,2.414234,2.646496
29.211340,4.990000,0.978000,4.450000,0.611212,2.414234,2.646496
29.222450,4.990000,0.978000,4.450000,0.611212,2.414234,2.646496
29.233560,4.990000,0.978000,4.450000,0.742270,2.360857,2.459726
29.244670,4.990000,0.978000,4.450000,0.742270,2.360857,2.459726
29.255760,,,,0.742270,2.360857,2.459726
29.266890,4.990000,0.978000,4.450000,,,
29.278000,4.990000,0.978000,4.450000,,,
29.289110,4.990000,0.978000,4.450000,,,
29.300220,4.990000,0.978000,4.450000,0.778963,2.335016,2.407434
29.311330,4.990000,0.978000,4.450000,0.778963,2.335016,2.407434
29.322440,4.990000,0.978000,4.450000,0.778963,2.335016,2.407434
29.333550,4.990000,0.978000,4.450000,0.778963,2.335016,2.407434
29.344660,4.990000,0.978000,4.450000,0.778963,2.335016,2.407434
29.355770,4.990000,0.978000,4.450000,0.778963,2.335016,2.407434
29.366880,4.990000,0.978000,4.450000,,,
29.377990,4.990000,0.978000,4.450000,,,
29.389100,4.990000,0.978000,4.450000,,,
29.400210,4.990000,0.978000,4.450000,0.778963,2.335016,2.407434
29.411320,4.990000,0.978000,4.450000,0.778963,2.335016,2.407434
29.422430,4.990000,0.978000,4.450000,0.778963,2.335016,2.407434
29.433540,4.990000,0.978000,4.450000,0.778963,2.335016,2.407434
29.444650,4.990000,0.978000,4.450000,0.778963,2.335016,2.407434
29.455760,4.990000,0.978000,4.450000,0.778963,2.335016,2.407434
29.466880,4.990000,0.978000,4.450000,,,
29.477990,4.990000,0.978000,4.450000,,,
29.489100,4.990000,0.978000,4.450000,,,
29.500210,4.990000,0.978000,4.450000,,,
29.511320,4.990000,0.978000,4.450000,0.636972,2.373390,2.545447
29.522430,4.990000,0.978000,4.450000,0.636972,2.373390,2.545447
29.533540,4.990000,0.978000,4.450000,0.636972,2.373390,2.545447
29.544650,4.990000,0.978000,4.450000,0.427727,2.422778,2.752069
29.555760,4.990000,0.978000,4.450000,0.427727,2.422778,2.752069
29.566870,4.990000,0.978000,4.450000,0.427727,2.422778,2.752069
29.577980,4.990000,0.978000,4.450000,,,
29.589090,4.990000,0.978000,4.450000,,,
29.600200,4.990000,0.978000,4.450000,,,
29.611310,4.990000,0.978000,4.450000,0.220207,2.442000,2.970449
29.622420,4.990000,0.978000,4.450000,0.220207,2.442000,2.970449
29.633530,4.990000,0.978000,4.450000,0.220207,2.442000,2.970449
29.644640,4.990000,0.978000,4.450000,0.015976,2.409200,3.197732
29.655750,4.990000,0.978000,4.450000,0.015976,2.409200,3.197732
29.666860,4.990000,0.978000,4.450000,0.015976,2.409200,3.197732
29.677970,4.990000,0.978000,4.450000,,,
29.689080,4.990000,0.978000,4.450000,,,
29.700190,4.990000,0.978000,4.450000,,,
29.711300,4.990000,0.978000,4.450000,-0.176539,2.333824,3.415134
29.722410,4.990000,0.978000,4.450000,-0.176539,2.333824,3.415134
29.733520,4.990000,0.978000,4.450000,-0.176539,2.333824,3.415134
29.744630,4.990000,0.978000,4.450000,-0.352560,2.243668,3.605936
29.755740,4.990000,0.978000,4.450000,-0.352560,2.243668,3.605936
29.766850,4.990000,0.978000,4.450000,-0.352560,2.243668,3.605936
29.777960,4.990000,0.978000,4.450000,,,
29.789070,4.990000,0.978000,4.450000,,,
29.800180,4.990000,0.978000,4.450000,,,
29.811290,4.990000,0.978000,4.450000,-0.352560,2.243668,3.605936
29.822400,4.990000,0.978000,4.450000,-0.352560,2.243668,3.605936
29.833520,4.990000,0.978000,4.450000,-0.352560,2.243668,3.605936
29.844630,4.990000,0.978000,4.450000,-0.352560,2.243668,3.605936
29.855740,4.990000,0.978000,4.450000,-0.352560,2.243668,3.605936
29.866850,4.990000,0.978000,4.450000,-0.352560,2.243668,3.605936
29.877960,4.990000,0.978000,4.450000,-0.352560,2.243668,3.605936
29.889070,4.990000,0.978000,4.450000,,,
29.900180,4.990000,0.978000,4.450000,,,
29.911290,4.990000,0.978000,4.450000,,,
29.922400,4.990000,0.978000,4.450000,-0.352560,2.243668,3.605936
29.933510,4.990000,0.978000,4.450000,-0.352560,2.243668,3.605936
29.944620,4.990000,0.978000,4.450000,-0.352560,2.243668,3.605936
29.955730,4.990000,0.978000,4.450000,-0.356419,2.273784,3.566357
29.966840,4.990000,0.978000,4.450000,-0.356419,2.273784,3.566357
29.977950,4.990000,0.978000,4.450000,-0.356419,2.273784,3.566357
29.989060,4.990000,0.978000,4.450000,,,
30.000170,4.990000,0.978000,4.450000,,,
30.011280,4.990000,0.978000,4.450000,,,
30.022390,4.990000,0.978000,4.450000,-0.387558,2.444285,3.319196
30.033500,4.990000,0.978000,4.450000,-0.387558,2.444285,3.319196
30.044610,4.990000,0.978000,4.450000,-0.387558,2.444285,3.319196
30.055720,4.990000,0.978000,4.450000,-0.429352,2.433683,3.072491
30.066830,4.990000,0.978000,4.450000,-0.429352,2.433683,3.072491
30.077940,4.990000,0.978000,4.450000,-0.429352,2.433683,3.072491
30.089050,4.990000,0.978000,4.450000,-0.449282,2.351851,2.943137
30.100160,4.990000,0.978000,4.450000,-0.449282,2.351851,2.943137
30.111270,4.990000,0.978000,4.450000,-0.449282,2.351851,2.943137
30.122380,4.990000,0.978000,4.450000,-0.449282,2.351851,2.943137
30.133490,4.990000,0.978000,4.450000,-0.449282,2.351851,2.943137
30.144600,4.990000,0.978000,4.450000,-0.449282,2.351851,2.943137
30.155710,4.990000,0.978000,4.450000,-0.449282,2.351851,2.943137
30.166820,4.990000,0.978000,4.450000,-0.449282,2.351851,2.943137
30.177930,4.990000,0.978000,4.450000,-0.449282,2.351851,2.943137
30.189040,4.990000,0.978000,4.450000,-0.449282,2.351851,2.943137
30.200160,4.990000,0.978000,4.450000,-0.449282,2.351851,2.943137
30.211270,4.990000,0.978000,4.450000,-0.449282,2.351851,2.943137
30.222380,4.990000,0.978000,4.450000,-0.449282,2.351851,2.943137
30.233490,4.990000,0.978000,4.450000,-0.449282,2.351851,2.943137
30.244600,4.990000,0.978000,4.450000,-0.449282,2.351851,2.943137
30.255710,4.990000,0.978000,4.450000,-0.449282,2.351851,2.943137
30.266820,4.990000,0.978000,4.450000,-0.449282,2.351851,2.943137
30.277930,4.990000,0.978000,4.450000,-0.449282,2.351851,2.943137
30.289040,4.990000,0.978000,4.450000,-0.449282,2.351851,2.943137
30.300150,4.990000,0.978000,4.450000,-0.402462,2.366968,2.927311
30.311260,4.990000,0.978000,4.450000,-0.402462,2.366968,2.927311
30.322370,4.990000,0.978000,4.450000,-0.402462,2.366968,2.927311
30.333480,4.990000,0.978000,4.450000,,,
30.344590,4.990000,0.978000,4.450000,,,
30.355700,4.990000,0.978000,4.450000,,,
30.366810,4.990000,0.978000,4.450000,-0.126083,2.443563,2.834283
30.377920,4.990000,0.978000,4.450000,-0.126083,2.443563,2.834283
30.389030,4.990000,0.978000,4.450000,-0.126083,2.443563,2.834283
30.400140,4.990000,0.978000,4.450000,-0.126083,2.443563,2.834283
30.411250,4.990000,0.978000,4.450000,0.164749,2.439744,2.736888
30.422360,4.990000,0.978000,4.450000,0.164749,2.439744,2.736888
30.433470,4.990000,0.978000,4.450000,0.164749,2.439744,2.736888
30.444580,4.990000,0.978000,4.450000,,,
30.455690,4.990000,0.978000,4.450000,,,
30.466800,4.990000,0.978000,4.450000,,,
30.477910,4.990000,0.978000,4.450000,0.432093,2.314443,2.650512
30.489020,4.990000,0.978000,4.450000,0.432093,2.314443,2.650512
30.500130,4.990000,0.978000,4.450000,0.432093,2.314443,2.650512
30.511240,4.990000,0.978000,4.450000,0.630382,2.181222,2.597623
30.522350,4.990000,0.978000,4.450000,0.630382,2.181222,2.597623
30.533460,4.990000,0.978000,4.450000,0.630382,2.181222,2.597623
30.544570,4.990000,0.978000,4.450000,,,
30.555690,4.990000,0.978000,4.450000,,,
30.566800,4.990000,0.978000,4.450000,,,
30.577910,4.990000,0.978000,4.450000,0.630382,2.181222,2.597623
30.589020,4.990000,0.978000,4.450000,0.630382,2.181222,2.597623
30.600130,4.990000,0.978000,4.450000,0.630382,2.181222,2.597623
30.611240,4.990000,0.978000,4.450000,0.630382,2.181222,2.597623
30.622350,4.990000,0.978000,4.450000,0.630382,2.181222,2.597623
30.633460,4.990000,0.978000,4.450000,0.630382,2.181222,2.597623
30.644570,4.990000,0.978000,4.450000,,,
30.655680,4.990000,0.978000,4.450000,,,
30.666790,4.990000,0.978000,4.450000,,,
30.677900,4.990000,0.978000,4.450000,,,
30.689010,4.990000,0.978000,4.450000,0.630382,2.181222,2.597623
30.700120,4.990000,0.978000,4.450000,0.630382,2.181222,2.597623
30.711230,4.990000,0.978000,4.450000,0.630382,2.181222,2.597623
30.722340,4.990000,0.978000,4.450000,0.599866,2.203182,2.633457
30.733450,4.990000,0.978000,4.450000,0.599866,2.203182,2.633457
30.744560,4.990000,0.978000,4.450000,0.599866,2.203182,2.633457
30.755670,4.990000,0.978000,4.450000,,,
30.766780,4.990000,0.978000,4.450000,,,
30.777890,4.990000,0.978000,4.450000,,,
30.789000,4.990000,0.978000,4.450000,0.426950,2.325726,2.845056
30.800110,4.990000,0.978000,4.450000,0.426950,2.325726,2.845056
30.811220,4.990000,0.978000,4.450000,0.426950,2.325726,2.845056
30.822330,4.990000,0.978000,4.450000,0.251852,2.421073,3.087058
30.833440,4.990000,0.978000,4.450000,0.251852,2.421073,3.087058
30.844550,4.990000,0.978000,4.450000,0.251852,2.421073,3.087058
30.855660,4.990000,0.978000,4.450000,,,
30.866770,4.990000,0.978000,4.450000,,,
30.877880,4.990000,0.978000,4.450000,,,
30.888990,4.990000,0.978000,4.450000,0.083692,2.424395,3.345563
30.900100,4.990000,0.978000,4.450000,0.083692,2.424395,3.345563
30.911210,4.990000,0.978000,4.450000,0.083692,2.424395,3.345563
30.922330,4.990000,0.978000,4.450000,-0.039549,2.344426,3.575123
30.933440,4.990000,0.978000,4.450000,-0.039549,2.344426,3.575123
30.944550,4.990000,0.978000,4.450000,-0.039549,2.344426,3.575123
30.955660,4.990000,0.978000,4.450000,,,
30.966770,4.990000,0.978000,4.450000,,,
30.977880,4.990000,0.978000,4.450000,,,
30.988990,4.990000,0.978000,4.450000,-0.068237,2.312803,3.639635
31.000100,4.990000,0.978000,4.450000,-0.068237,2.312803,3.639635
31.011210,4.990000,0.978000,4.450000,-0.068237,2.312803,3.639635
31.022320,4.990000,0.978000,4.450000,-0.068237,2.312803,3.639635
31.033430,4.990000,0.978000,4.450000,-0.068237,2.312803,3.639635
31.044540,4.990000,0.978000,4.450000,-0.068237,2.312803,3.639635
31.055650,4.990000,0.978000,4.450000,,,
31.066760,4.990000,0.978000,4.450000,,,
31.077870,4.990000,0.978000,4.450000,,,
31.088980,4.990000,0.978000,4.450000,,,
31.100090,4.990000,0.978000,4.450000,-0.068237,2.312803,3.639635
31.111200,4.990000,0.978000,4.450000,-0.068237,2.312803,3.639635
31.122310,4.990000,0.978000,4.450000,-0.068237,2.312803,3.639635
31.133420,4.990000,0.978000,4.450000,-0.068237,2.312803,3.639635
31.144530,4.990000,0.978000,4.450000,-0.068237,2.312803,3.639635
31.155640,4.990000,0.978000,4.450000,-0.068237,2.312803,3.639635
31.166750,4.990000,0.978000,4.450000,,,
31.177860,4.990000,0.978000,4.450000,,,
31.188970,4.990000,0.978000,4.450000,,,
31.200080,4.990000,0.978000,4.450000,-0.247063,2.376603,3.603565
31.211190,4.990000,0.978000,4.450000,-0.247063,2.376603,3.603565
31.222300,4.990000,0.978000,4.450000,-0.247063,2.376603,3.603565
31.233410,4.990000,0.978000,4.450000,-0.501141,2.383449,3.567868
31.244520,4.990000,0.978000,4.450000,-0.501141,2.383449,3.567868
31.255630,4.990000,0.978000,4.450000,-0.501141,2.383449,3.567868
31.266740,4.990000,0.978000,4.450000,,,
31.277850,4.990000,0.978000,4.450000,,,
31.288970,4.990000,0.978000,4.450000,,,
31.300080,4.990000,0.978000,4.450000,-0.746181,2.229021,3.548034
31.311190,4.990000,0.978000,4.450000,-0.746181,2.229021,3.548034
31.322300,4.990000,0.978000,4.450000,-0.746181,2.229021,3.548034
31.333410,4.990000,0.978000,4.450000,-0.867361,2.123056,3.545970
31.344520,4.990000,0.978000,4.450000,-0.867361,2.123056,3.545970
31.355630,4.990000,0.978000,4.450000,-0.867361,2.123056,3.545970
31.366740,4.990000,0.978000,4.450000,,,
31.377850,4.990000,0.978000,4.450000,,,
31.388960,4.990000,0.978000,4.450000,,,
31.400070,4.990000,0.978000,4.450000,-0.867361,2.123056,3.545970
31.411180,4.990000,0.978000,4.450000,-0.867361,2.123056,3.545970
31.422290,4.990000,0.978000,4.450000,-0.867361,2.123056,3.545970
31.433400,4.990000,0.978000,4.450000,-0.867361,2.123056,3.545970
31.444510,4.990000,0.978000,4.450000,-0.867361,2.123056,3.545970
31.455620,4.990000,0.978000,4.450000,-0.867361,2.123056,3.545970
31.466730,4.990000,0.978000,4.450000,-0.867361,2.123056,3.545970
31.477840,4.990000,0.978000,4.450000,-0.867361,2.123056,3.545970
31.488950,4.990000,0.978000,4.450000,-0.867361,2.123056,3.545970
31.500060,4.990000,0.978000,4.450000,-0.867361,2.123056,3.545970
31.511170,4.990000,0.978000,4.450000,-0.867361,2.123056,3.545970
31.522280,4.990000,0.978000,4.450000,-0.867361,2.123056,3.545970
31.533390,4.990000,0.978000,4.450000,-0.867361,2.123056,3.545970
31.544500,4.990000,0.978000,4.450000,-0.767591,2.154373,3.501512
31.555610,4.990000,0.978000,4.450000,-0.767591,2.154373,3.501512
31.566720,4.990000,0.978000,4.450000,-0.767591,2.154373,3.501512
31.577830,4.990000,0.978000,4.450000,-0.499989,2.234842,3.382264
31.588940,4.990000,0.978000,4.450000,-0.499989,2.234842,3.382264
31.600050,4.990000,0.978000,4.450000,-0.499989,2.234842,3.382264
31.611160,4.990000,0.978000,4.450000,-0.499989,2.234842,3.382264
31.622270,4.990000,0.978000,4.450000,-0.499989,2.234842,3.382264
31.633380,4.990000,0.978000,4.450000,-0.499989,2.234842,3.382264
31.644500,4.990000,0.978000,4.450000,-0.229164,2.299942,3.261581
31.655610,4.990000,0.978000,4.450000,-0.229164,2.299942,3.261581
31.666720,4.990000,0.978000,4.450000,-0.229164,2.299942,3.261581
31.677830,4.990000,0.978000,4.450000,0.026379,2.329789,3.147707
31.688940,4.990000,0.978000,4.450000,0.026379,2.329789,3.147707
31.700050,4.990000,0.978000,4.450000,0.026379,2.329789,3.147707
31.711160,4.990000,0.978000,4.450000,,,
31.722270,4.990000,0.978000,4.450000,,,
31.733380,4.990000,0.978000,4.450000,,,
31.744490,4.990000,0.978000,4.450000,0.329301,2.317199,3.012721
31.755600,4.990000,0.978000,4.450000,0.329301,2.317199,3.012721
31.766710,4.990000,0.978000,4.450000,0.329301,2.317199,3.012721
31.777820,4.990000,0.978000,4.450000,0.596921,2.270351,2.893466
31.788930,4.990000,0.978000,4.450000,0.596921,2.270351,2.893466
31.800040,4.990000,0.978000,4.450000,0.596921,2.270351,2.893466
31.811150,4.990000,0.978000,4.450000,,,
31.822260,4.990000,0.978000,4.450000,,,
31.833370,4.990000,0.978000,4.450000,,,
31.844480,4.990000,0.978000,4.450000,,,
31.855590,4.990000,0.978000,4.450000,0.791682,2.224613,2.806164
31.866700,4.990000,0.978000,4.450000,0.791682,2.224613,2.806164
31.877810,4.990000,0.978000,4.450000,0.791682,2.224613,2.806164
31.888920,4.990000,0.978000,4.450000,0.791682,2.224613,2.806164
31.900030,4.990000,0.978000,4.450000,0.791682,2.224613,2.806164
31.911140,4.990000,0.978000,4.450000,0.791682,2.224613,2.806164
31.922250,4.990000,0.978000,4.450000,,,
31.933360,4.990000,0.978000,4.450000,,,
31.944470,4.990000,0.978000,4.450000,,,
31.955580,4.990000,0.978000,4.450000,0.791682,2.224613,2.806164
31.966690,4.990000,0.978000,4.450000,0.791682,2.224613,2.806164
31.977800,4.990000,0.978000,4.450000,0.791682,2.224613,2.806164
31.988910,4.990000,0.978000,4.450000,0.791682,2.224613,2.806164
32.000030,4.990000,0.978000,4.450000,0.791682,2.224613,2.806164
32.011140,4.990000,0.978000,4.450000,0.791682,2.224613,2.806164
32.022250,4.990000,0.978000,4.450000,,,
32.033360,4.990000,0.978000,4.450000,,,
32.044480,4.990000,0.978000,4.450000,,,
32.055590,4.990000,0.978000,4.450000,0.782627,2.260589,2.917807
32.066700,4.990000,0.978000,4.450000,0.782627,2.260589,2.917807
32.077810,4.990000,0.978000,4.450000,0.782627,2.260589,2.917807
32.088920,4.990000,0.978000,4.450000,0.782627,2.260589,2.917807
32.100040,4.990000,0.978000,4.450000,0.770896,2.331730,3.210356
32.111150,4.990000,0.978000,4.450000,0.770896,2.331730,3.210356
32.122260,4.990000,0.978000,4.450000,0.770896,2.331730,3.210356
32.133370,4.990000,0.978000,4.450000,,,
32.144490,4.990000,0.978000,4.450000,,,
32.155600,4.990000,0.978000,4.450000,,,
32.166710,4.990000,0.978000,4.450000,0.783157,2.303721,3.517866
32.177820,4.990000,0.978000,4.450000,0.783157,2.303721,3.517866
32.188930,4.990000,0.978000,4.450000,0.783157,2.303721,3.517866
32.200050,4.990000,0.978000,4.450000,0.819656,2.181282,3.794582
32.211160,4.990000,0.978000,4.450000,0.819656,2.181282,3.794582
32.222270,4.990000,0.978000,4.450000,0.819656,2.181282,3.794582
32.233380,4.990000,0.978000,4.450000,,,
32.244500,4.990000,0.978000,4.450000,,,
32.255610,4.990000,0.978000,4.450000,,,
32.266720,4.990000,0.978000,4.450000,0.847419,2.107059,3.928459
32.277830,4.990000,0.978000,4.450000,0.847419,2.107059,3.928459
32.288940,4.990000,0.978000,4.450000,0.847419,2.107059,3.928459
32.300060,4.990000,0.978000,4.450000,0.847419,2.107059,3.928459
32.311170,4.990000,0.978000,4.450000,0.847419,2.107059,3.928459
32.322280,4.990000,0.978000,4.450000,0.847419,2.107059,3.928459
32.333390,4.990000,0.978000,4.450000,,,
32.344510,4.990000,0.978000,4.450000,,,
32.355620,4.990000,0.978000,4.450000,,,
32.366730,4.990000,0.978000,4.450000,0.847419,2.107059,3.928459
32.377840,4.990000,0.978000,4.450000,0.847419,2.107059,3.928459
32.388950,4.990000,0.978000,4.450000,0.847419,2.107059,3.928459
32.400070,4.990000,0.978000,4.450000,0.847419,2.107059,3.928459
32.411180,4.990000,0.978000,4.450000,0.847419,2.107059,3.928459
32.422290,4.990000,0.978000,4.450000,0.847419,2.107059,3.928459
32.433400,4.990000,0.978000,4.450000,,,
32.444520,4.990000,0.978000,4.450000,,,
32.455630,4.990000,0.978000,4.450000,,,
32.466740,4.990000,0.978000,4.450000,0.697373,2.161983,3.899153
32.477850,4.990000,0.978000,4.450000,0.697373,2.161983,3.899153
32.488960,4.990000,0.978000,4.450000,0.697373,2.161983,3.899153
32.500080,4.990000,0.978000,4.450000,0.413734,2.261156,3.844133
32.511190,4.990000,0.978000,4.450000,0.413734,2.261156,3.844133
32.522300,4.990000,0.978000,4.450000,0.413734,2.261156,3.844133
32.533410,4.990000,0.978000,4.450000,,,
32.544530,4.990000,0.978000,4.450000,,,
32.555640,4.990000,0.978000,4.450000,,,
32.566750,4.990000,0.978000,4.450000,0.120085,2.341991,3.787856
32.577860,4.990000,0.978000,4.450000,0.120085,2.341991,3.787856
32.588970,4.990000,0.978000,4.450000,0.120085,2.341991,3.787856
32.600090,4.990000,0.978000,4.450000,-0.176168,2.380690,3.730852
32.611200,4.990000,0.978000,4.450000,-0.176168,2.380690,3.730852
32.622310,4.990000,0.978000,4.450000,-0.176168,2.380690,3.730852
32.633420,4.990000,0.978000,4.450000,-0.176168,2.380690,3.730852
32.644540,4.990000,0.978000,4.450000,,,
32.655650,4.990000,0.978000,4.450000,,,
32.666760,4.990000,0.978000,4.450000,,,
32.677870,4.990000,0.978000,4.450000,-0.474652,2.372685,3.674300
32.688980,4.990000,0.978000,4.450000,-0.474652,2.372685,3.674300
32.700100,4.990000,0.978000,4.450000,-0.474652,2.372685,3.674300
32.711210,4.990000,0.978000,4.450000,-0.779600,2.328781,3.616207
32.722320,4.990000,0.978000,4.450000,-0.779600,2.328781,3.616207
32.733430,4.990000,0.978000,4.450000,-0.779600,2.328781,3.616207
32.744540,4.990000,0.978000,4.450000,,,
32.755660,4.990000,0.978000,4.450000,,,
32.766770,4.990000,0.978000,4.450000,,,
32.777880,4.990000,0.978000,4.450000,-0.848034,2.316307,3.603112
32.788990,4.990000,0.978000,4.450000,-0.848034,2.316307,3.603112
32.800110,4.990000,0.978000,4.450000,-0.848034,2.316307,3.603112
32.811220,4.990000,0.978000,4.450000,-0.848034,2.316307,3.603112
32.822330,4.990000,0.978000,4.450000,-0.848034,2.316307,3.603112
32.833440,4.990000,0.978000,4.450000,-0.848034,2.316307,3.603112
32.844550,4.990000,0.978000,4.450000,-0.848034,2.316307,3.603112
32.855670,4.990000,0.978000,4.450000,-0.848034,2.316307,3.603112
32.866780,4.990000,0.978000,4.450000,-0.848034,2.316307,3.603112
32.877890,4.990000,0.978000,4.450000,-0.848034,2.316307,3.603112
32.889000,4.990000,0.978000,4.450000,-0.848034,2.316307,3.603112
32.900120,4.990000,0.978000,4.450000,-0.848034,2.316307,3.603112
32.911230,4.990000,0.978000,4.450000,-0.848034,2.316307,3.603112
32.922340,4.990000,0.978000,4.450000,-0.848034,2.316307,3.603112
32.933450,4.990000,0.978000,4.450000,-0.848034,2.316307,3.603112
32.944560,4.990000,0.978000,4.450000,-0.848034,2.316307,3.603112
32.955680,4.990000,0.978000,4.450000,,,
32.966790,4.990000,0.978000,4.450000,,,
32.977900,4.990000,0.978000,4.450000,,,
32.989010,4.990000,0.978000,4.450000,-0.656535,2.386117,3.400939
33.000130,4.990000,0.978000,4.450000,-0.656535,2.386117,3.400939
33.011240,4.990000,0.978000,4.450000,-0.656535,2.386117,3.400939
33.022350,4.990000,0.978000,4.450000,-0.454039,2.450934,3.185683
33.033460,4.990000,0.978000,4.450000,-0.454039,2.450934,3.185683
33.044570,4.990000,0.978000,4.450000,-0.454039,2.450934,3.185683
33.055690,4.990000,0.978000,4.450000,,,
33.066800,4.990000,0.978000,4.450000,,,
33.077910,4.990000,0.978000,4.450000,,,
33.089020,4.990000,0.978000,4.450000,-0.249835,2.493657,2.965831
33.100140,4.990000,0.978000,4.450000,-0.249835,2.493657,2.965831
33.111250,4.990000,0.978000,4.450000,-0.249835,2.493657,2.965831
33.122360,4.990000,0.978000,4.450000,-0.042740,2.500476,2.737728
33.133470,4.990000,0.978000,4.450000,-0.042740,2.500476,2.737728
33.144580,4.990000,0.978000,4.450000,-0.042740,2.500476,2.737728
33.155700,4.990000,0.978000,4.450000,,,
33.166810,4.990000,0.978000,4.450000,,,
33.177920,4.990000,0.978000,4.450000,,,
33.189030,4.990000,0.978000,4.450000,0.153036,2.465226,2.503874
33.200150,4.990000,0.978000,4.450000,0.153036,2.465226,2.503874
33.211260,4.990000,0.978000,4.450000,0.153036,2.465226,2.503874
33.222370,4.990000,0.978000,4.450000,0.337167,2.394813,2.276761
33.233480,4.990000,0.978000,4.450000,0.337167,2.394813,2.276761
33.244590,4.990000,0.978000,4.450000,0.337167,2.394813,2.276761
33.255710,4.990000,0.978000,4.450000,,,
33.266820,4.990000,0.978000,4.450000,,,
33.277930,4.990000,0.978000,4.450000,,,
33.289040,4.990000,0.978000,4.450000,0.489751,2.311120,2.077413
33.300160,4.990000,0.978000,4.450000,0.489751,2.311120,2.077413
33.311270,4.990000,0.978000,4.450000,0.489751,2.311120,2.077413
33.322380,4.990000,0.978000,4.450000,0.489751,2.311120,2.077413
33.333490,4.990000,0.978000,4.450000,0.489751,2.311120,2.077413
33.344600,4.990000,0.978000,4.450000,0.489751,2.311120,2.077413
33.355720,4.990000,0.978000,4.450000,0.489751,2.311120,2.077413
33.366830,4.990000,0.978000,4.450000,,,
33.377940,4.990000,0.978000,4.450000,,,
33.389050,4.990000,0.978000,4.450000,,,
33.400170,4.990000,0.978000,4.450000,0.489751,2.311120,2.077413
33.411280,4.990000,0.978000,4.450000,0.489751,2.311120,2.077413
33.422390,4.990000,0.978000,4.450000,0.489751,2.311120,2.077413
33.433500,4.990000,0.978000,4.450000,0.489751,2.311120,2.077413
33.444610,4.990000,0.978000,4.450000,0.489751,2.311120,2.077413
33.455730,4.990000,0.978000,4.450000,0.489751,2.311120,2.077413
33.466840,4.990000,0.978000,4.450000,,,
33.477950,4.990000,0.978000,4.450000,,,
33.489060,4.990000,0.978000,4.450000,,,
33.500180,4.990000,0.978000,4.450000,0.499723,2.329021,2.132760
33.511290,4.990000,0.978000,4.450000,0.499723,2.329021,2.132760
33.522400,4.990000,0.978000,4.450000,0.499723,2.329021,2.132760
33.533510,4.990000,0.978000,4.450000,0.549537,2.417023,2.414346
33.544620,4.990000,0.978000,4.450000,0.549537,2.417023,2.414346
33.555740,4.990000,0.978000,4.450000,0.549537,2.417023,2.414346
33.566850,4.990000,0.978000,4.450000,,,
33.577960,4.990000,0.978000,4.450000,,,
33.589070,4.990000,0.978000,4.450000,,,
33.600190,4.990000,0.978000,4.450000,0.599196,2.487823,2.705422
33.611300,4.990000,0.978000,4.450000,0.599196,2.487823,2.705422
33.622410,4.990000,0.978000,4.450000,0.599196,2.487823,2.705422
33.633520,4.990000,0.978000,4.450000,0.650810,2.509842,3.007012
33.644630,4.990000,0.978000,4.450000,0.650810,2.509842,3.007012
33.655750,4.990000,0.978000,4.450000,0.650810,2.509842,3.007012
33.666860,4.990000,0.978000,4.450000,,,
33.677970,4.990000,0.978000,4.450000,,,
33.689080,4.990000,0.978000,4.450000,,,
33.700200,4.990000,0.978000,4.450000,0.703553,2.470407,3.304267
33.711310,4.990000,0.978000,4.450000,0.703553,2.470407,3.304267
33.722420,4.990000,0.978000,4.450000,0.703553,2.470407,3.304267
33.733530,4.990000,0.978000,4.450000,0.703553,2.470407,3.304267
33.744640,4.990000,0.978000,4.450000,0.756964,2.382663,3.598177
33.755760,4.990000,0.978000,4.450000,0.756964,2.382663,3.598177
33.766870,4.990000,0.978000,4.450000,0.756964,2.382663,3.598177
33.777980,4.990000,0.978000,4.450000,,,
33.789090,4.990000,0.978000,4.450000,,,
33.800210,4.990000,0.978000,4.450000,,,
33.811320,4.990000,0.978000,4.450000,0.768346,2.360152,3.661203
33.822430,4.990000,0.978000,4.450000,0.768346,2.360152,3.661203
33.833540,4.990000,0.978000,4.450000,0.768346,2.360152,3.661203
33.844650,4.990000,0.978000,4.450000,0.768346,2.360152,3.661203
33.855770,4.990000,0.978000,4.450000,0.768346,2.360152,3.661203
33.866880,4.990000,0.978000,4.450000,0.768346,2.360152,3.661203
33.877990,4.990000,0.978000,4.450000,,,
33.889100,4.990000,0.978000,4.450000,,,
33.900220,4.990000,0.978000,4.450000,,,
33.911330,4.990000,0.978000,4.450000,0.768346,2.360152,3.661203
33.922440,4.990000,0.978000,4.450000,0.768346,2.360152,3.661203
33.933550,4.990000,0.978000,4.450000,0.768346,2.360152,3.661203
33.944660,4.990000,0.978000,4.450000,0.768346,2.360152,3.661203
33.955780,4.990000,0.978000,4.450000,0.768346,2.360152,3.661203
33.966890,4.990000,0.978000,4.450000,0.768346,2.360152,3.661203
33.978000,4.990000,0.978000,4.450000,,,
33.989110,4.990000,0.978000,4.450000,,,
34.000230,4.990000,0.978000,4.450000,,,
34.011340,4.990000,0.978000,4.450000,0.531627,2.418082,3.641525
34.022450,4.990000,0.978000,4.450000,0.531627,2.418082,3.641525
34.033560,4.990000,0.978000,4.450000,0.531627,2.418082,3.641525
34.044670,4.990000,0.978000,4.450000,0.231857,2.462675,3.611153
34.055790,4.990000,0.978000,4.450000,0.231857,2.462675,3.611153
34.066900,4.990000,0.978000,4.450000,0.231857,2.462675,3.611153
34.078010,4.990000,0.978000,4.450000,,,
34.089120,4.990000,0.978000,4.450000,,,
34.100230,4.990000,0.978000,4.450000,,,
34.111350,4.990000,0.978000,4.450000,-0.065265,2.411950,3.573544
34.122460,4.990000,0.978000,4.450000,-0.065265,2.411950,3.573544
34.133570,4.990000,0.978000,4.450000,-0.065265,2.411950,3.573544
34.144680,4.990000,0.978000,4.450000,-0.065265,2.411950,3.573544
34.155800,4.990000,0.978000,4.450000,-0.307303,2.265443,3.538407
34.166910,4.990000,0.978000,4.450000,-0.307303,2.265443,3.538407
34.178020,4.990000,0.978000,4.450000,-0.307303,2.265443,3.538407
34.189130,4.990000,0.978000,4.450000,,,
34.200240,4.990000,0.978000,4.450000,,,
34.211360,4.990000,0.978000,4.450000,,,
34.222470,4.990000,0.978000,4.450000,-0.407411,2.173775,3.513087
34.233580,4.990000,0.978000,4.450000,-0.407411,2.173775,3.513087
34.244690,4.990000,0.978000,4.450000,-0.407411,2.173775,3.513087
34.255810,4.990000,0.978000,4.450000,-0.407411,2.173775,3.513087
34.266920,4.990000,0.978000,4.450000,-0.407411,2.173775,3.513087
34.278030,4.990000,0.978000,4.450000,-0.407411,2.173775,3.513087
34.289140,4.990000,0.978000,4.450000,,,
34.300250,4.990000,0.978000,4.450000,,,
34.311370,4.990000,0.978000,4.450000,,,
34.322480,4.990000,0.978000,4.450000,-0.407411,2.173775,3.513087
34.333590,2.030870,0.978000,4.450000,-0.407411,2.173775,3.513087
34.344700,2.030870,0.978000,4.450000,-0.407411,2.173775,3.513087
34.355820,2.030870,0.978000,4.450000,-0.407411,2.173775,3.513087
34.366930,2.030870,0.978000,4.450000,-0.407411,2.173775,3.513087
34.378040,1.962175,0.978000,4.450000,-0.407411,2.173775,3.513087
34.389150,1.962175,0.978000,4.450000,-0.407411,2.173775,3.513087
34.400260,1.941546,0.978000,4.450000,,,
34.411380,1.919322,0.978000,4.450000,,,
34.422490,1.897099,0.978000,4.450000,,,
34.433600,1.827875,0.978000,4.450000,-0.394644,2.207609,3.372561
34.444710,1.827875,0.978000,4.450000,-0.394644,2.207609,3.372561
34.455830,1.827875,0.978000,4.450000,-0.394644,2.207609,3.372561
34.466940,1.827875,0.978000,4.450000,-0.376572,2.274965,3.067061
34.478050,1.759319,0.978000,4.450000,-0.376572,2.274965,3.067061
34.489160,1.759319,0.978000,4.450000,-0.376572,2.274965,3.067061
34.500270,1.741527,0.978000,4.450000,-0.374541,2.319236,2.776899
34.511390,1.719302,0.978000,4.450000,-0.374541,2.319236,2.776899
34.522500,1.697078,0.978000,4.450000,-0.374541,2.319236,2.776899
34.533610,1.674853,0.978000,4.450000,-0.374541,2.319236,2.776899
34.544720,1.652629,0.978000,4.450000,-0.374541,2.319236,2.776899
34.555840,1.630405,0.978000,4.450000,-0.374541,2.319236,2.776899
34.566950,1.613033,0.978000,4.450000,-0.390169,2.328196,2.445570
34.578060,1.613033,0.978000,4.450000,-0.390169,2.328196,2.445570
34.589170,1.543287,0.978000,4.450000,-0.390169,2.328196,2.445570
34.600280,1.543287,0.978000,4.450000,-0.420836,2.295781,2.145848
34.611400,1.543287,0.978000,4.450000,-0.420836,2.295781,2.145848
34.622510,1.543287,0.978000,4.450000,-0.420836,2.295781,2.145848
34.633620,1.472660,0.978000,4.450000,-0.420836,2.295781,2.145848
34.644730,1.452611,0.978000,4.450000,,,
34.655850,1.430388,0.978000,4.450000,,,
34.666960,1.408165,0.978000,4.450000,,,
34.678070,1.403816,0.978000,4.450000,-0.470113,2.234570,1.854469
34.689180,1.333315,0.978000,4.450000,-0.470113,2.234570,1.854469
34.700290,1.333315,0.978000,4.450000,-0.470113,2.234570,1.854469
34.711410,1.333315,0.978000,4.450000,-0.512413,2.186821,1.669573
34.722520,1.333315,0.978000,4.450000,-0.512413,2.186821,1.669573
34.733630,1.333315,0.978000,4.450000,-0.512413,2.186821,1.669573
34.744740,1.252593,0.978000,4.450000,,,
34.755860,1.230369,0.978000,4.450000,,,
34.766970,1.208145,0.978000,4.450000,,,
34.778080,1.196678,0.978000,4.450000,-0.512413,2.186821,1.669573
34.789190,1.127718,0.978000,4.450000,-0.512413,2.186821,1.669573
34.800300,1.127718,0.978000,4.450000,-0.512413,2.186821,1.669573
34.811420,1.127718,0.978000,4.450000,-0.512413,2.186821,1.669573
34.822530,1.127718,0.978000,4.450000,-0.512413,2.186821,1.669573
34.833640,1.127718,0.978000,4.450000,-0.512413,2.186821,1.669573
34.844750,1.052572,0.978000,4.450000,,,
34.855870,1.030347,0.978000,4.450000,,,
34.866980,1.008121,0.978000,4.450000,,,
34.878090,0.987430,0.978000,4.450000,-0.512413,2.186821,1.669573
34.889200,0.919802,0.978000,4.450000,-0.512413,2.186821,1.669573
34.900310,0.919802,0.978000,4.450000,-0.512413,2.186821,1.669573
34.911430,0.919802,0.978000,4.450000,-0.426390,2.218400,1.757507
34.922540,0.919802,0.978000,4.450000,-0.426390,2.218400,1.757507
34.933650,0.919802,0.978000,4.450000,-0.426390,2.218400,1.757507
34.944760,0.848096,0.978000,4.450000,-0.426390,2.218400,1.757507
34.955880,0.836727,0.978000,4.452007,,,
34.966990,0.822508,0.978000,4.454518,,,
34.978100,0.808288,0.978000,4.457029,,,
34.989210,0.802978,0.978000,4.457967,-0.210916,2.289439,1.974420
35.000320,0.808712,0.978000,4.482541,-0.210916,2.289439,1.974420
35.011440,0.808712,0.978000,4.482541,-0.210916,2.289439,1.974420
35.022550,0.808712,0.978000,4.482541,-0.000395,2.329511,2.184002
35.033660,0.808712,0.978000,4.482541,-0.000395,2.329511,2.184002
35.044770,0.812313,0.978000,4.507109,-0.000395,2.329511,2.184002
35.055890,0.813179,0.978000,4.509006,,,
35.067000,0.817262,0.978000,4.517945,,,
35.078110,0.821344,0.978000,4.526885,,,
35.089220,0.824569,0.978000,4.533946,0.220338,2.315599,2.404314
35.100330,0.843413,0.978000,4.567718,0.220338,2.315599,2.404314
35.111450,0.843413,0.978000,4.567718,0.220338,2.315599,2.404314
35.122560,0.843413,0.978000,4.567718,0.220338,2.315599,2.404314
35.133670,0.843413,0.978000,4.567718,0.428254,2.246630,2.610797
35.144780,0.839199,0.978000,4.591380,0.428254,2.246630,2.610797
35.155900,0.839199,0.978000,4.591380,0.428254,2.246630,2.610797
35.167010,0.838048,0.978000,4.596247,0.631120,2.142298,2.812655
35.178120,0.836259,0.978000,4.603812,0.631120,2.142298,2.812655
35.189230,0.834470,0.978000,4.611377,0.631120,2.142298,2.812655
35.200340,0.831221,0.978000,4.618440,0.631120,2.142298,2.812655
35.211460,0.826700,0.978000,4.625065,0.631120,2.142298,2.812655
35.222570,0.822178,0.978000,4.631690,0.631120,2.142298,2.812655
35.233680,0.819234,0.978000,4.636004,0.656566,2.127759,2.838019
35.244790,0.819234,0.978000,4.636004,0.656566,2.127759,2.838019
35.255910,0.799520,0.978000,4.653955,0.656566,2.127759,2.838019
35.267020,0.798836,0.978000,4.656487,0.656566,2.127759,2.838019
35.278130,0.796618,0.978000,4.664683,0.656566,2.127759,2.838019
35.289240,0.794401,0.978000,4.672880,0.656566,2.127759,2.838019
35.300350,0.791037,0.978000,4.680575,0.656566,2.127759,2.838019
35.311470,0.784790,0.978000,4.687011,0.656566,2.127759,2.838019
35.322580,0.778543,0.978000,4.693447,0.656566,2.127759,2.838019
35.333690,0.773002,0.978000,4.699156,0.656566,2.127759,2.838019
35.344800,0.773002,0.978000,4.699156,0.656566,2.127759,2.838019
35.355920,0.753203,0.978000,4.719912,0.656566,2.127759,2.838019
35.367030,0.753203,0.978000,4.719912,0.656566,2.127759,2.838019
35.378140,0.753203,0.978000,4.719912,0.656566,2.127759,2.838019
35.389250,0.753203,0.978000,4.719912,0.656566,2.127759,2.838019
35.400360,0.729537,0.978000,4.737988,0.656566,2.127759,2.838019
35.411480,0.720892,0.978000,4.743410,,,
35.422590,0.711967,0.978000,4.749006,,,
35.433700,0.703043,0.978000,4.754603,,,
35.444810,0.701566,0.978000,4.755529,0.429658,2.237088,2.953255
35.455920,0.668683,0.978000,4.769945,0.429658,2.237088,2.953255
35.467040,0.668683,0.978000,4.769945,0.429658,2.237088,2.953255
35.478150,0.668683,0.978000,4.769945,0.173345,2.330475,3.083425
35.489260,0.668683,0.978000,4.769945,0.173345,2.330475,3.083425
35.500370,0.639553,0.978000,4.787446,0.173345,2.330475,3.083425
35.511490,0.632736,0.978000,4.790865,,,
35.522600,0.622361,0.978000,4.796070,,,
35.533710,0.611986,0.978000,4.801273,,,
35.544820,0.608133,0.978000,4.803206,-0.099621,2.340690,3.222052
35.555930,0.569652,0.978000,4.816261,-0.099621,2.340690,3.222052
35.567050,0.569652,0.978000,4.816261,-0.099621,2.340690,3.222052
35.578160,0.569652,0.978000,4.816261,-0.359182,2.272674,3.353871
35.589270,0.569652,0.978000,4.816261,-0.359182,2.272674,3.353871
35.600380,0.569652,0.978000,4.816261,-0.359182,2.272674,3.353871
35.611500,0.519909,0.978000,4.826414,,,
35.622610,0.502025,0.978000,4.826783,,,
35.633720,0.484141,0.978000,4.827151,,,
35.644830,0.472464,0.978000,4.827392,-0.433342,2.246971,3.391534
35.655940,0.423952,0.978000,4.833222,-0.433342,2.246971,3.391534
35.667060,0.423952,0.978000,4.833222,-0.433342,2.246971,3.391534
35.678170,0.423952,0.978000,4.833222,-0.433342,2.246971,3.391534
35.689280,0.423952,0.978000,4.833222,-0.433342,2.246971,3.391534
35.700390,0.423952,0.978000,4.833222,-0.433342,2.246971,3.391534
35.711510,0.373113,0.978000,4.843196,,,
35.722620,0.357699,0.978000,4.846137,,,
35.733730,0.342284,0.978000,4.849078,,,
35.744840,0.327303,0.978000,4.851936,-0.433342,2.246971,3.391534
35.755950,0.276267,0.978000,4.858365,-0.433342,2.246971,3.391534
35.767070,0.276267,0.978000,4.858365,-0.433342,2.246971,3.391534
35.778180,0.276267,0.978000,4.858365,-0.433342,2.246971,3.391534
35.789290,0.276267,0.978000,4.858365,-0.433342,2.246971,3.391534
35.800400,0.276267,0.978000,4.858365,-0.433342,2.246971,3.391534
35.811520,0.223003,0.978000,4.863352,-0.433342,2.246971,3.391534
35.822630,0.207625,0.978000,4.863438,,,
35.833740,0.189044,0.978000,4.863542,,,
35.844850,0.170464,0.978000,4.863647,,,
35.855960,0.165565,0.978000,4.863674,-0.491324,2.306235,3.202590
35.867080,0.099237,0.978000,4.856203,-0.491324,2.306235,3.202590
35.878190,0.099237,0.978000,4.856203,-0.491324,2.306235,3.202590
35.889300,0.099237,0.978000,4.856203,-0.573297,2.388399,2.921285
35.900410,0.099237,0.978000,4.856203,-0.573297,2.388399,2.921285
35.911530,0.033704,0.978000,4.848914,-0.573297,2.388399,2.921285
35.922640,0.026242,0.978000,4.847563,,,
35.933750,0.004373,0.978000,4.843605,,,
35.944860,-0.017496,0.978000,4.839646,,,
35.955970,-0.036197,0.978000,4.836261,-0.651383,2.453843,2.633005
35.967090,-0.103901,0.978000,4.824005,-0.651383,2.453843,2.633005
35.978200,-0.103901,0.978000,4.824005,-0.651383,2.453843,2.633005
35.989310,-0.103901,0.978000,4.824005,-0.726402,2.485644,2.331892
36.000420,-0.103901,0.978000,4.824005,-0.726402,2.485644,2.331892
36.011540,-0.169848,0.978000,4.812067,-0.726402,2.485644,2.331892
36.022650,-0.170584,0.978000,4.811934,,,
36.033760,-0.192452,0.978000,4.807976,,,
36.044870,-0.214319,0.978000,4.804018,,,
36.055980,-0.236187,0.978000,4.800059,,,
36.067100,-0.303123,0.978000,4.787942,-0.797776,2.474569,2.039113
36.078210,-0.303123,0.978000,4.787942,-0.797776,2.474569,2.039113
36.089320,-0.303123,0.978000,4.787942,-0.797776,2.474569,2.039113
36.100430,-0.303123,0.978000,4.787942,-0.874061,2.424721,1.742350
36.111550,-0.303123,0.978000,4.787942,-0.874061,2.424721,1.742350
36.122660,-0.369883,0.978000,4.775858,-0.874061,2.424721,1.742350
36.133770,-0.389274,0.978000,4.772348,,,
36.144880,-0.411143,0.978000,4.768389,,,
36.155990,-0.433012,0.978000,4.764431,,,
36.167110,-0.504669,0.978000,4.751459,-0.940074,2.359356,1.489242
36.178220,-0.504669,0.978000,4.751459,-0.940074,2.359356,1.489242
36.189330,-0.504669,0.978000,4.751459,-0.940074,2.359356,1.489242
36.200440,-0.504669,0.978000,4.751459,-0.940074,2.359356,1.489242
36.211560,-0.504669,0.978000,4.751459,-0.940074,2.359356,1.489242
36.222670,-0.574218,0.978000,4.738870,-0.940074,2.359356,1.489242
36.233780,-0.586094,0.978000,4.736720,,,
36.244890,-0.607961,0.978000,4.732761,,,
36.256000,-0.629829,0.978000,4.728803,,,
36.267120,-0.642665,0.978000,4.726479,-0.940074,2.359356,1.489242
36.278230,-0.710509,0.978000,4.714197,-0.940074,2.359356,1.489242
36.289340,-0.710509,0.978000,4.714197,-0.940074,2.359356,1.489242
36.300450,-0.710509,0.978000,4.714197,-0.940074,2.359356,1.489242
36.311570,-0.710509,0.978000,4.714197,-0.940074,2.359356,1.489242
36.322680,-0.776823,0.978000,4.702193,-0.940074,2.359356,1.489242
36.333790,-0.782912,0.978000,4.701091,,,
36.344900,-0.804781,0.978000,4.697132,,,
36.356010,-0.826651,0.978000,4.693173,,,
36.367130,-0.842522,0.978000,4.690300,-0.897492,2.371296,1.522182
36.378240,-0.910177,0.978000,4.678053,-0.897492,2.371296,1.522182
36.389350,-0.910177,0.978000,4.678053,-0.897492,2.371296,1.522182
36.400460,-0.910177,0.978000,4.678053,-0.664777,2.434575,1.702207
36.411580,-0.910177,0.978000,4.678053,-0.664777,2.434575,1.702207
36.422690,-0.976992,0.978000,4.665958,-0.664777,2.434575,1.702207
36.433800,-0.979733,0.978000,4.665462,,,
36.444910,-1.001602,0.978000,4.661503,,,
36.456020,-1.023472,0.978000,4.657545,,,
36.467140,-1.045342,0.978000,4.653586,,,
36.478250,-1.112415,0.978000,4.641444,-0.428795,2.490604,1.884759
36.489360,-1.112415,0.978000,4.641444,-0.428795,2.490604,1.884759
36.500470,-1.112415,0.978000,4.641444,-0.428795,2.490604,1.884759
36.511590,-1.112415,0.978000,4.641444,-0.190910,2.525615,2.068784
36.522700,-1.179597,0.978000,4.629282,-0.190910,2.525615,2.068784
36.533810,-1.179597,0.978000,4.629282,-0.190910,2.525615,2.068784
36.544920,-1.198425,0.978000,4.625875,0.048628,2.527979,2.254086
36.556030,-1.220294,0.978000,4.621916,0.048628,2.527979,2.254086
36.567150,-1.242162,0.978000,4.617958,0.048628,2.527979,2.254086
36.578260,-1.264032,0.978000,4.613999,0.048628,2.527979,2.254086
36.589370,-1.285902,0.978000,4.610040,0.048628,2.527979,2.254086
36.600480,-1.307772,0.978000,4.606081,0.048628,2.527979,2.254086
36.611600,-1.317359,0.978000,4.604346,0.286872,2.495231,2.438388
36.622710,-1.383675,0.978000,4.592342,0.286872,2.495231,2.438388
36.633820,-1.383675,0.978000,4.592342,0.286872,2.495231,2.438388
36.644930,-1.383675,0.978000,4.592342,0.523987,2.433631,2.621816
36.656040,-1.383675,0.978000,4.592342,0.523987,2.433631,2.621816
36.667160,-1.383675,0.978000,4.592342,0.523987,2.433631,2.621816
36.678270,-1.460854,0.978000,4.578371,,,
36.689380,-1.482721,0.978000,4.574412,,,
36.700490,-1.504588,0.978000,4.570454,,,
36.711610,-1.522342,0.978000,4.567240,0.684521,2.380876,2.746002
36.722640,,,,0.684521,2.380876,2.746002
36.733830,-1.588693,0.978000,4.555229,0.684521,2.380876,2.746002
36.744940,-1.588693,0.978000,4.555229,0.684521,2.380876,2.746002
36.756050,-1.588693,0.978000,4.555229,0.684521,2.380876,2.746002
36.767170,-1.588693,0.978000,4.555229,0.684521,2.380876,2.746002
36.778280,-1.524104,0.978000,4.541131,,,
36.789390,0.664797,0.978000,4.510509,,,
36.800500,2.853698,0.978000,4.479886,,,
36.811610,4.990000,0.978000,4.450000,0.684521,2.380876,2.746002
36.822730,4.990000,0.978000,4.450000,0.684521,2.380876,2.746002
36.833840,4.990000,0.978000,4.450000,0.684521,2.380876,2.746002
36.844950,4.990000,0.978000,4.450000,0.684521,2.380876,2.746002
36.856060,4.990000,0.978000,4.450000,0.684521,2.380876,2.746002
36.867180,4.990000,0.978000,4.450000,0.684521,2.380876,2.746002
36.878290,4.990000,0.978000,4.450000,0.684521,2.380876,2.746002
36.889400,4.990000,0.978000,4.450000,,,
36.900510,4.990000,0.978000,4.450000,,,
36.911620,4.990000,0.978000,4.450000,,,
36.922740,4.990000,0.978000,4.450000,0.590787,2.413928,2.767514
36.933850,4.990000,0.978000,4.450000,0.590787,2.413928,2.767514
36.944960,4.990000,0.978000,4.450000,0.590787,2.413928,2.767514
36.956070,4.990000,0.978000,4.450000,0.299601,2.491249,2.823765
36.967190,4.990000,0.978000,4.450000,0.299601,2.491249,2.823765
36.978300,4.990000,0.978000,4.450000,0.299601,2.491249,2.823765
36.989410,4.990000,0.978000,4.450000,,,
37.000520,4.990000,0.978000,4.450000,,,
37.011630,4.990000,0.978000,4.450000,,,
37.022750,4.990000,0.978000,4.450000,0.002607,2.439117,2.857388
37.033860,4.990000,0.978000,4.450000,0.002607,2.439117,2.857388
37.044970,4.990000,0.978000,4.450000,0.002607,2.439117,2.857388
37.056080,4.990000,0.978000,4.450000,-0.233039,2.286003,2.869071
37.067200,4.990000,0.978000,4.450000,-0.233039,2.286003,2.869071
37.078310,4.990000,0.978000,4.450000,-0.233039,2.286003,2.869071
37.089420,4.990000,0.978000,4.450000,,,
37.100530,4.990000,0.978000,4.450000,,,
37.111640,4.990000,0.978000,4.450000,,,
37.122760,4.990000,0.978000,4.450000,,,
37.133870,4.990000,0.978000,4.450000,-0.298396,2.231983,2.869320
37.144980,4.990000,0.978000,4.450000,-0.298396,2.231983,2.869320
37.156090,4.990000,0.978000,4.450000,-0.298396,2.231983,2.869320
37.167210,4.990000,0.978000,4.450000,-0.298396,2.231983,2.869320
37.178320,4.990000,0.978000,4.450000,-0.298396,2.231983,2.869320
37.189430,4.990000,0.978000,4.450000,-0.298396,2.231983,2.869320
37.200540,4.990000,0.978000,4.450000,,,
37.211650,4.990000,0.978000,4.450000,,,
37.222770,4.990000,0.978000,4.450000,,,
37.233880,4.990000,0.978000,4.450000,-0.298396,2.231983,2.869320
37.244990,4.990000,0.978000,4.450000,-0.298396,2.231983,2.869320
37.256100,4.990000,0.978000,4.450000,-0.298396,2.231983,2.869320
37.267220,4.990000,0.978000,4.450000,-0.298396,2.231983,2.869320
37.278330,4.990000,0.978000,4.450000,-0.298396,2.231983,2.869320
37.289440,4.990000,0.978000,4.450000,-0.298396,2.231983,2.869320
37.300550,4.990000,0.978000,4.450000,,,
37.311660,4.990000,0.978000,4.450000,,,
37.322780,4.990000,0.978000,4.450000,,,
37.333890,4.990000,0.978000,4.450000,-0.388297,2.284380,2.669831
37.345000,4.990000,0.978000,4.450000,-0.388297,2.284380,2.669831
37.356110,4.990000,0.978000,4.450000,-0.388297,2.284380,2.669831
37.367230,4.990000,0.978000,4.450000,-0.512303,2.338661,2.395047
37.378340,4.990000,0.978000,4.450000,-0.512303,2.338661,2.395047
37.389450,4.990000,0.978000,4.450000,-0.512303,2.338661,2.395047
37.400560,4.990000,0.978000,4.450000,,,
37.411670,4.990000,0.978000,4.450000,,,
37.422790,4.990000,0.978000,4.450000,,,
37.433900,4.990000,0.978000,4.450000,-0.636582,2.334870,2.119632
37.445010,4.990000,0.978000,4.450000,-0.636582,2.334870,2.119632
37.456120,4.990000,0.978000,4.450000,-0.636582,2.334870,2.119632
37.467240,4.990000,0.978000,4.450000,-0.636582,2.334870,2.119632
37.478350,4.990000,0.978000,4.450000,-0.758412,2.257763,1.849645
37.489460,4.990000,0.978000,4.450000,-0.758412,2.257763,1.849645
37.500570,4.990000,0.978000,4.450000,-0.758412,2.257763,1.849645
37.511680,4.990000,0.978000,4.450000,,,
37.522800,4.990000,0.978000,4.450000,,,
37.533910,4.990000,0.978000,4.450000,,,
37.545020,4.990000,0.978000,4.450000,-0.872006,2.138561,1.597907
37.556130,4.990000,0.978000,4.450000,-0.872006,2.138561,1.597907
37.567250,4.990000,0.978000,4.450000,-0.872006,2.138561,1.597907
37.578360,4.990000,0.978000,4.450000,-0.895867,2.111043,1.545029
37.589470,4.990000,0.978000,4.450000,-0.895867,2.111043,1.545029
37.600580,4.990000,0.978000,4.450000,-0.895867,2.111043,1.545029
37.611690,4.990000,0.978000,4.450000,,,
37.622810,4.990000,0.978000,4.450000,,,
37.633920,4.990000,0.978000,4.450000,,,
37.645030,4.990000,0.978000,4.450000,-0.895867,2.111043,1.545029
37.656140,4.990000,0.978000,4.450000,-0.895867,2.111043,1.545029
37.667260,4.990000,0.978000,4.450000,-0.895867,2.111043,1.545029
37.678370,4.990000,0.978000,4.450000,-0.895867,2.111043,1.545029
37.689480,4.990000,0.978000,4.450000,-0.895867,2.111043,1.545029
37.700590,4.990000,0.978000,4.450000,-0.895867,2.111043,1.545029
37.711700,4.990000,0.978000,4.450000,,,
37.722820,4.990000,0.978000,4.450000,,,
37.733930,4.990000,0.978000,4.450000,,,
37.745030,4.990000,0.978000,4.450000,,,
37.756150,4.990000,0.978000,4.450000,-0.895867,2.111043,1.545029
37.767270,4.990000,0.978000,4.450000,-0.895867,2.111043,1.545029
37.778380,4.990000,0.978000,4.450000,-0.895867,2.111043,1.545029
37.789490,4.990000,0.978000,4.450000,-0.707039,2.177359,1.689545
37.800600,4.990000,0.978000,4.450000,-0.707039,2.177359,1.689545
37.811710,4.990000,0.978000,4.450000,-0.707039,2.177359,1.689545
37.822830,4.990000,0.978000,4.450000,,,
37.833940,4.990000,0.978000,4.450000,,,
37.845050,4.990000,0.978000,4.450000,,,
37.856160,4.990000,0.978000,4.450000,-0.469686,2.251982,1.871199
37.867280,4.990000,0.978000,4.450000,-0.469686,2.251982,1.871199
37.878390,4.990000,0.978000,4.450000,-0.469686,2.251982,1.871199
37.889500,4.990000,0.978000,4.450000,-0.250897,2.301709,2.038646
37.900610,4.990000,0.978000,4.450000,-0.250897,2.301709,2.038646
37.911720,4.990000,0.978000,4.450000,-0.250897,2.301709,2.038646
37.922840,4.990000,0.978000,4.450000,,,
37.933950,4.990000,0.978000,4.450000,,,
37.945060,4.990000,0.978000,4.450000,,,
37.956170,4.990000,0.978000,4.450000,0.021685,2.322975,2.247827
37.967290,4.990000,0.978000,4.450000,0.021685,2.322975,2.247827
37.978400,4.990000,0.978000,4.450000,0.021685,2.322975,2.247827
37.989510,4.990000,0.978000,4.450000,0.258306,2.300000,2.429167
38.000620,4.990000,0.978000,4.450000,0.258306,2.300000,2.429167
38.011730,4.990000,0.978000,4.450000,0.258306,2.300000,2.429167
38.022850,4.990000,0.978000,4.450000,,,
38.033960,4.990000,0.978000,4.450000,,,
38.045070,4.990000,0.978000,4.450000,,,
38.056180,4.990000,0.978000,4.450000,0.495021,2.241907,2.610066
38.067300,4.990000,0.978000,4.450000,0.495021,2.241907,2.610066
38.078410,4.990000,0.978000,4.450000,0.495021,2.241907,2.610066
38.089520,4.990000,0.978000,4.450000,0.727106,2.160968,2.787301
38.100630,4.990000,0.978000,4.450000,0.727106,2.160968,2.787301
38.111740,4.990000,0.978000,4.450000,0.727106,2.160968,2.787301
38.122860,4.990000,0.978000,4.450000,,,
38.133970,4.990000,0.978000,4.450000,,,
38.145080,4.990000,0.978000,4.450000,,,
38.156190,4.990000,0.978000,4.450000,,,
38.167300,4.990000,0.978000,4.450000,0.727106,2.160968,2.787301
38.178420,4.990000,0.978000,4.450000,0.727106,2.160968,2.787301
38.189530,4.990000,0.978000,4.450000,0.727106,2.160968,2.787301
38.200640,4.990000,0.978000,4.450000,0.727106,2.160968,2.787301
38.211750,4.990000,0.978000,4.450000,0.727106,2.160968,2.787301
38.222870,4.990000,0.978000,4.450000,0.727106,2.160968,2.787301
38.233980,4.990000,0.978000,4.450000,0.727106,2.160968,2.787301
38.245090,4.990000,0.978000,4.450000,0.727106,2.160968,2.787301
38.256200,4.990000,0.978000,4.450000,0.727106,2.160968,2.787301
38.267310,4.990000,0.978000,4.450000,0.727106,2.160968,2.787301
38.278430,4.990000,0.978000,4.450000,0.727106,2.160968,2.787301
38.289540,4.990000,0.978000,4.450000,0.727106,2.160968,2.787301
38.300650,4.990000,0.978000,4.450000,0.701001,2.171812,2.787857
38.311760,4.990000,0.978000,4.450000,0.701001,2.171812,2.787857
38.322880,4.990000,0.978000,4.450000,0.701001,2.171812,2.787857
38.333990,4.990000,0.978000,4.450000,0.421187,2.279826,2.797189
38.345100,4.990000,0.978000,4.450000,0.421187,2.279826,2.797189
38.356210,4.990000,0.978000,4.450000,0.421187,2.279826,2.797189
38.367320,4.990000,0.978000,4.450000,0.421187,2.279826,2.797189
38.378440,4.990000,0.978000,4.450000,,,
38.389550,4.990000,0.978000,4.450000,,,
38.400660,4.990000,0.978000,4.450000,,,
38.411770,4.990000,0.978000,4.450000,0.124158,2.330525,2.813261
38.422890,4.990000,0.978000,4.450000,0.124158,2.330525,2.813261
38.434000,4.990000,0.978000,4.450000,0.124158,2.330525,2.813261
38.445110,4.990000,0.978000,4.450000,-0.168861,2.269330,2.831410
38.456220,4.990000,0.978000,4.450000,-0.168861,2.269330,2.831410
38.467330,4.990000,0.978000,4.450000,-0.168861,2.269330,2.831410
38.478450,4.990000,0.978000,4.450000,,,
38.489560,4.990000,0.978000,4.450000,,,
38.500670,4.990000,0.978000,4.450000,,,
38.511780,4.990000,0.978000,4.450000,-0.377520,2.184637,2.861541
38.522900,4.990000,0.978000,4.450000,-0.377520,2.184637,2.861541
38.534010,4.990000,0.978000,4.450000,-0.377520,2.184637,2.861541
38.545120,4.990000,0.978000,4.450000,-0.377520,2.184637,2.861541
38.556230,4.990000,0.978000,4.450000,-0.377520,2.184637,2.861541
38.567340,4.990000,0.978000,4.450000,-0.377520,2.184637,2.861541
38.578460,4.990000,0.978000,4.450000,,,
38.589570,4.990000,0.978000,4.450000,,,
38.600680,4.990000,0.978000,4.450000,,,
38.611790,4.990000,0.978000,4.450000,-0.377520,2.184637,2.861541
38.622910,4.990000,0.978000,4.450000,-0.377520,2.184637,2.861541
38.634020,4.990000,0.978000,4.450000,-0.377520,2.184637,2.861541
38.645130,4.990000,0.978000,4.450000,-0.377520,2.184637,2.861541
38.656240,4.990000,0.978000,4.450000,-0.377520,2.184637,2.861541
38.667350,4.990000,0.978000,4.450000,-0.377520,2.184637,2.861541
38.678470,4.990000,0.978000,4.450000,-0.377520,2.184637,2.861541
38.689580,4.990000,0.978000,4.450000,,,
38.700690,4.990000,0.978000,4.450000,,,
38.711800,4.990000,0.978000,4.450000,,,
38.722920,4.990000,0.978000,4.450000,-0.402162,2.210042,2.823963
38.734030,4.990000,0.978000,4.450000,-0.402162,2.210042,2.823963
38.745140,4.990000,0.978000,4.450000,-0.402162,2.210042,2.823963
38.756250,4.990000,0.978000,4.450000,-0.552601,2.354985,2.596746
38.767360,4.990000,0.978000,4.450000,-0.552601,2.354985,2.596746
38.778480,4.990000,0.978000,4.450000,-0.552601,2.354985,2.596746
38.789590,4.990000,0.978000,4.450000,,,
38.800700,4.990000,0.978000,4.450000,,,
38.811810,4.990000,0.978000,4.450000,,,
38.822930,4.990000,0.978000,4.450000,-0.715752,2.442024,2.356419
38.834040,4.990000,0.978000,4.450000,-0.715752,2.442024,2.356419
38.845150,4.990000,0.978000,4.450000,-0.715752,2.442024,2.356419
38.856260,4.990000,0.978000,4.450000,-0.881383,2.414175,2.110570
38.867370,4.990000,0.978000,4.450000,-0.881383,2.414175,2.110570
38.878490,4.990000,0.978000,4.450000,-0.881383,2.414175,2.110570
38.889600,4.990000,0.978000,4.450000,,,
38.900710,4.990000,0.978000,4.450000,,,
38.911820,4.990000,0.978000,4.450000,,,
38.922940,4.990000,0.978000,4.450000,-0.986899,2.352214,1.953829
38.934050,4.990000,0.978000,4.450000,-0.986899,2.352214,1.953829
38.945160,4.990000,0.978000,4.450000,-0.986899,2.352214,1.953829
38.956270,4.990000,0.978000,4.450000,-0.986899,2.352214,1.953829
38.967380,4.990000,0.978000,4.450000,-0.986899,2.352214,1.953829
38.978500,4.990000,0.978000,4.450000,-0.986899,2.352214,1.953829
38.989610,4.990000,0.978000,4.450000,,,
39.000720,4.990000,0.978000,4.450000,,,
39.011830,4.990000,0.978000,4.450000,,,
39.022950,4.990000,0.978000,4.450000,-0.986899,2.352214,1.953829
39.034060,4.990000,0.978000,4.450000,-0.986899,2.352214,1.953829
39.045170,4.990000,0.978000,4.450000,-0.986899,2.352214,1.953829
39.056280,4.990000,0.978000,4.450000,-0.986899,2.352214,1.953829
39.067390,4.990000,0.978000,4.450000,-0.986899,2.352214,1.953829
39.078510,4.990000,0.978000,4.450000,-0.986899,2.352214,1.953829
39.089620,4.990000,0.978000,4.450000,-0.986899,2.352214,1.953829
39.100730,4.990000,0.978000,4.450000,,,
39.111840,4.990000,0.978000,4.450000,,,
39.122960,4.990000,0.978000,4.450000,,,
39.134070,4.990000,0.978000,4.450000,-0.916085,2.367405,1.990379
39.145180,4.990000,0.978000,4.450000,-0.916085,2.367405,1.990379
39.156290,4.990000,0.978000,4.450000,-0.916085,2.367405,1.990379
39.167400,4.990000,0.978000,4.450000,-0.643575,2.423442,2.131029
39.178520,4.990000,0.978000,4.450000,-0.643575,2.423442,2.131029
39.189630,4.990000,0.978000,4.450000,-0.643575,2.423442,2.131029
39.200740,4.990000,0.978000,4.450000,,,
39.211850,4.990000,0.978000,4.450000,,,
39.222970,4.990000,0.978000,4.450000,,,
39.234080,4.990000,0.978000,4.450000,-0.371873,2.467910,2.272239
39.245190,4.990000,0.978000,4.450000,-0.371873,2.467910,2.272239
39.256300,4.990000,0.978000,4.450000,-0.371873,2.467910,2.272239
39.267410,4.990000,0.978000,4.450000,-0.105346,2.484908,2.414187
39.278530,4.990000,0.978000,4.450000,-0.105346,2.484908,2.414187
39.289640,4.990000,0.978000,4.450000,-0.105346,2.484908,2.414187
39.300750,4.990000,0.978000,4.450000,,,
39.311860,4.990000,0.978000,4.450000,,,
39.322980,4.990000,0.978000,4.450000,,,
39.334090,4.990000,0.978000,4.450000,0.166430,2.466553,2.562857
39.345200,4.990000,0.978000,4.450000,0.166430,2.466553,2.562857
39.356310,4.990000,0.978000,4.450000,0.166430,2.466553,2.562857
39.367420,4.990000,0.978000,4.450000,0.424133,2.420795,2.707296
39.378540,4.990000,0.978000,4.450000,0.424133,2.420795,2.707296
39.389650,4.990000,0.978000,4.450000,0.424133,2.420795,2.707296
39.400760,4.990000,0.978000,4.450000,0.424133,2.420795,2.707296
39.411870,4.990000,0.978000,4.450000,,,
39.422990,4.990000,0.978000,4.450000,,,
39.434100,4.990000,0.978000,4.450000,,,
39.445210,4.990000,0.978000,4.450000,0.691703,2.355245,2.857309
39.456320,4.990000,0.978000,4.450000,0.691703,2.355245,2.857309
39.467430,4.990000,0.978000,4.450000,0.691703,2.355245,2.857309
39.478550,4.990000,0.978000,4.450000,0.760806,2.336749,2.896566
39.489660,4.990000,0.978000,4.450000,0.760806,2.336749,2.896566
39.500770,4.990000,0.978000,4.450000,0.760806,2.336749,2.896566
39.511880,4.990000,0.978000,4.450000,,,
39.522990,4.990000,0.978000,4.450000,,,
39.534110,4.990000,0.978000,4.450000,,,
39.545220,4.990000,0.978000,4.450000,0.760806,2.336749,2.896566
39.556330,4.990000,0.978000,4.450000,0.760806,2.336749,2.896566
39.567440,4.990000,0.978000,4.450000,0.760806,2.336749,2.896566
39.578560,4.990000,0.978000,4.450000,0.760806,2.336749,2.896566
39.589670,4.990000,0.978000,4.450000,0.760806,2.336749,2.896566
39.600780,4.990000,0.978000,4.450000,0.760806,2.336749,2.896566
39.611890,4.990000,0.978000,4.450000,,,
39.623000,4.990000,0.978000,4.450000,,,
39.634120,4.990000,0.978000,4.450000,,,
39.645230,4.990000,0.978000,4.450000,0.760806,2.336749,2.896566
39.656340,4.990000,0.978000,4.450000,0.760806,2.336749,2.896566
39.667450,4.990000,0.978000,4.450000,0.760806,2.336749,2.896566
39.678570,4.990000,0.978000,4.450000,0.554118,2.463988,2.949116
39.689680,4.990000,0.978000,4.450000,0.554118,2.463988,2.949116
39.700790,4.990000,0.978000,4.450000,0.554118,2.463988,2.949116
39.711900,4.990000,0.978000,4.450000,,,
39.723010,4.990000,0.978000,4.450000,,,
39.734130,4.990000,0.978000,4.450000,,,
39.745240,4.990000,0.978000,4.450000,0.318838,2.477602,3.015481
39.756350,4.990000,0.978000,4.450000,0.318838,2.477602,3.015481
39.767460,4.990000,0.978000,4.450000,0.318838,2.477602,3.015481
39.778580,4.990000,0.978000,4.450000,0.195779,2.349096,3.044321
39.789690,4.990000,0.978000,4.450000,0.195779,2.349096,3.044321
39.800800,4.990000,0.978000,4.450000,0.195779,2.349096,3.044321
39.811910,4.990000,0.978000,4.450000,0.195779,2.349096,3.044321
39.823020,4.990000,0.978000,4.450000,,,
39.834140,4.990000,0.978000,4.450000,,,
39.845250,4.990000,0.978000,4.450000,,,
39.856360,4.990000,0.978000,4.450000,0.180940,2.326398,3.047014
39.867470,4.990000,0.978000,4.450000,0.180940,2.326398,3.047014
39.878590,4.990000,0.978000,4.450000,0.180940,2.326398,3.047014
39.889700,4.990000,0.978000,4.450000,0.180940,2.326398,3.047014
39.900810,4.990000,0.978000,4.450000,0.180940,2.326398,3.047014
39.911920,4.990000,0.978000,4.450000,0.180940,2.326398,3.047014
39.923030,4.990000,0.978000,4.450000,,,
39.934150,4.990000,0.978000,4.450000,,,
39.945260,4.990000,0.978000,4.450000,,,
39.956370,4.990000,0.978000,4.450000,0.180940,2.326398,3.047014
39.967480,4.990000,0.978000,4.450000,0.180940,2.326398,3.047014
39.978600,4.990000,0.978000,4.450000,0.180940,2.326398,3.047014
39.989710,4.990000,0.978000,4.450000,0.180940,2.326398,3.047014
40.000820,4.990000,0.978000,4.450000,0.180940,2.326398,3.047014
40.011930,4.990000,0.978000,4.450000,0.180940,2.326398,3.047014
40.023040,4.990000,0.978000,4.450000,,,
40.034160,4.990000,0.978000,4.450000,,,
40.045270,4.990000,0.978000,4.450000,,,
40.056380,4.990000,0.978000,4.450000,-0.010279,2.390331,2.853937
40.067490,4.990000,0.978000,4.450000,-0.010279,2.390331,2.853937
40.078610,4.990000,0.978000,4.450000,-0.010279,2.390331,2.853937
40.089720,4.990000,0.978000,4.450000,-0.225870,2.414120,2.636020
40.100830,4.990000,0.978000,4.450000,-0.225870,2.414120,2.636020
40.111940,4.990000,0.978000,4.450000,-0.225870,2.414120,2.636020
40.123050,4.990000,0.978000,4.450000,,,
40.134170,4.990000,0.978000,4.450000,,,
40.145280,4.990000,0.978000,4.450000,,,
40.156390,4.990000,0.978000,4.450000,-0.433800,2.335807,2.425847
40.167500,4.990000,0.978000,4.450000,-0.433800,2.335807,2.425847
40.178620,4.990000,0.978000,4.450000,-0.433800,2.335807,2.425847
40.189730,4.990000,0.978000,4.450000,-0.618698,2.188605,2.236684
40.200840,4.990000,0.978000,4.450000,-0.618698,2.188605,2.236684
40.211950,4.990000,0.978000,4.450000,-0.618698,2.188605,2.236684
40.223060,4.990000,0.978000,4.450000,,,
40.234180,4.990000,0.978000,4.450000,,,
40.245290,4.990000,0.978000,4.450000,,,
40.256400,4.990000,0.978000,4.450000,-0.684612,2.126712,2.169848
40.267510,4.990000,0.978000,4.450000,-0.684612,2.126712,2.169848
40.278630,4.990000,0.978000,4.450000,-0.684612,2.126712,2.169848
40.289740,4.990000,0.978000,4.450000,-0.684612,2.126712,2.169848
40.300850,4.990000,0.978000,4.450000,-0.684612,2.126712,2.169848
40.311960,4.990000,0.978000,4.450000,-0.684612,2.126712,2.169848
40.323070,4.990000,0.978000,4.450000,-0.684612,2.126712,2.169848
40.334190,4.990000,0.978000,4.450000,,,
40.345300,4.990000,0.978000,4.450000,,,
40.356410,4.990000,0.978000,4.450000,,,
40.367520,4.990000,0.978000,4.450000,-0.684612,2.126712,2.169848
40.378640,4.990000,0.978000,4.450000,-0.684612,2.126712,2.169848
40.389750,4.990000,0.978000,4.450000,-0.684612,2.126712,2.169848
40.400860,4.990000,0.978000,4.450000,-0.684612,2.126712,2.169848
40.411970,4.990000,0.978000,4.450000,-0.684612,2.126712,2.169848
40.423080,4.990000,0.978000,4.450000,-0.684612,2.126712,2.169848
40.434200,4.990000,0.978000,4.450000,,,
40.445310,4.990000,0.978000,4.450000,,,
40.456420,4.990000,0.978000,4.450000,,,
40.467530,4.990000,0.978000,4.450000,-0.527155,2.184870,2.279754
40.478650,4.990000,0.978000,4.450000,-0.527155,2.184870,2.279754
40.489760,4.990000,0.978000,4.450000,-0.527155,2.184870,2.279754
40.500870,4.990000,0.978000,4.450000,-0.267338,2.274195,2.461306
40.511980,4.990000,0.978000,4.450000,-0.267338,2.274195,2.461306
40.523090,4.990000,0.978000,4.450000,-0.267338,2.274195,2.461306
40.534210,4.990000,0.978000,4.450000,,,
40.545320,4.990000,0.978000,4.450000,,,
40.556430,4.990000,0.978000,4.450000,,,
40.567540,4.990000,0.978000,4.450000,-0.019477,2.342682,2.634504
40.578660,4.990000,0.978000,4.450000,-0.019477,2.342682,2.634504
40.589770,4.990000,0.978000,4.450000,-0.019477,2.342682,2.634504
40.600880,4.990000,0.978000,4.450000,0.228276,2.383106,2.807626
40.611990,4.990000,0.978000,4.450000,0.228276,2.383106,2.807626
40.623100,4.990000,0.978000,4.450000,0.228276,2.383106,2.807626
40.634220,4.990000,0.978000,4.450000,,,
40.645330,4.990000,0.978000,4.450000,,,
40.656440,4.990000,0.978000,4.450000,,,
40.667550,4.990000,0.978000,4.450000,0.481750,2.389861,2.984746
40.678670,4.990000,0.978000,4.450000,0.481750,2.389861,2.984746
40.689780,4.990000,0.978000,4.450000,0.481750,2.389861,2.984746
40.700890,4.990000,0.978000,4.450000,0.481750,2.389861,2.984746
40.712000,4.990000,0.978000,4.450000,0.734724,2.360682,3.161517
40.723110,4.990000,0.978000,4.450000,0.734724,2.360682,3.161517
40.734230,4.990000,0.978000,4.450000,0.734724,2.360682,3.161517
40.745340,4.990000,0.978000,4.450000,,,
40.756450,4.990000,0.978000,4.450000,,,
40.767560,4.990000,0.978000,4.450000,,,
40.778680,4.990000,0.978000,4.450000,0.985906,2.301382,3.337939
40.789790,4.990000,0.978000,4.450000,0.985906,2.301382,3.337939
40.800900,4.990000,0.978000,4.450000,0.985906,2.301382,3.337939
40.812010,4.990000,0.978000,4.450000,1.140011,2.254395,3.445923
40.823120,4.990000,0.978000,4.450000,1.140011,2.254395,3.445923
40.834240,4.990000,0.978000,4.450000,1.140011,2.254395,3.445923
40.845350,4.990000,0.978000,4.450000,,,
40.856460,4.990000,0.978000,4.450000,,,
40.867570,4.990000,0.978000,4.450000,,,
40.878680,4.990000,0.978000,4.450000,1.140011,2.254395,3.445923
40.889800,4.990000,0.978000,4.450000,1.140011,2.254395,3.445923
40.900910,4.990000,0.978000,4.450000,1.140011,2.254395,3.445923
40.912020,4.990000,0.978000,4.450000,1.140011,2.254395,3.445923
40.923130,4.990000,0.978000,4.450000,1.140011,2.254395,3.445923
40.934250,4.990000,0.978000,4.450000,1.140011,2.254395,3.445923
40.945360,4.990000,0.978000,4.450000,1.140011,2.254395,3.445923
40.956470,4.990000,0.978000,4.450000,1.140011,2.254395,3.445923
40.967580,4.990000,0.978000,4.450000,1.140011,2.254395,3.445923
40.978690,4.990000,0.978000,4.450000,1.140011,2.254395,3.445923
40.989810,4.990000,0.978000,4.450000,1.140011,2.254395,3.445923
41.000920,4.990000,0.978000,4.450000,1.140011,2.254395,3.445923
41.012030,4.990000,0.978000,4.450000,1.140011,2.254395,3.445923
41.023140,4.990000,0.978000,4.450000,1.078105,2.297632,3.352297
41.034260,4.990000,0.978000,4.450000,1.078105,2.297632,3.352297
41.045370,4.990000,0.978000,4.450000,1.078105,2.297632,3.352297
41.056480,4.990000,0.978000,4.450000,0.943769,2.348824,3.140551
41.067590,4.990000,0.978000,4.450000,0.943769,2.348824,3.140551
41.078700,4.990000,0.978000,4.450000,0.943769,2.348824,3.140551
41.089820,4.990000,0.978000,4.450000,0.943769,2.348824,3.140551
41.100930,4.990000,0.978000,4.450000,0.943769,2.348824,3.140551
41.112040,4.990000,0.978000,4.450000,0.943769,2.348824,3.140551
41.123150,4.990000,0.978000,4.450000,0.835749,2.214386,2.947876
41.134270,4.990000,0.978000,4.450000,0.835749,2.214386,2.947876
41.145380,4.990000,0.978000,4.450000,0.835749,2.214386,2.947876
41.156490,4.990000,0.978000,4.450000,0.798688,2.107055,2.873893
41.167600,4.990000,0.978000,4.450000,0.798688,2.107055,2.873893
41.178710,4.990000,0.978000,4.450000,0.798688,2.107055,2.873893
41.189830,4.990000,0.978000,4.450000,,,
41.200940,4.990000,0.978000,4.450000,,,
41.212050,4.990000,0.978000,4.450000,,,
41.223070,4.990000,0.978000,4.450000,,,
41.234280,4.990000,0.978000,4.450000,0.798688,2.107055,2.873893
41.245390,4.990000,0.978000,4.450000,0.798688,2.107055,2.873893
41.256500,4.990000,0.978000,4.450000,0.798688,2.107055,2.873893
41.267610,4.990000,0.978000,4.450000,0.798688,2.107055,2.873893
41.278720,4.990000,0.978000,4.450000,0.798688,2.107055,2.873893
41.289840,4.990000,0.978000,4.450000,0.798688,2.107055,2.873893
41.300950,4.990000,0.978000,4.450000,,,
41.312060,4.990000,0.978000,4.450000,,,
41.323170,4.990000,0.978000,4.450000,,,
41.334290,4.990000,0.978000,4.450000,0.798688,2.107055,2.873893
41.345400,4.990000,0.978000,4.450000,0.798688,2.107055,2.873893
41.356510,4.990000,0.978000,4.450000,0.798688,2.107055,2.873893
41.367620,4.990000,0.978000,4.450000,0.714243,2.143068,2.837365
41.378730,4.990000,0.978000,4.450000,0.714243,2.143068,2.837365
41.389850,4.990000,0.978000,4.450000,0.714243,2.143068,2.837365
41.400960,4.990000,0.978000,4.450000,,,
41.412070,4.990000,0.978000,4.450000,,,
41.423180,4.990000,0.978000,4.450000,,,
41.434300,4.990000,0.978000,4.450000,0.447647,2.252388,2.722042
41.445410,4.990000,0.978000,4.450000,0.447647,2.252388,2.722042
41.456520,4.990000,0.978000,4.450000,0.447647,2.252388,2.722042
41.467630,4.990000,0.978000,4.450000,0.174072,2.340240,2.603701
41.478740,4.990000,0.978000,4.450000,0.174072,2.340240,2.603701
41.489860,4.990000,0.978000,4.450000,0.174072,2.340240,2.603701
41.500970,4.990000,0.978000,4.450000,,,
41.512080,4.990000,0.978000,4.450000,,,
41.523190,4.990000,0.978000,4.450000,,,
41.534310,4.990000,0.978000,4.450000,-0.103723,2.377251,2.483534
41.545420,4.990000,0.978000,4.450000,-0.103723,2.377251,2.483534
41.556530,4.990000,0.978000,4.450000,-0.103723,2.377251,2.483534
41.567640,4.990000,0.978000,4.450000,-0.387023,2.358733,2.360986
41.578750,4.990000,0.978000,4.450000,-0.387023,2.358733,2.360986
41.589870,4.990000,0.978000,4.450000,-0.387023,2.358733,2.360986
41.600980,4.990000,0.978000,4.450000,-0.387023,2.358733,2.360986
41.612090,4.990000,0.978000,4.450000,,,
41.623200,4.990000,0.978000,4.450000,,,
41.634320,4.990000,0.978000,4.450000,,,
41.645430,4.990000,0.978000,4.450000,-0.652045,2.307101,2.246538
41.656540,4.990000,0.978000,4.450000,-0.652045,2.307101,2.246538
41.667650,4.990000,0.978000,4.450000,-0.652045,2.307101,2.246538
41.678760,4.990000,0.978000,4.450000,-0.652045,2.307101,2.246538
41.689880,4.990000,0.978000,4.450000,-0.652045,2.307101,2.246538
41.700990,4.990000,0.978000,4.450000,-0.652045,2.307101,2.246538
41.712100,4.990000,0.978000,4.450000,,,
41.723210,4.990000,0.978000,4.450000,,,
41.734330,4.990000,0.978000,4.450000,,,
41.745440,4.990000,0.978000,4.450000,-0.652045,2.307101,2.246538
41.756550,4.990000,0.978000,4.450000,-0.652045,2.307101,2.246538
41.767660,4.990000,0.978000,4.450000,-0.652045,2.307101,2.246538
41.778770,4.990000,0.978000,4.450000,-0.652045,2.307101,2.246538
41.789890,4.990000,0.978000,4.450000,-0.652045,2.307101,2.246538
41.801000,4.990000,0.978000,4.450000,-0.652045,2.307101,2.246538
41.812110,4.990000,0.978000,4.450000,,,
41.823220,4.990000,0.978000,4.450000,,,
41.834340,4.990000,0.978000,4.450000,,,
41.845450,4.990000,0.978000,4.450000,,,
41.856560,4.990000,0.978000,4.450000,-0.631106,2.311099,2.261656
41.867670,4.990000,0.978000,4.450000,-0.631106,2.311099,2.261656
41.878780,4.990000,0.978000,4.450000,-0.631106,2.311099,2.261656
41.889900,4.990000,0.978000,4.450000,-0.386870,2.356079,2.438027
41.901010,4.990000,0.978000,4.450000,-0.386870,2.356079,2.438027
41.912120,4.990000,0.978000,4.450000,-0.386870,2.356079,2.438027
41.923230,4.990000,0.978000,4.450000,,,
41.934350,4.990000,0.978000,4.450000,,,
41.945460,4.990000,0.978000,4.450000,,,
41.956570,4.990000,0.978000,4.450000,-0.139680,2.396178,2.616784
41.967680,4.990000,0.978000,4.450000,-0.139680,2.396178,2.616784
41.978790,4.990000,0.978000,4.450000,-0.139680,2.396178,2.616784
41.989910,4.990000,0.978000,4.450000,0.104340,2.421711,2.794803
42.001020,4.990000,0.978000,4.450000,0.104340,2.421711,2.794803
42.012130,4.990000,0.978000,4.450000,0.104340,2.421711,2.794803
42.023240,4.990000,0.978000,4.450000,0.347953,2.423612,2.981988
42.034360,4.990000,0.978000,4.450000,0.347953,2.423612,2.981988
42.045470,4.990000,0.978000,4.450000,0.347953,2.423612,2.981988
42.056580,4.990000,0.978000,4.450000,0.347953,2.423612,2.981988
42.067690,4.990000,0.978000,4.450000,0.347953,2.423612,2.981988
42.078800,4.990000,0.978000,4.450000,0.347953,2.423612,2.981988
42.089920,4.990000,0.978000,4.450000,0.347953,2.423612,2.981988
42.101030,4.990000,0.978000,4.450000,0.587898,2.397351,3.171037
42.112140,4.990000,0.978000,4.450000,0.587898,2.397351,3.171037
42.123250,4.990000,0.978000,4.450000,0.587898,2.397351,3.171037
42.134370,4.990000,0.978000,4.450000,0.828330,2.345659,3.354300
42.145480,4.990000,0.978000,4.450000,0.828330,2.345659,3.354300
42.156590,4.990000,0.978000,4.450000,0.828330,2.345659,3.354300
42.167700,4.990000,0.978000,4.450000,,,
42.178810,4.990000,0.978000,4.450000,,,
42.189930,4.990000,0.978000,4.450000,,,
42.201040,4.990000,0.978000,4.450000,1.065698,2.274612,3.536304
42.212150,4.990000,0.978000,4.450000,1.065698,2.274612,3.536304
42.223260,4.990000,0.978000,4.450000,1.065698,2.274612,3.536304
42.234380,4.990000,0.978000,4.450000,1.168265,2.238485,3.617656
42.245490,4.990000,0.978000,4.450000,1.168265,2.238485,3.617656
42.256600,4.990000,0.978000,4.450000,1.168265,2.238485,3.617656
42.267710,4.990000,0.978000,4.450000,,,
42.278820,4.990000,0.978000,4.450000,,,
42.289940,4.990000,0.978000,4.450000,,,
42.301050,4.990000,0.978000,4.450000,1.168265,2.238485,3.617656
42.312160,4.990000,0.978000,4.450000,1.168265,2.238485,3.617656
42.323270,4.990000,0.978000,4.450000,1.168265,2.238485,3.617656
42.334380,4.990000,0.978000,4.450000,1.168265,2.238485,3.617656
42.345500,4.990000,0.978000,4.450000,1.168265,2.238485,3.617656
42.356610,4.990000,0.978000,4.450000,1.168265,2.238485,3.617656
42.367720,4.990000,0.978000,4.450000,,,
42.378830,4.990000,0.978000,4.450000,,,
42.389950,4.990000,0.978000,4.450000,,,
42.401060,4.990000,0.978000,4.450000,1.168265,2.238485,3.617656
42.412170,4.990000,0.978000,4.450000,1.168265,2.238485,3.617656
42.423280,4.990000,0.978000,4.450000,1.168265,2.238485,3.617656
42.434390,4.990000,0.978000,4.450000,1.081054,2.343128,3.476010
42.445510,4.990000,0.978000,4.450000,1.081054,2.343128,3.476010
42.456620,4.990000,0.978000,4.450000,1.081054,2.343128,3.476010
42.467730,4.990000,0.978000,4.450000,,,
42.478840,4.990000,0.978000,4.450000,,,
42.489960,4.990000,0.978000,4.450000,,,
42.501070,4.990000,0.978000,4.450000,,,
42.512180,4.990000,0.978000,4.450000,0.934038,2.461516,3.235903
42.523290,4.990000,0.978000,4.450000,0.934038,2.461516,3.235903
42.534400,4.990000,0.978000,4.450000,0.934038,2.461516,3.235903
42.545520,4.990000,0.978000,4.450000,0.783792,2.431055,2.981044
42.556630,4.990000,0.978000,4.450000,0.783792,2.431055,2.981044
42.567740,4.990000,0.978000,4.450000,0.783792,2.431055,2.981044
42.578850,4.990000,0.978000,4.450000,,,
42.589970,4.990000,0.978000,4.450000,,,
42.601080,4.990000,0.978000,4.450000,,,
42.612190,4.990000,0.978000,4.450000,0.690656,2.352996,2.824896
42.623300,4.990000,0.978000,4.450000,0.690656,2.352996,2.824896
42.634410,4.990000,0.978000,4.450000,0.690656,2.352996,2.824896
42.645530,4.990000,0.978000,4.450000,0.690656,2.352996,2.824896
42.656640,4.990000,0.978000,4.450000,0.690656,2.352996,2.824896
42.667750,4.990000,0.978000,4.450000,0.690656,2.352996,2.824896
42.678860,4.990000,0.978000,4.450000,,,
42.689980,4.990000,0.978000,4.450000,,,
42.701090,4.990000,0.978000,4.450000,,,
42.712200,4.990000,0.978000,4.450000,0.690656,2.352996,2.824896
42.723310,4.990000,0.978000,4.450000,0.690656,2.352996,2.824896
42.734420,4.990000,0.978000,4.450000,0.690656,2.352996,2.824896
42.745540,4.990000,0.978000,4.450000,0.690656,2.352996,2.824896
42.756650,4.990000,0.978000,4.450000,0.690656,2.352996,2.824896
42.767760,4.990000,0.978000,4.450000,0.690656,2.352996,2.824896
42.778870,4.990000,0.978000,4.450000,,,
42.789990,4.990000,0.978000,4.450000,,,
42.801100,4.990000,0.978000,4.450000,,,
42.812210,4.990000,0.978000,4.450000,0.660145,2.361729,2.812562
42.823320,4.990000,0.978000,4.450000,0.660145,2.361729,2.812562
42.834430,4.990000,0.978000,4.450000,0.660145,2.361729,2.812562
42.845550,4.990000,0.978000,4.450000,0.384400,2.433690,2.703501
42.856660,4.990000,0.978000,4.450000,0.384400,2.433690,2.703501
42.867770,4.990000,0.978000,4.450000,0.384400,2.433690,2.703501
42.878880,4.990000,0.978000,4.450000,0.384400,2.433690,2.703501
42.890000,4.990000,0.978000,4.450000,,,
42.901110,4.990000,0.978000,4.450000,,,
42.912220,4.990000,0.978000,4.450000,,,
42.923330,4.990000,0.978000,4.450000,0.100941,2.468159,2.592847
42.934440,4.990000,0.978000,4.450000,0.100941,2.468159,2.592847
42.945560,4.990000,0.978000,4.450000,0.100941,2.468159,2.592847
42.956670,4.990000,0.978000,4.450000,-0.180440,2.420320,2.488666
42.967780,4.990000,0.978000,4.450000,-0.180440,2.420320,2.488666
42.978890,4.990000,0.978000,4.450000,-0.180440,2.420320,2.488666
42.990010,4.990000,0.978000,4.450000,,,
43.001120,4.990000,0.978000,4.450000,,,
43.012230,4.990000,0.978000,4.450000,,,
43.023270,,,,-0.448146,2.295062,2.395564
43.034450,4.990000,0.978000,4.450000,-0.448146,2.295062,2.395564
43.045570,4.990000,0.978000,4.450000,-0.448146,2.295062,2.395564
43.056680,4.990000,0.978000,4.450000,-0.618797,2.188783,2.346146
43.067790,4.990000,0.978000,4.450000,-0.618797,2.188783,2.346146
43.078900,4.990000,0.978000,4.450000,-0.618797,2.188783,2.346146
43.090020,4.990000,0.978000,4.450000,,,
43.101130,4.990000,0.978000,4.450000,,,
43.112240,4.990000,0.978000,4.450000,,,
43.123350,4.990000,0.978000,4.450000,-0.618797,2.188783,2.346146
43.134460,4.990000,0.978000,4.450000,-0.618797,2.188783,2.346146
43.145580,4.990000,0.978000,4.450000,-0.618797,2.188783,2.346146
43.156690,4.990000,0.978000,4.450000,-0.618797,2.188783,2.346146
43.167800,4.990000,0.978000,4.450000,-0.618797,2.188783,2.346146
43.178910,4.990000,0.978000,4.450000,-0.618797,2.188783,2.346146
43.190030,4.990000,0.978000,4.450000,,,
43.201140,4.990000,0.978000,4.450000,,,
43.212250,4.990000,0.978000,4.450000,,,
43.223360,4.990000,0.978000,4.450000,-0.618797,2.188783,2.346146
43.234470,4.990000,0.978000,4.450000,-0.618797,2.188783,2.346146
43.245590,4.990000,0.978000,4.450000,-0.618797,2.188783,2.346146
43.256700,4.990000,0.978000,4.450000,-0.546485,2.218428,2.406139
43.267810,4.990000,0.978000,4.450000,-0.546485,2.218428,2.406139
43.278920,4.990000,0.978000,4.450000,-0.546485,2.218428,2.406139
43.290040,4.990000,0.978000,4.450000,,,
43.301150,4.990000,0.978000,4.450000,,,
43.312260,4.990000,0.978000,4.450000,,,
43.323370,4.990000,0.978000,4.450000,,,
43.334480,4.990000,0.978000,4.450000,-0.321412,2.306963,2.592975
43.345600,4.990000,0.978000,4.450000,-0.321412,2.306963,2.592975
43.356710,4.990000,0.978000,4.450000,-0.321412,2.306963,2.592975
43.367820,4.990000,0.978000,4.450000,-0.094868,2.383158,2.781070
43.378930,4.990000,0.978000,4.450000,-0.094868,2.383158,2.781070
43.390050,4.990000,0.978000,4.450000,-0.094868,2.383158,2.781070
43.401160,4.990000,0.978000,4.450000,0.115985,2.431154,2.956137
43.412270,4.990000,0.978000,4.450000,0.115985,2.431154,2.956137
43.423380,4.990000,0.978000,4.450000,0.115985,2.431154,2.956137
43.434490,4.990000,0.978000,4.450000,0.115985,2.431154,2.956137
43.445610,4.990000,0.978000,4.450000,0.115985,2.431154,2.956137
43.456720,4.990000,0.978000,4.450000,0.115985,2.431154,2.956137
43.467830,4.990000,0.978000,4.450000,0.372251,2.449792,3.159463
43.478940,4.990000,0.978000,4.450000,0.372251,2.449792,3.159463
43.490060,4.990000,0.978000,4.450000,0.372251,2.449792,3.159463
43.501170,4.990000,0.978000,4.450000,0.623457,2.424204,3.342871
43.512280,4.990000,0.978000,4.450000,0.623457,2.424204,3.342871
43.523390,4.990000,0.978000,4.450000,0.623457,2.424204,3.342871
43.534500,4.990000,0.978000,4.450000,0.623457,2.424204,3.342871
43.545620,4.990000,0.978000,4.450000,0.623457,2.424204,3.342871
43.556730,4.990000,0.978000,4.450000,0.623457,2.424204,3.342871
43.567840,4.990000,0.978000,4.450000,0.876090,2.359876,3.515494
43.578950,4.990000,0.978000,4.450000,0.876090,2.359876,3.515494
43.590070,4.990000,0.978000,4.450000,0.876090,2.359876,3.515494
43.601180,4.990000,0.978000,4.450000,0.876090,2.359876,3.515494
43.612290,4.990000,0.978000,4.450000,1.039589,2.304950,3.628071
43.623400,4.990000,0.978000,4.450000,1.039589,2.304950,3.628071
43.634510,4.990000,0.978000,4.450000,1.039589,2.304950,3.628071
43.645630,4.990000,0.978000,4.450000,1.039589,2.304950,3.628071
43.656740,4.990000,0.978000,4.450000,1.039589,2.304950,3.628071
43.667850,4.990000,0.978000,4.450000,1.039589,2.304950,3.628071
43.678960,4.990000,0.978000,4.450000,1.039589,2.304950,3.628071
43.690070,4.990000,0.978000,4.450000,1.039589,2.304950,3.628071
43.701190,4.990000,0.978000,4.450000,1.039589,2.304950,3.628071
43.712300,4.990000,0.978000,4.450000,1.039589,2.304950,3.628071
43.723410,4.990000,0.978000,4.450000,1.039589,2.304950,3.628071
43.734520,4.990000,0.978000,4.450000,1.039589,2.304950,3.628071
43.745640,4.990000,0.978000,4.450000,,,
43.756750,4.990000,0.978000,4.450000,,,
43.767860,4.990000,0.978000,4.450000,,,
43.778970,4.990000,0.978000,4.450000,1.039589,2.304950,3.628071
43.790080,4.990000,0.978000,4.450000,1.039589,2.304950,3.628071
43.801200,4.990000,0.978000,4.450000,1.039589,2.304950,3.628071
43.812310,4.990000,0.978000,4.450000,0.997006,2.332014,3.518325
43.823420,4.990000,0.978000,4.450000,0.997006,2.332014,3.518325
43.834530,4.990000,0.978000,4.450000,0.997006,2.332014,3.518325
43.845650,4.990000,0.978000,4.450000,,,
43.856760,4.990000,0.978000,4.450000,,,
43.867870,4.990000,0.978000,4.450000,,,
43.878980,4.990000,0.978000,4.450000,0.887039,2.387407,3.234923
43.890090,4.990000,0.978000,4.450000,0.887039,2.387407,3.234923
43.901210,4.990000,0.978000,4.450000,0.887039,2.387407,3.234923
43.912320,4.990000,0.978000,4.450000,0.887039,2.387407,3.234923
43.923430,4.990000,0.978000,4.450000,0.776422,2.376800,2.949767
43.934540,4.990000,0.978000,4.450000,0.776422,2.376800,2.949767
43.945660,4.990000,0.978000,4.450000,0.776422,2.376800,2.949767
43.956770,4.990000,0.978000,4.450000,,,
43.967880,4.990000,0.978000,4.450000,,,
43.978990,4.990000,0.978000,4.450000,,,
43.990100,4.990000,0.978000,4.450000,0.672342,2.277378,2.681448
44.001220,4.990000,0.978000,4.450000,0.672342,2.277378,2.681448
44.012330,4.990000,0.978000,4.450000,0.672342,2.277378,2.681448
44.023440,4.990000,0.978000,4.450000,0.576060,2.127775,2.433262
44.034550,4.990000,0.978000,4.450000,0.576060,2.127775,2.433262
44.045620,,,,0.576060,2.127775,2.433262
44.056780,4.990000,0.978000,4.450000,,,
44.067890,4.990000,0.978000,4.450000,,,
44.079000,4.990000,0.978000,4.450000,,,
44.090110,4.990000,0.978000,4.450000,0.564025,2.107249,2.402240
44.101230,4.990000,0.978000,4.450000,0.564025,2.107249,2.402240
44.112340,4.990000,0.978000,4.450000,0.564025,2.107249,2.402240
44.123450,4.990000,0.978000,4.450000,0.564025,2.107249,2.402240
44.134560,4.990000,0.978000,4.450000,0.564025,2.107249,2.402240
44.145680,4.990000,0.978000,4.450000,0.564025,2.107249,2.402240
44.156790,4.990000,0.978000,4.450000,,,
44.167900,4.990000,0.978000,4.450000,,,
44.179010,4.990000,0.978000,4.450000,,,
44.190120,4.990000,0.978000,4.450000,0.564025,2.107249,2.402240
44.201240,4.990000,0.978000,4.450000,0.564025,2.107249,2.402240
44.212350,4.990000,0.978000,4.450000,0.564025,2.107249,2.402240
44.223460,4.990000,0.978000,4.450000,0.564025,2.107249,2.402240
44.234570,4.990000,0.978000,4.450000,0.564025,2.107249,2.402240
44.245690,4.990000,0.978000,4.450000,0.564025,2.107249,2.402240
44.256800,4.990000,0.978000,4.450000,,,
44.267910,4.990000,0.978000,4.450000,,,
44.279020,4.990000,0.978000,4.450000,,,
44.290130,4.990000,0.978000,4.450000,0.305631,2.212540,2.428151
44.301250,4.990000,0.978000,4.450000,0.305631,2.212540,2.428151
44.312360,4.990000,0.978000,4.450000,0.305631,2.212540,2.428151
44.323470,4.990000,0.978000,4.450000,0.009501,2.307465,2.457885
44.334580,4.990000,0.978000,4.450000,0.009501,2.307465,2.457885
44.345700,4.990000,0.978000,4.450000,0.009501,2.307465,2.457885
44.356810,4.990000,0.978000,4.450000,0.009501,2.307465,2.457885
44.367920,4.990000,0.978000,4.450000,,,
44.379030,4.990000,0.978000,4.450000,,,
44.390140,4.990000,0.978000,4.450000,,,
44.401260,4.990000,0.978000,4.450000,-0.292536,2.330609,2.488663
44.412370,4.990000,0.978000,4.450000,-0.292536,2.330609,2.488663
44.423480,4.990000,0.978000,4.450000,-0.292536,2.330609,2.488663
44.434590,4.990000,0.978000,4.450000,-0.597966,2.277670,2.519602
44.445710,4.990000,0.978000,4.450000,-0.597966,2.277670,2.519602
44.456820,4.990000,0.978000,4.450000,-0.597966,2.277670,2.519602
44.467930,4.990000,0.978000,4.450000,,,
44.479040,4.990000,0.978000,4.450000,,,
44.490150,4.990000,0.978000,4.450000,,,
44.501270,4.990000,0.978000,4.450000,-0.760288,2.232365,2.536016
44.512380,4.990000,0.978000,4.450000,-0.760288,2.232365,2.536016
44.523490,4.990000,0.978000,4.450000,-0.760288,2.232365,2.536016
44.534600,4.990000,0.978000,4.450000,-0.760288,2.232365,2.536016
44.545720,4.990000,0.978000,4.450000,-0.760288,2.232365,2.536016
44.556830,4.990000,0.978000,4.450000,-0.760288,2.232365,2.536016
44.567940,4.990000,0.978000,4.450000,,,
44.579050,4.990000,0.978000,4.450000,,,
44.590160,4.990000,0.978000,4.450000,,,
44.601280,4.990000,0.978000,4.450000,-0.760288,2.232365,2.536016
44.612390,4.990000,0.978000,4.450000,-0.760288,2.232365,2.536016
44.623500,4.990000,0.978000,4.450000,-0.760288,2.232365,2.536016
44.634610,4.990000,0.978000,4.450000,-0.760288,2.232365,2.536016
44.645730,4.990000,0.978000,4.450000,-0.760288,2.232365,2.536016
44.656840,4.990000,0.978000,4.450000,-0.760288,2.232365,2.536016
44.667950,4.990000,0.978000,4.450000,,,
44.679060,4.990000,0.978000,4.450000,,,
44.690170,4.990000,0.978000,4.450000,,,
44.701290,4.990000,0.978000,4.450000,-0.620456,2.260386,2.582969
44.712400,4.990000,0.978000,4.450000,-0.620456,2.260386,2.582969
44.723510,4.990000,0.978000,4.450000,-0.620456,2.260386,2.582969
44.734610,4.990000,0.978000,4.450000,,,
44.745740,4.990000,0.978000,4.450000,-0.331377,2.313691,2.680972
44.756850,4.990000,0.978000,4.450000,-0.331377,2.313691,2.680972
44.767960,4.990000,0.978000,4.450000,-0.331377,2.313691,2.680972
44.779070,4.990000,0.978000,4.450000,,,
44.790180,4.990000,0.978000,4.450000,,,
44.801300,4.990000,0.978000,4.450000,,,
44.812410,4.990000,0.978000,4.450000,-0.044027,2.351029,2.780431
44.823520,4.990000,0.978000,4.450000,-0.044027,2.351029,2.780431
44.834630,4.990000,0.978000,4.450000,-0.044027,2.351029,2.780431
44.845750,4.990000,0.978000,4.450000,0.240479,2.357551,2.878388
44.856860,4.990000,0.978000,4.450000,0.240479,2.357551,2.878388
44.867970,4.990000,0.978000,4.450000,0.240479,2.357551,2.878388
44.879080,4.990000,0.978000,4.450000,,,
44.890190,4.990000,0.978000,4.450000,,,
44.901310,4.990000,0.978000,4.450000,,,
44.912420,4.990000,0.978000,4.450000,0.524034,2.326629,2.976396
44.923530,4.990000,0.978000,4.450000,0.524034,2.326629,2.976396
44.934640,4.990000,0.978000,4.450000,0.524034,2.326629,2.976396
44.945760,4.990000,0.978000,4.450000,0.801821,2.263415,3.072092
44.956870,4.990000,0.978000,4.450000,0.801821,2.263415,3.072092
44.967980,4.990000,0.978000,4.450000,0.801821,2.263415,3.072092
44.979090,4.990000,0.978000,4.450000,,,
44.990200,4.990000,0.978000,4.450000,,,
45.001320,4.990000,0.978000,4.450000,,,
45.012430,4.990000,0.978000,4.450000,1.076739,2.178933,3.169770
45.023540,4.990000,0.978000,4.450000,1.076739,2.178933,3.169770
45.034650,4.990000,0.978000,4.450000,1.076739,2.178933,3.169770
45.045760,4.990000,0.978000,4.450000,1.122460,2.163813,3.186412
45.056880,4.990000,0.978000,4.450000,1.122460,2.163813,3.186412
45.067990,4.990000,0.978000,4.450000,1.122460,2.163813,3.186412
45.079100,4.990000,0.978000,4.450000,,,
45.090210,4.990000,0.978000,4.450000,,,
45.101330,4.990000,0.978000,4.450000,,,
45.112440,4.990000,0.978000,4.450000,1.122460,2.163813,3.186412
45.123550,4.990000,0.978000,4.450000,1.122460,2.163813,3.186412
45.134660,4.990000,0.978000,4.450000,1.122460,2.163813,3.186412
45.145770,4.990000,0.978000,4.450000,1.122460,2.163813,3.186412
45.156890,4.990000,0.978000,4.450000,1.122460,2.163813,3.186412
45.168000,4.990000,0.978000,4.450000,1.122460,2.163813,3.186412
45.179110,4.990000,0.978000,4.450000,1.122460,2.163813,3.186412
45.190220,4.990000,0.978000,4.450000,,,
45.201340,4.990000,0.978000,4.450000,,,
45.212450,4.990000,0.978000,4.450000,,,
45.223560,4.990000,0.978000,4.450000,1.122460,2.163813,3.186412
45.234670,4.990000,0.978000,4.450000,1.122460,2.163813,3.186412
45.245780,4.990000,0.978000,4.450000,1.122460,2.163813,3.186412
45.256900,4.990000,0.978000,4.450000,1.000576,2.319116,3.001419
45.268010,4.990000,0.978000,4.450000,1.000576,2.319116,3.001419
45.279120,4.990000,0.978000,4.450000,1.000576,2.319116,3.001419
45.290230,4.990000,0.978000,4.450000,,,
45.301350,4.990000,0.978000,4.450000,,,
45.312460,4.990000,0.978000,4.450000,,,
45.323570,4.990000,0.978000,4.450000,0.835957,2.410153,2.774748
45.334680,4.990000,0.978000,4.450000,0.835957,2.410153,2.774748
45.345790,4.990000,0.978000,4.450000,0.835957,2.410153,2.774748
45.356910,4.990000,0.978000,4.450000,0.718306,2.346072,2.637211
45.368020,4.990000,0.978000,4.450000,0.718306,2.346072,2.637211
45.379130,4.990000,0.978000,4.450000,0.718306,2.346072,2.637211
45.390240,4.990000,0.978000,4.450000,,,
45.401360,4.990000,0.978000,4.450000,,,
45.412470,4.990000,0.978000,4.450000,,,
45.423580,4.990000,0.978000,4.450000,0.688449,2.321986,2.601364
45.434690,4.990000,0.978000,4.450000,0.688449,2.321986,2.601364
45.445800,4.990000,0.978000,4.450000,0.688449,2.321986,2.601364
45.456920,4.990000,0.978000,4.450000,0.688449,2.321986,2.601364
45.468030,4.990000,0.978000,4.450000,0.688449,2.321986,2.601364
45.479140,4.990000,0.978000,4.450000,0.688449,2.321986,2.601364
45.490250,4.990000,0.978000,4.450000,,,
45.501370,4.990000,0.978000,4.450000,,,
45.512480,4.990000,0.978000,4.450000,,,
45.523590,4.990000,0.978000,4.450000,0.688449,2.321986,2.601364
45.534700,4.990000,0.978000,4.450000,0.688449,2.321986,2.601364
45.545810,4.990000,0.978000,4.450000,0.688449,2.321986,2.601364
45.556930,4.990000,0.978000,4.450000,0.688449,2.321986,2.601364
45.568040,4.990000,0.978000,4.450000,0.688449,2.321986,2.601364
45.579150,4.990000,0.978000,4.450000,0.688449,2.321986,2.601364
45.590260,4.990000,0.978000,4.450000,0.688449,2.321986,2.601364
45.601380,4.990000,0.978000,4.450000,,,
45.612490,4.990000,0.978000,4.450000,,,
45.623600,4.990000,0.978000,4.450000,,,
45.634710,4.990000,0.978000,4.450000,0.466905,2.384269,2.558934
45.645820,4.990000,0.978000,4.450000,0.466905,2.384269,2.558934
45.656940,4.990000,0.978000,4.450000,0.466905,2.384269,2.558934
45.668050,4.990000,0.978000,4.450000,0.168718,2.455896,2.501826
45.679160,4.990000,0.978000,4.450000,0.168718,2.455896,2.501826
45.690270,4.990000,0.978000,4.450000,0.168718,2.455896,2.501826
45.701390,4.990000,0.978000,4.450000,,,
45.712500,4.990000,0.978000,4.450000,,,
45.723610,4.990000,0.978000,4.450000,,,
45.734720,4.990000,0.978000,4.450000,-0.127850,2.492170,2.445028
45.745830,4.990000,0.978000,4.450000,-0.127850,2.492170,2.445028
45.756950,4.990000,0.978000,4.450000,-0.127850,2.492170,2.445028
45.768060,4.990000,0.978000,4.450000,-0.434037,2.474535,2.386388
45.779170,4.990000,0.978000,4.450000,-0.434037,2.474535,2.386388
45.790280,4.990000,0.978000,4.450000,-0.434037,2.474535,2.386388
45.801400,4.990000,0.978000,4.450000,,,
45.812510,4.990000,0.978000,4.450000,,,
45.823620,4.990000,0.978000,4.450000,,,
45.834730,4.990000,0.978000,4.450000,-0.723311,2.405868,2.330987
45.845840,4.990000,0.978000,4.450000,-0.723311,2.405868,2.330987
45.856960,4.990000,0.978000,4.450000,-0.723311,2.405868,2.330987
45.868070,4.990000,0.978000,4.450000,-1.008611,2.300793,2.276347
45.879180,4.990000,0.978000,4.450000,-1.008611,2.300793,2.276347
45.890290,4.990000,0.978000,4.450000,-1.008611,2.300793,2.276347
45.901410,4.990000,0.978000,4.450000,-1.008611,2.300793,2.276347
45.912520,4.990000,0.978000,4.450000,,,
45.923630,4.990000,0.978000,4.450000,,,
45.934740,4.990000,0.978000,4.450000,,,
45.945850,4.990000,0.978000,4.450000,-1.019758,2.296200,2.274212
45.956970,4.990000,0.978000,4.450000,-1.019758,2.296200,2.274212
45.968080,4.990000,0.978000,4.450000,-1.019758,2.296200,2.274212
45.979190,4.990000,0.978000,4.450000,-1.019758,2.296200,2.274212
45.990300,4.990000,0.978000,4.450000,-1.019758,2.296200,2.274212
46.001420,4.990000,0.978000,4.450000,-1.019758,2.296200,2.274212
46.012530,4.990000,0.978000,4.450000,,,
46.023640,4.990000,0.978000,4.450000,,,
46.034750,4.990000,0.978000,4.450000,,,
46.045860,4.990000,0.978000,4.450000,-1.019758,2.296200,2.274212
46.056980,4.990000,0.978000,4.450000,-1.019758,2.296200,2.274212
46.068090,4.990000,0.978000,4.450000,-1.019758,2.296200,2.274212
46.079200,4.990000,0.978000,4.450000,-0.999359,2.302120,2.286783
46.090310,4.990000,0.978000,4.450000,-0.999359,2.302120,2.286783
46.101430,4.990000,0.978000,4.450000,-0.999359,2.302120,2.286783
46.112540,4.990000,0.978000,4.450000,,,
46.123650,4.990000,0.978000,4.450000,,,
46.134760,4.990000,0.978000,4.450000,,,
46.145870,4.990000,0.978000,4.450000,-0.749514,2.373042,2.441909
46.156990,4.990000,0.978000,4.450000,-0.749514,2.373042,2.441909
46.168100,4.990000,0.978000,4.450000,-0.749514,2.373042,2.441909
46.179210,4.990000,0.978000,4.450000,-0.497585,2.439027,2.600228
46.190320,4.990000,0.978000,4.450000,-0.497585,2.439027,2.600228
46.201440,4.990000,0.978000,4.450000,-0.497585,2.439027,2.600228
46.212550,4.990000,0.978000,4.450000,,,
46.223660,4.990000,0.978000,4.450000,,,
46.234770,4.990000,0.978000,4.450000,,,
46.245880,4.990000,0.978000,4.450000,-0.241676,2.491341,2.765296
46.257000,4.990000,0.978000,4.450000,-0.241676,2.491341,2.765296
46.268110,4.990000,0.978000,4.450000,-0.241676,2.491341,2.765296
46.279220,4.990000,0.978000,4.450000,0.006702,2.517473,2.934803
46.290330,4.990000,0.978000,4.450000,0.006702,2.517473,2.934803
46.301450,4.990000,0.978000,4.450000,0.006702,2.517473,2.934803
46.312560,4.990000,0.978000,4.450000,,,
46.323670,4.990000,0.978000,4.450000,,,
46.334780,4.990000,0.978000,4.450000,,,
46.345890,4.990000,0.978000,4.450000,,,
46.357010,4.990000,0.978000,4.450000,0.257935,2.511407,3.110919
46.368120,4.990000,0.978000,4.450000,0.257935,2.511407,3.110919
46.379230,4.990000,0.978000,4.450000,0.257935,2.511407,3.110919
46.390340,4.990000,0.978000,4.450000,0.503349,2.473777,3.289396
46.401450,4.990000,0.978000,4.450000,0.503349,2.473777,3.289396
46.412570,4.990000,0.978000,4.450000,0.503349,2.473777,3.289396
46.423680,4.990000,0.978000,4.450000,,,
46.434790,4.990000,0.978000,4.450000,,,
46.445900,4.990000,0.978000,4.450000,,,
46.457020,4.990000,0.978000,4.450000,0.735799,2.411580,3.476159
46.468130,4.990000,0.978000,4.450000,0.735799,2.411580,3.476159
46.479240,4.990000,0.978000,4.450000,0.735799,2.411580,3.476159
46.490350,4.990000,0.978000,4.450000,0.838324,2.377995,3.562794
46.501460,4.990000,0.978000,4.450000,0.838324,2.377995,3.562794
46.512580,4.990000,0.978000,4.450000,0.838324,2.377995,3.562794
46.523690,4.990000,0.978000,4.450000,,,
46.534800,4.990000,0.978000,4.450000,,,
46.545910,4.990000,0.978000,4.450000,,,
46.557030,4.990000,0.978000,4.450000,0.838324,2.377995,3.562794
46.568140,4.990000,0.978000,4.450000,0.838324,2.377995,3.562794
46.579250,4.990000,0.978000,4.450000,0.838324,2.377995,3.562794
46.590360,4.990000,0.978000,4.450000,0.838324,2.377995,3.562794
46.601470,4.990000,0.978000,4.450000,0.838324,2.377995,3.562794
46.612590,4.990000,0.978000,4.450000,0.838324,2.377995,3.562794
46.623700,4.990000,0.978000,4.450000,,,
46.634810,4.990000,0.978000,4.450000,,,
46.645920,4.990000,0.978000,4.450000,,,
46.657040,4.990000,0.978000,4.450000,0.838324,2.377995,3.562794
46.668150,4.990000,0.978000,4.450000,0.838324,2.377995,3.562794
46.679260,4.990000,0.978000,4.450000,0.838324,2.377995,3.562794
46.690370,4.990000,0.978000,4.450000,0.699861,2.416572,3.441655
46.701480,4.990000,0.978000,4.450000,0.699861,2.416572,3.441655
46.712540,,,,0.699861,2.416572,3.441655
46.723710,4.990000,0.978000,4.450000,0.699861,2.416572,3.441655
46.734820,4.990000,0.978000,4.450000,,,
46.745930,4.990000,0.978000,4.450000,,,
46.757050,4.990000,0.978000,4.450000,,,
46.768160,4.990000,0.978000,4.450000,0.462924,2.459105,3.248310
46.779270,4.990000,0.978000,4.450000,0.462924,2.459105,3.248310
46.790380,4.990000,0.978000,4.450000,0.462924,2.459105,3.248310
46.801490,4.990000,0.978000,4.450000,0.224337,2.432938,3.067563
46.812610,4.990000,0.978000,4.450000,0.224337,2.432938,3.067563
46.823720,4.990000,0.978000,4.450000,0.224337,2.432938,3.067563
46.834830,4.990000,0.978000,4.450000,,,
46.845940,4.990000,0.978000,4.450000,,,
46.857060,4.990000,0.978000,4.450000,,,
46.868170,4.990000,0.978000,4.450000,-0.009597,2.334168,2.905937
46.879280,4.990000,0.978000,4.450000,-0.009597,2.334168,2.905937
46.890390,4.990000,0.978000,4.450000,-0.009597,2.334168,2.905937
46.901500,4.990000,0.978000,4.450000,-0.238205,2.193979,2.760457
46.912620,4.990000,0.978000,4.450000,-0.238205,2.193979,2.760457
46.923730,4.990000,0.978000,4.450000,-0.238205,2.193979,2.760457
46.934840,4.990000,0.978000,4.450000,,,
46.945950,4.990000,0.978000,4.450000,,,
46.957070,4.990000,0.978000,4.450000,,,
46.968180,4.990000,0.978000,4.450000,-0.280964,2.165560,2.733176
46.979290,4.990000,0.978000,4.450000,-0.280964,2.165560,2.733176
46.990400,4.990000,0.978000,4.450000,-0.280964,2.165560,2.733176
47.001510,4.990000,0.978000,4.450000,-0.280964,2.165560,2.733176
47.012630,4.990000,0.978000,4.450000,-0.280964,2.165560,2.733176
47.023740,4.990000,0.978000,4.450000,-0.280964,2.165560,2.733176
47.034850,4.990000,0.978000,4.450000,,,
47.045960,4.990000,0.978000,4.450000,,,
47.057080,4.990000,0.978000,4.450000,,,
47.068190,4.990000,0.978000,4.450000,-0.280964,2.165560,2.733176
47.079300,4.990000,0.978000,4.450000,-0.280964,2.165560,2.733176
47.090410,4.990000,0.978000,4.450000,-0.280964,2.165560,2.733176
47.101520,4.990000,0.978000,4.450000,-0.280964,2.165560,2.733176
47.112640,4.990000,0.978000,4.450000,-0.280964,2.165560,2.733176
47.123750,4.990000,0.978000,4.450000,-0.280964,2.165560,2.733176
47.134860,4.990000,0.978000,4.450000,,,
47.145970,4.990000,0.978000,4.450000,,,
47.157090,4.990000,0.978000,4.450000,,,
47.168200,4.990000,0.978000,4.450000,,,
47.179310,4.990000,0.978000,4.450000,-0.511620,2.287263,2.720751
47.190420,4.990000,0.978000,4.450000,-0.511620,2.287263,2.720751
47.201530,4.990000,0.978000,4.450000,-0.511620,2.287263,2.720751
47.212650,4.990000,0.978000,4.450000,-0.769174,2.289331,2.715455
47.223760,4.990000,0.978000,4.450000,-0.769174,2.289331,2.715455
47.234870,4.990000,0.978000,4.450000,-0.769174,2.289331,2.715455
47.245980,4.990000,0.978000,4.450000,,,
47.257100,4.990000,0.978000,4.450000,,,
47.268210,4.990000,0.978000,4.450000,,,
47.279320,4.990000,0.978000,4.450000,-0.942771,2.179460,2.730321
47.290430,4.990000,0.978000,4.450000,-0.942771,2.179460,2.730321
47.301540,4.990000,0.978000,4.450000,-0.942771,2.179460,2.730321
47.312660,4.990000,0.978000,4.450000,-0.979874,2.151852,2.734037
47.323770,4.990000,0.978000,4.450000,-0.979874,2.151852,2.734037
47.334880,4.990000,0.978000,4.450000,-0.979874,2.151852,2.734037
47.345990,4.990000,0.978000,4.450000,,,
47.357110,4.990000,0.978000,4.450000,,,
47.368220,4.990000,0.978000,4.450000,,,
47.379330,4.990000,0.978000,4.450000,-0.979874,2.151852,2.734037
47.390440,4.990000,0.978000,4.450000,-0.979874,2.151852,2.734037
47.401550,4.990000,0.978000,4.450000,-0.979874,2.151852,2.734037
47.412670,4.990000,0.978000,4.450000,-0.979874,2.151852,2.734037
47.423780,4.990000,0.978000,4.450000,-0.979874,2.151852,2.734037
47.434890,4.990000,0.978000,4.450000,-0.979874,2.151852,2.734037
47.446000,4.990000,0.978000,4.450000,,,
47.457120,4.990000,0.978000,4.450000,,,
47.468230,4.990000,0.978000,4.450000,,,
47.479340,4.990000,0.978000,4.450000,-0.979874,2.151852,2.734037
47.490450,4.990000,0.978000,4.450000,-0.979874,2.151852,2.734037
47.501560,4.990000,0.978000,4.450000,-0.979874,2.151852,2.734037
47.512680,4.990000,0.978000,4.450000,-0.765743,2.212794,2.875283
47.523790,4.990000,0.978000,4.450000,-0.765743,2.212794,2.875283
47.534900,4.990000,0.978000,4.450000,-0.765743,2.212794,2.875283
47.546010,4.990000,0.978000,4.450000,,,
47.557130,4.990000,0.978000,4.450000,,,
47.568240,4.990000,0.978000,4.450000,,,
47.579350,4.990000,0.978000,4.450000,-0.502595,2.277388,3.048462
47.590460,4.990000,0.978000,4.450000,-0.502595,2.277388,3.048462
47.601570,4.990000,0.978000,4.450000,-0.502595,2.277388,3.048462
47.612690,4.990000,0.978000,4.450000,-0.247236,2.314534,3.216552
47.623800,4.990000,0.978000,4.450000,-0.247236,2.314534,3.216552
47.634910,4.990000,0.978000,4.450000,-0.247236,2.314534,3.216552
47.646020,4.990000,0.978000,4.450000,-0.247236,2.314534,3.216552
47.657140,4.990000,0.978000,4.450000,,,
47.668250,4.990000,0.978000,4.450000,,,
47.679360,4.990000,0.978000,4.450000,,,
47.690470,4.990000,0.978000,4.450000,0.003325,2.313661,3.381046
47.701580,4.990000,0.978000,4.450000,0.003325,2.313661,3.381046
47.712700,4.990000,0.978000,4.450000,0.003325,2.313661,3.381046
47.723810,4.990000,0.978000,4.450000,0.258403,2.272123,3.548543
47.734920,4.990000,0.978000,4.450000,0.258403,2.272123,3.548543
47.746030,4.990000,0.978000,4.450000,0.258403,2.272123,3.548543
47.757140,4.990000,0.978000,4.450000,,,
47.768260,4.990000,0.978000,4.450000,,,
47.779370,4.990000,0.978000,4.450000,,,
47.790480,4.990000,0.978000,4.450000,0.509781,2.197780,3.713776
47.801590,4.990000,0.978000,4.450000,0.509781,2.197780,3.713776
47.812710,4.990000,0.978000,4.450000,0.509781,2.197780,3.713776
47.823820,4.990000,0.978000,4.450000,0.678119,2.136184,3.823553
47.834930,4.990000,0.978000,4.450000,0.678119,2.136184,3.823553
47.846040,4.990000,0.978000,4.450000,0.678119,2.136184,3.823553
47.857150,4.990000,0.978000,4.450000,0.678119,2.136184,3.823553
47.868270,4.990000,0.978000,4.450000,0.678119,2.136184,3.823553
47.879380,4.990000,0.978000,4.450000,0.678119,2.136184,3.823553
47.890490,4.990000,0.978000,4.450000,0.678119,2.136184,3.823553
47.901600,4.990000,0.978000,4.450000,0.678119,2.136184,3.823553
47.912720,4.990000,0.978000,4.450000,0.678119,2.136184,3.823553
47.923830,4.990000,0.978000,4.450000,0.678119,2.136184,3.823553
47.934940,4.990000,0.978000,4.450000,0.678119,2.136184,3.823553
47.946050,4.990000,0.978000,4.450000,0.678119,2.136184,3.823553
47.957160,4.990000,0.978000,4.450000,,,
47.968280,4.990000,0.978000,4.450000,,,
47.979390,4.990000,0.978000,4.450000,,,
47.990500,4.990000,0.978000,4.450000,,,
48.001610,4.990000,0.978000,4.450000,0.678119,2.136184,3.823553
48.012730,4.990000,0.978000,4.450000,0.678119,2.136184,3.823553
48.023840,4.990000,0.978000,4.450000,0.678119,2.136184,3.823553
48.034950,4.990000,0.978000,4.450000,0.602614,2.177760,3.742012
48.046060,4.990000,0.978000,4.450000,0.602614,2.177760,3.742012
48.057170,4.990000,0.978000,4.450000,0.602614,2.177760,3.742012
48.068290,4.990000,0.978000,4.450000,,,
48.079400,4.990000,0.978000,4.450000,,,
48.090510,4.990000,0.978000,4.450000,,,
48.101620,4.990000,0.978000,4.450000,0.405526,2.280296,3.529470
48.112740,4.990000,0.978000,4.450000,0.405526,2.280296,3.529470
48.123850,4.990000,0.978000,4.450000,0.405526,2.280296,3.529470
48.134960,4.990000,0.978000,4.450000,0.202316,2.352982,3.311297
48.146070,4.990000,0.978000,4.450000,0.202316,2.352982,3.311297
48.157180,4.990000,0.978000,4.450000,0.202316,2.352982,3.311297
48.168300,4.990000,0.978000,4.450000,,,
48.179410,4.990000,0.978000,4.450000,,,
48.190520,4.990000,0.978000,4.450000,,,
48.201630,4.990000,0.978000,4.450000,-0.006963,2.363080,3.086317
48.212750,4.990000,0.978000,4.450000,-0.006963,2.363080,3.086317
48.223860,4.990000,0.978000,4.450000,-0.006963,2.363080,3.086317
48.234970,4.990000,0.978000,4.450000,-0.214823,2.314907,2.865283
48.246080,4.990000,0.978000,4.450000,-0.214823,2.314907,2.865283
48.257190,4.990000,0.978000,4.450000,-0.214823,2.314907,2.865283
48.268310,4.990000,0.978000,4.450000,-0.330959,2.273506,2.741105
48.279420,4.990000,0.978000,4.450000,-0.330959,2.273506,2.741105
48.290530,4.990000,0.978000,4.450000,-0.330959,2.273506,2.741105
48.301640,4.990000,0.978000,4.450000,-0.330959,2.273506,2.741105
48.312760,4.990000,0.978000,4.450000,-0.330959,2.273506,2.741105
48.323870,4.990000,0.978000,4.450000,-0.330959,2.273506,2.741105
48.334980,4.990000,0.978000,4.450000,-0.330959,2.273506,2.741105
48.346090,4.990000,0.978000,4.450000,-0.330959,2.273506,2.741105
48.357200,4.990000,0.978000,4.450000,-0.330959,2.273506,2.741105
48.368320,4.990000,0.978000,4.450000,-0.330959,2.273506,2.741105
48.379430,4.990000,0.978000,4.450000,-0.330959,2.273506,2.741105
48.390540,4.990000,0.978000,4.450000,-0.330959,2.273506,2.741105
48.401650,4.990000,0.978000,4.450000,-0.330959,2.273506,2.741105
48.412770,4.990000,0.978000,4.450000,,,
48.423880,4.990000,0.978000,4.450000,,,
48.434990,4.990000,0.978000,4.450000,,,
48.446100,4.990000,0.978000,4.450000,-0.330959,2.273506,2.741105
48.457210,4.990000,0.978000,4.450000,-0.330959,2.273506,2.741105
48.468330,4.990000,0.978000,4.450000,-0.330959,2.273506,2.741105
48.479440,4.990000,0.978000,4.450000,-0.330959,2.273506,2.741105
48.490550,4.990000,0.978000,4.450000,-0.453036,2.346699,2.782470
48.501660,4.990000,0.978000,4.450000,-0.453036,2.346699,2.782470
48.512780,4.990000,0.978000,4.450000,-0.453036,2.346699,2.782470
48.523890,4.990000,0.978000,4.450000,,,
48.535000,4.990000,0.978000,4.450000,,,
48.546110,4.990000,0.978000,4.450000,,,
48.557220,4.990000,0.978000,4.450000,-0.722002,2.469862,2.856888
48.568340,4.990000,0.978000,4.450000,-0.722002,2.469862,2.856888
48.579450,4.990000,0.978000,4.450000,-0.722002,2.469862,2.856888
48.590560,4.990000,0.978000,4.450000,-1.004107,2.438914,2.904154
48.601670,4.990000,0.978000,4.450000,-1.004107,2.438914,2.904154
48.612790,4.990000,0.978000,4.450000,-1.004107,2.438914,2.904154
48.623900,4.990000,0.978000,4.450000,,,
48.635010,4.990000,0.978000,4.450000,,,
48.646120,4.990000,0.978000,4.450000,,,
48.657230,4.990000,0.978000,4.450000,-1.193228,2.336561,2.913310
48.668350,4.990000,0.978000,4.450000,-1.193228,2.336561,2.913310
48.679460,4.990000,0.978000,4.450000,-1.193228,2.336561,2.913310
48.690570,4.990000,0.978000,4.450000,-1.193538,2.335762,2.909667
48.701680,4.990000,0.978000,4.450000,-1.193538,2.335762,2.909667
48.712800,4.990000,0.978000,4.450000,-1.193538,2.335762,2.909667
48.723910,4.990000,0.978000,4.450000,-1.193538,2.335762,2.909667
48.735020,4.990000,0.978000,4.450000,,,
48.746130,4.990000,0.978000,4.450000,,,
48.757240,4.990000,0.978000,4.450000,,,
48.768360,4.990000,0.978000,4.450000,-1.193538,2.335762,2.909667
48.779470,4.990000,0.978000,4.450000,-1.193538,2.335762,2.909667
48.790580,4.990000,0.978000,4.450000,-1.193538,2.335762,2.909667
48.801690,4.990000,0.978000,4.450000,-1.193538,2.335762,2.909667
48.812810,4.990000,0.978000,4.450000,-1.193538,2.335762,2.909667
48.823920,4.990000,0.978000,4.450000,-1.193538,2.335762,2.909667
48.835030,4.990000,0.978000,4.450000,,,
48.846140,4.990000,0.978000,4.450000,,,
48.857250,4.990000,0.978000,4.450000,,,
48.868370,4.990000,0.978000,4.450000,-1.182251,2.338482,2.914277
48.879480,4.990000,0.978000,4.450000,-1.182251,2.338482,2.914277
48.890590,4.990000,0.978000,4.450000,-1.182251,2.338482,2.914277
48.901700,4.990000,0.978000,4.450000,-0.900946,2.404687,3.029171
48.912820,4.990000,0.978000,4.450000,-0.900946,2.404687,3.029171
48.923930,4.990000,0.978000,4.450000,-0.900946,2.404687,3.029171
48.935040,4.990000,0.978000,4.450000,,,
48.946150,4.990000,0.978000,4.450000,,,
48.957260,4.990000,0.978000,4.450000,,,
48.968380,4.990000,0.978000,4.450000,-0.617158,2.464764,3.145080
48.979490,4.990000,0.978000,4.450000,-0.617158,2.464764,3.145080
48.990600,4.990000,0.978000,4.450000,-0.617158,2.464764,3.145080
49.001710,4.990000,0.978000,4.450000,-0.330470,2.505931,3.262172
49.012830,4.990000,0.978000,4.450000,-0.330470,2.505931,3.262172
49.023940,4.990000,0.978000,4.450000,-0.330470,2.505931,3.262172
49.035050,4.990000,0.978000,4.450000,,,
49.046160,4.990000,0.978000,4.450000,,,
49.057270,4.990000,0.978000,4.450000,,,
49.068390,4.990000,0.978000,4.450000,-0.046121,2.515555,3.378672
49.079500,4.990000,0.978000,4.450000,-0.046121,2.515555,3.378672
49.090610,4.990000,0.978000,4.450000,-0.046121,2.515555,3.378672
49.101720,4.990000,0.978000,4.450000,-0.046121,2.515555,3.378672
49.112830,4.990000,0.978000,4.450000,0.241858,2.489435,3.498650
49.123950,4.990000,0.978000,4.450000,0.241858,2.489435,3.498650
49.135060,4.990000,0.978000,4.450000,0.241858,2.489435,3.498650
49.146170,4.990000,0.978000,4.450000,,,
49.157280,4.990000,0.978000,4.450000,,,
49.168400,4.990000,0.978000,4.450000,,,
49.179510,4.990000,0.978000,4.450000,0.522105,2.433176,3.617685
49.190620,4.990000,0.978000,4.450000,0.522105,2.433176,3.617685
49.201730,4.990000,0.978000,4.450000,0.522105,2.433176,3.617685
49.212840,4.990000,0.978000,4.450000,0.739235,2.372501,3.720953
49.223960,4.990000,0.978000,4.450000,0.739235,2.372501,3.720953
49.235070,4.990000,0.978000,4.450000,0.739235,2.372501,3.720953
49.246180,4.990000,0.978000,4.450000,,,
49.257290,4.990000,0.978000,4.450000,,,
49.268410,4.990000,0.978000,4.450000,,,
49.279520,4.990000,0.978000,4.450000,0.739235,2.372501,3.720953
49.290630,4.990000,0.978000,4.450000,0.739235,2.372501,3.720953
49.301740,4.990000,0.978000,4.450000,0.739235,2.372501,3.720953
49.312850,4.990000,0.978000,4.450000,0.739235,2.372501,3.720953
49.323970,4.990000,0.978000,4.450000,0.739235,2.372501,3.720953
49.335080,4.990000,0.978000,4.450000,0.739235,2.372501,3.720953
49.346190,4.990000,0.978000,4.450000,0.739235,2.372501,3.720953
49.357300,4.990000,0.978000,4.450000,0.739235,2.372501,3.720953
49.368420,4.990000,0.978000,4.450000,0.739235,2.372501,3.720953
49.379530,4.990000,0.978000,4.450000,0.739235,2.372501,3.720953
49.390640,4.990000,0.978000,4.450000,0.739235,2.372501,3.720953
49.401750,4.990000,0.978000,4.450000,0.739235,2.372501,3.720953
49.412860,4.990000,0.978000,4.450000,0.739235,2.372501,3.720953
49.423980,4.990000,0.978000,4.450000,0.662664,2.394686,3.672256
49.435090,4.990000,0.978000,4.450000,0.662664,2.394686,3.672256
49.446200,4.990000,0.978000,4.450000,0.662664,2.394686,3.672256
49.457310,4.990000,0.978000,4.450000,0.410696,2.459790,3.515763
49.468430,4.990000,0.978000,4.450000,0.410696,2.459790,3.515763
49.479540,4.990000,0.978000,4.450000,0.410696,2.459790,3.515763
49.490650,4.990000,0.978000,4.450000,,,
49.501760,4.990000,0.978000,4.450000,,,
49.512870,4.990000,0.978000,4.450000,,,
49.523990,4.990000,0.978000,4.450000,0.149024,2.499066,3.360989
49.535100,4.990000,0.978000,4.450000,0.149024,2.499066,3.360989
49.546210,4.990000,0.978000,4.450000,0.149024,2.499066,3.360989
49.557320,4.990000,0.978000,4.450000,-0.108279,2.488121,3.209402
49.568440,4.990000,0.978000,4.450000,-0.108279,2.488121,3.209402
49.579550,4.990000,0.978000,4.450000,-0.108279,2.488121,3.209402
49.590660,4.990000,0.978000,4.450000,-0.108279,2.488121,3.209402
49.601770,4.990000,0.978000,4.450000,,,
49.612880,4.990000,0.978000,4.450000,,,
49.624000,4.990000,0.978000,4.450000,,,
49.635110,4.990000,0.978000,4.450000,-0.366355,2.422821,3.063758
49.646220,4.990000,0.978000,4.450000,-0.366355,2.422821,3.063758
49.657330,4.990000,0.978000,4.450000,-0.366355,2.422821,3.063758
49.668450,4.990000,0.978000,4.450000,-0.621605,2.319637,2.926300
49.679560,4.990000,0.978000,4.450000,-0.621605,2.319637,2.926300
49.690670,4.990000,0.978000,4.450000,-0.621605,2.319637,2.926300
49.701780,4.990000,0.978000,4.450000,,,
49.712890,4.990000,0.978000,4.450000,,,
49.724010,4.990000,0.978000,4.450000,,,
49.735120,4.990000,0.978000,4.450000,-0.735320,2.267305,2.867100
49.746230,4.990000,0.978000,4.450000,-0.735320,2.267305,2.867100
49.757340,4.990000,0.978000,4.450000,-0.735320,2.267305,2.867100
49.768460,4.990000,0.978000,4.450000,-0.735320,2.267305,2.867100
49.779570,4.990000,0.978000,4.450000,-0.735320,2.267305,2.867100
49.790680,4.990000,0.978000,4.450000,-0.735320,2.267305,2.867100
49.801790,4.990000,0.978000,4.450000,,,
49.812900,4.990000,0.978000,4.450000,,,
49.824020,4.990000,0.978000,4.450000,,,
49.835130,4.990000,0.978000,4.450000,-0.735320,2.267305,2.867100
49.846240,4.990000,0.978000,4.450000,-0.735320,2.267305,2.867100
49.857350,4.990000,0.978000,4.450000,-0.735320,2.267305,2.867100
49.868470,4.990000,0.978000,4.450000,-0.735320,2.267305,2.867100
49.879580,4.990000,0.978000,4.450000,-0.735320,2.267305,2.867100
49.890690,4.990000,0.978000,4.450000,-0.735320,2.267305,2.867100
49.901800,4.990000,0.978000,4.450000,-0.735320,2.267305,2.867100
49.912910,4.990000,0.978000,4.450000,,,
49.924030,4.990000,0.978000,4.450000,,,
49.935140,4.990000,0.978000,4.450000,,,
49.946250,4.990000,0.978000,4.450000,-0.877136,2.322923,2.742210
49.957360,4.990000,0.978000,4.450000,-0.877136,2.322923,2.742210
49.968480,4.990000,0.978000,4.450000,-0.877136,2.322923,2.742210
49.979590,4.990000,0.978000,4.450000,-1.089652,2.359394,2.552460
49.990700,4.990000,0.978000,4.450000,-1.089652,2.359394,2.552460
50.001810,4.990000,0.978000,4.450000,-1.089652,2.359394,2.552460
50.012920,4.990000,0.978000,4.450000,,,
50.024040,4.990000,0.978000,4.450000,,,
50.035150,4.990000,0.978000,4.450000,,,
50.046260,4.990000,0.978000,4.450000,-1.318530,2.263793,2.342783
50.057370,4.990000,0.978000,4.450000,-1.318530,2.263793,2.342783
50.068490,4.990000,0.978000,4.450000,-1.318530,2.263793,2.342783
50.079600,4.990000,0.978000,4.450000,-1.500286,2.120631,2.163208
50.090710,4.990000,0.978000,4.450000,-1.500286,2.120631,2.163208
50.101820,4.990000,0.978000,4.450000,-1.500286,2.120631,2.163208
50.112930,4.990000,0.978000,4.450000,,,
50.124050,4.990000,0.978000,4.450000,,,
50.135160,4.990000,0.978000,4.450000,,,
50.146270,4.990000,0.978000,4.450000,-1.516512,2.107760,2.146434
50.157380,4.990000,0.978000,4.450000,-1.516512,2.107760,2.146434
50.168500,4.990000,0.978000,4.450000,-1.516512,2.107760,2.146434
50.179610,4.990000,0.978000,4.450000,-1.516512,2.107760,2.146434
50.190720,4.990000,0.978000,4.450000,-1.516512,2.107760,2.146434
50.201830,4.990000,0.978000,4.450000,-1.516512,2.107760,2.146434
50.212940,4.990000,0.978000,4.450000,,,
50.224060,4.990000,0.978000,4.450000,,,
50.235170,4.990000,0.978000,4.450000,,,
50.246280,4.990000,0.978000,4.450000,,,
50.257390,4.990000,0.978000,4.450000,-1.516512,2.107760,2.146434
50.268510,4.990000,0.978000,4.450000,-1.516512,2.107760,2.146434
50.279620,4.990000,0.978000,4.450000,-1.516512,2.107760,2.146434
50.290730,4.990000,0.978000,4.450000,-1.516512,2.107760,2.146434
50.301840,4.990000,0.978000,4.450000,-1.516512,2.107760,2.146434
50.312950,4.990000,0.978000,4.450000,-1.516512,2.107760,2.146434
50.324070,4.990000,0.978000,4.450000,,,
50.335180,4.990000,0.978000,4.450000,,,
50.346290,4.990000,0.978000,4.450000,,,
50.357400,4.990000,0.978000,4.450000,-1.310126,2.174785,2.333762
50.368520,4.990000,0.978000,4.450000,-1.310126,2.174785,2.333762
50.379630,4.990000,0.978000,4.450000,-1.310126,2.174785,2.333762
50.390740,4.990000,0.978000,4.450000,-1.092451,2.240228,2.537036
50.401850,4.990000,0.978000,4.450000,-1.092451,2.240228,2.537036
50.412960,4.990000,0.978000,4.450000,-1.092451,2.240228,2.537036
50.424080,4.990000,0.978000,4.450000,,,
50.435190,4.990000,0.978000,4.450000,,,
50.446300,4.990000,0.978000,4.450000,,,
50.457410,4.990000,0.978000,4.450000,-0.875772,2.293051,2.747200
50.468520,4.990000,0.978000,4.450000,-0.875772,2.293051,2.747200
50.479640,4.990000,0.978000,4.450000,-0.875772,2.293051,2.747200
50.490750,4.990000,0.978000,4.450000,-0.666010,2.323783,2.955047
50.501860,4.990000,0.978000,4.450000,-0.666010,2.323783,2.955047
50.512970,4.990000,0.978000,4.450000,-0.666010,2.323783,2.955047
50.524090,4.990000,0.978000,4.450000,,,
50.535200,4.990000,0.978000,4.450000,,,
50.546310,4.990000,0.978000,4.450000,,,
50.557420,4.990000,0.978000,4.450000,,,
50.568530,4.990000,0.978000,4.450000,-0.444435,2.328329,3.174994
50.579650,4.990000,0.978000,4.450000,-0.444435,2.328329,3.174994
50.590760,4.990000,0.978000,4.450000,-0.444435,2.328329,3.174994
50.601870,4.990000,0.978000,4.450000,-0.221110,2.303173,3.393989
50.612980,4.990000,0.978000,4.450000,-0.221110,2.303173,3.393989
50.624100,4.990000,0.978000,4.450000,-0.221110,2.303173,3.393989
50.635210,4.990000,0.978000,4.450000,,,
50.646320,4.990000,0.978000,4.450000,,,
50.657430,4.990000,0.978000,4.450000,,,
50.668540,4.990000,0.978000,4.450000,-0.007164,2.253268,3.604511
50.679660,4.990000,0.978000,4.450000,-0.007164,2.253268,3.604511
50.690770,4.990000,0.978000,4.450000,-0.007164,2.253268,3.604511
50.701880,4.990000,0.978000,4.450000,0.204928,2.183819,3.814120
50.712990,4.990000,0.978000,4.450000,0.204928,2.183819,3.814120
50.724110,4.990000,0.978000,4.450000,0.204928,2.183819,3.814120
50.735220,4.990000,0.978000,4.450000,,,
50.746330,4.990000,0.978000,4.450000,,,
50.757440,4.990000,0.978000,4.450000,,,
50.768550,4.990000,0.978000,4.450000,0.258696,2.164512,3.866878
50.779670,4.990000,0.978000,4.450000,0.258696,2.164512,3.866878
50.790780,4.990000,0.978000,4.450000,0.258696,2.164512,3.866878
50.801890,4.990000,0.978000,4.450000,0.258696,2.164512,3.866878
50.813000,4.990000,0.978000,4.450000,0.258696,2.164512,3.866878
50.824120,4.990000,0.978000,4.450000,0.258696,2.164512,3.866878
50.835230,4.990000,0.978000,4.450000,,,
50.846340,4.990000,0.978000,4.450000,,,
50.857450,4.990000,0.978000,4.450000,,,
50.868560,4.990000,0.978000,4.450000,0.258696,2.164512,3.866878
50.879680,4.990000,0.978000,4.450000,0.258696,2.164512,3.866878
50.890790,4.990000,0.978000,4.450000,0.258696,2.164512,3.866878
50.901900,4.990000,0.978000,4.450000,0.258696,2.164512,3.866878
50.913010,4.990000,0.978000,4.450000,0.258696,2.164512,3.866878
50.924130,4.990000,0.978000,4.450000,0.258696,2.164512,3.866878
50.935240,4.990000,0.978000,4.450000,0.258696,2.164512,3.866878
50.946350,4.990000,0.978000,4.450000,,,
50.957460,4.990000,0.978000,4.450000,,,
50.968570,4.990000,0.978000,4.450000,,,
50.979690,4.990000,0.978000,4.450000,0.061429,2.230673,3.725296
50.990800,4.990000,0.978000,4.450000,0.061429,2.230673,3.725296
51.001910,4.990000,0.978000,4.450000,0.061429,2.230673,3.725296
51.013020,4.990000,0.978000,4.450000,-0.182756,2.302533,3.558467
51.024140,4.990000,0.978000,4.450000,-0.182756,2.302533,3.558467
51.035250,4.990000,0.978000,4.450000,-0.182756,2.302533,3.558467
51.046360,4.990000,0.978000,4.450000,-0.436624,2.347768,3.399441
51.057470,4.990000,0.978000,4.450000,-0.436624,2.347768,3.399441
51.068580,4.990000,0.978000,4.450000,-0.436624,2.347768,3.399441
51.079700,4.990000,0.978000,4.450000,-0.436624,2.347768,3.399441
51.090810,4.990000,0.978000,4.450000,-0.436624,2.347768,3.399441
51.101920,4.990000,0.978000,4.450000,-0.436624,2.347768,3.399441
51.113030,4.990000,0.978000,4.450000,-0.701161,2.351298,3.251668
51.124150,4.990000,0.978000,4.450000,-0.701161,2.351298,3.251668
51.135260,4.990000,0.978000,4.450000,-0.701161,2.351298,3.251668
51.146370,4.990000,0.978000,4.450000,-0.976211,2.314710,3.112515
51.157480,4.990000,0.978000,4.450000,-0.976211,2.314710,3.112515
51.168590,4.990000,0.978000,4.450000,-0.976211,2.314710,3.112515
51.179710,4.990000,0.978000,4.450000,-0.976211,2.314710,3.112515
51.190820,4.990000,0.978000,4.450000,-0.976211,2.314710,3.112515
51.201930,4.990000,0.978000,4.450000,-0.976211,2.314710,3.112515
51.213040,4.990000,0.978000,4.450000,-1.244735,2.254440,2.989033
51.224160,4.990000,0.978000,4.450000,-1.244735,2.254440,2.989033
51.235270,4.990000,0.978000,4.450000,-1.244735,2.254440,2.989033
51.246380,4.990000,0.978000,4.450000,-1.284149,2.244832,2.972493
51.257490,4.990000,0.978000,4.450000,-1.284149,2.244832,2.972493
51.268600,4.990000,0.978000,4.450000,-1.284149,2.244832,2.972493
51.279720,4.990000,0.978000,4.450000,,,
51.290830,4.990000,0.978000,4.450000,,,
51.301940,4.990000,0.978000,4.450000,,,
51.313050,4.990000,0.978000,4.450000,-1.284149,2.244832,2.972493
51.324170,4.990000,0.978000,4.450000,-1.284149,2.244832,2.972493
51.335280,4.990000,0.978000,4.450000,-1.284149,2.244832,2.972493
51.346390,4.990000,0.978000,4.450000,-1.284149,2.244832,2.972493
51.357500,4.990000,0.978000,4.450000,-1.284149,2.244832,2.972493
51.368610,4.990000,0.978000,4.450000,-1.284149,2.244832,2.972493
51.379730,4.990000,0.978000,4.450000,-1.284149,2.244832,2.972493
51.390840,4.990000,0.978000,4.450000,,,
51.401950,4.990000,0.978000,4.450000,,,
51.413060,4.990000,0.978000,4.450000,,,
51.424180,4.990000,0.978000,4.450000,-1.284149,2.244832,2.972493
51.435290,4.990000,0.978000,4.450000,-1.284149,2.244832,2.972493
51.446400,4.990000,0.978000,4.450000,-1.284149,2.244832,2.972493
51.457510,4.990000,0.978000,4.450000,-1.350547,2.390651,2.742864
51.468620,4.990000,0.978000,4.450000,-1.350547,2.390651,2.742864
51.479740,4.990000,0.978000,4.450000,-1.350547,2.390651,2.742864
51.490850,4.990000,0.978000,4.450000,-1.350547,2.390651,2.742864
51.501960,4.990000,0.978000,4.450000,-1.350547,2.390651,2.742864
51.513070,4.990000,0.978000,4.450000,-1.350547,2.390651,2.742864
51.524190,4.990000,0.978000,4.450000,-1.428538,2.473168,2.473139
51.535300,4.990000,0.978000,4.450000,-1.428538,2.473168,2.473139
51.546410,4.990000,0.978000,4.450000,-1.428538,2.473168,2.473139
51.557520,4.990000,0.978000,4.450000,-1.499868,2.399154,2.226452
51.568630,4.990000,0.978000,4.450000,-1.499868,2.399154,2.226452
51.579750,4.990000,0.978000,4.450000,-1.499868,2.399154,2.226452
51.590860,4.990000,0.978000,4.450000,,,
51.601970,4.990000,0.978000,4.450000,,,
51.613080,4.990000,0.978000,4.450000,,,
51.624200,4.990000,0.978000,4.450000,-1.524983,2.351746,2.139596
51.635310,4.990000,0.978000,4.450000,-1.524983,2.351746,2.139596
51.646420,4.990000,0.978000,4.450000,-1.524983,2.351746,2.139596
51.657530,4.990000,0.978000,4.450000,-1.524983,2.351746,2.139596
51.668640,4.990000,0.978000,4.450000,-1.524983,2.351746,2.139596
51.679760,4.990000,0.978000,4.450000,-1.524983,2.351746,2.139596
51.690870,4.990000,0.978000,4.450000,-1.524983,2.351746,2.139596
51.701980,4.990000,0.978000,4.450000,,,
51.713090,4.990000,0.978000,4.450000,,,
51.724210,4.990000,0.978000,4.450000,,,
51.735320,4.990000,0.978000,4.450000,-1.524983,2.351746,2.139596
51.746430,4.990000,0.978000,4.450000,-1.524983,2.351746,2.139596
51.757540,4.990000,0.978000,4.450000,-1.524983,2.351746,2.139596
51.768650,4.990000,0.978000,4.450000,-1.524983,2.351746,2.139596
51.779770,4.990000,0.978000,4.450000,-1.524983,2.351746,2.139596
51.790880,4.990000,0.978000,4.450000,-1.524983,2.351746,2.139596
51.801990,4.990000,0.978000,4.450000,,,
51.813100,4.990000,0.978000,4.450000,,,
51.824210,4.990000,0.978000,4.450000,,,
51.835330,4.990000,0.978000,4.450000,-1.402123,2.381502,2.258777
51.846440,4.990000,0.978000,4.450000,-1.402123,2.381502,2.258777
51.857550,4.990000,0.978000,4.450000,-1.402123,2.381502,2.258777
51.868660,4.990000,0.978000,4.450000,-1.180239,2.432790,2.472631
51.879780,4.990000,0.978000,4.450000,-1.180239,2.432790,2.472631
51.890890,4.990000,0.978000,4.450000,-1.180239,2.432790,2.472631
51.902000,4.990000,0.978000,4.450000,,,
51.913110,4.990000,0.978000,4.450000,,,
51.924220,4.990000,0.978000,4.450000,,,
51.935340,4.990000,0.978000,4.450000,-0.956612,2.477376,2.683721
51.946450,4.990000,0.978000,4.450000,-0.956612,2.477376,2.683721
51.957560,4.990000,0.978000,4.450000,-0.956612,2.477376,2.683721
51.968670,4.990000,0.978000,4.450000,-0.732471,2.507071,2.886262
51.979790,4.990000,0.978000,4.450000,-0.732471,2.507071,2.886262
51.990900,4.990000,0.978000,4.450000,-0.732471,2.507071,2.886262
52.002010,4.990000,0.978000,4.450000,,,
52.013120,4.990000,0.978000,4.450000,,,
52.024230,4.990000,0.978000,4.450000,,,
52.035350,4.990000,0.978000,4.450000,-0.501271,2.517097,3.089350
52.046460,4.990000,0.978000,4.450000,-0.501271,2.517097,3.089350
52.057570,4.990000,0.978000,4.450000,-0.501271,2.517097,3.089350
52.068680,4.990000,0.978000,4.450000,-0.263926,2.504888,3.293403
52.079800,4.990000,0.978000,4.450000,-0.263926,2.504888,3.293403
52.090910,4.990000,0.978000,4.450000,-0.263926,2.504888,3.293403
52.102020,4.990000,0.978000,4.450000,,,
52.113130,4.990000,0.978000,4.450000,,,
52.124240,4.990000,0.978000,4.450000,,,
52.135360,4.990000,0.978000,4.450000,-0.030268,2.473071,3.489903
52.146470,4.990000,0.978000,4.450000,-0.030268,2.473071,3.489903
52.157580,4.990000,0.978000,4.450000,-0.030268,2.473071,3.489903
52.168690,4.990000,0.978000,4.450000,-0.030268,2.473071,3.489903
52.179810,4.990000,0.978000,4.450000,0.201957,2.425474,3.681991
52.190920,4.990000,0.978000,4.450000,0.201957,2.425474,3.681991
52.202030,4.990000,0.978000,4.450000,0.201957,2.425474,3.681991
52.213140,4.990000,0.978000,4.450000,,,
52.224250,4.990000,0.978000,4.450000,,,
52.235370,4.990000,0.978000,4.450000,,,
52.246480,4.990000,0.978000,4.450000,0.379311,2.381513,3.825265
52.257590,4.990000,0.978000,4.450000,0.379311,2.381513,3.825265
52.268700,4.990000,0.978000,4.450000,0.379311,2.381513,3.825265
52.279820,4.990000,0.978000,4.450000,0.379311,2.381513,3.825265
52.290930,4.990000,0.978000,4.450000,0.379311,2.381513,3.825265
52.302040,4.990000,0.978000,4.450000,0.379311,2.381513,3.825265
52.313150,4.990000,0.978000,4.450000,,,
52.324260,4.990000,0.978000,4.450000,,,
52.335380,4.990000,0.978000,4.450000,,,
52.346490,4.990000,0.978000,4.450000,0.379311,2.381513,3.825265
52.357600,4.990000,0.978000,4.450000,0.379311,2.381513,3.825265
52.368710,4.990000,0.978000,4.450000,0.379311,2.381513,3.825265
52.379830,4.990000,0.978000,4.450000,0.379311,2.381513,3.825265
52.390940,4.990000,0.978000,4.450000,0.379311,2.381513,3.825265
52.402050,4.990000,0.978000,4.450000,0.379311,2.381513,3.825265
52.413160,4.990000,0.978000,4.450000,,,
52.424270,4.990000,0.978000,4.450000,,,
52.435390,4.990000,0.978000,4.450000,,,
52.446500,4.990000,0.978000,4.450000,0.296074,2.402997,3.785913
52.457610,4.990000,0.978000,4.450000,0.296074,2.402997,3.785913
52.468720,4.990000,0.978000,4.450000,0.296074,2.402997,3.785913
52.479840,4.990000,0.978000,4.450000,0.024434,2.468086,3.652611
52.490950,4.990000,0.978000,4.450000,0.024434,2.468086,3.652611
52.502060,4.990000,0.978000,4.450000,0.024434,2.468086,3.652611
52.513170,4.990000,0.978000,4.450000,0.024434,2.468086,3.652611
52.524280,4.990000,0.978000,4.450000,,,
52.535400,4.990000,0.978000,4.450000,,,
52.546510,4.990000,0.978000,4.450000,,,
52.557620,4.990000,0.978000,4.450000,-0.246379,2.513000,3.508570
52.568730,4.990000,0.978000,4.450000,-0.246379,2.513000,3.508570
52.579850,4.990000,0.978000,4.450000,-0.246379,2.513000,3.508570
52.590960,4.990000,0.978000,4.450000,-0.506963,2.514778,3.358258
52.602070,4.990000,0.978000,4.450000,-0.506963,2.514778,3.358258
52.613180,4.990000,0.978000,4.450000,-0.506963,2.514778,3.358258
52.624290,4.990000,0.978000,4.450000,,,
52.635410,4.990000,0.978000,4.450000,,,
52.646520,4.990000,0.978000,4.450000,,,
52.657630,4.990000,0.978000,4.450000,-0.765915,2.460795,3.195272
52.668740,4.990000,0.978000,4.450000,-0.765915,2.460795,3.195272
52.679860,4.990000,0.978000,4.450000,-0.765915,2.460795,3.195272
52.690970,4.990000,0.978000,4.450000,-1.009819,2.357990,3.031730
52.702080,4.990000,0.978000,4.450000,-1.009819,2.357990,3.031730
52.713190,4.990000,0.978000,4.450000,-1.009819,2.357990,3.031730
52.724300,4.990000,0.978000,4.450000,,,
52.735420,4.990000,0.978000,4.450000,,,
52.746530,4.990000,0.978000,4.450000,,,
52.757640,4.990000,0.978000,4.450000,-1.172672,2.269664,2.909595
52.768750,4.990000,0.978000,4.450000,-1.172672,2.269664,2.909595
52.779870,4.990000,0.978000,4.450000,-1.172672,2.269664,2.909595
52.790980,4.990000,0.978000,4.450000,-1.172672,2.269664,2.909595
52.802090,4.990000,0.978000,4.450000,-1.172672,2.269664,2.909595
52.813200,4.990000,0.978000,4.450000,-1.172672,2.269664,2.909595
52.824310,4.990000,0.978000,4.450000,,,
52.835430,4.990000,0.978000,4.450000,,,
52.846540,4.990000,0.978000,4.450000,,,
52.857650,4.990000,0.978000,4.450000,,,
52.868760,4.990000,0.978000,4.450000,-1.172672,2.269664,2.909595
52.879880,4.990000,0.978000,4.450000,-1.172672,2.269664,2.909595
52.890990,4.990000,0.978000,4.450000,-1.172672,2.269664,2.909595
52.902100,4.990000,0.978000,4.450000,-1.172672,2.269664,2.909595
52.913210,4.990000,0.978000,4.450000,-1.172672,2.269664,2.909595
52.924320,4.990000,0.978000,4.450000,-1.172672,2.269664,2.909595
52.935440,4.990000,0.978000,4.450000,,,
52.946550,4.990000,0.978000,4.450000,,,
52.957660,4.990000,0.978000,4.450000,,,
52.968770,4.990000,0.978000,4.450000,-1.100063,2.300521,2.812449
52.979890,4.990000,0.978000,4.450000,-1.100063,2.300521,2.812449
52.991000,4.990000,0.978000,4.450000,-1.100063,2.300521,2.812449
53.002110,4.990000,0.978000,4.450000,-0.914852,2.359838,2.570029
53.013220,4.990000,0.978000,4.450000,-0.914852,2.359838,2.570029
53.024320,,,,-0.914852,2.359838,2.570029
53.035450,4.990000,0.978000,4.450000,,,
53.046560,4.990000,0.978000,4.450000,,,
53.057670,4.990000,0.978000,4.450000,,,
53.068780,4.990000,0.978000,4.450000,-0.733387,2.339949,2.334172
53.079900,4.990000,0.978000,4.450000,-0.733387,2.339949,2.334172
53.091010,4.990000,0.978000,4.450000,-0.733387,2.339949,2.334172
53.102120,4.990000,0.978000,4.450000,-0.558087,2.222944,2.105636
53.113230,4.990000,0.978000,4.450000,-0.558087,2.222944,2.105636
53.124340,4.990000,0.978000,4.450000,-0.558087,2.222944,2.105636
53.135460,4.990000,0.978000,4.450000,,,
53.146570,4.990000,0.978000,4.450000,,,
53.157680,4.990000,0.978000,4.450000,,,
53.168790,4.990000,0.978000,4.450000,-0.434419,2.103951,1.944408
53.179900,4.990000,0.978000,4.450000,-0.434419,2.103951,1.944408
53.191020,4.990000,0.978000,4.450000,-0.434419,2.103951,1.944408
53.202130,4.990000,0.978000,4.450000,-0.434419,2.103951,1.944408
53.213240,4.990000,0.978000,4.450000,-0.434419,2.103951,1.944408
53.224350,4.990000,0.978000,4.450000,-0.434419,2.103951,1.944408
53.235470,4.990000,0.978000,4.450000,-0.434419,2.103951,1.944408
53.246580,4.990000,0.978000,4.450000,,,
53.257690,4.990000,0.978000,4.450000,,,
53.268800,4.990000,0.978000,4.450000,,,
53.279910,4.990000,0.978000,4.450000,-0.434419,2.103951,1.944408
53.291030,4.990000,0.978000,4.450000,-0.434419,2.103951,1.944408
53.302140,4.990000,0.978000,4.450000,-0.434419,2.103951,1.944408
53.313250,4.990000,0.978000,4.450000,-0.434419,2.103951,1.944408
53.324360,4.990000,0.978000,4.450000,-0.434419,2.103951,1.944408
53.335480,4.990000,0.978000,4.450000,-0.434419,2.103951,1.944408
53.346590,4.990000,0.978000,4.450000,,,
53.357700,4.990000,0.978000,4.450000,,,
53.368810,4.990000,0.978000,4.450000,,,
53.379920,4.990000,0.978000,4.450000,-0.423316,2.119809,1.994061
53.391040,4.990000,0.978000,4.450000,-0.423316,2.119809,1.994061
53.402150,4.990000,0.978000,4.450000,-0.423316,2.119809,1.994061
53.413260,4.990000,0.978000,4.450000,-0.361762,2.207033,2.281258
53.424370,4.990000,0.978000,4.450000,-0.361762,2.207033,2.281258
53.435490,4.990000,0.978000,4.450000,-0.361762,2.207033,2.281258
53.446600,4.990000,0.978000,4.450000,,,
53.457710,4.990000,0.978000,4.450000,,,
53.468820,4.990000,0.978000,4.450000,,,
53.479930,4.990000,0.978000,4.450000,-0.303623,2.281631,2.579221
53.491050,4.990000,0.978000,4.450000,-0.303623,2.281631,2.579221
53.502160,4.990000,0.978000,4.450000,-0.303623,2.281631,2.579221
53.513270,4.990000,0.978000,4.450000,-0.252590,2.324016,2.881013
53.524380,4.990000,0.978000,4.450000,-0.252590,2.324016,2.881013
53.535500,4.990000,0.978000,4.450000,-0.252590,2.324016,2.881013
53.546610,4.990000,0.978000,4.450000,,,
53.557720,4.990000,0.978000,4.450000,,,
53.568830,4.990000,0.978000,4.450000,,,
53.579940,4.990000,0.978000,4.450000,-0.198637,2.321172,3.198946
53.591060,4.990000,0.978000,4.450000,-0.198637,2.321172,3.198946
53.602170,4.990000,0.978000,4.450000,-0.198637,2.321172,3.198946
53.613280,4.990000,0.978000,4.450000,-0.198637,2.321172,3.198946
53.624390,4.990000,0.978000,4.450000,-0.146804,2.273761,3.500647
53.635510,4.990000,0.978000,4.450000,-0.146804,2.273761,3.500647
53.646620,4.990000,0.978000,4.450000,-0.146804,2.273761,3.500647
53.657730,4.990000,0.978000,4.450000,,,
53.668840,4.990000,0.978000,4.450000,,,
53.679950,4.990000,0.978000,4.450000,,,
53.691070,4.990000,0.978000,4.450000,-0.111856,2.196309,3.790130
53.702180,4.990000,0.978000,4.450000,-0.111856,2.196309,3.790130
53.713290,4.990000,0.978000,4.450000,-0.111856,2.196309,3.790130
53.724400,4.990000,0.978000,4.450000,-0.101734,2.174484,3.860490
53.735520,4.990000,0.978000,4.450000,-0.101734,2.174484,3.860490
53.746630,4.990000,0.978000,4.450000,-0.101734,2.174484,3.860490
53.757740,4.990000,0.978000,4.450000,,,
53.768850,4.990000,0.978000,4.450000,,,
53.779960,4.990000,0.978000,4.450000,,,
53.791080,4.990000,0.978000,4.450000,-0.101734,2.174484,3.860490
53.802190,4.990000,0.978000,4.450000,-0.101734,2.174484,3.860490
53.813300,4.990000,0.978000,4.450000,-0.101734,2.174484,3.860490
53.824410,4.990000,0.978000,4.450000,-0.101734,2.174484,3.860490
53.835530,4.990000,0.978000,4.450000,-0.101734,2.174484,3.860490
53.846640,4.990000,0.978000,4.450000,-0.101734,2.174484,3.860490
53.857750,4.990000,0.978000,4.450000,,,
53.868860,4.990000,0.978000,4.450000,,,
53.879970,4.990000,0.978000,4.450000,,,
53.891090,4.990000,0.978000,4.450000,-0.101734,2.174484,3.860490
53.902200,4.990000,0.978000,4.450000,-0.101734,2.174484,3.860490
53.913310,4.990000,0.978000,4.450000,-0.101734,2.174484,3.860490
53.924420,4.990000,0.978000,4.450000,-0.101734,2.174484,3.860490
53.935540,4.990000,0.978000,4.450000,-0.245072,2.257808,3.685325
53.946650,4.990000,0.978000,4.450000,-0.245072,2.257808,3.685325
53.957760,4.990000,0.978000,4.450000,-0.245072,2.257808,3.685325
53.968870,4.990000,0.978000,4.450000,,,
53.979980,4.990000,0.978000,4.450000,,,
53.991100,4.990000,0.978000,4.450000,,,
54.002210,4.990000,0.978000,4.450000,-0.431047,2.325015,3.455854
54.013320,4.990000,0.978000,4.450000,-0.431047,2.325015,3.455854
54.024430,4.990000,0.978000,4.450000,-0.431047,2.325015,3.455854
54.035550,4.990000,0.978000,4.450000,-0.619674,2.277267,3.223695
54.046660,4.990000,0.978000,4.450000,-0.619674,2.277267,3.223695
54.057770,4.990000,0.978000,4.450000,-0.619674,2.277267,3.223695
54.068880,4.990000,0.978000,4.450000,,,
54.079990,4.990000,0.978000,4.450000,,,
54.091110,4.990000,0.978000,4.450000,,,
54.102220,4.990000,0.978000,4.450000,-0.765416,2.176364,3.044321
54.113330,4.990000,0.978000,4.450000,-0.765416,2.176364,3.044321
54.124440,4.990000,0.978000,4.450000,-0.765416,2.176364,3.044321
54.135560,4.990000,0.978000,4.450000,-0.786700,2.161256,3.018124
54.146670,4.990000,0.978000,4.450000,-0.786700,2.161256,3.018124
54.157780,4.990000,0.978000,4.450000,-0.786700,2.161256,3.018124
54.168890,4.990000,0.978000,4.450000,,,
54.180000,4.990000,0.978000,4.450000,,,
54.191120,4.990000,0.978000,4.450000,,,
54.202230,4.990000,0.978000,4.450000,-0.786700,2.161256,3.018124
54.213340,4.990000,0.978000,4.450000,-0.786700,2.161256,3.018124
54.224450,4.990000,0.978000,4.450000,-0.786700,2.161256,3.018124
54.235570,4.990000,0.978000,4.450000,-0.786700,2.161256,3.018124
54.246680,4.990000,0.978000,4.450000,-0.786700,2.161256,3.018124
54.257790,4.990000,0.978000,4.450000,-0.786700,2.161256,3.018124
54.268900,4.990000,0.978000,4.450000,-0.786700,2.161256,3.018124
54.280010,4.990000,0.978000,4.450000,,,
54.291130,4.990000,0.978000,4.450000,,,
54.302240,4.990000,0.978000,4.450000,,,
54.313350,4.990000,0.978000,4.450000,-0.786700,2.161256,3.018124
54.324460,4.990000,0.978000,4.450000,-0.786700,2.161256,3.018124
54.335580,4.990000,0.978000,4.450000,-0.786700,2.161256,3.018124
54.346690,4.990000,0.978000,4.450000,-0.838840,2.309079,2.801576
54.357800,4.990000,0.978000,4.450000,-0.838840,2.309079,2.801576
54.368910,4.990000,0.978000,4.450000,-0.838840,2.309079,2.801576
54.380020,4.990000,0.978000,4.450000,,,
54.391140,4.990000,0.978000,4.450000,,,
54.402250,4.990000,0.978000,4.450000,,,
54.413360,4.990000,0.978000,4.450000,-0.924445,2.423718,2.529837
54.424470,4.990000,0.978000,4.450000,-0.924445,2.423718,2.529837
54.435590,4.990000,0.978000,4.450000,-0.924445,2.423718,2.529837
54.446700,4.990000,0.978000,4.450000,-1.027523,2.387929,2.287732
54.457810,4.990000,0.978000,4.450000,-1.027523,2.387929,2.287732
54.468920,4.990000,0.978000,4.450000,-1.027523,2.387929,2.287732
54.480030,4.990000,0.978000,4.450000,-1.074650,2.344528,2.176556
54.491150,4.990000,0.978000,4.450000,-1.074650,2.344528,2.176556
54.502260,4.990000,0.978000,4.450000,-1.074650,2.344528,2.176556
54.513370,4.990000,0.978000,4.450000,-1.074650,2.344528,2.176556
54.524480,4.990000,0.978000,4.450000,,,
54.535590,4.990000,0.978000,4.450000,,,
54.546710,4.990000,0.978000,4.450000,,,
54.557820,4.990000,0.978000,4.450000,-1.074650,2.344528,2.176556
54.568930,4.990000,0.978000,4.450000,-1.074650,2.344528,2.176556
54.580040,4.990000,0.978000,4.450000,-1.074650,2.344528,2.176556
54.591160,4.990000,0.978000,4.450000,-1.074650,2.344528,2.176556
54.602270,4.990000,0.978000,4.450000,-1.074650,2.344528,2.176556
54.613380,4.990000,0.978000,4.450000,-1.074650,2.344528,2.176556
54.624490,4.990000,0.978000,4.450000,,,
54.635600,4.990000,0.978000,4.450000,,,
54.646720,4.990000,0.978000,4.450000,,,
54.657830,4.990000,0.978000,4.450000,-1.074650,2.344528,2.176556
54.668940,4.990000,0.978000,4.450000,-1.074650,2.344528,2.176556
54.680050,4.990000,0.978000,4.450000,-1.074650,2.344528,2.176556
54.691170,4.990000,0.978000,4.450000,-1.017023,2.364013,2.270633
54.702280,4.990000,0.978000,4.450000,-1.017023,2.364013,2.270633
54.713390,4.990000,0.978000,4.450000,-1.017023,2.364013,2.270633
54.724500,4.990000,0.978000,4.450000,,,
54.735610,4.990000,0.978000,4.450000,,,
54.746730,4.990000,0.978000,4.450000,,,
54.757840,4.990000,0.978000,4.450000,-0.860744,2.414169,2.525613
54.768950,4.990000,0.978000,4.450000,-0.860744,2.414169,2.525613
54.780060,4.990000,0.978000,4.450000,-0.860744,2.414169,2.525613
54.791180,4.990000,0.978000,4.450000,-0.698542,2.454403,2.789919
54.802290,4.990000,0.978000,4.450000,-0.698542,2.454403,2.789919
54.813400,4.990000,0.978000,4.450000,-0.698542,2.454403,2.789919
54.824510,4.990000,0.978000,4.450000,,,
54.835620,4.990000,0.978000,4.450000,,,
54.846740,4.990000,0.978000,4.450000,,,
54.857850,4.990000,0.978000,4.450000,-0.537683,2.466352,3.051367
54.868960,4.990000,0.978000,4.450000,-0.537683,2.466352,3.051367
54.880070,4.990000,0.978000,4.450000,-0.537683,2.466352,3.051367
54.891190,4.990000,0.978000,4.450000,-0.537683,2.466352,3.051367
54.902300,4.990000,0.978000,4.450000,-0.368228,2.438483,3.326418
54.913410,4.990000,0.978000,4.450000,-0.368228,2.438483,3.326418
54.924520,4.990000,0.978000,4.450000,-0.368228,2.438483,3.326418
54.935630,4.990000,0.978000,4.450000,,,
54.946750,4.990000,0.978000,4.450000,,,
54.957860,4.990000,0.978000,4.450000,,,
54.968970,4.990000,0.978000,4.450000,-0.215336,2.378710,3.574142
54.980080,4.990000,0.978000,4.450000,-0.215336,2.378710,3.574142
54.991200,4.990000,0.978000,4.450000,-0.215336,2.378710,3.574142
55.002310,4.990000,0.978000,4.450000,-0.055391,2.290797,3.824669
55.013420,4.990000,0.978000,4.450000,-0.055391,2.290797,3.824669
55.024530,4.990000,0.978000,4.450000,-0.055391,2.290797,3.824669
55.035640,4.990000,0.978000,4.450000,,,
55.046760,4.990000,0.978000,4.450000,,,
55.057870,4.990000,0.978000,4.450000,,,
55.068980,4.990000,0.978000,4.450000,-0.040933,2.282398,3.847385
55.080090,4.990000,0.978000,4.450000,-0.040933,2.282398,3.847385
55.091210,4.990000,0.978000,4.450000,-0.040933,2.282398,3.847385
55.102320,4.990000,0.978000,4.450000,-0.040933,2.282398,3.847385
55.113430,4.990000,0.978000,4.450000,-0.040933,2.282398,3.847385
55.124540,4.990000,0.978000,4.450000,-0.040933,2.282398,3.847385
55.135650,4.990000,0.978000,4.450000,,,
55.146770,4.990000,0.978000,4.450000,,,
55.157880,4.990000,0.978000,4.450000,,,
55.168990,4.990000,0.978000,4.450000,-0.040933,2.282398,3.847385
55.180100,4.990000,0.978000,4.450000,-0.040933,2.282398,3.847385
55.191220,4.990000,0.978000,4.450000,-0.040933,2.282398,3.847385
55.202330,4.990000,0.978000,4.450000,-0.040933,2.282398,3.847385
55.213440,4.990000,0.978000,4.450000,-0.040933,2.282398,3.847385
55.224550,4.990000,0.978000,4.450000,-0.040933,2.282398,3.847385
55.235660,4.990000,0.978000,4.450000,-0.040933,2.282398,3.847385
55.246780,4.990000,0.978000,4.450000,,,
55.257890,4.990000,0.978000,4.450000,,,
55.269000,4.990000,0.978000,4.450000,,,
55.280110,4.990000,0.978000,4.450000,-0.163718,2.383528,3.624758
55.291230,4.990000,0.978000,4.450000,-0.163718,2.383528,3.624758
55.302340,4.990000,0.978000,4.450000,-0.163718,2.383528,3.624758
55.313450,4.990000,0.978000,4.450000,-0.315539,2.474387,3.351235
55.324560,4.990000,0.978000,4.450000,-0.315539,2.474387,3.351235
55.335670,4.990000,0.978000,4.450000,-0.315539,2.474387,3.351235
55.346790,4.990000,0.978000,4.450000,,,
55.357900,4.990000,0.978000,4.450000,,,
55.369010,4.990000,0.978000,4.450000,,,
55.380120,4.990000,0.978000,4.450000,-0.464361,2.482088,3.087216
55.391240,4.990000,0.978000,4.450000,-0.464361,2.482088,3.087216
55.402350,4.990000,0.978000,4.450000,-0.464361,2.482088,3.087216
55.413460,4.990000,0.978000,4.450000,-0.609440,2.410468,2.828794
55.424570,4.990000,0.978000,4.450000,-0.609440,2.410468,2.828794
55.435680,4.990000,0.978000,4.450000,-0.609440,2.410468,2.828794
55.446800,4.990000,0.978000,4.450000,,,
55.457910,4.990000,0.978000,4.450000,,,
55.469020,4.990000,0.978000,4.450000,,,
55.480130,4.990000,0.978000,4.450000,-0.701811,2.336908,2.660295
55.491250,4.990000,0.978000,4.450000,-0.701811,2.336908,2.660295
55.502360,4.990000,0.978000,4.450000,-0.701811,2.336908,2.660295
55.513470,4.990000,0.978000,4.450000,-0.701811,2.336908,2.660295
55.524580,4.990000,0.978000,4.450000,-0.701811,2.336908,2.660295
55.535690,4.990000,0.978000,4.450000,-0.701811,2.336908,2.660295
55.546810,4.990000,0.978000,4.450000,-0.701811,2.336908,2.660295
55.557920,4.990000,0.978000,4.450000,,,
55.569030,4.990000,0.978000,4.450000,,,
55.580140,4.990000,0.978000,4.450000,,,
55.591260,4.990000,0.978000,4.450000,-0.701811,2.336908,2.660295
55.602370,4.990000,0.978000,4.450000,-0.701811,2.336908,2.660295
55.613480,4.990000,0.978000,4.450000,-0.701811,2.336908,2.660295
55.624590,4.990000,0.978000,4.450000,-0.701811,2.336908,2.660295
55.635700,4.990000,0.978000,4.450000,-0.701811,2.336908,2.660295
55.646820,4.990000,0.978000,4.450000,-0.701811,2.336908,2.660295
55.657930,4.990000,0.978000,4.450000,,,
55.669040,4.990000,0.978000,4.450000,,,
55.680150,4.990000,0.978000,4.450000,,,
55.691270,4.990000,0.978000,4.450000,-0.769754,2.375401,2.582993
55.702380,4.990000,0.978000,4.450000,-0.769754,2.375401,2.582993
55.713490,4.990000,0.978000,4.450000,-0.769754,2.375401,2.582993
55.724600,4.990000,0.978000,4.450000,-0.933680,2.421264,2.396484
55.735710,4.990000,0.978000,4.450000,-0.933680,2.421264,2.396484
55.746830,4.990000,0.978000,4.450000,-0.933680,2.421264,2.396484
55.757940,4.990000,0.978000,4.450000,,,
55.769050,4.990000,0.978000,4.450000,,,
55.780160,4.990000,0.978000,4.450000,,,
55.791280,4.990000,0.978000,4.450000,-1.095156,2.282810,2.212764
55.802390,4.990000,0.978000,4.450000,-1.095156,2.282810,2.212764
55.813500,4.990000,0.978000,4.450000,-1.095156,2.282810,2.212764
55.824610,4.990000,0.978000,4.450000,-1.180321,2.144259,2.116622
55.835720,4.990000,0.978000,4.450000,-1.180321,2.144259,2.116622
55.846840,4.990000,0.978000,4.450000,-1.180321,2.144259,2.116622
55.857950,4.990000,0.978000,4.450000,-1.180321,2.144259,2.116622
55.869060,4.990000,0.978000,4.450000,-1.180321,2.144259,2.116622
55.880170,4.990000,0.978000,4.450000,-1.180321,2.144259,2.116622
55.891280,4.990000,0.978000,4.450000,-1.180321,2.144259,2.116622
55.902400,4.990000,0.978000,4.450000,-1.180321,2.144259,2.116622
55.913510,4.990000,0.978000,4.450000,-1.180321,2.144259,2.116622
55.924620,4.990000,0.978000,4.450000,-1.180321,2.144259,2.116622
55.935730,4.990000,0.978000,4.450000,-1.180321,2.144259,2.116622
55.946850,4.990000,0.978000,4.450000,-1.180321,2.144259,2.116622
55.957960,4.990000,0.978000,4.450000,-1.180321,2.144259,2.116622
55.969070,4.990000,0.978000,4.450000,,,
55.980180,4.990000,0.978000,4.450000,,,
55.991290,4.990000,0.978000,4.450000,,,
56.002410,4.990000,0.978000,4.450000,-1.180321,2.144259,2.116622
56.013520,4.990000,0.978000,4.450000,-1.180321,2.144259,2.116622
56.024630,4.990000,0.978000,4.450000,-1.180321,2.144259,2.116622
56.035740,4.990000,0.978000,4.450000,-1.123846,2.175000,2.184982
56.046860,4.990000,0.978000,4.450000,-1.123846,2.175000,2.184982
56.057970,4.990000,0.978000,4.450000,-1.123846,2.175000,2.184982
56.069080,4.990000,0.978000,4.450000,,,
56.080190,4.990000,0.978000,4.450000,,,
56.091300,4.990000,0.978000,4.450000,,,
56.102420,4.990000,0.978000,4.450000,-0.936194,2.271272,2.406898
56.113530,4.990000,0.978000,4.450000,-0.936194,2.271272,2.406898
56.124640,4.990000,0.978000,4.450000,-0.936194,2.271272,2.406898
56.135750,4.990000,0.978000,4.450000,-0.744632,2.351749,2.624263
56.146870,4.990000,0.978000,4.450000,-0.744632,2.351749,2.624263
56.157980,4.990000,0.978000,4.450000,-0.744632,2.351749,2.624263
56.169090,4.990000,0.978000,4.450000,,,
56.180200,4.990000,0.978000,4.450000,,,
56.191310,4.990000,0.978000,4.450000,,,
56.202430,4.990000,0.978000,4.450000,-0.540906,2.401413,2.844345
56.213540,4.990000,0.978000,4.450000,-0.540906,2.401413,2.844345
56.224650,4.990000,0.978000,4.450000,-0.540906,2.401413,2.844345
56.235760,4.990000,0.978000,4.450000,-0.330043,2.405523,3.062272
56.246880,4.990000,0.978000,4.450000,-0.330043,2.405523,3.062272
56.257990,4.990000,0.978000,4.450000,-0.330043,2.405523,3.062272
56.269100,4.990000,0.978000,4.450000,-0.330043,2.405523,3.062272
56.280210,4.990000,0.978000,4.450000,-0.113622,2.365477,3.270481
56.291320,4.990000,0.978000,4.450000,-0.113622,2.365477,3.270481
56.302440,4.990000,0.978000,4.450000,-0.113622,2.365477,3.270481
56.313550,4.990000,0.978000,4.450000,,,
56.324660,4.990000,0.978000,4.450000,,,
56.335770,4.990000,0.978000,4.450000,,,
56.346890,4.990000,0.978000,4.450000,0.112584,2.291145,3.470376
56.358000,4.990000,0.978000,4.450000,0.112584,2.291145,3.470376
56.369110,4.990000,0.978000,4.450000,0.112584,2.291145,3.470376
56.380220,4.990000,0.978000,4.450000,0.136145,2.282097,3.490700
56.391330,4.990000,0.978000,4.450000,0.136145,2.282097,3.490700
56.402450,4.990000,0.978000,4.450000,0.136145,2.282097,3.490700
56.413560,4.990000,0.978000,4.450000,,,
56.424670,4.990000,0.978000,4.450000,,,
56.435780,4.990000,0.978000,4.450000,,,
56.446900,4.990000,0.978000,4.450000,0.136145,2.282097,3.490700
56.458010,4.990000,0.978000,4.450000,0.136145,2.282097,3.490700
56.469120,4.990000,0.978000,4.450000,0.136145,2.282097,3.490700
56.480230,4.990000,0.978000,4.450000,0.136145,2.282097,3.490700
56.491340,4.990000,0.978000,4.450000,0.136145,2.282097,3.490700
56.502460,4.990000,0.978000,4.450000,0.136145,2.282097,3.490700
56.513570,4.990000,0.978000,4.450000,,,
56.524680,4.990000,0.978000,4.450000,,,
56.535790,4.990000,0.978000,4.450000,,,
56.546910,4.990000,0.978000,4.450000,,,
56.558020,4.990000,0.978000,4.450000,0.136145,2.282097,3.490700
56.569130,4.990000,0.978000,4.450000,0.136145,2.282097,3.490700
56.580240,4.990000,0.978000,4.450000,0.136145,2.282097,3.490700
56.591350,4.990000,0.978000,4.450000,-0.033181,2.342622,3.260073
56.602470,4.990000,0.978000,4.450000,-0.033181,2.342622,3.260073
56.613580,4.990000,0.978000,4.450000,-0.033181,2.342622,3.260073
56.624690,4.990000,0.978000,4.450000,,,
56.635800,4.990000,0.978000,4.450000,,,
56.646920,4.990000,0.978000,4.450000,,,
56.658030,4.990000,0.978000,4.450000,-0.214086,2.375568,3.013092
56.669140,4.990000,0.978000,4.450000,-0.214086,2.375568,3.013092
56.680250,4.990000,0.978000,4.450000,-0.214086,2.375568,3.013092
56.691360,4.990000,0.978000,4.450000,-0.391693,2.327029,2.756564
56.702480,4.990000,0.978000,4.450000,-0.391693,2.327029,2.756564
56.713590,4.990000,0.978000,4.450000,-0.391693,2.327029,2.756564
56.724700,4.990000,0.978000,4.450000,,,
56.735810,4.990000,0.978000,4.450000,,,
56.746930,4.990000,0.978000,4.450000,,,
56.758040,4.990000,0.978000,4.450000,-0.530331,2.205712,2.512959
56.769150,4.990000,0.978000,4.450000,-0.530331,2.205712,2.512959
56.780260,4.990000,0.978000,4.450000,-0.530331,2.205712,2.512959
56.791370,4.990000,0.978000,4.450000,-0.600399,2.103826,2.345224
56.802490,4.990000,0.978000,4.450000,-0.600399,2.103826,2.345224
56.813600,4.990000,0.978000,4.450000,-0.600399,2.103826,2.345224
56.824710,4.990000,0.978000,4.450000,,,
56.835820,4.990000,0.978000,4.450000,,,
56.846940,4.990000,0.978000,4.450000,,,
56.858050,4.990000,0.978000,4.450000,-0.600399,2.103826,2.345224
56.869160,4.990000,0.978000,4.450000,-0.600399,2.103826,2.345224
56.880270,4.990000,0.978000,4.450000,-0.600399,2.103826,2.345224
56.891380,4.990000,0.978000,4.450000,-0.600399,2.103826,2.345224
56.902500,4.990000,0.978000,4.450000,-0.600399,2.103826,2.345224
56.913610,4.990000,0.978000,4.450000,-0.600399,2.103826,2.345224
56.924720,4.990000,0.978000,4.450000,,,
56.935830,4.990000,0.978000,4.450000,,,
56.946950,4.990000,0.978000,4.450000,,,
56.958060,4.990000,0.978000,4.450000,-0.600399,2.103826,2.345224
56.969170,4.990000,0.978000,4.450000,-0.600399,2.103826,2.345224
56.980280,4.990000,0.978000,4.450000,-0.600399,2.103826,2.345224
56.991390,4.990000,0.978000,4.450000,-0.637665,2.130549,2.322068
57.002510,4.990000,0.978000,4.450000,-0.637665,2.130549,2.322068
57.013620,4.990000,0.978000,4.450000,-0.637665,2.130549,2.322068
57.024730,4.990000,0.978000,4.450000,-0.637665,2.130549,2.322068
57.035840,4.990000,0.978000,4.450000,,,
57.046960,4.990000,0.978000,4.450000,,,
57.058070,4.990000,0.978000,4.450000,,,
57.069180,4.990000,0.978000,4.450000,-0.869539,2.284518,2.177804
57.080290,4.990000,0.978000,4.450000,-0.869539,2.284518,2.177804
57.091400,4.990000,0.978000,4.450000,-0.869539,2.284518,2.177804
57.102520,4.990000,0.978000,4.450000,-1.117104,2.350328,2.023764
57.113630,4.990000,0.978000,4.450000,-1.117104,2.350328,2.023764
57.124740,4.990000,0.978000,4.450000,-1.117104,2.350328,2.023764
57.135850,4.990000,0.978000,4.450000,,,
57.146970,4.990000,0.978000,4.450000,,,
57.158080,4.990000,0.978000,4.450000,,,
57.169190,4.990000,0.978000,4.450000,-1.327336,2.297626,1.892953
57.180300,4.990000,0.978000,4.450000,-1.327336,2.297626,1.892953
57.191410,4.990000,0.978000,4.450000,-1.327336,2.297626,1.892953
57.202530,4.990000,0.978000,4.450000,-1.401431,2.267607,1.847726
57.213640,4.990000,0.978000,4.450000,-1.401431,2.267607,1.847726
57.224750,4.990000,0.978000,4.450000,-1.401431,2.267607,1.847726
57.235860,4.990000,0.978000,4.450000,,,
57.246970,4.990000,0.978000,4.450000,,,
57.258090,4.990000,0.978000,4.450000,,,
57.269200,4.990000,0.978000,4.450000,-1.401431,2.267607,1.847726
57.280310,4.990000,0.978000,4.450000,-1.401431,2.267607,1.847726
57.291420,4.990000,0.978000,4.450000,-1.401431,2.267607,1.847726
57.302540,4.990000,0.978000,4.450000,-1.401431,2.267607,1.847726
57.313650,4.990000,0.978000,4.450000,-1.401431,2.267607,1.847726
57.324760,4.990000,0.978000,4.450000,-1.401431,2.267607,1.847726
57.335870,4.990000,0.978000,4.450000,,,
57.346980,4.990000,0.978000,4.450000,,,
57.358100,4.990000,0.978000,4.450000,,,
57.369210,4.990000,0.978000,4.450000,-1.401431,2.267607,1.847726
57.380320,4.990000,0.978000,4.450000,-1.401431,2.267607,1.847726
57.391430,4.990000,0.978000,4.450000,-1.401431,2.267607,1.847726
57.402550,4.990000,0.978000,4.450000,-1.265244,2.294660,1.965040
57.413660,4.990000,0.978000,4.450000,-1.265244,2.294660,1.965040
57.424770,4.990000,0.978000,4.450000,-1.265244,2.294660,1.965040
57.435880,4.990000,0.978000,4.450000,-1.265244,2.294660,1.965040
57.446990,4.990000,0.978000,4.450000,,,
57.458110,4.990000,0.978000,4.450000,,,
57.469220,4.990000,0.978000,4.450000,,,
57.480330,4.990000,0.978000,4.450000,-1.036933,2.336851,2.159742
57.491440,4.990000,0.978000,4.450000,-1.036933,2.336851,2.159742
57.502560,4.990000,0.978000,4.450000,-1.036933,2.336851,2.159742
57.513670,4.990000,0.978000,4.450000,-0.799518,2.373645,2.358726
57.524780,4.990000,0.978000,4.450000,-0.799518,2.373645,2.358726
57.535890,4.990000,0.978000,4.450000,-0.799518,2.373645,2.358726
57.547000,4.990000,0.978000,4.450000,,,
57.558120,4.990000,0.978000,4.450000,,,
57.569230,4.990000,0.978000,4.450000,,,
57.580340,4.990000,0.978000,4.450000,-0.582001,2.395952,2.539831
57.591450,4.990000,0.978000,4.450000,-0.582001,2.395952,2.539831
57.602570,4.990000,0.978000,4.450000,-0.582001,2.395952,2.539831
57.613680,4.990000,0.978000,4.450000,-0.330888,2.402464,2.745781
57.624790,4.990000,0.978000,4.450000,-0.330888,2.402464,2.745781
57.635900,4.990000,0.978000,4.450000,-0.330888,2.402464,2.745781
57.647010,4.990000,0.978000,4.450000,,,
57.658130,4.990000,0.978000,4.450000,,,
57.669240,4.990000,0.978000,4.450000,,,
57.680350,4.990000,0.978000,4.450000,-0.098241,2.387416,2.936983
57.691460,4.990000,0.978000,4.450000,-0.098241,2.387416,2.936983
57.702580,4.990000,0.978000,4.450000,-0.098241,2.387416,2.936983
57.713690,4.990000,0.978000,4.450000,0.139015,2.351760,3.131068
57.724800,4.990000,0.978000,4.450000,0.139015,2.351760,3.131068
57.735910,4.990000,0.978000,4.450000,0.139015,2.351760,3.131068
57.747020,4.990000,0.978000,4.450000,,,
57.758140,4.990000,0.978000,4.450000,,,
57.769250,4.990000,0.978000,4.450000,,,
57.780360,4.990000,0.978000,4.450000,,,
57.791470,4.990000,0.978000,4.450000,0.374934,2.299504,3.323978
57.802590,4.990000,0.978000,4.450000,0.374934,2.299504,3.323978
57.813700,4.990000,0.978000,4.450000,0.374934,2.299504,3.323978
57.824810,4.990000,0.978000,4.450000,0.589893,2.241752,3.501059
57.835920,4.990000,0.978000,4.450000,0.589893,2.241752,3.501059
57.847030,4.990000,0.978000,4.450000,0.589893,2.241752,3.501059
57.858150,4.990000,0.978000,4.450000,,,
57.869260,4.990000,0.978000,4.450000,,,
57.880370,4.990000,0.978000,4.450000,,,
57.891480,4.990000,0.978000,4.450000,0.635047,2.228940,3.538323
57.902600,4.990000,0.978000,4.450000,0.635047,2.228940,3.538323
57.913710,4.990000,0.978000,4.450000,0.635047,2.228940,3.538323
57.924820,4.990000,0.978000,4.450000,0.635047,2.228940,3.538323
57.935930,4.990000,0.978000,4.450000,0.635047,2.228940,3.538323
57.947040,4.990000,0.978000,4.450000,0.635047,2.228940,3.538323
57.958160,4.990000,0.978000,4.450000,,,
57.969270,4.990000,0.978000,4.450000,,,
57.980380,4.990000,0.978000,4.450000,,,
57.991490,4.990000,0.978000,4.450000,0.635047,2.228940,3.538323
58.002610,4.990000,0.978000,4.450000,0.635047,2.228940,3.538323
58.013720,4.990000,0.978000,4.450000,0.635047,2.228940,3.538323
58.024830,4.990000,0.978000,4.450000,0.635047,2.228940,3.538323
58.035940,4.990000,0.978000,4.450000,0.635047,2.228940,3.538323
58.047050,4.990000,0.978000,4.450000,0.635047,2.228940,3.538323
58.058170,4.990000,0.978000,4.450000,,,
58.069280,4.990000,0.978000,4.450000,,,
58.080390,4.990000,0.978000,4.450000,,,
58.091500,4.990000,0.978000,4.450000,0.469027,2.319011,3.329282
58.102620,4.990000,0.978000,4.450000,0.469027,2.319011,3.329282
58.113730,4.990000,0.978000,4.450000,0.469027,2.319011,3.329282
58.124840,4.990000,0.978000,4.450000,0.286869,2.406861,3.099919
58.135950,4.990000,0.978000,4.450000,0.286869,2.406861,3.099919
58.147060,4.990000,0.978000,4.450000,0.286869,2.406861,3.099919
58.158180,4.990000,0.978000,4.450000,,,
58.169290,4.990000,0.978000,4.450000,,,
58.180400,4.990000,0.978000,4.450000,,,
58.191510,4.990000,0.978000,4.450000,0.097537,2.464350,2.861524
58.202630,4.990000,0.978000,4.450000,0.097537,2.464350,2.861524
58.213740,4.990000,0.978000,4.450000,0.097537,2.464350,2.861524
58.224850,4.990000,0.978000,4.450000,-0.091725,2.471537,2.625052
58.235960,4.990000,0.978000,4.450000,-0.091725,2.471537,2.625052
58.247070,4.990000,0.978000,4.450000,-0.091725,2.471537,2.625052
58.258190,4.990000,0.978000,4.450000,,,
58.269300,4.990000,0.978000,4.450000,,,
58.280410,4.990000,0.978000,4.450000,,,
58.291520,4.990000,0.978000,4.450000,,,
58.302640,4.990000,0.978000,4.450000,-0.287046,2.433386,2.398202
58.313750,4.990000,0.978000,4.450000,-0.287046,2.433386,2.398202
58.324860,4.990000,0.978000,4.450000,-0.287046,2.433386,2.398202
58.335970,4.990000,0.978000,4.450000,-0.472535,2.374141,2.203188
58.347080,4.990000,0.978000,4.450000,-0.472535,2.374141,2.203188
58.358200,4.990000,0.978000,4.450000,-0.472535,2.374141,2.203188
58.369310,4.990000,0.978000,4.450000,,,
58.380420,4.990000,0.978000,4.450000,,,
58.391530,4.990000,0.978000,4.450000,,,
58.402650,4.990000,0.978000,4.450000,-0.472535,2.374141,2.203188
58.413760,4.990000,0.978000,4.450000,-0.472535,2.374141,2.203188
58.424870,4.990000,0.978000,4.450000,-0.472535,2.374141,2.203188
58.435980,4.990000,0.978000,4.450000,-0.472535,2.374141,2.203188
58.447090,4.990000,0.978000,4.450000,-0.472535,2.374141,2.203188
58.458210,4.990000,0.978000,4.450000,-0.472535,2.374141,2.203188
58.469320,4.990000,0.978000,4.450000,-0.472535,2.374141,2.203188
58.480430,4.990000,0.978000,4.450000,-0.472535,2.374141,2.203188
58.491540,4.990000,0.978000,4.450000,-0.472535,2.374141,2.203188
58.502660,4.990000,0.978000,4.450000,-0.472535,2.374141,2.203188
58.513770,4.990000,0.978000,4.450000,-0.472535,2.374141,2.203188
58.524880,4.990000,0.978000,4.450000,-0.472535,2.374141,2.203188
58.535990,4.990000,0.978000,4.450000,-0.506181,2.384395,2.201381
58.547100,4.990000,0.978000,4.450000,-0.506181,2.384395,2.201381
58.558220,4.990000,0.978000,4.450000,-0.506181,2.384395,2.201381
58.569330,4.990000,0.978000,4.450000,-0.506181,2.384395,2.201381
58.580440,4.990000,0.978000,4.450000,-0.799695,2.460877,2.193852
58.591550,4.990000,0.978000,4.450000,-0.799695,2.460877,2.193852
58.602660,4.990000,0.978000,4.450000,-0.799695,2.460877,2.193852
58.613780,4.990000,0.978000,4.450000,,,
58.624890,4.990000,0.978000,4.450000,,,
58.636000,4.990000,0.978000,4.450000,,,
58.647110,4.990000,0.978000,4.450000,-1.098243,2.464650,2.208660
58.658230,4.990000,0.978000,4.450000,-1.098243,2.464650,2.208660
58.669340,4.990000,0.978000,4.450000,-1.098243,2.464650,2.208660
58.680450,4.990000,0.978000,4.450000,-1.378710,2.364128,2.246091
58.691560,4.990000,0.978000,4.450000,-1.378710,2.364128,2.246091
58.702670,4.990000,0.978000,4.450000,-1.378710,2.364128,2.246091
58.713790,4.990000,0.978000,4.450000,,,
58.724900,4.990000,0.978000,4.450000,,,
58.736010,4.990000,0.978000,4.450000,,,
58.747120,4.990000,0.978000,4.450000,-1.637937,2.207510,2.297863
58.758240,4.990000,0.978000,4.450000,-1.637937,2.207510,2.297863
58.769350,4.990000,0.978000,4.450000,-1.637937,2.207510,2.297863
58.780460,4.990000,0.978000,4.450000,-1.648143,2.200742,2.300238
58.791570,4.990000,0.978000,4.450000,-1.648143,2.200742,2.300238
58.802680,4.990000,0.978000,4.450000,-1.648143,2.200742,2.300238
58.813800,4.990000,0.978000,4.450000,,,
58.824910,4.990000,0.978000,4.450000,,,
58.836020,4.990000,0.978000,4.450000,,,
58.847130,4.990000,0.978000,4.450000,-1.648143,2.200742,2.300238
58.858250,4.990000,0.978000,4.450000,-1.648143,2.200742,2.300238
58.869360,4.990000,0.978000,4.450000,-1.648143,2.200742,2.300238
58.880470,4.990000,0.978000,4.450000,-1.648143,2.200742,2.300238
58.891580,4.990000,0.978000,4.450000,-1.648143,2.200742,2.300238
58.902690,4.990000,0.978000,4.450000,-1.648143,2.200742,2.300238
58.913810,4.990000,0.978000,4.450000,,,
58.924920,4.990000,0.978000,4.450000,,,
58.936030,4.990000,0.978000,4.450000,,,
58.947090,4.990000,0.978000,4.450000,,,
58.958180,,,,-1.626868,2.207100,2.312353
58.969370,4.990000,0.978000,4.450000,-1.626868,2.207100,2.312353
58.980480,4.990000,0.978000,4.450000,-1.626868,2.207100,2.312353
58.991590,4.990000,0.978000,4.450000,-1.368051,2.282425,2.459747
59.002700,4.990000,0.978000,4.450000,-1.368051,2.282425,2.459747
59.013820,4.990000,0.978000,4.450000,-1.368051,2.282425,2.459747
59.024930,4.990000,0.978000,4.450000,,,
59.036040,4.990000,0.978000,4.450000,,,
59.047150,4.990000,0.978000,4.450000,,,
59.058270,4.990000,0.978000,4.450000,-1.123699,2.348696,2.598912
59.069380,4.990000,0.978000,4.450000,-1.123699,2.348696,2.598912
59.080490,4.990000,0.978000,4.450000,-1.123699,2.348696,2.598912
59.091600,4.990000,0.978000,4.450000,-0.845672,2.411893,2.757326
59.102710,4.990000,0.978000,4.450000,-0.845672,2.411893,2.757326
59.113830,4.990000,0.978000,4.450000,-0.845672,2.411893,2.757326
59.124940,4.990000,0.978000,4.450000,,,
59.136050,4.990000,0.978000,4.450000,,,
59.147160,4.990000,0.978000,4.450000,,,
59.158280,4.990000,0.978000,4.450000,-0.577141,2.452617,2.910324
59.169390,4.990000,0.978000,4.450000,-0.577141,2.452617,2.910324
59.180500,4.990000,0.978000,4.450000,-0.577141,2.452617,2.910324
59.191610,4.990000,0.978000,4.450000,-0.313355,2.467850,3.060682
59.202720,4.990000,0.978000,4.450000,-0.313355,2.467850,3.060682
59.213840,4.990000,0.978000,4.450000,-0.313355,2.467850,3.060682
59.224950,4.990000,0.978000,4.450000,,,
59.236060,4.990000,0.978000,4.450000,,,
59.247170,4.990000,0.978000,4.450000,,,
59.258290,4.990000,0.978000,4.450000,-0.049637,2.456108,3.213495
59.269400,4.990000,0.978000,4.450000,-0.049637,2.456108,3.213495
59.280510,4.990000,0.978000,4.450000,-0.049637,2.456108,3.213495
59.291620,4.990000,0.978000,4.450000,0.211920,2.415865,3.372791
59.302730,4.990000,0.978000,4.450000,0.211920,2.415865,3.372791
59.313850,4.990000,0.978000,4.450000,0.211920,2.415865,3.372791
59.324960,4.990000,0.978000,4.450000,,,
59.336070,4.990000,0.978000,4.450000,,,
59.347180,4.990000,0.978000,4.450000,,,
59.358300,4.990000,0.978000,4.450000,0.456624,2.354378,3.533826
59.369410,4.990000,0.978000,4.450000,0.456624,2.354378,3.533826
59.380520,4.990000,0.978000,4.450000,0.456624,2.354378,3.533826
59.391630,4.990000,0.978000,4.450000,0.456624,2.354378,3.533826
59.402740,4.990000,0.978000,4.450000,0.569406,2.319891,3.611444
59.413860,4.990000,0.978000,4.450000,0.569406,2.319891,3.611444
59.424970,4.990000,0.978000,4.450000,0.569406,2.319891,3.611444
59.436080,4.990000,0.978000,4.450000,,,
59.447190,4.990000,0.978000,4.450000,,,
59.458310,4.990000,0.978000,4.450000,,,
59.469420,4.990000,0.978000,4.450000,0.569406,2.319891,3.611444
59.480530,4.990000,0.978000,4.450000,0.569406,2.319891,3.611444
59.491640,4.990000,0.978000,4.450000,0.569406,2.319891,3.611444
59.502750,4.990000,0.978000,4.450000,0.569406,2.319891,3.611444
59.513870,4.990000,0.978000,4.450000,0.569406,2.319891,3.611444
59.524980,4.990000,0.978000,4.450000,0.569406,2.319891,3.611444
59.536090,4.990000,0.978000,4.450000,0.569406,2.319891,3.611444
59.547200,4.990000,0.978000,4.450000,0.569406,2.319891,3.611444
59.558320,4.990000,0.978000,4.450000,0.569406,2.319891,3.611444
59.569430,4.990000,0.978000,4.450000,0.569406,2.319891,3.611444
59.580540,4.990000,0.978000,4.450000,0.569406,2.319891,3.611444
59.591650,4.990000,0.978000,4.450000,0.569406,2.319891,3.611444
59.602760,4.990000,0.978000,4.450000,0.569406,2.319891,3.611444
59.613880,4.990000,0.978000,4.450000,0.451972,2.349478,3.481928
59.624990,4.990000,0.978000,4.450000,0.451972,2.349478,3.481928
59.636100,4.990000,0.978000,4.450000,0.451972,2.349478,3.481928
59.647210,4.990000,0.978000,4.450000,0.250088,2.392780,3.254260
59.658330,4.990000,0.978000,4.450000,0.250088,2.392780,3.254260
59.669440,4.990000,0.978000,4.450000,0.250088,2.392780,3.254260
59.680550,4.990000,0.978000,4.450000,,,
59.691660,4.990000,0.978000,4.450000,,,
59.702770,4.990000,0.978000,4.450000,,,
59.713890,4.990000,0.978000,4.450000,0.049858,2.405468,3.019299
59.725000,4.990000,0.978000,4.450000,0.049858,2.405468,3.019299
59.736110,4.990000,0.978000,4.450000,0.049858,2.405468,3.019299
59.747220,4.990000,0.978000,4.450000,-0.147063,2.360723,2.783507
59.758340,4.990000,0.978000,4.450000,-0.147063,2.360723,2.783507
59.769450,4.990000,0.978000,4.450000,-0.147063,2.360723,2.783507
59.780560,4.990000,0.978000,4.450000,,,
59.791670,4.990000,0.978000,4.450000,,,
59.802780,4.990000,0.978000,4.450000,,,
59.813900,4.990000,0.978000,4.450000,-0.324402,2.262269,2.560217
59.825010,4.990000,0.978000,4.450000,-0.324402,2.262269,2.560217
59.836120,4.990000,0.978000,4.450000,-0.324402,2.262269,2.560217
59.847230,4.990000,0.978000,4.450000,-0.501121,2.137030,2.348044
59.858350,4.990000,0.978000,4.450000,-0.501121,2.137030,2.348044
59.869460,4.990000,0.978000,4.450000,-0.501121,2.137030,2.348044
59.880570,4.990000,0.978000,4.450000,,,
59.891680,4.990000,0.978000,4.450000,,,
59.902790,4.990000,0.978000,4.450000,,,
59.913860,4.990000,0.978000,4.450000,,,
59.925020,4.990000,0.978000,4.450000,-0.531831,2.113727,2.311084
59.936130,4.990000,0.978000,4.450000,-0.531831,2.113727,2.311084
59.947240,4.990000,0.978000,4.450000,-0.531831,2.113727,2.311084
59.958350,4.990000,0.978000,4.450000,-0.531831,2.113727,2.311084
59.969470,4.990000,0.978000,4.450000,-0.531831,2.113727,2.311084
59.980580,4.990000,0.978000,4.450000,-0.531831,2.113727,2.311084
59.991690,4.990000,0.978000,4.450000,,,
60.002800,4.990000,0.978000,4.450000,,,
60.013920,4.990000,0.978000,4.450000,,,
60.025030,4.990000,0.978000,4.450000,-0.531831,2.113727,2.311084
60.036140,4.990000,0.978000,4.450000,-0.531831,2.113727,2.311084
