Timestamp,HumanMPositionX,HumanMPositionY,HumanMPositionZ,BallPositionX,BallPositionY,BallPositionZ
0.034393,4.990000,0.978000,4.450000,,,
0.045504,4.990000,0.978000,4.450000,-0.992431,2.402343,1.202692
0.056615,4.990000,0.978000,4.450000,-0.992431,2.402343,1.202692
0.067727,4.990000,0.978000,4.450000,-0.992431,2.402343,1.202692
0.078838,4.990000,0.978000,4.450000,-0.966229,2.446390,1.499876
0.089949,4.990000,0.978000,4.450000,-0.966229,2.446390,1.499876
0.101060,4.990000,0.978000,4.450000,-0.966229,2.446390,1.499876
0.112171,4.990000,0.978000,4.450000,-0.966229,2.446390,1.499876
0.123282,4.990000,0.978000,4.450000,-0.966229,2.446390,1.499876
0.134393,4.990000,0.978000,4.450000,-0.966229,2.446390,1.499876
0.145504,4.990000,0.978000,4.450000,-0.938215,2.488256,1.817620
0.156615,4.990000,0.978000,4.450000,-0.938215,2.488256,1.817620
0.167727,4.990000,0.978000,4.450000,-0.938215,2.488256,1.817620
0.178838,4.990000,0.978000,4.450000,-0.911778,2.520038,2.117461
0.189949,4.990000,0.978000,4.450000,-0.911778,2.520038,2.117461
0.201060,4.990000,0.978000,4.450000,-0.911778,2.520038,2.117461
0.212171,4.990000,0.978000,4.450000,,,
0.223282,4.990000,0.978000,4.450000,,,
0.234393,4.990000,0.978000,4.450000,,,
0.245504,4.990000,0.978000,4.450000,-0.884710,2.542604,2.424480
0.256615,4.990000,0.978000,4.450000,-0.884710,2.542604,2.424480
0.267727,4.990000,0.978000,4.450000,-0.884710,2.542604,2.424480
0.278838,4.990000,0.978000,4.450000,-0.857804,2.553657,2.729650
0.289949,4.990000,0.978000,4.450000,-0.857804,2.553657,2.729650
0.301060,4.990000,0.978000,4.450000,-0.857804,2.553657,2.729650
0.312171,4.990000,0.978000,4.450000,,,
0.323282,4.990000,0.978000,4.450000,,,
0.334393,4.990000,0.978000,4.450000,,,
0.345504,4.990000,0.978000,4.450000,-0.830599,2.553085,3.038206
0.356615,4.990000,0.978000,4.450000,-0.830599,2.553085,3.038206
0.367727,4.990000,0.978000,4.450000,-0.830599,2.553085,3.038206
0.378838,4.990000,0.978000,4.450000,-0.803543,2.541180,3.345079
0.389949,4.990000,0.978000,4.450000,-0.803543,2.541180,3.345079
0.401060,4.990000,0.978000,4.450000,-0.803543,2.541180,3.345079
0.412171,4.990000,0.978000,4.450000,-0.803543,2.541180,3.345079
0.423282,4.990000,0.978000,4.450000,-0.803543,2.541180,3.345079
0.434393,4.990000,0.978000,4.450000,-0.803543,2.541180,3.345079
0.445504,4.990000,0.978000,4.450000,-0.777181,2.519835,3.644076
0.456615,4.990000,0.978000,4.450000,-0.777181,2.519835,3.644076
0.467727,4.990000,0.978000,4.450000,-0.777181,2.519835,3.644076
0.478838,4.990000,0.978000,4.450000,-0.777181,2.519835,3.644076
0.489949,4.990000,0.978000,4.450000,-0.749084,2.488329,3.949629
0.501060,4.990000,0.978000,4.450000,-0.749084,2.488329,3.949629
0.512171,4.990000,0.978000,4.450000,-0.749084,2.488329,3.949629
0.523282,4.990000,0.978000,4.450000,-0.749084,2.488329,3.949629
0.534393,4.990000,0.978000,4.450000,-0.749084,2.488329,3.949629
0.545504,4.990000,0.978000,4.450000,-0.749084,2.488329,3.949629
0.556616,4.990000,0.978000,4.450000,-0.749084,2.488329,3.949629
0.567727,4.990000,0.978000,4.450000,-0.749084,2.488329,3.949629
0.578838,4.990000,0.978000,4.450000,-0.749084,2.488329,3.949629
0.589949,4.990000,0.978000,4.450000,-0.749084,2.488329,3.949629
0.601060,4.990000,0.978000,4.450000,-0.749084,2.488329,3.949629
0.612171,4.990000,0.978000,4.450000,-0.749084,2.488329,3.949629
0.623282,4.990000,0.978000,4.450000,,,
0.634394,4.990000,0.978000,4.450000,,,
0.645505,4.990000,0.978000,4.450000,,,
0.656616,4.990000,0.978000,4.450000,-0.749084,2.488329,3.949629
0.667727,4.990000,0.978000,4.450000,-0.749084,2.488329,3.949629
0.678838,4.990000,0.978000,4.450000,-0.749084,2.488329,3.949629
0.689949,4.990000,0.978000,4.450000,-0.750319,2.490433,3.935931
0.701060,4.990000,0.978000,4.450000,-0.750319,2.490433,3.935931
0.712172,4.990000,0.978000,4.450000,-0.750319,2.490433,3.935931
0.723283,4.990000,0.978000,4.450000,-0.750319,2.490433,3.935931
0.734394,4.990000,0.978000,4.450000,,,
0.745505,4.990000,0.978000,4.450000,,,
0.756616,4.990000,0.978000,4.450000,,,
0.767727,4.990000,0.978000,4.450000,-0.777019,2.534321,3.639742
0.778838,4.990000,0.978000,4.450000,-0.777019,2.534321,3.639742
0.789950,4.990000,0.978000,4.450000,-0.777019,2.534321,3.639742
0.801061,4.990000,0.978000,4.450000,-0.804097,2.574342,3.339371
0.812172,4.990000,0.978000,4.450000,-0.804097,2.574342,3.339371
0.823283,4.990000,0.978000,4.450000,-0.804097,2.574342,3.339371
0.834394,4.990000,0.978000,4.450000,,,
0.845505,4.990000,0.978000,4.450000,,,
0.856616,4.990000,0.978000,4.450000,,,
0.867728,4.990000,0.978000,4.450000,-0.831558,2.605268,3.034338
0.878839,4.990000,0.978000,4.450000,-0.831558,2.605268,3.034338
0.889950,4.990000,0.978000,4.450000,-0.831558,2.605268,3.034338
0.901061,4.990000,0.978000,4.450000,-0.859499,2.620984,2.724173
0.912172,4.990000,0.978000,4.450000,-0.859499,2.620984,2.724173
0.923283,4.990000,0.978000,4.450000,-0.859499,2.620984,2.724173
0.934394,4.990000,0.978000,4.450000,,,
0.945505,4.990000,0.978000,4.450000,,,
0.956617,4.990000,0.978000,4.450000,,,
0.967728,4.990000,0.978000,4.450000,-0.886295,2.616800,2.417764
0.978839,4.990000,0.978000,4.450000,-0.886295,2.616800,2.417764
0.989950,4.990000,0.978000,4.450000,-0.886295,2.616800,2.417764
1.001061,4.990000,0.978000,4.450000,-0.913330,2.589751,2.113753
1.012172,4.990000,0.978000,4.450000,-0.913330,2.589751,2.113753
1.023283,4.990000,0.978000,4.450000,-0.913330,2.589751,2.113753
1.034395,4.990000,0.978000,4.450000,,,
1.045506,4.990000,0.978000,4.450000,,,
1.056617,4.990000,0.978000,4.450000,,,
1.067728,4.990000,0.978000,4.450000,-0.942452,2.533184,1.818782
1.078839,4.990000,0.978000,4.450000,-0.942452,2.533184,1.818782
1.089950,4.990000,0.978000,4.450000,-0.942452,2.533184,1.818782
1.101061,4.990000,0.978000,4.450000,-0.973693,2.445064,1.523437
1.112172,4.990000,0.978000,4.450000,-0.973693,2.445064,1.523437
1.123284,4.990000,0.978000,4.450000,-0.973693,2.445064,1.523437
1.134395,4.990000,0.978000,4.450000,-0.973693,2.445064,1.523437
1.145506,4.990000,0.978000,4.450000,,,
1.156617,4.990000,0.978000,4.450000,,,
1.167728,4.990000,0.978000,4.450000,,,
1.178839,4.990000,0.978000,4.450000,-0.991528,2.386620,1.368885
1.189950,4.990000,0.978000,4.450000,-0.991528,2.386620,1.368885
1.201062,4.990000,0.978000,4.450000,-0.991528,2.386620,1.368885
1.212173,4.990000,0.978000,4.450000,-0.991528,2.386620,1.368885
1.223284,4.990000,0.978000,4.450000,-0.991528,2.386620,1.368885
1.234395,4.990000,0.978000,4.450000,-0.991528,2.386620,1.368885
1.245506,4.990000,0.978000,4.450000,,,
1.256617,4.990000,0.978000,4.450000,,,
1.267728,4.990000,0.978000,4.450000,,,
1.278840,4.990000,0.978000,4.450000,-0.991528,2.386620,1.368885
1.289951,4.990000,0.978000,4.450000,-0.991528,2.386620,1.368885
1.301062,4.990000,0.978000,4.450000,-0.991528,2.386620,1.368885
1.312173,4.990000,0.978000,4.450000,-0.991528,2.386620,1.368885
1.323284,4.990000,0.978000,4.450000,-0.991528,2.386620,1.368885
1.334395,4.990000,0.978000,4.450000,-0.991528,2.386620,1.368885
1.345506,4.990000,0.978000,4.450000,,,
1.356618,4.990000,0.978000,4.450000,,,
1.367729,4.990000,0.978000,4.450000,,,
1.378840,4.990000,0.978000,4.450000,-0.826584,2.408077,1.371032
1.389951,4.990000,0.978000,4.450000,-0.826584,2.408077,1.371032
1.401062,4.990000,0.978000,4.450000,-0.826584,2.408077,1.371032
1.412173,4.990000,0.978000,4.450000,-0.516504,2.440045,1.381098
1.423284,4.990000,0.978000,4.450000,-0.516504,2.440045,1.381098
1.434396,4.990000,0.978000,4.450000,-0.516504,2.440045,1.381098
1.445507,4.990000,0.978000,4.450000,-0.516504,2.440045,1.381098
1.456618,4.990000,0.978000,4.450000,,,
1.467729,4.990000,0.978000,4.450000,,,
1.478840,4.990000,0.978000,4.450000,,,
1.489951,4.990000,0.978000,4.450000,-0.210708,2.435965,1.402562
1.501062,4.990000,0.978000,4.450000,-0.210708,2.435965,1.402562
1.512174,4.990000,0.978000,4.450000,-0.210708,2.435965,1.402562
1.523285,4.990000,0.978000,4.450000,0.090389,2.372850,1.436236
1.534396,4.990000,0.978000,4.450000,0.090389,2.372850,1.436236
1.545507,4.990000,0.978000,4.450000,0.090389,2.372850,1.436236
1.556618,4.990000,0.978000,4.450000,,,
1.567729,4.990000,0.978000,4.450000,,,
1.578840,4.990000,0.978000,4.450000,,,
1.589952,4.990000,0.978000,4.450000,0.376934,2.262615,1.483432
1.601063,4.990000,0.978000,4.450000,0.376934,2.262615,1.483432
1.612174,4.990000,0.978000,4.450000,0.376934,2.262615,1.483432
1.623285,4.990000,0.978000,4.450000,0.605272,2.154358,1.532003
1.634396,4.990000,0.978000,4.450000,0.605272,2.154358,1.532003
1.645507,4.990000,0.978000,4.450000,0.605272,2.154358,1.532003
1.656618,4.990000,0.978000,4.450000,,,
1.667729,4.990000,0.978000,4.450000,,,
1.678841,4.990000,0.978000,4.450000,,,
1.689952,4.990000,0.978000,4.450000,0.605272,2.154358,1.532003
1.701063,4.990000,0.978000,4.450000,0.605272,2.154358,1.532003
1.712174,4.990000,0.978000,4.450000,0.605272,2.154358,1.532003
1.723285,4.990000,0.978000,4.450000,0.605272,2.154358,1.532003
1.734396,4.990000,0.978000,4.450000,0.605272,2.154358,1.532003
1.745507,4.990000,0.978000,4.450000,0.605272,2.154358,1.532003
1.756619,4.990000,0.978000,4.450000,,,
1.767730,4.990000,0.978000,4.450000,,,
1.778841,4.990000,0.978000,4.450000,,,
1.789952,4.990000,0.978000,4.450000,,,
1.801063,4.990000,0.978000,4.450000,0.605272,2.154358,1.532003
1.812174,4.990000,0.978000,4.450000,0.605272,2.154358,1.532003
1.823285,4.990000,0.978000,4.450000,0.605272,2.154358,1.532003
1.834397,4.990000,0.978000,4.450000,0.556410,2.173568,1.600594
1.845508,4.990000,0.978000,4.450000,0.556410,2.173568,1.600594
1.856619,4.990000,0.978000,4.450000,0.556410,2.173568,1.600594
1.867730,4.990000,0.978000,4.450000,,,
1.878841,4.990000,0.978000,4.450000,,,
1.889952,4.990000,0.978000,4.450000,,,
1.901063,4.990000,0.978000,4.450000,0.380255,2.241609,1.847875
1.912175,4.990000,0.978000,4.450000,0.380255,2.241609,1.847875
1.923286,4.990000,0.978000,4.450000,0.380255,2.241609,1.847875
1.934397,4.990000,0.978000,4.450000,0.207307,2.306046,2.090781
1.945508,4.990000,0.978000,4.450000,0.207307,2.306046,2.090781
1.956619,4.990000,0.978000,4.450000,0.207307,2.306046,2.090781
1.967730,4.990000,0.978000,4.450000,,,
1.978841,4.990000,0.978000,4.450000,,,
1.989953,4.990000,0.978000,4.450000,,,
2.001064,4.990000,0.978000,4.450000,0.032350,2.365935,2.337176
2.012175,4.990000,0.978000,4.450000,0.032350,2.365935,2.337176
2.023286,4.990000,0.978000,4.450000,0.032350,2.365935,2.337176
2.034397,4.990000,0.978000,4.450000,-0.142478,2.415843,2.585678
2.045508,4.990000,0.978000,4.450000,-0.142478,2.415843,2.585678
2.056619,4.990000,0.978000,4.450000,-0.142478,2.415843,2.585678
2.067730,4.990000,0.978000,4.450000,,,
2.078841,4.990000,0.978000,4.450000,,,
2.089952,4.990000,0.978000,4.450000,,,
2.101063,4.990000,0.978000,4.450000,-0.312726,2.450572,2.831802
2.112174,4.990000,0.978000,4.450000,-0.312726,2.450572,2.831802
2.123285,4.990000,0.978000,4.450000,-0.312726,2.450572,2.831802
2.134396,4.990000,0.978000,4.450000,-0.484621,2.467844,3.090203
2.145507,4.990000,0.978000,4.450000,-0.484621,2.467844,3.090203
2.156618,4.990000,0.978000,4.450000,-0.484621,2.467844,3.090203
2.167729,4.990000,0.978000,4.450000,-0.484621,2.467844,3.090203
2.178840,4.990000,0.978000,4.450000,-0.646313,2.464949,3.346474
2.189951,4.990000,0.978000,4.450000,-0.646313,2.464949,3.346474
2.201062,4.990000,0.978000,4.450000,-0.646313,2.464949,3.346474
2.212173,4.990000,0.978000,4.450000,-0.646313,2.464949,3.346474
2.223284,4.990000,0.978000,4.450000,-0.646313,2.464949,3.346474
2.234395,4.990000,0.978000,4.450000,-0.646313,2.464949,3.346474
2.245506,4.990000,0.978000,4.450000,-0.796944,2.443583,3.606047
2.256617,4.990000,0.978000,4.450000,-0.796944,2.443583,3.606047
2.267728,4.990000,0.978000,4.450000,-0.796944,2.443583,3.606047
2.278839,4.990000,0.978000,4.450000,-0.943377,2.405431,3.874902
2.289950,4.990000,0.978000,4.450000,-0.943377,2.405431,3.874902
2.301061,4.990000,0.978000,4.450000,-0.943377,2.405431,3.874902
2.312172,4.990000,0.978000,4.450000,,,
2.323283,4.990000,0.978000,4.450000,,,
2.334394,4.990000,0.978000,4.450000,,,
2.345505,4.990000,0.978000,4.450000,-1.030255,2.377069,4.036747
2.356616,4.990000,0.978000,4.450000,-1.030255,2.377069,4.036747
2.367727,4.990000,0.978000,4.450000,-1.030255,2.377069,4.036747
2.378838,4.990000,0.978000,4.450000,-1.030255,2.377069,4.036747
2.389949,4.990000,0.978000,4.450000,-1.030255,2.377069,4.036747
2.401060,4.990000,0.978000,4.450000,-1.030255,2.377069,4.036747
2.412171,4.990000,0.978000,4.450000,-1.030255,2.377069,4.036747
2.423282,4.990000,0.978000,4.450000,,,
2.434393,4.990000,0.978000,4.450000,,,
2.445504,4.990000,0.978000,4.450000,,,
2.456615,4.990000,0.978000,4.450000,-1.030255,2.377069,4.036747
2.467726,4.990000,0.978000,4.450000,-1.030255,2.377069,4.036747
2.478837,4.990000,0.978000,4.450000,-1.030255,2.377069,4.036747
2.489949,4.990000,0.978000,4.450000,-1.030255,2.377069,4.036747
2.501060,4.990000,0.978000,4.450000,-1.030255,2.377069,4.036747
2.512171,4.990000,0.978000,4.450000,-1.030255,2.377069,4.036747
2.523282,4.990000,0.978000,4.450000,,,
2.534393,4.990000,0.978000,4.450000,,,
2.545504,4.990000,0.978000,4.450000,,,
2.556615,4.990000,0.978000,4.450000,-1.011994,2.408437,3.885393
2.567726,4.990000,0.978000,4.450000,-1.011994,2.408437,3.885393
2.578837,4.990000,0.978000,4.450000,-1.011994,2.408437,3.885393
2.589948,4.990000,0.978000,4.450000,-0.974749,2.465837,3.586034
2.601059,4.990000,0.978000,4.450000,-0.974749,2.465837,3.586034
2.612170,4.990000,0.978000,4.450000,-0.974749,2.465837,3.586034
2.623281,4.990000,0.978000,4.450000,-0.974749,2.465837,3.586034
2.634392,4.990000,0.978000,4.450000,,,
2.645503,4.990000,0.978000,4.450000,,,
2.656614,4.990000,0.978000,4.450000,,,
2.667725,4.990000,0.978000,4.450000,-0.932711,2.495912,3.287025
2.678836,4.990000,0.978000,4.450000,-0.932711,2.495912,3.287025
2.689947,4.990000,0.978000,4.450000,-0.932711,2.495912,3.287025
2.701058,4.990000,0.978000,4.450000,-0.887903,2.465217,2.987071
2.712169,4.990000,0.978000,4.450000,-0.887903,2.465217,2.987071
2.723280,4.990000,0.978000,4.450000,-0.887903,2.465217,2.987071
2.734391,4.990000,0.978000,4.450000,,,
2.745502,4.990000,0.978000,4.450000,,,
2.756613,4.990000,0.978000,4.450000,,,
2.767724,4.990000,0.978000,4.450000,-0.838838,2.366062,2.694777
2.778835,4.990000,0.978000,4.450000,-0.838838,2.366062,2.694777
2.789946,4.990000,0.978000,4.450000,-0.838838,2.366062,2.694777
2.801057,4.990000,0.978000,4.450000,-0.810993,2.291456,2.540456
2.812168,4.990000,0.978000,4.450000,-0.810993,2.291456,2.540456
2.823279,4.990000,0.978000,4.450000,-0.810993,2.291456,2.540456
2.834390,4.990000,0.978000,4.450000,,,
2.845501,4.990000,0.978000,4.450000,,,
2.856612,4.990000,0.978000,4.450000,,,
2.867723,4.990000,0.978000,4.450000,-0.810993,2.291456,2.540456
2.878834,4.990000,0.978000,4.450000,-0.810993,2.291456,2.540456
2.889945,4.990000,0.978000,4.450000,-0.810993,2.291456,2.540456
2.901056,4.990000,0.978000,4.450000,-0.810993,2.291456,2.540456
2.912167,4.990000,0.978000,4.450000,-0.810993,2.291456,2.540456
2.923278,4.990000,0.978000,4.450000,-0.810993,2.291456,2.540456
2.934389,4.990000,0.978000,4.450000,-0.810993,2.291456,2.540456
2.945500,4.990000,0.978000,4.450000,,,
2.956611,4.990000,0.978000,4.450000,,,
2.967722,4.990000,0.978000,4.450000,,,
2.978833,4.990000,0.978000,4.450000,-0.810993,2.291456,2.540456
2.989944,4.990000,0.978000,4.450000,-0.810993,2.291456,2.540456
3.001055,4.990000,0.978000,4.450000,-0.810993,2.291456,2.540456
3.012167,4.990000,0.978000,4.450000,-0.734555,2.321531,2.559014
3.023278,4.990000,0.978000,4.450000,-0.734555,2.321531,2.559014
3.034389,4.990000,0.978000,4.450000,-0.734555,2.321531,2.559014
3.045500,4.990000,0.978000,4.450000,-0.455311,2.422935,2.631399
3.056611,4.990000,0.978000,4.450000,-0.455311,2.422935,2.631399
3.067722,4.990000,0.978000,4.450000,-0.455311,2.422935,2.631399
3.078833,4.990000,0.978000,4.450000,-0.455311,2.422935,2.631399
3.089944,4.990000,0.978000,4.450000,-0.455311,2.422935,2.631399
3.101055,4.990000,0.978000,4.450000,-0.455311,2.422935,2.631399
3.112166,4.990000,0.978000,4.450000,-0.455311,2.422935,2.631399
3.123277,4.990000,0.978000,4.450000,-0.165079,2.484531,2.716107
3.134388,4.990000,0.978000,4.450000,-0.165079,2.484531,2.716107
3.145499,4.990000,0.978000,4.450000,-0.165079,2.484531,2.716107
3.156610,4.990000,0.978000,4.450000,0.122220,2.463928,2.806359
3.167721,4.990000,0.978000,4.450000,0.122220,2.463928,2.806359
3.178832,4.990000,0.978000,4.450000,0.122220,2.463928,2.806359
3.189943,4.990000,0.978000,4.450000,,,
3.201054,4.990000,0.978000,4.450000,,,
3.212165,4.990000,0.978000,4.450000,,,
3.223276,4.990000,0.978000,4.450000,0.401680,2.367088,2.896263
3.234387,4.990000,0.978000,4.450000,0.401680,2.367088,2.896263
3.245498,4.990000,0.978000,4.450000,0.401680,2.367088,2.896263
3.256609,4.990000,0.978000,4.450000,0.520212,2.310740,2.933679
3.267720,4.990000,0.978000,4.450000,0.520212,2.310740,2.933679
3.278831,4.990000,0.978000,4.450000,0.520212,2.310740,2.933679
3.289942,4.990000,0.978000,4.450000,,,
3.301053,4.990000,0.978000,4.450000,,,
3.312164,4.990000,0.978000,4.450000,,,
3.323275,4.990000,0.978000,4.450000,0.520212,2.310740,2.933679
3.334386,4.990000,0.978000,4.450000,0.520212,2.310740,2.933679
3.345497,4.990000,0.978000,4.450000,0.520212,2.310740,2.933679
3.356608,4.990000,0.978000,4.450000,0.520212,2.310740,2.933679
3.367719,4.990000,0.978000,4.450000,0.520212,2.310740,2.933679
3.378830,4.990000,0.978000,4.450000,0.520212,2.310740,2.933679
3.389941,4.990000,0.978000,4.450000,,,
3.401052,4.990000,0.978000,4.450000,,,
3.412163,4.990000,0.978000,4.450000,,,
3.423274,4.990000,0.978000,4.450000,0.520212,2.310740,2.933679
3.434385,4.990000,0.978000,4.450000,0.520212,2.310740,2.933679
3.445496,4.990000,0.978000,4.450000,0.520212,2.310740,2.933679
3.456607,4.990000,0.978000,4.450000,0.381066,2.344857,3.054060
3.467718,4.990000,0.978000,4.450000,0.381066,2.344857,3.054060
3.478829,4.990000,0.978000,4.450000,0.381066,2.344857,3.054060
3.489940,4.990000,0.978000,4.450000,,,
3.501051,4.990000,0.978000,4.450000,,,
3.512162,4.990000,0.978000,4.450000,,,
3.523273,4.990000,0.978000,4.450000,,,
3.534384,4.990000,0.978000,4.450000,0.157450,2.390945,3.247520
3.545496,4.990000,0.978000,4.450000,0.157450,2.390945,3.247520
3.556607,4.990000,0.978000,4.450000,0.157450,2.390945,3.247520
3.567718,4.990000,0.978000,4.450000,-0.072726,2.410161,3.446654
3.578829,4.990000,0.978000,4.450000,-0.072726,2.410161,3.446654
3.589940,4.990000,0.978000,4.450000,-0.072726,2.410161,3.446654
3.601051,4.990000,0.978000,4.450000,,,
3.612162,4.990000,0.978000,4.450000,,,
3.623273,4.990000,0.978000,4.450000,,,
3.634384,4.990000,0.978000,4.450000,-0.306302,2.380549,3.648729
3.645495,4.990000,0.978000,4.450000,-0.306302,2.380549,3.648729
3.656606,4.990000,0.978000,4.450000,-0.306302,2.380549,3.648729
3.667717,4.990000,0.978000,4.450000,-0.529047,2.302376,3.842333
3.678828,4.990000,0.978000,4.450000,-0.529047,2.302376,3.842333
3.689939,4.990000,0.978000,4.450000,-0.529047,2.302376,3.842333
3.701050,4.990000,0.978000,4.450000,,,
3.712161,4.990000,0.978000,4.450000,,,
3.723272,4.990000,0.978000,4.450000,,,
3.734383,4.990000,0.978000,4.450000,-0.740066,2.193274,4.025315
3.745494,4.990000,0.978000,4.450000,-0.740066,2.193274,4.025315
3.756605,4.990000,0.978000,4.450000,-0.740066,2.193274,4.025315
3.767716,4.990000,0.978000,4.450000,-0.828246,2.141541,4.101719
3.778827,4.990000,0.978000,4.450000,-0.828246,2.141541,4.101719
3.789938,4.990000,0.978000,4.450000,-0.828246,2.141541,4.101719
3.801049,4.990000,0.978000,4.450000,-0.828246,2.141541,4.101719
3.812160,4.990000,0.978000,4.450000,,,
3.823271,4.990000,0.978000,4.450000,,,
3.834382,4.990000,0.978000,4.450000,,,
3.845493,4.990000,0.978000,4.450000,-0.828246,2.141541,4.101719
3.856604,4.990000,0.978000,4.450000,-0.828246,2.141541,4.101719
3.867715,4.990000,0.978000,4.450000,-0.828246,2.141541,4.101719
3.878826,4.990000,0.978000,4.450000,-0.828246,2.141541,4.101719
3.889937,4.990000,0.978000,4.450000,-0.828246,2.141541,4.101719
3.901048,4.990000,0.978000,4.450000,-0.828246,2.141541,4.101719
3.912159,4.990000,0.978000,4.450000,-0.828246,2.141541,4.101719
3.923270,4.990000,0.978000,4.450000,-0.828246,2.141541,4.101719
3.934381,4.990000,0.978000,4.450000,-0.828246,2.141541,4.101719
3.945492,4.990000,0.978000,4.450000,-0.828246,2.141541,4.101719
3.956603,4.990000,0.978000,4.450000,-0.828246,2.141541,4.101719
3.967714,4.990000,0.978000,4.450000,-0.828246,2.141541,4.101719
3.978825,4.990000,0.978000,4.450000,-0.828153,2.260643,3.949625
3.989936,4.990000,0.978000,4.450000,-0.828153,2.260643,3.949625
4.001048,4.990000,0.978000,4.450000,-0.828153,2.260643,3.949625
4.012159,4.990000,0.978000,4.450000,-0.828153,2.260643,3.949625
4.023270,4.990000,0.978000,4.450000,-0.844350,2.362762,3.694905
4.034381,4.990000,0.978000,4.450000,-0.844350,2.362762,3.694905
4.045493,4.990000,0.978000,4.450000,-0.844350,2.362762,3.694905
4.056604,4.990000,0.978000,4.450000,-0.844350,2.362762,3.694905
4.067715,4.990000,0.978000,4.450000,-0.844350,2.362762,3.694905
4.078826,4.990000,0.978000,4.450000,-0.844350,2.362762,3.694905
4.089938,4.990000,0.978000,4.450000,-0.872761,2.275954,3.517828
4.101049,4.990000,0.978000,4.450000,-0.872761,2.275954,3.517828
4.112160,4.990000,0.978000,4.450000,-0.872761,2.275954,3.517828
4.123271,4.990000,0.978000,4.450000,-0.887593,2.227083,3.459684
4.134383,4.990000,0.978000,4.450000,-0.887593,2.227083,3.459684
4.145494,4.990000,0.978000,4.450000,-0.887593,2.227083,3.459684
4.156605,4.990000,0.978000,4.450000,-0.887593,2.227083,3.459684
4.167717,4.990000,0.978000,4.450000,-0.887593,2.227083,3.459684
4.178828,4.990000,0.978000,4.450000,-0.887593,2.227083,3.459684
4.189939,4.990000,0.978000,4.450000,-0.887593,2.227083,3.459684
4.201050,4.990000,0.978000,4.450000,-0.887593,2.227083,3.459684
4.212162,4.990000,0.978000,4.450000,-0.887593,2.227083,3.459684
4.223273,4.990000,0.978000,4.450000,-0.887593,2.227083,3.459684
4.234384,4.990000,0.978000,4.450000,-0.887593,2.227083,3.459684
4.245495,4.990000,0.978000,4.450000,-0.887593,2.227083,3.459684
4.256607,4.990000,0.978000,4.450000,,,
4.267718,4.990000,0.978000,4.450000,,,
4.278829,4.990000,0.978000,4.450000,,,
4.289940,4.990000,0.978000,4.450000,,,
4.301052,4.990000,0.978000,4.450000,-0.887593,2.227083,3.459684
4.312163,4.990000,0.978000,4.450000,-0.887593,2.227083,3.459684
4.323274,4.990000,0.978000,4.450000,-0.887593,2.227083,3.459684
4.334385,4.990000,0.978000,4.450000,-0.685142,2.278988,3.386357
4.345497,4.990000,0.978000,4.450000,-0.685142,2.278988,3.386357
4.356608,4.990000,0.978000,4.450000,-0.685142,2.278988,3.386357
4.367719,4.990000,0.978000,4.450000,,,
4.378830,4.990000,0.978000,4.450000,,,
4.389942,4.990000,0.978000,4.450000,,,
4.401053,4.990000,0.978000,4.450000,-0.397009,2.335274,3.282145
4.412164,4.990000,0.978000,4.450000,-0.397009,2.335274,3.282145
4.423275,4.990000,0.978000,4.450000,-0.397009,2.335274,3.282145
4.434387,4.990000,0.978000,4.450000,-0.105556,2.333554,3.176764
4.445498,4.990000,0.978000,4.450000,-0.105556,2.333554,3.176764
4.456609,4.990000,0.978000,4.450000,-0.105556,2.333554,3.176764
4.467721,4.990000,0.978000,4.450000,,,
4.478832,4.990000,0.978000,4.450000,,,
4.489943,4.990000,0.978000,4.450000,,,
4.501054,4.990000,0.978000,4.450000,0.177093,2.257755,3.074361
4.512166,4.990000,0.978000,4.450000,0.177093,2.257755,3.074361
4.523277,4.990000,0.978000,4.450000,0.177093,2.257755,3.074361
4.534388,4.990000,0.978000,4.450000,0.177093,2.257755,3.074361
4.545499,4.990000,0.978000,4.450000,0.435655,2.143540,2.964375
4.556611,4.990000,0.978000,4.450000,0.435655,2.143540,2.964375
4.567722,4.990000,0.978000,4.450000,0.435655,2.143540,2.964375
4.578833,4.990000,0.978000,4.450000,0.478313,2.123277,2.941953
4.589944,4.990000,0.978000,4.450000,0.478313,2.123277,2.941953
4.601056,4.990000,0.978000,4.450000,0.478313,2.123277,2.941953
4.612167,4.990000,0.978000,4.450000,0.478313,2.123277,2.941953
4.623278,4.990000,0.978000,4.450000,0.478313,2.123277,2.941953
4.634389,4.990000,0.978000,4.450000,0.478313,2.123277,2.941953
4.645501,4.990000,0.978000,4.450000,0.478313,2.123277,2.941953
4.656612,4.990000,0.978000,4.450000,0.478313,2.123277,2.941953
4.667723,4.990000,0.978000,4.450000,0.478313,2.123277,2.941953
4.678834,4.990000,0.978000,4.450000,0.478313,2.123277,2.941953
4.689946,4.990000,0.978000,4.450000,0.478313,2.123277,2.941953
4.701057,4.990000,0.978000,4.450000,0.478313,2.123277,2.941953
4.712168,4.990000,0.978000,4.450000,0.478313,2.123277,2.941953
4.723279,4.990000,0.978000,4.450000,,,
4.734391,4.990000,0.978000,4.450000,,,
4.745502,4.990000,0.978000,4.450000,,,
4.756613,4.990000,0.978000,4.450000,0.478313,2.123277,2.941953
4.767725,4.990000,0.978000,4.450000,0.478313,2.123277,2.941953
4.778836,4.990000,0.978000,4.450000,0.478313,2.123277,2.941953
4.789947,4.990000,0.978000,4.450000,0.354452,2.217786,3.155092
4.801058,4.990000,0.978000,4.450000,0.354452,2.217786,3.155092
4.812170,4.990000,0.978000,4.450000,0.354452,2.217786,3.155092
4.823281,4.990000,0.978000,4.450000,,,
4.834392,4.990000,0.978000,4.450000,,,
4.845503,4.990000,0.978000,4.450000,,,
4.856615,4.990000,0.978000,4.450000,0.216291,2.319321,3.415170
4.867726,4.990000,0.978000,4.450000,0.216291,2.319321,3.415170
4.878837,4.990000,0.978000,4.450000,0.216291,2.319321,3.415170
4.889948,4.990000,0.978000,4.450000,0.089488,2.381538,3.687270
4.901060,4.990000,0.978000,4.450000,0.089488,2.381538,3.687270
4.912171,4.990000,0.978000,4.450000,0.089488,2.381538,3.687270
4.923282,4.990000,0.978000,4.450000,,,
4.934393,4.990000,0.978000,4.450000,,,
4.945505,4.990000,0.978000,4.450000,,,
4.956616,4.990000,0.978000,4.450000,,,
4.967715,,,,-0.020404,2.382852,3.967404
4.978838,4.990000,0.978000,4.450000,-0.020404,2.382852,3.967404
4.989950,4.990000,0.978000,4.450000,-0.020404,2.382852,3.967404
5.001061,4.990000,0.978000,4.450000,-0.098882,2.329785,4.256662
5.012172,4.990000,0.978000,4.450000,-0.098882,2.329785,4.256662
5.023283,4.990000,0.978000,4.450000,-0.098882,2.329785,4.256662
5.034395,4.990000,0.978000,4.450000,,,
5.045506,4.990000,0.978000,4.450000,,,
5.056617,4.990000,0.978000,4.450000,,,
5.067729,4.990000,0.978000,4.450000,-0.114444,2.308613,4.338839
5.078840,4.990000,0.978000,4.450000,-0.114444,2.308613,4.338839
5.089951,4.990000,0.978000,4.450000,-0.114444,2.308613,4.338839
5.101062,4.990000,0.978000,4.450000,-0.114444,2.308613,4.338839
5.112174,4.990000,0.978000,4.450000,-0.114444,2.308613,4.338839
5.123285,4.990000,0.978000,4.450000,-0.114444,2.308613,4.338839
5.134396,4.990000,0.978000,4.450000,,,
5.145507,4.990000,0.978000,4.450000,,,
5.156619,4.990000,0.978000,4.450000,,,
5.167730,4.990000,0.978000,4.450000,-0.114444,2.308613,4.338839
5.178841,4.990000,0.978000,4.450000,-0.114444,2.308613,4.338839
5.189952,4.990000,0.978000,4.450000,-0.114444,2.308613,4.338839
5.201064,4.990000,0.978000,4.450000,-0.114444,2.308613,4.338839
5.212175,4.990000,0.978000,4.450000,-0.114444,2.308613,4.338839
5.223286,4.990000,0.978000,4.450000,-0.114444,2.308613,4.338839
5.234397,4.990000,0.978000,4.450000,-0.114444,2.308613,4.338839
5.245509,4.990000,0.978000,4.450000,,,
5.256620,4.990000,0.978000,4.450000,,,
5.267731,4.990000,0.978000,4.450000,,,
5.278842,4.990000,0.978000,4.450000,-0.269400,2.361133,4.183655
5.289954,4.990000,0.978000,4.450000,-0.269400,2.361133,4.183655
5.301065,4.990000,0.978000,4.450000,-0.269400,2.361133,4.183655
5.312176,4.990000,0.978000,4.450000,-0.467223,2.402726,3.985543
5.323287,4.990000,0.978000,4.450000,-0.467223,2.402726,3.985543
5.334399,4.990000,0.978000,4.450000,-0.467223,2.402726,3.985543
5.345510,4.990000,0.978000,4.450000,,,
5.356621,4.990000,0.978000,4.450000,,,
5.367733,4.990000,0.978000,4.450000,,,
5.378844,4.990000,0.978000,4.450000,-0.682049,2.347738,3.756808
5.389955,4.990000,0.978000,4.450000,-0.682049,2.347738,3.756808
5.401066,4.990000,0.978000,4.450000,-0.682049,2.347738,3.756808
5.412178,4.990000,0.978000,4.450000,-0.829204,2.223744,3.568913
5.423289,4.990000,0.978000,4.450000,-0.829204,2.223744,3.568913
5.434400,4.990000,0.978000,4.450000,-0.829204,2.223744,3.568913
5.445511,4.990000,0.978000,4.450000,-0.876148,2.171385,3.499631
5.456623,4.990000,0.978000,4.450000,-0.876148,2.171385,3.499631
5.467734,4.990000,0.978000,4.450000,-0.876148,2.171385,3.499631
5.478845,4.990000,0.978000,4.450000,-0.876148,2.171385,3.499631
5.489956,4.990000,0.978000,4.450000,-0.876148,2.171385,3.499631
5.501068,4.990000,0.978000,4.450000,-0.876148,2.171385,3.499631
5.512179,4.990000,0.978000,4.450000,-0.876148,2.171385,3.499631
5.523290,4.990000,0.978000,4.450000,-0.876148,2.171385,3.499631
5.534401,4.990000,0.978000,4.450000,-0.876148,2.171385,3.499631
5.545513,4.990000,0.978000,4.450000,-0.876148,2.171385,3.499631
5.556624,4.990000,0.978000,4.450000,-0.876148,2.171385,3.499631
5.567735,4.990000,0.978000,4.450000,-0.876148,2.171385,3.499631
5.578846,4.990000,0.978000,4.450000,-0.876148,2.171385,3.499631
5.589958,4.990000,0.978000,4.450000,-0.876148,2.171385,3.499631
5.601069,4.990000,0.978000,4.450000,-0.876148,2.171385,3.499631
5.612180,4.990000,0.978000,4.450000,-0.876148,2.171385,3.499631
5.623291,4.990000,0.978000,4.450000,-0.876148,2.171385,3.499631
5.634403,4.990000,0.978000,4.450000,-0.876148,2.171385,3.499631
5.645514,4.990000,0.978000,4.450000,-0.876148,2.171385,3.499631
5.656625,4.990000,0.978000,4.450000,-0.753348,2.232955,3.374312
5.667737,4.990000,0.978000,4.450000,-0.753348,2.232955,3.374312
5.678848,4.990000,0.978000,4.450000,-0.753348,2.232955,3.374312
5.689959,4.990000,0.978000,4.450000,-0.753348,2.232955,3.374312
5.701070,4.990000,0.978000,4.450000,-0.753348,2.232955,3.374312
5.712182,4.990000,0.978000,4.450000,-0.753348,2.232955,3.374312
5.723293,4.990000,0.978000,4.450000,-0.548661,2.327990,3.161555
5.734404,4.990000,0.978000,4.450000,-0.548661,2.327990,3.161555
5.745515,4.990000,0.978000,4.450000,-0.548661,2.327990,3.161555
5.756627,4.990000,0.978000,4.450000,-0.340770,2.402248,2.942358
5.767738,4.990000,0.978000,4.450000,-0.340770,2.402248,2.942358
5.778849,4.990000,0.978000,4.450000,-0.340770,2.402248,2.942358
5.789960,4.990000,0.978000,4.450000,,,
5.801072,4.990000,0.978000,4.450000,,,
5.812183,4.990000,0.978000,4.450000,,,
5.823294,4.990000,0.978000,4.450000,,,
5.834405,4.990000,0.978000,4.450000,-0.129413,2.444860,2.718336
5.845517,4.990000,0.978000,4.450000,-0.129413,2.444860,2.718336
5.856628,4.990000,0.978000,4.450000,-0.129413,2.444860,2.718336
5.867739,4.990000,0.978000,4.450000,0.084341,2.454369,2.493867
5.878850,4.990000,0.978000,4.450000,0.084341,2.454369,2.493867
5.889962,4.990000,0.978000,4.450000,0.084341,2.454369,2.493867
5.901073,4.990000,0.978000,4.450000,,,
5.912184,4.990000,0.978000,4.450000,,,
5.923295,4.990000,0.978000,4.450000,,,
5.934407,4.990000,0.978000,4.450000,0.297168,2.437395,2.273186
5.945518,4.990000,0.978000,4.450000,0.297168,2.437395,2.273186
5.956629,4.990000,0.978000,4.450000,0.297168,2.437395,2.273186
5.967741,4.990000,0.978000,4.450000,0.510834,2.402217,2.054826
5.978852,4.990000,0.978000,4.450000,0.510834,2.402217,2.054826
5.989963,4.990000,0.978000,4.450000,0.510834,2.402217,2.054826
6.001074,4.990000,0.978000,4.450000,,,
6.012186,4.990000,0.978000,4.450000,,,
6.023297,4.990000,0.978000,4.450000,,,
6.034408,4.990000,0.978000,4.450000,0.538536,2.396855,2.027113
6.045519,4.990000,0.978000,4.450000,0.538536,2.396855,2.027113
6.056631,4.990000,0.978000,4.450000,0.538536,2.396855,2.027113
6.067742,4.990000,0.978000,4.450000,0.538536,2.396855,2.027113
6.078853,4.990000,0.978000,4.450000,0.538536,2.396855,2.027113
6.089964,4.990000,0.978000,4.450000,0.538536,2.396855,2.027113
6.101076,4.990000,0.978000,4.450000,,,
6.112187,4.990000,0.978000,4.450000,,,
6.123298,4.990000,0.978000,4.450000,,,
6.134409,4.990000,0.978000,4.450000,0.538536,2.396855,2.027113
6.145521,4.990000,0.978000,4.450000,0.538536,2.396855,2.027113
6.156632,4.990000,0.978000,4.450000,0.538536,2.396855,2.027113
6.167743,4.990000,0.978000,4.450000,0.538536,2.396855,2.027113
6.178854,4.990000,0.978000,4.450000,0.538536,2.396855,2.027113
6.189966,4.990000,0.978000,4.450000,0.538536,2.396855,2.027113
6.201077,4.990000,0.978000,4.450000,0.538536,2.396855,2.027113
6.212188,4.990000,0.978000,4.450000,,,
6.223300,4.990000,0.978000,4.450000,,,
6.234411,4.990000,0.978000,4.450000,,,
6.245522,4.990000,0.978000,4.450000,0.504065,2.442408,2.301425
6.256633,4.990000,0.978000,4.450000,0.504065,2.442408,2.301425
6.267745,4.990000,0.978000,4.450000,0.504065,2.442408,2.301425
6.278856,4.990000,0.978000,4.450000,0.459571,2.481982,2.594332
6.289967,4.990000,0.978000,4.450000,0.459571,2.481982,2.594332
6.301078,4.990000,0.978000,4.450000,0.459571,2.481982,2.594332
6.312190,4.990000,0.978000,4.450000,,,
6.323301,4.990000,0.978000,4.450000,,,
6.334412,4.990000,0.978000,4.450000,,,
6.345523,4.990000,0.978000,4.450000,0.400421,2.500724,2.893023
6.356635,4.990000,0.978000,4.450000,0.400421,2.500724,2.893023
6.367746,4.990000,0.978000,4.450000,0.400421,2.500724,2.893023
6.378857,4.990000,0.978000,4.450000,0.324010,2.485023,3.190701
6.389968,4.990000,0.978000,4.450000,0.324010,2.485023,3.190701
6.401080,4.990000,0.978000,4.450000,0.324010,2.485023,3.190701
6.412191,4.990000,0.978000,4.450000,,,
6.423302,4.990000,0.978000,4.450000,,,
6.434413,4.990000,0.978000,4.450000,,,
6.445525,4.990000,0.978000,4.450000,,,
6.456636,4.990000,0.978000,4.450000,0.239811,2.431690,3.475897
6.467747,4.990000,0.978000,4.450000,0.239811,2.431690,3.475897
6.478858,4.990000,0.978000,4.450000,0.239811,2.431690,3.475897
6.489970,4.990000,0.978000,4.450000,0.145533,2.345379,3.750710
6.501081,4.990000,0.978000,4.450000,0.145533,2.345379,3.750710
6.512192,4.990000,0.978000,4.450000,0.145533,2.345379,3.750710
6.523304,4.990000,0.978000,4.450000,,,
6.534415,4.990000,0.978000,4.450000,,,
6.545526,4.990000,0.978000,4.450000,,,
6.556637,4.990000,0.978000,4.450000,0.038662,2.234420,4.019822
6.567749,4.990000,0.978000,4.450000,0.038662,2.234420,4.019822
6.578860,4.990000,0.978000,4.450000,0.038662,2.234420,4.019822
6.589971,4.990000,0.978000,4.450000,0.014894,2.209850,4.074167
6.601082,4.990000,0.978000,4.450000,0.014894,2.209850,4.074167
6.612194,4.990000,0.978000,4.450000,0.014894,2.209850,4.074167
6.623305,4.990000,0.978000,4.450000,,,
6.634416,4.990000,0.978000,4.450000,,,
6.645527,4.990000,0.978000,4.450000,,,
6.656639,4.990000,0.978000,4.450000,0.014894,2.209850,4.074167
6.667750,4.990000,0.978000,4.450000,0.014894,2.209850,4.074167
6.678861,4.990000,0.978000,4.450000,0.014894,2.209850,4.074167
6.689972,4.990000,0.978000,4.450000,0.014894,2.209850,4.074167
6.701084,4.990000,0.978000,4.450000,0.014894,2.209850,4.074167
6.712195,4.990000,0.978000,4.450000,0.014894,2.209850,4.074167
6.723306,4.990000,0.978000,4.450000,0.014894,2.209850,4.074167
6.734417,4.990000,0.978000,4.450000,0.014894,2.209850,4.074167
6.745529,4.990000,0.978000,4.450000,0.014894,2.209850,4.074167
6.756640,4.990000,0.978000,4.450000,0.014894,2.209850,4.074167
6.767751,4.990000,0.978000,4.450000,0.014894,2.209850,4.074167
6.778862,4.990000,0.978000,4.450000,0.014894,2.209850,4.074167
6.789974,4.990000,0.978000,4.450000,-0.074155,2.356540,3.877004
6.801085,4.990000,0.978000,4.450000,-0.074155,2.356540,3.877004
6.812196,4.990000,0.978000,4.450000,-0.074155,2.356540,3.877004
6.823308,4.990000,0.978000,4.450000,,,
6.834419,4.990000,0.978000,4.450000,,,
6.845530,4.990000,0.978000,4.450000,,,
6.856641,4.990000,0.978000,4.450000,,,
6.867753,4.990000,0.978000,4.450000,-0.192675,2.432366,3.612405
6.878864,4.990000,0.978000,4.450000,-0.192675,2.432366,3.612405
6.889975,4.990000,0.978000,4.450000,-0.192675,2.432366,3.612405
6.901086,4.990000,0.978000,4.450000,-0.280414,2.346035,3.414865
6.912198,4.990000,0.978000,4.450000,-0.280414,2.346035,3.414865
6.923309,4.990000,0.978000,4.450000,-0.280414,2.346035,3.414865
6.934420,4.990000,0.978000,4.450000,,,
6.945531,4.990000,0.978000,4.450000,,,
6.956643,4.990000,0.978000,4.450000,,,
6.967754,4.990000,0.978000,4.450000,-0.308226,2.303386,3.352698
6.978865,4.990000,0.978000,4.450000,-0.308226,2.303386,3.352698
6.989976,4.990000,0.978000,4.450000,-0.308226,2.303386,3.352698
7.001088,4.990000,0.978000,4.450000,-0.308226,2.303386,3.352698
7.012199,4.990000,0.978000,4.450000,-0.308226,2.303386,3.352698
7.023310,4.990000,0.978000,4.450000,-0.308226,2.303386,3.352698
7.034421,4.990000,0.978000,4.450000,-0.308226,2.303386,3.352698
7.045533,4.990000,0.978000,4.450000,-0.308226,2.303386,3.352698
7.056644,4.990000,0.978000,4.450000,-0.308226,2.303386,3.352698
7.067755,4.990000,0.978000,4.450000,-0.308226,2.303386,3.352698
7.078866,4.990000,0.978000,4.450000,-0.308226,2.303386,3.352698
7.089978,4.990000,0.978000,4.450000,-0.308226,2.303386,3.352698
7.101089,4.990000,0.978000,4.450000,-0.308226,2.303386,3.352698
7.112200,4.990000,0.978000,4.450000,-0.308226,2.303386,3.352698
7.123312,4.990000,0.978000,4.450000,-0.308226,2.303386,3.352698
7.134423,4.990000,0.978000,4.450000,-0.194321,2.343565,3.171663
7.145534,4.990000,0.978000,4.450000,-0.194321,2.343565,3.171663
7.156645,4.990000,0.978000,4.450000,-0.194321,2.343565,3.171663
7.167757,4.990000,0.978000,4.450000,-0.194321,2.343565,3.171663
7.178868,4.990000,0.978000,4.450000,-0.194321,2.343565,3.171663
7.189979,4.990000,0.978000,4.450000,-0.194321,2.343565,3.171663
7.201090,4.990000,0.978000,4.450000,-0.194321,2.343565,3.171663
7.212202,4.990000,0.978000,4.450000,-0.035756,2.389779,2.910726
7.223313,4.990000,0.978000,4.450000,-0.035756,2.389779,2.910726
7.234424,4.990000,0.978000,4.450000,-0.035756,2.389779,2.910726
7.245535,4.990000,0.978000,4.450000,0.113273,2.399544,2.648310
7.256647,4.990000,0.978000,4.450000,0.113273,2.399544,2.648310
7.267758,4.990000,0.978000,4.450000,0.113273,2.399544,2.648310
7.278869,4.990000,0.978000,4.450000,0.113273,2.399544,2.648310
7.289980,4.990000,0.978000,4.450000,0.113273,2.399544,2.648310
7.301092,4.990000,0.978000,4.450000,0.113273,2.399544,2.648310
7.312203,4.990000,0.978000,4.450000,0.249878,2.349055,2.387098
7.323314,4.990000,0.978000,4.450000,0.249878,2.349055,2.387098
7.334425,4.990000,0.978000,4.450000,0.249878,2.349055,2.387098
7.345537,4.990000,0.978000,4.450000,0.376866,2.234626,2.134295
7.356648,4.990000,0.978000,4.450000,0.376866,2.234626,2.134295
7.367759,4.990000,0.978000,4.450000,0.376866,2.234626,2.134295
7.378870,4.990000,0.978000,4.450000,,,
7.389982,4.990000,0.978000,4.450000,,,
7.401093,4.990000,0.978000,4.450000,,,
7.412204,4.990000,0.978000,4.450000,0.477572,2.106730,1.930503
7.423316,4.990000,0.978000,4.450000,0.477572,2.106730,1.930503
7.434427,4.990000,0.978000,4.450000,0.477572,2.106730,1.930503
7.445538,4.990000,0.978000,4.450000,0.477572,2.106730,1.930503
7.456649,4.990000,0.978000,4.450000,0.477572,2.106730,1.930503
7.467761,4.990000,0.978000,4.450000,0.477572,2.106730,1.930503
7.478872,4.990000,0.978000,4.450000,0.477572,2.106730,1.930503
7.489983,4.990000,0.978000,4.450000,0.477572,2.106730,1.930503
7.501094,4.990000,0.978000,4.450000,0.477572,2.106730,1.930503
7.512206,4.990000,0.978000,4.450000,0.477572,2.106730,1.930503
7.523317,4.990000,0.978000,4.450000,0.477572,2.106730,1.930503
7.534428,4.990000,0.978000,4.450000,0.477572,2.106730,1.930503
7.545539,4.990000,0.978000,4.450000,0.477572,2.106730,1.930503
7.556651,4.990000,0.978000,4.450000,0.477572,2.106730,1.930503
7.567762,4.990000,0.978000,4.450000,0.477572,2.106730,1.930503
7.578873,4.990000,0.978000,4.450000,0.477572,2.106730,1.930503
7.589984,4.990000,0.978000,4.450000,0.477572,2.106730,1.930503
7.601096,4.990000,0.978000,4.450000,0.477572,2.106730,1.930503
7.612207,4.990000,0.978000,4.450000,0.453738,2.120272,1.978248
7.623318,4.990000,0.978000,4.450000,0.453738,2.120272,1.978248
7.634429,4.990000,0.978000,4.450000,0.453738,2.120272,1.978248
7.645541,4.990000,0.978000,4.450000,,,
7.656652,4.990000,0.978000,4.450000,,,
7.667763,4.990000,0.978000,4.450000,,,
7.678874,4.990000,0.978000,4.450000,,,
7.689986,4.990000,0.978000,4.450000,0.318148,2.195134,2.247742
7.701097,4.990000,0.978000,4.450000,0.318148,2.195134,2.247742
7.712208,4.990000,0.978000,4.450000,0.318148,2.195134,2.247742
7.723320,4.990000,0.978000,4.450000,0.180666,2.265837,2.520413
7.734431,4.990000,0.978000,4.450000,0.180666,2.265837,2.520413
7.745542,4.990000,0.978000,4.450000,0.180666,2.265837,2.520413
7.756653,4.990000,0.978000,4.450000,0.046040,2.322021,2.787442
7.767765,4.990000,0.978000,4.450000,0.046040,2.322021,2.787442
7.778876,4.990000,0.978000,4.450000,0.046040,2.322021,2.787442
7.789987,4.990000,0.978000,4.450000,0.046040,2.322021,2.787442
7.801098,4.990000,0.978000,4.450000,0.046040,2.322021,2.787442
7.812210,4.990000,0.978000,4.450000,0.046040,2.322021,2.787442
7.823321,4.990000,0.978000,4.450000,-0.094366,2.357919,3.062813
7.834432,4.990000,0.978000,4.450000,-0.094366,2.357919,3.062813
7.845543,4.990000,0.978000,4.450000,-0.094366,2.357919,3.062813
7.856655,4.990000,0.978000,4.450000,-0.238669,2.367697,3.326458
7.867766,4.990000,0.978000,4.450000,-0.238669,2.367697,3.326458
7.878877,4.990000,0.978000,4.450000,-0.238669,2.367697,3.326458
7.889988,4.990000,0.978000,4.450000,,,
7.901100,4.990000,0.978000,4.450000,,,
7.912211,4.990000,0.978000,4.450000,,,
7.923322,4.990000,0.978000,4.450000,-0.398666,2.353544,3.592100
7.934433,4.990000,0.978000,4.450000,-0.398666,2.353544,3.592100
7.945545,4.990000,0.978000,4.450000,-0.398666,2.353544,3.592100
7.956656,4.990000,0.978000,4.450000,-0.398666,2.353544,3.592100
7.967767,4.990000,0.978000,4.450000,-0.559165,2.321585,3.847336
7.978878,4.990000,0.978000,4.450000,-0.559165,2.321585,3.847336
7.989990,4.990000,0.978000,4.450000,-0.559165,2.321585,3.847336
8.001101,4.990000,0.978000,4.450000,,,
8.012212,4.990000,0.978000,4.450000,,,
8.023323,4.990000,0.978000,4.450000,,,
8.034434,4.990000,0.978000,4.450000,-0.655156,2.298248,3.990372
8.045546,4.990000,0.978000,4.450000,-0.655156,2.298248,3.990372
8.056657,4.990000,0.978000,4.450000,-0.655156,2.298248,3.990372
8.067768,4.990000,0.978000,4.450000,-0.655156,2.298248,3.990372
8.078879,4.990000,0.978000,4.450000,-0.655156,2.298248,3.990372
8.089991,4.990000,0.978000,4.450000,-0.655156,2.298248,3.990372
8.101102,4.990000,0.978000,4.450000,-0.655156,2.298248,3.990372
8.112213,4.990000,0.978000,4.450000,-0.655156,2.298248,3.990372
8.123324,4.990000,0.978000,4.450000,-0.655156,2.298248,3.990372
8.134436,4.990000,0.978000,4.450000,-0.655156,2.298248,3.990372
8.145547,4.990000,0.978000,4.450000,-0.655156,2.298248,3.990372
8.156658,4.990000,0.978000,4.450000,-0.655156,2.298248,3.990372
8.167769,4.990000,0.978000,4.450000,-0.655156,2.298248,3.990372
8.178881,4.990000,0.978000,4.450000,-0.655156,2.298248,3.990372
8.189992,4.990000,0.978000,4.450000,-0.655156,2.298248,3.990372
8.201103,4.990000,0.978000,4.450000,,,
8.212214,4.990000,0.978000,4.450000,,,
8.223326,4.990000,0.978000,4.450000,,,
8.234437,4.990000,0.978000,4.450000,-0.540634,2.328762,3.880996
8.245548,4.990000,0.978000,4.450000,-0.540634,2.328762,3.880996
8.256660,4.990000,0.978000,4.450000,-0.540634,2.328762,3.880996
8.267771,4.990000,0.978000,4.450000,-0.329083,2.377261,3.671733
8.278882,4.990000,0.978000,4.450000,-0.329083,2.377261,3.671733
8.289993,4.990000,0.978000,4.450000,-0.329083,2.377261,3.671733
8.301105,4.990000,0.978000,4.450000,,,
8.312216,4.990000,0.978000,4.450000,,,
8.323327,4.990000,0.978000,4.450000,,,
8.334438,4.990000,0.978000,4.450000,-0.116779,2.393526,3.446170
8.345550,4.990000,0.978000,4.450000,-0.116779,2.393526,3.446170
8.356661,4.990000,0.978000,4.450000,-0.116779,2.393526,3.446170
8.367772,4.990000,0.978000,4.450000,0.091045,2.356581,3.215454
8.378883,4.990000,0.978000,4.450000,0.091045,2.356581,3.215454
8.389995,4.990000,0.978000,4.450000,0.091045,2.356581,3.215454
8.401106,4.990000,0.978000,4.450000,0.091045,2.356581,3.215454
8.412217,4.990000,0.978000,4.450000,,,
8.423328,4.990000,0.978000,4.450000,,,
8.434440,4.990000,0.978000,4.450000,,,
8.445551,4.990000,0.978000,4.450000,0.277486,2.280215,2.993249
8.456662,4.990000,0.978000,4.450000,0.277486,2.280215,2.993249
8.467773,4.990000,0.978000,4.450000,0.277486,2.280215,2.993249
8.478885,4.990000,0.978000,4.450000,0.443460,2.186502,2.778749
8.489996,4.990000,0.978000,4.450000,0.443460,2.186502,2.778749
8.501107,4.990000,0.978000,4.450000,0.443460,2.186502,2.778749
8.512218,4.990000,0.978000,4.450000,,,
8.523330,4.990000,0.978000,4.450000,,,
8.534441,4.990000,0.978000,4.450000,,,
8.545552,4.990000,0.978000,4.450000,0.443460,2.186502,2.778749
8.556664,4.990000,0.978000,4.450000,0.443460,2.186502,2.778749
8.567775,4.990000,0.978000,4.450000,0.443460,2.186502,2.778749
8.578886,4.990000,0.978000,4.450000,0.443460,2.186502,2.778749
8.589997,4.990000,0.978000,4.450000,0.443460,2.186502,2.778749
8.601109,4.990000,0.978000,4.450000,0.443460,2.186502,2.778749
8.612220,4.990000,0.978000,4.450000,,,
8.623331,4.990000,0.978000,4.450000,,,
8.634442,4.990000,0.978000,4.450000,,,
8.645554,4.990000,0.978000,4.450000,0.443460,2.186502,2.778749
8.656665,4.990000,0.978000,4.450000,0.443460,2.186502,2.778749
8.667776,4.990000,0.978000,4.450000,0.443460,2.186502,2.778749
8.678887,4.990000,0.978000,4.450000,0.443460,2.186502,2.778749
8.689999,4.990000,0.978000,4.450000,0.413100,2.208565,2.771989
8.701110,4.990000,0.978000,4.450000,0.413100,2.208565,2.771989
8.712221,4.990000,0.978000,4.450000,0.413100,2.208565,2.771989
8.723332,4.990000,0.978000,4.450000,,,
8.734444,4.990000,0.978000,4.450000,,,
8.745555,4.990000,0.978000,4.450000,,,
8.756666,4.990000,0.978000,4.450000,0.159339,2.377515,2.719482
8.767777,4.990000,0.978000,4.450000,0.159339,2.377515,2.719482
8.778889,4.990000,0.978000,4.450000,0.159339,2.377515,2.719482
8.790000,4.990000,0.978000,4.450000,-0.119574,2.422288,2.672194
8.801111,4.990000,0.978000,4.450000,-0.119574,2.422288,2.672194
8.812222,4.990000,0.978000,4.450000,-0.119574,2.422288,2.672194
8.823334,4.990000,0.978000,4.450000,,,
8.834445,4.990000,0.978000,4.450000,,,
8.845556,4.990000,0.978000,4.450000,,,
8.856668,4.990000,0.978000,4.450000,-0.319135,2.351132,2.649495
8.867779,4.990000,0.978000,4.450000,-0.319135,2.351132,2.649495
8.878890,4.990000,0.978000,4.450000,-0.319135,2.351132,2.649495
8.890001,4.990000,0.978000,4.450000,-0.346204,2.338573,2.645090
8.901113,4.990000,0.978000,4.450000,-0.346204,2.338573,2.645090
8.912224,4.990000,0.978000,4.450000,-0.346204,2.338573,2.645090
8.923335,4.990000,0.978000,4.450000,,,
8.934446,4.990000,0.978000,4.450000,,,
8.945558,4.990000,0.978000,4.450000,,,
8.956669,4.990000,0.978000,4.450000,,,
8.967780,4.990000,0.978000,4.450000,-0.346204,2.338573,2.645090
8.978891,4.990000,0.978000,4.450000,-0.346204,2.338573,2.645090
8.990003,4.990000,0.978000,4.450000,-0.346204,2.338573,2.645090
9.001114,4.990000,0.978000,4.450000,-0.346204,2.338573,2.645090
9.012225,4.990000,0.978000,4.450000,-0.346204,2.338573,2.645090
9.023336,4.990000,0.978000,4.450000,-0.346204,2.338573,2.645090
9.034448,4.990000,0.978000,4.450000,,,
9.045559,4.990000,0.978000,4.450000,,,
9.056670,4.990000,0.978000,4.450000,,,
9.067781,4.990000,0.978000,4.450000,-0.346204,2.338573,2.645090
9.078893,4.990000,0.978000,4.450000,-0.346204,2.338573,2.645090
9.090004,4.990000,0.978000,4.450000,-0.346204,2.338573,2.645090
9.101115,4.990000,0.978000,4.450000,-0.474383,2.416256,2.891067
9.112226,4.990000,0.978000,4.450000,-0.474383,2.416256,2.891067
9.123338,4.990000,0.978000,4.450000,-0.474383,2.416256,2.891067
9.134449,4.990000,0.978000,4.450000,,,
9.145560,4.990000,0.978000,4.450000,,,
9.156672,4.990000,0.978000,4.450000,,,
9.167783,4.990000,0.978000,4.450000,-0.616685,2.477810,3.164147
9.178894,4.990000,0.978000,4.450000,-0.616685,2.477810,3.164147
9.190005,4.990000,0.978000,4.450000,-0.616685,2.477810,3.164147
9.201117,4.990000,0.978000,4.450000,-0.760616,2.477928,3.439756
9.212228,4.990000,0.978000,4.450000,-0.760616,2.477928,3.439756
9.223339,4.990000,0.978000,4.450000,-0.760616,2.477928,3.439756
9.234450,4.990000,0.978000,4.450000,,,
9.245562,4.990000,0.978000,4.450000,,,
9.256673,4.990000,0.978000,4.450000,,,
9.267784,4.990000,0.978000,4.450000,-0.897672,2.408194,3.701797
9.278895,4.990000,0.978000,4.450000,-0.897672,2.408194,3.701797
9.290007,4.990000,0.978000,4.450000,-0.897672,2.408194,3.701797
9.301118,4.990000,0.978000,4.450000,-1.029659,2.288894,3.954619
9.312229,4.990000,0.978000,4.450000,-1.029659,2.288894,3.954619
9.323340,4.990000,0.978000,4.450000,-1.029659,2.288894,3.954619
9.334452,4.990000,0.978000,4.450000,,,
9.345563,4.990000,0.978000,4.450000,,,
9.356674,4.990000,0.978000,4.450000,,,
9.367785,4.990000,0.978000,4.450000,-1.055995,2.261305,4.005070
9.378897,4.990000,0.978000,4.450000,-1.055995,2.261305,4.005070
9.390008,4.990000,0.978000,4.450000,-1.055995,2.261305,4.005070
9.401119,4.990000,0.978000,4.450000,-1.055995,2.261305,4.005070
9.412230,4.990000,0.978000,4.450000,-1.055995,2.261305,4.005070
9.423342,4.990000,0.978000,4.450000,-1.055995,2.261305,4.005070
9.434453,4.990000,0.978000,4.450000,-1.055995,2.261305,4.005070
9.445564,4.990000,0.978000,4.450000,,,
9.456676,4.990000,0.978000,4.450000,,,
9.467787,4.990000,0.978000,4.450000,,,
9.478898,4.990000,0.978000,4.450000,-1.055995,2.261305,4.005070
9.490009,4.990000,0.978000,4.450000,-1.055995,2.261305,4.005070
9.501121,4.990000,0.978000,4.450000,-1.055995,2.261305,4.005070
9.512232,4.990000,0.978000,4.450000,-1.055995,2.261305,4.005070
9.523343,4.990000,0.978000,4.450000,-1.055995,2.261305,4.005070
9.534454,4.990000,0.978000,4.450000,-1.055995,2.261305,4.005070
9.545566,4.990000,0.978000,4.450000,,,
9.556677,4.990000,0.978000,4.450000,,,
9.567788,4.990000,0.978000,4.450000,,,
9.578857,,,,-0.881612,2.334119,3.824553
9.590011,4.990000,0.978000,4.450000,-0.881612,2.334119,3.824553
9.601122,4.990000,0.978000,4.450000,-0.881612,2.334119,3.824553
9.612233,4.990000,0.978000,4.450000,-0.675514,2.412841,3.611206
9.623344,4.990000,0.978000,4.450000,-0.675514,2.412841,3.611206
9.634456,4.990000,0.978000,4.450000,-0.675514,2.412841,3.611206
9.645523,4.990000,0.978000,4.450000,,,
9.656678,4.990000,0.978000,4.450000,-0.473900,2.470711,3.396348
9.667789,4.990000,0.978000,4.450000,-0.473900,2.470711,3.396348
9.678901,4.990000,0.978000,4.450000,-0.473900,2.470711,3.396348
9.690012,4.990000,0.978000,4.450000,-0.473900,2.470711,3.396348
9.701123,4.990000,0.978000,4.450000,-0.473900,2.470711,3.396348
9.712234,4.990000,0.978000,4.450000,-0.473900,2.470711,3.396348
9.723346,4.990000,0.978000,4.450000,-0.265988,2.495561,3.164986
9.734457,4.990000,0.978000,4.450000,-0.265988,2.495561,3.164986
9.745568,4.990000,0.978000,4.450000,-0.265988,2.495561,3.164986
9.756680,4.990000,0.978000,4.450000,,,
9.767791,4.990000,0.978000,4.450000,,,
9.778902,4.990000,0.978000,4.450000,,,
9.790013,4.990000,0.978000,4.450000,-0.066177,2.477658,2.930566
9.801125,4.990000,0.978000,4.450000,-0.066177,2.477658,2.930566
9.812236,4.990000,0.978000,4.450000,-0.066177,2.477658,2.930566
9.823347,4.990000,0.978000,4.450000,0.140622,2.420153,2.689706
9.834458,4.990000,0.978000,4.450000,0.140622,2.420153,2.689706
9.845570,4.990000,0.978000,4.450000,0.140622,2.420153,2.689706
9.856681,4.990000,0.978000,4.450000,,,
9.867792,4.990000,0.978000,4.450000,,,
9.878903,4.990000,0.978000,4.450000,,,
9.890015,4.990000,0.978000,4.450000,0.280855,2.366591,2.532790
9.901126,4.990000,0.978000,4.450000,0.280855,2.366591,2.532790
9.912237,4.990000,0.978000,4.450000,0.280855,2.366591,2.532790
9.923348,4.990000,0.978000,4.450000,0.280855,2.366591,2.532790
9.934460,4.990000,0.978000,4.450000,0.280855,2.366591,2.532790
9.945571,4.990000,0.978000,4.450000,0.280855,2.366591,2.532790
9.956629,4.990000,0.978000,4.450000,,,
9.967793,4.990000,0.978000,4.450000,0.280855,2.366591,2.532790
9.978905,4.990000,0.978000,4.450000,0.280855,2.366591,2.532790
9.990016,4.990000,0.978000,4.450000,0.280855,2.366591,2.532790
10.001130,4.990000,0.978000,4.450000,,,
10.012240,4.990000,0.978000,4.450000,,,
10.023350,4.990000,0.978000,4.450000,,,
10.034460,4.990000,0.978000,4.450000,0.280855,2.366591,2.532790
10.045570,4.990000,0.978000,4.450000,0.280855,2.366591,2.532790
10.056680,4.990000,0.978000,4.450000,0.280855,2.366591,2.532790
10.067790,4.990000,0.978000,4.450000,0.194312,2.393713,2.515882
10.078910,4.990000,0.978000,4.450000,0.194312,2.393713,2.515882
10.090020,4.990000,0.978000,4.450000,0.194312,2.393713,2.515882
10.101130,4.990000,0.978000,4.450000,0.194312,2.393713,2.515882
10.112240,4.990000,0.978000,4.450000,0.194312,2.393713,2.515882
10.123350,4.990000,0.978000,4.450000,0.194312,2.393713,2.515882
10.134460,4.990000,0.978000,4.450000,-0.071450,2.441568,2.466280
10.145570,4.990000,0.978000,4.450000,-0.071450,2.441568,2.466280
10.156680,4.990000,0.978000,4.450000,-0.071450,2.441568,2.466280
10.167800,4.990000,0.978000,4.450000,-0.330165,2.327878,2.423612
10.178910,4.990000,0.978000,4.450000,-0.330165,2.327878,2.423612
10.190020,4.990000,0.978000,4.450000,-0.330165,2.327878,2.423612
10.201130,4.990000,0.978000,4.450000,,,
10.212240,4.990000,0.978000,4.450000,,,
10.223350,4.990000,0.978000,4.450000,,,
10.234460,4.990000,0.978000,4.450000,-0.487765,2.158232,2.406333
10.245570,4.990000,0.978000,4.450000,-0.487765,2.158232,2.406333
10.256690,4.990000,0.978000,4.450000,-0.487765,2.158232,2.406333
10.267800,4.990000,0.978000,4.450000,-0.487765,2.158232,2.406333
10.278910,4.990000,0.978000,4.450000,-0.495732,2.146556,2.405577
10.290020,4.990000,0.978000,4.450000,-0.495732,2.146556,2.405577
10.301130,4.990000,0.978000,4.450000,-0.495732,2.146556,2.405577
10.312240,4.990000,0.978000,4.450000,,,
10.323350,4.990000,0.978000,4.450000,,,
10.334470,4.990000,0.978000,4.450000,,,
10.345580,4.990000,0.978000,4.450000,-0.495732,2.146556,2.405577
10.356690,4.990000,0.978000,4.450000,-0.495732,2.146556,2.405577
10.367800,4.990000,0.978000,4.450000,-0.495732,2.146556,2.405577
10.378910,4.990000,0.978000,4.450000,-0.495732,2.146556,2.405577
10.390020,4.990000,0.978000,4.450000,-0.495732,2.146556,2.405577
10.401130,4.990000,0.978000,4.450000,-0.495732,2.146556,2.405577
10.412240,4.990000,0.978000,4.450000,,,
10.423360,4.990000,0.978000,4.450000,,,
10.434470,4.990000,0.978000,4.450000,,,
10.445580,4.990000,0.978000,4.450000,-0.495732,2.146556,2.405577
10.456690,4.990000,0.978000,4.450000,-0.495732,2.146556,2.405577
10.467800,4.990000,0.978000,4.450000,-0.495732,2.146556,2.405577
10.478910,4.990000,0.978000,4.450000,-0.495732,2.146556,2.405577
10.490020,4.990000,0.978000,4.450000,-0.618133,2.233639,2.664670
10.501130,4.990000,0.978000,4.450000,-0.618133,2.233639,2.664670
10.512250,4.990000,0.978000,4.450000,-0.618133,2.233639,2.664670
10.523360,4.990000,0.978000,4.450000,,,
10.534470,4.990000,0.978000,4.450000,,,
10.545580,4.990000,0.978000,4.450000,,,
10.556690,4.990000,0.978000,4.450000,-0.756404,2.304372,2.933927
10.567800,4.990000,0.978000,4.450000,-0.756404,2.304372,2.933927
10.578910,4.990000,0.978000,4.450000,-0.756404,2.304372,2.933927
10.590020,4.990000,0.978000,4.450000,-0.904698,2.311145,3.195482
10.601140,4.990000,0.978000,4.450000,-0.904698,2.311145,3.195482
10.612250,4.990000,0.978000,4.450000,-0.904698,2.311145,3.195482
10.623360,4.990000,0.978000,4.450000,-1.065085,2.244077,3.442223
10.634470,4.990000,0.978000,4.450000,-1.065085,2.244077,3.442223
10.645580,4.990000,0.978000,4.450000,-1.065085,2.244077,3.442223
10.656690,4.990000,0.978000,4.450000,-1.065085,2.244077,3.442223
10.667800,4.990000,0.978000,4.450000,-1.065085,2.244077,3.442223
10.678910,4.990000,0.978000,4.450000,-1.065085,2.244077,3.442223
10.690030,4.990000,0.978000,4.450000,-1.065085,2.244077,3.442223
10.701140,4.990000,0.978000,4.450000,-1.199718,2.164090,3.616619
10.712250,4.990000,0.978000,4.450000,-1.199718,2.164090,3.616619
10.723360,4.990000,0.978000,4.450000,-1.199718,2.164090,3.616619
10.734470,4.990000,0.978000,4.450000,,,
10.745580,4.990000,0.978000,4.450000,,,
10.756690,4.990000,0.978000,4.450000,,,
10.767800,4.990000,0.978000,4.450000,-1.199718,2.164090,3.616619
10.778920,4.990000,0.978000,4.450000,-1.199718,2.164090,3.616619
10.790030,4.990000,0.978000,4.450000,-1.199718,2.164090,3.616619
10.801140,4.990000,0.978000,4.450000,-1.199718,2.164090,3.616619
10.812250,4.990000,0.978000,4.450000,-1.199718,2.164090,3.616619
10.823360,4.990000,0.978000,4.450000,-1.199718,2.164090,3.616619
10.834470,4.990000,0.978000,4.450000,-1.199718,2.164090,3.616619
10.845580,4.990000,0.978000,4.450000,-1.199718,2.164090,3.616619
10.856690,4.990000,0.978000,4.450000,-1.199718,2.164090,3.616619
10.867810,4.990000,0.978000,4.450000,,,
10.878920,4.990000,0.978000,4.450000,,,
10.890030,4.990000,0.978000,4.450000,,,
10.901140,4.990000,0.978000,4.450000,-1.147852,2.183462,3.576497
10.912250,4.990000,0.978000,4.450000,-1.147852,2.183462,3.576497
10.923360,4.990000,0.978000,4.450000,-1.147852,2.183462,3.576497
10.934470,4.990000,0.978000,4.450000,-0.909181,2.265658,3.397628
10.945580,4.990000,0.978000,4.450000,-0.909181,2.265658,3.397628
10.956700,4.990000,0.978000,4.450000,-0.909181,2.265658,3.397628
10.967810,4.990000,0.978000,4.450000,,,
10.978920,4.990000,0.978000,4.450000,,,
10.990030,4.990000,0.978000,4.450000,,,
11.001140,4.990000,0.978000,4.450000,,,
11.012250,4.990000,0.978000,4.450000,-0.653849,2.313186,3.226076
11.023360,4.990000,0.978000,4.450000,-0.653849,2.313186,3.226076
11.034470,4.990000,0.978000,4.450000,-0.653849,2.313186,3.226076
11.045590,4.990000,0.978000,4.450000,-0.394353,2.278414,3.078076
11.056700,4.990000,0.978000,4.450000,-0.394353,2.278414,3.078076
11.067810,4.990000,0.978000,4.450000,-0.394353,2.278414,3.078076
11.078920,4.990000,0.978000,4.450000,,,
11.090030,4.990000,0.978000,4.450000,,,
11.101140,4.990000,0.978000,4.450000,,,
11.112250,4.990000,0.978000,4.450000,-0.132031,2.167282,2.964592
11.123360,4.990000,0.978000,4.450000,-0.132031,2.167282,2.964592
11.134480,4.990000,0.978000,4.450000,-0.132031,2.167282,2.964592
11.145590,4.990000,0.978000,4.450000,-0.132031,2.167282,2.964592
11.156700,4.990000,0.978000,4.450000,-0.013726,2.103344,2.924905
11.167810,4.990000,0.978000,4.450000,-0.013726,2.103344,2.924905
11.178920,4.990000,0.978000,4.450000,-0.013726,2.103344,2.924905
11.190030,4.990000,0.978000,4.450000,,,
11.201140,4.990000,0.978000,4.450000,,,
11.212250,4.990000,0.978000,4.450000,,,
11.223370,4.990000,0.978000,4.450000,-0.013726,2.103344,2.924905
11.234480,4.990000,0.978000,4.450000,-0.013726,2.103344,2.924905
11.245590,4.990000,0.978000,4.450000,-0.013726,2.103344,2.924905
11.256700,4.990000,0.978000,4.450000,-0.013726,2.103344,2.924905
11.267810,4.990000,0.978000,4.450000,-0.013726,2.103344,2.924905
11.278920,4.990000,0.978000,4.450000,-0.013726,2.103344,2.924905
11.290030,4.990000,0.978000,4.450000,-0.013726,2.103344,2.924905
11.301140,4.990000,0.978000,4.450000,-0.013726,2.103344,2.924905
11.312260,4.990000,0.978000,4.450000,-0.013726,2.103344,2.924905
11.323370,4.990000,0.978000,4.450000,-0.013726,2.103344,2.924905
11.334480,4.990000,0.978000,4.450000,-0.013726,2.103344,2.924905
11.345590,4.990000,0.978000,4.450000,-0.013726,2.103344,2.924905
11.356700,4.990000,0.978000,4.450000,-0.076469,2.191385,2.813093
11.367810,4.990000,0.978000,4.450000,-0.076469,2.191385,2.813093
11.378920,4.990000,0.978000,4.450000,-0.076469,2.191385,2.813093
11.390030,4.990000,0.978000,4.450000,-0.209807,2.326608,2.575757
11.401150,4.990000,0.978000,4.450000,-0.209807,2.326608,2.575757
11.412260,4.990000,0.978000,4.450000,-0.209807,2.326608,2.575757
11.423370,4.990000,0.978000,4.450000,-0.209807,2.326608,2.575757
11.434480,4.990000,0.978000,4.450000,-0.209807,2.326608,2.575757
11.445590,4.990000,0.978000,4.450000,-0.209807,2.326608,2.575757
11.456700,4.990000,0.978000,4.450000,-0.209807,2.326608,2.575757
11.467810,4.990000,0.978000,4.450000,-0.327050,2.294019,2.363838
11.478920,4.990000,0.978000,4.450000,-0.327050,2.294019,2.363838
11.490040,4.990000,0.978000,4.450000,-0.327050,2.294019,2.363838
11.501150,4.990000,0.978000,4.450000,-0.388029,2.239240,2.254561
11.512260,4.990000,0.978000,4.450000,-0.388029,2.239240,2.254561
11.523370,4.990000,0.978000,4.450000,-0.388029,2.239240,2.254561
11.534480,4.990000,0.978000,4.450000,,,
11.545590,4.990000,0.978000,4.450000,,,
11.556700,4.990000,0.978000,4.450000,,,
11.567810,4.990000,0.978000,4.450000,-0.388029,2.239240,2.254561
11.578930,4.990000,0.978000,4.450000,-0.388029,2.239240,2.254561
11.590040,4.990000,0.978000,4.450000,-0.388029,2.239240,2.254561
11.601150,4.990000,0.978000,4.450000,-0.388029,2.239240,2.254561
11.612260,4.990000,0.978000,4.450000,-0.388029,2.239240,2.254561
11.623370,4.990000,0.978000,4.450000,-0.388029,2.239240,2.254561
11.634480,4.990000,0.978000,4.450000,,,
11.645590,4.990000,0.978000,4.450000,,,
11.656700,4.990000,0.978000,4.450000,,,
11.667820,4.990000,0.978000,4.450000,-0.388029,2.239240,2.254561
11.678930,4.990000,0.978000,4.450000,-0.388029,2.239240,2.254561
11.690040,4.990000,0.978000,4.450000,-0.388029,2.239240,2.254561
11.701150,4.990000,0.978000,4.450000,-0.438667,2.274021,2.328517
11.712260,4.990000,0.978000,4.450000,-0.438667,2.274021,2.328517
11.723370,4.990000,0.978000,4.450000,-0.438667,2.274021,2.328517
11.734480,4.990000,0.978000,4.450000,,,
11.745590,4.990000,0.978000,4.450000,,,
11.756710,4.990000,0.978000,4.450000,,,
11.767820,4.990000,0.978000,4.450000,,,
11.778930,4.990000,0.978000,4.450000,-0.598816,2.377816,2.562413
11.790040,4.990000,0.978000,4.450000,-0.598816,2.377816,2.562413
11.801150,4.990000,0.978000,4.450000,-0.598816,2.377816,2.562413
11.812260,4.990000,0.978000,4.450000,-0.767760,2.456216,2.809153
11.823370,4.990000,0.978000,4.450000,-0.767760,2.456216,2.809153
11.834490,4.990000,0.978000,4.450000,-0.767760,2.456216,2.809153
11.845600,4.990000,0.978000,4.450000,,,
11.856710,4.990000,0.978000,4.450000,,,
11.867820,4.990000,0.978000,4.450000,,,
11.878930,4.990000,0.978000,4.450000,-0.939590,2.473481,3.060107
11.890040,4.990000,0.978000,4.450000,-0.939590,2.473481,3.060107
11.901150,4.990000,0.978000,4.450000,-0.939590,2.473481,3.060107
11.912260,4.990000,0.978000,4.450000,-1.112857,2.425246,3.313162
11.923380,4.990000,0.978000,4.450000,-1.112857,2.425246,3.313162
11.934490,4.990000,0.978000,4.450000,-1.112857,2.425246,3.313162
11.945600,4.990000,0.978000,4.450000,-1.112857,2.425246,3.313162
11.956710,4.990000,0.978000,4.450000,,,
11.967820,4.990000,0.978000,4.450000,,,
11.978930,4.990000,0.978000,4.450000,,,
11.990040,4.990000,0.978000,4.450000,-1.262669,2.345702,3.531960
12.001150,4.990000,0.978000,4.450000,-1.262669,2.345702,3.531960
12.012270,4.990000,0.978000,4.450000,-1.262669,2.345702,3.531960
12.023380,4.990000,0.978000,4.450000,-1.262669,2.345702,3.531960
12.034490,4.990000,0.978000,4.450000,-1.262669,2.345702,3.531960
12.045600,4.990000,0.978000,4.450000,-1.262669,2.345702,3.531960
12.056710,4.990000,0.978000,4.450000,,,
12.067820,4.990000,0.978000,4.450000,,,
12.078930,4.990000,0.978000,4.450000,,,
12.090040,4.990000,0.978000,4.450000,-1.262669,2.345702,3.531960
12.101160,4.990000,0.978000,4.450000,-1.262669,2.345702,3.531960
12.112270,4.990000,0.978000,4.450000,-1.262669,2.345702,3.531960
12.123380,4.990000,0.978000,4.450000,-1.262669,2.345702,3.531960
12.134490,4.990000,0.978000,4.450000,-1.262669,2.345702,3.531960
12.145600,4.990000,0.978000,4.450000,-1.262669,2.345702,3.531960
12.156710,4.990000,0.978000,4.450000,,,
12.167820,4.990000,0.978000,4.450000,,,
12.178930,4.990000,0.978000,4.450000,,,
12.190050,4.990000,0.978000,4.450000,-1.195695,2.367117,3.508305
12.201160,4.990000,0.978000,4.450000,-1.195695,2.367117,3.508305
12.212270,4.990000,0.978000,4.450000,-1.195695,2.367117,3.508305
12.223380,4.990000,0.978000,4.450000,-0.912217,2.450719,3.409738
12.234490,4.990000,0.978000,4.450000,-0.912217,2.450719,3.409738
12.245600,4.990000,0.978000,4.450000,-0.912217,2.450719,3.409738
12.256710,4.990000,0.978000,4.450000,,,
12.267820,4.990000,0.978000,4.450000,,,
12.278940,4.990000,0.978000,4.450000,,,
12.290050,4.990000,0.978000,4.450000,,,
12.301160,4.990000,0.978000,4.450000,-0.630229,2.497299,3.311575
12.312270,4.990000,0.978000,4.450000,-0.630229,2.497299,3.311575
12.323380,4.990000,0.978000,4.450000,-0.630229,2.497299,3.311575
12.334490,4.990000,0.978000,4.450000,-0.346275,2.478612,3.208778
12.345600,4.990000,0.978000,4.450000,-0.346275,2.478612,3.208778
12.356710,4.990000,0.978000,4.450000,-0.346275,2.478612,3.208778
12.367830,4.990000,0.978000,4.450000,-0.068324,2.400737,3.106784
12.378940,4.990000,0.978000,4.450000,-0.068324,2.400737,3.106784
12.390050,4.990000,0.978000,4.450000,-0.068324,2.400737,3.106784
12.401160,4.990000,0.978000,4.450000,-0.068324,2.400737,3.106784
12.412270,4.990000,0.978000,4.450000,-0.068324,2.400737,3.106784
12.423380,4.990000,0.978000,4.450000,-0.068324,2.400737,3.106784
12.434490,4.990000,0.978000,4.450000,0.099391,2.335192,3.043787
12.445600,4.990000,0.978000,4.450000,0.099391,2.335192,3.043787
12.456720,4.990000,0.978000,4.450000,0.099391,2.335192,3.043787
12.467830,4.990000,0.978000,4.450000,0.099391,2.335192,3.043787
12.478940,4.990000,0.978000,4.450000,0.099391,2.335192,3.043787
12.490050,4.990000,0.978000,4.450000,0.099391,2.335192,3.043787
12.501160,4.990000,0.978000,4.450000,,,
12.512270,4.990000,0.978000,4.450000,,,
12.523380,4.990000,0.978000,4.450000,,,
12.534490,4.990000,0.978000,4.450000,,,
12.545610,4.990000,0.978000,4.450000,0.099391,2.335192,3.043787
12.556720,4.990000,0.978000,4.450000,0.099391,2.335192,3.043787
12.567830,4.990000,0.978000,4.450000,0.099391,2.335192,3.043787
12.578940,4.990000,0.978000,4.450000,0.099391,2.335192,3.043787
12.590050,4.990000,0.978000,4.450000,0.099391,2.335192,3.043787
12.601070,,,,0.099391,2.335192,3.043787
12.612270,4.990000,0.978000,4.450000,,,
12.623380,4.990000,0.978000,4.450000,,,
12.634500,4.990000,0.978000,4.450000,,,
12.645610,4.990000,0.978000,4.450000,0.103896,2.388511,2.923801
12.656720,4.990000,0.978000,4.450000,0.103896,2.388511,2.923801
12.667830,4.990000,0.978000,4.450000,0.103896,2.388511,2.923801
12.678940,4.990000,0.978000,4.450000,0.127395,2.485820,2.635373
12.690050,4.990000,0.978000,4.450000,0.127395,2.485820,2.635373
12.701160,4.990000,0.978000,4.450000,0.127395,2.485820,2.635373
12.712270,4.990000,0.978000,4.450000,0.127395,2.485820,2.635373
12.723390,4.990000,0.978000,4.450000,,,
12.734500,4.990000,0.978000,4.450000,,,
12.745610,4.990000,0.978000,4.450000,,,
12.756720,4.990000,0.978000,4.450000,0.170654,2.428474,2.363860
12.767830,4.990000,0.978000,4.450000,0.170654,2.428474,2.363860
12.778940,4.990000,0.978000,4.450000,0.170654,2.428474,2.363860
12.790050,4.990000,0.978000,4.450000,0.220848,2.295381,2.196224
12.801160,4.990000,0.978000,4.450000,0.220848,2.295381,2.196224
12.812280,4.990000,0.978000,4.450000,0.220848,2.295381,2.196224
12.823390,4.990000,0.978000,4.450000,,,
12.834500,4.990000,0.978000,4.450000,,,
12.845610,4.990000,0.978000,4.450000,,,
12.856720,4.990000,0.978000,4.450000,0.225846,2.282765,2.183616
12.867830,4.990000,0.978000,4.450000,0.225846,2.282765,2.183616
12.878940,4.990000,0.978000,4.450000,0.225846,2.282765,2.183616
12.890050,4.990000,0.978000,4.450000,0.225846,2.282765,2.183616
12.901170,4.990000,0.978000,4.450000,0.225846,2.282765,2.183616
12.912280,4.990000,0.978000,4.450000,0.225846,2.282765,2.183616
12.923390,4.990000,0.978000,4.450000,,,
12.934500,4.990000,0.978000,4.450000,,,
12.945610,4.990000,0.978000,4.450000,,,
12.956720,4.990000,0.978000,4.450000,0.225846,2.282765,2.183616
12.967830,4.990000,0.978000,4.450000,0.225846,2.282765,2.183616
12.978940,4.990000,0.978000,4.450000,0.225846,2.282765,2.183616
12.990060,4.990000,0.978000,4.450000,0.225846,2.282765,2.183616
13.001170,4.990000,0.978000,4.450000,0.225846,2.282765,2.183616
13.012280,4.990000,0.978000,4.450000,0.225846,2.282765,2.183616
13.023390,4.990000,0.978000,4.450000,,,
13.034500,4.990000,0.978000,4.450000,,,
13.045610,4.990000,0.978000,4.450000,,,
13.056720,4.990000,0.978000,4.450000,,,
13.067830,4.990000,0.978000,4.450000,0.034584,2.340017,2.423116
13.078950,4.990000,0.978000,4.450000,0.034584,2.340017,2.423116
13.090060,4.990000,0.978000,4.450000,0.034584,2.340017,2.423116
13.101170,4.990000,0.978000,4.450000,-0.161663,2.381988,2.694497
13.112280,4.990000,0.978000,4.450000,-0.161663,2.381988,2.694497
13.123390,4.990000,0.978000,4.450000,-0.161663,2.381988,2.694497
13.134500,4.990000,0.978000,4.450000,,,
13.145610,4.990000,0.978000,4.450000,,,
13.156720,4.990000,0.978000,4.450000,,,
13.167840,4.990000,0.978000,4.450000,-0.328657,2.367952,2.959934
13.178950,4.990000,0.978000,4.450000,-0.328657,2.367952,2.959934
13.190060,4.990000,0.978000,4.450000,-0.328657,2.367952,2.959934
13.201170,4.990000,0.978000,4.450000,-0.472364,2.287545,3.225248
13.212280,4.990000,0.978000,4.450000,-0.472364,2.287545,3.225248
13.223390,4.990000,0.978000,4.450000,-0.472364,2.287545,3.225248
13.234500,4.859186,0.978000,4.450000,,,
13.245620,3.934364,0.978000,4.450000,,,
13.256730,3.009541,0.978000,4.450000,,,
13.267840,2.084718,0.978000,4.450000,,,
13.278950,2.012177,0.978000,4.450000,-0.594084,2.159668,3.485364
13.290060,2.012177,0.978000,4.450000,-0.594084,2.159668,3.485364
13.301170,2.012177,0.978000,4.450000,-0.594084,2.159668,3.485364
13.312280,2.012177,0.978000,4.450000,-0.631547,2.108537,3.581286
13.323390,2.012177,0.978000,4.450000,-0.631547,2.108537,3.581286
13.334510,1.944049,0.978000,4.450000,-0.631547,2.108537,3.581286
13.345620,1.925520,0.978000,4.450000,,,
13.356730,1.903298,0.978000,4.450000,,,
13.367840,1.881075,0.978000,4.450000,,,
13.378950,1.876958,0.978000,4.450000,-0.631547,2.108537,3.581286
13.390060,1.807464,0.978000,4.450000,-0.631547,2.108537,3.581286
13.401170,1.807464,0.978000,4.450000,-0.631547,2.108537,3.581286
13.412280,1.807464,0.978000,4.450000,-0.631547,2.108537,3.581286
13.423400,1.807464,0.978000,4.450000,-0.631547,2.108537,3.581286
13.434510,1.739824,0.978000,4.450000,-0.631547,2.108537,3.581286
13.445620,1.725517,0.978000,4.450000,,,
13.456730,1.703294,0.978000,4.450000,,,
13.467840,1.681072,0.978000,4.450000,,,
13.478950,1.669700,0.978000,4.450000,-0.631547,2.108537,3.581286
13.490060,1.601395,0.978000,4.450000,-0.631547,2.108537,3.581286
13.501170,1.601395,0.978000,4.450000,-0.631547,2.108537,3.581286
13.512290,1.601395,0.978000,4.450000,-0.502893,2.227380,3.445303
13.523400,1.601395,0.978000,4.450000,-0.502893,2.227380,3.445303
13.534510,1.601395,0.978000,4.450000,-0.502893,2.227380,3.445303
13.545620,1.525514,0.978000,4.450000,,,
13.556730,1.503292,0.978000,4.450000,,,
13.567840,1.481069,0.978000,4.450000,,,
13.578950,1.459414,0.978000,4.450000,-0.309056,2.333399,3.240424
13.590060,1.390790,0.978000,4.450000,-0.309056,2.333399,3.240424
13.601180,1.390790,0.978000,4.450000,-0.309056,2.333399,3.240424
13.612290,1.390790,0.978000,4.450000,-0.309056,2.333399,3.240424
13.623400,1.390790,0.978000,4.450000,-0.129491,2.276074,3.050630
13.634510,1.390790,0.978000,4.450000,-0.129491,2.276074,3.050630
13.645620,1.321325,0.978000,4.450000,-0.129491,2.276074,3.050630
13.656730,1.303289,0.978000,4.450000,,,
13.667840,1.281066,0.978000,4.450000,,,
13.678950,1.258844,0.978000,4.450000,,,
13.690070,1.186200,0.978000,4.450000,-0.029328,2.193907,2.944762
13.701180,1.186200,0.978000,4.450000,-0.029328,2.193907,2.944762
13.712290,1.186200,0.978000,4.450000,-0.029328,2.193907,2.944762
13.723400,1.186200,0.978000,4.450000,-0.029328,2.193907,2.944762
13.734510,1.186200,0.978000,4.450000,-0.029328,2.193907,2.944762
13.745620,1.119526,0.978000,4.450000,-0.029328,2.193907,2.944762
13.756730,1.103287,0.978000,4.450000,,,
13.767840,1.081065,0.978000,4.450000,,,
13.778960,1.058842,0.978000,4.450000,,,
13.790070,1.049628,0.978000,4.450000,-0.029328,2.193907,2.944762
13.801180,0.981354,0.978000,4.450000,-0.029328,2.193907,2.944762
13.812290,0.981354,0.978000,4.450000,-0.029328,2.193907,2.944762
13.823400,0.981354,0.978000,4.450000,-0.029328,2.193907,2.944762
13.834510,0.981354,0.978000,4.450000,-0.029328,2.193907,2.944762
13.845620,0.910433,0.978000,4.450000,-0.029328,2.193907,2.944762
13.856730,0.903981,0.978000,4.450523,,,
13.867850,0.883925,0.978000,4.452152,,,
13.878960,0.863869,0.978000,4.453780,,,
13.890070,0.846608,0.978000,4.455181,-0.008226,2.233761,2.870403
13.901180,0.776298,0.978000,4.455060,-0.008226,2.233761,2.870403
13.912290,0.776298,0.978000,4.455060,-0.008226,2.233761,2.870403
13.923400,0.776298,0.978000,4.455060,-0.008226,2.233761,2.870403
13.934510,0.776298,0.978000,4.455060,0.055206,2.319533,2.638964
13.945620,0.709056,0.978000,4.454944,0.055206,2.319533,2.638964
13.956740,0.709056,0.978000,4.454944,0.055206,2.319533,2.638964
13.967850,0.689426,0.978000,4.456391,,,
13.978960,0.668754,0.978000,4.457914,,,
13.990070,0.648083,0.978000,4.459437,,,
14.001180,0.575212,0.978000,4.459287,0.113403,2.210089,2.411645
14.012290,0.575212,0.978000,4.459287,0.113403,2.210089,2.411645
14.023400,0.575212,0.978000,4.459287,0.113403,2.210089,2.411645
14.034510,0.575212,0.978000,4.459287,0.129481,2.113624,2.314939
14.045630,0.575212,0.978000,4.459287,0.129481,2.113624,2.314939
14.056740,0.503096,0.978000,4.459043,0.129481,2.113624,2.314939
14.067850,0.492620,0.978000,4.459008,0.129481,2.113624,2.314939
14.078960,0.470398,0.978000,4.458932,0.129481,2.113624,2.314939
14.090070,0.448175,0.978000,4.458858,0.129481,2.113624,2.314939
14.101180,0.425952,0.978000,4.458783,0.129481,2.113624,2.314939
14.112290,0.403730,0.978000,4.458707,0.129481,2.113624,2.314939
14.123400,0.381508,0.978000,4.458632,0.129481,2.113624,2.314939
14.134520,0.364107,0.978000,4.458574,0.129481,2.113624,2.314939
14.145630,0.364107,0.978000,4.458574,0.129481,2.113624,2.314939
14.156740,0.293725,0.978000,4.458335,0.129481,2.113624,2.314939
14.167850,0.293725,0.978000,4.458335,0.129481,2.113624,2.314939
14.178960,0.293725,0.978000,4.458335,0.129481,2.113624,2.314939
14.190070,0.293725,0.978000,4.458335,0.129481,2.113624,2.314939
14.201180,0.223643,0.978000,4.458098,0.129481,2.113624,2.314939
14.212290,0.203729,0.978000,4.458031,,,
14.223410,0.181507,0.978000,4.457956,,,
14.234520,0.159284,0.978000,4.457881,,,
14.245630,0.156473,0.978000,4.457871,0.093700,2.150507,2.396531
14.256740,0.137964,0.978000,4.480902,0.093700,2.150507,2.396531
14.267850,0.137964,0.978000,4.480902,0.093700,2.150507,2.396531
14.278960,0.137964,0.978000,4.480902,-0.020940,2.264088,2.658095
14.290070,0.137964,0.978000,4.480902,-0.020940,2.264088,2.658095
14.301180,0.137964,0.978000,4.480902,-0.020940,2.264088,2.658095
14.312300,0.102869,0.978000,4.503288,,,
14.323410,0.098646,0.978000,4.511950,,,
14.334520,0.094424,0.978000,4.520611,,,
14.345630,0.093049,0.978000,4.523430,-0.136274,2.354388,2.930709
14.356740,0.079384,0.978000,4.551222,-0.136274,2.354388,2.930709
14.367850,0.079384,0.978000,4.551222,-0.136274,2.354388,2.930709
14.378960,0.079384,0.978000,4.551222,-0.242753,2.389549,3.214362
14.390070,0.079384,0.978000,4.551222,-0.242753,2.389549,3.214362
14.401190,0.079384,0.978000,4.551222,-0.242753,2.389549,3.214362
14.412300,0.065396,0.978000,4.583769,,,
14.423410,0.061436,0.978000,4.593275,,,
14.434520,0.057475,0.978000,4.602780,,,
14.445630,0.054072,0.978000,4.610946,-0.338815,2.367854,3.506951
14.456740,0.038882,0.978000,4.640129,-0.338815,2.367854,3.506951
14.467850,0.038882,0.978000,4.640129,-0.338815,2.367854,3.506951
14.478940,0.038882,0.978000,4.640129,,,
14.490080,0.038882,0.978000,4.640129,-0.410816,2.322014,3.757489
14.501190,0.038882,0.978000,4.640129,-0.410816,2.322014,3.757489
14.512300,0.025055,0.978000,4.670928,-0.410816,2.322014,3.757489
14.523410,0.019614,0.978000,4.678557,,,
14.534520,0.013377,0.978000,4.687304,,,
14.545630,0.007140,0.978000,4.696050,,,
14.556740,0.005066,0.978000,4.698958,-0.410816,2.322014,3.757489
14.567850,-0.007078,0.978000,4.732323,-0.410816,2.322014,3.757489
14.578970,-0.007078,0.978000,4.732323,-0.410816,2.322014,3.757489
14.590080,-0.007078,0.978000,4.732323,-0.410816,2.322014,3.757489
14.601190,-0.007078,0.978000,4.732323,-0.410816,2.322014,3.757489
14.612300,-0.023502,0.978000,4.762822,-0.410816,2.322014,3.757489
14.623410,-0.026800,0.978000,4.767261,,,
14.634520,-0.033578,0.978000,4.776385,,,
14.645630,-0.040356,0.978000,4.785510,,,
14.656740,-0.045339,0.978000,4.792216,-0.410816,2.322014,3.757489
14.667860,-0.065222,0.978000,4.822981,-0.410816,2.322014,3.757489
14.678970,-0.065222,0.978000,4.822981,-0.410816,2.322014,3.757489
14.690080,-0.065222,0.978000,4.822981,-0.402944,2.335940,3.716331
14.701190,-0.065222,0.978000,4.822981,-0.402944,2.335940,3.716331
14.712300,-0.065222,0.978000,4.822981,-0.402944,2.335940,3.716331
14.723410,-0.087443,0.978000,4.853695,,,
14.734520,-0.095208,0.978000,4.863169,,,
14.745640,-0.102973,0.978000,4.872643,,,
14.756750,-0.110739,0.978000,4.882117,,,
14.767860,-0.146565,0.978000,4.902715,-0.352496,2.407278,3.452566
14.778970,-0.146565,0.978000,4.902715,-0.352496,2.407278,3.452566
14.790080,-0.146565,0.978000,4.902715,-0.352496,2.407278,3.452566
14.801190,-0.146565,0.978000,4.902715,-0.302502,2.328077,3.191171
14.812300,-0.146565,0.978000,4.902715,-0.302502,2.328077,3.191171
14.823410,-0.192659,0.978000,4.912480,-0.302502,2.328077,3.191171
14.834530,-0.202936,0.978000,4.913336,,,
14.845640,-0.219220,0.978000,4.914692,,,
14.856750,-0.235504,0.978000,4.916049,,,
14.867860,-0.295362,0.978000,4.917381,-0.268738,2.183898,3.014638
14.878970,-0.295362,0.978000,4.917381,-0.268738,2.183898,3.014638
14.890080,-0.295362,0.978000,4.917381,-0.268738,2.183898,3.014638
14.901190,-0.295362,0.978000,4.917381,-0.265888,2.171092,2.999734
14.912300,-0.295362,0.978000,4.917381,-0.265888,2.171092,2.999734
14.923420,-0.354767,0.978000,4.911903,-0.265888,2.171092,2.999734
14.934530,-0.363484,0.978000,4.909685,,,
14.945640,-0.385019,0.978000,4.904205,,,
14.956750,-0.406555,0.978000,4.898725,,,
14.967860,-0.481648,0.978000,4.879617,-0.265888,2.171092,2.999734
14.978970,-0.481648,0.978000,4.879617,-0.265888,2.171092,2.999734
14.990080,-0.481648,0.978000,4.879617,-0.265888,2.171092,2.999734
15.001190,-0.481648,0.978000,4.879617,-0.265888,2.171092,2.999734
15.012310,-0.481648,0.978000,4.879617,-0.265888,2.171092,2.999734
15.023420,4.990000,0.978000,4.450000,-0.265888,2.171092,2.999734
15.034530,4.990000,0.978000,4.450000,,,
15.045640,4.990000,0.978000,4.450000,,,
15.056750,4.990000,0.978000,4.450000,,,
15.067860,4.990000,0.978000,4.450000,-0.265888,2.171092,2.999734
15.078970,4.990000,0.978000,4.450000,-0.265888,2.171092,2.999734
15.090080,4.990000,0.978000,4.450000,-0.265888,2.171092,2.999734
15.101200,4.990000,0.978000,4.450000,-0.141057,2.333076,2.806163
15.112310,4.990000,0.978000,4.450000,-0.141057,2.333076,2.806163
15.123420,4.990000,0.978000,4.450000,-0.141057,2.333076,2.806163
15.134530,4.990000,0.978000,4.450000,,,
15.145640,4.990000,0.978000,4.450000,,,
15.156750,4.990000,0.978000,4.450000,,,
15.167860,4.990000,0.978000,4.450000,,,
15.178970,4.990000,0.978000,4.450000,0.020364,2.434402,2.574061
15.190090,4.990000,0.978000,4.450000,0.020364,2.434402,2.574061
15.201200,4.990000,0.978000,4.450000,0.020364,2.434402,2.574061
15.212310,4.990000,0.978000,4.450000,0.162062,2.382596,2.377594
15.223420,4.990000,0.978000,4.450000,0.162062,2.382596,2.377594
15.234530,4.990000,0.978000,4.450000,0.162062,2.382596,2.377594
15.245640,4.990000,0.978000,4.450000,,,
15.256750,4.990000,0.978000,4.450000,,,
15.267860,4.990000,0.978000,4.450000,,,
15.278980,4.990000,0.978000,4.450000,0.209334,2.347631,2.309637
15.290090,4.990000,0.978000,4.450000,0.209334,2.347631,2.309637
15.301200,4.990000,0.978000,4.450000,0.209334,2.347631,2.309637
15.312310,4.990000,0.978000,4.450000,0.209334,2.347631,2.309637
15.323420,4.990000,0.978000,4.450000,0.209334,2.347631,2.309637
15.334530,4.990000,0.978000,4.450000,0.209334,2.347631,2.309637
15.345640,4.990000,0.978000,4.450000,0.209334,2.347631,2.309637
15.356750,4.990000,0.978000,4.450000,0.209334,2.347631,2.309637
15.367870,4.990000,0.978000,4.450000,0.209334,2.347631,2.309637
15.378980,4.990000,0.978000,4.450000,0.209334,2.347631,2.309637
15.390090,4.990000,0.978000,4.450000,0.209334,2.347631,2.309637
15.401200,4.990000,0.978000,4.450000,0.209334,2.347631,2.309637
15.412310,4.990000,0.978000,4.450000,0.209334,2.347631,2.309637
15.423420,4.990000,0.978000,4.450000,0.209334,2.347631,2.309637
15.434530,4.990000,0.978000,4.450000,0.209334,2.347631,2.309637
15.445640,4.990000,0.978000,4.450000,0.209334,2.347631,2.309637
15.456760,4.990000,0.978000,4.450000,0.191379,2.391444,2.487703
15.467870,4.990000,0.978000,4.450000,0.191379,2.391444,2.487703
15.478980,4.990000,0.978000,4.450000,0.191379,2.391444,2.487703
15.490090,4.990000,0.978000,4.450000,0.191379,2.391444,2.487703
15.501200,4.990000,0.978000,4.450000,0.191379,2.391444,2.487703
15.512310,4.990000,0.978000,4.450000,0.191379,2.391444,2.487703
15.523420,4.990000,0.978000,4.450000,0.161229,2.454468,2.786701
15.534530,4.990000,0.978000,4.450000,0.161229,2.454468,2.786701
15.545650,4.990000,0.978000,4.450000,0.161229,2.454468,2.786701
15.556760,4.990000,0.978000,4.450000,0.131086,2.484115,3.085628
15.567870,4.990000,0.978000,4.450000,0.131086,2.484115,3.085628
15.578980,4.990000,0.978000,4.450000,0.131086,2.484115,3.085628
15.590090,4.990000,0.978000,4.450000,,,
15.601200,4.990000,0.978000,4.450000,,,
15.612310,4.990000,0.978000,4.450000,,,
15.623420,4.990000,0.978000,4.450000,0.101217,2.459425,3.387055
15.634540,4.990000,0.978000,4.450000,0.101217,2.459425,3.387055
15.645650,4.990000,0.978000,4.450000,0.101217,2.459425,3.387055
15.656760,4.990000,0.978000,4.450000,0.071748,2.378498,3.686115
15.667870,4.990000,0.978000,4.450000,0.071748,2.378498,3.686115
15.678980,4.990000,0.978000,4.450000,0.071748,2.378498,3.686115
15.690090,4.990000,0.978000,4.450000,,,
15.701200,4.990000,0.978000,4.450000,,,
15.712310,4.990000,0.978000,4.450000,,,
15.723430,4.990000,0.978000,4.450000,,,
15.734540,4.990000,0.978000,4.450000,0.045463,2.261119,3.968298
15.745650,4.990000,0.978000,4.450000,0.045463,2.261119,3.968298
15.756760,4.990000,0.978000,4.450000,0.045463,2.261119,3.968298
15.767870,4.990000,0.978000,4.450000,0.042089,2.243952,4.004905
15.778980,4.990000,0.978000,4.450000,0.042089,2.243952,4.004905
15.790090,4.990000,0.978000,4.450000,0.042089,2.243952,4.004905
15.801200,4.990000,0.978000,4.450000,,,
15.812320,4.990000,0.978000,4.450000,,,
15.823430,4.990000,0.978000,4.450000,,,
15.834540,4.990000,0.978000,4.450000,0.042089,2.243952,4.004905
15.845650,4.990000,0.978000,4.450000,0.042089,2.243952,4.004905
15.856760,4.990000,0.978000,4.450000,0.042089,2.243952,4.004905
15.867870,4.990000,0.978000,4.450000,0.042089,2.243952,4.004905
15.878980,4.990000,0.978000,4.450000,0.042089,2.243952,4.004905
15.890090,4.990000,0.978000,4.450000,0.042089,2.243952,4.004905
15.901210,4.990000,0.978000,4.450000,,,
15.912320,4.990000,0.978000,4.450000,,,
15.923430,4.990000,0.978000,4.450000,,,
15.934540,4.990000,0.978000,4.450000,0.042089,2.243952,4.004905
15.945650,4.990000,0.978000,4.450000,0.042089,2.243952,4.004905
15.956760,4.990000,0.978000,4.450000,0.042089,2.243952,4.004905
15.967870,4.990000,0.978000,4.450000,-0.041003,2.393148,3.776602
15.978980,4.990000,0.978000,4.450000,-0.041003,2.393148,3.776602
15.990100,4.990000,0.978000,4.450000,-0.041003,2.393148,3.776602
16.001210,4.990000,0.978000,4.450000,,,
16.012320,4.990000,0.978000,4.450000,,,
16.023430,4.990000,0.978000,4.450000,,,
16.034540,4.990000,0.978000,4.450000,-0.138981,2.468912,3.507704
16.045650,4.990000,0.978000,4.450000,-0.138981,2.468912,3.507704
16.056760,4.990000,0.978000,4.450000,-0.138981,2.468912,3.507704
16.067790,4.990000,0.978000,4.450000,,,
16.078980,4.990000,0.978000,4.450000,-0.221963,2.389631,3.279967
16.090090,4.990000,0.978000,4.450000,-0.221963,2.389631,3.279967
16.101200,4.990000,0.978000,4.450000,-0.221963,2.389631,3.279967
16.112310,4.990000,0.978000,4.450000,,,
16.123420,4.990000,0.978000,4.450000,,,
16.134530,4.990000,0.978000,4.450000,,,
16.145640,4.990000,0.978000,4.450000,-0.251844,2.340731,3.197959
16.156750,4.990000,0.978000,4.450000,-0.251844,2.340731,3.197959
16.167860,4.990000,0.978000,4.450000,-0.251844,2.340731,3.197959
16.178970,4.990000,0.978000,4.450000,-0.251844,2.340731,3.197959
16.190080,4.990000,0.978000,4.450000,-0.251844,2.340731,3.197959
16.201190,4.990000,0.978000,4.450000,-0.251844,2.340731,3.197959
16.212300,4.990000,0.978000,4.450000,,,
16.223410,4.990000,0.978000,4.450000,,,
16.234520,4.990000,0.978000,4.450000,,,
16.245630,4.990000,0.978000,4.450000,-0.251844,2.340731,3.197959
16.256740,4.990000,0.978000,4.450000,-0.251844,2.340731,3.197959
16.267850,4.990000,0.978000,4.450000,-0.251844,2.340731,3.197959
16.278960,4.990000,0.978000,4.450000,-0.251844,2.340731,3.197959
16.290080,4.990000,0.978000,4.450000,-0.251844,2.340731,3.197959
16.301190,4.990000,0.978000,4.450000,-0.251844,2.340731,3.197959
16.312300,4.990000,0.978000,4.450000,,,
16.323410,4.990000,0.978000,4.450000,,,
16.334520,4.990000,0.978000,4.450000,,,
16.345630,4.990000,0.978000,4.450000,-0.184002,2.383851,3.068761
16.356740,4.990000,0.978000,4.450000,-0.184002,2.383851,3.068761
16.367850,4.990000,0.978000,4.450000,-0.184002,2.383851,3.068761
16.378960,4.990000,0.978000,4.450000,-0.047256,2.433739,2.808341
16.390070,4.990000,0.978000,4.450000,-0.047256,2.433739,2.808341
16.401180,4.990000,0.978000,4.450000,-0.047256,2.433739,2.808341
16.412290,4.990000,0.978000,4.450000,-0.047256,2.433739,2.808341
16.423400,4.990000,0.978000,4.450000,0.083597,2.354626,2.557125
16.434510,4.990000,0.978000,4.450000,0.083597,2.354626,2.557125
16.445620,4.990000,0.978000,4.450000,0.083597,2.354626,2.557125
16.456730,4.990000,0.978000,4.450000,0.083597,2.354626,2.557125
16.467840,4.990000,0.978000,4.450000,0.083597,2.354626,2.557125
16.478950,4.990000,0.978000,4.450000,0.083597,2.354626,2.557125
16.490060,4.990000,0.978000,4.450000,0.177086,2.202425,2.360155
16.501170,4.990000,0.978000,4.450000,0.177086,2.202425,2.360155
16.512280,4.990000,0.978000,4.450000,0.177086,2.202425,2.360155
16.523390,4.990000,0.978000,4.450000,0.204301,2.150366,2.302917
16.534500,4.990000,0.978000,4.450000,0.204301,2.150366,2.302917
16.545610,4.990000,0.978000,4.450000,0.204301,2.150366,2.302917
16.556720,4.990000,0.978000,4.450000,0.204301,2.150366,2.302917
16.567830,4.990000,0.978000,4.450000,0.204301,2.150366,2.302917
16.578940,4.990000,0.978000,4.450000,0.204301,2.150366,2.302917
16.590050,4.990000,0.978000,4.450000,0.204301,2.150366,2.302917
16.601160,4.990000,0.978000,4.450000,0.204301,2.150366,2.302917
16.612270,4.990000,0.978000,4.450000,0.204301,2.150366,2.302917
16.623380,4.990000,0.978000,4.450000,0.204301,2.150366,2.302917
16.634490,4.990000,0.978000,4.450000,0.204301,2.150366,2.302917
16.645610,4.990000,0.978000,4.450000,0.204301,2.150366,2.302917
16.656720,4.990000,0.978000,4.450000,0.204301,2.150366,2.302917
16.667830,4.990000,0.978000,4.450000,0.204301,2.150366,2.302917
16.678940,4.990000,0.978000,4.450000,0.204301,2.150366,2.302917
16.690050,4.990000,0.978000,4.450000,0.204301,2.150366,2.302917
16.701160,4.990000,0.978000,4.450000,0.204301,2.150366,2.302917
16.712270,4.990000,0.978000,4.450000,0.204301,2.150366,2.302917
16.723380,4.990000,0.978000,4.450000,0.185860,2.206333,2.512385
16.734490,4.990000,0.978000,4.450000,0.185860,2.206333,2.512385
16.745600,4.990000,0.978000,4.450000,0.185860,2.206333,2.512385
16.756710,4.990000,0.978000,4.450000,,,
16.767820,4.990000,0.978000,4.450000,,,
16.778930,4.990000,0.978000,4.450000,,,
16.790040,4.990000,0.978000,4.450000,0.165577,2.278877,2.816887
16.801150,4.990000,0.978000,4.450000,0.165577,2.278877,2.816887
16.812260,4.990000,0.978000,4.450000,0.165577,2.278877,2.816887
16.823370,4.990000,0.978000,4.450000,0.156383,2.320788,3.122037
16.834480,4.990000,0.978000,4.450000,0.156383,2.320788,3.122037
16.845590,4.990000,0.978000,4.450000,0.156383,2.320788,3.122037
16.856700,4.990000,0.978000,4.450000,0.156383,2.320788,3.122037
16.867810,4.990000,0.978000,4.450000,,,
16.878920,4.990000,0.978000,4.450000,,,
16.890030,4.990000,0.978000,4.450000,,,
16.901140,4.990000,0.978000,4.450000,0.152504,2.313602,3.428065
16.912250,4.990000,0.978000,4.450000,0.152504,2.313602,3.428065
16.923360,4.990000,0.978000,4.450000,0.152504,2.313602,3.428065
16.934470,4.990000,0.978000,4.450000,0.149292,2.260381,3.726851
16.945580,4.990000,0.978000,4.450000,0.149292,2.260381,3.726851
16.956690,4.990000,0.978000,4.450000,0.149292,2.260381,3.726851
16.967800,4.990000,0.978000,4.450000,,,
16.978910,4.990000,0.978000,4.450000,,,
16.990020,4.990000,0.978000,4.450000,,,
17.001130,4.990000,0.978000,4.450000,0.155686,2.180830,4.009224
17.012250,4.990000,0.978000,4.450000,0.155686,2.180830,4.009224
17.023360,4.990000,0.978000,4.450000,0.155686,2.180830,4.009224
17.034470,4.990000,0.978000,4.450000,0.155686,2.180830,4.009224
17.045580,4.990000,0.978000,4.450000,0.155686,2.180830,4.009224
17.056690,4.990000,0.978000,4.450000,0.155686,2.180830,4.009224
17.067800,4.990000,0.978000,4.450000,,,
17.078910,4.990000,0.978000,4.450000,,,
17.090020,4.990000,0.978000,4.450000,,,
17.101130,4.990000,0.978000,4.450000,0.155686,2.180830,4.009224
17.112240,4.990000,0.978000,4.450000,0.155686,2.180830,4.009224
17.123350,4.990000,0.978000,4.450000,0.155686,2.180830,4.009224
17.134460,4.990000,0.978000,4.450000,0.155686,2.180830,4.009224
17.145570,4.990000,0.978000,4.450000,0.155686,2.180830,4.009224
17.156680,4.990000,0.978000,4.450000,0.155686,2.180830,4.009224
17.167790,4.990000,0.978000,4.450000,0.155686,2.180830,4.009224
17.178900,4.990000,0.978000,4.450000,,,
17.190010,4.990000,0.978000,4.450000,,,
17.201120,4.990000,0.978000,4.450000,,,
17.212230,4.990000,0.978000,4.450000,0.154610,2.189852,3.987445
17.223340,4.990000,0.978000,4.450000,0.154610,2.189852,3.987445
17.234450,4.990000,0.978000,4.450000,0.154610,2.189852,3.987445
17.245560,4.990000,0.978000,4.450000,0.140634,2.295422,3.700739
17.256670,4.990000,0.978000,4.450000,0.140634,2.295422,3.700739
17.267780,4.990000,0.978000,4.450000,0.140634,2.295422,3.700739
17.278890,4.990000,0.978000,4.450000,,,
17.290000,4.990000,0.978000,4.450000,,,
17.301110,4.990000,0.978000,4.450000,,,
17.312220,4.990000,0.978000,4.450000,0.126080,2.293994,3.400405
17.323330,4.990000,0.978000,4.450000,0.126080,2.293994,3.400405
17.334440,4.990000,0.978000,4.450000,0.126080,2.293994,3.400405
17.345550,4.990000,0.978000,4.450000,0.114505,2.171257,3.161625
17.356660,4.990000,0.978000,4.450000,0.114505,2.171257,3.161625
17.367770,4.990000,0.978000,4.450000,0.114505,2.171257,3.161625
17.378890,4.990000,0.978000,4.450000,,,
17.390000,4.990000,0.978000,4.450000,,,
17.401110,4.990000,0.978000,4.450000,,,
17.412220,4.990000,0.978000,4.450000,0.109320,2.104275,3.063197
17.423330,4.990000,0.978000,4.450000,0.109320,2.104275,3.063197
17.434440,4.990000,0.978000,4.450000,0.109320,2.104275,3.063197
17.445550,4.990000,0.978000,4.450000,0.109320,2.104275,3.063197
17.456660,4.990000,0.978000,4.450000,0.109320,2.104275,3.063197
17.467770,4.990000,0.978000,4.450000,0.109320,2.104275,3.063197
17.478880,4.990000,0.978000,4.450000,,,
17.489990,4.990000,0.978000,4.450000,,,
17.501100,4.990000,0.978000,4.450000,,,
17.512210,4.990000,0.978000,4.450000,,,
17.523320,4.990000,0.978000,4.450000,0.109320,2.104275,3.063197
17.534430,4.990000,0.978000,4.450000,0.109320,2.104275,3.063197
17.545540,4.990000,0.978000,4.450000,0.109320,2.104275,3.063197
17.556650,4.990000,0.978000,4.450000,0.109320,2.104275,3.063197
17.567760,4.990000,0.978000,4.450000,0.109320,2.104275,3.063197
17.578870,4.990000,0.978000,4.450000,0.109320,2.104275,3.063197
17.589980,4.990000,0.978000,4.450000,,,
17.601090,4.990000,0.978000,4.450000,,,
17.612200,4.990000,0.978000,4.450000,,,
17.623310,4.990000,0.978000,4.450000,0.098947,2.211810,2.936192
17.634420,4.990000,0.978000,4.450000,0.098947,2.211810,2.936192
17.645530,4.990000,0.978000,4.450000,0.098947,2.211810,2.936192
17.656640,4.990000,0.978000,4.450000,0.071947,2.327429,2.695311
17.667750,4.990000,0.978000,4.450000,0.071947,2.327429,2.695311
17.678860,4.990000,0.978000,4.450000,0.071947,2.327429,2.695311
17.689970,4.990000,0.978000,4.450000,,,
17.701080,4.990000,0.978000,4.450000,,,
17.712190,4.990000,0.978000,4.450000,,,
17.723300,4.990000,0.978000,4.450000,0.027100,2.262364,2.456417
17.734420,4.990000,0.978000,4.450000,0.027100,2.262364,2.456417
17.745530,4.990000,0.978000,4.450000,0.027100,2.262364,2.456417
17.756640,4.990000,0.978000,4.450000,0.002379,2.227380,2.376364
17.767750,4.990000,0.978000,4.450000,0.002379,2.227380,2.376364
17.778860,4.990000,0.978000,4.450000,0.002379,2.227380,2.376364
17.789970,4.990000,0.978000,4.450000,,,
17.801080,4.990000,0.978000,4.450000,,,
17.812190,4.990000,0.978000,4.450000,,,
17.823300,4.990000,0.978000,4.450000,0.002379,2.227380,2.376364
17.834410,4.990000,0.978000,4.450000,0.002379,2.227380,2.376364
17.845520,4.990000,0.978000,4.450000,0.002379,2.227380,2.376364
17.856630,4.990000,0.978000,4.450000,0.002379,2.227380,2.376364
17.867740,4.990000,0.978000,4.450000,0.002379,2.227380,2.376364
17.878850,4.990000,0.978000,4.450000,0.002379,2.227380,2.376364
17.889960,4.990000,0.978000,4.450000,0.002379,2.227380,2.376364
17.901070,4.990000,0.978000,4.450000,,,
17.912180,4.990000,0.978000,4.450000,,,
17.923290,4.990000,0.978000,4.450000,,,
17.934400,4.990000,0.978000,4.450000,0.002379,2.227380,2.376364
17.945510,4.990000,0.978000,4.450000,0.002379,2.227380,2.376364
17.956620,4.990000,0.978000,4.450000,0.002379,2.227380,2.376364
17.967730,4.990000,0.978000,4.450000,0.058578,2.275326,2.521791
17.978840,4.990000,0.978000,4.450000,0.058578,2.275326,2.521791
17.989950,4.990000,0.978000,4.450000,0.058578,2.275326,2.521791
18.001060,4.990000,0.978000,4.450000,,,
18.012170,4.990000,0.978000,4.450000,,,
18.023280,4.990000,0.978000,4.450000,,,
18.034390,4.990000,0.978000,4.450000,0.164247,2.360871,2.795236
18.045500,4.990000,0.978000,4.450000,0.164247,2.360871,2.795236
18.056610,4.990000,0.978000,4.450000,0.164247,2.360871,2.795236
18.067720,4.990000,0.978000,4.450000,0.270727,2.431972,3.070777
18.078830,4.990000,0.978000,4.450000,0.270727,2.431972,3.070777
18.089940,4.990000,0.978000,4.450000,0.270727,2.431972,3.070777
18.101060,4.990000,0.978000,4.450000,,,
18.112170,4.990000,0.978000,4.450000,,,
18.123280,4.990000,0.978000,4.450000,,,
18.134390,4.990000,0.978000,4.450000,0.379048,2.474225,3.351086
18.145500,4.990000,0.978000,4.450000,0.379048,2.474225,3.351086
18.156610,4.990000,0.978000,4.450000,0.379048,2.474225,3.351086
18.167720,4.990000,0.978000,4.450000,0.489734,2.477810,3.637512
18.178830,4.990000,0.978000,4.450000,0.489734,2.477810,3.637512
18.189940,4.990000,0.978000,4.450000,0.489734,2.477810,3.637512
18.201050,4.990000,0.978000,4.450000,,,
18.212160,4.990000,0.978000,4.450000,,,
18.223270,4.990000,0.978000,4.450000,,,
18.234380,4.990000,0.978000,4.450000,0.600788,2.442338,3.924808
18.245490,4.990000,0.978000,4.450000,0.600788,2.442338,3.924808
18.256600,4.990000,0.978000,4.450000,0.600788,2.442338,3.924808
18.267710,4.990000,0.978000,4.450000,0.600788,2.442338,3.924808
18.278820,4.990000,0.978000,4.450000,0.712037,2.376164,4.211446
18.289930,4.990000,0.978000,4.450000,0.712037,2.376164,4.211446
18.301040,4.990000,0.978000,4.450000,0.712037,2.376164,4.211446
18.312150,4.990000,0.978000,4.450000,0.725304,2.366889,4.245602
18.323260,4.990000,0.978000,4.450000,0.725304,2.366889,4.245602
18.334370,4.990000,0.978000,4.450000,0.725304,2.366889,4.245602
18.345480,4.990000,0.978000,4.450000,0.725304,2.366889,4.245602
18.356590,4.990000,0.978000,4.450000,0.725304,2.366889,4.245602
18.367700,4.990000,0.978000,4.450000,0.725304,2.366889,4.245602
18.378810,4.990000,0.978000,4.450000,0.725304,2.366889,4.245602
18.389920,4.990000,0.978000,4.450000,0.725304,2.366889,4.245602
18.401030,4.990000,0.978000,4.450000,0.725304,2.366889,4.245602
18.412140,4.990000,0.978000,4.450000,0.725304,2.366889,4.245602
18.423250,4.990000,0.978000,4.450000,0.725304,2.366889,4.245602
18.434360,4.990000,0.978000,4.450000,0.725304,2.366889,4.245602
18.445470,4.990000,0.978000,4.450000,0.725304,2.366889,4.245602
18.456580,4.990000,0.978000,4.450000,0.725304,2.366889,4.245602
18.467700,4.990000,0.978000,4.450000,0.725304,2.366889,4.245602
18.478810,4.990000,0.978000,4.450000,0.725304,2.366889,4.245602
18.489920,4.990000,0.978000,4.450000,0.725304,2.366889,4.245602
18.501030,4.990000,0.978000,4.450000,0.725304,2.366889,4.245602
18.512140,4.990000,0.978000,4.450000,0.537710,2.437785,4.072998
18.523250,4.990000,0.978000,4.450000,0.537710,2.437785,4.072998
18.534360,4.990000,0.978000,4.450000,0.537710,2.437785,4.072998
18.545470,4.990000,0.978000,4.450000,,,
18.556580,4.990000,0.978000,4.450000,,,
18.567690,4.990000,0.978000,4.450000,,,
18.578800,4.990000,0.978000,4.450000,0.304962,2.501046,3.880130
18.589910,4.990000,0.978000,4.450000,0.304962,2.501046,3.880130
18.601020,4.990000,0.978000,4.450000,0.304962,2.501046,3.880130
18.612130,4.990000,0.978000,4.450000,0.304962,2.501046,3.880130
18.623240,4.990000,0.978000,4.450000,0.067267,2.506469,3.700687
18.634350,4.990000,0.978000,4.450000,0.067267,2.506469,3.700687
18.645460,4.990000,0.978000,4.450000,0.067267,2.506469,3.700687
18.656570,4.990000,0.978000,4.450000,,,
18.667680,4.990000,0.978000,4.450000,,,
18.678790,4.990000,0.978000,4.450000,,,
18.689900,4.990000,0.978000,4.450000,-0.188107,2.443627,3.530560
18.701010,4.990000,0.978000,4.450000,-0.188107,2.443627,3.530560
18.712120,4.990000,0.978000,4.450000,-0.188107,2.443627,3.530560
18.723230,4.990000,0.978000,4.450000,-0.444719,2.343397,3.389574
18.734340,4.990000,0.978000,4.450000,-0.444719,2.343397,3.389574
18.745450,,,,-0.444719,2.343397,3.389574
18.756560,4.990000,0.978000,4.450000,,,
18.767670,4.990000,0.978000,4.450000,,,
18.778780,4.990000,0.978000,4.450000,,,
18.789890,4.990000,0.978000,4.450000,-0.457833,2.338474,3.383946
18.801000,4.990000,0.978000,4.450000,-0.457833,2.338474,3.383946
18.812110,4.990000,0.978000,4.450000,-0.457833,2.338474,3.383946
18.823230,4.990000,0.978000,4.450000,-0.457833,2.338474,3.383946
18.834340,4.990000,0.978000,4.450000,-0.457833,2.338474,3.383946
18.845450,4.990000,0.978000,4.450000,-0.457833,2.338474,3.383946
18.856560,4.990000,0.978000,4.450000,,,
18.867670,4.990000,0.978000,4.450000,,,
18.878780,4.990000,0.978000,4.450000,,,
18.889890,4.990000,0.978000,4.450000,-0.457833,2.338474,3.383946
18.901000,4.990000,0.978000,4.450000,-0.457833,2.338474,3.383946
18.912110,4.990000,0.978000,4.450000,-0.457833,2.338474,3.383946
18.923220,4.990000,0.978000,4.450000,-0.457833,2.338474,3.383946
18.934330,4.990000,0.978000,4.450000,-0.457833,2.338474,3.383946
18.945440,4.990000,0.978000,4.450000,-0.457833,2.338474,3.383946
18.956550,4.990000,0.978000,4.450000,,,
18.967660,4.990000,0.978000,4.450000,,,
18.978770,4.990000,0.978000,4.450000,,,
18.989880,4.990000,0.978000,4.450000,,,
19.000990,4.990000,0.978000,4.450000,-0.340146,2.440648,3.121357
19.012100,4.990000,0.978000,4.450000,-0.340146,2.440648,3.121357
19.023210,4.990000,0.978000,4.450000,-0.340146,2.440648,3.121357
19.034320,4.990000,0.978000,4.450000,-0.210600,2.485991,2.848731
19.045430,4.990000,0.978000,4.450000,-0.210600,2.485991,2.848731
19.056540,4.990000,0.978000,4.450000,-0.210600,2.485991,2.848731
19.067650,4.990000,0.978000,4.450000,,,
19.078760,4.990000,0.978000,4.450000,,,
19.089870,4.990000,0.978000,4.450000,,,
19.100980,4.990000,0.978000,4.450000,-0.091166,2.401172,2.611686
19.112090,4.990000,0.978000,4.450000,-0.091166,2.401172,2.611686
19.123200,4.990000,0.978000,4.450000,-0.091166,2.401172,2.611686
19.134310,4.990000,0.978000,4.450000,0.000711,2.272494,2.458981
19.145420,4.990000,0.978000,4.450000,0.000711,2.272494,2.458981
19.156530,4.990000,0.978000,4.450000,0.000711,2.272494,2.458981
19.167640,4.990000,0.978000,4.450000,,,
19.178750,4.990000,0.978000,4.450000,,,
19.189870,4.990000,0.978000,4.450000,,,
19.200980,4.990000,0.978000,4.450000,0.002861,2.269100,2.456507
19.212090,4.990000,0.978000,4.450000,0.002861,2.269100,2.456507
19.223200,4.990000,0.978000,4.450000,0.002861,2.269100,2.456507
19.234310,4.990000,0.978000,4.450000,0.002861,2.269100,2.456507
19.245420,4.990000,0.978000,4.450000,0.002861,2.269100,2.456507
19.256530,4.990000,0.978000,4.450000,0.002861,2.269100,2.456507
19.267640,4.990000,0.978000,4.450000,0.002861,2.269100,2.456507
19.278750,4.990000,0.978000,4.450000,,,
19.289860,4.990000,0.978000,4.450000,,,
19.300970,4.990000,0.978000,4.450000,,,
19.312080,4.990000,0.978000,4.450000,0.002861,2.269100,2.456507
19.323190,4.990000,0.978000,4.450000,0.002861,2.269100,2.456507
19.334300,4.990000,0.978000,4.450000,0.002861,2.269100,2.456507
19.345410,4.990000,0.978000,4.450000,0.002861,2.269100,2.456507
19.356520,4.990000,0.978000,4.450000,0.002861,2.269100,2.456507
19.367630,4.990000,0.978000,4.450000,0.002861,2.269100,2.456507
19.378740,4.990000,0.978000,4.450000,0.077599,2.325790,2.741437
19.389850,4.990000,0.978000,4.450000,0.077599,2.325790,2.741437
19.400960,4.990000,0.978000,4.450000,0.077599,2.325790,2.741437
19.412070,4.990000,0.978000,4.450000,,,
19.423180,4.990000,0.978000,4.450000,,,
19.434290,4.990000,0.978000,4.450000,,,
19.445400,4.990000,0.978000,4.450000,0.155333,2.368099,3.037788
19.456510,4.990000,0.978000,4.450000,0.155333,2.368099,3.037788
19.467620,4.990000,0.978000,4.450000,0.155333,2.368099,3.037788
19.478730,4.990000,0.978000,4.450000,0.155333,2.368099,3.037788
19.489840,4.990000,0.978000,4.450000,0.232130,2.369242,3.330567
19.500950,4.990000,0.978000,4.450000,0.232130,2.369242,3.330567
19.512060,4.990000,0.978000,4.450000,0.232130,2.369242,3.330567
19.523170,4.990000,0.978000,4.450000,,,
19.534280,4.990000,0.978000,4.450000,,,
19.545390,4.990000,0.978000,4.450000,,,
19.556510,4.990000,0.978000,4.450000,0.310009,2.314682,3.627472
19.567620,4.990000,0.978000,4.450000,0.310009,2.314682,3.627472
19.578730,4.990000,0.978000,4.450000,0.310009,2.314682,3.627472
19.589840,4.990000,0.978000,4.450000,0.386726,2.214596,3.914771
19.600950,4.990000,0.978000,4.450000,0.386726,2.214596,3.914771
19.612060,4.990000,0.978000,4.450000,0.386726,2.214596,3.914771
19.623170,4.990000,0.978000,4.450000,,,
19.634280,4.990000,0.978000,4.450000,,,
19.645390,4.990000,0.978000,4.450000,,,
19.656500,4.990000,0.978000,4.450000,0.438856,2.129225,4.112219
19.667610,4.990000,0.978000,4.450000,0.438856,2.129225,4.112219
19.678720,4.990000,0.978000,4.450000,0.438856,2.129225,4.112219
19.689740,4.990000,0.978000,4.450000,,,
19.700940,4.990000,0.978000,4.450000,0.438856,2.129225,4.112219
19.712050,4.990000,0.978000,4.450000,0.438856,2.129225,4.112219
19.723160,4.990000,0.978000,4.450000,0.438856,2.129225,4.112219
19.734270,4.990000,0.978000,4.450000,,,
19.745380,4.990000,0.978000,4.450000,,,
19.756490,4.990000,0.978000,4.450000,,,
19.767600,4.990000,0.978000,4.450000,0.438856,2.129225,4.112219
19.778710,4.990000,0.978000,4.450000,0.438856,2.129225,4.112219
19.789820,4.990000,0.978000,4.450000,0.438856,2.129225,4.112219
19.800930,4.990000,0.978000,4.450000,0.438856,2.129225,4.112219
19.812040,4.990000,0.978000,4.450000,0.438856,2.129225,4.112219
19.823150,4.990000,0.978000,4.450000,0.438856,2.129225,4.112219
19.834260,4.990000,0.978000,4.450000,,,
19.845370,4.990000,0.978000,4.450000,,,
19.856480,4.990000,0.978000,4.450000,,,
19.867590,4.990000,0.978000,4.450000,0.362053,2.164716,4.079288
19.878700,4.990000,0.978000,4.450000,0.362053,2.164716,4.079288
19.889810,4.990000,0.978000,4.450000,0.362053,2.164716,4.079288
19.900920,4.990000,0.978000,4.450000,0.093178,2.275065,3.966626
19.912030,4.990000,0.978000,4.450000,0.093178,2.275065,3.966626
19.923150,4.990000,0.978000,4.450000,0.093178,2.275065,3.966626
19.934260,4.990000,0.978000,4.450000,0.093178,2.275065,3.966626
19.945370,4.990000,0.978000,4.450000,,,
19.956480,4.990000,0.978000,4.450000,,,
19.967590,4.990000,0.978000,4.450000,,,
19.978700,4.990000,0.978000,4.450000,-0.189088,2.334126,3.860232
19.989810,4.990000,0.978000,4.450000,-0.189088,2.334126,3.860232
20.000920,4.990000,0.978000,4.450000,-0.189088,2.334126,3.860232
20.012030,4.990000,0.978000,4.450000,-0.479981,2.310800,3.766579
20.023140,4.990000,0.978000,4.450000,-0.479981,2.310800,3.766579
20.034250,4.990000,0.978000,4.450000,-0.479981,2.310800,3.766579
20.045360,4.990000,0.978000,4.450000,,,
20.056470,4.990000,0.978000,4.450000,,,
20.067580,4.990000,0.978000,4.450000,,,
20.078690,4.990000,0.978000,4.450000,-0.761541,2.228651,3.702975
20.089800,4.990000,0.978000,4.450000,-0.761541,2.228651,3.702975
20.100910,4.990000,0.978000,4.450000,-0.761541,2.228651,3.702975
20.112020,4.990000,0.978000,4.450000,-0.879334,2.185854,3.685375
20.123130,4.990000,0.978000,4.450000,-0.879334,2.185854,3.685375
20.134240,4.990000,0.978000,4.450000,-0.879334,2.185854,3.685375
20.145350,4.990000,0.978000,4.450000,,,
20.156460,4.990000,0.978000,4.450000,,,
20.167570,4.990000,0.978000,4.450000,,,
20.178680,4.990000,0.978000,4.450000,-0.879334,2.185854,3.685375
20.189790,4.990000,0.978000,4.450000,-0.879334,2.185854,3.685375
20.200900,4.990000,0.978000,4.450000,-0.879334,2.185854,3.685375
20.212010,4.990000,0.978000,4.450000,-0.879334,2.185854,3.685375
20.223120,4.990000,0.978000,4.450000,-0.879334,2.185854,3.685375
20.234230,4.990000,0.978000,4.450000,-0.879334,2.185854,3.685375
20.245340,4.990000,0.978000,4.450000,,,
20.256450,4.990000,0.978000,4.450000,,,
20.267560,4.990000,0.978000,4.450000,,,
20.278680,4.990000,0.978000,4.450000,-0.879334,2.185854,3.685375
20.289790,4.990000,0.978000,4.450000,-0.879334,2.185854,3.685375
20.300900,4.990000,0.978000,4.450000,-0.879334,2.185854,3.685375
20.312010,4.990000,0.978000,4.450000,-0.755040,2.237143,3.534299
20.323120,4.990000,0.978000,4.450000,-0.755040,2.237143,3.534299
20.334230,4.990000,0.978000,4.450000,-0.755040,2.237143,3.534299
20.345340,4.990000,0.978000,4.450000,,,
20.356450,4.990000,0.978000,4.450000,,,
20.367560,4.990000,0.978000,4.450000,,,
20.378670,4.990000,0.978000,4.450000,,,
20.389780,4.990000,0.978000,4.450000,-0.568475,2.303963,3.307536
20.400890,4.990000,0.978000,4.450000,-0.568475,2.303963,3.307536
20.412000,4.990000,0.978000,4.450000,-0.568475,2.303963,3.307536
20.423110,4.990000,0.978000,4.450000,-0.371270,2.333408,3.065106
20.434220,4.990000,0.978000,4.450000,-0.371270,2.333408,3.065106
20.445330,4.990000,0.978000,4.450000,-0.371270,2.333408,3.065106
20.456440,4.990000,0.978000,4.450000,,,
20.467550,4.990000,0.978000,4.450000,,,
20.478660,4.990000,0.978000,4.450000,,,
20.489770,4.990000,0.978000,4.450000,-0.185468,2.299637,2.821689
20.500880,4.990000,0.978000,4.450000,-0.185468,2.299637,2.821689
20.511990,4.990000,0.978000,4.450000,-0.185468,2.299637,2.821689
20.523100,4.990000,0.978000,4.450000,-0.008597,2.218259,2.589383
20.534210,4.990000,0.978000,4.450000,-0.008597,2.218259,2.589383
20.545320,4.990000,0.978000,4.450000,-0.008597,2.218259,2.589383
20.556430,4.990000,0.978000,4.450000,,,
20.567540,4.990000,0.978000,4.450000,,,
20.578650,4.990000,0.978000,4.450000,,,
20.589760,4.990000,0.978000,4.450000,0.089572,2.161953,2.460672
20.600870,4.990000,0.978000,4.450000,0.089572,2.161953,2.460672
20.611980,4.990000,0.978000,4.450000,0.089572,2.161953,2.460672
20.623090,4.990000,0.978000,4.450000,0.089572,2.161953,2.460672
20.634200,4.990000,0.978000,4.450000,0.089572,2.161953,2.460672
20.645320,4.990000,0.978000,4.450000,0.089572,2.161953,2.460672
20.656430,4.990000,0.978000,4.450000,0.089572,2.161953,2.460672
20.667540,4.990000,0.978000,4.450000,,,
20.678650,4.990000,0.978000,4.450000,,,
20.689760,4.990000,0.978000,4.450000,,,
20.700870,4.990000,0.978000,4.450000,0.089572,2.161953,2.460672
20.711980,4.990000,0.978000,4.450000,0.089572,2.161953,2.460672
20.723090,4.990000,0.978000,4.450000,0.089572,2.161953,2.460672
20.734200,4.990000,0.978000,4.450000,0.089572,2.161953,2.460672
20.745310,4.990000,0.978000,4.450000,0.089572,2.161953,2.460672
20.756420,4.990000,0.978000,4.450000,0.089572,2.161953,2.460672
20.767530,4.990000,0.978000,4.450000,0.089550,2.235703,2.644938
20.778640,4.990000,0.978000,4.450000,0.089550,2.235703,2.644938
20.789750,4.990000,0.978000,4.450000,0.089550,2.235703,2.644938
20.800860,4.990000,0.978000,4.450000,0.089550,2.235703,2.644938
20.811970,4.990000,0.978000,4.450000,0.089550,2.235703,2.644938
20.823080,4.990000,0.978000,4.450000,0.089550,2.235703,2.644938
20.834190,4.990000,0.978000,4.450000,0.092283,2.342893,2.927878
20.845300,4.990000,0.978000,4.450000,0.092283,2.342893,2.927878
20.856410,4.990000,0.978000,4.450000,0.092283,2.342893,2.927878
20.867520,4.990000,0.978000,4.450000,0.099182,2.419711,3.221283
20.878630,4.990000,0.978000,4.450000,0.099182,2.419711,3.221283
20.889740,4.990000,0.978000,4.450000,0.099182,2.419711,3.221283
20.900850,4.990000,0.978000,4.450000,0.099182,2.419711,3.221283
20.911960,4.990000,0.978000,4.450000,,,
20.923070,4.990000,0.978000,4.450000,,,
20.934180,4.990000,0.978000,4.450000,,,
20.945290,4.990000,0.978000,4.450000,0.111874,2.428619,3.532906
20.956400,4.990000,0.978000,4.450000,0.111874,2.428619,3.532906
20.967510,4.990000,0.978000,4.450000,0.111874,2.428619,3.532906
20.978620,4.990000,0.978000,4.450000,0.124060,2.370636,3.809695
20.989730,4.990000,0.978000,4.450000,0.124060,2.370636,3.809695
21.000840,4.990000,0.978000,4.450000,0.124060,2.370636,3.809695
21.011960,4.990000,0.978000,4.450000,,,
21.023070,4.990000,0.978000,4.450000,,,
21.034180,4.990000,0.978000,4.450000,,,
21.045290,4.990000,0.978000,4.450000,0.122295,2.347039,3.885893
21.056400,4.990000,0.978000,4.450000,0.122295,2.347039,3.885893
21.067510,4.990000,0.978000,4.450000,0.122295,2.347039,3.885893
21.078620,4.990000,0.978000,4.450000,0.122295,2.347039,3.885893
21.089730,4.990000,0.978000,4.450000,0.122295,2.347039,3.885893
21.100840,4.990000,0.978000,4.450000,0.122295,2.347039,3.885893
21.111950,4.990000,0.978000,4.450000,0.122295,2.347039,3.885893
21.123060,4.990000,0.978000,4.450000,,,
21.134170,4.990000,0.978000,4.450000,,,
21.145280,4.990000,0.978000,4.450000,,,
21.156390,4.990000,0.978000,4.450000,0.122295,2.347039,3.885893
21.167500,4.990000,0.978000,4.450000,0.122295,2.347039,3.885893
21.178610,4.990000,0.978000,4.450000,0.122295,2.347039,3.885893
21.189720,4.990000,0.978000,4.450000,0.122295,2.347039,3.885893
21.200830,4.990000,0.978000,4.450000,0.122295,2.347039,3.885893
21.211940,4.990000,0.978000,4.450000,0.122295,2.347039,3.885893
21.223050,4.990000,0.978000,4.450000,,,
21.234160,4.990000,0.978000,4.450000,,,
21.245270,4.990000,0.978000,4.450000,,,
21.256380,4.990000,0.978000,4.450000,-0.089111,2.400878,3.884470
21.267490,4.990000,0.978000,4.450000,-0.089111,2.400878,3.884470
21.278600,4.990000,0.978000,4.450000,-0.089111,2.400878,3.884470
21.289710,4.990000,0.978000,4.450000,-0.393575,2.451629,3.877105
21.300820,4.990000,0.978000,4.450000,-0.393575,2.451629,3.877105
21.311930,4.990000,0.978000,4.450000,-0.393575,2.451629,3.877105
21.323040,4.990000,0.978000,4.450000,,,
21.334150,4.990000,0.978000,4.450000,,,
21.345260,4.990000,0.978000,4.450000,,,
21.356370,4.990000,0.978000,4.450000,-0.698485,2.401595,3.857003
21.367490,4.990000,0.978000,4.450000,-0.698485,2.401595,3.857003
21.378600,4.990000,0.978000,4.450000,-0.698485,2.401595,3.857003
21.389710,4.990000,0.978000,4.450000,-0.698485,2.401595,3.857003
21.400820,4.990000,0.978000,4.450000,-0.955038,2.282289,3.833247
21.411930,4.990000,0.978000,4.450000,-0.955038,2.282289,3.833247
21.423040,4.990000,0.978000,4.450000,-0.955038,2.282289,3.833247
21.434150,4.990000,0.978000,4.450000,,,
21.445260,4.990000,0.978000,4.450000,,,
21.456370,4.990000,0.978000,4.450000,,,
21.467480,4.990000,0.978000,4.450000,-1.034195,2.238851,3.817565
21.478590,4.990000,0.978000,4.450000,-1.034195,2.238851,3.817565
21.489700,4.990000,0.978000,4.450000,-1.034195,2.238851,3.817565
21.500810,4.990000,0.978000,4.450000,-1.034195,2.238851,3.817565
21.511920,4.990000,0.978000,4.450000,-1.034195,2.238851,3.817565
21.523030,4.990000,0.978000,4.450000,-1.034195,2.238851,3.817565
21.534140,4.990000,0.978000,4.450000,,,
21.545250,4.990000,0.978000,4.450000,,,
21.556360,4.990000,0.978000,4.450000,,,
21.567470,4.990000,0.978000,4.450000,-1.034195,2.238851,3.817565
21.578580,4.990000,0.978000,4.450000,-1.034195,2.238851,3.817565
21.589690,4.990000,0.978000,4.450000,-1.034195,2.238851,3.817565
21.600800,4.990000,0.978000,4.450000,-1.034195,2.238851,3.817565
21.611910,4.990000,0.978000,4.450000,-1.034195,2.238851,3.817565
21.623020,4.990000,0.978000,4.450000,-1.034195,2.238851,3.817565
21.634130,4.990000,0.978000,4.450000,-1.034195,2.238851,3.817565
21.645240,4.990000,0.978000,4.450000,-0.916601,2.301673,3.687254
21.656350,4.990000,0.978000,4.450000,-0.916601,2.301673,3.687254
21.667460,4.990000,0.978000,4.450000,-0.916601,2.301673,3.687254
21.678570,4.990000,0.978000,4.450000,,,
21.689680,4.990000,0.978000,4.450000,,,
21.700790,4.990000,0.978000,4.450000,,,
21.711900,4.990000,0.978000,4.450000,-0.720029,2.397870,3.469424
21.723010,4.990000,0.978000,4.450000,-0.720029,2.397870,3.469424
21.734130,4.990000,0.978000,4.450000,-0.720029,2.397870,3.469424
21.745240,4.990000,0.978000,4.450000,-0.514096,2.464816,3.241222
21.756350,4.990000,0.978000,4.450000,-0.514096,2.464816,3.241222
21.767460,4.990000,0.978000,4.450000,-0.514096,2.464816,3.241222
21.778570,4.990000,0.978000,4.450000,-0.514096,2.464816,3.241222
21.789680,4.990000,0.978000,4.450000,-0.514096,2.464816,3.241222
21.800790,4.990000,0.978000,4.450000,-0.514096,2.464816,3.241222
21.811900,4.990000,0.978000,4.450000,-0.305124,2.474571,3.009738
21.823010,4.990000,0.978000,4.450000,-0.305124,2.474571,3.009738
21.834120,4.990000,0.978000,4.450000,-0.305124,2.474571,3.009738
21.845230,4.990000,0.978000,4.450000,-0.104680,2.429153,2.787854
21.856340,4.990000,0.978000,4.450000,-0.104680,2.429153,2.787854
21.867450,4.990000,0.978000,4.450000,-0.104680,2.429153,2.787854
21.878560,4.990000,0.978000,4.450000,,,
21.889670,4.990000,0.978000,4.450000,,,
21.900780,4.990000,0.978000,4.450000,,,
21.911890,4.990000,0.978000,4.450000,,,
21.923000,4.990000,0.978000,4.450000,0.074057,2.355656,2.589875
21.934110,4.990000,0.978000,4.450000,0.074057,2.355656,2.589875
21.945220,4.990000,0.978000,4.450000,0.074057,2.355656,2.589875
21.956330,4.990000,0.978000,4.450000,0.074057,2.355656,2.589875
21.967440,4.990000,0.978000,4.450000,0.074057,2.355656,2.589875
21.978550,4.990000,0.978000,4.450000,0.074057,2.355656,2.589875
21.989660,4.990000,0.978000,4.450000,,,
22.000770,4.990000,0.978000,4.450000,,,
22.011880,4.990000,0.978000,4.450000,,,
22.022990,4.990000,0.978000,4.450000,0.074057,2.355656,2.589875
22.034100,4.990000,0.978000,4.450000,0.074057,2.355656,2.589875
22.045210,4.990000,0.978000,4.450000,0.074057,2.355656,2.589875
22.056320,4.990000,0.978000,4.450000,0.074057,2.355656,2.589875
22.067430,4.990000,0.978000,4.450000,0.074057,2.355656,2.589875
22.078540,4.990000,0.978000,4.450000,0.074057,2.355656,2.589875
22.089650,4.990000,0.978000,4.450000,,,
22.100770,4.990000,0.978000,4.450000,,,
22.111880,4.990000,0.978000,4.450000,,,
22.122990,4.990000,0.978000,4.450000,0.050663,2.373185,2.640520
22.134100,4.990000,0.978000,4.450000,0.050663,2.373185,2.640520
22.145210,4.990000,0.978000,4.450000,0.050663,2.373185,2.640520
22.156320,4.990000,0.978000,4.450000,-0.077011,2.440853,2.902776
22.167430,4.990000,0.978000,4.450000,-0.077011,2.440853,2.902776
22.178540,4.990000,0.978000,4.450000,-0.077011,2.440853,2.902776
22.189650,4.990000,0.978000,4.450000,,,
22.200760,4.990000,0.978000,4.450000,,,
22.211870,4.990000,0.978000,4.450000,,,
22.222980,4.990000,0.978000,4.450000,,,
22.234090,4.990000,0.978000,4.450000,-0.204355,2.359614,3.144076
22.245200,4.990000,0.978000,4.450000,-0.204355,2.359614,3.144076
22.256310,4.990000,0.978000,4.450000,-0.204355,2.359614,3.144076
22.267420,4.990000,0.978000,4.450000,-0.294008,2.197606,3.319287
22.278530,4.990000,0.978000,4.450000,-0.294008,2.197606,3.319287
22.289640,4.990000,0.978000,4.450000,-0.294008,2.197606,3.319287
22.300750,4.990000,0.978000,4.450000,,,
22.311860,4.990000,0.978000,4.450000,,,
22.322970,4.990000,0.978000,4.450000,,,
22.334080,4.990000,0.978000,4.450000,-0.316599,2.149501,3.363437
22.345190,4.990000,0.978000,4.450000,-0.316599,2.149501,3.363437
22.356300,4.990000,0.978000,4.450000,-0.316599,2.149501,3.363437
22.367410,4.990000,0.978000,4.450000,-0.316599,2.149501,3.363437
22.378520,4.990000,0.978000,4.450000,-0.316599,2.149501,3.363437
22.389630,4.990000,0.978000,4.450000,-0.316599,2.149501,3.363437
22.400740,4.990000,0.978000,4.450000,,,
22.411850,4.990000,0.978000,4.450000,,,
22.422960,4.990000,0.978000,4.450000,,,
22.434070,4.990000,0.978000,4.450000,-0.316599,2.149501,3.363437
22.445180,4.990000,0.978000,4.450000,-0.316599,2.149501,3.363437
22.456300,4.990000,0.978000,4.450000,-0.316599,2.149501,3.363437
22.467410,4.990000,0.978000,4.450000,-0.316599,2.149501,3.363437
22.478520,4.990000,0.978000,4.450000,-0.316599,2.149501,3.363437
22.489630,4.990000,0.978000,4.450000,-0.316599,2.149501,3.363437
22.500740,4.990000,0.978000,4.450000,,,
22.511850,4.990000,0.978000,4.450000,,,
22.522960,4.990000,0.978000,4.450000,,,
22.534070,4.990000,0.978000,4.450000,-0.447411,2.300423,3.525171
22.545180,4.990000,0.978000,4.450000,-0.447411,2.300423,3.525171
22.556290,4.990000,0.978000,4.450000,-0.447411,2.300423,3.525171
22.567400,4.990000,0.978000,4.450000,-0.594717,2.408269,3.767719
22.578510,4.990000,0.978000,4.450000,-0.594717,2.408269,3.767719
22.589620,4.990000,0.978000,4.450000,-0.594717,2.408269,3.767719
22.600730,4.990000,0.978000,4.450000,-0.594717,2.408269,3.767719
22.611840,4.990000,0.978000,4.450000,,,
22.622950,4.990000,0.978000,4.450000,,,
22.634060,4.990000,0.978000,4.450000,,,
22.645170,4.990000,0.978000,4.450000,-0.682948,2.344164,4.005179
22.656280,4.990000,0.978000,4.450000,-0.682948,2.344164,4.005179
22.667390,4.990000,0.978000,4.450000,-0.682948,2.344164,4.005179
22.678500,4.990000,0.978000,4.450000,-0.699061,2.295635,4.105137
22.689610,4.990000,0.978000,4.450000,-0.699061,2.295635,4.105137
22.700720,4.990000,0.978000,4.450000,-0.699061,2.295635,4.105137
22.711830,4.990000,0.978000,4.450000,,,
22.722940,4.990000,0.978000,4.450000,,,
22.734050,4.990000,0.978000,4.450000,,,
22.745160,4.990000,0.978000,4.450000,-0.699061,2.295635,4.105137
22.756270,4.990000,0.978000,4.450000,-0.699061,2.295635,4.105137
22.767380,4.990000,0.978000,4.450000,-0.699061,2.295635,4.105137
22.778490,4.990000,0.978000,4.450000,-0.699061,2.295635,4.105137
22.789600,4.990000,0.978000,4.450000,-0.699061,2.295635,4.105137
22.800710,4.990000,0.978000,4.450000,-0.699061,2.295635,4.105137
22.811820,4.990000,0.978000,4.450000,,,
22.822940,4.990000,0.978000,4.450000,,,
22.834050,4.990000,0.978000,4.450000,,,
22.845160,4.990000,0.978000,4.450000,,,
22.856270,4.990000,0.978000,4.450000,-0.699061,2.295635,4.105137
22.867380,4.990000,0.978000,4.450000,-0.699061,2.295635,4.105137
22.878490,4.990000,0.978000,4.450000,-0.699061,2.295635,4.105137
22.889600,4.990000,0.978000,4.450000,-0.648340,2.326262,3.949601
22.900710,4.990000,0.978000,4.450000,-0.648340,2.326262,3.949601
22.911820,4.990000,0.978000,4.450000,-0.648340,2.326262,3.949601
22.922930,4.990000,0.978000,4.450000,,,
22.934040,4.990000,0.978000,4.450000,,,
22.945150,4.990000,0.978000,4.450000,,,
22.956260,4.990000,0.978000,4.450000,-0.560828,2.374214,3.663544
22.967370,4.990000,0.978000,4.450000,-0.560828,2.374214,3.663544
22.978480,4.990000,0.978000,4.450000,-0.560828,2.374214,3.663544
22.989590,4.990000,0.978000,4.450000,-0.483983,2.396634,3.371733
23.000700,4.990000,0.978000,4.450000,-0.483983,2.396634,3.371733
23.011810,4.990000,0.978000,4.450000,-0.483983,2.396634,3.371733
23.022920,4.990000,0.978000,4.450000,,,
23.034030,4.990000,0.978000,4.450000,,,
23.045140,4.990000,0.978000,4.450000,,,
23.056250,4.990000,0.978000,4.450000,-0.418764,2.373598,3.065870
23.067360,4.990000,0.978000,4.450000,-0.418764,2.373598,3.065870
23.078470,4.990000,0.978000,4.450000,-0.418764,2.373598,3.065870
23.089580,4.990000,0.978000,4.450000,-0.375558,2.303849,2.776550
23.100690,4.990000,0.978000,4.450000,-0.375558,2.303849,2.776550
23.111800,4.990000,0.978000,4.450000,-0.375558,2.303849,2.776550
23.122910,4.990000,0.978000,4.450000,-0.375558,2.303849,2.776550
23.134020,4.990000,0.978000,4.450000,,,
23.145130,4.990000,0.978000,4.450000,,,
23.156240,4.990000,0.978000,4.450000,,,
23.167350,4.990000,0.978000,4.450000,-0.348125,2.199908,2.490723
23.178460,4.990000,0.978000,4.450000,-0.348125,2.199908,2.490723
23.189580,4.990000,0.978000,4.450000,-0.348125,2.199908,2.490723
23.200690,4.990000,0.978000,4.450000,-0.338006,2.140323,2.348309
23.211800,4.990000,0.978000,4.450000,-0.338006,2.140323,2.348309
23.222910,4.990000,0.978000,4.450000,-0.338006,2.140323,2.348309
23.234020,4.990000,0.978000,4.450000,,,
23.245130,4.990000,0.978000,4.450000,,,
23.256240,4.990000,0.978000,4.450000,,,
23.267350,4.990000,0.978000,4.450000,-0.338006,2.140323,2.348309
23.278460,4.990000,0.978000,4.450000,-0.338006,2.140323,2.348309
23.289570,4.990000,0.978000,4.450000,-0.338006,2.140323,2.348309
23.300680,4.990000,0.978000,4.450000,-0.338006,2.140323,2.348309
23.311790,4.990000,0.978000,4.450000,-0.338006,2.140323,2.348309
23.322900,4.990000,0.978000,4.450000,-0.338006,2.140323,2.348309
23.334010,4.990000,0.978000,4.450000,,,
23.345120,4.990000,0.978000,4.450000,,,
23.356230,4.990000,0.978000,4.450000,,,
23.367340,4.990000,0.978000,4.450000,-0.338006,2.140323,2.348309
23.378450,4.990000,0.978000,4.450000,-0.338006,2.140323,2.348309
23.389560,4.990000,0.978000,4.450000,-0.338006,2.140323,2.348309
23.400670,4.990000,0.978000,4.450000,-0.337449,2.215098,2.500405
23.411780,4.990000,0.978000,4.450000,-0.337449,2.215098,2.500405
23.422890,4.990000,0.978000,4.450000,-0.337449,2.215098,2.500405
23.434000,4.990000,0.978000,4.450000,,,
23.445110,4.990000,0.978000,4.450000,,,
23.456220,4.990000,0.978000,4.450000,,,
23.467330,4.990000,0.978000,4.450000,,,
23.478440,4.990000,0.978000,4.450000,-0.335498,2.332427,2.799833
23.489550,4.990000,0.978000,4.450000,-0.335498,2.332427,2.799833
23.500660,4.990000,0.978000,4.450000,-0.335498,2.332427,2.799833
23.511770,4.990000,0.978000,4.450000,-0.330112,2.332997,3.110439
23.522880,4.990000,0.978000,4.450000,-0.330112,2.332997,3.110439
23.533990,4.990000,0.978000,4.450000,-0.330112,2.332997,3.110439
23.545100,4.990000,0.978000,4.450000,,,
23.556220,4.990000,0.978000,4.450000,,,
23.567330,4.990000,0.978000,4.450000,,,
23.578440,4.990000,0.978000,4.450000,-0.325961,2.255231,3.355724
23.589550,4.990000,0.978000,4.450000,-0.325961,2.255231,3.355724
23.600660,4.990000,0.978000,4.450000,-0.325961,2.255231,3.355724
23.611770,4.990000,0.978000,4.450000,-0.325456,2.240753,3.394405
23.622880,4.990000,0.978000,4.450000,-0.325456,2.240753,3.394405
23.633990,4.990000,0.978000,4.450000,-0.325456,2.240753,3.394405
23.645100,4.990000,0.978000,4.450000,,,
23.656210,4.990000,0.978000,4.450000,,,
23.667320,4.990000,0.978000,4.450000,,,
23.678430,4.990000,0.978000,4.450000,-0.325456,2.240753,3.394405
23.689540,4.990000,0.978000,4.450000,-0.325456,2.240753,3.394405
23.700650,4.990000,0.978000,4.450000,-0.325456,2.240753,3.394405
23.711760,4.990000,0.978000,4.450000,-0.325456,2.240753,3.394405
23.722870,4.990000,0.978000,4.450000,-0.325456,2.240753,3.394405
23.733980,4.990000,0.978000,4.450000,-0.325456,2.240753,3.394405
23.745090,4.990000,0.978000,4.450000,-0.325456,2.240753,3.394405
23.756200,4.990000,0.978000,4.450000,-0.325456,2.240753,3.394405
23.767310,4.990000,0.978000,4.450000,-0.325456,2.240753,3.394405
23.778420,4.990000,0.978000,4.450000,-0.325456,2.240753,3.394405
23.789530,4.990000,0.978000,4.450000,-0.325456,2.240753,3.394405
23.800640,4.990000,0.978000,4.450000,-0.325456,2.240753,3.394405
23.811750,4.990000,0.978000,4.450000,-0.325456,2.240753,3.394405
23.822860,4.990000,0.978000,4.450000,-0.137850,2.311983,3.589286
23.833970,4.990000,0.978000,4.450000,-0.137850,2.311983,3.589286
23.845080,4.990000,0.978000,4.450000,-0.137850,2.311983,3.589286
23.856190,4.990000,0.978000,4.450000,0.082970,2.349244,3.790169
23.867300,4.990000,0.978000,4.450000,0.082970,2.349244,3.790169
23.878410,4.990000,0.978000,4.450000,0.082970,2.349244,3.790169
23.889520,4.990000,0.978000,4.450000,0.082970,2.349244,3.790169
23.900630,4.990000,0.978000,4.450000,0.082970,2.349244,3.790169
23.911750,4.990000,0.978000,4.450000,0.082970,2.349244,3.790169
23.922860,4.990000,0.978000,4.450000,0.317303,2.296111,3.973706
23.933970,4.990000,0.978000,4.450000,0.317303,2.296111,3.973706
23.945080,4.990000,0.978000,4.450000,0.317303,2.296111,3.973706
23.956190,4.990000,0.978000,4.450000,0.551866,2.175856,4.129356
23.967300,4.990000,0.978000,4.450000,0.551866,2.175856,4.129356
23.978410,4.990000,0.978000,4.450000,0.551866,2.175856,4.129356
23.989520,4.990000,0.978000,4.450000,,,
24.000630,4.990000,0.978000,4.450000,,,
24.011740,4.990000,0.978000,4.450000,,,
24.022850,4.990000,0.978000,4.450000,0.654552,2.119792,4.186559
24.033960,4.990000,0.978000,4.450000,0.654552,2.119792,4.186559
24.045070,4.990000,0.978000,4.450000,0.654552,2.119792,4.186559
24.056180,4.990000,0.978000,4.450000,0.654552,2.119792,4.186559
24.067290,4.990000,0.978000,4.450000,0.654552,2.119792,4.186559
24.078400,4.990000,0.978000,4.450000,0.654552,2.119792,4.186559
24.089510,4.990000,0.978000,4.450000,0.654552,2.119792,4.186559
24.100620,4.990000,0.978000,4.450000,,,
24.111730,4.990000,0.978000,4.450000,,,
24.122840,4.990000,0.978000,4.450000,,,
24.133950,4.990000,0.978000,4.450000,0.654552,2.119792,4.186559
24.145060,4.990000,0.978000,4.450000,0.654552,2.119792,4.186559
24.156170,4.990000,0.978000,4.450000,0.654552,2.119792,4.186559
24.167280,4.990000,0.978000,4.450000,0.654552,2.119792,4.186559
24.178390,4.990000,0.978000,4.450000,0.654552,2.119792,4.186559
24.189500,4.990000,0.978000,4.450000,0.654552,2.119792,4.186559
24.200610,4.990000,0.978000,4.450000,,,
24.211720,4.990000,0.978000,4.450000,,,
24.222830,4.990000,0.978000,4.450000,,,
24.233940,4.990000,0.978000,4.450000,0.550040,2.173056,4.044859
24.245050,4.990000,0.978000,4.450000,0.550040,2.173056,4.044859
24.256160,4.990000,0.978000,4.450000,0.550040,2.173056,4.044859
24.267270,4.990000,0.978000,4.450000,0.372441,2.258251,3.812911
24.278390,4.990000,0.978000,4.450000,0.372441,2.258251,3.812911
24.289500,4.990000,0.978000,4.450000,0.372441,2.258251,3.812911
24.300610,4.990000,0.978000,4.450000,,,
24.311720,4.990000,0.978000,4.450000,,,
24.322830,4.990000,0.978000,4.450000,,,
24.333940,4.990000,0.978000,4.450000,,,
24.345050,4.990000,0.978000,4.450000,0.180039,2.335548,3.578300
24.356160,4.990000,0.978000,4.450000,0.180039,2.335548,3.578300
24.367270,4.990000,0.978000,4.450000,0.180039,2.335548,3.578300
24.378380,4.990000,0.978000,4.450000,-0.038182,2.394512,3.330974
24.389490,4.990000,0.978000,4.450000,-0.038182,2.394512,3.330974
24.400600,4.990000,0.978000,4.450000,-0.038182,2.394512,3.330974
24.411710,4.990000,0.978000,4.450000,-0.038182,2.394512,3.330974
24.422820,4.990000,0.978000,4.450000,-0.038182,2.394512,3.330974
24.433930,4.990000,0.978000,4.450000,-0.038182,2.394512,3.330974
24.445040,4.990000,0.978000,4.450000,-0.247239,2.418729,3.109357
24.456150,4.990000,0.978000,4.450000,-0.247239,2.418729,3.109357
24.467260,4.990000,0.978000,4.450000,-0.247239,2.418729,3.109357
24.478370,4.990000,0.978000,4.450000,-0.447736,2.415890,2.904405
24.489480,4.990000,0.978000,4.450000,-0.447736,2.415890,2.904405
24.500590,4.990000,0.978000,4.450000,-0.447736,2.415890,2.904405
24.511700,4.990000,0.978000,4.450000,,,
24.522810,4.990000,0.978000,4.450000,,,
24.533920,4.990000,0.978000,4.450000,,,
24.545030,4.990000,0.978000,4.450000,-0.671779,2.387423,2.668387
24.556140,4.990000,0.978000,4.450000,-0.671779,2.387423,2.668387
24.567250,4.990000,0.978000,4.450000,-0.671779,2.387423,2.668387
24.578360,4.990000,0.978000,4.450000,-0.791556,2.364000,2.537234
24.589470,4.990000,0.978000,4.450000,-0.791556,2.364000,2.537234
24.600580,4.990000,0.978000,4.450000,-0.791556,2.364000,2.537234
24.611620,4.990000,0.978000,4.450000,,,
24.622800,4.990000,0.978000,4.450000,,,
24.633910,4.990000,0.978000,4.450000,,,
24.645030,4.990000,0.978000,4.450000,,,
24.656140,4.990000,0.978000,4.450000,-0.791556,2.364000,2.537234
24.667250,4.990000,0.978000,4.450000,-0.791556,2.364000,2.537234
24.678360,4.990000,0.978000,4.450000,-0.791556,2.364000,2.537234
24.689470,4.990000,0.978000,4.450000,-0.791556,2.364000,2.537234
24.700580,4.990000,0.978000,4.450000,-0.791556,2.364000,2.537234
24.711690,4.990000,0.978000,4.450000,-0.791556,2.364000,2.537234
24.722800,4.990000,0.978000,4.450000,,,
24.733910,4.990000,0.978000,4.450000,,,
24.745020,4.990000,0.978000,4.450000,,,
24.756130,4.990000,0.978000,4.450000,-0.791556,2.364000,2.537234
24.767240,4.990000,0.978000,4.450000,-0.791556,2.364000,2.537234
24.778350,4.990000,0.978000,4.450000,-0.791556,2.364000,2.537234
24.789460,4.990000,0.978000,4.450000,-0.768336,2.412680,2.681502
24.800570,4.990000,0.978000,4.450000,-0.768336,2.412680,2.681502
24.811680,4.990000,0.978000,4.450000,-0.768336,2.412680,2.681502
24.822790,4.990000,0.978000,4.450000,,,
24.833900,4.990000,0.978000,4.450000,,,
24.845010,4.990000,0.978000,4.450000,,,
24.856120,4.990000,0.978000,4.450000,-0.720805,2.487081,2.967264
24.867230,4.990000,0.978000,4.450000,-0.720805,2.487081,2.967264
24.878340,4.990000,0.978000,4.450000,-0.720805,2.487081,2.967264
24.889450,4.990000,0.978000,4.450000,-0.668858,2.478230,3.262982
24.900560,4.990000,0.978000,4.450000,-0.668858,2.478230,3.262982
24.911670,4.990000,0.978000,4.450000,-0.668858,2.478230,3.262982
24.922780,4.990000,0.978000,4.450000,,,
24.933890,4.990000,0.978000,4.450000,,,
24.945000,4.990000,0.978000,4.450000,,,
24.956110,4.990000,0.978000,4.450000,-0.611276,2.367347,3.561465
24.967220,4.990000,0.978000,4.450000,-0.611276,2.367347,3.561465
24.978330,4.990000,0.978000,4.450000,-0.611276,2.367347,3.561465
24.989440,4.990000,0.978000,4.450000,-0.611276,2.367347,3.561465
25.000560,4.990000,0.978000,4.450000,-0.573707,2.252501,3.760686
25.011670,4.990000,0.978000,4.450000,-0.573707,2.252501,3.760686
25.022780,4.990000,0.978000,4.450000,-0.573707,2.252501,3.760686
25.033890,4.990000,0.978000,4.450000,,,
25.045000,4.990000,0.978000,4.450000,,,
25.056110,4.990000,0.978000,4.450000,,,
25.067220,4.990000,0.978000,4.450000,-0.573707,2.252501,3.760686
25.078330,4.990000,0.978000,4.450000,-0.573707,2.252501,3.760686
25.089440,4.990000,0.978000,4.450000,-0.573707,2.252501,3.760686
25.100550,4.990000,0.978000,4.450000,-0.573707,2.252501,3.760686
25.111660,4.990000,0.978000,4.450000,-0.573707,2.252501,3.760686
25.122770,4.990000,0.978000,4.450000,-0.573707,2.252501,3.760686
25.133880,4.990000,0.978000,4.450000,,,
25.144990,4.990000,0.978000,4.450000,,,
25.156100,4.990000,0.978000,4.450000,,,
25.167210,4.990000,0.978000,4.450000,-0.573707,2.252501,3.760686
25.178320,4.990000,0.978000,4.450000,-0.573707,2.252501,3.760686
25.189430,4.990000,0.978000,4.450000,-0.573707,2.252501,3.760686
25.200540,4.990000,0.978000,4.450000,-0.475999,2.290250,3.774346
25.211650,4.990000,0.978000,4.450000,-0.475999,2.290250,3.774346
25.222760,4.990000,0.978000,4.450000,-0.475999,2.290250,3.774346
25.233870,4.990000,0.978000,4.450000,-0.475999,2.290250,3.774346
25.244980,4.990000,0.978000,4.450000,,,
25.256090,4.990000,0.978000,4.450000,,,
25.267200,4.990000,0.978000,4.450000,,,
25.278310,4.990000,0.978000,4.450000,-0.186669,2.394814,3.812090
25.289420,4.990000,0.978000,4.450000,-0.186669,2.394814,3.812090
25.300530,4.990000,0.978000,4.450000,-0.186669,2.394814,3.812090
25.311640,4.990000,0.978000,4.450000,0.112237,2.468046,3.839019
25.322750,4.990000,0.978000,4.450000,0.112237,2.468046,3.839019
25.333860,4.990000,0.978000,4.450000,0.112237,2.468046,3.839019
25.344970,4.990000,0.978000,4.450000,,,
25.356080,4.990000,0.978000,4.450000,,,
25.367200,4.990000,0.978000,4.450000,,,
25.378310,4.990000,0.978000,4.450000,0.418060,2.478789,3.862205
25.389420,4.990000,0.978000,4.450000,0.418060,2.478789,3.862205
25.400530,4.990000,0.978000,4.450000,0.418060,2.478789,3.862205
25.411640,4.990000,0.978000,4.450000,0.723434,2.425319,3.890388
25.422750,4.990000,0.978000,4.450000,0.723434,2.425319,3.890388
25.433860,4.990000,0.978000,4.450000,0.723434,2.425319,3.890388
25.444970,4.990000,0.978000,4.450000,,,
25.456080,4.990000,0.978000,4.450000,,,
25.467190,4.990000,0.978000,4.450000,,,
25.478300,4.990000,0.978000,4.450000,0.944961,2.358474,3.906732
25.489410,4.990000,0.978000,4.450000,0.944961,2.358474,3.906732
25.500520,4.990000,0.978000,4.450000,0.944961,2.358474,3.906732
25.511630,4.990000,0.978000,4.450000,0.944961,2.358474,3.906732
25.522740,4.990000,0.978000,4.450000,0.944961,2.358474,3.906732
25.533850,4.990000,0.978000,4.450000,0.944961,2.358474,3.906732
25.544960,4.990000,0.978000,4.450000,,,
25.556070,4.990000,0.978000,4.450000,,,
25.567180,4.990000,0.978000,4.450000,,,
25.578210,4.990000,0.978000,4.450000,,,
25.589400,4.990000,0.978000,4.450000,0.944961,2.358474,3.906732
25.600510,4.990000,0.978000,4.450000,0.944961,2.358474,3.906732
25.611550,4.990000,0.978000,4.450000,,,
25.622730,4.990000,0.978000,4.450000,0.944961,2.358474,3.906732
25.633840,4.990000,0.978000,4.450000,0.944961,2.358474,3.906732
25.644950,4.990000,0.978000,4.450000,0.944961,2.358474,3.906732
25.656060,4.990000,0.978000,4.450000,,,
25.667170,4.990000,0.978000,4.450000,,,
25.678280,4.990000,0.978000,4.450000,,,
25.689390,4.990000,0.978000,4.450000,0.861619,2.375995,3.846784
25.700500,4.990000,0.978000,4.450000,0.861619,2.375995,3.846784
25.711610,4.990000,0.978000,4.450000,0.861619,2.375995,3.846784
25.722720,4.990000,0.978000,4.450000,0.615505,2.423280,3.670032
25.733840,4.990000,0.978000,4.450000,0.615505,2.423280,3.670032
25.744950,4.990000,0.978000,4.450000,0.615505,2.423280,3.670032
25.756060,4.990000,0.978000,4.450000,,,
25.767170,4.990000,0.978000,4.450000,,,
25.778280,4.990000,0.978000,4.450000,,,
25.789390,4.990000,0.978000,4.450000,0.367087,2.457971,3.491860
25.800500,4.990000,0.978000,4.450000,0.367087,2.457971,3.491860
25.811610,4.990000,0.978000,4.450000,0.367087,2.457971,3.491860
25.822720,4.990000,0.978000,4.450000,0.125882,2.466720,3.318838
25.833830,4.990000,0.978000,4.450000,0.125882,2.466720,3.318838
25.844940,4.990000,0.978000,4.450000,0.125882,2.466720,3.318838
25.856050,4.990000,0.978000,4.450000,,,
25.867160,4.990000,0.978000,4.450000,,,
25.878270,4.990000,0.978000,4.450000,,,
25.889380,4.990000,0.978000,4.450000,,,
25.900490,4.990000,0.978000,4.450000,-0.123613,2.440057,3.138723
25.911600,4.990000,0.978000,4.450000,-0.123613,2.440057,3.138723
25.922710,4.990000,0.978000,4.450000,-0.123613,2.440057,3.138723
25.933820,4.990000,0.978000,4.450000,-0.363737,2.372982,2.958863
25.944930,4.990000,0.978000,4.450000,-0.363737,2.372982,2.958863
25.956040,4.990000,0.978000,4.450000,-0.363737,2.372982,2.958863
25.967150,4.990000,0.978000,4.450000,-0.595075,2.269920,2.785530
25.978260,4.990000,0.978000,4.450000,-0.595075,2.269920,2.785530
25.989370,4.990000,0.978000,4.450000,-0.595075,2.269920,2.785530
26.000480,4.990000,0.978000,4.450000,-0.595075,2.269920,2.785530
26.011590,4.990000,0.978000,4.450000,-0.595075,2.269920,2.785530
26.022700,4.990000,0.978000,4.450000,-0.595075,2.269920,2.785530
26.033810,4.990000,0.978000,4.450000,-0.772124,2.168526,2.651468
26.044920,4.990000,0.978000,4.450000,-0.772124,2.168526,2.651468
26.056030,4.990000,0.978000,4.450000,-0.772124,2.168526,2.651468
26.067140,4.990000,0.978000,4.450000,-0.772124,2.168526,2.651468
26.078250,4.990000,0.978000,4.450000,-0.772124,2.168526,2.651468
26.089370,4.990000,0.978000,4.450000,-0.772124,2.168526,2.651468
26.100380,4.990000,0.978000,4.450000,,,
26.111590,4.990000,0.978000,4.450000,,,
26.122700,4.990000,0.978000,4.450000,,,
26.133810,4.990000,0.978000,4.450000,,,
26.144920,4.990000,0.978000,4.450000,-0.772124,2.168526,2.651468
26.156030,4.990000,0.978000,4.450000,-0.772124,2.168526,2.651468
26.167140,4.990000,0.978000,4.450000,-0.772124,2.168526,2.651468
26.178250,4.990000,0.978000,4.450000,-0.772124,2.168526,2.651468
26.189360,4.990000,0.978000,4.450000,-0.772124,2.168526,2.651468
26.200470,4.990000,0.978000,4.450000,-0.772124,2.168526,2.651468
26.211580,4.990000,0.978000,4.450000,,,
26.222690,4.990000,0.978000,4.450000,,,
26.233800,4.990000,0.978000,4.450000,,,
26.244910,4.990000,0.978000,4.450000,-0.736089,2.201300,2.714389
26.256020,4.990000,0.978000,4.450000,-0.736089,2.201300,2.714389
26.267130,4.990000,0.978000,4.450000,-0.736089,2.201300,2.714389
26.278240,4.990000,0.978000,4.450000,-0.591711,2.309404,2.950958
26.289350,4.990000,0.978000,4.450000,-0.591711,2.309404,2.950958
26.300460,4.990000,0.978000,4.450000,-0.591711,2.309404,2.950958
26.311570,4.990000,0.978000,4.450000,,,
26.322680,4.990000,0.978000,4.450000,,,
26.333790,4.990000,0.978000,4.450000,,,
26.344900,4.990000,0.978000,4.450000,-0.418041,2.289578,3.206380
26.356010,4.990000,0.978000,4.450000,-0.418041,2.289578,3.206380
26.367120,4.990000,0.978000,4.450000,-0.418041,2.289578,3.206380
26.378230,4.990000,0.978000,4.450000,-0.277343,2.188454,3.372241
26.389340,4.990000,0.978000,4.450000,-0.277343,2.188454,3.372241
26.400450,4.990000,0.978000,4.450000,-0.277343,2.188454,3.372241
26.411560,4.990000,0.978000,4.450000,,,
26.422670,4.990000,0.978000,4.450000,,,
26.433780,4.990000,0.978000,4.450000,,,
26.444890,4.990000,0.978000,4.450000,,,
26.456010,4.990000,0.978000,4.450000,-0.247475,2.167236,3.405028
26.467120,4.990000,0.978000,4.450000,-0.247475,2.167236,3.405028
26.478230,4.990000,0.978000,4.450000,-0.247475,2.167236,3.405028
26.489340,4.990000,0.978000,4.450000,-0.247475,2.167236,3.405028
26.500450,4.990000,0.978000,4.450000,-0.247475,2.167236,3.405028
26.511560,4.990000,0.978000,4.450000,-0.247475,2.167236,3.405028
26.522670,4.990000,0.978000,4.450000,,,
26.533780,4.990000,0.978000,4.450000,,,
26.544890,4.990000,0.978000,4.450000,,,
26.556000,4.990000,0.978000,4.450000,-0.247475,2.167236,3.405028
26.567110,4.990000,0.978000,4.450000,-0.247475,2.167236,3.405028
26.578220,4.990000,0.978000,4.450000,-0.247475,2.167236,3.405028
26.589330,4.990000,0.978000,4.450000,-0.247475,2.167236,3.405028
26.600440,4.990000,0.978000,4.450000,-0.247475,2.167236,3.405028
26.611550,4.990000,0.978000,4.450000,-0.247475,2.167236,3.405028
26.622660,4.990000,0.978000,4.450000,,,
26.633770,4.990000,0.978000,4.450000,,,
26.644880,4.990000,0.978000,4.450000,,,
26.655990,4.990000,0.978000,4.450000,,,
26.667100,4.990000,0.978000,4.450000,-0.042320,2.246982,3.491515
26.678210,4.990000,0.978000,4.450000,-0.042320,2.246982,3.491515
26.689320,4.990000,0.978000,4.450000,-0.042320,2.246982,3.491515
26.700430,4.990000,0.978000,4.450000,0.226481,2.309506,3.604074
26.711540,4.990000,0.978000,4.450000,0.226481,2.309506,3.604074
26.722650,4.990000,0.978000,4.450000,0.226481,2.309506,3.604074
26.733760,4.990000,0.978000,4.450000,,,
26.744870,4.990000,0.978000,4.450000,,,
26.755980,4.990000,0.978000,4.450000,,,
26.767090,4.990000,0.978000,4.450000,0.510734,2.254131,3.723277
26.778200,4.990000,0.978000,4.450000,0.510734,2.254131,3.723277
26.789310,4.990000,0.978000,4.450000,0.510734,2.254131,3.723277
26.800420,4.990000,0.978000,4.450000,0.733529,2.132681,3.816709
26.811530,4.990000,0.978000,4.450000,0.733529,2.132681,3.816709
26.822650,4.990000,0.978000,4.450000,0.733529,2.132681,3.816709
26.833760,4.990000,0.978000,4.450000,0.779387,2.103833,3.835940
26.844870,4.990000,0.978000,4.450000,0.779387,2.103833,3.835940
26.855980,4.990000,0.978000,4.450000,0.779387,2.103833,3.835940
26.867090,4.990000,0.978000,4.450000,0.779387,2.103833,3.835940
26.878200,4.990000,0.978000,4.450000,0.779387,2.103833,3.835940
26.889310,4.990000,0.978000,4.450000,0.779387,2.103833,3.835940
26.900420,4.990000,0.978000,4.450000,0.779387,2.103833,3.835940
26.911530,4.990000,0.978000,4.450000,0.779387,2.103833,3.835940
26.922640,4.990000,0.978000,4.450000,0.779387,2.103833,3.835940
26.933750,4.990000,0.978000,4.450000,0.779387,2.103833,3.835940
26.944860,4.990000,0.978000,4.450000,0.779387,2.103833,3.835940
26.955970,4.990000,0.978000,4.450000,0.779387,2.103833,3.835940
26.967080,4.990000,0.978000,4.450000,0.779387,2.103833,3.835940
26.978190,4.990000,0.978000,4.450000,,,
26.989300,4.990000,0.978000,4.450000,,,
27.000410,4.990000,0.978000,4.450000,,,
27.011520,4.990000,0.978000,4.450000,0.779387,2.103833,3.835940
27.022630,4.990000,0.978000,4.450000,0.779387,2.103833,3.835940
27.033740,4.990000,0.978000,4.450000,0.779387,2.103833,3.835940
27.044850,4.990000,0.978000,4.450000,0.621334,2.183938,3.676792
27.055960,4.990000,0.978000,4.450000,0.621334,2.183938,3.676792
27.067070,4.990000,0.978000,4.450000,0.621334,2.183938,3.676792
27.078180,4.990000,0.978000,4.450000,0.621334,2.183938,3.676792
27.089290,4.990000,0.978000,4.450000,,,
27.100400,4.990000,0.978000,4.450000,,,
27.111510,4.990000,0.978000,4.450000,,,
27.122620,4.990000,0.978000,4.450000,0.412698,2.279105,3.466711
27.133730,4.990000,0.978000,4.450000,0.412698,2.279105,3.466711
27.144840,4.990000,0.978000,4.450000,0.412698,2.279105,3.466711
27.155950,4.990000,0.978000,4.450000,0.201884,2.338111,3.254436
27.167060,4.990000,0.978000,4.450000,0.201884,2.338111,3.254436
27.178170,4.990000,0.978000,4.450000,0.201884,2.338111,3.254436
27.189290,4.990000,0.978000,4.450000,,,
27.200400,4.990000,0.978000,4.450000,,,
27.211510,4.990000,0.978000,4.450000,,,
27.222620,4.990000,0.978000,4.450000,-0.018276,2.343078,3.032094
27.233730,4.990000,0.978000,4.450000,-0.018276,2.343078,3.032094
27.244840,4.990000,0.978000,4.450000,-0.018276,2.343078,3.032094
27.255950,4.990000,0.978000,4.450000,-0.228983,2.300506,2.802506
27.267060,4.990000,0.978000,4.450000,-0.228983,2.300506,2.802506
27.278170,4.990000,0.978000,4.450000,-0.228983,2.300506,2.802506
27.289280,4.990000,0.978000,4.450000,,,
27.300390,4.990000,0.978000,4.450000,,,
27.311500,4.990000,0.978000,4.450000,,,
27.322610,4.990000,0.978000,4.450000,-0.352074,2.264199,2.666455
27.333720,4.990000,0.978000,4.450000,-0.352074,2.264199,2.666455
27.344830,4.990000,0.978000,4.450000,-0.352074,2.264199,2.666455
27.355940,4.990000,0.978000,4.450000,-0.352074,2.264199,2.666455
27.367050,4.990000,0.978000,4.450000,-0.352074,2.264199,2.666455
27.378160,4.990000,0.978000,4.450000,-0.352074,2.264199,2.666455
27.389270,4.990000,0.978000,4.450000,,,
27.400380,4.990000,0.978000,4.450000,,,
27.411490,4.990000,0.978000,4.450000,,,
27.422600,4.990000,0.978000,4.450000,-0.352074,2.264199,2.666455
27.433710,4.990000,0.978000,4.450000,-0.352074,2.264199,2.666455
27.444820,4.990000,0.978000,4.450000,-0.352074,2.264199,2.666455
27.455930,4.990000,0.978000,4.450000,-0.352074,2.264199,2.666455
27.467040,4.990000,0.978000,4.450000,-0.352074,2.264199,2.666455
27.478150,4.990000,0.978000,4.450000,-0.352074,2.264199,2.666455
27.489260,4.990000,0.978000,4.450000,-0.352074,2.264199,2.666455
27.500370,4.990000,0.978000,4.450000,-0.352074,2.264199,2.666455
27.511480,4.990000,0.978000,4.450000,-0.352074,2.264199,2.666455
27.522590,4.990000,0.978000,4.450000,-0.352074,2.264199,2.666455
27.533700,4.990000,0.978000,4.450000,-0.313085,2.335536,2.798454
27.544820,4.990000,0.978000,4.450000,-0.313085,2.335536,2.798454
27.555930,4.990000,0.978000,4.450000,-0.313085,2.335536,2.798454
27.567040,4.990000,0.978000,4.450000,-0.238395,2.456593,3.076040
27.578150,4.990000,0.978000,4.450000,-0.238395,2.456593,3.076040
27.589260,4.990000,0.978000,4.450000,-0.238395,2.456593,3.076040
27.600370,4.990000,0.978000,4.450000,,,
27.611480,4.990000,0.978000,4.450000,,,
27.622590,4.990000,0.978000,4.450000,,,
27.633700,4.990000,0.978000,4.450000,-0.181025,2.466133,3.366572
27.644810,4.990000,0.978000,4.450000,-0.181025,2.466133,3.366572
27.655920,4.990000,0.978000,4.450000,-0.181025,2.466133,3.366572
27.667030,4.990000,0.978000,4.450000,-0.153112,2.370075,3.623732
27.678140,4.990000,0.978000,4.450000,-0.153112,2.370075,3.623732
27.689250,4.990000,0.978000,4.450000,-0.153112,2.370075,3.623732
27.700360,4.990000,0.978000,4.450000,,,
27.711470,4.990000,0.978000,4.450000,,,
27.722580,4.990000,0.978000,4.450000,,,
27.733690,4.990000,0.978000,4.450000,-0.149499,2.337664,3.687057
27.744800,4.990000,0.978000,4.450000,-0.149499,2.337664,3.687057
27.755910,4.990000,0.978000,4.450000,-0.149499,2.337664,3.687057
27.767020,4.990000,0.978000,4.450000,-0.149499,2.337664,3.687057
27.778130,4.990000,0.978000,4.450000,-0.149499,2.337664,3.687057
27.789240,4.990000,0.978000,4.450000,-0.149499,2.337664,3.687057
27.800350,4.990000,0.978000,4.450000,-0.149499,2.337664,3.687057
27.811460,4.990000,0.978000,4.450000,,,
27.822570,4.990000,0.978000,4.450000,,,
27.833680,4.990000,0.978000,4.450000,,,
27.844790,4.990000,0.978000,4.450000,-0.149499,2.337664,3.687057
27.855900,4.990000,0.978000,4.450000,-0.149499,2.337664,3.687057
27.867010,4.990000,0.978000,4.450000,-0.149499,2.337664,3.687057
27.878120,4.990000,0.978000,4.450000,-0.149499,2.337664,3.687057
27.889230,4.990000,0.978000,4.450000,-0.149499,2.337664,3.687057
27.900340,4.990000,0.978000,4.450000,-0.149499,2.337664,3.687057
27.911460,4.990000,0.978000,4.450000,,,
27.922570,4.990000,0.978000,4.450000,,,
27.933680,4.990000,0.978000,4.450000,,,
27.944790,4.990000,0.978000,4.450000,0.067419,2.426967,3.666539
27.955900,4.990000,0.978000,4.450000,0.067419,2.426967,3.666539
27.967010,4.990000,0.978000,4.450000,0.067419,2.426967,3.666539
27.978120,4.990000,0.978000,4.450000,0.367765,2.489644,3.625919
27.989230,4.990000,0.978000,4.450000,0.367765,2.489644,3.625919
28.000340,4.990000,0.978000,4.450000,0.367765,2.489644,3.625919
28.011450,4.990000,0.978000,4.450000,,,
28.022560,4.990000,0.978000,4.450000,,,
28.033670,4.990000,0.978000,4.450000,,,
28.044780,4.990000,0.978000,4.450000,,,
28.055840,,,,0.657271,2.414028,3.566333
28.067000,4.990000,0.978000,4.450000,0.657271,2.414028,3.566333
28.078110,4.990000,0.978000,4.450000,0.657271,2.414028,3.566333
28.089220,4.990000,0.978000,4.450000,0.836973,2.321980,3.512774
28.100330,4.990000,0.978000,4.450000,0.836973,2.321980,3.512774
28.111440,4.990000,0.978000,4.450000,0.836973,2.321980,3.512774
28.122550,4.990000,0.978000,4.450000,,,
28.133660,4.990000,0.978000,4.450000,,,
28.144770,4.990000,0.978000,4.450000,,,
28.155880,4.990000,0.978000,4.450000,0.836973,2.321980,3.512774
28.166990,4.990000,0.978000,4.450000,0.836973,2.321980,3.512774
28.178100,4.990000,0.978000,4.450000,0.836973,2.321980,3.512774
28.189210,4.990000,0.978000,4.450000,0.836973,2.321980,3.512774
28.200320,4.990000,0.978000,4.450000,0.836973,2.321980,3.512774
28.211430,4.990000,0.978000,4.450000,0.836973,2.321980,3.512774
28.222540,4.990000,0.978000,4.450000,,,
28.233650,4.990000,0.978000,4.450000,,,
28.244760,4.990000,0.978000,4.450000,,,
28.255870,4.990000,0.978000,4.450000,0.836973,2.321980,3.512774
28.266980,4.990000,0.978000,4.450000,0.836973,2.321980,3.512774
28.278100,4.990000,0.978000,4.450000,0.836973,2.321980,3.512774
28.289210,4.990000,0.978000,4.450000,0.797874,2.333466,3.496364
28.300320,4.990000,0.978000,4.450000,0.797874,2.333466,3.496364
28.311430,4.990000,0.978000,4.450000,0.797874,2.333466,3.496364
28.322540,4.990000,0.978000,4.450000,,,
28.333650,4.990000,0.978000,4.450000,,,
28.344760,4.990000,0.978000,4.450000,,,
28.355870,4.990000,0.978000,4.450000,,,
28.366980,4.990000,0.978000,4.450000,0.519613,2.410866,3.379578
28.378090,4.990000,0.978000,4.450000,0.519613,2.410866,3.379578
28.389200,4.990000,0.978000,4.450000,0.519613,2.410866,3.379578
28.400310,4.990000,0.978000,4.450000,0.245524,2.470462,3.264542
28.411420,4.990000,0.978000,4.450000,0.245524,2.470462,3.264542
28.422530,4.990000,0.978000,4.450000,0.245524,2.470462,3.264542
28.433640,4.990000,0.978000,4.450000,,,
28.444750,4.990000,0.978000,4.450000,,,
28.455860,4.990000,0.978000,4.450000,,,
28.466970,4.990000,0.978000,4.450000,-0.032995,2.494272,3.148082
28.478080,4.990000,0.978000,4.450000,-0.032995,2.494272,3.148082
28.489190,4.990000,0.978000,4.450000,-0.032995,2.494272,3.148082
28.500300,4.990000,0.978000,4.450000,-0.317208,2.468343,3.030447
28.511410,4.990000,0.978000,4.450000,-0.317208,2.468343,3.030447
28.522520,4.990000,0.978000,4.450000,-0.317208,2.468343,3.030447
28.533630,4.990000,0.978000,4.450000,,,
28.544740,4.990000,0.978000,4.450000,,,
28.555850,4.990000,0.978000,4.450000,,,
28.566960,4.990000,0.978000,4.450000,-0.598142,2.393867,2.913803
28.578070,4.990000,0.978000,4.450000,-0.598142,2.393867,2.913803
28.589180,4.990000,0.978000,4.450000,-0.598142,2.393867,2.913803
28.600290,4.990000,0.978000,4.450000,-0.855943,2.292585,2.806202
28.611400,4.990000,0.978000,4.450000,-0.855943,2.292585,2.806202
28.622510,4.990000,0.978000,4.450000,-0.855943,2.292585,2.806202
28.633630,4.990000,0.978000,4.450000,-0.855943,2.292585,2.806202
28.644740,4.990000,0.978000,4.450000,,,
28.655850,4.990000,0.978000,4.450000,,,
28.666960,4.990000,0.978000,4.450000,,,
28.678070,4.990000,0.978000,4.450000,-0.855943,2.292585,2.806202
28.689180,4.990000,0.978000,4.450000,-0.855943,2.292585,2.806202
28.700290,4.990000,0.978000,4.450000,-0.855943,2.292585,2.806202
28.711400,4.990000,0.978000,4.450000,-0.855943,2.292585,2.806202
28.722510,4.990000,0.978000,4.450000,-0.855943,2.292585,2.806202
28.733620,4.990000,0.978000,4.450000,-0.855943,2.292585,2.806202
28.744730,4.990000,0.978000,4.450000,,,
28.755840,4.990000,0.978000,4.450000,,,
28.766950,4.990000,0.978000,4.450000,,,
28.778060,4.990000,0.978000,4.450000,-0.855943,2.292585,2.806202
28.789170,4.990000,0.978000,4.450000,-0.855943,2.292585,2.806202
28.800280,4.990000,0.978000,4.450000,-0.855943,2.292585,2.806202
28.811390,4.990000,0.978000,4.450000,-0.836999,2.300035,2.831141
28.822500,4.990000,0.978000,4.450000,-0.836999,2.300035,2.831141
28.833610,4.990000,0.978000,4.450000,-0.836999,2.300035,2.831141
28.844720,4.990000,0.978000,4.450000,,,
28.855830,4.990000,0.978000,4.450000,,,
28.866940,4.990000,0.978000,4.450000,,,
28.878050,4.990000,0.978000,4.450000,,,
28.889160,4.990000,0.978000,4.450000,-0.647783,2.364238,3.073285
28.900270,4.990000,0.978000,4.450000,-0.647783,2.364238,3.073285
28.911380,4.990000,0.978000,4.450000,-0.647783,2.364238,3.073285
28.922490,4.990000,0.978000,4.450000,-0.452188,2.368732,3.316134
28.933600,4.990000,0.978000,4.450000,-0.452188,2.368732,3.316134
28.944710,4.990000,0.978000,4.450000,-0.452188,2.368732,3.316134
28.955820,4.990000,0.978000,4.450000,,,
28.966930,4.990000,0.978000,4.450000,,,
28.978040,4.990000,0.978000,4.450000,,,
28.989150,4.990000,0.978000,4.450000,-0.273984,2.277461,3.535843
29.000270,4.990000,0.978000,4.450000,-0.273984,2.277461,3.535843
29.011380,4.990000,0.978000,4.450000,-0.273984,2.277461,3.535843
29.022490,4.990000,0.978000,4.450000,-0.096524,2.134535,3.727198
29.033600,4.990000,0.978000,4.450000,-0.096524,2.134535,3.727198
29.044710,4.990000,0.978000,4.450000,-0.096524,2.134535,3.727198
29.055820,4.990000,0.978000,4.450000,-0.056483,2.103061,3.765589
29.066930,4.990000,0.978000,4.450000,-0.056483,2.103061,3.765589
29.078040,4.990000,0.978000,4.450000,-0.056483,2.103061,3.765589
29.089150,4.990000,0.978000,4.450000,-0.056483,2.103061,3.765589
29.100260,4.990000,0.978000,4.450000,-0.056483,2.103061,3.765589
29.111370,4.990000,0.978000,4.450000,-0.056483,2.103061,3.765589
29.122480,4.990000,0.978000,4.450000,-0.056483,2.103061,3.765589
29.133590,4.990000,0.978000,4.450000,-0.056483,2.103061,3.765589
29.144700,4.990000,0.978000,4.450000,-0.056483,2.103061,3.765589
29.155810,4.990000,0.978000,4.450000,-0.056483,2.103061,3.765589
29.166920,4.990000,0.978000,4.450000,-0.056483,2.103061,3.765589
29.178030,4.990000,0.978000,4.450000,-0.056483,2.103061,3.765589
29.189140,4.990000,0.978000,4.450000,-0.056483,2.103061,3.765589
29.200250,4.990000,0.978000,4.450000,,,
29.211360,4.990000,0.978000,4.450000,,,
29.222470,4.990000,0.978000,4.450000,,,
29.233580,4.990000,0.978000,4.450000,-0.056483,2.103061,3.765589
29.244690,4.990000,0.978000,4.450000,-0.056483,2.103061,3.765589
29.255800,4.990000,0.978000,4.450000,-0.056483,2.103061,3.765589
29.266910,4.990000,0.978000,4.450000,0.158505,2.223532,3.726546
29.278020,4.990000,0.978000,4.450000,0.158505,2.223532,3.726546
29.289130,4.990000,0.978000,4.450000,0.158505,2.223532,3.726546
29.300240,4.990000,0.978000,4.450000,,,
29.311350,4.990000,0.978000,4.450000,,,
29.322460,4.990000,0.978000,4.450000,,,
29.333570,4.990000,0.978000,4.450000,0.450157,2.323228,3.686699
29.344680,4.990000,0.978000,4.450000,0.450157,2.323228,3.686699
29.355790,4.990000,0.978000,4.450000,0.450157,2.323228,3.686699
29.366910,4.990000,0.978000,4.450000,0.751216,2.284762,3.663052
29.378020,4.990000,0.978000,4.450000,0.751216,2.284762,3.663052
29.389130,4.990000,0.978000,4.450000,0.751216,2.284762,3.663052
29.400240,4.990000,0.978000,4.450000,,,
29.411350,4.990000,0.978000,4.450000,,,
29.422460,4.990000,0.978000,4.450000,,,
29.433570,4.990000,0.978000,4.450000,0.982570,2.179632,3.654716
29.444680,4.990000,0.978000,4.450000,0.982570,2.179632,3.654716
29.455790,4.990000,0.978000,4.450000,0.982570,2.179632,3.654716
29.466900,4.990000,0.978000,4.450000,0.982570,2.179632,3.654716
29.478010,4.990000,0.978000,4.450000,0.982570,2.179632,3.654716
29.489120,4.990000,0.978000,4.450000,0.982570,2.179632,3.654716
29.500230,4.990000,0.978000,4.450000,,,
29.511340,4.990000,0.978000,4.450000,,,
29.522450,4.990000,0.978000,4.450000,,,
29.533560,4.990000,0.978000,4.450000,,,
29.544670,4.990000,0.978000,4.450000,0.982570,2.179632,3.654716
29.555780,4.990000,0.978000,4.450000,0.982570,2.179632,3.654716
29.566890,4.990000,0.978000,4.450000,0.982570,2.179632,3.654716
29.578000,4.990000,0.978000,4.450000,0.982570,2.179632,3.654716
29.589110,4.990000,0.978000,4.450000,0.982570,2.179632,3.654716
29.600220,4.990000,0.978000,4.450000,0.982570,2.179632,3.654716
29.611330,4.990000,0.978000,4.450000,,,
29.622440,4.990000,0.978000,4.450000,,,
29.633550,4.990000,0.978000,4.450000,,,
29.644660,4.990000,0.978000,4.450000,0.950010,2.187476,3.639583
29.655770,4.990000,0.978000,4.450000,0.950010,2.187476,3.639583
29.666880,4.990000,0.978000,4.450000,0.950010,2.187476,3.639583
29.677990,4.990000,0.978000,4.450000,0.677035,2.250727,3.512707
29.689100,4.990000,0.978000,4.450000,0.677035,2.250727,3.512707
29.700210,4.990000,0.978000,4.450000,0.677035,2.250727,3.512707
29.711320,4.990000,0.978000,4.450000,,,
29.722430,4.990000,0.978000,4.450000,,,
29.733550,4.990000,0.978000,4.450000,,,
29.744660,4.990000,0.978000,4.450000,0.405766,2.303883,3.386765
29.755770,4.990000,0.978000,4.450000,0.405766,2.303883,3.386765
29.766880,4.990000,0.978000,4.450000,0.405766,2.303883,3.386765
29.777990,4.990000,0.978000,4.450000,0.130787,2.334016,3.261078
29.789100,4.990000,0.978000,4.450000,0.130787,2.334016,3.261078
29.800210,4.990000,0.978000,4.450000,0.130787,2.334016,3.261078
29.811320,4.990000,0.978000,4.450000,0.130787,2.334016,3.261078
29.822430,4.990000,0.978000,4.450000,,,
29.833540,4.990000,0.978000,4.450000,,,
29.844650,4.990000,0.978000,4.450000,,,
29.855760,4.990000,0.978000,4.450000,-0.152723,2.328817,3.130795
29.866870,4.990000,0.978000,4.450000,-0.152723,2.328817,3.130795
29.877980,4.990000,0.978000,4.450000,-0.152723,2.328817,3.130795
29.889090,4.990000,0.978000,4.450000,-0.426773,2.287833,3.004928
29.900200,4.990000,0.978000,4.450000,-0.426773,2.287833,3.004928
29.911310,4.990000,0.978000,4.450000,-0.426773,2.287833,3.004928
29.922420,4.990000,0.978000,4.450000,,,
29.933530,4.990000,0.978000,4.450000,,,
29.944640,4.990000,0.978000,4.450000,,,
29.955750,4.990000,0.978000,4.450000,-0.699805,2.217783,2.888309
29.966860,4.990000,0.978000,4.450000,-0.699805,2.217783,2.888309
29.977970,4.990000,0.978000,4.450000,-0.699805,2.217783,2.888309
29.989080,4.990000,0.978000,4.450000,-0.854367,2.170823,2.830757
30.000190,4.990000,0.978000,4.450000,-0.854367,2.170823,2.830757
30.011300,4.990000,0.978000,4.450000,-0.854367,2.170823,2.830757
30.022410,4.990000,0.978000,4.450000,,,
30.033520,4.990000,0.978000,4.450000,,,
30.044630,4.990000,0.978000,4.450000,,,
30.055740,4.990000,0.978000,4.450000,-0.854367,2.170823,2.830757
30.066850,4.990000,0.978000,4.450000,-0.854367,2.170823,2.830757
30.077960,4.990000,0.978000,4.450000,-0.854367,2.170823,2.830757
30.089080,4.990000,0.978000,4.450000,-0.854367,2.170823,2.830757
30.100190,4.990000,0.978000,4.450000,-0.854367,2.170823,2.830757
30.111300,4.990000,0.978000,4.450000,-0.854367,2.170823,2.830757
30.122410,4.990000,0.978000,4.450000,,,
30.133520,4.990000,0.978000,4.450000,,,
30.144630,4.990000,0.978000,4.450000,,,
30.155740,4.990000,0.978000,4.450000,,,
30.166850,4.990000,0.978000,4.450000,-0.854367,2.170823,2.830757
30.177960,4.990000,0.978000,4.450000,-0.854367,2.170823,2.830757
30.189070,4.990000,0.978000,4.450000,-0.854367,2.170823,2.830757
30.200180,4.990000,0.978000,4.450000,-0.717945,2.239342,2.890110
30.211290,4.990000,0.978000,4.450000,-0.717945,2.239342,2.890110
30.222400,4.990000,0.978000,4.450000,-0.717945,2.239342,2.890110
30.233510,4.990000,0.978000,4.450000,,,
30.244620,4.990000,0.978000,4.450000,,,
30.255730,4.990000,0.978000,4.450000,,,
30.266770,,,,-0.459056,2.357753,2.998720
30.277950,4.990000,0.978000,4.450000,-0.459056,2.357753,2.998720
30.289060,4.990000,0.978000,4.450000,-0.459056,2.357753,2.998720
30.300170,4.990000,0.978000,4.450000,-0.180041,2.428862,3.114287
30.311280,4.990000,0.978000,4.450000,-0.180041,2.428862,3.114287
30.322390,4.990000,0.978000,4.450000,-0.180041,2.428862,3.114287
30.333500,4.990000,0.978000,4.450000,,,
30.344610,4.990000,0.978000,4.450000,,,
30.355720,4.990000,0.978000,4.450000,,,
30.366830,4.990000,0.978000,4.450000,0.104495,2.414791,3.231949
30.377940,4.990000,0.978000,4.450000,0.104495,2.414791,3.231949
30.389050,4.990000,0.978000,4.450000,0.104495,2.414791,3.231949
30.400160,4.990000,0.978000,4.450000,0.358265,2.348050,3.336980
30.411270,4.990000,0.978000,4.450000,0.358265,2.348050,3.336980
30.422380,4.990000,0.978000,4.450000,0.358265,2.348050,3.336980
30.433490,4.990000,0.978000,4.450000,,,
30.444600,4.990000,0.978000,4.450000,,,
30.455720,4.990000,0.978000,4.450000,,,
30.466830,4.990000,0.978000,4.450000,,,
30.477940,4.990000,0.978000,4.450000,0.368345,2.344992,3.341166
30.489050,4.990000,0.978000,4.450000,0.368345,2.344992,3.341166
30.500160,4.990000,0.978000,4.450000,0.368345,2.344992,3.341166
30.511270,4.990000,0.978000,4.450000,0.368345,2.344992,3.341166
30.522380,4.990000,0.978000,4.450000,0.368345,2.344992,3.341166
30.533490,4.990000,0.978000,4.450000,0.368345,2.344992,3.341166
30.544600,4.990000,0.978000,4.450000,,,
30.555710,4.990000,0.978000,4.450000,,,
30.566820,4.990000,0.978000,4.450000,,,
30.577930,4.990000,0.978000,4.450000,0.368345,2.344992,3.341166
30.589040,4.990000,0.978000,4.450000,0.368345,2.344992,3.341166
30.600150,4.990000,0.978000,4.450000,0.368345,2.344992,3.341166
30.611260,4.990000,0.978000,4.450000,0.368345,2.344992,3.341166
30.622370,4.990000,0.978000,4.450000,0.368345,2.344992,3.341166
30.633480,4.990000,0.978000,4.450000,0.368345,2.344992,3.341166
30.644590,4.990000,0.978000,4.450000,0.643774,2.433459,3.400745
30.655700,4.990000,0.978000,4.450000,0.643774,2.433459,3.400745
30.666810,4.990000,0.978000,4.450000,0.643774,2.433459,3.400745
30.677920,4.990000,0.978000,4.450000,0.643774,2.433459,3.400745
30.689030,4.990000,0.978000,4.450000,0.643774,2.433459,3.400745
30.700140,4.990000,0.978000,4.450000,0.643774,2.433459,3.400745
30.711250,4.990000,0.978000,4.450000,0.905526,2.399410,3.448998
30.722360,4.990000,0.978000,4.450000,0.905526,2.399410,3.448998
30.733470,4.990000,0.978000,4.450000,0.905526,2.399410,3.448998
30.744580,4.990000,0.978000,4.450000,0.905526,2.399410,3.448998
30.755690,4.990000,0.978000,4.450000,1.121550,2.262038,3.459739
30.766800,4.990000,0.978000,4.450000,1.121550,2.262038,3.459739
30.777910,4.990000,0.978000,4.450000,1.121550,2.262038,3.459739
30.789020,4.990000,0.978000,4.450000,1.121550,2.262038,3.459739
30.800130,4.990000,0.978000,4.450000,1.121550,2.262038,3.459739
30.811240,4.990000,0.978000,4.450000,1.121550,2.262038,3.459739
30.822360,4.990000,0.978000,4.450000,1.173267,2.222617,3.456501
30.833470,4.990000,0.978000,4.450000,1.173267,2.222617,3.456501
30.844580,4.990000,0.978000,4.450000,1.173267,2.222617,3.456501
30.855690,4.990000,0.978000,4.450000,1.173267,2.222617,3.456501
30.866800,4.990000,0.978000,4.450000,1.173267,2.222617,3.456501
30.877910,4.990000,0.978000,4.450000,1.173267,2.222617,3.456501
30.889020,4.990000,0.978000,4.450000,1.173267,2.222617,3.456501
30.900130,4.990000,0.978000,4.450000,1.173267,2.222617,3.456501
30.911240,4.990000,0.978000,4.450000,1.173267,2.222617,3.456501
30.922350,4.990000,0.978000,4.450000,1.173267,2.222617,3.456501
30.933460,4.990000,0.978000,4.450000,1.173267,2.222617,3.456501
30.944570,4.990000,0.978000,4.450000,1.173267,2.222617,3.456501
30.955680,4.990000,0.978000,4.450000,1.173267,2.222617,3.456501
30.966790,4.990000,0.978000,4.450000,1.173267,2.222617,3.456501
30.977900,4.990000,0.978000,4.450000,1.173267,2.222617,3.456501
30.989010,4.990000,0.978000,4.450000,,,
31.000120,4.990000,0.978000,4.450000,,,
31.011230,4.990000,0.978000,4.450000,,,
31.022340,4.990000,0.978000,4.450000,0.970002,2.285920,3.385370
31.033450,4.990000,0.978000,4.450000,0.970002,2.285920,3.385370
31.044560,4.990000,0.978000,4.450000,0.970002,2.285920,3.385370
31.055670,4.990000,0.978000,4.450000,0.970002,2.285920,3.385370
31.066780,4.990000,0.978000,4.450000,0.693893,2.366596,3.284756
31.077890,4.990000,0.978000,4.450000,0.693893,2.366596,3.284756
31.089000,4.990000,0.978000,4.450000,0.693893,2.366596,3.284756
31.100110,4.990000,0.978000,4.450000,,,
31.111220,4.990000,0.978000,4.450000,,,
31.122330,4.990000,0.978000,4.450000,,,
31.133440,4.990000,0.978000,4.450000,0.420462,2.431839,3.179362
31.144550,4.990000,0.978000,4.450000,0.420462,2.431839,3.179362
31.155660,4.990000,0.978000,4.450000,0.420462,2.431839,3.179362
31.166770,4.990000,0.978000,4.450000,0.134706,2.473438,3.060652
31.177890,4.990000,0.978000,4.450000,0.134706,2.473438,3.060652
31.189000,4.990000,0.978000,4.450000,0.134706,2.473438,3.060652
31.200110,4.990000,0.978000,4.450000,,,
31.211220,4.990000,0.978000,4.450000,,,
31.222330,4.990000,0.978000,4.450000,,,
31.233440,4.990000,0.978000,4.450000,-0.146355,2.480946,2.937481
31.244550,4.990000,0.978000,4.450000,-0.146355,2.480946,2.937481
31.255660,4.990000,0.978000,4.450000,-0.146355,2.480946,2.937481
31.266770,4.990000,0.978000,4.450000,-0.431626,2.454894,2.817813
31.277880,4.990000,0.978000,4.450000,-0.431626,2.454894,2.817813
31.288990,4.990000,0.978000,4.450000,-0.431626,2.454894,2.817813
31.300100,4.990000,0.978000,4.450000,,,
31.311210,4.990000,0.978000,4.450000,,,
31.322320,4.990000,0.978000,4.450000,,,
31.333430,4.990000,0.978000,4.450000,-0.708588,2.402994,2.702824
31.344540,4.990000,0.978000,4.450000,-0.708588,2.402994,2.702824
31.355650,4.990000,0.978000,4.450000,-0.708588,2.402994,2.702824
31.366760,4.990000,0.978000,4.450000,-0.708588,2.402994,2.702824
31.377870,4.990000,0.978000,4.450000,-0.834800,2.373033,2.650485
31.388980,4.990000,0.978000,4.450000,-0.834800,2.373033,2.650485
31.400090,4.990000,0.978000,4.450000,-0.834800,2.373033,2.650485
31.411200,4.990000,0.978000,4.450000,,,
31.422310,4.990000,0.978000,4.450000,,,
31.433420,4.990000,0.978000,4.450000,,,
31.444530,4.990000,0.978000,4.450000,-0.834800,2.373033,2.650485
31.455640,4.990000,0.978000,4.450000,-0.834800,2.373033,2.650485
31.466750,4.990000,0.978000,4.450000,-0.834800,2.373033,2.650485
31.477860,4.990000,0.978000,4.450000,-0.834800,2.373033,2.650485
31.488970,4.990000,0.978000,4.450000,-0.834800,2.373033,2.650485
31.500080,4.990000,0.978000,4.450000,-0.834800,2.373033,2.650485
31.511190,4.990000,0.978000,4.450000,,,
31.522300,4.990000,0.978000,4.450000,,,
31.533410,4.990000,0.978000,4.450000,,,
31.544530,4.990000,0.978000,4.450000,-0.834800,2.373033,2.650485
31.555640,4.990000,0.978000,4.450000,-0.834800,2.373033,2.650485
31.566750,4.990000,0.978000,4.450000,-0.834800,2.373033,2.650485
31.577860,4.990000,0.978000,4.450000,-0.653541,2.415243,2.714252
31.588970,4.990000,0.978000,4.450000,-0.653541,2.415243,2.714252
31.600080,4.990000,0.978000,4.450000,-0.653541,2.415243,2.714252
31.611190,4.990000,0.978000,4.450000,,,
31.622300,4.990000,0.978000,4.450000,,,
31.633410,4.990000,0.978000,4.450000,,,
31.644520,4.990000,0.978000,4.450000,-0.368317,2.451971,2.824385
31.655630,4.990000,0.978000,4.450000,-0.368317,2.451971,2.824385
31.666740,4.990000,0.978000,4.450000,-0.368317,2.451971,2.824385
31.677850,4.990000,0.978000,4.450000,-0.368317,2.451971,2.824385
31.688960,4.990000,0.978000,4.450000,-0.100104,2.384108,2.945883
31.700070,4.990000,0.978000,4.450000,-0.100104,2.384108,2.945883
31.711180,4.990000,0.978000,4.450000,-0.100104,2.384108,2.945883
31.722290,4.990000,0.978000,4.450000,,,
31.733400,4.990000,0.978000,4.450000,,,
31.744510,4.990000,0.978000,4.450000,,,
31.755620,4.990000,0.978000,4.450000,0.125239,2.232430,3.058537
31.766730,4.990000,0.978000,4.450000,0.125239,2.232430,3.058537
31.777840,4.990000,0.978000,4.450000,0.125239,2.232430,3.058537
31.788950,4.990000,0.978000,4.450000,0.235087,2.139145,3.116973
31.800060,4.990000,0.978000,4.450000,0.235087,2.139145,3.116973
31.811170,4.990000,0.978000,4.450000,0.235087,2.139145,3.116973
31.822280,4.990000,0.978000,4.450000,,,
31.833390,4.990000,0.978000,4.450000,,,
31.844500,4.990000,0.978000,4.450000,,,
31.855610,4.990000,0.978000,4.450000,0.235087,2.139145,3.116973
31.866720,4.990000,0.978000,4.450000,0.235087,2.139145,3.116973
31.877830,4.990000,0.978000,4.450000,0.235087,2.139145,3.116973
31.888940,4.990000,0.978000,4.450000,0.235087,2.139145,3.116973
31.900050,4.990000,0.978000,4.450000,0.235087,2.139145,3.116973
31.911170,4.990000,0.978000,4.450000,0.235087,2.139145,3.116973
31.922280,4.990000,0.978000,4.450000,,,
31.933390,4.990000,0.978000,4.450000,,,
31.944500,4.990000,0.978000,4.450000,,,
31.955610,4.990000,0.978000,4.450000,0.235087,2.139145,3.116973
31.966720,4.990000,0.978000,4.450000,0.235087,2.139145,3.116973
31.977830,4.990000,0.978000,4.450000,0.235087,2.139145,3.116973
31.988940,4.990000,0.978000,4.450000,0.326844,2.217967,3.125947
32.000050,4.990000,0.978000,4.450000,0.326844,2.217967,3.125947
32.011160,4.990000,0.978000,4.450000,0.326844,2.217967,3.125947
32.022270,4.990000,0.978000,4.450000,0.576144,2.383821,3.150327
32.033390,4.990000,0.978000,4.450000,0.576144,2.383821,3.150327
32.044500,4.990000,0.978000,4.450000,0.576144,2.383821,3.150327
32.055610,4.990000,0.978000,4.450000,0.576144,2.383821,3.150327
32.066720,4.990000,0.978000,4.450000,0.576144,2.383821,3.150327
32.077840,4.990000,0.978000,4.450000,0.576144,2.383821,3.150327
32.088950,4.990000,0.978000,4.450000,0.576144,2.383821,3.150327
32.100060,4.990000,0.978000,4.450000,0.830256,2.354560,3.175918
32.111170,4.990000,0.978000,4.450000,0.830256,2.354560,3.175918
32.122280,4.990000,0.978000,4.450000,0.830256,2.354560,3.175918
32.133400,4.990000,0.978000,4.450000,0.942972,2.285820,3.187107
32.144510,4.990000,0.978000,4.450000,0.942972,2.285820,3.187107
32.155620,4.990000,0.978000,4.450000,0.942972,2.285820,3.187107
32.166730,4.990000,0.978000,4.450000,,,
32.177850,4.990000,0.978000,4.450000,,,
32.188960,4.990000,0.978000,4.450000,,,
32.200070,4.990000,0.978000,4.450000,0.942972,2.285820,3.187107
32.211180,4.990000,0.978000,4.450000,0.942972,2.285820,3.187107
32.222290,4.990000,0.978000,4.450000,0.942972,2.285820,3.187107
32.233410,4.990000,0.978000,4.450000,0.942972,2.285820,3.187107
32.244520,4.990000,0.978000,4.450000,0.942972,2.285820,3.187107
32.255630,4.990000,0.978000,4.450000,0.942972,2.285820,3.187107
32.266740,4.990000,0.978000,4.450000,0.942972,2.285820,3.187107
32.277850,4.990000,0.978000,4.450000,,,
32.288970,4.990000,0.978000,4.450000,,,
32.300080,4.990000,0.978000,4.450000,,,
32.311190,4.990000,0.978000,4.450000,0.942972,2.285820,3.187107
32.322300,4.990000,0.978000,4.450000,0.942972,2.285820,3.187107
32.333420,4.990000,0.978000,4.450000,0.942972,2.285820,3.187107
32.344530,4.990000,0.978000,4.450000,0.850546,2.305266,3.148820
32.355640,4.990000,0.978000,4.450000,0.850546,2.305266,3.148820
32.366750,4.990000,0.978000,4.450000,0.850546,2.305266,3.148820
32.377860,4.990000,0.978000,4.450000,,,
32.388980,4.990000,0.978000,4.450000,,,
32.400090,4.990000,0.978000,4.450000,,,
32.411200,4.990000,0.978000,4.450000,0.566804,2.359139,3.029121
32.422310,4.990000,0.978000,4.450000,0.566804,2.359139,3.029121
32.433430,4.990000,0.978000,4.450000,0.566804,2.359139,3.029121
32.444540,4.990000,0.978000,4.450000,0.285576,2.387189,2.907050
32.455650,4.990000,0.978000,4.450000,0.285576,2.387189,2.907050
32.466760,4.990000,0.978000,4.450000,0.285576,2.387189,2.907050
32.477870,4.990000,0.978000,4.450000,,,
32.488990,4.990000,0.978000,4.450000,,,
32.500100,4.990000,0.978000,4.450000,,,
32.511210,4.990000,0.978000,4.450000,0.003681,2.360464,2.781074
32.522320,4.990000,0.978000,4.450000,0.003681,2.360464,2.781074
32.533440,4.990000,0.978000,4.450000,0.003681,2.360464,2.781074
32.544550,4.990000,0.978000,4.450000,0.003681,2.360464,2.781074
32.555660,4.990000,0.978000,4.450000,-0.265156,2.275064,2.658640
32.566770,4.990000,0.978000,4.450000,-0.265156,2.275064,2.658640
32.577880,4.990000,0.978000,4.450000,-0.265156,2.275064,2.658640
32.589000,4.990000,0.978000,4.450000,,,
32.600110,4.990000,0.978000,4.450000,,,
32.611220,4.990000,0.978000,4.450000,,,
32.622330,4.990000,0.978000,4.450000,-0.519443,2.147507,2.534370
32.633450,4.990000,0.978000,4.450000,-0.519443,2.147507,2.534370
32.644560,4.990000,0.978000,4.450000,-0.519443,2.147507,2.534370
32.655670,4.990000,0.978000,4.450000,-0.581333,2.112454,2.501872
32.666780,4.990000,0.978000,4.450000,-0.581333,2.112454,2.501872
32.677890,4.990000,0.978000,4.450000,-0.581333,2.112454,2.501872
32.689010,4.990000,0.978000,4.450000,,,
32.700120,4.990000,0.978000,4.450000,,,
32.711230,4.990000,0.978000,4.450000,,,
32.722340,4.990000,0.978000,4.450000,-0.581333,2.112454,2.501872
32.733460,4.990000,0.978000,4.450000,-0.581333,2.112454,2.501872
32.744570,4.990000,0.978000,4.450000,-0.581333,2.112454,2.501872
32.755680,4.990000,0.978000,4.450000,-0.581333,2.112454,2.501872
32.766790,4.990000,0.978000,4.450000,-0.581333,2.112454,2.501872
32.777900,4.990000,0.978000,4.450000,-0.581333,2.112454,2.501872
32.789020,4.990000,0.978000,4.450000,,,
32.800130,4.990000,0.978000,4.450000,,,
32.811240,4.990000,0.978000,4.450000,,,
32.822350,4.990000,0.978000,4.450000,,,
32.833470,4.990000,0.978000,4.450000,-0.581333,2.112454,2.501872
32.844580,4.990000,0.978000,4.450000,-0.581333,2.112454,2.501872
32.855690,4.990000,0.978000,4.450000,-0.581333,2.112454,2.501872
32.866800,4.990000,0.978000,4.450000,-0.501636,2.233358,2.706437
32.877910,4.990000,0.978000,4.450000,-0.501636,2.233358,2.706437
32.889030,4.990000,0.978000,4.450000,-0.501636,2.233358,2.706437
32.900140,4.990000,0.978000,4.450000,,,
32.911250,4.990000,0.978000,4.450000,,,
32.922360,4.990000,0.978000,4.450000,,,
32.933480,4.990000,0.978000,4.450000,-0.408110,2.337758,2.983172
32.944590,4.990000,0.978000,4.450000,-0.408110,2.337758,2.983172
32.955700,4.990000,0.978000,4.450000,-0.408110,2.337758,2.983172
32.966810,4.990000,0.978000,4.450000,-0.322922,2.299524,3.265063
32.977920,4.990000,0.978000,4.450000,-0.322922,2.299524,3.265063
32.989040,4.990000,0.978000,4.450000,-0.322922,2.299524,3.265063
33.000150,4.990000,0.978000,4.450000,,,
33.011260,4.990000,0.978000,4.450000,,,
33.022370,4.990000,0.978000,4.450000,,,
33.033490,4.990000,0.978000,4.450000,-0.294012,2.244698,3.400319
33.044600,4.990000,0.978000,4.450000,-0.294012,2.244698,3.400319
33.055710,4.990000,0.978000,4.450000,-0.294012,2.244698,3.400319
33.066820,4.990000,0.978000,4.450000,-0.294012,2.244698,3.400319
33.077930,4.990000,0.978000,4.450000,-0.294012,2.244698,3.400319
33.089050,4.990000,0.978000,4.450000,-0.294012,2.244698,3.400319
33.100160,4.990000,0.978000,4.450000,-0.294012,2.244698,3.400319
33.111270,4.990000,0.978000,4.450000,,,
33.122380,4.990000,0.978000,4.450000,,,
33.133500,4.990000,0.978000,4.450000,,,
33.144610,4.990000,0.978000,4.450000,-0.294012,2.244698,3.400319
33.155720,4.990000,0.978000,4.450000,-0.294012,2.244698,3.400319
33.166830,4.990000,0.978000,4.450000,-0.294012,2.244698,3.400319
33.177940,4.990000,0.978000,4.450000,-0.294012,2.244698,3.400319
33.189060,4.990000,0.978000,4.450000,-0.294012,2.244698,3.400319
33.200170,4.990000,0.978000,4.450000,-0.294012,2.244698,3.400319
33.211280,4.990000,0.978000,4.450000,,,
33.222390,4.990000,0.978000,4.450000,,,
33.233510,4.990000,0.978000,4.450000,,,
33.244620,4.990000,0.978000,4.450000,-0.193675,2.269781,3.402483
33.255730,4.990000,0.978000,4.450000,-0.193675,2.269781,3.402483
33.266840,4.990000,0.978000,4.450000,-0.193675,2.269781,3.402483
33.277950,4.990000,0.978000,4.450000,0.100177,2.333467,3.425838
33.289070,4.990000,0.978000,4.450000,0.100177,2.333467,3.425838
33.300180,4.990000,0.978000,4.450000,0.100177,2.333467,3.425838
33.311240,4.990000,0.978000,4.450000,,,
33.322400,4.990000,0.978000,4.450000,0.398175,2.352432,3.491195
33.333520,4.990000,0.978000,4.450000,0.398175,2.352432,3.491195
33.344630,4.990000,0.978000,4.450000,0.398175,2.352432,3.491195
33.355740,4.990000,0.978000,4.450000,0.398175,2.352432,3.491195
33.366850,4.990000,0.978000,4.450000,0.398175,2.352432,3.491195
33.377960,4.990000,0.978000,4.450000,0.398175,2.352432,3.491195
33.389080,4.990000,0.978000,4.450000,0.693240,2.297490,3.582429
33.400190,4.990000,0.978000,4.450000,0.693240,2.297490,3.582429
33.411300,4.990000,0.978000,4.450000,0.693240,2.297490,3.582429
33.422410,4.990000,0.978000,4.450000,0.973733,2.190766,3.663485
33.433530,4.990000,0.978000,4.450000,0.973733,2.190766,3.663485
33.444640,4.990000,0.978000,4.450000,0.973733,2.190766,3.663485
33.455750,4.990000,0.978000,4.450000,,,
33.466860,4.990000,0.978000,4.450000,,,
33.477970,4.990000,0.978000,4.450000,,,
33.489090,4.990000,0.978000,4.450000,,,
33.500200,4.990000,0.978000,4.450000,1.096223,2.134264,3.692661
33.511310,4.990000,0.978000,4.450000,1.096223,2.134264,3.692661
33.522420,4.990000,0.978000,4.450000,1.096223,2.134264,3.692661
33.533540,4.990000,0.978000,4.450000,1.096223,2.134264,3.692661
33.544650,4.990000,0.978000,4.450000,1.096223,2.134264,3.692661
33.555760,4.990000,0.978000,4.450000,1.096223,2.134264,3.692661
33.566870,4.990000,0.978000,4.450000,,,
33.577980,4.990000,0.978000,4.450000,,,
33.589100,4.990000,0.978000,4.450000,,,
33.600210,4.990000,0.978000,4.450000,1.096223,2.134264,3.692661
33.611320,4.990000,0.978000,4.450000,1.096223,2.134264,3.692661
33.622430,4.990000,0.978000,4.450000,1.096223,2.134264,3.692661
33.633540,4.990000,0.978000,4.450000,1.096223,2.134264,3.692661
33.644660,4.990000,0.978000,4.450000,1.096223,2.134264,3.692661
33.655770,4.990000,0.978000,4.450000,1.096223,2.134264,3.692661
33.666880,4.990000,0.978000,4.450000,,,
33.677990,4.990000,0.978000,4.450000,,,
33.689110,4.990000,0.978000,4.450000,,,
33.700220,4.990000,0.978000,4.450000,0.955927,2.189399,3.596348
33.711330,4.990000,0.978000,4.450000,0.955927,2.189399,3.596348
33.722440,4.990000,0.978000,4.450000,0.955927,2.189399,3.596348
33.733550,4.990000,0.978000,4.450000,0.707365,2.282910,3.426029
33.744670,4.990000,0.978000,4.450000,0.707365,2.282910,3.426029
33.755780,4.990000,0.978000,4.450000,0.707365,2.282910,3.426029
33.766890,4.990000,0.978000,4.450000,0.707365,2.282910,3.426029
33.778000,4.990000,0.978000,4.450000,,,
33.789120,4.990000,0.978000,4.450000,,,
33.800230,4.990000,0.978000,4.450000,,,
33.811340,4.990000,0.978000,4.450000,0.458752,2.360762,3.256695
33.822450,4.990000,0.978000,4.450000,0.458752,2.360762,3.256695
33.833560,4.990000,0.978000,4.450000,0.458752,2.360762,3.256695
33.844680,4.990000,0.978000,4.450000,0.200789,2.410578,3.081368
33.855790,4.990000,0.978000,4.450000,0.200789,2.410578,3.081368
33.866900,4.990000,0.978000,4.450000,0.200789,2.410578,3.081368
33.878010,4.990000,0.978000,4.450000,,,
33.889130,4.990000,0.978000,4.450000,,,
33.900240,4.990000,0.978000,4.450000,,,
33.911350,4.990000,0.978000,4.450000,-0.057002,2.423281,2.905746
33.922460,4.990000,0.978000,4.450000,-0.057002,2.423281,2.905746
33.933570,4.990000,0.978000,4.450000,-0.057002,2.423281,2.905746
33.944690,4.990000,0.978000,4.450000,-0.305754,2.402980,2.736201
33.955800,4.990000,0.978000,4.450000,-0.305754,2.402980,2.736201
33.966910,4.990000,0.978000,4.450000,-0.305754,2.402980,2.736201
33.978020,4.990000,0.978000,4.450000,,,
33.989140,4.990000,0.978000,4.450000,,,
34.000250,4.990000,0.978000,4.450000,,,
34.011360,4.990000,0.978000,4.450000,,,
34.022470,4.990000,0.978000,4.450000,-0.551120,2.360739,2.569643
34.033580,4.990000,0.978000,4.450000,-0.551120,2.360739,2.569643
34.044700,4.990000,0.978000,4.450000,-0.551120,2.360739,2.569643
34.055810,4.990000,0.978000,4.450000,-0.566066,2.357822,2.559479
34.066920,4.990000,0.978000,4.450000,-0.566066,2.357822,2.559479
34.078030,4.990000,0.978000,4.450000,-0.566066,2.357822,2.559479
34.089150,4.990000,0.978000,4.450000,,,
34.100260,4.990000,0.978000,4.450000,,,
34.111370,4.990000,0.978000,4.450000,,,
34.122480,4.990000,0.978000,4.450000,-0.566066,2.357822,2.559479
34.133590,4.990000,0.978000,4.450000,-0.566066,2.357822,2.559479
34.144710,4.990000,0.978000,4.450000,-0.566066,2.357822,2.559479
34.155820,4.990000,0.978000,4.450000,-0.566066,2.357822,2.559479
34.166930,4.990000,0.978000,4.450000,-0.566066,2.357822,2.559479
34.178040,4.990000,0.978000,4.450000,-0.566066,2.357822,2.559479
34.189160,4.990000,0.978000,4.450000,,,
34.200270,4.990000,0.978000,4.450000,,,
34.211380,4.990000,0.978000,4.450000,,,
34.222490,4.990000,0.978000,4.450000,-0.571431,2.363515,2.572994
34.233600,4.990000,0.978000,4.450000,-0.571431,2.363515,2.572994
34.244720,4.990000,0.978000,4.450000,-0.571431,2.363515,2.572994
34.255830,4.990000,0.978000,4.450000,-0.672592,2.464456,2.843292
34.266940,4.990000,0.978000,4.450000,-0.672592,2.464456,2.843292
34.278050,4.990000,0.978000,4.450000,-0.672592,2.464456,2.843292
34.289170,4.990000,0.978000,4.450000,-0.672592,2.464456,2.843292
34.300280,4.990000,0.978000,4.450000,,,
34.311390,4.990000,0.978000,4.450000,,,
34.322500,4.990000,0.978000,4.450000,,,
34.333610,4.990000,0.978000,4.450000,-0.759191,2.479585,3.130404
34.344730,4.990000,0.978000,4.450000,-0.759191,2.479585,3.130404
34.355840,4.990000,0.978000,4.450000,-0.759191,2.479585,3.130404
34.366950,4.990000,0.978000,4.450000,-0.811221,2.365463,3.387873
34.378060,4.990000,0.978000,4.450000,-0.811221,2.365463,3.387873
34.389180,4.990000,0.978000,4.450000,-0.811221,2.365463,3.387873
34.400290,4.990000,0.978000,4.450000,-0.834589,2.254984,3.544311
34.411400,4.990000,0.978000,4.450000,-0.834589,2.254984,3.544311
34.422510,4.990000,0.978000,4.450000,-0.834589,2.254984,3.544311
34.433620,4.990000,0.978000,4.450000,-0.834589,2.254984,3.544311
34.444740,4.990000,0.978000,4.450000,-0.834589,2.254984,3.544311
34.455850,4.990000,0.978000,4.450000,-0.834589,2.254984,3.544311
34.466960,4.990000,0.978000,4.450000,-0.834589,2.254984,3.544311
34.478070,4.990000,0.978000,4.450000,-0.834589,2.254984,3.544311
34.489190,4.990000,0.978000,4.450000,-0.834589,2.254984,3.544311
34.500300,4.990000,0.978000,4.450000,-0.834589,2.254984,3.544311
34.511410,4.990000,0.978000,4.450000,-0.834589,2.254984,3.544311
34.522520,4.990000,0.978000,4.450000,-0.834589,2.254984,3.544311
34.533630,4.990000,0.978000,4.450000,-0.834589,2.254984,3.544311
34.544750,4.990000,0.978000,4.450000,-0.834589,2.254984,3.544311
34.555860,4.990000,0.978000,4.450000,-0.834589,2.254984,3.544311
34.566970,4.990000,0.978000,4.450000,-0.834589,2.254984,3.544311
34.578080,4.990000,0.978000,4.450000,-0.834589,2.254984,3.544311
34.589200,4.990000,0.978000,4.450000,-0.834589,2.254984,3.544311
34.600310,4.990000,0.978000,4.450000,-0.834589,2.254984,3.544311
34.611420,4.990000,0.978000,4.450000,-0.763217,2.279180,3.532855
34.622530,4.990000,0.978000,4.450000,-0.763217,2.279180,3.532855
34.633640,4.990000,0.978000,4.450000,-0.763217,2.279180,3.532855
34.644760,4.990000,0.978000,4.450000,-0.763217,2.279180,3.532855
34.655870,4.990000,0.978000,4.450000,-0.763217,2.279180,3.532855
34.666980,4.990000,0.978000,4.450000,-0.763217,2.279180,3.532855
34.678090,4.990000,0.978000,4.450000,-0.452139,2.379808,3.483023
34.689210,4.990000,0.978000,4.450000,-0.452139,2.379808,3.483023
34.700320,4.990000,0.978000,4.450000,-0.452139,2.379808,3.483023
34.711430,4.990000,0.978000,4.450000,-0.159996,2.454055,3.436224
34.722540,4.990000,0.978000,4.450000,-0.159996,2.454055,3.436224
34.733650,4.990000,0.978000,4.450000,-0.159996,2.454055,3.436224
34.744770,4.990000,0.978000,4.450000,,,
34.755880,4.990000,0.978000,4.450000,,,
34.766990,4.990000,0.978000,4.450000,,,
34.778100,4.990000,0.978000,4.450000,0.138493,2.487205,3.388434
34.789220,4.990000,0.978000,4.450000,0.138493,2.487205,3.388434
34.800330,4.990000,0.978000,4.450000,0.138493,2.487205,3.388434
34.811440,4.990000,0.978000,4.450000,0.432886,2.469874,3.341387
34.822550,4.990000,0.978000,4.450000,0.432886,2.469874,3.341387
34.833660,4.990000,0.978000,4.450000,0.432886,2.469874,3.341387
34.844780,4.990000,0.978000,4.450000,0.432886,2.469874,3.341387
34.855890,4.990000,0.978000,4.450000,,,
34.867000,4.990000,0.978000,4.450000,,,
34.878110,4.990000,0.978000,4.450000,,,
34.889230,4.990000,0.978000,4.450000,0.728888,2.409174,3.294017
34.900340,4.990000,0.978000,4.450000,0.728888,2.409174,3.294017
34.911450,4.990000,0.978000,4.450000,0.728888,2.409174,3.294017
34.922560,4.990000,0.978000,4.450000,0.892607,2.363141,3.269491
34.933670,4.990000,0.978000,4.450000,0.892607,2.363141,3.269491
34.944790,4.990000,0.978000,4.450000,0.892607,2.363141,3.269491
34.955900,4.990000,0.978000,4.450000,,,
34.967010,4.990000,0.978000,4.450000,,,
34.978120,4.990000,0.978000,4.450000,,,
34.989230,4.990000,0.978000,4.450000,0.892607,2.363141,3.269491
35.000350,4.990000,0.978000,4.450000,0.892607,2.363141,3.269491
35.011460,4.990000,0.978000,4.450000,0.892607,2.363141,3.269491
35.022570,4.990000,0.978000,4.450000,0.892607,2.363141,3.269491
35.033680,4.990000,0.978000,4.450000,0.892607,2.363141,3.269491
35.044800,4.990000,0.978000,4.450000,0.892607,2.363141,3.269491
35.055910,4.990000,0.978000,4.450000,0.892607,2.363141,3.269491
35.067020,4.990000,0.978000,4.450000,0.892607,2.363141,3.269491
35.078130,4.990000,0.978000,4.450000,0.892607,2.363141,3.269491
35.089240,4.990000,0.978000,4.450000,0.892607,2.363141,3.269491
35.100360,4.990000,0.978000,4.450000,0.892607,2.363141,3.269491
35.111470,4.990000,0.978000,4.450000,0.892607,2.363141,3.269491
35.122580,4.990000,0.978000,4.450000,0.892607,2.363141,3.269491
35.133690,4.990000,0.978000,4.450000,0.757290,2.398161,3.229068
35.144810,4.990000,0.978000,4.450000,0.757290,2.398161,3.229068
35.155920,4.990000,0.978000,4.450000,0.757290,2.398161,3.229068
35.167030,4.990000,0.978000,4.450000,0.757290,2.398161,3.229068
35.178140,4.990000,0.978000,4.450000,0.463449,2.451920,3.147967
35.189250,4.990000,0.978000,4.450000,0.463449,2.451920,3.147967
35.200370,4.990000,0.978000,4.450000,0.463449,2.451920,3.147967
35.211480,4.990000,0.978000,4.450000,,,
35.222590,4.990000,0.978000,4.450000,,,
35.233700,4.990000,0.978000,4.450000,,,
35.244820,4.990000,0.978000,4.450000,0.168568,2.417634,3.077047
35.255930,4.990000,0.978000,4.450000,0.168568,2.417634,3.077047
35.267040,4.990000,0.978000,4.450000,0.168568,2.417634,3.077047
35.278150,4.990000,0.978000,4.450000,-0.124064,2.276463,3.027768
35.289260,4.990000,0.978000,4.450000,-0.124064,2.276463,3.027768
35.300380,4.990000,0.978000,4.450000,-0.124064,2.276463,3.027768
35.311490,4.990000,0.978000,4.450000,,,
35.322600,4.990000,0.978000,4.450000,,,
35.333710,4.990000,0.978000,4.450000,,,
35.344830,4.990000,0.978000,4.450000,-0.306303,2.154469,3.011623
35.355940,4.990000,0.978000,4.450000,-0.306303,2.154469,3.011623
35.367050,4.990000,0.978000,4.450000,-0.306303,2.154469,3.011623
35.378160,4.990000,0.978000,4.450000,-0.306303,2.154469,3.011623
35.389270,4.990000,0.978000,4.450000,-0.306303,2.154469,3.011623
35.400390,4.990000,0.978000,4.450000,-0.306303,2.154469,3.011623
35.411500,4.990000,0.978000,4.450000,,,
35.422610,4.990000,0.978000,4.450000,,,
35.433720,4.990000,0.978000,4.450000,,,
35.444840,4.990000,0.978000,4.450000,-0.306303,2.154469,3.011623
35.455950,4.990000,0.978000,4.450000,-0.306303,2.154469,3.011623
35.467060,4.990000,0.978000,4.450000,-0.306303,2.154469,3.011623
35.478170,4.990000,0.978000,4.450000,-0.306303,2.154469,3.011623
35.489280,4.990000,0.978000,4.450000,-0.306303,2.154469,3.011623
35.500400,4.990000,0.978000,4.450000,-0.306303,2.154469,3.011623
35.511510,4.990000,0.978000,4.450000,-0.306303,2.154469,3.011623
35.522620,4.990000,0.978000,4.450000,,,
35.533730,4.990000,0.978000,4.450000,,,
35.544850,4.990000,0.978000,4.450000,,,
35.555960,4.990000,0.978000,4.450000,-0.356683,2.196541,3.066995
35.567070,4.990000,0.978000,4.450000,-0.356683,2.196541,3.066995
35.578180,4.990000,0.978000,4.450000,-0.356683,2.196541,3.066995
35.589290,4.990000,0.978000,4.450000,-0.529669,2.305321,3.255564
35.600410,4.990000,0.978000,4.450000,-0.529669,2.305321,3.255564
35.611520,4.990000,0.978000,4.450000,-0.529669,2.305321,3.255564
35.622630,4.990000,0.978000,4.450000,,,
35.633740,4.990000,0.978000,4.450000,,,
35.644860,4.990000,0.978000,4.450000,,,
35.655970,4.990000,0.978000,4.450000,-0.708330,2.235790,3.445140
35.667080,4.990000,0.978000,4.450000,-0.708330,2.235790,3.445140
35.678190,4.990000,0.978000,4.450000,-0.708330,2.235790,3.445140
35.689300,4.990000,0.978000,4.450000,-0.803014,2.139708,3.547788
35.700420,4.990000,0.978000,4.450000,-0.803014,2.139708,3.547788
35.711530,4.990000,0.978000,4.450000,-0.803014,2.139708,3.547788
35.722640,4.990000,0.978000,4.450000,-0.803014,2.139708,3.547788
35.733750,4.990000,0.978000,4.450000,,,
35.744870,4.990000,0.978000,4.450000,,,
35.755980,4.990000,0.978000,4.450000,,,
35.767090,4.990000,0.978000,4.450000,-0.803014,2.139708,3.547788
35.778200,4.990000,0.978000,4.450000,-0.803014,2.139708,3.547788
35.789310,4.990000,0.978000,4.450000,-0.803014,2.139708,3.547788
35.800430,4.990000,0.978000,4.450000,-0.803014,2.139708,3.547788
35.811540,4.990000,0.978000,4.450000,-0.803014,2.139708,3.547788
35.822650,4.990000,0.978000,4.450000,-0.803014,2.139708,3.547788
35.833760,4.990000,0.978000,4.450000,,,
35.844880,4.990000,0.978000,4.450000,,,
35.855990,4.990000,0.978000,4.450000,,,
35.867100,4.990000,0.978000,4.450000,-0.803014,2.139708,3.547788
35.878210,4.990000,0.978000,4.450000,-0.803014,2.139708,3.547788
35.889320,4.990000,0.978000,4.450000,-0.803014,2.139708,3.547788
35.900440,4.990000,0.978000,4.450000,-0.759982,2.152559,3.551426
35.911550,4.990000,0.978000,4.450000,-0.759982,2.152559,3.551426
35.922660,4.990000,0.978000,4.450000,-0.759982,2.152559,3.551426
35.933770,4.990000,0.978000,4.450000,,,
35.944890,4.990000,0.978000,4.450000,,,
35.956000,4.990000,0.978000,4.450000,,,
35.967110,4.990000,0.978000,4.450000,-0.461302,2.236892,3.574125
35.978220,4.990000,0.978000,4.450000,-0.461302,2.236892,3.574125
35.989330,4.990000,0.978000,4.450000,-0.461302,2.236892,3.574125
36.000420,4.990000,0.978000,4.450000,,,
36.011560,4.990000,0.978000,4.450000,-0.172783,2.295874,3.586855
36.022670,4.990000,0.978000,4.450000,-0.172783,2.295874,3.586855
36.033780,4.990000,0.978000,4.450000,-0.172783,2.295874,3.586855
36.044900,4.990000,0.978000,4.450000,0.143464,2.302786,3.587684
36.056010,4.990000,0.978000,4.450000,0.143464,2.302786,3.587684
36.067120,4.990000,0.978000,4.450000,0.143464,2.302786,3.587684
36.078230,4.990000,0.978000,4.450000,0.143464,2.302786,3.587684
36.089340,4.990000,0.978000,4.450000,0.143464,2.302786,3.587684
36.100460,4.990000,0.978000,4.450000,0.143464,2.302786,3.587684
36.111570,4.990000,0.978000,4.450000,0.441739,2.236024,3.576575
36.122680,4.990000,0.978000,4.450000,0.441739,2.236024,3.576575
36.133790,4.990000,0.978000,4.450000,0.441739,2.236024,3.576575
36.144910,4.990000,0.978000,4.450000,0.700094,2.125207,3.557821
36.156020,4.990000,0.978000,4.450000,0.700094,2.125207,3.557821
36.167130,4.990000,0.978000,4.450000,0.700094,2.125207,3.557821
36.178240,4.990000,0.978000,4.450000,,,
36.189350,4.990000,0.978000,4.450000,,,
36.200470,4.990000,0.978000,4.450000,,,
36.211580,4.990000,0.978000,4.450000,0.735731,2.107207,3.555223
36.222690,4.990000,0.978000,4.450000,0.735731,2.107207,3.555223
36.233800,4.990000,0.978000,4.450000,0.735731,2.107207,3.555223
36.244920,4.990000,0.978000,4.450000,0.735731,2.107207,3.555223
36.256030,4.990000,0.978000,4.450000,0.735731,2.107207,3.555223
36.267140,4.990000,0.978000,4.450000,0.735731,2.107207,3.555223
36.278250,4.990000,0.978000,4.450000,0.735731,2.107207,3.555223
36.289360,4.990000,0.978000,4.450000,,,
36.300480,4.990000,0.978000,4.450000,,,
36.311590,4.990000,0.978000,4.450000,,,
36.322700,4.990000,0.978000,4.450000,0.735731,2.107207,3.555223
36.333810,4.990000,0.978000,4.450000,0.735731,2.107207,3.555223
36.344920,4.990000,0.978000,4.450000,0.735731,2.107207,3.555223
36.356040,4.990000,0.978000,4.450000,0.735731,2.107207,3.555223
36.367150,4.990000,0.978000,4.450000,0.735731,2.107207,3.555223
36.378260,4.990000,0.978000,4.450000,0.735731,2.107207,3.555223
36.389370,4.990000,0.978000,4.450000,,,
36.400490,4.990000,0.978000,4.450000,,,
36.411600,4.990000,0.978000,4.450000,,,
36.422710,4.990000,0.978000,4.450000,0.498568,2.241702,3.553703
36.433820,4.990000,0.978000,4.450000,0.498568,2.241702,3.553703
36.444930,4.990000,0.978000,4.450000,0.498568,2.241702,3.553703
36.456050,4.990000,0.978000,4.450000,0.212545,2.320546,3.577752
36.467160,4.990000,0.978000,4.450000,0.212545,2.320546,3.577752
36.478270,4.990000,0.978000,4.450000,0.212545,2.320546,3.577752
36.489380,4.990000,0.978000,4.450000,0.212545,2.320546,3.577752
36.500500,4.990000,0.978000,4.450000,,,
36.511610,4.990000,0.978000,4.450000,,,
36.522720,4.990000,0.978000,4.450000,,,
36.533830,4.990000,0.978000,4.450000,0.009205,2.255412,3.622936
36.544940,4.990000,0.978000,4.450000,0.009205,2.255412,3.622936
36.556060,4.990000,0.978000,4.450000,0.009205,2.255412,3.622936
36.567170,4.990000,0.978000,4.450000,-0.054719,2.218322,3.651629
36.578280,4.990000,0.978000,4.450000,-0.054719,2.218322,3.651629
36.589390,4.990000,0.978000,4.450000,-0.054719,2.218322,3.651629
36.600510,4.990000,0.978000,4.450000,,,
36.611620,4.990000,0.978000,4.450000,,,
36.622730,4.990000,0.978000,4.450000,,,
36.633840,4.990000,0.978000,4.450000,-0.054719,2.218322,3.651629
36.644950,4.990000,0.978000,4.450000,-0.054719,2.218322,3.651629
36.656070,4.990000,0.978000,4.450000,-0.054719,2.218322,3.651629
36.667180,4.990000,0.978000,4.450000,-0.054719,2.218322,3.651629
36.678290,4.990000,0.978000,4.450000,-0.054719,2.218322,3.651629
36.689400,4.990000,0.978000,4.450000,-0.054719,2.218322,3.651629
36.700520,4.990000,0.978000,4.450000,,,
36.711630,4.990000,0.978000,4.450000,,,
36.722740,4.990000,0.978000,4.450000,,,
36.733850,4.990000,0.978000,4.450000,-0.054719,2.218322,3.651629
36.744960,4.990000,0.978000,4.450000,-0.054719,2.218322,3.651629
36.756080,4.990000,0.978000,4.450000,-0.054719,2.218322,3.651629
36.767190,4.990000,0.978000,4.450000,-0.054719,2.218322,3.651629
36.778300,4.990000,0.978000,4.450000,-0.198803,2.329247,3.647661
36.789410,4.990000,0.978000,4.450000,-0.198803,2.329247,3.647661
36.800530,4.990000,0.978000,4.450000,-0.198803,2.329247,3.647661
36.811640,4.990000,0.978000,4.450000,,,
36.822750,4.990000,0.978000,4.450000,,,
36.833860,4.990000,0.978000,4.450000,,,
36.844970,4.990000,0.978000,4.450000,-0.453733,2.455401,3.648939
36.856090,4.990000,0.978000,4.450000,-0.453733,2.455401,3.648939
36.867200,4.990000,0.978000,4.450000,-0.453733,2.455401,3.648939
36.878310,4.990000,0.978000,4.450000,-0.453733,2.455401,3.648939
36.889420,4.990000,0.978000,4.450000,-0.657752,2.397041,3.656499
36.900540,4.990000,0.978000,4.450000,-0.657752,2.397041,3.656499
36.911650,4.990000,0.978000,4.450000,-0.657752,2.397041,3.656499
36.922760,4.990000,0.978000,4.450000,,,
36.933870,4.990000,0.978000,4.450000,,,
36.944980,4.990000,0.978000,4.450000,,,
36.956100,4.990000,0.978000,4.450000,-0.718775,2.352636,3.662729
36.967210,4.990000,0.978000,4.450000,-0.718775,2.352636,3.662729
36.978320,4.990000,0.978000,4.450000,-0.718775,2.352636,3.662729
36.989430,4.990000,0.978000,4.450000,-0.718775,2.352636,3.662729
37.000550,4.990000,0.978000,4.450000,-0.718775,2.352636,3.662729
37.011660,4.990000,0.978000,4.450000,-0.718775,2.352636,3.662729
37.022770,4.990000,0.978000,4.450000,-0.718775,2.352636,3.662729
37.033880,4.990000,0.978000,4.450000,-0.718775,2.352636,3.662729
37.044990,4.990000,0.978000,4.450000,-0.718775,2.352636,3.662729
37.056110,4.990000,0.978000,4.450000,-0.718775,2.352636,3.662729
37.067220,4.990000,0.978000,4.450000,-0.718775,2.352636,3.662729
37.078330,4.990000,0.978000,4.450000,-0.718775,2.352636,3.662729
37.089440,4.990000,0.978000,4.450000,-0.718775,2.352636,3.662729
37.100560,4.990000,0.978000,4.450000,-0.718775,2.352636,3.662729
37.111670,4.990000,0.978000,4.450000,-0.718775,2.352636,3.662729
37.122780,4.990000,0.978000,4.450000,-0.563293,2.388187,3.661699
37.133890,4.990000,0.978000,4.450000,-0.563293,2.388187,3.661699
37.145000,4.990000,0.978000,4.450000,-0.563293,2.388187,3.661699
37.156120,4.990000,0.978000,4.450000,-0.563293,2.388187,3.661699
37.167230,4.990000,0.978000,4.450000,-0.563293,2.388187,3.661699
37.178340,4.990000,0.978000,4.450000,-0.563293,2.388187,3.661699
37.189450,4.990000,0.978000,4.450000,-0.268048,2.449006,3.653086
37.200570,4.990000,0.978000,4.450000,-0.268048,2.449006,3.653086
37.211680,4.990000,0.978000,4.450000,-0.268048,2.449006,3.653086
37.222790,4.990000,0.978000,4.450000,-0.268048,2.449006,3.653086
37.233900,4.990000,0.978000,4.450000,0.004808,2.483615,3.629135
37.245010,4.990000,0.978000,4.450000,0.004808,2.483615,3.629135
37.256130,4.990000,0.978000,4.450000,0.004808,2.483615,3.629135
37.267240,4.990000,0.978000,4.450000,,,
37.278350,4.990000,0.978000,4.450000,,,
37.289460,4.990000,0.978000,4.450000,,,
37.300580,4.990000,0.978000,4.450000,0.341599,2.479021,3.580291
37.311690,4.990000,0.978000,4.450000,0.341599,2.479021,3.580291
37.322800,4.990000,0.978000,4.450000,0.341599,2.479021,3.580291
37.333910,4.990000,0.978000,4.450000,0.649784,2.431356,3.519882
37.345020,4.990000,0.978000,4.450000,0.649784,2.431356,3.519882
37.356140,4.990000,0.978000,4.450000,0.649784,2.431356,3.519882
37.367250,4.990000,0.978000,4.450000,,,
37.378360,4.990000,0.978000,4.450000,,,
37.389470,4.990000,0.978000,4.450000,,,
37.400590,4.990000,0.978000,4.450000,0.942570,2.361845,3.450778
37.411700,4.990000,0.978000,4.450000,0.942570,2.361845,3.450778
37.422810,4.990000,0.978000,4.450000,0.942570,2.361845,3.450778
37.433920,4.990000,0.978000,4.450000,0.942570,2.361845,3.450778
37.445030,4.990000,0.978000,4.450000,1.005654,2.344994,3.434170
37.456150,4.990000,0.978000,4.450000,1.005654,2.344994,3.434170
37.467260,4.990000,0.978000,4.450000,1.005654,2.344994,3.434170
37.478370,4.990000,0.978000,4.450000,,,
37.489480,4.990000,0.978000,4.450000,,,
37.500600,4.990000,0.978000,4.450000,,,
37.511710,4.990000,0.978000,4.450000,1.005654,2.344994,3.434170
37.522820,4.990000,0.978000,4.450000,1.005654,2.344994,3.434170
37.533930,4.990000,0.978000,4.450000,1.005654,2.344994,3.434170
37.545040,4.990000,0.978000,4.450000,1.005654,2.344994,3.434170
37.556160,4.990000,0.978000,4.450000,1.005654,2.344994,3.434170
37.567270,4.990000,0.978000,4.450000,1.005654,2.344994,3.434170
37.578380,4.990000,0.978000,4.450000,,,
37.589490,4.990000,0.978000,4.450000,,,
37.600610,4.990000,0.978000,4.450000,,,
37.611720,4.990000,0.978000,4.450000,1.005654,2.344994,3.434170
37.622830,4.990000,0.978000,4.450000,1.005654,2.344994,3.434170
37.633940,4.990000,0.978000,4.450000,1.005654,2.344994,3.434170
37.645050,4.990000,0.978000,4.450000,0.831119,2.481470,3.499675
37.656170,4.990000,0.978000,4.450000,0.831119,2.481470,3.499675
37.667280,4.990000,0.978000,4.450000,0.831119,2.481470,3.499675
37.678390,4.990000,0.978000,4.450000,,,
37.689500,4.990000,0.978000,4.450000,,,
37.700610,4.990000,0.978000,4.450000,,,
37.711730,4.990000,0.978000,4.450000,0.638566,2.437070,3.586893
37.722840,4.990000,0.978000,4.450000,0.638566,2.437070,3.586893
37.733950,4.990000,0.978000,4.450000,0.638566,2.437070,3.586893
37.745060,4.990000,0.978000,4.450000,0.560544,2.318848,3.640146
37.756180,4.990000,0.978000,4.450000,0.560544,2.318848,3.640146
37.767290,4.990000,0.978000,4.450000,0.560544,2.318848,3.640146
37.778400,4.990000,0.978000,4.450000,,,
37.789510,4.990000,0.978000,4.450000,,,
37.800620,4.990000,0.978000,4.450000,,,
37.811740,4.990000,0.978000,4.450000,,,
37.822850,4.990000,0.978000,4.450000,0.560544,2.318848,3.640146
37.833960,4.990000,0.978000,4.450000,0.560544,2.318848,3.640146
37.845070,4.990000,0.978000,4.450000,0.560544,2.318848,3.640146
37.856190,4.990000,0.978000,4.450000,0.560544,2.318848,3.640146
37.867300,4.990000,0.978000,4.450000,0.560544,2.318848,3.640146
37.878410,4.990000,0.978000,4.450000,0.560544,2.318848,3.640146
37.889520,4.990000,0.978000,4.450000,,,
37.900630,4.990000,0.978000,4.450000,,,
37.911750,4.990000,0.978000,4.450000,,,
37.922860,4.990000,0.978000,4.450000,0.560544,2.318848,3.640146
37.933970,4.990000,0.978000,4.450000,0.560544,2.318848,3.640146
37.945080,4.990000,0.978000,4.450000,0.560544,2.318848,3.640146
37.956200,4.990000,0.978000,4.450000,0.499808,2.345569,3.678814
37.967310,4.990000,0.978000,4.450000,0.499808,2.345569,3.678814
37.978420,4.990000,0.978000,4.450000,0.499808,2.345569,3.678814
37.989530,4.990000,0.978000,4.450000,,,
38.000640,4.990000,0.978000,4.450000,,,
38.011760,4.990000,0.978000,4.450000,,,
38.022870,4.990000,0.978000,4.450000,0.293632,2.407092,3.831269
38.033980,4.990000,0.978000,4.450000,0.293632,2.407092,3.831269
38.045090,4.990000,0.978000,4.450000,0.293632,2.407092,3.831269
38.056210,4.990000,0.978000,4.450000,0.136505,2.280680,3.995522
38.067320,4.990000,0.978000,4.450000,0.136505,2.280680,3.995522
38.078430,4.990000,0.978000,4.450000,0.136505,2.280680,3.995522
38.089540,4.990000,0.978000,4.450000,,,
38.100650,4.990000,0.978000,4.450000,,,
38.111770,4.990000,0.978000,4.450000,,,
38.122880,4.990000,0.978000,4.450000,0.071486,2.129199,4.099518
38.133990,4.990000,0.978000,4.450000,0.071486,2.129199,4.099518
38.145100,4.990000,0.978000,4.450000,0.071486,2.129199,4.099518
38.156220,4.990000,0.978000,4.450000,0.071486,2.129199,4.099518
38.167330,4.990000,0.978000,4.450000,0.071486,2.129199,4.099518
38.178440,4.990000,0.978000,4.450000,0.071486,2.129199,4.099518
38.189550,4.990000,0.978000,4.450000,,,
38.200660,4.990000,0.978000,4.450000,,,
38.211780,4.990000,0.978000,4.450000,,,
38.222890,4.990000,0.978000,4.450000,0.071486,2.129199,4.099518
38.234000,4.990000,0.978000,4.450000,0.071486,2.129199,4.099518
38.245110,4.990000,0.978000,4.450000,0.071486,2.129199,4.099518
38.256230,4.990000,0.978000,4.450000,0.071486,2.129199,4.099518
38.267340,4.990000,0.978000,4.450000,0.071486,2.129199,4.099518
38.278450,4.990000,0.978000,4.450000,0.071486,2.129199,4.099518
38.289560,4.990000,0.978000,4.450000,0.071486,2.129199,4.099518
38.300670,4.990000,0.978000,4.450000,,,
38.311790,4.990000,0.978000,4.450000,,,
38.322900,4.990000,0.978000,4.450000,,,
38.334010,4.990000,0.978000,4.450000,0.108701,2.154458,4.048919
38.345120,4.990000,0.978000,4.450000,0.108701,2.154458,4.048919
38.356240,4.990000,0.978000,4.450000,0.108701,2.154458,4.048919
38.367350,4.990000,0.978000,4.450000,0.272793,2.262227,3.819489
38.378460,4.990000,0.978000,4.450000,0.272793,2.262227,3.819489
38.389570,4.990000,0.978000,4.450000,0.272793,2.262227,3.819489
38.400680,4.990000,0.978000,4.450000,,,
38.411800,4.990000,0.978000,4.450000,,,
38.422910,4.990000,0.978000,4.450000,,,
38.434020,4.990000,0.978000,4.450000,0.435157,2.349917,3.574539
38.445130,4.990000,0.978000,4.450000,0.435157,2.349917,3.574539
38.456250,4.990000,0.978000,4.450000,0.435157,2.349917,3.574539
38.467360,4.990000,0.978000,4.450000,0.435157,2.349917,3.574539
38.478470,4.990000,0.978000,4.450000,0.596774,2.387546,3.319009
38.489580,4.990000,0.978000,4.450000,0.596774,2.387546,3.319009
38.500690,4.990000,0.978000,4.450000,0.596774,2.387546,3.319009
38.511810,4.990000,0.978000,4.450000,,,
38.522920,4.990000,0.978000,4.450000,,,
38.534030,4.990000,0.978000,4.450000,,,
38.545140,4.990000,0.978000,4.450000,0.760369,2.364377,3.068691
38.556260,4.990000,0.978000,4.450000,0.760369,2.364377,3.068691
38.567370,4.990000,0.978000,4.450000,0.760369,2.364377,3.068691
38.578480,4.990000,0.978000,4.450000,0.926561,2.289915,2.816368
38.589590,4.990000,0.978000,4.450000,0.926561,2.289915,2.816368
38.600700,4.990000,0.978000,4.450000,0.926561,2.289915,2.816368
38.611820,4.990000,0.978000,4.450000,0.978619,2.259604,2.737382
38.622930,4.990000,0.978000,4.450000,0.978619,2.259604,2.737382
38.634040,4.990000,0.978000,4.450000,0.978619,2.259604,2.737382
38.645150,4.990000,0.978000,4.450000,0.978619,2.259604,2.737382
38.656270,4.990000,0.978000,4.450000,0.978619,2.259604,2.737382
38.667380,4.990000,0.978000,4.450000,0.978619,2.259604,2.737382
38.678490,4.990000,0.978000,4.450000,0.978619,2.259604,2.737382
38.689600,4.990000,0.978000,4.450000,0.978619,2.259604,2.737382
38.700710,4.990000,0.978000,4.450000,0.978619,2.259604,2.737382
38.711830,4.990000,0.978000,4.450000,0.978619,2.259604,2.737382
38.722940,4.990000,0.978000,4.450000,0.978619,2.259604,2.737382
38.734050,4.990000,0.978000,4.450000,0.978619,2.259604,2.737382
38.745160,4.990000,0.978000,4.450000,0.978619,2.259604,2.737382
38.756280,4.990000,0.978000,4.450000,0.978619,2.259604,2.737382
38.767390,4.990000,0.978000,4.450000,0.978619,2.259604,2.737382
38.778500,4.990000,0.978000,4.450000,0.978619,2.259604,2.737382
38.789610,4.990000,0.978000,4.450000,0.978619,2.259604,2.737382
38.800720,4.990000,0.978000,4.450000,0.978619,2.259604,2.737382
38.811840,4.990000,0.978000,4.450000,0.978619,2.259604,2.737382
38.822950,4.990000,0.978000,4.450000,0.894841,2.326148,2.952966
38.834060,4.990000,0.978000,4.450000,0.894841,2.326148,2.952966
38.845170,4.990000,0.978000,4.450000,0.894841,2.326148,2.952966
38.856290,4.990000,0.978000,4.450000,0.894841,2.326148,2.952966
38.867400,4.990000,0.978000,4.450000,0.894841,2.326148,2.952966
38.878510,4.990000,0.978000,4.450000,0.894841,2.326148,2.952966
38.889620,4.990000,0.978000,4.450000,0.790248,2.350570,3.222113
38.900730,4.990000,0.978000,4.450000,0.790248,2.350570,3.222113
38.911850,4.990000,0.978000,4.450000,0.790248,2.350570,3.222113
38.922960,4.990000,0.978000,4.450000,0.689814,2.241412,3.480555
38.934070,4.990000,0.978000,4.450000,0.689814,2.241412,3.480555
38.945180,4.990000,0.978000,4.450000,0.689814,2.241412,3.480555
38.956300,4.990000,0.978000,4.450000,,,
38.967410,4.990000,0.978000,4.450000,,,
38.978520,4.990000,0.978000,4.450000,,,
38.989630,4.990000,0.978000,4.450000,0.617750,2.104089,3.665995
39.000740,4.990000,0.978000,4.450000,0.617750,2.104089,3.665995
39.011860,4.990000,0.978000,4.450000,0.617750,2.104089,3.665995
39.022970,4.990000,0.978000,4.450000,0.617750,2.104089,3.665995
39.034080,4.990000,0.978000,4.450000,0.617476,2.103583,3.666702
39.045190,4.990000,0.978000,4.450000,0.617476,2.103583,3.666702
39.056300,4.990000,0.978000,4.450000,0.617476,2.103583,3.666702
39.067420,4.990000,0.978000,4.450000,,,
39.078530,4.990000,0.978000,4.450000,,,
39.089640,4.990000,0.978000,4.450000,,,
39.100750,4.990000,0.978000,4.450000,0.617476,2.103583,3.666702
39.111870,4.990000,0.978000,4.450000,0.617476,2.103583,3.666702
39.122980,4.990000,0.978000,4.450000,0.617476,2.103583,3.666702
39.134090,4.990000,0.978000,4.450000,0.617476,2.103583,3.666702
39.145200,4.990000,0.978000,4.450000,0.617476,2.103583,3.666702
39.156310,4.990000,0.978000,4.450000,0.617476,2.103583,3.666702
39.167430,4.990000,0.978000,4.450000,,,
39.178540,4.990000,0.978000,4.450000,,,
39.189650,4.990000,0.978000,4.450000,,,
39.200760,4.990000,0.978000,4.450000,0.617476,2.103583,3.666702
39.211880,4.990000,0.978000,4.450000,0.617476,2.103583,3.666702
39.222990,4.990000,0.978000,4.450000,0.617476,2.103583,3.666702
39.234100,4.990000,0.978000,4.450000,0.424291,2.285237,3.822762
39.245210,4.990000,0.978000,4.450000,0.424291,2.285237,3.822762
39.256320,4.990000,0.978000,4.450000,0.424291,2.285237,3.822762
39.267440,4.990000,0.978000,4.450000,,,
39.278550,4.990000,0.978000,4.450000,,,
39.289660,4.990000,0.978000,4.450000,,,
39.300770,4.990000,0.978000,4.450000,0.213468,2.337843,3.993072
39.311890,4.990000,0.978000,4.450000,0.213468,2.337843,3.993072
39.323000,4.990000,0.978000,4.450000,0.213468,2.337843,3.993072
39.334110,4.990000,0.978000,4.450000,0.085786,2.274254,4.096217
39.345220,4.990000,0.978000,4.450000,0.085786,2.274254,4.096217
39.356330,4.990000,0.978000,4.450000,0.085786,2.274254,4.096217
39.367450,4.990000,0.978000,4.450000,,,
39.378560,4.990000,0.978000,4.450000,,,
39.389670,4.990000,0.978000,4.450000,,,
39.400780,4.990000,0.978000,4.450000,,,
39.411900,4.990000,0.978000,4.450000,0.062159,2.258872,4.117099
39.423010,4.990000,0.978000,4.450000,0.062159,2.258872,4.117099
39.434120,4.990000,0.978000,4.450000,0.062159,2.258872,4.117099
39.445230,4.990000,0.978000,4.450000,0.062159,2.258872,4.117099
39.456340,4.990000,0.978000,4.450000,0.062159,2.258872,4.117099
39.467460,4.990000,0.978000,4.450000,0.062159,2.258872,4.117099
39.478570,4.990000,0.978000,4.450000,,,
39.489680,4.990000,0.978000,4.450000,,,
39.500790,4.990000,0.978000,4.450000,,,
39.511910,4.990000,0.978000,4.450000,0.062159,2.258872,4.117099
39.523020,4.990000,0.978000,4.450000,0.062159,2.258872,4.117099
39.534130,4.990000,0.978000,4.450000,0.062159,2.258872,4.117099
39.545240,4.990000,0.978000,4.450000,0.066710,2.261053,4.107143
39.556350,4.990000,0.978000,4.450000,0.066710,2.261053,4.107143
39.567470,4.990000,0.978000,4.450000,0.066710,2.261053,4.107143
39.578580,4.990000,0.978000,4.450000,,,
39.589690,4.990000,0.978000,4.450000,,,
39.600800,4.990000,0.978000,4.450000,,,
39.611920,4.990000,0.978000,4.450000,0.186062,2.316843,3.839027
39.623030,4.990000,0.978000,4.450000,0.186062,2.316843,3.839027
39.634140,4.990000,0.978000,4.450000,0.186062,2.316843,3.839027
39.645250,4.990000,0.978000,4.450000,0.298556,2.360069,3.567103
39.656360,4.990000,0.978000,4.450000,0.298556,2.360069,3.567103
39.667480,4.990000,0.978000,4.450000,0.298556,2.360069,3.567103
39.678590,4.990000,0.978000,4.450000,0.298556,2.360069,3.567103
39.689700,4.990000,0.978000,4.450000,,,
39.700810,4.990000,0.978000,4.450000,,,
39.711930,4.990000,0.978000,4.450000,,,
39.723040,4.990000,0.978000,4.450000,0.420791,2.368865,3.238127
39.734150,4.990000,0.978000,4.450000,0.420791,2.368865,3.238127
39.745260,4.990000,0.978000,4.450000,0.420791,2.368865,3.238127
39.756370,4.990000,0.978000,4.450000,0.517647,2.328286,2.959197
39.767490,4.990000,0.978000,4.450000,0.517647,2.328286,2.959197
39.778600,4.990000,0.978000,4.450000,0.517647,2.328286,2.959197
39.789710,4.990000,0.978000,4.450000,,,
39.800820,4.990000,0.978000,4.450000,,,
39.811940,4.990000,0.978000,4.450000,,,
39.823050,4.990000,0.978000,4.450000,0.621193,2.248978,2.683487
39.834160,4.990000,0.978000,4.450000,0.621193,2.248978,2.683487
39.845270,4.990000,0.978000,4.450000,0.621193,2.248978,2.683487
39.856380,4.990000,0.978000,4.450000,0.708437,2.165388,2.454554
39.867500,4.990000,0.978000,4.450000,0.708437,2.165388,2.454554
39.878610,4.990000,0.978000,4.450000,0.708437,2.165388,2.454554
39.889720,4.990000,0.978000,4.450000,,,
39.900830,4.990000,0.978000,4.450000,,,
39.911950,4.990000,0.978000,4.450000,,,
39.923060,4.990000,0.978000,4.450000,0.708437,2.165388,2.454554
39.934170,4.990000,0.978000,4.450000,0.708437,2.165388,2.454554
39.945280,4.990000,0.978000,4.450000,0.708437,2.165388,2.454554
39.956390,4.990000,0.978000,4.450000,0.708437,2.165388,2.454554
39.967510,4.990000,0.978000,4.450000,0.708437,2.165388,2.454554
39.978620,4.990000,0.978000,4.450000,0.708437,2.165388,2.454554
39.989730,4.990000,0.978000,4.450000,,,
40.000840,4.990000,0.978000,4.450000,,,
40.011960,4.990000,0.978000,4.450000,,,
40.023070,4.990000,0.978000,4.450000,,,
40.034180,4.990000,0.978000,4.450000,0.708437,2.165388,2.454554
40.045290,4.990000,0.978000,4.450000,0.708437,2.165388,2.454554
40.056400,4.990000,0.978000,4.450000,0.708437,2.165388,2.454554
40.067520,4.990000,0.978000,4.450000,0.707129,2.196343,2.514917
40.078630,4.990000,0.978000,4.450000,0.707129,2.196343,2.514917
40.089740,4.990000,0.978000,4.450000,0.707129,2.196343,2.514917
40.100850,4.990000,0.978000,4.450000,,,
40.111970,4.990000,0.978000,4.450000,,,
40.123080,4.990000,0.978000,4.450000,,,
40.134190,4.990000,0.978000,4.450000,0.703415,2.331978,2.790555
40.145300,4.990000,0.978000,4.450000,0.703415,2.331978,2.790555
40.156410,4.990000,0.978000,4.450000,0.703415,2.331978,2.790555
40.167530,4.990000,0.978000,4.450000,0.705832,2.420086,3.085333
40.178640,4.990000,0.978000,4.450000,0.705832,2.420086,3.085333
40.189750,4.990000,0.978000,4.450000,0.705832,2.420086,3.085333
40.200860,4.990000,0.978000,4.450000,,,
40.211980,4.990000,0.978000,4.450000,,,
40.223090,4.990000,0.978000,4.450000,,,
40.234200,4.990000,0.978000,4.450000,0.706886,2.399429,3.390365
40.245310,4.990000,0.978000,4.450000,0.706886,2.399429,3.390365
40.256420,4.990000,0.978000,4.450000,0.706886,2.399429,3.390365
40.267540,4.990000,0.978000,4.450000,0.707188,2.338574,3.602273
40.278650,4.990000,0.978000,4.450000,0.707188,2.338574,3.602273
40.289760,4.990000,0.978000,4.450000,0.707188,2.338574,3.602273
40.300870,4.990000,0.978000,4.450000,,,
40.311990,4.990000,0.978000,4.450000,,,
40.323100,4.990000,0.978000,4.450000,,,
40.334210,4.990000,0.978000,4.450000,,,
40.345320,4.990000,0.978000,4.450000,0.707188,2.338574,3.602273
40.356430,4.990000,0.978000,4.450000,0.707188,2.338574,3.602273
40.367550,4.990000,0.978000,4.450000,0.707188,2.338574,3.602273
40.378660,4.990000,0.978000,4.450000,0.707188,2.338574,3.602273
40.389770,4.990000,0.978000,4.450000,0.707188,2.338574,3.602273
40.400880,4.990000,0.978000,4.450000,0.707188,2.338574,3.602273
40.411990,4.990000,0.978000,4.450000,,,
40.423110,4.990000,0.978000,4.450000,,,
40.434220,4.990000,0.978000,4.450000,,,
40.445330,4.990000,0.978000,4.450000,0.707188,2.338574,3.602273
40.456440,4.990000,0.978000,4.450000,0.707188,2.338574,3.602273
40.467560,4.990000,0.978000,4.450000,0.707188,2.338574,3.602273
40.478670,4.990000,0.978000,4.450000,0.677536,2.353709,3.623577
40.489780,4.990000,0.978000,4.450000,0.677536,2.353709,3.623577
40.500890,4.990000,0.978000,4.450000,0.677536,2.353709,3.623577
40.512000,4.990000,0.978000,4.450000,,,
40.523120,4.990000,0.978000,4.450000,,,
40.534230,4.990000,0.978000,4.450000,,,
40.545340,4.990000,0.978000,4.450000,0.447976,2.457779,3.787702
40.556450,4.990000,0.978000,4.450000,0.447976,2.457779,3.787702
40.567570,4.990000,0.978000,4.450000,0.447976,2.457779,3.787702
40.578680,4.990000,0.978000,4.450000,0.203915,2.470366,3.961867
40.589790,4.990000,0.978000,4.450000,0.203915,2.470366,3.961867
40.600900,4.990000,0.978000,4.450000,0.203915,2.470366,3.961867
40.612010,4.990000,0.978000,4.450000,,,
40.623130,4.990000,0.978000,4.450000,,,
40.634240,4.990000,0.978000,4.450000,,,
40.645350,4.990000,0.978000,4.450000,-0.019044,2.348145,4.104326
40.656460,4.990000,0.978000,4.450000,-0.019044,2.348145,4.104326
40.667580,4.990000,0.978000,4.450000,-0.019044,2.348145,4.104326
40.678690,4.990000,0.978000,4.450000,-0.019044,2.348145,4.104326
40.689800,4.990000,0.978000,4.450000,-0.128832,2.260924,4.158693
40.700910,4.990000,0.978000,4.450000,-0.128832,2.260924,4.158693
40.712020,4.990000,0.978000,4.450000,-0.128832,2.260924,4.158693
40.723140,4.990000,0.978000,4.450000,-0.128832,2.260924,4.158693
40.734250,4.990000,0.978000,4.450000,-0.128832,2.260924,4.158693
40.745360,4.990000,0.978000,4.450000,-0.128832,2.260924,4.158693
40.756470,4.990000,0.978000,4.450000,-0.128832,2.260924,4.158693
40.767590,4.990000,0.978000,4.450000,-0.128832,2.260924,4.158693
40.778700,4.990000,0.978000,4.450000,-0.128832,2.260924,4.158693
40.789810,4.990000,0.978000,4.450000,-0.128832,2.260924,4.158693
40.800920,4.990000,0.978000,4.450000,-0.128832,2.260924,4.158693
40.812030,4.990000,0.978000,4.450000,-0.128832,2.260924,4.158693
40.823150,4.990000,0.978000,4.450000,-0.128832,2.260924,4.158693
40.834260,4.990000,0.978000,4.450000,-0.128832,2.260924,4.158693
40.845370,4.990000,0.978000,4.450000,-0.128832,2.260924,4.158693
40.856480,4.990000,0.978000,4.450000,,,
40.867600,4.990000,0.978000,4.450000,,,
40.878710,4.990000,0.978000,4.450000,,,
40.889820,4.990000,0.978000,4.450000,-0.077853,2.296854,4.051105
40.900930,4.990000,0.978000,4.450000,-0.077853,2.296854,4.051105
40.912040,4.990000,0.978000,4.450000,-0.077853,2.296854,4.051105
40.923160,4.990000,0.978000,4.450000,-0.077853,2.296854,4.051105
40.934270,4.990000,0.978000,4.450000,0.049965,2.382725,3.781248
40.945380,4.990000,0.978000,4.450000,0.049965,2.382725,3.781248
40.956490,4.990000,0.978000,4.450000,0.049965,2.382725,3.781248
40.967610,4.990000,0.978000,4.450000,,,
40.978720,4.990000,0.978000,4.450000,,,
40.989830,4.990000,0.978000,4.450000,,,
41.000940,4.990000,0.978000,4.450000,0.179367,2.453615,3.508048
41.012050,4.990000,0.978000,4.450000,0.179367,2.453615,3.508048
41.023170,4.990000,0.978000,4.450000,0.179367,2.453615,3.508048
41.034280,4.990000,0.978000,4.450000,0.307771,2.491257,3.237310
41.045390,4.990000,0.978000,4.450000,0.307771,2.491257,3.237310
41.056500,4.990000,0.978000,4.450000,0.307771,2.491257,3.237310
41.067620,4.990000,0.978000,4.450000,,,
41.078730,4.990000,0.978000,4.450000,,,
41.089840,4.990000,0.978000,4.450000,,,
41.100950,4.990000,0.978000,4.450000,0.436951,2.487845,2.964867
41.112060,4.990000,0.978000,4.450000,0.436951,2.487845,2.964867
41.123180,4.990000,0.978000,4.450000,0.436951,2.487845,2.964867
41.134290,4.990000,0.978000,4.450000,0.565146,2.445650,2.694411
41.145400,4.990000,0.978000,4.450000,0.565146,2.445650,2.694411
41.156510,4.990000,0.978000,4.450000,0.565146,2.445650,2.694411
41.167630,4.990000,0.978000,4.450000,,,
41.178740,4.990000,0.978000,4.450000,,,
41.189850,4.990000,0.978000,4.450000,,,
41.200960,4.990000,0.978000,4.450000,0.695509,2.373503,2.419364
41.212070,4.990000,0.978000,4.450000,0.695509,2.373503,2.419364
41.223190,4.990000,0.978000,4.450000,0.695509,2.373503,2.419364
41.234300,4.990000,0.978000,4.450000,0.695509,2.373503,2.419364
41.245410,4.990000,0.978000,4.450000,0.695509,2.373503,2.419364
41.256520,4.990000,0.978000,4.450000,0.695509,2.373503,2.419364
41.267640,4.990000,0.978000,4.450000,0.695509,2.373503,2.419364
41.278750,4.990000,0.978000,4.450000,,,
41.289860,4.990000,0.978000,4.450000,,,
41.300970,4.990000,0.978000,4.450000,,,
41.312080,4.990000,0.978000,4.450000,0.695509,2.373503,2.419364
41.323200,4.990000,0.978000,4.450000,0.695509,2.373503,2.419364
41.334310,4.990000,0.978000,4.450000,0.695509,2.373503,2.419364
41.345420,4.990000,0.978000,4.450000,0.695509,2.373503,2.419364
41.356530,4.990000,0.978000,4.450000,0.695509,2.373503,2.419364
41.367650,4.990000,0.978000,4.450000,0.695509,2.373503,2.419364
41.378760,4.990000,0.978000,4.450000,,,
41.389870,4.990000,0.978000,4.450000,,,
41.400980,4.990000,0.978000,4.450000,,,
41.412090,4.990000,0.978000,4.450000,0.682765,2.379705,2.438177
41.423210,4.990000,0.978000,4.450000,0.682765,2.379705,2.438177
41.434320,4.990000,0.978000,4.450000,0.682765,2.379705,2.438177
41.445430,4.990000,0.978000,4.450000,0.510184,2.449195,2.684129
41.456540,4.990000,0.978000,4.450000,0.510184,2.449195,2.684129
41.467660,4.990000,0.978000,4.450000,0.510184,2.449195,2.684129
41.478770,4.990000,0.978000,4.450000,,,
41.489880,4.990000,0.978000,4.450000,,,
41.500990,4.990000,0.978000,4.450000,,,
41.512100,4.990000,0.978000,4.450000,0.320199,2.436032,2.918377
41.523220,4.990000,0.978000,4.450000,0.320199,2.436032,2.918377
41.534330,4.990000,0.978000,4.450000,0.320199,2.436032,2.918377
41.545340,4.990000,0.978000,4.450000,,,
41.556550,4.990000,0.978000,4.450000,0.133609,2.307942,3.116385
41.567670,4.990000,0.978000,4.450000,0.133609,2.307942,3.116385
41.578780,4.990000,0.978000,4.450000,0.133609,2.307942,3.116385
41.589890,4.990000,0.978000,4.450000,,,
41.601000,4.990000,0.978000,4.450000,,,
41.612110,4.990000,0.978000,4.450000,,,
41.623230,4.990000,0.978000,4.450000,-0.026664,2.157102,3.265956
41.634340,4.990000,0.978000,4.450000,-0.026664,2.157102,3.265956
41.645450,4.990000,0.978000,4.450000,-0.026664,2.157102,3.265956
41.656560,4.990000,0.978000,4.450000,-0.026664,2.157102,3.265956
41.667680,4.990000,0.978000,4.450000,-0.026664,2.157102,3.265956
41.678790,4.990000,0.978000,4.450000,-0.026664,2.157102,3.265956
41.689900,4.990000,0.978000,4.450000,-0.026664,2.157102,3.265956
41.701010,4.990000,0.978000,4.450000,-0.026664,2.157102,3.265956
41.712120,4.990000,0.978000,4.450000,-0.026664,2.157102,3.265956
41.723240,4.990000,0.978000,4.450000,-0.026664,2.157102,3.265956
41.734350,4.990000,0.978000,4.450000,-0.026664,2.157102,3.265956
41.745460,4.990000,0.978000,4.450000,-0.026664,2.157102,3.265956
41.756570,4.990000,0.978000,4.450000,-0.026664,2.157102,3.265956
41.767680,4.990000,0.978000,4.450000,-0.026664,2.157102,3.265956
41.778800,4.990000,0.978000,4.450000,-0.026664,2.157102,3.265956
41.789910,4.990000,0.978000,4.450000,-0.025546,2.166892,3.286007
41.801020,4.990000,0.978000,4.450000,-0.025546,2.166892,3.286007
41.812130,4.990000,0.978000,4.450000,-0.025546,2.166892,3.286007
41.823250,4.990000,0.978000,4.450000,-0.025546,2.166892,3.286007
41.834360,4.990000,0.978000,4.450000,,,
41.845470,4.990000,0.978000,4.450000,,,
41.856580,4.990000,0.978000,4.450000,,,
41.867690,4.990000,0.978000,4.450000,-0.010137,2.288248,3.562180
41.878810,4.990000,0.978000,4.450000,-0.010137,2.288248,3.562180
41.889920,4.990000,0.978000,4.450000,-0.010137,2.288248,3.562180
41.901030,4.990000,0.978000,4.450000,0.005990,2.278870,3.841831
41.912140,4.990000,0.978000,4.450000,0.005990,2.278870,3.841831
41.923260,4.990000,0.978000,4.450000,0.005990,2.278870,3.841831
41.934370,4.990000,0.978000,4.450000,,,
41.945480,4.990000,0.978000,4.450000,,,
41.956590,4.990000,0.978000,4.450000,,,
41.967700,4.990000,0.978000,4.450000,0.017388,2.168499,4.040752
41.978820,4.990000,0.978000,4.450000,0.017388,2.168499,4.040752
41.989930,4.990000,0.978000,4.450000,0.017388,2.168499,4.040752
42.001040,4.990000,0.978000,4.450000,0.019941,2.139080,4.085515
42.012150,4.990000,0.978000,4.450000,0.019941,2.139080,4.085515
42.023270,4.990000,0.978000,4.450000,0.019941,2.139080,4.085515
42.034380,4.990000,0.978000,4.450000,,,
42.045490,4.990000,0.978000,4.450000,,,
42.056600,4.990000,0.978000,4.450000,,,
42.067710,4.990000,0.978000,4.450000,0.019941,2.139080,4.085515
42.078830,4.990000,0.978000,4.450000,0.019941,2.139080,4.085515
42.089940,4.990000,0.978000,4.450000,0.019941,2.139080,4.085515
42.101050,4.990000,0.978000,4.450000,0.019941,2.139080,4.085515
42.112160,4.990000,0.978000,4.450000,0.019941,2.139080,4.085515
42.123280,4.990000,0.978000,4.450000,0.019941,2.139080,4.085515
42.134390,4.990000,0.978000,4.450000,,,
42.145500,4.990000,0.978000,4.450000,,,
42.156610,4.990000,0.978000,4.450000,,,
42.167720,4.990000,0.978000,4.450000,0.019941,2.139080,4.085515
42.178840,4.990000,0.978000,4.450000,0.019941,2.139080,4.085515
42.189950,4.990000,0.978000,4.450000,0.019941,2.139080,4.085515
42.201060,4.990000,0.978000,4.450000,0.075946,2.203966,3.874245
42.212170,4.990000,0.978000,4.450000,0.075946,2.203966,3.874245
42.223290,4.990000,0.978000,4.450000,0.075946,2.203966,3.874245
42.234400,4.990000,0.978000,4.450000,0.075946,2.203966,3.874245
42.245510,4.990000,0.978000,4.450000,,,
42.256620,4.990000,0.978000,4.450000,,,
42.267730,4.990000,0.978000,4.450000,,,
42.278850,4.990000,0.978000,4.450000,0.150171,2.279384,3.584932
42.289960,4.990000,0.978000,4.450000,0.150171,2.279384,3.584932
42.301070,4.990000,0.978000,4.450000,0.150171,2.279384,3.584932
42.312180,4.990000,0.978000,4.450000,0.224279,2.308393,3.288475
42.323300,4.990000,0.978000,4.450000,0.224279,2.308393,3.288475
42.334410,4.990000,0.978000,4.450000,0.224279,2.308393,3.288475
42.345520,4.990000,0.978000,4.450000,,,
42.356630,4.990000,0.978000,4.450000,,,
42.367740,4.990000,0.978000,4.450000,,,
42.378860,4.990000,0.978000,4.450000,0.302133,2.263170,2.993441
42.389970,4.990000,0.978000,4.450000,0.302133,2.263170,2.993441
42.401080,4.990000,0.978000,4.450000,0.302133,2.263170,2.993441
42.412190,4.990000,0.978000,4.450000,0.389922,2.158412,2.721143
42.423310,4.990000,0.978000,4.450000,0.389922,2.158412,2.721143
42.434420,4.990000,0.978000,4.450000,0.389922,2.158412,2.721143
42.445530,4.990000,0.978000,4.450000,,,
42.456640,4.990000,0.978000,4.450000,,,
42.467750,4.990000,0.978000,4.450000,,,
42.478870,4.990000,0.978000,4.450000,,,
42.489980,4.990000,0.978000,4.450000,0.428435,2.108014,2.621718
42.501090,4.990000,0.978000,4.450000,0.428435,2.108014,2.621718
42.512200,4.990000,0.978000,4.450000,0.428435,2.108014,2.621718
42.523320,4.990000,0.978000,4.450000,0.428435,2.108014,2.621718
42.534430,4.990000,0.978000,4.450000,0.428435,2.108014,2.621718
42.545540,4.990000,0.978000,4.450000,0.428435,2.108014,2.621718
42.556650,4.990000,0.978000,4.450000,,,
42.567760,4.990000,0.978000,4.450000,,,
42.578880,4.990000,0.978000,4.450000,,,
42.589990,4.990000,0.978000,4.450000,0.428435,2.108014,2.621718
42.601100,4.990000,0.978000,4.450000,0.428435,2.108014,2.621718
42.612210,4.990000,0.978000,4.450000,0.428435,2.108014,2.621718
42.623330,4.990000,0.978000,4.450000,0.428435,2.108014,2.621718
42.634440,4.990000,0.978000,4.450000,0.428435,2.108014,2.621718
42.645550,4.990000,0.978000,4.450000,0.428435,2.108014,2.621718
42.656660,4.990000,0.978000,4.450000,,,
42.667770,4.990000,0.978000,4.450000,,,
42.678890,4.990000,0.978000,4.450000,,,
42.690000,4.990000,0.978000,4.450000,0.301898,2.202210,2.731888
42.701110,4.990000,0.978000,4.450000,0.301898,2.202210,2.731888
42.712220,4.990000,0.978000,4.450000,0.301898,2.202210,2.731888
42.723340,4.990000,0.978000,4.450000,0.080522,2.315611,2.904257
42.734450,4.990000,0.978000,4.450000,0.080522,2.315611,2.904257
42.745560,4.990000,0.978000,4.450000,0.080522,2.315611,2.904257
42.756670,4.990000,0.978000,4.450000,,,
42.767780,4.990000,0.978000,4.450000,,,
42.778900,4.990000,0.978000,4.450000,,,
42.790010,4.990000,0.978000,4.450000,-0.150455,2.286542,3.062761
42.801120,4.990000,0.978000,4.450000,-0.150455,2.286542,3.062761
42.812230,4.990000,0.978000,4.450000,-0.150455,2.286542,3.062761
42.823350,4.990000,0.978000,4.450000,-0.319854,2.216840,3.142879
42.834460,4.990000,0.978000,4.450000,-0.319854,2.216840,3.142879
42.845570,4.990000,0.978000,4.450000,-0.319854,2.216840,3.142879
42.856680,4.990000,0.978000,4.450000,-0.319854,2.216840,3.142879
42.867790,4.990000,0.978000,4.450000,,,
42.878910,4.990000,0.978000,4.450000,,,
42.890020,4.990000,0.978000,4.450000,,,
42.901130,4.990000,0.978000,4.450000,-0.319854,2.216840,3.142879
42.912240,4.990000,0.978000,4.450000,-0.319854,2.216840,3.142879
42.923360,4.990000,0.978000,4.450000,-0.319854,2.216840,3.142879
42.934470,4.990000,0.978000,4.450000,-0.319854,2.216840,3.142879
42.945580,4.990000,0.978000,4.450000,-0.319854,2.216840,3.142879
42.956690,4.990000,0.978000,4.450000,-0.319854,2.216840,3.142879
42.967800,4.990000,0.978000,4.450000,,,
42.978920,4.990000,0.978000,4.450000,,,
42.990030,4.990000,0.978000,4.450000,,,
43.001140,4.990000,0.978000,4.450000,-0.319854,2.216840,3.142879
43.012250,4.990000,0.978000,4.450000,-0.319854,2.216840,3.142879
43.023370,4.990000,0.978000,4.450000,-0.319854,2.216840,3.142879
43.034480,4.990000,0.978000,4.450000,-0.305381,2.244450,3.184404
43.045590,4.990000,0.978000,4.450000,-0.305381,2.244450,3.184404
43.056700,4.990000,0.978000,4.450000,-0.305381,2.244450,3.184404
43.067810,4.990000,0.978000,4.450000,-0.217833,2.396520,3.432643
43.078930,4.990000,0.978000,4.450000,-0.217833,2.396520,3.432643
43.090040,4.990000,0.978000,4.450000,-0.217833,2.396520,3.432643
43.101150,4.990000,0.978000,4.450000,-0.217833,2.396520,3.432643
43.112260,4.990000,0.978000,4.450000,-0.217833,2.396520,3.432643
43.123370,4.990000,0.978000,4.450000,-0.217833,2.396520,3.432643
43.134490,4.990000,0.978000,4.450000,-0.101913,2.457425,3.710302
43.145600,4.990000,0.978000,4.450000,-0.101913,2.457425,3.710302
43.156710,4.990000,0.978000,4.450000,-0.101913,2.457425,3.710302
43.167820,4.990000,0.978000,4.450000,-0.101913,2.457425,3.710302
43.178940,4.990000,0.978000,4.450000,0.020722,2.387516,3.942125
43.190050,4.990000,0.978000,4.450000,0.020722,2.387516,3.942125
43.201160,4.990000,0.978000,4.450000,0.020722,2.387516,3.942125
43.212270,4.990000,0.978000,4.450000,0.020722,2.387516,3.942125
43.223380,4.990000,0.978000,4.450000,0.020722,2.387516,3.942125
43.234500,4.990000,0.978000,4.450000,0.020722,2.387516,3.942125
43.245610,4.990000,0.978000,4.450000,0.066121,2.352177,4.016657
43.256720,4.990000,0.978000,4.450000,0.066121,2.352177,4.016657
43.267830,4.990000,0.978000,4.450000,0.066121,2.352177,4.016657
43.278950,4.990000,0.978000,4.450000,0.066121,2.352177,4.016657
43.290060,4.990000,0.978000,4.450000,0.066121,2.352177,4.016657
43.301170,4.990000,0.978000,4.450000,0.066121,2.352177,4.016657
43.312280,4.990000,0.978000,4.450000,0.066121,2.352177,4.016657
43.323390,4.990000,0.978000,4.450000,0.066121,2.352177,4.016657
43.334510,4.990000,0.978000,4.450000,0.066121,2.352177,4.016657
43.345620,4.990000,0.978000,4.450000,0.066121,2.352177,4.016657
43.356730,4.990000,0.978000,4.450000,0.066121,2.352177,4.016657
43.367840,4.990000,0.978000,4.450000,0.066121,2.352177,4.016657
43.378960,4.990000,0.978000,4.450000,0.066121,2.352177,4.016657
43.390070,4.990000,0.978000,4.450000,0.066121,2.352177,4.016657
43.401180,4.990000,0.978000,4.450000,0.066121,2.352177,4.016657
43.412290,4.990000,0.978000,4.450000,0.066121,2.352177,4.016657
43.423400,4.990000,0.978000,4.450000,0.066121,2.352177,4.016657
43.434520,4.990000,0.978000,4.450000,0.066121,2.352177,4.016657
43.445630,4.990000,0.978000,4.450000,0.098817,2.422781,3.846104
43.456740,4.990000,0.978000,4.450000,0.098817,2.422781,3.846104
43.467850,4.990000,0.978000,4.450000,0.098817,2.422781,3.846104
43.478970,4.990000,0.978000,4.450000,0.141187,2.465440,3.594637
43.490080,4.990000,0.978000,4.450000,0.141187,2.465440,3.594637
43.501190,4.990000,0.978000,4.450000,0.141187,2.465440,3.594637
43.512300,4.990000,0.978000,4.450000,0.141187,2.465440,3.594637
43.523410,4.990000,0.978000,4.450000,,,
43.534530,4.990000,0.978000,4.450000,,,
43.545640,4.990000,0.978000,4.450000,,,
43.556750,4.990000,0.978000,4.450000,0.168048,2.346148,3.391834
43.567860,4.990000,0.978000,4.450000,0.168048,2.346148,3.391834
43.578980,4.990000,0.978000,4.450000,0.168048,2.346148,3.391834
43.590090,4.990000,0.978000,4.450000,0.175690,2.278363,3.327767
43.601200,4.990000,0.978000,4.450000,0.175690,2.278363,3.327767
43.612310,4.990000,0.978000,4.450000,0.175690,2.278363,3.327767
43.623420,4.990000,0.978000,4.450000,,,
43.634540,4.990000,0.978000,4.450000,,,
43.645650,4.990000,0.978000,4.450000,,,
43.656760,4.990000,0.978000,4.450000,0.175690,2.278363,3.327767
43.667870,4.990000,0.978000,4.450000,0.175690,2.278363,3.327767
43.678990,4.990000,0.978000,4.450000,0.175690,2.278363,3.327767
43.690100,4.990000,0.978000,4.450000,0.175690,2.278363,3.327767
43.701210,4.990000,0.978000,4.450000,0.175690,2.278363,3.327767
43.712320,4.990000,0.978000,4.450000,0.175690,2.278363,3.327767
43.723430,4.990000,0.978000,4.450000,,,
43.734550,4.990000,0.978000,4.450000,,,
43.745660,4.990000,0.978000,4.450000,,,
43.756770,4.990000,0.978000,4.450000,0.175690,2.278363,3.327767
43.767880,4.990000,0.978000,4.450000,0.175690,2.278363,3.327767
43.779000,4.990000,0.978000,4.450000,0.175690,2.278363,3.327767
43.790110,4.990000,0.978000,4.450000,0.175690,2.278363,3.327767
43.801220,4.990000,0.978000,4.450000,0.051708,2.337662,3.271787
43.812330,4.990000,0.978000,4.450000,0.051708,2.337662,3.271787
43.823440,4.990000,0.978000,4.450000,0.051708,2.337662,3.271787
43.834560,4.990000,0.978000,4.450000,,,
43.845670,4.990000,0.978000,4.450000,,,
43.856780,4.990000,0.978000,4.450000,,,
43.867890,4.990000,0.978000,4.450000,-0.207982,2.444985,3.154534
43.879010,4.990000,0.978000,4.450000,-0.207982,2.444985,3.154534
43.890120,4.990000,0.978000,4.450000,-0.207982,2.444985,3.154534
43.901230,4.990000,0.978000,4.450000,-0.488308,2.481632,3.027963
43.912340,4.990000,0.978000,4.450000,-0.488308,2.481632,3.027963
43.923450,4.990000,0.978000,4.450000,-0.488308,2.481632,3.027963
43.934570,4.990000,0.978000,4.450000,,,
43.945680,4.990000,0.978000,4.450000,,,
43.956790,4.990000,0.978000,4.450000,,,
43.967900,4.990000,0.978000,4.450000,-0.762488,2.409407,2.904802
43.979020,4.990000,0.978000,4.450000,-0.762488,2.409407,2.904802
43.990130,4.990000,0.978000,4.450000,-0.762488,2.409407,2.904802
44.001240,4.990000,0.978000,4.450000,-0.935595,2.324723,2.827011
44.012350,4.990000,0.978000,4.450000,-0.935595,2.324723,2.827011
44.023460,4.990000,0.978000,4.450000,-0.935595,2.324723,2.827011
44.034580,4.990000,0.978000,4.450000,,,
44.045690,4.990000,0.978000,4.450000,,,
44.056800,4.990000,0.978000,4.450000,,,
44.067910,4.990000,0.978000,4.450000,-0.935595,2.324723,2.827011
44.079030,4.990000,0.978000,4.450000,-0.935595,2.324723,2.827011
44.090140,4.990000,0.978000,4.450000,-0.935595,2.324723,2.827011
44.101250,4.990000,0.978000,4.450000,-0.935595,2.324723,2.827011
44.112360,4.990000,0.978000,4.450000,-0.935595,2.324723,2.827011
44.123470,4.990000,0.978000,4.450000,-0.935595,2.324723,2.827011
44.134590,4.990000,0.978000,4.450000,,,
44.145700,4.990000,0.978000,4.450000,,,
44.156810,4.990000,0.978000,4.450000,,,
44.167920,4.990000,0.978000,4.450000,-0.935595,2.324723,2.827011
44.179040,4.990000,0.978000,4.450000,-0.935595,2.324723,2.827011
44.190150,4.990000,0.978000,4.450000,-0.935595,2.324723,2.827011
44.201260,4.990000,0.978000,4.450000,-0.935595,2.324723,2.827011
44.212370,4.990000,0.978000,4.450000,-0.874822,2.338786,2.878666
44.223480,4.990000,0.978000,4.450000,-0.874822,2.338786,2.878666
44.234600,4.990000,0.978000,4.450000,-0.874822,2.338786,2.878666
44.245710,4.990000,0.978000,4.450000,,,
44.256820,4.990000,0.978000,4.450000,,,
44.267930,4.990000,0.978000,4.450000,,,
44.279050,4.990000,0.978000,4.450000,-0.644194,2.387108,3.072909
44.290160,4.990000,0.978000,4.450000,-0.644194,2.387108,3.072909
44.301270,4.990000,0.978000,4.450000,-0.644194,2.387108,3.072909
44.312380,4.990000,0.978000,4.450000,-0.409824,2.421094,3.264356
44.323490,4.990000,0.978000,4.450000,-0.409824,2.421094,3.264356
44.334610,4.990000,0.978000,4.450000,-0.409824,2.421094,3.264356
44.345720,4.990000,0.978000,4.450000,,,
44.356830,4.990000,0.978000,4.450000,,,
44.367940,4.990000,0.978000,4.450000,,,
44.379060,4.990000,0.978000,4.450000,-0.167293,2.426541,3.457487
44.390170,4.990000,0.978000,4.450000,-0.167293,2.426541,3.457487
44.401280,4.990000,0.978000,4.450000,-0.167293,2.426541,3.457487
44.412390,4.990000,0.978000,4.450000,0.072741,2.392814,3.650971
44.423500,4.990000,0.978000,4.450000,0.072741,2.392814,3.650971
44.434620,4.990000,0.978000,4.450000,0.072741,2.392814,3.650971
44.445730,4.990000,0.978000,4.450000,0.072741,2.392814,3.650971
44.456840,4.990000,0.978000,4.450000,,,
44.467950,4.990000,0.978000,4.450000,,,
44.479060,4.990000,0.978000,4.450000,,,
44.490180,4.990000,0.978000,4.450000,0.307599,2.321190,3.841109
44.501290,4.990000,0.978000,4.450000,0.307599,2.321190,3.841109
44.512400,4.990000,0.978000,4.450000,0.307599,2.321190,3.841109
44.523510,4.990000,0.978000,4.450000,0.531742,2.223906,4.022781
44.534630,4.990000,0.978000,4.450000,0.531742,2.223906,4.022781
44.545740,4.990000,0.978000,4.450000,0.531742,2.223906,4.022781
44.556850,4.990000,0.978000,4.450000,,,
44.567960,4.990000,0.978000,4.450000,,,
44.579070,4.990000,0.978000,4.450000,,,
44.590190,4.990000,0.978000,4.450000,0.648484,2.165853,4.117421
44.601300,4.990000,0.978000,4.450000,0.648484,2.165853,4.117421
44.612410,4.990000,0.978000,4.450000,0.648484,2.165853,4.117421
44.623520,4.990000,0.978000,4.450000,0.648484,2.165853,4.117421
44.634640,4.990000,0.978000,4.450000,0.648484,2.165853,4.117421
44.645750,4.990000,0.978000,4.450000,0.648484,2.165853,4.117421
44.656860,4.990000,0.978000,4.450000,0.648484,2.165853,4.117421
44.667970,4.990000,0.978000,4.450000,0.648484,2.165853,4.117421
44.679080,4.990000,0.978000,4.450000,0.648484,2.165853,4.117421
44.690200,4.990000,0.978000,4.450000,0.648484,2.165853,4.117421
44.701310,4.990000,0.978000,4.450000,0.648484,2.165853,4.117421
44.712420,4.990000,0.978000,4.450000,0.648484,2.165853,4.117421
44.723530,4.990000,0.978000,4.450000,0.648484,2.165853,4.117421
44.734650,4.990000,0.978000,4.450000,0.648484,2.165853,4.117421
44.745760,4.990000,0.978000,4.450000,0.648484,2.165853,4.117421
44.756870,4.990000,0.978000,4.450000,0.648484,2.165853,4.117421
44.767980,4.990000,0.978000,4.450000,0.561728,2.254595,4.006322
44.779090,4.990000,0.978000,4.450000,0.561728,2.254595,4.006322
44.790210,4.990000,0.978000,4.450000,0.561728,2.254595,4.006322
44.801320,4.990000,0.978000,4.450000,,,
44.812430,4.990000,0.978000,4.450000,,,
44.823540,4.990000,0.978000,4.450000,,,
44.834660,4.990000,0.978000,4.450000,0.396594,2.375853,3.787629
44.845770,4.990000,0.978000,4.450000,0.396594,2.375853,3.787629
44.856880,4.990000,0.978000,4.450000,0.396594,2.375853,3.787629
44.867990,4.990000,0.978000,4.450000,0.231649,2.331648,3.566222
44.879100,4.990000,0.978000,4.450000,0.231649,2.331648,3.566222
44.890220,4.990000,0.978000,4.450000,0.231649,2.331648,3.566222
44.901330,4.990000,0.978000,4.450000,,,
44.912440,4.990000,0.978000,4.450000,,,
44.923550,4.990000,0.978000,4.450000,,,
44.934670,4.990000,0.978000,4.450000,0.129028,2.231480,3.429742
44.945780,4.990000,0.978000,4.450000,0.129028,2.231480,3.429742
44.956890,4.990000,0.978000,4.450000,0.129028,2.231480,3.429742
44.968000,4.990000,0.978000,4.450000,0.129028,2.231480,3.429742
44.979110,4.990000,0.978000,4.450000,0.129028,2.231480,3.429742
44.990230,4.990000,0.978000,4.450000,0.129028,2.231480,3.429742
45.001340,4.990000,0.978000,4.450000,0.129028,2.231480,3.429742
45.012450,4.990000,0.978000,4.450000,0.129028,2.231480,3.429742
45.023560,4.990000,0.978000,4.450000,0.129028,2.231480,3.429742
45.034680,4.990000,0.978000,4.450000,0.129028,2.231480,3.429742
45.045790,4.990000,0.978000,4.450000,0.129028,2.231480,3.429742
45.056900,4.990000,0.978000,4.450000,0.129028,2.231480,3.429742
45.068010,4.990000,0.978000,4.450000,0.129028,2.231480,3.429742
45.079120,4.990000,0.978000,4.450000,0.129028,2.231480,3.429742
45.090240,4.990000,0.978000,4.450000,0.129028,2.231480,3.429742
45.101350,4.990000,0.978000,4.450000,0.129028,2.231480,3.429742
45.112460,4.990000,0.978000,4.450000,,,
45.123570,4.990000,0.978000,4.450000,,,
45.134690,4.990000,0.978000,4.450000,,,
45.145800,4.990000,0.978000,4.450000,0.074436,2.250425,3.428154
45.156910,4.990000,0.978000,4.450000,0.074436,2.250425,3.428154
45.168020,4.990000,0.978000,4.450000,0.074436,2.250425,3.428154
45.179130,4.990000,0.978000,4.450000,-0.224509,2.334680,3.419528
45.190250,4.990000,0.978000,4.450000,-0.224509,2.334680,3.419528
45.201360,4.990000,0.978000,4.450000,-0.224509,2.334680,3.419528
45.212470,4.990000,0.978000,4.450000,,,
45.223580,4.990000,0.978000,4.450000,,,
45.234700,4.990000,0.978000,4.450000,,,
45.245810,4.990000,0.978000,4.450000,-0.511065,2.292051,3.411261
45.256920,4.990000,0.978000,4.450000,-0.511065,2.292051,3.411261
45.268030,4.990000,0.978000,4.450000,-0.511065,2.292051,3.411261
45.279140,4.990000,0.978000,4.450000,-0.511065,2.292051,3.411261
45.290260,4.990000,0.978000,4.450000,-0.733545,2.157642,3.399642
45.301370,4.990000,0.978000,4.450000,-0.733545,2.157642,3.399642
45.312480,4.990000,0.978000,4.450000,-0.733545,2.157642,3.399642
45.323590,4.990000,0.978000,4.450000,,,
45.334710,4.990000,0.978000,4.450000,,,
45.345820,4.990000,0.978000,4.450000,,,
45.356930,4.990000,0.978000,4.450000,-0.805506,2.104909,3.395811
45.368040,4.990000,0.978000,4.450000,-0.805506,2.104909,3.395811
45.379150,4.990000,0.978000,4.450000,-0.805506,2.104909,3.395811
45.390270,4.990000,0.978000,4.450000,-0.805506,2.104909,3.395811
45.401380,4.990000,0.978000,4.450000,-0.805506,2.104909,3.395811
45.412490,4.990000,0.978000,4.450000,-0.805506,2.104909,3.395811
45.423600,4.990000,0.978000,4.450000,,,
45.434720,4.990000,0.978000,4.450000,,,
45.445830,4.990000,0.978000,4.450000,,,
45.456940,4.990000,0.978000,4.450000,-0.805506,2.104909,3.395811
45.468050,4.990000,0.978000,4.450000,-0.805506,2.104909,3.395811
45.479160,4.990000,0.978000,4.450000,-0.805506,2.104909,3.395811
45.490280,4.990000,0.978000,4.450000,-0.805506,2.104909,3.395811
45.501390,4.990000,0.978000,4.450000,-0.805506,2.104909,3.395811
45.512500,4.990000,0.978000,4.450000,-0.805506,2.104909,3.395811
45.523610,4.990000,0.978000,4.450000,,,
45.534730,4.990000,0.978000,4.450000,,,
45.545840,4.990000,0.978000,4.450000,,,
45.556950,4.990000,0.978000,4.450000,-0.636722,2.183512,3.502111
45.568060,4.990000,0.978000,4.450000,-0.636722,2.183512,3.502111
45.579170,4.990000,0.978000,4.450000,-0.636722,2.183512,3.502111
45.590290,4.990000,0.978000,4.450000,-0.636722,2.183512,3.502111
45.601400,4.990000,0.978000,4.450000,-0.398339,2.290478,3.663076
45.612510,4.990000,0.978000,4.450000,-0.398339,2.290478,3.663076
45.623620,4.990000,0.978000,4.450000,-0.398339,2.290478,3.663076
45.634740,4.990000,0.978000,4.450000,,,
45.645850,4.990000,0.978000,4.450000,,,
45.656960,4.990000,0.978000,4.450000,,,
45.668070,4.990000,0.978000,4.450000,-0.156290,2.360825,3.844095
45.679180,4.990000,0.978000,4.450000,-0.156290,2.360825,3.844095
45.690300,4.990000,0.978000,4.450000,-0.156290,2.360825,3.844095
45.701410,4.990000,0.978000,4.450000,0.077989,2.355187,4.041251
45.712520,4.990000,0.978000,4.450000,0.077989,2.355187,4.041251
45.723630,4.990000,0.978000,4.450000,0.077989,2.355187,4.041251
45.734750,4.990000,0.978000,4.450000,,,
45.745860,4.990000,0.978000,4.450000,,,
45.756970,4.990000,0.978000,4.450000,,,
45.768080,4.990000,0.978000,4.450000,0.260245,2.299169,4.210407
45.779190,4.990000,0.978000,4.450000,0.260245,2.299169,4.210407
45.790310,4.990000,0.978000,4.450000,0.260245,2.299169,4.210407
45.801420,4.990000,0.978000,4.450000,0.285998,2.288970,4.235300
45.812530,4.990000,0.978000,4.450000,0.285998,2.288970,4.235300
45.823640,4.990000,0.978000,4.450000,0.285998,2.288970,4.235300
45.834750,4.990000,0.978000,4.450000,,,
45.845870,4.990000,0.978000,4.450000,,,
45.856980,4.990000,0.978000,4.450000,,,
45.868090,4.990000,0.978000,4.450000,0.285998,2.288970,4.235300
45.879200,4.990000,0.978000,4.450000,0.285998,2.288970,4.235300
45.890320,4.990000,0.978000,4.450000,0.285998,2.288970,4.235300
45.901430,4.990000,0.978000,4.450000,0.285998,2.288970,4.235300
45.912540,4.990000,0.978000,4.450000,0.285998,2.288970,4.235300
45.923650,4.990000,0.978000,4.450000,0.285998,2.288970,4.235300
45.934760,4.990000,0.978000,4.450000,0.285998,2.288970,4.235300
45.945880,4.990000,0.978000,4.450000,,,
45.956990,4.990000,0.978000,4.450000,,,
45.968100,4.990000,0.978000,4.450000,,,
45.979210,4.990000,0.978000,4.450000,0.285998,2.288970,4.235300
45.990330,4.990000,0.978000,4.450000,0.285998,2.288970,4.235300
46.001440,4.990000,0.978000,4.450000,0.285998,2.288970,4.235300
46.012550,4.990000,0.978000,4.450000,0.212597,2.364740,3.990599
46.023660,4.990000,0.978000,4.450000,0.212597,2.364740,3.990599
46.034770,4.990000,0.978000,4.450000,0.212597,2.364740,3.990599
46.045890,4.990000,0.978000,4.450000,0.135539,2.357928,3.733704
46.057000,4.990000,0.978000,4.450000,0.135539,2.357928,3.733704
46.068110,4.990000,0.978000,4.450000,0.135539,2.357928,3.733704
46.079220,4.990000,0.978000,4.450000,0.135539,2.357928,3.733704
46.090340,4.990000,0.978000,4.450000,0.135539,2.357928,3.733704
46.101450,4.990000,0.978000,4.450000,0.135539,2.357928,3.733704
46.112560,4.990000,0.978000,4.450000,0.068362,2.223140,3.507330
46.123670,4.990000,0.978000,4.450000,0.068362,2.223140,3.507330
46.134780,4.990000,0.978000,4.450000,0.068362,2.223140,3.507330
46.145900,4.990000,0.978000,4.450000,0.039158,2.144285,3.409587
46.157010,4.990000,0.978000,4.450000,0.039158,2.144285,3.409587
46.168120,4.990000,0.978000,4.450000,0.039158,2.144285,3.409587
46.179230,4.990000,0.978000,4.450000,0.039158,2.144285,3.409587
46.190350,4.990000,0.978000,4.450000,0.039158,2.144285,3.409587
46.201460,4.990000,0.978000,4.450000,0.039158,2.144285,3.409587
46.212570,4.990000,0.978000,4.450000,0.039158,2.144285,3.409587
46.223680,4.990000,0.978000,4.450000,0.039158,2.144285,3.409587
46.234790,4.990000,0.978000,4.450000,0.039158,2.144285,3.409587
46.245910,4.990000,0.978000,4.450000,0.039158,2.144285,3.409587
46.257020,4.990000,0.978000,4.450000,0.039158,2.144285,3.409587
46.268130,4.990000,0.978000,4.450000,0.039158,2.144285,3.409587
46.279240,4.990000,0.978000,4.450000,0.039158,2.144285,3.409587
46.290360,4.990000,0.978000,4.450000,,,
46.301470,4.990000,0.978000,4.450000,,,
46.312580,4.990000,0.978000,4.450000,,,
46.323690,4.990000,0.978000,4.450000,0.039158,2.144285,3.409587
46.334800,4.990000,0.978000,4.450000,0.039158,2.144285,3.409587
46.345920,4.990000,0.978000,4.450000,0.039158,2.144285,3.409587
46.357030,4.990000,0.978000,4.450000,-0.066096,2.225254,3.384323
46.368140,4.990000,0.978000,4.450000,-0.066096,2.225254,3.384323
46.379250,4.990000,0.978000,4.450000,-0.066096,2.225254,3.384323
46.390370,4.990000,0.978000,4.450000,,,
46.401480,4.990000,0.978000,4.450000,,,
46.412590,4.990000,0.978000,4.450000,,,
46.423700,4.990000,0.978000,4.450000,-0.316845,2.389005,3.306361
46.434810,4.990000,0.978000,4.450000,-0.316845,2.389005,3.306361
46.445930,4.990000,0.978000,4.450000,-0.316845,2.389005,3.306361
46.457040,4.990000,0.978000,4.450000,-0.559136,2.387010,3.204668
46.468150,4.990000,0.978000,4.450000,-0.559136,2.387010,3.204668
46.479260,4.990000,0.978000,4.450000,-0.559136,2.387010,3.204668
46.490380,4.990000,0.978000,4.450000,-0.559136,2.387010,3.204668
46.501490,4.990000,0.978000,4.450000,,,
46.512600,4.990000,0.978000,4.450000,,,
46.523710,4.990000,0.978000,4.450000,,,
46.534820,4.990000,0.978000,4.450000,-0.686145,2.334083,3.139200
46.545940,4.990000,0.978000,4.450000,-0.686145,2.334083,3.139200
46.557050,4.990000,0.978000,4.450000,-0.686145,2.334083,3.139200
46.568160,4.990000,0.978000,4.450000,-0.686145,2.334083,3.139200
46.579270,4.990000,0.978000,4.450000,-0.686145,2.334083,3.139200
46.590390,4.990000,0.978000,4.450000,-0.686145,2.334083,3.139200
46.601500,4.990000,0.978000,4.450000,,,
46.612610,4.990000,0.978000,4.450000,,,
46.623720,4.990000,0.978000,4.450000,,,
46.634830,4.990000,0.978000,4.450000,-0.686145,2.334083,3.139200
46.645950,4.990000,0.978000,4.450000,-0.686145,2.334083,3.139200
46.657060,4.990000,0.978000,4.450000,-0.686145,2.334083,3.139200
46.668170,4.990000,0.978000,4.450000,-0.686145,2.334083,3.139200
46.679280,4.990000,0.978000,4.450000,-0.686145,2.334083,3.139200
46.690400,4.990000,0.978000,4.450000,-0.686145,2.334083,3.139200
46.701510,4.990000,0.978000,4.450000,,,
46.712620,4.990000,0.978000,4.450000,,,
46.723730,4.990000,0.978000,4.450000,,,
46.734840,4.990000,0.978000,4.450000,,,
46.745960,4.990000,0.978000,4.450000,-0.668088,2.348046,3.173247
46.757070,4.990000,0.978000,4.450000,-0.668088,2.348046,3.173247
46.768180,4.990000,0.978000,4.450000,-0.668088,2.348046,3.173247
46.779290,4.990000,0.978000,4.450000,-0.529252,2.445659,3.435025
46.790410,4.990000,0.978000,4.450000,-0.529252,2.445659,3.435025
46.801520,4.990000,0.978000,4.450000,-0.529252,2.445659,3.435025
46.812630,4.990000,0.978000,4.450000,,,
46.823740,4.990000,0.978000,4.450000,,,
46.834850,4.990000,0.978000,4.450000,,,
46.845970,4.990000,0.978000,4.450000,-0.387451,2.485084,3.703226
46.857080,4.990000,0.978000,4.450000,-0.387451,2.485084,3.703226
46.868190,4.990000,0.978000,4.450000,-0.387451,2.485084,3.703226
46.879300,4.990000,0.978000,4.450000,-0.249067,2.417826,3.964682
46.890420,4.990000,0.978000,4.450000,-0.249067,2.417826,3.964682
46.901530,4.990000,0.978000,4.450000,-0.249067,2.417826,3.964682
46.912640,4.990000,0.978000,4.450000,,,
46.923750,4.990000,0.978000,4.450000,,,
46.934860,4.990000,0.978000,4.450000,,,
46.945980,4.990000,0.978000,4.450000,-0.123037,2.280902,4.202777
46.957090,4.990000,0.978000,4.450000,-0.123037,2.280902,4.202777
46.968200,4.990000,0.978000,4.450000,-0.123037,2.280902,4.202777
46.979310,4.990000,0.978000,4.450000,-0.108776,2.262580,4.229717
46.990430,4.990000,0.978000,4.450000,-0.108776,2.262580,4.229717
47.001540,4.990000,0.978000,4.450000,-0.108776,2.262580,4.229717
47.012650,4.990000,0.978000,4.450000,,,
47.023760,4.990000,0.978000,4.450000,,,
47.034870,4.990000,0.978000,4.450000,,,
47.045990,4.990000,0.978000,4.450000,,,
47.057100,4.990000,0.978000,4.450000,-0.108776,2.262580,4.229717
47.068210,4.990000,0.978000,4.450000,-0.108776,2.262580,4.229717
47.079320,4.990000,0.978000,4.450000,-0.108776,2.262580,4.229717
47.090440,4.990000,0.978000,4.450000,-0.108776,2.262580,4.229717
47.101550,4.990000,0.978000,4.450000,-0.108776,2.262580,4.229717
47.112660,4.990000,0.978000,4.450000,-0.108776,2.262580,4.229717
47.123770,4.990000,0.978000,4.450000,-0.108776,2.262580,4.229717
47.134880,4.990000,0.978000,4.450000,-0.108776,2.262580,4.229717
47.146000,4.990000,0.978000,4.450000,-0.108776,2.262580,4.229717
47.157110,4.990000,0.978000,4.450000,-0.108776,2.262580,4.229717
47.168220,4.990000,0.978000,4.450000,-0.108776,2.262580,4.229717
47.179330,4.990000,0.978000,4.450000,-0.108776,2.262580,4.229717
47.190440,4.990000,0.978000,4.450000,0.076010,2.388792,4.080108
47.201560,4.990000,0.978000,4.450000,0.076010,2.388792,4.080108
47.212670,4.990000,0.978000,4.450000,0.076010,2.388792,4.080108
47.223780,4.990000,0.978000,4.450000,0.299669,2.477115,3.908996
47.234890,4.990000,0.978000,4.450000,0.299669,2.477115,3.908996
47.246010,4.990000,0.978000,4.450000,0.299669,2.477115,3.908996
47.257120,4.990000,0.978000,4.450000,0.299669,2.477115,3.908996
47.268230,4.990000,0.978000,4.450000,0.299669,2.477115,3.908996
47.279340,4.990000,0.978000,4.450000,0.299669,2.477115,3.908996
47.290450,4.990000,0.978000,4.450000,0.555869,2.442233,3.711346
47.301570,4.990000,0.978000,4.450000,0.555869,2.442233,3.711346
47.312680,4.990000,0.978000,4.450000,0.555869,2.442233,3.711346
47.323790,4.990000,0.978000,4.450000,0.555869,2.442233,3.711346
47.334900,4.990000,0.978000,4.450000,0.760281,2.352729,3.552607
47.346020,4.990000,0.978000,4.450000,0.760281,2.352729,3.552607
47.357130,4.990000,0.978000,4.450000,0.760281,2.352729,3.552607
47.368240,4.990000,0.978000,4.450000,,,
47.379350,4.990000,0.978000,4.450000,,,
47.390460,4.990000,0.978000,4.450000,,,
47.401580,4.990000,0.978000,4.450000,0.760281,2.352729,3.552607
47.412690,4.990000,0.978000,4.450000,0.760281,2.352729,3.552607
47.423800,4.990000,0.978000,4.450000,0.760281,2.352729,3.552607
47.434910,4.990000,0.978000,4.450000,0.760281,2.352729,3.552607
47.446030,4.990000,0.978000,4.450000,0.760281,2.352729,3.552607
47.457140,4.990000,0.978000,4.450000,0.760281,2.352729,3.552607
47.468250,4.990000,0.978000,4.450000,,,
47.479360,4.990000,0.978000,4.450000,,,
47.490470,4.990000,0.978000,4.450000,,,
47.501590,4.990000,0.978000,4.450000,0.760281,2.352729,3.552607
47.512700,4.990000,0.978000,4.450000,0.760281,2.352729,3.552607
47.523810,4.990000,0.978000,4.450000,0.760281,2.352729,3.552607
47.534920,4.990000,0.978000,4.450000,0.736693,2.358018,3.547155
47.546040,4.990000,0.978000,4.450000,0.736693,2.358018,3.547155
47.557150,4.990000,0.978000,4.450000,0.736693,2.358018,3.547155
47.568260,4.990000,0.978000,4.450000,,,
47.579370,4.990000,0.978000,4.450000,,,
47.590480,4.990000,0.978000,4.450000,,,
47.601600,4.990000,0.978000,4.450000,0.440173,2.419644,3.479015
47.612710,4.990000,0.978000,4.450000,0.440173,2.419644,3.479015
47.623820,4.990000,0.978000,4.450000,0.440173,2.419644,3.479015
47.634930,4.990000,0.978000,4.450000,0.138967,2.462095,3.412044
47.646050,4.990000,0.978000,4.450000,0.138967,2.462095,3.412044
47.657160,4.990000,0.978000,4.450000,0.138967,2.462095,3.412044
47.668270,4.990000,0.978000,4.450000,,,
47.679380,4.990000,0.978000,4.450000,,,
47.690490,4.990000,0.978000,4.450000,,,
47.701610,4.990000,0.978000,4.450000,-0.168429,2.461649,3.355642
47.712720,4.990000,0.978000,4.450000,-0.168429,2.461649,3.355642
47.723830,4.990000,0.978000,4.450000,-0.168429,2.461649,3.355642
47.734940,4.990000,0.978000,4.450000,-0.461415,2.412403,3.313805
47.746060,4.990000,0.978000,4.450000,-0.461415,2.412403,3.313805
47.757170,4.990000,0.978000,4.450000,-0.461415,2.412403,3.313805
47.768280,4.990000,0.978000,4.450000,-0.461415,2.412403,3.313805
47.779390,4.990000,0.978000,4.450000,,,
47.790500,4.990000,0.978000,4.450000,,,
47.801620,4.990000,0.978000,4.450000,,,
47.812730,4.990000,0.978000,4.450000,-0.757133,2.320052,3.282671
47.823840,4.990000,0.978000,4.450000,-0.757133,2.320052,3.282671
47.834950,4.990000,0.978000,4.450000,-0.757133,2.320052,3.282671
47.846070,4.990000,0.978000,4.450000,-1.006151,2.216479,3.264838
47.857180,4.990000,0.978000,4.450000,-1.006151,2.216479,3.264838
47.868290,4.990000,0.978000,4.450000,-1.006151,2.216479,3.264838
47.879400,4.990000,0.978000,4.450000,-1.006151,2.216479,3.264838
47.890510,4.990000,0.978000,4.450000,-1.006151,2.216479,3.264838
47.901630,4.990000,0.978000,4.450000,-1.006151,2.216479,3.264838
47.912740,4.990000,0.978000,4.450000,-1.006151,2.216479,3.264838
47.923850,4.990000,0.978000,4.450000,-1.006151,2.216479,3.264838
47.934960,4.990000,0.978000,4.450000,-1.006151,2.216479,3.264838
47.946080,4.990000,0.978000,4.450000,-1.006151,2.216479,3.264838
47.957190,4.990000,0.978000,4.450000,-1.006151,2.216479,3.264838
47.968300,4.990000,0.978000,4.450000,-1.006151,2.216479,3.264838
47.979410,4.990000,0.978000,4.450000,-1.006151,2.216479,3.264838
47.990520,4.990000,0.978000,4.450000,-1.006151,2.216479,3.264838
48.001640,4.990000,0.978000,4.450000,-1.006151,2.216479,3.264838
48.012750,4.990000,0.978000,4.450000,-1.006151,2.216479,3.264838
48.023860,4.990000,0.978000,4.450000,-1.006151,2.216479,3.264838
48.034970,4.990000,0.978000,4.450000,-1.006151,2.216479,3.264838
48.046090,4.990000,0.978000,4.450000,-0.971929,2.231115,3.299097
48.057200,4.990000,0.978000,4.450000,-0.971929,2.231115,3.299097
48.068310,4.990000,0.978000,4.450000,-0.971929,2.231115,3.299097
48.079420,4.990000,0.978000,4.450000,,,
48.090530,4.990000,0.978000,4.450000,,,
48.101650,4.990000,0.978000,4.450000,,,
48.112760,4.990000,0.978000,4.450000,-0.757609,2.314641,3.514002
48.123870,4.990000,0.978000,4.450000,-0.757609,2.314641,3.514002
48.134980,4.990000,0.978000,4.450000,-0.757609,2.314641,3.514002
48.146100,4.990000,0.978000,4.450000,-0.543191,2.337832,3.734723
48.157210,4.990000,0.978000,4.450000,-0.543191,2.337832,3.734723
48.168320,4.990000,0.978000,4.450000,-0.543191,2.337832,3.734723
48.179430,4.990000,0.978000,4.450000,-0.543191,2.337832,3.734723
48.190540,4.990000,0.978000,4.450000,-0.543191,2.337832,3.734723
48.201660,4.990000,0.978000,4.450000,-0.543191,2.337832,3.734723
48.212770,4.990000,0.978000,4.450000,-0.347722,2.244693,3.949188
48.223880,4.990000,0.978000,4.450000,-0.347722,2.244693,3.949188
48.234990,4.990000,0.978000,4.450000,-0.347722,2.244693,3.949188
48.246110,4.990000,0.978000,4.450000,,,
48.257220,4.990000,0.978000,4.450000,,,
48.268330,4.990000,0.978000,4.450000,,,
48.279440,4.990000,0.978000,4.450000,-0.217824,2.140456,4.084345
48.290550,4.990000,0.978000,4.450000,-0.217824,2.140456,4.084345
48.301670,4.990000,0.978000,4.450000,-0.217824,2.140456,4.084345
48.312780,4.990000,0.978000,4.450000,-0.217824,2.140456,4.084345
48.323890,4.990000,0.978000,4.450000,-0.217824,2.140456,4.084345
48.335000,4.990000,0.978000,4.450000,-0.217824,2.140456,4.084345
48.346120,4.990000,0.978000,4.450000,-0.217824,2.140456,4.084345
48.357230,4.990000,0.978000,4.450000,,,
48.368340,4.990000,0.978000,4.450000,,,
48.379450,4.990000,0.978000,4.450000,,,
48.390560,4.990000,0.978000,4.450000,-0.217824,2.140456,4.084345
48.401680,4.990000,0.978000,4.450000,-0.217824,2.140456,4.084345
48.412790,4.990000,0.978000,4.450000,-0.217824,2.140456,4.084345
48.423900,4.990000,0.978000,4.450000,-0.217824,2.140456,4.084345
48.434910,,,,-0.217824,2.140456,4.084345
48.446130,4.990000,0.978000,4.450000,-0.217824,2.140456,4.084345
48.457240,4.990000,0.978000,4.450000,-0.193551,2.150798,4.073738
48.468350,4.990000,0.978000,4.450000,-0.193551,2.150798,4.073738
48.479460,4.990000,0.978000,4.450000,-0.193551,2.150798,4.073738
48.490570,4.990000,0.978000,4.450000,,,
48.501690,4.990000,0.978000,4.450000,,,
48.512800,4.990000,0.978000,4.450000,,,
48.523910,4.990000,0.978000,4.450000,,,
48.535020,4.990000,0.978000,4.450000,0.077151,2.256955,3.955435
48.546130,4.990000,0.978000,4.450000,0.077151,2.256955,3.955435
48.557250,4.990000,0.978000,4.450000,0.077151,2.256955,3.955435
48.568360,4.990000,0.978000,4.450000,0.348982,2.305575,3.836637
48.579470,4.990000,0.978000,4.450000,0.348982,2.305575,3.836637
48.590580,4.990000,0.978000,4.450000,0.348982,2.305575,3.836637
48.601700,4.990000,0.978000,4.450000,,,
48.612810,4.990000,0.978000,4.450000,,,
48.623920,4.990000,0.978000,4.450000,,,
48.635030,4.990000,0.978000,4.450000,0.618210,2.249108,3.718979
48.646140,4.990000,0.978000,4.450000,0.618210,2.249108,3.718979
48.657260,4.990000,0.978000,4.450000,0.618210,2.249108,3.718979
48.668370,4.990000,0.978000,4.450000,0.860172,2.126783,3.613235
48.679480,4.990000,0.978000,4.450000,0.860172,2.126783,3.613235
48.690590,4.990000,0.978000,4.450000,0.860172,2.126783,3.613235
48.701710,4.990000,0.978000,4.450000,,,
48.712820,4.990000,0.978000,4.450000,,,
48.723930,4.990000,0.978000,4.450000,,,
48.735040,4.990000,0.978000,4.450000,0.886420,2.111612,3.601764
48.746150,4.990000,0.978000,4.450000,0.886420,2.111612,3.601764
48.757270,4.990000,0.978000,4.450000,0.886420,2.111612,3.601764
48.768380,4.990000,0.978000,4.450000,0.886420,2.111612,3.601764
48.779490,4.990000,0.978000,4.450000,0.886420,2.111612,3.601764
48.790600,4.990000,0.978000,4.450000,0.886420,2.111612,3.601764
48.801720,4.990000,0.978000,4.450000,,,
48.812830,4.990000,0.978000,4.450000,,,
48.823940,4.990000,0.978000,4.450000,,,
48.835050,4.990000,0.978000,4.450000,0.886420,2.111612,3.601764
48.846160,4.990000,0.978000,4.450000,0.886420,2.111612,3.601764
48.857280,4.990000,0.978000,4.450000,0.886420,2.111612,3.601764
48.868390,4.990000,0.978000,4.450000,0.886420,2.111612,3.601764
48.879500,4.990000,0.978000,4.450000,0.886420,2.111612,3.601764
48.890610,4.990000,0.978000,4.450000,0.886420,2.111612,3.601764
48.901730,4.990000,0.978000,4.450000,0.886420,2.111612,3.601764
48.912840,4.990000,0.978000,4.450000,,,
48.923950,4.990000,0.978000,4.450000,,,
48.935060,4.990000,0.978000,4.450000,,,
48.946170,4.990000,0.978000,4.450000,0.606445,2.192870,3.568171
48.957290,4.990000,0.978000,4.450000,0.606445,2.192870,3.568171
48.968400,4.990000,0.978000,4.450000,0.606445,2.192870,3.568171
48.979510,4.990000,0.978000,4.450000,0.316005,2.270186,3.539335
48.990620,4.990000,0.978000,4.450000,0.316005,2.270186,3.539335
49.001740,4.990000,0.978000,4.450000,0.316005,2.270186,3.539335
49.012850,4.990000,0.978000,4.450000,,,
49.023960,4.990000,0.978000,4.450000,,,
49.035070,4.990000,0.978000,4.450000,,,
49.046180,4.990000,0.978000,4.450000,0.010888,2.326761,3.519236
49.057300,4.990000,0.978000,4.450000,0.010888,2.326761,3.519236
49.068410,4.990000,0.978000,4.450000,0.010888,2.326761,3.519236
49.079520,4.990000,0.978000,4.450000,-0.294194,2.342308,3.504712
49.090630,4.990000,0.978000,4.450000,-0.294194,2.342308,3.504712
49.101750,4.990000,0.978000,4.450000,-0.294194,2.342308,3.504712
49.112860,4.990000,0.978000,4.450000,,,
49.123970,4.990000,0.978000,4.450000,,,
49.135080,4.990000,0.978000,4.450000,,,
49.146190,4.990000,0.978000,4.450000,-0.595581,2.317504,3.491387
49.157310,4.990000,0.978000,4.450000,-0.595581,2.317504,3.491387
49.168420,4.990000,0.978000,4.450000,-0.595581,2.317504,3.491387
49.179530,4.990000,0.978000,4.450000,-0.902137,2.264330,3.472198
49.190640,4.990000,0.978000,4.450000,-0.902137,2.264330,3.472198
49.201760,4.990000,0.978000,4.450000,-0.902137,2.264330,3.472198
49.212870,4.990000,0.978000,4.450000,,,
49.223980,4.990000,0.978000,4.450000,,,
49.235090,4.990000,0.978000,4.450000,,,
49.246200,4.990000,0.978000,4.450000,,,
49.257320,4.990000,0.978000,4.450000,-0.962289,2.252219,3.469637
49.268430,4.990000,0.978000,4.450000,-0.962289,2.252219,3.469637
49.279540,4.990000,0.978000,4.450000,-0.962289,2.252219,3.469637
49.290650,4.990000,0.978000,4.450000,-0.962289,2.252219,3.469637
49.301770,4.990000,0.978000,4.450000,-0.962289,2.252219,3.469637
49.312880,4.990000,0.978000,4.450000,-0.962289,2.252219,3.469637
49.323990,4.990000,0.978000,4.450000,,,
49.335100,4.990000,0.978000,4.450000,,,
49.346210,4.990000,0.978000,4.450000,,,
49.357330,4.990000,0.978000,4.450000,-0.962289,2.252219,3.469637
49.368440,4.990000,0.978000,4.450000,-0.962289,2.252219,3.469637
49.379550,4.990000,0.978000,4.450000,-0.962289,2.252219,3.469637
49.390660,4.990000,0.978000,4.450000,-0.962289,2.252219,3.469637
49.401780,4.990000,0.978000,4.450000,-0.962289,2.252219,3.469637
49.412890,4.990000,0.978000,4.450000,-0.962289,2.252219,3.469637
49.424000,4.990000,0.978000,4.450000,,,
49.435110,4.990000,0.978000,4.450000,,,
49.446220,4.990000,0.978000,4.450000,,,
49.457340,4.990000,0.978000,4.450000,-0.769675,2.405357,3.601822
49.468450,4.990000,0.978000,4.450000,-0.769675,2.405357,3.601822
49.479560,4.990000,0.978000,4.450000,-0.769675,2.405357,3.601822
49.490670,4.990000,0.978000,4.450000,-0.526596,2.467289,3.740662
49.501790,4.990000,0.978000,4.450000,-0.526596,2.467289,3.740662
49.512900,4.990000,0.978000,4.450000,-0.526596,2.467289,3.740662
49.524010,4.990000,0.978000,4.450000,-0.526596,2.467289,3.740662
49.535120,4.990000,0.978000,4.450000,,,
49.546230,4.990000,0.978000,4.450000,,,
49.557350,4.990000,0.978000,4.450000,,,
49.568460,4.990000,0.978000,4.450000,-0.340200,2.381847,3.817349
49.579570,4.990000,0.978000,4.450000,-0.340200,2.381847,3.817349
49.590680,4.990000,0.978000,4.450000,-0.340200,2.381847,3.817349
49.601800,4.990000,0.978000,4.450000,-0.288146,2.348961,3.833294
49.612910,4.990000,0.978000,4.450000,-0.288146,2.348961,3.833294
49.624020,4.990000,0.978000,4.450000,-0.288146,2.348961,3.833294
49.635130,4.990000,0.978000,4.450000,,,
49.646240,4.990000,0.978000,4.450000,,,
49.657360,4.990000,0.978000,4.450000,,,
49.668470,4.990000,0.978000,4.450000,-0.288146,2.348961,3.833294
49.679580,4.990000,0.978000,4.450000,-0.288146,2.348961,3.833294
49.690690,4.990000,0.978000,4.450000,-0.288146,2.348961,3.833294
49.701810,4.990000,0.978000,4.450000,-0.288146,2.348961,3.833294
49.712920,4.990000,0.978000,4.450000,-0.288146,2.348961,3.833294
49.724030,4.990000,0.978000,4.450000,-0.288146,2.348961,3.833294
49.735140,4.990000,0.978000,4.450000,,,
49.746250,4.990000,0.978000,4.450000,,,
49.757370,4.990000,0.978000,4.450000,,,
49.768480,4.990000,0.978000,4.450000,-0.288146,2.348961,3.833294
49.779590,4.990000,0.978000,4.450000,-0.288146,2.348961,3.833294
49.790700,4.990000,0.978000,4.450000,-0.288146,2.348961,3.833294
49.801820,4.990000,0.978000,4.450000,-0.068582,2.417646,3.814760
49.812930,4.990000,0.978000,4.450000,-0.068582,2.417646,3.814760
49.824040,4.990000,0.978000,4.450000,-0.068582,2.417646,3.814760
49.835150,4.990000,0.978000,4.450000,-0.068582,2.417646,3.814760
49.846260,4.990000,0.978000,4.450000,0.226636,2.481639,3.789781
49.857380,4.990000,0.978000,4.450000,0.226636,2.481639,3.789781
49.868490,4.990000,0.978000,4.450000,0.226636,2.481639,3.789781
49.879600,4.990000,0.978000,4.450000,,,
49.890710,4.990000,0.978000,4.450000,,,
49.901820,4.990000,0.978000,4.450000,,,
49.912940,4.990000,0.978000,4.450000,0.528533,2.451778,3.764238
49.924050,4.990000,0.978000,4.450000,0.528533,2.451778,3.764238
49.935160,4.990000,0.978000,4.450000,0.528533,2.451778,3.764238
49.946270,4.990000,0.978000,4.450000,0.793235,2.349116,3.741841
49.957390,4.990000,0.978000,4.450000,0.793235,2.349116,3.741841
49.968500,4.990000,0.978000,4.450000,0.793235,2.349116,3.741841
49.979610,4.990000,0.978000,4.450000,,,
49.990720,4.990000,0.978000,4.450000,,,
50.001830,4.990000,0.978000,4.450000,,,
50.012950,4.990000,0.978000,4.450000,0.888070,2.304581,3.733817
50.024060,4.990000,0.978000,4.450000,0.888070,2.304581,3.733817
50.035170,4.990000,0.978000,4.450000,0.888070,2.304581,3.733817
50.046280,4.990000,0.978000,4.450000,0.888070,2.304581,3.733817
50.057400,4.990000,0.978000,4.450000,0.888070,2.304581,3.733817
50.068510,4.990000,0.978000,4.450000,0.888070,2.304581,3.733817
50.079620,4.990000,0.978000,4.450000,,,
50.090730,4.990000,0.978000,4.450000,,,
50.101840,4.990000,0.978000,4.450000,,,
50.112960,4.990000,0.978000,4.450000,0.888070,2.304581,3.733817
50.124070,4.990000,0.978000,4.450000,0.888070,2.304581,3.733817
50.135180,4.990000,0.978000,4.450000,0.888070,2.304581,3.733817
50.146290,4.990000,0.978000,4.450000,0.888070,2.304581,3.733817
50.157410,4.990000,0.978000,4.450000,0.888070,2.304581,3.733817
50.168520,4.990000,0.978000,4.450000,0.888070,2.304581,3.733817
50.179630,4.990000,0.978000,4.450000,0.888070,2.304581,3.733817
50.190740,4.990000,0.978000,4.450000,,,
50.201850,4.990000,0.978000,4.450000,,,
50.212970,4.990000,0.978000,4.450000,,,
50.224080,4.990000,0.978000,4.450000,0.706929,2.355128,3.711445
50.235190,4.990000,0.978000,4.450000,0.706929,2.355128,3.711445
50.246300,4.990000,0.978000,4.450000,0.706929,2.355128,3.711445
50.257420,4.990000,0.978000,4.450000,0.415589,2.429157,3.679127
50.268530,4.990000,0.978000,4.450000,0.415589,2.429157,3.679127
50.279640,4.990000,0.978000,4.450000,0.415589,2.429157,3.679127
50.290750,4.990000,0.978000,4.450000,,,
50.301860,4.990000,0.978000,4.450000,,,
50.312980,4.990000,0.978000,4.450000,,,
50.324090,4.990000,0.978000,4.450000,0.111748,2.482525,3.650356
50.335200,4.990000,0.978000,4.450000,0.111748,2.482525,3.650356
50.346310,4.990000,0.978000,4.450000,0.111748,2.482525,3.650356
50.357430,4.990000,0.978000,4.450000,-0.193653,2.493479,3.625241
50.368540,4.990000,0.978000,4.450000,-0.193653,2.493479,3.625241
50.379650,4.990000,0.978000,4.450000,-0.193653,2.493479,3.625241
50.390760,4.990000,0.978000,4.450000,,,
50.401870,4.990000,0.978000,4.450000,,,
50.412990,4.990000,0.978000,4.450000,,,
50.424100,4.990000,0.978000,4.450000,-0.498837,2.455572,3.613935
50.435210,4.990000,0.978000,4.450000,-0.498837,2.455572,3.613935
50.446320,4.990000,0.978000,4.450000,-0.498837,2.455572,3.613935
50.457440,4.990000,0.978000,4.450000,-0.786986,2.380297,3.602031
50.468550,4.990000,0.978000,4.450000,-0.786986,2.380297,3.602031
50.479660,4.990000,0.978000,4.450000,-0.786986,2.380297,3.602031
50.490770,4.990000,0.978000,4.450000,,,
50.501880,4.990000,0.978000,4.450000,,,
50.513000,4.990000,0.978000,4.450000,,,
50.524110,4.990000,0.978000,4.450000,,,
50.535220,4.990000,0.978000,4.450000,-0.977090,2.315786,3.589867
50.546330,4.990000,0.978000,4.450000,-0.977090,2.315786,3.589867
50.557450,4.990000,0.978000,4.450000,-0.977090,2.315786,3.589867
50.568560,4.990000,0.978000,4.450000,-0.977090,2.315786,3.589867
50.579670,4.990000,0.978000,4.450000,-0.977090,2.315786,3.589867
50.590780,4.990000,0.978000,4.450000,-0.977090,2.315786,3.589867
50.601890,4.990000,0.978000,4.450000,,,
50.613010,4.990000,0.978000,4.450000,,,
50.624120,4.990000,0.978000,4.450000,,,
50.635230,4.990000,0.978000,4.450000,-0.977090,2.315786,3.589867
50.646340,4.990000,0.978000,4.450000,-0.977090,2.315786,3.589867
50.657460,4.990000,0.978000,4.450000,-0.977090,2.315786,3.589867
50.668570,4.990000,0.978000,4.450000,-0.977090,2.315786,3.589867
50.679680,4.990000,0.978000,4.450000,-0.977090,2.315786,3.589867
50.690790,4.990000,0.978000,4.450000,-0.977090,2.315786,3.589867
50.701900,4.990000,0.978000,4.450000,-0.977090,2.315786,3.589867
50.713020,4.990000,0.978000,4.450000,-0.862363,2.350916,3.547002
50.724130,4.990000,0.978000,4.450000,-0.862363,2.350916,3.547002
50.735240,4.990000,0.978000,4.450000,-0.862363,2.350916,3.547002
50.746350,4.990000,0.978000,4.450000,,,
50.757470,4.990000,0.978000,4.450000,,,
50.768580,4.990000,0.978000,4.450000,,,
50.779690,4.990000,0.978000,4.450000,-0.598751,2.392671,3.448509
50.790800,4.990000,0.978000,4.450000,-0.598751,2.392671,3.448509
50.801910,4.990000,0.978000,4.450000,-0.598751,2.392671,3.448509
50.813030,4.990000,0.978000,4.450000,-0.344253,2.277367,3.353421
50.824140,4.990000,0.978000,4.450000,-0.344253,2.277367,3.353421
50.835250,4.990000,0.978000,4.450000,-0.344253,2.277367,3.353421
50.846360,4.990000,0.978000,4.450000,,,
50.857480,4.990000,0.978000,4.450000,,,
50.868590,4.990000,0.978000,4.450000,,,
50.879700,4.990000,0.978000,4.450000,-0.164491,2.111930,3.286257
50.890810,4.990000,0.978000,4.450000,-0.164491,2.111930,3.286257
50.901920,4.990000,0.978000,4.450000,-0.164491,2.111930,3.286257
50.913040,4.990000,0.978000,4.450000,-0.159630,2.107049,3.284441
50.924150,4.990000,0.978000,4.450000,-0.159630,2.107049,3.284441
50.935260,4.990000,0.978000,4.450000,-0.159630,2.107049,3.284441
50.946370,4.990000,0.978000,4.450000,-0.159630,2.107049,3.284441
50.957490,4.990000,0.978000,4.450000,,,
50.968600,4.990000,0.978000,4.450000,,,
50.979710,4.990000,0.978000,4.450000,,,
50.990820,4.990000,0.978000,4.450000,-0.159630,2.107049,3.284441
51.001930,4.990000,0.978000,4.450000,-0.159630,2.107049,3.284441
51.013050,4.990000,0.978000,4.450000,-0.159630,2.107049,3.284441
51.024160,4.990000,0.978000,4.450000,-0.159630,2.107049,3.284441
51.035270,4.990000,0.978000,4.450000,-0.159630,2.107049,3.284441
51.046380,4.990000,0.978000,4.450000,-0.159630,2.107049,3.284441
51.057500,4.990000,0.978000,4.450000,,,
51.068610,4.990000,0.978000,4.450000,,,
51.079720,4.990000,0.978000,4.450000,,,
51.090830,4.990000,0.978000,4.450000,-0.152938,2.112751,3.287336
51.101940,4.990000,0.978000,4.450000,-0.152938,2.112751,3.287336
51.113060,4.990000,0.978000,4.450000,-0.152938,2.112751,3.287336
51.124170,4.990000,0.978000,4.450000,0.081953,2.291878,3.378992
51.135280,4.990000,0.978000,4.450000,0.081953,2.291878,3.378992
51.146390,4.990000,0.978000,4.450000,0.081953,2.291878,3.378992
51.157510,4.990000,0.978000,4.450000,,,
51.168620,4.990000,0.978000,4.450000,,,
51.179730,4.990000,0.978000,4.450000,,,
51.190840,4.990000,0.978000,4.450000,0.353566,2.333154,3.451833
51.201950,4.990000,0.978000,4.450000,0.353566,2.333154,3.451833
51.213070,4.990000,0.978000,4.450000,0.353566,2.333154,3.451833
51.224180,4.990000,0.978000,4.450000,0.551485,2.243135,3.472341
51.235290,4.990000,0.978000,4.450000,0.551485,2.243135,3.472341
51.246400,4.990000,0.978000,4.450000,0.551485,2.243135,3.472341
51.257510,4.990000,0.978000,4.450000,0.551485,2.243135,3.472341
51.268630,4.990000,0.978000,4.450000,,,
51.279740,4.990000,0.978000,4.450000,,,
51.290850,4.990000,0.978000,4.450000,,,
51.301960,4.990000,0.978000,4.450000,0.588885,2.221616,3.473593
51.313080,4.990000,0.978000,4.450000,0.588885,2.221616,3.473593
51.324190,4.990000,0.978000,4.450000,0.588885,2.221616,3.473593
51.335300,4.990000,0.978000,4.450000,0.588885,2.221616,3.473593
51.346410,4.990000,0.978000,4.450000,0.588885,2.221616,3.473593
51.357520,4.990000,0.978000,4.450000,0.588885,2.221616,3.473593
51.368640,4.990000,0.978000,4.450000,,,
51.379750,4.990000,0.978000,4.450000,,,
51.390860,4.990000,0.978000,4.450000,,,
51.401970,4.990000,0.978000,4.450000,0.588885,2.221616,3.473593
51.413090,4.990000,0.978000,4.450000,0.588885,2.221616,3.473593
51.424200,4.990000,0.978000,4.450000,0.588885,2.221616,3.473593
51.435310,4.990000,0.978000,4.450000,0.588885,2.221616,3.473593
51.446420,4.990000,0.978000,4.450000,0.588885,2.221616,3.473593
51.457530,4.990000,0.978000,4.450000,0.588885,2.221616,3.473593
51.468650,4.990000,0.978000,4.450000,,,
51.479760,4.990000,0.978000,4.450000,,,
51.490870,4.990000,0.978000,4.450000,,,
51.501980,4.990000,0.978000,4.450000,0.337154,2.272552,3.435090
51.513100,4.990000,0.978000,4.450000,0.337154,2.272552,3.435090
51.524210,4.990000,0.978000,4.450000,0.337154,2.272552,3.435090
51.535320,4.990000,0.978000,4.450000,0.037775,2.323636,3.382010
51.546430,4.990000,0.978000,4.450000,0.037775,2.323636,3.382010
51.557540,4.990000,0.978000,4.450000,0.037775,2.323636,3.382010
51.568660,4.990000,0.978000,4.450000,,,
51.579770,4.990000,0.978000,4.450000,,,
51.590880,4.990000,0.978000,4.450000,,,
51.601990,4.990000,0.978000,4.450000,,,
51.613110,4.990000,0.978000,4.450000,-0.259997,2.349480,3.319689
51.624220,4.990000,0.978000,4.450000,-0.259997,2.349480,3.319689
51.635330,4.990000,0.978000,4.450000,-0.259997,2.349480,3.319689
51.646440,4.990000,0.978000,4.450000,-0.551400,2.338635,3.256180
51.657550,4.990000,0.978000,4.450000,-0.551400,2.338635,3.256180
51.668670,4.990000,0.978000,4.450000,-0.551400,2.338635,3.256180
51.679780,4.990000,0.978000,4.450000,,,
51.690890,4.990000,0.978000,4.450000,,,
51.702000,4.990000,0.978000,4.450000,,,
51.713120,4.990000,0.978000,4.450000,-0.850611,2.288469,3.192595
51.724230,4.990000,0.978000,4.450000,-0.850611,2.288469,3.192595
51.735340,4.990000,0.978000,4.450000,-0.850611,2.288469,3.192595
51.746450,4.990000,0.978000,4.450000,-1.140782,2.209498,3.131408
51.757560,4.990000,0.978000,4.450000,-1.140782,2.209498,3.131408
51.768680,4.990000,0.978000,4.450000,-1.140782,2.209498,3.131408
51.779790,4.990000,0.978000,4.450000,,,
51.790900,4.990000,0.978000,4.450000,,,
51.802010,4.990000,0.978000,4.450000,,,
51.813130,4.990000,0.978000,4.450000,-1.298137,2.160331,3.092407
51.824240,4.990000,0.978000,4.450000,-1.298137,2.160331,3.092407
51.835350,4.990000,0.978000,4.450000,-1.298137,2.160331,3.092407
51.846460,4.990000,0.978000,4.450000,-1.298137,2.160331,3.092407
51.857570,4.990000,0.978000,4.450000,-1.298137,2.160331,3.092407
51.868690,4.990000,0.978000,4.450000,-1.298137,2.160331,3.092407
51.879800,4.990000,0.978000,4.450000,-1.298137,2.160331,3.092407
51.890910,4.990000,0.978000,4.450000,-1.298137,2.160331,3.092407
51.902020,4.990000,0.978000,4.450000,-1.298137,2.160331,3.092407
51.913140,4.990000,0.978000,4.450000,-1.298137,2.160331,3.092407
51.924250,4.990000,0.978000,4.450000,-1.298137,2.160331,3.092407
51.935360,4.990000,0.978000,4.450000,-1.298137,2.160331,3.092407
51.946470,4.990000,0.978000,4.450000,-1.298137,2.160331,3.092407
51.957580,4.990000,0.978000,4.450000,-1.298137,2.160331,3.092407
51.968700,4.990000,0.978000,4.450000,-1.298137,2.160331,3.092407
51.979810,4.990000,0.978000,4.450000,-1.298137,2.160331,3.092407
51.990920,4.990000,0.978000,4.450000,-1.160458,2.223617,3.082780
52.002030,4.990000,0.978000,4.450000,-1.160458,2.223617,3.082780
52.013150,4.990000,0.978000,4.450000,-1.160458,2.223617,3.082780
52.024260,4.990000,0.978000,4.450000,,,
52.035370,4.990000,0.978000,4.450000,,,
52.046480,4.990000,0.978000,4.450000,,,
52.057590,4.990000,0.978000,4.450000,,,
52.068710,4.990000,0.978000,4.450000,-0.884466,2.338915,3.058990
52.079820,4.990000,0.978000,4.450000,-0.884466,2.338915,3.058990
52.090930,4.990000,0.978000,4.450000,-0.884466,2.338915,3.058990
52.102040,4.990000,0.978000,4.450000,-0.590448,2.405715,3.025482
52.113160,4.990000,0.978000,4.450000,-0.590448,2.405715,3.025482
52.124270,4.990000,0.978000,4.450000,-0.590448,2.405715,3.025482
52.135380,4.990000,0.978000,4.450000,,,
52.146490,4.990000,0.978000,4.450000,,,
52.157600,4.990000,0.978000,4.450000,,,
52.168720,4.990000,0.978000,4.450000,-0.287547,2.392320,2.975642
52.179830,4.990000,0.978000,4.450000,-0.287547,2.392320,2.975642
52.190940,4.990000,0.978000,4.450000,-0.287547,2.392320,2.975642
52.202050,4.990000,0.978000,4.450000,0.008885,2.323821,2.908640
52.213170,4.990000,0.978000,4.450000,0.008885,2.323821,2.908640
52.224280,4.990000,0.978000,4.450000,0.008885,2.323821,2.908640
52.235390,4.990000,0.978000,4.450000,,,
52.246500,4.990000,0.978000,4.450000,,,
52.257610,4.990000,0.978000,4.450000,,,
52.268730,4.990000,0.978000,4.450000,0.020776,2.320992,2.904773
52.279840,4.990000,0.978000,4.450000,0.020776,2.320992,2.904773
52.290950,4.990000,0.978000,4.450000,0.020776,2.320992,2.904773
52.302060,4.990000,0.978000,4.450000,0.020776,2.320992,2.904773
52.313180,4.990000,0.978000,4.450000,0.020776,2.320992,2.904773
52.324290,4.990000,0.978000,4.450000,0.020776,2.320992,2.904773
52.335400,4.990000,0.978000,4.450000,,,
52.346510,4.990000,0.978000,4.450000,,,
52.357620,4.990000,0.978000,4.450000,,,
52.368740,4.990000,0.978000,4.450000,0.020776,2.320992,2.904773
52.379850,4.990000,0.978000,4.450000,0.020776,2.320992,2.904773
52.390960,4.990000,0.978000,4.450000,0.020776,2.320992,2.904773
52.402070,4.990000,0.978000,4.450000,0.029896,2.323382,2.904705
52.413190,4.990000,0.978000,4.450000,0.029896,2.323382,2.904705
52.424300,4.990000,0.978000,4.450000,0.029896,2.323382,2.904705
52.435410,4.990000,0.978000,4.450000,,,
52.446520,4.990000,0.978000,4.450000,,,
52.457630,4.990000,0.978000,4.450000,,,
52.468750,4.990000,0.978000,4.450000,,,
52.479860,4.990000,0.978000,4.450000,0.330848,2.395939,2.902063
52.490970,4.990000,0.978000,4.450000,0.330848,2.395939,2.902063
52.502080,4.990000,0.978000,4.450000,0.330848,2.395939,2.902063
52.513200,4.990000,0.978000,4.450000,0.641570,2.402910,2.894442
52.524310,4.990000,0.978000,4.450000,0.641570,2.402910,2.894442
52.535420,4.990000,0.978000,4.450000,0.641570,2.402910,2.894442
52.546530,4.990000,0.978000,4.450000,,,
52.557640,4.990000,0.978000,4.450000,,,
52.568760,4.990000,0.978000,4.450000,,,
52.579870,4.990000,0.978000,4.450000,0.927069,2.297150,2.880156
52.590980,4.990000,0.978000,4.450000,0.927069,2.297150,2.880156
52.602090,4.990000,0.978000,4.450000,0.927069,2.297150,2.880156
52.613200,4.990000,0.978000,4.450000,1.135901,2.184648,2.856390
52.624320,4.990000,0.978000,4.450000,1.135901,2.184648,2.856390
52.635430,4.990000,0.978000,4.450000,1.135901,2.184648,2.856390
52.646540,4.990000,0.978000,4.450000,,,
52.657650,4.990000,0.978000,4.450000,,,
52.668770,4.990000,0.978000,4.450000,,,
52.679880,4.990000,0.978000,4.450000,1.135901,2.184648,2.856390
52.690990,4.990000,0.978000,4.450000,1.135901,2.184648,2.856390
52.702100,4.990000,0.978000,4.450000,1.135901,2.184648,2.856390
52.713210,4.990000,0.978000,4.450000,1.135901,2.184648,2.856390
52.724330,4.990000,0.978000,4.450000,1.135901,2.184648,2.856390
52.735440,4.990000,0.978000,4.450000,1.135901,2.184648,2.856390
52.746550,4.990000,0.978000,4.450000,1.135901,2.184648,2.856390
52.757660,4.990000,0.978000,4.450000,,,
52.768780,4.990000,0.978000,4.450000,,,
52.779890,4.990000,0.978000,4.450000,,,
52.791000,4.990000,0.978000,4.450000,1.135901,2.184648,2.856390
52.802110,4.990000,0.978000,4.450000,1.135901,2.184648,2.856390
52.813220,4.990000,0.978000,4.450000,1.135901,2.184648,2.856390
52.824340,4.990000,0.978000,4.450000,1.098665,2.194872,2.857581
52.835450,4.990000,0.978000,4.450000,1.098665,2.194872,2.857581
52.846560,4.990000,0.978000,4.450000,1.098665,2.194872,2.857581
52.857670,4.990000,0.978000,4.450000,0.809354,2.272733,2.866834
52.868790,4.990000,0.978000,4.450000,0.809354,2.272733,2.866834
52.879900,4.990000,0.978000,4.450000,0.809354,2.272733,2.866834
52.891010,4.990000,0.978000,4.450000,0.809354,2.272733,2.866834
52.902120,4.990000,0.978000,4.450000,0.809354,2.272733,2.866834
52.913230,4.990000,0.978000,4.450000,0.809354,2.272733,2.866834
52.924350,4.990000,0.978000,4.450000,0.809354,2.272733,2.866834
52.935460,4.990000,0.978000,4.450000,0.498569,2.351166,2.876607
52.946570,4.990000,0.978000,4.450000,0.498569,2.351166,2.876607
52.957680,4.990000,0.978000,4.450000,0.498569,2.351166,2.876607
52.968800,4.990000,0.978000,4.450000,0.190942,2.415615,2.885291
52.979910,4.990000,0.978000,4.450000,0.190942,2.415615,2.885291
52.991020,4.990000,0.978000,4.450000,0.190942,2.415615,2.885291
53.002130,4.990000,0.978000,4.450000,,,
53.013240,4.990000,0.978000,4.450000,,,
53.024360,4.990000,0.978000,4.450000,,,
53.035470,4.990000,0.978000,4.450000,-0.109663,2.457788,2.887078
53.046580,4.990000,0.978000,4.450000,-0.109663,2.457788,2.887078
53.057690,4.990000,0.978000,4.450000,-0.109663,2.457788,2.887078
53.068810,4.990000,0.978000,4.450000,-0.413405,2.474041,2.880814
53.079920,4.990000,0.978000,4.450000,-0.413405,2.474041,2.880814
53.091030,4.990000,0.978000,4.450000,-0.413405,2.474041,2.880814
53.102140,4.990000,0.978000,4.450000,,,
53.113250,4.990000,0.978000,4.450000,,,
53.124370,4.990000,0.978000,4.450000,,,
53.135480,4.990000,0.978000,4.450000,-0.720546,2.462103,2.864173
53.146590,4.990000,0.978000,4.450000,-0.720546,2.462103,2.864173
53.157700,4.990000,0.978000,4.450000,-0.720546,2.462103,2.864173
53.168820,4.990000,0.978000,4.450000,-0.720546,2.462103,2.864173
53.179930,4.990000,0.978000,4.450000,-1.023411,2.425531,2.828899
53.191040,4.990000,0.978000,4.450000,-1.023411,2.425531,2.828899
53.202150,4.990000,0.978000,4.450000,-1.023411,2.425531,2.828899
53.213260,4.990000,0.978000,4.450000,,,
53.224380,4.990000,0.978000,4.450000,,,
53.235490,4.990000,0.978000,4.450000,,,
53.246600,4.990000,0.978000,4.450000,-1.293006,2.376898,2.786171
53.257710,4.990000,0.978000,4.450000,-1.293006,2.376898,2.786171
53.268830,4.990000,0.978000,4.450000,-1.293006,2.376898,2.786171
53.279940,4.990000,0.978000,4.450000,-1.293006,2.376898,2.786171
53.291050,4.990000,0.978000,4.450000,-1.293006,2.376898,2.786171
53.302160,4.990000,0.978000,4.450000,-1.293006,2.376898,2.786171
53.313270,4.990000,0.978000,4.450000,,,
53.324390,4.990000,0.978000,4.450000,,,
53.335500,4.990000,0.978000,4.450000,,,
53.346610,4.990000,0.978000,4.450000,-1.293006,2.376898,2.786171
53.357720,4.990000,0.978000,4.450000,-1.293006,2.376898,2.786171
53.368840,4.990000,0.978000,4.450000,-1.293006,2.376898,2.786171
53.379950,4.990000,0.978000,4.450000,-1.293006,2.376898,2.786171
53.391060,4.990000,0.978000,4.450000,-1.293006,2.376898,2.786171
53.402170,4.990000,0.978000,4.450000,-1.293006,2.376898,2.786171
53.413280,4.990000,0.978000,4.450000,,,
53.424400,4.990000,0.978000,4.450000,,,
53.435510,4.990000,0.978000,4.450000,,,
53.446620,4.990000,0.978000,4.450000,-1.270253,2.382358,2.786658
53.457730,4.990000,0.978000,4.450000,-1.270253,2.382358,2.786658
53.468850,4.990000,0.978000,4.450000,-1.270253,2.382358,2.786658
53.479960,4.990000,0.978000,4.450000,-1.270253,2.382358,2.786658
53.491070,4.990000,0.978000,4.450000,-0.949301,2.449949,2.793844
53.502180,4.990000,0.978000,4.450000,-0.949301,2.449949,2.793844
53.513290,4.990000,0.978000,4.450000,-0.949301,2.449949,2.793844
53.524410,4.990000,0.978000,4.450000,,,
53.535520,4.990000,0.978000,4.450000,,,
53.546630,4.990000,0.978000,4.450000,,,
53.557740,4.990000,0.978000,4.450000,-0.647542,2.456903,2.800752
53.568860,4.990000,0.978000,4.450000,-0.647542,2.456903,2.800752
53.579970,4.990000,0.978000,4.450000,-0.647542,2.456903,2.800752
53.591080,4.990000,0.978000,4.450000,-0.351913,2.363930,2.807519
53.602190,4.990000,0.978000,4.450000,-0.351913,2.363930,2.807519
53.613300,4.990000,0.978000,4.450000,-0.351913,2.363930,2.807519
53.624420,4.990000,0.978000,4.450000,,,
53.635530,4.990000,0.978000,4.450000,,,
53.646640,4.990000,0.978000,4.450000,,,
53.657750,4.990000,0.978000,4.450000,-0.075137,2.196750,2.802462
53.668870,4.990000,0.978000,4.450000,-0.075137,2.196750,2.802462
53.679980,4.990000,0.978000,4.450000,-0.075137,2.196750,2.802462
53.691090,4.990000,0.978000,4.450000,-0.019083,2.158001,2.798397
53.702200,4.990000,0.978000,4.450000,-0.019083,2.158001,2.798397
53.713230,,,,-0.019083,2.158001,2.798397
53.724430,4.990000,0.978000,4.450000,,,
53.735540,4.990000,0.978000,4.450000,,,
53.746650,4.990000,0.978000,4.450000,,,
53.757760,4.990000,0.978000,4.450000,-0.019083,2.158001,2.798397
53.768880,4.990000,0.978000,4.450000,-0.019083,2.158001,2.798397
53.779990,4.990000,0.978000,4.450000,-0.019083,2.158001,2.798397
53.791100,4.990000,0.978000,4.450000,-0.019083,2.158001,2.798397
53.802210,4.990000,0.978000,4.450000,-0.019083,2.158001,2.798397
53.813320,4.990000,0.978000,4.450000,-0.019083,2.158001,2.798397
53.824440,4.990000,0.978000,4.450000,-0.019083,2.158001,2.798397
53.835550,4.990000,0.978000,4.450000,,,
53.846660,4.990000,0.978000,4.450000,,,
53.857770,4.990000,0.978000,4.450000,,,
53.868890,4.990000,0.978000,4.450000,-0.019083,2.158001,2.798397
53.880000,4.990000,0.978000,4.450000,-0.019083,2.158001,2.798397
53.891110,4.990000,0.978000,4.450000,-0.019083,2.158001,2.798397
53.902220,4.990000,0.978000,4.450000,0.197306,2.272002,2.799378
53.913330,4.990000,0.978000,4.450000,0.197306,2.272002,2.799378
53.924450,4.990000,0.978000,4.450000,0.197306,2.272002,2.799378
53.935560,4.990000,0.978000,4.450000,,,
53.946670,4.990000,0.978000,4.450000,,,
53.957780,4.990000,0.978000,4.450000,,,
53.968890,4.990000,0.978000,4.450000,0.475903,2.386780,2.800379
53.980010,4.990000,0.978000,4.450000,0.475903,2.386780,2.800379
53.991120,4.990000,0.978000,4.450000,0.475903,2.386780,2.800379
54.002230,4.990000,0.978000,4.450000,0.779828,2.412709,2.799684
54.013340,4.990000,0.978000,4.450000,0.779828,2.412709,2.799684
54.024460,4.990000,0.978000,4.450000,0.779828,2.412709,2.799684
54.035570,4.990000,0.978000,4.450000,,,
54.046680,4.990000,0.978000,4.450000,,,
54.057790,4.990000,0.978000,4.450000,,,
54.068900,4.990000,0.978000,4.450000,1.078675,2.333605,2.798309
54.080020,4.990000,0.978000,4.450000,1.078675,2.333605,2.798309
54.091130,4.990000,0.978000,4.450000,1.078675,2.333605,2.798309
54.102240,4.990000,0.978000,4.450000,1.078675,2.333605,2.798309
54.113350,4.990000,0.978000,4.450000,1.170067,2.296142,2.798239
54.124470,4.990000,0.978000,4.450000,1.170067,2.296142,2.798239
54.135580,4.990000,0.978000,4.450000,1.170067,2.296142,2.798239
54.146690,4.990000,0.978000,4.450000,1.170067,2.296142,2.798239
54.157800,4.990000,0.978000,4.450000,1.170067,2.296142,2.798239
54.168910,4.990000,0.978000,4.450000,1.170067,2.296142,2.798239
54.180030,4.990000,0.978000,4.450000,1.170067,2.296142,2.798239
54.191140,4.990000,0.978000,4.450000,1.170067,2.296142,2.798239
54.202250,4.990000,0.978000,4.450000,1.170067,2.296142,2.798239
54.213360,4.990000,0.978000,4.450000,1.170067,2.296142,2.798239
54.224480,4.990000,0.978000,4.450000,1.170067,2.296142,2.798239
54.235590,4.990000,0.978000,4.450000,1.170067,2.296142,2.798239
54.246700,4.990000,0.978000,4.450000,1.170067,2.296142,2.798239
54.257810,4.990000,0.978000,4.450000,1.170067,2.296142,2.798239
54.268920,4.990000,0.978000,4.450000,1.170067,2.296142,2.798239
54.280040,4.990000,0.978000,4.450000,1.170067,2.296142,2.798239
54.291150,4.990000,0.978000,4.450000,1.170067,2.296142,2.798239
54.302260,4.990000,0.978000,4.450000,1.170067,2.296142,2.798239
54.313370,4.990000,0.978000,4.450000,0.973246,2.329950,2.743649
54.324490,4.990000,0.978000,4.450000,0.973246,2.329950,2.743649
54.335600,4.990000,0.978000,4.450000,0.973246,2.329950,2.743649
54.346710,4.990000,0.978000,4.450000,0.675909,2.374428,2.661029
54.357820,4.990000,0.978000,4.450000,0.675909,2.374428,2.661029
54.368930,4.990000,0.978000,4.450000,0.675909,2.374428,2.661029
54.380050,4.990000,0.978000,4.450000,0.675909,2.374428,2.661029
54.391160,4.990000,0.978000,4.450000,0.675909,2.374428,2.661029
54.402270,4.990000,0.978000,4.450000,0.675909,2.374428,2.661029
54.413380,4.990000,0.978000,4.450000,0.675909,2.374428,2.661029
54.424500,4.990000,0.978000,4.450000,0.393610,2.400327,2.583031
54.435610,4.990000,0.978000,4.450000,0.393610,2.400327,2.583031
54.446720,4.990000,0.978000,4.450000,0.393610,2.400327,2.583031
54.457830,4.990000,0.978000,4.450000,0.077807,2.394724,2.493292
54.468940,4.990000,0.978000,4.450000,0.077807,2.394724,2.493292
54.480060,4.990000,0.978000,4.450000,0.077807,2.394724,2.493292
54.491170,4.990000,0.978000,4.450000,0.077807,2.394724,2.493292
54.502280,4.990000,0.978000,4.450000,0.077807,2.394724,2.493292
54.513390,4.990000,0.978000,4.450000,0.077807,2.394724,2.493292
54.524510,4.990000,0.978000,4.450000,-0.217343,2.346837,2.408231
54.535620,4.990000,0.978000,4.450000,-0.217343,2.346837,2.408231
54.546730,4.990000,0.978000,4.450000,-0.217343,2.346837,2.408231
54.557840,4.990000,0.978000,4.450000,-0.494612,2.262926,2.323501
54.568950,4.990000,0.978000,4.450000,-0.494612,2.262926,2.323501
54.580070,4.990000,0.978000,4.450000,-0.494612,2.262926,2.323501
54.591180,4.990000,0.978000,4.450000,-0.494612,2.262926,2.323501
54.602290,4.990000,0.978000,4.450000,-0.494612,2.262926,2.323501
54.613400,4.990000,0.978000,4.450000,-0.494612,2.262926,2.323501
54.624520,4.990000,0.978000,4.450000,-0.768103,2.155291,2.238585
54.635630,4.990000,0.978000,4.450000,-0.768103,2.155291,2.238585
54.646740,4.990000,0.978000,4.450000,-0.768103,2.155291,2.238585
54.657850,4.990000,0.978000,4.450000,-0.820904,2.133756,2.222955
54.668960,4.990000,0.978000,4.450000,-0.820904,2.133756,2.222955
54.680080,4.990000,0.978000,4.450000,-0.820904,2.133756,2.222955
54.691190,4.990000,0.978000,4.450000,-0.820904,2.133756,2.222955
54.702300,4.990000,0.978000,4.450000,,,
54.713410,4.990000,0.978000,4.450000,,,
54.724530,4.990000,0.978000,4.450000,,,
54.735640,4.990000,0.978000,4.450000,-0.820904,2.133756,2.222955
54.746750,4.990000,0.978000,4.450000,-0.820904,2.133756,2.222955
54.757860,4.990000,0.978000,4.450000,-0.820904,2.133756,2.222955
54.768970,4.990000,0.978000,4.450000,-0.820904,2.133756,2.222955
54.780090,4.990000,0.978000,4.450000,-0.820904,2.133756,2.222955
54.791200,4.990000,0.978000,4.450000,-0.820904,2.133756,2.222955
54.802310,4.990000,0.978000,4.450000,,,
54.813420,4.990000,0.978000,4.450000,,,
54.824540,4.990000,0.978000,4.450000,,,
54.835650,4.990000,0.978000,4.450000,-0.820904,2.133756,2.222955
54.846760,4.990000,0.978000,4.450000,-0.820904,2.133756,2.222955
54.857870,4.990000,0.978000,4.450000,-0.820904,2.133756,2.222955
54.868980,4.990000,0.978000,4.450000,-0.616449,2.249983,2.296873
54.880100,4.990000,0.978000,4.450000,-0.616449,2.249983,2.296873
54.891210,4.990000,0.978000,4.450000,-0.616449,2.249983,2.296873
54.902320,4.990000,0.978000,4.450000,,,
54.913430,4.990000,0.978000,4.450000,,,
54.924550,4.990000,0.978000,4.450000,,,
54.935660,4.990000,0.978000,4.450000,-0.342635,2.348230,2.385029
54.946770,4.990000,0.978000,4.450000,-0.342635,2.348230,2.385029
54.957880,4.990000,0.978000,4.450000,-0.342635,2.348230,2.385029
54.968990,4.990000,0.978000,4.450000,-0.342635,2.348230,2.385029
54.980110,4.990000,0.978000,4.450000,-0.078009,2.311739,2.472872
54.991220,4.990000,0.978000,4.450000,-0.078009,2.311739,2.472872
55.002330,4.990000,0.978000,4.450000,-0.078009,2.311739,2.472872
55.013440,4.990000,0.978000,4.450000,,,
55.024560,4.990000,0.978000,4.450000,,,
55.035670,4.990000,0.978000,4.450000,,,
55.046780,4.990000,0.978000,4.450000,0.084426,2.248873,2.511665
55.057890,4.990000,0.978000,4.450000,0.084426,2.248873,2.511665
55.069000,4.990000,0.978000,4.450000,0.084426,2.248873,2.511665
55.080120,4.990000,0.978000,4.450000,0.084426,2.248873,2.511665
55.091230,4.990000,0.978000,4.450000,0.084426,2.248873,2.511665
55.102340,4.990000,0.978000,4.450000,0.084426,2.248873,2.511665
55.113450,4.990000,0.978000,4.450000,,,
55.124570,4.990000,0.978000,4.450000,,,
55.135680,4.990000,0.978000,4.450000,,,
55.146790,4.990000,0.978000,4.450000,0.084426,2.248873,2.511665
55.157900,4.990000,0.978000,4.450000,0.084426,2.248873,2.511665
55.169010,4.990000,0.978000,4.450000,0.084426,2.248873,2.511665
55.180130,4.990000,0.978000,4.450000,0.084426,2.248873,2.511665
55.191240,4.990000,0.978000,4.450000,0.084426,2.248873,2.511665
55.202350,4.990000,0.978000,4.450000,0.084426,2.248873,2.511665
55.213460,4.990000,0.978000,4.450000,,,
55.224580,4.990000,0.978000,4.450000,,,
55.235690,4.990000,0.978000,4.450000,,,
55.246800,4.990000,0.978000,4.450000,0.160567,2.270339,2.524368
55.257910,4.990000,0.978000,4.450000,0.160567,2.270339,2.524368
55.269020,4.990000,0.978000,4.450000,0.160567,2.270339,2.524368
55.280140,4.990000,0.978000,4.450000,0.160567,2.270339,2.524368
55.291250,4.990000,0.978000,4.450000,0.454458,2.341520,2.573054
55.302360,4.990000,0.978000,4.450000,0.454458,2.341520,2.573054
55.313470,4.990000,0.978000,4.450000,0.454458,2.341520,2.573054
55.324580,4.990000,0.978000,4.450000,,,
55.335700,4.990000,0.978000,4.450000,,,
55.346810,4.990000,0.978000,4.450000,,,
55.357920,4.990000,0.978000,4.450000,0.757548,2.337472,2.622744
55.369030,4.990000,0.978000,4.450000,0.757548,2.337472,2.622744
55.380150,4.990000,0.978000,4.450000,0.757548,2.337472,2.622744
55.391260,4.990000,0.978000,4.450000,1.043060,2.224567,2.669604
55.402290,,,,1.043060,2.224567,2.669604
55.413480,4.990000,0.978000,4.450000,1.043060,2.224567,2.669604
55.424590,4.990000,0.978000,4.450000,,,
55.435710,4.990000,0.978000,4.450000,,,
55.446820,4.990000,0.978000,4.450000,,,
55.457930,4.990000,0.978000,4.450000,1.220122,2.122381,2.696962
55.469040,4.990000,0.978000,4.450000,1.220122,2.122381,2.696962
55.480160,4.990000,0.978000,4.450000,1.220122,2.122381,2.696962
55.491270,4.990000,0.978000,4.450000,1.220122,2.122381,2.696962
55.502380,4.990000,0.978000,4.450000,1.220122,2.122381,2.696962
55.513490,4.990000,0.978000,4.450000,1.220122,2.122381,2.696962
55.524600,4.990000,0.978000,4.450000,1.220122,2.122381,2.696962
55.535720,4.990000,0.978000,4.450000,1.220122,2.122381,2.696962
55.546830,4.990000,0.978000,4.450000,1.220122,2.122381,2.696962
55.557940,4.990000,0.978000,4.450000,1.220122,2.122381,2.696962
55.569050,4.990000,0.978000,4.450000,1.220122,2.122381,2.696962
55.580170,4.990000,0.978000,4.450000,1.220122,2.122381,2.696962
55.591280,4.990000,0.978000,4.450000,1.220122,2.122381,2.696962
55.602390,4.990000,0.978000,4.450000,1.220122,2.122381,2.696962
55.613500,4.990000,0.978000,4.450000,1.220122,2.122381,2.696962
55.624610,4.990000,0.978000,4.450000,1.162755,2.142215,2.682616
55.635730,4.990000,0.978000,4.450000,1.162755,2.142215,2.682616
55.646840,4.990000,0.978000,4.450000,1.162755,2.142215,2.682616
55.657950,4.990000,0.978000,4.450000,1.162755,2.142215,2.682616
55.669060,4.990000,0.978000,4.450000,,,
55.680180,4.990000,0.978000,4.450000,,,
55.691290,4.990000,0.978000,4.450000,,,
55.702400,4.990000,0.978000,4.450000,0.877426,2.239727,2.609915
55.713510,4.990000,0.978000,4.450000,0.877426,2.239727,2.609915
55.724620,4.990000,0.978000,4.450000,0.877426,2.239727,2.609915
55.735740,4.990000,0.978000,4.450000,0.588519,2.329897,2.533297
55.746850,4.990000,0.978000,4.450000,0.588519,2.329897,2.533297
55.757960,4.990000,0.978000,4.450000,0.588519,2.329897,2.533297
55.769070,4.990000,0.978000,4.450000,,,
55.780190,4.990000,0.978000,4.450000,,,
55.791300,4.990000,0.978000,4.450000,,,
55.802410,4.990000,0.978000,4.450000,0.295508,2.393112,2.450397
55.813520,4.990000,0.978000,4.450000,0.295508,2.393112,2.450397
55.824630,4.990000,0.978000,4.450000,0.295508,2.393112,2.450397
55.835750,4.990000,0.978000,4.450000,0.004359,2.413167,2.361273
55.846860,4.990000,0.978000,4.450000,0.004359,2.413167,2.361273
55.857970,4.990000,0.978000,4.450000,0.004359,2.413167,2.361273
55.869080,4.990000,0.978000,4.450000,,,
55.880200,4.990000,0.978000,4.450000,,,
55.891310,4.990000,0.978000,4.450000,,,
55.902420,4.990000,0.978000,4.450000,-0.287162,2.391394,2.263834
55.913530,4.990000,0.978000,4.450000,-0.287162,2.391394,2.263834
55.924640,4.990000,0.978000,4.450000,-0.287162,2.391394,2.263834
55.935760,4.990000,0.978000,4.450000,-0.568847,2.344875,2.178196
55.946870,4.990000,0.978000,4.450000,-0.568847,2.344875,2.178196
55.957980,4.990000,0.978000,4.450000,-0.568847,2.344875,2.178196
55.969090,4.990000,0.978000,4.450000,-0.568847,2.344875,2.178196
55.980210,4.990000,0.978000,4.450000,,,
55.991320,4.990000,0.978000,4.450000,,,
56.002430,4.990000,0.978000,4.450000,,,
56.013540,4.990000,0.978000,4.450000,-0.568847,2.344875,2.178196
56.024650,4.990000,0.978000,4.450000,-0.568847,2.344875,2.178196
56.035770,4.990000,0.978000,4.450000,-0.568847,2.344875,2.178196
56.046880,4.990000,0.978000,4.450000,-0.568847,2.344875,2.178196
56.057990,4.990000,0.978000,4.450000,-0.568847,2.344875,2.178196
56.069100,4.990000,0.978000,4.450000,-0.568847,2.344875,2.178196
56.080220,4.990000,0.978000,4.450000,,,
56.091330,4.990000,0.978000,4.450000,,,
56.102440,4.990000,0.978000,4.450000,,,
56.113550,4.990000,0.978000,4.450000,-0.568847,2.344875,2.178196
56.124660,4.990000,0.978000,4.450000,-0.568847,2.344875,2.178196
56.135780,4.990000,0.978000,4.450000,-0.568847,2.344875,2.178196
56.146890,4.990000,0.978000,4.450000,-0.553304,2.363100,2.203173
56.158000,4.990000,0.978000,4.450000,-0.553304,2.363100,2.203173
56.169110,4.990000,0.978000,4.450000,-0.553304,2.363100,2.203173
56.180230,4.990000,0.978000,4.450000,,,
56.191340,4.990000,0.978000,4.450000,,,
56.202450,4.990000,0.978000,4.450000,,,
56.213560,4.990000,0.978000,4.450000,-0.442393,2.481733,2.413221
56.224670,4.990000,0.978000,4.450000,-0.442393,2.481733,2.413221
56.235790,4.990000,0.978000,4.450000,-0.442393,2.481733,2.413221
56.246900,4.990000,0.978000,4.450000,-0.353901,2.405375,2.652306
56.258010,4.990000,0.978000,4.450000,-0.353901,2.405375,2.652306
56.269120,4.990000,0.978000,4.450000,-0.353901,2.405375,2.652306
56.280240,4.990000,0.978000,4.450000,,,
56.291350,4.990000,0.978000,4.450000,,,
56.302460,4.990000,0.978000,4.450000,,,
56.313570,4.990000,0.978000,4.450000,,,
56.324680,4.990000,0.978000,4.450000,-0.319453,2.276648,2.804926
56.335800,4.990000,0.978000,4.450000,-0.319453,2.276648,2.804926
56.346910,4.990000,0.978000,4.450000,-0.319453,2.276648,2.804926
56.358020,4.990000,0.978000,4.450000,-0.319453,2.276648,2.804926
56.369130,4.990000,0.978000,4.450000,-0.319453,2.276648,2.804926
56.380250,4.990000,0.978000,4.450000,-0.319453,2.276648,2.804926
56.391360,4.990000,0.978000,4.450000,,,
56.402470,4.990000,0.978000,4.450000,,,
56.413580,4.990000,0.978000,4.450000,,,
56.424690,4.990000,0.978000,4.450000,-0.319453,2.276648,2.804926
56.435810,4.990000,0.978000,4.450000,-0.319453,2.276648,2.804926
56.446920,4.990000,0.978000,4.450000,-0.319453,2.276648,2.804926
56.458030,4.990000,0.978000,4.450000,-0.319453,2.276648,2.804926
56.469140,4.990000,0.978000,4.450000,-0.319453,2.276648,2.804926
56.480260,4.990000,0.978000,4.450000,-0.319453,2.276648,2.804926
56.491370,4.990000,0.978000,4.450000,,,
56.502480,4.990000,0.978000,4.450000,,,
56.513590,4.990000,0.978000,4.450000,,,
56.524700,4.990000,0.978000,4.450000,-0.271434,2.293905,2.802655
56.535820,4.990000,0.978000,4.450000,-0.271434,2.293905,2.802655
56.546930,4.990000,0.978000,4.450000,-0.271434,2.293905,2.802655
56.558040,4.990000,0.978000,4.450000,0.010908,2.391304,2.789305
56.569150,4.990000,0.978000,4.450000,0.010908,2.391304,2.789305
56.580270,4.990000,0.978000,4.450000,0.010908,2.391304,2.789305
56.591380,4.990000,0.978000,4.450000,,,
56.602490,4.990000,0.978000,4.450000,,,
56.613600,4.990000,0.978000,4.450000,,,
56.624710,4.990000,0.978000,4.450000,0.313152,2.470460,2.775508
56.635830,4.990000,0.978000,4.450000,0.313152,2.470460,2.775508
56.646940,4.990000,0.978000,4.450000,0.313152,2.470460,2.775508
56.658050,4.990000,0.978000,4.450000,0.615617,2.491822,2.761581
56.669160,4.990000,0.978000,4.450000,0.615617,2.491822,2.761581
56.680270,4.990000,0.978000,4.450000,0.615617,2.491822,2.761581
56.691390,4.990000,0.978000,4.450000,,,
56.702500,4.990000,0.978000,4.450000,,,
56.713610,4.990000,0.978000,4.450000,,,
56.724720,4.990000,0.978000,4.450000,,,
56.735840,4.990000,0.978000,4.450000,0.919074,2.448283,2.747576
56.746950,4.990000,0.978000,4.450000,0.919074,2.448283,2.747576
56.758060,4.990000,0.978000,4.450000,0.919074,2.448283,2.747576
56.769170,4.990000,0.978000,4.450000,1.213282,2.360843,2.743663
56.780280,4.990000,0.978000,4.450000,1.213282,2.360843,2.743663
56.791400,4.990000,0.978000,4.450000,1.213282,2.360843,2.743663
56.802510,4.990000,0.978000,4.450000,,,
56.813620,4.990000,0.978000,4.450000,,,
56.824730,4.990000,0.978000,4.450000,,,
56.835850,4.990000,0.978000,4.450000,1.213282,2.360843,2.743663
56.846960,4.990000,0.978000,4.450000,1.213282,2.360843,2.743663
56.858070,4.990000,0.978000,4.450000,1.213282,2.360843,2.743663
56.869180,4.990000,0.978000,4.450000,1.213282,2.360843,2.743663
56.880290,4.990000,0.978000,4.450000,1.213282,2.360843,2.743663
56.891410,4.990000,0.978000,4.450000,1.213282,2.360843,2.743663
56.902520,4.990000,0.978000,4.450000,,,
56.913630,4.990000,0.978000,4.450000,,,
56.924740,4.990000,0.978000,4.450000,,,
56.935860,4.990000,0.978000,4.450000,1.213282,2.360843,2.743663
56.946970,4.990000,0.978000,4.450000,1.213282,2.360843,2.743663
56.958080,4.990000,0.978000,4.450000,1.213282,2.360843,2.743663
56.969190,4.990000,0.978000,4.450000,1.188058,2.365536,2.735517
56.980300,4.990000,0.978000,4.450000,1.188058,2.365536,2.735517
56.991420,4.990000,0.978000,4.450000,1.188058,2.365536,2.735517
57.002530,4.990000,0.978000,4.450000,,,
57.013640,4.990000,0.978000,4.450000,,,
57.024750,4.990000,0.978000,4.450000,,,
57.035870,4.990000,0.978000,4.450000,0.900622,2.415685,2.641438
57.046980,4.990000,0.978000,4.450000,0.900622,2.415685,2.641438
57.058090,4.990000,0.978000,4.450000,0.900622,2.415685,2.641438
57.069200,4.990000,0.978000,4.450000,0.608993,2.457212,2.543879
57.080310,4.990000,0.978000,4.450000,0.608993,2.457212,2.543879
57.091430,4.990000,0.978000,4.450000,0.608993,2.457212,2.543879
57.102540,4.990000,0.978000,4.450000,,,
57.113650,4.990000,0.978000,4.450000,,,
57.124760,4.990000,0.978000,4.450000,,,
57.135880,4.990000,0.978000,4.450000,0.323704,2.479816,2.446639
57.146990,4.990000,0.978000,4.450000,0.323704,2.479816,2.446639
57.158100,4.990000,0.978000,4.450000,0.323704,2.479816,2.446639
57.169210,4.990000,0.978000,4.450000,0.323704,2.479816,2.446639
57.180320,4.990000,0.978000,4.450000,0.029501,2.476012,2.346455
57.191440,4.990000,0.978000,4.450000,0.029501,2.476012,2.346455
57.202550,4.990000,0.978000,4.450000,0.029501,2.476012,2.346455
57.213660,4.990000,0.978000,4.450000,,,
57.224770,4.990000,0.978000,4.450000,,,
57.235890,4.990000,0.978000,4.450000,,,
57.247000,4.990000,0.978000,4.450000,-0.263049,2.440279,2.247351
57.258110,4.990000,0.978000,4.450000,-0.263049,2.440279,2.247351
57.269220,4.990000,0.978000,4.450000,-0.263049,2.440279,2.247351
57.280330,4.990000,0.978000,4.450000,-0.543811,2.376274,2.152364
57.291450,4.990000,0.978000,4.450000,-0.543811,2.376274,2.152364
57.302560,4.990000,0.978000,4.450000,-0.543811,2.376274,2.152364
57.313670,4.990000,0.978000,4.450000,,,
57.324780,4.990000,0.978000,4.450000,,,
57.335900,4.990000,0.978000,4.450000,,,
57.347010,4.990000,0.978000,4.450000,-0.816912,2.290632,2.059998
57.358120,4.990000,0.978000,4.450000,-0.816912,2.290632,2.059998
57.369230,4.990000,0.978000,4.450000,-0.816912,2.290632,2.059998
57.380340,4.990000,0.978000,4.450000,-0.816912,2.290632,2.059998
57.391460,4.990000,0.978000,4.450000,-1.020106,2.216103,1.991280
57.402570,4.990000,0.978000,4.450000,-1.020106,2.216103,1.991280
57.413680,4.990000,0.978000,4.450000,-1.020106,2.216103,1.991280
57.424790,4.990000,0.978000,4.450000,-1.020106,2.216103,1.991280
57.435910,4.990000,0.978000,4.450000,-1.020106,2.216103,1.991280
57.447020,4.990000,0.978000,4.450000,-1.020106,2.216103,1.991280
57.458130,4.990000,0.978000,4.450000,-1.020106,2.216103,1.991280
57.469240,4.990000,0.978000,4.450000,-1.020106,2.216103,1.991280
57.480350,4.990000,0.978000,4.450000,-1.020106,2.216103,1.991280
57.491470,4.990000,0.978000,4.450000,-1.020106,2.216103,1.991280
57.502580,4.990000,0.978000,4.450000,-1.020106,2.216103,1.991280
57.513690,4.990000,0.978000,4.450000,-1.020106,2.216103,1.991280
57.524800,4.990000,0.978000,4.450000,-1.020106,2.216103,1.991280
57.535920,4.990000,0.978000,4.450000,-1.020106,2.216103,1.991280
57.547030,4.990000,0.978000,4.450000,-1.020106,2.216103,1.991280
57.558140,4.990000,0.978000,4.450000,-1.020106,2.216103,1.991280
57.569250,4.990000,0.978000,4.450000,-1.020106,2.216103,1.991280
57.580360,4.990000,0.978000,4.450000,-1.020106,2.216103,1.991280
57.591480,4.990000,0.978000,4.450000,-0.971573,2.244471,2.078212
57.602590,4.990000,0.978000,4.450000,-0.971573,2.244471,2.078212
57.613700,4.990000,0.978000,4.450000,-0.971573,2.244471,2.078212
57.624810,4.990000,0.978000,4.450000,-0.824048,2.322173,2.340624
57.635930,4.990000,0.978000,4.450000,-0.824048,2.322173,2.340624
57.647040,4.990000,0.978000,4.450000,-0.824048,2.322173,2.340624
57.658150,4.990000,0.978000,4.450000,-0.824048,2.322173,2.340624
57.669260,4.990000,0.978000,4.450000,-0.824048,2.322173,2.340624
57.680370,4.990000,0.978000,4.450000,-0.824048,2.322173,2.340624
57.691490,4.990000,0.978000,4.450000,-0.671256,2.348804,2.603866
57.702600,4.990000,0.978000,4.450000,-0.671256,2.348804,2.603866
57.713710,4.990000,0.978000,4.450000,-0.671256,2.348804,2.603866
57.724820,4.990000,0.978000,4.450000,-0.510209,2.276832,2.854131
57.735940,4.990000,0.978000,4.450000,-0.510209,2.276832,2.854131
57.747050,4.990000,0.978000,4.450000,-0.510209,2.276832,2.854131
57.758160,4.990000,0.978000,4.450000,-0.510209,2.276832,2.854131
57.769270,4.990000,0.978000,4.450000,,,
57.780380,4.990000,0.978000,4.450000,,,
57.791500,4.990000,0.978000,4.450000,,,
57.802610,4.990000,0.978000,4.450000,-0.373743,2.169947,3.021078
57.813720,4.990000,0.978000,4.450000,-0.373743,2.169947,3.021078
57.824830,4.990000,0.978000,4.450000,-0.373743,2.169947,3.021078
57.835950,4.990000,0.978000,4.450000,-0.363179,2.161997,3.031440
57.847060,4.990000,0.978000,4.450000,-0.363179,2.161997,3.031440
57.858170,4.990000,0.978000,4.450000,-0.363179,2.161997,3.031440
57.869280,4.990000,0.978000,4.450000,,,
57.880390,4.990000,0.978000,4.450000,,,
57.891510,4.990000,0.978000,4.450000,,,
57.902620,4.990000,0.978000,4.450000,-0.363179,2.161997,3.031440
57.913730,4.990000,0.978000,4.450000,-0.363179,2.161997,3.031440
57.924840,4.990000,0.978000,4.450000,-0.363179,2.161997,3.031440
57.935960,4.990000,0.978000,4.450000,-0.363179,2.161997,3.031440
57.947070,4.990000,0.978000,4.450000,-0.363179,2.161997,3.031440
57.958180,4.990000,0.978000,4.450000,-0.363179,2.161997,3.031440
57.969290,4.990000,0.978000,4.450000,-0.363179,2.161997,3.031440
57.980400,4.990000,0.978000,4.450000,,,
57.991520,4.990000,0.978000,4.450000,,,
58.002630,4.990000,0.978000,4.450000,,,
58.013740,4.990000,0.978000,4.450000,-0.363179,2.161997,3.031440
58.024850,4.990000,0.978000,4.450000,-0.363179,2.161997,3.031440
58.035960,4.990000,0.978000,4.450000,-0.363179,2.161997,3.031440
58.047080,4.990000,0.978000,4.450000,-0.076271,2.241666,2.999871
58.058190,4.990000,0.978000,4.450000,-0.076271,2.241666,2.999871
58.069300,4.990000,0.978000,4.450000,-0.076271,2.241666,2.999871
58.080410,4.990000,0.978000,4.450000,,,
58.091530,4.990000,0.978000,4.450000,,,
58.102640,4.990000,0.978000,4.450000,,,
58.113750,4.990000,0.978000,4.450000,0.228551,2.303191,2.967258
58.124860,4.990000,0.978000,4.450000,0.228551,2.303191,2.967258
58.135970,4.990000,0.978000,4.450000,0.228551,2.303191,2.967258
58.147090,4.990000,0.978000,4.450000,0.528859,2.308867,2.935559
58.158200,4.990000,0.978000,4.450000,0.528859,2.308867,2.935559
58.169310,4.990000,0.978000,4.450000,0.528859,2.308867,2.935559
58.180420,4.990000,0.978000,4.450000,,,
58.191540,4.990000,0.978000,4.450000,,,
58.202650,4.990000,0.978000,4.450000,,,
58.213760,4.990000,0.978000,4.450000,0.824494,2.249824,2.904031
58.224870,4.990000,0.978000,4.450000,0.824494,2.249824,2.904031
58.235980,4.990000,0.978000,4.450000,0.824494,2.249824,2.904031
58.247100,4.990000,0.978000,4.450000,1.117503,2.143038,2.873337
58.258210,4.990000,0.978000,4.450000,1.117503,2.143038,2.873337
58.269320,4.990000,0.978000,4.450000,1.117503,2.143038,2.873337
58.280430,4.990000,0.978000,4.450000,1.117503,2.143038,2.873337
58.291550,4.990000,0.978000,4.450000,,,
58.302660,4.990000,0.978000,4.450000,,,
58.313770,4.990000,0.978000,4.450000,,,
58.324880,4.990000,0.978000,4.450000,1.181469,2.116338,2.866644
58.335990,4.990000,0.978000,4.450000,1.181469,2.116338,2.866644
58.347110,4.990000,0.978000,4.450000,1.181469,2.116338,2.866644
58.358220,4.990000,0.978000,4.450000,1.181469,2.116338,2.866644
58.369330,4.990000,0.978000,4.450000,1.181469,2.116338,2.866644
58.380440,4.990000,0.978000,4.450000,1.181469,2.116338,2.866644
58.391560,4.990000,0.978000,4.450000,,,
58.402670,4.990000,0.978000,4.450000,,,
58.413780,4.990000,0.978000,4.450000,,,
58.424890,4.990000,0.978000,4.450000,1.181469,2.116338,2.866644
58.436000,4.990000,0.978000,4.450000,1.181469,2.116338,2.866644
58.447120,4.990000,0.978000,4.450000,1.181469,2.116338,2.866644
58.458230,4.990000,0.978000,4.450000,1.181469,2.116338,2.866644
58.469340,4.990000,0.978000,4.450000,1.181469,2.116338,2.866644
58.480450,4.990000,0.978000,4.450000,1.181469,2.116338,2.866644
58.491570,4.990000,0.978000,4.450000,0.955812,2.187086,2.784872
58.502680,4.990000,0.978000,4.450000,0.955812,2.187086,2.784872
58.513790,4.990000,0.978000,4.450000,0.955812,2.187086,2.784872
58.524900,4.990000,0.978000,4.450000,0.955812,2.187086,2.784872
58.536010,4.990000,0.978000,4.450000,0.955812,2.187086,2.784872
58.547130,4.990000,0.978000,4.450000,0.955812,2.187086,2.784872
58.558230,4.990000,0.978000,4.450000,,,
58.569350,4.990000,0.978000,4.450000,0.682266,2.267910,2.685744
58.580460,4.990000,0.978000,4.450000,0.682266,2.267910,2.685744
58.591580,4.990000,0.978000,4.450000,0.682266,2.267910,2.685744
58.602690,4.990000,0.978000,4.450000,0.404562,2.332848,2.585111
58.613800,4.990000,0.978000,4.450000,0.404562,2.332848,2.585111
58.624910,4.990000,0.978000,4.450000,0.404562,2.332848,2.585111
58.636020,4.990000,0.978000,4.450000,,,
58.647140,4.990000,0.978000,4.450000,,,
58.658250,4.990000,0.978000,4.450000,,,
58.669360,4.990000,0.978000,4.450000,0.119208,2.367964,2.481675
58.680470,4.990000,0.978000,4.450000,0.119208,2.367964,2.481675
58.691590,4.990000,0.978000,4.450000,0.119208,2.367964,2.481675
58.702700,4.990000,0.978000,4.450000,-0.173838,2.366263,2.374771
58.713810,4.990000,0.978000,4.450000,-0.173838,2.366263,2.374771
58.724920,4.990000,0.978000,4.450000,-0.173838,2.366263,2.374771
58.736030,4.990000,0.978000,4.450000,,,
58.747150,4.990000,0.978000,4.450000,,,
58.758260,4.990000,0.978000,4.450000,,,
58.769370,4.990000,0.978000,4.450000,-0.454413,2.331776,2.266655
58.780480,4.990000,0.978000,4.450000,-0.454413,2.331776,2.266655
58.791600,4.990000,0.978000,4.450000,-0.454413,2.331776,2.266655
58.802710,4.990000,0.978000,4.450000,-0.658950,2.292861,2.179846
58.813820,4.990000,0.978000,4.450000,-0.658950,2.292861,2.179846
58.824930,4.990000,0.978000,4.450000,-0.658950,2.292861,2.179846
58.836040,4.990000,0.978000,4.450000,,,
58.847160,4.990000,0.978000,4.450000,,,
58.858270,4.990000,0.978000,4.450000,,,
58.869380,4.990000,0.978000,4.450000,-0.658950,2.292861,2.179846
58.880490,4.990000,0.978000,4.450000,-0.658950,2.292861,2.179846
58.891610,4.990000,0.978000,4.450000,-0.658950,2.292861,2.179846
58.902720,4.990000,0.978000,4.450000,-0.658950,2.292861,2.179846
58.913830,4.990000,0.978000,4.450000,-0.658950,2.292861,2.179846
58.924940,4.990000,0.978000,4.450000,-0.658950,2.292861,2.179846
58.936050,4.990000,0.978000,4.450000,-0.658950,2.292861,2.179846
58.947170,4.990000,0.978000,4.450000,,,
58.958280,4.990000,0.978000,4.450000,,,
58.969390,4.990000,0.978000,4.450000,,,
58.980500,4.990000,0.978000,4.450000,-0.658950,2.292861,2.179846
58.991620,4.990000,0.978000,4.450000,-0.658950,2.292861,2.179846
59.002730,4.990000,0.978000,4.450000,-0.658950,2.292861,2.179846
59.013840,4.990000,0.978000,4.450000,-0.597439,2.343723,2.250532
59.024950,4.990000,0.978000,4.450000,-0.597439,2.343723,2.250532
59.036060,4.990000,0.978000,4.450000,-0.597439,2.343723,2.250532
59.047180,4.990000,0.978000,4.450000,,,
59.058290,4.990000,0.978000,4.450000,,,
59.069400,4.990000,0.978000,4.450000,,,
59.080510,4.990000,0.978000,4.450000,-0.410485,2.466006,2.468590
59.091630,4.990000,0.978000,4.450000,-0.410485,2.466006,2.468590
59.102740,4.990000,0.978000,4.450000,-0.410485,2.466006,2.468590
59.113850,4.990000,0.978000,4.450000,-0.215802,2.473098,2.700221
59.124960,4.990000,0.978000,4.450000,-0.215802,2.473098,2.700221
59.136070,4.990000,0.978000,4.450000,-0.215802,2.473098,2.700221
59.147190,4.990000,0.978000,4.450000,,,
59.158300,4.990000,0.978000,4.450000,,,
59.169410,4.990000,0.978000,4.450000,,,
59.180520,4.990000,0.978000,4.450000,-0.036102,2.380382,2.927740
59.191640,4.990000,0.978000,4.450000,-0.036102,2.380382,2.927740
59.202750,4.990000,0.978000,4.450000,-0.036102,2.380382,2.927740
59.213860,4.990000,0.978000,4.450000,-0.036102,2.380382,2.927740
59.224970,4.990000,0.978000,4.450000,0.038036,2.327694,3.023263
59.236080,4.990000,0.978000,4.450000,0.038036,2.327694,3.023263
59.247200,4.990000,0.978000,4.450000,0.038036,2.327694,3.023263
59.258310,4.990000,0.978000,4.450000,,,
59.269420,4.990000,0.978000,4.450000,,,
59.280530,4.990000,0.978000,4.450000,,,
59.291650,4.990000,0.978000,4.450000,0.038036,2.327694,3.023263
59.302760,4.990000,0.978000,4.450000,0.038036,2.327694,3.023263
59.313870,4.990000,0.978000,4.450000,0.038036,2.327694,3.023263
59.324980,4.990000,0.978000,4.450000,0.038036,2.327694,3.023263
59.336090,4.990000,0.978000,4.450000,0.038036,2.327694,3.023263
59.347210,4.990000,0.978000,4.450000,0.038036,2.327694,3.023263
59.358320,4.990000,0.978000,4.450000,,,
59.369430,4.990000,0.978000,4.450000,,,
59.380540,4.990000,0.978000,4.450000,,,
59.391650,4.990000,0.978000,4.450000,0.038036,2.327694,3.023263
59.402770,4.990000,0.978000,4.450000,0.038036,2.327694,3.023263
59.413880,4.990000,0.978000,4.450000,0.038036,2.327694,3.023263
59.424990,4.990000,0.978000,4.450000,0.211959,2.409313,2.977873
59.436100,4.990000,0.978000,4.450000,0.211959,2.409313,2.977873
59.447220,4.990000,0.978000,4.450000,0.211959,2.409313,2.977873
59.458330,4.990000,0.978000,4.450000,,,
59.469440,4.990000,0.978000,4.450000,,,
59.480550,4.990000,0.978000,4.450000,,,
59.491660,4.990000,0.978000,4.450000,0.491289,2.492155,2.887416
59.502780,4.990000,0.978000,4.450000,0.491289,2.492155,2.887416
59.513890,4.990000,0.978000,4.450000,0.491289,2.492155,2.887416
59.525000,4.990000,0.978000,4.450000,0.749421,2.424138,2.789995
59.536110,4.990000,0.978000,4.450000,0.749421,2.424138,2.789995
59.547230,4.990000,0.978000,4.450000,0.749421,2.424138,2.789995
59.558340,4.990000,0.978000,4.450000,,,
59.569450,4.990000,0.978000,4.450000,,,
59.580560,4.990000,0.978000,4.450000,,,
59.591670,4.990000,0.978000,4.450000,0.906827,2.333469,2.736224
59.602790,4.990000,0.978000,4.450000,0.906827,2.333469,2.736224
59.613900,4.990000,0.978000,4.450000,0.906827,2.333469,2.736224
59.625010,4.990000,0.978000,4.450000,0.906827,2.333469,2.736224
59.636120,4.990000,0.978000,4.450000,0.906827,2.333469,2.736224
59.647240,4.990000,0.978000,4.450000,0.906827,2.333469,2.736224
59.658350,4.990000,0.978000,4.450000,,,
59.669460,4.990000,0.978000,4.450000,,,
59.680570,4.990000,0.978000,4.450000,,,
59.691680,4.990000,0.978000,4.450000,,,
59.702800,4.990000,0.978000,4.450000,0.906827,2.333469,2.736224
59.713910,4.990000,0.978000,4.450000,0.906827,2.333469,2.736224
59.725020,4.990000,0.978000,4.450000,0.906827,2.333469,2.736224
59.736130,4.990000,0.978000,4.450000,0.906827,2.333469,2.736224
59.747250,4.990000,0.978000,4.450000,0.906827,2.333469,2.736224
59.758360,4.990000,0.978000,4.450000,0.906827,2.333469,2.736224
59.769470,4.990000,0.978000,4.450000,,,
59.780580,4.990000,0.978000,4.450000,,,
59.791690,4.990000,0.978000,4.450000,,,
59.802810,4.990000,0.978000,4.450000,0.859824,2.347465,2.731861
59.813920,4.990000,0.978000,4.450000,0.859824,2.347465,2.731861
59.825030,4.990000,0.978000,4.450000,0.859824,2.347465,2.731861
59.836140,4.990000,0.978000,4.450000,0.560469,2.430664,2.708710
59.847260,4.990000,0.978000,4.450000,0.560469,2.430664,2.708710
59.858370,4.990000,0.978000,4.450000,0.560469,2.430664,2.708710
59.869480,4.990000,0.978000,4.450000,,,
59.880590,4.990000,0.978000,4.450000,,,
59.891700,4.990000,0.978000,4.450000,,,
59.902820,4.990000,0.978000,4.450000,0.254368,2.484877,2.695531
59.913930,4.990000,0.978000,4.450000,0.254368,2.484877,2.695531
59.925040,4.990000,0.978000,4.450000,0.254368,2.484877,2.695531
59.936150,4.990000,0.978000,4.450000,-0.032195,2.476168,2.693109
59.947270,4.990000,0.978000,4.450000,-0.032195,2.476168,2.693109
59.958380,4.990000,0.978000,4.450000,-0.032195,2.476168,2.693109
59.969490,4.990000,0.978000,4.450000,,,
59.980600,4.990000,0.978000,4.450000,,,
59.991710,4.990000,0.978000,4.450000,,,
60.002830,4.990000,0.978000,4.450000,-0.324684,2.400134,2.695693
60.013940,4.990000,0.978000,4.450000,-0.324684,2.400134,2.695693
60.025050,4.990000,0.978000,4.450000,-0.324684,2.400134,2.695693
