Timestamp,HumanMPositionX,HumanMPositionY,HumanMPositionZ,BallPositionX,BallPositionY,BallPositionZ
0.033630,4.990000,0.978000,4.450000,,,
0.044741,4.990000,0.978000,4.450000,-0.989709,2.407079,1.233563
0.055852,4.990000,0.978000,4.450000,-0.989709,2.407079,1.233563
0.066963,4.990000,0.978000,4.450000,-0.989709,2.407079,1.233563
0.078074,4.990000,0.978000,4.450000,-0.963075,2.451665,1.535647
0.089185,4.990000,0.978000,4.450000,-0.963075,2.451665,1.535647
0.100297,4.990000,0.978000,4.450000,-0.963075,2.451665,1.535647
0.111408,4.990000,0.978000,4.450000,-0.963075,2.451665,1.535647
0.122519,4.990000,0.978000,4.450000,-0.963075,2.451665,1.535647
0.133630,4.990000,0.978000,4.450000,-0.963075,2.451665,1.535647
0.144741,4.990000,0.978000,4.450000,-0.936178,2.491903,1.840714
0.155852,4.990000,0.978000,4.450000,-0.936178,2.491903,1.840714
0.166963,4.990000,0.978000,4.450000,-0.936178,2.491903,1.840714
0.178074,4.990000,0.978000,4.450000,-0.909160,2.524786,2.147163
0.189185,4.990000,0.978000,4.450000,-0.909160,2.524786,2.147163
0.200297,4.990000,0.978000,4.450000,-0.909160,2.524786,2.147163
0.211408,4.990000,0.978000,4.450000,-0.909160,2.524786,2.147163
0.222519,4.990000,0.978000,4.450000,-0.909160,2.524786,2.147163
0.233630,4.990000,0.978000,4.450000,-0.909160,2.524786,2.147163
0.244741,4.990000,0.978000,4.450000,-0.882283,2.547895,2.452005
0.255852,4.990000,0.978000,4.450000,-0.882283,2.547895,2.452005
0.266963,4.990000,0.978000,4.450000,-0.882283,2.547895,2.452005
0.278074,4.990000,0.978000,4.450000,-0.855348,2.560087,2.757499
0.289185,4.990000,0.978000,4.450000,-0.855348,2.560087,2.757499
0.300297,4.990000,0.978000,4.450000,-0.855348,2.560087,2.757499
0.311408,4.990000,0.978000,4.450000,-0.855348,2.560087,2.757499
0.322519,4.990000,0.978000,4.450000,-0.855348,2.560087,2.757499
0.333630,4.990000,0.978000,4.450000,-0.855348,2.560087,2.757499
0.344741,4.990000,0.978000,4.450000,-0.828973,2.560826,3.056652
0.355852,4.990000,0.978000,4.450000,-0.828973,2.560826,3.056652
0.366963,4.990000,0.978000,4.450000,-0.828973,2.560826,3.056652
0.378074,4.990000,0.978000,4.450000,-0.802378,2.550683,3.358293
0.389185,4.990000,0.978000,4.450000,-0.802378,2.550683,3.358293
0.400297,4.990000,0.978000,4.450000,-0.802378,2.550683,3.358293
0.411408,4.990000,0.978000,4.450000,-0.802378,2.550683,3.358293
0.422519,4.990000,0.978000,4.450000,-0.802378,2.550683,3.358293
0.433630,4.990000,0.978000,4.450000,-0.802378,2.550683,3.358293
0.444741,4.990000,0.978000,4.450000,-0.775761,2.530405,3.660190
0.455852,4.990000,0.978000,4.450000,-0.775761,2.530405,3.660190
0.466963,4.990000,0.978000,4.450000,-0.775761,2.530405,3.660190
0.478074,4.990000,0.978000,4.450000,-0.748862,2.501024,3.956289
0.489185,4.990000,0.978000,4.450000,-0.748862,2.501024,3.956289
0.500297,4.990000,0.978000,4.450000,-0.748862,2.501024,3.956289
0.511408,4.990000,0.978000,4.450000,,,
0.522519,4.990000,0.978000,4.450000,,,
0.533630,4.990000,0.978000,4.450000,,,
0.544741,4.990000,0.978000,4.450000,,,
0.555852,4.990000,0.978000,4.450000,-0.729270,2.475308,4.141854
0.566963,4.990000,0.978000,4.450000,-0.729270,2.475308,4.141854
0.578075,4.990000,0.978000,4.450000,-0.729270,2.475308,4.141854
0.589186,4.990000,0.978000,4.450000,-0.729270,2.475308,4.141854
0.600297,4.990000,0.978000,4.450000,-0.729270,2.475308,4.141854
0.611408,4.990000,0.978000,4.450000,-0.729270,2.475308,4.141854
0.622519,4.990000,0.978000,4.450000,,,
0.633630,4.990000,0.978000,4.450000,,,
0.644741,4.990000,0.978000,4.450000,,,
0.655853,4.990000,0.978000,4.450000,-0.729270,2.475308,4.141854
0.666964,4.990000,0.978000,4.450000,-0.729270,2.475308,4.141854
0.678075,4.990000,0.978000,4.450000,-0.729270,2.475308,4.141854
0.689186,4.990000,0.978000,4.450000,-0.729270,2.475308,4.141854
0.700297,4.990000,0.978000,4.450000,-0.729270,2.475308,4.141854
0.711408,4.990000,0.978000,4.450000,-0.729270,2.475308,4.141854
0.722519,4.990000,0.978000,4.450000,,,
0.733631,4.990000,0.978000,4.450000,,,
0.744742,4.990000,0.978000,4.450000,,,
0.755853,4.990000,0.978000,4.450000,,,
0.766964,4.990000,0.978000,4.450000,-0.742307,2.495405,4.010082
0.778075,4.990000,0.978000,4.450000,-0.742307,2.495405,4.010082
0.789186,4.990000,0.978000,4.450000,-0.742307,2.495405,4.010082
0.800297,4.990000,0.978000,4.450000,-0.773166,2.540669,3.697552
0.811409,4.990000,0.978000,4.450000,-0.773166,2.540669,3.697552
0.822520,4.990000,0.978000,4.450000,-0.773166,2.540669,3.697552
0.833631,4.990000,0.978000,4.450000,,,
0.844742,4.990000,0.978000,4.450000,,,
0.855853,4.990000,0.978000,4.450000,,,
0.866964,4.990000,0.978000,4.450000,-0.803651,2.580387,3.386286
0.878075,4.990000,0.978000,4.450000,-0.803651,2.580387,3.386286
0.889186,4.990000,0.978000,4.450000,-0.803651,2.580387,3.386286
0.900298,4.990000,0.978000,4.450000,-0.832487,2.609133,3.078845
0.911409,4.990000,0.978000,4.450000,-0.832487,2.609133,3.078845
0.922520,4.990000,0.978000,4.450000,-0.832487,2.609133,3.078845
0.933631,4.990000,0.978000,4.450000,,,
0.944742,4.990000,0.978000,4.450000,,,
0.955853,4.990000,0.978000,4.450000,,,
0.966964,4.990000,0.978000,4.450000,,,
0.978076,4.990000,0.978000,4.450000,-0.855667,2.622021,2.775383
0.989187,4.990000,0.978000,4.450000,-0.855667,2.622021,2.775383
1.000298,4.990000,0.978000,4.450000,-0.855667,2.622021,2.775383
1.011409,4.990000,0.978000,4.450000,-0.872880,2.613531,2.468588
1.022520,4.990000,0.978000,4.450000,-0.872880,2.613531,2.468588
1.033631,4.990000,0.978000,4.450000,-0.872880,2.613531,2.468588
1.044742,4.990000,0.978000,4.450000,,,
1.055853,4.990000,0.978000,4.450000,,,
1.066965,4.990000,0.978000,4.450000,,,
1.078076,4.990000,0.978000,4.450000,-0.887261,2.569736,2.166193
1.089187,4.990000,0.978000,4.450000,-0.887261,2.569736,2.166193
1.100298,4.990000,0.978000,4.450000,-0.887261,2.569736,2.166193
1.111409,4.990000,0.978000,4.450000,-0.898011,2.494279,1.875388
1.122520,4.990000,0.978000,4.450000,-0.898011,2.494279,1.875388
1.133631,4.990000,0.978000,4.450000,-0.898011,2.494279,1.875388
1.144743,4.990000,0.978000,4.450000,,,
1.155854,4.990000,0.978000,4.450000,,,
1.166965,4.990000,0.978000,4.450000,,,
1.178076,4.990000,0.978000,4.450000,-0.905263,2.379667,1.564609
1.189187,4.990000,0.978000,4.450000,-0.905263,2.379667,1.564609
1.200298,4.990000,0.978000,4.450000,-0.905263,2.379667,1.564609
1.211409,4.990000,0.978000,4.450000,-0.905263,2.379667,1.564609
1.222521,4.990000,0.978000,4.450000,-0.907173,2.280843,1.350908
1.233632,4.990000,0.978000,4.450000,-0.907173,2.280843,1.350908
1.244743,4.990000,0.978000,4.450000,-0.907173,2.280843,1.350908
1.255854,4.990000,0.978000,4.450000,-0.907173,2.280843,1.350908
1.266965,4.990000,0.978000,4.450000,-0.907173,2.280843,1.350908
1.278076,4.990000,0.978000,4.450000,-0.907173,2.280843,1.350908
1.289187,4.990000,0.978000,4.450000,-0.907173,2.280843,1.350908
1.300299,4.990000,0.978000,4.450000,-0.907173,2.280843,1.350908
1.311410,4.990000,0.978000,4.450000,-0.907173,2.280843,1.350908
1.322521,4.990000,0.978000,4.450000,-0.907173,2.280843,1.350908
1.333632,4.990000,0.978000,4.450000,-0.907173,2.280843,1.350908
1.344743,4.990000,0.978000,4.450000,-0.907173,2.280843,1.350908
1.355854,4.990000,0.978000,4.450000,-0.907173,2.280843,1.350908
1.366965,4.990000,0.978000,4.450000,-0.907173,2.280843,1.350908
1.378077,4.990000,0.978000,4.450000,-0.907173,2.280843,1.350908
1.389188,4.990000,0.978000,4.450000,,,
1.400299,4.990000,0.978000,4.450000,,,
1.411410,4.990000,0.978000,4.450000,,,
1.422521,4.990000,0.978000,4.450000,-0.823595,2.300071,1.354681
1.433632,4.990000,0.978000,4.450000,-0.823595,2.300071,1.354681
1.444743,4.990000,0.978000,4.450000,-0.823595,2.300071,1.354681
1.455855,4.990000,0.978000,4.450000,-0.823595,2.300071,1.354681
1.466966,4.990000,0.978000,4.450000,-0.517523,2.365205,1.369869
1.478077,4.990000,0.978000,4.450000,-0.517523,2.365205,1.369869
1.489188,4.990000,0.978000,4.450000,-0.517523,2.365205,1.369869
1.500299,4.990000,0.978000,4.450000,-0.517523,2.365205,1.369869
1.511410,4.990000,0.978000,4.450000,-0.517523,2.365205,1.369869
1.522521,4.990000,0.978000,4.450000,-0.517523,2.365205,1.369869
1.533633,4.990000,0.978000,4.450000,-0.185387,2.399676,1.387440
1.544744,4.990000,0.978000,4.450000,-0.185387,2.399676,1.387440
1.555855,4.990000,0.978000,4.450000,-0.185387,2.399676,1.387440
1.566966,4.990000,0.978000,4.450000,0.119730,2.366401,1.403287
1.578077,4.990000,0.978000,4.450000,0.119730,2.366401,1.403287
1.589188,4.990000,0.978000,4.450000,0.119730,2.366401,1.403287
1.600299,4.990000,0.978000,4.450000,0.119730,2.366401,1.403287
1.611410,4.990000,0.978000,4.450000,0.119730,2.366401,1.403287
1.622522,4.990000,0.978000,4.450000,0.119730,2.366401,1.403287
1.633633,4.990000,0.978000,4.450000,0.418282,2.278687,1.418234
1.644744,4.990000,0.978000,4.450000,0.418282,2.278687,1.418234
1.655855,4.990000,0.978000,4.450000,0.418282,2.278687,1.418234
1.666966,4.990000,0.978000,4.450000,0.623374,2.202951,1.426621
1.678077,4.990000,0.978000,4.450000,0.623374,2.202951,1.426621
1.689188,4.990000,0.978000,4.450000,0.623374,2.202951,1.426621
1.700300,4.990000,0.978000,4.450000,0.623374,2.202951,1.426621
1.711411,4.990000,0.978000,4.450000,,,
1.722522,4.990000,0.978000,4.450000,,,
1.733633,4.990000,0.978000,4.450000,,,
1.744744,4.990000,0.978000,4.450000,0.623374,2.202951,1.426621
1.755855,4.990000,0.978000,4.450000,0.623374,2.202951,1.426621
1.766966,4.990000,0.978000,4.450000,0.623374,2.202951,1.426621
1.778078,4.990000,0.978000,4.450000,0.623374,2.202951,1.426621
1.789189,4.990000,0.978000,4.450000,0.623374,2.202951,1.426621
1.800300,4.990000,0.978000,4.450000,0.623374,2.202951,1.426621
1.811411,4.990000,0.978000,4.450000,,,
1.822522,4.990000,0.978000,4.450000,,,
1.833633,4.990000,0.978000,4.450000,,,
1.844744,4.990000,0.978000,4.450000,0.623374,2.202951,1.426621
1.855856,4.990000,0.978000,4.450000,0.623374,2.202951,1.426621
1.866967,4.990000,0.978000,4.450000,0.623374,2.202951,1.426621
1.878078,4.990000,0.978000,4.450000,0.541603,2.233920,1.537573
1.889189,4.990000,0.978000,4.450000,0.541603,2.233920,1.537573
1.900300,4.990000,0.978000,4.450000,0.541603,2.233920,1.537573
1.911411,4.990000,0.978000,4.450000,0.541603,2.233920,1.537573
1.922522,4.990000,0.978000,4.450000,0.541603,2.233920,1.537573
1.933634,4.990000,0.978000,4.450000,0.541603,2.233920,1.537573
1.944745,4.990000,0.978000,4.450000,0.358037,2.301512,1.786377
1.955856,4.990000,0.978000,4.450000,0.358037,2.301512,1.786377
1.966967,4.990000,0.978000,4.450000,0.358037,2.301512,1.786377
1.978078,4.990000,0.978000,4.450000,,,
1.989189,4.990000,0.978000,4.450000,,,
2.000300,4.990000,0.978000,4.450000,,,
2.011411,4.990000,0.978000,4.450000,0.174082,2.365117,2.032516
2.022522,4.990000,0.978000,4.450000,0.174082,2.365117,2.032516
2.033633,4.990000,0.978000,4.450000,0.174082,2.365117,2.032516
2.044744,4.990000,0.978000,4.450000,0.174082,2.365117,2.032516
2.055856,4.990000,0.978000,4.450000,-0.010445,2.420014,2.271179
2.066967,4.990000,0.978000,4.450000,-0.010445,2.420014,2.271179
2.078078,4.990000,0.978000,4.450000,-0.010445,2.420014,2.271179
2.089189,4.990000,0.978000,4.450000,-0.201639,2.463052,2.508503
2.100300,4.990000,0.978000,4.450000,-0.201639,2.463052,2.508503
2.111411,4.990000,0.978000,4.450000,-0.201639,2.463052,2.508503
2.122522,4.990000,0.978000,4.450000,-0.201639,2.463052,2.508503
2.133633,4.990000,0.978000,4.450000,-0.201639,2.463052,2.508503
2.144744,4.990000,0.978000,4.450000,-0.201639,2.463052,2.508503
2.155855,4.990000,0.978000,4.450000,-0.395684,2.488921,2.736212
2.166966,4.990000,0.978000,4.450000,-0.395684,2.488921,2.736212
2.178077,4.990000,0.978000,4.450000,-0.395684,2.488921,2.736212
2.189188,4.990000,0.978000,4.450000,-0.602458,2.495473,2.967781
2.200299,4.990000,0.978000,4.450000,-0.602458,2.495473,2.967781
2.211410,4.990000,0.978000,4.450000,-0.602458,2.495473,2.967781
2.222521,4.990000,0.978000,4.450000,,,
2.233632,4.990000,0.978000,4.450000,,,
2.244743,4.990000,0.978000,4.450000,,,
2.255854,4.990000,0.978000,4.450000,-0.815183,2.480373,3.192256
2.266965,4.990000,0.978000,4.450000,-0.815183,2.480373,3.192256
2.278076,4.990000,0.978000,4.450000,-0.815183,2.480373,3.192256
2.289187,4.990000,0.978000,4.450000,-0.815183,2.480373,3.192256
2.300298,4.990000,0.978000,4.450000,-1.040286,2.443460,3.410770
2.311409,4.990000,0.978000,4.450000,-1.040286,2.443460,3.410770
2.322520,4.990000,0.978000,4.450000,-1.040286,2.443460,3.410770
2.333631,4.990000,0.978000,4.450000,,,
2.344742,4.990000,0.978000,4.450000,,,
2.355853,4.990000,0.978000,4.450000,,,
2.366964,4.990000,0.978000,4.450000,-1.261805,2.390483,3.616039
2.378075,4.990000,0.978000,4.450000,-1.261805,2.390483,3.616039
2.389186,4.990000,0.978000,4.450000,-1.261805,2.390483,3.616039
2.400297,4.990000,0.978000,4.450000,-1.357671,2.363735,3.705868
2.411408,4.990000,0.978000,4.450000,-1.357671,2.363735,3.705868
2.422519,4.990000,0.978000,4.450000,-1.357671,2.363735,3.705868
2.433630,4.990000,0.978000,4.450000,,,
2.444741,4.990000,0.978000,4.450000,,,
2.455852,4.990000,0.978000,4.450000,,,
2.466963,4.990000,0.978000,4.450000,-1.357671,2.363735,3.705868
2.478074,4.990000,0.978000,4.450000,-1.357671,2.363735,3.705868
2.489185,4.990000,0.978000,4.450000,-1.357671,2.363735,3.705868
2.500296,4.990000,0.978000,4.450000,-1.357671,2.363735,3.705868
2.511407,4.990000,0.978000,4.450000,-1.357671,2.363735,3.705868
2.522518,4.990000,0.978000,4.450000,-1.357671,2.363735,3.705868
2.533629,4.990000,0.978000,4.450000,-1.357671,2.363735,3.705868
2.544740,4.990000,0.978000,4.450000,,,
2.555851,4.990000,0.978000,4.450000,,,
2.566962,4.990000,0.978000,4.450000,,,
2.578074,4.990000,0.978000,4.450000,-1.357671,2.363735,3.705868
2.589185,4.990000,0.978000,4.450000,-1.357671,2.363735,3.705868
2.600296,4.990000,0.978000,4.450000,-1.357671,2.363735,3.705868
2.611407,4.990000,0.978000,4.450000,-1.299161,2.418230,3.530385
2.622518,4.990000,0.978000,4.450000,-1.299161,2.418230,3.530385
2.633629,4.990000,0.978000,4.450000,-1.299161,2.418230,3.530385
2.644740,4.990000,0.978000,4.450000,,,
2.655851,4.990000,0.978000,4.450000,,,
2.666962,4.990000,0.978000,4.450000,,,
2.678073,4.990000,0.978000,4.450000,-1.205904,2.493164,3.252148
2.689184,4.990000,0.978000,4.450000,-1.205904,2.493164,3.252148
2.700295,4.990000,0.978000,4.450000,-1.205904,2.493164,3.252148
2.711406,4.990000,0.978000,4.450000,-1.102033,2.509251,2.966164
2.722517,4.990000,0.978000,4.450000,-1.102033,2.509251,2.966164
2.733628,4.990000,0.978000,4.450000,-1.102033,2.509251,2.966164
2.744739,4.990000,0.978000,4.450000,,,
2.755850,4.990000,0.978000,4.450000,,,
2.766961,4.990000,0.978000,4.450000,,,
2.778072,4.990000,0.978000,4.450000,-0.990864,2.428946,2.690333
2.789183,4.990000,0.978000,4.450000,-0.990864,2.428946,2.690333
2.800294,4.990000,0.978000,4.450000,-0.990864,2.428946,2.690333
2.811405,4.990000,0.978000,4.450000,-0.913659,2.336483,2.517393
2.822516,4.990000,0.978000,4.450000,-0.913659,2.336483,2.517393
2.833627,4.990000,0.978000,4.450000,-0.913659,2.336483,2.517393
2.844686,4.990000,0.978000,4.450000,,,
2.855849,4.990000,0.978000,4.450000,,,
2.866960,4.990000,0.978000,4.450000,,,
2.878071,4.990000,0.978000,4.450000,,,
2.889182,4.990000,0.978000,4.450000,-0.913659,2.336483,2.517393
2.900293,4.990000,0.978000,4.450000,-0.913659,2.336483,2.517393
2.911404,4.990000,0.978000,4.450000,-0.913659,2.336483,2.517393
2.922515,4.990000,0.978000,4.450000,-0.913659,2.336483,2.517393
2.933626,4.990000,0.978000,4.450000,-0.913659,2.336483,2.517393
2.944737,4.990000,0.978000,4.450000,-0.913659,2.336483,2.517393
2.955848,4.990000,0.978000,4.450000,,,
2.966959,4.990000,0.978000,4.450000,,,
2.978070,4.990000,0.978000,4.450000,,,
2.989181,4.990000,0.978000,4.450000,-0.913659,2.336483,2.517393
3.000292,4.990000,0.978000,4.450000,-0.913659,2.336483,2.517393
3.011403,4.990000,0.978000,4.450000,-0.913659,2.336483,2.517393
3.022514,4.990000,0.978000,4.450000,-0.848926,2.352851,2.497376
3.033625,4.990000,0.978000,4.450000,-0.848926,2.352851,2.497376
3.044736,4.990000,0.978000,4.450000,-0.848926,2.352851,2.497376
3.055847,4.990000,0.978000,4.450000,,,
3.066958,4.990000,0.978000,4.450000,,,
3.078069,4.990000,0.978000,4.450000,,,
3.089180,4.990000,0.978000,4.450000,-0.559328,2.421486,2.407825
3.100291,4.990000,0.978000,4.450000,-0.559328,2.421486,2.407825
3.111403,4.990000,0.978000,4.450000,-0.559328,2.421486,2.407825
3.122514,4.990000,0.978000,4.450000,-0.270124,2.474295,2.317440
3.133625,4.990000,0.978000,4.450000,-0.270124,2.474295,2.317440
3.144736,4.990000,0.978000,4.450000,-0.270124,2.474295,2.317440
3.155847,4.990000,0.978000,4.450000,-0.270124,2.474295,2.317440
3.166958,4.990000,0.978000,4.450000,,,
3.178069,4.990000,0.978000,4.450000,,,
3.189180,4.990000,0.978000,4.450000,,,
3.200291,4.990000,0.978000,4.450000,0.014934,2.493996,2.225500
3.211402,4.990000,0.978000,4.450000,0.014934,2.493996,2.225500
3.222513,4.990000,0.978000,4.450000,0.014934,2.493996,2.225500
3.233624,4.990000,0.978000,4.450000,0.307336,2.465685,2.128757
3.244735,4.990000,0.978000,4.450000,0.307336,2.465685,2.128757
3.255846,4.990000,0.978000,4.450000,0.307336,2.465685,2.128757
3.266957,4.990000,0.978000,4.450000,0.569859,2.394928,2.037813
3.278068,4.990000,0.978000,4.450000,0.569859,2.394928,2.037813
3.289179,4.990000,0.978000,4.450000,0.569859,2.394928,2.037813
3.300290,4.990000,0.978000,4.450000,0.569859,2.394928,2.037813
3.311401,4.990000,0.978000,4.450000,0.569859,2.394928,2.037813
3.322512,4.990000,0.978000,4.450000,0.569859,2.394928,2.037813
3.333623,4.990000,0.978000,4.450000,0.569859,2.394928,2.037813
3.344734,4.990000,0.978000,4.450000,0.855322,2.276254,1.925113
3.355845,4.990000,0.978000,4.450000,0.855322,2.276254,1.925113
3.366956,4.990000,0.978000,4.450000,0.855322,2.276254,1.925113
3.378067,4.990000,0.978000,4.450000,0.900505,2.254214,1.906059
3.389178,4.990000,0.978000,4.450000,0.900505,2.254214,1.906059
3.400289,4.990000,0.978000,4.450000,0.900505,2.254214,1.906059
3.411400,4.990000,0.978000,4.450000,,,
3.422511,4.990000,0.978000,4.450000,,,
3.433622,4.990000,0.978000,4.450000,,,
3.444733,4.990000,0.978000,4.450000,0.900505,2.254214,1.906059
3.455844,4.990000,0.978000,4.450000,0.900505,2.254214,1.906059
3.466955,4.990000,0.978000,4.450000,0.900505,2.254214,1.906059
3.478066,4.990000,0.978000,4.450000,0.900505,2.254214,1.906059
3.489177,4.990000,0.978000,4.450000,0.900505,2.254214,1.906059
3.500288,4.990000,0.978000,4.450000,0.900505,2.254214,1.906059
3.511399,4.990000,0.978000,4.450000,,,
3.522510,4.990000,0.978000,4.450000,,,
3.533621,4.990000,0.978000,4.450000,,,
3.544732,4.990000,0.978000,4.450000,0.900505,2.254214,1.906059
3.555843,4.990000,0.978000,4.450000,0.900505,2.254214,1.906059
3.566954,4.990000,0.978000,4.450000,0.900505,2.254214,1.906059
3.578065,4.990000,0.978000,4.450000,0.671278,2.295895,2.066994
3.589176,4.990000,0.978000,4.450000,0.671278,2.295895,2.066994
3.600287,4.990000,0.978000,4.450000,0.671278,2.295895,2.066994
3.611398,4.990000,0.978000,4.450000,0.671278,2.295895,2.066994
3.622509,4.990000,0.978000,4.450000,,,
3.633621,4.990000,0.978000,4.450000,,,
3.644732,4.990000,0.978000,4.450000,,,
3.655843,4.990000,0.978000,4.450000,0.427695,2.336067,2.238210
3.666954,4.990000,0.978000,4.450000,0.427695,2.336067,2.238210
3.678065,4.990000,0.978000,4.450000,0.427695,2.336067,2.238210
3.689176,4.990000,0.978000,4.450000,0.182069,2.367863,2.410882
3.700287,4.990000,0.978000,4.450000,0.182069,2.367863,2.410882
3.711398,4.990000,0.978000,4.450000,0.182069,2.367863,2.410882
3.722509,4.990000,0.978000,4.450000,,,
3.733620,4.990000,0.978000,4.450000,,,
3.744731,4.990000,0.978000,4.450000,,,
3.755842,4.990000,0.978000,4.450000,-0.066334,2.384666,2.585499
3.766953,4.990000,0.978000,4.450000,-0.066334,2.384666,2.585499
3.778064,4.990000,0.978000,4.450000,-0.066334,2.384666,2.585499
3.789175,4.990000,0.978000,4.450000,-0.313139,2.381283,2.759866
3.800286,4.990000,0.978000,4.450000,-0.313139,2.381283,2.759866
3.811397,4.990000,0.978000,4.450000,-0.313139,2.381283,2.759866
3.822508,4.990000,0.978000,4.450000,,,
3.833619,4.990000,0.978000,4.450000,,,
3.844730,4.990000,0.978000,4.450000,,,
3.855841,4.990000,0.978000,4.450000,-0.558252,2.356405,2.932788
3.866952,4.990000,0.978000,4.450000,-0.558252,2.356405,2.932788
3.878063,4.990000,0.978000,4.450000,-0.558252,2.356405,2.932788
3.889174,4.990000,0.978000,4.450000,-0.809862,2.311285,3.111871
3.900285,4.990000,0.978000,4.450000,-0.809862,2.311285,3.111871
3.911396,4.990000,0.978000,4.450000,-0.809862,2.311285,3.111871
3.922507,4.990000,0.978000,4.450000,-0.809862,2.311285,3.111871
3.933618,4.990000,0.978000,4.450000,,,
3.944729,4.990000,0.978000,4.450000,,,
3.955840,4.990000,0.978000,4.450000,,,
3.966951,4.990000,0.978000,4.450000,-1.056841,2.252752,3.290107
3.978062,4.990000,0.978000,4.450000,-1.056841,2.252752,3.290107
3.989173,4.990000,0.978000,4.450000,-1.056841,2.252752,3.290107
4.000284,4.990000,0.978000,4.450000,-1.281743,2.192131,3.456729
4.011395,4.990000,0.978000,4.450000,-1.281743,2.192131,3.456729
4.022507,4.990000,0.978000,4.450000,-1.281743,2.192131,3.456729
4.033618,4.990000,0.978000,4.450000,,,
4.044729,4.990000,0.978000,4.450000,,,
4.055840,4.990000,0.978000,4.450000,,,
4.066952,4.990000,0.978000,4.450000,-1.281743,2.192131,3.456729
4.078063,4.990000,0.978000,4.450000,-1.281743,2.192131,3.456729
4.089174,4.990000,0.978000,4.450000,-1.281743,2.192131,3.456729
4.100286,4.990000,0.978000,4.450000,-1.281743,2.192131,3.456729
4.111397,4.990000,0.978000,4.450000,-1.281743,2.192131,3.456729
4.122508,4.990000,0.978000,4.450000,-1.281743,2.192131,3.456729
4.133619,4.990000,0.978000,4.450000,,,
4.144731,4.990000,0.978000,4.450000,,,
4.155842,4.990000,0.978000,4.450000,,,
4.166953,4.990000,0.978000,4.450000,-1.281743,2.192131,3.456729
4.178064,4.990000,0.978000,4.450000,-1.281743,2.192131,3.456729
4.189176,4.990000,0.978000,4.450000,-1.281743,2.192131,3.456729
4.200287,4.990000,0.978000,4.450000,-1.281743,2.192131,3.456729
4.211398,4.990000,0.978000,4.450000,-1.241327,2.222754,3.402371
4.222509,4.990000,0.978000,4.450000,-1.241327,2.222754,3.402371
4.233621,4.990000,0.978000,4.450000,-1.241327,2.222754,3.402371
4.244732,4.990000,0.978000,4.450000,,,
4.255843,4.990000,0.978000,4.450000,,,
4.266954,4.990000,0.978000,4.450000,,,
4.278066,4.990000,0.978000,4.450000,-1.065034,2.325448,3.167645
4.289177,4.990000,0.978000,4.450000,-1.065034,2.325448,3.167645
4.300288,4.990000,0.978000,4.450000,-1.065034,2.325448,3.167645
4.311399,4.990000,0.978000,4.450000,-0.888757,2.287963,2.934350
4.322511,4.990000,0.978000,4.450000,-0.888757,2.287963,2.934350
4.333622,4.990000,0.978000,4.450000,-0.888757,2.287963,2.934350
4.344733,4.990000,0.978000,4.450000,,,
4.355844,4.990000,0.978000,4.450000,,,
4.366956,4.990000,0.978000,4.450000,,,
4.378067,4.990000,0.978000,4.450000,-0.756886,2.161416,2.757756
4.389178,4.990000,0.978000,4.450000,-0.756886,2.161416,2.757756
4.400290,4.990000,0.978000,4.450000,-0.756886,2.161416,2.757756
4.411401,4.990000,0.978000,4.450000,-0.721454,2.120013,2.707127
4.422512,4.990000,0.978000,4.450000,-0.721454,2.120013,2.707127
4.433623,4.990000,0.978000,4.450000,-0.721454,2.120013,2.707127
4.444735,4.990000,0.978000,4.450000,-0.721454,2.120013,2.707127
4.455846,4.990000,0.978000,4.450000,-0.721454,2.120013,2.707127
4.466957,4.990000,0.978000,4.450000,-0.721454,2.120013,2.707127
4.478068,4.990000,0.978000,4.450000,-0.721454,2.120013,2.707127
4.489180,4.990000,0.978000,4.450000,-0.721454,2.120013,2.707127
4.500291,4.990000,0.978000,4.450000,-0.721454,2.120013,2.707127
4.511402,4.990000,0.978000,4.450000,-0.721454,2.120013,2.707127
4.522513,4.990000,0.978000,4.450000,-0.721454,2.120013,2.707127
4.533625,4.990000,0.978000,4.450000,-0.721454,2.120013,2.707127
4.544736,4.990000,0.978000,4.450000,-0.721454,2.120013,2.707127
4.555847,4.990000,0.978000,4.450000,-0.721454,2.120013,2.707127
4.566958,4.990000,0.978000,4.450000,-0.721454,2.120013,2.707127
4.578070,4.990000,0.978000,4.450000,-0.721454,2.120013,2.707127
4.589181,4.990000,0.978000,4.450000,,,
4.600292,4.990000,0.978000,4.450000,,,
4.611403,4.990000,0.978000,4.450000,,,
4.622515,4.990000,0.978000,4.450000,-0.526966,2.202733,2.759101
4.633626,4.990000,0.978000,4.450000,-0.526966,2.202733,2.759101
4.644737,4.990000,0.978000,4.450000,-0.526966,2.202733,2.759101
4.655849,4.990000,0.978000,4.450000,-0.242460,2.299208,2.837840
4.666960,4.990000,0.978000,4.450000,-0.242460,2.299208,2.837840
4.678071,4.990000,0.978000,4.450000,-0.242460,2.299208,2.837840
4.689182,4.990000,0.978000,4.450000,,,
4.700294,4.990000,0.978000,4.450000,,,
4.711405,4.990000,0.978000,4.450000,,,
4.722516,4.990000,0.978000,4.450000,0.057313,2.306759,2.921129
4.733627,4.990000,0.978000,4.450000,0.057313,2.306759,2.921129
4.744739,4.990000,0.978000,4.450000,0.057313,2.306759,2.921129
4.755850,4.990000,0.978000,4.450000,0.337114,2.228713,3.005094
4.766961,4.990000,0.978000,4.450000,0.337114,2.228713,3.005094
4.778072,4.990000,0.978000,4.450000,0.337114,2.228713,3.005094
4.789184,4.990000,0.978000,4.450000,0.337114,2.228713,3.005094
4.800295,4.990000,0.978000,4.450000,,,
4.811406,4.990000,0.978000,4.450000,,,
4.822517,4.990000,0.978000,4.450000,,,
4.833629,4.990000,0.978000,4.450000,0.429365,2.194748,3.034248
4.844740,4.990000,0.978000,4.450000,0.429365,2.194748,3.034248
4.855851,4.990000,0.978000,4.450000,0.429365,2.194748,3.034248
4.866962,4.990000,0.978000,4.450000,0.429365,2.194748,3.034248
4.878074,4.990000,0.978000,4.450000,0.429365,2.194748,3.034248
4.889185,4.990000,0.978000,4.450000,0.429365,2.194748,3.034248
4.900296,4.990000,0.978000,4.450000,0.429365,2.194748,3.034248
4.911407,4.990000,0.978000,4.450000,0.429365,2.194748,3.034248
4.922519,4.990000,0.978000,4.450000,0.429365,2.194748,3.034248
4.933630,4.990000,0.978000,4.450000,0.429365,2.194748,3.034248
4.944741,4.990000,0.978000,4.450000,0.429365,2.194748,3.034248
4.955853,4.990000,0.978000,4.450000,0.429365,2.194748,3.034248
4.966964,4.990000,0.978000,4.450000,0.429365,2.194748,3.034248
4.978075,4.990000,0.978000,4.450000,0.429365,2.194748,3.034248
4.989186,4.990000,0.978000,4.450000,0.429365,2.194748,3.034248
5.000298,4.990000,0.978000,4.450000,,,
5.011409,4.990000,0.978000,4.450000,,,
5.022520,4.990000,0.978000,4.450000,,,
5.033631,4.990000,0.978000,4.450000,0.245134,2.260337,3.099362
5.044743,4.990000,0.978000,4.450000,0.245134,2.260337,3.099362
5.055854,4.990000,0.978000,4.450000,0.245134,2.260337,3.099362
5.066965,4.990000,0.978000,4.450000,0.245134,2.260337,3.099362
5.078076,4.990000,0.978000,4.450000,-0.029979,2.352195,3.193946
5.089188,4.990000,0.978000,4.450000,-0.029979,2.352195,3.193946
5.100299,4.990000,0.978000,4.450000,-0.029979,2.352195,3.193946
5.111410,4.990000,0.978000,4.450000,,,
5.122521,4.990000,0.978000,4.450000,,,
5.133633,4.990000,0.978000,4.450000,,,
5.144744,4.990000,0.978000,4.450000,-0.312327,2.425943,3.289840
5.155855,4.990000,0.978000,4.450000,-0.312327,2.425943,3.289840
5.166966,4.990000,0.978000,4.450000,-0.312327,2.425943,3.289840
5.178078,4.990000,0.978000,4.450000,-0.603129,2.463215,3.389072
5.189189,4.990000,0.978000,4.450000,-0.603129,2.463215,3.389072
5.200300,4.990000,0.978000,4.450000,-0.603129,2.463215,3.389072
5.211411,4.990000,0.978000,4.450000,,,
5.222523,4.990000,0.978000,4.450000,,,
5.233634,4.990000,0.978000,4.450000,,,
5.244745,4.990000,0.978000,4.450000,-0.888414,2.456252,3.486490
5.255857,4.990000,0.978000,4.450000,-0.888414,2.456252,3.486490
5.266968,4.990000,0.978000,4.450000,-0.888414,2.456252,3.486490
5.278079,4.990000,0.978000,4.450000,-1.179509,2.411150,3.585901
5.289190,4.990000,0.978000,4.450000,-1.179509,2.411150,3.585901
5.300302,4.990000,0.978000,4.450000,-1.179509,2.411150,3.585901
5.311413,4.990000,0.978000,4.450000,,,
5.322524,4.990000,0.978000,4.450000,,,
5.333635,4.990000,0.978000,4.450000,,,
5.344747,4.990000,0.978000,4.450000,,,
5.355858,4.990000,0.978000,4.450000,-1.350312,2.372262,3.644233
5.366969,4.990000,0.978000,4.450000,-1.350312,2.372262,3.644233
5.378080,4.990000,0.978000,4.450000,-1.350312,2.372262,3.644233
5.389192,4.990000,0.978000,4.450000,-1.350312,2.372262,3.644233
5.400303,4.990000,0.978000,4.450000,-1.350312,2.372262,3.644233
5.411414,4.990000,0.978000,4.450000,-1.350312,2.372262,3.644233
5.422525,4.990000,0.978000,4.450000,,,
5.433637,4.990000,0.978000,4.450000,,,
5.444748,4.990000,0.978000,4.450000,,,
5.455859,4.990000,0.978000,4.450000,-1.350312,2.372262,3.644233
5.466970,4.990000,0.978000,4.450000,-1.350312,2.372262,3.644233
5.478082,4.990000,0.978000,4.450000,-1.350312,2.372262,3.644233
5.489193,4.990000,0.978000,4.450000,-1.350312,2.372262,3.644233
5.500304,4.990000,0.978000,4.450000,-1.350312,2.372262,3.644233
5.511415,4.990000,0.978000,4.450000,-1.350312,2.372262,3.644233
5.522527,4.990000,0.978000,4.450000,,,
5.533638,4.990000,0.978000,4.450000,,,
5.544749,4.990000,0.978000,4.450000,,,
5.555861,4.990000,0.978000,4.450000,-1.269245,2.413341,3.521127
5.566972,4.990000,0.978000,4.450000,-1.269245,2.413341,3.521127
5.578083,4.990000,0.978000,4.450000,-1.269245,2.413341,3.521127
5.589194,4.990000,0.978000,4.450000,-1.107934,2.482467,3.274588
5.600306,4.990000,0.978000,4.450000,-1.107934,2.482467,3.274588
5.611417,4.990000,0.978000,4.450000,-1.107934,2.482467,3.274588
5.622528,4.990000,0.978000,4.450000,,,
5.633639,4.990000,0.978000,4.450000,,,
5.644751,4.990000,0.978000,4.450000,,,
5.655862,4.990000,0.978000,4.450000,,,
5.666973,4.990000,0.978000,4.450000,-0.943748,2.485247,3.020853
5.678084,4.990000,0.978000,4.450000,-0.943748,2.485247,3.020853
5.689196,4.990000,0.978000,4.450000,-0.943748,2.485247,3.020853
5.700307,4.990000,0.978000,4.450000,-0.791646,2.396389,2.768946
5.711418,4.990000,0.978000,4.450000,-0.791646,2.396389,2.768946
5.722529,4.990000,0.978000,4.450000,-0.791646,2.396389,2.768946
5.733641,4.990000,0.978000,4.450000,,,
5.744752,4.990000,0.978000,4.450000,,,
5.755863,4.990000,0.978000,4.450000,,,
5.766974,4.990000,0.978000,4.450000,-0.696883,2.300812,2.588274
5.778086,4.990000,0.978000,4.450000,-0.696883,2.300812,2.588274
5.789197,4.990000,0.978000,4.450000,-0.696883,2.300812,2.588274
5.800308,4.990000,0.978000,4.450000,-0.696883,2.300812,2.588274
5.811419,4.990000,0.978000,4.450000,-0.696883,2.300812,2.588274
5.822531,4.990000,0.978000,4.450000,-0.696883,2.300812,2.588274
5.833642,4.990000,0.978000,4.450000,,,
5.844753,4.990000,0.978000,4.450000,,,
5.855865,4.990000,0.978000,4.450000,,,
5.866976,4.990000,0.978000,4.450000,-0.696883,2.300812,2.588274
5.878087,4.990000,0.978000,4.450000,-0.696883,2.300812,2.588274
5.889198,4.990000,0.978000,4.450000,-0.696883,2.300812,2.588274
5.900310,4.990000,0.978000,4.450000,-0.696883,2.300812,2.588274
5.911421,4.990000,0.978000,4.450000,-0.696883,2.300812,2.588274
5.922532,4.990000,0.978000,4.450000,-0.696883,2.300812,2.588274
5.933643,4.990000,0.978000,4.450000,-0.696883,2.300812,2.588274
5.944755,4.990000,0.978000,4.450000,,,
5.955866,4.990000,0.978000,4.450000,,,
5.966977,4.990000,0.978000,4.450000,,,
5.978088,4.990000,0.978000,4.450000,-0.632188,2.329749,2.597584
5.989200,4.990000,0.978000,4.450000,-0.632188,2.329749,2.597584
6.000311,4.990000,0.978000,4.450000,-0.632188,2.329749,2.597584
6.011422,4.990000,0.978000,4.450000,-0.343699,2.444952,2.629141
6.022533,4.990000,0.978000,4.450000,-0.343699,2.444952,2.629141
6.033645,4.990000,0.978000,4.450000,-0.343699,2.444952,2.629141
6.044756,4.990000,0.978000,4.450000,,,
6.055867,4.990000,0.978000,4.450000,,,
6.066978,4.990000,0.978000,4.450000,,,
6.078090,4.990000,0.978000,4.450000,-0.033762,2.483969,2.636421
6.089201,4.990000,0.978000,4.450000,-0.033762,2.483969,2.636421
6.100312,4.990000,0.978000,4.450000,-0.033762,2.483969,2.636421
6.111423,4.990000,0.978000,4.450000,0.277907,2.398455,2.613092
6.122535,4.990000,0.978000,4.450000,0.277907,2.398455,2.613092
6.133646,4.990000,0.978000,4.450000,0.277907,2.398455,2.613092
6.144757,4.990000,0.978000,4.450000,,,
6.155869,4.990000,0.978000,4.450000,,,
6.166980,4.990000,0.978000,4.450000,,,
6.178091,4.990000,0.978000,4.450000,0.469493,2.308183,2.576582
6.189202,4.990000,0.978000,4.450000,0.469493,2.308183,2.576582
6.200314,4.990000,0.978000,4.450000,0.469493,2.308183,2.576582
6.211425,4.990000,0.978000,4.450000,0.469493,2.308183,2.576582
6.222536,4.990000,0.978000,4.450000,0.469493,2.308183,2.576582
6.233647,4.990000,0.978000,4.450000,0.469493,2.308183,2.576582
6.244759,4.990000,0.978000,4.450000,,,
6.255870,4.990000,0.978000,4.450000,,,
6.266981,4.990000,0.978000,4.450000,,,
6.278092,4.990000,0.978000,4.450000,0.469493,2.308183,2.576582
6.289204,4.990000,0.978000,4.450000,0.469493,2.308183,2.576582
6.300315,4.990000,0.978000,4.450000,0.469493,2.308183,2.576582
6.311426,4.990000,0.978000,4.450000,0.469493,2.308183,2.576582
6.322537,4.990000,0.978000,4.450000,0.469493,2.308183,2.576582
6.333649,4.990000,0.978000,4.450000,0.469493,2.308183,2.576582
6.344760,4.990000,0.978000,4.450000,0.469493,2.308183,2.576582
6.355871,4.990000,0.978000,4.450000,0.469493,2.308183,2.576582
6.366982,4.990000,0.978000,4.450000,0.469493,2.308183,2.576582
6.378094,4.990000,0.978000,4.450000,0.364761,2.328378,2.639951
6.389205,4.990000,0.978000,4.450000,0.364761,2.328378,2.639951
6.400316,4.990000,0.978000,4.450000,0.364761,2.328378,2.639951
6.411427,4.990000,0.978000,4.450000,0.112727,2.372657,2.792532
6.422539,4.990000,0.978000,4.450000,0.112727,2.372657,2.792532
6.433650,4.990000,0.978000,4.450000,0.112727,2.372657,2.792532
6.444761,4.990000,0.978000,4.450000,,,
6.455873,4.990000,0.978000,4.450000,,,
6.466984,4.990000,0.978000,4.450000,,,
6.478075,4.990000,0.978000,4.450000,,,
6.489206,4.990000,0.978000,4.450000,-0.144837,2.405539,2.948557
6.500318,4.990000,0.978000,4.450000,-0.144837,2.405539,2.948557
6.511429,4.990000,0.978000,4.450000,-0.144837,2.405539,2.948557
6.522540,4.990000,0.978000,4.450000,-0.410754,2.413971,3.110120
6.533651,4.990000,0.978000,4.450000,-0.410754,2.413971,3.110120
6.544763,4.990000,0.978000,4.450000,-0.410754,2.413971,3.110120
6.555874,4.990000,0.978000,4.450000,-0.410754,2.413971,3.110120
6.566985,4.990000,0.978000,4.450000,-0.410754,2.413971,3.110120
6.578096,4.990000,0.978000,4.450000,-0.410754,2.413971,3.110120
6.589208,4.990000,0.978000,4.450000,-0.688389,2.385783,3.278907
6.600319,4.990000,0.978000,4.450000,-0.688389,2.385783,3.278907
6.611430,4.990000,0.978000,4.450000,-0.688389,2.385783,3.278907
6.622541,4.990000,0.978000,4.450000,-0.951723,2.322851,3.438775
6.633653,4.990000,0.978000,4.450000,-0.951723,2.322851,3.438775
6.644764,4.990000,0.978000,4.450000,-0.951723,2.322851,3.438775
6.655875,4.990000,0.978000,4.450000,-0.951723,2.322851,3.438775
6.666986,4.990000,0.978000,4.450000,-0.951723,2.322851,3.438775
6.678098,4.990000,0.978000,4.450000,-0.951723,2.322851,3.438775
6.689209,4.990000,0.978000,4.450000,-1.202841,2.235582,3.591522
6.700320,4.990000,0.978000,4.450000,-1.202841,2.235582,3.591522
6.711432,4.990000,0.978000,4.450000,-1.202841,2.235582,3.591522
6.722543,4.990000,0.978000,4.450000,-1.391196,2.160025,3.709024
6.733654,4.990000,0.978000,4.450000,-1.391196,2.160025,3.709024
6.744765,4.990000,0.978000,4.450000,-1.391196,2.160025,3.709024
6.755877,4.990000,0.978000,4.450000,,,
6.766988,4.990000,0.978000,4.450000,,,
6.778099,4.990000,0.978000,4.450000,,,
6.789210,4.990000,0.978000,4.450000,-1.391196,2.160025,3.709024
6.800322,4.990000,0.978000,4.450000,-1.391196,2.160025,3.709024
6.811433,4.990000,0.978000,4.450000,-1.391196,2.160025,3.709024
6.822544,4.990000,0.978000,4.450000,-1.391196,2.160025,3.709024
6.833655,4.990000,0.978000,4.450000,-1.391196,2.160025,3.709024
6.844767,4.990000,0.978000,4.450000,-1.391196,2.160025,3.709024
6.855878,4.990000,0.978000,4.450000,-1.391196,2.160025,3.709024
6.866989,4.990000,0.978000,4.450000,,,
6.878100,4.990000,0.978000,4.450000,,,
6.889212,4.990000,0.978000,4.450000,,,
6.900323,4.990000,0.978000,4.450000,-1.391196,2.160025,3.709024
6.911434,4.990000,0.978000,4.450000,-1.391196,2.160025,3.709024
6.922545,4.990000,0.978000,4.450000,-1.391196,2.160025,3.709024
6.933657,4.990000,0.978000,4.450000,-1.363421,2.200867,3.640235
6.944768,4.990000,0.978000,4.450000,-1.363421,2.200867,3.640235
6.955879,4.990000,0.978000,4.450000,-1.363421,2.200867,3.640235
6.966990,4.990000,0.978000,4.450000,,,
6.978102,4.990000,0.978000,4.450000,,,
6.989213,4.990000,0.978000,4.450000,,,
7.000324,4.990000,0.978000,4.450000,-1.256767,2.335103,3.384784
7.011436,4.990000,0.978000,4.450000,-1.256767,2.335103,3.384784
7.022547,4.990000,0.978000,4.450000,-1.256767,2.335103,3.384784
7.033658,4.990000,0.978000,4.450000,-1.135421,2.339079,3.115638
7.044769,4.990000,0.978000,4.450000,-1.135421,2.339079,3.115638
7.055881,4.990000,0.978000,4.450000,-1.135421,2.339079,3.115638
7.066992,4.990000,0.978000,4.450000,,,
7.078103,4.990000,0.978000,4.450000,,,
7.089214,4.990000,0.978000,4.450000,,,
7.100326,4.990000,0.978000,4.450000,-1.054855,2.229146,2.954552
7.111437,4.990000,0.978000,4.450000,-1.054855,2.229146,2.954552
7.122548,4.990000,0.978000,4.450000,-1.054855,2.229146,2.954552
7.133659,4.990000,0.978000,4.450000,-1.054855,2.229146,2.954552
7.144771,4.990000,0.978000,4.450000,-1.040478,2.200944,2.927148
7.155882,4.990000,0.978000,4.450000,-1.040478,2.200944,2.927148
7.166993,4.990000,0.978000,4.450000,-1.040478,2.200944,2.927148
7.178104,4.990000,0.978000,4.450000,,,
7.189216,4.990000,0.978000,4.450000,,,
7.200327,4.990000,0.978000,4.450000,,,
7.211438,4.990000,0.978000,4.450000,-1.040478,2.200944,2.927148
7.222549,4.990000,0.978000,4.450000,-1.040478,2.200944,2.927148
7.233661,4.990000,0.978000,4.450000,-1.040478,2.200944,2.927148
7.244772,4.990000,0.978000,4.450000,-1.040478,2.200944,2.927148
7.255883,4.990000,0.978000,4.450000,-1.040478,2.200944,2.927148
7.266994,4.990000,0.978000,4.450000,-1.040478,2.200944,2.927148
7.278106,4.990000,0.978000,4.450000,,,
7.289217,4.990000,0.978000,4.450000,,,
7.300328,4.990000,0.978000,4.450000,,,
7.311440,4.990000,0.978000,4.450000,-1.040478,2.200944,2.927148
7.322551,4.990000,0.978000,4.450000,-1.040478,2.200944,2.927148
7.333662,4.990000,0.978000,4.450000,-1.040478,2.200944,2.927148
7.344773,4.990000,0.978000,4.450000,-0.781173,2.269232,2.857458
7.355885,4.990000,0.978000,4.450000,-0.781173,2.269232,2.857458
7.366996,4.990000,0.978000,4.450000,-0.781173,2.269232,2.857458
7.378107,4.990000,0.978000,4.450000,-0.781173,2.269232,2.857458
7.389218,4.990000,0.978000,4.450000,,,
7.400330,4.990000,0.978000,4.450000,,,
7.411441,4.990000,0.978000,4.450000,,,
7.422552,4.990000,0.978000,4.450000,-0.482085,2.325623,2.786861
7.433663,4.990000,0.978000,4.450000,-0.482085,2.325623,2.786861
7.444775,4.990000,0.978000,4.450000,-0.482085,2.325623,2.786861
7.455886,4.990000,0.978000,4.450000,-0.181970,2.313171,2.727886
7.466997,4.990000,0.978000,4.450000,-0.181970,2.313171,2.727886
7.478108,4.990000,0.978000,4.450000,-0.181970,2.313171,2.727886
7.489220,4.990000,0.978000,4.450000,,,
7.500331,4.990000,0.978000,4.450000,,,
7.511442,4.990000,0.978000,4.450000,,,
7.522553,4.990000,0.978000,4.450000,0.115906,2.222164,2.676300
7.533665,4.990000,0.978000,4.450000,0.115906,2.222164,2.676300
7.544776,4.990000,0.978000,4.450000,0.115906,2.222164,2.676300
7.555887,4.990000,0.978000,4.450000,0.349284,2.120974,2.640356
7.566998,4.990000,0.978000,4.450000,0.349284,2.120974,2.640356
7.578110,4.990000,0.978000,4.450000,0.349284,2.120974,2.640356
7.589221,4.990000,0.978000,4.450000,,,
7.600332,4.990000,0.978000,4.450000,,,
7.611444,4.990000,0.978000,4.450000,,,
7.622555,4.990000,0.978000,4.450000,0.349284,2.120974,2.640356
7.633666,4.990000,0.978000,4.450000,0.349284,2.120974,2.640356
7.644777,4.990000,0.978000,4.450000,0.349284,2.120974,2.640356
7.655849,4.990000,0.978000,4.450000,,,
7.667000,4.990000,0.978000,4.450000,0.349284,2.120974,2.640356
7.678111,4.990000,0.978000,4.450000,0.349284,2.120974,2.640356
7.689222,4.990000,0.978000,4.450000,0.349284,2.120974,2.640356
7.700334,4.990000,0.978000,4.450000,,,
7.711445,4.990000,0.978000,4.450000,,,
7.722556,4.990000,0.978000,4.450000,,,
7.733667,4.990000,0.978000,4.450000,0.349284,2.120974,2.640356
7.744779,4.990000,0.978000,4.450000,0.349284,2.120974,2.640356
7.755890,4.990000,0.978000,4.450000,0.349284,2.120974,2.640356
7.767001,4.990000,0.978000,4.450000,0.296988,2.141235,2.673111
7.778112,4.990000,0.978000,4.450000,0.296988,2.141235,2.673111
7.789224,4.990000,0.978000,4.450000,0.296988,2.141235,2.673111
7.800335,4.990000,0.978000,4.450000,,,
7.811446,4.990000,0.978000,4.450000,,,
7.822557,4.990000,0.978000,4.450000,,,
7.833669,4.990000,0.978000,4.450000,0.041140,2.239301,2.836275
7.844780,4.990000,0.978000,4.450000,0.041140,2.239301,2.836275
7.855891,4.990000,0.978000,4.450000,0.041140,2.239301,2.836275
7.867002,4.990000,0.978000,4.450000,0.041140,2.239301,2.836275
7.878114,4.990000,0.978000,4.450000,-0.209989,2.327765,3.003342
7.889225,4.990000,0.978000,4.450000,-0.209989,2.327765,3.003342
7.900336,4.990000,0.978000,4.450000,-0.209989,2.327765,3.003342
7.911448,4.990000,0.978000,4.450000,,,
7.922559,4.990000,0.978000,4.450000,,,
7.933670,4.990000,0.978000,4.450000,,,
7.944781,4.990000,0.978000,4.450000,-0.457657,2.390543,3.180367
7.955893,4.990000,0.978000,4.450000,-0.457657,2.390543,3.180367
7.967004,4.990000,0.978000,4.450000,-0.457657,2.390543,3.180367
7.978115,4.990000,0.978000,4.450000,-0.697338,2.413389,3.368901
7.989226,4.990000,0.978000,4.450000,-0.697338,2.413389,3.368901
8.000338,4.990000,0.978000,4.450000,-0.697338,2.413389,3.368901
8.011449,4.990000,0.978000,4.450000,,,
8.022560,4.990000,0.978000,4.450000,,,
8.033671,4.990000,0.978000,4.450000,,,
8.044783,4.990000,0.978000,4.450000,-0.928141,2.395333,3.574133
8.055894,4.990000,0.978000,4.450000,-0.928141,2.395333,3.574133
8.067005,4.990000,0.978000,4.450000,-0.928141,2.395333,3.574133
8.078116,4.990000,0.978000,4.450000,-1.163690,2.345735,3.797923
8.089228,4.990000,0.978000,4.450000,-1.163690,2.345735,3.797923
8.100339,4.990000,0.978000,4.450000,-1.163690,2.345735,3.797923
8.111450,4.990000,0.978000,4.450000,,,
8.122561,4.990000,0.978000,4.450000,,,
8.133673,4.990000,0.978000,4.450000,,,
8.144784,4.990000,0.978000,4.450000,-1.174438,2.343119,3.808547
8.155895,4.990000,0.978000,4.450000,-1.174438,2.343119,3.808547
8.167006,4.990000,0.978000,4.450000,-1.174438,2.343119,3.808547
8.178118,4.990000,0.978000,4.450000,-1.174438,2.343119,3.808547
8.189229,4.990000,0.978000,4.450000,-1.174438,2.343119,3.808547
8.200340,4.990000,0.978000,4.450000,-1.174438,2.343119,3.808547
8.211452,4.990000,0.978000,4.450000,-1.174438,2.343119,3.808547
8.222563,4.990000,0.978000,4.450000,-1.174438,2.343119,3.808547
8.233674,4.990000,0.978000,4.450000,-1.174438,2.343119,3.808547
8.244785,4.990000,0.978000,4.450000,-1.174438,2.343119,3.808547
8.255897,4.990000,0.978000,4.450000,-1.174438,2.343119,3.808547
8.267008,4.990000,0.978000,4.450000,-1.174438,2.343119,3.808547
8.278119,4.990000,0.978000,4.450000,-1.174438,2.343119,3.808547
8.289230,4.990000,0.978000,4.450000,-1.174438,2.343119,3.808547
8.300342,4.990000,0.978000,4.450000,-1.174438,2.343119,3.808547
8.311453,4.990000,0.978000,4.450000,-1.174438,2.343119,3.808547
8.322564,4.990000,0.978000,4.450000,-1.174438,2.343119,3.808547
8.333675,4.990000,0.978000,4.450000,-1.126672,2.399319,3.519086
8.344787,4.990000,0.978000,4.450000,-1.126672,2.399319,3.519086
8.355898,4.990000,0.978000,4.450000,-1.126672,2.399319,3.519086
8.367009,4.990000,0.978000,4.450000,,,
8.378120,4.990000,0.978000,4.450000,,,
8.389232,4.990000,0.978000,4.450000,,,
8.400343,4.990000,0.978000,4.450000,-1.071482,2.441090,3.216999
8.411454,4.990000,0.978000,4.450000,-1.071482,2.441090,3.216999
8.422565,4.990000,0.978000,4.450000,-1.071482,2.441090,3.216999
8.433677,4.990000,0.978000,4.450000,-1.009345,2.435721,2.913338
8.444788,4.990000,0.978000,4.450000,-1.009345,2.435721,2.913338
8.455899,4.990000,0.978000,4.450000,-1.009345,2.435721,2.913338
8.467010,4.990000,0.978000,4.450000,,,
8.478122,4.990000,0.978000,4.450000,,,
8.489233,4.990000,0.978000,4.450000,,,
8.500344,4.990000,0.978000,4.450000,-0.939047,2.378474,2.626755
8.511456,4.990000,0.978000,4.450000,-0.939047,2.378474,2.626755
8.522567,4.990000,0.978000,4.450000,-0.939047,2.378474,2.626755
8.533678,4.990000,0.978000,4.450000,-0.861491,2.288647,2.344701
8.544789,4.990000,0.978000,4.450000,-0.861491,2.288647,2.344701
8.555901,4.990000,0.978000,4.450000,-0.861491,2.288647,2.344701
8.567012,4.990000,0.978000,4.450000,,,
8.578123,4.990000,0.978000,4.450000,,,
8.589234,4.990000,0.978000,4.450000,,,
8.600346,4.990000,0.978000,4.450000,-0.833203,2.253237,2.245493
8.611457,4.990000,0.978000,4.450000,-0.833203,2.253237,2.245493
8.622568,4.990000,0.978000,4.450000,-0.833203,2.253237,2.245493
8.633679,4.990000,0.978000,4.450000,-0.833203,2.253237,2.245493
8.644791,4.990000,0.978000,4.450000,-0.833203,2.253237,2.245493
8.655902,4.990000,0.978000,4.450000,-0.833203,2.253237,2.245493
8.667013,4.990000,0.978000,4.450000,-0.833203,2.253237,2.245493
8.678124,4.990000,0.978000,4.450000,,,
8.689236,4.990000,0.978000,4.450000,,,
8.700347,4.990000,0.978000,4.450000,,,
8.711458,4.990000,0.978000,4.450000,-0.833203,2.253237,2.245493
8.722569,4.990000,0.978000,4.450000,-0.833203,2.253237,2.245493
8.733681,4.990000,0.978000,4.450000,-0.833203,2.253237,2.245493
8.744792,4.990000,0.978000,4.450000,-0.833203,2.253237,2.245493
8.755903,4.990000,0.978000,4.450000,-0.833203,2.253237,2.245493
8.767015,4.990000,0.978000,4.450000,-0.833203,2.253237,2.245493
8.778126,4.990000,0.978000,4.450000,,,
8.789237,4.990000,0.978000,4.450000,,,
8.800348,4.990000,0.978000,4.450000,,,
8.811460,4.990000,0.978000,4.450000,,,
8.822571,4.990000,0.978000,4.450000,-0.618696,2.336454,2.339553
8.833682,4.990000,0.978000,4.450000,-0.618696,2.336454,2.339553
8.844793,4.990000,0.978000,4.450000,-0.618696,2.336454,2.339553
8.855905,4.990000,0.978000,4.450000,-0.347071,2.428615,2.449362
8.867016,4.990000,0.978000,4.450000,-0.347071,2.428615,2.449362
8.878127,4.990000,0.978000,4.450000,-0.347071,2.428615,2.449362
8.889238,4.990000,0.978000,4.450000,,,
8.900350,4.990000,0.978000,4.450000,,,
8.911461,4.990000,0.978000,4.450000,,,
8.922572,4.990000,0.978000,4.450000,-0.066877,2.480944,2.549363
8.933683,4.990000,0.978000,4.450000,-0.066877,2.480944,2.549363
8.944795,4.990000,0.978000,4.450000,-0.066877,2.480944,2.549363
8.955906,4.990000,0.978000,4.450000,0.210417,2.471324,2.639398
8.967017,4.990000,0.978000,4.450000,0.210417,2.471324,2.639398
8.978128,4.990000,0.978000,4.450000,0.210417,2.471324,2.639398
8.989240,4.990000,0.978000,4.450000,0.513489,2.397942,2.723750
9.000351,4.990000,0.978000,4.450000,0.513489,2.397942,2.723750
9.011462,4.990000,0.978000,4.450000,0.513489,2.397942,2.723750
9.022573,4.990000,0.978000,4.450000,0.513489,2.397942,2.723750
9.033685,4.990000,0.978000,4.450000,0.513489,2.397942,2.723750
9.044796,4.990000,0.978000,4.450000,0.513489,2.397942,2.723750
9.055907,4.990000,0.978000,4.450000,0.513489,2.397942,2.723750
9.067019,4.990000,0.978000,4.450000,0.656808,2.348879,2.755754
9.078130,4.990000,0.978000,4.450000,0.656808,2.348879,2.755754
9.089241,4.990000,0.978000,4.450000,0.656808,2.348879,2.755754
9.100352,4.990000,0.978000,4.450000,0.656808,2.348879,2.755754
9.111464,4.990000,0.978000,4.450000,0.656808,2.348879,2.755754
9.122575,4.990000,0.978000,4.450000,0.656808,2.348879,2.755754
9.133686,4.990000,0.978000,4.450000,0.656808,2.348879,2.755754
9.144797,4.990000,0.978000,4.450000,0.656808,2.348879,2.755754
9.155909,4.990000,0.978000,4.450000,0.656808,2.348879,2.755754
9.167020,4.990000,0.978000,4.450000,0.656808,2.348879,2.755754
9.178131,4.990000,0.978000,4.450000,0.656808,2.348879,2.755754
9.189242,4.990000,0.978000,4.450000,0.656808,2.348879,2.755754
9.200354,4.990000,0.978000,4.450000,0.656808,2.348879,2.755754
9.211465,4.990000,0.978000,4.450000,0.656808,2.348879,2.755754
9.222576,4.990000,0.978000,4.450000,0.656808,2.348879,2.755754
9.233687,4.990000,0.978000,4.450000,,,
9.244799,4.990000,0.978000,4.450000,,,
9.255910,4.990000,0.978000,4.450000,,,
9.267021,4.990000,0.978000,4.450000,0.514808,2.377742,2.830025
9.278073,,,,0.514808,2.377742,2.830025
9.289244,4.990000,0.978000,4.450000,0.514808,2.377742,2.830025
9.300355,4.990000,0.978000,4.450000,0.245501,2.425632,2.969378
9.311466,4.990000,0.978000,4.450000,0.245501,2.425632,2.969378
9.322577,4.990000,0.978000,4.450000,0.245501,2.425632,2.969378
9.333689,4.990000,0.978000,4.450000,0.245501,2.425632,2.969378
9.344800,4.990000,0.978000,4.450000,,,
9.355911,4.990000,0.978000,4.450000,,,
9.367023,4.990000,0.978000,4.450000,,,
9.378134,4.990000,0.978000,4.450000,-0.027749,2.454062,3.110741
9.389245,4.990000,0.978000,4.450000,-0.027749,2.454062,3.110741
9.400356,4.990000,0.978000,4.450000,-0.027749,2.454062,3.110741
9.411468,4.990000,0.978000,4.450000,-0.306555,2.445913,3.254487
9.422579,4.990000,0.978000,4.450000,-0.306555,2.445913,3.254487
9.433690,4.990000,0.978000,4.450000,-0.306555,2.445913,3.254487
9.444801,4.990000,0.978000,4.450000,,,
9.455913,4.990000,0.978000,4.450000,,,
9.467024,4.990000,0.978000,4.450000,,,
9.478135,4.990000,0.978000,4.450000,-0.573502,2.395886,3.392057
9.489246,4.990000,0.978000,4.450000,-0.573502,2.395886,3.392057
9.500358,4.990000,0.978000,4.450000,-0.573502,2.395886,3.392057
9.511469,4.990000,0.978000,4.450000,-0.840434,2.307130,3.529841
9.522580,4.990000,0.978000,4.450000,-0.840434,2.307130,3.529841
9.533691,4.990000,0.978000,4.450000,-0.840434,2.307130,3.529841
9.544803,4.990000,0.978000,4.450000,,,
9.555914,4.990000,0.978000,4.450000,,,
9.567025,4.990000,0.978000,4.450000,,,
9.578136,4.990000,0.978000,4.450000,-1.092774,2.197039,3.660123
9.589248,4.990000,0.978000,4.450000,-1.092774,2.197039,3.660123
9.600359,4.990000,0.978000,4.450000,-1.092774,2.197039,3.660123
9.611470,4.990000,0.978000,4.450000,-1.128707,2.180078,3.678676
9.622581,4.990000,0.978000,4.450000,-1.128707,2.180078,3.678676
9.633693,4.990000,0.978000,4.450000,-1.128707,2.180078,3.678676
9.644804,4.990000,0.978000,4.450000,-1.128707,2.180078,3.678676
9.655915,4.990000,0.978000,4.450000,,,
9.667027,4.990000,0.978000,4.450000,,,
9.678138,4.990000,0.978000,4.450000,,,
9.689249,4.990000,0.978000,4.450000,-1.128707,2.180078,3.678676
9.700360,4.990000,0.978000,4.450000,-1.128707,2.180078,3.678676
9.711472,4.990000,0.978000,4.450000,-1.128707,2.180078,3.678676
9.722583,4.990000,0.978000,4.450000,-1.128707,2.180078,3.678676
9.733694,4.990000,0.978000,4.450000,-1.128707,2.180078,3.678676
9.744805,4.990000,0.978000,4.450000,-1.128707,2.180078,3.678676
9.755917,4.990000,0.978000,4.450000,,,
9.767028,4.990000,0.978000,4.450000,,,
9.778139,4.990000,0.978000,4.450000,,,
9.789250,4.990000,0.978000,4.450000,-1.128707,2.180078,3.678676
9.800362,4.990000,0.978000,4.450000,-1.128707,2.180078,3.678676
9.811473,4.990000,0.978000,4.450000,-1.128707,2.180078,3.678676
9.822584,4.990000,0.978000,4.450000,-0.985490,2.275020,3.453259
9.833695,4.990000,0.978000,4.450000,-0.985490,2.275020,3.453259
9.844807,4.990000,0.978000,4.450000,-0.985490,2.275020,3.453259
9.855918,4.990000,0.978000,4.450000,,,
9.867029,4.990000,0.978000,4.450000,,,
9.878140,4.990000,0.978000,4.450000,,,
9.889252,4.990000,0.978000,4.450000,-0.825472,2.362193,3.202562
9.900363,4.990000,0.978000,4.450000,-0.825472,2.362193,3.202562
9.911474,4.990000,0.978000,4.450000,-0.825472,2.362193,3.202562
9.922585,4.990000,0.978000,4.450000,-0.660424,2.410423,2.945540
9.933697,4.990000,0.978000,4.450000,-0.660424,2.410423,2.945540
9.944808,4.990000,0.978000,4.450000,-0.660424,2.410423,2.945540
9.955919,4.990000,0.978000,4.450000,,,
9.967031,4.990000,0.978000,4.450000,,,
9.978142,4.990000,0.978000,4.450000,,,
9.989253,4.990000,0.978000,4.450000,-0.491800,2.407049,2.694435
10.000360,4.990000,0.978000,4.450000,-0.491800,2.407049,2.694435
10.011480,4.990000,0.978000,4.450000,-0.491800,2.407049,2.694435
10.022590,4.990000,0.978000,4.450000,-0.491800,2.407049,2.694435
10.033700,4.990000,0.978000,4.450000,-0.314181,2.355731,2.440552
10.044810,4.990000,0.978000,4.450000,-0.314181,2.355731,2.440552
10.055920,4.990000,0.978000,4.450000,-0.314181,2.355731,2.440552
10.067030,4.990000,0.978000,4.450000,,,
10.078140,4.990000,0.978000,4.450000,,,
10.089250,4.990000,0.978000,4.450000,,,
10.100370,4.990000,0.978000,4.450000,-0.166150,2.285069,2.228583
10.111480,4.990000,0.978000,4.450000,-0.166150,2.285069,2.228583
10.122590,4.990000,0.978000,4.450000,-0.166150,2.285069,2.228583
10.133700,4.990000,0.978000,4.450000,-0.166150,2.285069,2.228583
10.144810,4.990000,0.978000,4.450000,-0.166150,2.285069,2.228583
10.155920,4.990000,0.978000,4.450000,-0.166150,2.285069,2.228583
10.167030,4.990000,0.978000,4.450000,,,
10.178140,4.990000,0.978000,4.450000,,,
10.189260,4.990000,0.978000,4.450000,,,
10.200370,4.990000,0.978000,4.450000,-0.166150,2.285069,2.228583
10.211480,4.990000,0.978000,4.450000,-0.166150,2.285069,2.228583
10.222590,4.990000,0.978000,4.450000,-0.166150,2.285069,2.228583
10.233700,4.990000,0.978000,4.450000,-0.166150,2.285069,2.228583
10.244810,4.990000,0.978000,4.450000,-0.166150,2.285069,2.228583
10.255920,4.990000,0.978000,4.450000,-0.166150,2.285069,2.228583
10.267030,4.990000,0.978000,4.450000,,,
10.278150,4.990000,0.978000,4.450000,,,
10.289260,4.990000,0.978000,4.450000,,,
10.300370,4.990000,0.978000,4.450000,,,
10.311480,4.990000,0.978000,4.450000,-0.124030,2.295660,2.230650
10.322590,4.990000,0.978000,4.450000,-0.124030,2.295660,2.230650
10.333700,4.990000,0.978000,4.450000,-0.124030,2.295660,2.230650
10.344810,4.990000,0.978000,4.450000,0.180390,2.361328,2.250488
10.355920,4.990000,0.978000,4.450000,0.180390,2.361328,2.250488
10.367040,4.990000,0.978000,4.450000,0.180390,2.361328,2.250488
10.378150,4.990000,0.978000,4.450000,0.489998,2.358920,2.282274
10.389260,4.990000,0.978000,4.450000,0.489998,2.358920,2.282274
10.400370,4.990000,0.978000,4.450000,0.489998,2.358920,2.282274
10.411480,4.990000,0.978000,4.450000,0.489998,2.358920,2.282274
10.422590,4.990000,0.978000,4.450000,0.489998,2.358920,2.282274
10.433700,4.990000,0.978000,4.450000,0.489998,2.358920,2.282274
10.444810,4.990000,0.978000,4.450000,0.781328,2.251024,2.308779
10.455930,4.990000,0.978000,4.450000,0.781328,2.251024,2.308779
10.467040,4.990000,0.978000,4.450000,0.781328,2.251024,2.308779
10.478150,4.990000,0.978000,4.450000,1.021154,2.107867,2.330381
10.489260,4.990000,0.978000,4.450000,1.021154,2.107867,2.330381
10.500370,4.990000,0.978000,4.450000,1.021154,2.107867,2.330381
10.511480,4.990000,0.978000,4.450000,1.021154,2.107867,2.330381
10.522590,4.990000,0.978000,4.450000,1.021154,2.107867,2.330381
10.533700,4.990000,0.978000,4.450000,1.021154,2.107867,2.330381
10.544820,4.990000,0.978000,4.450000,1.027012,2.104195,2.330909
10.555930,4.990000,0.978000,4.450000,1.027012,2.104195,2.330909
10.567040,4.990000,0.978000,4.450000,1.027012,2.104195,2.330909
10.578150,4.990000,0.978000,4.450000,1.027012,2.104195,2.330909
10.589260,4.990000,0.978000,4.450000,1.027012,2.104195,2.330909
10.600370,4.990000,0.978000,4.450000,1.027012,2.104195,2.330909
10.611480,4.990000,0.978000,4.450000,1.027012,2.104195,2.330909
10.622590,4.990000,0.978000,4.450000,,,
10.633710,4.990000,0.978000,4.450000,,,
10.644820,4.990000,0.978000,4.450000,,,
10.655930,4.990000,0.978000,4.450000,1.027012,2.104195,2.330909
10.667040,4.990000,0.978000,4.450000,1.027012,2.104195,2.330909
10.678150,4.990000,0.978000,4.450000,1.027012,2.104195,2.330909
10.689260,4.990000,0.978000,4.450000,1.027012,2.104195,2.330909
10.700370,4.990000,0.978000,4.450000,1.027012,2.104195,2.330909
10.711480,4.990000,0.978000,4.450000,1.027012,2.104195,2.330909
10.722600,4.990000,0.978000,4.450000,,,
10.733710,4.990000,0.978000,4.450000,,,
10.744820,4.990000,0.978000,4.450000,,,
10.755930,4.990000,0.978000,4.450000,,,
10.767040,4.990000,0.978000,4.450000,0.801957,2.189515,2.526459
10.778150,4.990000,0.978000,4.450000,0.801957,2.189515,2.526459
10.789260,4.990000,0.978000,4.450000,0.801957,2.189515,2.526459
10.800370,4.990000,0.978000,4.450000,0.580740,2.270649,2.724815
10.811490,4.990000,0.978000,4.450000,0.580740,2.270649,2.724815
10.822600,4.990000,0.978000,4.450000,0.580740,2.270649,2.724815
10.833710,4.990000,0.978000,4.450000,,,
10.844820,4.990000,0.978000,4.450000,,,
10.855930,4.990000,0.978000,4.450000,,,
10.867040,4.990000,0.978000,4.450000,0.362315,2.337671,2.928250
10.878150,4.990000,0.978000,4.450000,0.362315,2.337671,2.928250
10.889270,4.990000,0.978000,4.450000,0.362315,2.337671,2.928250
10.900380,4.990000,0.978000,4.450000,0.143280,2.378948,3.140703
10.911490,4.990000,0.978000,4.450000,0.143280,2.378948,3.140703
10.922600,4.990000,0.978000,4.450000,0.143280,2.378948,3.140703
10.933710,4.990000,0.978000,4.450000,,,
10.944820,4.990000,0.978000,4.450000,,,
10.955930,4.990000,0.978000,4.450000,,,
10.967040,4.990000,0.978000,4.450000,-0.075132,2.386186,3.360338
10.978160,4.990000,0.978000,4.450000,-0.075132,2.386186,3.360338
10.989270,4.990000,0.978000,4.450000,-0.075132,2.386186,3.360338
11.000380,4.990000,0.978000,4.450000,-0.288453,2.360531,3.575688
11.011490,4.990000,0.978000,4.450000,-0.288453,2.360531,3.575688
11.022600,4.990000,0.978000,4.450000,-0.288453,2.360531,3.575688
11.033710,4.990000,0.978000,4.450000,,,
11.044820,4.990000,0.978000,4.450000,,,
11.055930,4.990000,0.978000,4.450000,,,
11.067050,4.990000,0.978000,4.450000,-0.497284,2.314414,3.787945
11.078160,4.990000,0.978000,4.450000,-0.497284,2.314414,3.787945
11.089270,4.990000,0.978000,4.450000,-0.497284,2.314414,3.787945
11.100380,4.990000,0.978000,4.450000,-0.497284,2.314414,3.787945
11.111490,4.990000,0.978000,4.450000,-0.497284,2.314414,3.787945
11.122600,4.990000,0.978000,4.450000,-0.497284,2.314414,3.787945
11.133710,4.990000,0.978000,4.450000,,,
11.144820,4.990000,0.978000,4.450000,,,
11.155940,4.990000,0.978000,4.450000,,,
11.167050,4.990000,0.978000,4.450000,-0.497284,2.314414,3.787945
11.178160,4.990000,0.978000,4.450000,-0.497284,2.314414,3.787945
11.189270,4.990000,0.978000,4.450000,-0.497284,2.314414,3.787945
11.200380,4.990000,0.978000,4.450000,-0.497284,2.314414,3.787945
11.211490,4.990000,0.978000,4.450000,-0.497284,2.314414,3.787945
11.222600,4.990000,0.978000,4.450000,-0.497284,2.314414,3.787945
11.233710,4.990000,0.978000,4.450000,,,
11.244830,4.990000,0.978000,4.450000,,,
11.255940,4.990000,0.978000,4.450000,,,
11.267050,4.990000,0.978000,4.450000,-0.495615,2.317039,3.775414
11.278160,4.990000,0.978000,4.450000,-0.495615,2.317039,3.775414
11.289270,4.990000,0.978000,4.450000,-0.495615,2.317039,3.775414
11.300380,4.990000,0.978000,4.450000,-0.495615,2.317039,3.775414
11.311490,4.990000,0.978000,4.450000,-0.454058,2.375568,3.482583
11.322600,4.990000,0.978000,4.450000,-0.454058,2.375568,3.482583
11.333720,4.990000,0.978000,4.450000,-0.454058,2.375568,3.482583
11.344830,4.990000,0.978000,4.450000,,,
11.355940,4.990000,0.978000,4.450000,,,
11.367050,4.990000,0.978000,4.450000,,,
11.378160,4.990000,0.978000,4.450000,-0.394757,2.408985,3.184726
11.389270,4.990000,0.978000,4.450000,-0.394757,2.408985,3.184726
11.400380,4.990000,0.978000,4.450000,-0.394757,2.408985,3.184726
11.411490,4.990000,0.978000,4.450000,-0.394757,2.408985,3.184726
11.422610,4.990000,0.978000,4.450000,-0.319955,2.369324,2.896301
11.433720,4.990000,0.978000,4.450000,-0.319955,2.369324,2.896301
11.444830,4.990000,0.978000,4.450000,-0.319955,2.369324,2.896301
11.455940,4.990000,0.978000,4.450000,-0.244066,2.262244,2.641040
11.467050,4.990000,0.978000,4.450000,-0.244066,2.262244,2.641040
11.478160,4.990000,0.978000,4.450000,-0.244066,2.262244,2.641040
11.489270,4.990000,0.978000,4.450000,-0.244066,2.262244,2.641040
11.500380,4.990000,0.978000,4.450000,-0.244066,2.262244,2.641040
11.511500,4.990000,0.978000,4.450000,-0.244066,2.262244,2.641040
11.522610,4.990000,0.978000,4.450000,-0.193860,2.177429,2.491599
11.533720,4.990000,0.978000,4.450000,-0.193860,2.177429,2.491599
11.544830,4.990000,0.978000,4.450000,-0.193860,2.177429,2.491599
11.555940,4.990000,0.978000,4.450000,-0.193860,2.177429,2.491599
11.567050,4.990000,0.978000,4.450000,-0.193860,2.177429,2.491599
11.578160,4.990000,0.978000,4.450000,-0.193860,2.177429,2.491599
11.589270,4.990000,0.978000,4.450000,,,
11.600390,4.990000,0.978000,4.450000,,,
11.611500,4.990000,0.978000,4.450000,,,
11.622610,4.990000,0.978000,4.450000,-0.193860,2.177429,2.491599
11.633720,4.990000,0.978000,4.450000,-0.193860,2.177429,2.491599
11.644830,4.990000,0.978000,4.450000,-0.193860,2.177429,2.491599
11.655940,4.990000,0.978000,4.450000,-0.193860,2.177429,2.491599
11.667050,4.990000,0.978000,4.450000,-0.193860,2.177429,2.491599
11.678160,4.990000,0.978000,4.450000,-0.193860,2.177429,2.491599
11.689280,4.990000,0.978000,4.450000,,,
11.700390,4.990000,0.978000,4.450000,,,
11.711500,4.990000,0.978000,4.450000,,,
11.722610,4.990000,0.978000,4.450000,,,
11.733720,4.990000,0.978000,4.450000,-0.131009,2.208483,2.478408
11.744830,4.990000,0.978000,4.450000,-0.131009,2.208483,2.478408
11.755940,4.990000,0.978000,4.450000,-0.131009,2.208483,2.478408
11.767050,4.990000,0.978000,4.450000,0.140326,2.335049,2.419402
11.778170,4.990000,0.978000,4.450000,0.140326,2.335049,2.419402
11.789280,4.990000,0.978000,4.450000,0.140326,2.335049,2.419402
11.800390,4.990000,0.978000,4.450000,,,
11.811500,4.990000,0.978000,4.450000,,,
11.822610,4.990000,0.978000,4.450000,,,
11.833720,4.990000,0.978000,4.450000,0.427844,2.426081,2.351062
11.844830,4.990000,0.978000,4.450000,0.427844,2.426081,2.351062
11.855940,4.990000,0.978000,4.450000,0.427844,2.426081,2.351062
11.867060,4.990000,0.978000,4.450000,0.723061,2.438446,2.282626
11.878170,4.990000,0.978000,4.450000,0.723061,2.438446,2.282626
11.889280,4.990000,0.978000,4.450000,0.723061,2.438446,2.282626
11.900390,4.990000,0.978000,4.450000,,,
11.911500,4.990000,0.978000,4.450000,,,
11.922610,4.990000,0.978000,4.450000,,,
11.933720,4.990000,0.978000,4.450000,1.020282,2.377982,2.214063
11.944830,4.990000,0.978000,4.450000,1.020282,2.377982,2.214063
11.955950,4.990000,0.978000,4.450000,1.020282,2.377982,2.214063
11.967060,4.990000,0.978000,4.450000,1.107972,2.352194,2.193837
11.978170,4.990000,0.978000,4.450000,1.107972,2.352194,2.193837
11.989280,4.990000,0.978000,4.450000,1.107972,2.352194,2.193837
12.000390,4.990000,0.978000,4.450000,,,
12.011500,4.990000,0.978000,4.450000,,,
12.022610,4.990000,0.978000,4.450000,,,
12.033720,4.990000,0.978000,4.450000,1.107972,2.352194,2.193837
12.044840,4.990000,0.978000,4.450000,1.107972,2.352194,2.193837
12.055950,4.990000,0.978000,4.450000,1.107972,2.352194,2.193837
12.067060,4.990000,0.978000,4.450000,1.107972,2.352194,2.193837
12.078170,4.990000,0.978000,4.450000,1.107972,2.352194,2.193837
12.089280,4.990000,0.978000,4.450000,1.107972,2.352194,2.193837
12.100390,4.990000,0.978000,4.450000,1.107972,2.352194,2.193837
12.111500,4.990000,0.978000,4.450000,,,
12.122610,4.990000,0.978000,4.450000,,,
12.133730,4.990000,0.978000,4.450000,,,
12.144840,4.990000,0.978000,4.450000,1.107972,2.352194,2.193837
12.155950,4.990000,0.978000,4.450000,1.107972,2.352194,2.193837
12.167060,4.990000,0.978000,4.450000,1.107972,2.352194,2.193837
12.178170,4.990000,0.978000,4.450000,0.947825,2.395753,2.331639
12.189280,4.990000,0.978000,4.450000,0.947825,2.395753,2.331639
12.200390,4.990000,0.978000,4.450000,0.947825,2.395753,2.331639
12.211500,4.990000,0.978000,4.450000,,,
12.222620,4.990000,0.978000,4.450000,,,
12.233730,4.990000,0.978000,4.450000,,,
12.244840,4.990000,0.978000,4.450000,0.711715,2.450178,2.523287
12.255950,4.990000,0.978000,4.450000,0.711715,2.450178,2.523287
12.267060,4.990000,0.978000,4.450000,0.711715,2.450178,2.523287
12.278170,4.990000,0.978000,4.450000,0.711715,2.450178,2.523287
12.289280,4.990000,0.978000,4.450000,0.463348,2.479556,2.703440
12.300400,4.990000,0.978000,4.450000,0.463348,2.479556,2.703440
12.311510,4.990000,0.978000,4.450000,0.463348,2.479556,2.703440
12.322620,4.990000,0.978000,4.450000,,,
12.333730,4.990000,0.978000,4.450000,,,
12.344840,4.990000,0.978000,4.450000,,,
12.355950,4.990000,0.978000,4.450000,0.199813,2.462708,2.869714
12.367060,4.990000,0.978000,4.450000,0.199813,2.462708,2.869714
12.378170,4.990000,0.978000,4.450000,0.199813,2.462708,2.869714
12.389290,4.990000,0.978000,4.450000,-0.060090,2.395427,3.011036
12.400400,4.990000,0.978000,4.450000,-0.060090,2.395427,3.011036
12.411510,4.990000,0.978000,4.450000,-0.060090,2.395427,3.011036
12.422620,4.990000,0.978000,4.450000,-0.328061,2.291014,3.122935
12.433730,4.990000,0.978000,4.450000,-0.328061,2.291014,3.122935
12.444840,4.990000,0.978000,4.450000,-0.328061,2.291014,3.122935
12.455950,4.990000,0.978000,4.450000,-0.328061,2.291014,3.122935
12.467060,4.990000,0.978000,4.450000,-0.328061,2.291014,3.122935
12.478180,4.990000,0.978000,4.450000,-0.328061,2.291014,3.122935
12.489290,4.990000,0.978000,4.450000,-0.497896,2.216419,3.177135
12.500400,4.990000,0.978000,4.450000,-0.497896,2.216419,3.177135
12.511510,4.990000,0.978000,4.450000,-0.497896,2.216419,3.177135
12.522620,4.990000,0.978000,4.450000,-0.497896,2.216419,3.177135
12.533730,4.990000,0.978000,4.450000,-0.497896,2.216419,3.177135
12.544840,4.990000,0.978000,4.450000,-0.497896,2.216419,3.177135
12.555950,4.990000,0.978000,4.450000,-0.497896,2.216419,3.177135
12.567070,4.990000,0.978000,4.450000,-0.497896,2.216419,3.177135
12.578180,4.990000,0.978000,4.450000,-0.497896,2.216419,3.177135
12.589290,4.990000,0.978000,4.450000,-0.497896,2.216419,3.177135
12.600400,4.990000,0.978000,4.450000,-0.497896,2.216419,3.177135
12.611510,4.990000,0.978000,4.450000,-0.497896,2.216419,3.177135
12.622620,4.990000,0.978000,4.450000,-0.497896,2.216419,3.177135
12.633730,4.990000,0.978000,4.450000,-0.497896,2.216419,3.177135
12.644840,4.990000,0.978000,4.450000,-0.497896,2.216419,3.177135
12.655960,4.990000,0.978000,4.450000,-0.497896,2.216419,3.177135
12.667070,4.990000,0.978000,4.450000,,,
12.678180,4.990000,0.978000,4.450000,,,
12.689290,4.990000,0.978000,4.450000,,,
12.700400,4.990000,0.978000,4.450000,-0.450663,2.296923,3.082974
12.711510,4.990000,0.978000,4.450000,-0.450663,2.296923,3.082974
12.722620,4.990000,0.978000,4.450000,-0.450663,2.296923,3.082974
12.733730,4.990000,0.978000,4.450000,-0.332217,2.443177,2.851019
12.744850,4.990000,0.978000,4.450000,-0.332217,2.443177,2.851019
12.755960,4.990000,0.978000,4.450000,-0.332217,2.443177,2.851019
12.767070,4.990000,0.978000,4.450000,,,
12.778180,4.990000,0.978000,4.450000,,,
12.789290,4.990000,0.978000,4.450000,,,
12.800400,4.990000,0.978000,4.450000,-0.217014,2.397530,2.629168
12.811510,4.990000,0.978000,4.450000,-0.217014,2.397530,2.629168
12.822620,4.990000,0.978000,4.450000,-0.217014,2.397530,2.629168
12.833740,4.990000,0.978000,4.450000,-0.217014,2.397530,2.629168
12.844850,4.990000,0.978000,4.450000,-0.162411,2.325987,2.526324
12.855960,4.990000,0.978000,4.450000,-0.162411,2.325987,2.526324
12.867070,4.990000,0.978000,4.450000,-0.162411,2.325987,2.526324
12.878180,4.990000,0.978000,4.450000,,,
12.889290,4.990000,0.978000,4.450000,,,
12.900400,4.990000,0.978000,4.450000,,,
12.911510,4.990000,0.978000,4.450000,-0.162411,2.325987,2.526324
12.922630,4.990000,0.978000,4.450000,-0.162411,2.325987,2.526324
12.933740,4.990000,0.978000,4.450000,-0.162411,2.325987,2.526324
12.944850,4.990000,0.978000,4.450000,-0.162411,2.325987,2.526324
12.955960,4.990000,0.978000,4.450000,-0.162411,2.325987,2.526324
12.967070,4.990000,0.978000,4.450000,-0.162411,2.325987,2.526324
12.978180,4.990000,0.978000,4.450000,,,
12.989290,4.990000,0.978000,4.450000,,,
13.000400,4.990000,0.978000,4.450000,,,
13.011520,4.990000,0.978000,4.450000,-0.162411,2.325987,2.526324
13.022630,2.056470,0.978000,4.450000,-0.162411,2.325987,2.526324
13.033740,2.056470,0.978000,4.450000,-0.162411,2.325987,2.526324
13.044850,2.056470,0.978000,4.450000,-0.049890,2.353092,2.505849
13.055960,2.056470,0.978000,4.450000,-0.049890,2.353092,2.505849
13.067070,2.056470,0.978000,4.450000,-0.049890,2.353092,2.505849
13.078180,1.983903,0.978000,4.450000,,,
13.089290,1.961680,0.978000,4.450000,,,
13.100410,1.939457,0.978000,4.450000,,,
13.111520,1.917235,0.978000,4.450000,,,
13.122630,1.848989,0.978000,4.450000,0.251447,2.411181,2.451018
13.133740,1.848989,0.978000,4.450000,0.251447,2.411181,2.451018
13.144850,1.848989,0.978000,4.450000,0.251447,2.411181,2.451018
13.155960,1.848989,0.978000,4.450000,0.555737,2.403633,2.396064
13.167070,1.848989,0.978000,4.450000,0.555737,2.403633,2.396064
13.178180,1.779303,0.978000,4.450000,0.555737,2.403633,2.396064
13.189300,1.761677,0.978000,4.450000,,,
13.200410,1.739454,0.978000,4.450000,,,
13.211520,1.717232,0.978000,4.450000,,,
13.222630,1.711794,0.978000,4.450000,0.839793,2.304941,2.344601
13.233740,1.640515,0.978000,4.450000,0.839793,2.304941,2.344601
13.244850,1.640515,0.978000,4.450000,0.839793,2.304941,2.344601
13.255960,1.640515,0.978000,4.450000,1.106756,2.149755,2.296226
13.267070,1.640515,0.978000,4.450000,1.106756,2.149755,2.296226
13.278190,1.569183,0.978000,4.450000,1.106756,2.149755,2.296226
13.289300,1.561674,0.978000,4.450000,,,
13.300410,1.539451,0.978000,4.450000,,,
13.311520,1.517229,0.978000,4.450000,,,
13.322630,1.500138,0.978000,4.450000,1.144955,2.124782,2.289304
13.333740,1.441158,0.978000,4.454665,1.144955,2.124782,2.289304
13.344850,1.441158,0.978000,4.454665,1.144955,2.124782,2.289304
13.355960,1.441158,0.978000,4.454665,1.144955,2.124782,2.289304
13.367080,1.441158,0.978000,4.454665,1.144955,2.124782,2.289304
13.378190,1.441158,0.978000,4.454665,1.144955,2.124782,2.289304
13.389300,1.405829,0.978000,4.474764,,,
13.400410,1.393835,0.978000,4.480682,,,
13.411520,1.381841,0.978000,4.486600,,,
13.422630,1.370918,0.978000,4.491990,1.144955,2.124782,2.289304
13.433740,1.336756,0.978000,4.512565,1.144955,2.124782,2.289304
13.444850,1.336756,0.978000,4.512565,1.144955,2.124782,2.289304
13.455880,1.336756,0.978000,4.512565,,,
13.467080,1.336756,0.978000,4.512565,1.144955,2.124782,2.289304
13.478190,1.336756,0.978000,4.512565,1.144955,2.124782,2.289304
13.489300,1.300915,0.978000,4.533312,1.144955,2.124782,2.289304
13.500410,1.290682,0.978000,4.538701,,,
13.511520,1.278726,0.978000,4.544996,,,
13.522630,1.266770,0.978000,4.551291,,,
13.533740,1.216232,0.978000,4.565643,0.889939,2.186507,2.400040
13.544860,1.216232,0.978000,4.565643,0.889939,2.186507,2.400040
13.555970,1.216232,0.978000,4.565643,0.889939,2.186507,2.400040
13.567080,1.216232,0.978000,4.565643,0.609687,2.249916,2.524456
13.578190,1.216232,0.978000,4.565643,0.609687,2.249916,2.524456
13.589300,1.171401,0.978000,4.580309,0.609687,2.249916,2.524456
13.600410,1.162002,0.978000,4.581662,,,
13.611520,1.144437,0.978000,4.584189,,,
13.622630,1.126871,0.978000,4.586717,,,
13.633750,1.118695,0.978000,4.587894,0.353216,2.299244,2.642891
13.644860,1.071557,0.978000,4.603569,0.353216,2.299244,2.642891
13.655970,1.071557,0.978000,4.603569,0.353216,2.299244,2.642891
13.667080,1.071557,0.978000,4.603569,0.050465,2.339471,2.792449
13.678190,1.071557,0.978000,4.603569,0.050465,2.339471,2.792449
13.689300,1.071557,0.978000,4.603569,0.050465,2.339471,2.792449
13.700410,1.014786,0.978000,4.612392,,,
13.711520,0.997817,0.978000,4.615337,,,
13.722640,0.980847,0.978000,4.618283,,,
13.733750,0.963878,0.978000,4.621229,,,
13.744860,0.916241,0.978000,4.635469,-0.217250,2.354666,2.930689
13.755970,0.916241,0.978000,4.635469,-0.217250,2.354666,2.930689
13.767080,0.916241,0.978000,4.635469,-0.217250,2.354666,2.930689
13.778190,0.916241,0.978000,4.635469,-0.491403,2.350427,3.078026
13.789300,0.916241,0.978000,4.635469,-0.491403,2.350427,3.078026
13.800420,0.868025,0.978000,4.648814,-0.491403,2.350427,3.078026
13.811530,0.855057,0.978000,4.650387,,,
13.822640,0.837128,0.978000,4.652561,,,
13.833750,0.819199,0.978000,4.654736,,,
13.844860,0.753333,0.978000,4.662523,-0.751840,2.330522,3.220301
13.855970,0.753333,0.978000,4.662523,-0.751840,2.330522,3.220301
13.867080,0.753333,0.978000,4.662523,-0.751840,2.330522,3.220301
13.878190,0.753333,0.978000,4.662523,-1.026061,2.298286,3.371065
13.889310,0.753333,0.978000,4.662523,-1.026061,2.298286,3.371065
13.900420,0.690433,0.978000,4.663172,-1.026061,2.298286,3.371065
13.911530,0.685968,0.978000,4.663214,,,
13.922640,0.665765,0.978000,4.663406,,,
13.933750,0.645563,0.978000,4.663597,,,
13.944860,0.628132,0.978000,4.663763,-1.160066,2.280137,3.446585
13.955970,0.564128,0.978000,4.665128,-1.160066,2.280137,3.446585
13.967080,0.564128,0.978000,4.665128,-1.160066,2.280137,3.446585
13.978200,0.564128,0.978000,4.665128,-1.160066,2.280137,3.446585
13.989310,0.564128,0.978000,4.665128,-1.160066,2.280137,3.446585
14.000420,0.502532,0.978000,4.666877,-1.160066,2.280137,3.446585
14.011530,0.502532,0.978000,4.666877,-1.160066,2.280137,3.446585
14.022640,0.485289,0.978000,4.667157,,,
14.033750,0.465034,0.978000,4.667485,,,
14.044860,0.444779,0.978000,4.667814,,,
14.055970,0.381415,0.978000,4.673363,-1.160066,2.280137,3.446585
14.067090,0.381415,0.978000,4.673363,-1.160066,2.280137,3.446585
14.078200,0.381415,0.978000,4.673363,-1.160066,2.280137,3.446585
14.089310,0.381415,0.978000,4.673363,-1.160066,2.280137,3.446585
14.100420,0.381415,0.978000,4.673363,-1.160066,2.280137,3.446585
14.111530,0.324958,0.978000,4.683462,-1.160066,2.280137,3.446585
14.122640,0.314716,0.978000,4.684219,-1.022205,2.314967,3.335474
14.133750,0.295316,0.978000,4.685653,-1.022205,2.314967,3.335474
14.144860,0.275916,0.978000,4.687087,-1.022205,2.314967,3.335474
14.155980,0.257025,0.978000,4.688548,-1.022205,2.314967,3.335474
14.167090,0.239059,0.978000,4.690060,-1.022205,2.314967,3.335474
14.178200,0.221093,0.978000,4.691572,-1.022205,2.314967,3.335474
14.189310,0.208621,0.978000,4.692621,-0.791582,2.363961,3.142279
14.200420,0.208621,0.978000,4.692621,-0.791582,2.363961,3.142279
14.211530,0.177046,0.978000,4.707771,-0.791582,2.363961,3.142279
14.222640,0.177046,0.978000,4.707771,-0.563757,2.376039,2.936504
14.233750,0.177046,0.978000,4.707771,-0.563757,2.376039,2.936504
14.244870,0.177046,0.978000,4.707771,-0.563757,2.376039,2.936504
14.255980,0.147285,0.978000,4.722827,-0.563757,2.376039,2.936504
14.267090,0.140427,0.978000,4.728730,,,
14.278200,0.133262,0.978000,4.734897,,,
14.289310,0.126098,0.978000,4.741063,,,
14.300420,0.124209,0.978000,4.742689,-0.343927,2.329145,2.724874
14.311530,0.096448,0.978000,4.758912,-0.343927,2.329145,2.724874
14.322640,0.096448,0.978000,4.758912,-0.343927,2.329145,2.724874
14.333760,0.096448,0.978000,4.758912,-0.144091,2.235470,2.522726
14.344870,0.096448,0.978000,4.758912,-0.144091,2.235470,2.522726
14.355980,0.096448,0.978000,4.758912,-0.144091,2.235470,2.522726
14.367090,0.069836,0.978000,4.782358,,,
14.378200,0.058244,0.978000,4.786121,,,
14.389310,0.046653,0.978000,4.789884,,,
14.400420,0.038596,0.978000,4.792500,0.019507,2.141074,2.366742
14.411530,0.013262,0.978000,4.811135,0.019507,2.141074,2.366742
14.422650,0.013262,0.978000,4.811135,0.019507,2.141074,2.366742
14.433760,0.013262,0.978000,4.811135,0.019507,2.141074,2.366742
14.444870,0.013262,0.978000,4.811135,0.019507,2.141074,2.366742
14.455980,0.013262,0.978000,4.811135,0.019507,2.141074,2.366742
14.467090,-0.018179,0.978000,4.829218,,,
14.478200,-0.030684,0.978000,4.832646,,,
14.489310,-0.043189,0.978000,4.836073,,,
14.500420,-0.054354,0.978000,4.839133,0.019507,2.141074,2.366742
14.511540,-0.079654,0.978000,4.860369,0.019507,2.141074,2.366742
14.522650,-0.079654,0.978000,4.860369,0.019507,2.141074,2.366742
14.533760,-0.079654,0.978000,4.860369,0.019507,2.141074,2.366742
14.544870,-0.079654,0.978000,4.860369,0.019507,2.141074,2.366742
14.555980,-0.079654,0.978000,4.860369,0.019507,2.141074,2.366742
14.567090,-0.124087,0.978000,4.866278,,,
14.578200,-0.137131,0.978000,4.869608,,,
14.589310,-0.150176,0.978000,4.872939,,,
14.600430,-0.163221,0.978000,4.876269,,,
14.611540,-0.164029,0.978000,4.876476,0.093344,2.178408,2.391146
14.622650,-0.201581,0.978000,4.889622,0.093344,2.178408,2.391146
14.633760,-0.201581,0.978000,4.889622,0.093344,2.178408,2.391146
14.644870,-0.201581,0.978000,4.889622,0.350286,2.303788,2.485103
14.655980,-0.201581,0.978000,4.889622,0.350286,2.303788,2.485103
14.667090,-0.240441,0.978000,4.901344,0.350286,2.303788,2.485103
14.678200,-0.251332,0.978000,4.904207,,,
14.689320,-0.264567,0.978000,4.907687,,,
14.700430,-0.277802,0.978000,4.911167,,,
14.711540,-0.282329,0.978000,4.912357,0.616290,2.393642,2.607724
14.722650,-0.326386,0.978000,4.922318,0.616290,2.393642,2.607724
14.733760,-0.326386,0.978000,4.922318,0.616290,2.393642,2.607724
14.744870,-0.326386,0.978000,4.922318,0.875771,2.398643,2.758940
14.755980,-0.326386,0.978000,4.922318,0.875771,2.398643,2.758940
14.767090,-0.373963,0.978000,4.926667,0.875771,2.398643,2.758940
14.778210,-0.379959,0.978000,4.926974,,,
14.789320,-0.395959,0.978000,4.927794,,,
14.800430,-0.411960,0.978000,4.928613,,,
14.811540,-0.422419,0.978000,4.929148,1.114028,2.336961,2.936169
14.822650,-0.474506,0.978000,4.930273,1.114028,2.336961,2.936169
14.833760,-0.474506,0.978000,4.930273,1.114028,2.336961,2.936169
14.844870,-0.474506,0.978000,4.930273,1.142254,2.326875,2.964531
14.855980,-0.474506,0.978000,4.930273,1.142254,2.326875,2.964531
14.867100,-0.524627,0.978000,4.932009,1.142254,2.326875,2.964531
14.878210,-0.527316,0.978000,4.931729,,,
14.889320,-0.545669,0.978000,4.929823,,,
14.900430,-0.564021,0.978000,4.927917,,,
14.911510,-0.582320,0.978000,4.926015,,,
14.922650,-0.641860,0.978000,4.920051,1.142254,2.326875,2.964531
14.933760,-0.641860,0.978000,4.920051,1.142254,2.326875,2.964531
14.944870,-0.641860,0.978000,4.920051,1.142254,2.326875,2.964531
14.955990,-0.641860,0.978000,4.920051,1.142254,2.326875,2.964531
14.967100,-0.641860,0.978000,4.920051,1.142254,2.326875,2.964531
14.978210,-0.705855,0.978000,4.900366,1.142254,2.326875,2.964531
14.989320,0.637256,0.978000,4.794168,,,
15.000430,2.399682,0.978000,4.654814,,,
15.011540,4.162109,0.978000,4.515460,,,
15.022650,4.990000,0.978000,4.450000,1.142254,2.326875,2.964531
15.033760,4.990000,0.978000,4.450000,1.142254,2.326875,2.964531
15.044880,4.990000,0.978000,4.450000,1.142254,2.326875,2.964531
15.055990,4.990000,0.978000,4.450000,0.874137,2.383356,3.031560
15.067100,4.990000,0.978000,4.450000,0.874137,2.383356,3.031560
15.078210,4.990000,0.978000,4.450000,0.874137,2.383356,3.031560
15.089320,4.990000,0.978000,4.450000,,,
15.100430,4.990000,0.978000,4.450000,,,
15.111540,4.990000,0.978000,4.450000,,,
15.122650,4.990000,0.978000,4.450000,0.574339,2.440355,3.106826
15.133770,4.990000,0.978000,4.450000,0.574339,2.440355,3.106826
15.144880,4.990000,0.978000,4.450000,0.574339,2.440355,3.106826
15.155990,4.990000,0.978000,4.450000,0.283890,2.482777,3.182939
15.167100,4.990000,0.978000,4.450000,0.283890,2.482777,3.182939
15.178210,4.990000,0.978000,4.450000,0.283890,2.482777,3.182939
15.189320,4.990000,0.978000,4.450000,0.283890,2.482777,3.182939
15.200430,4.990000,0.978000,4.450000,,,
15.211540,4.990000,0.978000,4.450000,,,
15.222660,4.990000,0.978000,4.450000,,,
15.233770,4.990000,0.978000,4.450000,-0.015681,2.504090,3.268712
15.244880,4.990000,0.978000,4.450000,-0.015681,2.504090,3.268712
15.255990,4.990000,0.978000,4.450000,-0.015681,2.504090,3.268712
15.267100,4.990000,0.978000,4.450000,-0.305312,2.495728,3.358529
15.278210,4.990000,0.978000,4.450000,-0.305312,2.495728,3.358529
15.289320,4.990000,0.978000,4.450000,-0.305312,2.495728,3.358529
15.300440,4.990000,0.978000,4.450000,,,
15.311550,4.990000,0.978000,4.450000,,,
15.322660,4.990000,0.978000,4.450000,,,
15.333770,4.990000,0.978000,4.450000,-0.599184,2.454729,3.460707
15.344880,4.990000,0.978000,4.450000,-0.599184,2.454729,3.460707
15.355990,4.990000,0.978000,4.450000,-0.599184,2.454729,3.460707
15.367100,4.990000,0.978000,4.450000,-0.882300,2.387263,3.564608
15.378210,4.990000,0.978000,4.450000,-0.882300,2.387263,3.564608
15.389330,4.990000,0.978000,4.450000,-0.882300,2.387263,3.564608
15.400440,4.990000,0.978000,4.450000,,,
15.411550,4.990000,0.978000,4.450000,,,
15.422660,4.990000,0.978000,4.450000,,,
15.433770,4.990000,0.978000,4.450000,-1.158534,2.302684,3.654369
15.444880,4.990000,0.978000,4.450000,-1.158534,2.302684,3.654369
15.455990,4.990000,0.978000,4.450000,-1.158534,2.302684,3.654369
15.467100,4.990000,0.978000,4.450000,-1.230823,2.278345,3.677010
15.478220,4.990000,0.978000,4.450000,-1.230823,2.278345,3.677010
15.489330,4.990000,0.978000,4.450000,-1.230823,2.278345,3.677010
15.500440,4.990000,0.978000,4.450000,-1.230823,2.278345,3.677010
15.511550,4.990000,0.978000,4.450000,,,
15.522660,4.990000,0.978000,4.450000,,,
15.533770,4.990000,0.978000,4.450000,,,
15.544880,4.990000,0.978000,4.450000,-1.230823,2.278345,3.677010
15.555990,4.990000,0.978000,4.450000,-1.230823,2.278345,3.677010
15.567110,4.990000,0.978000,4.450000,-1.230823,2.278345,3.677010
15.578220,4.990000,0.978000,4.450000,-1.230823,2.278345,3.677010
15.589330,4.990000,0.978000,4.450000,-1.230823,2.278345,3.677010
15.600440,4.990000,0.978000,4.450000,-1.230823,2.278345,3.677010
15.611550,4.990000,0.978000,4.450000,-1.230823,2.278345,3.677010
15.622660,4.990000,0.978000,4.450000,-1.230823,2.278345,3.677010
15.633770,4.990000,0.978000,4.450000,-1.230823,2.278345,3.677010
15.644880,4.990000,0.978000,4.450000,-1.230823,2.278345,3.677010
15.656000,4.990000,0.978000,4.450000,-1.230823,2.278345,3.677010
15.667110,4.990000,0.978000,4.450000,-1.230823,2.278345,3.677010
15.678220,4.990000,0.978000,4.450000,-1.007401,2.376714,3.573389
15.689330,4.990000,0.978000,4.450000,-1.007401,2.376714,3.573389
15.700440,4.990000,0.978000,4.450000,-1.007401,2.376714,3.573389
15.711550,4.990000,0.978000,4.450000,,,
15.722660,4.990000,0.978000,4.450000,,,
15.733770,4.990000,0.978000,4.450000,,,
15.744890,4.990000,0.978000,4.450000,-0.734500,2.468982,3.447500
15.756000,4.990000,0.978000,4.450000,-0.734500,2.468982,3.447500
15.767110,4.990000,0.978000,4.450000,-0.734500,2.468982,3.447500
15.778220,4.990000,0.978000,4.450000,-0.734500,2.468982,3.447500
15.789330,4.990000,0.978000,4.450000,-0.449828,2.484416,3.316222
15.800440,4.990000,0.978000,4.450000,-0.449828,2.484416,3.316222
15.811550,4.990000,0.978000,4.450000,-0.449828,2.484416,3.316222
15.822660,4.990000,0.978000,4.450000,,,
15.833780,4.990000,0.978000,4.450000,,,
15.844890,4.990000,0.978000,4.450000,,,
15.856000,4.990000,0.978000,4.450000,-0.177288,2.414538,3.190508
15.867110,4.990000,0.978000,4.450000,-0.177288,2.414538,3.190508
15.878220,4.990000,0.978000,4.450000,-0.177288,2.414538,3.190508
15.889330,4.990000,0.978000,4.450000,-0.001981,2.340014,3.109643
15.900440,4.990000,0.978000,4.450000,-0.001981,2.340014,3.109643
15.911550,4.990000,0.978000,4.450000,-0.001981,2.340014,3.109643
15.922670,4.990000,0.978000,4.450000,-0.001981,2.340014,3.109643
15.933780,4.990000,0.978000,4.450000,-0.001981,2.340014,3.109643
15.944890,4.990000,0.978000,4.450000,-0.001981,2.340014,3.109643
15.956000,4.990000,0.978000,4.450000,,,
15.967110,4.990000,0.978000,4.450000,,,
15.978220,4.990000,0.978000,4.450000,,,
15.989330,4.990000,0.978000,4.450000,-0.001981,2.340014,3.109643
16.000440,4.990000,0.978000,4.450000,-0.001981,2.340014,3.109643
16.011550,4.990000,0.978000,4.450000,-0.001981,2.340014,3.109643
16.022670,4.990000,0.978000,4.450000,-0.001981,2.340014,3.109643
16.033780,4.990000,0.978000,4.450000,-0.001981,2.340014,3.109643
16.044890,4.990000,0.978000,4.450000,-0.001981,2.340014,3.109643
16.056000,4.990000,0.978000,4.450000,-0.001981,2.340014,3.109643
16.067110,4.990000,0.978000,4.450000,,,
16.078220,4.990000,0.978000,4.450000,,,
16.089330,4.990000,0.978000,4.450000,,,
16.100440,4.990000,0.978000,4.450000,0.092756,2.383393,3.084974
16.111550,4.990000,0.978000,4.450000,0.092756,2.383393,3.084974
16.122660,4.990000,0.978000,4.450000,0.092756,2.383393,3.084974
16.133770,4.990000,0.978000,4.450000,0.304858,2.426923,3.029746
16.144880,4.990000,0.978000,4.450000,0.304858,2.426923,3.029746
16.155990,4.990000,0.978000,4.450000,0.304858,2.426923,3.029746
16.167100,4.990000,0.978000,4.450000,,,
16.178210,4.990000,0.978000,4.450000,,,
16.189320,4.990000,0.978000,4.450000,,,
16.200430,4.990000,0.978000,4.450000,0.513520,2.266668,2.976277
16.211540,4.990000,0.978000,4.450000,0.513520,2.266668,2.976277
16.222650,4.990000,0.978000,4.450000,0.513520,2.266668,2.976277
16.233760,4.990000,0.978000,4.450000,0.596694,2.157471,2.955987
16.244870,4.990000,0.978000,4.450000,0.596694,2.157471,2.955987
16.255980,4.990000,0.978000,4.450000,0.596694,2.157471,2.955987
16.267090,4.990000,0.978000,4.450000,,,
16.278200,4.990000,0.978000,4.450000,,,
16.289310,4.990000,0.978000,4.450000,,,
16.300420,4.990000,0.978000,4.450000,0.596694,2.157471,2.955987
16.311530,4.990000,0.978000,4.450000,0.596694,2.157471,2.955987
16.322640,4.990000,0.978000,4.450000,0.596694,2.157471,2.955987
16.333750,4.990000,0.978000,4.450000,0.596694,2.157471,2.955987
16.344860,4.990000,0.978000,4.450000,0.596694,2.157471,2.955987
16.355970,4.990000,0.978000,4.450000,0.596694,2.157471,2.955987
16.367080,4.990000,0.978000,4.450000,0.596694,2.157471,2.955987
16.378190,4.990000,0.978000,4.450000,,,
16.389310,4.990000,0.978000,4.450000,,,
16.400420,4.990000,0.978000,4.450000,,,
16.411530,4.990000,0.978000,4.450000,0.596694,2.157471,2.955987
16.422640,4.990000,0.978000,4.450000,0.596694,2.157471,2.955987
16.433750,4.990000,0.978000,4.450000,0.596694,2.157471,2.955987
16.444860,4.990000,0.978000,4.450000,0.475829,2.187178,3.000011
16.455970,4.990000,0.978000,4.450000,0.475829,2.187178,3.000011
16.467080,4.990000,0.978000,4.450000,0.475829,2.187178,3.000011
16.478190,4.990000,0.978000,4.450000,,,
16.489300,4.990000,0.978000,4.450000,,,
16.500410,4.990000,0.978000,4.450000,,,
16.511520,4.990000,0.978000,4.450000,0.195808,2.252439,3.102007
16.522630,4.990000,0.978000,4.450000,0.195808,2.252439,3.102007
16.533740,4.990000,0.978000,4.450000,0.195808,2.252439,3.102007
16.544850,4.990000,0.978000,4.450000,-0.083521,2.305598,3.206039
16.555960,4.990000,0.978000,4.450000,-0.083521,2.305598,3.206039
16.567070,4.990000,0.978000,4.450000,-0.083521,2.305598,3.206039
16.578180,4.990000,0.978000,4.450000,,,
16.589290,4.990000,0.978000,4.450000,,,
16.600400,4.990000,0.978000,4.450000,,,
16.611510,4.990000,0.978000,4.450000,-0.368795,2.332096,3.318057
16.622620,4.990000,0.978000,4.450000,-0.368795,2.332096,3.318057
16.633730,4.990000,0.978000,4.450000,-0.368795,2.332096,3.318057
16.644840,4.990000,0.978000,4.450000,-0.368795,2.332096,3.318057
16.655950,4.990000,0.978000,4.450000,-0.653553,2.319794,3.431612
16.667060,4.990000,0.978000,4.450000,-0.653553,2.319794,3.431612
16.678170,4.990000,0.978000,4.450000,-0.653553,2.319794,3.431612
16.689280,4.990000,0.978000,4.450000,,,
16.700390,4.990000,0.978000,4.450000,,,
16.711500,4.990000,0.978000,4.450000,,,
16.722610,4.990000,0.978000,4.450000,-0.937816,2.272385,3.542335
16.733720,4.990000,0.978000,4.450000,-0.937816,2.272385,3.542335
16.744830,4.990000,0.978000,4.450000,-0.937816,2.272385,3.542335
16.755950,4.990000,0.978000,4.450000,-1.216500,2.203693,3.650436
16.767060,4.990000,0.978000,4.450000,-1.216500,2.203693,3.650436
16.778170,4.990000,0.978000,4.450000,-1.216500,2.203693,3.650436
16.789280,4.990000,0.978000,4.450000,-1.245862,2.195821,3.661769
16.800390,4.990000,0.978000,4.450000,-1.245862,2.195821,3.661769
16.811500,4.990000,0.978000,4.450000,-1.245862,2.195821,3.661769
16.822610,4.990000,0.978000,4.450000,-1.245862,2.195821,3.661769
16.833720,4.990000,0.978000,4.450000,-1.245862,2.195821,3.661769
16.844830,4.990000,0.978000,4.450000,-1.245862,2.195821,3.661769
16.855940,4.990000,0.978000,4.450000,-1.245862,2.195821,3.661769
16.867050,4.990000,0.978000,4.450000,-1.245862,2.195821,3.661769
16.878160,4.990000,0.978000,4.450000,-1.245862,2.195821,3.661769
16.889270,4.990000,0.978000,4.450000,-1.245862,2.195821,3.661769
16.900380,4.990000,0.978000,4.450000,-1.245862,2.195821,3.661769
16.911490,4.990000,0.978000,4.450000,-1.245862,2.195821,3.661769
16.922600,4.990000,0.978000,4.450000,-1.245862,2.195821,3.661769
16.933710,4.990000,0.978000,4.450000,-1.245862,2.195821,3.661769
16.944820,4.990000,0.978000,4.450000,-1.245862,2.195821,3.661769
16.955930,4.990000,0.978000,4.450000,-1.245862,2.195821,3.661769
16.967040,4.990000,0.978000,4.450000,-1.245862,2.195821,3.661769
16.978150,4.990000,0.978000,4.450000,-1.245862,2.195821,3.661769
16.989260,4.990000,0.978000,4.450000,-1.245862,2.195821,3.661769
17.000370,4.990000,0.978000,4.450000,-0.994005,2.271079,3.506202
17.011480,4.990000,0.978000,4.450000,-0.994005,2.271079,3.506202
17.022590,4.990000,0.978000,4.450000,-0.994005,2.271079,3.506202
17.033700,4.990000,0.978000,4.450000,,,
17.044810,4.990000,0.978000,4.450000,,,
17.055920,4.990000,0.978000,4.450000,,,
17.067030,4.990000,0.978000,4.450000,-0.737069,2.323688,3.342554
17.078140,4.990000,0.978000,4.450000,-0.737069,2.323688,3.342554
17.089250,4.990000,0.978000,4.450000,-0.737069,2.323688,3.342554
17.100360,4.990000,0.978000,4.450000,-0.737069,2.323688,3.342554
17.111470,4.990000,0.978000,4.450000,-0.481722,2.319770,3.180756
17.122590,4.990000,0.978000,4.450000,-0.481722,2.319770,3.180756
17.133700,4.990000,0.978000,4.450000,-0.481722,2.319770,3.180756
17.144810,4.990000,0.978000,4.450000,,,
17.155920,4.990000,0.978000,4.450000,,,
17.167030,4.990000,0.978000,4.450000,,,
17.178140,4.990000,0.978000,4.450000,-0.230518,2.251554,3.021655
17.189250,4.990000,0.978000,4.450000,-0.230518,2.251554,3.021655
17.200360,4.990000,0.978000,4.450000,-0.230518,2.251554,3.021655
17.211470,4.990000,0.978000,4.450000,0.012076,2.141022,2.854434
17.222580,4.990000,0.978000,4.450000,0.012076,2.141022,2.854434
17.233690,4.990000,0.978000,4.450000,0.012076,2.141022,2.854434
17.244800,4.990000,0.978000,4.450000,,,
17.255910,4.990000,0.978000,4.450000,,,
17.267020,4.990000,0.978000,4.450000,,,
17.278130,4.990000,0.978000,4.450000,0.057510,2.117499,2.821223
17.289240,4.990000,0.978000,4.450000,0.057510,2.117499,2.821223
17.300350,4.990000,0.978000,4.450000,0.057510,2.117499,2.821223
17.311460,4.990000,0.978000,4.450000,0.057510,2.117499,2.821223
17.322570,4.990000,0.978000,4.450000,0.057510,2.117499,2.821223
17.333680,4.990000,0.978000,4.450000,0.057510,2.117499,2.821223
17.344790,4.990000,0.978000,4.450000,,,
17.355900,4.990000,0.978000,4.450000,,,
17.367010,4.990000,0.978000,4.450000,,,
17.378120,4.990000,0.978000,4.450000,,,
17.389230,4.990000,0.978000,4.450000,0.057510,2.117499,2.821223
17.400340,4.990000,0.978000,4.450000,0.057510,2.117499,2.821223
17.411450,4.990000,0.978000,4.450000,0.057510,2.117499,2.821223
17.422560,4.990000,0.978000,4.450000,0.057510,2.117499,2.821223
17.433670,4.990000,0.978000,4.450000,0.057510,2.117499,2.821223
17.444780,4.990000,0.978000,4.450000,0.057510,2.117499,2.821223
17.455890,4.990000,0.978000,4.450000,,,
17.467000,4.990000,0.978000,4.450000,,,
17.478120,4.990000,0.978000,4.450000,,,
17.489230,4.990000,0.978000,4.450000,0.228968,2.243590,2.663578
17.500340,4.990000,0.978000,4.450000,0.228968,2.243590,2.663578
17.511450,4.990000,0.978000,4.450000,0.228968,2.243590,2.663578
17.522560,4.990000,0.978000,4.450000,0.444354,2.345845,2.463674
17.533670,4.990000,0.978000,4.450000,0.444354,2.345845,2.463674
17.544780,4.990000,0.978000,4.450000,0.444354,2.345845,2.463674
17.555890,4.990000,0.978000,4.450000,,,
17.567000,4.990000,0.978000,4.450000,,,
17.578110,4.990000,0.978000,4.450000,,,
17.589220,4.990000,0.978000,4.450000,,,
17.600330,4.990000,0.978000,4.450000,0.673775,2.319975,2.257065
17.611440,4.990000,0.978000,4.450000,0.673775,2.319975,2.257065
17.622550,4.990000,0.978000,4.450000,0.673775,2.319975,2.257065
17.633660,4.990000,0.978000,4.450000,0.830173,2.259338,2.118321
17.644770,4.990000,0.978000,4.450000,0.830173,2.259338,2.118321
17.655880,4.990000,0.978000,4.450000,0.830173,2.259338,2.118321
17.666990,4.990000,0.978000,4.450000,0.830173,2.259338,2.118321
17.678100,4.990000,0.978000,4.450000,0.830173,2.259338,2.118321
17.689210,4.990000,0.978000,4.450000,0.830173,2.259338,2.118321
17.700320,4.990000,0.978000,4.450000,0.830173,2.259338,2.118321
17.711430,4.990000,0.978000,4.450000,0.830173,2.259338,2.118321
17.722540,4.990000,0.978000,4.450000,0.830173,2.259338,2.118321
17.733650,4.990000,0.978000,4.450000,0.830173,2.259338,2.118321
17.744760,4.990000,0.978000,4.450000,0.830173,2.259338,2.118321
17.755870,4.990000,0.978000,4.450000,0.830173,2.259338,2.118321
17.766980,4.990000,0.978000,4.450000,0.830173,2.259338,2.118321
17.778090,4.990000,0.978000,4.450000,0.830173,2.259338,2.118321
17.789200,4.990000,0.978000,4.450000,0.830173,2.259338,2.118321
17.800310,4.990000,0.978000,4.450000,0.830173,2.259338,2.118321
17.811420,4.990000,0.978000,4.450000,0.830173,2.259338,2.118321
17.822530,4.990000,0.978000,4.450000,0.830173,2.259338,2.118321
17.833640,4.990000,0.978000,4.450000,0.784584,2.273591,2.152083
17.844760,4.990000,0.978000,4.450000,0.784584,2.273591,2.152083
17.855870,4.990000,0.978000,4.450000,0.784584,2.273591,2.152083
17.866980,4.990000,0.978000,4.450000,0.784584,2.273591,2.152083
17.878090,4.990000,0.978000,4.450000,0.540664,2.347407,2.332725
17.889200,4.990000,0.978000,4.450000,0.540664,2.347407,2.332725
17.900310,4.990000,0.978000,4.450000,0.540664,2.347407,2.332725
17.911420,4.990000,0.978000,4.450000,0.540664,2.347407,2.332725
17.922530,4.990000,0.978000,4.450000,0.540664,2.347407,2.332725
17.933640,4.990000,0.978000,4.450000,0.540664,2.347407,2.332725
17.944750,4.990000,0.978000,4.450000,0.298327,2.413965,2.512193
17.955860,4.990000,0.978000,4.450000,0.298327,2.413965,2.512193
17.966970,4.990000,0.978000,4.450000,0.298327,2.413965,2.512193
17.978080,4.990000,0.978000,4.450000,0.063307,2.464407,2.686563
17.989190,4.990000,0.978000,4.450000,0.063307,2.464407,2.686563
18.000300,4.990000,0.978000,4.450000,0.063307,2.464407,2.686563
18.011410,4.990000,0.978000,4.450000,,,
18.022520,4.990000,0.978000,4.450000,,,
18.033630,4.990000,0.978000,4.450000,,,
18.044740,4.990000,0.978000,4.450000,-0.180244,2.494191,2.869434
18.055850,4.990000,0.978000,4.450000,-0.180244,2.494191,2.869434
18.066960,4.990000,0.978000,4.450000,-0.180244,2.494191,2.869434
18.078070,4.990000,0.978000,4.450000,-0.427051,2.495689,3.053740
18.089180,4.990000,0.978000,4.450000,-0.427051,2.495689,3.053740
18.100290,4.990000,0.978000,4.450000,-0.427051,2.495689,3.053740
18.111400,4.990000,0.978000,4.450000,,,
18.122510,4.990000,0.978000,4.450000,,,
18.133620,4.990000,0.978000,4.450000,,,
18.144730,4.990000,0.978000,4.450000,-0.672895,2.468140,3.236191
18.155840,4.990000,0.978000,4.450000,-0.672895,2.468140,3.236191
18.166950,4.990000,0.978000,4.450000,-0.672895,2.468140,3.236191
18.178040,4.990000,0.978000,4.450000,,,
18.189170,4.990000,0.978000,4.450000,-0.919455,2.415033,3.419381
18.200280,4.990000,0.978000,4.450000,-0.919455,2.415033,3.419381
18.211400,4.990000,0.978000,4.450000,-0.919455,2.415033,3.419381
18.222510,4.990000,0.978000,4.450000,,,
18.233620,4.990000,0.978000,4.450000,,,
18.244730,4.990000,0.978000,4.450000,,,
18.255840,4.990000,0.978000,4.450000,-1.140644,2.350983,3.583879
18.266950,4.990000,0.978000,4.450000,-1.140644,2.350983,3.583879
18.278060,4.990000,0.978000,4.450000,-1.140644,2.350983,3.583879
18.289170,4.990000,0.978000,4.450000,-1.140644,2.350983,3.583879
18.300280,4.990000,0.978000,4.450000,-1.140644,2.350983,3.583879
18.311390,4.990000,0.978000,4.450000,-1.140644,2.350983,3.583879
18.322500,4.990000,0.978000,4.450000,,,
18.333610,4.990000,0.978000,4.450000,,,
18.344720,4.990000,0.978000,4.450000,,,
18.355830,4.990000,0.978000,4.450000,-1.140644,2.350983,3.583879
18.366940,4.990000,0.978000,4.450000,-1.140644,2.350983,3.583879
18.378050,4.990000,0.978000,4.450000,-1.140644,2.350983,3.583879
18.389160,4.990000,0.978000,4.450000,-1.140644,2.350983,3.583879
18.400270,4.990000,0.978000,4.450000,-1.140644,2.350983,3.583879
18.411380,4.990000,0.978000,4.450000,-1.140644,2.350983,3.583879
18.422490,4.990000,0.978000,4.450000,-1.140644,2.350983,3.583879
18.433600,4.990000,0.978000,4.450000,,,
18.444710,4.990000,0.978000,4.450000,,,
18.455820,4.990000,0.978000,4.450000,,,
18.466930,4.990000,0.978000,4.450000,-1.108914,2.361700,3.561012
18.478040,4.990000,0.978000,4.450000,-1.108914,2.361700,3.561012
18.489150,4.990000,0.978000,4.450000,-1.108914,2.361700,3.561012
18.500260,4.990000,0.978000,4.450000,-0.865122,2.440916,3.385361
18.511370,4.990000,0.978000,4.450000,-0.865122,2.440916,3.385361
18.522480,4.990000,0.978000,4.450000,-0.865122,2.440916,3.385361
18.533590,4.990000,0.978000,4.450000,,,
18.544700,4.990000,0.978000,4.450000,,,
18.555810,4.990000,0.978000,4.450000,,,
18.566930,4.990000,0.978000,4.450000,-0.612935,2.504853,3.205516
18.578040,4.990000,0.978000,4.450000,-0.612935,2.504853,3.205516
18.589150,4.990000,0.978000,4.450000,-0.612935,2.504853,3.205516
18.600260,4.990000,0.978000,4.450000,-0.359623,2.527116,3.029595
18.611370,4.990000,0.978000,4.450000,-0.359623,2.527116,3.029595
18.622480,4.990000,0.978000,4.450000,-0.359623,2.527116,3.029595
18.633590,4.990000,0.978000,4.450000,,,
18.644700,4.990000,0.978000,4.450000,,,
18.655810,4.990000,0.978000,4.450000,,,
18.666920,4.990000,0.978000,4.450000,-0.113620,2.499588,2.858032
18.678030,4.990000,0.978000,4.450000,-0.113620,2.499588,2.858032
18.689140,4.990000,0.978000,4.450000,-0.113620,2.499588,2.858032
18.700250,4.990000,0.978000,4.450000,-0.113620,2.499588,2.858032
18.711360,4.990000,0.978000,4.450000,0.127776,2.433272,2.697659
18.722470,4.990000,0.978000,4.450000,0.127776,2.433272,2.697659
18.733580,4.990000,0.978000,4.450000,0.127776,2.433272,2.697659
18.744690,4.990000,0.978000,4.450000,,,
18.755800,4.990000,0.978000,4.450000,,,
18.766910,4.990000,0.978000,4.450000,,,
18.778020,4.990000,0.978000,4.450000,0.287596,2.375044,2.591689
18.789130,4.990000,0.978000,4.450000,0.287596,2.375044,2.591689
18.800240,4.990000,0.978000,4.450000,0.287596,2.375044,2.591689
18.811350,4.990000,0.978000,4.450000,0.287596,2.375044,2.591689
18.822460,4.990000,0.978000,4.450000,0.287596,2.375044,2.591689
18.833570,4.990000,0.978000,4.450000,0.287596,2.375044,2.591689
18.844680,4.990000,0.978000,4.450000,0.287596,2.375044,2.591689
18.855790,4.990000,0.978000,4.450000,0.287596,2.375044,2.591689
18.866900,4.990000,0.978000,4.450000,0.287596,2.375044,2.591689
18.878010,4.990000,0.978000,4.450000,0.287596,2.375044,2.591689
18.889120,4.990000,0.978000,4.450000,0.287596,2.375044,2.591689
18.900230,4.990000,0.978000,4.450000,0.287596,2.375044,2.591689
18.911340,4.990000,0.978000,4.450000,0.287596,2.375044,2.591689
18.922450,4.990000,0.978000,4.450000,0.287596,2.375044,2.591689
18.933570,4.990000,0.978000,4.450000,0.287596,2.375044,2.591689
18.944680,4.990000,0.978000,4.450000,0.392052,2.417190,2.516093
18.955790,4.990000,0.978000,4.450000,0.392052,2.417190,2.516093
18.966900,4.990000,0.978000,4.450000,0.392052,2.417190,2.516093
18.978010,4.990000,0.978000,4.450000,0.392052,2.417190,2.516093
18.989120,4.990000,0.978000,4.450000,0.392052,2.417190,2.516093
19.000230,4.990000,0.978000,4.450000,0.392052,2.417190,2.516093
19.011340,4.990000,0.978000,4.450000,0.392052,2.417190,2.516093
19.022450,4.990000,0.978000,4.450000,0.638578,2.482700,2.337424
19.033560,4.990000,0.978000,4.450000,0.638578,2.482700,2.337424
19.044670,4.990000,0.978000,4.450000,0.638578,2.482700,2.337424
19.055780,4.990000,0.978000,4.450000,0.870302,2.417951,2.169484
19.066890,4.990000,0.978000,4.450000,0.870302,2.417951,2.169484
19.078000,4.990000,0.978000,4.450000,0.870302,2.417951,2.169484
19.089110,4.990000,0.978000,4.450000,0.870302,2.417951,2.169484
19.100220,4.990000,0.978000,4.450000,0.870302,2.417951,2.169484
19.111330,4.990000,0.978000,4.450000,0.870302,2.417951,2.169484
19.122440,4.990000,0.978000,4.450000,1.059336,2.267328,2.032367
19.133550,4.990000,0.978000,4.450000,1.059336,2.267328,2.032367
19.144660,4.990000,0.978000,4.450000,1.059336,2.267328,2.032367
19.155770,4.990000,0.978000,4.450000,1.118797,2.211102,1.988066
19.166880,4.990000,0.978000,4.450000,1.118797,2.211102,1.988066
19.177990,4.990000,0.978000,4.450000,1.118797,2.211102,1.988066
19.189100,4.990000,0.978000,4.450000,1.118797,2.211102,1.988066
19.200210,4.990000,0.978000,4.450000,1.118797,2.211102,1.988066
19.211320,4.990000,0.978000,4.450000,1.118797,2.211102,1.988066
19.222430,4.990000,0.978000,4.450000,1.118797,2.211102,1.988066
19.233540,4.990000,0.978000,4.450000,1.118797,2.211102,1.988066
19.244650,4.990000,0.978000,4.450000,1.118797,2.211102,1.988066
19.255760,4.990000,0.978000,4.450000,1.118797,2.211102,1.988066
19.266870,4.990000,0.978000,4.450000,1.118797,2.211102,1.988066
19.277980,4.990000,0.978000,4.450000,1.118797,2.211102,1.988066
19.289090,4.990000,0.978000,4.450000,1.118797,2.211102,1.988066
19.300210,4.990000,0.978000,4.450000,,,
19.311320,4.990000,0.978000,4.450000,,,
19.322430,4.990000,0.978000,4.450000,,,
19.333540,4.990000,0.978000,4.450000,1.118797,2.211102,1.988066
19.344650,4.990000,0.978000,4.450000,1.118797,2.211102,1.988066
19.355760,4.990000,0.978000,4.450000,1.118797,2.211102,1.988066
19.366870,4.990000,0.978000,4.450000,0.933836,2.248817,2.123379
19.377980,4.990000,0.978000,4.450000,0.933836,2.248817,2.123379
19.389090,4.990000,0.978000,4.450000,0.933836,2.248817,2.123379
19.400200,4.990000,0.978000,4.450000,,,
19.411310,4.990000,0.978000,4.450000,,,
19.422420,4.990000,0.978000,4.450000,,,
19.433530,4.990000,0.978000,4.450000,0.688900,2.295300,2.300433
19.444640,4.990000,0.978000,4.450000,0.688900,2.295300,2.300433
19.455750,4.990000,0.978000,4.450000,0.688900,2.295300,2.300433
19.466860,4.990000,0.978000,4.450000,0.439151,2.334595,2.476709
19.477970,4.990000,0.978000,4.450000,0.439151,2.334595,2.476709
19.489080,4.990000,0.978000,4.450000,0.439151,2.334595,2.476709
19.500190,4.990000,0.978000,4.450000,,,
19.511300,4.990000,0.978000,4.450000,,,
19.522410,4.990000,0.978000,4.450000,,,
19.533520,4.990000,0.978000,4.450000,0.187596,2.358752,2.652546
19.544630,4.990000,0.978000,4.450000,0.187596,2.358752,2.652546
19.555740,4.990000,0.978000,4.450000,0.187596,2.358752,2.652546
19.566850,4.990000,0.978000,4.450000,-0.065211,2.360591,2.830438
19.577960,4.990000,0.978000,4.450000,-0.065211,2.360591,2.830438
19.589070,4.990000,0.978000,4.450000,-0.065211,2.360591,2.830438
19.600180,4.990000,0.978000,4.450000,-0.065211,2.360591,2.830438
19.611290,4.990000,0.978000,4.450000,,,
19.622400,4.990000,0.978000,4.450000,,,
19.633510,4.990000,0.978000,4.450000,,,
19.644620,4.990000,0.978000,4.450000,-0.309077,2.337228,3.006915
19.655740,4.990000,0.978000,4.450000,-0.309077,2.337228,3.006915
19.666850,4.990000,0.978000,4.450000,-0.309077,2.337228,3.006915
19.677960,4.990000,0.978000,4.450000,-0.554513,2.289880,3.187349
19.689070,4.990000,0.978000,4.450000,-0.554513,2.289880,3.187349
19.700180,4.990000,0.978000,4.450000,-0.554513,2.289880,3.187349
19.711290,4.990000,0.978000,4.450000,,,
19.722400,4.990000,0.978000,4.450000,,,
19.733510,4.990000,0.978000,4.450000,,,
19.744620,4.990000,0.978000,4.450000,-0.788883,2.224875,3.368281
19.755730,4.990000,0.978000,4.450000,-0.788883,2.224875,3.368281
19.766840,4.990000,0.978000,4.450000,-0.788883,2.224875,3.368281
19.777950,4.990000,0.978000,4.450000,-0.958422,2.173102,3.495401
19.789060,4.990000,0.978000,4.450000,-0.958422,2.173102,3.495401
19.800170,4.990000,0.978000,4.450000,-0.958422,2.173102,3.495401
19.811280,4.990000,0.978000,4.450000,-0.958422,2.173102,3.495401
19.822390,4.990000,0.978000,4.450000,,,
19.833500,4.990000,0.978000,4.450000,,,
19.844610,4.990000,0.978000,4.450000,,,
19.855720,4.990000,0.978000,4.450000,-0.958422,2.173102,3.495401
19.866830,4.990000,0.978000,4.450000,-0.958422,2.173102,3.495401
19.877940,4.990000,0.978000,4.450000,-0.958422,2.173102,3.495401
19.889050,4.990000,0.978000,4.450000,-0.958422,2.173102,3.495401
19.900160,4.990000,0.978000,4.450000,-0.958422,2.173102,3.495401
19.911270,4.990000,0.978000,4.450000,-0.958422,2.173102,3.495401
19.922380,4.990000,0.978000,4.450000,,,
19.933490,4.990000,0.978000,4.450000,,,
19.944600,4.990000,0.978000,4.450000,,,
19.955710,4.990000,0.978000,4.450000,-0.958422,2.173102,3.495401
19.966820,4.990000,0.978000,4.450000,-0.958422,2.173102,3.495401
19.977930,4.990000,0.978000,4.450000,-0.958422,2.173102,3.495401
19.989040,4.990000,0.978000,4.450000,-0.871382,2.204461,3.407627
20.000150,4.990000,0.978000,4.450000,-0.871382,2.204461,3.407627
20.011260,4.990000,0.978000,4.450000,-0.871382,2.204461,3.407627
20.022380,4.990000,0.978000,4.450000,,,
20.033490,4.990000,0.978000,4.450000,,,
20.044600,4.990000,0.978000,4.450000,,,
20.055710,4.990000,0.978000,4.450000,-0.662570,2.274504,3.188670
20.066820,4.990000,0.978000,4.450000,-0.662570,2.274504,3.188670
20.077930,4.990000,0.978000,4.450000,-0.662570,2.274504,3.188670
20.089040,4.990000,0.978000,4.450000,-0.461157,2.321180,2.955922
20.100150,4.990000,0.978000,4.450000,-0.461157,2.321180,2.955922
20.111200,,,,-0.461157,2.321180,2.955922
20.122370,4.990000,0.978000,4.450000,-0.461157,2.321180,2.955922
20.133480,4.990000,0.978000,4.450000,,,
20.144590,4.990000,0.978000,4.450000,,,
20.155700,4.990000,0.978000,4.450000,,,
20.166810,4.990000,0.978000,4.450000,-0.275170,2.324223,2.720979
20.177920,4.990000,0.978000,4.450000,-0.275170,2.324223,2.720979
20.189030,4.990000,0.978000,4.450000,-0.275170,2.324223,2.720979
20.200140,4.990000,0.978000,4.450000,-0.083585,2.279195,2.483620
20.211250,4.990000,0.978000,4.450000,-0.083585,2.279195,2.483620
20.222360,4.990000,0.978000,4.450000,-0.083585,2.279195,2.483620
20.233470,4.990000,0.978000,4.450000,,,
20.244580,4.990000,0.978000,4.450000,,,
20.255690,4.990000,0.978000,4.450000,,,
20.266800,4.990000,0.978000,4.450000,0.110117,2.194372,2.253126
20.277910,4.990000,0.978000,4.450000,0.110117,2.194372,2.253126
20.289020,4.990000,0.978000,4.450000,0.110117,2.194372,2.253126
20.300130,4.990000,0.978000,4.450000,0.220609,2.134748,2.122278
20.311240,4.990000,0.978000,4.450000,0.220609,2.134748,2.122278
20.322350,4.990000,0.978000,4.450000,0.220609,2.134748,2.122278
20.333460,4.990000,0.978000,4.450000,,,
20.344570,4.990000,0.978000,4.450000,,,
20.355680,4.990000,0.978000,4.450000,,,
20.366790,4.990000,0.978000,4.450000,0.220609,2.134748,2.122278
20.377900,4.990000,0.978000,4.450000,0.220609,2.134748,2.122278
20.389020,4.990000,0.978000,4.450000,0.220609,2.134748,2.122278
20.400130,4.990000,0.978000,4.450000,0.220609,2.134748,2.122278
20.411240,4.990000,0.978000,4.450000,0.220609,2.134748,2.122278
20.422350,4.990000,0.978000,4.450000,0.220609,2.134748,2.122278
20.433460,4.990000,0.978000,4.450000,0.220609,2.134748,2.122278
20.444570,4.990000,0.978000,4.450000,,,
20.455680,4.990000,0.978000,4.450000,,,
20.466790,4.990000,0.978000,4.450000,,,
20.477900,4.990000,0.978000,4.450000,0.220609,2.134748,2.122278
20.489010,4.990000,0.978000,4.450000,0.220609,2.134748,2.122278
20.500120,4.990000,0.978000,4.450000,0.220609,2.134748,2.122278
20.511230,4.990000,0.978000,4.450000,0.352157,2.217964,2.119602
20.522340,4.990000,0.978000,4.450000,0.352157,2.217964,2.119602
20.533450,4.990000,0.978000,4.450000,0.352157,2.217964,2.119602
20.544560,4.990000,0.978000,4.450000,0.615693,2.334656,2.132376
20.555670,4.990000,0.978000,4.450000,0.615693,2.334656,2.132376
20.566780,4.990000,0.978000,4.450000,0.615693,2.334656,2.132376
20.577890,4.990000,0.978000,4.450000,0.615693,2.334656,2.132376
20.589000,4.990000,0.978000,4.450000,0.615693,2.334656,2.132376
20.600110,4.990000,0.978000,4.450000,0.615693,2.334656,2.132376
20.611220,4.990000,0.978000,4.450000,0.874438,2.301449,2.167892
20.622330,4.990000,0.978000,4.450000,0.874438,2.301449,2.167892
20.633440,4.990000,0.978000,4.450000,0.874438,2.301449,2.167892
20.644550,4.990000,0.978000,4.450000,1.046366,2.231204,2.207161
20.655660,4.990000,0.978000,4.450000,1.046366,2.231204,2.207161
20.666770,4.990000,0.978000,4.450000,1.046366,2.231204,2.207161
20.677880,4.990000,0.978000,4.450000,1.046366,2.231204,2.207161
20.688990,4.990000,0.978000,4.450000,,,
20.700100,4.990000,0.978000,4.450000,,,
20.711210,4.990000,0.978000,4.450000,,,
20.722320,4.990000,0.978000,4.450000,1.046366,2.231204,2.207161
20.733430,4.990000,0.978000,4.450000,1.046366,2.231204,2.207161
20.744540,4.990000,0.978000,4.450000,1.046366,2.231204,2.207161
20.755660,4.990000,0.978000,4.450000,1.046366,2.231204,2.207161
20.766770,4.990000,0.978000,4.450000,1.046366,2.231204,2.207161
20.777880,4.990000,0.978000,4.450000,1.046366,2.231204,2.207161
20.788990,4.990000,0.978000,4.450000,,,
20.800100,4.990000,0.978000,4.450000,,,
20.811210,4.990000,0.978000,4.450000,,,
20.822320,4.990000,0.978000,4.450000,1.046366,2.231204,2.207161
20.833430,4.990000,0.978000,4.450000,1.046366,2.231204,2.207161
20.844540,4.990000,0.978000,4.450000,1.046366,2.231204,2.207161
20.855650,4.990000,0.978000,4.450000,1.008846,2.243697,2.233451
20.866760,4.990000,0.978000,4.450000,1.008846,2.243697,2.233451
20.877870,4.990000,0.978000,4.450000,1.008846,2.243697,2.233451
20.888980,4.990000,0.978000,4.450000,,,
20.900090,4.990000,0.978000,4.450000,,,
20.911200,4.990000,0.978000,4.450000,,,
20.922310,4.990000,0.978000,4.450000,0.760535,2.324069,2.406847
20.933420,4.990000,0.978000,4.450000,0.760535,2.324069,2.406847
20.944530,4.990000,0.978000,4.450000,0.760535,2.324069,2.406847
20.955640,4.990000,0.978000,4.450000,0.760535,2.324069,2.406847
20.966750,4.990000,0.978000,4.450000,0.516013,2.396479,2.576653
20.977860,4.990000,0.978000,4.450000,0.516013,2.396479,2.576653
20.988970,4.990000,0.978000,4.450000,0.516013,2.396479,2.576653
21.000080,4.990000,0.978000,4.450000,,,
21.011190,4.990000,0.978000,4.450000,,,
21.022300,4.990000,0.978000,4.450000,,,
21.033410,4.990000,0.978000,4.450000,0.268223,2.453377,2.748555
21.044520,4.990000,0.978000,4.450000,0.268223,2.453377,2.748555
21.055630,4.990000,0.978000,4.450000,0.268223,2.453377,2.748555
21.066740,4.990000,0.978000,4.450000,0.036511,2.483505,2.905770
21.077850,4.990000,0.978000,4.450000,0.036511,2.483505,2.905770
21.088960,4.990000,0.978000,4.450000,0.036511,2.483505,2.905770
21.100070,4.990000,0.978000,4.450000,,,
21.111190,4.990000,0.978000,4.450000,,,
21.122300,4.990000,0.978000,4.450000,,,
21.133410,4.990000,0.978000,4.450000,-0.232595,2.483735,3.084975
21.144520,4.990000,0.978000,4.450000,-0.232595,2.483735,3.084975
21.155630,4.990000,0.978000,4.450000,-0.232595,2.483735,3.084975
21.166740,4.990000,0.978000,4.450000,-0.492032,2.448011,3.249802
21.177850,4.990000,0.978000,4.450000,-0.492032,2.448011,3.249802
21.188960,4.990000,0.978000,4.450000,-0.492032,2.448011,3.249802
21.200070,4.990000,0.978000,4.450000,,,
21.211180,4.990000,0.978000,4.450000,,,
21.222290,4.990000,0.978000,4.450000,,,
21.233400,4.990000,0.978000,4.450000,-0.749877,2.386201,3.396197
21.244510,4.990000,0.978000,4.450000,-0.749877,2.386201,3.396197
21.255620,4.990000,0.978000,4.450000,-0.749877,2.386201,3.396197
21.266730,4.990000,0.978000,4.450000,-0.860270,2.354516,3.452137
21.277840,4.990000,0.978000,4.450000,-0.860270,2.354516,3.452137
21.288950,4.990000,0.978000,4.450000,-0.860270,2.354516,3.452137
21.300060,4.990000,0.978000,4.450000,-0.860270,2.354516,3.452137
21.311170,4.990000,0.978000,4.450000,-0.860270,2.354516,3.452137
21.322280,4.990000,0.978000,4.450000,-0.860270,2.354516,3.452137
21.333390,4.990000,0.978000,4.450000,-0.860270,2.354516,3.452137
21.344500,4.990000,0.978000,4.450000,-0.860270,2.354516,3.452137
21.355610,4.990000,0.978000,4.450000,-0.860270,2.354516,3.452137
21.366720,4.990000,0.978000,4.450000,-0.860270,2.354516,3.452137
21.377830,4.990000,0.978000,4.450000,-0.860270,2.354516,3.452137
21.388940,4.990000,0.978000,4.450000,-0.860270,2.354516,3.452137
21.400050,4.990000,0.978000,4.450000,-0.860270,2.354516,3.452137
21.411160,4.990000,0.978000,4.450000,-0.860270,2.354516,3.452137
21.422270,4.990000,0.978000,4.450000,-0.860270,2.354516,3.452137
21.433380,4.990000,0.978000,4.450000,-0.860270,2.354516,3.452137
21.444490,4.990000,0.978000,4.450000,,,
21.455600,4.990000,0.978000,4.450000,,,
21.466710,4.990000,0.978000,4.450000,,,
21.477830,4.990000,0.978000,4.450000,-0.753329,2.400357,3.306572
21.488940,4.990000,0.978000,4.450000,-0.753329,2.400357,3.306572
21.500050,4.990000,0.978000,4.450000,-0.753329,2.400357,3.306572
21.511160,4.990000,0.978000,4.450000,-0.753329,2.400357,3.306572
21.522270,4.990000,0.978000,4.450000,-0.575462,2.469313,3.071305
21.533380,4.990000,0.978000,4.450000,-0.575462,2.469313,3.071305
21.544490,4.990000,0.978000,4.450000,-0.575462,2.469313,3.071305
21.555600,4.990000,0.978000,4.450000,,,
21.566710,4.990000,0.978000,4.450000,,,
21.577820,4.990000,0.978000,4.450000,,,
21.588930,4.990000,0.978000,4.450000,-0.383839,2.513868,2.834264
21.600040,4.990000,0.978000,4.450000,-0.383839,2.513868,2.834264
21.611150,4.990000,0.978000,4.450000,-0.383839,2.513868,2.834264
21.622260,4.990000,0.978000,4.450000,-0.178676,2.509353,2.606414
21.633370,4.990000,0.978000,4.450000,-0.178676,2.509353,2.606414
21.644480,4.990000,0.978000,4.450000,-0.178676,2.509353,2.606414
21.655590,4.990000,0.978000,4.450000,,,
21.666700,4.990000,0.978000,4.450000,,,
21.677810,4.990000,0.978000,4.450000,,,
21.688920,4.990000,0.978000,4.450000,0.031314,2.453964,2.392433
21.700030,4.990000,0.978000,4.450000,0.031314,2.453964,2.392433
21.711140,4.990000,0.978000,4.450000,0.031314,2.453964,2.392433
21.722250,4.990000,0.978000,4.450000,0.243022,2.367396,2.195043
21.733360,4.990000,0.978000,4.450000,0.243022,2.367396,2.195043
21.744470,4.990000,0.978000,4.450000,0.243022,2.367396,2.195043
21.755580,4.990000,0.978000,4.450000,0.243022,2.367396,2.195043
21.766690,4.990000,0.978000,4.450000,0.262704,2.358682,2.177569
21.777800,4.990000,0.978000,4.450000,0.262704,2.358682,2.177569
21.788910,4.990000,0.978000,4.450000,0.262704,2.358682,2.177569
21.800020,4.990000,0.978000,4.450000,0.262704,2.358682,2.177569
21.811130,4.990000,0.978000,4.450000,0.262704,2.358682,2.177569
21.822240,4.990000,0.978000,4.450000,0.262704,2.358682,2.177569
21.833350,4.990000,0.978000,4.450000,0.262704,2.358682,2.177569
21.844470,4.990000,0.978000,4.450000,0.262704,2.358682,2.177569
21.855580,4.990000,0.978000,4.450000,0.262704,2.358682,2.177569
21.866690,4.990000,0.978000,4.450000,0.262704,2.358682,2.177569
21.877800,4.990000,0.978000,4.450000,0.262704,2.358682,2.177569
21.888910,4.990000,0.978000,4.450000,0.262704,2.358682,2.177569
21.900020,4.990000,0.978000,4.450000,,,
21.911130,4.990000,0.978000,4.450000,,,
21.922240,4.990000,0.978000,4.450000,,,
21.933260,4.990000,0.978000,4.450000,,,
21.944460,4.990000,0.978000,4.450000,0.262704,2.358682,2.177569
21.955570,4.990000,0.978000,4.450000,0.262704,2.358682,2.177569
21.966680,4.990000,0.978000,4.450000,0.262704,2.358682,2.177569
21.977790,4.990000,0.978000,4.450000,0.460868,2.446177,2.373492
21.988900,4.990000,0.978000,4.450000,0.460868,2.446177,2.373492
22.000010,4.990000,0.978000,4.450000,0.460868,2.446177,2.373492
22.011120,4.990000,0.978000,4.450000,,,
22.022230,4.990000,0.978000,4.450000,,,
22.033340,4.990000,0.978000,4.450000,,,
22.044450,4.990000,0.978000,4.450000,0.668387,2.489777,2.597839
22.055560,4.990000,0.978000,4.450000,0.668387,2.489777,2.597839
22.066670,4.990000,0.978000,4.450000,0.668387,2.489777,2.597839
22.077780,4.990000,0.978000,4.450000,0.861179,2.439174,2.823786
22.088890,4.990000,0.978000,4.450000,0.861179,2.439174,2.823786
22.100000,4.990000,0.978000,4.450000,0.861179,2.439174,2.823786
22.111110,4.990000,0.978000,4.450000,,,
22.122220,4.990000,0.978000,4.450000,,,
22.133330,4.990000,0.978000,4.450000,,,
22.144440,4.990000,0.978000,4.450000,1.037265,2.326652,3.047197
22.155550,4.990000,0.978000,4.450000,1.037265,2.326652,3.047197
22.166660,4.990000,0.978000,4.450000,1.037265,2.326652,3.047197
22.177770,4.990000,0.978000,4.450000,1.111624,2.269091,3.146797
22.188880,4.990000,0.978000,4.450000,1.111624,2.269091,3.146797
22.200000,4.990000,0.978000,4.450000,1.111624,2.269091,3.146797
22.211110,4.990000,0.978000,4.450000,1.111624,2.269091,3.146797
22.222220,4.990000,0.978000,4.450000,,,
22.233330,4.990000,0.978000,4.450000,,,
22.244440,4.990000,0.978000,4.450000,,,
22.255550,4.990000,0.978000,4.450000,1.111624,2.269091,3.146797
22.266660,4.990000,0.978000,4.450000,1.111624,2.269091,3.146797
22.277770,4.990000,0.978000,4.450000,1.111624,2.269091,3.146797
22.288880,4.990000,0.978000,4.450000,1.111624,2.269091,3.146797
22.299990,4.990000,0.978000,4.450000,1.111624,2.269091,3.146797
22.311100,4.990000,0.978000,4.450000,1.111624,2.269091,3.146797
22.322210,4.990000,0.978000,4.450000,,,
22.333320,4.990000,0.978000,4.450000,,,
22.344430,4.990000,0.978000,4.450000,,,
22.355540,4.990000,0.978000,4.450000,1.111624,2.269091,3.146797
22.366650,4.990000,0.978000,4.450000,1.111624,2.269091,3.146797
22.377760,4.990000,0.978000,4.450000,1.111624,2.269091,3.146797
22.388870,4.990000,0.978000,4.450000,0.922505,2.299316,3.118109
22.399980,4.990000,0.978000,4.450000,0.922505,2.299316,3.118109
22.411090,4.990000,0.978000,4.450000,0.922505,2.299316,3.118109
22.422200,4.990000,0.978000,4.450000,,,
22.433310,4.990000,0.978000,4.450000,,,
22.444420,4.990000,0.978000,4.450000,,,
22.455530,4.990000,0.978000,4.450000,,,
22.466640,4.990000,0.978000,4.450000,0.626909,2.342266,3.071503
22.477750,4.990000,0.978000,4.450000,0.626909,2.342266,3.071503
22.488860,4.990000,0.978000,4.450000,0.626909,2.342266,3.071503
22.499970,4.990000,0.978000,4.450000,0.322276,2.374989,3.022206
22.511080,4.990000,0.978000,4.450000,0.322276,2.374989,3.022206
22.522190,4.990000,0.978000,4.450000,0.322276,2.374989,3.022206
22.533300,4.990000,0.978000,4.450000,,,
22.544410,4.990000,0.978000,4.450000,,,
22.555520,4.990000,0.978000,4.450000,,,
22.566640,4.990000,0.978000,4.450000,0.024331,2.385707,2.974302
22.577750,4.990000,0.978000,4.450000,0.024331,2.385707,2.974302
22.588860,4.990000,0.978000,4.450000,0.024331,2.385707,2.974302
22.599970,4.990000,0.978000,4.450000,-0.284694,2.367230,2.925338
22.611080,4.990000,0.978000,4.450000,-0.284694,2.367230,2.925338
22.622190,4.990000,0.978000,4.450000,-0.284694,2.367230,2.925338
22.633300,4.990000,0.978000,4.450000,,,
22.644410,4.990000,0.978000,4.450000,,,
22.655520,4.990000,0.978000,4.450000,,,
22.666630,4.990000,0.978000,4.450000,-0.591587,2.317602,2.878983
22.677740,4.990000,0.978000,4.450000,-0.591587,2.317602,2.878983
22.688850,4.990000,0.978000,4.450000,-0.591587,2.317602,2.878983
22.699960,4.990000,0.978000,4.450000,-0.896721,2.244044,2.841370
22.711070,4.990000,0.978000,4.450000,-0.896721,2.244044,2.841370
22.722180,4.990000,0.978000,4.450000,-0.896721,2.244044,2.841370
22.733290,4.990000,0.978000,4.450000,-0.896721,2.244044,2.841370
22.744400,4.990000,0.978000,4.450000,-1.173866,2.167213,2.815665
22.755510,4.990000,0.978000,4.450000,-1.173866,2.167213,2.815665
22.766620,4.990000,0.978000,4.450000,-1.173866,2.167213,2.815665
22.777730,4.990000,0.978000,4.450000,-1.173866,2.167213,2.815665
22.788840,4.990000,0.978000,4.450000,-1.173866,2.167213,2.815665
22.799950,4.990000,0.978000,4.450000,-1.173866,2.167213,2.815665
22.811060,4.990000,0.978000,4.450000,-1.173866,2.167213,2.815665
22.822170,4.990000,0.978000,4.450000,-1.173866,2.167213,2.815665
22.833280,4.990000,0.978000,4.450000,-1.173866,2.167213,2.815665
22.844390,4.990000,0.978000,4.450000,-1.173866,2.167213,2.815665
22.855500,4.990000,0.978000,4.450000,-1.173866,2.167213,2.815665
22.866610,4.990000,0.978000,4.450000,-1.173866,2.167213,2.815665
22.877720,4.990000,0.978000,4.450000,-1.173866,2.167213,2.815665
22.888830,4.990000,0.978000,4.450000,-1.173866,2.167213,2.815665
22.899940,4.990000,0.978000,4.450000,-1.173866,2.167213,2.815665
22.911050,4.990000,0.978000,4.450000,-1.173866,2.167213,2.815665
22.922160,4.990000,0.978000,4.450000,-1.173866,2.167213,2.815665
22.933280,4.990000,0.978000,4.450000,-1.173866,2.167213,2.815665
22.944390,4.990000,0.978000,4.450000,-1.126204,2.184820,2.791442
22.955500,4.990000,0.978000,4.450000,-1.126204,2.184820,2.791442
22.966610,4.990000,0.978000,4.450000,-1.126204,2.184820,2.791442
22.977720,4.990000,0.978000,4.450000,-1.126204,2.184820,2.791442
22.988830,4.990000,0.978000,4.450000,-1.126204,2.184820,2.791442
22.999940,4.990000,0.978000,4.450000,-1.126204,2.184820,2.791442
23.011050,4.990000,0.978000,4.450000,-1.126204,2.184820,2.791442
23.022160,4.990000,0.978000,4.450000,-0.868384,2.273753,2.658455
23.033270,4.990000,0.978000,4.450000,-0.868384,2.273753,2.658455
23.044380,4.990000,0.978000,4.450000,-0.868384,2.273753,2.658455
23.055490,4.990000,0.978000,4.450000,-0.607817,2.329061,2.517429
23.066600,4.990000,0.978000,4.450000,-0.607817,2.329061,2.517429
23.077710,4.990000,0.978000,4.450000,-0.607817,2.329061,2.517429
23.088820,4.990000,0.978000,4.450000,,,
23.099930,4.990000,0.978000,4.450000,,,
23.111040,4.990000,0.978000,4.450000,,,
23.122150,4.990000,0.978000,4.450000,-0.338543,2.308317,2.363374
23.133260,4.990000,0.978000,4.450000,-0.338543,2.308317,2.363374
23.144370,4.990000,0.978000,4.450000,-0.338543,2.308317,2.363374
23.155480,4.990000,0.978000,4.450000,-0.087723,2.216939,2.223887
23.166590,4.990000,0.978000,4.450000,-0.087723,2.216939,2.223887
23.177700,4.990000,0.978000,4.450000,-0.087723,2.216939,2.223887
23.188810,4.990000,0.978000,4.450000,-0.087723,2.216939,2.223887
23.199920,4.990000,0.978000,4.450000,,,
23.211030,4.990000,0.978000,4.450000,,,
23.222140,4.990000,0.978000,4.450000,,,
23.233250,4.990000,0.978000,4.450000,0.089217,2.123640,2.122265
23.244360,4.990000,0.978000,4.450000,0.089217,2.123640,2.122265
23.255470,4.990000,0.978000,4.450000,0.089217,2.123640,2.122265
23.266580,4.990000,0.978000,4.450000,0.089217,2.123640,2.122265
23.277690,4.990000,0.978000,4.450000,0.089217,2.123640,2.122265
23.288810,4.990000,0.978000,4.450000,0.089217,2.123640,2.122265
23.299920,4.990000,0.978000,4.450000,,,
23.311030,4.990000,0.978000,4.450000,,,
23.322140,4.990000,0.978000,4.450000,,,
23.333250,4.990000,0.978000,4.450000,0.089217,2.123640,2.122265
23.344360,4.990000,0.978000,4.450000,0.089217,2.123640,2.122265
23.355470,4.990000,0.978000,4.450000,0.089217,2.123640,2.122265
23.366580,4.990000,0.978000,4.450000,0.089217,2.123640,2.122265
23.377690,4.990000,0.978000,4.450000,0.089217,2.123640,2.122265
23.388800,4.990000,0.978000,4.450000,0.089217,2.123640,2.122265
23.399910,4.990000,0.978000,4.450000,0.089217,2.123640,2.122265
23.411020,4.990000,0.978000,4.450000,0.141350,2.148735,2.201495
23.422130,4.990000,0.978000,4.450000,0.141350,2.148735,2.201495
23.433240,4.990000,0.978000,4.450000,0.141350,2.148735,2.201495
23.444350,4.990000,0.978000,4.450000,0.141350,2.148735,2.201495
23.455460,4.990000,0.978000,4.450000,0.141350,2.148735,2.201495
23.466570,4.990000,0.978000,4.450000,0.141350,2.148735,2.201495
23.477680,4.990000,0.978000,4.450000,0.304951,2.224615,2.449984
23.488790,4.990000,0.978000,4.450000,0.304951,2.224615,2.449984
23.499900,4.990000,0.978000,4.450000,0.304951,2.224615,2.449984
23.511010,4.990000,0.978000,4.450000,0.469616,2.289994,2.700090
23.522120,4.990000,0.978000,4.450000,0.469616,2.289994,2.700090
23.533230,4.990000,0.978000,4.450000,0.469616,2.289994,2.700090
23.544340,4.990000,0.978000,4.450000,0.469616,2.289994,2.700090
23.555450,4.990000,0.978000,4.450000,0.469616,2.289994,2.700090
23.566560,4.990000,0.978000,4.450000,0.469616,2.289994,2.700090
23.577670,4.990000,0.978000,4.450000,0.637807,2.330517,2.955553
23.588780,4.990000,0.978000,4.450000,0.637807,2.330517,2.955553
23.599890,4.990000,0.978000,4.450000,0.637807,2.330517,2.955553
23.611000,4.990000,0.978000,4.450000,0.807764,2.334904,3.213698
23.622110,4.990000,0.978000,4.450000,0.807764,2.334904,3.213698
23.633220,4.990000,0.978000,4.450000,0.807764,2.334904,3.213698
23.644330,4.990000,0.978000,4.450000,,,
23.655450,4.990000,0.978000,4.450000,,,
23.666560,4.990000,0.978000,4.450000,,,
23.677670,4.990000,0.978000,4.450000,,,
23.688780,4.990000,0.978000,4.450000,0.973553,2.305500,3.465512
23.699890,4.990000,0.978000,4.450000,0.973553,2.305500,3.465512
23.711000,4.990000,0.978000,4.450000,0.973553,2.305500,3.465512
23.722110,4.990000,0.978000,4.450000,1.135798,2.254217,3.711942
23.733220,4.990000,0.978000,4.450000,1.135798,2.254217,3.711942
23.744330,4.990000,0.978000,4.450000,1.135798,2.254217,3.711942
23.755440,4.990000,0.978000,4.450000,,,
23.766550,4.990000,0.978000,4.450000,,,
23.777660,4.990000,0.978000,4.450000,,,
23.788770,4.990000,0.978000,4.450000,1.181375,2.237718,3.781168
23.799880,4.990000,0.978000,4.450000,1.181375,2.237718,3.781168
23.810990,4.990000,0.978000,4.450000,1.181375,2.237718,3.781168
23.822100,4.990000,0.978000,4.450000,1.181375,2.237718,3.781168
23.833210,4.990000,0.978000,4.450000,1.181375,2.237718,3.781168
23.844320,4.990000,0.978000,4.450000,1.181375,2.237718,3.781168
23.855430,4.990000,0.978000,4.450000,,,
23.866540,4.990000,0.978000,4.450000,,,
23.877650,4.990000,0.978000,4.450000,,,
23.888760,4.990000,0.978000,4.450000,,,
23.899870,4.990000,0.978000,4.450000,1.181375,2.237718,3.781168
23.910980,4.990000,0.978000,4.450000,1.181375,2.237718,3.781168
23.922090,4.990000,0.978000,4.450000,1.181375,2.237718,3.781168
23.933200,4.990000,0.978000,4.450000,1.181375,2.237718,3.781168
23.944310,4.990000,0.978000,4.450000,1.181375,2.237718,3.781168
23.955420,4.990000,0.978000,4.450000,1.181375,2.237718,3.781168
23.966530,4.990000,0.978000,4.450000,,,
23.977640,4.990000,0.978000,4.450000,,,
23.988750,4.990000,0.978000,4.450000,,,
23.999860,4.990000,0.978000,4.450000,0.917599,2.314361,3.770502
24.010970,4.990000,0.978000,4.450000,0.917599,2.314361,3.770502
24.022090,4.990000,0.978000,4.450000,0.917599,2.314361,3.770502
24.033200,4.990000,0.978000,4.450000,0.623162,2.393870,3.764351
24.044310,4.990000,0.978000,4.450000,0.623162,2.393870,3.764351
24.055420,4.990000,0.978000,4.450000,0.623162,2.393870,3.764351
24.066530,4.990000,0.978000,4.450000,0.623162,2.393870,3.764351
24.077640,4.990000,0.978000,4.450000,0.327799,2.455639,3.765482
24.088750,4.990000,0.978000,4.450000,0.327799,2.455639,3.765482
24.099860,4.990000,0.978000,4.450000,0.327799,2.455639,3.765482
24.110970,4.990000,0.978000,4.450000,0.327799,2.455639,3.765482
24.122080,4.990000,0.978000,4.450000,0.327799,2.455639,3.765482
24.133190,4.990000,0.978000,4.450000,0.327799,2.455639,3.765482
24.144300,4.990000,0.978000,4.450000,0.021451,2.486008,3.773697
24.155410,4.990000,0.978000,4.450000,0.021451,2.486008,3.773697
24.166520,4.990000,0.978000,4.450000,0.021451,2.486008,3.773697
24.177630,4.990000,0.978000,4.450000,-0.282027,2.476017,3.783186
24.188740,4.990000,0.978000,4.450000,-0.282027,2.476017,3.783186
24.199850,4.990000,0.978000,4.450000,-0.282027,2.476017,3.783186
24.210960,4.990000,0.978000,4.450000,,,
24.222070,4.990000,0.978000,4.450000,,,
24.233180,4.990000,0.978000,4.450000,,,
24.244290,4.990000,0.978000,4.450000,,,
24.255400,4.990000,0.978000,4.450000,-0.589936,2.428006,3.791625
24.266510,4.990000,0.978000,4.450000,-0.589936,2.428006,3.791625
24.277620,4.990000,0.978000,4.450000,-0.589936,2.428006,3.791625
24.288730,4.990000,0.978000,4.450000,-0.855434,2.361912,3.807450
24.299840,4.990000,0.978000,4.450000,-0.855434,2.361912,3.807450
24.310950,4.990000,0.978000,4.450000,-0.855434,2.361912,3.807450
24.322060,4.990000,0.978000,4.450000,,,
24.333170,4.990000,0.978000,4.450000,,,
24.344280,4.990000,0.978000,4.450000,,,
24.355390,4.990000,0.978000,4.450000,-0.855434,2.361912,3.807450
24.366500,4.990000,0.978000,4.450000,-0.855434,2.361912,3.807450
24.377610,4.990000,0.978000,4.450000,-0.855434,2.361912,3.807450
24.388730,4.990000,0.978000,4.450000,-0.855434,2.361912,3.807450
24.399840,4.990000,0.978000,4.450000,-0.855434,2.361912,3.807450
24.410950,4.990000,0.978000,4.450000,-0.855434,2.361912,3.807450
24.422060,4.990000,0.978000,4.450000,,,
24.433170,4.990000,0.978000,4.450000,,,
24.444280,4.990000,0.978000,4.450000,,,
24.455390,4.990000,0.978000,4.450000,-0.855434,2.361912,3.807450
24.466500,4.990000,0.978000,4.450000,-0.855434,2.361912,3.807450
24.477610,4.990000,0.978000,4.450000,-0.855434,2.361912,3.807450
24.488720,4.990000,0.978000,4.450000,-0.831769,2.372901,3.778663
24.499830,4.990000,0.978000,4.450000,-0.831769,2.372901,3.778663
24.510940,4.990000,0.978000,4.450000,-0.831769,2.372901,3.778663
24.522050,4.990000,0.978000,4.450000,,,
24.533160,4.990000,0.978000,4.450000,,,
24.544270,4.990000,0.978000,4.450000,,,
24.555380,4.990000,0.978000,4.450000,,,
24.566490,4.990000,0.978000,4.450000,-0.652499,2.452622,3.558531
24.577600,4.990000,0.978000,4.450000,-0.652499,2.452622,3.558531
24.588710,4.990000,0.978000,4.450000,-0.652499,2.452622,3.558531
24.599820,4.990000,0.978000,4.450000,-0.460229,2.504254,3.299741
24.610930,4.990000,0.978000,4.450000,-0.460229,2.504254,3.299741
24.622040,4.990000,0.978000,4.450000,-0.460229,2.504254,3.299741
24.633150,4.990000,0.978000,4.450000,,,
24.644260,4.990000,0.978000,4.450000,,,
24.655370,4.990000,0.978000,4.450000,,,
24.666480,4.990000,0.978000,4.450000,-0.292167,2.465811,3.045250
24.677590,4.990000,0.978000,4.450000,-0.292167,2.465811,3.045250
24.688700,4.990000,0.978000,4.450000,-0.292167,2.465811,3.045250
24.699810,4.990000,0.978000,4.450000,-0.155782,2.363385,2.803828
24.710920,4.990000,0.978000,4.450000,-0.155782,2.363385,2.803828
24.722030,4.990000,0.978000,4.450000,-0.155782,2.363385,2.803828
24.733140,4.990000,0.978000,4.450000,,,
24.744260,4.990000,0.978000,4.450000,,,
24.755370,4.990000,0.978000,4.450000,,,
24.766480,4.990000,0.978000,4.450000,-0.116704,2.325046,2.728209
24.777590,4.990000,0.978000,4.450000,-0.116704,2.325046,2.728209
24.788700,4.990000,0.978000,4.450000,-0.116704,2.325046,2.728209
24.799810,4.990000,0.978000,4.450000,-0.116704,2.325046,2.728209
24.810920,4.990000,0.978000,4.450000,-0.116704,2.325046,2.728209
24.822030,4.990000,0.978000,4.450000,-0.116704,2.325046,2.728209
24.833140,4.990000,0.978000,4.450000,-0.116704,2.325046,2.728209
24.844250,4.990000,0.978000,4.450000,,,
24.855360,4.990000,0.978000,4.450000,,,
24.866470,4.990000,0.978000,4.450000,,,
24.877580,4.990000,0.978000,4.450000,-0.116704,2.325046,2.728209
24.888690,4.990000,0.978000,4.450000,-0.116704,2.325046,2.728209
24.899800,4.990000,0.978000,4.450000,-0.116704,2.325046,2.728209
24.910910,4.990000,0.978000,4.450000,-0.116704,2.325046,2.728209
24.922020,4.990000,0.978000,4.450000,-0.116704,2.325046,2.728209
24.933130,4.990000,0.978000,4.450000,-0.116704,2.325046,2.728209
24.944240,4.990000,0.978000,4.450000,0.027882,2.378767,2.851320
24.955350,4.990000,0.978000,4.450000,0.027882,2.378767,2.851320
24.966460,4.990000,0.978000,4.450000,0.027882,2.378767,2.851320
24.977570,4.990000,0.978000,4.450000,0.027882,2.378767,2.851320
24.988680,4.990000,0.978000,4.450000,0.027882,2.378767,2.851320
24.999790,4.990000,0.978000,4.450000,0.027882,2.378767,2.851320
25.010900,4.990000,0.978000,4.450000,0.253945,2.451840,3.044027
25.022010,4.990000,0.978000,4.450000,0.253945,2.451840,3.044027
25.033120,4.990000,0.978000,4.450000,0.253945,2.451840,3.044027
25.044230,4.990000,0.978000,4.450000,0.481591,2.490363,3.238081
25.055340,4.990000,0.978000,4.450000,0.481591,2.490363,3.238081
25.066450,4.990000,0.978000,4.450000,0.481591,2.490363,3.238081
25.077560,4.990000,0.978000,4.450000,0.481591,2.490363,3.238081
25.088670,4.990000,0.978000,4.450000,,,
25.099780,4.990000,0.978000,4.450000,,,
25.110900,4.990000,0.978000,4.450000,,,
25.122010,4.990000,0.978000,4.450000,0.717832,2.472043,3.439458
25.133120,4.990000,0.978000,4.450000,0.717832,2.472043,3.439458
25.144230,4.990000,0.978000,4.450000,0.717832,2.472043,3.439458
25.155340,4.990000,0.978000,4.450000,0.940020,2.397702,3.635083
25.166450,4.990000,0.978000,4.450000,0.940020,2.397702,3.635083
25.177560,4.990000,0.978000,4.450000,0.940020,2.397702,3.635083
25.188670,4.990000,0.978000,4.450000,,,
25.199780,4.990000,0.978000,4.450000,,,
25.210890,4.990000,0.978000,4.450000,,,
25.222000,4.990000,0.978000,4.450000,1.155844,2.286907,3.824805
25.233110,4.990000,0.978000,4.450000,1.155844,2.286907,3.824805
25.244220,4.990000,0.978000,4.450000,1.155844,2.286907,3.824805
25.255330,4.990000,0.978000,4.450000,1.155844,2.286907,3.824805
25.266440,4.990000,0.978000,4.450000,1.155844,2.286907,3.824805
25.277550,4.990000,0.978000,4.450000,1.155844,2.286907,3.824805
25.288660,4.990000,0.978000,4.450000,,,
25.299770,4.990000,0.978000,4.450000,,,
25.310880,4.990000,0.978000,4.450000,,,
25.321990,4.990000,0.978000,4.450000,1.155844,2.286907,3.824805
25.333100,4.990000,0.978000,4.450000,1.155844,2.286907,3.824805
25.344210,4.990000,0.978000,4.450000,1.155844,2.286907,3.824805
25.355320,4.990000,0.978000,4.450000,1.155844,2.286907,3.824805
25.366430,4.990000,0.978000,4.450000,1.155844,2.286907,3.824805
25.377540,4.990000,0.978000,4.450000,1.155844,2.286907,3.824805
25.388650,4.990000,0.978000,4.450000,,,
25.399760,4.990000,0.978000,4.450000,,,
25.410870,4.990000,0.978000,4.450000,,,
25.421980,4.990000,0.978000,4.450000,1.155844,2.286907,3.824805
25.433090,4.990000,0.978000,4.450000,1.155844,2.286907,3.824805
25.444200,4.990000,0.978000,4.450000,1.155844,2.286907,3.824805
25.455310,4.990000,0.978000,4.450000,0.858400,2.337086,3.833441
25.466420,4.990000,0.978000,4.450000,0.858400,2.337086,3.833441
25.477540,4.990000,0.978000,4.450000,0.858400,2.337086,3.833441
25.488650,4.990000,0.978000,4.450000,,,
25.499760,4.990000,0.978000,4.450000,,,
25.510870,4.990000,0.978000,4.450000,,,
25.521980,4.990000,0.978000,4.450000,,,
25.533090,4.990000,0.978000,4.450000,0.548875,2.377068,3.842427
25.544200,4.990000,0.978000,4.450000,0.548875,2.377068,3.842427
25.555310,4.990000,0.978000,4.450000,0.548875,2.377068,3.842427
25.566420,4.990000,0.978000,4.450000,0.238408,2.386515,3.852236
25.577530,4.990000,0.978000,4.450000,0.238408,2.386515,3.852236
25.588640,4.990000,0.978000,4.450000,0.238408,2.386515,3.852236
25.599750,4.990000,0.978000,4.450000,,,
25.610860,4.990000,0.978000,4.450000,,,
25.621970,4.990000,0.978000,4.450000,,,
25.633080,4.990000,0.978000,4.450000,-0.062933,2.349806,3.865217
25.644190,4.990000,0.978000,4.450000,-0.062933,2.349806,3.865217
25.655300,4.990000,0.978000,4.450000,-0.062933,2.349806,3.865217
25.666410,4.990000,0.978000,4.450000,-0.362932,2.262075,3.878994
25.677520,4.990000,0.978000,4.450000,-0.362932,2.262075,3.878994
25.688630,4.990000,0.978000,4.450000,-0.362932,2.262075,3.878994
25.699740,4.990000,0.978000,4.450000,,,
25.710850,4.990000,0.978000,4.450000,,,
25.721960,4.990000,0.978000,4.450000,,,
25.733070,4.990000,0.978000,4.450000,-0.623622,2.152181,3.892395
25.744180,4.990000,0.978000,4.450000,-0.623622,2.152181,3.892395
25.755290,4.990000,0.978000,4.450000,-0.623622,2.152181,3.892395
25.766400,4.990000,0.978000,4.450000,-0.708463,2.114599,3.897350
25.777510,4.990000,0.978000,4.450000,-0.708463,2.114599,3.897350
25.788620,4.990000,0.978000,4.450000,-0.708463,2.114599,3.897350
25.799730,4.990000,0.978000,4.450000,,,
25.810840,4.990000,0.978000,4.450000,,,
25.821950,4.990000,0.978000,4.450000,,,
25.833070,4.990000,0.978000,4.450000,,,
25.844180,4.990000,0.978000,4.450000,-0.708463,2.114599,3.897350
25.855290,4.990000,0.978000,4.450000,-0.708463,2.114599,3.897350
25.866400,4.990000,0.978000,4.450000,-0.708463,2.114599,3.897350
25.877510,4.990000,0.978000,4.450000,-0.708463,2.114599,3.897350
25.888620,4.990000,0.978000,4.450000,-0.708463,2.114599,3.897350
25.899730,4.990000,0.978000,4.450000,-0.708463,2.114599,3.897350
25.910840,4.990000,0.978000,4.450000,,,
25.921950,4.990000,0.978000,4.450000,,,
25.933060,4.990000,0.978000,4.450000,,,
25.944170,4.990000,0.978000,4.450000,-0.708463,2.114599,3.897350
25.955280,4.990000,0.978000,4.450000,-0.708463,2.114599,3.897350
25.966390,4.990000,0.978000,4.450000,-0.708463,2.114599,3.897350
25.977500,4.990000,0.978000,4.450000,-0.624495,2.216023,3.670998
25.988610,4.990000,0.978000,4.450000,-0.624495,2.216023,3.670998
25.999720,4.990000,0.978000,4.450000,-0.624495,2.216023,3.670998
26.010830,4.990000,0.978000,4.450000,,,
26.021940,4.990000,0.978000,4.450000,,,
26.033050,4.990000,0.978000,4.450000,,,
26.044160,4.990000,0.978000,4.450000,-0.522920,2.305282,3.392649
26.055270,4.990000,0.978000,4.450000,-0.522920,2.305282,3.392649
26.066380,4.990000,0.978000,4.450000,-0.522920,2.305282,3.392649
26.077490,4.990000,0.978000,4.450000,-0.416234,2.314712,3.096340
26.088600,4.990000,0.978000,4.450000,-0.416234,2.314712,3.096340
26.099710,4.990000,0.978000,4.450000,-0.416234,2.314712,3.096340
26.110820,4.990000,0.978000,4.450000,,,
26.121930,4.990000,0.978000,4.450000,,,
26.133040,4.990000,0.978000,4.450000,,,
26.144150,4.990000,0.978000,4.450000,,,
26.155260,4.990000,0.978000,4.450000,-0.314553,2.248796,2.819178
26.166370,4.990000,0.978000,4.450000,-0.314553,2.248796,2.819178
26.177480,4.990000,0.978000,4.450000,-0.314553,2.248796,2.819178
26.188590,4.990000,0.978000,4.450000,-0.238865,2.177101,2.621699
26.199710,4.990000,0.978000,4.450000,-0.238865,2.177101,2.621699
26.210820,4.990000,0.978000,4.450000,-0.238865,2.177101,2.621699
26.221930,4.990000,0.978000,4.450000,,,
26.233040,4.990000,0.978000,4.450000,,,
26.244150,4.990000,0.978000,4.450000,,,
26.255260,4.990000,0.978000,4.450000,-0.238865,2.177101,2.621699
26.266370,4.990000,0.978000,4.450000,-0.238865,2.177101,2.621699
26.277480,4.990000,0.978000,4.450000,-0.238865,2.177101,2.621699
26.288590,4.990000,0.978000,4.450000,-0.238865,2.177101,2.621699
26.299700,4.990000,0.978000,4.450000,-0.238865,2.177101,2.621699
26.310810,4.990000,0.978000,4.450000,-0.238865,2.177101,2.621699
26.321920,4.990000,0.978000,4.450000,,,
26.333030,4.990000,0.978000,4.450000,,,
26.344140,4.990000,0.978000,4.450000,,,
26.355250,4.990000,0.978000,4.450000,-0.238865,2.177101,2.621699
26.366360,4.990000,0.978000,4.450000,-0.238865,2.177101,2.621699
26.377470,4.990000,0.978000,4.450000,-0.238865,2.177101,2.621699
26.388580,4.990000,0.978000,4.450000,-0.160239,2.202501,2.691015
26.399690,4.990000,0.978000,4.450000,-0.160239,2.202501,2.691015
26.410800,4.990000,0.978000,4.450000,-0.160239,2.202501,2.691015
26.421910,4.990000,0.978000,4.450000,,,
26.433020,4.990000,0.978000,4.450000,,,
26.444130,4.990000,0.978000,4.450000,,,
26.455240,4.990000,0.978000,4.450000,0.061910,2.270693,2.887134
26.466350,4.990000,0.978000,4.450000,0.061910,2.270693,2.887134
26.477460,4.990000,0.978000,4.450000,0.061910,2.270693,2.887134
26.488570,4.990000,0.978000,4.450000,0.061910,2.270693,2.887134
26.499680,4.990000,0.978000,4.450000,0.284370,2.322956,3.085518
26.510790,4.990000,0.978000,4.450000,0.284370,2.322956,3.085518
26.521900,4.990000,0.978000,4.450000,0.284370,2.322956,3.085518
26.533010,4.990000,0.978000,4.450000,,,
26.544120,4.990000,0.978000,4.450000,,,
26.555230,4.990000,0.978000,4.450000,,,
26.566350,4.990000,0.978000,4.450000,0.510059,2.337821,3.284064
26.577460,4.990000,0.978000,4.450000,0.510059,2.337821,3.284064
26.588570,4.990000,0.978000,4.450000,0.510059,2.337821,3.284064
26.599680,4.990000,0.978000,4.450000,0.742697,2.303130,3.477546
26.610790,4.990000,0.978000,4.450000,0.742697,2.303130,3.477546
26.621900,4.990000,0.978000,4.450000,0.742697,2.303130,3.477546
26.633010,4.990000,0.978000,4.450000,,,
26.644120,4.990000,0.978000,4.450000,,,
26.655230,4.990000,0.978000,4.450000,,,
26.666340,4.990000,0.978000,4.450000,0.978677,2.224471,3.664026
26.677450,4.990000,0.978000,4.450000,0.978677,2.224471,3.664026
26.688560,4.990000,0.978000,4.450000,0.978677,2.224471,3.664026
26.699670,4.990000,0.978000,4.450000,1.103140,2.172925,3.763397
26.710780,4.990000,0.978000,4.450000,1.103140,2.172925,3.763397
26.721890,4.990000,0.978000,4.450000,1.103140,2.172925,3.763397
26.733000,4.990000,0.978000,4.450000,,,
26.744110,4.990000,0.978000,4.450000,,,
26.755220,4.990000,0.978000,4.450000,,,
26.766330,4.990000,0.978000,4.450000,1.103140,2.172925,3.763397
26.777440,4.990000,0.978000,4.450000,1.103140,2.172925,3.763397
26.788550,4.990000,0.978000,4.450000,1.103140,2.172925,3.763397
26.799660,4.990000,0.978000,4.450000,1.103140,2.172925,3.763397
26.810770,4.990000,0.978000,4.450000,1.103140,2.172925,3.763397
26.821880,4.990000,0.978000,4.450000,1.103140,2.172925,3.763397
26.832990,4.990000,0.978000,4.450000,1.103140,2.172925,3.763397
26.844100,4.990000,0.978000,4.450000,1.103140,2.172925,3.763397
26.855210,4.990000,0.978000,4.450000,1.103140,2.172925,3.763397
26.866320,4.990000,0.978000,4.450000,1.103140,2.172925,3.763397
26.877430,4.990000,0.978000,4.450000,,,
26.888540,4.990000,0.978000,4.450000,,,
26.899650,4.990000,0.978000,4.450000,,,
26.910760,4.990000,0.978000,4.450000,1.025374,2.284243,3.859672
26.921880,4.990000,0.978000,4.450000,1.025374,2.284243,3.859672
26.932990,4.990000,0.978000,4.450000,1.025374,2.284243,3.859672
26.944100,4.990000,0.978000,4.450000,0.889525,2.427904,4.032523
26.955210,4.990000,0.978000,4.450000,0.889525,2.427904,4.032523
26.966320,4.990000,0.978000,4.450000,0.889525,2.427904,4.032523
26.977430,4.990000,0.978000,4.450000,,,
26.988540,4.990000,0.978000,4.450000,,,
26.999650,4.990000,0.978000,4.450000,,,
27.010760,4.990000,0.978000,4.450000,,,
27.021870,4.990000,0.978000,4.450000,0.790882,2.367997,4.164905
27.032980,4.990000,0.978000,4.450000,0.790882,2.367997,4.164905
27.044090,4.990000,0.978000,4.450000,0.790882,2.367997,4.164905
27.055200,4.990000,0.978000,4.450000,0.775975,2.344874,4.186409
27.066310,4.990000,0.978000,4.450000,0.775975,2.344874,4.186409
27.077420,4.990000,0.978000,4.450000,0.775975,2.344874,4.186409
27.088530,4.990000,0.978000,4.450000,,,
27.099640,4.990000,0.978000,4.450000,,,
27.110750,4.990000,0.978000,4.450000,,,
27.121860,4.990000,0.978000,4.450000,0.775975,2.344874,4.186409
27.132970,4.990000,0.978000,4.450000,0.775975,2.344874,4.186409
27.144080,4.990000,0.978000,4.450000,0.775975,2.344874,4.186409
27.155190,4.990000,0.978000,4.450000,0.775975,2.344874,4.186409
27.166300,4.990000,0.978000,4.450000,0.775975,2.344874,4.186409
27.177410,4.990000,0.978000,4.450000,0.775975,2.344874,4.186409
27.188520,4.990000,0.978000,4.450000,,,
27.199630,4.990000,0.978000,4.450000,,,
27.210740,4.990000,0.978000,4.450000,,,
27.221850,4.990000,0.978000,4.450000,0.775975,2.344874,4.186409
27.232960,4.990000,0.978000,4.450000,0.775975,2.344874,4.186409
27.244070,4.990000,0.978000,4.450000,0.775975,2.344874,4.186409
27.255180,4.990000,0.978000,4.450000,0.775975,2.344874,4.186409
27.266290,4.990000,0.978000,4.450000,0.691075,2.387114,3.975577
27.277400,4.990000,0.978000,4.450000,0.691075,2.387114,3.975577
27.288520,4.990000,0.978000,4.450000,0.691075,2.387114,3.975577
27.299630,4.990000,0.978000,4.450000,,,
27.310740,4.990000,0.978000,4.450000,,,
27.321850,4.990000,0.978000,4.450000,,,
27.332960,4.990000,0.978000,4.450000,0.581734,2.436319,3.696664
27.344070,4.990000,0.978000,4.450000,0.581734,2.436319,3.696664
27.355180,4.990000,0.978000,4.450000,0.581734,2.436319,3.696664
27.366290,4.990000,0.978000,4.450000,0.478759,2.462118,3.413948
27.377400,4.990000,0.978000,4.450000,0.478759,2.462118,3.413948
27.388510,4.990000,0.978000,4.450000,0.478759,2.462118,3.413948
27.399620,4.990000,0.978000,4.450000,,,
27.410730,4.990000,0.978000,4.450000,,,
27.421840,4.990000,0.978000,4.450000,,,
27.432950,4.990000,0.978000,4.450000,0.380942,2.447333,3.115916
27.444060,4.990000,0.978000,4.450000,0.380942,2.447333,3.115916
27.455170,4.990000,0.978000,4.450000,0.380942,2.447333,3.115916
27.466280,4.990000,0.978000,4.450000,0.298144,2.393784,2.825624
27.477390,4.990000,0.978000,4.450000,0.298144,2.393784,2.825624
27.488500,4.990000,0.978000,4.450000,0.298144,2.393784,2.825624
27.499610,4.990000,0.978000,4.450000,,,
27.510720,4.990000,0.978000,4.450000,,,
27.521830,4.990000,0.978000,4.450000,,,
27.532940,4.990000,0.978000,4.450000,0.226890,2.314202,2.530563
27.544050,4.990000,0.978000,4.450000,0.226890,2.314202,2.530563
27.555160,4.990000,0.978000,4.450000,0.226890,2.314202,2.530563
27.566270,4.990000,0.978000,4.450000,0.226890,2.314202,2.530563
27.577380,4.990000,0.978000,4.450000,0.208949,2.289413,2.445934
27.588490,4.990000,0.978000,4.450000,0.208949,2.289413,2.445934
27.599600,4.990000,0.978000,4.450000,0.208949,2.289413,2.445934
27.610710,4.990000,0.978000,4.450000,,,
27.621820,4.990000,0.978000,4.450000,,,
27.632930,4.990000,0.978000,4.450000,,,
27.644040,4.990000,0.978000,4.450000,0.208949,2.289413,2.445934
27.655160,4.990000,0.978000,4.450000,0.208949,2.289413,2.445934
27.666270,4.990000,0.978000,4.450000,0.208949,2.289413,2.445934
27.677380,4.990000,0.978000,4.450000,0.208949,2.289413,2.445934
27.688490,4.990000,0.978000,4.450000,0.208949,2.289413,2.445934
27.699600,4.990000,0.978000,4.450000,0.208949,2.289413,2.445934
27.710710,4.990000,0.978000,4.450000,,,
27.721820,4.990000,0.978000,4.450000,,,
27.732930,4.990000,0.978000,4.450000,,,
27.744040,4.990000,0.978000,4.450000,0.208949,2.289413,2.445934
27.755150,4.990000,0.978000,4.450000,0.208949,2.289413,2.445934
27.766260,4.990000,0.978000,4.450000,0.208949,2.289413,2.445934
27.777370,4.990000,0.978000,4.450000,0.362369,2.393489,2.591342
27.788480,4.990000,0.978000,4.450000,0.362369,2.393489,2.591342
27.799590,4.990000,0.978000,4.450000,0.362369,2.393489,2.591342
27.810700,4.990000,0.978000,4.450000,,,
27.821810,4.990000,0.978000,4.450000,,,
27.832920,4.990000,0.978000,4.450000,,,
27.844030,4.990000,0.978000,4.450000,0.567688,2.488499,2.795514
27.855140,4.990000,0.978000,4.450000,0.567688,2.488499,2.795514
27.866250,4.990000,0.978000,4.450000,0.567688,2.488499,2.795514
27.877360,4.990000,0.978000,4.450000,0.782648,2.437833,3.013299
27.888470,4.990000,0.978000,4.450000,0.782648,2.437833,3.013299
27.899580,4.990000,0.978000,4.450000,0.782648,2.437833,3.013299
27.910690,4.990000,0.978000,4.450000,,,
27.921800,4.990000,0.978000,4.450000,,,
27.932910,4.990000,0.978000,4.450000,,,
27.944020,4.990000,0.978000,4.450000,,,
27.955130,4.990000,0.978000,4.450000,0.904502,2.340605,3.152150
27.966240,4.990000,0.978000,4.450000,0.904502,2.340605,3.152150
27.977350,4.990000,0.978000,4.450000,0.904502,2.340605,3.152150
27.988460,4.990000,0.978000,4.450000,0.904502,2.340605,3.152150
27.999570,4.990000,0.978000,4.450000,0.904502,2.340605,3.152150
28.010680,4.990000,0.978000,4.450000,0.904502,2.340605,3.152150
28.021800,4.990000,0.978000,4.450000,,,
28.032910,4.990000,0.978000,4.450000,,,
28.044020,4.990000,0.978000,4.450000,,,
28.055130,4.990000,0.978000,4.450000,0.904502,2.340605,3.152150
28.066240,4.990000,0.978000,4.450000,0.904502,2.340605,3.152150
28.077350,4.990000,0.978000,4.450000,0.904502,2.340605,3.152150
28.088460,4.990000,0.978000,4.450000,0.904502,2.340605,3.152150
28.099570,4.990000,0.978000,4.450000,0.904502,2.340605,3.152150
28.110680,4.990000,0.978000,4.450000,0.904502,2.340605,3.152150
28.121790,4.990000,0.978000,4.450000,,,
28.132900,4.990000,0.978000,4.450000,,,
28.144010,4.990000,0.978000,4.450000,,,
28.155120,4.990000,0.978000,4.450000,0.905443,2.352597,3.187917
28.166230,4.990000,0.978000,4.450000,0.905443,2.352597,3.187917
28.177340,4.990000,0.978000,4.450000,0.905443,2.352597,3.187917
28.188450,4.990000,0.978000,4.450000,0.912710,2.430752,3.482328
28.199560,4.990000,0.978000,4.450000,0.912710,2.430752,3.482328
28.210670,4.990000,0.978000,4.450000,0.912710,2.430752,3.482328
28.221780,4.990000,0.978000,4.450000,0.912710,2.430752,3.482328
28.232890,4.990000,0.978000,4.450000,0.916173,2.381482,3.740954
28.244000,4.990000,0.978000,4.450000,0.916173,2.381482,3.740954
28.255110,4.990000,0.978000,4.450000,0.916173,2.381482,3.740954
28.266220,4.990000,0.978000,4.450000,0.916173,2.381482,3.740954
28.277330,4.990000,0.978000,4.450000,0.916173,2.381482,3.740954
28.288440,4.990000,0.978000,4.450000,0.916173,2.381482,3.740954
28.299550,4.990000,0.978000,4.450000,0.916898,2.214894,3.962811
28.310660,4.990000,0.978000,4.450000,0.916898,2.214894,3.962811
28.321770,4.990000,0.978000,4.450000,0.916898,2.214894,3.962811
28.332880,4.990000,0.978000,4.450000,0.917805,2.152839,4.030060
28.343990,4.990000,0.978000,4.450000,0.917805,2.152839,4.030060
28.355100,4.990000,0.978000,4.450000,0.917805,2.152839,4.030060
28.366210,4.990000,0.978000,4.450000,,,
28.377330,4.990000,0.978000,4.450000,,,
28.388440,4.990000,0.978000,4.450000,,,
28.399550,4.990000,0.978000,4.450000,,,
28.410660,4.990000,0.978000,4.450000,0.917805,2.152839,4.030060
28.421770,4.990000,0.978000,4.450000,0.917805,2.152839,4.030060
28.432880,4.990000,0.978000,4.450000,0.917805,2.152839,4.030060
28.443990,4.990000,0.978000,4.450000,0.917805,2.152839,4.030060
28.455100,4.990000,0.978000,4.450000,0.917805,2.152839,4.030060
28.466210,4.990000,0.978000,4.450000,0.917805,2.152839,4.030060
28.477320,4.990000,0.978000,4.450000,,,
28.488430,4.990000,0.978000,4.450000,,,
28.499540,4.990000,0.978000,4.450000,,,
28.510650,4.990000,0.978000,4.450000,0.917805,2.152839,4.030060
28.521760,4.990000,0.978000,4.450000,0.917805,2.152839,4.030060
28.532870,4.990000,0.978000,4.450000,0.917805,2.152839,4.030060
28.543980,4.990000,0.978000,4.450000,0.837846,2.218255,3.859158
28.555090,4.990000,0.978000,4.450000,0.837846,2.218255,3.859158
28.566200,4.990000,0.978000,4.450000,0.837846,2.218255,3.859158
28.577310,4.990000,0.978000,4.450000,0.837846,2.218255,3.859158
28.588420,4.990000,0.978000,4.450000,,,
28.599530,4.990000,0.978000,4.450000,,,
28.610640,4.990000,0.978000,4.450000,,,
28.621750,4.990000,0.978000,4.450000,0.709958,2.313636,3.588922
28.632860,4.990000,0.978000,4.450000,0.709958,2.313636,3.588922
28.643970,4.990000,0.978000,4.450000,0.709958,2.313636,3.588922
28.655080,4.990000,0.978000,4.450000,0.580434,2.384135,3.325306
28.666190,4.990000,0.978000,4.450000,0.580434,2.384135,3.325306
28.677300,4.990000,0.978000,4.450000,0.580434,2.384135,3.325306
28.688410,4.990000,0.978000,4.450000,,,
28.699520,4.990000,0.978000,4.450000,,,
28.710630,4.990000,0.978000,4.450000,,,
28.721740,4.990000,0.978000,4.450000,0.439242,2.417643,3.045808
28.732850,4.990000,0.978000,4.450000,0.439242,2.417643,3.045808
28.743970,4.990000,0.978000,4.450000,0.439242,2.417643,3.045808
28.755080,4.990000,0.978000,4.450000,0.295571,2.405179,2.784367
28.766190,4.990000,0.978000,4.450000,0.295571,2.405179,2.784367
28.777300,4.990000,0.978000,4.450000,0.295571,2.405179,2.784367
28.788410,4.990000,0.978000,4.450000,,,
28.799520,4.990000,0.978000,4.450000,,,
28.810630,4.990000,0.978000,4.450000,,,
28.821670,,,,0.135106,2.354109,2.530400
28.832850,4.990000,0.978000,4.450000,0.135106,2.354109,2.530400
28.843960,4.990000,0.978000,4.450000,0.135106,2.354109,2.530400
28.855070,4.990000,0.978000,4.450000,0.135106,2.354109,2.530400
28.866180,4.990000,0.978000,4.450000,0.004213,2.297432,2.346594
28.877290,4.990000,0.978000,4.450000,0.004213,2.297432,2.346594
28.888400,4.990000,0.978000,4.450000,0.004213,2.297432,2.346594
28.899510,4.990000,0.978000,4.450000,0.004213,2.297432,2.346594
28.910620,4.990000,0.978000,4.450000,0.004213,2.297432,2.346594
28.921730,4.990000,0.978000,4.450000,0.004213,2.297432,2.346594
28.932840,4.990000,0.978000,4.450000,,,
28.943950,4.990000,0.978000,4.450000,,,
28.955060,4.990000,0.978000,4.450000,,,
28.966170,4.990000,0.978000,4.450000,0.004213,2.297432,2.346594
28.977280,4.990000,0.978000,4.450000,0.004213,2.297432,2.346594
28.988390,4.990000,0.978000,4.450000,0.004213,2.297432,2.346594
28.999500,4.990000,0.978000,4.450000,0.004213,2.297432,2.346594
29.010610,4.990000,0.978000,4.450000,0.004213,2.297432,2.346594
29.021720,4.990000,0.978000,4.450000,0.004213,2.297432,2.346594
29.032830,4.990000,0.978000,4.450000,,,
29.043940,4.990000,0.978000,4.450000,,,
29.055050,4.990000,0.978000,4.450000,,,
29.066160,4.990000,0.978000,4.450000,,,
29.077270,4.990000,0.978000,4.450000,0.062546,2.318678,2.404961
29.088380,4.990000,0.978000,4.450000,0.062546,2.318678,2.404961
29.099490,4.990000,0.978000,4.450000,0.062546,2.318678,2.404961
29.110610,4.990000,0.978000,4.450000,0.281792,2.378942,2.618908
29.121720,4.990000,0.978000,4.450000,0.281792,2.378942,2.618908
29.132830,4.990000,0.978000,4.450000,0.281792,2.378942,2.618908
29.143940,4.990000,0.978000,4.450000,,,
29.155050,4.990000,0.978000,4.450000,,,
29.166160,4.990000,0.978000,4.450000,,,
29.177270,4.990000,0.978000,4.450000,0.498810,2.337820,2.827173
29.188380,4.990000,0.978000,4.450000,0.498810,2.337820,2.827173
29.199490,4.990000,0.978000,4.450000,0.498810,2.337820,2.827173
29.210600,4.990000,0.978000,4.450000,0.681086,2.196486,2.987749
29.221710,4.990000,0.978000,4.450000,0.681086,2.196486,2.987749
29.232820,4.990000,0.978000,4.450000,0.681086,2.196486,2.987749
29.243930,4.990000,0.978000,4.450000,0.681086,2.196486,2.987749
29.255040,4.990000,0.978000,4.450000,,,
29.266150,4.990000,0.978000,4.450000,,,
29.277260,4.990000,0.978000,4.450000,,,
29.288370,4.990000,0.978000,4.450000,0.767708,2.103175,3.064303
29.299480,4.990000,0.978000,4.450000,0.767708,2.103175,3.064303
29.310590,4.990000,0.978000,4.450000,0.767708,2.103175,3.064303
29.321700,4.990000,0.978000,4.450000,0.767708,2.103175,3.064303
29.332810,4.990000,0.978000,4.450000,0.767708,2.103175,3.064303
29.343920,4.990000,0.978000,4.450000,0.767708,2.103175,3.064303
29.355030,4.990000,0.978000,4.450000,0.767708,2.103175,3.064303
29.366140,4.990000,0.978000,4.450000,0.767708,2.103175,3.064303
29.377250,4.990000,0.978000,4.450000,0.767708,2.103175,3.064303
29.388360,4.990000,0.978000,4.450000,0.767708,2.103175,3.064303
29.399470,4.990000,0.978000,4.450000,0.767708,2.103175,3.064303
29.410580,4.990000,0.978000,4.450000,0.767708,2.103175,3.064303
29.421690,4.990000,0.978000,4.450000,0.767708,2.103175,3.064303
29.432800,4.990000,0.978000,4.450000,0.767708,2.103175,3.064303
29.443910,4.990000,0.978000,4.450000,0.767708,2.103175,3.064303
29.455020,4.990000,0.978000,4.450000,0.737302,2.166046,3.163821
29.466140,4.990000,0.978000,4.450000,0.737302,2.166046,3.163821
29.477250,4.990000,0.978000,4.450000,0.737302,2.166046,3.163821
29.488360,4.990000,0.978000,4.450000,0.737302,2.166046,3.163821
29.499470,4.990000,0.978000,4.450000,0.737302,2.166046,3.163821
29.510580,4.990000,0.978000,4.450000,0.737302,2.166046,3.163821
29.521690,4.990000,0.978000,4.450000,0.737302,2.166046,3.163821
29.532800,4.990000,0.978000,4.450000,0.659066,2.317186,3.449353
29.543910,4.990000,0.978000,4.450000,0.659066,2.317186,3.449353
29.555020,4.990000,0.978000,4.450000,0.659066,2.317186,3.449353
29.566130,4.990000,0.978000,4.450000,0.594797,2.312075,3.722284
29.577240,4.990000,0.978000,4.450000,0.594797,2.312075,3.722284
29.588350,4.990000,0.978000,4.450000,0.594797,2.312075,3.722284
29.599460,4.990000,0.978000,4.450000,0.594797,2.312075,3.722284
29.610570,4.990000,0.978000,4.450000,0.594797,2.312075,3.722284
29.621680,4.990000,0.978000,4.450000,0.594797,2.312075,3.722284
29.632790,4.990000,0.978000,4.450000,0.560636,2.244612,3.895186
29.643900,4.990000,0.978000,4.450000,0.560636,2.244612,3.895186
29.655010,4.990000,0.978000,4.450000,0.560636,2.244612,3.895186
29.666120,4.990000,0.978000,4.450000,0.560636,2.244612,3.895186
29.677230,4.990000,0.978000,4.450000,0.560636,2.244612,3.895186
29.688340,4.990000,0.978000,4.450000,0.560636,2.244612,3.895186
29.699450,4.990000,0.978000,4.450000,0.560636,2.244612,3.895186
29.710560,4.990000,0.978000,4.450000,,,
29.721670,4.990000,0.978000,4.450000,,,
29.732780,4.990000,0.978000,4.450000,,,
29.743890,4.990000,0.978000,4.450000,0.560636,2.244612,3.895186
29.755000,4.990000,0.978000,4.450000,0.560636,2.244612,3.895186
29.766110,4.990000,0.978000,4.450000,0.560636,2.244612,3.895186
29.777220,4.990000,0.978000,4.450000,0.560636,2.244612,3.895186
29.788330,4.990000,0.978000,4.450000,0.560636,2.244612,3.895186
29.799440,4.990000,0.978000,4.450000,0.560636,2.244612,3.895186
29.810550,4.990000,0.978000,4.450000,0.560636,2.244612,3.895186
29.821660,4.990000,0.978000,4.450000,,,
29.832780,4.990000,0.978000,4.450000,,,
29.843890,4.990000,0.978000,4.450000,,,
29.855000,4.990000,0.978000,4.450000,0.538738,2.250894,3.871558
29.866110,4.990000,0.978000,4.450000,0.538738,2.250894,3.871558
29.877220,4.990000,0.978000,4.450000,0.538738,2.250894,3.871558
29.888330,4.990000,0.978000,4.450000,0.322099,2.308660,3.647348
29.899440,4.990000,0.978000,4.450000,0.322099,2.308660,3.647348
29.910550,4.990000,0.978000,4.450000,0.322099,2.308660,3.647348
29.921660,4.990000,0.978000,4.450000,,,
29.932770,4.990000,0.978000,4.450000,,,
29.943880,4.990000,0.978000,4.450000,,,
29.954990,4.990000,0.978000,4.450000,0.100585,2.351142,3.439834
29.966100,4.990000,0.978000,4.450000,0.100585,2.351142,3.439834
29.977210,4.990000,0.978000,4.450000,0.100585,2.351142,3.439834
29.988320,4.990000,0.978000,4.450000,-0.137832,2.361290,3.234623
29.999430,4.990000,0.978000,4.450000,-0.137832,2.361290,3.234623
30.010540,4.990000,0.978000,4.450000,-0.137832,2.361290,3.234623
30.021650,4.990000,0.978000,4.450000,,,
30.032760,4.990000,0.978000,4.450000,,,
30.043870,4.990000,0.978000,4.450000,,,
30.054980,4.990000,0.978000,4.450000,-0.381102,2.327986,3.050827
30.066090,4.990000,0.978000,4.450000,-0.381102,2.327986,3.050827
30.077200,4.990000,0.978000,4.450000,-0.381102,2.327986,3.050827
30.088310,4.990000,0.978000,4.450000,-0.632299,2.258228,2.892063
30.099420,4.990000,0.978000,4.450000,-0.632299,2.258228,2.892063
30.110530,4.990000,0.978000,4.450000,-0.632299,2.258228,2.892063
30.121640,4.990000,0.978000,4.450000,,,
30.132750,4.990000,0.978000,4.450000,,,
30.143860,4.990000,0.978000,4.450000,,,
30.154970,4.990000,0.978000,4.450000,-0.895927,2.160672,2.754644
30.166080,4.990000,0.978000,4.450000,-0.895927,2.160672,2.754644
30.177190,4.990000,0.978000,4.450000,-0.895927,2.160672,2.754644
30.188300,4.990000,0.978000,4.450000,-0.934209,2.145750,2.738195
30.199420,4.990000,0.978000,4.450000,-0.934209,2.145750,2.738195
30.210530,4.990000,0.978000,4.450000,-0.934209,2.145750,2.738195
30.221640,4.990000,0.978000,4.450000,-0.934209,2.145750,2.738195
30.232750,4.990000,0.978000,4.450000,,,
30.243860,4.990000,0.978000,4.450000,,,
30.254970,4.990000,0.978000,4.450000,,,
30.266080,4.990000,0.978000,4.450000,-0.934209,2.145750,2.738195
30.277190,4.990000,0.978000,4.450000,-0.934209,2.145750,2.738195
30.288300,4.990000,0.978000,4.450000,-0.934209,2.145750,2.738195
30.299410,4.990000,0.978000,4.450000,-0.934209,2.145750,2.738195
30.310520,4.990000,0.978000,4.450000,-0.934209,2.145750,2.738195
30.321630,4.990000,0.978000,4.450000,-0.934209,2.145750,2.738195
30.332740,4.990000,0.978000,4.450000,,,
30.343850,4.990000,0.978000,4.450000,,,
30.354960,4.990000,0.978000,4.450000,,,
30.366070,4.990000,0.978000,4.450000,-0.934209,2.145750,2.738195
30.377180,4.990000,0.978000,4.450000,-0.934209,2.145750,2.738195
30.388290,4.990000,0.978000,4.450000,-0.934209,2.145750,2.738195
30.399400,4.990000,0.978000,4.450000,-0.675750,2.252075,2.711140
30.410510,4.990000,0.978000,4.450000,-0.675750,2.252075,2.711140
30.421620,4.990000,0.978000,4.450000,-0.675750,2.252075,2.711140
30.432730,4.990000,0.978000,4.450000,,,
30.443840,4.990000,0.978000,4.450000,,,
30.454950,4.990000,0.978000,4.450000,,,
30.466060,4.990000,0.978000,4.450000,-0.389941,2.356472,2.683887
30.477170,4.990000,0.978000,4.450000,-0.389941,2.356472,2.683887
30.488280,4.990000,0.978000,4.450000,-0.389941,2.356472,2.683887
30.499390,4.990000,0.978000,4.450000,-0.088575,2.417441,2.666452
30.510500,4.990000,0.978000,4.450000,-0.088575,2.417441,2.666452
30.521530,,,,-0.088575,2.417441,2.666452
30.532720,4.990000,0.978000,4.450000,,,
30.543830,4.990000,0.978000,4.450000,,,
30.554940,4.990000,0.978000,4.450000,,,
30.566060,4.990000,0.978000,4.450000,,,
30.577170,4.990000,0.978000,4.450000,0.217402,2.406857,2.664139
30.588280,4.990000,0.978000,4.450000,0.217402,2.406857,2.664139
30.599390,4.990000,0.978000,4.450000,0.217402,2.406857,2.664139
30.610500,4.990000,0.978000,4.450000,0.498099,2.345138,2.687500
30.621610,4.990000,0.978000,4.450000,0.498099,2.345138,2.687500
30.632720,4.990000,0.978000,4.450000,0.498099,2.345138,2.687500
30.643830,4.990000,0.978000,4.450000,,,
30.654940,4.990000,0.978000,4.450000,,,
30.666050,4.990000,0.978000,4.450000,,,
30.677160,4.990000,0.978000,4.450000,0.519618,2.339533,2.692040
30.688270,4.990000,0.978000,4.450000,0.519618,2.339533,2.692040
30.699380,4.990000,0.978000,4.450000,0.519618,2.339533,2.692040
30.710490,4.990000,0.978000,4.450000,0.519618,2.339533,2.692040
30.721600,4.990000,0.978000,4.450000,0.519618,2.339533,2.692040
30.732710,4.990000,0.978000,4.450000,0.519618,2.339533,2.692040
30.743820,4.990000,0.978000,4.450000,,,
30.754930,4.990000,0.978000,4.450000,,,
30.766040,4.990000,0.978000,4.450000,,,
30.777150,4.990000,0.978000,4.450000,0.519618,2.339533,2.692040
30.788260,4.990000,0.978000,4.450000,0.519618,2.339533,2.692040
30.799370,4.990000,0.978000,4.450000,0.519618,2.339533,2.692040
30.810480,4.990000,0.978000,4.450000,0.519618,2.339533,2.692040
30.821590,4.990000,0.978000,4.450000,0.519618,2.339533,2.692040
30.832700,4.990000,0.978000,4.450000,0.519618,2.339533,2.692040
30.843810,4.990000,0.978000,4.450000,,,
30.854920,4.990000,0.978000,4.450000,,,
30.866030,4.990000,0.978000,4.450000,,,
30.877140,4.990000,0.978000,4.450000,,,
30.888250,4.990000,0.978000,4.450000,0.483545,2.433297,2.974596
30.899360,4.990000,0.978000,4.450000,0.483545,2.433297,2.974596
30.910470,4.990000,0.978000,4.450000,0.483545,2.433297,2.974596
30.921590,4.990000,0.978000,4.450000,0.438832,2.485085,3.283387
30.932700,4.990000,0.978000,4.450000,0.438832,2.485085,3.283387
30.943810,4.990000,0.978000,4.450000,0.438832,2.485085,3.283387
30.954920,4.990000,0.978000,4.450000,,,
30.966030,4.990000,0.978000,4.450000,,,
30.977140,4.990000,0.978000,4.450000,,,
30.988250,4.990000,0.978000,4.450000,0.391242,2.431107,3.588581
30.999360,4.990000,0.978000,4.450000,0.391242,2.431107,3.588581
31.010470,4.990000,0.978000,4.450000,0.391242,2.431107,3.588581
31.021580,4.990000,0.978000,4.450000,0.342200,2.306335,3.854711
31.032690,4.990000,0.978000,4.450000,0.342200,2.306335,3.854711
31.043800,4.990000,0.978000,4.450000,0.342200,2.306335,3.854711
31.054910,4.990000,0.978000,4.450000,0.317786,2.251852,3.952633
31.066020,4.990000,0.978000,4.450000,0.317786,2.251852,3.952633
31.077130,4.990000,0.978000,4.450000,0.317786,2.251852,3.952633
31.088240,4.990000,0.978000,4.450000,0.317786,2.251852,3.952633
31.099350,4.990000,0.978000,4.450000,0.317786,2.251852,3.952633
31.110460,4.990000,0.978000,4.450000,0.317786,2.251852,3.952633
31.121570,4.990000,0.978000,4.450000,0.317786,2.251852,3.952633
31.132680,4.990000,0.978000,4.450000,0.317786,2.251852,3.952633
31.143790,4.990000,0.978000,4.450000,0.317786,2.251852,3.952633
31.154900,4.990000,0.978000,4.450000,0.317786,2.251852,3.952633
31.166010,4.990000,0.978000,4.450000,0.317786,2.251852,3.952633
31.177120,4.990000,0.978000,4.450000,0.317786,2.251852,3.952633
31.188230,4.990000,0.978000,4.450000,0.317786,2.251852,3.952633
31.199340,4.990000,0.978000,4.450000,,,
31.210450,4.990000,0.978000,4.450000,,,
31.221560,4.990000,0.978000,4.450000,,,
31.232670,4.990000,0.978000,4.450000,0.317786,2.251852,3.952633
31.243780,4.990000,0.978000,4.450000,0.317786,2.251852,3.952633
31.254890,4.990000,0.978000,4.450000,0.317786,2.251852,3.952633
31.266000,4.990000,0.978000,4.450000,0.153310,2.317411,3.835618
31.277110,4.990000,0.978000,4.450000,0.153310,2.317411,3.835618
31.288230,4.990000,0.978000,4.450000,0.153310,2.317411,3.835618
31.299340,4.990000,0.978000,4.450000,0.153310,2.317411,3.835618
31.310450,4.990000,0.978000,4.450000,0.153310,2.317411,3.835618
31.321560,4.990000,0.978000,4.450000,0.153310,2.317411,3.835618
31.332670,4.990000,0.978000,4.450000,-0.085478,2.404911,3.665734
31.343780,4.990000,0.978000,4.450000,-0.085478,2.404911,3.665734
31.354890,4.990000,0.978000,4.450000,-0.085478,2.404911,3.665734
31.366000,4.990000,0.978000,4.450000,-0.335756,2.469190,3.487853
31.377110,4.990000,0.978000,4.450000,-0.335756,2.469190,3.487853
31.388220,4.990000,0.978000,4.450000,-0.335756,2.469190,3.487853
31.399330,4.990000,0.978000,4.450000,,,
31.410440,4.990000,0.978000,4.450000,,,
31.421550,4.990000,0.978000,4.450000,,,
31.432660,4.990000,0.978000,4.450000,-0.590086,2.487126,3.307210
31.443770,4.990000,0.978000,4.450000,-0.590086,2.487126,3.307210
31.454880,4.990000,0.978000,4.450000,-0.590086,2.487126,3.307210
31.465990,4.990000,0.978000,4.450000,-0.835175,2.456051,3.133020
31.477100,4.990000,0.978000,4.450000,-0.835175,2.456051,3.133020
31.488210,4.990000,0.978000,4.450000,-0.835175,2.456051,3.133020
31.499320,4.990000,0.978000,4.450000,-0.835175,2.456051,3.133020
31.510430,4.990000,0.978000,4.450000,,,
31.521540,4.990000,0.978000,4.450000,,,
31.532650,4.990000,0.978000,4.450000,,,
31.543760,4.990000,0.978000,4.450000,-1.084184,2.386108,2.956939
31.554870,4.990000,0.978000,4.450000,-1.084184,2.386108,2.956939
31.565980,4.990000,0.978000,4.450000,-1.084184,2.386108,2.956939
31.577090,4.990000,0.978000,4.450000,-1.148692,2.363915,2.911287
31.588200,4.990000,0.978000,4.450000,-1.148692,2.363915,2.911287
31.599310,4.990000,0.978000,4.450000,-1.148692,2.363915,2.911287
31.610420,4.990000,0.978000,4.450000,,,
31.621530,4.990000,0.978000,4.450000,,,
31.632640,4.990000,0.978000,4.450000,,,
31.643750,4.990000,0.978000,4.450000,-1.148692,2.363915,2.911287
31.654870,4.990000,0.978000,4.450000,-1.148692,2.363915,2.911287
31.665980,4.990000,0.978000,4.450000,-1.148692,2.363915,2.911287
31.677090,4.990000,0.978000,4.450000,-1.148692,2.363915,2.911287
31.688200,4.990000,0.978000,4.450000,-1.148692,2.363915,2.911287
31.699310,4.990000,0.978000,4.450000,-1.148692,2.363915,2.911287
31.710420,4.990000,0.978000,4.450000,,,
31.721530,4.990000,0.978000,4.450000,,,
31.732640,4.990000,0.978000,4.450000,,,
31.743750,4.990000,0.978000,4.450000,-1.148692,2.363915,2.911287
31.754860,4.990000,0.978000,4.450000,-1.148692,2.363915,2.911287
31.765970,4.990000,0.978000,4.450000,-1.148692,2.363915,2.911287
31.777080,4.990000,0.978000,4.450000,-0.938394,2.402735,2.990249
31.788190,4.990000,0.978000,4.450000,-0.938394,2.402735,2.990249
31.799300,4.990000,0.978000,4.450000,-0.938394,2.402735,2.990249
31.810410,4.990000,0.978000,4.450000,,,
31.821520,4.990000,0.978000,4.450000,,,
31.832630,4.990000,0.978000,4.450000,,,
31.843740,4.990000,0.978000,4.450000,,,
31.854850,4.990000,0.978000,4.450000,-0.647234,2.445812,3.103034
31.865960,4.990000,0.978000,4.450000,-0.647234,2.445812,3.103034
31.877070,4.990000,0.978000,4.450000,-0.647234,2.445812,3.103034
31.888180,4.990000,0.978000,4.450000,-0.360133,2.463098,3.218576
31.899290,4.990000,0.978000,4.450000,-0.360133,2.463098,3.218576
31.910400,4.990000,0.978000,4.450000,-0.360133,2.463098,3.218576
31.921510,4.990000,0.978000,4.450000,,,
31.932620,4.990000,0.978000,4.450000,,,
31.943730,4.990000,0.978000,4.450000,,,
31.954840,4.990000,0.978000,4.450000,-0.083654,2.445701,3.335847
31.965950,4.990000,0.978000,4.450000,-0.083654,2.445701,3.335847
31.977060,4.990000,0.978000,4.450000,-0.083654,2.445701,3.335847
31.988170,4.990000,0.978000,4.450000,0.195579,2.391410,3.459856
31.999280,4.990000,0.978000,4.450000,0.195579,2.391410,3.459856
32.010400,4.990000,0.978000,4.450000,0.195579,2.391410,3.459856
32.021510,4.990000,0.978000,4.450000,,,
32.032620,4.990000,0.978000,4.450000,,,
32.043730,4.990000,0.978000,4.450000,,,
32.054840,4.990000,0.978000,4.450000,0.468134,2.307530,3.583792
32.065960,4.990000,0.978000,4.450000,0.468134,2.307530,3.583792
32.077070,4.990000,0.978000,4.450000,0.468134,2.307530,3.583792
32.088180,4.990000,0.978000,4.450000,0.731842,2.203274,3.699923
32.099290,4.990000,0.978000,4.450000,0.731842,2.203274,3.699923
32.110400,4.990000,0.978000,4.450000,0.731842,2.203274,3.699923
32.121520,4.990000,0.978000,4.450000,,,
32.132630,4.990000,0.978000,4.450000,,,
32.143740,4.990000,0.978000,4.450000,,,
32.154850,4.990000,0.978000,4.450000,0.731842,2.203274,3.699923
32.165970,4.990000,0.978000,4.450000,0.731842,2.203274,3.699923
32.177080,4.990000,0.978000,4.450000,0.731842,2.203274,3.699923
32.188190,4.990000,0.978000,4.450000,0.731842,2.203274,3.699923
32.199300,4.990000,0.978000,4.450000,0.731842,2.203274,3.699923
32.210410,4.990000,0.978000,4.450000,0.731842,2.203274,3.699923
32.221530,4.990000,0.978000,4.450000,0.731842,2.203274,3.699923
32.232640,4.990000,0.978000,4.450000,,,
32.243750,4.990000,0.978000,4.450000,,,
32.254860,4.990000,0.978000,4.450000,,,
32.265980,4.990000,0.978000,4.450000,0.731842,2.203274,3.699923
32.277090,4.990000,0.978000,4.450000,0.731842,2.203274,3.699923
32.288200,4.990000,0.978000,4.450000,0.731842,2.203274,3.699923
32.299310,4.990000,0.978000,4.450000,0.722555,2.207592,3.702152
32.310420,4.990000,0.978000,4.450000,0.722555,2.207592,3.702152
32.321540,4.990000,0.978000,4.450000,0.722555,2.207592,3.702152
32.332650,4.990000,0.978000,4.450000,,,
32.343760,4.990000,0.978000,4.450000,,,
32.354870,4.990000,0.978000,4.450000,,,
32.365990,4.990000,0.978000,4.450000,0.449915,2.322305,3.756065
32.377100,4.990000,0.978000,4.450000,0.449915,2.322305,3.756065
32.388210,4.990000,0.978000,4.450000,0.449915,2.322305,3.756065
32.399320,4.990000,0.978000,4.450000,0.171963,2.320116,3.780811
32.410430,4.990000,0.978000,4.450000,0.171963,2.320116,3.780811
32.421550,4.990000,0.978000,4.450000,0.171963,2.320116,3.780811
32.432660,4.990000,0.978000,4.450000,,,
32.443770,4.990000,0.978000,4.450000,,,
32.454880,4.990000,0.978000,4.450000,,,
32.466000,4.990000,0.978000,4.450000,-0.039933,2.214462,3.780169
32.477110,4.990000,0.978000,4.450000,-0.039933,2.214462,3.780169
32.488220,4.990000,0.978000,4.450000,-0.039933,2.214462,3.780169
32.499330,4.990000,0.978000,4.450000,-0.039933,2.214462,3.780169
32.510440,4.990000,0.978000,4.450000,-0.110298,2.172302,3.773604
32.521560,4.990000,0.978000,4.450000,-0.110298,2.172302,3.773604
32.532670,4.990000,0.978000,4.450000,-0.110298,2.172302,3.773604
32.543780,4.990000,0.978000,4.450000,-0.110298,2.172302,3.773604
32.554890,4.990000,0.978000,4.450000,-0.110298,2.172302,3.773604
32.566010,4.990000,0.978000,4.450000,-0.110298,2.172302,3.773604
32.577120,4.990000,0.978000,4.450000,-0.110298,2.172302,3.773604
32.588230,4.990000,0.978000,4.450000,-0.110298,2.172302,3.773604
32.599340,4.990000,0.978000,4.450000,-0.110298,2.172302,3.773604
32.610450,4.990000,0.978000,4.450000,-0.110298,2.172302,3.773604
32.621570,4.990000,0.978000,4.450000,-0.110298,2.172302,3.773604
32.632680,4.990000,0.978000,4.450000,-0.110298,2.172302,3.773604
32.643790,4.990000,0.978000,4.450000,-0.110298,2.172302,3.773604
32.654900,4.990000,0.978000,4.450000,-0.110298,2.172302,3.773604
32.666020,4.990000,0.978000,4.450000,-0.110298,2.172302,3.773604
32.677130,4.990000,0.978000,4.450000,,,
32.688240,4.990000,0.978000,4.450000,,,
32.699350,4.990000,0.978000,4.450000,,,
32.710460,4.990000,0.978000,4.450000,-0.235404,2.224751,3.629750
32.721580,4.990000,0.978000,4.450000,-0.235404,2.224751,3.629750
32.732690,4.990000,0.978000,4.450000,-0.235404,2.224751,3.629750
32.743800,4.990000,0.978000,4.450000,-0.430661,2.293139,3.405573
32.754910,4.990000,0.978000,4.450000,-0.430661,2.293139,3.405573
32.766030,4.990000,0.978000,4.450000,-0.430661,2.293139,3.405573
32.777140,4.990000,0.978000,4.450000,,,
32.788250,4.990000,0.978000,4.450000,,,
32.799360,4.990000,0.978000,4.450000,,,
32.810470,4.990000,0.978000,4.450000,,,
32.821590,4.990000,0.978000,4.450000,-0.628532,2.317054,3.178620
32.832700,4.990000,0.978000,4.450000,-0.628532,2.317054,3.178620
32.843810,4.990000,0.978000,4.450000,-0.628532,2.317054,3.178620
32.854920,4.990000,0.978000,4.450000,-0.824930,2.274559,2.953234
32.866040,4.990000,0.978000,4.450000,-0.824930,2.274559,2.953234
32.877150,4.990000,0.978000,4.450000,-0.824930,2.274559,2.953234
32.888260,4.990000,0.978000,4.450000,,,
32.899370,4.990000,0.978000,4.450000,,,
32.910480,4.990000,0.978000,4.450000,,,
32.921600,4.990000,0.978000,4.450000,,,
32.932710,4.990000,0.978000,4.450000,-1.013842,2.179998,2.737015
32.943820,4.990000,0.978000,4.450000,-1.013842,2.179998,2.737015
32.954930,4.990000,0.978000,4.450000,-1.013842,2.179998,2.737015
32.966050,4.990000,0.978000,4.450000,-1.117966,2.115128,2.618208
32.977160,4.990000,0.978000,4.450000,-1.117966,2.115128,2.618208
32.988270,4.990000,0.978000,4.450000,-1.117966,2.115128,2.618208
32.999380,4.990000,0.978000,4.450000,,,
33.010490,4.990000,0.978000,4.450000,,,
33.021610,4.990000,0.978000,4.450000,,,
33.032720,4.990000,0.978000,4.450000,-1.117966,2.115128,2.618208
33.043830,4.990000,0.978000,4.450000,-1.117966,2.115128,2.618208
33.054940,4.990000,0.978000,4.450000,-1.117966,2.115128,2.618208
33.066060,4.990000,0.978000,4.450000,-1.117966,2.115128,2.618208
33.077170,4.990000,0.978000,4.450000,-1.117966,2.115128,2.618208
33.088280,4.990000,0.978000,4.450000,-1.117966,2.115128,2.618208
33.099390,4.990000,0.978000,4.450000,,,
33.110500,4.990000,0.978000,4.450000,,,
33.121620,4.990000,0.978000,4.450000,,,
33.132730,4.990000,0.978000,4.450000,-1.117966,2.115128,2.618208
33.143840,4.990000,0.978000,4.450000,-1.117966,2.115128,2.618208
33.154950,4.990000,0.978000,4.450000,-1.117966,2.115128,2.618208
33.166070,4.990000,0.978000,4.450000,-1.117966,2.115128,2.618208
33.177180,4.990000,0.978000,4.450000,-0.955727,2.167491,2.705243
33.188290,4.990000,0.978000,4.450000,-0.955727,2.167491,2.705243
33.199400,4.990000,0.978000,4.450000,-0.955727,2.167491,2.705243
33.210510,4.990000,0.978000,4.450000,,,
33.221630,4.990000,0.978000,4.450000,,,
33.232740,4.990000,0.978000,4.450000,,,
33.243850,4.990000,0.978000,4.450000,-0.691871,2.249472,2.846879
33.254960,4.990000,0.978000,4.450000,-0.691871,2.249472,2.846879
33.266080,4.990000,0.978000,4.450000,-0.691871,2.249472,2.846879
33.277190,4.990000,0.978000,4.450000,-0.429615,2.319641,2.987687
33.288300,4.990000,0.978000,4.450000,-0.429615,2.319641,2.987687
33.299410,4.990000,0.978000,4.450000,-0.429615,2.319641,2.987687
33.310520,4.990000,0.978000,4.450000,,,
33.321640,4.990000,0.978000,4.450000,,,
33.332750,4.990000,0.978000,4.450000,,,
33.343860,4.990000,0.978000,4.450000,-0.158588,2.367640,3.133198
33.354970,4.990000,0.978000,4.450000,-0.158588,2.367640,3.133198
33.366090,4.990000,0.978000,4.450000,-0.158588,2.367640,3.133198
33.377200,4.990000,0.978000,4.450000,0.119489,2.383582,3.282493
33.388310,4.990000,0.978000,4.450000,0.119489,2.383582,3.282493
33.399420,4.990000,0.978000,4.450000,0.119489,2.383582,3.282493
33.410530,4.990000,0.978000,4.450000,,,
33.421650,4.990000,0.978000,4.450000,,,
33.432760,4.990000,0.978000,4.450000,,,
33.443870,4.990000,0.978000,4.450000,0.383889,2.368895,3.424444
33.454980,4.990000,0.978000,4.450000,0.383889,2.368895,3.424444
33.466090,4.990000,0.978000,4.450000,0.383889,2.368895,3.424444
33.477210,4.990000,0.978000,4.450000,0.652387,2.331819,3.568597
33.488320,4.990000,0.978000,4.450000,0.652387,2.331819,3.568597
33.499430,4.990000,0.978000,4.450000,0.652387,2.331819,3.568597
33.510540,4.990000,0.978000,4.450000,,,
33.521660,4.990000,0.978000,4.450000,,,
33.532770,4.990000,0.978000,4.450000,,,
33.543880,4.990000,0.978000,4.450000,0.742380,2.316459,3.616912
33.554990,4.990000,0.978000,4.450000,0.742380,2.316459,3.616912
33.566100,4.990000,0.978000,4.450000,0.742380,2.316459,3.616912
33.577220,4.990000,0.978000,4.450000,0.742380,2.316459,3.616912
33.588330,4.990000,0.978000,4.450000,0.742380,2.316459,3.616912
33.599440,4.990000,0.978000,4.450000,0.742380,2.316459,3.616912
33.610550,4.990000,0.978000,4.450000,0.742380,2.316459,3.616912
33.621670,4.990000,0.978000,4.450000,,,
33.632780,4.990000,0.978000,4.450000,,,
33.643890,4.990000,0.978000,4.450000,,,
33.655000,4.990000,0.978000,4.450000,0.742380,2.316459,3.616912
33.666110,4.990000,0.978000,4.450000,0.742380,2.316459,3.616912
33.677230,4.990000,0.978000,4.450000,0.742380,2.316459,3.616912
33.688340,4.990000,0.978000,4.450000,0.742380,2.316459,3.616912
33.699450,4.990000,0.978000,4.450000,0.742380,2.316459,3.616912
33.710560,4.990000,0.978000,4.450000,0.742380,2.316459,3.616912
33.721680,4.990000,0.978000,4.450000,,,
33.732790,4.990000,0.978000,4.450000,,,
33.743900,4.990000,0.978000,4.450000,,,
33.755010,4.990000,0.978000,4.450000,0.529521,2.390730,3.573537
33.766120,4.990000,0.978000,4.450000,0.529521,2.390730,3.573537
33.777240,4.990000,0.978000,4.450000,0.529521,2.390730,3.573537
33.788350,4.990000,0.978000,4.450000,0.245359,2.469738,3.516761
33.799460,4.990000,0.978000,4.450000,0.245359,2.469738,3.516761
33.810570,4.990000,0.978000,4.450000,0.245359,2.469738,3.516761
33.821690,4.990000,0.978000,4.450000,-0.057736,2.497936,3.456827
33.832800,4.990000,0.978000,4.450000,-0.057736,2.497936,3.456827
33.843910,4.990000,0.978000,4.450000,-0.057736,2.497936,3.456827
33.855020,4.990000,0.978000,4.450000,-0.057736,2.497936,3.456827
33.866130,4.990000,0.978000,4.450000,-0.057736,2.497936,3.456827
33.877250,4.990000,0.978000,4.450000,-0.057736,2.497936,3.456827
33.888320,4.990000,0.978000,4.450000,,,
33.899470,4.990000,0.978000,4.450000,-0.356704,2.458551,3.392036
33.910580,4.990000,0.978000,4.450000,-0.356704,2.458551,3.392036
33.921700,4.990000,0.978000,4.450000,-0.356704,2.458551,3.392036
33.932810,4.990000,0.978000,4.450000,-0.660913,2.366821,3.321376
33.943920,4.990000,0.978000,4.450000,-0.660913,2.366821,3.321376
33.955030,4.990000,0.978000,4.450000,-0.660913,2.366821,3.321376
33.966140,4.990000,0.978000,4.450000,-0.660913,2.366821,3.321376
33.977260,4.990000,0.978000,4.450000,-0.660913,2.366821,3.321376
33.988370,4.990000,0.978000,4.450000,-0.660913,2.366821,3.321376
33.999480,4.990000,0.978000,4.450000,-0.752031,2.334036,3.303380
34.010590,4.990000,0.978000,4.450000,-0.752031,2.334036,3.303380
34.021710,4.990000,0.978000,4.450000,-0.752031,2.334036,3.303380
34.032820,4.990000,0.978000,4.450000,-0.752031,2.334036,3.303380
34.043930,4.990000,0.978000,4.450000,-0.752031,2.334036,3.303380
34.055040,4.990000,0.978000,4.450000,-0.752031,2.334036,3.303380
34.066150,4.990000,0.978000,4.450000,-0.752031,2.334036,3.303380
34.077270,4.990000,0.978000,4.450000,-0.752031,2.334036,3.303380
34.088380,4.990000,0.978000,4.450000,-0.752031,2.334036,3.303380
34.099490,4.990000,0.978000,4.450000,-0.752031,2.334036,3.303380
34.110600,4.990000,0.978000,4.450000,-0.752031,2.334036,3.303380
34.121720,4.990000,0.978000,4.450000,-0.752031,2.334036,3.303380
34.132830,4.990000,0.978000,4.450000,-0.752031,2.334036,3.303380
34.143940,4.990000,0.978000,4.450000,-0.752031,2.334036,3.303380
34.155050,4.990000,0.978000,4.450000,-0.752031,2.334036,3.303380
34.166160,4.990000,0.978000,4.450000,-0.752031,2.334036,3.303380
34.177280,4.990000,0.978000,4.450000,,,
34.188390,4.990000,0.978000,4.450000,,,
34.199500,4.990000,0.978000,4.450000,,,
34.210610,4.990000,0.978000,4.450000,-0.881321,2.431418,3.122078
34.221730,4.990000,0.978000,4.450000,-0.881321,2.431418,3.122078
34.232840,4.990000,0.978000,4.450000,-0.881321,2.431418,3.122078
34.243950,4.990000,0.978000,4.450000,-1.065639,2.506755,2.868723
34.255060,4.990000,0.978000,4.450000,-1.065639,2.506755,2.868723
34.266170,4.990000,0.978000,4.450000,-1.065639,2.506755,2.868723
34.277290,4.990000,0.978000,4.450000,,,
34.288400,4.990000,0.978000,4.450000,,,
34.299510,4.990000,0.978000,4.450000,,,
34.310620,4.990000,0.978000,4.450000,-1.246923,2.468115,2.631334
34.321740,4.990000,0.978000,4.450000,-1.246923,2.468115,2.631334
34.332850,4.990000,0.978000,4.450000,-1.246923,2.468115,2.631334
34.343960,4.990000,0.978000,4.450000,-1.423751,2.369622,2.397890
34.355070,4.990000,0.978000,4.450000,-1.423751,2.369622,2.397890
34.366180,4.990000,0.978000,4.450000,-1.423751,2.369622,2.397890
34.377300,4.990000,0.978000,4.450000,-1.423751,2.369622,2.397890
34.388410,4.990000,0.978000,4.450000,-1.423751,2.369622,2.397890
34.399520,4.990000,0.978000,4.450000,-1.423751,2.369622,2.397890
34.410630,4.990000,0.978000,4.450000,-1.423751,2.369622,2.397890
34.421750,4.990000,0.978000,4.450000,-1.443786,2.356874,2.369776
34.432860,4.990000,0.978000,4.450000,-1.443786,2.356874,2.369776
34.443970,4.990000,0.978000,4.450000,-1.443786,2.356874,2.369776
34.455080,4.990000,0.978000,4.450000,-1.443786,2.356874,2.369776
34.466190,4.990000,0.978000,4.450000,-1.443786,2.356874,2.369776
34.477310,4.990000,0.978000,4.450000,-1.443786,2.356874,2.369776
34.488420,4.990000,0.978000,4.450000,,,
34.499530,4.990000,0.978000,4.450000,,,
34.510640,4.990000,0.978000,4.450000,,,
34.521760,4.990000,0.978000,4.450000,-1.443786,2.356874,2.369776
34.532870,4.990000,0.978000,4.450000,-1.443786,2.356874,2.369776
34.543980,4.990000,0.978000,4.450000,-1.443786,2.356874,2.369776
34.555090,4.990000,0.978000,4.450000,-1.443786,2.356874,2.369776
34.566200,4.990000,0.978000,4.450000,-1.443786,2.356874,2.369776
34.577320,4.990000,0.978000,4.450000,-1.443786,2.356874,2.369776
34.588430,4.990000,0.978000,4.450000,-1.443786,2.356874,2.369776
34.599540,4.990000,0.978000,4.450000,,,
34.610650,4.990000,0.978000,4.450000,,,
34.621770,4.990000,0.978000,4.450000,,,
34.632880,4.990000,0.978000,4.450000,-1.181359,2.410737,2.503227
34.643990,4.990000,0.978000,4.450000,-1.181359,2.410737,2.503227
34.655100,4.990000,0.978000,4.450000,-1.181359,2.410737,2.503227
34.666210,4.990000,0.978000,4.450000,-0.912713,2.458383,2.639840
34.677330,4.990000,0.978000,4.450000,-0.912713,2.458383,2.639840
34.688440,4.990000,0.978000,4.450000,-0.912713,2.458383,2.639840
34.699550,4.990000,0.978000,4.450000,,,
34.710660,4.990000,0.978000,4.450000,,,
34.721780,4.990000,0.978000,4.450000,,,
34.732890,4.990000,0.978000,4.450000,-0.641737,2.490139,2.777535
34.744000,4.990000,0.978000,4.450000,-0.641737,2.490139,2.777535
34.755110,4.990000,0.978000,4.450000,-0.641737,2.490139,2.777535
34.766220,4.990000,0.978000,4.450000,-0.360333,2.496116,2.920525
34.777340,4.990000,0.978000,4.450000,-0.360333,2.496116,2.920525
34.788450,4.990000,0.978000,4.450000,-0.360333,2.496116,2.920525
34.799560,4.990000,0.978000,4.450000,,,
34.810670,4.990000,0.978000,4.450000,,,
34.821780,4.990000,0.978000,4.450000,,,
34.832900,4.990000,0.978000,4.450000,-0.088300,2.470145,3.058781
34.844010,4.990000,0.978000,4.450000,-0.088300,2.470145,3.058781
34.855120,4.990000,0.978000,4.450000,-0.088300,2.470145,3.058781
34.866230,4.990000,0.978000,4.450000,0.187208,2.411641,3.198809
34.877350,4.990000,0.978000,4.450000,0.187208,2.411641,3.198809
34.888460,4.990000,0.978000,4.450000,0.187208,2.411641,3.198809
34.899570,4.990000,0.978000,4.450000,,,
34.910680,4.990000,0.978000,4.450000,,,
34.921790,4.990000,0.978000,4.450000,,,
34.932910,4.990000,0.978000,4.450000,,,
34.944020,4.990000,0.978000,4.450000,0.449851,2.330035,3.332301
34.955130,4.990000,0.978000,4.450000,0.449851,2.330035,3.332301
34.966240,4.990000,0.978000,4.450000,0.449851,2.330035,3.332301
34.977360,4.990000,0.978000,4.450000,0.675605,2.245030,3.447043
34.988470,4.990000,0.978000,4.450000,0.675605,2.245030,3.447043
34.999580,4.990000,0.978000,4.450000,0.675605,2.245030,3.447043
35.010690,4.990000,0.978000,4.450000,,,
35.021800,4.990000,0.978000,4.450000,,,
35.032920,4.990000,0.978000,4.450000,,,
35.044030,4.990000,0.978000,4.450000,0.675605,2.245030,3.447043
35.055140,4.990000,0.978000,4.450000,0.675605,2.245030,3.447043
35.066250,4.990000,0.978000,4.450000,0.675605,2.245030,3.447043
35.077370,4.990000,0.978000,4.450000,0.675605,2.245030,3.447043
35.088480,4.990000,0.978000,4.450000,0.675605,2.245030,3.447043
35.099590,4.990000,0.978000,4.450000,0.675605,2.245030,3.447043
35.110700,4.990000,0.978000,4.450000,,,
35.121810,4.990000,0.978000,4.450000,,,
35.132930,4.990000,0.978000,4.450000,,,
35.144040,4.990000,0.978000,4.450000,0.675605,2.245030,3.447043
35.155150,4.990000,0.978000,4.450000,0.675605,2.245030,3.447043
35.166260,4.990000,0.978000,4.450000,0.675605,2.245030,3.447043
35.177380,4.990000,0.978000,4.450000,0.675605,2.245030,3.447043
35.188490,4.990000,0.978000,4.450000,0.599365,2.261487,3.438723
35.199600,4.990000,0.978000,4.450000,0.599365,2.261487,3.438723
35.210710,4.990000,0.978000,4.450000,0.599365,2.261487,3.438723
35.221820,4.990000,0.978000,4.450000,,,
35.232940,4.990000,0.978000,4.450000,,,
35.244050,4.990000,0.978000,4.450000,,,
35.255160,4.990000,0.978000,4.450000,0.305595,2.320230,3.404379
35.266270,4.990000,0.978000,4.450000,0.305595,2.320230,3.404379
35.277390,4.990000,0.978000,4.450000,0.305595,2.320230,3.404379
35.288500,4.990000,0.978000,4.450000,0.002292,2.359225,3.363401
35.299610,4.990000,0.978000,4.450000,0.002292,2.359225,3.363401
35.310720,4.990000,0.978000,4.450000,0.002292,2.359225,3.363401
35.321830,4.990000,0.978000,4.450000,-0.311976,2.353429,3.315025
35.332950,4.990000,0.978000,4.450000,-0.311976,2.353429,3.315025
35.344060,4.990000,0.978000,4.450000,-0.311976,2.353429,3.315025
35.355170,4.990000,0.978000,4.450000,-0.311976,2.353429,3.315025
35.366280,4.990000,0.978000,4.450000,-0.311976,2.353429,3.315025
35.377400,4.990000,0.978000,4.450000,-0.311976,2.353429,3.315025
35.388510,4.990000,0.978000,4.450000,-0.311976,2.353429,3.315025
35.399620,4.990000,0.978000,4.450000,-0.610956,2.302619,3.262177
35.410730,4.990000,0.978000,4.450000,-0.610956,2.302619,3.262177
35.421840,4.990000,0.978000,4.450000,-0.610956,2.302619,3.262177
35.432960,4.990000,0.978000,4.450000,-0.906996,2.225779,3.206345
35.444070,4.990000,0.978000,4.450000,-0.906996,2.225779,3.206345
35.455180,4.990000,0.978000,4.450000,-0.906996,2.225779,3.206345
35.466290,4.990000,0.978000,4.450000,-0.906996,2.225779,3.206345
35.477410,4.990000,0.978000,4.450000,-0.906996,2.225779,3.206345
35.488520,4.990000,0.978000,4.450000,-0.906996,2.225779,3.206345
35.499630,4.990000,0.978000,4.450000,-1.039093,2.187625,3.178344
35.510740,4.990000,0.978000,4.450000,-1.039093,2.187625,3.178344
35.521850,4.990000,0.978000,4.450000,-1.039093,2.187625,3.178344
35.532970,4.990000,0.978000,4.450000,-1.039093,2.187625,3.178344
35.544080,4.990000,0.978000,4.450000,-1.039093,2.187625,3.178344
35.555190,4.990000,0.978000,4.450000,-1.039093,2.187625,3.178344
35.566300,4.990000,0.978000,4.450000,,,
35.577420,4.990000,0.978000,4.450000,,,
35.588530,4.990000,0.978000,4.450000,,,
35.599640,4.990000,0.978000,4.450000,-1.039093,2.187625,3.178344
35.610750,4.990000,0.978000,4.450000,-1.039093,2.187625,3.178344
35.621860,4.990000,0.978000,4.450000,-1.039093,2.187625,3.178344
35.632980,4.990000,0.978000,4.450000,-1.039093,2.187625,3.178344
35.644090,4.990000,0.978000,4.450000,-1.039093,2.187625,3.178344
35.655200,4.990000,0.978000,4.450000,-1.039093,2.187625,3.178344
35.666310,4.990000,0.978000,4.450000,-1.039093,2.187625,3.178344
35.677430,4.990000,0.978000,4.450000,,,
35.688540,4.990000,0.978000,4.450000,,,
35.699650,4.990000,0.978000,4.450000,,,
35.710760,4.990000,0.978000,4.450000,-1.037402,2.267773,3.005506
35.721870,4.990000,0.978000,4.450000,-1.037402,2.267773,3.005506
35.732990,4.990000,0.978000,4.450000,-1.037402,2.267773,3.005506
35.744100,4.990000,0.978000,4.450000,-1.033078,2.319217,2.712796
35.755210,4.990000,0.978000,4.450000,-1.033078,2.319217,2.712796
35.766320,4.990000,0.978000,4.450000,-1.033078,2.319217,2.712796
35.777440,4.990000,0.978000,4.450000,,,
35.788550,4.990000,0.978000,4.450000,,,
35.799660,4.990000,0.978000,4.450000,,,
35.810770,4.990000,0.978000,4.450000,-1.028936,2.200145,2.480277
35.821880,4.990000,0.978000,4.450000,-1.028936,2.200145,2.480277
35.833000,4.990000,0.978000,4.450000,-1.028936,2.200145,2.480277
35.844110,4.990000,0.978000,4.450000,-1.027303,2.115400,2.375771
35.855220,4.990000,0.978000,4.450000,-1.027303,2.115400,2.375771
35.866330,4.990000,0.978000,4.450000,-1.027303,2.115400,2.375771
35.877450,4.990000,0.978000,4.450000,-1.027303,2.115400,2.375771
35.888560,4.990000,0.978000,4.450000,,,
35.899670,4.990000,0.978000,4.450000,,,
35.910780,4.990000,0.978000,4.450000,,,
35.921890,4.990000,0.978000,4.450000,-1.027303,2.115400,2.375771
35.933010,4.990000,0.978000,4.450000,-1.027303,2.115400,2.375771
35.944120,4.990000,0.978000,4.450000,-1.027303,2.115400,2.375771
35.955230,4.990000,0.978000,4.450000,-1.027303,2.115400,2.375771
35.966340,4.990000,0.978000,4.450000,-1.027303,2.115400,2.375771
35.977460,4.990000,0.978000,4.450000,-1.027303,2.115400,2.375771
35.988570,4.990000,0.978000,4.450000,,,
35.999680,4.990000,0.978000,4.450000,,,
36.010790,4.990000,0.978000,4.450000,,,
36.021900,4.990000,0.978000,4.450000,-1.027303,2.115400,2.375771
36.033020,4.990000,0.978000,4.450000,-1.027303,2.115400,2.375771
36.044130,4.990000,0.978000,4.450000,-1.027303,2.115400,2.375771
36.055240,4.990000,0.978000,4.450000,-1.027303,2.115400,2.375771
36.066350,4.990000,0.978000,4.450000,-0.906742,2.154546,2.456486
36.077470,4.990000,0.978000,4.450000,-0.906742,2.154546,2.456486
36.088580,4.990000,0.978000,4.450000,-0.906742,2.154546,2.456486
36.099690,4.990000,0.978000,4.450000,,,
36.110800,4.990000,0.978000,4.450000,,,
36.121910,4.990000,0.978000,4.450000,,,
36.133030,4.990000,0.978000,4.450000,-0.656654,2.232397,2.623917
36.144140,4.990000,0.978000,4.450000,-0.656654,2.232397,2.623917
36.155250,4.990000,0.978000,4.450000,-0.656654,2.232397,2.623917
36.166360,4.990000,0.978000,4.450000,-0.408289,2.297437,2.790194
36.177470,4.990000,0.978000,4.450000,-0.408289,2.297437,2.790194
36.188590,4.990000,0.978000,4.450000,-0.408289,2.297437,2.790194
36.199700,4.990000,0.978000,4.450000,,,
36.210810,4.990000,0.978000,4.450000,,,
36.221920,4.990000,0.978000,4.450000,,,
36.233040,4.990000,0.978000,4.450000,-0.155267,2.337062,2.960064
36.244150,4.990000,0.978000,4.450000,-0.155267,2.337062,2.960064
36.255260,4.990000,0.978000,4.450000,-0.155267,2.337062,2.960064
36.266370,4.990000,0.978000,4.450000,0.094789,2.342294,3.127790
36.277480,4.990000,0.978000,4.450000,0.094789,2.342294,3.127790
36.288600,4.990000,0.978000,4.450000,0.094789,2.342294,3.127790
36.299710,4.990000,0.978000,4.450000,,,
36.310820,4.990000,0.978000,4.450000,,,
36.321930,4.990000,0.978000,4.450000,,,
36.333050,4.990000,0.978000,4.450000,0.352518,2.314580,3.302677
36.344160,4.990000,0.978000,4.450000,0.352518,2.314580,3.302677
36.355270,4.990000,0.978000,4.450000,0.352518,2.314580,3.302677
36.366380,4.990000,0.978000,4.450000,0.611385,2.260705,3.495482
36.377490,4.990000,0.978000,4.450000,0.611385,2.260705,3.495482
36.388610,4.990000,0.978000,4.450000,0.611385,2.260705,3.495482
36.399720,4.990000,0.978000,4.450000,0.611385,2.260705,3.495482
36.410830,4.990000,0.978000,4.450000,,,
36.421940,4.990000,0.978000,4.450000,,,
36.433060,4.990000,0.978000,4.450000,,,
36.444170,4.990000,0.978000,4.450000,0.632122,2.255609,3.512293
36.455280,4.990000,0.978000,4.450000,0.632122,2.255609,3.512293
36.466390,4.990000,0.978000,4.450000,0.632122,2.255609,3.512293
36.477500,4.990000,0.978000,4.450000,0.632122,2.255609,3.512293
36.488620,4.990000,0.978000,4.450000,0.632122,2.255609,3.512293
36.499730,4.990000,0.978000,4.450000,0.632122,2.255609,3.512293
36.510840,4.990000,0.978000,4.450000,,,
36.521950,4.990000,0.978000,4.450000,,,
36.533070,4.990000,0.978000,4.450000,,,
36.544180,4.990000,0.978000,4.450000,0.632122,2.255609,3.512293
36.555290,4.990000,0.978000,4.450000,0.632122,2.255609,3.512293
36.566400,4.990000,0.978000,4.450000,0.632122,2.255609,3.512293
36.577510,4.990000,0.978000,4.450000,0.632122,2.255609,3.512293
36.588630,4.990000,0.978000,4.450000,0.632122,2.255609,3.512293
36.599740,4.990000,0.978000,4.450000,0.632122,2.255609,3.512293
36.610850,4.990000,0.978000,4.450000,,,
36.621960,4.990000,0.978000,4.450000,,,
36.633080,4.990000,0.978000,4.450000,,,
36.644190,4.990000,0.978000,4.450000,0.358030,2.345294,3.465002
36.655300,4.990000,0.978000,4.450000,0.358030,2.345294,3.465002
36.666410,4.990000,0.978000,4.450000,0.358030,2.345294,3.465002
36.677520,4.990000,0.978000,4.450000,0.069567,2.428203,3.421899
36.688640,4.990000,0.978000,4.450000,0.069567,2.428203,3.421899
36.699750,4.990000,0.978000,4.450000,0.069567,2.428203,3.421899
36.710860,4.990000,0.978000,4.450000,,,
36.721970,4.990000,0.978000,4.450000,,,
36.733090,4.990000,0.978000,4.450000,,,
36.744200,4.990000,0.978000,4.450000,-0.227094,2.479840,3.378260
36.755310,4.990000,0.978000,4.450000,-0.227094,2.479840,3.378260
36.766420,4.990000,0.978000,4.450000,-0.227094,2.479840,3.378260
36.777530,4.990000,0.978000,4.450000,-0.533799,2.481805,3.332989
36.788650,4.990000,0.978000,4.450000,-0.533799,2.481805,3.332989
36.799760,4.990000,0.978000,4.450000,-0.533799,2.481805,3.332989
36.810870,4.990000,0.978000,4.450000,,,
36.821980,4.990000,0.978000,4.450000,,,
36.833100,4.990000,0.978000,4.450000,,,
36.844210,4.990000,0.978000,4.450000,-0.836202,2.430384,3.293714
36.855320,4.990000,0.978000,4.450000,-0.836202,2.430384,3.293714
36.866430,4.990000,0.978000,4.450000,-0.836202,2.430384,3.293714
36.877540,4.990000,0.978000,4.450000,-1.121893,2.337221,3.275706
36.888660,4.990000,0.978000,4.450000,-1.121893,2.337221,3.275706
36.899770,4.990000,0.978000,4.450000,-1.121893,2.337221,3.275706
36.910880,4.990000,0.978000,4.450000,,,
36.921990,4.990000,0.978000,4.450000,,,
36.933110,4.990000,0.978000,4.450000,,,
36.944220,4.990000,0.978000,4.450000,-1.121893,2.337221,3.275706
36.955330,4.990000,0.978000,4.450000,-1.121893,2.337221,3.275706
36.966440,4.990000,0.978000,4.450000,-1.121893,2.337221,3.275706
36.977550,4.990000,0.978000,4.450000,-1.121893,2.337221,3.275706
36.988670,4.990000,0.978000,4.450000,-1.121893,2.337221,3.275706
36.999780,4.990000,0.978000,4.450000,-1.121893,2.337221,3.275706
37.010890,4.990000,0.978000,4.450000,-1.121893,2.337221,3.275706
37.022000,4.990000,0.978000,4.450000,,,
37.033120,4.990000,0.978000,4.450000,,,
37.044230,4.990000,0.978000,4.450000,,,
37.055340,4.990000,0.978000,4.450000,-1.121893,2.337221,3.275706
37.066450,4.990000,0.978000,4.450000,-1.121893,2.337221,3.275706
37.077560,4.990000,0.978000,4.450000,-1.121893,2.337221,3.275706
37.088680,4.990000,0.978000,4.450000,-1.117745,2.348249,3.248594
37.099790,4.990000,0.978000,4.450000,-1.117745,2.348249,3.248594
37.110900,4.990000,0.978000,4.450000,-1.117745,2.348249,3.248594
37.122010,4.990000,0.978000,4.450000,,,
37.133130,4.990000,0.978000,4.450000,,,
37.144240,4.990000,0.978000,4.450000,,,
37.155350,4.990000,0.978000,4.450000,-1.073214,2.457500,2.957542
37.166460,4.990000,0.978000,4.450000,-1.073214,2.457500,2.957542
37.177570,4.990000,0.978000,4.450000,-1.073214,2.457500,2.957542
37.188690,4.990000,0.978000,4.450000,-1.016648,2.481552,2.657186
37.199800,4.990000,0.978000,4.450000,-1.016648,2.481552,2.657186
37.210910,4.990000,0.978000,4.450000,-1.016648,2.481552,2.657186
37.222020,4.990000,0.978000,4.450000,,,
37.233140,4.990000,0.978000,4.450000,,,
37.244250,4.990000,0.978000,4.450000,,,
37.255360,4.990000,0.978000,4.450000,,,
37.266470,4.990000,0.978000,4.450000,-0.955275,2.389959,2.389235
37.277580,4.990000,0.978000,4.450000,-0.955275,2.389959,2.389235
37.288700,4.990000,0.978000,4.450000,-0.955275,2.389959,2.389235
37.299810,4.990000,0.978000,4.450000,-0.919597,2.323721,2.254693
37.310920,4.990000,0.978000,4.450000,-0.919597,2.323721,2.254693
37.322030,4.990000,0.978000,4.450000,-0.919597,2.323721,2.254693
37.333150,4.990000,0.978000,4.450000,,,
37.344260,4.990000,0.978000,4.450000,,,
37.355370,4.990000,0.978000,4.450000,,,
37.366480,4.990000,0.978000,4.450000,-0.919597,2.323721,2.254693
37.377590,4.990000,0.978000,4.450000,-0.919597,2.323721,2.254693
37.388710,4.990000,0.978000,4.450000,-0.919597,2.323721,2.254693
37.399820,4.990000,0.978000,4.450000,-0.919597,2.323721,2.254693
37.410930,4.990000,0.978000,4.450000,-0.919597,2.323721,2.254693
37.422040,4.990000,0.978000,4.450000,-0.919597,2.323721,2.254693
37.433160,4.990000,0.978000,4.450000,,,
37.444270,4.990000,0.978000,4.450000,,,
37.455380,4.990000,0.978000,4.450000,,,
37.466490,4.990000,0.978000,4.450000,-0.919597,2.323721,2.254693
37.477600,4.990000,0.978000,4.450000,-0.919597,2.323721,2.254693
37.488720,4.990000,0.978000,4.450000,-0.919597,2.323721,2.254693
37.499830,4.990000,0.978000,4.450000,-0.816154,2.368860,2.338780
37.510940,4.990000,0.978000,4.450000,-0.816154,2.368860,2.338780
37.522050,4.990000,0.978000,4.450000,-0.816154,2.368860,2.338780
37.533160,4.990000,0.978000,4.450000,,,
37.544280,4.990000,0.978000,4.450000,,,
37.555390,4.990000,0.978000,4.450000,,,
37.566500,4.990000,0.978000,4.450000,-0.596727,2.453392,2.510979
37.577610,4.990000,0.978000,4.450000,-0.596727,2.453392,2.510979
37.588730,4.990000,0.978000,4.450000,-0.596727,2.453392,2.510979
37.599840,4.990000,0.978000,4.450000,-0.352152,2.486433,2.692800
37.610950,4.990000,0.978000,4.450000,-0.352152,2.486433,2.692800
37.622060,4.990000,0.978000,4.450000,-0.352152,2.486433,2.692800
37.633170,4.990000,0.978000,4.450000,,,
37.644290,4.990000,0.978000,4.450000,,,
37.655400,4.990000,0.978000,4.450000,,,
37.666510,4.990000,0.978000,4.450000,-0.105351,2.411276,2.867709
37.677620,4.990000,0.978000,4.450000,-0.105351,2.411276,2.867709
37.688740,4.990000,0.978000,4.450000,-0.105351,2.411276,2.867709
37.699850,4.990000,0.978000,4.450000,-0.105351,2.411276,2.867709
37.710960,4.990000,0.978000,4.450000,0.087852,2.286246,2.984918
37.722070,4.990000,0.978000,4.450000,0.087852,2.286246,2.984918
37.733180,4.990000,0.978000,4.450000,0.087852,2.286246,2.984918
37.744300,4.990000,0.978000,4.450000,,,
37.755410,4.990000,0.978000,4.450000,,,
37.766520,4.990000,0.978000,4.450000,,,
37.777630,4.990000,0.978000,4.450000,0.098678,2.277034,2.989573
37.788750,4.990000,0.978000,4.450000,0.098678,2.277034,2.989573
37.799860,4.990000,0.978000,4.450000,0.098678,2.277034,2.989573
37.810970,4.990000,0.978000,4.450000,0.098678,2.277034,2.989573
37.822080,4.990000,0.978000,4.450000,0.098678,2.277034,2.989573
37.833190,4.990000,0.978000,4.450000,0.098678,2.277034,2.989573
37.844310,4.990000,0.978000,4.450000,,,
37.855420,4.990000,0.978000,4.450000,,,
37.866530,4.990000,0.978000,4.450000,,,
37.877640,4.990000,0.978000,4.450000,0.098678,2.277034,2.989573
37.888760,4.990000,0.978000,4.450000,0.098678,2.277034,2.989573
37.899870,4.990000,0.978000,4.450000,0.098678,2.277034,2.989573
37.910980,4.990000,0.978000,4.450000,0.098678,2.277034,2.989573
37.922090,4.990000,0.978000,4.450000,0.098678,2.277034,2.989573
37.933200,4.990000,0.978000,4.450000,0.098678,2.277034,2.989573
37.944320,4.990000,0.978000,4.450000,,,
37.955430,4.990000,0.978000,4.450000,,,
37.966540,4.990000,0.978000,4.450000,,,
37.977650,4.990000,0.978000,4.450000,-0.182853,2.345742,3.086549
37.988770,4.990000,0.978000,4.450000,-0.182853,2.345742,3.086549
37.999880,4.990000,0.978000,4.450000,-0.182853,2.345742,3.086549
38.010990,4.990000,0.978000,4.450000,-0.470830,2.373915,3.189949
38.022100,4.990000,0.978000,4.450000,-0.470830,2.373915,3.189949
38.033210,4.990000,0.978000,4.450000,-0.470830,2.373915,3.189949
38.044330,4.990000,0.978000,4.450000,-0.470830,2.373915,3.189949
38.055440,4.990000,0.978000,4.450000,,,
38.066550,4.990000,0.978000,4.450000,,,
38.077660,4.990000,0.978000,4.450000,,,
38.088780,4.990000,0.978000,4.450000,-0.751925,2.320341,3.294515
38.099890,4.990000,0.978000,4.450000,-0.751925,2.320341,3.294515
38.111000,4.990000,0.978000,4.450000,-0.751925,2.320341,3.294515
38.122110,4.990000,0.978000,4.450000,-1.017709,2.206238,3.397151
38.133220,4.990000,0.978000,4.450000,-1.017709,2.206238,3.397151
38.144340,4.990000,0.978000,4.450000,-1.017709,2.206238,3.397151
38.155450,4.990000,0.978000,4.450000,,,
38.166560,4.990000,0.978000,4.450000,,,
38.177670,4.990000,0.978000,4.450000,,,
38.188790,4.990000,0.978000,4.450000,-1.178079,2.116024,3.456831
38.199900,4.990000,0.978000,4.450000,-1.178079,2.116024,3.456831
38.211010,4.990000,0.978000,4.450000,-1.178079,2.116024,3.456831
38.222120,4.990000,0.978000,4.450000,-1.178079,2.116024,3.456831
38.233230,4.990000,0.978000,4.450000,-1.178079,2.116024,3.456831
38.244350,4.990000,0.978000,4.450000,-1.178079,2.116024,3.456831
38.255460,4.990000,0.978000,4.450000,,,
38.266570,4.990000,0.978000,4.450000,,,
38.277680,4.990000,0.978000,4.450000,,,
38.288800,4.990000,0.978000,4.450000,-1.178079,2.116024,3.456831
38.299910,4.990000,0.978000,4.450000,-1.178079,2.116024,3.456831
38.311020,4.990000,0.978000,4.450000,-1.178079,2.116024,3.456831
38.322130,4.990000,0.978000,4.450000,-1.178079,2.116024,3.456831
38.333240,4.990000,0.978000,4.450000,-1.178079,2.116024,3.456831
38.344360,4.990000,0.978000,4.450000,-1.178079,2.116024,3.456831
38.355470,4.990000,0.978000,4.450000,-1.178079,2.116024,3.456831
38.366580,4.990000,0.978000,4.450000,,,
38.377690,4.990000,0.978000,4.450000,,,
38.388810,4.990000,0.978000,4.450000,,,
38.399920,4.990000,0.978000,4.450000,-1.156505,2.178210,3.333799
38.411030,4.990000,0.978000,4.450000,-1.156505,2.178210,3.333799
38.422140,4.990000,0.978000,4.450000,-1.156505,2.178210,3.333799
38.433250,4.990000,0.978000,4.450000,-1.120948,2.299676,3.057385
38.444370,4.990000,0.978000,4.450000,-1.120948,2.299676,3.057385
38.455480,4.990000,0.978000,4.450000,-1.120948,2.299676,3.057385
38.466590,4.990000,0.978000,4.450000,,,
38.477700,4.990000,0.978000,4.450000,,,
38.488820,4.990000,0.978000,4.450000,,,
38.499930,4.990000,0.978000,4.450000,-1.108332,2.337817,2.750438
38.511040,4.990000,0.978000,4.450000,-1.108332,2.337817,2.750438
38.522150,4.990000,0.978000,4.450000,-1.108332,2.337817,2.750438
38.533260,4.990000,0.978000,4.450000,-1.114384,2.254343,2.470874
38.544380,4.990000,0.978000,4.450000,-1.114384,2.254343,2.470874
38.555490,4.990000,0.978000,4.450000,-1.114384,2.254343,2.470874
38.566600,4.990000,0.978000,4.450000,-1.108109,2.192139,2.342318
38.577710,4.990000,0.978000,4.450000,-1.108109,2.192139,2.342318
38.588830,4.990000,0.978000,4.450000,-1.108109,2.192139,2.342318
38.599940,4.990000,0.978000,4.450000,-1.108109,2.192139,2.342318
38.611050,4.990000,0.978000,4.450000,-1.108109,2.192139,2.342318
38.622160,4.990000,0.978000,4.450000,-1.108109,2.192139,2.342318
38.633270,4.990000,0.978000,4.450000,-1.108109,2.192139,2.342318
38.644390,4.990000,0.978000,4.450000,-1.108109,2.192139,2.342318
38.655500,4.990000,0.978000,4.450000,-1.108109,2.192139,2.342318
38.666610,4.990000,0.978000,4.450000,-1.108109,2.192139,2.342318
38.677720,4.990000,0.978000,4.450000,-1.108109,2.192139,2.342318
38.688840,4.990000,0.978000,4.450000,-1.108109,2.192139,2.342318
38.699950,4.990000,0.978000,4.450000,-1.108109,2.192139,2.342318
38.711060,4.990000,0.978000,4.450000,,,
38.722170,4.990000,0.978000,4.450000,,,
38.733280,4.990000,0.978000,4.450000,,,
38.744400,4.990000,0.978000,4.450000,-1.108109,2.192139,2.342318
38.755510,4.990000,0.978000,4.450000,-1.108109,2.192139,2.342318
38.766620,4.990000,0.978000,4.450000,-1.108109,2.192139,2.342318
38.777730,4.990000,0.978000,4.450000,-0.996644,2.253189,2.369714
38.788850,4.990000,0.978000,4.450000,-0.996644,2.253189,2.369714
38.799960,4.990000,0.978000,4.450000,-0.996644,2.253189,2.369714
38.811070,4.990000,0.978000,4.450000,,,
38.822180,4.990000,0.978000,4.450000,,,
38.833290,4.990000,0.978000,4.450000,,,
38.844410,4.990000,0.978000,4.450000,-0.771010,2.310670,2.425579
38.855520,4.990000,0.978000,4.450000,-0.771010,2.310670,2.425579
38.866630,4.990000,0.978000,4.450000,-0.771010,2.310670,2.425579
38.877740,4.990000,0.978000,4.450000,-0.568561,2.185284,2.475703
38.888850,4.990000,0.978000,4.450000,-0.568561,2.185284,2.475703
38.899970,4.990000,0.978000,4.450000,-0.568561,2.185284,2.475703
38.911080,4.990000,0.978000,4.450000,,,
38.922190,4.990000,0.978000,4.450000,,,
38.933300,4.990000,0.978000,4.450000,,,
38.944420,4.990000,0.978000,4.450000,-0.496331,2.114375,2.493587
38.955530,4.990000,0.978000,4.450000,-0.496331,2.114375,2.493587
38.966640,4.990000,0.978000,4.450000,-0.496331,2.114375,2.493587
38.977750,4.990000,0.978000,4.450000,-0.496331,2.114375,2.493587
38.988860,4.990000,0.978000,4.450000,-0.496331,2.114375,2.493587
38.999980,4.990000,0.978000,4.450000,-0.496331,2.114375,2.493587
39.011090,4.990000,0.978000,4.450000,-0.496331,2.114375,2.493587
39.022200,4.990000,0.978000,4.450000,,,
39.033310,4.990000,0.978000,4.450000,,,
39.044430,4.990000,0.978000,4.450000,,,
39.055540,4.990000,0.978000,4.450000,-0.496331,2.114375,2.493587
39.066650,4.990000,0.978000,4.450000,-0.496331,2.114375,2.493587
39.077760,4.990000,0.978000,4.450000,-0.496331,2.114375,2.493587
39.088870,4.990000,0.978000,4.450000,-0.496331,2.114375,2.493587
39.099990,4.990000,0.978000,4.450000,-0.496331,2.114375,2.493587
39.111100,4.990000,0.978000,4.450000,-0.496331,2.114375,2.493587
39.122210,4.990000,0.978000,4.450000,,,
39.133320,4.990000,0.978000,4.450000,,,
39.144440,4.990000,0.978000,4.450000,,,
39.155550,4.990000,0.978000,4.450000,-0.543128,2.188097,2.602374
39.166660,4.990000,0.978000,4.450000,-0.543128,2.188097,2.602374
39.177770,4.990000,0.978000,4.450000,-0.543128,2.188097,2.602374
39.188880,4.990000,0.978000,4.450000,-0.637130,2.335673,2.853887
39.200000,4.990000,0.978000,4.450000,-0.637130,2.335673,2.853887
39.211110,4.990000,0.978000,4.450000,-0.637130,2.335673,2.853887
39.222220,4.990000,0.978000,4.450000,,,
39.233330,4.990000,0.978000,4.450000,,,
39.244450,4.990000,0.978000,4.450000,,,
39.255560,4.990000,0.978000,4.450000,,,
39.266670,4.990000,0.978000,4.450000,-0.717105,2.370555,3.149472
39.277780,4.990000,0.978000,4.450000,-0.717105,2.370555,3.149472
39.288890,4.990000,0.978000,4.450000,-0.717105,2.370555,3.149472
39.300010,4.990000,0.978000,4.450000,-0.752670,2.311115,3.383297
39.311120,4.990000,0.978000,4.450000,-0.752670,2.311115,3.383297
39.322230,4.990000,0.978000,4.450000,-0.752670,2.311115,3.383297
39.333340,4.990000,0.978000,4.450000,,,
39.344460,4.990000,0.978000,4.450000,,,
39.355570,4.990000,0.978000,4.450000,,,
39.366680,4.990000,0.978000,4.450000,-0.756088,2.302547,3.414324
39.377790,4.990000,0.978000,4.450000,-0.756088,2.302547,3.414324
39.388900,4.990000,0.978000,4.450000,-0.756088,2.302547,3.414324
39.400020,4.990000,0.978000,4.450000,-0.756088,2.302547,3.414324
39.411130,4.990000,0.978000,4.450000,-0.756088,2.302547,3.414324
39.422240,4.990000,0.978000,4.450000,-0.756088,2.302547,3.414324
39.433350,4.990000,0.978000,4.450000,,,
39.444470,4.990000,0.978000,4.450000,,,
39.455580,4.990000,0.978000,4.450000,,,
39.466690,4.990000,0.978000,4.450000,-0.756088,2.302547,3.414324
39.477800,4.990000,0.978000,4.450000,-0.756088,2.302547,3.414324
39.488910,4.990000,0.978000,4.450000,-0.756088,2.302547,3.414324
39.500030,4.990000,0.978000,4.450000,-0.756088,2.302547,3.414324
39.511140,4.990000,0.978000,4.450000,-0.756088,2.302547,3.414324
39.522250,4.990000,0.978000,4.450000,-0.756088,2.302547,3.414324
39.533360,4.990000,0.978000,4.450000,-0.756088,2.302547,3.414324
39.544480,4.990000,0.978000,4.450000,-0.908182,2.376669,3.176841
39.555590,4.990000,0.978000,4.450000,-0.908182,2.376669,3.176841
39.566700,4.990000,0.978000,4.450000,-0.908182,2.376669,3.176841
39.577810,4.990000,0.978000,4.450000,-0.908182,2.376669,3.176841
39.588920,4.990000,0.978000,4.450000,-0.908182,2.376669,3.176841
39.600040,4.990000,0.978000,4.450000,-0.908182,2.376669,3.176841
39.611150,4.990000,0.978000,4.450000,-1.067303,2.375678,2.925395
39.622260,4.990000,0.978000,4.450000,-1.067303,2.375678,2.925395
39.633370,4.990000,0.978000,4.450000,-1.067303,2.375678,2.925395
39.644490,4.990000,0.978000,4.450000,-1.203248,2.257805,2.711459
39.655600,4.990000,0.978000,4.450000,-1.203248,2.257805,2.711459
39.666710,4.990000,0.978000,4.450000,-1.203248,2.257805,2.711459
39.677820,4.990000,0.978000,4.450000,-1.203248,2.257805,2.711459
39.688930,4.990000,0.978000,4.450000,-1.203248,2.257805,2.711459
39.700050,4.990000,0.978000,4.450000,-1.203248,2.257805,2.711459
39.711160,4.990000,0.978000,4.450000,-1.282796,2.160033,2.586276
39.722270,4.990000,0.978000,4.450000,-1.282796,2.160033,2.586276
39.733380,4.990000,0.978000,4.450000,-1.282796,2.160033,2.586276
39.744500,4.990000,0.978000,4.450000,-1.282796,2.160033,2.586276
39.755610,4.990000,0.978000,4.450000,-1.282796,2.160033,2.586276
39.766720,4.990000,0.978000,4.450000,-1.282796,2.160033,2.586276
39.777830,4.990000,0.978000,4.450000,-1.282796,2.160033,2.586276
39.788940,4.990000,0.978000,4.450000,,,
39.800060,4.990000,0.978000,4.450000,,,
39.811170,4.990000,0.978000,4.450000,,,
39.822280,4.990000,0.978000,4.450000,-1.282796,2.160033,2.586276
39.833390,4.990000,0.978000,4.450000,-1.282796,2.160033,2.586276
39.844510,4.990000,0.978000,4.450000,-1.282796,2.160033,2.586276
39.855620,4.990000,0.978000,4.450000,-1.282796,2.160033,2.586276
39.866730,4.990000,0.978000,4.450000,-1.282796,2.160033,2.586276
39.877840,4.990000,0.978000,4.450000,-1.282796,2.160033,2.586276
39.888950,4.990000,0.978000,4.450000,,,
39.900070,4.990000,0.978000,4.450000,,,
39.911180,4.990000,0.978000,4.450000,,,
39.922290,4.990000,0.978000,4.450000,-1.197703,2.214112,2.611904
39.933370,,,,-1.197703,2.214112,2.611904
39.944520,4.990000,0.978000,4.450000,-1.197703,2.214112,2.611904
39.955630,4.990000,0.978000,4.450000,-0.938753,2.361477,2.690074
39.966740,4.990000,0.978000,4.450000,-0.938753,2.361477,2.690074
39.977850,4.990000,0.978000,4.450000,-0.938753,2.361477,2.690074
39.988960,4.990000,0.978000,4.450000,,,
40.000080,4.990000,0.978000,4.450000,,,
40.011190,4.990000,0.978000,4.450000,,,
40.022300,4.990000,0.978000,4.450000,,,
40.033410,4.990000,0.978000,4.450000,-0.650637,2.428175,2.776157
40.044530,4.990000,0.978000,4.450000,-0.650637,2.428175,2.776157
40.055640,4.990000,0.978000,4.450000,-0.650637,2.428175,2.776157
40.066750,4.990000,0.978000,4.450000,-0.364031,2.382115,2.861612
40.077860,4.990000,0.978000,4.450000,-0.364031,2.382115,2.861612
40.088970,4.990000,0.978000,4.450000,-0.364031,2.382115,2.861612
40.100090,4.990000,0.978000,4.450000,,,
40.111200,4.990000,0.978000,4.450000,,,
40.122310,4.990000,0.978000,4.450000,,,
40.133420,4.990000,0.978000,4.450000,-0.240216,2.345448,2.898977
40.144540,4.990000,0.978000,4.450000,-0.240216,2.345448,2.898977
40.155650,4.990000,0.978000,4.450000,-0.240216,2.345448,2.898977
40.166760,4.990000,0.978000,4.450000,-0.240216,2.345448,2.898977
40.177870,4.990000,0.978000,4.450000,-0.240216,2.345448,2.898977
40.188980,4.990000,0.978000,4.450000,-0.240216,2.345448,2.898977
40.200100,4.990000,0.978000,4.450000,,,
40.211210,4.990000,0.978000,4.450000,,,
40.222320,4.990000,0.978000,4.450000,,,
40.233430,4.990000,0.978000,4.450000,-0.240216,2.345448,2.898977
40.244540,4.990000,0.978000,4.450000,-0.240216,2.345448,2.898977
40.255660,4.990000,0.978000,4.450000,-0.240216,2.345448,2.898977
40.266770,4.990000,0.978000,4.450000,-0.240216,2.345448,2.898977
40.277880,4.990000,0.978000,4.450000,-0.240216,2.345448,2.898977
40.288990,4.990000,0.978000,4.450000,-0.240216,2.345448,2.898977
40.300110,4.990000,0.978000,4.450000,,,
40.311220,4.990000,0.978000,4.450000,,,
40.322330,4.990000,0.978000,4.450000,,,
40.333440,4.990000,0.978000,4.450000,-0.322940,2.407569,3.024197
40.344550,4.990000,0.978000,4.450000,-0.322940,2.407569,3.024197
40.355670,4.990000,0.978000,4.450000,-0.322940,2.407569,3.024197
40.366780,4.990000,0.978000,4.450000,-0.487833,2.477989,3.266578
40.377890,4.990000,0.978000,4.450000,-0.487833,2.477989,3.266578
40.389000,4.990000,0.978000,4.450000,-0.487833,2.477989,3.266578
40.400120,4.990000,0.978000,4.450000,-0.487833,2.477989,3.266578
40.411230,4.990000,0.978000,4.450000,,,
40.422340,4.990000,0.978000,4.450000,,,
40.433450,4.990000,0.978000,4.450000,,,
40.444560,4.990000,0.978000,4.450000,-0.663345,2.391454,3.491047
40.455680,4.990000,0.978000,4.450000,-0.663345,2.391454,3.491047
40.466790,4.990000,0.978000,4.450000,-0.663345,2.391454,3.491047
40.477900,4.990000,0.978000,4.450000,-0.796566,2.250119,3.646683
40.489010,4.990000,0.978000,4.450000,-0.796566,2.250119,3.646683
40.500130,4.990000,0.978000,4.450000,-0.796566,2.250119,3.646683
40.511240,4.990000,0.978000,4.450000,,,
40.522350,4.990000,0.978000,4.450000,,,
40.533460,4.990000,0.978000,4.450000,,,
40.544570,4.990000,0.978000,4.450000,-0.800071,2.246530,3.650108
40.555690,4.990000,0.978000,4.450000,-0.800071,2.246530,3.650108
40.566800,4.990000,0.978000,4.450000,-0.800071,2.246530,3.650108
40.577910,4.990000,0.978000,4.450000,-0.800071,2.246530,3.650108
40.589020,4.990000,0.978000,4.450000,-0.800071,2.246530,3.650108
40.600140,4.990000,0.978000,4.450000,-0.800071,2.246530,3.650108
40.611250,4.990000,0.978000,4.450000,,,
40.622360,4.990000,0.978000,4.450000,,,
40.633470,4.990000,0.978000,4.450000,,,
40.644580,4.990000,0.978000,4.450000,-0.800071,2.246530,3.650108
40.655700,4.990000,0.978000,4.450000,-0.800071,2.246530,3.650108
40.666810,4.990000,0.978000,4.450000,-0.800071,2.246530,3.650108
40.677920,4.990000,0.978000,4.450000,-0.800071,2.246530,3.650108
40.689030,4.990000,0.978000,4.450000,-0.800071,2.246530,3.650108
40.700150,4.990000,0.978000,4.450000,-0.800071,2.246530,3.650108
40.711260,4.990000,0.978000,4.450000,-0.800071,2.246530,3.650108
40.722370,4.990000,0.978000,4.450000,,,
40.733480,4.990000,0.978000,4.450000,,,
40.744590,4.990000,0.978000,4.450000,,,
40.755710,4.990000,0.978000,4.450000,-0.886770,2.372297,3.383248
40.766820,4.990000,0.978000,4.450000,-0.886770,2.372297,3.383248
40.777930,4.990000,0.978000,4.450000,-0.886770,2.372297,3.383248
40.789040,4.990000,0.978000,4.450000,-0.971378,2.462899,3.106210
40.800160,4.990000,0.978000,4.450000,-0.971378,2.462899,3.106210
40.811270,4.990000,0.978000,4.450000,-0.971378,2.462899,3.106210
40.822380,4.990000,0.978000,4.450000,,,
40.833490,4.990000,0.978000,4.450000,,,
40.844600,4.990000,0.978000,4.450000,,,
40.855720,4.990000,0.978000,4.450000,-1.059801,2.463513,2.812241
40.866830,4.990000,0.978000,4.450000,-1.059801,2.463513,2.812241
40.877940,4.990000,0.978000,4.450000,-1.059801,2.463513,2.812241
40.889050,4.990000,0.978000,4.450000,-1.131505,2.388301,2.551790
40.900170,4.990000,0.978000,4.450000,-1.131505,2.388301,2.551790
40.911280,4.990000,0.978000,4.450000,-1.131505,2.388301,2.551790
40.922390,4.990000,0.978000,4.450000,,,
40.933500,4.990000,0.978000,4.450000,,,
40.944610,4.990000,0.978000,4.450000,,,
40.955730,4.990000,0.978000,4.450000,-1.159102,2.348524,2.452945
40.966840,4.990000,0.978000,4.450000,-1.159102,2.348524,2.452945
40.977950,4.990000,0.978000,4.450000,-1.159102,2.348524,2.452945
40.989060,4.990000,0.978000,4.450000,-1.159102,2.348524,2.452945
41.000180,4.990000,0.978000,4.450000,-1.159102,2.348524,2.452945
41.011290,4.990000,0.978000,4.450000,-1.159102,2.348524,2.452945
41.022400,4.990000,0.978000,4.450000,-1.159102,2.348524,2.452945
41.033510,4.990000,0.978000,4.450000,-1.159102,2.348524,2.452945
41.044620,4.990000,0.978000,4.450000,-1.159102,2.348524,2.452945
41.055740,4.990000,0.978000,4.450000,-1.159102,2.348524,2.452945
41.066850,4.990000,0.978000,4.450000,-1.159102,2.348524,2.452945
41.077960,4.990000,0.978000,4.450000,-1.159102,2.348524,2.452945
41.089070,4.990000,0.978000,4.450000,-1.159102,2.348524,2.452945
41.100190,4.990000,0.978000,4.450000,-1.159102,2.348524,2.452945
41.111300,4.990000,0.978000,4.450000,-1.159102,2.348524,2.452945
41.122410,4.990000,0.978000,4.450000,-1.159102,2.348524,2.452945
41.133520,4.990000,0.978000,4.450000,-0.968669,2.397859,2.504750
41.144630,4.990000,0.978000,4.450000,-0.968669,2.397859,2.504750
41.155750,4.990000,0.978000,4.450000,-0.968669,2.397859,2.504750
41.166860,4.990000,0.978000,4.450000,-0.968669,2.397859,2.504750
41.177970,4.990000,0.978000,4.450000,-0.968669,2.397859,2.504750
41.189080,4.990000,0.978000,4.450000,-0.968669,2.397859,2.504750
41.200200,4.990000,0.978000,4.450000,-0.678922,2.448409,2.583391
41.211310,4.990000,0.978000,4.450000,-0.678922,2.448409,2.583391
41.222420,4.990000,0.978000,4.450000,-0.678922,2.448409,2.583391
41.233530,4.990000,0.978000,4.450000,-0.381325,2.418596,2.664167
41.244640,4.990000,0.978000,4.450000,-0.381325,2.418596,2.664167
41.255760,4.990000,0.978000,4.450000,-0.381325,2.418596,2.664167
41.266870,4.990000,0.978000,4.450000,-0.381325,2.418596,2.664167
41.277980,4.990000,0.978000,4.450000,-0.381325,2.418596,2.664167
41.289090,4.990000,0.978000,4.450000,-0.381325,2.418596,2.664167
41.300210,4.990000,0.978000,4.450000,-0.105911,2.300772,2.738933
41.311320,4.990000,0.978000,4.450000,-0.105911,2.300772,2.738933
41.322430,4.990000,0.978000,4.450000,-0.105911,2.300772,2.738933
41.333540,4.990000,0.978000,4.450000,0.115742,2.161955,2.794933
41.344650,4.990000,0.978000,4.450000,0.115742,2.161955,2.794933
41.355770,4.990000,0.978000,4.450000,0.115742,2.161955,2.794933
41.366880,4.990000,0.978000,4.450000,0.115742,2.161955,2.794933
41.377990,4.990000,0.978000,4.450000,0.115742,2.161955,2.794933
41.389100,4.990000,0.978000,4.450000,0.115742,2.161955,2.794933
41.400220,4.990000,0.978000,4.450000,0.115742,2.161955,2.794933
41.411330,4.990000,0.978000,4.450000,0.115742,2.161955,2.794933
41.422440,4.990000,0.978000,4.450000,0.115742,2.161955,2.794933
41.433550,4.990000,0.978000,4.450000,0.115742,2.161955,2.794933
41.444660,4.990000,0.978000,4.450000,0.115742,2.161955,2.794933
41.455780,4.990000,0.978000,4.450000,0.115742,2.161955,2.794933
41.466890,4.990000,0.978000,4.450000,0.115742,2.161955,2.794933
41.478000,4.990000,0.978000,4.450000,0.115742,2.161955,2.794933
41.489110,4.990000,0.978000,4.450000,0.115742,2.161955,2.794933
41.500230,4.990000,0.978000,4.450000,0.115742,2.161955,2.794933
41.511340,4.990000,0.978000,4.450000,0.115742,2.161955,2.794933
41.522450,4.990000,0.978000,4.450000,0.115742,2.161955,2.794933
41.533560,4.990000,0.978000,4.450000,0.115742,2.161955,2.794933
41.544670,4.990000,0.978000,4.450000,0.070326,2.178014,2.821402
41.555790,4.990000,0.978000,4.450000,0.070326,2.178014,2.821402
41.566900,4.990000,0.978000,4.450000,0.070326,2.178014,2.821402
41.578010,4.990000,0.978000,4.450000,,,
41.589120,4.990000,0.978000,4.450000,,,
41.600230,4.990000,0.978000,4.450000,,,
41.611350,4.990000,0.978000,4.450000,-0.186471,2.263096,2.970017
41.622460,4.990000,0.978000,4.450000,-0.186471,2.263096,2.970017
41.633570,4.990000,0.978000,4.450000,-0.186471,2.263096,2.970017
41.644680,4.990000,0.978000,4.450000,-0.186471,2.263096,2.970017
41.655800,4.990000,0.978000,4.450000,-0.445159,2.315241,3.115876
41.666910,4.990000,0.978000,4.450000,-0.445159,2.315241,3.115876
41.678020,4.990000,0.978000,4.450000,-0.445159,2.315241,3.115876
41.689130,4.990000,0.978000,4.450000,,,
41.700240,4.990000,0.978000,4.450000,,,
41.711360,4.990000,0.978000,4.450000,,,
41.722470,4.990000,0.978000,4.450000,-0.716111,2.298118,3.269798
41.733580,4.990000,0.978000,4.450000,-0.716111,2.298118,3.269798
41.744690,4.990000,0.978000,4.450000,-0.716111,2.298118,3.269798
41.755810,4.990000,0.978000,4.450000,-0.971263,2.218244,3.414884
41.766920,4.990000,0.978000,4.450000,-0.971263,2.218244,3.414884
41.778030,4.990000,0.978000,4.450000,-0.971263,2.218244,3.414884
41.789140,4.990000,0.978000,4.450000,,,
41.800250,4.990000,0.978000,4.450000,,,
41.811370,4.990000,0.978000,4.450000,,,
41.822480,4.990000,0.978000,4.450000,-1.135430,2.150095,3.508567
41.833590,4.990000,0.978000,4.450000,-1.135430,2.150095,3.508567
41.844700,4.990000,0.978000,4.450000,-1.135430,2.150095,3.508567
41.855820,4.990000,0.978000,4.450000,-1.135430,2.150095,3.508567
41.866930,4.990000,0.978000,4.450000,-1.135430,2.150095,3.508567
41.878040,4.990000,0.978000,4.450000,-1.135430,2.150095,3.508567
41.889150,4.990000,0.978000,4.450000,,,
41.900260,4.990000,0.978000,4.450000,,,
41.911380,4.990000,0.978000,4.450000,,,
41.922490,4.990000,0.978000,4.450000,-1.135430,2.150095,3.508567
41.933600,4.990000,0.978000,4.450000,-1.135430,2.150095,3.508567
41.944710,4.990000,0.978000,4.450000,-1.135430,2.150095,3.508567
41.955830,4.990000,0.978000,4.450000,-1.135430,2.150095,3.508567
41.966940,4.990000,0.978000,4.450000,-1.135430,2.150095,3.508567
41.978050,4.990000,0.978000,4.450000,-1.135430,2.150095,3.508567
41.989160,4.990000,0.978000,4.450000,-1.135430,2.150095,3.508567
42.000270,4.990000,0.978000,4.450000,,,
42.011390,4.990000,0.978000,4.450000,,,
42.022500,4.990000,0.978000,4.450000,,,
42.033610,4.990000,0.978000,4.450000,-1.121773,2.183202,3.411992
42.044720,4.990000,0.978000,4.450000,-1.121773,2.183202,3.411992
42.055840,4.990000,0.978000,4.450000,-1.121773,2.183202,3.411992
42.066950,4.990000,0.978000,4.450000,-1.081039,2.270982,3.123936
42.078060,4.990000,0.978000,4.450000,-1.081039,2.270982,3.123936
42.089170,4.990000,0.978000,4.450000,-1.081039,2.270982,3.123936
42.100280,4.990000,0.978000,4.450000,-1.038287,2.308104,2.818237
42.111400,4.990000,0.978000,4.450000,-1.038287,2.308104,2.818237
42.122510,4.990000,0.978000,4.450000,-1.038287,2.308104,2.818237
42.133620,4.990000,0.978000,4.450000,-1.038287,2.308104,2.818237
42.144730,4.990000,0.978000,4.450000,-1.038287,2.308104,2.818237
42.155850,4.990000,0.978000,4.450000,-1.038287,2.308104,2.818237
42.166960,4.990000,0.978000,4.450000,-0.996291,2.253917,2.519351
42.178070,4.990000,0.978000,4.450000,-0.996291,2.253917,2.519351
42.189180,4.990000,0.978000,4.450000,-0.996291,2.253917,2.519351
42.200290,4.990000,0.978000,4.450000,-0.963188,2.136852,2.242326
42.211410,4.990000,0.978000,4.450000,-0.963188,2.136852,2.242326
42.222520,4.990000,0.978000,4.450000,-0.963188,2.136852,2.242326
42.233630,4.990000,0.978000,4.450000,-0.963188,2.136852,2.242326
42.244740,4.990000,0.978000,4.450000,,,
42.255860,4.990000,0.978000,4.450000,,,
42.266970,4.990000,0.978000,4.450000,,,
42.278080,4.990000,0.978000,4.450000,-0.954729,2.106213,2.179733
42.289190,4.990000,0.978000,4.450000,-0.954729,2.106213,2.179733
42.300300,4.990000,0.978000,4.450000,-0.954729,2.106213,2.179733
42.311420,4.990000,0.978000,4.450000,-0.954729,2.106213,2.179733
42.322530,4.990000,0.978000,4.450000,-0.954729,2.106213,2.179733
42.333640,4.990000,0.978000,4.450000,-0.954729,2.106213,2.179733
42.344750,4.990000,0.978000,4.450000,,,
42.355870,4.990000,0.978000,4.450000,,,
42.366980,4.990000,0.978000,4.450000,,,
42.378090,4.990000,0.978000,4.450000,-0.954729,2.106213,2.179733
42.389200,4.990000,0.978000,4.450000,-0.954729,2.106213,2.179733
42.400310,4.990000,0.978000,4.450000,-0.954729,2.106213,2.179733
42.411430,4.990000,0.978000,4.450000,-0.954729,2.106213,2.179733
42.422540,4.990000,0.978000,4.450000,-0.954729,2.106213,2.179733
42.433650,4.990000,0.978000,4.450000,-0.954729,2.106213,2.179733
42.444760,4.990000,0.978000,4.450000,,,
42.455880,4.990000,0.978000,4.450000,,,
42.466990,4.990000,0.978000,4.450000,,,
42.478100,4.990000,0.978000,4.450000,-0.846311,2.195587,2.345935
42.489210,4.990000,0.978000,4.450000,-0.846311,2.195587,2.345935
42.500320,4.990000,0.978000,4.450000,-0.846311,2.195587,2.345935
42.511440,4.990000,0.978000,4.450000,-0.846311,2.195587,2.345935
42.522550,4.990000,0.978000,4.450000,-0.695460,2.304749,2.610839
42.533660,4.990000,0.978000,4.450000,-0.695460,2.304749,2.610839
42.544770,4.990000,0.978000,4.450000,-0.695460,2.304749,2.610839
42.555890,4.990000,0.978000,4.450000,,,
42.567000,4.990000,0.978000,4.450000,,,
42.578110,4.990000,0.978000,4.450000,,,
42.589220,4.990000,0.978000,4.450000,-0.565699,2.328801,2.894483
42.600330,4.990000,0.978000,4.450000,-0.565699,2.328801,2.894483
42.611450,4.990000,0.978000,4.450000,-0.565699,2.328801,2.894483
42.622560,4.990000,0.978000,4.450000,-0.458417,2.276369,3.177253
42.633670,4.990000,0.978000,4.450000,-0.458417,2.276369,3.177253
42.644780,4.990000,0.978000,4.450000,-0.458417,2.276369,3.177253
42.655900,4.990000,0.978000,4.450000,,,
42.667010,4.990000,0.978000,4.450000,,,
42.678120,4.990000,0.978000,4.450000,,,
42.689230,4.990000,0.978000,4.450000,-0.410801,2.235151,3.332796
42.700340,4.990000,0.978000,4.450000,-0.410801,2.235151,3.332796
42.711460,4.990000,0.978000,4.450000,-0.410801,2.235151,3.332796
42.722570,4.990000,0.978000,4.450000,-0.410801,2.235151,3.332796
42.733680,4.990000,0.978000,4.450000,-0.410801,2.235151,3.332796
42.744790,4.990000,0.978000,4.450000,-0.410801,2.235151,3.332796
42.755910,4.990000,0.978000,4.450000,-0.410801,2.235151,3.332796
42.767020,4.990000,0.978000,4.450000,,,
42.778130,4.990000,0.978000,4.450000,,,
42.789240,4.990000,0.978000,4.450000,,,
42.800350,4.990000,0.978000,4.450000,-0.410801,2.235151,3.332796
42.811470,4.990000,0.978000,4.450000,-0.410801,2.235151,3.332796
42.822580,4.990000,0.978000,4.450000,-0.410801,2.235151,3.332796
42.833690,4.990000,0.978000,4.450000,-0.410801,2.235151,3.332796
42.844800,4.990000,0.978000,4.450000,-0.410801,2.235151,3.332796
42.855920,4.990000,0.978000,4.450000,-0.410801,2.235151,3.332796
42.867030,4.990000,0.978000,4.450000,,,
42.878140,4.990000,0.978000,4.450000,,,
42.889250,4.990000,0.978000,4.450000,,,
42.900360,4.990000,0.978000,4.450000,-0.535494,2.326543,3.349736
42.911480,4.990000,0.978000,4.450000,-0.535494,2.326543,3.349736
42.922590,4.990000,0.978000,4.450000,-0.535494,2.326543,3.349736
42.933700,4.990000,0.978000,4.450000,-0.802357,2.460921,3.371831
42.944810,4.990000,0.978000,4.450000,-0.802357,2.460921,3.371831
42.955920,4.990000,0.978000,4.450000,-0.802357,2.460921,3.371831
42.967040,4.990000,0.978000,4.450000,,,
42.978150,4.990000,0.978000,4.450000,,,
42.989260,4.990000,0.978000,4.450000,,,
43.000370,4.990000,0.978000,4.450000,-1.080275,2.419566,3.369949
43.011490,4.990000,0.978000,4.450000,-1.080275,2.419566,3.369949
43.022600,4.990000,0.978000,4.450000,-1.080275,2.419566,3.369949
43.033710,4.990000,0.978000,4.450000,-1.080275,2.419566,3.369949
43.044820,4.990000,0.978000,4.450000,-1.237799,2.350057,3.362381
43.055930,4.990000,0.978000,4.450000,-1.237799,2.350057,3.362381
43.067050,4.990000,0.978000,4.450000,-1.237799,2.350057,3.362381
43.078160,4.990000,0.978000,4.450000,-1.237799,2.350057,3.362381
43.089270,4.990000,0.978000,4.450000,-1.237799,2.350057,3.362381
43.100380,4.990000,0.978000,4.450000,-1.237799,2.350057,3.362381
43.111500,4.990000,0.978000,4.450000,,,
43.122610,4.990000,0.978000,4.450000,,,
43.133720,4.990000,0.978000,4.450000,,,
43.144830,4.990000,0.978000,4.450000,-1.237799,2.350057,3.362381
43.155940,4.990000,0.978000,4.450000,-1.237799,2.350057,3.362381
43.167060,4.990000,0.978000,4.450000,-1.237799,2.350057,3.362381
43.178170,4.990000,0.978000,4.450000,-1.237799,2.350057,3.362381
43.189280,4.990000,0.978000,4.450000,-1.237799,2.350057,3.362381
43.200390,4.990000,0.978000,4.450000,-1.237799,2.350057,3.362381
43.211510,4.990000,0.978000,4.450000,-1.237799,2.350057,3.362381
43.222620,4.990000,0.978000,4.450000,,,
43.233730,4.990000,0.978000,4.450000,,,
43.244840,4.990000,0.978000,4.450000,,,
43.255950,4.990000,0.978000,4.450000,-1.213744,2.380541,3.266125
43.267070,4.990000,0.978000,4.450000,-1.213744,2.380541,3.266125
43.278180,4.990000,0.978000,4.450000,-1.213744,2.380541,3.266125
43.289290,4.990000,0.978000,4.450000,-1.148131,2.455861,3.003571
43.300400,4.990000,0.978000,4.450000,-1.148131,2.455861,3.003571
43.311520,4.990000,0.978000,4.450000,-1.148131,2.455861,3.003571
43.322630,4.990000,0.978000,4.450000,,,
43.333740,4.990000,0.978000,4.450000,,,
43.344850,4.990000,0.978000,4.450000,,,
43.355960,4.990000,0.978000,4.450000,-1.069041,2.478155,2.687084
43.367080,4.990000,0.978000,4.450000,-1.069041,2.478155,2.687084
43.378190,4.990000,0.978000,4.450000,-1.069041,2.478155,2.687084
43.389300,4.990000,0.978000,4.450000,-0.999482,2.401037,2.408738
43.400410,4.990000,0.978000,4.450000,-0.999482,2.401037,2.408738
43.411530,4.990000,0.978000,4.450000,-0.999482,2.401037,2.408738
43.422640,4.990000,0.978000,4.450000,,,
43.433750,4.990000,0.978000,4.450000,,,
43.444860,4.990000,0.978000,4.450000,,,
43.455970,4.990000,0.978000,4.450000,-0.946793,2.300989,2.191473
43.467090,4.990000,0.978000,4.450000,-0.946793,2.300989,2.191473
43.478200,4.990000,0.978000,4.450000,-0.946793,2.300989,2.191473
43.489310,4.990000,0.978000,4.450000,-0.946793,2.300989,2.191473
43.500420,4.990000,0.978000,4.450000,-0.946793,2.300989,2.191473
43.511540,4.990000,0.978000,4.450000,-0.946793,2.300989,2.191473
43.522650,4.990000,0.978000,4.450000,,,
43.533760,4.990000,0.978000,4.450000,,,
43.544870,4.990000,0.978000,4.450000,,,
43.555980,4.990000,0.978000,4.450000,,,
43.567100,4.990000,0.978000,4.450000,-0.946793,2.300989,2.191473
43.578210,4.990000,0.978000,4.450000,-0.946793,2.300989,2.191473
43.589320,4.990000,0.978000,4.450000,-0.946793,2.300989,2.191473
43.600430,4.990000,0.978000,4.450000,-0.946793,2.300989,2.191473
43.611550,4.990000,0.978000,4.450000,-0.946793,2.300989,2.191473
43.622660,4.990000,0.978000,4.450000,-0.946793,2.300989,2.191473
43.633770,4.990000,0.978000,4.450000,,,
43.644880,4.990000,0.978000,4.450000,,,
43.655990,4.990000,0.978000,4.450000,,,
43.667110,4.990000,0.978000,4.450000,-0.940751,2.313619,2.227574
43.678220,4.990000,0.978000,4.450000,-0.940751,2.313619,2.227574
43.689330,4.990000,0.978000,4.450000,-0.940751,2.313619,2.227574
43.700440,4.990000,0.978000,4.450000,-0.892513,2.408937,2.515802
43.711560,4.990000,0.978000,4.450000,-0.892513,2.408937,2.515802
43.722670,4.990000,0.978000,4.450000,-0.892513,2.408937,2.515802
43.733780,4.990000,0.978000,4.450000,,,
43.744890,4.990000,0.978000,4.450000,,,
43.756000,4.990000,0.978000,4.450000,,,
43.767120,4.990000,0.978000,4.450000,-0.843267,2.477725,2.812873
43.778230,4.990000,0.978000,4.450000,-0.843267,2.477725,2.812873
43.789340,4.990000,0.978000,4.450000,-0.843267,2.477725,2.812873
43.800450,4.990000,0.978000,4.450000,-0.791828,2.482053,3.123069
43.811570,4.990000,0.978000,4.450000,-0.791828,2.482053,3.123069
43.822680,4.990000,0.978000,4.450000,-0.791828,2.482053,3.123069
43.833790,4.990000,0.978000,4.450000,,,
43.844900,4.990000,0.978000,4.450000,,,
43.856010,4.990000,0.978000,4.450000,,,
43.867130,4.990000,0.978000,4.450000,-0.742525,2.414687,3.419884
43.878240,4.990000,0.978000,4.450000,-0.742525,2.414687,3.419884
43.889350,4.990000,0.978000,4.450000,-0.742525,2.414687,3.419884
43.900460,4.990000,0.978000,4.450000,-0.742525,2.414687,3.419884
43.911580,4.990000,0.978000,4.450000,-0.699302,2.313243,3.680066
43.922690,4.990000,0.978000,4.450000,-0.699302,2.313243,3.680066
43.933800,4.990000,0.978000,4.450000,-0.699302,2.313243,3.680066
43.944910,4.990000,0.978000,4.450000,,,
43.956020,4.990000,0.978000,4.450000,,,
43.967140,4.990000,0.978000,4.450000,,,
43.978250,4.990000,0.978000,4.450000,-0.699302,2.313243,3.680066
43.989360,4.990000,0.978000,4.450000,-0.699302,2.313243,3.680066
44.000470,4.990000,0.978000,4.450000,-0.699302,2.313243,3.680066
44.011590,4.990000,0.978000,4.450000,-0.699302,2.313243,3.680066
44.022700,4.990000,0.978000,4.450000,-0.699302,2.313243,3.680066
44.033810,4.990000,0.978000,4.450000,-0.699302,2.313243,3.680066
44.044920,4.990000,0.978000,4.450000,,,
44.056030,4.990000,0.978000,4.450000,,,
44.067150,4.990000,0.978000,4.450000,,,
44.078260,4.990000,0.978000,4.450000,-0.699302,2.313243,3.680066
44.089370,4.990000,0.978000,4.450000,-0.699302,2.313243,3.680066
44.100480,4.990000,0.978000,4.450000,-0.699302,2.313243,3.680066
44.111600,4.990000,0.978000,4.450000,-0.738008,2.328625,3.656145
44.122710,4.990000,0.978000,4.450000,-0.738008,2.328625,3.656145
44.133820,4.990000,0.978000,4.450000,-0.738008,2.328625,3.656145
44.144930,4.990000,0.978000,4.450000,,,
44.156040,4.990000,0.978000,4.450000,,,
44.167160,4.990000,0.978000,4.450000,,,
44.178270,4.990000,0.978000,4.450000,-0.969776,2.395666,3.512711
44.189380,4.990000,0.978000,4.450000,-0.969776,2.395666,3.512711
44.200490,4.990000,0.978000,4.450000,-0.969776,2.395666,3.512711
44.211610,4.990000,0.978000,4.450000,-1.191385,2.301152,3.375507
44.222720,4.990000,0.978000,4.450000,-1.191385,2.301152,3.375507
44.233830,4.990000,0.978000,4.450000,-1.191385,2.301152,3.375507
44.244940,4.990000,0.978000,4.450000,-1.191385,2.301152,3.375507
44.256050,4.990000,0.978000,4.450000,,,
44.267170,4.990000,0.978000,4.450000,,,
44.278280,4.990000,0.978000,4.450000,,,
44.289390,4.990000,0.978000,4.450000,-1.342475,2.136781,3.281963
44.300500,4.990000,0.978000,4.450000,-1.342475,2.136781,3.281963
44.311610,4.990000,0.978000,4.450000,-1.342475,2.136781,3.281963
44.322730,4.990000,0.978000,4.450000,-1.361111,2.114007,3.270425
44.333840,4.990000,0.978000,4.450000,-1.361111,2.114007,3.270425
44.344950,4.990000,0.978000,4.450000,-1.361111,2.114007,3.270425
44.356060,4.990000,0.978000,4.450000,,,
44.367180,4.990000,0.978000,4.450000,,,
44.378290,4.990000,0.978000,4.450000,,,
44.389400,4.990000,0.978000,4.450000,-1.361111,2.114007,3.270425
44.400510,4.990000,0.978000,4.450000,-1.361111,2.114007,3.270425
44.411620,4.990000,0.978000,4.450000,-1.361111,2.114007,3.270425
44.422740,4.990000,0.978000,4.450000,-1.361111,2.114007,3.270425
44.433850,4.990000,0.978000,4.450000,-1.361111,2.114007,3.270425
44.444960,4.990000,0.978000,4.450000,-1.361111,2.114007,3.270425
44.456070,4.990000,0.978000,4.450000,-1.361111,2.114007,3.270425
44.467190,4.990000,0.978000,4.450000,-1.361111,2.114007,3.270425
44.478300,4.990000,0.978000,4.450000,-1.361111,2.114007,3.270425
44.489410,4.990000,0.978000,4.450000,-1.361111,2.114007,3.270425
44.500520,4.990000,0.978000,4.450000,-1.361111,2.114007,3.270425
44.511630,4.990000,0.978000,4.450000,-1.361111,2.114007,3.270425
44.522750,4.990000,0.978000,4.450000,-1.289025,2.243284,3.040255
44.533860,4.990000,0.978000,4.450000,-1.289025,2.243284,3.040255
44.544970,4.990000,0.978000,4.450000,-1.289025,2.243284,3.040255
44.556010,4.990000,0.978000,4.450000,,,
44.567200,4.990000,0.978000,4.450000,-1.211555,2.351922,2.759304
44.578310,4.990000,0.978000,4.450000,-1.211555,2.351922,2.759304
44.589390,4.990000,0.978000,4.450000,-1.211555,2.351922,2.759304
44.600530,4.990000,0.978000,4.450000,-1.211555,2.351922,2.759304
44.611640,4.990000,0.978000,4.450000,-1.211555,2.351922,2.759304
44.622760,4.990000,0.978000,4.450000,-1.211555,2.351922,2.759304
44.633870,4.990000,0.978000,4.450000,-1.149858,2.340427,2.469656
44.644980,4.990000,0.978000,4.450000,-1.149858,2.340427,2.469656
44.656090,4.990000,0.978000,4.450000,-1.149858,2.340427,2.469656
44.667210,4.990000,0.978000,4.450000,-1.123285,2.245236,2.247410
44.678320,4.990000,0.978000,4.450000,-1.123285,2.245236,2.247410
44.689430,4.990000,0.978000,4.450000,-1.123285,2.245236,2.247410
44.700540,4.990000,0.978000,4.450000,,,
44.711650,4.990000,0.978000,4.450000,,,
44.722770,4.990000,0.978000,4.450000,,,
44.733880,4.990000,0.978000,4.450000,-1.121783,2.232533,2.224319
44.744990,4.990000,0.978000,4.450000,-1.121783,2.232533,2.224319
44.756100,4.990000,0.978000,4.450000,-1.121783,2.232533,2.224319
44.767220,4.990000,0.978000,4.450000,-1.121783,2.232533,2.224319
44.778330,4.990000,0.978000,4.450000,-1.121783,2.232533,2.224319
44.789440,4.990000,0.978000,4.450000,-1.121783,2.232533,2.224319
44.800550,4.990000,0.978000,4.450000,-1.121783,2.232533,2.224319
44.811660,4.990000,0.978000,4.450000,-1.121783,2.232533,2.224319
44.822780,4.990000,0.978000,4.450000,-1.121783,2.232533,2.224319
44.833890,4.990000,0.978000,4.450000,-1.121783,2.232533,2.224319
44.845000,4.990000,0.978000,4.450000,-1.121783,2.232533,2.224319
44.856110,4.990000,0.978000,4.450000,-1.121783,2.232533,2.224319
44.867230,4.990000,0.978000,4.450000,-1.121783,2.232533,2.224319
44.878340,4.990000,0.978000,4.450000,-1.121783,2.232533,2.224319
44.889450,4.990000,0.978000,4.450000,-1.121783,2.232533,2.224319
44.900560,4.990000,0.978000,4.450000,-1.121783,2.232533,2.224319
44.911670,4.990000,0.978000,4.450000,-1.121783,2.232533,2.224319
44.922790,4.990000,0.978000,4.450000,-1.121783,2.232533,2.224319
44.933900,4.990000,0.978000,4.450000,-1.093862,2.305497,2.514689
44.945010,4.990000,0.978000,4.450000,-1.093862,2.305497,2.514689
44.956120,4.990000,0.978000,4.450000,-1.093862,2.305497,2.514689
44.967240,4.990000,0.978000,4.450000,-1.065997,2.345084,2.813539
44.978350,4.990000,0.978000,4.450000,-1.065997,2.345084,2.813539
44.989460,4.990000,0.978000,4.450000,-1.065997,2.345084,2.813539
45.000570,4.990000,0.978000,4.450000,-1.065997,2.345084,2.813539
45.011680,4.990000,0.978000,4.450000,,,
45.022800,4.990000,0.978000,4.450000,,,
45.033910,4.990000,0.978000,4.450000,,,
45.045020,4.990000,0.978000,4.450000,-1.037496,2.298614,3.117457
45.056130,4.990000,0.978000,4.450000,-1.037496,2.298614,3.117457
45.067250,4.990000,0.978000,4.450000,-1.037496,2.298614,3.117457
45.078360,4.990000,0.978000,4.450000,-1.008845,2.178274,3.403353
45.089470,4.990000,0.978000,4.450000,-1.008845,2.178274,3.403353
45.100580,4.990000,0.978000,4.450000,-1.008845,2.178274,3.403353
45.111690,4.990000,0.978000,4.450000,,,
45.122810,4.990000,0.978000,4.450000,,,
45.133920,4.990000,0.978000,4.450000,,,
45.145030,4.990000,0.978000,4.450000,-0.995989,2.107983,3.537871
45.156140,4.990000,0.978000,4.450000,-0.995989,2.107983,3.537871
45.167260,4.990000,0.978000,4.450000,-0.995989,2.107983,3.537871
45.178370,4.990000,0.978000,4.450000,-0.995989,2.107983,3.537871
45.189480,4.990000,0.978000,4.450000,-0.995989,2.107983,3.537871
45.200590,4.990000,0.978000,4.450000,-0.995989,2.107983,3.537871
45.211700,4.990000,0.978000,4.450000,,,
45.222820,4.990000,0.978000,4.450000,,,
45.233930,4.990000,0.978000,4.450000,,,
45.245040,4.990000,0.978000,4.450000,-0.995989,2.107983,3.537871
45.256150,4.990000,0.978000,4.450000,-0.995989,2.107983,3.537871
45.267270,4.990000,0.978000,4.450000,-0.995989,2.107983,3.537871
45.278380,4.990000,0.978000,4.450000,-0.995989,2.107983,3.537871
45.289490,4.990000,0.978000,4.450000,-0.995989,2.107983,3.537871
45.300600,4.990000,0.978000,4.450000,-0.995989,2.107983,3.537871
45.311710,4.990000,0.978000,4.450000,-0.995989,2.107983,3.537871
45.322830,4.990000,0.978000,4.450000,,,
45.333940,4.990000,0.978000,4.450000,,,
45.345050,4.990000,0.978000,4.450000,,,
45.356160,4.990000,0.978000,4.450000,-1.094197,2.232375,3.480231
45.367280,4.990000,0.978000,4.450000,-1.094197,2.232375,3.480231
45.378390,4.990000,0.978000,4.450000,-1.094197,2.232375,3.480231
45.389500,4.990000,0.978000,4.450000,-1.308035,2.355576,3.405643
45.400610,4.990000,0.978000,4.450000,-1.308035,2.355576,3.405643
45.411720,4.990000,0.978000,4.450000,-1.308035,2.355576,3.405643
45.422840,4.990000,0.978000,4.450000,,,
45.433950,4.990000,0.978000,4.450000,,,
45.445060,4.990000,0.978000,4.450000,,,
45.456170,4.990000,0.978000,4.450000,-1.496376,2.290689,3.399688
45.467290,4.990000,0.978000,4.450000,-1.496376,2.290689,3.399688
45.478400,4.990000,0.978000,4.450000,-1.496376,2.290689,3.399688
45.489510,4.990000,0.978000,4.450000,-1.534331,2.274024,3.405113
45.500620,4.990000,0.978000,4.450000,-1.534331,2.274024,3.405113
45.511730,4.990000,0.978000,4.450000,-1.534331,2.274024,3.405113
45.522850,4.990000,0.978000,4.450000,,,
45.533960,4.990000,0.978000,4.450000,,,
45.545070,4.990000,0.978000,4.450000,,,
45.556180,4.990000,0.978000,4.450000,-1.534331,2.274024,3.405113
45.567300,4.990000,0.978000,4.450000,-1.534331,2.274024,3.405113
45.578410,4.990000,0.978000,4.450000,-1.534331,2.274024,3.405113
45.589520,4.990000,0.978000,4.450000,-1.534331,2.274024,3.405113
45.600630,4.990000,0.978000,4.450000,-1.534331,2.274024,3.405113
45.611740,4.990000,0.978000,4.450000,-1.534331,2.274024,3.405113
45.622860,4.990000,0.978000,4.450000,,,
45.633970,4.990000,0.978000,4.450000,,,
45.645080,4.990000,0.978000,4.450000,,,
45.656190,4.990000,0.978000,4.450000,,,
45.667300,4.990000,0.978000,4.450000,-1.534331,2.274024,3.405113
45.678420,4.990000,0.978000,4.450000,-1.534331,2.274024,3.405113
45.689530,4.990000,0.978000,4.450000,-1.534331,2.274024,3.405113
45.700640,4.990000,0.978000,4.450000,-1.492813,2.330913,3.157987
45.711750,4.990000,0.978000,4.450000,-1.492813,2.330913,3.157987
45.722870,4.990000,0.978000,4.450000,-1.492813,2.330913,3.157987
45.733980,4.990000,0.978000,4.450000,,,
45.745090,4.990000,0.978000,4.450000,,,
45.756200,4.990000,0.978000,4.450000,,,
45.767310,4.990000,0.978000,4.450000,-1.454290,2.373641,2.868963
45.778430,4.990000,0.978000,4.450000,-1.454290,2.373641,2.868963
45.789540,4.990000,0.978000,4.450000,-1.454290,2.373641,2.868963
45.800650,4.990000,0.978000,4.450000,-1.424904,2.351059,2.565766
45.811760,4.990000,0.978000,4.450000,-1.424904,2.351059,2.565766
45.822880,4.990000,0.978000,4.450000,-1.424904,2.351059,2.565766
45.833990,4.990000,0.978000,4.450000,,,
45.845100,4.990000,0.978000,4.450000,,,
45.856210,4.990000,0.978000,4.450000,,,
45.867320,4.990000,0.978000,4.450000,-1.409235,2.256782,2.260040
45.878440,4.990000,0.978000,4.450000,-1.409235,2.256782,2.260040
45.889550,4.990000,0.978000,4.450000,-1.409235,2.256782,2.260040
45.900660,4.990000,0.978000,4.450000,-1.409461,2.157177,2.019675
45.911770,4.990000,0.978000,4.450000,-1.409461,2.157177,2.019675
45.922890,4.990000,0.978000,4.450000,-1.409461,2.157177,2.019675
45.934000,4.990000,0.978000,4.450000,,,
45.945110,4.990000,0.978000,4.450000,,,
45.956220,4.990000,0.978000,4.450000,,,
45.967330,4.990000,0.978000,4.450000,-1.409461,2.157177,2.019675
45.978450,4.990000,0.978000,4.450000,-1.409461,2.157177,2.019675
45.989560,4.990000,0.978000,4.450000,-1.409461,2.157177,2.019675
46.000670,4.990000,0.978000,4.450000,-1.409461,2.157177,2.019675
46.011780,4.990000,0.978000,4.450000,-1.409461,2.157177,2.019675
46.022900,4.990000,0.978000,4.450000,-1.409461,2.157177,2.019675
46.034010,4.990000,0.978000,4.450000,-1.409461,2.157177,2.019675
46.045120,4.990000,0.978000,4.450000,,,
46.056230,4.990000,0.978000,4.450000,,,
46.067340,4.990000,0.978000,4.450000,,,
46.078450,,,,-1.409461,2.157177,2.019675
46.089570,4.990000,0.978000,4.450000,-1.409461,2.157177,2.019675
46.100680,4.990000,0.978000,4.450000,-1.409461,2.157177,2.019675
46.111790,4.990000,0.978000,4.450000,-1.389686,2.179050,2.076160
46.122910,4.990000,0.978000,4.450000,-1.389686,2.179050,2.076160
46.134020,4.990000,0.978000,4.450000,-1.389686,2.179050,2.076160
46.145130,4.990000,0.978000,4.450000,,,
46.156240,4.990000,0.978000,4.450000,,,
46.167350,4.990000,0.978000,4.450000,,,
46.178470,4.990000,0.978000,4.450000,-1.293981,2.281978,2.349541
46.189580,4.990000,0.978000,4.450000,-1.293981,2.281978,2.349541
46.200690,4.990000,0.978000,4.450000,-1.293981,2.281978,2.349541
46.211800,4.990000,0.978000,4.450000,-1.197239,2.370952,2.624543
46.222920,4.990000,0.978000,4.450000,-1.197239,2.370952,2.624543
46.234030,4.990000,0.978000,4.450000,-1.197239,2.370952,2.624543
46.245140,4.990000,0.978000,4.450000,,,
46.256250,4.990000,0.978000,4.450000,,,
46.267360,4.990000,0.978000,4.450000,,,
46.278480,4.990000,0.978000,4.450000,,,
46.289590,4.990000,0.978000,4.450000,-1.095066,2.425458,2.903366
46.300700,4.990000,0.978000,4.450000,-1.095066,2.425458,2.903366
46.311810,4.990000,0.978000,4.450000,-1.095066,2.425458,2.903366
46.322930,4.990000,0.978000,4.450000,-0.981573,2.434260,3.196268
46.334040,4.990000,0.978000,4.450000,-0.981573,2.434260,3.196268
46.345150,4.990000,0.978000,4.450000,-0.981573,2.434260,3.196268
46.356260,4.990000,0.978000,4.450000,,,
46.367370,4.990000,0.978000,4.450000,,,
46.378490,4.990000,0.978000,4.450000,,,
46.389600,4.990000,0.978000,4.450000,-0.864256,2.403142,3.477522
46.400710,4.990000,0.978000,4.450000,-0.864256,2.403142,3.477522
46.411820,4.990000,0.978000,4.450000,-0.864256,2.403142,3.477522
46.422940,4.990000,0.978000,4.450000,-0.780868,2.368412,3.666322
46.434050,4.990000,0.978000,4.450000,-0.780868,2.368412,3.666322
46.445160,4.990000,0.978000,4.450000,-0.780868,2.368412,3.666322
46.456270,4.990000,0.978000,4.450000,,,
46.467380,4.990000,0.978000,4.450000,,,
46.478500,4.990000,0.978000,4.450000,,,
46.489610,4.990000,0.978000,4.450000,-0.780868,2.368412,3.666322
46.500720,4.990000,0.978000,4.450000,-0.780868,2.368412,3.666322
46.511830,4.990000,0.978000,4.450000,-0.780868,2.368412,3.666322
46.522950,4.990000,0.978000,4.450000,-0.780868,2.368412,3.666322
46.534060,4.990000,0.978000,4.450000,-0.780868,2.368412,3.666322
46.545170,4.990000,0.978000,4.450000,-0.780868,2.368412,3.666322
46.556280,4.990000,0.978000,4.450000,-0.780868,2.368412,3.666322
46.567390,4.990000,0.978000,4.450000,-0.780868,2.368412,3.666322
46.578510,4.990000,0.978000,4.450000,-0.780868,2.368412,3.666322
46.589620,4.990000,0.978000,4.450000,-0.780868,2.368412,3.666322
46.600730,4.990000,0.978000,4.450000,,,
46.611840,4.990000,0.978000,4.450000,,,
46.622960,4.990000,0.978000,4.450000,,,
46.634070,4.990000,0.978000,4.450000,-0.893030,2.409224,3.680857
46.645180,4.990000,0.978000,4.450000,-0.893030,2.409224,3.680857
46.656290,4.990000,0.978000,4.450000,-0.893030,2.409224,3.680857
46.667400,4.990000,0.978000,4.450000,-1.190933,2.488409,3.719460
46.678520,4.990000,0.978000,4.450000,-1.190933,2.488409,3.719460
46.689630,4.990000,0.978000,4.450000,-1.190933,2.488409,3.719460
46.700740,4.990000,0.978000,4.450000,-1.190933,2.488409,3.719460
46.711850,4.990000,0.978000,4.450000,,,
46.722970,4.990000,0.978000,4.450000,,,
46.734080,4.990000,0.978000,4.450000,,,
46.745190,4.990000,0.978000,4.450000,-1.482497,2.437663,3.757242
46.756300,4.990000,0.978000,4.450000,-1.482497,2.437663,3.757242
46.767410,4.990000,0.978000,4.450000,-1.482497,2.437663,3.757242
46.778530,4.990000,0.978000,4.450000,-1.714391,2.293351,3.787292
46.789640,4.990000,0.978000,4.450000,-1.714391,2.293351,3.787292
46.800750,4.990000,0.978000,4.450000,-1.714391,2.293351,3.787292
46.811860,4.990000,0.978000,4.450000,,,
46.822980,4.990000,0.978000,4.450000,,,
46.834090,4.990000,0.978000,4.450000,,,
46.845200,4.990000,0.978000,4.450000,-1.785177,2.238595,3.796464
46.856310,4.990000,0.978000,4.450000,-1.785177,2.238595,3.796464
46.867420,4.990000,0.978000,4.450000,-1.785177,2.238595,3.796464
46.878540,4.990000,0.978000,4.450000,-1.785177,2.238595,3.796464
46.889650,4.990000,0.978000,4.450000,-1.785177,2.238595,3.796464
46.900760,,,,-1.785177,2.238595,3.796464
46.911870,4.990000,0.978000,4.450000,,,
46.922990,4.990000,0.978000,4.450000,,,
46.934100,4.990000,0.978000,4.450000,,,
46.945210,4.990000,0.978000,4.450000,-1.785177,2.238595,3.796464
46.956320,4.990000,0.978000,4.450000,-1.785177,2.238595,3.796464
46.967430,4.990000,0.978000,4.450000,-1.785177,2.238595,3.796464
46.978550,4.990000,0.978000,4.450000,-1.785177,2.238595,3.796464
46.989660,4.990000,0.978000,4.450000,-1.785177,2.238595,3.796464
47.000770,4.990000,0.978000,4.450000,-1.785177,2.238595,3.796464
47.011880,4.990000,0.978000,4.450000,-1.785177,2.238595,3.796464
47.022990,4.990000,0.978000,4.450000,,,
47.034110,4.990000,0.978000,4.450000,,,
47.045220,4.990000,0.978000,4.450000,,,
47.056330,4.990000,0.978000,4.450000,-1.729768,2.315347,3.592615
47.067440,4.990000,0.978000,4.450000,-1.729768,2.315347,3.592615
47.078560,4.990000,0.978000,4.450000,-1.729768,2.315347,3.592615
47.089670,4.990000,0.978000,4.450000,-1.651736,2.411902,3.307971
47.100780,4.990000,0.978000,4.450000,-1.651736,2.411902,3.307971
47.111890,4.990000,0.978000,4.450000,-1.651736,2.411902,3.307971
47.123000,4.990000,0.978000,4.450000,,,
47.134120,4.990000,0.978000,4.450000,,,
47.145230,4.990000,0.978000,4.450000,,,
47.156340,4.990000,0.978000,4.450000,-1.574998,2.471083,3.020260
47.167450,4.990000,0.978000,4.450000,-1.574998,2.471083,3.020260
47.178570,4.990000,0.978000,4.450000,-1.574998,2.471083,3.020260
47.189680,4.990000,0.978000,4.450000,-1.491435,2.464118,2.719643
47.200790,4.990000,0.978000,4.450000,-1.491435,2.464118,2.719643
47.211900,4.990000,0.978000,4.450000,-1.491435,2.464118,2.719643
47.223010,4.990000,0.978000,4.450000,,,
47.234130,4.990000,0.978000,4.450000,,,
47.245240,4.990000,0.978000,4.450000,,,
47.256350,4.990000,0.978000,4.450000,-1.407588,2.389750,2.436523
47.267460,4.990000,0.978000,4.450000,-1.407588,2.389750,2.436523
47.278580,4.990000,0.978000,4.450000,-1.407588,2.389750,2.436523
47.289690,4.990000,0.978000,4.450000,-1.367787,2.341670,2.314774
47.300800,4.990000,0.978000,4.450000,-1.367787,2.341670,2.314774
47.311910,4.990000,0.978000,4.450000,-1.367787,2.341670,2.314774
47.323020,4.990000,0.978000,4.450000,,,
47.334140,4.990000,0.978000,4.450000,,,
47.345250,4.990000,0.978000,4.450000,,,
47.356360,4.990000,0.978000,4.450000,,,
47.367470,4.990000,0.978000,4.450000,-1.367787,2.341670,2.314774
47.378590,4.990000,0.978000,4.450000,-1.367787,2.341670,2.314774
47.389700,4.990000,0.978000,4.450000,-1.367787,2.341670,2.314774
47.400810,4.990000,0.978000,4.450000,-1.367787,2.341670,2.314774
47.411920,4.990000,0.978000,4.450000,-1.367787,2.341670,2.314774
47.423030,4.990000,0.978000,4.450000,-1.367787,2.341670,2.314774
47.434150,4.990000,0.978000,4.450000,,,
47.445260,4.990000,0.978000,4.450000,,,
47.456370,4.990000,0.978000,4.450000,,,
47.467480,4.990000,0.978000,4.450000,-1.367787,2.341670,2.314774
47.478600,4.990000,0.978000,4.450000,-1.367787,2.341670,2.314774
47.489710,4.990000,0.978000,4.450000,-1.367787,2.341670,2.314774
47.500820,4.990000,0.978000,4.450000,-1.253942,2.373116,2.445076
47.511930,4.990000,0.978000,4.450000,-1.253942,2.373116,2.445076
47.523040,4.990000,0.978000,4.450000,-1.253942,2.373116,2.445076
47.534160,4.990000,0.978000,4.450000,,,
47.545270,4.990000,0.978000,4.450000,,,
47.556380,4.990000,0.978000,4.450000,,,
47.567490,4.990000,0.978000,4.450000,-1.053722,2.419865,2.668763
47.578610,4.990000,0.978000,4.450000,-1.053722,2.419865,2.668763
47.589720,4.990000,0.978000,4.450000,-1.053722,2.419865,2.668763
47.600830,4.990000,0.978000,4.450000,-0.845506,2.447330,2.894145
47.611940,4.990000,0.978000,4.450000,-0.845506,2.447330,2.894145
47.623050,4.990000,0.978000,4.450000,-0.845506,2.447330,2.894145
47.634170,4.990000,0.978000,4.450000,,,
47.645280,4.990000,0.978000,4.450000,,,
47.656390,4.990000,0.978000,4.450000,,,
47.667500,4.990000,0.978000,4.450000,-0.632722,2.442545,3.121059
47.678620,4.990000,0.978000,4.450000,-0.632722,2.442545,3.121059
47.689730,4.990000,0.978000,4.450000,-0.632722,2.442545,3.121059
47.700840,4.990000,0.978000,4.450000,-0.632722,2.442545,3.121059
47.711950,4.990000,0.978000,4.450000,-0.426301,2.402984,3.338345
47.723060,4.990000,0.978000,4.450000,-0.426301,2.402984,3.338345
47.734180,4.990000,0.978000,4.450000,-0.426301,2.402984,3.338345
47.745290,4.990000,0.978000,4.450000,-0.245151,2.341198,3.531137
47.756400,4.990000,0.978000,4.450000,-0.245151,2.341198,3.531137
47.767510,4.990000,0.978000,4.450000,-0.245151,2.341198,3.531137
47.778630,4.990000,0.978000,4.450000,-0.245151,2.341198,3.531137
47.789740,4.990000,0.978000,4.450000,-0.245151,2.341198,3.531137
47.800850,4.990000,0.978000,4.450000,-0.245151,2.341198,3.531137
47.811960,4.990000,0.978000,4.450000,-0.013740,2.230952,3.776337
47.823070,4.990000,0.978000,4.450000,-0.013740,2.230952,3.776337
47.834190,4.990000,0.978000,4.450000,-0.013740,2.230952,3.776337
47.845300,4.990000,0.978000,4.450000,0.051045,2.195443,3.845460
47.856410,4.990000,0.978000,4.450000,0.051045,2.195443,3.845460
47.867520,4.990000,0.978000,4.450000,0.051045,2.195443,3.845460
47.878640,4.990000,0.978000,4.450000,0.051045,2.195443,3.845460
47.889750,4.990000,0.978000,4.450000,0.051045,2.195443,3.845460
47.900860,4.990000,0.978000,4.450000,0.051045,2.195443,3.845460
47.911970,4.990000,0.978000,4.450000,0.051045,2.195443,3.845460
47.923080,4.990000,0.978000,4.450000,0.051045,2.195443,3.845460
47.934200,4.990000,0.978000,4.450000,0.051045,2.195443,3.845460
47.945310,4.990000,0.978000,4.450000,0.051045,2.195443,3.845460
47.956420,4.990000,0.978000,4.450000,0.051045,2.195443,3.845460
47.967530,4.990000,0.978000,4.450000,0.051045,2.195443,3.845460
47.978650,4.990000,0.978000,4.450000,0.051045,2.195443,3.845460
47.989760,4.990000,0.978000,4.450000,,,
48.000870,4.990000,0.978000,4.450000,,,
48.011980,4.990000,0.978000,4.450000,,,
48.023090,4.990000,0.978000,4.450000,0.051045,2.195443,3.845460
48.034210,4.990000,0.978000,4.450000,0.051045,2.195443,3.845460
48.045320,4.990000,0.978000,4.450000,0.051045,2.195443,3.845460
48.056430,4.990000,0.978000,4.450000,-0.165835,2.251258,3.828248
48.067540,4.990000,0.978000,4.450000,-0.165835,2.251258,3.828248
48.078660,4.990000,0.978000,4.450000,-0.165835,2.251258,3.828248
48.089770,4.990000,0.978000,4.450000,,,
48.100880,4.990000,0.978000,4.450000,,,
48.111990,4.990000,0.978000,4.450000,,,
48.123100,4.990000,0.978000,4.450000,-0.460508,2.319034,3.804223
48.134220,4.990000,0.978000,4.450000,-0.460508,2.319034,3.804223
48.145330,4.990000,0.978000,4.450000,-0.460508,2.319034,3.804223
48.156440,4.990000,0.978000,4.450000,-0.766408,2.358357,3.779077
48.167550,4.990000,0.978000,4.450000,-0.766408,2.358357,3.779077
48.178670,4.990000,0.978000,4.450000,-0.766408,2.358357,3.779077
48.189780,4.990000,0.978000,4.450000,,,
48.200890,4.990000,0.978000,4.450000,,,
48.212000,4.990000,0.978000,4.450000,,,
48.223110,4.990000,0.978000,4.450000,-1.072125,2.347625,3.753074
48.234230,4.990000,0.978000,4.450000,-1.072125,2.347625,3.753074
48.245340,4.990000,0.978000,4.450000,-1.072125,2.347625,3.753074
48.256450,4.990000,0.978000,4.450000,-1.374871,2.291483,3.716471
48.267560,4.990000,0.978000,4.450000,-1.374871,2.291483,3.716471
48.278680,4.990000,0.978000,4.450000,-1.374871,2.291483,3.716471
48.289790,4.990000,0.978000,4.450000,,,
48.300900,4.990000,0.978000,4.450000,,,
48.312010,4.990000,0.978000,4.450000,,,
48.323120,4.990000,0.978000,4.450000,-1.635026,2.220553,3.689684
48.334240,4.990000,0.978000,4.450000,-1.635026,2.220553,3.689684
48.345350,4.990000,0.978000,4.450000,-1.635026,2.220553,3.689684
48.356460,4.990000,0.978000,4.450000,-1.635026,2.220553,3.689684
48.367570,4.990000,0.978000,4.450000,-1.635026,2.220553,3.689684
48.378680,4.990000,0.978000,4.450000,-1.635026,2.220553,3.689684
48.389800,4.990000,0.978000,4.450000,-1.635026,2.220553,3.689684
48.400910,4.990000,0.978000,4.450000,,,
48.412020,4.990000,0.978000,4.450000,,,
48.423130,4.990000,0.978000,4.450000,,,
48.434250,4.990000,0.978000,4.450000,-1.635026,2.220553,3.689684
48.445360,4.990000,0.978000,4.450000,-1.635026,2.220553,3.689684
48.456470,4.990000,0.978000,4.450000,-1.635026,2.220553,3.689684
48.467580,4.990000,0.978000,4.450000,-1.635026,2.220553,3.689684
48.478690,4.990000,0.978000,4.450000,-1.635026,2.220553,3.689684
48.489810,4.990000,0.978000,4.450000,-1.635026,2.220553,3.689684
48.500920,4.990000,0.978000,4.450000,,,
48.512030,4.990000,0.978000,4.450000,,,
48.523140,4.990000,0.978000,4.450000,,,
48.534260,4.990000,0.978000,4.450000,-1.627075,2.238372,3.643386
48.545370,4.990000,0.978000,4.450000,-1.627075,2.238372,3.643386
48.556480,4.990000,0.978000,4.450000,-1.627075,2.238372,3.643386
48.567590,4.990000,0.978000,4.450000,-1.573809,2.327904,3.357866
48.578700,4.990000,0.978000,4.450000,-1.573809,2.327904,3.357866
48.589820,4.990000,0.978000,4.450000,-1.573809,2.327904,3.357866
48.600930,4.990000,0.978000,4.450000,,,
48.612040,4.990000,0.978000,4.450000,,,
48.623150,4.990000,0.978000,4.450000,,,
48.634270,4.990000,0.978000,4.450000,,,
48.645380,4.990000,0.978000,4.450000,-1.518821,2.279753,3.092758
48.656490,4.990000,0.978000,4.450000,-1.518821,2.279753,3.092758
48.667600,4.990000,0.978000,4.450000,-1.518821,2.279753,3.092758
48.678710,4.990000,0.978000,4.450000,-1.476703,2.142766,2.892896
48.689830,4.990000,0.978000,4.450000,-1.476703,2.142766,2.892896
48.700940,4.990000,0.978000,4.450000,-1.476703,2.142766,2.892896
48.712050,4.990000,0.978000,4.450000,,,
48.723160,4.990000,0.978000,4.450000,,,
48.734280,4.990000,0.978000,4.450000,,,
48.745390,4.990000,0.978000,4.450000,-1.461722,2.104160,2.849508
48.756500,4.990000,0.978000,4.450000,-1.461722,2.104160,2.849508
48.767610,4.990000,0.978000,4.450000,-1.461722,2.104160,2.849508
48.778720,4.990000,0.978000,4.450000,-1.461722,2.104160,2.849508
48.789840,4.990000,0.978000,4.450000,-1.461722,2.104160,2.849508
48.800950,4.990000,0.978000,4.450000,-1.461722,2.104160,2.849508
48.812060,4.990000,0.978000,4.450000,,,
48.823170,4.990000,0.978000,4.450000,,,
48.834290,4.990000,0.978000,4.450000,,,
48.845400,4.990000,0.978000,4.450000,-1.461722,2.104160,2.849508
48.856510,4.990000,0.978000,4.450000,-1.461722,2.104160,2.849508
48.867620,4.990000,0.978000,4.450000,-1.461722,2.104160,2.849508
48.878730,4.990000,0.978000,4.450000,-1.461722,2.104160,2.849508
48.889850,4.990000,0.978000,4.450000,-1.461722,2.104160,2.849508
48.900960,4.990000,0.978000,4.450000,-1.461722,2.104160,2.849508
48.912070,4.990000,0.978000,4.450000,,,
48.923180,4.990000,0.978000,4.450000,,,
48.934300,4.990000,0.978000,4.450000,,,
48.945410,4.990000,0.978000,4.450000,-1.274953,2.175014,2.967678
48.956520,4.990000,0.978000,4.450000,-1.274953,2.175014,2.967678
48.967630,4.990000,0.978000,4.450000,-1.274953,2.175014,2.967678
48.978740,4.990000,0.978000,4.450000,-1.048083,2.259041,3.117230
48.989860,4.990000,0.978000,4.450000,-1.048083,2.259041,3.117230
49.000970,4.990000,0.978000,4.450000,-1.048083,2.259041,3.117230
49.012080,4.990000,0.978000,4.450000,-1.048083,2.259041,3.117230
49.023190,4.990000,0.978000,4.450000,,,
49.034310,4.990000,0.978000,4.450000,,,
49.045420,4.990000,0.978000,4.450000,,,
49.056530,4.990000,0.978000,4.450000,-0.786226,2.339122,3.303915
49.067640,4.990000,0.978000,4.450000,-0.786226,2.339122,3.303915
49.078750,4.990000,0.978000,4.450000,-0.786226,2.339122,3.303915
49.089870,4.990000,0.978000,4.450000,-0.551741,2.375878,3.492056
49.100980,4.990000,0.978000,4.450000,-0.551741,2.375878,3.492056
49.112090,4.990000,0.978000,4.450000,-0.551741,2.375878,3.492056
49.123200,4.990000,0.978000,4.450000,,,
49.134320,4.990000,0.978000,4.450000,,,
49.145430,4.990000,0.978000,4.450000,,,
49.156540,4.990000,0.978000,4.450000,-0.326157,2.369618,3.695002
49.167650,4.990000,0.978000,4.450000,-0.326157,2.369618,3.695002
49.178760,4.990000,0.978000,4.450000,-0.326157,2.369618,3.695002
49.189880,4.990000,0.978000,4.450000,-0.103520,2.327559,3.911279
49.200990,4.990000,0.978000,4.450000,-0.103520,2.327559,3.911279
49.212100,4.990000,0.978000,4.450000,-0.103520,2.327559,3.911279
49.223210,4.990000,0.978000,4.450000,,,
49.234330,4.990000,0.978000,4.450000,,,
49.245440,4.990000,0.978000,4.450000,,,
49.256550,4.990000,0.978000,4.450000,-0.019529,2.306135,3.995764
49.267660,4.990000,0.978000,4.450000,-0.019529,2.306135,3.995764
49.278770,4.990000,0.978000,4.450000,-0.019529,2.306135,3.995764
49.289890,4.990000,0.978000,4.450000,-0.019529,2.306135,3.995764
49.301000,4.990000,0.978000,4.450000,-0.019529,2.306135,3.995764
49.312110,4.990000,0.978000,4.450000,-0.019529,2.306135,3.995764
49.323220,4.990000,0.978000,4.450000,,,
49.334340,4.990000,0.978000,4.450000,,,
49.345450,4.990000,0.978000,4.450000,,,
49.356560,4.990000,0.978000,4.450000,-0.019529,2.306135,3.995764
49.367670,4.990000,0.978000,4.450000,-0.019529,2.306135,3.995764
49.378780,4.990000,0.978000,4.450000,-0.019529,2.306135,3.995764
49.389900,4.990000,0.978000,4.450000,-0.019529,2.306135,3.995764
49.401010,4.990000,0.978000,4.450000,-0.019529,2.306135,3.995764
49.412120,4.990000,0.978000,4.450000,-0.019529,2.306135,3.995764
49.423230,4.990000,0.978000,4.450000,,,
49.434350,4.990000,0.978000,4.450000,,,
49.445460,4.990000,0.978000,4.450000,,,
49.456570,4.990000,0.978000,4.450000,-0.216185,2.368467,3.956930
49.467680,4.990000,0.978000,4.450000,-0.216185,2.368467,3.956930
49.478790,4.990000,0.978000,4.450000,-0.216185,2.368467,3.956930
49.489910,4.990000,0.978000,4.450000,-0.216185,2.368467,3.956930
49.501020,4.990000,0.978000,4.450000,-0.510509,2.449656,3.901061
49.512130,4.990000,0.978000,4.450000,-0.510509,2.449656,3.901061
49.523240,4.990000,0.978000,4.450000,-0.510509,2.449656,3.901061
49.534360,4.990000,0.978000,4.450000,,,
49.545470,4.990000,0.978000,4.450000,,,
49.556580,4.990000,0.978000,4.450000,,,
49.567690,4.990000,0.978000,4.450000,-0.811216,2.493320,3.844404
49.578800,4.990000,0.978000,4.450000,-0.811216,2.493320,3.844404
49.589920,4.990000,0.978000,4.450000,-0.811216,2.493320,3.844404
49.601030,4.990000,0.978000,4.450000,-1.111311,2.477133,3.788079
49.612140,4.990000,0.978000,4.450000,-1.111311,2.477133,3.788079
49.623250,4.990000,0.978000,4.450000,-1.111311,2.477133,3.788079
49.634370,4.990000,0.978000,4.450000,,,
49.645480,4.990000,0.978000,4.450000,,,
49.656590,4.990000,0.978000,4.450000,,,
49.667700,4.990000,0.978000,4.450000,-1.407038,2.404090,3.732265
49.678810,4.990000,0.978000,4.450000,-1.407038,2.404090,3.732265
49.689930,4.990000,0.978000,4.450000,-1.407038,2.404090,3.732265
49.701040,4.990000,0.978000,4.450000,-1.636886,2.319129,3.688863
49.712150,4.990000,0.978000,4.450000,-1.636886,2.319129,3.688863
49.723260,4.990000,0.978000,4.450000,-1.636886,2.319129,3.688863
49.734380,4.990000,0.978000,4.450000,-1.636886,2.319129,3.688863
49.745490,4.990000,0.978000,4.450000,,,
49.756600,4.990000,0.978000,4.450000,,,
49.767710,4.990000,0.978000,4.450000,,,
49.778820,4.990000,0.978000,4.450000,-1.636886,2.319129,3.688863
49.789940,4.990000,0.978000,4.450000,-1.636886,2.319129,3.688863
49.801050,4.990000,0.978000,4.450000,-1.636886,2.319129,3.688863
49.812160,4.990000,0.978000,4.450000,-1.636886,2.319129,3.688863
49.823270,4.990000,0.978000,4.450000,-1.636886,2.319129,3.688863
49.834380,4.990000,0.978000,4.450000,-1.636886,2.319129,3.688863
49.845500,4.990000,0.978000,4.450000,,,
49.856610,4.990000,0.978000,4.450000,,,
49.867720,4.990000,0.978000,4.450000,,,
49.878830,4.990000,0.978000,4.450000,-1.636886,2.319129,3.688863
49.889950,4.990000,0.978000,4.450000,-1.636886,2.319129,3.688863
49.901060,4.990000,0.978000,4.450000,-1.636886,2.319129,3.688863
49.912170,4.990000,0.978000,4.450000,-1.601176,2.354154,3.629900
49.923280,4.990000,0.978000,4.450000,-1.601176,2.354154,3.629900
49.934390,4.990000,0.978000,4.450000,-1.601176,2.354154,3.629900
49.945510,4.990000,0.978000,4.450000,-1.455938,2.478244,3.390081
49.956620,4.990000,0.978000,4.450000,-1.455938,2.478244,3.390081
49.967730,4.990000,0.978000,4.450000,-1.455938,2.478244,3.390081
49.978840,4.990000,0.978000,4.450000,-1.455938,2.478244,3.390081
49.989960,4.990000,0.978000,4.450000,-1.455938,2.478244,3.390081
50.001070,4.990000,0.978000,4.450000,-1.455938,2.478244,3.390081
50.012180,4.990000,0.978000,4.450000,-1.455938,2.478244,3.390081
50.023290,4.990000,0.978000,4.450000,-1.297955,2.473556,3.132971
50.034400,4.990000,0.978000,4.450000,-1.297955,2.473556,3.132971
50.045520,4.990000,0.978000,4.450000,-1.297955,2.473556,3.132971
50.056630,4.990000,0.978000,4.450000,-1.186334,2.374820,2.966939
50.067740,4.990000,0.978000,4.450000,-1.186334,2.374820,2.966939
50.078760,,,,-1.186334,2.374820,2.966939
50.089970,4.990000,0.978000,4.450000,,,
50.101080,4.990000,0.978000,4.450000,,,
50.112190,4.990000,0.978000,4.450000,,,
50.123300,4.990000,0.978000,4.450000,-1.163062,2.349305,2.929825
50.134410,4.990000,0.978000,4.450000,-1.163062,2.349305,2.929825
50.145530,4.990000,0.978000,4.450000,-1.163062,2.349305,2.929825
50.156640,4.990000,0.978000,4.450000,-1.163062,2.349305,2.929825
50.167750,4.990000,0.978000,4.450000,-1.163062,2.349305,2.929825
50.178860,4.990000,0.978000,4.450000,-1.163062,2.349305,2.929825
50.189980,4.990000,0.978000,4.450000,,,
50.201090,4.990000,0.978000,4.450000,,,
50.212200,4.990000,0.978000,4.450000,,,
50.223310,4.990000,0.978000,4.450000,-1.163062,2.349305,2.929825
50.234420,4.990000,0.978000,4.450000,-1.163062,2.349305,2.929825
50.245540,4.990000,0.978000,4.450000,-1.163062,2.349305,2.929825
50.256650,4.990000,0.978000,4.450000,-1.163062,2.349305,2.929825
50.267760,4.990000,0.978000,4.450000,-1.163062,2.349305,2.929825
50.278870,4.990000,0.978000,4.450000,-1.163062,2.349305,2.929825
50.289990,4.990000,0.978000,4.450000,,,
50.301100,4.990000,0.978000,4.450000,,,
50.312210,4.990000,0.978000,4.450000,,,
50.323320,4.990000,0.978000,4.450000,,,
50.334430,4.990000,0.978000,4.450000,-0.998181,2.411833,3.100991
50.345550,4.990000,0.978000,4.450000,-0.998181,2.411833,3.100991
50.356660,4.990000,0.978000,4.450000,-0.998181,2.411833,3.100991
50.367770,4.990000,0.978000,4.450000,-0.787649,2.471237,3.319690
50.378880,4.990000,0.978000,4.450000,-0.787649,2.471237,3.319690
50.390000,4.990000,0.978000,4.450000,-0.787649,2.471237,3.319690
50.401110,4.990000,0.978000,4.450000,,,
50.412220,4.990000,0.978000,4.450000,,,
50.423330,4.990000,0.978000,4.450000,,,
50.434440,4.990000,0.978000,4.450000,-0.573484,2.471484,3.536518
50.445560,4.990000,0.978000,4.450000,-0.573484,2.471484,3.536518
50.456670,4.990000,0.978000,4.450000,-0.573484,2.471484,3.536518
50.467780,4.990000,0.978000,4.450000,-0.361812,2.389397,3.738767
50.478890,4.990000,0.978000,4.450000,-0.361812,2.389397,3.738767
50.490010,4.990000,0.978000,4.450000,-0.361812,2.389397,3.738767
50.501120,4.990000,0.978000,4.450000,,,
50.512230,4.990000,0.978000,4.450000,,,
50.523340,4.990000,0.978000,4.450000,,,
50.534450,4.990000,0.978000,4.450000,-0.172029,2.242719,3.918617
50.545570,4.990000,0.978000,4.450000,-0.172029,2.242719,3.918617
50.556680,4.990000,0.978000,4.450000,-0.172029,2.242719,3.918617
50.567790,4.990000,0.978000,4.450000,-0.145562,2.216277,3.943582
50.578900,4.990000,0.978000,4.450000,-0.145562,2.216277,3.943582
50.590020,4.990000,0.978000,4.450000,-0.145562,2.216277,3.943582
50.601130,4.990000,0.978000,4.450000,,,
50.612240,4.990000,0.978000,4.450000,,,
50.623350,4.990000,0.978000,4.450000,,,
50.634460,4.990000,0.978000,4.450000,,,
50.645580,4.990000,0.978000,4.450000,-0.145562,2.216277,3.943582
50.656690,4.990000,0.978000,4.450000,-0.145562,2.216277,3.943582
50.667800,4.990000,0.978000,4.450000,-0.145562,2.216277,3.943582
50.678910,4.990000,0.978000,4.450000,-0.145562,2.216277,3.943582
50.690030,4.990000,0.978000,4.450000,-0.145562,2.216277,3.943582
50.701140,4.990000,0.978000,4.450000,-0.145562,2.216277,3.943582
50.712250,4.990000,0.978000,4.450000,,,
50.723360,4.990000,0.978000,4.450000,,,
50.734470,4.990000,0.978000,4.450000,,,
50.745590,4.990000,0.978000,4.450000,-0.145562,2.216277,3.943582
50.756700,4.990000,0.978000,4.450000,-0.145562,2.216277,3.943582
50.767810,4.990000,0.978000,4.450000,-0.145562,2.216277,3.943582
50.778920,4.990000,0.978000,4.450000,-0.378444,2.277101,3.899405
50.790040,4.990000,0.978000,4.450000,-0.378444,2.277101,3.899405
50.801150,4.990000,0.978000,4.450000,-0.378444,2.277101,3.899405
50.812260,4.990000,0.978000,4.450000,,,
50.823370,4.990000,0.978000,4.450000,,,
50.834480,4.990000,0.978000,4.450000,,,
50.845600,4.990000,0.978000,4.450000,-0.675975,2.332200,3.842963
50.856710,4.990000,0.978000,4.450000,-0.675975,2.332200,3.842963
50.867820,4.990000,0.978000,4.450000,-0.675975,2.332200,3.842963
50.878930,4.990000,0.978000,4.450000,-0.960239,2.321401,3.789039
50.890050,4.990000,0.978000,4.450000,-0.960239,2.321401,3.789039
50.901160,4.990000,0.978000,4.450000,-0.960239,2.321401,3.789039
50.912270,4.990000,0.978000,4.450000,-1.261951,2.229638,3.731805
50.923380,4.990000,0.978000,4.450000,-1.261951,2.229638,3.731805
50.934490,4.990000,0.978000,4.450000,-1.261951,2.229638,3.731805
50.945610,4.990000,0.978000,4.450000,-1.261951,2.229638,3.731805
50.956720,4.990000,0.978000,4.450000,-1.261951,2.229638,3.731805
50.967830,4.990000,0.978000,4.450000,-1.261951,2.229638,3.731805
50.978940,4.990000,0.978000,4.450000,-1.261951,2.229638,3.731805
50.990060,4.990000,0.978000,4.450000,-1.512557,2.113744,3.684265
51.001170,4.990000,0.978000,4.450000,-1.512557,2.113744,3.684265
51.012280,4.990000,0.978000,4.450000,-1.512557,2.113744,3.684265
51.023390,4.990000,0.978000,4.450000,-1.512557,2.113744,3.684265
51.034500,4.990000,0.978000,4.450000,-1.512557,2.113744,3.684265
51.045620,4.990000,0.978000,4.450000,-1.512557,2.113744,3.684265
51.056730,4.990000,0.978000,4.450000,-1.512557,2.113744,3.684265
51.067840,4.990000,0.978000,4.450000,-1.512557,2.113744,3.684265
51.078950,4.990000,0.978000,4.450000,-1.512557,2.113744,3.684265
51.090070,4.990000,0.978000,4.450000,-1.512557,2.113744,3.684265
51.101180,4.990000,0.978000,4.450000,-1.512557,2.113744,3.684265
51.112290,4.990000,0.978000,4.450000,-1.512557,2.113744,3.684265
51.123400,4.990000,0.978000,4.450000,-1.512557,2.113744,3.684265
51.134510,4.990000,0.978000,4.450000,-1.512557,2.113744,3.684265
51.145630,4.990000,0.978000,4.450000,-1.512557,2.113744,3.684265
51.156740,4.990000,0.978000,4.450000,-1.512557,2.113744,3.684265
51.167850,4.990000,0.978000,4.450000,-1.512557,2.113744,3.684265
51.178960,4.990000,0.978000,4.450000,-1.512557,2.113744,3.684265
51.190070,4.990000,0.978000,4.450000,-1.492523,2.135245,3.662565
51.201190,4.990000,0.978000,4.450000,-1.492523,2.135245,3.662565
51.212300,4.990000,0.978000,4.450000,-1.492523,2.135245,3.662565
51.223410,4.990000,0.978000,4.450000,-1.319841,2.286605,3.494350
51.234520,4.990000,0.978000,4.450000,-1.319841,2.286605,3.494350
51.245640,4.990000,0.978000,4.450000,-1.319841,2.286605,3.494350
51.256750,4.990000,0.978000,4.450000,,,
51.267860,4.990000,0.978000,4.450000,,,
51.278970,4.990000,0.978000,4.450000,,,
51.290080,4.990000,0.978000,4.450000,-1.131684,2.261051,3.349015
51.301200,4.990000,0.978000,4.450000,-1.131684,2.261051,3.349015
51.312310,4.990000,0.978000,4.450000,-1.131684,2.261051,3.349015
51.323420,4.990000,0.978000,4.450000,-1.020341,2.147223,3.285918
51.334530,4.990000,0.978000,4.450000,-1.020341,2.147223,3.285918
51.345650,4.990000,0.978000,4.450000,-1.020341,2.147223,3.285918
51.356760,4.990000,0.978000,4.450000,-1.020341,2.147223,3.285918
51.367870,4.990000,0.978000,4.450000,-1.020341,2.147223,3.285918
51.378980,4.990000,0.978000,4.450000,-1.020341,2.147223,3.285918
51.390090,4.990000,0.978000,4.450000,-1.020341,2.147223,3.285918
51.401210,4.990000,0.978000,4.450000,-1.020341,2.147223,3.285918
51.412320,4.990000,0.978000,4.450000,-1.020341,2.147223,3.285918
51.423430,4.990000,0.978000,4.450000,-1.020341,2.147223,3.285918
51.434540,4.990000,0.978000,4.450000,-1.020341,2.147223,3.285918
51.445660,4.990000,0.978000,4.450000,-1.020341,2.147223,3.285918
51.456770,4.990000,0.978000,4.450000,-1.020341,2.147223,3.285918
51.467880,4.990000,0.978000,4.450000,,,
51.478990,4.990000,0.978000,4.450000,,,
51.490100,4.990000,0.978000,4.450000,,,
51.501220,4.990000,0.978000,4.450000,-1.020341,2.147223,3.285918
51.512330,4.990000,0.978000,4.450000,-1.020341,2.147223,3.285918
51.523440,4.990000,0.978000,4.450000,-1.020341,2.147223,3.285918
51.534550,4.990000,0.978000,4.450000,-0.983960,2.166233,3.313704
51.545670,4.990000,0.978000,4.450000,-0.983960,2.166233,3.313704
51.556780,4.990000,0.978000,4.450000,-0.983960,2.166233,3.313704
51.567890,4.990000,0.978000,4.450000,,,
51.579000,4.990000,0.978000,4.450000,,,
51.590110,4.990000,0.978000,4.450000,,,
51.601230,4.990000,0.978000,4.450000,-0.757053,2.274716,3.486524
51.612340,4.990000,0.978000,4.450000,-0.757053,2.274716,3.486524
51.623450,4.990000,0.978000,4.450000,-0.757053,2.274716,3.486524
51.634560,4.990000,0.978000,4.450000,-0.522483,2.307221,3.665153
51.645680,4.990000,0.978000,4.450000,-0.522483,2.307221,3.665153
51.656790,4.990000,0.978000,4.450000,-0.522483,2.307221,3.665153
51.667900,4.990000,0.978000,4.450000,,,
51.679010,4.990000,0.978000,4.450000,,,
51.690120,4.990000,0.978000,4.450000,,,
51.701240,4.990000,0.978000,4.450000,-0.302449,2.222453,3.832696
51.712350,4.990000,0.978000,4.450000,-0.302449,2.222453,3.832696
51.723460,4.990000,0.978000,4.450000,-0.302449,2.222453,3.832696
51.734570,4.990000,0.978000,4.450000,-0.302449,2.222453,3.832696
51.745690,4.990000,0.978000,4.450000,-0.189015,2.153705,3.919071
51.756800,4.990000,0.978000,4.450000,-0.189015,2.153705,3.919071
51.767910,4.990000,0.978000,4.450000,-0.189015,2.153705,3.919071
51.779020,4.990000,0.978000,4.450000,,,
51.790130,4.990000,0.978000,4.450000,,,
51.801250,4.990000,0.978000,4.450000,,,
51.812360,4.990000,0.978000,4.450000,-0.189015,2.153705,3.919071
51.823470,4.990000,0.978000,4.450000,-0.189015,2.153705,3.919071
51.834580,4.990000,0.978000,4.450000,-0.189015,2.153705,3.919071
51.845700,4.990000,0.978000,4.450000,-0.189015,2.153705,3.919071
51.856810,4.990000,0.978000,4.450000,-0.189015,2.153705,3.919071
51.867920,4.990000,0.978000,4.450000,-0.189015,2.153705,3.919071
51.879030,4.990000,0.978000,4.450000,,,
51.890140,4.990000,0.978000,4.450000,,,
51.901260,4.990000,0.978000,4.450000,,,
51.912370,4.990000,0.978000,4.450000,-0.189015,2.153705,3.919071
51.923480,4.990000,0.978000,4.450000,-0.189015,2.153705,3.919071
51.934590,4.990000,0.978000,4.450000,-0.189015,2.153705,3.919071
51.945710,4.990000,0.978000,4.450000,-0.290227,2.202107,3.906718
51.956820,4.990000,0.978000,4.450000,-0.290227,2.202107,3.906718
51.967930,4.990000,0.978000,4.450000,-0.290227,2.202107,3.906718
51.979040,4.990000,0.978000,4.450000,-0.290227,2.202107,3.906718
51.990150,4.990000,0.978000,4.450000,,,
52.001270,4.990000,0.978000,4.450000,,,
52.012380,4.990000,0.978000,4.450000,,,
52.023490,4.990000,0.978000,4.450000,-0.566652,2.326531,3.873333
52.034600,4.990000,0.978000,4.450000,-0.566652,2.326531,3.873333
52.045720,4.990000,0.978000,4.450000,-0.566652,2.326531,3.873333
52.056830,4.990000,0.978000,4.450000,-0.853218,2.412558,3.838917
52.067940,4.990000,0.978000,4.450000,-0.853218,2.412558,3.838917
52.079050,4.990000,0.978000,4.450000,-0.853218,2.412558,3.838917
52.090160,4.990000,0.978000,4.450000,,,
52.101280,4.990000,0.978000,4.450000,,,
52.112390,4.990000,0.978000,4.450000,,,
52.123500,4.990000,0.978000,4.450000,-1.154130,2.422755,3.802718
52.134610,4.990000,0.978000,4.450000,-1.154130,2.422755,3.802718
52.145730,4.990000,0.978000,4.450000,-1.154130,2.422755,3.802718
52.156840,4.990000,0.978000,4.450000,-1.458536,2.363973,3.766096
52.167950,4.990000,0.978000,4.450000,-1.458536,2.363973,3.766096
52.179060,4.990000,0.978000,4.450000,-1.458536,2.363973,3.766096
52.190170,4.990000,0.978000,4.450000,-1.526221,2.345997,3.757953
52.201290,4.990000,0.978000,4.450000,-1.526221,2.345997,3.757953
52.212400,4.990000,0.978000,4.450000,-1.526221,2.345997,3.757953
52.223510,4.990000,0.978000,4.450000,-1.526221,2.345997,3.757953
52.234620,4.990000,0.978000,4.450000,-1.526221,2.345997,3.757953
52.245740,4.990000,0.978000,4.450000,-1.526221,2.345997,3.757953
52.256850,4.990000,0.978000,4.450000,-1.526221,2.345997,3.757953
52.267960,4.990000,0.978000,4.450000,-1.526221,2.345997,3.757953
52.279070,4.990000,0.978000,4.450000,-1.526221,2.345997,3.757953
52.290180,4.990000,0.978000,4.450000,-1.526221,2.345997,3.757953
52.301300,4.990000,0.978000,4.450000,-1.526221,2.345997,3.757953
52.312410,4.990000,0.978000,4.450000,-1.526221,2.345997,3.757953
52.323520,4.990000,0.978000,4.450000,-1.526221,2.345997,3.757953
52.334630,4.990000,0.978000,4.450000,-1.526221,2.345997,3.757953
52.345750,4.990000,0.978000,4.450000,-1.526221,2.345997,3.757953
52.356860,4.990000,0.978000,4.450000,-1.526221,2.345997,3.757953
52.367970,4.990000,0.978000,4.450000,-1.526221,2.345997,3.757953
52.379080,4.990000,0.978000,4.450000,-1.526221,2.345997,3.757953
52.390190,4.990000,0.978000,4.450000,-1.526221,2.345997,3.757953
52.401310,4.990000,0.978000,4.450000,-1.364734,2.412603,3.621230
52.412420,4.990000,0.978000,4.450000,-1.364734,2.412603,3.621230
52.423530,4.990000,0.978000,4.450000,-1.364734,2.412603,3.621230
52.434640,4.990000,0.978000,4.450000,-1.364734,2.412603,3.621230
52.445760,4.990000,0.978000,4.450000,-1.364734,2.412603,3.621230
52.456870,4.990000,0.978000,4.450000,-1.364734,2.412603,3.621230
52.467980,4.990000,0.978000,4.450000,-1.134676,2.432650,3.423802
52.479090,4.990000,0.978000,4.450000,-1.134676,2.432650,3.423802
52.490200,4.990000,0.978000,4.450000,-1.134676,2.432650,3.423802
52.501320,4.990000,0.978000,4.450000,-0.934213,2.320936,3.255748
52.512430,4.990000,0.978000,4.450000,-0.934213,2.320936,3.255748
52.523540,4.990000,0.978000,4.450000,-0.934213,2.320936,3.255748
52.534650,4.990000,0.978000,4.450000,,,
52.545760,4.990000,0.978000,4.450000,,,
52.556880,4.990000,0.978000,4.450000,,,
52.567990,4.990000,0.978000,4.450000,,,
52.579100,4.990000,0.978000,4.450000,-0.821530,2.228364,3.161269
52.590210,4.990000,0.978000,4.450000,-0.821530,2.228364,3.161269
52.601330,4.990000,0.978000,4.450000,-0.821530,2.228364,3.161269
52.612440,4.990000,0.978000,4.450000,-0.821530,2.228364,3.161269
52.623550,4.990000,0.978000,4.450000,-0.821530,2.228364,3.161269
52.634660,4.990000,0.978000,4.450000,-0.821530,2.228364,3.161269
52.645770,4.990000,0.978000,4.450000,,,
52.656890,4.990000,0.978000,4.450000,,,
52.668000,4.990000,0.978000,4.450000,,,
52.679110,4.990000,0.978000,4.450000,-0.821530,2.228364,3.161269
52.690220,4.990000,0.978000,4.450000,-0.821530,2.228364,3.161269
52.701340,4.990000,0.978000,4.450000,-0.821530,2.228364,3.161269
52.712450,4.990000,0.978000,4.450000,-0.821530,2.228364,3.161269
52.723560,4.990000,0.978000,4.450000,-0.821530,2.228364,3.161269
52.734670,4.990000,0.978000,4.450000,-0.821530,2.228364,3.161269
52.745780,4.990000,0.978000,4.450000,,,
52.756900,4.990000,0.978000,4.450000,,,
52.768010,4.990000,0.978000,4.450000,,,
52.779120,4.990000,0.978000,4.450000,,,
52.790230,4.990000,0.978000,4.450000,-0.784366,2.261525,3.203692
52.801350,4.990000,0.978000,4.450000,-0.784366,2.261525,3.203692
52.812460,4.990000,0.978000,4.450000,-0.784366,2.261525,3.203692
52.823570,4.990000,0.978000,4.450000,-0.598840,2.407822,3.405391
52.834680,4.990000,0.978000,4.450000,-0.598840,2.407822,3.405391
52.845790,4.990000,0.978000,4.450000,-0.598840,2.407822,3.405391
52.856910,4.990000,0.978000,4.450000,,,
52.868020,4.990000,0.978000,4.450000,,,
52.879130,4.990000,0.978000,4.450000,,,
52.890240,4.990000,0.978000,4.450000,-0.389282,2.465418,3.619774
52.901360,4.990000,0.978000,4.450000,-0.389282,2.465418,3.619774
52.912470,4.990000,0.978000,4.450000,-0.389282,2.465418,3.619774
52.923580,4.990000,0.978000,4.450000,-0.206416,2.395521,3.807792
52.934690,4.990000,0.978000,4.450000,-0.206416,2.395521,3.807792
52.945800,4.990000,0.978000,4.450000,-0.206416,2.395521,3.807792
52.956920,4.990000,0.978000,4.450000,,,
52.968030,4.990000,0.978000,4.450000,,,
52.979140,4.990000,0.978000,4.450000,,,
52.990250,4.990000,0.978000,4.450000,-0.137314,2.350859,3.879607
53.001370,4.990000,0.978000,4.450000,-0.137314,2.350859,3.879607
53.012480,4.990000,0.978000,4.450000,-0.137314,2.350859,3.879607
53.023590,4.990000,0.978000,4.450000,-0.137314,2.350859,3.879607
53.034700,4.990000,0.978000,4.450000,-0.137314,2.350859,3.879607
53.045810,4.990000,0.978000,4.450000,-0.137314,2.350859,3.879607
53.056930,4.990000,0.978000,4.450000,-0.137314,2.350859,3.879607
53.068040,4.990000,0.978000,4.450000,-0.137314,2.350859,3.879607
53.079150,4.990000,0.978000,4.450000,-0.137314,2.350859,3.879607
53.090260,4.990000,0.978000,4.450000,-0.137314,2.350859,3.879607
53.101380,4.990000,0.978000,4.450000,-0.137314,2.350859,3.879607
53.112490,4.990000,0.978000,4.450000,-0.137314,2.350859,3.879607
53.123600,4.990000,0.978000,4.450000,-0.137314,2.350859,3.879607
53.134710,4.990000,0.978000,4.450000,-0.137314,2.350859,3.879607
53.145820,4.990000,0.978000,4.450000,-0.137314,2.350859,3.879607
53.156940,4.990000,0.978000,4.450000,-0.137314,2.350859,3.879607
53.168050,4.990000,0.978000,4.450000,-0.292944,2.390237,3.861948
53.179160,4.990000,0.978000,4.450000,-0.292944,2.390237,3.861948
53.190270,4.990000,0.978000,4.450000,-0.292944,2.390237,3.861948
53.201390,4.990000,0.978000,4.450000,,,
53.212500,4.990000,0.978000,4.450000,,,
53.223610,4.990000,0.978000,4.450000,,,
53.234720,4.990000,0.978000,4.450000,-0.593438,2.448451,3.821003
53.245830,4.990000,0.978000,4.450000,-0.593438,2.448451,3.821003
53.256950,4.990000,0.978000,4.450000,-0.593438,2.448451,3.821003
53.268060,4.990000,0.978000,4.450000,-0.889730,2.437147,3.762769
53.279170,4.990000,0.978000,4.450000,-0.889730,2.437147,3.762769
53.290280,4.990000,0.978000,4.450000,-0.889730,2.437147,3.762769
53.301400,4.990000,0.978000,4.450000,,,
53.312510,4.990000,0.978000,4.450000,,,
53.323620,4.990000,0.978000,4.450000,,,
53.334730,4.990000,0.978000,4.450000,,,
53.345840,4.990000,0.978000,4.450000,-1.165779,2.337818,3.685118
53.356960,4.990000,0.978000,4.450000,-1.165779,2.337818,3.685118
53.368070,4.990000,0.978000,4.450000,-1.165779,2.337818,3.685118
53.379180,4.990000,0.978000,4.450000,-1.415690,2.181493,3.588146
53.390290,4.990000,0.978000,4.450000,-1.415690,2.181493,3.588146
53.401410,4.990000,0.978000,4.450000,-1.415690,2.181493,3.588146
53.412520,4.990000,0.978000,4.450000,,,
53.423630,4.990000,0.978000,4.450000,,,
53.434740,4.990000,0.978000,4.450000,,,
53.445850,4.990000,0.978000,4.450000,-1.436871,2.165559,3.577744
53.456970,4.990000,0.978000,4.450000,-1.436871,2.165559,3.577744
53.468080,4.990000,0.978000,4.450000,-1.436871,2.165559,3.577744
53.479190,4.990000,0.978000,4.450000,-1.436871,2.165559,3.577744
53.490300,4.990000,0.978000,4.450000,-1.436871,2.165559,3.577744
53.501420,4.990000,0.978000,4.450000,-1.436871,2.165559,3.577744
53.512530,4.990000,0.978000,4.450000,,,
53.523640,4.990000,0.978000,4.450000,,,
53.534750,4.990000,0.978000,4.450000,,,
53.545860,4.990000,0.978000,4.450000,,,
53.556980,4.990000,0.978000,4.450000,-1.436871,2.165559,3.577744
53.568090,4.990000,0.978000,4.450000,-1.436871,2.165559,3.577744
53.579200,4.990000,0.978000,4.450000,-1.436871,2.165559,3.577744
53.590310,4.990000,0.978000,4.450000,-1.436871,2.165559,3.577744
53.601430,4.990000,0.978000,4.450000,-1.436871,2.165559,3.577744
53.612540,4.990000,0.978000,4.450000,-1.436871,2.165559,3.577744
53.623650,4.990000,0.978000,4.450000,,,
53.634760,4.990000,0.978000,4.450000,,,
53.645870,4.990000,0.978000,4.450000,,,
53.656990,4.990000,0.978000,4.450000,-1.219922,2.305466,3.407380
53.668100,4.990000,0.978000,4.450000,-1.219922,2.305466,3.407380
53.679210,4.990000,0.978000,4.450000,-1.219922,2.305466,3.407380
53.690320,4.990000,0.978000,4.450000,-1.001588,2.400374,3.226749
53.701440,4.990000,0.978000,4.450000,-1.001588,2.400374,3.226749
53.712550,4.990000,0.978000,4.450000,-1.001588,2.400374,3.226749
53.723660,4.990000,0.978000,4.450000,,,
53.734770,4.990000,0.978000,4.450000,,,
53.745880,4.990000,0.978000,4.450000,,,
53.757000,4.990000,0.978000,4.450000,-0.766858,2.420593,3.020265
53.768110,4.990000,0.978000,4.450000,-0.766858,2.420593,3.020265
53.779220,4.990000,0.978000,4.450000,-0.766858,2.420593,3.020265
53.790330,4.990000,0.978000,4.450000,-0.546262,2.374372,2.807454
53.801450,4.990000,0.978000,4.450000,-0.546262,2.374372,2.807454
53.812560,4.990000,0.978000,4.450000,-0.546262,2.374372,2.807454
53.823670,4.990000,0.978000,4.450000,,,
53.834780,4.990000,0.978000,4.450000,,,
53.845890,4.990000,0.978000,4.450000,,,
53.857010,4.990000,0.978000,4.450000,-0.415778,2.328415,2.677850
53.868120,4.990000,0.978000,4.450000,-0.415778,2.328415,2.677850
53.879230,4.990000,0.978000,4.450000,-0.415778,2.328415,2.677850
53.890340,4.990000,0.978000,4.450000,-0.415778,2.328415,2.677850
53.901450,4.990000,0.978000,4.450000,-0.415778,2.328415,2.677850
53.912570,4.990000,0.978000,4.450000,-0.415778,2.328415,2.677850
53.923680,4.990000,0.978000,4.450000,-0.415778,2.328415,2.677850
53.934790,4.990000,0.978000,4.450000,-0.415778,2.328415,2.677850
53.945900,4.990000,0.978000,4.450000,-0.415778,2.328415,2.677850
53.957020,4.990000,0.978000,4.450000,-0.415778,2.328415,2.677850
53.968130,4.990000,0.978000,4.450000,-0.415778,2.328415,2.677850
53.979240,4.990000,0.978000,4.450000,-0.415778,2.328415,2.677850
53.990350,4.990000,0.978000,4.450000,-0.415778,2.328415,2.677850
54.001460,4.990000,0.978000,4.450000,-0.415778,2.328415,2.677850
54.012580,4.990000,0.978000,4.450000,-0.415778,2.328415,2.677850
54.023690,4.990000,0.978000,4.450000,-0.415778,2.328415,2.677850
54.034800,4.990000,0.978000,4.450000,-0.351645,2.350007,2.758106
54.045910,4.990000,0.978000,4.450000,-0.351645,2.350007,2.758106
54.057030,4.990000,0.978000,4.450000,-0.351645,2.350007,2.758106
54.068140,4.990000,0.978000,4.450000,,,
54.079250,4.990000,0.978000,4.450000,,,
54.090360,4.990000,0.978000,4.450000,,,
54.101470,4.990000,0.978000,4.450000,,,
54.112590,4.990000,0.978000,4.450000,-0.163464,2.401416,2.992541
54.123700,4.990000,0.978000,4.450000,-0.163464,2.401416,2.992541
54.134810,4.990000,0.978000,4.450000,-0.163464,2.401416,2.992541
54.145920,4.990000,0.978000,4.450000,0.028320,2.399867,3.231408
54.157040,4.990000,0.978000,4.450000,0.028320,2.399867,3.231408
54.168150,4.990000,0.978000,4.450000,0.028320,2.399867,3.231408
54.179260,4.990000,0.978000,4.450000,,,
54.190370,4.990000,0.978000,4.450000,,,
54.201480,4.990000,0.978000,4.450000,,,
54.212600,4.990000,0.978000,4.450000,0.231675,2.316884,3.453960
54.223710,4.990000,0.978000,4.450000,0.231675,2.316884,3.453960
54.234820,4.990000,0.978000,4.450000,0.231675,2.316884,3.453960
54.245930,4.990000,0.978000,4.450000,0.425445,2.186570,3.647912
54.257050,4.990000,0.978000,4.450000,0.425445,2.186570,3.647912
54.268160,4.990000,0.978000,4.450000,0.425445,2.186570,3.647912
54.279270,4.990000,0.978000,4.450000,,,
54.290380,4.990000,0.978000,4.450000,,,
54.301490,4.990000,0.978000,4.450000,,,
54.312610,4.990000,0.978000,4.450000,0.504426,2.127477,3.721782
54.323720,4.990000,0.978000,4.450000,0.504426,2.127477,3.721782
54.334830,4.990000,0.978000,4.450000,0.504426,2.127477,3.721782
54.345940,4.990000,0.978000,4.450000,0.504426,2.127477,3.721782
54.357060,4.990000,0.978000,4.450000,0.504426,2.127477,3.721782
54.368170,4.990000,0.978000,4.450000,0.504426,2.127477,3.721782
54.379280,4.990000,0.978000,4.450000,,,
54.390390,4.990000,0.978000,4.450000,,,
54.401500,4.990000,0.978000,4.450000,,,
54.412620,4.990000,0.978000,4.450000,0.504426,2.127477,3.721782
54.423730,4.990000,0.978000,4.450000,0.504426,2.127477,3.721782
54.434840,4.990000,0.978000,4.450000,0.504426,2.127477,3.721782
54.445950,4.990000,0.978000,4.450000,0.504426,2.127477,3.721782
54.457070,4.990000,0.978000,4.450000,0.504426,2.127477,3.721782
54.468180,4.990000,0.978000,4.450000,0.504426,2.127477,3.721782
54.479260,4.990000,0.978000,4.450000,,,
54.490400,4.990000,0.978000,4.450000,,,
54.501510,4.990000,0.978000,4.450000,,,
54.512630,4.990000,0.978000,4.450000,,,
54.523740,4.990000,0.978000,4.450000,0.296584,2.200224,3.666713
54.534850,4.990000,0.978000,4.450000,0.296584,2.200224,3.666713
54.545960,4.990000,0.978000,4.450000,0.296584,2.200224,3.666713
54.557080,4.990000,0.978000,4.450000,0.012945,2.289313,3.591560
54.568190,4.990000,0.978000,4.450000,0.012945,2.289313,3.591560
54.579300,4.990000,0.978000,4.450000,0.012945,2.289313,3.591560
54.590410,4.990000,0.978000,4.450000,,,
54.601520,4.990000,0.978000,4.450000,,,
54.612640,4.990000,0.978000,4.450000,,,
54.623750,4.990000,0.978000,4.450000,-0.271620,2.341002,3.516163
54.634860,4.990000,0.978000,4.450000,-0.271620,2.341002,3.516163
54.645970,4.990000,0.978000,4.450000,-0.271620,2.341002,3.516163
54.657090,4.990000,0.978000,4.450000,-0.572705,2.335679,3.436716
54.668200,4.990000,0.978000,4.450000,-0.572705,2.335679,3.436716
54.679310,4.990000,0.978000,4.450000,-0.572705,2.335679,3.436716
54.690420,4.990000,0.978000,4.450000,,,
54.701530,4.990000,0.978000,4.450000,,,
54.712650,4.990000,0.978000,4.450000,,,
54.723760,4.990000,0.978000,4.450000,-0.865442,2.282724,3.364098
54.734870,4.990000,0.978000,4.450000,-0.865442,2.282724,3.364098
54.745980,4.990000,0.978000,4.450000,-0.865442,2.282724,3.364098
54.757100,4.990000,0.978000,4.450000,-1.017631,2.246544,3.330339
54.768210,4.990000,0.978000,4.450000,-1.017631,2.246544,3.330339
54.779320,4.990000,0.978000,4.450000,-1.017631,2.246544,3.330339
54.790430,4.990000,0.978000,4.450000,,,
54.801540,4.990000,0.978000,4.450000,,,
54.812660,4.990000,0.978000,4.450000,,,
54.823770,4.990000,0.978000,4.450000,-1.017631,2.246544,3.330339
54.834880,4.990000,0.978000,4.450000,-1.017631,2.246544,3.330339
54.845990,4.990000,0.978000,4.450000,-1.017631,2.246544,3.330339
54.857110,4.990000,0.978000,4.450000,-1.017631,2.246544,3.330339
54.868220,4.990000,0.978000,4.450000,-1.017631,2.246544,3.330339
54.879330,4.990000,0.978000,4.450000,-1.017631,2.246544,3.330339
54.890440,4.990000,0.978000,4.450000,-1.017631,2.246544,3.330339
54.901550,4.990000,0.978000,4.450000,,,
54.912670,4.990000,0.978000,4.450000,,,
54.923780,4.990000,0.978000,4.450000,,,
54.934890,4.990000,0.978000,4.450000,-1.017631,2.246544,3.330339
54.946000,4.990000,0.978000,4.450000,-1.017631,2.246544,3.330339
54.957120,4.990000,0.978000,4.450000,-1.017631,2.246544,3.330339
54.968230,4.990000,0.978000,4.450000,-0.894474,2.299786,3.259083
54.979340,4.990000,0.978000,4.450000,-0.894474,2.299786,3.259083
54.990450,4.990000,0.978000,4.450000,-0.894474,2.299786,3.259083
55.001560,4.990000,0.978000,4.450000,,,
55.012680,4.990000,0.978000,4.450000,,,
55.023790,4.990000,0.978000,4.450000,,,
55.034900,4.990000,0.978000,4.450000,-0.673770,2.341610,3.155771
55.046010,4.990000,0.978000,4.450000,-0.673770,2.341610,3.155771
55.057130,4.990000,0.978000,4.450000,-0.673770,2.341610,3.155771
55.068240,4.990000,0.978000,4.450000,-0.472312,2.204577,3.098631
55.079350,4.990000,0.978000,4.450000,-0.472312,2.204577,3.098631
55.090460,4.990000,0.978000,4.450000,-0.472312,2.204577,3.098631
55.101570,4.990000,0.978000,4.450000,-0.472312,2.204577,3.098631
55.112690,4.990000,0.978000,4.450000,-0.391481,2.112486,3.101091
55.123800,4.990000,0.978000,4.450000,-0.391481,2.112486,3.101091
55.134910,4.990000,0.978000,4.450000,-0.391481,2.112486,3.101091
55.146020,4.990000,0.978000,4.450000,-0.391481,2.112486,3.101091
55.157140,4.990000,0.978000,4.450000,-0.391481,2.112486,3.101091
55.168250,4.990000,0.978000,4.450000,-0.391481,2.112486,3.101091
55.179360,4.990000,0.978000,4.450000,-0.391481,2.112486,3.101091
55.190380,,,,-0.391481,2.112486,3.101091
55.201580,4.990000,0.978000,4.450000,-0.391481,2.112486,3.101091
55.212700,4.990000,0.978000,4.450000,-0.391481,2.112486,3.101091
55.223810,4.990000,0.978000,4.450000,-0.391481,2.112486,3.101091
55.234920,4.990000,0.978000,4.450000,-0.391481,2.112486,3.101091
55.246030,4.990000,0.978000,4.450000,-0.391481,2.112486,3.101091
55.257140,4.990000,0.978000,4.450000,-0.391481,2.112486,3.101091
55.268260,4.990000,0.978000,4.450000,-0.391481,2.112486,3.101091
55.279370,4.990000,0.978000,4.450000,-0.391481,2.112486,3.101091
55.290480,4.990000,0.978000,4.450000,-0.391481,2.112486,3.101091
55.301590,4.990000,0.978000,4.450000,-0.391481,2.112486,3.101091
55.312710,4.990000,0.978000,4.450000,-0.307023,2.165595,3.156837
55.323820,4.990000,0.978000,4.450000,-0.307023,2.165595,3.156837
55.334930,4.990000,0.978000,4.450000,-0.307023,2.165595,3.156837
55.346040,4.990000,0.978000,4.450000,-0.307023,2.165595,3.156837
55.357150,4.990000,0.978000,4.450000,-0.307023,2.165595,3.156837
55.368270,4.990000,0.978000,4.450000,-0.307023,2.165595,3.156837
55.379380,4.990000,0.978000,4.450000,-0.061884,2.307263,3.318636
55.390490,4.990000,0.978000,4.450000,-0.061884,2.307263,3.318636
55.401600,4.990000,0.978000,4.450000,-0.061884,2.307263,3.318636
55.412720,4.990000,0.978000,4.450000,0.187573,2.378243,3.483286
55.423830,4.990000,0.978000,4.450000,0.187573,2.378243,3.483286
55.434940,4.990000,0.978000,4.450000,0.187573,2.378243,3.483286
55.446050,4.990000,0.978000,4.450000,0.187573,2.378243,3.483286
55.457160,4.990000,0.978000,4.450000,0.187573,2.378243,3.483286
55.468280,4.990000,0.978000,4.450000,0.187573,2.378243,3.483286
55.479390,4.990000,0.978000,4.450000,0.187573,2.378243,3.483286
55.490500,4.990000,0.978000,4.450000,0.446734,2.345861,3.653838
55.501610,4.990000,0.978000,4.450000,0.446734,2.345861,3.653838
55.512730,4.990000,0.978000,4.450000,0.446734,2.345861,3.653838
55.523840,4.990000,0.978000,4.450000,0.577486,2.304379,3.740035
55.534950,4.990000,0.978000,4.450000,0.577486,2.304379,3.740035
55.546060,4.990000,0.978000,4.450000,0.577486,2.304379,3.740035
55.557170,4.990000,0.978000,4.450000,,,
55.568290,4.990000,0.978000,4.450000,,,
55.579400,4.990000,0.978000,4.450000,,,
55.590510,4.990000,0.978000,4.450000,0.577486,2.304379,3.740035
55.601620,4.990000,0.978000,4.450000,0.577486,2.304379,3.740035
55.612740,4.990000,0.978000,4.450000,0.577486,2.304379,3.740035
55.623850,4.990000,0.978000,4.450000,0.577486,2.304379,3.740035
55.634960,4.990000,0.978000,4.450000,0.577486,2.304379,3.740035
55.646070,4.990000,0.978000,4.450000,0.577486,2.304379,3.740035
55.657180,4.990000,0.978000,4.450000,0.577486,2.304379,3.740035
55.668300,4.990000,0.978000,4.450000,,,
55.679410,4.990000,0.978000,4.450000,,,
55.690520,4.990000,0.978000,4.450000,,,
55.701630,4.990000,0.978000,4.450000,0.577486,2.304379,3.740035
55.712750,4.990000,0.978000,4.450000,0.577486,2.304379,3.740035
55.723860,4.990000,0.978000,4.450000,0.577486,2.304379,3.740035
55.734970,4.990000,0.978000,4.450000,0.477930,2.334321,3.709281
55.746080,4.990000,0.978000,4.450000,0.477930,2.334321,3.709281
55.757190,4.990000,0.978000,4.450000,0.477930,2.334321,3.709281
55.768310,4.990000,0.978000,4.450000,,,
55.779420,4.990000,0.978000,4.450000,,,
55.790530,4.990000,0.978000,4.450000,,,
55.801640,4.990000,0.978000,4.450000,0.195419,2.413439,3.621425
55.812760,4.990000,0.978000,4.450000,0.195419,2.413439,3.621425
55.823870,4.990000,0.978000,4.450000,0.195419,2.413439,3.621425
55.834980,4.990000,0.978000,4.450000,-0.087117,2.472941,3.533470
55.846090,4.990000,0.978000,4.450000,-0.087117,2.472941,3.533470
55.857200,4.990000,0.978000,4.450000,-0.087117,2.472941,3.533470
55.868320,4.990000,0.978000,4.450000,,,
55.879430,4.990000,0.978000,4.450000,,,
55.890540,4.990000,0.978000,4.450000,,,
55.901650,4.990000,0.978000,4.450000,,,
55.912770,4.990000,0.978000,4.450000,-0.386067,2.494326,3.440408
55.923880,4.990000,0.978000,4.450000,-0.386067,2.494326,3.440408
55.934990,4.990000,0.978000,4.450000,-0.386067,2.494326,3.440408
55.946100,4.990000,0.978000,4.450000,-0.683332,2.463619,3.347575
55.957210,4.990000,0.978000,4.450000,-0.683332,2.463619,3.347575
55.968330,4.990000,0.978000,4.450000,-0.683332,2.463619,3.347575
55.979440,4.990000,0.978000,4.450000,,,
55.990550,4.990000,0.978000,4.450000,,,
56.001660,4.990000,0.978000,4.450000,,,
56.012780,4.990000,0.978000,4.450000,-0.970966,2.388335,3.252779
56.023890,4.990000,0.978000,4.450000,-0.970966,2.388335,3.252779
56.035000,4.990000,0.978000,4.450000,-0.970966,2.388335,3.252779
56.046110,4.990000,0.978000,4.450000,-1.177716,2.314572,3.185736
56.057220,4.990000,0.978000,4.450000,-1.177716,2.314572,3.185736
56.068340,4.990000,0.978000,4.450000,-1.177716,2.314572,3.185736
56.079450,4.990000,0.978000,4.450000,-1.177716,2.314572,3.185736
56.090560,4.990000,0.978000,4.450000,,,
56.101670,4.990000,0.978000,4.450000,,,
56.112790,4.990000,0.978000,4.450000,,,
56.123900,4.990000,0.978000,4.450000,-1.177716,2.314572,3.185736
56.135010,4.990000,0.978000,4.450000,-1.177716,2.314572,3.185736
56.146120,4.990000,0.978000,4.450000,-1.177716,2.314572,3.185736
56.157230,4.990000,0.978000,4.450000,-1.177716,2.314572,3.185736
56.168350,4.990000,0.978000,4.450000,-1.177716,2.314572,3.185736
56.179460,4.990000,0.978000,4.450000,-1.177716,2.314572,3.185736
56.190570,4.990000,0.978000,4.450000,,,
56.201680,4.990000,0.978000,4.450000,,,
56.212800,4.990000,0.978000,4.450000,,,
56.223910,4.990000,0.978000,4.450000,-1.177716,2.314572,3.185736
56.235020,4.990000,0.978000,4.450000,-1.177716,2.314572,3.185736
56.246130,4.990000,0.978000,4.450000,-1.177716,2.314572,3.185736
56.257240,4.990000,0.978000,4.450000,-1.093113,2.353292,3.245664
56.268360,4.990000,0.978000,4.450000,-1.093113,2.353292,3.245664
56.279470,4.990000,0.978000,4.450000,-1.093113,2.353292,3.245664
56.290580,4.990000,0.978000,4.450000,,,
56.301690,4.990000,0.978000,4.450000,,,
56.312810,4.990000,0.978000,4.450000,,,
56.323920,4.990000,0.978000,4.450000,-0.855539,2.453312,3.416388
56.335030,4.990000,0.978000,4.450000,-0.855539,2.453312,3.416388
56.346140,4.990000,0.978000,4.450000,-0.855539,2.453312,3.416388
56.357250,4.990000,0.978000,4.450000,-0.624825,2.505418,3.604154
56.368370,4.990000,0.978000,4.450000,-0.624825,2.505418,3.604154
56.379480,4.990000,0.978000,4.450000,-0.624825,2.505418,3.604154
56.390590,4.990000,0.978000,4.450000,-0.624825,2.505418,3.604154
56.401700,4.990000,0.978000,4.450000,-0.391485,2.472455,3.792428
56.412820,4.990000,0.978000,4.450000,-0.391485,2.472455,3.792428
56.423930,4.990000,0.978000,4.450000,-0.391485,2.472455,3.792428
56.435040,4.990000,0.978000,4.450000,,,
56.446150,4.990000,0.978000,4.450000,,,
56.457260,4.990000,0.978000,4.450000,,,
56.468380,4.990000,0.978000,4.450000,-0.184853,2.385506,3.954406
56.479490,4.990000,0.978000,4.450000,-0.184853,2.385506,3.954406
56.490600,4.990000,0.978000,4.450000,-0.184853,2.385506,3.954406
56.501710,4.990000,0.978000,4.450000,-0.122265,2.352974,4.004894
56.512830,4.990000,0.978000,4.450000,-0.122265,2.352974,4.004894
56.523940,4.990000,0.978000,4.450000,-0.122265,2.352974,4.004894
56.535050,4.990000,0.978000,4.450000,-0.122265,2.352974,4.004894
56.546160,4.990000,0.978000,4.450000,-0.122265,2.352974,4.004894
56.557270,4.990000,0.978000,4.450000,-0.122265,2.352974,4.004894
56.568390,4.990000,0.978000,4.450000,-0.122265,2.352974,4.004894
56.579500,4.990000,0.978000,4.450000,-0.122265,2.352974,4.004894
56.590610,4.990000,0.978000,4.450000,-0.122265,2.352974,4.004894
56.601720,4.990000,0.978000,4.450000,-0.122265,2.352974,4.004894
56.612830,4.990000,0.978000,4.450000,-0.122265,2.352974,4.004894
56.623950,4.990000,0.978000,4.450000,-0.122265,2.352974,4.004894
56.635060,4.990000,0.978000,4.450000,-0.122265,2.352974,4.004894
56.646170,4.990000,0.978000,4.450000,-0.122265,2.352974,4.004894
56.657280,4.990000,0.978000,4.450000,-0.122265,2.352974,4.004894
56.668400,4.990000,0.978000,4.450000,-0.122265,2.352974,4.004894
56.679510,4.990000,0.978000,4.450000,-0.122265,2.352974,4.004894
56.690620,4.990000,0.978000,4.450000,-0.122265,2.352974,4.004894
56.701730,4.990000,0.978000,4.450000,0.029356,2.456478,3.827070
56.712840,4.990000,0.978000,4.450000,0.029356,2.456478,3.827070
56.723960,4.990000,0.978000,4.450000,0.029356,2.456478,3.827070
56.735070,4.990000,0.978000,4.450000,,,
56.746180,4.990000,0.978000,4.450000,,,
56.757290,4.990000,0.978000,4.450000,,,
56.768410,4.990000,0.978000,4.450000,,,
56.779520,4.990000,0.978000,4.450000,0.165922,2.406467,3.641504
56.790630,4.990000,0.978000,4.450000,0.165922,2.406467,3.641504
56.801740,4.990000,0.978000,4.450000,0.165922,2.406467,3.641504
56.812850,4.990000,0.978000,4.450000,0.259394,2.236152,3.510604
56.823970,4.990000,0.978000,4.450000,0.259394,2.236152,3.510604
56.835080,4.990000,0.978000,4.450000,0.259394,2.236152,3.510604
56.846190,4.990000,0.978000,4.450000,,,
56.857300,4.990000,0.978000,4.450000,,,
56.868420,4.990000,0.978000,4.450000,,,
56.879530,4.990000,0.978000,4.450000,0.265964,2.213602,3.495743
56.890640,4.990000,0.978000,4.450000,0.265964,2.213602,3.495743
56.901750,4.990000,0.978000,4.450000,0.265964,2.213602,3.495743
56.912860,4.990000,0.978000,4.450000,0.265964,2.213602,3.495743
56.923980,4.990000,0.978000,4.450000,0.265964,2.213602,3.495743
56.935090,4.990000,0.978000,4.450000,0.265964,2.213602,3.495743
56.946200,4.990000,0.978000,4.450000,,,
56.957310,4.990000,0.978000,4.450000,,,
56.968430,4.990000,0.978000,4.450000,,,
56.979540,4.990000,0.978000,4.450000,0.265964,2.213602,3.495743
56.990650,4.990000,0.978000,4.450000,0.265964,2.213602,3.495743
57.001760,4.990000,0.978000,4.450000,0.265964,2.213602,3.495743
57.012870,4.990000,0.978000,4.450000,0.265964,2.213602,3.495743
57.023990,4.990000,0.978000,4.450000,0.265964,2.213602,3.495743
57.035100,4.990000,0.978000,4.450000,0.265964,2.213602,3.495743
57.046210,4.990000,0.978000,4.450000,0.265964,2.213602,3.495743
57.057320,4.990000,0.978000,4.450000,,,
57.068440,4.990000,0.978000,4.450000,,,
57.079550,4.990000,0.978000,4.450000,,,
57.090660,4.990000,0.978000,4.450000,0.033352,2.290569,3.337148
57.101770,4.990000,0.978000,4.450000,0.033352,2.290569,3.337148
57.112880,4.990000,0.978000,4.450000,0.033352,2.290569,3.337148
57.124000,4.990000,0.978000,4.450000,-0.204388,2.333472,3.155453
57.135110,4.990000,0.978000,4.450000,-0.204388,2.333472,3.155453
57.146220,4.990000,0.978000,4.450000,-0.204388,2.333472,3.155453
57.157330,4.990000,0.978000,4.450000,,,
57.168450,4.990000,0.978000,4.450000,,,
57.179560,4.990000,0.978000,4.450000,,,
57.190670,4.990000,0.978000,4.450000,-0.413612,2.277689,2.972076
57.201780,4.990000,0.978000,4.450000,-0.413612,2.277689,2.972076
57.212890,4.990000,0.978000,4.450000,-0.413612,2.277689,2.972076
57.224010,4.990000,0.978000,4.450000,-0.596110,2.146471,2.780901
57.235120,4.990000,0.978000,4.450000,-0.596110,2.146471,2.780901
57.246230,4.990000,0.978000,4.450000,-0.596110,2.146471,2.780901
57.257340,4.990000,0.978000,4.450000,-0.596110,2.146471,2.780901
57.268460,4.990000,0.978000,4.450000,,,
57.279570,4.990000,0.978000,4.450000,,,
57.290680,4.990000,0.978000,4.450000,,,
57.301790,4.990000,0.978000,4.450000,-0.634226,2.112520,2.731771
57.312900,4.990000,0.978000,4.450000,-0.634226,2.112520,2.731771
57.324020,4.990000,0.978000,4.450000,-0.634226,2.112520,2.731771
57.335130,4.990000,0.978000,4.450000,-0.634226,2.112520,2.731771
57.346240,4.990000,0.978000,4.450000,-0.634226,2.112520,2.731771
57.357350,4.990000,0.978000,4.450000,-0.634226,2.112520,2.731771
57.368470,4.990000,0.978000,4.450000,,,
57.379580,4.990000,0.978000,4.450000,,,
57.390690,4.990000,0.978000,4.450000,,,
57.401800,4.990000,0.978000,4.450000,-0.634226,2.112520,2.731771
57.412910,4.990000,0.978000,4.450000,-0.634226,2.112520,2.731771
57.424030,4.990000,0.978000,4.450000,-0.634226,2.112520,2.731771
57.435140,4.990000,0.978000,4.450000,-0.634226,2.112520,2.731771
57.446250,4.990000,0.978000,4.450000,-0.634226,2.112520,2.731771
57.457360,4.990000,0.978000,4.450000,-0.634226,2.112520,2.731771
57.468480,4.990000,0.978000,4.450000,,,
57.479590,4.990000,0.978000,4.450000,,,
57.490700,4.990000,0.978000,4.450000,,,
57.501810,4.990000,0.978000,4.450000,,,
57.512920,4.990000,0.978000,4.450000,-0.617302,2.195910,2.964344
57.524040,4.990000,0.978000,4.450000,-0.617302,2.195910,2.964344
57.535150,4.990000,0.978000,4.450000,-0.617302,2.195910,2.964344
57.546260,4.990000,0.978000,4.450000,-0.601746,2.282897,3.266852
57.557370,4.990000,0.978000,4.450000,-0.601746,2.282897,3.266852
57.568490,4.990000,0.978000,4.450000,-0.601746,2.282897,3.266852
57.579600,4.990000,0.978000,4.450000,,,
57.590710,4.990000,0.978000,4.450000,,,
57.601820,4.990000,0.978000,4.450000,,,
57.612930,4.990000,0.978000,4.450000,-0.597831,2.312429,3.571918
57.624050,4.990000,0.978000,4.450000,-0.597831,2.312429,3.571918
57.635160,4.990000,0.978000,4.450000,-0.597831,2.312429,3.571918
57.646270,4.990000,0.978000,4.450000,-0.603114,2.272200,3.871892
57.657380,4.990000,0.978000,4.450000,-0.603114,2.272200,3.871892
57.668500,4.990000,0.978000,4.450000,-0.603114,2.272200,3.871892
57.679610,4.990000,0.978000,4.450000,,,
57.690720,4.990000,0.978000,4.450000,,,
57.701830,4.990000,0.978000,4.450000,,,
57.712940,4.990000,0.978000,4.450000,-0.610067,2.173049,4.180740
57.724060,4.990000,0.978000,4.450000,-0.610067,2.173049,4.180740
57.735170,4.990000,0.978000,4.450000,-0.610067,2.173049,4.180740
57.746280,4.990000,0.978000,4.450000,-0.609858,2.151216,4.236243
57.757390,4.990000,0.978000,4.450000,-0.609858,2.151216,4.236243
57.768510,4.990000,0.978000,4.450000,-0.609858,2.151216,4.236243
57.779560,4.990000,0.978000,4.450000,,,
57.790730,4.990000,0.978000,4.450000,,,
57.801840,4.990000,0.978000,4.450000,,,
57.812950,4.990000,0.978000,4.450000,,,
57.824070,4.990000,0.978000,4.450000,-0.609858,2.151216,4.236243
57.835180,4.990000,0.978000,4.450000,-0.609858,2.151216,4.236243
57.846290,4.990000,0.978000,4.450000,-0.609858,2.151216,4.236243
57.857400,4.990000,0.978000,4.450000,-0.609858,2.151216,4.236243
57.868520,4.990000,0.978000,4.450000,-0.609858,2.151216,4.236243
57.879630,4.990000,0.978000,4.450000,-0.609858,2.151216,4.236243
57.890740,4.990000,0.978000,4.450000,,,
57.901850,4.990000,0.978000,4.450000,,,
57.912960,4.990000,0.978000,4.450000,,,
57.924080,4.990000,0.978000,4.450000,-0.609858,2.151216,4.236243
57.935190,4.990000,0.978000,4.450000,-0.609858,2.151216,4.236243
57.946300,4.990000,0.978000,4.450000,-0.609858,2.151216,4.236243
57.957410,4.990000,0.978000,4.450000,-0.427758,2.260986,4.067513
57.968520,4.990000,0.978000,4.450000,-0.427758,2.260986,4.067513
57.979640,4.990000,0.978000,4.450000,-0.427758,2.260986,4.067513
57.990750,4.990000,0.978000,4.450000,,,
58.001860,4.990000,0.978000,4.450000,,,
58.012970,4.990000,0.978000,4.450000,,,
58.024090,4.990000,0.978000,4.450000,-0.214169,2.320151,3.860483
58.035200,4.990000,0.978000,4.450000,-0.214169,2.320151,3.860483
58.046310,4.990000,0.978000,4.450000,-0.214169,2.320151,3.860483
58.057420,4.990000,0.978000,4.450000,-0.020535,2.244432,3.668541
58.068530,4.990000,0.978000,4.450000,-0.020535,2.244432,3.668541
58.079650,4.990000,0.978000,4.450000,-0.020535,2.244432,3.668541
58.090760,4.990000,0.978000,4.450000,0.084941,2.171335,3.563872
58.101870,4.990000,0.978000,4.450000,0.084941,2.171335,3.563872
58.112980,4.990000,0.978000,4.450000,0.084941,2.171335,3.563872
58.124100,4.990000,0.978000,4.450000,0.084941,2.171335,3.563872
58.135210,4.990000,0.978000,4.450000,0.084941,2.171335,3.563872
58.146320,4.990000,0.978000,4.450000,0.084941,2.171335,3.563872
58.157430,4.990000,0.978000,4.450000,0.084941,2.171335,3.563872
58.168540,4.990000,0.978000,4.450000,0.084941,2.171335,3.563872
58.179660,4.990000,0.978000,4.450000,0.084941,2.171335,3.563872
58.190770,4.990000,0.978000,4.450000,0.084941,2.171335,3.563872
58.201880,4.990000,0.978000,4.450000,0.084941,2.171335,3.563872
58.212990,4.990000,0.978000,4.450000,0.084941,2.171335,3.563872
58.224110,4.990000,0.978000,4.450000,0.084941,2.171335,3.563872
58.235220,4.990000,0.978000,4.450000,,,
58.246330,4.990000,0.978000,4.450000,,,
58.257440,4.990000,0.978000,4.450000,,,
58.268550,4.990000,0.978000,4.450000,0.084941,2.171335,3.563872
58.279620,,,,0.084941,2.171335,3.563872
58.290780,4.990000,0.978000,4.450000,0.084941,2.171335,3.563872
58.301890,4.990000,0.978000,4.450000,0.038537,2.216029,3.498600
58.313000,4.990000,0.978000,4.450000,0.038537,2.216029,3.498600
58.324120,4.990000,0.978000,4.450000,0.038537,2.216029,3.498600
58.335230,4.990000,0.978000,4.450000,,,
58.346340,4.990000,0.978000,4.450000,,,
58.357450,4.990000,0.978000,4.450000,,,
58.368560,4.990000,0.978000,4.450000,-0.113396,2.352448,3.285097
58.379680,4.990000,0.978000,4.450000,-0.113396,2.352448,3.285097
58.390790,4.990000,0.978000,4.450000,-0.113396,2.352448,3.285097
58.401900,4.990000,0.978000,4.450000,-0.113396,2.352448,3.285097
58.413010,4.990000,0.978000,4.450000,-0.282363,2.434882,3.047377
58.424130,4.990000,0.978000,4.450000,-0.282363,2.434882,3.047377
58.435240,4.990000,0.978000,4.450000,-0.282363,2.434882,3.047377
58.446350,4.990000,0.978000,4.450000,,,
58.457460,4.990000,0.978000,4.450000,,,
58.468570,4.990000,0.978000,4.450000,,,
58.479690,4.990000,0.978000,4.450000,-0.463596,2.400912,2.792918
58.490800,4.990000,0.978000,4.450000,-0.463596,2.400912,2.792918
58.501910,4.990000,0.978000,4.450000,-0.463596,2.400912,2.792918
58.513020,4.990000,0.978000,4.450000,-0.554013,2.349599,2.674502
58.524140,4.990000,0.978000,4.450000,-0.554013,2.349599,2.674502
58.535250,4.990000,0.978000,4.450000,-0.554013,2.349599,2.674502
58.546360,4.990000,0.978000,4.450000,,,
58.557470,4.990000,0.978000,4.450000,,,
58.568580,4.990000,0.978000,4.450000,,,
58.579700,4.990000,0.978000,4.450000,-0.554013,2.349599,2.674502
58.590810,4.990000,0.978000,4.450000,-0.554013,2.349599,2.674502
58.601920,4.990000,0.978000,4.450000,-0.554013,2.349599,2.674502
58.613030,4.990000,0.978000,4.450000,-0.554013,2.349599,2.674502
58.624150,4.990000,0.978000,4.450000,-0.554013,2.349599,2.674502
58.635260,4.990000,0.978000,4.450000,-0.554013,2.349599,2.674502
58.646370,4.990000,0.978000,4.450000,,,
58.657480,4.990000,0.978000,4.450000,,,
58.668590,4.990000,0.978000,4.450000,,,
58.679710,4.990000,0.978000,4.450000,-0.554013,2.349599,2.674502
58.690820,4.990000,0.978000,4.450000,-0.554013,2.349599,2.674502
58.701930,4.990000,0.978000,4.450000,-0.554013,2.349599,2.674502
58.713040,4.990000,0.978000,4.450000,-0.554013,2.349599,2.674502
58.724160,4.990000,0.978000,4.450000,-0.565534,2.374162,2.776583
58.735270,4.990000,0.978000,4.450000,-0.565534,2.374162,2.776583
58.746380,4.990000,0.978000,4.450000,-0.565534,2.374162,2.776583
58.757490,4.990000,0.978000,4.450000,,,
58.768600,4.990000,0.978000,4.450000,,,
58.779720,4.990000,0.978000,4.450000,,,
58.790830,4.990000,0.978000,4.450000,-0.603627,2.438622,3.069314
58.801940,4.990000,0.978000,4.450000,-0.603627,2.438622,3.069314
58.813050,4.990000,0.978000,4.450000,-0.603627,2.438622,3.069314
58.824170,4.990000,0.978000,4.450000,-0.654964,2.456435,3.364798
58.835280,4.990000,0.978000,4.450000,-0.654964,2.456435,3.364798
58.846390,4.990000,0.978000,4.450000,-0.654964,2.456435,3.364798
58.857500,4.990000,0.978000,4.450000,,,
58.868610,4.990000,0.978000,4.450000,,,
58.879730,4.990000,0.978000,4.450000,,,
58.890840,4.990000,0.978000,4.450000,-0.714690,2.383047,3.656840
58.901950,4.990000,0.978000,4.450000,-0.714690,2.383047,3.656840
58.913060,4.990000,0.978000,4.450000,-0.714690,2.383047,3.656840
58.924180,4.990000,0.978000,4.450000,-0.766281,2.280090,3.884352
58.935290,4.990000,0.978000,4.450000,-0.766281,2.280090,3.884352
58.946400,4.990000,0.978000,4.450000,-0.766281,2.280090,3.884352
58.957510,4.990000,0.978000,4.450000,,,
58.968620,4.990000,0.978000,4.450000,,,
58.979740,4.990000,0.978000,4.450000,,,
58.990850,4.990000,0.978000,4.450000,,,
59.001960,4.990000,0.978000,4.450000,-0.783562,2.253700,3.938941
59.013070,4.990000,0.978000,4.450000,-0.783562,2.253700,3.938941
59.024190,4.990000,0.978000,4.450000,-0.783562,2.253700,3.938941
59.035300,4.990000,0.978000,4.450000,-0.783562,2.253700,3.938941
59.046410,4.990000,0.978000,4.450000,-0.783562,2.253700,3.938941
59.057520,4.990000,0.978000,4.450000,-0.783562,2.253700,3.938941
59.068630,4.990000,0.978000,4.450000,,,
59.079750,4.990000,0.978000,4.450000,,,
59.090860,4.990000,0.978000,4.450000,,,
59.101970,4.990000,0.978000,4.450000,-0.783562,2.253700,3.938941
59.113080,4.990000,0.978000,4.450000,-0.783562,2.253700,3.938941
59.124200,4.990000,0.978000,4.450000,-0.783562,2.253700,3.938941
59.135310,4.990000,0.978000,4.450000,-0.783562,2.253700,3.938941
59.146420,4.990000,0.978000,4.450000,-0.783562,2.253700,3.938941
59.157530,4.990000,0.978000,4.450000,-0.783562,2.253700,3.938941
59.168640,4.990000,0.978000,4.450000,,,
59.179760,4.990000,0.978000,4.450000,,,
59.190870,4.990000,0.978000,4.450000,,,
59.201980,4.990000,0.978000,4.450000,-0.594369,2.389283,3.821159
59.213090,4.990000,0.978000,4.450000,-0.594369,2.389283,3.821159
59.224210,4.990000,0.978000,4.450000,-0.594369,2.389283,3.821159
59.235320,4.990000,0.978000,4.450000,-0.342373,2.472816,3.664280
59.246430,4.990000,0.978000,4.450000,-0.342373,2.472816,3.664280
59.257540,4.990000,0.978000,4.450000,-0.342373,2.472816,3.664280
59.268650,4.990000,0.978000,4.450000,,,
59.279770,4.990000,0.978000,4.450000,,,
59.290880,4.990000,0.978000,4.450000,,,
59.301990,4.990000,0.978000,4.450000,-0.139765,2.400125,3.538146
59.313100,4.990000,0.978000,4.450000,-0.139765,2.400125,3.538146
59.324210,4.990000,0.978000,4.450000,-0.139765,2.400125,3.538146
59.335330,4.990000,0.978000,4.450000,-0.052490,2.344264,3.482740
59.346440,4.990000,0.978000,4.450000,-0.052490,2.344264,3.482740
59.357550,4.990000,0.978000,4.450000,-0.052490,2.344264,3.482740
59.368660,4.990000,0.978000,4.450000,-0.052490,2.344264,3.482740
59.379780,4.990000,0.978000,4.450000,,,
59.390890,4.990000,0.978000,4.450000,,,
59.402000,4.990000,0.978000,4.450000,,,
59.413110,4.990000,0.978000,4.450000,-0.052490,2.344264,3.482740
59.424220,4.990000,0.978000,4.450000,-0.052490,2.344264,3.482740
59.435340,4.990000,0.978000,4.450000,-0.052490,2.344264,3.482740
59.446450,4.990000,0.978000,4.450000,-0.052490,2.344264,3.482740
59.457560,4.990000,0.978000,4.450000,-0.052490,2.344264,3.482740
59.468670,4.990000,0.978000,4.450000,-0.052490,2.344264,3.482740
59.479790,4.990000,0.978000,4.450000,,,
59.490900,4.990000,0.978000,4.450000,,,
59.502010,4.990000,0.978000,4.450000,,,
59.513120,4.990000,0.978000,4.450000,-0.052490,2.344264,3.482740
59.524230,4.990000,0.978000,4.450000,-0.052490,2.344264,3.482740
59.535350,4.990000,0.978000,4.450000,-0.052490,2.344264,3.482740
59.546460,4.990000,0.978000,4.450000,-0.134654,2.398045,3.387450
59.557570,4.990000,0.978000,4.450000,-0.134654,2.398045,3.387450
59.568680,4.990000,0.978000,4.450000,-0.134654,2.398045,3.387450
59.579800,4.990000,0.978000,4.450000,,,
59.590910,4.990000,0.978000,4.450000,,,
59.602020,4.990000,0.978000,4.450000,,,
59.613130,4.990000,0.978000,4.450000,-0.269951,2.425371,3.220677
59.624240,4.990000,0.978000,4.450000,-0.269951,2.425371,3.220677
59.635360,4.990000,0.978000,4.450000,-0.269951,2.425371,3.220677
59.646470,4.990000,0.978000,4.450000,-0.376141,2.248451,3.078861
59.657580,4.990000,0.978000,4.450000,-0.376141,2.248451,3.078861
59.668690,4.990000,0.978000,4.450000,-0.376141,2.248451,3.078861
59.679810,4.990000,0.978000,4.450000,-0.376141,2.248451,3.078861
59.690920,4.990000,0.978000,4.450000,-0.399397,2.164294,3.041151
59.702030,4.990000,0.978000,4.450000,-0.399397,2.164294,3.041151
59.713140,4.990000,0.978000,4.450000,-0.399397,2.164294,3.041151
59.724250,4.990000,0.978000,4.450000,-0.399397,2.164294,3.041151
59.735370,4.990000,0.978000,4.450000,-0.399397,2.164294,3.041151
59.746480,4.990000,0.978000,4.450000,-0.399397,2.164294,3.041151
59.757590,4.990000,0.978000,4.450000,-0.399397,2.164294,3.041151
59.768700,4.990000,0.978000,4.450000,-0.399397,2.164294,3.041151
59.779820,4.990000,0.978000,4.450000,-0.399397,2.164294,3.041151
59.790930,4.990000,0.978000,4.450000,-0.399397,2.164294,3.041151
59.802040,4.990000,0.978000,4.450000,-0.399397,2.164294,3.041151
59.813150,4.990000,0.978000,4.450000,-0.399397,2.164294,3.041151
59.824260,4.990000,0.978000,4.450000,,,
59.835380,4.990000,0.978000,4.450000,,,
59.846490,4.990000,0.978000,4.450000,,,
59.857600,4.990000,0.978000,4.450000,-0.399397,2.164294,3.041151
59.868710,4.990000,0.978000,4.450000,-0.399397,2.164294,3.041151
59.879830,4.990000,0.978000,4.450000,-0.399397,2.164294,3.041151
59.890940,4.990000,0.978000,4.450000,-0.462479,2.245511,3.163217
59.902050,4.990000,0.978000,4.450000,-0.462479,2.245511,3.163217
59.913160,4.990000,0.978000,4.450000,-0.462479,2.245511,3.163217
59.924270,4.990000,0.978000,4.450000,,,
59.935390,4.990000,0.978000,4.450000,,,
59.946500,4.990000,0.978000,4.450000,,,
59.957610,4.990000,0.978000,4.450000,,,
59.968720,4.990000,0.978000,4.450000,-0.592421,2.379017,3.400345
59.979840,4.990000,0.978000,4.450000,-0.592421,2.379017,3.400345
59.990950,4.990000,0.978000,4.450000,-0.592421,2.379017,3.400345
60.002060,4.990000,0.978000,4.450000,-0.752001,2.415873,3.665303
60.013170,4.990000,0.978000,4.450000,-0.752001,2.415873,3.665303
60.024280,4.990000,0.978000,4.450000,-0.752001,2.415873,3.665303
60.035400,4.990000,0.978000,4.450000,-0.752001,2.415873,3.665303
60.046510,4.990000,0.978000,4.450000,-0.752001,2.415873,3.665303
60.057620,4.990000,0.978000,4.450000,-0.752001,2.415873,3.665303
