Timestamp,LeftDiameterValid,LeftPupilDiameter,LeftPositionValid,LeftPupilPosX,LeftPupilPosY,RightDiameterValid,RightPupilDiameter,RightPositionValid,RightPupilPosX,RightPupilPosY
0.000,False,0.000,False,0.000000,0.000000,False,0.000,False,0.000000,0.000000
0.010,False,0.000,False,0.000000,0.000000,False,0.000,False,0.000000,0.000000
0.020,False,0.000,False,0.000000,0.000000,False,0.000,False,0.000000,0.000000
0.031,False,0.000,False,0.000000,0.000000,False,0.000,False,0.000000,0.000000
0.043,False,0.000,False,0.000000,0.000000,False,0.000,False,0.000000,0.000000
0.053,False,0.000,False,0.000000,0.000000,False,0.000,False,0.000000,0.000000
0.065,False,0.000,False,0.000000,0.000000,False,0.000,False,0.000000,0.000000
0.077,False,0.000,False,0.000000,0.000000,False,0.000,False,0.000000,0.000000
0.087,False,0.000,False,0.000000,0.000000,False,0.000,False,0.000000,0.000000
0.098,False,0.000,False,0.000000,0.000000,False,0.000,False,0.000000,0.000000
0.109,False,0.000,False,0.000000,0.000000,False,0.000,False,0.000000,0.000000
0.121,False,0.000,False,0.000000,0.000000,False,0.000,False,0.000000,0.000000
0.132,False,0.000,False,0.000000,0.000000,False,0.000,False,0.000000,0.000000
0.143,False,0.000,False,0.000000,0.000000,False,0.000,False,0.000000,0.000000
0.153,False,0.000,False,0.000000,0.000000,False,0.000,False,0.000000,0.000000
0.165,False,0.000,False,0.000000,0.000000,False,0.000,False,0.000000,0.000000
0.176,False,0.000,False,0.000000,0.000000,False,0.000,False,0.000000,0.000000
0.187,False,0.000,False,0.000000,0.000000,False,0.000,False,0.000000,0.000000
0.198,False,0.000,False,0.000000,0.000000,False,0.000,False,0.000000,0.000000
0.209,False,0.000,False,0.000000,0.000000,False,0.000,False,0.000000,0.000000
0.220,False,0.000,False,0.000000,0.000000,False,0.000,False,0.000000,0.000000
0.231,False,0.000,False,0.000000,0.000000,False,0.000,False,0.000000,0.000000
0.243,False,0.000,False,0.000000,0.000000,False,0.000,False,0.000000,0.000000
0.254,False,0.000,False,0.000000,0.000000,False,0.000,False,0.000000,0.000000
0.264,False,0.000,False,0.000000,0.000000,False,0.000,False,0.000000,0.000000
0.275,False,0.000,False,0.000000,0.000000,False,0.000,False,0.000000,0.000000
0.287,False,0.000,False,0.000000,0.000000,False,0.000,False,0.000000,0.000000
0.298,False,0.000,False,0.000000,0.000000,False,0.000,False,0.000000,0.000000
0.309,False,0.000,False,0.000000,0.000000,False,0.000,False,0.000000,0.000000
0.320,False,0.000,False,0.000000,0.000000,False,0.000,False,0.000000,0.000000
0.331,False,0.000,False,0.000000,0.000000,False,0.000,False,0.000000,0.000000
0.342,False,0.000,False,0.000000,0.000000,False,0.000,False,0.000000,0.000000
0.353,False,0.000,False,0.000000,0.000000,False,0.000,False,0.000000,0.000000
0.365,False,0.000,False,0.000000,0.000000,False,0.000,False,0.000000,0.000000
0.376,False,0.000,False,0.000000,0.000000,False,0.000,False,0.000000,0.000000
0.386,False,0.000,False,0.000000,0.000000,False,0.000,False,0.000000,0.000000
0.398,False,0.000,False,0.000000,0.000000,False,0.000,False,0.000000,0.000000
0.409,False,0.000,False,0.000000,0.000000,False,0.000,False,0.000000,0.000000
0.420,False,0.000,False,0.000000,0.000000,False,0.000,False,0.000000,0.000000
0.431,False,0.000,False,0.000000,0.000000,False,0.000,False,0.000000,0.000000
0.442,False,0.000,False,0.000000,0.000000,False,0.000,False,0.000000,0.000000
0.454,False,0.000,False,0.000000,0.000000,False,0.000,False,0.000000,0.000000
0.464,False,0.000,False,0.000000,0.000000,False,0.000,False,0.000000,0.000000
0.476,False,0.000,False,0.000000,0.000000,False,0.000,False,0.000000,0.000000
0.487,False,0.000,False,0.000000,0.000000,False,0.000,False,0.000000,0.000000
0.498,False,0.000,False,0.000000,0.000000,False,0.000,False,0.000000,0.000000
0.509,False,0.000,False,0.000000,0.000000,False,0.000,False,0.000000,0.000000
0.520,False,0.000,False,0.000000,0.000000,False,0.000,False,0.000000,0.000000
0.531,False,0.000,False,0.000000,0.000000,False,0.000,False,0.000000,0.000000
0.542,False,0.000,False,0.000000,0.000000,False,0.000,False,0.000000,0.000000
0.554,False,0.000,False,0.000000,0.000000,False,0.000,False,0.000000,0.000000
0.564,False,0.000,False,0.000000,0.000000,False,0.000,False,0.000000,0.000000
0.576,False,0.000,False,0.000000,0.000000,False,0.000,False,0.000000,0.000000
0.587,False,0.000,False,0.000000,0.000000,False,0.000,False,0.000000,0.000000
0.598,False,0.000,False,0.000000,0.000000,False,0.000,False,0.000000,0.000000
0.609,False,0.000,False,0.000000,0.000000,False,0.000,False,0.000000,0.000000
0.620,False,0.000,False,0.000000,0.000000,False,0.000,False,0.000000,0.000000
0.631,False,0.000,False,0.000000,0.000000,False,0.000,False,0.000000,0.000000
0.642,False,0.000,False,0.000000,0.000000,False,0.000,False,0.000000,0.000000
0.654,False,0.000,False,0.000000,0.000000,False,0.000,False,0.000000,0.000000
0.666,False,0.000,False,0.000000,0.000000,False,0.000,False,0.000000,0.000000
0.676,False,0.000,False,0.000000,0.000000,False,0.000,False,0.000000,0.000000
0.688,False,0.000,False,0.000000,0.000000,False,0.000,False,0.000000,0.000000
0.698,False,0.000,False,0.000000,0.000000,False,0.000,True,0.483106,0.433899
0.709,False,0.000,True,0.476614,0.407772,False,0.000,True,0.487374,0.443413
0.720,False,0.000,True,0.473812,0.417140,False,0.000,True,0.487374,0.443413
0.731,False,0.000,True,0.471620,0.425978,False,0.000,True,0.490768,0.451497
0.743,False,0.000,True,0.471620,0.425978,False,0.000,True,0.494082,0.457799
0.754,False,0.000,True,0.469691,0.433683,True,4.000,True,0.494082,0.457799
0.765,True,5.465,True,0.469691,0.433683,True,5.766,True,0.497270,0.463476
0.776,True,4.000,True,0.467977,0.440042,True,4.000,True,0.499815,0.467773
0.787,True,4.000,True,0.467436,0.446804,True,4.000,True,0.499815,0.467773
0.798,True,4.000,True,0.467436,0.446804,True,4.000,True,0.499815,0.467773
0.809,True,4.000,True,0.467588,0.456327,True,4.000,True,0.505346,0.473457
0.820,True,4.000,True,0.467588,0.456327,True,4.000,True,0.508760,0.476445
0.831,True,4.000,True,0.467806,0.461248,True,4.000,True,0.508760,0.476445
0.843,True,4.000,True,0.469100,0.465860,True,4.000,True,0.511896,0.478237
0.854,True,4.000,True,0.469100,0.465860,True,4.000,True,0.516171,0.478753
0.865,True,4.000,True,0.470474,0.470858,True,4.000,True,0.521583,0.479622
0.877,True,4.000,True,0.472885,0.477443,True,4.000,True,0.521583,0.479622
0.887,True,4.000,True,0.472885,0.477443,True,4.000,True,0.528392,0.480635
0.898,True,4.000,True,0.475844,0.484677,True,4.000,True,0.537705,0.479461
0.909,True,4.000,True,0.475844,0.484677,True,4.000,True,0.537705,0.479461
0.920,True,4.000,True,0.481223,0.491748,True,4.000,True,0.537705,0.479461
0.931,True,4.000,True,0.489390,0.494737,True,4.000,True,0.560723,0.472307
0.942,True,4.000,True,0.491985,0.508548,True,4.000,True,0.560723,0.472307
0.953,True,4.000,True,0.491985,0.508548,True,4.000,True,0.567094,0.465322
0.965,False,0.000,False,0.000000,0.000000,True,4.000,True,0.567094,0.465322
0.975,False,0.000,False,0.000000,0.000000,True,4.000,True,0.571447,0.456914
0.987,False,0.000,False,0.000000,0.000000,True,4.000,True,0.574634,0.449885
0.998,False,0.000,False,0.000000,0.000000,True,4.000,True,0.574634,0.449885
1.009,False,0.000,False,0.000000,0.000000,True,4.000,True,0.576943,0.447389
1.020,False,0.000,False,0.000000,0.000000,True,4.000,True,0.576943,0.447389
1.031,False,0.000,False,0.000000,0.000000,True,4.000,True,0.584227,0.454442
1.043,False,0.000,False,0.000000,0.000000,True,4.000,True,0.582713,0.450525
1.054,False,0.000,False,0.000000,0.000000,True,4.000,True,0.582713,0.450525
1.065,False,0.000,False,0.000000,0.000000,True,4.000,True,0.582210,0.446669
1.077,False,0.000,False,0.000000,0.000000,True,4.000,True,0.580022,0.446230
1.087,False,0.000,False,0.000000,0.000000,True,4.000,True,0.576757,0.446036
1.098,True,4.000,True,0.528782,0.505709,True,4.000,True,0.576757,0.446036
1.109,True,4.000,True,0.528782,0.505709,True,4.000,True,0.573879,0.445119
1.120,True,4.000,True,0.527706,0.502115,True,4.000,True,0.568229,0.445994
1.132,True,4.000,True,0.526517,0.497403,True,4.000,True,0.568229,0.445994
1.143,True,4.000,True,0.526517,0.497403,True,4.000,True,0.562770,0.446761
1.154,True,4.000,True,0.523493,0.492475,True,4.000,True,0.556300,0.447799
1.165,True,4.000,True,0.520160,0.487088,True,4.000,True,0.556300,0.447799
1.176,True,4.000,True,0.520160,0.487088,True,4.000,True,0.549574,0.449036
1.187,True,4.000,True,0.516411,0.481164,True,4.000,True,0.542947,0.449631
1.198,True,4.000,True,0.513001,0.475093,True,4.000,True,0.542947,0.449631
1.209,True,4.000,True,0.509861,0.467768,True,4.000,True,0.536488,0.450034
1.220,True,4.000,True,0.509861,0.467768,True,4.000,True,0.530453,0.450027
1.231,True,4.000,True,0.507523,0.461137,True,4.000,True,0.530453,0.450027
1.242,True,4.000,True,0.507523,0.461137,True,4.000,True,0.524970,0.449677
1.253,True,4.000,True,0.504672,0.454946,True,4.000,True,0.524970,0.449677
1.265,True,4.000,True,0.504672,0.454946,True,4.000,True,0.519908,0.449070
1.275,True,4.000,True,0.504672,0.454946,True,4.000,True,0.519908,0.449070
1.287,True,4.000,True,0.502522,0.449183,True,4.000,True,0.516047,0.448750
1.298,True,4.000,True,0.501002,0.440112,True,4.000,True,0.513209,0.448085
1.309,True,6.226,True,0.501002,0.440112,True,5.944,True,0.512357,0.448235
1.320,True,6.224,True,0.501538,0.441814,True,5.926,True,0.518266,0.451729
1.331,True,6.151,True,0.501538,0.441814,True,5.931,True,0.518266,0.451729
1.342,True,6.106,True,0.500020,0.448970,True,5.871,True,0.520174,0.454997
1.354,True,6.066,True,0.500020,0.448970,True,5.848,True,0.520174,0.454997
1.364,True,6.036,True,0.500020,0.448970,True,5.853,True,0.519584,0.455842
1.376,True,6.022,True,0.499867,0.450225,True,5.869,True,0.519613,0.456452
1.387,True,6.037,True,0.499212,0.452502,True,5.879,True,0.519613,0.456452
1.398,True,6.033,True,0.498727,0.455778,True,5.887,True,0.520658,0.457380
1.409,True,6.023,True,0.498727,0.455778,True,5.893,True,0.522228,0.458661
1.420,True,6.010,True,0.498116,0.459833,True,5.895,True,0.522228,0.458661
1.431,True,5.981,True,0.497698,0.463787,True,5.888,True,0.524440,0.460404
1.442,True,5.941,True,0.497698,0.463787,True,5.854,True,0.526124,0.462414
1.454,True,5.925,True,0.495766,0.467916,True,5.842,True,0.526124,0.462414
1.464,True,5.892,True,0.495766,0.467916,True,5.822,True,0.527027,0.464580
1.476,True,5.867,True,0.493448,0.472120,True,5.801,True,0.528086,0.466143
1.487,True,5.825,True,0.492210,0.475834,True,5.777,True,0.528086,0.466143
1.499,True,5.806,True,0.492210,0.475834,True,5.772,True,0.530169,0.467146
1.509,True,5.749,True,0.491650,0.478469,True,5.771,True,0.533446,0.468394
1.520,True,5.673,True,0.490980,0.479840,True,5.775,True,0.533446,0.468394
1.531,True,5.650,True,0.490980,0.479840,True,5.394,True,0.529023,0.459684
1.542,True,5.310,True,0.493953,0.476503,True,5.076,True,0.529023,0.459684
1.553,False,0.000,False,0.000000,0.000000,False,0.000,False,0.000000,0.000000
1.564,False,0.000,False,0.000000,0.000000,False,0.000,False,0.000000,0.000000
1.576,False,0.000,False,0.000000,0.000000,False,0.000,False,0.000000,0.000000
1.587,False,0.000,False,0.000000,0.000000,False,0.000,False,0.000000,0.000000
1.598,False,0.000,False,0.000000,0.000000,False,0.000,False,0.000000,0.000000
1.609,False,0.000,False,0.000000,0.000000,False,0.000,False,0.000000,0.000000
1.621,False,0.000,False,0.000000,0.000000,False,0.000,False,0.000000,0.000000
1.632,False,0.000,False,0.000000,0.000000,False,0.000,False,0.000000,0.000000
1.643,False,0.000,False,0.000000,0.000000,False,0.000,False,0.000000,0.000000
1.654,True,4.000,True,0.488322,0.471057,False,0.000,False,0.000000,0.000000
1.665,True,4.000,True,0.490803,0.469920,True,4.000,True,0.521671,0.459429
1.676,True,4.000,True,0.490803,0.469920,True,4.000,True,0.520624,0.457202
1.688,True,4.000,True,0.491886,0.469670,True,4.000,True,0.520624,0.457202
1.698,True,4.000,True,0.492745,0.469100,True,4.000,True,0.520290,0.455670
1.709,True,4.000,True,0.492745,0.469100,True,4.000,True,0.519373,0.454506
1.721,True,4.000,True,0.493693,0.468517,True,4.000,True,0.519373,0.454506
1.731,True,4.000,True,0.494348,0.467796,True,4.000,True,0.518509,0.453230
1.743,True,4.000,True,0.494348,0.467796,True,4.000,True,0.518438,0.452184
1.754,True,4.000,True,0.495507,0.467319,True,4.000,True,0.518438,0.452184
1.765,True,4.000,True,0.495507,0.467319,True,4.000,True,0.519020,0.450968
1.776,True,4.000,True,0.496815,0.467485,True,4.000,True,0.519834,0.449899
1.787,True,4.000,True,0.498069,0.467907,True,4.000,True,0.519834,0.449899
1.798,True,4.000,True,0.499149,0.468735,True,4.000,True,0.520790,0.449453
1.810,True,4.000,True,0.499149,0.468735,True,4.000,True,0.522045,0.448978
1.820,True,4.000,True,0.500268,0.469412,True,4.000,True,0.523283,0.448730
1.831,True,4.000,True,0.500268,0.469412,True,4.000,True,0.523283,0.448730
1.842,True,4.000,True,0.501138,0.470013,True,4.000,True,0.524052,0.448839
1.854,True,4.000,True,0.501889,0.470795,True,4.000,True,0.524052,0.448839
1.868,True,4.000,True,0.502180,0.471536,True,4.000,True,0.525523,0.448526
1.887,True,4.000,True,0.502902,0.472399,True,4.000,True,0.526598,0.448549
1.899,True,4.000,True,0.503607,0.472998,True,4.000,True,0.527538,0.448625
1.910,True,4.000,True,0.503607,0.472998,True,4.000,True,0.528425,0.448578
1.920,True,4.000,True,0.504131,0.473755,True,4.000,True,0.528425,0.448578
1.931,True,4.000,True,0.504448,0.474456,True,4.000,True,0.529318,0.448917
1.942,True,4.000,True,0.504448,0.474456,True,4.000,True,0.529995,0.449319
1.953,True,4.000,True,0.504564,0.475138,True,4.000,True,0.529995,0.449319
1.965,True,4.000,True,0.504564,0.475138,True,4.000,True,0.531170,0.449228
1.976,True,4.000,True,0.504692,0.476420,True,4.000,True,0.531170,0.449228
1.987,True,4.000,True,0.504467,0.477237,True,4.000,True,0.531790,0.449746
1.998,True,4.000,True,0.504419,0.477569,True,4.000,True,0.532266,0.450055
2.010,True,4.000,True,0.504419,0.477569,True,4.000,True,0.531948,0.449573
2.020,True,4.000,True,0.504419,0.477569,True,4.000,True,0.531948,0.449573
2.031,True,4.000,True,0.505958,0.476253,True,4.000,True,0.530724,0.446732
2.042,True,4.000,True,0.508059,0.473939,True,4.000,True,0.530724,0.446732
2.054,True,4.000,True,0.508475,0.473374,True,4.000,True,0.528612,0.444397
2.065,True,4.000,True,0.508475,0.473374,True,4.000,True,0.530197,0.443980
2.076,True,4.000,True,0.508475,0.473374,True,4.000,True,0.530197,0.443980
2.087,True,4.000,True,0.508862,0.474444,True,4.000,True,0.531240,0.444180
2.099,True,4.000,True,0.509280,0.472723,True,4.000,True,0.530840,0.443705
2.109,True,4.000,True,0.509280,0.472723,True,4.000,True,0.530840,0.443705
2.120,True,4.000,True,0.509280,0.472723,True,4.000,True,0.529885,0.443898
2.131,True,4.000,True,0.507666,0.470937,True,4.000,True,0.526398,0.445597
2.143,True,4.000,True,0.504271,0.467336,True,4.000,True,0.526398,0.445597
2.154,True,4.000,True,0.501314,0.464686,True,4.000,True,0.521487,0.447022
2.165,True,4.000,True,0.501314,0.464686,True,4.000,True,0.518844,0.447569
2.176,True,4.000,True,0.500007,0.464533,True,4.000,True,0.518844,0.447569
2.187,True,5.100,True,0.499906,0.464944,True,5.256,True,0.518924,0.447469
2.198,True,5.174,True,0.499906,0.464944,True,5.427,True,0.518984,0.447600
2.209,True,5.254,True,0.499423,0.465594,True,5.589,True,0.518984,0.447600
2.220,True,5.424,True,0.498281,0.466163,True,5.868,True,0.518527,0.447616
2.231,True,5.463,True,0.498281,0.466163,True,5.926,True,0.518527,0.447616
2.242,True,5.450,True,0.496745,0.466396,True,5.138,True,0.517819,0.448526
2.254,True,5.435,True,0.495949,0.466734,True,4.844,True,0.517073,0.449410
2.264,True,5.424,True,0.495949,0.466734,True,4.618,True,0.516740,0.450136
2.275,True,5.419,True,0.495180,0.467669,True,4.386,True,0.518464,0.449811
2.286,True,5.403,True,0.499588,0.468917,True,4.377,True,0.518464,0.449811
2.298,True,5.391,True,0.499588,0.468917,True,4.371,True,0.524467,0.447783
2.309,True,5.374,True,0.504776,0.470737,True,4.367,True,0.524467,0.447783
2.320,True,5.366,True,0.506656,0.471998,True,4.378,True,0.527961,0.446284
2.332,True,5.361,True,0.506656,0.471998,True,4.387,True,0.529153,0.446094
2.342,True,5.357,True,0.507346,0.473543,True,4.400,True,0.529153,0.446094
2.353,True,5.351,True,0.508681,0.475271,True,4.393,True,0.531230,0.446068
2.364,True,5.347,True,0.508681,0.475271,True,4.385,True,0.531230,0.446068
2.376,True,5.335,True,0.510138,0.477086,True,4.371,True,0.533740,0.446057
2.386,True,5.328,True,0.510138,0.477086,True,4.361,True,0.535481,0.446090
2.398,True,5.329,True,0.511236,0.478054,True,4.358,True,0.537008,0.446142
2.409,True,5.329,True,0.512185,0.478850,True,4.357,True,0.537008,0.446142
2.420,True,5.330,True,0.512185,0.478850,True,4.352,True,0.539082,0.446140
2.431,True,5.334,True,0.513689,0.480304,True,4.347,True,0.539082,0.446140
2.443,True,5.339,True,0.514653,0.481482,True,4.342,True,0.540905,0.445888
2.453,True,5.341,True,0.514653,0.481482,True,4.349,True,0.542686,0.445616
2.464,True,5.341,True,0.515516,0.481778,True,4.355,True,0.542686,0.445616
2.476,True,5.352,True,0.516085,0.481225,True,4.351,True,0.543405,0.445341
2.487,True,5.352,True,0.516067,0.480948,True,4.352,True,0.543272,0.445263
2.498,True,5.351,True,0.516067,0.480948,True,4.352,True,0.543272,0.445263
2.509,True,5.350,True,0.516067,0.480948,True,4.355,True,0.543185,0.445114
2.521,True,5.341,True,0.514488,0.480190,True,4.359,True,0.543185,0.445114
2.532,True,5.321,True,0.510938,0.479436,True,4.363,True,0.539202,0.445809
2.548,True,5.297,True,0.510662,0.479081,True,4.336,True,0.536496,0.445456
2.559,True,5.290,True,0.511811,0.478617,True,4.320,True,0.536605,0.444271
2.571,True,5.283,True,0.512189,0.477978,True,4.314,True,0.536798,0.442966
2.582,True,5.278,True,0.512189,0.477978,True,4.310,True,0.536798,0.442966
2.593,True,5.281,True,0.512737,0.476565,True,4.310,True,0.536127,0.441267
2.604,True,5.285,True,0.512737,0.476565,True,4.318,True,0.536127,0.441267
2.615,True,5.283,True,0.513041,0.475401,True,4.325,True,0.536127,0.441267
2.626,True,5.292,True,0.513331,0.473299,True,4.339,True,0.535228,0.440538
2.637,True,5.301,True,0.513331,0.473299,True,4.331,True,0.534150,0.439602
2.648,True,5.311,True,0.513320,0.471310,True,4.322,True,0.534150,0.439602
2.660,True,5.320,True,0.513320,0.471310,True,4.331,True,0.532600,0.438781
2.670,True,5.343,True,0.512994,0.466758,True,4.340,True,0.530943,0.437667
2.682,True,5.355,True,0.512994,0.466758,True,4.355,True,0.529408,0.436623
2.693,True,5.357,True,0.512399,0.464936,True,4.376,True,0.529408,0.436623
2.704,True,5.357,True,0.512399,0.464936,True,4.376,True,0.529408,0.436623
2.715,True,5.393,True,0.512453,0.463010,True,4.386,True,0.527139,0.435590
2.727,True,5.395,True,0.512230,0.462148,True,4.387,True,0.526730,0.435644
2.737,True,5.391,True,0.511681,0.461722,True,4.384,True,0.526730,0.435644
2.749,True,5.386,True,0.511681,0.461722,True,4.384,True,0.526041,0.436034
2.759,True,5.379,True,0.511681,0.461722,True,4.384,True,0.526041,0.436034
2.770,True,5.373,True,0.510894,0.462319,True,4.364,True,0.525703,0.436164
2.781,True,5.371,True,0.510894,0.462319,True,4.360,True,0.525845,0.436825
2.793,True,5.368,True,0.510894,0.462319,True,4.356,True,0.525845,0.436825
2.804,True,5.351,True,0.510380,0.464562,True,4.334,True,0.525988,0.437640
2.815,True,5.343,True,0.510380,0.464562,True,4.328,True,0.525988,0.437640
2.826,True,5.338,True,0.510380,0.464562,True,4.324,True,0.526728,0.438029
2.837,True,5.331,True,0.509853,0.466800,True,4.321,True,0.526728,0.438029
2.848,True,5.307,True,0.509853,0.466800,True,4.314,True,0.527262,0.438547
2.859,True,5.300,True,0.508853,0.468271,True,4.308,True,0.527266,0.439513
2.871,True,5.289,True,0.508479,0.468734,True,4.303,True,0.527266,0.439513
2.881,True,5.257,True,0.508375,0.468914,True,4.276,True,0.527680,0.440933
2.892,True,5.231,True,0.507808,0.469737,True,4.266,True,0.527680,0.440933
2.903,True,5.196,True,0.507351,0.470306,True,4.248,True,0.527783,0.441696
2.914,True,5.188,True,0.507351,0.470306,True,4.243,True,0.527783,0.441696
2.926,True,5.184,True,0.507351,0.470306,True,4.245,True,0.527532,0.442519
2.937,True,5.162,True,0.506587,0.471272,True,4.241,True,0.527395,0.443149
2.948,True,5.154,True,0.506587,0.471272,True,4.226,True,0.527266,0.443323
2.959,True,5.151,True,0.505939,0.471739,True,4.213,True,0.527266,0.443323
2.970,True,5.135,True,0.505956,0.472362,True,4.191,True,0.527584,0.443940
2.982,True,5.125,True,0.505956,0.472362,True,4.184,True,0.527584,0.443940
2.993,True,5.117,True,0.505956,0.472362,True,4.176,True,0.528331,0.444710
3.004,True,5.102,True,0.506918,0.472689,True,4.173,True,0.528501,0.445424
3.015,True,5.083,True,0.506903,0.472882,True,4.172,True,0.528501,0.445424
3.026,True,5.081,True,0.506499,0.472366,True,4.134,True,0.528076,0.445897
3.037,True,5.092,True,0.506499,0.472366,True,4.131,True,0.527412,0.446083
3.048,True,5.103,True,0.505614,0.472279,True,4.130,True,0.527412,0.446083
3.059,True,5.119,True,0.504667,0.472700,True,4.131,True,0.527180,0.446339
3.070,True,5.120,True,0.504667,0.472700,True,4.128,True,0.526614,0.446728
3.082,True,5.112,True,0.504155,0.472940,True,4.121,True,0.526614,0.446728
3.093,True,5.105,True,0.504155,0.472940,True,4.115,True,0.526617,0.446898
3.104,True,5.100,True,0.503579,0.472599,True,4.119,True,0.526390,0.446995
3.115,True,5.098,True,0.502858,0.473070,True,4.126,True,0.526390,0.446995
3.126,True,5.101,True,0.502858,0.473070,True,4.129,True,0.525974,0.447353
3.137,True,5.094,True,0.502202,0.472830,True,4.132,True,0.525974,0.447353
3.148,True,5.094,True,0.501216,0.473260,True,4.130,True,0.525262,0.447772
3.159,True,5.108,True,0.500253,0.473364,True,4.122,True,0.524836,0.448520
3.170,True,5.118,True,0.500253,0.473364,True,4.120,True,0.524836,0.448520
3.181,True,5.109,True,0.499368,0.473196,True,4.126,True,0.524398,0.449270
3.192,True,5.102,True,0.498163,0.473649,True,4.123,True,0.524043,0.449917
3.203,True,5.101,True,0.498163,0.473649,True,4.122,True,0.524043,0.449917
3.214,True,5.104,True,0.497470,0.474227,True,4.122,True,0.523646,0.450833
3.225,True,5.121,True,0.496241,0.474775,True,4.113,True,0.523440,0.451871
3.237,True,5.130,True,0.496241,0.474775,True,4.107,True,0.523325,0.452964
3.248,True,5.137,True,0.496241,0.474775,True,4.102,True,0.523325,0.452964
3.259,True,5.143,True,0.494047,0.475460,True,4.081,True,0.522700,0.454550
3.270,True,5.141,True,0.494047,0.475460,True,4.075,True,0.522700,0.454550
3.281,True,5.133,True,0.493493,0.475549,True,4.074,True,0.522327,0.456543
3.293,True,5.129,True,0.492833,0.475649,True,4.075,True,0.522327,0.456543
3.304,True,5.126,True,0.492833,0.475649,True,4.076,True,0.522169,0.457116
3.314,True,5.124,True,0.492833,0.475649,True,4.077,True,0.522169,0.457116
3.326,True,5.126,True,0.493060,0.476318,True,4.087,True,0.522711,0.457495
3.337,True,5.126,True,0.493060,0.476318,True,4.091,True,0.522711,0.457495
3.349,True,5.134,True,0.493556,0.476759,True,4.097,True,0.523290,0.457427
3.359,True,5.146,True,0.493556,0.476759,True,4.123,True,0.524508,0.457027
3.370,True,5.154,True,0.494502,0.477110,True,4.132,True,0.524508,0.457027
3.381,True,5.156,True,0.496019,0.477414,True,4.145,True,0.525417,0.456262
3.392,True,5.151,True,0.497765,0.477906,True,4.162,True,0.527062,0.454925
3.403,True,5.147,True,0.497765,0.477906,True,4.166,True,0.527062,0.454925
3.415,True,5.151,True,0.499510,0.477980,True,4.168,True,0.528813,0.453361
3.426,True,5.160,True,0.499510,0.477980,True,4.189,True,0.530039,0.451972
3.437,True,5.169,True,0.501611,0.478104,True,4.205,True,0.530039,0.451972
3.448,True,5.189,True,0.503348,0.478168,True,4.220,True,0.531211,0.450477
3.459,True,5.216,True,0.503348,0.478168,True,4.255,True,0.532589,0.449198
3.470,True,5.230,True,0.505042,0.478126,True,4.264,True,0.532589,0.449198
3.481,True,5.239,True,0.505042,0.478126,True,4.272,True,0.533884,0.448130
3.492,True,5.237,True,0.506454,0.478306,True,4.289,True,0.535031,0.447231
3.503,True,5.236,True,0.508066,0.478565,True,4.298,True,0.535031,0.447231
3.514,True,5.235,True,0.508066,0.478565,True,4.297,True,0.535031,0.447231
3.526,True,5.252,True,0.509328,0.478838,True,4.301,True,0.536088,0.446417
3.537,True,5.275,True,0.510958,0.479110,True,4.305,True,0.537253,0.445719
3.549,True,5.294,True,0.510958,0.479110,True,4.312,True,0.538218,0.444685
3.560,True,5.290,True,0.511992,0.479125,True,4.325,True,0.539311,0.443594
3.571,True,5.255,True,0.513703,0.479083,True,4.346,True,0.540145,0.442610
3.582,True,5.260,True,0.515453,0.479087,True,4.351,True,0.540145,0.442610
3.593,True,5.264,True,0.515453,0.479087,True,4.355,True,0.540145,0.442610
3.604,True,5.277,True,0.517121,0.478650,True,4.379,True,0.541878,0.440387
3.615,True,5.284,True,0.517121,0.478650,True,4.392,True,0.541878,0.440387
3.626,True,5.277,True,0.518310,0.478342,True,4.396,True,0.542723,0.439266
3.637,True,5.285,True,0.519797,0.478056,True,4.407,True,0.543644,0.438536
3.648,True,5.285,True,0.520752,0.478333,True,4.413,True,0.543644,0.438536
3.659,True,5.285,True,0.520752,0.478333,True,4.410,True,0.544374,0.437808
3.671,True,5.311,True,0.521865,0.478840,True,4.412,True,0.545310,0.437325
3.682,True,5.319,True,0.521865,0.478840,True,4.415,True,0.545310,0.437325
3.693,True,5.327,True,0.522968,0.479160,True,4.417,True,0.545310,0.437325
3.704,True,5.327,True,0.526722,0.482181,True,4.437,True,0.557543,0.435360
3.715,True,5.302,True,0.532828,0.484226,True,4.453,True,0.557543,0.435360
3.726,True,5.281,True,0.532828,0.484226,True,4.467,True,0.562305,0.433532
3.737,True,5.259,True,0.536373,0.483814,True,4.485,True,0.562305,0.433532
3.749,True,5.271,True,0.538202,0.483695,True,4.492,True,0.563136,0.432200
3.759,True,5.285,True,0.538202,0.483695,True,4.521,True,0.564133,0.430407
3.771,True,5.285,True,0.539723,0.483251,True,4.564,True,0.565063,0.429133
3.781,True,5.303,True,0.540924,0.482877,True,4.579,True,0.565063,0.429133
3.793,True,5.317,True,0.540924,0.482877,True,4.588,True,0.565063,0.429133
3.804,True,5.322,True,0.542023,0.482952,True,4.583,True,0.565395,0.427849
3.815,True,5.339,True,0.542800,0.482795,True,4.601,True,0.566255,0.427194
3.826,True,5.348,True,0.542800,0.482795,True,4.596,True,0.566341,0.426600
3.837,True,5.366,True,0.543063,0.482933,True,4.592,True,0.566341,0.426600
3.848,True,5.389,True,0.542797,0.483111,True,4.581,True,0.566362,0.426757
3.859,True,5.394,True,0.542797,0.483111,True,4.580,True,0.566314,0.427430
3.870,True,5.373,True,0.541823,0.483815,True,4.581,True,0.566314,0.427430
3.881,True,5.354,True,0.541823,0.483815,True,4.581,True,0.565809,0.428115
3.892,True,5.350,True,0.541100,0.484247,True,4.579,True,0.564939,0.428705
3.904,True,5.352,True,0.541100,0.484247,True,4.577,True,0.564939,0.428705
3.915,True,5.374,True,0.539875,0.483832,True,4.591,True,0.563495,0.428898
3.926,True,5.427,True,0.539118,0.483503,True,4.613,True,0.563495,0.428898
3.937,True,5.443,True,0.538553,0.481990,True,4.614,True,0.562665,0.428753
3.948,True,5.454,True,0.538553,0.481990,True,4.611,True,0.561318,0.428550
3.960,True,5.479,True,0.537939,0.481128,True,4.614,True,0.560458,0.428372
3.976,True,5.493,True,0.537254,0.480892,True,4.628,True,0.560321,0.428377
3.987,True,5.478,True,0.537254,0.480892,True,4.633,True,0.560321,0.428377
3.998,True,5.464,True,0.537254,0.480892,True,4.637,True,0.560321,0.428377
4.009,True,5.446,True,0.537050,0.480768,True,4.648,True,0.561174,0.427989
4.020,True,5.434,True,0.536887,0.481174,True,4.651,True,0.561174,0.427989
4.034,True,5.395,True,0.535812,0.480983,True,4.678,True,0.562353,0.427045
4.054,True,5.342,True,0.534708,0.480468,True,4.671,True,0.563690,0.426603
4.064,True,5.322,True,0.534708,0.480468,True,4.656,True,0.564963,0.426959
4.076,True,5.361,True,0.533007,0.482529,True,4.630,True,0.564963,0.426959
4.087,True,5.340,True,0.533007,0.482529,True,4.627,True,0.566228,0.426052
4.097,True,5.305,True,0.532984,0.483750,True,4.623,True,0.565582,0.422799
4.109,True,5.270,True,0.536076,0.483992,True,4.619,True,0.565582,0.422799
4.120,True,5.240,True,0.536076,0.483992,True,4.647,True,0.566353,0.421659
4.131,True,5.287,True,0.538295,0.483459,True,4.686,True,0.564716,0.419196
4.142,True,5.338,True,0.539924,0.483680,True,4.717,True,0.563383,0.418127
4.153,True,5.380,True,0.539924,0.483680,True,4.741,True,0.563383,0.418127
4.165,True,5.396,True,0.540690,0.482674,True,4.757,True,0.563383,0.418127
4.175,True,5.389,True,0.539522,0.481255,True,4.742,True,0.560596,0.417838
4.186,True,5.387,True,0.537771,0.479895,True,4.742,True,0.557641,0.417692
4.198,True,5.383,True,0.537771,0.479895,True,4.740,True,0.557641,0.417692
4.209,True,5.416,True,0.537676,0.479345,True,4.733,True,0.554436,0.418568
4.220,True,5.471,True,0.537676,0.479345,True,4.728,True,0.552177,0.418703
4.231,True,5.498,True,0.536408,0.477887,True,4.727,True,0.552177,0.418703
4.242,True,5.512,True,0.534848,0.476715,True,4.746,True,0.549487,0.418677
4.253,True,5.511,True,0.534848,0.476715,True,4.731,True,0.546119,0.419614
4.264,True,5.510,True,0.528383,0.475005,True,4.715,True,0.542306,0.420928
4.275,True,5.510,True,0.528383,0.475005,True,4.715,True,0.542306,0.420928
4.287,True,5.521,True,0.528383,0.475005,True,4.695,True,0.538688,0.422848
4.297,True,5.523,True,0.525347,0.474066,True,4.690,True,0.538688,0.422848
4.309,True,5.542,True,0.522254,0.473449,True,4.678,True,0.532168,0.426807
4.320,True,5.554,True,0.522254,0.473449,True,4.671,True,0.532168,0.426807
4.331,True,5.547,True,0.519456,0.472624,True,4.668,True,0.532168,0.426807
4.342,True,5.537,True,0.516292,0.472021,True,4.663,True,0.528805,0.428299
4.353,True,5.533,True,0.516292,0.472021,True,4.660,True,0.525866,0.430077
4.364,True,5.520,True,0.513248,0.471329,True,4.651,True,0.522394,0.431579
4.376,True,5.525,True,0.509975,0.470281,True,4.646,True,0.522394,0.431579
4.387,True,5.529,True,0.509975,0.470281,True,4.639,True,0.518573,0.433488
4.398,True,5.558,True,0.506182,0.468459,True,4.644,True,0.515157,0.434812
4.408,True,5.569,True,0.502480,0.466028,True,4.654,True,0.515157,0.434812
4.420,True,5.577,True,0.502480,0.466028,True,4.651,True,0.515157,0.434812
4.431,True,5.622,True,0.498708,0.464118,True,4.645,True,0.508069,0.437048
4.442,True,5.636,True,0.495189,0.462124,True,4.643,True,0.508069,0.437048
4.453,True,5.647,True,0.495189,0.462124,True,4.636,True,0.505353,0.438460
4.464,True,5.663,True,0.491695,0.461008,True,4.625,True,0.503355,0.440176
4.475,True,5.654,True,0.489079,0.459703,True,4.619,True,0.503355,0.440176
4.486,True,5.647,True,0.489079,0.459703,True,4.608,True,0.501288,0.441587
4.497,True,5.654,True,0.485281,0.458375,True,4.599,True,0.501288,0.441587
4.509,True,5.662,True,0.483393,0.457362,True,4.578,True,0.499277,0.443237
4.520,True,5.664,True,0.483393,0.457362,True,4.569,True,0.497082,0.443929
4.531,True,5.693,True,0.481364,0.456237,True,4.562,True,0.497082,0.443929
4.542,True,5.717,True,0.481364,0.456237,True,4.552,True,0.494886,0.444320
4.554,True,5.778,True,0.479433,0.454934,True,4.541,True,0.492855,0.444801
4.565,True,5.762,True,0.477610,0.452628,True,4.542,True,0.490496,0.444968
4.576,True,5.762,True,0.477610,0.452628,True,4.542,True,0.490496,0.444968
4.587,True,5.758,True,0.476239,0.450904,True,4.543,True,0.488129,0.444372
4.598,True,5.769,True,0.474085,0.449056,True,4.536,True,0.486267,0.443913
4.609,True,5.768,True,0.473371,0.448182,True,4.531,True,0.486267,0.443913
4.620,True,5.766,True,0.473371,0.448182,True,4.530,True,0.486267,0.443913
4.631,True,5.746,True,0.480736,0.450752,True,4.529,True,0.489768,0.442986
4.642,True,5.716,True,0.489563,0.454794,True,4.496,True,0.499942,0.441867
4.653,True,5.708,True,0.489563,0.454794,True,4.488,True,0.510890,0.438085
4.665,True,5.636,True,0.498290,0.457307,True,4.483,True,0.510890,0.438085
4.676,True,5.517,True,0.506128,0.459298,True,4.483,True,0.519308,0.435264
4.687,True,5.470,True,0.506128,0.459298,True,4.489,True,0.524311,0.432492
4.698,True,5.422,True,0.509143,0.459452,True,4.494,True,0.524311,0.432492
4.709,True,5.368,True,0.508072,0.459893,True,4.497,True,0.523541,0.432949
4.720,True,5.351,True,0.508072,0.459893,True,4.480,True,0.522472,0.434072
4.731,True,5.346,True,0.507040,0.460073,True,4.465,True,0.522472,0.434072
4.742,True,5.337,True,0.505794,0.460533,True,4.436,True,0.521309,0.435235
4.754,True,5.332,True,0.505794,0.460533,True,4.433,True,0.519958,0.436392
4.765,True,5.350,True,0.503941,0.460308,True,4.415,True,0.518353,0.437287
4.776,True,5.344,True,0.502699,0.459822,True,4.402,True,0.518353,0.437287
4.787,True,5.339,True,0.502699,0.459822,True,4.384,True,0.516527,0.438203
4.798,True,5.314,True,0.500888,0.459040,True,4.352,True,0.515234,0.438938
4.810,True,5.310,True,0.499827,0.458836,True,4.339,True,0.515234,0.438938
4.820,True,5.309,True,0.499827,0.458836,True,4.332,True,0.514149,0.439659
4.832,True,5.287,True,0.498530,0.458934,True,4.327,True,0.514149,0.439659
4.842,True,5.259,True,0.498274,0.460215,True,4.300,True,0.513994,0.440959
4.853,True,5.252,True,0.498274,0.460215,True,4.286,True,0.514601,0.442155
4.864,True,5.238,True,0.497751,0.461519,True,4.260,True,0.515283,0.443103
4.875,True,5.228,True,0.497287,0.463023,True,4.250,True,0.515283,0.443103
4.887,True,5.219,True,0.497287,0.463023,True,4.244,True,0.515701,0.444519
4.898,True,5.184,True,0.496609,0.463917,True,4.219,True,0.515764,0.445382
4.909,True,5.167,True,0.496167,0.464494,True,4.202,True,0.515764,0.445382
4.920,True,5.155,True,0.496167,0.464494,True,4.197,True,0.516079,0.445870
4.931,True,5.154,True,0.496167,0.464494,True,4.194,True,0.516079,0.445870
4.942,True,5.150,True,0.496168,0.465236,True,4.191,True,0.516381,0.446218
4.954,True,5.147,True,0.496168,0.465236,True,4.186,True,0.516798,0.446560
4.964,True,5.149,True,0.495719,0.465506,True,4.181,True,0.516798,0.446560
4.976,True,5.177,True,0.489108,0.464393,True,4.186,True,0.515321,0.447590
4.987,True,5.200,True,0.489108,0.464393,True,4.189,True,0.515321,0.447590
4.999,True,5.224,True,0.482478,0.463843,True,4.194,True,0.508672,0.450702
5.009,True,5.233,True,0.482086,0.464272,True,4.301,True,0.505147,0.452196
5.020,True,5.238,True,0.482086,0.464272,True,4.390,True,0.505147,0.452196
5.031,True,5.226,True,0.482546,0.465109,True,4.518,True,0.506558,0.452904
5.042,True,5.215,True,0.483091,0.465283,True,4.557,True,0.506558,0.452904
5.053,True,5.206,True,0.483091,0.465283,True,4.581,True,0.507297,0.452665
5.064,True,5.184,True,0.483564,0.465579,True,4.585,True,0.507297,0.452665
5.075,True,5.168,True,0.483564,0.465579,True,4.586,True,0.507980,0.452351
5.086,True,5.147,True,0.484056,0.466019,True,4.591,True,0.508762,0.452204
5.097,True,5.147,True,0.484617,0.465975,True,4.594,True,0.508762,0.452204
5.108,True,5.159,True,0.485228,0.466246,True,4.594,True,0.509182,0.451838
5.120,True,5.167,True,0.485228,0.466246,True,4.594,True,0.509182,0.451838
5.131,True,5.184,True,0.485594,0.466257,True,4.590,True,0.509919,0.451717
5.142,True,5.196,True,0.485594,0.466257,True,4.601,True,0.510139,0.451743
5.153,True,5.205,True,0.485800,0.466290,True,4.617,True,0.510139,0.451743
5.164,True,5.206,True,0.486144,0.466056,True,4.623,True,0.510508,0.451853
5.175,True,5.205,True,0.486144,0.466056,True,4.624,True,0.511145,0.451769
5.186,True,5.202,True,0.486735,0.465911,True,4.622,True,0.511145,0.451769
5.198,True,5.192,True,0.487501,0.465687,True,4.615,True,0.511769,0.451860
5.209,True,5.185,True,0.488748,0.465703,True,4.605,True,0.512805,0.451551
5.221,True,5.186,True,0.488748,0.465703,True,4.602,True,0.512805,0.451551
5.231,True,5.187,True,0.488748,0.465703,True,4.603,True,0.514439,0.450747
5.242,True,5.194,True,0.488748,0.465703,True,4.605,True,0.514439,0.450747
5.253,True,5.244,True,0.479468,0.462654,True,4.611,True,0.514480,0.451175
5.264,True,5.280,True,0.479468,0.462654,True,4.604,True,0.506824,0.454840
5.275,True,5.254,True,0.458157,0.457948,True,4.525,True,0.500729,0.458211
5.286,True,5.247,True,0.458157,0.457948,True,4.496,True,0.500729,0.458211
5.298,True,5.240,True,0.458157,0.457948,True,4.188,True,0.488630,0.456103
5.308,True,4.619,True,0.452722,0.446653,True,3.388,True,0.488630,0.456103
5.320,True,4.594,True,0.448380,0.447764,True,2.952,True,0.477085,0.448798
5.331,True,4.590,True,0.448380,0.447764,True,2.967,True,0.480797,0.457266
5.342,True,4.968,True,0.447926,0.450667,True,3.394,True,0.483664,0.459717
5.353,True,5.163,True,0.451980,0.451626,True,3.718,True,0.483664,0.459717
5.365,True,5.295,True,0.451980,0.451626,True,4.035,True,0.484543,0.459422
5.376,True,5.465,True,0.455444,0.451148,True,4.353,True,0.485229,0.458601
5.386,True,5.518,True,0.459018,0.452117,True,4.410,True,0.485229,0.458601
5.397,True,5.560,True,0.459018,0.452117,True,4.434,True,0.486828,0.458005
5.409,True,5.443,True,0.463467,0.453919,True,4.461,True,0.488398,0.457685
5.420,True,5.430,True,0.465984,0.455535,True,4.469,True,0.488398,0.457685
5.431,True,5.422,True,0.465984,0.455535,True,4.482,True,0.490466,0.457358
5.442,True,5.388,True,0.468031,0.457118,True,4.497,True,0.492946,0.456467
5.453,True,5.369,True,0.469706,0.458774,True,4.501,True,0.492946,0.456467
5.464,True,5.349,True,0.469706,0.458774,True,4.520,True,0.495158,0.456053
5.475,True,5.358,True,0.471754,0.460101,True,4.559,True,0.497377,0.455539
5.487,True,5.378,True,0.472756,0.461462,True,4.580,True,0.497377,0.455539
5.498,True,5.370,True,0.474126,0.462713,True,4.604,True,0.498865,0.455648
5.509,True,5.345,True,0.474126,0.462713,True,4.613,True,0.500571,0.455596
5.520,True,5.310,True,0.475143,0.463698,True,4.619,True,0.500571,0.455596
5.531,True,5.228,True,0.475523,0.464998,True,4.640,True,0.502051,0.455634
5.542,True,5.188,True,0.475523,0.464998,True,4.637,True,0.503351,0.455273
5.553,True,5.185,True,0.476995,0.465717,True,4.634,True,0.503351,0.455273
5.564,True,5.203,True,0.477782,0.466285,True,4.663,True,0.503929,0.455690
5.576,True,5.220,True,0.477782,0.466285,True,4.675,True,0.503995,0.455848
5.587,True,5.252,True,0.476868,0.465855,True,4.684,True,0.503995,0.455848
5.598,True,5.398,True,0.468839,0.462791,True,4.704,True,0.500776,0.457426
5.609,True,5.498,True,0.468839,0.462791,True,4.703,True,0.493096,0.460453
5.621,True,5.542,True,0.460082,0.456430,True,4.702,True,0.493096,0.460453
5.632,True,5.660,True,0.451423,0.450456,True,4.703,True,0.484501,0.461921
5.643,True,5.724,True,0.451423,0.450456,True,4.673,True,0.475667,0.463483
5.654,True,5.729,True,0.442955,0.443426,True,4.648,True,0.475667,0.463483
5.665,True,5.755,True,0.434169,0.436827,True,4.663,True,0.466171,0.464189
5.676,True,5.767,True,0.434169,0.436827,True,4.678,True,0.457700,0.464139
5.687,True,5.799,True,0.428614,0.432194,True,4.692,True,0.457700,0.464139
5.698,True,5.863,True,0.423888,0.428198,True,4.698,True,0.451501,0.464740
5.709,True,5.888,True,0.423888,0.428198,True,4.689,True,0.446875,0.464122
5.720,True,5.888,True,0.420627,0.425032,True,4.682,True,0.446875,0.464122
5.731,True,5.885,True,0.420627,0.425032,True,4.676,True,0.443282,0.463322
5.743,True,5.830,True,0.418899,0.423154,True,4.694,True,0.441468,0.462210
5.753,True,5.842,True,0.419606,0.420809,True,4.712,True,0.441468,0.462210
5.765,True,5.859,True,0.420359,0.419042,True,4.771,True,0.440278,0.460030
5.776,True,5.863,True,0.420359,0.419042,True,4.822,True,0.440376,0.458184
5.787,True,5.870,True,0.422897,0.417921,True,4.862,True,0.440376,0.458184
5.798,True,5.868,True,0.426167,0.417379,True,4.968,True,0.442084,0.456527
5.809,True,5.864,True,0.426167,0.417379,True,5.000,True,0.442084,0.456527
5.820,True,5.841,True,0.431174,0.418872,True,4.983,True,0.444163,0.453047
5.832,True,5.821,True,0.431174,0.418872,True,4.917,True,0.448033,0.446463
5.842,True,5.805,True,0.437913,0.422536,True,4.809,True,0.455701,0.442789
5.853,True,5.802,True,0.452026,0.431014,True,4.774,True,0.455701,0.442789
5.865,True,5.804,True,0.452026,0.431014,True,4.727,True,0.469092,0.439101
5.875,True,5.804,True,0.452026,0.431014,True,4.727,True,0.469092,0.439101
5.886,True,5.679,True,0.475650,0.447486,True,4.706,True,0.481711,0.437288
5.897,True,5.618,True,0.475650,0.447486,True,4.684,True,0.493336,0.435229
5.909,True,5.495,True,0.486324,0.453586,True,4.658,True,0.503951,0.433095
5.920,True,5.495,True,0.486324,0.453586,True,4.658,True,0.503951,0.433095
5.931,True,5.374,True,0.506340,0.463197,True,4.651,True,0.514275,0.429968
5.942,True,5.349,True,0.506340,0.463197,True,4.671,True,0.523817,0.427205
5.953,True,5.334,True,0.506340,0.463197,True,4.688,True,0.523817,0.427205
5.964,True,5.340,True,0.515514,0.466876,True,4.703,True,0.532520,0.424447
5.975,True,5.333,True,0.517308,0.468071,True,4.729,True,0.527844,0.425985
5.986,True,5.332,True,0.517308,0.468071,True,4.740,True,0.527844,0.425985
5.998,True,5.309,True,0.497668,0.463063,True,4.657,True,0.518741,0.429013
6.009,True,5.287,True,0.497668,0.463063,True,4.626,True,0.518741,0.429013
6.020,True,5.321,True,0.495429,0.462419,True,4.477,True,0.512538,0.430840
6.031,True,5.347,True,0.500578,0.465299,True,4.256,True,0.514231,0.430298
6.042,True,5.344,True,0.500578,0.465299,True,4.187,True,0.517740,0.429807
6.053,True,5.306,True,0.503274,0.467504,True,4.141,True,0.517740,0.429807
6.064,True,5.270,True,0.503274,0.467504,True,4.128,True,0.521095,0.429813
6.075,True,5.209,True,0.505864,0.469067,True,4.143,True,0.521095,0.429813
6.086,True,5.195,True,0.505864,0.469067,True,4.148,True,0.523583,0.430391
6.098,True,5.215,True,0.507064,0.470747,True,4.150,True,0.524970,0.431404
6.109,True,5.220,True,0.507797,0.472142,True,4.146,True,0.524970,0.431404
6.120,True,5.224,True,0.507797,0.472142,True,4.151,True,0.525882,0.431754
6.131,True,5.216,True,0.507751,0.473275,True,4.164,True,0.526463,0.432653
6.142,True,5.211,True,0.507751,0.473275,True,4.166,True,0.526394,0.433792
6.153,True,5.195,True,0.507144,0.473644,True,4.168,True,0.526394,0.433792
6.164,True,5.183,True,0.507144,0.473644,True,4.169,True,0.526394,0.433792
6.176,True,5.175,True,0.505994,0.473528,True,4.169,True,0.524624,0.436102
6.190,True,5.191,True,0.504754,0.473279,True,4.176,True,0.523554,0.437015
6.209,True,5.194,True,0.503328,0.473149,True,4.188,True,0.523554,0.437015
6.220,True,5.212,True,0.502831,0.473054,True,4.188,True,0.522800,0.437672
6.231,True,5.227,True,0.502831,0.473054,True,4.181,True,0.522598,0.437517
6.243,True,5.242,True,0.502384,0.473093,True,4.166,True,0.522331,0.437421
6.253,True,5.224,True,0.502074,0.473092,True,4.159,True,0.522331,0.437421
6.264,True,5.197,True,0.502507,0.472951,True,4.148,True,0.522225,0.437026
6.275,True,5.197,True,0.502507,0.472951,True,4.148,True,0.522225,0.437026
6.287,True,5.186,True,0.502507,0.472951,True,4.134,True,0.522225,0.437026
6.298,True,5.146,True,0.502529,0.472270,True,4.112,True,0.522235,0.435804
6.309,True,5.152,True,0.502623,0.471629,True,4.102,True,0.521535,0.433819
6.320,True,5.129,True,0.502051,0.469627,True,4.097,True,0.520152,0.431225
6.331,True,5.111,True,0.502051,0.469627,True,4.095,True,0.520152,0.431225
6.343,True,5.023,True,0.500992,0.467450,True,4.079,True,0.519720,0.423762
6.354,True,4.993,True,0.500992,0.467450,True,4.073,True,0.519720,0.423762
6.368,True,5.112,True,0.511644,0.474526,True,4.125,True,0.535386,0.419078
6.379,True,5.157,True,0.511644,0.474526,True,4.144,True,0.535386,0.419078
6.390,False,0.000,False,0.000000,0.000000,True,4.141,True,0.549845,0.415356
6.401,False,0.000,False,0.000000,0.000000,True,4.192,True,0.563558,0.411968
6.412,False,0.000,False,0.000000,0.000000,True,4.169,True,0.571526,0.410150
6.423,False,0.000,False,0.000000,0.000000,True,4.150,True,0.571526,0.410150
6.434,False,0.000,False,0.000000,0.000000,True,3.495,True,0.559916,0.375761
6.446,False,0.000,False,0.000000,0.000000,False,0.000,False,0.000000,0.000000
6.457,False,0.000,False,0.000000,0.000000,False,0.000,False,0.000000,0.000000
6.468,False,0.000,False,0.000000,0.000000,False,0.000,False,0.000000,0.000000
6.479,False,0.000,False,0.000000,0.000000,False,0.000,False,0.000000,0.000000
6.491,False,0.000,False,0.000000,0.000000,False,0.000,False,0.000000,0.000000
6.501,False,0.000,False,0.000000,0.000000,False,0.000,False,0.000000,0.000000
6.512,False,0.000,False,0.000000,0.000000,False,0.000,False,0.000000,0.000000
6.523,False,0.000,False,0.000000,0.000000,False,0.000,False,0.000000,0.000000
6.535,False,0.000,False,0.000000,0.000000,False,0.000,False,0.000000,0.000000
6.546,False,0.000,False,0.000000,0.000000,False,0.000,False,0.000000,0.000000
6.557,False,0.000,False,0.000000,0.000000,False,0.000,False,0.000000,0.000000
6.568,False,0.000,False,0.000000,0.000000,False,0.000,False,0.000000,0.000000
6.579,False,0.000,False,0.000000,0.000000,False,0.000,False,0.000000,0.000000
6.591,False,0.000,False,0.000000,0.000000,False,0.000,False,0.000000,0.000000
6.602,False,0.000,False,0.000000,0.000000,False,0.000,False,0.000000,0.000000
6.613,False,0.000,False,0.000000,0.000000,False,0.000,False,0.000000,0.000000
6.624,False,0.000,False,0.000000,0.000000,False,0.000,False,0.000000,0.000000
6.635,False,0.000,False,0.000000,0.000000,False,0.000,False,0.000000,0.000000
6.647,False,0.000,False,0.000000,0.000000,False,0.000,False,0.000000,0.000000
6.657,False,0.000,False,0.000000,0.000000,False,0.000,False,0.000000,0.000000
6.668,False,0.000,False,0.000000,0.000000,False,0.000,False,0.000000,0.000000
6.679,False,0.000,False,0.000000,0.000000,False,0.000,False,0.000000,0.000000
6.690,False,0.000,False,0.000000,0.000000,False,0.000,False,0.000000,0.000000
6.701,False,0.000,False,0.000000,0.000000,False,0.000,False,0.000000,0.000000
6.712,False,0.000,False,0.000000,0.000000,False,0.000,False,0.000000,0.000000
6.724,False,0.000,False,0.000000,0.000000,False,0.000,False,0.000000,0.000000
6.735,False,0.000,False,0.000000,0.000000,False,0.000,False,0.000000,0.000000
6.746,False,0.000,False,0.000000,0.000000,False,0.000,False,0.000000,0.000000
6.757,False,0.000,False,0.000000,0.000000,False,0.000,False,0.000000,0.000000
6.768,False,0.000,False,0.000000,0.000000,False,0.000,False,0.000000,0.000000
6.779,False,0.000,False,0.000000,0.000000,False,0.000,False,0.000000,0.000000
6.790,False,0.000,False,0.000000,0.000000,False,0.000,False,0.000000,0.000000
6.801,True,4.000,True,0.558187,0.452450,False,0.000,False,0.000000,0.000000
6.812,True,4.000,True,0.558187,0.452450,False,0.000,False,0.000000,0.000000
6.823,True,4.000,True,0.546220,0.455036,True,4.139,True,0.562429,0.423790
6.835,True,4.000,True,0.534162,0.458063,True,4.139,True,0.562429,0.423790
6.846,True,4.000,True,0.523227,0.460988,True,4.139,True,0.553399,0.433119
6.857,True,4.000,True,0.523227,0.460988,True,4.139,True,0.545635,0.440835
6.868,True,4.000,True,0.514109,0.464665,True,4.139,True,0.545635,0.440835
6.879,True,4.000,True,0.507191,0.466968,True,4.139,True,0.540570,0.447171
6.890,True,4.000,True,0.507191,0.466968,True,4.139,True,0.535550,0.451610
6.901,True,4.000,True,0.503018,0.467430,True,4.139,True,0.535550,0.451610
6.912,True,4.000,True,0.499617,0.466243,True,4.139,True,0.530891,0.453524
6.923,True,4.000,True,0.499617,0.466243,True,4.139,True,0.527822,0.453881
6.935,True,4.000,True,0.498230,0.465096,True,4.139,True,0.526155,0.453307
6.945,True,4.000,True,0.498314,0.465311,True,4.139,True,0.526155,0.453307
6.957,True,4.000,True,0.498314,0.465311,True,4.139,True,0.527163,0.452117
6.968,True,4.000,True,0.500086,0.466802,True,4.139,True,0.527163,0.452117
6.979,True,4.000,True,0.502666,0.468619,True,4.139,True,0.529754,0.450560
6.990,True,4.000,True,0.502666,0.468619,True,4.139,True,0.532683,0.449143
7.001,True,4.000,True,0.505158,0.469868,True,4.139,True,0.535986,0.447177
7.012,True,4.000,True,0.508189,0.471307,True,4.139,True,0.535986,0.447177
7.023,True,4.000,True,0.508189,0.471307,True,4.139,True,0.535986,0.447177
7.034,True,4.000,True,0.511645,0.472632,True,4.139,True,0.542795,0.444064
7.046,True,4.000,True,0.514292,0.473267,True,4.139,True,0.542795,0.444064
7.057,True,4.000,True,0.514292,0.473267,True,4.139,True,0.544525,0.442821
7.068,True,4.000,True,0.514746,0.472542,True,4.139,True,0.543469,0.443183
7.079,True,4.000,True,0.511763,0.470071,True,4.139,True,0.543469,0.443183
7.090,True,4.000,True,0.511763,0.470071,True,4.139,True,0.536984,0.447828
7.101,True,4.000,True,0.495594,0.464558,True,4.139,True,0.517450,0.459267
7.112,True,4.000,True,0.495594,0.464558,True,4.139,True,0.517450,0.459267
7.123,True,4.000,True,0.441884,0.443340,True,4.139,True,0.493854,0.470233
7.134,True,4.000,True,0.441884,0.443340,False,0.000,False,0.000000,0.000000
7.146,True,4.000,True,0.422952,0.433225,False,0.000,False,0.000000,0.000000
7.157,True,4.000,True,0.422952,0.433225,False,0.000,False,0.000000,0.000000
7.168,True,4.000,True,0.410593,0.427956,False,0.000,False,0.000000,0.000000
7.179,True,4.000,True,0.408520,0.418203,False,0.000,False,0.000000,0.000000
7.190,True,4.000,True,0.408520,0.418203,False,0.000,False,0.000000,0.000000
7.201,True,4.000,True,0.407658,0.418426,False,0.000,False,0.000000,0.000000
7.213,True,4.000,True,0.407335,0.423407,False,0.000,False,0.000000,0.000000
7.224,True,4.000,True,0.407335,0.423407,False,0.000,False,0.000000,0.000000
7.235,True,4.000,True,0.413347,0.417512,False,0.000,False,0.000000,0.000000
7.246,True,4.000,True,0.413347,0.417512,False,0.000,False,0.000000,0.000000
7.257,True,4.000,True,0.430735,0.420140,False,0.000,False,0.000000,0.000000
7.269,True,4.000,True,0.430735,0.420140,False,0.000,False,0.000000,0.000000
7.279,True,4.000,True,0.430735,0.420140,False,0.000,False,0.000000,0.000000
7.290,True,4.000,True,0.439952,0.422535,False,0.000,False,0.000000,0.000000
7.301,True,4.000,True,0.449205,0.426148,False,0.000,False,0.000000,0.000000
7.312,True,4.000,True,0.456733,0.428893,False,0.000,False,0.000000,0.000000
7.323,True,4.000,True,0.460654,0.429734,True,4.139,True,0.470387,0.426554
7.335,True,4.000,True,0.460654,0.429734,True,4.139,True,0.470387,0.426554
7.346,True,5.368,True,0.460654,0.429734,True,2.950,True,0.471878,0.425395
7.357,True,5.660,True,0.464405,0.432127,True,3.004,True,0.476392,0.425600
7.368,True,5.785,True,0.474665,0.440825,True,3.178,True,0.476392,0.425600
7.379,True,5.876,True,0.474665,0.440825,True,3.501,True,0.489164,0.426272
7.390,True,5.804,True,0.487459,0.450064,True,4.201,True,0.502967,0.426320
7.401,True,5.720,True,0.499006,0.458084,True,4.401,True,0.502967,0.426320
7.412,True,5.649,True,0.499006,0.458084,True,4.490,True,0.516319,0.424857
7.423,True,5.590,True,0.509977,0.464229,True,4.515,True,0.516319,0.424857
7.434,True,5.552,True,0.509977,0.464229,True,4.513,True,0.528597,0.422185
7.446,True,5.532,True,0.521057,0.468325,True,4.506,True,0.539717,0.417559
7.457,True,5.512,True,0.531359,0.470776,True,4.535,True,0.549664,0.413345
7.469,True,5.498,True,0.539800,0.472795,True,4.557,True,0.549664,0.413345
7.479,True,5.486,True,0.539800,0.472795,True,4.589,True,0.557880,0.408738
7.490,True,5.452,True,0.547772,0.474167,True,4.655,True,0.565870,0.403696
7.501,True,5.452,True,0.555079,0.475602,True,4.686,True,0.565870,0.403696
7.512,True,5.453,True,0.562745,0.477830,True,4.756,True,0.573827,0.397544
7.523,True,5.453,True,0.562745,0.477830,True,4.756,True,0.573827,0.397544
7.535,True,5.467,True,0.569777,0.481214,True,4.826,True,0.582436,0.391188
7.546,True,5.477,True,0.569777,0.481214,True,4.864,True,0.590536,0.386530
7.557,True,5.431,True,0.573856,0.484750,True,4.893,True,0.590536,0.386530
7.568,True,5.428,True,0.574835,0.492333,True,4.938,True,0.598650,0.383879
7.579,True,5.460,True,0.574835,0.492333,True,4.943,True,0.609231,0.381491
7.590,False,0.000,False,0.000000,0.000000,True,4.945,True,0.609231,0.381491
7.602,False,0.000,False,0.000000,0.000000,True,4.622,True,0.616779,0.375492
7.613,False,0.000,False,0.000000,0.000000,True,4.212,True,0.621399,0.367962
7.624,False,0.000,False,0.000000,0.000000,True,3.880,True,0.621399,0.367962
7.635,False,0.000,False,0.000000,0.000000,False,0.000,False,0.000000,0.000000
7.646,False,0.000,False,0.000000,0.000000,False,0.000,False,0.000000,0.000000
7.658,False,0.000,False,0.000000,0.000000,False,0.000,False,0.000000,0.000000
7.669,False,0.000,False,0.000000,0.000000,False,0.000,False,0.000000,0.000000
7.679,False,0.000,False,0.000000,0.000000,False,0.000,False,0.000000,0.000000
7.690,False,0.000,False,0.000000,0.000000,False,0.000,False,0.000000,0.000000
7.702,False,0.000,False,0.000000,0.000000,False,0.000,False,0.000000,0.000000
7.713,False,0.000,False,0.000000,0.000000,False,0.000,False,0.000000,0.000000
7.723,False,0.000,False,0.000000,0.000000,False,0.000,False,0.000000,0.000000
7.735,False,0.000,False,0.000000,0.000000,True,4.139,True,0.607616,0.403728
7.746,False,0.000,False,0.000000,0.000000,True,4.139,True,0.593893,0.411224
7.757,True,4.000,True,0.552636,0.485455,True,4.139,True,0.580586,0.418589
7.768,True,4.000,True,0.541449,0.483555,True,4.139,True,0.580586,0.418589
7.779,True,4.000,True,0.541449,0.483555,True,4.139,True,0.566653,0.425321
7.790,True,4.000,True,0.529810,0.481350,True,4.139,True,0.566653,0.425321
7.801,True,4.000,True,0.516801,0.478825,True,4.139,True,0.552967,0.431737
7.812,True,4.000,True,0.516801,0.478825,True,4.139,True,0.538605,0.437813
7.824,True,4.000,True,0.503590,0.474771,True,4.139,True,0.524249,0.444177
7.835,True,4.000,True,0.490848,0.470043,True,4.139,True,0.524249,0.444177
7.846,True,4.000,True,0.490571,0.469303,True,4.139,True,0.517811,0.448510
7.857,True,4.000,True,0.490571,0.469303,True,4.139,True,0.517811,0.448510
7.868,True,4.000,True,0.491750,0.468993,True,4.139,True,0.524161,0.449566
7.880,True,4.000,True,0.495693,0.469118,True,4.139,True,0.526391,0.451035
7.890,True,4.000,True,0.495693,0.469118,True,4.139,True,0.528572,0.451816
7.901,True,4.000,True,0.497893,0.469002,True,4.139,True,0.528572,0.451816
7.912,True,4.000,True,0.499707,0.468097,True,4.139,True,0.529760,0.452255
7.924,True,4.000,True,0.499707,0.468097,True,4.139,True,0.529760,0.452255
7.935,True,4.000,True,0.499707,0.468097,True,4.139,True,0.529126,0.451626
7.946,True,4.000,True,0.497075,0.467002,True,4.139,True,0.521660,0.454226
7.957,True,4.000,True,0.492188,0.464678,True,4.139,True,0.521660,0.454226
7.968,True,4.000,True,0.492188,0.464678,True,4.139,True,0.515073,0.455227
7.979,True,4.000,True,0.488124,0.461537,True,4.139,True,0.515073,0.455227
7.990,True,4.000,True,0.484954,0.458313,True,4.139,True,0.505266,0.455431
8.001,True,4.000,True,0.482761,0.456004,True,4.139,True,0.505266,0.455431
8.012,True,4.000,True,0.482761,0.456004,True,4.139,True,0.505266,0.455431
8.023,True,4.000,True,0.481744,0.453707,True,4.139,True,0.502166,0.454788
8.034,True,4.000,True,0.481744,0.453707,True,4.139,True,0.500661,0.454051
8.046,True,4.000,True,0.482626,0.452544,True,4.139,True,0.500969,0.453732
8.057,True,4.000,True,0.482626,0.452544,True,4.139,True,0.502674,0.454087
8.068,True,4.000,True,0.483750,0.453328,True,4.139,True,0.502674,0.454087
8.080,True,4.000,True,0.483750,0.453328,True,4.139,True,0.504749,0.454753
8.090,True,4.000,True,0.484786,0.454540,True,4.139,True,0.507941,0.455507
8.101,True,4.000,True,0.486653,0.455150,True,4.139,True,0.507941,0.455507
8.112,True,4.000,True,0.486653,0.455150,True,4.139,True,0.507941,0.455507
8.123,True,4.000,True,0.480725,0.454798,True,4.139,True,0.511185,0.456233
8.134,True,4.000,True,0.480725,0.454798,True,4.139,True,0.511185,0.456233
8.146,True,4.000,True,0.466766,0.453373,True,4.139,True,0.497963,0.463679
8.157,True,4.000,True,0.458621,0.449702,True,4.139,True,0.497963,0.463679
8.168,True,4.000,True,0.458621,0.449702,False,0.000,False,0.000000,0.000000
8.179,True,4.000,True,0.454200,0.421119,False,0.000,False,0.000000,0.000000
8.190,False,0.000,False,0.000000,0.000000,False,0.000,False,0.000000,0.000000
8.202,False,0.000,False,0.000000,0.000000,False,0.000,False,0.000000,0.000000
8.212,False,0.000,False,0.000000,0.000000,False,0.000,False,0.000000,0.000000
8.224,False,0.000,False,0.000000,0.000000,False,0.000,False,0.000000,0.000000
8.235,False,0.000,False,0.000000,0.000000,False,0.000,False,0.000000,0.000000
8.246,False,0.000,False,0.000000,0.000000,False,0.000,False,0.000000,0.000000
8.257,False,0.000,False,0.000000,0.000000,False,0.000,False,0.000000,0.000000
8.268,False,0.000,False,0.000000,0.000000,False,0.000,False,0.000000,0.000000
8.280,False,0.000,False,0.000000,0.000000,False,0.000,False,0.000000,0.000000
8.290,False,0.000,False,0.000000,0.000000,False,0.000,False,0.000000,0.000000
8.301,True,4.000,True,0.483787,0.465579,False,0.000,False,0.000000,0.000000
8.313,True,4.000,True,0.483787,0.465579,False,0.000,False,0.000000,0.000000
8.324,True,4.000,True,0.483787,0.465579,True,4.139,True,0.521507,0.439425
8.335,True,4.000,True,0.497375,0.473337,True,4.139,True,0.535500,0.435976
8.346,True,4.000,True,0.508711,0.478916,True,4.139,True,0.535500,0.435976
8.357,True,4.000,True,0.508711,0.478916,True,4.139,True,0.547233,0.433456
8.368,True,4.000,True,0.518968,0.482914,True,4.139,True,0.557198,0.431331
8.379,True,4.000,True,0.527630,0.486176,True,4.139,True,0.557198,0.431331
8.390,True,4.000,True,0.535371,0.487817,True,4.139,True,0.565970,0.428285
8.401,True,4.000,True,0.535371,0.487817,True,4.139,True,0.573862,0.424718
8.412,True,4.000,True,0.542928,0.489186,True,4.139,True,0.573862,0.424718
8.423,True,4.000,True,0.542928,0.489186,True,4.139,True,0.581260,0.420446
8.434,True,4.000,True,0.549960,0.489894,True,4.139,True,0.587372,0.416227
8.446,True,4.000,True,0.556369,0.490388,True,4.139,True,0.587372,0.416227
8.457,True,4.000,True,0.562434,0.490404,True,4.139,True,0.593036,0.411032
8.471,True,4.000,True,0.562434,0.490404,True,4.139,True,0.598304,0.406050
8.483,True,4.000,True,0.567815,0.490492,True,4.139,True,0.602700,0.402498
8.501,True,4.000,True,0.571752,0.490524,True,4.139,True,0.606652,0.399420
8.512,True,4.000,True,0.574315,0.491224,True,4.139,True,0.606652,0.399420
8.523,True,4.000,True,0.576179,0.492286,True,4.139,True,0.609366,0.397219
8.535,True,4.000,True,0.576179,0.492286,True,4.139,True,0.610883,0.396408
8.546,True,4.000,True,0.576327,0.493019,True,4.139,True,0.610883,0.396408
8.557,True,4.000,True,0.574333,0.493178,True,4.139,True,0.610332,0.397481
8.568,True,4.000,True,0.574333,0.493178,True,4.139,True,0.607685,0.398635
8.579,True,4.000,True,0.570350,0.492609,True,4.139,True,0.607685,0.398635
8.591,True,4.000,True,0.570350,0.492609,True,4.139,True,0.604630,0.402278
8.602,True,4.000,True,0.564434,0.491953,True,4.139,True,0.600364,0.406008
8.613,True,4.000,True,0.556296,0.494468,True,4.139,True,0.600364,0.406008
8.623,False,0.000,False,0.000000,0.000000,True,4.139,True,0.604415,0.409215
8.635,False,0.000,False,0.000000,0.000000,True,4.139,True,0.603171,0.407315
8.646,False,0.000,False,0.000000,0.000000,True,4.139,True,0.603171,0.407315
8.657,False,0.000,False,0.000000,0.000000,False,0.000,False,0.000000,0.000000
8.668,False,0.000,False,0.000000,0.000000,False,0.000,False,0.000000,0.000000
8.680,False,0.000,False,0.000000,0.000000,False,0.000,False,0.000000,0.000000
8.691,False,0.000,False,0.000000,0.000000,False,0.000,False,0.000000,0.000000
8.702,False,0.000,False,0.000000,0.000000,False,0.000,False,0.000000,0.000000
8.712,False,0.000,False,0.000000,0.000000,False,0.000,False,0.000000,0.000000
8.723,False,0.000,False,0.000000,0.000000,True,4.139,True,0.588257,0.422267
8.734,False,0.000,False,0.000000,0.000000,True,4.139,True,0.577371,0.430189
8.746,True,4.000,True,0.531175,0.483303,True,4.139,True,0.577371,0.430189
8.757,True,4.000,True,0.522590,0.480802,True,4.139,True,0.566978,0.436473
8.768,True,4.000,True,0.522590,0.480802,True,4.139,True,0.556382,0.442033
8.779,True,4.000,True,0.514572,0.478686,True,4.139,True,0.556382,0.442033
8.793,True,4.000,True,0.514572,0.478686,True,4.139,True,0.545771,0.446740
8.804,True,4.000,True,0.499045,0.472465,True,4.139,True,0.536408,0.450146
8.815,True,5.441,True,0.499045,0.472465,True,3.944,True,0.528549,0.452795
8.826,True,5.419,True,0.492748,0.469733,True,4.034,True,0.528549,0.452795
8.837,True,5.398,True,0.487007,0.466655,True,4.256,True,0.521156,0.455309
8.848,True,5.398,True,0.487007,0.466655,True,4.256,True,0.521156,0.455309
8.860,True,5.369,True,0.482507,0.464190,True,4.415,True,0.514986,0.456860
8.871,True,5.362,True,0.478437,0.462274,True,4.408,True,0.509478,0.457855
8.883,True,5.375,True,0.478437,0.462274,True,4.405,True,0.505819,0.458915
8.893,True,5.375,True,0.475731,0.461595,True,4.402,True,0.505819,0.458915
8.904,True,5.378,True,0.473450,0.462284,True,4.418,True,0.503434,0.460512
8.915,True,5.376,True,0.473450,0.462284,True,4.415,True,0.502320,0.461964
8.926,True,5.387,True,0.471549,0.463045,True,4.412,True,0.502320,0.461964
8.937,True,5.397,True,0.471549,0.463045,True,4.405,True,0.501360,0.463794
8.948,True,5.392,True,0.470483,0.463743,True,4.393,True,0.501360,0.463794
8.960,True,5.379,True,0.470483,0.463743,True,4.396,True,0.501979,0.464506
8.971,True,5.369,True,0.470886,0.464687,True,4.401,True,0.501979,0.464506
8.982,True,5.381,True,0.473316,0.465881,True,4.406,True,0.503670,0.463804
8.993,True,5.388,True,0.473316,0.465881,True,4.418,True,0.506635,0.462397
9.004,True,5.407,True,0.477293,0.466716,True,4.445,True,0.510213,0.460364
9.015,True,5.407,True,0.481406,0.467761,True,4.460,True,0.510213,0.460364
9.026,True,5.405,True,0.481406,0.467761,True,4.466,True,0.514090,0.458086
9.037,True,5.383,True,0.485540,0.469438,True,4.480,True,0.518372,0.455862
9.049,True,5.383,True,0.485540,0.469438,True,4.480,True,0.518372,0.455862
9.060,True,5.414,True,0.490486,0.471489,True,4.502,True,0.523129,0.453451
9.071,True,5.413,True,0.493991,0.473261,True,4.509,True,0.523129,0.453451
9.082,True,5.511,True,0.489255,0.471638,True,4.526,True,0.517046,0.451154
9.093,True,5.544,True,0.489255,0.471638,True,4.532,True,0.517046,0.451154
9.104,True,5.546,True,0.482602,0.468609,True,4.516,True,0.509417,0.450781
9.115,True,5.510,True,0.478862,0.466710,True,4.503,True,0.509417,0.450781
9.126,True,5.443,True,0.478862,0.466710,True,4.421,True,0.505715,0.449079
9.137,True,5.485,True,0.481147,0.467081,True,4.402,True,0.508849,0.446628
9.149,True,5.523,True,0.485582,0.468714,True,4.368,True,0.511570,0.444773
9.160,True,5.530,True,0.488812,0.469657,True,4.353,True,0.511570,0.444773
9.171,True,5.533,True,0.488812,0.469657,True,4.345,True,0.513916,0.443081
9.182,True,5.456,True,0.491268,0.470819,True,4.334,True,0.515330,0.442348
9.193,True,5.417,True,0.492731,0.470806,True,4.332,True,0.515330,0.442348
9.204,True,5.388,True,0.492731,0.470806,True,4.324,True,0.516429,0.441866
9.215,True,5.367,True,0.493797,0.470828,True,4.317,True,0.516429,0.441866
9.226,True,5.343,True,0.494138,0.470771,True,4.300,True,0.517015,0.441697
9.237,True,5.335,True,0.494138,0.470771,True,4.294,True,0.517015,0.441697
9.248,True,5.330,True,0.494138,0.470771,True,4.289,True,0.516943,0.441576
9.260,True,5.319,True,0.494996,0.469936,True,4.271,True,0.516741,0.441520
9.274,True,5.291,True,0.494517,0.469955,True,4.259,True,0.516048,0.441682
9.286,True,5.273,True,0.494517,0.469955,True,4.244,True,0.515317,0.441865
9.297,True,5.273,True,0.494517,0.469955,True,4.244,True,0.515317,0.441865
9.307,True,5.247,True,0.493883,0.469368,True,4.225,True,0.515317,0.441865
9.319,True,5.222,True,0.493194,0.468818,True,4.214,True,0.514449,0.442034
9.330,True,5.182,True,0.493205,0.468434,True,4.202,True,0.513354,0.442192
9.342,True,5.182,True,0.493205,0.468434,True,4.202,True,0.513354,0.442192
9.352,True,5.129,True,0.492355,0.467899,True,4.165,True,0.511270,0.441868
9.363,True,5.119,True,0.492355,0.467899,True,4.155,True,0.511270,0.441868
9.374,True,5.110,True,0.491313,0.465756,True,4.136,True,0.510045,0.441576
9.385,True,5.110,True,0.491313,0.465756,True,4.136,True,0.510045,0.441576
9.396,True,5.111,True,0.491064,0.465058,True,4.123,True,0.509019,0.441459
9.408,True,5.123,True,0.491064,0.465058,True,4.113,True,0.508111,0.441237
9.419,True,5.118,True,0.490748,0.464409,True,4.106,True,0.508111,0.441237
9.429,True,5.097,True,0.490543,0.463675,True,4.087,True,0.507076,0.440899
9.442,True,5.081,True,0.490543,0.463675,True,4.079,True,0.508570,0.441824
9.452,True,5.064,True,0.491288,0.465676,True,4.039,True,0.511212,0.443418
9.463,True,5.061,True,0.491288,0.465676,True,4.010,True,0.511212,0.443418
9.474,True,5.028,True,0.491154,0.467212,True,3.988,True,0.511212,0.443418
9.485,True,4.970,True,0.490824,0.467279,True,3.960,True,0.509363,0.444661
9.497,True,4.954,True,0.490824,0.467279,True,3.951,True,0.509363,0.444661
9.508,True,4.943,True,0.489684,0.466838,True,3.946,True,0.508872,0.445371
9.518,True,4.900,True,0.489063,0.467239,True,3.921,True,0.508779,0.446678
9.529,True,4.886,True,0.489063,0.467239,True,3.905,True,0.508779,0.446678
9.541,True,4.874,True,0.487682,0.468488,True,3.893,True,0.508779,0.446678
9.552,True,4.826,True,0.486602,0.470033,True,3.854,True,0.509350,0.451337
9.563,True,4.800,True,0.485682,0.471764,True,3.835,True,0.509350,0.451337
9.574,True,4.779,True,0.485682,0.471764,True,3.826,True,0.509188,0.452874
9.585,True,4.766,True,0.485410,0.472162,True,3.819,True,0.509188,0.452874
9.596,True,4.757,True,0.485882,0.471177,True,3.807,True,0.508486,0.452695
9.608,True,4.757,True,0.485882,0.471177,True,3.804,True,0.507089,0.449699
9.619,True,4.750,True,0.488095,0.467599,True,3.801,True,0.507089,0.449699
9.630,True,4.738,True,0.488095,0.467599,True,3.809,True,0.504973,0.445444
9.641,True,4.763,True,0.489706,0.464364,True,3.818,True,0.503227,0.440977
9.652,True,4.773,True,0.492154,0.460389,True,3.826,True,0.503227,0.440977
9.663,True,4.782,True,0.492154,0.460389,True,3.837,True,0.501210,0.436816
9.674,True,4.848,True,0.494029,0.457493,True,3.861,True,0.500330,0.433084
9.685,True,4.897,True,0.495328,0.453886,True,3.874,True,0.500330,0.433084
9.697,True,4.949,True,0.496455,0.450865,True,3.881,True,0.498428,0.429441
9.708,True,4.958,True,0.496455,0.450865,True,3.889,True,0.497332,0.426991
9.719,True,4.971,True,0.496708,0.448961,True,3.895,True,0.497332,0.426991
9.730,True,4.980,True,0.496708,0.448961,True,3.903,True,0.496347,0.425578
9.741,True,4.997,True,0.496961,0.447309,True,3.933,True,0.495784,0.424735
9.752,True,5.012,True,0.495699,0.446640,True,3.952,True,0.495784,0.424735
9.763,True,5.024,True,0.495699,0.446640,True,3.964,True,0.496135,0.424392
9.774,True,4.990,True,0.494865,0.444325,True,3.992,True,0.498316,0.425952
9.785,True,4.902,True,0.490811,0.443093,True,4.006,True,0.498316,0.425952
9.796,True,4.770,True,0.490811,0.443093,True,3.266,True,0.495535,0.413250
9.807,False,0.000,False,0.000000,0.000000,False,0.000,False,0.000000,0.000000
9.819,False,0.000,False,0.000000,0.000000,False,0.000,False,0.000000,0.000000
9.830,False,0.000,False,0.000000,0.000000,False,0.000,False,0.000000,0.000000
9.842,False,0.000,False,0.000000,0.000000,False,0.000,False,0.000000,0.000000
9.852,False,0.000,False,0.000000,0.000000,False,0.000,False,0.000000,0.000000
9.863,False,0.000,False,0.000000,0.000000,False,0.000,False,0.000000,0.000000
9.875,False,0.000,False,0.000000,0.000000,False,0.000,False,0.000000,0.000000
9.886,False,0.000,False,0.000000,0.000000,False,0.000,False,0.000000,0.000000
9.897,False,0.000,False,0.000000,0.000000,False,0.000,False,0.000000,0.000000
9.908,False,0.000,False,0.000000,0.000000,False,0.000,False,0.000000,0.000000
9.919,False,0.000,False,0.000000,0.000000,False,0.000,False,0.000000,0.000000
9.930,False,0.000,False,0.000000,0.000000,True,4.139,True,0.496709,0.432111
9.941,True,4.000,True,0.488006,0.450185,True,4.139,True,0.496709,0.432111
9.952,True,4.000,True,0.488006,0.450185,True,4.139,True,0.496271,0.433361
9.963,True,4.000,True,0.487163,0.451266,True,4.139,True,0.495840,0.435278
9.975,True,4.000,True,0.486758,0.452409,True,4.139,True,0.495840,0.435278
9.985,True,4.000,True,0.486758,0.452409,True,4.139,True,0.495169,0.436868
9.996,True,4.000,True,0.485688,0.453397,True,4.139,True,0.494856,0.438567
10.012,True,4.000,True,0.485130,0.454198,True,4.139,True,0.494856,0.438567
10.023,True,4.000,True,0.484232,0.455299,True,4.139,True,0.495020,0.439815
10.034,True,4.000,True,0.484232,0.455299,True,4.139,True,0.495326,0.440906
10.045,True,4.000,True,0.483989,0.456381,True,4.139,True,0.495326,0.440906
10.057,True,4.000,True,0.483180,0.457597,True,4.139,True,0.495397,0.442175
10.068,True,4.000,True,0.483180,0.457597,True,4.139,True,0.495374,0.443244
10.079,True,4.000,True,0.482982,0.458021,True,4.139,True,0.495374,0.443244
10.090,True,4.000,True,0.482634,0.458402,True,4.139,True,0.495423,0.444084
10.102,True,4.000,True,0.482634,0.458402,True,4.139,True,0.495721,0.444424
10.112,True,4.000,True,0.482873,0.459026,True,4.139,True,0.496274,0.444356
10.123,True,4.000,True,0.483600,0.459362,True,4.139,True,0.496274,0.444356
10.134,True,4.000,True,0.483600,0.459362,True,4.139,True,0.496798,0.443764
10.145,True,4.000,True,0.484924,0.459230,True,4.139,True,0.497183,0.442663
10.156,True,4.000,True,0.486085,0.458732,True,4.139,True,0.497183,0.442663
10.168,True,4.000,True,0.486085,0.458732,True,4.139,True,0.497539,0.441635
10.179,True,4.000,True,0.486688,0.458662,True,4.139,True,0.498317,0.441115
10.190,True,4.000,True,0.487440,0.458437,True,4.139,True,0.498317,0.441115
10.201,True,4.000,True,0.487440,0.458437,True,4.139,True,0.499239,0.440964
10.212,True,4.000,True,0.488365,0.459270,True,4.139,True,0.500292,0.440881
10.223,True,4.000,True,0.488909,0.459691,True,4.139,True,0.500292,0.440881
10.234,True,4.000,True,0.488909,0.459691,True,4.139,True,0.501516,0.441106
10.245,True,4.000,True,0.489041,0.460675,True,4.139,True,0.501516,0.441106
10.256,True,4.000,True,0.489438,0.461777,True,4.139,True,0.502537,0.441663
10.268,True,4.000,True,0.489438,0.461777,True,4.139,True,0.504199,0.442135
10.279,True,4.000,True,0.490237,0.462575,True,4.139,True,0.505418,0.442802
10.290,True,4.000,True,0.490185,0.463390,True,4.139,True,0.505418,0.442802
10.301,True,4.000,True,0.490239,0.463634,True,4.139,True,0.506317,0.443499
10.313,True,4.000,True,0.490239,0.463634,True,4.139,True,0.507288,0.444015
10.324,True,4.000,True,0.490663,0.464859,True,4.139,True,0.507288,0.444015
10.334,True,4.000,True,0.490921,0.465804,True,4.139,True,0.508941,0.444533
10.345,True,4.000,True,0.490921,0.465804,True,4.139,True,0.511193,0.445655
10.357,True,4.000,True,0.491391,0.468299,True,4.139,True,0.511193,0.445655
10.368,True,4.000,True,0.490839,0.469176,True,4.139,True,0.514154,0.446714
10.379,True,4.000,True,0.490839,0.469176,True,4.139,True,0.517416,0.447897
10.390,True,4.000,True,0.490839,0.469176,True,4.139,True,0.517416,0.447897
10.401,True,4.000,True,0.490151,0.471118,True,4.139,True,0.519353,0.449047
10.412,False,0.000,False,0.000000,0.000000,False,0.000,False,0.000000,0.000000
10.423,False,0.000,False,0.000000,0.000000,False,0.000,False,0.000000,0.000000
10.434,False,0.000,False,0.000000,0.000000,False,0.000,False,0.000000,0.000000
10.445,False,0.000,False,0.000000,0.000000,False,0.000,False,0.000000,0.000000
10.456,False,0.000,False,0.000000,0.000000,False,0.000,False,0.000000,0.000000
10.467,False,0.000,False,0.000000,0.000000,False,0.000,False,0.000000,0.000000
10.478,False,0.000,False,0.000000,0.000000,False,0.000,False,0.000000,0.000000
10.490,False,0.000,False,0.000000,0.000000,False,0.000,False,0.000000,0.000000
10.501,False,0.000,False,0.000000,0.000000,False,0.000,False,0.000000,0.000000
10.512,False,0.000,False,0.000000,0.000000,True,3.315,True,0.524169,0.444431
10.524,False,0.000,False,0.000000,0.000000,True,3.397,True,0.524169,0.444431
10.534,True,4.770,True,0.499607,0.472121,True,3.723,True,0.523636,0.442713
10.545,True,4.771,True,0.499607,0.472121,True,3.920,True,0.523453,0.441727
10.556,True,4.772,True,0.500499,0.471931,True,4.065,True,0.523453,0.441727
10.571,True,4.811,True,0.501274,0.471454,True,4.139,True,0.523301,0.441032
10.590,True,4.883,True,0.501274,0.471454,True,4.148,True,0.523309,0.440609
10.601,True,4.920,True,0.501296,0.471433,True,4.147,True,0.523309,0.440609
10.612,True,4.958,True,0.501144,0.471276,True,4.146,True,0.523108,0.440771
10.623,True,4.961,True,0.501144,0.471276,True,4.146,True,0.523108,0.440771
10.634,True,4.967,True,0.500670,0.471737,True,4.143,True,0.522918,0.441637
10.645,True,4.979,True,0.500168,0.471729,True,4.140,True,0.522623,0.441924
10.657,True,4.990,True,0.500168,0.471729,True,4.138,True,0.522623,0.441924
10.668,True,4.996,True,0.498985,0.471603,True,4.131,True,0.521982,0.442566
10.679,True,4.989,True,0.498985,0.471603,True,4.128,True,0.521982,0.442566
10.690,True,4.981,True,0.498985,0.471603,True,4.119,True,0.521680,0.443321
10.701,True,4.982,True,0.498132,0.471953,True,4.111,True,0.521680,0.443321
10.712,True,5.012,True,0.497489,0.472340,True,4.111,True,0.521449,0.443874
10.723,True,5.012,True,0.496935,0.473230,True,4.111,True,0.521404,0.444744
10.735,True,5.011,True,0.496935,0.473230,True,4.113,True,0.521404,0.444744
10.746,True,5.016,True,0.495834,0.473277,True,4.124,True,0.521015,0.446225
10.756,True,5.017,True,0.495834,0.473277,True,4.127,True,0.521015,0.446225
10.768,True,5.013,True,0.495646,0.474049,True,4.130,True,0.521015,0.446225
10.779,True,4.988,True,0.494819,0.474244,True,4.129,True,0.520453,0.447763
10.790,True,4.978,True,0.494819,0.474244,True,4.128,True,0.520453,0.447763
10.801,True,4.976,True,0.494536,0.474700,True,4.128,True,0.520453,0.447763
10.812,True,4.984,True,0.494141,0.475144,True,4.141,True,0.520419,0.448084
10.823,True,4.993,True,0.494141,0.475144,True,4.146,True,0.519749,0.448341
10.835,True,4.991,True,0.493992,0.474257,True,4.149,True,0.519749,0.448341
10.846,True,4.998,True,0.493831,0.473789,True,4.164,True,0.519105,0.448028
10.857,True,5.004,True,0.493831,0.473789,True,4.171,True,0.518694,0.447870
10.868,True,5.038,True,0.493758,0.473799,True,4.183,True,0.518591,0.447523
10.879,True,5.038,True,0.493758,0.473799,True,4.183,True,0.518591,0.447523
10.890,True,5.028,True,0.493715,0.473331,True,4.187,True,0.518294,0.447296
10.901,True,5.016,True,0.493978,0.472939,True,4.186,True,0.518294,0.447296
10.912,True,5.006,True,0.493978,0.472939,True,4.191,True,0.518137,0.447071
10.923,True,5.017,True,0.493811,0.472754,True,4.196,True,0.518220,0.446747
10.935,True,5.057,True,0.494263,0.472278,True,4.202,True,0.517893,0.446294
10.946,True,5.072,True,0.494263,0.472278,True,4.205,True,0.517893,0.446294
10.957,True,5.074,True,0.494099,0.471997,True,4.210,True,0.517700,0.445861
10.968,True,5.065,True,0.494389,0.471576,True,4.203,True,0.517339,0.445261
10.980,True,5.048,True,0.495178,0.471353,True,4.196,True,0.517339,0.445261
10.990,True,5.035,True,0.494713,0.470638,True,4.185,True,0.517308,0.444691
11.001,True,5.038,True,0.494713,0.470638,True,4.164,True,0.517632,0.444374
11.012,True,5.027,True,0.494830,0.470011,True,4.134,True,0.517632,0.444374
11.023,True,5.027,True,0.494830,0.470011,True,4.134,True,0.517632,0.444374
11.034,True,4.980,True,0.494836,0.469273,True,4.094,True,0.518580,0.443744
11.045,True,4.962,True,0.494836,0.469273,True,4.075,True,0.518580,0.443744
11.057,True,4.900,True,0.493484,0.469272,True,4.044,True,0.519465,0.443941
11.068,False,0.000,False,0.000000,0.000000,True,3.968,True,0.518674,0.442642
11.079,False,0.000,False,0.000000,0.000000,True,3.907,True,0.518674,0.442642
11.090,False,0.000,False,0.000000,0.000000,False,0.000,False,0.000000,0.000000
11.101,False,0.000,False,0.000000,0.000000,False,0.000,False,0.000000,0.000000
11.112,False,0.000,False,0.000000,0.000000,False,0.000,False,0.000000,0.000000
11.123,False,0.000,False,0.000000,0.000000,False,0.000,False,0.000000,0.000000
11.134,False,0.000,False,0.000000,0.000000,False,0.000,False,0.000000,0.000000
11.147,False,0.000,False,0.000000,0.000000,False,0.000,False,0.000000,0.000000
11.156,False,0.000,False,0.000000,0.000000,False,0.000,False,0.000000,0.000000
11.168,False,0.000,False,0.000000,0.000000,False,0.000,False,0.000000,0.000000
11.179,False,0.000,False,0.000000,0.000000,False,0.000,False,0.000000,0.000000
11.190,False,0.000,False,0.000000,0.000000,False,0.000,False,0.000000,0.000000
11.201,False,0.000,False,0.000000,0.000000,False,0.000,False,0.000000,0.000000
11.212,False,0.000,False,0.000000,0.000000,False,0.000,False,0.000000,0.000000
11.223,False,0.000,False,0.000000,0.000000,False,0.000,False,0.000000,0.000000
11.234,False,0.000,False,0.000000,0.000000,False,0.000,False,0.000000,0.000000
11.245,False,0.000,False,0.000000,0.000000,True,4.152,True,0.518693,0.447115
11.257,True,4.000,True,0.489357,0.471700,True,4.152,True,0.518693,0.447115
11.268,True,4.000,True,0.489979,0.471488,True,4.152,True,0.518307,0.446980
11.279,True,4.000,True,0.489979,0.471488,True,4.152,True,0.517966,0.447138
11.290,True,4.000,True,0.490481,0.471556,True,4.152,True,0.517685,0.447315
11.301,True,4.000,True,0.490840,0.471960,True,4.152,True,0.517685,0.447315
11.312,True,4.000,True,0.490840,0.471960,True,4.152,True,0.517442,0.447861
11.323,True,4.000,True,0.490524,0.472435,True,4.152,True,0.517003,0.448571
11.335,True,4.000,True,0.489904,0.472727,True,4.152,True,0.517003,0.448571
11.346,True,4.000,True,0.489904,0.472727,True,4.152,True,0.516810,0.449040
11.357,True,4.000,True,0.489964,0.472420,True,4.152,True,0.516505,0.448829
11.368,True,4.000,True,0.490519,0.471573,True,4.152,True,0.516505,0.448829
11.379,True,4.000,True,0.490519,0.471573,True,4.152,True,0.515995,0.447985
11.390,True,4.000,True,0.491386,0.471019,True,4.152,True,0.516020,0.446778
11.401,True,4.000,True,0.492391,0.470520,True,4.152,True,0.516020,0.446778
11.412,True,4.000,True,0.492391,0.470520,True,4.152,True,0.516466,0.445920
11.423,True,4.000,True,0.493722,0.469967,True,4.152,True,0.516466,0.445920
11.434,True,4.000,True,0.494739,0.470310,True,4.152,True,0.516940,0.445332
11.445,True,4.000,True,0.494739,0.470310,True,4.152,True,0.517613,0.444589
11.456,True,4.000,True,0.495777,0.470288,True,4.152,True,0.518281,0.444032
11.468,True,4.000,True,0.495777,0.470288,True,4.152,True,0.518281,0.444032
11.478,True,4.000,True,0.496520,0.470384,True,4.152,True,0.518776,0.443407
11.489,True,4.000,True,0.497317,0.470442,True,4.152,True,0.519038,0.442639
11.501,True,4.000,True,0.498107,0.470178,True,4.152,True,0.519038,0.442639
11.512,True,4.000,True,0.498107,0.470178,True,4.152,True,0.519405,0.441985
11.523,True,4.000,True,0.498940,0.469874,True,4.152,True,0.519596,0.441471
11.534,True,4.000,True,0.499456,0.469535,True,4.152,True,0.519596,0.441471
11.545,True,4.000,True,0.499456,0.469535,True,4.152,True,0.519829,0.441190
11.557,True,4.000,True,0.499527,0.469706,True,4.152,True,0.519787,0.441186
11.567,True,4.000,True,0.499694,0.469650,True,4.152,True,0.519787,0.441186
11.578,True,4.000,True,0.499694,0.469650,True,4.152,True,0.519649,0.441260
11.590,True,4.000,True,0.499826,0.469477,True,4.152,True,0.519525,0.441334
11.601,True,4.000,True,0.499329,0.469725,True,4.152,True,0.519525,0.441334
11.612,True,4.000,True,0.499072,0.469636,True,4.152,True,0.519184,0.442159
11.627,True,4.000,True,0.499072,0.469636,True,4.152,True,0.519184,0.442159
11.645,True,4.000,True,0.495788,0.469732,True,4.152,True,0.517025,0.444680
11.656,True,4.000,True,0.491951,0.470342,True,4.152,True,0.515450,0.447173
11.668,True,4.000,True,0.490932,0.471380,True,4.152,True,0.515450,0.447173
11.679,True,4.000,True,0.490932,0.471380,True,4.152,True,0.515131,0.448056
11.690,True,4.000,True,0.490995,0.471448,True,4.152,True,0.514589,0.448174
11.701,True,4.000,True,0.491054,0.471459,True,4.152,True,0.514589,0.448174
11.712,True,4.000,True,0.491498,0.471171,True,4.152,True,0.514533,0.447674
11.723,True,4.000,True,0.491498,0.471171,True,4.152,True,0.514573,0.446909
11.734,True,4.000,True,0.491515,0.470668,True,4.152,True,0.514573,0.446909
11.745,True,4.000,True,0.492463,0.470290,True,4.152,True,0.514310,0.446367
11.756,True,4.000,True,0.492463,0.470290,True,4.152,True,0.514310,0.446367
11.768,True,4.000,True,0.492463,0.470290,True,4.152,True,0.514089,0.445629
11.778,True,4.867,True,0.493412,0.469456,True,3.905,True,0.514309,0.445044
11.789,True,4.842,True,0.493412,0.469456,True,3.908,True,0.514309,0.445044
11.801,True,4.824,True,0.493412,0.469456,True,3.912,True,0.514284,0.444175
11.812,True,4.830,True,0.493943,0.468986,True,3.930,True,0.514192,0.443490
11.823,True,4.809,True,0.494976,0.468578,True,3.932,True,0.514192,0.443490
11.835,True,4.795,True,0.491644,0.468736,True,3.902,True,0.514008,0.443366
11.846,True,4.772,True,0.491644,0.468736,True,3.847,True,0.511989,0.445979
11.857,True,4.745,True,0.487083,0.469564,True,3.829,True,0.511989,0.445979
11.868,True,4.712,True,0.487083,0.469564,True,3.812,True,0.509824,0.448378
11.879,True,4.672,True,0.485113,0.469983,True,3.785,True,0.508855,0.449369
11.890,True,4.662,True,0.485190,0.470188,True,3.773,True,0.508855,0.449369
11.901,True,4.659,True,0.484868,0.470273,True,3.756,True,0.509006,0.449646
11.912,True,4.652,True,0.484658,0.470268,True,3.724,True,0.508886,0.449862
11.923,True,4.645,True,0.484658,0.470268,True,3.718,True,0.508655,0.449902
11.934,True,4.645,True,0.484788,0.470112,True,3.715,True,0.508655,0.449902
11.946,True,4.645,True,0.484788,0.470112,True,3.714,True,0.508175,0.450070
11.957,True,4.651,True,0.484103,0.470184,True,3.708,True,0.507943,0.450176
11.969,True,4.654,True,0.484103,0.470184,True,3.703,True,0.507943,0.450176
11.979,True,4.642,True,0.483875,0.470200,True,3.699,True,0.507943,0.450176
11.990,True,4.572,True,0.483325,0.470320,True,3.674,True,0.507966,0.451252
12.001,True,4.544,True,0.482821,0.470756,True,3.659,True,0.507966,0.451252
12.012,True,4.524,True,0.482821,0.470756,True,3.648,True,0.507907,0.452101
12.023,True,4.517,True,0.482163,0.471562,True,3.640,True,0.507907,0.452101
12.034,True,4.521,True,0.482163,0.471562,True,3.625,True,0.508282,0.452805
12.046,True,4.515,True,0.482060,0.471930,True,3.616,True,0.508455,0.453514
12.057,True,4.501,True,0.481422,0.472317,True,3.602,True,0.508455,0.453514
12.068,True,4.495,True,0.481422,0.472317,True,3.597,True,0.509066,0.453345
12.079,True,4.493,True,0.484872,0.473124,True,3.594,True,0.509066,0.453345
12.090,True,4.243,True,0.490519,0.474348,True,3.587,True,0.514431,0.451580
12.101,True,4.035,True,0.490519,0.474348,True,3.592,True,0.517866,0.449925
12.112,True,3.871,True,0.492415,0.474550,True,3.592,True,0.517738,0.449560
12.123,True,3.644,True,0.492791,0.474616,True,3.591,True,0.517738,0.449560
12.134,True,3.595,True,0.492791,0.474616,True,3.592,True,0.517537,0.449316
12.145,True,3.593,True,0.492800,0.474506,True,3.592,True,0.517537,0.449316
12.156,True,3.591,True,0.493107,0.474215,True,3.593,True,0.517473,0.449055
12.168,True,3.591,True,0.493107,0.474215,True,3.597,True,0.517332,0.448891
12.179,True,3.601,True,0.492722,0.474156,True,3.598,True,0.517332,0.448891
12.190,True,3.611,True,0.492740,0.474364,True,3.594,True,0.517128,0.448874
12.201,True,3.613,True,0.492740,0.474364,True,3.588,True,0.516999,0.448815
12.212,True,3.604,True,0.492608,0.474384,True,3.584,True,0.516999,0.448815
12.224,True,3.594,True,0.492507,0.474181,True,3.584,True,0.516963,0.448766
12.235,True,3.594,True,0.492507,0.474181,True,3.585,True,0.516661,0.448639
12.245,True,3.599,True,0.492076,0.473709,True,3.587,True,0.516661,0.448639
12.257,True,3.604,True,0.492076,0.473709,True,3.588,True,0.516222,0.448528
12.268,True,3.623,True,0.491771,0.473648,True,3.587,True,0.515585,0.448535
12.279,True,3.610,True,0.492163,0.473296,True,3.585,True,0.515585,0.448535
12.290,True,3.606,True,0.491366,0.473373,True,3.584,True,0.515090,0.448750
12.301,True,3.614,True,0.491366,0.473373,True,3.591,True,0.514758,0.448649
12.312,True,3.614,True,0.490713,0.473059,True,3.591,True,0.514334,0.448868
12.324,True,3.611,True,0.490350,0.473133,True,3.586,True,0.514334,0.448868
12.335,True,3.607,True,0.490350,0.473133,True,3.589,True,0.513836,0.448848
12.345,True,3.600,True,0.489926,0.473075,True,3.581,True,0.513390,0.448822
12.357,True,3.627,True,0.489926,0.473075,True,3.573,True,0.513390,0.448822
12.367,True,3.651,True,0.489828,0.473106,True,3.586,True,0.515633,0.447649
12.379,True,3.676,True,0.489828,0.473106,True,3.596,True,0.515633,0.447649
12.390,True,3.688,True,0.497316,0.473908,True,3.606,True,0.519902,0.446120
12.401,True,3.678,True,0.497316,0.473908,True,3.631,True,0.520406,0.445647
12.412,True,3.677,True,0.496748,0.473015,True,3.651,True,0.520406,0.445647
12.423,True,3.675,True,0.495472,0.472179,True,3.683,True,0.517965,0.446061
12.434,True,3.674,True,0.495472,0.472179,True,3.694,True,0.515781,0.446543
12.445,True,3.685,True,0.494020,0.471045,True,3.700,True,0.515781,0.446543
12.456,True,3.692,True,0.494020,0.471045,True,3.699,True,0.513669,0.446539
12.467,True,3.697,True,0.492882,0.469764,True,3.702,True,0.511591,0.446422
12.478,True,3.719,True,0.491494,0.468379,True,3.705,True,0.511591,0.446422
12.489,True,3.774,True,0.490121,0.467541,True,3.730,True,0.509868,0.446111
12.501,True,3.804,True,0.490121,0.467541,True,3.744,True,0.508103,0.445974
12.512,True,3.811,True,0.489529,0.466562,True,3.754,True,0.508103,0.445974
12.526,True,3.810,True,0.488792,0.465494,True,3.781,True,0.506694,0.445966
12.545,True,3.816,True,0.487930,0.465006,True,3.790,True,0.505415,0.445930
12.557,True,3.845,True,0.487407,0.464145,True,3.817,True,0.504139,0.445658
12.567,True,3.861,True,0.487407,0.464145,True,3.814,True,0.503260,0.445449
12.579,True,3.894,True,0.486966,0.463889,True,3.810,True,0.503260,0.445449
12.591,True,3.937,True,0.486676,0.463090,True,3.811,True,0.502366,0.445093
12.601,True,3.950,True,0.486676,0.463090,True,3.837,True,0.501766,0.444665
12.612,True,3.976,True,0.486138,0.462297,True,3.878,True,0.501397,0.444201
12.623,True,4.007,True,0.485824,0.462413,True,3.892,True,0.501397,0.444201
12.634,True,4.033,True,0.485824,0.462413,True,3.899,True,0.501183,0.444036
12.645,True,4.037,True,0.485515,0.462038,True,3.902,True,0.501183,0.444036
12.657,True,4.080,True,0.485116,0.461846,True,3.894,True,0.501296,0.443862
12.668,True,4.114,True,0.485116,0.461846,True,3.892,True,0.501296,0.443862
12.679,True,4.101,True,0.485488,0.461585,True,3.895,True,0.502193,0.443480
12.690,True,4.056,True,0.484484,0.461331,True,3.915,True,0.503632,0.442242
12.701,True,4.025,True,0.484484,0.461331,True,3.875,True,0.502282,0.439752
12.712,False,0.000,False,0.000000,0.000000,True,3.842,True,0.502282,0.439752
12.723,False,0.000,False,0.000000,0.000000,True,3.417,True,0.499695,0.427910
12.739,False,0.000,False,0.000000,0.000000,False,0.000,False,0.000000,0.000000
12.750,False,0.000,False,0.000000,0.000000,False,0.000,False,0.000000,0.000000
12.761,False,0.000,False,0.000000,0.000000,False,0.000,False,0.000000,0.000000
12.773,False,0.000,False,0.000000,0.000000,False,0.000,False,0.000000,0.000000
12.784,False,0.000,False,0.000000,0.000000,False,0.000,False,0.000000,0.000000
12.796,False,0.000,False,0.000000,0.000000,False,0.000,False,0.000000,0.000000
12.806,False,0.000,False,0.000000,0.000000,False,0.000,False,0.000000,0.000000
12.817,False,0.000,False,0.000000,0.000000,False,0.000,False,0.000000,0.000000
12.828,False,0.000,False,0.000000,0.000000,False,0.000,False,0.000000,0.000000
12.840,False,0.000,False,0.000000,0.000000,False,0.000,False,0.000000,0.000000
12.851,False,0.000,False,0.000000,0.000000,False,0.000,False,0.000000,0.000000
12.862,False,0.000,False,0.000000,0.000000,False,0.000,False,0.000000,0.000000
12.873,False,0.000,False,0.000000,0.000000,False,0.000,False,0.000000,0.000000
12.884,False,0.000,False,0.000000,0.000000,True,3.824,True,0.459482,0.414642
12.895,False,0.000,False,0.000000,0.000000,True,3.824,True,0.459482,0.414642
12.906,False,0.000,False,0.000000,0.000000,True,3.824,True,0.457940,0.411999
12.917,False,0.000,False,0.000000,0.000000,True,3.824,True,0.453453,0.408190
12.928,False,0.000,False,0.000000,0.000000,True,3.824,True,0.453453,0.408190
12.940,False,0.000,False,0.000000,0.000000,True,3.824,True,0.451117,0.405511
12.950,False,0.000,False,0.000000,0.000000,True,3.824,True,0.451117,0.405511
12.962,False,0.000,False,0.000000,0.000000,True,3.824,True,0.450393,0.399219
12.973,False,0.000,False,0.000000,0.000000,True,3.824,True,0.450393,0.399219
12.984,False,0.000,False,0.000000,0.000000,True,3.824,True,0.450393,0.399219
12.995,False,0.000,False,0.000000,0.000000,True,3.824,True,0.451141,0.395179
13.007,False,0.000,False,0.000000,0.000000,True,3.824,True,0.449254,0.390878
13.017,False,0.000,False,0.000000,0.000000,True,3.824,True,0.449254,0.390878
13.028,False,0.000,False,0.000000,0.000000,True,3.824,True,0.446921,0.386128
13.040,False,0.000,False,0.000000,0.000000,True,3.824,True,0.443683,0.380743
13.051,False,0.000,False,0.000000,0.000000,True,3.824,True,0.443683,0.380743
13.062,False,0.000,False,0.000000,0.000000,True,3.824,True,0.440290,0.375542
13.073,False,0.000,False,0.000000,0.000000,True,3.824,True,0.436788,0.370993
13.084,False,0.000,False,0.000000,0.000000,True,3.824,True,0.436788,0.370993
13.094,False,0.000,False,0.000000,0.000000,True,3.824,True,0.434807,0.368943
13.106,False,0.000,False,0.000000,0.000000,True,3.824,True,0.434807,0.368943
13.117,False,0.000,False,0.000000,0.000000,True,3.824,True,0.439160,0.369978
13.128,False,0.000,False,0.000000,0.000000,True,3.824,True,0.443281,0.373437
13.139,False,0.000,False,0.000000,0.000000,True,3.824,True,0.444685,0.377508
13.151,False,0.000,False,0.000000,0.000000,True,3.824,True,0.444685,0.377508
13.162,False,0.000,False,0.000000,0.000000,True,3.824,True,0.445849,0.382449
13.173,False,0.000,False,0.000000,0.000000,True,3.824,True,0.444372,0.385336
13.184,False,0.000,False,0.000000,0.000000,True,3.824,True,0.444372,0.385336
13.195,False,0.000,False,0.000000,0.000000,True,3.824,True,0.441953,0.385797
13.206,False,0.000,False,0.000000,0.000000,True,3.824,True,0.440551,0.383989
13.218,False,0.000,False,0.000000,0.000000,True,3.824,True,0.440551,0.383989
13.229,False,0.000,False,0.000000,0.000000,True,3.824,True,0.439553,0.382149
13.239,False,0.000,False,0.000000,0.000000,True,3.824,True,0.439736,0.379560
13.251,False,0.000,False,0.000000,0.000000,True,3.824,True,0.439736,0.379560
13.262,False,0.000,False,0.000000,0.000000,True,3.824,True,0.440574,0.377804
13.273,False,0.000,False,0.000000,0.000000,True,3.824,True,0.440574,0.377804
13.284,False,0.000,False,0.000000,0.000000,True,3.824,True,0.443114,0.376874
13.295,False,0.000,False,0.000000,0.000000,True,3.824,True,0.445885,0.377455
13.306,False,0.000,False,0.000000,0.000000,True,3.824,True,0.445885,0.377455
13.317,False,0.000,False,0.000000,0.000000,True,3.824,True,0.448450,0.377723
13.328,False,0.000,False,0.000000,0.000000,True,3.824,True,0.452238,0.379983
13.339,False,0.000,False,0.000000,0.000000,True,3.824,True,0.452238,0.379983
13.350,False,0.000,False,0.000000,0.000000,True,3.824,True,0.459376,0.385849
13.361,False,0.000,False,0.000000,0.000000,True,3.824,True,0.467820,0.388529
13.372,False,0.000,False,0.000000,0.000000,True,3.824,True,0.467820,0.388529
13.384,False,0.000,False,0.000000,0.000000,True,3.824,True,0.478217,0.396519
13.394,False,0.000,False,0.000000,0.000000,False,0.000,False,0.000000,0.000000
13.406,False,0.000,False,0.000000,0.000000,False,0.000,False,0.000000,0.000000
13.418,False,0.000,False,0.000000,0.000000,False,0.000,False,0.000000,0.000000
13.429,False,0.000,False,0.000000,0.000000,False,0.000,False,0.000000,0.000000
13.439,False,0.000,False,0.000000,0.000000,False,0.000,False,0.000000,0.000000
13.450,False,0.000,False,0.000000,0.000000,False,0.000,False,0.000000,0.000000
13.461,False,0.000,False,0.000000,0.000000,False,0.000,False,0.000000,0.000000
13.472,False,0.000,False,0.000000,0.000000,False,0.000,False,0.000000,0.000000
13.484,False,0.000,False,0.000000,0.000000,False,0.000,False,0.000000,0.000000
13.495,False,0.000,False,0.000000,0.000000,False,0.000,False,0.000000,0.000000
13.506,False,0.000,False,0.000000,0.000000,False,0.000,False,0.000000,0.000000
13.517,False,0.000,False,0.000000,0.000000,False,0.000,False,0.000000,0.000000
13.528,False,0.000,False,0.000000,0.000000,False,0.000,False,0.000000,0.000000
13.539,False,0.000,False,0.000000,0.000000,False,0.000,False,0.000000,0.000000
13.551,False,0.000,True,0.492615,0.430379,True,3.824,True,0.488448,0.419731
13.561,False,0.000,True,0.492615,0.430379,True,3.824,True,0.488893,0.420431
13.572,False,0.000,True,0.493539,0.432603,True,3.824,True,0.488893,0.420431
13.584,False,0.000,True,0.494715,0.435027,True,3.824,True,0.490575,0.421002
13.595,False,0.000,True,0.494715,0.435027,True,3.824,True,0.492436,0.421537
13.606,False,0.000,True,0.496116,0.437113,True,3.824,True,0.492436,0.421537
13.617,True,3.619,True,0.497375,0.439224,True,3.824,True,0.494328,0.422540
13.628,True,3.619,True,0.497375,0.439224,True,3.824,True,0.496541,0.423755
13.640,True,3.619,True,0.497913,0.441715,True,3.824,True,0.498807,0.425140
13.650,True,3.619,True,0.497913,0.441715,True,3.824,True,0.498807,0.425140
13.662,True,3.619,True,0.498431,0.443387,True,3.824,True,0.501200,0.426599
13.673,True,3.619,True,0.498671,0.446166,True,3.824,True,0.501200,0.426599
13.684,True,3.619,True,0.498871,0.449119,True,3.824,True,0.503952,0.428247
13.695,True,3.619,True,0.498871,0.449119,True,3.824,True,0.506949,0.429913
13.706,True,3.619,True,0.499116,0.451923,True,3.824,True,0.506949,0.429913
13.717,True,3.619,True,0.496870,0.460467,True,3.824,True,0.510686,0.431579
13.728,True,3.619,True,0.496870,0.460467,True,3.824,True,0.510223,0.428397
13.739,False,0.000,False,0.000000,0.000000,True,3.824,True,0.510223,0.428397
13.750,False,0.000,False,0.000000,0.000000,False,0.000,False,0.000000,0.000000
13.762,False,0.000,False,0.000000,0.000000,False,0.000,False,0.000000,0.000000
13.773,False,0.000,False,0.000000,0.000000,False,0.000,False,0.000000,0.000000
13.784,False,0.000,False,0.000000,0.000000,False,0.000,False,0.000000,0.000000
13.795,False,0.000,False,0.000000,0.000000,False,0.000,False,0.000000,0.000000
13.806,False,0.000,False,0.000000,0.000000,False,0.000,False,0.000000,0.000000
13.817,False,0.000,False,0.000000,0.000000,False,0.000,False,0.000000,0.000000
13.829,False,0.000,False,0.000000,0.000000,False,0.000,False,0.000000,0.000000
13.840,False,0.000,False,0.000000,0.000000,False,0.000,False,0.000000,0.000000
13.851,False,0.000,False,0.000000,0.000000,False,0.000,False,0.000000,0.000000
13.862,False,0.000,False,0.000000,0.000000,False,0.000,False,0.000000,0.000000
13.873,False,0.000,False,0.000000,0.000000,False,0.000,False,0.000000,0.000000
13.884,False,0.000,False,0.000000,0.000000,False,0.000,False,0.000000,0.000000
13.895,False,0.000,False,0.000000,0.000000,False,0.000,False,0.000000,0.000000
13.906,False,0.000,False,0.000000,0.000000,False,0.000,False,0.000000,0.000000
13.917,True,3.619,True,0.487276,0.461110,False,0.000,False,0.000000,0.000000
13.929,True,3.619,True,0.487276,0.461110,True,3.824,True,0.508469,0.441683
13.939,True,3.619,True,0.488300,0.461039,True,3.824,True,0.508469,0.441683
13.951,True,3.619,True,0.488898,0.460429,True,3.824,True,0.508129,0.440851
13.962,True,3.619,True,0.488898,0.460429,True,3.824,True,0.508137,0.440871
13.973,True,3.619,True,0.489119,0.460667,True,3.824,True,0.507883,0.441223
13.984,True,3.619,True,0.489641,0.461126,True,3.824,True,0.507883,0.441223
13.995,True,3.619,True,0.489641,0.461126,True,3.824,True,0.508056,0.441218
14.006,True,3.619,True,0.490195,0.461935,True,3.824,True,0.508056,0.441218
14.017,True,3.619,True,0.490558,0.462757,True,3.824,True,0.508917,0.441558
14.028,True,3.619,True,0.490558,0.462757,True,3.824,True,0.509309,0.442163
14.039,True,3.619,True,0.490417,0.463407,True,3.824,True,0.509309,0.442163
14.051,True,3.619,True,0.491078,0.464235,True,3.824,True,0.510098,0.442514
14.062,True,3.619,True,0.491078,0.464235,True,3.824,True,0.510454,0.442924
14.073,True,3.619,True,0.491020,0.464770,True,3.824,True,0.510454,0.442924
14.084,True,3.619,True,0.491020,0.464770,True,3.824,True,0.510483,0.443095
14.094,True,3.619,True,0.490804,0.465169,True,3.824,True,0.510483,0.443095
14.106,True,3.619,True,0.491118,0.465268,True,3.824,True,0.511055,0.443164
14.117,True,3.619,True,0.491374,0.465620,True,3.824,True,0.511112,0.443202
14.128,True,3.619,True,0.491374,0.465620,True,3.824,True,0.511112,0.443202
14.139,True,3.619,True,0.491509,0.466334,True,3.824,True,0.511429,0.443058
14.152,True,3.619,True,0.491509,0.466334,True,3.824,True,0.511763,0.443244
14.162,True,3.619,True,0.491509,0.466334,True,3.824,True,0.511763,0.443244
14.173,True,3.619,True,0.491371,0.466390,True,3.824,True,0.511657,0.443156
14.184,True,3.619,True,0.490943,0.467081,True,3.824,True,0.511716,0.443707
14.195,True,3.619,True,0.490943,0.467081,True,3.824,True,0.511716,0.443707
14.206,True,3.619,True,0.490359,0.467952,True,3.824,True,0.512221,0.444611
14.217,True,3.619,True,0.489813,0.468575,True,3.824,True,0.512377,0.445595
14.228,True,3.619,True,0.489813,0.468575,True,3.824,True,0.512458,0.446491
14.239,True,3.619,True,0.489148,0.469633,True,3.824,True,0.512886,0.447838
14.250,True,3.619,True,0.489148,0.469633,True,3.824,True,0.512886,0.447838
14.262,True,3.619,True,0.489148,0.469633,True,3.824,True,0.512886,0.447838
14.273,True,3.619,True,0.486661,0.470760,True,3.824,True,0.512734,0.448921
14.284,True,3.619,True,0.486661,0.470760,True,3.824,True,0.512529,0.449957
14.295,True,3.619,True,0.486661,0.470760,True,3.824,True,0.512529,0.449957
14.306,True,3.619,True,0.484830,0.471303,True,3.824,True,0.512262,0.450993
14.317,True,3.619,True,0.483972,0.471509,True,3.824,True,0.511620,0.451917
14.328,True,3.619,True,0.483972,0.471509,True,3.824,True,0.511620,0.451917
14.339,True,3.619,True,0.485994,0.470978,True,3.824,True,0.514251,0.448821
14.350,True,3.619,True,0.492593,0.470052,True,3.824,True,0.514251,0.448821
14.361,True,3.619,True,0.492593,0.470052,True,3.824,True,0.514251,0.448821
14.373,True,3.619,True,0.492593,0.470052,True,3.824,True,0.515783,0.444565
14.384,True,3.619,True,0.497895,0.467899,True,3.824,True,0.516186,0.442770
14.395,True,3.619,True,0.497895,0.467899,True,3.824,True,0.515865,0.443222
14.406,True,3.619,True,0.497230,0.467838,True,3.824,True,0.515865,0.443222
14.417,True,3.619,True,0.496286,0.468618,True,3.824,True,0.515734,0.443878
14.428,True,3.619,True,0.496286,0.468618,True,3.824,True,0.515734,0.443878
14.439,True,3.619,True,0.496038,0.469013,True,3.824,True,0.515713,0.444451
14.450,True,3.619,True,0.496038,0.469013,True,3.824,True,0.515909,0.445059
14.461,True,4.024,True,0.495846,0.469128,True,3.553,True,0.515756,0.445314
14.473,True,4.027,True,0.495358,0.469478,True,3.684,True,0.515756,0.445314
14.488,True,4.040,True,0.495225,0.469504,True,3.911,True,0.515897,0.445869
14.499,True,4.043,True,0.495225,0.469504,True,3.989,True,0.515866,0.446171
14.510,True,4.029,True,0.495004,0.470141,True,4.005,True,0.516089,0.446648
14.521,True,4.024,True,0.494878,0.470276,True,3.993,True,0.516089,0.446648
14.532,True,4.020,True,0.494878,0.470276,True,3.976,True,0.516252,0.446894
14.543,True,3.978,True,0.495423,0.470533,True,3.954,True,0.516505,0.446784
14.554,True,3.964,True,0.495423,0.470533,True,3.946,True,0.516505,0.446784
14.565,True,3.951,True,0.495312,0.470706,True,3.941,True,0.516505,0.446784
14.576,True,3.943,True,0.495312,0.470706,True,3.943,True,0.516523,0.446845
14.588,True,3.940,True,0.495115,0.470884,True,3.938,True,0.516586,0.446724
14.599,True,3.937,True,0.495126,0.470778,True,3.932,True,0.516586,0.446724
14.610,True,3.921,True,0.495260,0.471093,True,3.909,True,0.516612,0.446544
14.621,True,3.914,True,0.495668,0.470886,True,3.898,True,0.516814,0.446508
14.632,True,3.908,True,0.495668,0.470886,True,3.891,True,0.516814,0.446508
14.643,True,3.866,True,0.494391,0.470530,True,3.895,True,0.516686,0.446366
14.654,True,3.852,True,0.494391,0.470530,True,3.895,True,0.513619,0.447202
14.666,True,3.870,True,0.488715,0.468427,True,3.894,True,0.513619,0.447202
14.677,True,3.883,True,0.483824,0.466792,True,3.865,True,0.504342,0.449604
14.688,True,3.883,True,0.483824,0.466792,True,3.865,True,0.504342,0.449604
14.699,True,3.908,True,0.483444,0.467254,True,3.854,True,0.504342,0.449604
14.710,True,3.900,True,0.485021,0.469042,True,3.817,True,0.507323,0.449145
14.721,True,3.877,True,0.486204,0.470773,True,3.801,True,0.507323,0.449145
14.732,True,3.858,True,0.486204,0.470773,True,3.787,True,0.507323,0.449145
14.743,True,3.827,True,0.487688,0.471825,True,3.774,True,0.510758,0.448295
14.755,True,3.818,True,0.488473,0.471655,True,3.774,True,0.510758,0.448295
14.766,True,3.813,True,0.488473,0.471655,True,3.770,True,0.511047,0.447934
14.777,True,3.808,True,0.488993,0.470830,True,3.766,True,0.510766,0.447901
14.788,True,3.807,True,0.488993,0.470830,True,3.766,True,0.510766,0.447901
14.799,True,3.803,True,0.488894,0.470026,True,3.766,True,0.510766,0.447901
14.810,True,3.797,True,0.488720,0.469183,True,3.766,True,0.510013,0.447713
14.821,True,3.777,True,0.489326,0.468499,True,3.762,True,0.509520,0.447033
14.832,True,3.760,True,0.489326,0.468499,True,3.742,True,0.509853,0.446317
14.843,True,3.745,True,0.490213,0.468688,True,3.712,True,0.509853,0.446317
14.854,True,3.747,True,0.490150,0.468556,True,3.704,True,0.510256,0.446004
14.866,True,3.751,True,0.490150,0.468556,True,3.700,True,0.510256,0.446004
14.878,True,3.756,True,0.490150,0.468556,True,3.702,True,0.510499,0.446008
14.888,True,3.746,True,0.490178,0.468807,True,3.710,True,0.510416,0.446072
14.899,True,3.730,True,0.490165,0.468482,True,3.712,True,0.510416,0.446072
14.910,True,3.717,True,0.490165,0.468482,True,3.716,True,0.510132,0.446223
14.921,True,3.722,True,0.489708,0.468609,True,3.714,True,0.510224,0.446486
14.932,True,3.729,True,0.489708,0.468609,True,3.713,True,0.510224,0.446486
14.943,True,3.735,True,0.489708,0.468609,True,3.698,True,0.510247,0.446609
14.955,True,3.724,True,0.489310,0.468853,True,3.677,True,0.510434,0.447013
14.966,True,3.706,True,0.489573,0.469272,True,3.670,True,0.510434,0.447013
14.977,True,3.691,True,0.489573,0.469272,True,3.671,True,0.510494,0.447306
14.988,True,3.671,True,0.489103,0.469237,True,3.675,True,0.510371,0.447751
14.999,True,3.662,True,0.489103,0.469237,True,3.676,True,0.510371,0.447751
15.010,True,3.655,True,0.489103,0.469237,True,3.672,True,0.510312,0.447962
15.021,True,3.664,True,0.489122,0.469160,True,3.675,True,0.510474,0.447747
15.032,True,3.694,True,0.488876,0.469006,True,3.681,True,0.510474,0.447747
15.043,True,3.705,True,0.488876,0.469006,True,3.682,True,0.510273,0.447579
15.055,True,3.708,True,0.488876,0.469006,True,3.683,True,0.510273,0.447579
15.066,True,3.683,True,0.489244,0.468375,True,3.696,True,0.510136,0.446931
15.076,True,3.673,True,0.489244,0.468375,True,3.702,True,0.510136,0.446931
15.088,True,3.680,True,0.489190,0.468044,True,3.707,True,0.510358,0.446605
15.099,True,3.690,True,0.489664,0.468195,True,3.714,True,0.510358,0.446605
15.110,True,3.695,True,0.489664,0.468195,True,3.654,True,0.510517,0.446662
15.121,True,3.710,True,0.489771,0.468561,True,3.602,True,0.510984,0.446846
15.132,True,3.714,True,0.489705,0.468635,True,3.529,True,0.510984,0.446846
15.144,True,3.715,True,0.489705,0.468635,True,3.512,True,0.511496,0.446804
15.155,True,3.722,True,0.489866,0.468804,True,3.515,True,0.511727,0.446917
15.166,True,3.744,True,0.489853,0.469136,True,3.532,True,0.511959,0.447110
15.177,True,3.753,True,0.489853,0.469136,True,3.536,True,0.511959,0.447110
15.188,True,3.764,True,0.489864,0.468937,True,3.542,True,0.512190,0.447123
15.199,True,3.787,True,0.489826,0.469473,True,3.555,True,0.512272,0.447254
15.210,True,3.801,True,0.489705,0.469671,True,3.563,True,0.512272,0.447254
15.221,True,3.812,True,0.489705,0.469671,True,3.570,True,0.512272,0.447254
15.232,True,3.832,True,0.489489,0.469261,True,3.572,True,0.512155,0.447263
15.243,True,3.837,True,0.489489,0.469261,True,3.591,True,0.512052,0.447436
15.255,True,3.841,True,0.489489,0.469261,True,3.606,True,0.512052,0.447436
15.266,True,3.845,True,0.489404,0.469144,True,3.623,True,0.512287,0.447135
15.277,True,3.846,True,0.489404,0.469144,True,3.631,True,0.512327,0.446910
15.289,True,3.848,True,0.489406,0.469246,True,3.652,True,0.512316,0.446753
15.299,True,3.863,True,0.489827,0.468889,True,3.659,True,0.512316,0.446753
15.310,True,3.875,True,0.489827,0.468889,True,3.666,True,0.512156,0.446661
15.321,True,3.881,True,0.489827,0.468889,True,3.671,True,0.512156,0.446661
15.332,True,3.900,True,0.490226,0.469050,True,3.690,True,0.512054,0.446605
15.343,True,3.911,True,0.490226,0.469050,True,3.701,True,0.515263,0.446356
15.354,True,3.935,True,0.493122,0.470898,True,3.709,True,0.515263,0.446356
15.365,True,3.953,True,0.496419,0.472598,True,3.713,True,0.519884,0.445758
15.377,True,3.949,True,0.496419,0.472598,True,3.712,True,0.521080,0.445925
15.387,True,3.958,True,0.496311,0.472859,True,3.711,True,0.521080,0.445925
15.399,True,3.967,True,0.496247,0.472956,True,3.727,True,0.520791,0.446310
15.410,True,3.969,True,0.496247,0.472956,True,3.732,True,0.520552,0.446419
15.421,True,3.972,True,0.495836,0.472754,True,3.735,True,0.520552,0.446419
15.432,True,3.976,True,0.495453,0.472912,True,3.741,True,0.520497,0.446687
15.443,True,3.978,True,0.495453,0.472912,True,3.741,True,0.519866,0.446876
15.454,True,3.995,True,0.495088,0.472699,True,3.741,True,0.519866,0.446876
15.465,True,4.012,True,0.494875,0.472312,True,3.756,True,0.519427,0.446697
15.477,True,4.013,True,0.494875,0.472312,True,3.760,True,0.519192,0.446667
15.488,True,4.018,True,0.494705,0.472191,True,3.778,True,0.518790,0.446661
15.500,True,4.030,True,0.494585,0.471840,True,3.790,True,0.518790,0.446661
15.510,True,4.040,True,0.494585,0.471840,True,3.799,True,0.518598,0.446332
15.521,True,4.045,True,0.494503,0.471565,True,3.806,True,0.518598,0.446332
15.532,True,4.063,True,0.494357,0.471164,True,3.825,True,0.518237,0.446362
15.543,True,4.075,True,0.494357,0.471164,True,3.828,True,0.517759,0.446097
15.554,True,4.087,True,0.494254,0.470830,True,3.830,True,0.517759,0.446097
15.565,True,4.110,True,0.494048,0.470796,True,3.826,True,0.517213,0.445922
15.577,True,4.119,True,0.494048,0.470796,True,3.831,True,0.517028,0.445774
15.593,True,4.119,True,0.494383,0.470208,True,3.839,True,0.516700,0.445470
15.604,True,4.127,True,0.494232,0.470067,True,3.854,True,0.516730,0.445476
15.615,True,4.172,True,0.494226,0.469846,True,3.864,True,0.516730,0.445476
15.627,True,4.210,True,0.494226,0.469846,True,3.867,True,0.516560,0.445124
15.638,True,4.265,True,0.494600,0.469608,True,3.875,True,0.515895,0.444822
15.650,True,4.286,True,0.491136,0.468536,True,3.879,True,0.515895,0.444822
15.661,True,4.297,True,0.491136,0.468536,True,3.870,True,0.512373,0.445952
15.672,True,4.338,True,0.487300,0.466751,True,3.859,True,0.509566,0.446604
15.683,True,4.327,True,0.486106,0.465970,True,3.856,True,0.509566,0.446604
15.694,True,4.306,True,0.485751,0.466047,True,3.857,True,0.509502,0.446861
15.706,True,4.296,True,0.485751,0.466047,True,3.855,True,0.510058,0.446725
15.717,True,4.291,True,0.485422,0.466085,True,3.853,True,0.510058,0.446725
15.727,True,4.293,True,0.485014,0.465806,True,3.840,True,0.511191,0.446571
15.739,True,4.296,True,0.485014,0.465806,True,3.848,True,0.512641,0.447340
15.750,True,4.297,True,0.485014,0.465806,True,3.856,True,0.512641,0.447340
15.761,True,4.332,True,0.483894,0.467246,True,3.799,True,0.512453,0.446463
15.772,False,0.000,False,0.000000,0.000000,True,3.666,True,0.511231,0.446273
15.783,False,0.000,False,0.000000,0.000000,True,3.554,True,0.511231,0.446273
15.794,False,0.000,False,0.000000,0.000000,False,0.000,False,0.000000,0.000000
15.805,False,0.000,False,0.000000,0.000000,False,0.000,False,0.000000,0.000000
15.816,False,0.000,False,0.000000,0.000000,False,0.000,False,0.000000,0.000000
15.828,False,0.000,False,0.000000,0.000000,False,0.000,False,0.000000,0.000000
15.839,False,0.000,False,0.000000,0.000000,False,0.000,False,0.000000,0.000000
15.850,False,0.000,False,0.000000,0.000000,False,0.000,False,0.000000,0.000000
15.861,False,0.000,False,0.000000,0.000000,False,0.000,False,0.000000,0.000000
15.872,False,0.000,False,0.000000,0.000000,True,3.681,True,0.516881,0.448403
15.883,False,0.000,False,0.000000,0.000000,True,3.744,True,0.515737,0.447577
15.894,True,4.332,True,0.488077,0.469195,True,3.807,True,0.515737,0.447577
15.906,True,4.331,True,0.488190,0.469187,True,3.871,True,0.514361,0.447389
15.917,True,4.330,True,0.488190,0.469187,True,3.872,True,0.514361,0.447389
15.927,True,4.326,True,0.488258,0.468701,True,3.874,True,0.514361,0.447389
15.939,True,4.318,True,0.487908,0.468339,True,3.901,True,0.513236,0.447902
15.950,True,4.326,True,0.487379,0.467971,True,3.913,True,0.512319,0.448064
15.961,True,4.337,True,0.487379,0.467971,True,3.920,True,0.512319,0.448064
15.972,True,4.349,True,0.487379,0.467971,True,3.935,True,0.511394,0.448291
15.984,True,4.380,True,0.486714,0.467587,True,3.940,True,0.510576,0.448336
15.994,True,4.380,True,0.486664,0.467192,True,3.940,True,0.510576,0.448336
16.005,True,4.370,True,0.486401,0.467059,True,3.938,True,0.509391,0.448111
16.017,True,4.375,True,0.486288,0.466764,True,3.937,True,0.509391,0.448111
16.028,True,4.381,True,0.486288,0.466764,True,3.942,True,0.508867,0.448130
16.038,True,4.390,True,0.486421,0.466431,True,3.946,True,0.508867,0.448130
16.049,True,4.410,True,0.486286,0.465678,True,3.966,True,0.508544,0.447955
16.060,True,4.418,True,0.486286,0.465678,True,3.970,True,0.508379,0.447620
16.071,True,4.422,True,0.486286,0.465678,True,3.972,True,0.508379,0.447620
16.083,True,4.421,True,0.486539,0.465614,True,3.977,True,0.508590,0.447585
16.094,True,4.413,True,0.486539,0.465614,True,3.977,True,0.508590,0.447585
16.106,True,4.411,True,0.486799,0.466106,True,3.976,True,0.509236,0.447739
16.117,True,4.417,True,0.486567,0.466812,True,3.973,True,0.509236,0.447739
16.127,True,4.424,True,0.486567,0.466812,True,3.971,True,0.509236,0.447739
16.139,True,4.430,True,0.486567,0.466812,True,3.974,True,0.509913,0.447992
16.150,True,4.431,True,0.487299,0.467664,True,3.967,True,0.510417,0.448111
16.162,True,4.431,True,0.487299,0.467664,True,3.977,True,0.512621,0.447341
16.172,True,4.441,True,0.491996,0.468990,True,3.986,True,0.512621,0.447341
16.183,True,4.465,True,0.498439,0.471206,True,4.026,True,0.519291,0.445619
16.194,True,4.477,True,0.498439,0.471206,True,4.040,True,0.519291,0.445619
16.205,True,4.486,True,0.498439,0.471206,True,4.053,True,0.526079,0.443252
16.216,True,4.490,True,0.503859,0.472673,True,4.069,True,0.527646,0.442852
16.227,True,4.472,True,0.504105,0.473207,True,4.085,True,0.527836,0.443030
16.239,True,4.458,True,0.504210,0.473427,True,4.088,True,0.527836,0.443030
16.250,True,4.443,True,0.503726,0.473191,True,4.085,True,0.527498,0.443001
16.262,True,4.440,True,0.503726,0.473191,True,4.088,True,0.526895,0.442796
16.272,True,4.440,True,0.503726,0.473191,True,4.091,True,0.526895,0.442796
16.283,True,4.429,True,0.503455,0.472431,True,4.094,True,0.526895,0.442796
16.294,True,4.429,True,0.503075,0.472086,True,4.087,True,0.526004,0.442493
16.305,True,4.435,True,0.502887,0.472354,True,4.080,True,0.526004,0.442493
16.317,True,4.441,True,0.502887,0.472354,True,4.074,True,0.526039,0.442449
16.327,True,4.420,True,0.503071,0.472079,True,4.072,True,0.525911,0.442261
16.338,True,4.412,True,0.503071,0.472079,True,4.074,True,0.525911,0.442261
16.349,True,4.414,True,0.503087,0.472191,True,4.078,True,0.525911,0.442261
16.361,True,4.435,True,0.503086,0.472471,True,4.068,True,0.525848,0.441913
16.372,True,4.446,True,0.503086,0.472471,True,4.065,True,0.525848,0.441913
16.383,True,4.453,True,0.503086,0.472471,True,4.063,True,0.525848,0.441913
16.394,True,4.434,True,0.503509,0.472845,True,4.050,True,0.526216,0.441998
16.405,True,4.426,True,0.504009,0.473045,True,4.043,True,0.526756,0.441735
16.416,True,4.420,True,0.504009,0.473045,True,4.034,True,0.526293,0.441580
16.427,True,4.467,True,0.500928,0.471862,True,4.014,True,0.520589,0.442990
16.439,True,4.482,True,0.493797,0.469951,True,4.004,True,0.520589,0.442990
16.449,True,4.494,True,0.493797,0.469951,True,3.997,True,0.520589,0.442990
16.461,True,4.480,True,0.487878,0.467926,True,3.957,True,0.509428,0.446768
16.472,True,4.471,True,0.487878,0.467926,True,3.938,True,0.509428,0.446768
16.483,True,4.468,True,0.486244,0.467558,True,3.925,True,0.509428,0.446768
16.494,True,4.445,True,0.486130,0.467598,True,3.905,True,0.508882,0.446858
16.505,True,4.439,True,0.486130,0.467598,True,3.892,True,0.508660,0.447071
16.517,True,4.434,True,0.486209,0.467792,True,3.884,True,0.508660,0.447071
16.527,True,4.411,True,0.485725,0.467794,True,3.882,True,0.508974,0.447353
16.538,True,4.405,True,0.485725,0.467794,True,3.877,True,0.508693,0.447947
16.549,True,4.394,True,0.485581,0.467938,True,3.873,True,0.508693,0.447947
16.560,True,4.395,True,0.484672,0.467823,True,3.864,True,0.508569,0.448361
16.572,True,4.398,True,0.484672,0.467823,True,3.861,True,0.508029,0.449297
16.584,True,4.399,True,0.484278,0.467784,True,3.860,True,0.508029,0.449297
16.594,True,4.379,True,0.483446,0.467743,True,3.856,True,0.507708,0.449760
16.605,True,4.361,True,0.483446,0.467743,True,3.847,True,0.507166,0.449850
16.616,True,4.367,True,0.483551,0.467704,True,3.845,True,0.506804,0.449666
16.627,True,4.377,True,0.483186,0.467456,True,3.843,True,0.506804,0.449666
16.638,True,4.383,True,0.483186,0.467456,True,3.847,True,0.506232,0.448866
16.650,True,4.393,True,0.483138,0.466911,True,3.852,True,0.506232,0.448866
16.661,True,4.389,True,0.483085,0.466256,True,3.851,True,0.505482,0.448151
16.672,True,4.381,True,0.483085,0.466256,True,3.852,True,0.504641,0.447774
16.683,True,4.377,True,0.482873,0.465437,True,3.853,True,0.504641,0.447774
16.694,True,4.372,True,0.482513,0.464139,True,3.847,True,0.503362,0.447795
16.706,True,4.372,True,0.482513,0.464139,True,3.852,True,0.505623,0.447591
16.717,True,4.380,True,0.486248,0.464796,True,3.855,True,0.505623,0.447591
16.728,True,4.392,True,0.492439,0.467055,True,3.876,True,0.511907,0.447140
16.739,True,4.396,True,0.492439,0.467055,True,3.877,True,0.518102,0.445681
16.750,True,4.365,True,0.496176,0.468450,True,3.880,True,0.519031,0.445980
16.766,True,4.330,True,0.496336,0.469595,True,3.883,True,0.519207,0.446196
16.778,True,4.330,True,0.496661,0.470373,True,3.886,True,0.519207,0.446196
16.789,True,4.334,True,0.496661,0.470373,True,3.887,True,0.519893,0.446702
16.800,True,4.333,True,0.496570,0.471094,True,3.873,True,0.520383,0.446642
16.811,True,4.321,True,0.496934,0.471703,True,3.860,True,0.520383,0.446642
16.822,True,4.310,True,0.496934,0.471703,True,3.853,True,0.521292,0.446406
16.833,True,4.291,True,0.497747,0.471925,True,3.845,True,0.522553,0.445977
16.844,True,4.297,True,0.498300,0.472507,True,3.845,True,0.522553,0.445977
16.855,True,4.303,True,0.498300,0.472507,True,3.841,True,0.523726,0.445640
16.868,True,4.295,True,0.498879,0.473180,True,3.836,True,0.524665,0.445595
16.878,True,4.285,True,0.499455,0.473787,True,3.835,True,0.524665,0.445595
16.889,True,4.276,True,0.499455,0.473787,True,3.982,True,0.524970,0.446330
16.900,True,4.270,True,0.498643,0.474478,True,4.211,True,0.524706,0.447116
16.914,True,4.282,True,0.497983,0.474692,True,4.290,True,0.524706,0.447116
16.923,True,4.293,True,0.497983,0.474692,True,4.351,True,0.524236,0.447708
16.933,True,4.295,True,0.497435,0.474688,True,4.391,True,0.524236,0.447708
16.944,True,4.308,True,0.497463,0.474303,True,4.400,True,0.523909,0.447769
16.956,True,4.318,True,0.497463,0.474303,True,4.399,True,0.523650,0.447174
16.967,True,4.319,True,0.496693,0.473471,True,4.405,True,0.520732,0.447802
16.978,True,4.339,True,0.490033,0.471317,True,4.412,True,0.520732,0.447802
16.989,True,4.354,True,0.490033,0.471317,True,4.401,True,0.513478,0.450482
17.000,True,4.355,True,0.480656,0.468585,True,4.377,True,0.507341,0.453123
17.011,True,4.356,True,0.477457,0.468561,True,4.364,True,0.507341,0.453123
17.022,True,4.354,True,0.477457,0.468561,True,4.350,True,0.506033,0.453570
17.033,True,4.331,True,0.477636,0.468491,True,4.333,True,0.505655,0.453345
17.044,True,4.316,True,0.477636,0.468491,True,4.328,True,0.505655,0.453345
17.055,True,4.307,True,0.478204,0.468483,True,4.325,True,0.505655,0.453345
17.067,True,4.290,True,0.478485,0.468521,True,4.339,True,0.506653,0.452760
17.078,True,4.287,True,0.478485,0.468521,True,4.346,True,0.506653,0.452760
17.089,True,4.278,True,0.478872,0.469206,True,4.360,True,0.506715,0.452675
17.100,True,4.263,True,0.479065,0.469113,True,4.365,True,0.506715,0.452675
17.111,True,4.252,True,0.478448,0.469181,True,4.367,True,0.505945,0.452825
17.123,True,4.252,True,0.478448,0.469181,True,4.367,True,0.505945,0.452825
17.134,True,4.287,True,0.477241,0.468414,True,4.374,True,0.505379,0.452952
17.144,True,4.315,True,0.477241,0.468414,True,4.377,True,0.505379,0.452952
17.156,True,4.365,True,0.476444,0.467575,True,4.379,True,0.505379,0.452952
17.166,True,4.417,True,0.475487,0.467365,True,4.363,True,0.503252,0.453491
17.178,True,4.436,True,0.474190,0.466848,True,4.354,True,0.503252,0.453491
17.189,True,4.445,True,0.474190,0.466848,True,4.353,True,0.501849,0.454337
17.200,True,4.434,True,0.472553,0.466331,True,4.353,True,0.501849,0.454337
17.211,True,4.434,True,0.471038,0.465619,True,4.355,True,0.500364,0.454837
17.222,True,4.436,True,0.471038,0.465619,True,4.362,True,0.500222,0.454693
17.233,True,4.452,True,0.475035,0.466956,True,4.372,True,0.500222,0.454693
17.244,True,4.467,True,0.475035,0.466956,True,4.395,True,0.507646,0.452659
17.255,True,4.485,True,0.482847,0.468790,True,4.415,True,0.507646,0.452659
17.266,True,4.485,True,0.492568,0.470585,True,4.468,True,0.521916,0.445440
17.277,True,4.460,True,0.499023,0.470522,True,4.483,True,0.521916,0.445440
17.288,True,4.438,True,0.499023,0.470522,True,4.492,True,0.521916,0.445440
17.300,True,4.440,True,0.498967,0.470317,True,4.523,True,0.521873,0.444313
17.311,True,4.449,True,0.498967,0.470317,True,4.557,True,0.520369,0.444179
17.322,True,4.445,True,0.498256,0.469928,True,4.558,True,0.519862,0.444103
17.334,True,4.433,True,0.497209,0.469893,True,4.554,True,0.519862,0.444103
17.344,True,4.419,True,0.496873,0.469980,True,4.550,True,0.519688,0.444315
17.355,True,4.408,True,0.496873,0.469980,True,4.541,True,0.519263,0.445166
17.367,True,4.393,True,0.495745,0.470060,True,4.530,True,0.519263,0.445166
17.377,True,4.389,True,0.495745,0.470060,True,4.525,True,0.518742,0.446321
17.389,True,4.397,True,0.494827,0.470130,True,4.521,True,0.518742,0.446321
17.399,True,4.407,True,0.493837,0.469960,True,4.514,True,0.517660,0.447778
17.411,True,4.412,True,0.493219,0.469800,True,4.510,True,0.517660,0.447778
17.422,True,4.415,True,0.493219,0.469800,True,4.512,True,0.517319,0.447810
17.433,True,4.416,True,0.493219,0.469800,True,4.514,True,0.517319,0.447810
17.444,True,4.422,True,0.493830,0.469978,True,4.514,True,0.517854,0.446908
17.456,True,4.431,True,0.493830,0.469978,True,4.512,True,0.518437,0.446079
17.466,True,4.437,True,0.493830,0.469978,True,4.509,True,0.518437,0.446079
17.478,True,4.434,True,0.494747,0.470443,True,4.531,True,0.519141,0.445734
17.489,True,4.431,True,0.495014,0.470731,True,4.534,True,0.519458,0.445797
17.500,True,4.428,True,0.495014,0.470731,True,4.536,True,0.519458,0.445797
17.511,True,4.453,True,0.495039,0.470955,True,4.527,True,0.519725,0.445969
17.522,True,4.465,True,0.495039,0.470955,True,4.530,True,0.519374,0.446406
17.534,True,4.482,True,0.494174,0.471144,True,4.533,True,0.519374,0.446406
17.545,True,4.495,True,0.493862,0.471125,True,4.538,True,0.519304,0.446695
17.556,True,4.493,True,0.493862,0.471125,True,4.539,True,0.519304,0.446695
17.567,True,4.490,True,0.493862,0.471125,True,4.545,True,0.520189,0.445853
17.578,True,4.540,True,0.504465,0.471392,True,4.583,True,0.525015,0.442683
17.589,True,4.553,True,0.504465,0.471392,True,4.606,True,0.526873,0.440378
17.600,True,4.563,True,0.504465,0.471392,True,4.624,True,0.526873,0.440378
17.611,True,4.559,True,0.505059,0.471077,True,4.648,True,0.526261,0.440641
17.622,True,4.558,True,0.504442,0.471566,True,4.655,True,0.526261,0.440641
17.633,True,4.559,True,0.504442,0.471566,True,4.660,True,0.526261,0.440641
17.644,True,4.561,True,0.503602,0.471524,True,4.661,True,0.525133,0.442580
17.655,True,4.556,True,0.502527,0.471109,True,4.658,True,0.525133,0.442580
17.667,True,4.551,True,0.502527,0.471109,True,4.656,True,0.524347,0.443260
17.678,True,4.539,True,0.501792,0.470667,True,4.656,True,0.523351,0.443610
17.689,True,4.555,True,0.501162,0.470398,True,4.652,True,0.522716,0.443416
17.700,True,4.563,True,0.501232,0.469564,True,4.649,True,0.522716,0.443416
17.711,True,4.582,True,0.501527,0.469341,True,4.667,True,0.522285,0.442797
17.723,True,4.592,True,0.501527,0.469341,True,4.673,True,0.521926,0.441833
17.734,True,4.591,True,0.502364,0.468197,True,4.678,True,0.521926,0.441833
17.745,True,4.587,True,0.502364,0.468197,True,4.694,True,0.521659,0.440898
17.756,True,4.609,True,0.502537,0.467768,True,4.708,True,0.521834,0.440282
17.767,True,4.614,True,0.502925,0.467700,True,4.709,True,0.521834,0.440282
17.778,True,4.618,True,0.502925,0.467700,True,4.711,True,0.522025,0.439900
17.789,True,4.617,True,0.503758,0.467184,True,4.708,True,0.522736,0.439214
17.800,True,4.618,True,0.504304,0.466328,True,4.705,True,0.522736,0.439214
17.811,True,4.620,True,0.504304,0.466328,True,4.712,True,0.522190,0.438322
17.822,True,4.603,True,0.504756,0.464928,True,4.723,True,0.521255,0.438212
17.833,True,4.605,True,0.503924,0.464878,True,4.727,True,0.521255,0.438212
17.844,True,4.607,True,0.503924,0.464878,True,4.737,True,0.521064,0.438849
17.856,True,4.609,True,0.503815,0.465028,True,4.749,True,0.521064,0.438849
17.867,True,4.619,True,0.503666,0.465304,True,4.751,True,0.521098,0.439022
17.878,True,4.626,True,0.503666,0.465304,True,4.744,True,0.521344,0.439106
17.889,True,4.628,True,0.503699,0.465830,True,4.730,True,0.521344,0.439106
17.900,True,4.628,True,0.503699,0.465830,True,4.693,True,0.521820,0.439273
17.911,True,4.628,True,0.503349,0.466465,True,4.663,True,0.521820,0.439273
17.922,True,4.626,True,0.503349,0.466465,True,4.634,True,0.522440,0.439733
17.933,True,4.627,True,0.503431,0.467067,True,4.597,True,0.523080,0.440446
17.945,True,4.622,True,0.503126,0.467986,True,4.586,True,0.523080,0.440446
17.956,True,4.591,True,0.502901,0.468179,True,4.574,True,0.525319,0.440270
17.971,True,4.532,True,0.502477,0.468022,True,4.568,True,0.523841,0.441230
17.982,True,4.531,True,0.495078,0.466289,True,4.563,True,0.523841,0.441230
17.993,True,4.533,True,0.495078,0.466289,True,4.546,True,0.518606,0.443730
18.004,True,4.546,True,0.485198,0.463972,True,4.533,True,0.518606,0.443730
18.015,True,4.571,True,0.485198,0.463972,True,4.479,True,0.511184,0.447233
18.026,True,4.553,True,0.475900,0.461350,True,4.464,True,0.505670,0.449550
18.037,True,4.513,True,0.471546,0.458732,True,4.453,True,0.505670,0.449550
18.049,True,4.467,True,0.467849,0.458240,True,4.397,True,0.500156,0.449955
18.060,True,4.460,True,0.467849,0.458240,True,4.380,True,0.500156,0.449955
18.071,True,4.459,True,0.467849,0.458240,True,4.382,True,0.497261,0.450344
18.082,True,4.553,True,0.470685,0.457661,True,4.365,True,0.496059,0.449621
18.093,True,4.579,True,0.470685,0.457661,True,4.376,True,0.496755,0.448694
18.105,True,4.595,True,0.473071,0.458503,True,4.384,True,0.496755,0.448694
18.116,True,4.608,True,0.473071,0.458503,True,4.379,True,0.497947,0.448216
18.127,True,4.597,True,0.474670,0.458909,True,4.377,True,0.497947,0.448216
18.138,True,4.590,True,0.474670,0.458909,True,4.389,True,0.499528,0.447776
18.150,True,4.622,True,0.476581,0.460332,True,4.413,True,0.501443,0.447917
18.160,True,4.633,True,0.478971,0.462038,True,4.426,True,0.501443,0.447917
18.171,True,4.626,True,0.480508,0.463782,True,4.433,True,0.503429,0.448208
18.182,True,4.611,True,0.480508,0.463782,True,4.446,True,0.505112,0.448332
18.193,True,4.551,True,0.482478,0.465417,True,4.457,True,0.505112,0.448332
18.205,True,4.503,True,0.482478,0.465417,True,4.469,True,0.506690,0.448212
18.215,True,4.454,True,0.483900,0.466237,True,4.489,True,0.508488,0.447903
18.227,True,4.461,True,0.485391,0.467054,True,4.495,True,0.508488,0.447903
18.237,True,4.485,True,0.487139,0.467605,True,4.502,True,0.510068,0.447283
18.248,True,4.496,True,0.487139,0.467605,True,4.506,True,0.511607,0.446750
18.260,True,4.504,True,0.488315,0.467989,True,4.509,True,0.511607,0.446750
18.271,True,4.515,True,0.489528,0.468241,True,4.518,True,0.513124,0.446452
18.282,True,4.520,True,0.489528,0.468241,True,4.531,True,0.514526,0.446127
18.293,True,4.540,True,0.490854,0.468711,True,4.541,True,0.514526,0.446127
18.304,True,4.557,True,0.490854,0.468711,True,4.557,True,0.515276,0.446007
18.315,True,4.594,True,0.492106,0.468773,True,4.573,True,0.516086,0.445622
18.326,True,4.595,True,0.492986,0.468439,True,4.575,True,0.516086,0.445622
18.337,True,4.594,True,0.492986,0.468439,True,4.583,True,0.516734,0.445154
18.349,True,4.623,True,0.493427,0.468103,True,4.591,True,0.517030,0.444905
18.360,True,4.621,True,0.494359,0.467751,True,4.592,True,0.517030,0.444905
18.371,True,4.633,True,0.494971,0.467246,True,4.591,True,0.517423,0.444516
18.382,True,4.643,True,0.494971,0.467246,True,4.600,True,0.517379,0.444312
18.393,True,4.648,True,0.494971,0.467246,True,4.607,True,0.517379,0.444312
18.404,True,4.533,True,0.495533,0.468333,True,4.627,True,0.518336,0.444100
18.415,True,4.500,True,0.495533,0.468333,True,4.641,True,0.518530,0.444161
18.426,True,4.471,True,0.495826,0.468660,True,4.651,True,0.518530,0.444161
18.438,True,4.445,True,0.495841,0.468416,True,4.644,True,0.518772,0.444322
18.449,True,4.447,True,0.495841,0.468416,True,4.644,True,0.518474,0.444333
18.460,True,4.454,True,0.494930,0.468055,True,4.643,True,0.518474,0.444333
18.471,True,4.468,True,0.494379,0.467655,True,4.655,True,0.517622,0.444633
18.482,True,4.474,True,0.494379,0.467655,True,4.666,True,0.516769,0.445295
18.493,True,4.468,True,0.494201,0.467265,True,4.674,True,0.516193,0.445453
18.504,True,4.469,True,0.494044,0.466568,True,4.674,True,0.516193,0.445453
18.515,True,4.470,True,0.494044,0.466568,True,4.667,True,0.515718,0.444803
18.526,True,4.478,True,0.493760,0.466349,True,4.661,True,0.515718,0.444803
18.537,True,4.499,True,0.493767,0.466144,True,4.653,True,0.515580,0.444375
18.549,True,4.509,True,0.493767,0.466144,True,4.650,True,0.515321,0.444461
18.560,True,4.504,True,0.493397,0.466753,True,4.638,True,0.515654,0.444695
18.571,True,4.489,True,0.493911,0.467445,True,4.631,True,0.515654,0.444695
18.582,True,4.476,True,0.493911,0.467445,True,4.628,True,0.519439,0.443858
18.593,True,4.421,True,0.498748,0.468859,True,4.613,True,0.524952,0.441842
18.604,True,4.412,True,0.505254,0.469964,True,4.602,True,0.524952,0.441842
18.616,True,4.407,True,0.505254,0.469964,True,4.595,True,0.524952,0.441842
18.626,True,4.387,True,0.512016,0.470258,True,4.582,True,0.530286,0.438675
18.638,True,4.356,True,0.519824,0.470476,True,4.579,True,0.536672,0.434545
18.649,True,4.343,True,0.519824,0.470476,True,4.601,True,0.541306,0.431161
18.660,True,4.338,True,0.522355,0.470867,True,4.620,True,0.541306,0.431161
18.671,True,4.339,True,0.522355,0.470867,True,4.617,True,0.542464,0.431177
18.682,True,4.335,True,0.522903,0.472024,True,4.612,True,0.542464,0.431177
18.693,True,4.317,True,0.523152,0.473267,True,4.607,True,0.543945,0.431367
18.705,True,4.286,True,0.523277,0.474267,True,4.563,True,0.544941,0.431568
18.716,True,4.275,True,0.523277,0.474267,True,4.550,True,0.545503,0.431959
18.727,True,4.241,True,0.524052,0.474330,True,4.533,True,0.546465,0.431672
18.738,True,4.222,True,0.524052,0.474330,True,4.529,True,0.546465,0.431672
18.749,True,4.211,True,0.524355,0.474393,True,4.521,True,0.546856,0.430978
18.760,True,4.200,True,0.525420,0.474357,True,4.515,True,0.546856,0.430978
18.772,True,4.187,True,0.525789,0.474448,True,4.509,True,0.547523,0.430476
18.783,True,4.185,True,0.525789,0.474448,True,4.510,True,0.547882,0.430031
18.793,True,4.184,True,0.525789,0.474448,True,4.510,True,0.547882,0.430031
18.804,True,4.205,True,0.526385,0.474448,True,4.507,True,0.548263,0.429769
18.816,True,4.208,True,0.526317,0.474539,True,4.503,True,0.548263,0.429769
18.826,True,4.206,True,0.525760,0.474375,True,4.493,True,0.548385,0.429766
18.838,True,4.202,True,0.525760,0.474375,True,4.493,True,0.547897,0.429604
18.849,True,4.198,True,0.526048,0.474075,True,4.501,True,0.547801,0.429178
18.860,True,4.196,True,0.526048,0.474075,True,4.508,True,0.547801,0.429178
18.871,True,4.177,True,0.526484,0.473626,True,4.504,True,0.548104,0.429555
18.882,True,4.182,True,0.526050,0.474057,True,4.494,True,0.548104,0.429555
18.893,True,4.186,True,0.526050,0.474057,True,4.471,True,0.547946,0.429978
18.904,True,4.195,True,0.525595,0.474355,True,4.455,True,0.547267,0.430217
18.916,True,4.195,True,0.525154,0.474309,True,4.460,True,0.547267,0.430217
18.927,True,4.193,True,0.525154,0.474309,True,4.466,True,0.546973,0.429837
18.938,True,4.182,True,0.525460,0.473357,True,4.488,True,0.546351,0.429305
18.949,True,4.200,True,0.525624,0.472847,True,4.500,True,0.546351,0.429305
18.960,True,4.216,True,0.525624,0.472847,True,4.507,True,0.546087,0.428804
18.971,True,4.215,True,0.525458,0.472630,True,4.524,True,0.545846,0.428655
18.983,True,4.214,True,0.525332,0.472152,True,4.532,True,0.545846,0.428655
18.993,True,4.204,True,0.524582,0.472347,True,4.518,True,0.544958,0.429389
19.004,True,4.200,True,0.524582,0.472347,True,4.511,True,0.544769,0.430255
19.015,True,4.204,True,0.522645,0.472447,True,4.504,True,0.544769,0.430255
19.027,True,4.240,True,0.515410,0.471809,True,4.510,True,0.540369,0.432371
19.038,True,4.267,True,0.515410,0.471809,True,4.500,True,0.540369,0.432371
19.049,True,4.269,True,0.507838,0.469506,True,4.491,True,0.533269,0.435858
19.061,True,4.261,True,0.502644,0.468259,True,4.454,True,0.524722,0.438688
19.071,True,4.252,True,0.502644,0.468259,True,4.434,True,0.521495,0.439241
19.082,True,4.245,True,0.502986,0.467775,True,4.419,True,0.521495,0.439241
19.093,True,4.241,True,0.502986,0.467775,True,4.406,True,0.521160,0.439241
19.104,True,4.228,True,0.502557,0.468179,True,4.388,True,0.521217,0.439392
19.116,True,4.201,True,0.502565,0.468347,True,4.381,True,0.521217,0.439392
19.126,True,4.179,True,0.502565,0.468347,True,4.378,True,0.521130,0.439154
19.138,True,4.191,True,0.502867,0.468415,True,4.376,True,0.521317,0.438557
19.149,True,4.190,True,0.503320,0.467821,True,4.377,True,0.521317,0.438557
19.160,True,4.191,True,0.503320,0.467821,True,4.385,True,0.520774,0.438092
19.171,True,4.219,True,0.503036,0.467069,True,4.391,True,0.520383,0.437540
19.183,True,4.218,True,0.503488,0.466704,True,4.389,True,0.520383,0.437540
19.194,True,4.218,True,0.503488,0.466704,True,4.390,True,0.520306,0.437447
19.204,True,4.220,True,0.502887,0.467080,True,4.393,True,0.520192,0.438312
19.216,True,4.222,True,0.502388,0.467580,True,4.395,True,0.520192,0.438312
19.226,True,4.223,True,0.502388,0.467580,True,4.401,True,0.520061,0.439037
19.237,True,4.236,True,0.501777,0.468259,True,4.410,True,0.520185,0.440589
19.248,True,4.219,True,0.500893,0.468986,True,4.414,True,0.520185,0.440589
19.260,True,4.204,True,0.500893,0.468986,True,4.411,True,0.520197,0.441259
19.271,True,4.191,True,0.500935,0.469105,True,4.417,True,0.520197,0.441259
19.286,True,4.200,True,0.501482,0.468423,True,4.421,True,0.520080,0.440020
19.297,True,4.219,True,0.501431,0.468141,True,4.417,True,0.520080,0.440020
19.308,True,4.234,True,0.501431,0.468141,True,4.426,True,0.520070,0.440025
19.319,True,4.258,True,0.501287,0.468583,True,4.424,True,0.519816,0.440450
19.330,True,4.251,True,0.501066,0.468490,True,4.419,True,0.519816,0.440450
19.342,True,4.243,True,0.501066,0.468490,True,4.423,True,0.519513,0.440473
19.352,True,4.222,True,0.500868,0.467931,True,4.427,True,0.519513,0.440473
19.364,True,4.211,True,0.501085,0.467096,True,4.446,True,0.518991,0.439822
19.375,True,4.218,True,0.501085,0.467096,True,4.453,True,0.518613,0.438404
19.386,True,4.240,True,0.502252,0.466226,True,4.459,True,0.518613,0.438404
19.397,True,4.274,True,0.502252,0.466226,True,4.484,True,0.518497,0.436595
19.408,True,4.266,True,0.503624,0.465430,True,4.498,True,0.518680,0.434108
19.419,True,4.269,True,0.504974,0.464418,True,4.523,True,0.519450,0.432152
19.431,True,4.261,True,0.506196,0.463998,True,4.533,True,0.519450,0.432152
19.442,True,4.255,True,0.506196,0.463998,True,4.537,True,0.519886,0.431420
19.453,True,4.293,True,0.505834,0.463611,True,4.531,True,0.519967,0.433222
19.464,True,4.287,True,0.503792,0.464566,True,4.524,True,0.519967,0.433222
19.475,True,4.282,True,0.503792,0.464566,True,4.503,True,0.519943,0.435623
19.486,True,4.267,True,0.502854,0.465378,True,4.486,True,0.519943,0.435623
19.497,True,4.254,True,0.503758,0.464919,True,4.486,True,0.519960,0.436022
19.508,True,4.257,True,0.503758,0.464919,True,4.495,True,0.520068,0.435647
19.519,True,4.257,True,0.504007,0.465498,True,4.504,True,0.520068,0.435647
19.531,True,4.258,True,0.504007,0.465498,True,4.508,True,0.521165,0.436292
19.541,True,4.259,True,0.504713,0.465627,True,4.508,True,0.521537,0.436600
19.552,True,4.273,True,0.504636,0.464959,True,4.519,True,0.520395,0.437085
19.563,True,4.279,True,0.504636,0.464959,True,4.528,True,0.520395,0.437085
19.575,True,4.283,True,0.504004,0.463581,True,4.533,True,0.519104,0.437463
19.587,True,4.308,True,0.503130,0.462531,True,4.536,True,0.518169,0.437961
19.598,True,4.322,True,0.502687,0.462039,True,4.534,True,0.518169,0.437961
19.609,True,4.334,True,0.502687,0.462039,True,4.540,True,0.518074,0.438838
19.620,True,4.360,True,0.502100,0.461884,True,4.542,True,0.517698,0.440091
19.631,True,4.366,True,0.501834,0.461769,True,4.538,True,0.517698,0.440091
19.642,True,4.369,True,0.501834,0.461769,True,4.535,True,0.517698,0.440091
19.653,True,4.380,True,0.500935,0.462443,True,4.517,True,0.517349,0.441722
19.664,True,4.392,True,0.499882,0.463300,True,4.507,True,0.517438,0.443427
19.675,True,4.400,True,0.499882,0.463300,True,4.511,True,0.517398,0.444749
19.686,True,4.420,True,0.499808,0.464881,True,4.517,True,0.517518,0.445556
19.698,True,4.416,True,0.499228,0.465530,True,4.520,True,0.517518,0.445556
19.709,True,4.411,True,0.499228,0.465530,True,4.516,True,0.517726,0.446329
19.720,True,4.392,True,0.498874,0.466347,True,4.507,True,0.517726,0.446329
19.731,True,4.380,True,0.498874,0.466347,True,4.506,True,0.517341,0.447236
19.742,True,4.377,True,0.498742,0.466825,True,4.506,True,0.516983,0.447817
19.753,True,4.379,True,0.498426,0.467315,True,4.506,True,0.516983,0.447817
19.764,True,4.382,True,0.498094,0.467793,True,4.522,True,0.516897,0.448115
19.775,True,4.383,True,0.498094,0.467793,True,4.522,True,0.516930,0.448036
19.787,True,4.405,True,0.498168,0.468649,True,4.516,True,0.516801,0.448152
19.802,True,4.405,True,0.498168,0.468649,True,4.516,True,0.516801,0.448152
19.819,True,4.394,True,0.498059,0.468661,True,4.514,True,0.516829,0.448292
19.831,True,4.384,True,0.498059,0.468661,True,4.524,True,0.516196,0.448290
19.842,True,4.371,True,0.497616,0.468882,True,4.526,True,0.515312,0.448107
19.853,True,4.364,True,0.496235,0.468728,True,4.528,True,0.515312,0.448107
19.864,True,4.368,True,0.496235,0.468728,True,4.531,True,0.514413,0.447589
19.875,True,4.369,True,0.497086,0.469761,True,4.532,True,0.514413,0.447589
19.886,True,4.367,True,0.499833,0.471899,True,4.530,True,0.517461,0.446701
19.897,True,4.365,True,0.499833,0.471899,True,4.541,True,0.520253,0.446156
19.908,True,4.362,True,0.500807,0.473096,True,4.550,True,0.520253,0.446156
19.920,True,4.340,True,0.500737,0.473289,True,4.566,True,0.520064,0.446009
19.931,True,4.340,True,0.500737,0.473289,True,4.566,True,0.520064,0.446009
19.942,True,4.334,True,0.500420,0.473145,True,4.566,True,0.519542,0.445738
19.953,True,4.343,True,0.499556,0.472708,True,4.546,True,0.518915,0.445625
19.964,True,4.350,True,0.499556,0.472708,True,4.539,True,0.518300,0.445287
19.975,True,4.351,True,0.499133,0.471900,True,4.534,True,0.518300,0.445287
19.986,True,4.351,True,0.498649,0.471119,True,4.531,True,0.517619,0.445125
19.998,True,4.351,True,0.498649,0.471119,True,4.537,True,0.516632,0.444815
20.009,True,4.349,True,0.497984,0.470713,True,4.541,True,0.516632,0.444815
20.020,True,4.342,True,0.497861,0.470622,True,4.541,True,0.516562,0.444962
20.031,True,4.338,True,0.497861,0.470622,True,4.534,True,0.516243,0.445049
20.042,True,4.325,True,0.497619,0.470456,True,4.528,True,0.516243,0.445049
20.053,True,4.307,True,0.496879,0.470517,True,4.522,True,0.516112,0.445342
20.064,True,4.307,True,0.496879,0.470517,True,4.522,True,0.516112,0.445342
20.075,True,4.292,True,0.496512,0.470615,True,4.508,True,0.515552,0.445724
20.086,True,4.285,True,0.496512,0.470615,True,4.506,True,0.515634,0.446287
20.097,True,4.289,True,0.495588,0.470797,True,4.505,True,0.515200,0.447188
20.108,True,4.284,True,0.494469,0.470857,True,4.505,True,0.515200,0.447188
20.119,True,4.281,True,0.494469,0.470857,True,4.499,True,0.513432,0.448628
20.130,True,4.287,True,0.490711,0.470520,True,4.489,True,0.510450,0.450034
20.141,True,4.279,True,0.489149,0.470213,True,4.485,True,0.510450,0.450034
20.152,True,4.269,True,0.488592,0.470597,True,4.462,True,0.510194,0.450648
20.164,True,4.265,True,0.488592,0.470597,True,4.460,True,0.510352,0.451062
20.175,True,4.262,True,0.488592,0.470597,True,4.458,True,0.510352,0.451062
20.186,True,4.279,True,0.488723,0.471340,True,4.443,True,0.510658,0.451203
20.197,True,4.281,True,0.488723,0.471340,True,4.435,True,0.511338,0.451102
20.209,True,4.272,True,0.489435,0.472075,True,4.429,True,0.511338,0.451102
20.219,True,4.265,True,0.489627,0.472784,True,4.430,True,0.511973,0.451392
20.230,True,4.265,True,0.489627,0.472784,True,4.436,True,0.512711,0.451305
20.241,True,4.265,True,0.490179,0.473084,True,4.441,True,0.512711,0.451305
20.253,True,4.264,True,0.490221,0.473189,True,4.436,True,0.513222,0.451355
20.264,True,4.261,True,0.490221,0.473189,True,4.437,True,0.513485,0.451516
20.275,True,4.257,True,0.490255,0.473203,True,4.438,True,0.513485,0.451516
20.286,True,4.253,True,0.490255,0.473203,True,4.434,True,0.513847,0.451559
20.297,True,4.236,True,0.490133,0.473487,True,4.430,True,0.514225,0.451679
20.308,True,4.226,True,0.490189,0.473827,True,4.426,True,0.514111,0.451797
20.319,True,4.225,True,0.490153,0.473817,True,4.424,True,0.514111,0.451797
20.331,True,4.226,True,0.490153,0.473817,True,4.420,True,0.514156,0.451920
20.341,True,4.226,True,0.490062,0.473790,True,4.417,True,0.514156,0.451920
20.353,True,4.229,True,0.489912,0.473471,True,4.397,True,0.513896,0.451836
20.364,True,4.231,True,0.489912,0.473471,True,4.392,True,0.513495,0.451909
20.375,True,4.213,True,0.489914,0.473626,True,4.382,True,0.513330,0.451882
20.386,True,4.209,True,0.489541,0.473297,True,4.377,True,0.513330,0.451882
20.397,True,4.206,True,0.489541,0.473297,True,4.370,True,0.513195,0.451770
20.408,True,4.211,True,0.489471,0.472988,True,4.362,True,0.512731,0.451614
20.420,True,4.221,True,0.489306,0.472634,True,4.361,True,0.512731,0.451614
20.431,True,4.236,True,0.489306,0.472634,True,4.356,True,0.512700,0.451576
20.442,True,4.236,True,0.489306,0.472634,True,4.356,True,0.512700,0.451576
20.452,True,4.253,True,0.489201,0.472472,True,4.353,True,0.512269,0.451606
20.464,True,4.247,True,0.488996,0.472524,True,4.358,True,0.511943,0.451796
20.475,True,4.247,True,0.488996,0.472524,True,4.358,True,0.511943,0.451796
20.486,True,4.229,True,0.488600,0.472487,True,4.349,True,0.511727,0.451860
20.498,True,4.236,True,0.488450,0.472521,True,4.362,True,0.511696,0.452077
20.508,True,4.236,True,0.488114,0.472803,True,4.367,True,0.511696,0.452077
20.520,True,4.236,True,0.488114,0.472803,True,4.367,True,0.511696,0.452077
20.531,True,4.230,True,0.488850,0.472992,True,4.356,True,0.515083,0.451382
20.542,True,4.226,True,0.488850,0.472992,True,4.367,True,0.515083,0.451382
20.553,True,4.230,True,0.493456,0.474979,True,4.368,True,0.521124,0.450024
20.564,True,4.183,True,0.497440,0.476801,True,4.378,True,0.523062,0.449725
20.575,True,4.163,True,0.498181,0.477139,True,4.382,True,0.523062,0.449725
20.586,True,4.163,True,0.498181,0.477139,True,4.382,True,0.523062,0.449725
20.598,True,4.145,True,0.498472,0.477579,True,4.404,True,0.523456,0.449379
20.609,True,4.127,True,0.498521,0.478113,True,4.409,True,0.523456,0.449379
20.620,True,4.113,True,0.498521,0.478113,True,4.407,True,0.523840,0.449604
20.631,True,4.105,True,0.498704,0.478231,True,4.404,True,0.523840,0.449604
20.642,True,4.098,True,0.498704,0.478231,True,4.405,True,0.524272,0.449590
20.653,True,4.125,True,0.498742,0.478792,True,4.402,True,0.524563,0.449834
20.664,True,4.126,True,0.498742,0.478792,True,4.399,True,0.524563,0.449834
20.676,True,4.125,True,0.499110,0.479691,True,4.403,True,0.525395,0.450159
20.686,True,4.123,True,0.499110,0.479691,True,4.411,True,0.525787,0.450126
20.697,True,4.125,True,0.499468,0.480344,True,4.418,True,0.525787,0.450126
20.709,True,4.128,True,0.499468,0.480344,True,4.429,True,0.526243,0.449836
20.720,True,4.118,True,0.499997,0.480725,True,4.434,True,0.526695,0.449309
20.731,True,4.119,True,0.500636,0.480936,True,4.430,True,0.526695,0.449309
20.742,True,4.116,True,0.501138,0.481039,True,4.416,True,0.527096,0.448642
20.753,True,4.115,True,0.501138,0.481039,True,4.408,True,0.527197,0.448595
20.764,True,4.140,True,0.500971,0.481072,True,4.407,True,0.527175,0.448192
20.775,True,4.150,True,0.501262,0.481023,True,4.410,True,0.527175,0.448192
20.786,True,4.158,True,0.501262,0.481023,True,4.413,True,0.527007,0.447860
20.798,True,4.155,True,0.501506,0.481041,True,4.416,True,0.527007,0.447860
20.809,True,4.141,True,0.501506,0.481041,True,4.423,True,0.527068,0.447673
20.820,True,4.132,True,0.501821,0.481220,True,4.427,True,0.527285,0.447633
20.832,True,4.154,True,0.501958,0.481382,True,4.433,True,0.527326,0.447445
20.842,True,4.164,True,0.501958,0.481382,True,4.435,True,0.527326,0.447445
20.853,True,4.173,True,0.502184,0.481048,True,4.435,True,0.525698,0.447126
20.864,True,4.201,True,0.498160,0.478196,True,4.434,True,0.525698,0.447126
20.875,True,4.244,True,0.494166,0.475992,True,4.441,True,0.518857,0.447586
20.886,True,4.260,True,0.494166,0.475992,True,4.426,True,0.516205,0.447299
20.897,True,4.265,True,0.494309,0.475076,True,4.413,True,0.516205,0.447299
20.909,True,4.266,True,0.494309,0.475076,True,4.411,True,0.516180,0.446775
20.920,True,4.277,True,0.494920,0.474465,True,4.400,True,0.515941,0.446630
20.932,True,4.267,True,0.495021,0.473967,True,4.393,True,0.515941,0.446630
20.942,True,4.271,True,0.494526,0.473809,True,4.393,True,0.515858,0.446956
20.953,True,4.281,True,0.494526,0.473809,True,4.404,True,0.515858,0.446956
20.964,True,4.293,True,0.494567,0.473759,True,4.418,True,0.515330,0.447516
20.975,True,4.297,True,0.494625,0.473277,True,4.420,True,0.515330,0.447516
20.986,True,4.299,True,0.494625,0.473277,True,4.430,True,0.515627,0.447575
20.997,True,4.299,True,0.494658,0.473412,True,4.436,True,0.515627,0.447575
21.009,True,4.304,True,0.494950,0.473181,True,4.438,True,0.515585,0.447373
21.020,True,4.308,True,0.494950,0.473181,True,4.442,True,0.515725,0.447150
21.031,True,4.300,True,0.495117,0.473000,True,4.444,True,0.515725,0.447150
21.042,True,4.286,True,0.495117,0.473000,True,4.438,True,0.515671,0.447015
21.053,True,4.286,True,0.495440,0.472307,True,4.443,True,0.515628,0.447112
21.064,True,4.289,True,0.495268,0.472140,True,4.447,True,0.515628,0.447112
21.075,True,4.305,True,0.495456,0.471431,True,4.452,True,0.515533,0.446863
21.086,True,4.315,True,0.495456,0.471431,True,4.459,True,0.515254,0.446790
21.097,True,4.331,True,0.495689,0.471392,True,4.459,True,0.515553,0.446745
21.109,True,4.336,True,0.495689,0.471392,True,4.454,True,0.515553,0.446745
21.119,True,4.337,True,0.496125,0.471638,True,4.455,True,0.515811,0.446970
21.131,True,4.330,True,0.496235,0.471327,True,4.455,True,0.515811,0.446970
21.142,True,4.332,True,0.496472,0.471468,True,4.470,True,0.516119,0.446874
21.153,True,4.338,True,0.496472,0.471468,True,4.474,True,0.516111,0.447107
21.164,True,4.346,True,0.496367,0.471079,True,4.476,True,0.516111,0.447107
21.175,True,4.358,True,0.496367,0.471079,True,4.484,True,0.516129,0.447402
21.186,True,4.357,True,0.496462,0.471196,True,4.486,True,0.516129,0.447402
21.197,True,4.340,True,0.496878,0.471035,True,4.490,True,0.516192,0.447622
21.210,True,4.328,True,0.496878,0.471035,True,4.495,True,0.516280,0.447947
21.221,True,4.330,True,0.496934,0.471090,True,4.499,True,0.516280,0.447947
21.232,True,4.356,True,0.497183,0.471561,True,4.485,True,0.516863,0.448549
21.244,True,4.364,True,0.497227,0.471835,True,4.479,True,0.516863,0.448549
21.255,True,4.370,True,0.497227,0.471835,True,4.479,True,0.516969,0.449124
21.266,True,4.392,True,0.497533,0.472107,True,4.481,True,0.516969,0.449124
21.277,True,4.401,True,0.497843,0.472842,True,4.486,True,0.517276,0.449349
21.288,True,4.408,True,0.497843,0.472842,True,4.472,True,0.517770,0.449633
21.299,True,4.412,True,0.497745,0.473114,True,4.457,True,0.517950,0.449923
21.311,True,4.403,True,0.497530,0.472905,True,4.456,True,0.517950,0.449923
21.321,True,4.395,True,0.497530,0.472905,True,4.459,True,0.518051,0.450407
21.333,True,4.402,True,0.498999,0.473324,True,4.463,True,0.518051,0.450407
21.343,True,4.415,True,0.498999,0.473324,True,4.481,True,0.521027,0.449866
21.355,True,4.446,True,0.503077,0.474534,True,4.489,True,0.521027,0.449866
21.366,True,4.471,True,0.503077,0.474534,True,4.494,True,0.524320,0.449337
21.380,True,4.463,True,0.505035,0.475148,True,4.495,True,0.524484,0.449714
21.399,True,4.450,True,0.504579,0.475588,True,4.495,True,0.524368,0.449887
21.410,True,4.441,True,0.504228,0.475601,True,4.509,True,0.523994,0.450231
21.421,True,4.448,True,0.504228,0.475601,True,4.511,True,0.523740,0.450396
21.432,True,4.458,True,0.504044,0.475733,True,4.513,True,0.523740,0.450396
21.444,True,4.473,True,0.504044,0.475733,True,4.505,True,0.523532,0.450138
21.455,True,4.481,True,0.503979,0.475871,True,4.510,True,0.523242,0.449872
21.466,True,4.492,True,0.503884,0.475587,True,4.515,True,0.523242,0.449872
21.477,True,4.500,True,0.503884,0.475587,True,4.523,True,0.522758,0.449632
21.489,True,4.501,True,0.503055,0.475739,True,4.536,True,0.522758,0.449632
21.500,True,4.510,True,0.502937,0.476011,True,4.536,True,0.522168,0.449213
21.511,True,4.517,True,0.502937,0.476011,True,4.539,True,0.521657,0.448939
21.522,True,4.516,True,0.502599,0.476338,True,4.542,True,0.521657,0.448939
21.533,True,4.510,True,0.502599,0.476338,True,4.545,True,0.521340,0.448840
21.544,True,4.528,True,0.501795,0.476838,True,4.541,True,0.520899,0.448727
21.555,True,4.530,True,0.501212,0.476761,True,4.550,True,0.520918,0.448307
21.566,True,4.517,True,0.500907,0.476934,True,4.558,True,0.520918,0.448307
21.577,True,4.504,True,0.500049,0.476471,True,4.572,True,0.520100,0.448039
21.589,True,4.500,True,0.500049,0.476471,True,4.577,True,0.520100,0.448039
21.600,True,4.499,True,0.500213,0.476310,True,4.578,True,0.518805,0.447883
21.611,True,4.500,True,0.500213,0.476310,True,4.576,True,0.519177,0.447418
21.622,True,4.517,True,0.500583,0.477111,True,4.572,True,0.519177,0.447418
21.633,True,4.529,True,0.500583,0.477111,True,4.574,True,0.519441,0.446998
21.645,True,4.519,True,0.497574,0.476020,True,4.591,True,0.515105,0.448019
21.655,True,4.513,True,0.494092,0.475084,True,4.598,True,0.515105,0.448019
21.666,True,4.508,True,0.494092,0.475084,True,4.611,True,0.513301,0.448154
21.677,True,4.485,True,0.494415,0.475461,True,4.621,True,0.513301,0.448154
21.689,True,4.482,True,0.495127,0.475880,True,4.561,True,0.514294,0.447966
21.699,True,4.483,True,0.495127,0.475880,True,4.531,True,0.514866,0.447843
21.711,True,4.475,True,0.496173,0.476435,True,4.502,True,0.515270,0.447671
21.722,True,4.478,True,0.496795,0.476390,True,4.503,True,0.515270,0.447671
21.733,True,4.480,True,0.496795,0.476390,True,4.502,True,0.515859,0.447164
21.744,True,4.496,True,0.497551,0.476442,True,4.514,True,0.516537,0.446321
21.755,True,4.485,True,0.498346,0.476673,True,4.517,True,0.516537,0.446321
21.766,True,4.475,True,0.498346,0.476673,True,4.518,True,0.517446,0.445965
21.777,True,4.500,True,0.499297,0.477154,True,4.522,True,0.518444,0.445860
21.788,True,4.500,True,0.500150,0.477591,True,4.523,True,0.518444,0.445860
21.800,True,4.511,True,0.500806,0.478239,True,4.511,True,0.519576,0.445482
21.810,True,4.516,True,0.500806,0.478239,True,4.522,True,0.520312,0.445342
21.821,True,4.507,True,0.501557,0.478326,True,4.531,True,0.520312,0.445342
21.832,True,4.500,True,0.501557,0.478326,True,4.528,True,0.520913,0.444960
21.843,True,4.496,True,0.502102,0.478452,True,4.531,True,0.521329,0.444623
21.855,True,4.488,True,0.502827,0.478378,True,4.533,True,0.521329,0.444623
21.866,True,4.484,True,0.502827,0.478378,True,4.541,True,0.521612,0.444242
21.877,True,4.482,True,0.503590,0.478130,True,4.543,True,0.522007,0.443633
21.889,True,4.488,True,0.503992,0.477983,True,4.538,True,0.522007,0.443633
21.900,True,4.484,True,0.504127,0.477722,True,4.537,True,0.522262,0.443146
21.917,True,4.478,True,0.504127,0.477722,True,4.522,True,0.522535,0.442369
21.928,True,4.481,True,0.507088,0.477650,True,4.518,True,0.522535,0.442369
21.939,True,4.486,True,0.513880,0.477333,True,4.539,True,0.532806,0.435252
21.951,True,4.489,True,0.513880,0.477333,True,4.552,True,0.532806,0.435252
21.962,True,4.511,True,0.521711,0.477082,True,4.581,True,0.536222,0.432165
21.973,True,4.516,True,0.523754,0.476952,True,4.594,True,0.536222,0.432165
21.984,True,4.520,True,0.523754,0.476952,True,4.610,True,0.536383,0.431981
21.995,True,4.516,True,0.523648,0.476990,True,4.620,True,0.536100,0.431955
22.006,True,4.508,True,0.523895,0.476867,True,4.616,True,0.536100,0.431955
22.017,True,4.501,True,0.523895,0.476867,True,4.600,True,0.535889,0.431996
22.028,True,4.497,True,0.523595,0.477254,True,4.586,True,0.535889,0.431996
22.039,True,4.493,True,0.523127,0.477374,True,4.570,True,0.535758,0.431966
22.050,True,4.492,True,0.523127,0.477374,True,4.554,True,0.535511,0.432281
22.062,True,4.488,True,0.522969,0.477354,True,4.530,True,0.535483,0.432378
22.073,True,4.485,True,0.522852,0.477456,True,4.521,True,0.535483,0.432378
22.084,True,4.483,True,0.522852,0.477456,True,4.518,True,0.535339,0.432305
22.095,True,4.472,True,0.522612,0.477346,True,4.512,True,0.534916,0.432406
22.106,True,4.466,True,0.522563,0.477430,True,4.508,True,0.534916,0.432406
22.117,True,4.461,True,0.522563,0.477430,True,4.506,True,0.534745,0.432366
22.128,True,4.467,True,0.522320,0.477460,True,4.506,True,0.534575,0.432166
22.140,True,4.473,True,0.522247,0.476931,True,4.507,True,0.534575,0.432166
22.150,True,4.478,True,0.522247,0.476931,True,4.512,True,0.534095,0.432365
22.162,True,4.477,True,0.522116,0.476544,True,4.515,True,0.533876,0.432054
22.172,True,4.475,True,0.521665,0.476499,True,4.513,True,0.533876,0.432054
22.184,True,4.474,True,0.521665,0.476499,True,4.514,True,0.533534,0.432047
22.195,True,4.486,True,0.521204,0.475936,True,4.516,True,0.532929,0.431940
22.206,True,4.489,True,0.521253,0.475675,True,4.517,True,0.532929,0.431940
22.217,True,4.491,True,0.521253,0.475675,True,4.511,True,0.532695,0.431779
22.228,True,4.476,True,0.520026,0.474577,True,4.502,True,0.532617,0.431067
22.239,True,4.460,True,0.518242,0.473320,True,4.499,True,0.532617,0.431067
22.250,True,4.446,True,0.518242,0.473320,True,4.497,True,0.532898,0.430342
22.262,True,4.337,True,0.515853,0.471753,True,4.482,True,0.532004,0.432320
22.273,True,4.298,True,0.509446,0.469854,True,4.470,True,0.532004,0.432320
22.284,True,4.270,True,0.509446,0.469854,True,4.405,True,0.528450,0.433491
22.295,True,3.582,True,0.506808,0.460219,True,4.261,True,0.521944,0.436607
22.306,True,3.566,True,0.500137,0.465977,True,4.191,True,0.521944,0.436607
22.317,True,3.573,True,0.500137,0.465977,True,4.230,True,0.521699,0.439692
22.328,True,3.900,True,0.497895,0.471870,True,4.298,True,0.521761,0.440459
22.339,True,4.122,True,0.501341,0.471902,True,4.320,True,0.521761,0.440459
22.350,True,4.282,True,0.501341,0.471902,True,4.341,True,0.522281,0.439786
22.362,True,4.375,True,0.502936,0.472636,True,4.352,True,0.521410,0.440016
22.372,True,4.360,True,0.503228,0.472704,True,4.356,True,0.521410,0.440016
22.384,True,4.340,True,0.503228,0.472704,True,4.349,True,0.520755,0.440528
22.395,True,4.339,True,0.503293,0.472911,True,4.350,True,0.520308,0.440852
22.406,True,4.335,True,0.503315,0.472807,True,4.356,True,0.520308,0.440852
22.417,True,4.331,True,0.503315,0.472807,True,4.358,True,0.519753,0.441250
22.428,True,4.313,True,0.502538,0.472958,True,4.363,True,0.518942,0.441882
22.439,True,4.297,True,0.501848,0.472815,True,4.363,True,0.518942,0.441882
22.450,True,4.279,True,0.501848,0.472815,True,4.351,True,0.518317,0.442604
22.461,True,4.281,True,0.501401,0.473166,True,4.352,True,0.517871,0.443506
22.474,True,4.279,True,0.500274,0.473272,True,4.353,True,0.517871,0.443506
22.484,True,4.277,True,0.500274,0.473272,True,4.356,True,0.517383,0.443956
22.495,True,4.266,True,0.499452,0.473379,True,4.348,True,0.516593,0.444525
22.506,True,4.261,True,0.499321,0.473445,True,4.338,True,0.516593,0.444525
22.518,True,4.263,True,0.498343,0.473337,True,4.329,True,0.515991,0.444714
22.529,True,4.269,True,0.498343,0.473337,True,4.328,True,0.515469,0.445069
22.540,True,4.259,True,0.497756,0.473282,True,4.328,True,0.515469,0.445069
22.551,True,4.252,True,0.496931,0.472959,True,4.331,True,0.514774,0.445589
22.562,True,4.252,True,0.496931,0.472959,True,4.331,True,0.514774,0.445589
22.573,True,4.254,True,0.496931,0.472959,True,4.323,True,0.514205,0.445887
22.584,True,4.256,True,0.496931,0.472959,True,4.316,True,0.514205,0.445887
22.595,True,4.276,True,0.495330,0.472569,True,4.306,True,0.513093,0.446943
22.606,True,4.286,True,0.494682,0.472683,True,4.302,True,0.513093,0.446943
22.617,True,4.298,True,0.494682,0.472683,True,4.290,True,0.512633,0.447448
22.628,True,4.297,True,0.494005,0.472743,True,4.286,True,0.512633,0.447448
22.640,True,4.295,True,0.494005,0.472743,True,4.293,True,0.512803,0.447507
22.651,True,4.310,True,0.496822,0.473019,True,4.299,True,0.512803,0.447507
22.662,True,4.336,True,0.504126,0.474129,True,4.360,True,0.524944,0.441712
22.674,True,4.333,True,0.509825,0.474556,True,4.385,True,0.524944,0.441712
22.684,True,4.329,True,0.509825,0.474556,True,4.404,True,0.524944,0.441712
22.695,True,4.332,True,0.510161,0.475035,True,4.429,True,0.526674,0.441342
22.706,True,4.327,True,0.509914,0.475580,True,4.432,True,0.526674,0.441342
22.717,True,4.327,True,0.509362,0.475799,True,4.428,True,0.526731,0.442164
22.728,True,4.329,True,0.509362,0.475799,True,4.425,True,0.526660,0.442844
22.739,True,4.328,True,0.509012,0.476188,True,4.422,True,0.526660,0.442844
22.751,True,4.326,True,0.509012,0.476188,True,4.420,True,0.526660,0.442844
22.762,True,4.318,True,0.508307,0.477074,True,4.410,True,0.526775,0.443824
22.773,True,4.314,True,0.508307,0.477074,True,4.408,True,0.526775,0.443824
22.784,True,4.320,True,0.508181,0.477114,True,4.406,True,0.526775,0.443824
22.795,True,4.326,True,0.508181,0.477114,True,4.405,True,0.527020,0.444083
22.806,True,4.280,True,0.507963,0.477435,True,4.402,True,0.526897,0.444319
22.817,True,4.267,True,0.507603,0.478094,True,4.400,True,0.526897,0.444319
22.828,True,4.256,True,0.507603,0.478094,True,4.392,True,0.527245,0.444499
22.841,True,4.255,True,0.507793,0.477972,True,4.379,True,0.527198,0.444602
22.851,True,4.257,True,0.507809,0.478105,True,4.375,True,0.527198,0.444602
22.862,True,4.257,True,0.507343,0.478251,True,4.360,True,0.527630,0.444792
22.873,True,4.256,True,0.507343,0.478251,True,4.358,True,0.527587,0.445008
22.885,True,4.236,True,0.507260,0.478672,True,4.352,True,0.527729,0.445101
22.895,True,4.216,True,0.507435,0.478697,True,4.348,True,0.527729,0.445101
22.906,True,4.201,True,0.507435,0.478697,True,4.349,True,0.527813,0.445334
22.917,True,4.174,True,0.506381,0.478719,True,4.351,True,0.524620,0.446268
22.928,True,4.174,True,0.506381,0.478719,True,4.351,True,0.524620,0.446268
22.940,True,4.233,True,0.499085,0.475808,True,4.344,True,0.516032,0.448480
22.951,True,4.223,True,0.490808,0.472890,True,4.317,True,0.509015,0.450078
22.962,True,4.223,True,0.490808,0.472890,True,4.317,True,0.509015,0.450078
22.973,True,4.261,True,0.489169,0.471926,True,4.280,True,0.508434,0.450285
22.984,True,4.257,True,0.489484,0.471876,True,4.251,True,0.508291,0.450444
22.995,True,4.257,True,0.489484,0.471876,True,4.251,True,0.508291,0.450444
23.006,True,4.261,True,0.489122,0.471744,True,4.235,True,0.508349,0.450271
23.018,True,4.242,True,0.489188,0.471807,True,4.233,True,0.508349,0.450271
23.028,True,4.208,True,0.489235,0.472081,True,4.224,True,0.508391,0.450257
23.039,True,4.193,True,0.489235,0.472081,True,4.224,True,0.508582,0.450281
23.050,True,4.189,True,0.489220,0.472140,True,4.225,True,0.508582,0.450281
23.061,True,4.188,True,0.489220,0.472140,True,4.228,True,0.508727,0.450232
23.072,True,4.205,True,0.489809,0.471889,True,4.240,True,0.508849,0.450190
23.084,True,4.215,True,0.489583,0.471708,True,4.246,True,0.508849,0.450190
23.095,True,4.228,True,0.489980,0.472016,True,4.249,True,0.509053,0.450095
23.106,True,4.232,True,0.489980,0.472016,True,4.251,True,0.509353,0.449914
23.117,True,4.222,True,0.490523,0.472259,True,4.253,True,0.509353,0.449914
23.128,True,4.213,True,0.490716,0.472034,True,4.248,True,0.509575,0.449800
23.139,True,4.213,True,0.490716,0.472034,True,4.254,True,0.509860,0.449531
23.150,True,4.224,True,0.490825,0.471699,True,4.259,True,0.509860,0.449531
23.161,True,4.234,True,0.490825,0.471699,True,4.260,True,0.509844,0.449239
23.172,True,4.256,True,0.490852,0.471618,True,4.261,True,0.509844,0.449239
23.184,True,4.268,True,0.491195,0.471363,True,4.286,True,0.510023,0.448972
23.195,True,4.256,True,0.491195,0.471363,True,4.298,True,0.509752,0.448800
23.206,True,4.230,True,0.491346,0.471242,True,4.305,True,0.509476,0.448473
23.217,True,4.227,True,0.491452,0.470942,True,4.310,True,0.509476,0.448473
23.228,True,4.228,True,0.491750,0.470752,True,4.322,True,0.509653,0.448223
23.239,True,4.231,True,0.491750,0.470752,True,4.325,True,0.509498,0.447964
23.250,True,4.221,True,0.491814,0.470519,True,4.327,True,0.509498,0.447964
23.262,True,4.210,True,0.491985,0.470262,True,4.340,True,0.509491,0.447667
23.273,True,4.208,True,0.491985,0.470262,True,4.341,True,0.509347,0.447231
23.284,True,4.224,True,0.492178,0.469817,True,4.342,True,0.509347,0.447231
23.295,True,4.248,True,0.492548,0.469589,True,4.357,True,0.509253,0.446770
23.306,True,4.254,True,0.492548,0.469589,True,4.365,True,0.509092,0.446450
23.317,True,4.271,True,0.492514,0.469412,True,4.371,True,0.509092,0.446450
23.328,True,4.285,True,0.492364,0.469241,True,4.378,True,0.509459,0.446475
23.339,True,4.286,True,0.492364,0.469241,True,4.376,True,0.509437,0.446752
23.350,True,4.283,True,0.492364,0.469241,True,4.374,True,0.509437,0.446752
23.361,True,4.264,True,0.491403,0.468715,True,4.378,True,0.508661,0.446964
23.373,True,4.254,True,0.491403,0.468715,True,4.378,True,0.508317,0.446887
23.384,True,4.272,True,0.490947,0.468164,True,4.379,True,0.508317,0.446887
23.395,True,4.320,True,0.495374,0.467981,True,4.409,True,0.509616,0.445881
23.406,True,4.347,True,0.495374,0.467981,True,4.417,True,0.513969,0.443534
23.417,True,4.374,True,0.501113,0.468020,True,4.422,True,0.513969,0.443534
23.428,True,4.378,True,0.503427,0.467679,True,4.452,True,0.516802,0.441138
23.440,True,4.365,True,0.503427,0.467679,True,4.471,True,0.516373,0.440852
23.451,True,4.366,True,0.503100,0.467881,True,4.487,True,0.516373,0.440852
23.462,True,4.374,True,0.503136,0.468038,True,4.509,True,0.516191,0.440767
23.473,True,4.380,True,0.503136,0.468038,True,4.520,True,0.516009,0.440410
23.484,True,4.379,True,0.502894,0.467596,True,4.527,True,0.516009,0.440410
23.496,True,4.389,True,0.503057,0.467489,True,4.525,True,0.515704,0.440226
23.507,True,4.400,True,0.503057,0.467489,True,4.532,True,0.515569,0.440216
23.517,True,4.411,True,0.502870,0.467305,True,4.538,True,0.515569,0.440216
23.528,True,4.429,True,0.503134,0.467347,True,4.544,True,0.515533,0.440159
23.540,True,4.433,True,0.503134,0.467347,True,4.547,True,0.515861,0.440019
23.551,True,4.446,True,0.503363,0.467489,True,4.549,True,0.515861,0.440019
23.562,True,4.451,True,0.503552,0.468003,True,4.567,True,0.516248,0.439914
23.573,True,4.447,True,0.503552,0.468003,True,4.566,True,0.516515,0.440037
23.584,True,4.444,True,0.503434,0.468205,True,4.565,True,0.516515,0.440037
23.595,True,4.441,True,0.503434,0.468205,True,4.583,True,0.516930,0.440548
23.606,True,4.432,True,0.503643,0.468996,True,4.604,True,0.517069,0.440990
23.617,True,4.438,True,0.503452,0.469283,True,4.608,True,0.517069,0.440990
23.629,True,4.443,True,0.503452,0.469283,True,4.604,True,0.517384,0.441604
23.640,True,4.463,True,0.503887,0.469365,True,4.597,True,0.517885,0.442004
23.651,True,4.484,True,0.504073,0.469707,True,4.597,True,0.517885,0.442004
23.662,True,4.503,True,0.502966,0.469500,True,4.611,True,0.517943,0.442378
23.673,True,4.503,True,0.502966,0.469500,True,4.604,True,0.514764,0.444715
23.684,True,4.525,True,0.494697,0.468380,True,4.596,True,0.514764,0.444715
23.695,True,4.512,True,0.486735,0.467510,True,4.654,True,0.508062,0.448678
23.707,True,4.487,True,0.486735,0.467510,True,4.702,True,0.503274,0.451384
23.718,True,4.494,True,0.485061,0.467221,True,4.742,True,0.503274,0.451384
23.729,True,4.504,True,0.485061,0.467221,True,4.810,True,0.502445,0.451712
23.740,True,4.503,True,0.485575,0.467398,True,4.826,True,0.501736,0.451674
23.752,True,4.498,True,0.484957,0.466913,True,4.830,True,0.501736,0.451674
23.762,True,4.487,True,0.484777,0.466371,True,4.843,True,0.501254,0.451620
23.772,True,4.485,True,0.484777,0.466371,True,4.849,True,0.501254,0.451620
23.784,True,4.479,True,0.484654,0.465347,True,4.844,True,0.500562,0.451410
23.795,True,4.482,True,0.484610,0.464756,True,4.839,True,0.499987,0.451292
23.806,True,4.485,True,0.484610,0.464756,True,4.852,True,0.500233,0.451222
23.817,True,4.480,True,0.484913,0.465138,True,4.862,True,0.500233,0.451222
23.828,True,4.472,True,0.484913,0.465138,True,4.875,True,0.501082,0.451167
23.840,True,4.484,True,0.485254,0.465628,True,4.879,True,0.501082,0.451167
23.850,True,4.476,True,0.485917,0.466599,True,4.874,True,0.502171,0.451700
23.862,True,4.471,True,0.485917,0.466599,True,4.874,True,0.503451,0.452003
23.873,True,4.480,True,0.486072,0.467085,True,4.877,True,0.504841,0.452159
23.884,True,4.479,True,0.487182,0.467700,True,4.879,True,0.504841,0.452159
23.895,True,4.478,True,0.487182,0.467700,True,4.869,True,0.506033,0.452435
23.906,True,4.478,True,0.487751,0.468626,True,4.861,True,0.506033,0.452435
23.918,True,4.473,True,0.488396,0.469584,True,4.842,True,0.507037,0.453131
23.929,True,4.471,True,0.488396,0.469584,True,4.841,True,0.507904,0.453346
23.939,True,4.465,True,0.489167,0.469976,True,4.834,True,0.509002,0.453321
23.951,True,4.458,True,0.490198,0.470692,True,4.828,True,0.509002,0.453321
23.961,True,4.453,True,0.490198,0.470692,True,4.814,True,0.510110,0.453091
23.973,True,4.396,True,0.491103,0.471094,True,4.793,True,0.510110,0.453091
23.984,True,4.385,True,0.491937,0.471656,True,4.784,True,0.511154,0.452893
23.995,True,4.377,True,0.491937,0.471656,True,4.778,True,0.511154,0.452893
24.006,True,4.369,True,0.492973,0.472057,True,4.775,True,0.513433,0.452330
24.017,True,4.370,True,0.492973,0.472057,True,4.769,True,0.513433,0.452330
24.028,True,4.366,True,0.494121,0.472621,True,4.767,True,0.514425,0.451779
24.039,True,4.375,True,0.494836,0.472976,True,4.766,True,0.514425,0.451779
24.050,True,4.387,True,0.495747,0.473063,True,4.754,True,0.515568,0.451502
24.061,True,4.375,True,0.496928,0.473613,True,4.757,True,0.516589,0.450953
24.073,True,4.361,True,0.496928,0.473613,True,4.757,True,0.516589,0.450953
24.084,True,4.361,True,0.496928,0.473613,True,4.757,True,0.516589,0.450953
24.095,True,4.358,True,0.498280,0.474158,True,4.750,True,0.518924,0.449487
24.106,True,4.364,True,0.499353,0.474827,True,4.746,True,0.518924,0.449487
24.118,True,4.379,True,0.499855,0.475797,True,4.743,True,0.520173,0.449013
24.129,True,4.379,True,0.500649,0.476527,True,4.748,True,0.521308,0.449119
24.139,True,4.366,True,0.500649,0.476527,True,4.743,True,0.521579,0.449320
24.150,True,4.357,True,0.500649,0.476527,True,4.739,True,0.521579,0.449320
24.161,True,4.367,True,0.498373,0.476024,True,4.740,True,0.518378,0.450450
24.173,True,4.347,True,0.494586,0.475554,True,4.740,True,0.518378,0.450450
24.184,True,4.313,True,0.493921,0.475928,True,4.725,True,0.515891,0.451658
24.195,True,4.297,True,0.493921,0.475928,True,4.720,True,0.515891,0.451658
24.206,True,4.285,True,0.493921,0.475928,True,4.711,True,0.516405,0.451569
24.217,True,4.298,True,0.494595,0.477422,True,4.688,True,0.516650,0.451098
24.228,True,4.302,True,0.494595,0.477422,True,4.682,True,0.516650,0.451098
24.240,True,4.315,True,0.494704,0.477909,True,4.694,True,0.516965,0.450862
24.250,True,4.332,True,0.494704,0.477909,True,4.680,True,0.517051,0.450348
24.261,True,4.325,True,0.495081,0.478192,True,4.676,True,0.517051,0.450348
24.273,True,4.323,True,0.495150,0.478547,True,4.691,True,0.517165,0.450280
24.284,True,4.324,True,0.495150,0.478547,True,4.705,True,0.517301,0.449953
24.295,True,4.330,True,0.495147,0.478612,True,4.719,True,0.517301,0.449953
24.306,True,4.336,True,0.495147,0.478612,True,4.725,True,0.517057,0.449495
24.317,True,4.359,True,0.495186,0.478405,True,4.724,True,0.517176,0.449317
24.328,True,4.363,True,0.495397,0.478048,True,4.730,True,0.516922,0.449304
24.340,True,4.365,True,0.495397,0.478048,True,4.734,True,0.516922,0.449304
24.351,True,4.359,True,0.495141,0.477748,True,4.746,True,0.516818,0.449187
24.362,True,4.355,True,0.494945,0.477704,True,4.744,True,0.517089,0.449216
24.373,True,4.352,True,0.494945,0.477704,True,4.741,True,0.517089,0.449216
24.384,True,4.370,True,0.495272,0.477904,True,4.733,True,0.517438,0.449191
24.395,True,4.364,True,0.494845,0.478177,True,4.729,True,0.517438,0.449191
24.406,True,4.358,True,0.494845,0.478177,True,4.733,True,0.517098,0.449688
24.417,True,4.339,True,0.495274,0.478638,True,4.729,True,0.520407,0.449770
24.428,True,4.339,True,0.497913,0.480399,True,4.727,True,0.520407,0.449770
24.440,True,4.340,True,0.497913,0.480399,True,4.728,True,0.523247,0.450185
24.451,True,4.338,True,0.498639,0.481189,True,4.720,True,0.522639,0.450784
24.462,True,4.347,True,0.498442,0.481219,True,4.713,True,0.522639,0.450784
24.473,True,4.354,True,0.498442,0.481219,True,4.634,True,0.522194,0.451245
24.484,True,4.349,True,0.498003,0.480612,True,4.511,True,0.521313,0.451361
24.495,True,4.344,True,0.497537,0.480079,True,4.471,True,0.521313,0.451361
24.506,True,4.339,True,0.497537,0.480079,True,4.437,True,0.520614,0.451521
24.517,True,4.358,True,0.497062,0.479699,True,4.426,True,0.519716,0.451846
24.528,True,4.362,True,0.496801,0.478943,True,4.427,True,0.519716,0.451846
24.540,True,4.365,True,0.496801,0.478943,True,4.426,True,0.519468,0.451527
24.551,True,4.376,True,0.496614,0.478816,True,4.420,True,0.519218,0.451586
24.562,True,4.396,True,0.496287,0.478423,True,4.411,True,0.519218,0.451586
24.573,True,4.405,True,0.496287,0.478423,True,4.413,True,0.518942,0.451760
24.584,True,4.410,True,0.495939,0.478075,True,4.417,True,0.518344,0.451871
24.595,True,4.399,True,0.496006,0.477950,True,4.408,True,0.518608,0.451867
24.606,True,4.389,True,0.496006,0.477950,True,4.400,True,0.518608,0.451867
24.617,True,4.375,True,0.495856,0.477973,True,4.398,True,0.518551,0.451795
24.629,True,4.388,True,0.495848,0.477982,True,4.397,True,0.518551,0.451795
24.645,True,4.364,True,0.496184,0.478066,True,4.372,True,0.518836,0.451579
24.657,True,4.348,True,0.496265,0.477867,True,4.361,True,0.518836,0.451579
24.667,True,4.336,True,0.496265,0.477867,True,4.356,True,0.518807,0.451300
24.678,True,4.332,True,0.496322,0.478173,True,4.353,True,0.518807,0.451300
24.689,True,4.334,True,0.496322,0.478173,True,4.340,True,0.519078,0.451451
24.700,True,4.333,True,0.496662,0.478129,True,4.330,True,0.519078,0.451451
24.711,True,4.322,True,0.496798,0.478363,True,4.322,True,0.519401,0.451169
24.723,True,4.322,True,0.496798,0.478363,True,4.322,True,0.519401,0.451169
24.734,True,4.315,True,0.496820,0.478220,True,4.317,True,0.519715,0.451137
24.745,True,4.308,True,0.497190,0.478499,True,4.289,True,0.520256,0.450654
24.756,True,4.306,True,0.497190,0.478499,True,4.270,True,0.520256,0.450654
24.767,True,4.312,True,0.497376,0.478953,True,4.254,True,0.520256,0.450654
24.778,True,4.295,True,0.497511,0.479074,True,4.248,True,0.520809,0.451056
24.789,True,4.289,True,0.497511,0.479074,True,4.248,True,0.520809,0.451056
24.800,True,4.281,True,0.497675,0.479160,True,4.250,True,0.520809,0.451056
24.812,True,4.269,True,0.497897,0.479592,True,4.248,True,0.521316,0.451013
24.822,True,4.267,True,0.497897,0.479592,True,4.236,True,0.521443,0.451188
24.834,True,4.270,True,0.497804,0.479574,True,4.227,True,0.521443,0.451188
24.845,True,4.265,True,0.497565,0.479623,True,4.211,True,0.521619,0.451370
24.856,True,4.264,True,0.497565,0.479623,True,4.211,True,0.522403,0.451216
24.867,True,4.226,True,0.497634,0.479597,True,4.211,True,0.522403,0.451216
24.879,True,4.222,True,0.496459,0.478003,True,4.209,True,0.523248,0.450560
24.890,True,4.221,True,0.496459,0.478003,True,4.205,True,0.524674,0.450335
24.900,True,4.213,True,0.494629,0.477778,True,4.207,True,0.526863,0.450549
24.911,True,4.156,True,0.496197,0.479230,True,4.212,True,0.526863,0.450549
24.922,True,4.108,True,0.496197,0.479230,True,4.093,True,0.524558,0.446004
24.934,True,3.695,True,0.504201,0.473234,True,3.990,True,0.527090,0.446983
24.945,True,3.823,True,0.496631,0.478353,True,3.992,True,0.527090,0.446983
24.956,True,3.946,True,0.496631,0.478353,True,4.034,True,0.526552,0.447606
24.967,True,4.132,True,0.499444,0.476501,True,4.143,True,0.524545,0.446555
24.978,True,4.211,True,0.501080,0.476032,True,4.186,True,0.524545,0.446555
24.989,True,4.247,True,0.501080,0.476032,True,4.219,True,0.523821,0.446205
25.000,True,4.233,True,0.501559,0.475910,True,4.241,True,0.523821,0.446205
25.011,True,4.240,True,0.501868,0.475961,True,4.252,True,0.523230,0.446350
25.022,True,4.257,True,0.501868,0.475961,True,4.260,True,0.522663,0.446370
25.033,True,4.255,True,0.501639,0.476065,True,4.273,True,0.522582,0.446481
25.044,True,4.283,True,0.502124,0.476154,True,4.279,True,0.522582,0.446481
25.055,True,4.306,True,0.502124,0.476154,True,4.287,True,0.522013,0.446600
25.067,True,4.307,True,0.502104,0.476285,True,4.293,True,0.522013,0.446600
25.079,True,4.312,True,0.501866,0.476016,True,4.311,True,0.521797,0.446440
25.089,True,4.312,True,0.501866,0.476016,True,4.322,True,0.521521,0.446566
25.100,True,4.321,True,0.501911,0.475931,True,4.331,True,0.521521,0.446566
25.111,True,4.329,True,0.501911,0.475931,True,4.344,True,0.521387,0.446565
25.122,True,4.349,True,0.501986,0.476003,True,4.350,True,0.521132,0.446517
25.133,True,4.346,True,0.501767,0.475829,True,4.346,True,0.521132,0.446517
25.144,True,4.356,True,0.501581,0.475215,True,4.347,True,0.520881,0.446546
25.156,True,4.367,True,0.501581,0.475215,True,4.347,True,0.520633,0.446594
25.167,True,4.381,True,0.501680,0.475205,True,4.355,True,0.520187,0.446522
25.178,True,4.379,True,0.501561,0.475199,True,4.362,True,0.520187,0.446522
25.189,True,4.375,True,0.501561,0.475199,True,4.373,True,0.520146,0.446764
25.200,True,4.387,True,0.501042,0.474996,True,4.382,True,0.520146,0.446764
25.211,True,4.402,True,0.501000,0.475249,True,4.398,True,0.520083,0.446840
25.222,True,4.405,True,0.501000,0.475249,True,4.405,True,0.520002,0.446788
25.233,True,4.412,True,0.501140,0.475137,True,4.410,True,0.520002,0.446788
25.244,True,4.419,True,0.500890,0.475081,True,4.409,True,0.519691,0.446542
25.255,True,4.421,True,0.500890,0.475081,True,4.417,True,0.519595,0.446886
25.267,True,4.434,True,0.500891,0.474728,True,4.423,True,0.519595,0.446886
25.278,True,4.452,True,0.500958,0.474897,True,4.440,True,0.519367,0.446840
25.289,True,4.456,True,0.500958,0.474897,True,4.443,True,0.519367,0.446840
25.300,True,4.484,True,0.500620,0.474800,True,4.446,True,0.519027,0.446801
25.311,True,4.488,True,0.500708,0.474593,True,4.448,True,0.519027,0.446801
25.322,True,4.490,True,0.500708,0.474593,True,4.448,True,0.518934,0.446642
25.333,True,4.500,True,0.500554,0.474356,True,4.449,True,0.518934,0.446642
25.345,True,4.506,True,0.500420,0.474534,True,4.471,True,0.518757,0.446874
25.356,True,4.505,True,0.500420,0.474534,True,4.467,True,0.518926,0.446675
25.367,True,4.496,True,0.500478,0.474607,True,4.463,True,0.518926,0.446675
25.378,True,4.482,True,0.500478,0.474607,True,4.482,True,0.518563,0.446929
25.389,True,4.493,True,0.500386,0.474264,True,4.481,True,0.518392,0.447340
25.400,True,4.481,True,0.496804,0.474654,True,4.466,True,0.516795,0.450320
25.411,True,4.456,True,0.494664,0.476098,True,4.452,True,0.516795,0.450320
25.423,True,4.435,True,0.494664,0.476098,True,4.429,True,0.516766,0.451851
25.434,True,4.414,True,0.494411,0.476784,True,4.412,True,0.516766,0.451851
25.445,True,4.397,True,0.494411,0.476784,True,4.393,True,0.516413,0.452217
25.456,True,4.377,True,0.494365,0.476818,True,4.375,True,0.516444,0.452263
25.467,True,4.373,True,0.494322,0.476680,True,4.374,True,0.516444,0.452263
25.478,True,4.365,True,0.494199,0.476642,True,4.364,True,0.516492,0.452113
25.489,True,4.361,True,0.494199,0.476642,True,4.358,True,0.516426,0.452165
25.500,True,4.354,True,0.493918,0.476715,True,4.353,True,0.516426,0.452165
25.511,True,4.349,True,0.493918,0.476715,True,4.349,True,0.516380,0.452082
25.523,True,4.319,True,0.494265,0.476426,True,4.347,True,0.516380,0.452082
25.534,True,4.286,True,0.494227,0.476569,True,4.322,True,0.516300,0.451929
25.545,True,4.279,True,0.494227,0.476569,True,4.312,True,0.516354,0.452138
25.557,True,4.258,True,0.494259,0.476696,True,4.292,True,0.516331,0.452099
25.567,True,4.265,True,0.494241,0.476674,True,4.276,True,0.516331,0.452099
25.578,True,4.239,True,0.494116,0.476559,True,4.247,True,0.516384,0.452046
25.589,True,4.215,True,0.494116,0.476559,True,4.224,True,0.516018,0.451970
25.600,True,4.191,True,0.494077,0.476588,True,4.212,True,0.515648,0.452114
25.611,True,4.171,True,0.493969,0.476491,True,4.217,True,0.515648,0.452114
25.623,True,4.158,True,0.493969,0.476491,True,4.222,True,0.515648,0.452114
25.634,True,4.151,True,0.494093,0.476503,True,4.214,True,0.515939,0.452221
25.645,True,4.146,True,0.494093,0.476503,True,4.209,True,0.515922,0.451818
25.656,True,4.134,True,0.494070,0.476589,True,4.198,True,0.515922,0.451818
25.667,True,4.129,True,0.494070,0.476589,True,4.192,True,0.515922,0.451818
25.678,True,4.129,True,0.494356,0.476402,True,4.183,True,0.515910,0.451916
25.689,True,4.127,True,0.494356,0.476402,True,4.181,True,0.515910,0.451916
25.700,True,4.125,True,0.494356,0.476402,True,4.179,True,0.516081,0.451902
25.711,True,4.093,True,0.494565,0.476474,True,4.171,True,0.515875,0.451714
25.723,True,4.089,True,0.494731,0.476463,True,4.169,True,0.515875,0.451714
25.733,True,4.089,True,0.494731,0.476463,True,4.165,True,0.515837,0.451828
25.744,True,4.091,True,0.494499,0.476448,True,4.162,True,0.515985,0.451768
25.755,True,4.098,True,0.495465,0.476631,True,4.160,True,0.515985,0.451768
25.768,True,4.099,True,0.495465,0.476631,True,4.165,True,0.519429,0.450571
25.778,True,4.098,True,0.500633,0.477814,True,4.177,True,0.524303,0.448968
25.789,True,4.100,True,0.504855,0.478695,True,4.195,True,0.524303,0.448968
25.800,True,4.103,True,0.504855,0.478695,True,4.211,True,0.526245,0.447852
25.811,True,4.096,True,0.505488,0.479110,True,4.230,True,0.526180,0.447746
25.823,True,4.088,True,0.505725,0.478872,True,4.243,True,0.526306,0.447735
25.834,True,4.087,True,0.505739,0.478978,True,4.240,True,0.526306,0.447735
25.845,True,4.087,True,0.505841,0.478999,True,4.234,True,0.526535,0.447327
25.856,True,4.090,True,0.505841,0.478999,True,4.233,True,0.526364,0.447259
25.867,True,4.092,True,0.505841,0.478999,True,4.233,True,0.526364,0.447259
25.878,True,4.096,True,0.505859,0.479036,True,4.234,True,0.526364,0.447259
25.889,True,4.107,True,0.505833,0.478886,True,4.249,True,0.526498,0.447263
25.900,True,4.110,True,0.505833,0.478886,True,4.253,True,0.526498,0.447263
25.911,True,4.113,True,0.505923,0.479230,True,4.257,True,0.526498,0.447263
25.923,True,4.135,True,0.506131,0.478956,True,4.262,True,0.526651,0.447392
25.934,True,4.142,True,0.506131,0.478956,True,4.266,True,0.526653,0.447374
25.945,True,4.135,True,0.506116,0.479185,True,4.264,True,0.526712,0.447334
25.956,True,4.143,True,0.506101,0.479010,True,4.263,True,0.526712,0.447334
25.968,True,4.148,True,0.506101,0.479010,True,4.259,True,0.526523,0.447310
25.978,True,4.167,True,0.506042,0.479005,True,4.261,True,0.526534,0.447259
25.989,True,4.167,True,0.506042,0.479005,True,4.261,True,0.526534,0.447259
26.000,True,4.171,True,0.504587,0.478453,True,4.281,True,0.526297,0.447308
26.011,True,4.173,True,0.504587,0.478453,True,4.289,True,0.526297,0.447308
26.022,True,4.215,True,0.498700,0.476689,True,4.285,True,0.517242,0.450519
26.033,True,4.231,True,0.498700,0.476689,True,4.283,True,0.517242,0.450519
26.044,True,4.214,True,0.493524,0.475411,True,4.281,True,0.517242,0.450519
26.055,True,4.205,True,0.493075,0.475128,True,4.262,True,0.514214,0.451613
26.067,True,4.199,True,0.492959,0.475376,True,4.247,True,0.513814,0.451747
26.078,True,4.195,True,0.492959,0.475376,True,4.235,True,0.513814,0.451747
26.089,True,4.197,True,0.492806,0.475351,True,4.202,True,0.513662,0.451740
26.100,True,4.198,True,0.492806,0.475351,True,4.202,True,0.513620,0.451794
26.111,True,4.190,True,0.492395,0.475489,True,4.216,True,0.513570,0.452159
26.123,True,4.192,True,0.492617,0.475145,True,4.226,True,0.513570,0.452159
26.133,True,4.193,True,0.492617,0.475145,True,4.232,True,0.513084,0.452293
26.145,True,4.199,True,0.492346,0.475273,True,4.235,True,0.513084,0.452293
26.155,True,4.197,True,0.492020,0.475111,True,4.231,True,0.513335,0.452367
26.167,True,4.191,True,0.492020,0.475111,True,4.234,True,0.513201,0.452560
26.178,True,4.193,True,0.491718,0.475404,True,4.238,True,0.513201,0.452560
26.189,True,4.195,True,0.491642,0.475189,True,4.237,True,0.513291,0.452637
26.200,True,4.196,True,0.491642,0.475189,True,4.246,True,0.513360,0.452814
26.211,True,4.200,True,0.491797,0.475215,True,4.252,True,0.513360,0.452814
26.223,True,4.208,True,0.491594,0.475127,True,4.239,True,0.513162,0.452766
26.233,True,4.213,True,0.491594,0.475127,True,4.239,True,0.513160,0.452660
26.244,True,4.209,True,0.491766,0.475169,True,4.238,True,0.513160,0.452660
26.255,True,4.227,True,0.491766,0.475169,True,4.255,True,0.513493,0.452490
26.267,True,4.245,True,0.492021,0.475086,True,4.250,True,0.513629,0.452403
26.278,True,4.243,True,0.492256,0.475090,True,4.245,True,0.513629,0.452403
26.289,True,4.254,True,0.496151,0.476412,True,4.254,True,0.514509,0.451996
26.300,True,4.261,True,0.496151,0.476412,True,4.268,True,0.521262,0.449893
26.311,True,4.264,True,0.502356,0.477810,True,4.303,True,0.525029,0.448390
26.322,True,4.274,True,0.504103,0.478351,True,4.320,True,0.525029,0.448390
26.333,True,4.281,True,0.504103,0.478351,True,4.325,True,0.525281,0.448277
26.345,True,4.267,True,0.504540,0.478910,True,4.328,True,0.525281,0.448277
26.356,True,4.256,True,0.504540,0.478910,True,4.318,True,0.525642,0.448186
26.367,True,4.259,True,0.504662,0.479163,True,4.306,True,0.525848,0.448112
26.379,True,4.229,True,0.505219,0.479250,True,4.311,True,0.526078,0.448104
26.390,True,4.226,True,0.505219,0.479250,True,4.317,True,0.526078,0.448104
26.401,True,4.223,True,0.505416,0.479519,True,4.317,True,0.526562,0.447996
26.412,True,4.224,True,0.505452,0.479565,True,4.318,True,0.526669,0.447914
26.423,True,4.224,True,0.505452,0.479565,True,4.318,True,0.526669,0.447914
26.434,True,4.234,True,0.505406,0.479688,True,4.322,True,0.527132,0.447847
26.445,True,4.238,True,0.505685,0.479888,True,4.324,True,0.527325,0.447606
26.456,True,4.251,True,0.506061,0.480088,True,4.324,True,0.527325,0.447606
26.467,True,4.261,True,0.506061,0.480088,True,4.324,True,0.527617,0.447495
26.478,True,4.256,True,0.506398,0.479962,True,4.325,True,0.527617,0.447495
26.489,True,4.252,True,0.506192,0.479908,True,4.336,True,0.527610,0.447395
26.501,True,4.248,True,0.506192,0.479908,True,4.346,True,0.527819,0.447348
26.512,True,4.249,True,0.506336,0.480240,True,4.354,True,0.527819,0.447348
26.523,True,4.256,True,0.506149,0.480174,True,4.374,True,0.527758,0.447237
26.534,True,4.261,True,0.506149,0.480174,True,4.376,True,0.527729,0.447154
26.545,True,4.274,True,0.506664,0.480184,True,4.376,True,0.527729,0.447154
26.556,True,4.287,True,0.506471,0.480048,True,4.378,True,0.527724,0.446970
26.567,True,4.287,True,0.506471,0.480048,True,4.383,True,0.527806,0.447005
26.579,True,4.279,True,0.506676,0.479748,True,4.391,True,0.527726,0.446972
26.590,True,4.284,True,0.506322,0.479482,True,4.393,True,0.527726,0.446972
26.601,True,4.289,True,0.506322,0.479482,True,4.398,True,0.527595,0.446917
26.612,True,4.304,True,0.506611,0.479684,True,4.407,True,0.527595,0.446917
26.623,True,4.305,True,0.506226,0.479647,True,4.412,True,0.527583,0.447071
26.634,True,4.305,True,0.506226,0.479647,True,4.409,True,0.527568,0.447079
26.645,True,4.320,True,0.506283,0.479656,True,4.406,True,0.527568,0.447079
26.656,True,4.332,True,0.506283,0.479656,True,4.409,True,0.527411,0.447233
26.667,True,4.351,True,0.506123,0.479552,True,4.422,True,0.527199,0.447220
26.679,True,4.349,True,0.505907,0.479422,True,4.432,True,0.527199,0.447220
26.689,True,4.345,True,0.505907,0.479422,True,4.442,True,0.527175,0.447280
26.701,True,4.352,True,0.506005,0.479290,True,4.456,True,0.527175,0.447280
26.712,True,4.356,True,0.505914,0.479369,True,4.460,True,0.526971,0.447144
26.723,True,4.375,True,0.505869,0.479507,True,4.468,True,0.526771,0.446830
26.733,True,4.386,True,0.505869,0.479507,True,4.469,True,0.526753,0.446949
26.745,True,4.382,True,0.505817,0.479081,True,4.470,True,0.526753,0.446949
26.755,True,4.390,True,0.506095,0.479022,True,4.466,True,0.526770,0.446900
26.767,True,4.400,True,0.506095,0.479022,True,4.466,True,0.526638,0.446927
26.778,True,4.404,True,0.506275,0.478809,True,4.466,True,0.526638,0.446927
26.790,True,4.404,True,0.505591,0.478848,True,4.469,True,0.526773,0.446894
26.800,True,4.400,True,0.505591,0.478848,True,4.480,True,0.526518,0.446935
26.812,True,4.400,True,0.505801,0.479129,True,4.489,True,0.526518,0.446935
26.823,True,4.385,True,0.504901,0.478751,True,4.489,True,0.526530,0.446656
26.834,True,4.372,True,0.504901,0.478751,True,4.484,True,0.524269,0.447450
26.845,True,4.408,True,0.500669,0.477347,True,4.480,True,0.524269,0.447450
26.856,True,4.453,True,0.496411,0.476164,True,4.470,True,0.518888,0.449127
26.867,True,4.465,True,0.496411,0.476164,True,4.461,True,0.516790,0.449870
26.878,True,4.465,True,0.496120,0.476002,True,4.454,True,0.516790,0.449870
26.893,True,4.449,True,0.496341,0.475751,True,4.452,True,0.516728,0.450143
26.904,True,4.441,True,0.495978,0.475696,True,4.445,True,0.516394,0.450240
26.915,True,4.442,True,0.495978,0.475696,True,4.455,True,0.516395,0.450282
26.926,True,4.442,True,0.495978,0.475696,True,4.455,True,0.516395,0.450282
26.937,True,4.440,True,0.496116,0.475648,True,4.469,True,0.516395,0.450282
26.948,True,4.439,True,0.496199,0.475718,True,4.461,True,0.516428,0.450283
26.959,True,4.441,True,0.496199,0.475718,True,4.456,True,0.516311,0.450361
26.971,True,4.432,True,0.495838,0.475767,True,4.455,True,0.516311,0.450361
26.981,True,4.425,True,0.495838,0.475767,True,4.454,True,0.516311,0.450361
26.993,True,4.447,True,0.495989,0.475583,True,4.468,True,0.516030,0.450353
27.004,True,4.454,True,0.495989,0.475583,True,4.470,True,0.515762,0.450371
27.015,True,4.465,True,0.495500,0.475519,True,4.476,True,0.515843,0.450341
27.026,True,4.463,True,0.495660,0.475353,True,4.480,True,0.515843,0.450341
27.037,True,4.459,True,0.495660,0.475353,True,4.474,True,0.515775,0.450401
27.048,True,4.471,True,0.495580,0.475652,True,4.473,True,0.515820,0.450285
27.059,True,4.476,True,0.495580,0.475652,True,4.477,True,0.515820,0.450285
27.070,True,4.475,True,0.495145,0.475345,True,4.479,True,0.515820,0.450285
27.081,True,4.473,True,0.495344,0.475469,True,4.485,True,0.515549,0.450666
27.093,True,4.471,True,0.495344,0.475469,True,4.486,True,0.515737,0.450638
27.104,True,4.476,True,0.495096,0.475579,True,4.485,True,0.515741,0.450688
27.115,True,4.479,True,0.495061,0.475596,True,4.484,True,0.515741,0.450688
27.126,True,4.480,True,0.495061,0.475596,True,4.495,True,0.515789,0.450485
27.137,True,4.488,True,0.495477,0.475609,True,4.504,True,0.515789,0.450485
27.148,True,4.504,True,0.495251,0.475544,True,4.506,True,0.516055,0.450671
27.159,True,4.511,True,0.495251,0.475544,True,4.505,True,0.516145,0.450365
27.170,True,4.511,True,0.495257,0.475479,True,4.503,True,0.516145,0.450365
27.181,True,4.520,True,0.495354,0.475530,True,4.512,True,0.516287,0.450352
27.193,True,4.528,True,0.495354,0.475530,True,4.520,True,0.516559,0.450469
27.204,True,4.530,True,0.495734,0.475828,True,4.526,True,0.516559,0.450469
27.215,True,4.526,True,0.495959,0.475802,True,4.518,True,0.516777,0.450267
27.226,True,4.520,True,0.495959,0.475802,True,4.519,True,0.517105,0.450504
27.237,True,4.522,True,0.495982,0.475904,True,4.520,True,0.517105,0.450504
27.248,True,4.530,True,0.496284,0.476178,True,4.503,True,0.517130,0.450250
27.259,True,4.535,True,0.496284,0.476178,True,4.506,True,0.517337,0.450403
27.270,True,4.542,True,0.496561,0.476508,True,4.509,True,0.517337,0.450403
27.281,True,4.558,True,0.497059,0.476310,True,4.524,True,0.517711,0.450291
27.293,True,4.564,True,0.497059,0.476310,True,4.524,True,0.518000,0.450031
27.304,True,4.553,True,0.497259,0.476530,True,4.523,True,0.518000,0.450031
27.315,True,4.545,True,0.497132,0.476712,True,4.519,True,0.518189,0.449919
27.326,True,4.535,True,0.497452,0.476915,True,4.505,True,0.518621,0.449916
27.337,True,4.534,True,0.497452,0.476915,True,4.501,True,0.518621,0.449916
27.348,True,4.550,True,0.497095,0.476848,True,4.505,True,0.518687,0.449737
27.359,True,4.556,True,0.497095,0.476848,True,4.507,True,0.518801,0.449636
27.370,True,4.573,True,0.497095,0.476848,True,4.510,True,0.518801,0.449636
27.382,True,4.572,True,0.497889,0.476783,True,4.510,True,0.519308,0.449535
27.394,True,4.570,True,0.497889,0.476783,True,4.521,True,0.519181,0.449382
27.404,True,4.564,True,0.497676,0.476864,True,4.535,True,0.519312,0.449545
27.415,True,4.554,True,0.497920,0.477037,True,4.538,True,0.519312,0.449545
27.426,True,4.538,True,0.498078,0.477195,True,4.540,True,0.519512,0.449498
27.437,True,4.533,True,0.498078,0.477195,True,4.538,True,0.519512,0.449498
27.449,True,4.530,True,0.498078,0.477195,True,4.534,True,0.519679,0.449437
27.460,True,4.538,True,0.497707,0.477344,True,4.547,True,0.519845,0.449635
27.471,True,4.545,True,0.497707,0.477344,True,4.552,True,0.519845,0.449635
27.482,True,4.551,True,0.497707,0.477344,True,4.551,True,0.519817,0.449972
27.493,True,4.576,True,0.497969,0.477693,True,4.615,True,0.520016,0.449899
27.504,True,4.573,True,0.497688,0.477649,True,4.669,True,0.520016,0.449899
27.515,True,4.568,True,0.497688,0.477649,True,4.706,True,0.520251,0.449837
27.526,True,4.517,True,0.497066,0.477321,True,4.722,True,0.521438,0.449389
27.537,True,4.496,True,0.496077,0.476153,True,4.720,True,0.521438,0.449389
27.548,True,4.466,True,0.494410,0.475907,True,4.713,True,0.522712,0.448904
27.559,True,4.456,True,0.494410,0.475907,True,4.718,True,0.524783,0.449845
27.571,True,4.418,True,0.494543,0.475477,True,4.725,True,0.524783,0.449845
27.582,True,4.473,True,0.491649,0.481544,True,4.664,True,0.525216,0.449249
27.594,True,4.547,True,0.491649,0.481544,True,4.599,True,0.525216,0.449249
27.604,True,5.252,True,0.481258,0.501133,True,4.546,True,0.525216,0.449249
27.616,True,5.777,True,0.481258,0.501133,True,4.522,True,0.525306,0.448476
27.626,True,5.296,True,0.495003,0.475828,True,4.526,True,0.525089,0.448514
27.637,True,5.060,True,0.495152,0.477933,True,4.594,True,0.525089,0.448514
27.648,True,4.839,True,0.496386,0.477402,True,4.649,True,0.525885,0.449881
27.660,True,4.631,True,0.496386,0.477402,True,4.690,True,0.525885,0.449881
27.672,True,4.483,True,0.497824,0.477321,True,4.741,True,0.523867,0.449624
27.682,True,4.472,True,0.497824,0.477321,True,4.754,True,0.523867,0.449624
27.693,True,4.474,True,0.498044,0.476762,True,4.768,True,0.523365,0.449433
27.704,True,4.487,True,0.498663,0.477283,True,4.788,True,0.523365,0.449433
27.715,True,4.497,True,0.498663,0.477283,True,4.799,True,0.523058,0.449425
27.726,True,4.500,True,0.498978,0.477410,True,4.817,True,0.523272,0.449681
27.737,True,4.499,True,0.498731,0.477590,True,4.823,True,0.523272,0.449681
27.748,True,4.527,True,0.498574,0.477423,True,4.826,True,0.523030,0.449417
27.759,True,4.563,True,0.498830,0.477714,True,4.823,True,0.522854,0.449738
27.770,True,4.573,True,0.498830,0.477714,True,4.821,True,0.522854,0.449738
27.782,True,4.579,True,0.498830,0.477714,True,4.835,True,0.522684,0.449920
27.793,True,4.573,True,0.498993,0.477831,True,4.848,True,0.522684,0.449920
27.805,True,4.575,True,0.498536,0.477710,True,4.864,True,0.522269,0.450106
27.815,True,4.580,True,0.498536,0.477710,True,4.870,True,0.522177,0.450136
27.826,True,4.569,True,0.498428,0.478126,True,4.871,True,0.522369,0.450109
27.837,True,4.576,True,0.498719,0.477919,True,4.872,True,0.522174,0.450251
27.849,True,4.576,True,0.498770,0.477948,True,4.875,True,0.522174,0.450251
27.859,True,4.577,True,0.498770,0.477948,True,4.871,True,0.521931,0.450215
27.871,True,4.593,True,0.498913,0.477980,True,4.874,True,0.522159,0.450413
27.882,True,4.597,True,0.498913,0.477980,True,4.879,True,0.522159,0.450413
27.893,True,4.587,True,0.498449,0.478080,True,4.883,True,0.522159,0.450413
27.904,True,4.582,True,0.498669,0.478006,True,4.894,True,0.521899,0.450381
27.915,True,4.580,True,0.498669,0.478006,True,4.900,True,0.521609,0.450328
27.926,True,4.578,True,0.498434,0.477961,True,4.891,True,0.521498,0.450372
27.937,True,4.600,True,0.498606,0.477799,True,4.886,True,0.521925,0.450324
27.949,True,4.607,True,0.498582,0.478035,True,4.889,True,0.521925,0.450324
27.960,True,4.613,True,0.498582,0.478035,True,4.892,True,0.521925,0.450324
27.970,True,4.594,True,0.498525,0.477930,True,4.902,True,0.521839,0.450279
27.982,True,4.585,True,0.498525,0.477930,True,4.902,True,0.521516,0.450332
27.993,True,4.577,True,0.498635,0.477845,True,4.901,True,0.521516,0.450332
28.004,True,4.587,True,0.498585,0.477969,True,4.911,True,0.521798,0.450318
28.015,True,4.606,True,0.498585,0.477969,True,4.914,True,0.522066,0.450132
28.026,True,4.612,True,0.498557,0.477809,True,4.909,True,0.522066,0.450132
28.037,True,4.611,True,0.498517,0.477806,True,4.896,True,0.521841,0.450361
28.048,True,4.604,True,0.498517,0.477806,True,4.886,True,0.520166,0.449581
28.059,True,4.605,True,0.497660,0.473895,True,4.888,True,0.520166,0.449581
28.070,True,4.617,True,0.499110,0.468173,True,4.896,True,0.509656,0.440731
28.082,True,4.617,True,0.499110,0.468173,True,4.896,True,0.509656,0.440731
28.092,True,4.624,True,0.501611,0.464958,True,4.887,True,0.509804,0.439341
28.104,True,4.632,True,0.501250,0.464728,True,4.882,True,0.509804,0.439341
28.115,True,4.636,True,0.501250,0.464728,True,4.866,True,0.509932,0.439333
28.126,True,4.627,True,0.501187,0.464926,True,4.827,True,0.509971,0.439547
28.137,True,4.611,True,0.500848,0.465143,True,4.806,True,0.509971,0.439547
28.148,True,4.597,True,0.500848,0.465143,True,4.782,True,0.510253,0.439874
28.159,True,4.576,True,0.500928,0.465322,True,4.753,True,0.510253,0.439874
28.170,True,4.571,True,0.500928,0.465322,True,4.733,True,0.510297,0.440073
28.181,True,4.555,True,0.500554,0.465321,True,4.704,True,0.510385,0.440292
28.193,True,4.505,True,0.500249,0.465595,True,4.654,True,0.510456,0.440469
28.204,True,4.491,True,0.500065,0.465812,True,4.635,True,0.510456,0.440469
28.215,True,4.481,True,0.500065,0.465812,True,4.614,True,0.510621,0.440687
28.226,True,4.452,True,0.500128,0.465829,True,4.593,True,0.510621,0.440687
28.237,True,4.418,True,0.500215,0.466088,True,4.585,True,0.510526,0.440967
28.248,True,4.390,True,0.500215,0.466088,True,4.566,True,0.510513,0.441147
28.259,True,4.350,True,0.499891,0.466280,True,4.531,True,0.510800,0.441361
28.270,True,4.329,True,0.499682,0.466175,True,4.515,True,0.510800,0.441361
28.281,True,4.314,True,0.499682,0.466175,True,4.505,True,0.510763,0.441670
28.293,True,4.283,True,0.499437,0.466474,True,4.497,True,0.510763,0.441670
28.303,True,4.289,True,0.499498,0.466514,True,4.486,True,0.510256,0.441686
28.315,True,4.297,True,0.499498,0.466514,True,4.474,True,0.510197,0.441994
28.326,True,4.259,True,0.499166,0.466286,True,4.447,True,0.510097,0.441991
28.337,True,4.246,True,0.499166,0.466286,True,4.434,True,0.510097,0.441991
28.348,True,4.254,True,0.499433,0.466648,True,4.421,True,0.509965,0.442412
28.360,True,4.255,True,0.499088,0.466394,True,4.412,True,0.509965,0.442412
28.371,True,4.259,True,0.498850,0.466445,True,4.423,True,0.509694,0.442487
28.382,True,4.258,True,0.498850,0.466445,True,4.417,True,0.509503,0.442627
28.393,True,4.238,True,0.498595,0.466442,True,4.401,True,0.509434,0.443055
28.404,True,4.227,True,0.498039,0.466522,True,4.392,True,0.509434,0.443055
28.416,True,4.218,True,0.498039,0.466522,True,4.380,True,0.509680,0.443036
28.427,True,4.211,True,0.499309,0.467802,True,4.371,True,0.509680,0.443036
28.437,True,4.204,True,0.499309,0.467802,True,4.361,True,0.513597,0.443788
28.449,True,4.171,True,0.502064,0.471207,True,4.345,True,0.515828,0.444767
28.460,True,4.160,True,0.502064,0.471207,True,4.329,True,0.515515,0.444830
28.471,True,4.154,True,0.502462,0.471170,True,4.316,True,0.515515,0.444830
28.482,True,4.150,True,0.502462,0.471170,True,4.304,True,0.515499,0.444986
28.493,True,4.147,True,0.501917,0.471081,True,4.291,True,0.515499,0.444986
28.504,True,4.146,True,0.501917,0.471081,True,4.174,True,0.515520,0.445099
28.515,True,4.132,True,0.501875,0.471217,True,4.056,True,0.515469,0.445341
28.526,True,4.128,True,0.501875,0.471387,True,3.962,True,0.515469,0.445341
28.537,True,4.123,True,0.501875,0.471387,True,3.840,True,0.515581,0.445168
28.548,True,4.096,True,0.502032,0.471354,True,3.803,True,0.515591,0.445213
28.559,True,4.096,True,0.502032,0.471354,True,3.803,True,0.515591,0.445213
28.572,True,4.064,True,0.501863,0.471633,True,3.793,True,0.515701,0.445315
28.582,True,4.046,True,0.501863,0.471633,True,3.782,True,0.515798,0.445267
28.593,True,4.022,True,0.502193,0.471721,True,3.768,True,0.515798,0.445267
28.604,True,4.017,True,0.502096,0.471932,True,3.757,True,0.516127,0.445404
28.616,True,4.014,True,0.502096,0.471932,True,3.750,True,0.516188,0.445393
28.627,True,4.015,True,0.502304,0.472092,True,3.744,True,0.516188,0.445393
28.644,True,3.994,True,0.502212,0.472578,True,3.715,True,0.516394,0.445358
28.655,True,3.985,True,0.502493,0.472366,True,3.705,True,0.516394,0.445358
28.665,True,3.979,True,0.502493,0.472366,True,3.697,True,0.516394,0.445358
28.677,True,3.970,True,0.502513,0.472574,True,3.695,True,0.516674,0.445499
28.687,True,3.956,True,0.502515,0.472766,True,3.697,True,0.516774,0.445474
28.699,True,3.950,True,0.502515,0.472766,True,3.697,True,0.516774,0.445474
28.710,True,3.949,True,0.502570,0.472953,True,3.696,True,0.516881,0.445514
28.721,True,3.942,True,0.502414,0.472964,True,3.683,True,0.517084,0.445611
28.732,True,3.935,True,0.502414,0.472964,True,3.678,True,0.517084,0.445611
28.743,True,3.931,True,0.502414,0.472964,True,3.679,True,0.517237,0.445565
28.754,True,3.929,True,0.502643,0.472901,True,3.688,True,0.517106,0.445545
28.766,True,3.899,True,0.502733,0.473039,True,3.692,True,0.517106,0.445545
28.777,True,3.875,True,0.502733,0.473039,True,3.694,True,0.517249,0.445583
28.788,True,3.842,True,0.502860,0.473254,True,3.695,True,0.517516,0.445665
28.799,True,3.831,True,0.502860,0.473254,True,3.699,True,0.517499,0.445530
28.810,True,3.822,True,0.502669,0.473234,True,3.702,True,0.517499,0.445530
28.822,True,3.818,True,0.502959,0.473364,True,3.709,True,0.517500,0.445720
28.833,True,3.818,True,0.502959,0.473364,True,3.711,True,0.517500,0.445720
28.845,True,3.818,True,0.502959,0.473364,True,3.713,True,0.517688,0.445724
28.855,True,3.825,True,0.502757,0.473549,True,3.713,True,0.517546,0.445769
28.866,True,3.846,True,0.502934,0.473710,True,3.721,True,0.517635,0.445698
28.877,True,3.852,True,0.502934,0.473710,True,3.729,True,0.517635,0.445698
28.889,True,3.870,True,0.502218,0.474359,True,3.754,True,0.517721,0.445917
28.899,True,3.876,True,0.502218,0.474359,True,3.761,True,0.519060,0.447163
28.910,True,3.876,True,0.501246,0.475875,True,3.766,True,0.519060,0.447163
28.921,True,3.864,True,0.500224,0.477807,True,3.737,True,0.519804,0.449450
28.932,True,3.853,True,0.500224,0.477807,True,3.725,True,0.520255,0.450570
28.943,True,3.844,True,0.500224,0.477807,True,3.716,True,0.520255,0.450570
28.954,True,3.849,True,0.499938,0.478189,True,3.722,True,0.520212,0.450679
28.966,True,3.859,True,0.499938,0.478189,True,3.733,True,0.520212,0.450679
28.976,True,3.867,True,0.499938,0.478189,True,3.736,True,0.520433,0.450690
28.987,True,3.887,True,0.499902,0.478392,True,3.761,True,0.520406,0.450702
28.998,True,3.892,True,0.499902,0.478392,True,3.768,True,0.520406,0.450702
29.010,True,3.895,True,0.499902,0.478392,True,3.772,True,0.520528,0.450525
29.021,True,3.897,True,0.499791,0.478526,True,3.784,True,0.520588,0.450577
29.033,True,3.917,True,0.499900,0.478539,True,3.795,True,0.520689,0.450400
29.043,True,3.925,True,0.500006,0.478649,True,3.796,True,0.520689,0.450400
29.054,True,3.932,True,0.500006,0.478649,True,3.796,True,0.520689,0.450400
29.066,True,3.923,True,0.499771,0.478525,True,3.807,True,0.520636,0.450257
29.077,True,3.932,True,0.500206,0.478457,True,3.812,True,0.520636,0.450257
29.087,True,3.938,True,0.499986,0.478477,True,3.825,True,0.520675,0.450207
29.098,True,3.938,True,0.499986,0.478477,True,3.825,True,0.520675,0.450207
29.110,True,3.933,True,0.499927,0.478545,True,3.839,True,0.520604,0.450186
29.121,True,3.930,True,0.500174,0.478267,True,3.857,True,0.520766,0.450143
29.132,True,3.932,True,0.500174,0.478267,True,3.865,True,0.520546,0.450062
29.143,True,3.932,True,0.500174,0.478267,True,3.865,True,0.520546,0.450062
29.154,True,3.945,True,0.499798,0.478247,True,3.875,True,0.520584,0.450242
29.165,True,3.954,True,0.500096,0.477918,True,3.877,True,0.520584,0.450242
29.176,True,3.961,True,0.500096,0.477918,True,3.884,True,0.520515,0.450177
29.187,True,3.991,True,0.499735,0.478049,True,3.900,True,0.520437,0.449946
29.199,True,3.996,True,0.499735,0.478049,True,3.909,True,0.520437,0.449946
29.210,True,3.998,True,0.499931,0.478070,True,3.914,True,0.520346,0.449894
29.221,True,4.006,True,0.499652,0.478137,True,3.921,True,0.520265,0.450101
29.232,True,4.011,True,0.499636,0.478046,True,3.925,True,0.520259,0.450222
29.243,True,4.011,True,0.499636,0.478046,True,3.925,True,0.520259,0.450222
29.254,True,4.020,True,0.499583,0.478012,True,3.928,True,0.520259,0.450222
29.265,True,4.037,True,0.499518,0.478232,True,4.029,True,0.520282,0.450354
29.276,True,4.051,True,0.499518,0.478232,True,4.110,True,0.519993,0.450550
29.287,True,4.077,True,0.499298,0.477972,True,4.229,True,0.520047,0.450611
29.299,True,4.086,True,0.499127,0.478106,True,4.294,True,0.520010,0.450669
29.310,True,4.093,True,0.498974,0.478093,True,4.304,True,0.520010,0.450669
29.321,True,4.098,True,0.498974,0.478093,True,4.310,True,0.519978,0.450626
29.332,True,4.102,True,0.498924,0.478221,True,4.315,True,0.519774,0.450609
29.343,True,4.110,True,0.498838,0.478196,True,4.315,True,0.519774,0.450609
29.355,True,4.117,True,0.498838,0.478196,True,4.318,True,0.519838,0.450493
29.366,True,4.114,True,0.498829,0.477990,True,4.321,True,0.519838,0.450493
29.377,True,4.109,True,0.498877,0.478246,True,4.346,True,0.519600,0.450667
29.388,True,4.107,True,0.498877,0.478246,True,4.351,True,0.519600,0.450667
29.399,True,4.102,True,0.500155,0.478707,True,4.355,True,0.519900,0.450426
29.410,True,4.087,True,0.503082,0.480970,True,4.365,True,0.523869,0.450291
29.421,True,4.077,True,0.503082,0.480970,True,4.365,True,0.529213,0.450215
29.433,True,4.024,True,0.505851,0.482910,True,4.366,True,0.532355,0.450410
29.444,True,4.027,True,0.507467,0.484134,True,4.366,True,0.532355,0.450410
29.455,True,4.033,True,0.507467,0.484134,True,4.360,True,0.532173,0.450458
29.466,True,4.033,True,0.507505,0.484666,True,4.356,True,0.532173,0.450458
29.477,True,4.034,True,0.507505,0.484666,True,4.348,True,0.532326,0.450519
29.488,True,4.005,True,0.507451,0.484472,True,4.339,True,0.532380,0.450556
29.499,True,4.002,True,0.507578,0.484565,True,4.338,True,0.532380,0.450556
29.510,True,4.001,True,0.507578,0.484565,True,4.344,True,0.532293,0.450534
29.521,True,3.994,True,0.507446,0.484511,True,4.340,True,0.532316,0.450615
29.532,True,3.990,True,0.507449,0.484562,True,4.333,True,0.532230,0.450518
29.543,True,3.990,True,0.507449,0.484562,True,4.333,True,0.532230,0.450518
29.554,True,3.989,True,0.507487,0.484326,True,4.333,True,0.532230,0.450518
29.566,True,3.990,True,0.507487,0.484326,True,4.328,True,0.532349,0.450377
29.577,True,3.980,True,0.507183,0.484535,True,4.326,True,0.532191,0.450393
29.588,True,3.980,True,0.507183,0.484535,True,4.324,True,0.532166,0.450437
29.599,True,3.977,True,0.507150,0.484525,True,4.316,True,0.532027,0.450732
29.610,True,3.965,True,0.507015,0.484418,True,4.311,True,0.532027,0.450732
29.621,True,3.955,True,0.507015,0.484418,True,4.307,True,0.532027,0.450732
29.633,True,3.944,True,0.507107,0.484626,True,4.306,True,0.531888,0.450703
29.643,True,3.944,True,0.507107,0.484626,True,4.302,True,0.532243,0.450838
29.654,True,3.945,True,0.507002,0.484569,True,4.300,True,0.532243,0.450838
29.665,True,3.947,True,0.507002,0.484569,True,4.301,True,0.532243,0.450838
29.677,True,3.973,True,0.506773,0.484557,True,4.312,True,0.532075,0.450628
29.688,True,3.975,True,0.506847,0.484593,True,4.316,True,0.532075,0.450628
29.699,True,3.976,True,0.506847,0.484593,True,4.314,True,0.531940,0.450713
29.710,True,3.960,True,0.506780,0.484506,True,4.309,True,0.531513,0.450894
29.721,True,3.942,True,0.503555,0.483641,True,4.306,True,0.531513,0.450894
29.732,True,3.929,True,0.503555,0.483641,True,4.303,True,0.526884,0.452673
29.743,True,3.953,True,0.498360,0.482117,True,4.294,True,0.526884,0.452673
29.754,True,3.969,True,0.494493,0.480773,True,4.288,True,0.521493,0.454176
29.766,True,3.982,True,0.494493,0.480773,True,4.279,True,0.519351,0.455055
29.777,True,3.992,True,0.494194,0.480682,True,4.261,True,0.519086,0.454992
29.788,True,3.977,True,0.494041,0.480720,True,4.253,True,0.519086,0.454992
29.799,True,3.965,True,0.494041,0.480720,True,4.256,True,0.518911,0.454978
29.810,True,3.955,True,0.494405,0.480669,True,4.261,True,0.519015,0.455032
29.821,True,3.958,True,0.493862,0.480651,True,4.264,True,0.519015,0.455032
29.833,True,3.962,True,0.493862,0.480651,True,4.271,True,0.519228,0.455051
29.844,True,3.958,True,0.493929,0.480802,True,4.279,True,0.518990,0.455155
29.854,True,3.959,True,0.494130,0.480754,True,4.281,True,0.518990,0.455155
29.865,True,3.959,True,0.494130,0.480754,True,4.284,True,0.518994,0.455168
29.876,True,3.963,True,0.494273,0.480652,True,4.286,True,0.519172,0.455161
29.887,True,3.969,True,0.494263,0.480841,True,4.286,True,0.519172,0.455161
29.899,True,3.974,True,0.494263,0.480841,True,4.287,True,0.519071,0.455088
29.910,True,3.971,True,0.493859,0.480880,True,4.296,True,0.518923,0.455379
29.921,True,3.971,True,0.493874,0.480676,True,4.302,True,0.518923,0.455379
29.932,True,3.971,True,0.493874,0.480676,True,4.309,True,0.519099,0.455056
29.943,True,3.969,True,0.493917,0.480582,True,4.320,True,0.519101,0.455173
29.954,True,3.978,True,0.493540,0.480676,True,4.325,True,0.519101,0.455173
29.965,True,3.973,True,0.493173,0.480621,True,4.295,True,0.519349,0.455133
29.976,True,3.963,True,0.493173,0.480621,True,4.287,True,0.519750,0.455123
29.988,True,3.945,True,0.492820,0.480406,True,4.282,True,0.519750,0.455123
29.998,True,3.930,True,0.492820,0.480406,True,4.274,True,0.520605,0.454490
30.010,True,3.877,True,0.492326,0.479514,True,4.259,True,0.522163,0.453779
30.021,True,3.882,True,0.490231,0.478712,True,4.250,True,0.522163,0.453779
30.032,True,3.888,True,0.490231,0.478712,True,4.232,True,0.523113,0.454556
30.044,True,3.824,True,0.489179,0.477571,True,4.132,True,0.522187,0.453155
30.054,True,3.911,True,0.485274,0.484509,True,4.063,True,0.522187,0.453155
30.066,True,3.887,True,0.486978,0.477860,True,4.054,True,0.523714,0.456757
30.076,True,3.809,True,0.486978,0.477860,True,4.048,True,0.522124,0.455914
30.087,True,3.802,True,0.487302,0.480010,True,4.049,True,0.522124,0.455914
30.099,True,3.801,True,0.487506,0.481157,True,4.144,True,0.522681,0.457017
30.110,True,3.820,True,0.487506,0.481157,True,4.180,True,0.521959,0.456782
30.121,True,3.856,True,0.488240,0.480806,True,4.210,True,0.521959,0.456782
30.132,True,3.880,True,0.488240,0.480806,True,4.223,True,0.521107,0.456297
30.143,True,3.907,True,0.489269,0.479909,True,4.234,True,0.520090,0.456380
30.154,True,3.895,True,0.490294,0.480298,True,4.238,True,0.520090,0.456380
30.165,True,3.878,True,0.490065,0.480466,True,4.224,True,0.519831,0.456346
30.177,True,3.876,True,0.490065,0.480466,True,4.220,True,0.519831,0.456346
30.188,True,3.887,True,0.490335,0.480161,True,4.224,True,0.519491,0.456572
30.199,True,3.898,True,0.490335,0.480161,True,4.237,True,0.519491,0.456572
30.210,True,3.941,True,0.490373,0.480239,True,4.246,True,0.518687,0.456726
30.221,True,3.925,True,0.490631,0.480332,True,4.242,True,0.518687,0.456726
30.232,True,3.909,True,0.490631,0.480332,True,4.246,True,0.518827,0.456789
30.244,True,3.906,True,0.490119,0.480645,True,4.238,True,0.518290,0.457189
30.254,True,3.905,True,0.489896,0.480787,True,4.231,True,0.518290,0.457189
30.265,True,3.907,True,0.489896,0.480787,True,4.227,True,0.518290,0.457189
30.276,True,3.920,True,0.490389,0.481096,True,4.231,True,0.518481,0.457363
30.288,True,3.920,True,0.490112,0.481220,True,4.236,True,0.518341,0.457238
30.299,True,3.902,True,0.490297,0.481123,True,4.242,True,0.518353,0.457123
30.310,True,3.893,True,0.490297,0.481123,True,4.245,True,0.518481,0.456942
30.322,True,3.882,True,0.490754,0.481161,True,4.246,True,0.518481,0.456942
30.332,True,3.874,True,0.490754,0.481161,True,4.248,True,0.518209,0.456752
30.343,True,3.912,True,0.490684,0.480910,True,4.253,True,0.518209,0.456752
30.355,True,3.914,True,0.490807,0.481061,True,4.255,True,0.518405,0.456676
30.366,True,3.913,True,0.490807,0.481061,True,4.255,True,0.518426,0.456644
30.377,True,3.901,True,0.490844,0.481056,True,4.255,True,0.518426,0.456644
30.388,True,3.888,True,0.490844,0.481056,True,4.272,True,0.520144,0.455912
30.399,True,3.946,True,0.500397,0.483578,True,4.311,True,0.525479,0.454346
30.410,True,3.967,True,0.500397,0.483578,True,4.350,True,0.528484,0.453067
30.421,True,3.976,True,0.502006,0.483798,True,4.380,True,0.528484,0.453067
30.432,True,3.982,True,0.502006,0.483798,True,4.399,True,0.528275,0.452912
30.444,True,3.972,True,0.502023,0.483914,True,4.417,True,0.528336,0.452916
30.458,True,3.976,True,0.502003,0.484040,True,4.424,True,0.528336,0.452916
30.476,True,3.978,True,0.502019,0.483856,True,4.428,True,0.528314,0.453106
30.488,True,3.977,True,0.502019,0.483856,True,4.429,True,0.528279,0.452993
30.499,True,3.992,True,0.501781,0.484316,True,4.425,True,0.528330,0.453031
30.510,True,3.992,True,0.501781,0.484316,True,4.425,True,0.528330,0.453031
30.521,True,4.010,True,0.501781,0.484316,True,4.418,True,0.528294,0.452933
30.532,True,4.001,True,0.501768,0.484572,True,4.420,True,0.528454,0.453317
30.543,True,3.998,True,0.501668,0.484532,True,4.424,True,0.528454,0.453317
30.555,True,3.995,True,0.501668,0.484532,True,4.427,True,0.528358,0.453452
30.566,True,3.996,True,0.501738,0.484644,True,4.429,True,0.528448,0.453143
30.577,True,3.996,True,0.501738,0.484644,True,4.429,True,0.528448,0.453143
30.588,True,3.985,True,0.501560,0.484470,True,4.432,True,0.528161,0.453352
30.599,True,3.984,True,0.501549,0.484502,True,4.432,True,0.528264,0.453203
30.610,True,3.987,True,0.501713,0.484544,True,4.430,True,0.528264,0.453203
30.621,True,3.991,True,0.501713,0.484544,True,4.429,True,0.528254,0.453459
30.632,True,3.970,True,0.501386,0.484296,True,4.413,True,0.528122,0.453454
30.643,True,3.965,True,0.501128,0.484592,True,4.401,True,0.528122,0.453454
30.655,True,3.961,True,0.501128,0.484592,True,4.388,True,0.528041,0.453391
30.666,True,3.950,True,0.501352,0.484393,True,4.379,True,0.528041,0.453391
30.677,True,3.933,True,0.501551,0.484519,True,4.354,True,0.528067,0.453461
30.688,True,3.925,True,0.501551,0.484519,True,4.338,True,0.528021,0.453502
30.699,True,3.919,True,0.501134,0.484549,True,4.317,True,0.528084,0.453604
30.710,True,3.909,True,0.501444,0.484871,True,4.312,True,0.528084,0.453604
30.721,True,3.901,True,0.501444,0.484871,True,4.295,True,0.527951,0.453610
30.732,True,3.871,True,0.501439,0.484681,True,4.262,True,0.527943,0.453706
30.743,True,3.852,True,0.501360,0.484834,True,4.246,True,0.527943,0.453706
30.761,True,3.824,True,0.501313,0.484667,True,4.243,True,0.527878,0.453639
30.772,True,3.814,True,0.501313,0.484667,True,4.223,True,0.527684,0.453597
30.783,True,3.806,True,0.501388,0.484604,True,4.200,True,0.527749,0.453667
30.794,True,3.807,True,0.501066,0.484604,True,4.194,True,0.527749,0.453667
30.806,True,3.807,True,0.501066,0.484604,True,4.179,True,0.527372,0.453778
30.817,True,3.797,True,0.500970,0.484767,True,4.156,True,0.527402,0.453923
30.828,True,3.786,True,0.500970,0.484767,True,4.145,True,0.527402,0.453923
30.839,True,3.777,True,0.501112,0.484639,True,4.137,True,0.527326,0.453733
30.850,True,3.766,True,0.501051,0.484559,True,4.124,True,0.527171,0.453754
30.862,True,3.763,True,0.501051,0.484559,True,4.118,True,0.527171,0.453754
30.872,True,3.762,True,0.500786,0.484496,True,4.120,True,0.525528,0.454339
30.883,True,3.789,True,0.497116,0.483684,True,4.113,True,0.521933,0.455668
30.894,True,3.781,True,0.497116,0.483684,True,4.107,True,0.521933,0.455668
30.905,True,3.774,True,0.493503,0.482742,True,4.083,True,0.519923,0.456085
30.917,True,3.751,True,0.493341,0.482732,True,4.054,True,0.519429,0.456350
30.928,True,3.731,True,0.493198,0.482668,True,4.047,True,0.519429,0.456350
30.939,True,3.718,True,0.493198,0.482668,True,4.036,True,0.519321,0.456453
30.950,True,3.687,True,0.493010,0.482697,True,4.027,True,0.519394,0.456785
30.961,True,3.683,True,0.492825,0.483124,True,4.026,True,0.519394,0.456785
30.972,True,3.680,True,0.492825,0.483124,True,4.026,True,0.519267,0.456951
30.983,True,3.697,True,0.492486,0.483000,True,4.029,True,0.519267,0.456951
30.994,True,3.705,True,0.492486,0.483000,True,4.021,True,0.519336,0.457242
31.006,True,3.701,True,0.492621,0.483089,True,4.015,True,0.519336,0.457242
31.016,True,3.694,True,0.492581,0.483086,True,4.016,True,0.519065,0.457535
31.027,True,3.690,True,0.492581,0.483086,True,4.007,True,0.518973,0.457404
31.039,True,3.670,True,0.491781,0.483233,True,3.997,True,0.519038,0.457495
31.051,True,3.668,True,0.491781,0.483233,True,3.991,True,0.518994,0.457624
31.063,True,3.661,True,0.491928,0.483072,True,3.982,True,0.518994,0.457624
31.073,True,3.657,True,0.491928,0.483072,True,3.981,True,0.518868,0.457607
31.083,True,3.651,True,0.491784,0.483235,True,3.980,True,0.518868,0.457607
31.095,True,3.651,True,0.491784,0.483235,True,3.980,True,0.518868,0.457607
31.105,True,3.650,True,0.491872,0.483194,True,3.992,True,0.518829,0.457865
31.117,True,3.646,True,0.491671,0.483244,True,3.992,True,0.518829,0.457865
31.128,True,3.642,True,0.491671,0.483244,True,3.997,True,0.518831,0.457787
31.139,True,3.648,True,0.491674,0.483310,True,4.000,True,0.518831,0.457787
31.150,True,3.661,True,0.491730,0.483321,True,3.992,True,0.518658,0.457742
31.161,True,3.666,True,0.491730,0.483321,True,3.986,True,0.518658,0.457742
31.172,True,3.666,True,0.491649,0.483299,True,3.980,True,0.518658,0.457742
31.183,True,3.670,True,0.491528,0.483164,True,3.988,True,0.518535,0.457765
31.194,True,3.671,True,0.491528,0.483164,True,3.993,True,0.518535,0.457765
31.205,True,3.656,True,0.491460,0.482992,True,3.998,True,0.518535,0.457765
31.217,True,3.635,True,0.491690,0.483171,True,3.992,True,0.518606,0.457543
31.228,True,3.630,True,0.491372,0.483427,True,3.987,True,0.518606,0.457543
31.239,True,3.626,True,0.491372,0.483427,True,3.982,True,0.518606,0.457543
31.250,True,3.638,True,0.491408,0.483385,True,3.986,True,0.518768,0.457609
31.261,True,3.643,True,0.491408,0.483385,True,3.994,True,0.518768,0.457609
31.273,True,3.658,True,0.491468,0.483746,True,4.001,True,0.518768,0.457609
31.284,True,3.678,True,0.491328,0.483858,True,4.015,True,0.518760,0.457666
31.295,True,3.684,True,0.491328,0.483858,True,4.013,True,0.518943,0.457848
31.306,True,3.692,True,0.491548,0.484118,True,4.010,True,0.518943,0.457848
31.317,True,3.700,True,0.492635,0.484236,True,4.021,True,0.522073,0.456250
31.328,True,3.716,True,0.497203,0.485273,True,4.030,True,0.522073,0.456250
31.339,True,3.721,True,0.501804,0.486104,True,4.057,True,0.526903,0.454200
31.350,True,3.714,True,0.501804,0.486104,True,4.077,True,0.530166,0.452449
31.361,True,3.718,True,0.503992,0.486396,True,4.091,True,0.530166,0.452449
31.372,True,3.720,True,0.503992,0.486396,True,4.101,True,0.530166,0.452449
31.384,True,3.734,True,0.504095,0.486755,True,4.116,True,0.530135,0.452406
31.394,True,3.746,True,0.504095,0.486755,True,4.126,True,0.530454,0.452351
31.406,True,3.743,True,0.504299,0.486821,True,4.133,True,0.530416,0.452227
31.417,True,3.745,True,0.503951,0.486936,True,4.131,True,0.530416,0.452227
31.428,True,3.747,True,0.503951,0.486936,True,4.134,True,0.530546,0.452299
31.439,True,3.729,True,0.504147,0.486955,True,4.139,True,0.530598,0.452181
31.450,True,3.728,True,0.504363,0.486909,True,4.142,True,0.530598,0.452181
31.461,True,3.727,True,0.504363,0.486909,True,4.149,True,0.530695,0.452237
31.473,True,3.735,True,0.504162,0.487099,True,4.159,True,0.530772,0.452032
31.484,True,3.746,True,0.504416,0.487158,True,4.163,True,0.530772,0.452032
31.495,True,3.754,True,0.504416,0.487158,True,4.168,True,0.530866,0.452009
31.506,True,3.768,True,0.504360,0.487099,True,4.176,True,0.531002,0.451780
31.517,True,3.780,True,0.504350,0.487288,True,4.180,True,0.531002,0.451780
31.528,True,3.790,True,0.504350,0.487288,True,4.181,True,0.530927,0.451601
31.539,True,3.794,True,0.504591,0.487367,True,4.181,True,0.531158,0.451584
31.550,True,3.801,True,0.504550,0.487312,True,4.181,True,0.531158,0.451584
31.561,True,3.807,True,0.504550,0.487312,True,4.184,True,0.531335,0.451528
31.573,True,3.793,True,0.504338,0.487547,True,4.195,True,0.531467,0.451704
31.584,True,3.795,True,0.504488,0.487757,True,4.202,True,0.531467,0.451704
31.594,True,3.797,True,0.504488,0.487757,True,4.210,True,0.531300,0.451760
31.606,True,3.795,True,0.504716,0.487633,True,4.223,True,0.531389,0.451703
31.617,True,3.806,True,0.504817,0.487887,True,4.228,True,0.531389,0.451703
31.627,True,3.814,True,0.504817,0.487887,True,4.231,True,0.531511,0.451482
31.639,True,3.845,True,0.505021,0.487678,True,4.231,True,0.531538,0.451498
31.650,True,3.842,True,0.504816,0.487839,True,4.229,True,0.531538,0.451498
31.661,True,3.837,True,0.504816,0.487839,True,4.231,True,0.531756,0.451602
31.673,True,3.847,True,0.505212,0.488098,True,4.232,True,0.531831,0.451461
31.684,True,3.841,True,0.505149,0.487899,True,4.231,True,0.531831,0.451461
31.695,True,3.838,True,0.505149,0.487899,True,4.244,True,0.531724,0.451495
31.706,True,3.849,True,0.503121,0.487142,True,4.269,True,0.528077,0.452599
31.718,True,3.865,True,0.499094,0.485842,True,4.281,True,0.528077,0.452599
31.728,True,3.878,True,0.499094,0.485842,True,4.281,True,0.523719,0.453472
31.739,True,3.908,True,0.495944,0.484470,True,4.267,True,0.521814,0.453806
31.750,True,3.916,True,0.495656,0.484707,True,4.257,True,0.521814,0.453806
31.761,True,3.921,True,0.495656,0.484707,True,4.255,True,0.521956,0.453830
31.772,True,3.915,True,0.496015,0.484652,True,4.255,True,0.522257,0.453740
31.786,True,3.912,True,0.496008,0.484632,True,4.256,True,0.522459,0.453821
31.797,True,3.912,True,0.496008,0.484632,True,4.256,True,0.522459,0.453821
31.808,True,3.912,True,0.496285,0.484794,True,4.257,True,0.522675,0.453869
31.819,True,3.907,True,0.496583,0.485325,True,4.258,True,0.522675,0.453869
31.830,True,3.903,True,0.496583,0.485325,True,4.255,True,0.522865,0.453982
31.841,True,3.883,True,0.496282,0.485259,True,4.246,True,0.522941,0.453701
31.852,True,3.879,True,0.496636,0.485055,True,4.240,True,0.522941,0.453701
31.863,True,3.877,True,0.496636,0.485055,True,4.239,True,0.523004,0.453811
31.875,True,3.874,True,0.496509,0.485496,True,4.233,True,0.522988,0.453735
31.886,True,3.875,True,0.496509,0.485496,True,4.229,True,0.522988,0.453735
31.897,True,3.876,True,0.496598,0.485164,True,4.230,True,0.523005,0.453783
31.908,True,3.877,True,0.496531,0.485141,True,4.224,True,0.522821,0.453826
31.919,True,3.877,True,0.496531,0.485141,True,4.218,True,0.522821,0.453826
31.930,True,3.887,True,0.496021,0.485359,True,4.209,True,0.522869,0.453881
31.941,True,3.891,True,0.496021,0.485359,True,4.209,True,0.522452,0.454263
31.952,True,3.895,True,0.496021,0.485359,True,4.209,True,0.522452,0.454263
31.964,True,3.887,True,0.495642,0.485109,True,4.212,True,0.522071,0.454729
31.975,True,3.885,True,0.495377,0.485151,True,4.207,True,0.521746,0.454719
31.986,True,3.884,True,0.495377,0.485151,True,4.201,True,0.521746,0.454719
31.997,True,3.883,True,0.494946,0.485117,True,4.201,True,0.521652,0.454824
32.008,True,3.890,True,0.494402,0.484844,True,4.202,True,0.521652,0.454824
32.019,True,3.898,True,0.494402,0.484844,True,4.203,True,0.521071,0.454827
32.030,True,3.911,True,0.494456,0.484701,True,4.200,True,0.520590,0.454991
32.041,True,3.902,True,0.494139,0.484471,True,4.195,True,0.520590,0.454991
32.053,True,3.894,True,0.494139,0.484471,True,4.189,True,0.520368,0.455110
32.064,True,3.861,True,0.493553,0.483866,True,4.185,True,0.519900,0.455147
32.075,True,3.853,True,0.493553,0.483866,True,4.186,True,0.519900,0.455147
32.086,True,3.849,True,0.493553,0.483866,True,4.184,True,0.519965,0.455164
32.097,True,3.849,True,0.493553,0.483866,True,4.184,True,0.519965,0.455164
32.108,True,3.857,True,0.493384,0.483767,True,4.179,True,0.519617,0.455036
32.119,True,3.866,True,0.493235,0.483850,True,4.178,True,0.519617,0.455036
32.130,True,3.879,True,0.493235,0.483850,True,4.172,True,0.519305,0.454983
32.141,True,3.879,True,0.493393,0.483714,True,4.168,True,0.519305,0.454983
32.152,True,3.878,True,0.493393,0.483714,True,4.166,True,0.519290,0.454890
32.164,True,3.864,True,0.493437,0.483466,True,4.171,True,0.519535,0.455002
32.175,True,3.866,True,0.493261,0.483419,True,4.176,True,0.519535,0.455002
32.186,True,3.869,True,0.493261,0.483419,True,4.175,True,0.519535,0.455002
32.197,True,3.872,True,0.493067,0.483603,True,4.166,True,0.519713,0.454926
32.208,True,3.877,True,0.493067,0.483603,True,4.157,True,0.519708,0.454920
32.219,True,3.880,True,0.493067,0.483603,True,4.148,True,0.519708,0.454920
32.230,True,3.880,True,0.493060,0.483598,True,4.143,True,0.519708,0.454920
32.242,True,3.879,True,0.493641,0.483765,True,4.143,True,0.519948,0.454934
32.253,True,3.878,True,0.493641,0.483765,True,4.151,True,0.520244,0.455076
32.264,True,3.881,True,0.493747,0.484134,True,4.161,True,0.520190,0.455095
32.276,True,3.879,True,0.493747,0.484134,True,4.163,True,0.520190,0.455095
32.286,True,3.876,True,0.493747,0.484134,True,4.156,True,0.523349,0.454344
32.297,True,3.865,True,0.500786,0.487392,True,4.151,True,0.527964,0.454002
32.308,True,3.852,True,0.500786,0.487392,True,4.148,True,0.530229,0.453653
32.320,True,3.842,True,0.500786,0.487392,True,4.147,True,0.530229,0.453653
32.332,True,3.831,True,0.501072,0.487819,True,4.146,True,0.530229,0.453653
32.342,True,3.817,True,0.501411,0.488161,True,4.156,True,0.530216,0.453785
32.353,True,3.817,True,0.501411,0.488161,True,4.163,True,0.530070,0.453707
32.364,True,3.816,True,0.501528,0.488269,True,4.170,True,0.530070,0.453707
32.375,True,3.817,True,0.501439,0.488121,True,4.167,True,0.530154,0.453576
32.386,True,3.818,True,0.501439,0.488121,True,4.168,True,0.530154,0.453576
32.397,True,3.806,True,0.501166,0.488146,True,4.168,True,0.530154,0.453576
32.409,True,3.802,True,0.501198,0.488154,True,4.169,True,0.530004,0.453648
32.419,True,3.807,True,0.501198,0.488154,True,4.165,True,0.529744,0.453409
32.431,True,3.819,True,0.501135,0.487833,True,4.161,True,0.529744,0.453409
32.442,True,3.825,True,0.500959,0.487821,True,4.162,True,0.529653,0.453380
32.453,True,3.818,True,0.500959,0.487821,True,4.165,True,0.529577,0.453344
32.464,True,3.839,True,0.501166,0.487813,True,4.168,True,0.529577,0.453344
32.475,True,3.861,True,0.501065,0.487807,True,4.187,True,0.529360,0.453431
32.487,True,3.867,True,0.501065,0.487807,True,4.190,True,0.529237,0.453445
32.497,True,3.867,True,0.500838,0.487814,True,4.193,True,0.529237,0.453445
32.508,True,3.853,True,0.500551,0.487527,True,4.203,True,0.528795,0.453332
32.519,True,3.855,True,0.500399,0.487359,True,4.206,True,0.528795,0.453332
32.530,True,3.858,True,0.500399,0.487359,True,4.209,True,0.528795,0.453332
32.542,True,3.861,True,0.500399,0.487359,True,4.213,True,0.528590,0.453366
32.553,True,3.867,True,0.500298,0.486890,True,4.230,True,0.528386,0.453391
32.564,True,3.868,True,0.500298,0.486890,True,4.237,True,0.528160,0.453264
32.575,True,3.867,True,0.500298,0.486890,True,4.242,True,0.528160,0.453264
32.586,True,3.886,True,0.500283,0.486827,True,4.233,True,0.528159,0.453096
32.597,True,3.892,True,0.500283,0.486827,True,4.229,True,0.528159,0.453096
32.608,True,3.904,True,0.500392,0.487026,True,4.229,True,0.527857,0.452977
32.619,True,3.910,True,0.500454,0.486948,True,4.239,True,0.527683,0.452875
32.630,True,3.905,True,0.500454,0.486948,True,4.245,True,0.527487,0.452602
32.642,True,3.901,True,0.500454,0.486948,True,4.250,True,0.527487,0.452602
32.653,True,3.911,True,0.499993,0.486776,True,4.262,True,0.527216,0.452523
32.664,True,3.919,True,0.499957,0.486621,True,4.268,True,0.526914,0.452458
32.675,True,3.923,True,0.499957,0.486621,True,4.265,True,0.526914,0.452458
32.687,True,3.954,True,0.499044,0.486236,True,4.256,True,0.526272,0.452413
32.698,True,3.966,True,0.499044,0.486236,True,4.253,True,0.526272,0.452413
32.708,True,3.976,True,0.499044,0.486236,True,4.257,True,0.525755,0.452868
32.720,True,3.983,True,0.498063,0.485683,True,4.261,True,0.524967,0.452678
32.731,True,3.984,True,0.498063,0.485683,True,4.262,True,0.524967,0.452678
32.742,True,3.989,True,0.497395,0.485323,True,4.272,True,0.524205,0.453114
32.753,True,3.998,True,0.496843,0.484942,True,4.277,True,0.523726,0.453212
32.764,True,4.003,True,0.496843,0.484942,True,4.279,True,0.522987,0.453275
32.775,True,4.005,True,0.496843,0.484942,True,4.280,True,0.522987,0.453275
32.786,True,4.015,True,0.496355,0.484945,True,4.281,True,0.522201,0.453559
32.797,True,4.084,True,0.495700,0.484345,True,4.282,True,0.522201,0.453559
32.808,True,4.142,True,0.495700,0.484345,True,4.286,True,0.521743,0.453650
32.820,True,4.215,True,0.495220,0.484278,True,4.282,True,0.521004,0.453807
32.830,True,4.241,True,0.494331,0.484081,True,4.275,True,0.521004,0.453807
32.841,True,4.255,True,0.494331,0.484081,True,4.272,True,0.520338,0.454174
32.853,True,4.227,True,0.493645,0.483647,True,4.272,True,0.519653,0.454360
32.864,True,4.229,True,0.493278,0.483329,True,4.274,True,0.519653,0.454360
32.875,True,4.231,True,0.493278,0.483329,True,4.278,True,0.519086,0.454422
32.889,True,4.217,True,0.493746,0.483457,True,4.294,True,0.521926,0.453583
32.908,True,4.216,True,0.497354,0.484506,True,4.311,True,0.526116,0.452464
32.919,True,4.185,True,0.500841,0.485143,True,4.318,True,0.527309,0.452133
32.930,True,4.161,True,0.500541,0.485379,True,4.318,True,0.527309,0.452133
32.941,True,4.143,True,0.500541,0.485379,True,4.323,True,0.526570,0.452078
32.952,True,4.128,True,0.500545,0.485193,True,4.328,True,0.526474,0.452426
32.964,True,4.127,True,0.499924,0.484895,True,4.327,True,0.526474,0.452426
32.975,True,4.128,True,0.499924,0.484895,True,4.319,True,0.525853,0.452536
32.986,True,4.158,True,0.499453,0.484854,True,4.311,True,0.525488,0.452575
32.997,True,4.169,True,0.499299,0.484581,True,4.311,True,0.525488,0.452575
33.008,True,4.177,True,0.499299,0.484581,True,4.309,True,0.525292,0.452791
33.019,True,4.189,True,0.499050,0.484372,True,4.316,True,0.524884,0.452835
33.031,True,4.191,True,0.498695,0.484384,True,4.321,True,0.524884,0.452835
33.042,True,4.192,True,0.498695,0.484384,True,4.317,True,0.524690,0.452908
33.052,True,4.190,True,0.498718,0.484122,True,4.318,True,0.524641,0.452773
33.064,True,4.206,True,0.498893,0.484083,True,4.322,True,0.524641,0.452773
33.074,True,4.219,True,0.498893,0.484083,True,4.323,True,0.524692,0.452795
33.086,True,4.219,True,0.498978,0.484237,True,4.325,True,0.524692,0.452795
33.097,True,4.215,True,0.498851,0.483736,True,4.327,True,0.524515,0.452733
33.109,True,4.211,True,0.498851,0.483736,True,4.330,True,0.524570,0.452750
33.119,True,4.189,True,0.498852,0.483979,True,4.342,True,0.524744,0.452551
33.131,True,4.205,True,0.498866,0.483953,True,4.349,True,0.524744,0.452551
33.141,True,4.219,True,0.498866,0.483953,True,4.357,True,0.524789,0.452590
33.152,True,4.205,True,0.498784,0.483865,True,4.368,True,0.524796,0.452492
33.164,True,4.219,True,0.499060,0.484104,True,4.371,True,0.524796,0.452492
33.175,True,4.230,True,0.499060,0.484104,True,4.373,True,0.524782,0.452587
33.186,True,4.249,True,0.499266,0.483773,True,4.377,True,0.524890,0.452504
33.197,True,4.251,True,0.499469,0.483825,True,4.380,True,0.524890,0.452504
33.208,True,4.251,True,0.499469,0.483825,True,4.374,True,0.524866,0.452369
33.219,True,4.250,True,0.499220,0.483783,True,4.368,True,0.524866,0.452369
33.231,True,4.254,True,0.499295,0.483831,True,4.377,True,0.524981,0.452354
33.242,True,4.259,True,0.499295,0.483831,True,4.381,True,0.525016,0.452361
33.253,True,4.262,True,0.499317,0.483730,True,4.386,True,0.525016,0.452361
33.264,True,4.262,True,0.499317,0.483730,True,4.386,True,0.525016,0.452361
33.275,True,4.272,True,0.499594,0.483695,True,4.385,True,0.524984,0.452262
33.286,True,4.269,True,0.499611,0.483926,True,4.408,True,0.525197,0.452094
33.297,True,4.265,True,0.499507,0.483915,True,4.412,True,0.525197,0.452094
33.309,True,4.262,True,0.499507,0.483915,True,4.419,True,0.525199,0.452155
33.320,True,4.259,True,0.499506,0.484190,True,4.425,True,0.525199,0.452155
33.330,True,4.269,True,0.499908,0.484061,True,4.422,True,0.525169,0.452008
33.342,True,4.279,True,0.499908,0.484061,True,4.419,True,0.525366,0.451871
33.353,True,4.284,True,0.499987,0.484207,True,4.416,True,0.525366,0.451871
33.364,True,4.287,True,0.499815,0.484073,True,4.417,True,0.525503,0.451861
33.375,True,4.286,True,0.499815,0.484073,True,4.413,True,0.525595,0.451917
33.386,True,4.275,True,0.499816,0.484027,True,4.411,True,0.525754,0.451716
33.397,True,4.269,True,0.500091,0.484046,True,4.412,True,0.525754,0.451716
33.408,True,4.263,True,0.500091,0.484046,True,4.411,True,0.525750,0.451655
33.419,True,4.258,True,0.500119,0.483969,True,4.411,True,0.525822,0.451604
33.431,True,4.260,True,0.500078,0.484099,True,4.411,True,0.525822,0.451604
33.442,True,4.263,True,0.500078,0.484099,True,4.414,True,0.525825,0.451596
33.453,True,4.289,True,0.500351,0.484038,True,4.422,True,0.525867,0.451610
33.464,True,4.295,True,0.500360,0.484122,True,4.426,True,0.525867,0.451610
33.475,True,4.300,True,0.500360,0.484122,True,4.423,True,0.526118,0.451593
33.486,True,4.294,True,0.500376,0.484004,True,4.418,True,0.526336,0.451619
33.497,True,4.297,True,0.500209,0.484288,True,4.416,True,0.526336,0.451619
33.509,True,4.299,True,0.500209,0.484288,True,4.420,True,0.526291,0.451748
33.520,True,4.305,True,0.500202,0.484535,True,4.439,True,0.526386,0.451786
33.531,True,4.285,True,0.500622,0.484335,True,4.451,True,0.526386,0.451786
33.542,True,4.268,True,0.500622,0.484335,True,4.454,True,0.526188,0.451663
33.553,True,4.260,True,0.500218,0.484296,True,4.456,True,0.526188,0.451663
33.564,True,4.251,True,0.500218,0.484296,True,4.457,True,0.526282,0.451676
33.575,True,4.262,True,0.500219,0.484006,True,4.453,True,0.527565,0.451464
33.586,True,4.288,True,0.503149,0.485016,True,4.450,True,0.527565,0.451464
33.597,True,4.314,True,0.506406,0.486818,True,4.473,True,0.531667,0.450858
33.608,True,4.317,True,0.506406,0.486818,True,4.470,True,0.534969,0.450456
33.620,True,4.333,True,0.507919,0.487422,True,4.466,True,0.535173,0.450685
33.631,True,4.341,True,0.508103,0.487721,True,4.463,True,0.535173,0.450685
33.642,True,4.347,True,0.508103,0.487721,True,4.460,True,0.534945,0.450664
33.653,True,4.357,True,0.507969,0.487951,True,4.455,True,0.535070,0.451042
33.664,True,4.347,True,0.507886,0.487752,True,4.452,True,0.535070,0.451042
33.675,True,4.338,True,0.507886,0.487752,True,4.462,True,0.535110,0.450817
33.687,True,4.340,True,0.507736,0.487903,True,4.477,True,0.534933,0.450722
33.697,True,4.339,True,0.507535,0.487891,True,4.483,True,0.534933,0.450722
33.708,True,4.339,True,0.507535,0.487891,True,4.485,True,0.534996,0.450627
33.720,True,4.332,True,0.507953,0.487912,True,4.480,True,0.535075,0.450594
33.731,True,4.328,True,0.507953,0.487912,True,4.477,True,0.535075,0.450594
33.742,True,4.318,True,0.507908,0.487887,True,4.473,True,0.535078,0.450584
33.753,True,4.313,True,0.508003,0.487765,True,4.472,True,0.535136,0.450591
33.764,True,4.310,True,0.507918,0.487647,True,4.474,True,0.535136,0.450591
33.775,True,4.308,True,0.507918,0.487647,True,4.479,True,0.535374,0.450531
33.786,True,4.309,True,0.507941,0.488187,True,4.483,True,0.535374,0.450531
33.797,True,4.324,True,0.508228,0.488240,True,4.477,True,0.535534,0.450602
33.808,True,4.336,True,0.508228,0.488240,True,4.480,True,0.535749,0.450413
33.819,True,4.339,True,0.508339,0.488177,True,4.482,True,0.535749,0.450413
33.830,True,4.325,True,0.508652,0.488244,True,4.489,True,0.535730,0.450265
33.841,True,4.311,True,0.508652,0.488244,True,4.490,True,0.535903,0.450274
33.852,True,4.323,True,0.508714,0.488366,True,4.490,True,0.535903,0.450274
33.864,True,4.343,True,0.508444,0.488284,True,4.494,True,0.535939,0.450320
33.875,True,4.350,True,0.508444,0.488284,True,4.497,True,0.536003,0.450247
33.886,True,4.346,True,0.508606,0.488289,True,4.500,True,0.536003,0.450247
33.897,True,4.343,True,0.508508,0.488363,True,4.506,True,0.535995,0.450329
33.908,True,4.347,True,0.508508,0.488363,True,4.507,True,0.536161,0.450312
33.919,True,4.357,True,0.508862,0.488392,True,4.508,True,0.536161,0.450312
33.931,True,4.367,True,0.508561,0.488108,True,4.511,True,0.536088,0.450223
33.942,True,4.366,True,0.508561,0.488108,True,4.514,True,0.536167,0.450254
33.952,True,4.363,True,0.508746,0.488323,True,4.517,True,0.536167,0.450254
33.964,True,4.364,True,0.508570,0.488265,True,4.524,True,0.536284,0.450306
33.975,True,4.369,True,0.508570,0.488265,True,4.527,True,0.536284,0.450306
33.986,True,4.373,True,0.508570,0.488265,True,4.529,True,0.536096,0.450271
33.997,True,4.364,True,0.508912,0.488441,True,4.523,True,0.536000,0.450256
34.008,True,4.351,True,0.508912,0.488441,True,4.523,True,0.535849,0.450378
34.019,True,4.358,True,0.508752,0.488244,True,4.523,True,0.535849,0.450378
34.031,True,4.364,True,0.508752,0.488244,True,4.527,True,0.535849,0.450344
34.041,True,4.364,True,0.508671,0.488295,True,4.533,True,0.535078,0.450494
34.052,True,4.375,True,0.504987,0.487110,True,4.534,True,0.535078,0.450494
34.064,True,4.379,True,0.499028,0.484716,True,4.513,True,0.530074,0.452295
34.075,True,4.376,True,0.499028,0.484716,True,4.493,True,0.523764,0.453883
34.085,True,4.393,True,0.494193,0.483086,True,4.477,True,0.523764,0.453883
34.097,True,4.402,True,0.491384,0.482393,True,4.439,True,0.518704,0.455077
34.108,True,4.399,True,0.491384,0.482393,True,4.427,True,0.517729,0.455064
34.119,True,4.403,True,0.491609,0.482195,True,4.420,True,0.517729,0.455064
34.131,True,4.405,True,0.491609,0.482195,True,4.412,True,0.517767,0.455155
34.142,True,4.422,True,0.491607,0.482158,True,4.411,True,0.517767,0.455155
34.153,True,4.437,True,0.491607,0.482158,True,4.404,True,0.518003,0.455101
34.164,True,4.442,True,0.490862,0.481651,True,4.390,True,0.518702,0.454918
34.175,True,4.436,True,0.490862,0.481651,True,4.385,True,0.518702,0.454918
34.186,True,4.401,True,0.490246,0.480352,True,4.388,True,0.520052,0.453423
34.197,True,4.347,True,0.490246,0.480352,True,4.372,True,0.520730,0.453249
34.208,True,4.324,True,0.487203,0.479245,True,4.348,True,0.519975,0.454062
34.219,True,4.294,True,0.483585,0.476555,True,4.328,True,0.519975,0.454062
34.231,True,4.273,True,0.483585,0.476555,True,4.319,True,0.518253,0.455677
34.242,True,4.158,True,0.482539,0.475819,True,4.300,True,0.517424,0.455947
34.253,True,4.090,True,0.481128,0.473094,True,4.291,True,0.517424,0.455947
34.264,True,4.005,True,0.481128,0.473094,True,4.287,True,0.515609,0.456213
34.275,True,4.036,True,0.480227,0.476339,True,4.285,True,0.515609,0.456213
34.286,True,4.131,True,0.481270,0.478200,True,4.302,True,0.515640,0.456190
34.297,True,4.288,True,0.481270,0.478200,True,4.345,True,0.515014,0.455562
34.308,True,4.362,True,0.483312,0.477773,True,4.348,True,0.515061,0.455061
34.320,True,4.414,True,0.483312,0.477773,True,4.349,True,0.515061,0.455061
34.331,True,4.396,True,0.485410,0.478342,True,4.347,True,0.515061,0.455061
34.342,True,4.364,True,0.486405,0.478349,True,4.362,True,0.514512,0.455004
34.353,True,4.361,True,0.486343,0.478567,True,4.371,True,0.514512,0.455004
34.364,True,4.362,True,0.486343,0.478567,True,4.395,True,0.514398,0.455005
34.375,True,4.360,True,0.487126,0.479064,True,4.405,True,0.514156,0.455260
34.386,True,4.355,True,0.487126,0.479064,True,4.411,True,0.514156,0.455260
34.397,True,4.348,True,0.487304,0.479207,True,4.418,True,0.513686,0.455133
34.409,True,4.319,True,0.487631,0.479433,True,4.430,True,0.513667,0.454943
34.419,True,4.312,True,0.487459,0.479394,True,4.433,True,0.513667,0.454943
34.432,True,4.309,True,0.487459,0.479394,True,4.435,True,0.513594,0.455224
34.442,True,4.337,True,0.487268,0.479426,True,4.433,True,0.513180,0.455372
34.453,True,4.349,True,0.487268,0.479426,True,4.430,True,0.513180,0.455372
34.464,True,4.353,True,0.487128,0.479247,True,4.428,True,0.513180,0.455372
34.475,True,4.353,True,0.487356,0.479398,True,4.430,True,0.513379,0.455404
34.486,True,4.350,True,0.487356,0.479398,True,4.430,True,0.513282,0.455472
34.497,True,4.358,True,0.486974,0.479043,True,4.433,True,0.513145,0.455436
34.509,True,4.389,True,0.487064,0.479006,True,4.429,True,0.513273,0.455321
34.519,True,4.399,True,0.486933,0.479030,True,4.423,True,0.513273,0.455321
34.530,True,4.405,True,0.486933,0.479030,True,4.429,True,0.512969,0.455237
34.542,True,4.404,True,0.487314,0.478775,True,4.439,True,0.512919,0.455121
34.553,True,4.402,True,0.487314,0.478775,True,4.442,True,0.512919,0.455121
34.564,True,4.396,True,0.487517,0.478831,True,4.445,True,0.512919,0.455121
34.575,True,4.400,True,0.487374,0.478833,True,4.441,True,0.512999,0.454935
34.586,True,4.408,True,0.487374,0.478833,True,4.452,True,0.512675,0.455052
34.597,True,4.414,True,0.487251,0.478726,True,4.456,True,0.512933,0.455123
34.609,True,4.409,True,0.487721,0.478715,True,4.462,True,0.512683,0.455063
34.620,True,4.410,True,0.487350,0.478532,True,4.465,True,0.512683,0.455063
34.631,True,4.408,True,0.487350,0.478532,True,4.466,True,0.512537,0.454999
34.642,True,4.409,True,0.487223,0.478469,True,4.467,True,0.512537,0.454999
34.653,True,4.411,True,0.487223,0.478469,True,4.472,True,0.512467,0.454950
34.664,True,4.418,True,0.487200,0.478119,True,4.476,True,0.512467,0.454950
34.675,True,4.437,True,0.486861,0.478150,True,4.472,True,0.512365,0.455091
34.686,True,4.447,True,0.486861,0.478150,True,4.465,True,0.512200,0.455142
34.697,True,4.449,True,0.486622,0.477837,True,4.459,True,0.512200,0.455142
34.709,True,4.450,True,0.486622,0.477837,True,4.452,True,0.512010,0.455336
34.719,True,4.419,True,0.486735,0.477962,True,4.436,True,0.511843,0.455314
34.731,True,4.411,True,0.486614,0.477493,True,4.433,True,0.511521,0.455403
34.742,True,4.419,True,0.486306,0.477434,True,4.432,True,0.511521,0.455403
34.753,True,4.409,True,0.489576,0.478751,True,4.413,True,0.512529,0.455174
34.764,True,4.394,True,0.489576,0.478751,True,4.406,True,0.512529,0.455174
34.775,True,4.350,True,0.495970,0.481353,True,4.388,True,0.518498,0.453987
34.790,True,4.333,True,0.495970,0.481353,True,4.376,True,0.525386,0.452716
34.801,True,4.292,True,0.500957,0.483019,True,4.369,True,0.525386,0.452716
34.812,True,4.224,True,0.502212,0.483654,True,4.367,True,0.528246,0.452006
34.823,True,4.195,True,0.502212,0.483654,True,4.354,True,0.528103,0.452095
34.834,True,4.135,True,0.502007,0.483813,True,4.319,True,0.528001,0.452290
34.845,True,4.119,True,0.502122,0.483931,True,4.299,True,0.528001,0.452290
34.856,True,4.108,True,0.502122,0.483931,True,4.281,True,0.527919,0.452331
34.867,True,4.095,True,0.501937,0.483920,True,4.268,True,0.527919,0.452331
34.878,True,4.081,True,0.502088,0.483955,True,4.222,True,0.527742,0.452103
34.890,True,4.078,True,0.502088,0.483955,True,4.199,True,0.527790,0.452055
34.901,True,4.064,True,0.502408,0.484117,True,4.176,True,0.528154,0.452069
34.912,True,4.048,True,0.502306,0.484018,True,4.176,True,0.528154,0.452069
34.923,True,4.034,True,0.502306,0.484018,True,4.162,True,0.528072,0.451717
34.934,True,4.041,True,0.503055,0.484456,True,4.144,True,0.528113,0.451565
34.946,True,4.038,True,0.502964,0.484512,True,4.138,True,0.528113,0.451565
34.956,True,4.036,True,0.502964,0.484512,True,4.124,True,0.528338,0.451183
34.967,True,4.022,True,0.503153,0.484531,True,4.101,True,0.528647,0.451103
34.978,True,4.004,True,0.503227,0.484511,True,4.090,True,0.528647,0.451103
34.989,True,3.991,True,0.503227,0.484511,True,4.073,True,0.528636,0.450991
35.001,True,3.979,True,0.503371,0.484428,True,4.060,True,0.528636,0.450991
35.012,True,3.973,True,0.503365,0.484394,True,4.038,True,0.528566,0.450893
35.023,True,3.981,True,0.503556,0.484641,True,4.029,True,0.528612,0.450971
35.034,True,3.985,True,0.503556,0.484641,True,4.025,True,0.528449,0.451112
35.045,True,3.983,True,0.503186,0.484560,True,4.022,True,0.528449,0.451112
35.056,True,3.980,True,0.503186,0.484560,True,4.022,True,0.528258,0.451228
35.067,True,3.968,True,0.503235,0.484706,True,4.021,True,0.528258,0.451228
35.078,True,3.961,True,0.503085,0.484415,True,4.042,True,0.528119,0.451306
35.090,True,3.965,True,0.503085,0.484415,True,4.066,True,0.527837,0.451234
35.101,True,3.948,True,0.502918,0.484533,True,4.085,True,0.527837,0.451234
35.112,True,3.934,True,0.501663,0.483942,True,4.096,True,0.527912,0.451156
35.123,True,3.934,True,0.501663,0.483942,True,4.097,True,0.524066,0.452142
35.134,True,3.939,True,0.495228,0.481281,True,4.094,True,0.524066,0.452142
35.145,True,3.956,True,0.489034,0.478959,True,4.075,True,0.517234,0.453848
35.157,True,3.963,True,0.489034,0.478959,True,4.058,True,0.510285,0.455001
35.168,True,3.988,True,0.483649,0.476693,True,4.026,True,0.506701,0.455317
35.179,True,3.998,True,0.483706,0.476312,True,4.013,True,0.506701,0.455317
35.190,True,4.003,True,0.483976,0.476112,True,3.996,True,0.506417,0.455322
35.201,True,4.001,True,0.483976,0.476112,True,3.996,True,0.506451,0.455427
35.212,True,3.992,True,0.484421,0.476423,True,3.997,True,0.506451,0.455427
35.223,True,3.985,True,0.484421,0.476423,True,3.995,True,0.506584,0.455376
35.235,True,3.975,True,0.484043,0.476423,True,3.993,True,0.506584,0.455376
35.246,True,3.968,True,0.484043,0.476423,True,3.993,True,0.506728,0.455331
35.257,True,3.961,True,0.484416,0.476545,True,3.998,True,0.506650,0.455446
35.268,True,3.967,True,0.484136,0.476647,True,4.003,True,0.506650,0.455446
35.279,True,3.976,True,0.484558,0.476664,True,4.002,True,0.506853,0.455268
35.290,True,3.978,True,0.484558,0.476664,True,3.995,True,0.506918,0.455247
35.301,True,3.967,True,0.484533,0.476780,True,3.989,True,0.506918,0.455247
35.312,True,3.948,True,0.484432,0.476700,True,3.994,True,0.506917,0.455352
35.323,True,3.941,True,0.484432,0.476700,True,3.998,True,0.507121,0.455453
35.334,True,3.932,True,0.484399,0.477121,True,4.001,True,0.507121,0.455453
35.345,True,3.926,True,0.484399,0.477121,True,4.000,True,0.507096,0.455413
35.357,True,3.926,True,0.484500,0.477117,True,3.998,True,0.507353,0.455643
35.369,True,3.923,True,0.484406,0.477133,True,4.001,True,0.507371,0.455544
35.379,True,3.923,True,0.484406,0.477133,True,4.001,True,0.507371,0.455544
35.390,True,3.916,True,0.484701,0.477440,True,4.009,True,0.507686,0.455607
35.401,True,3.914,True,0.484446,0.477454,True,4.012,True,0.507686,0.455607
35.412,True,3.912,True,0.484446,0.477454,True,3.998,True,0.507736,0.455674
35.423,True,3.919,True,0.484523,0.477570,True,3.984,True,0.508048,0.455737
35.434,True,3.930,True,0.484350,0.477706,True,3.976,True,0.508417,0.455577
35.445,True,3.913,True,0.484794,0.477687,True,3.970,True,0.508417,0.455577
35.457,True,3.899,True,0.484794,0.477687,True,3.970,True,0.509379,0.455549
35.468,True,3.905,True,0.483940,0.476832,True,3.970,True,0.509379,0.455549
35.479,True,3.901,True,0.484978,0.476669,True,3.971,True,0.511306,0.454882
35.490,True,3.895,True,0.484978,0.476669,True,3.969,True,0.517767,0.454268
35.501,True,4.069,True,0.484261,0.484062,True,3.966,True,0.517767,0.454268
35.512,False,0.000,False,0.000000,0.000000,True,3.946,True,0.525949,0.453124
35.523,False,0.000,False,0.000000,0.000000,True,4.289,True,0.535534,0.463906
35.534,False,0.000,False,0.000000,0.000000,True,4.575,True,0.535534,0.463906
35.545,False,0.000,False,0.000000,0.000000,True,3.764,True,0.524979,0.431915
35.556,False,0.000,False,0.000000,0.000000,True,3.465,True,0.532649,0.436527
35.568,False,0.000,False,0.000000,0.000000,True,3.215,True,0.532649,0.436527
35.579,False,0.000,False,0.000000,0.000000,True,3.148,True,0.533742,0.441711
35.590,False,0.000,False,0.000000,0.000000,True,3.440,True,0.532591,0.443179
35.601,False,0.000,False,0.000000,0.000000,True,3.703,True,0.532591,0.443179
35.612,False,0.000,False,0.000000,0.000000,True,4.028,True,0.530364,0.442172
35.623,True,4.211,True,0.511079,0.474321,True,4.094,True,0.529091,0.441539
35.634,True,4.190,True,0.511748,0.474669,True,4.108,True,0.529576,0.441321
35.645,True,4.153,True,0.512450,0.475154,True,4.115,True,0.529576,0.441321
35.656,True,4.097,True,0.512450,0.475154,True,4.117,True,0.529967,0.441482
35.668,True,4.023,True,0.513221,0.475808,True,4.116,True,0.530588,0.441486
35.679,True,4.011,True,0.513806,0.476409,True,4.113,True,0.530588,0.441486
35.690,True,4.004,True,0.513806,0.476409,True,4.109,True,0.530588,0.441486
35.701,True,3.998,True,0.513806,0.476409,True,4.110,True,0.531461,0.441371
35.712,True,3.993,True,0.515373,0.477807,True,4.116,True,0.531980,0.441200
35.723,True,3.998,True,0.515373,0.477807,True,4.136,True,0.532916,0.441092
35.734,True,4.004,True,0.515660,0.478282,True,4.153,True,0.532916,0.441092
35.746,True,3.992,True,0.515950,0.478672,True,4.155,True,0.533347,0.441364
35.756,True,3.975,True,0.515950,0.478672,True,4.161,True,0.533921,0.441558
35.767,True,3.978,True,0.516069,0.479294,True,4.164,True,0.533921,0.441558
35.779,True,3.985,True,0.516413,0.479883,True,4.170,True,0.534557,0.441860
35.790,True,3.989,True,0.516413,0.479883,True,4.169,True,0.535324,0.441776
35.800,True,4.003,True,0.516723,0.480361,True,4.167,True,0.535324,0.441776
35.812,True,4.012,True,0.516723,0.480361,True,4.171,True,0.535557,0.441441
35.823,True,3.994,True,0.517481,0.480408,True,4.183,True,0.536223,0.440781
35.834,True,3.987,True,0.517481,0.480408,True,4.189,True,0.536223,0.440781
35.845,True,3.990,True,0.518866,0.480759,True,4.222,True,0.536920,0.440253
35.856,True,3.994,True,0.518866,0.480759,True,4.235,True,0.537111,0.439678
35.867,True,3.997,True,0.519053,0.481092,True,4.245,True,0.537111,0.439678
35.879,True,4.012,True,0.518680,0.480764,True,4.261,True,0.537293,0.439844
35.889,True,4.021,True,0.518680,0.480764,True,4.264,True,0.537293,0.439844
35.901,True,4.087,True,0.509503,0.478214,True,4.282,True,0.533679,0.441069
35.912,True,4.185,True,0.509503,0.478214,True,4.296,True,0.523312,0.444008
35.923,True,4.193,True,0.499935,0.475203,True,4.294,True,0.523312,0.444008
35.934,True,4.193,True,0.499935,0.475203,True,4.275,True,0.523312,0.444008
35.945,True,4.204,True,0.497621,0.474387,True,4.258,True,0.515739,0.446312
35.956,True,4.192,True,0.497417,0.474577,True,4.234,True,0.515127,0.447149
35.967,True,4.182,True,0.497417,0.474577,True,4.218,True,0.514948,0.447372
35.978,True,4.148,True,0.497733,0.474893,True,4.203,True,0.515035,0.447070
35.990,True,4.130,True,0.498092,0.474655,True,4.201,True,0.515035,0.447070
36.002,True,4.132,True,0.498372,0.474586,True,4.198,True,0.515215,0.446587
36.012,True,4.137,True,0.498372,0.474586,True,4.209,True,0.515267,0.446302
36.023,True,4.144,True,0.498362,0.474514,True,4.214,True,0.515414,0.446454
36.034,True,4.138,True,0.498644,0.474184,True,4.207,True,0.515414,0.446454
36.046,True,4.132,True,0.498644,0.474184,True,4.202,True,0.515414,0.446454
36.057,True,4.126,True,0.498644,0.474184,True,4.204,True,0.515042,0.446299
36.068,True,4.112,True,0.498767,0.473862,True,4.205,True,0.515105,0.445888
36.079,True,4.106,True,0.498767,0.473862,True,4.201,True,0.515115,0.445793
36.090,True,3.951,True,0.498922,0.473949,True,4.196,True,0.515115,0.445793
36.101,True,3.814,True,0.498876,0.474169,True,4.181,True,0.515284,0.446164
36.112,True,3.624,True,0.498876,0.474169,True,4.158,True,0.515368,0.446785
36.124,True,3.556,True,0.498356,0.474776,True,4.149,True,0.515368,0.446785
36.135,True,3.517,True,0.498356,0.474776,True,4.129,True,0.515554,0.447050
36.146,True,3.498,True,0.498219,0.474674,True,4.096,True,0.515108,0.447332
36.157,True,3.496,True,0.497877,0.474246,True,4.083,True,0.515108,0.447332
36.168,True,3.496,True,0.497877,0.474246,True,4.078,True,0.514682,0.447240
36.179,True,3.497,True,0.497920,0.473520,True,4.066,True,0.514337,0.446952
36.191,True,3.490,True,0.497875,0.472767,True,4.058,True,0.514337,0.446952
36.202,True,3.483,True,0.497875,0.472767,True,4.047,True,0.514394,0.446590
36.213,True,3.466,True,0.497768,0.473050,True,4.038,True,0.514394,0.446590
36.224,True,3.450,True,0.497642,0.472723,True,4.018,True,0.514519,0.446906
36.235,True,3.449,True,0.496873,0.472706,True,3.996,True,0.515299,0.447141
36.246,True,3.449,True,0.496873,0.472706,True,3.978,True,0.515654,0.446923
36.257,True,3.434,True,0.496062,0.472557,True,3.963,True,0.515654,0.446923
36.268,True,3.388,True,0.492648,0.474240,True,3.940,True,0.517460,0.448402
36.279,True,3.363,True,0.492648,0.474240,True,3.801,True,0.515966,0.448052
36.290,False,0.000,False,0.000000,0.000000,True,3.686,True,0.515966,0.448052
36.302,False,0.000,False,0.000000,0.000000,False,0.000,False,0.000000,0.000000
36.313,False,0.000,False,0.000000,0.000000,False,0.000,False,0.000000,0.000000
36.324,False,0.000,False,0.000000,0.000000,False,0.000,False,0.000000,0.000000
36.335,False,0.000,False,0.000000,0.000000,False,0.000,False,0.000000,0.000000
36.346,False,0.000,False,0.000000,0.000000,False,0.000,False,0.000000,0.000000
36.357,False,0.000,False,0.000000,0.000000,False,0.000,False,0.000000,0.000000
36.368,False,0.000,False,0.000000,0.000000,False,0.000,False,0.000000,0.000000
36.379,False,0.000,False,0.000000,0.000000,False,0.000,False,0.000000,0.000000
36.391,False,0.000,False,0.000000,0.000000,False,0.000,False,0.000000,0.000000
36.402,False,0.000,False,0.000000,0.000000,True,4.093,True,0.519146,0.455475
36.413,True,3.564,True,0.490837,0.479752,True,4.093,True,0.518632,0.455415
36.424,True,3.564,True,0.491324,0.479654,True,4.093,True,0.518632,0.455415
36.435,True,3.564,True,0.491324,0.479654,True,4.093,True,0.518096,0.455507
36.446,True,3.564,True,0.492133,0.479286,True,4.093,True,0.517432,0.454893
36.457,True,3.564,True,0.492556,0.479114,True,4.093,True,0.517432,0.454893
36.468,True,3.564,True,0.492556,0.479114,True,4.093,True,0.517295,0.454119
36.479,True,3.564,True,0.493053,0.478728,True,4.093,True,0.516740,0.453743
36.490,True,3.564,True,0.492863,0.478259,True,4.093,True,0.516740,0.453743
36.501,True,3.564,True,0.492863,0.478259,True,4.093,True,0.516250,0.453938
36.512,True,3.564,True,0.493059,0.478133,True,4.093,True,0.516108,0.453928
36.523,True,3.564,True,0.492632,0.478147,True,4.093,True,0.516108,0.453928
36.534,True,3.564,True,0.492632,0.478147,True,4.093,True,0.516108,0.453928
36.546,True,3.564,True,0.492521,0.477639,True,4.093,True,0.515593,0.454119
36.557,True,3.564,True,0.492054,0.477407,True,4.093,True,0.515247,0.454339
36.568,True,3.564,True,0.492054,0.477407,True,4.093,True,0.514423,0.454282
36.579,True,3.564,True,0.492054,0.477407,True,4.093,True,0.514423,0.454282
36.590,True,3.564,True,0.491441,0.476531,True,4.093,True,0.513834,0.454196
36.601,True,3.564,True,0.491441,0.476531,True,4.093,True,0.513489,0.454245
36.613,True,3.564,True,0.491121,0.476153,True,4.093,True,0.513119,0.454366
36.624,True,3.564,True,0.490936,0.475962,True,4.093,True,0.513119,0.454366
36.635,True,3.564,True,0.490936,0.475962,True,4.093,True,0.512619,0.454751
36.646,True,3.564,True,0.490286,0.476362,True,4.093,True,0.512619,0.454751
36.657,True,3.564,True,0.490286,0.476362,True,4.093,True,0.512736,0.455088
36.668,True,3.564,True,0.490115,0.476184,True,4.093,True,0.512246,0.454875
36.679,True,3.564,True,0.490324,0.475701,True,4.093,True,0.512246,0.454875
36.690,True,3.564,True,0.490556,0.475067,True,4.093,True,0.511793,0.454215
36.701,True,3.564,True,0.490556,0.475067,True,4.093,True,0.511706,0.453687
36.712,True,3.564,True,0.490743,0.474833,True,4.093,True,0.511706,0.453687
36.723,True,3.564,True,0.490895,0.474811,True,4.093,True,0.511688,0.453490
36.735,True,3.564,True,0.490895,0.474811,True,4.093,True,0.511688,0.453490
36.746,True,3.564,True,0.490926,0.475083,True,4.093,True,0.511746,0.453482
36.757,True,3.564,True,0.488295,0.475952,True,4.093,True,0.511918,0.454535
36.768,True,3.564,True,0.488295,0.475952,True,4.093,True,0.511918,0.454535
36.779,True,3.564,True,0.487432,0.477393,True,4.093,True,0.512177,0.457505
36.790,True,3.564,True,0.487574,0.478324,True,4.093,True,0.512177,0.457505
36.801,True,3.564,True,0.487574,0.478324,True,4.093,True,0.512177,0.457505
36.812,True,3.564,True,0.487597,0.478747,True,4.093,True,0.512760,0.457678
36.824,True,3.564,True,0.488401,0.479093,True,4.093,True,0.512760,0.457678
36.835,True,3.564,True,0.488564,0.479194,True,4.093,True,0.513349,0.457208
36.846,True,3.564,True,0.488564,0.479194,True,4.093,True,0.513349,0.457208
36.857,True,3.564,True,0.489397,0.479387,True,4.093,True,0.513580,0.456866
36.868,True,3.564,True,0.489397,0.479387,True,4.093,True,0.513580,0.456866
36.884,True,3.564,True,0.489833,0.479528,True,4.093,True,0.513557,0.456805
36.895,True,3.564,True,0.490053,0.479420,True,4.093,True,0.513848,0.456637
36.906,True,3.564,True,0.490053,0.479420,True,4.093,True,0.514174,0.456460
36.917,True,3.564,True,0.490198,0.479368,True,4.093,True,0.514174,0.456460
36.928,True,3.564,True,0.490198,0.479368,True,4.093,True,0.514310,0.456428
36.940,True,3.354,True,0.490609,0.479626,True,3.752,True,0.514492,0.456468
36.951,True,3.352,True,0.490615,0.479744,True,3.789,True,0.514492,0.456468
36.962,True,3.339,True,0.490286,0.479972,True,3.847,True,0.514678,0.456683
36.973,True,3.336,True,0.490418,0.479991,True,3.851,True,0.514678,0.456683
36.984,True,3.332,True,0.490418,0.479991,True,3.836,True,0.514858,0.456702
36.995,True,3.327,True,0.490765,0.480015,True,3.825,True,0.514858,0.456702
37.006,True,3.323,True,0.490765,0.480015,True,3.792,True,0.514536,0.456507
37.017,True,3.315,True,0.490384,0.479999,True,3.784,True,0.514536,0.456507
37.029,True,3.307,True,0.490384,0.479999,True,3.780,True,0.514543,0.456522
37.039,True,3.291,True,0.490405,0.479910,True,3.779,True,0.514330,0.456550
37.050,True,3.285,True,0.490009,0.479958,True,3.781,True,0.514330,0.456550
37.061,True,3.281,True,0.490009,0.479958,True,3.776,True,0.514190,0.456732
37.072,True,3.272,True,0.490395,0.479851,True,3.762,True,0.514190,0.456732
37.083,True,3.274,True,0.489862,0.479980,True,3.754,True,0.514293,0.456765
37.094,True,3.279,True,0.489688,0.479643,True,3.700,True,0.514067,0.456798
37.106,True,3.288,True,0.489688,0.479643,True,3.617,True,0.513970,0.456867
37.117,True,3.289,True,0.489732,0.479955,True,3.588,True,0.513970,0.456867
37.128,True,3.289,True,0.489732,0.479955,True,3.566,True,0.513729,0.457022
37.139,True,3.286,True,0.489592,0.479846,True,3.553,True,0.513823,0.457010
37.150,True,3.277,True,0.489433,0.479617,True,3.554,True,0.513823,0.457010
37.161,True,3.270,True,0.489433,0.479617,True,3.554,True,0.513889,0.457191
37.172,True,3.251,True,0.489860,0.480120,True,3.553,True,0.516886,0.456994
37.184,True,3.241,True,0.492989,0.482129,True,3.552,True,0.516886,0.456994
37.195,True,3.233,True,0.492989,0.482129,True,3.549,True,0.520672,0.456986
37.206,True,3.219,True,0.494369,0.483577,True,3.548,True,0.521036,0.456933
37.217,True,3.214,True,0.494667,0.483499,True,3.550,True,0.521036,0.456933
37.228,True,3.211,True,0.494667,0.483499,True,3.560,True,0.521033,0.456857
37.240,True,3.204,True,0.494985,0.483694,True,3.575,True,0.521034,0.456735
37.250,True,3.203,True,0.494912,0.483771,True,3.580,True,0.521034,0.456735
37.261,True,3.202,True,0.494715,0.483905,True,3.577,True,0.520857,0.456681
37.272,True,3.202,True,0.494715,0.483905,True,3.578,True,0.520868,0.456840
37.283,True,3.206,True,0.494539,0.483731,True,3.578,True,0.520868,0.456840
37.294,True,3.209,True,0.494539,0.483731,True,3.580,True,0.520900,0.456688
37.306,True,3.212,True,0.494115,0.483592,True,3.582,True,0.520502,0.456868
37.317,True,3.215,True,0.493866,0.483529,True,3.583,True,0.520502,0.456868
37.328,True,3.217,True,0.494047,0.483392,True,3.585,True,0.520584,0.456698
37.339,True,3.218,True,0.494047,0.483392,True,3.583,True,0.520371,0.456920
37.350,True,3.218,True,0.494047,0.483392,True,3.582,True,0.520371,0.456920
37.361,True,3.402,True,0.493572,0.484026,True,3.601,True,0.520124,0.456738
37.372,True,3.465,True,0.493572,0.484026,True,3.604,True,0.519909,0.456794
37.383,True,3.509,True,0.493724,0.483834,True,3.606,True,0.519909,0.456794
37.394,True,3.547,True,0.493334,0.483655,True,3.617,True,0.519907,0.456834
37.406,True,3.542,True,0.493334,0.483655,True,3.617,True,0.519948,0.456958
37.417,True,3.546,True,0.493133,0.483527,True,3.617,True,0.519948,0.456958
37.428,True,3.563,True,0.493389,0.483758,True,3.634,True,0.519719,0.456708
37.439,True,3.575,True,0.493389,0.483758,True,3.636,True,0.519621,0.456745
37.450,True,3.589,True,0.493045,0.483612,True,3.641,True,0.519599,0.456673
37.461,True,3.587,True,0.493240,0.483465,True,3.643,True,0.519599,0.456673
37.473,True,3.583,True,0.493240,0.483465,True,3.644,True,0.519599,0.456673
37.484,True,3.588,True,0.492909,0.483812,True,3.651,True,0.519537,0.456704
37.494,True,3.599,True,0.492901,0.483659,True,3.656,True,0.519656,0.456881
37.506,True,3.604,True,0.492830,0.483703,True,3.668,True,0.519526,0.456795
37.517,True,3.604,True,0.492830,0.483703,True,3.668,True,0.519526,0.456795
37.528,True,3.611,True,0.492816,0.483799,True,3.684,True,0.519544,0.456790
37.539,True,3.618,True,0.492816,0.483799,True,3.693,True,0.519540,0.456895
37.550,True,3.628,True,0.492408,0.483905,True,3.699,True,0.519540,0.456895
37.561,True,3.636,True,0.492694,0.483916,True,3.694,True,0.519401,0.456856
37.572,True,3.635,True,0.492694,0.483916,True,3.695,True,0.519407,0.456857
37.584,True,3.638,True,0.492515,0.483735,True,3.696,True,0.519407,0.456857
37.595,True,3.641,True,0.492746,0.483866,True,3.710,True,0.519492,0.456732
37.606,True,3.641,True,0.492746,0.483866,True,3.715,True,0.519492,0.456732
37.617,True,3.650,True,0.492525,0.483621,True,3.716,True,0.519177,0.456786
37.628,True,3.652,True,0.492160,0.483050,True,3.725,True,0.519080,0.456667
37.639,True,3.648,True,0.492160,0.483050,True,3.732,True,0.517507,0.456933
37.651,True,3.645,True,0.492160,0.483050,True,3.737,True,0.517507,0.456933
37.662,True,3.656,True,0.488651,0.481678,True,3.744,True,0.515135,0.457298
37.672,True,3.656,True,0.488651,0.481678,True,3.754,True,0.514881,0.457257
37.683,True,3.664,True,0.488484,0.481714,True,3.762,True,0.514881,0.457257
37.695,True,3.679,True,0.488620,0.481517,True,3.749,True,0.514731,0.457196
37.706,True,3.685,True,0.488620,0.481517,True,3.750,True,0.514430,0.457251
37.717,True,3.692,True,0.488209,0.481665,True,3.751,True,0.514430,0.457251
37.728,True,3.692,True,0.488484,0.481498,True,3.748,True,0.514501,0.457162
37.739,True,3.688,True,0.488484,0.481498,True,3.754,True,0.514488,0.457131
37.751,True,3.677,True,0.488663,0.481539,True,3.759,True,0.514443,0.457106
37.762,True,3.677,True,0.488663,0.481539,True,3.759,True,0.514443,0.457106
37.773,True,3.686,True,0.488353,0.481367,True,3.761,True,0.514443,0.457106
37.784,True,3.696,True,0.488874,0.481497,True,3.762,True,0.514312,0.457009
37.795,True,3.705,True,0.488693,0.481177,True,3.764,True,0.514345,0.457045
37.806,True,3.705,True,0.488693,0.481177,True,3.764,True,0.514345,0.457045
37.821,True,3.708,True,0.488445,0.481291,True,3.765,True,0.514154,0.456908
37.840,True,3.719,True,0.488305,0.481046,True,3.770,True,0.513865,0.456846
37.851,True,3.723,True,0.488305,0.481046,True,3.773,True,0.513865,0.456846
37.862,True,3.730,True,0.488240,0.480764,True,3.854,True,0.514025,0.456721
37.873,True,3.733,True,0.488240,0.480764,True,3.921,True,0.513848,0.456832
37.884,True,3.726,True,0.488452,0.480576,True,3.975,True,0.513848,0.456832
37.895,True,3.716,True,0.488452,0.480576,True,4.045,True,0.513960,0.456641
37.906,True,3.713,True,0.488303,0.480604,True,4.060,True,0.513960,0.456641
37.917,True,3.715,True,0.488274,0.480451,True,4.059,True,0.513769,0.456802
37.928,True,3.720,True,0.488274,0.480451,True,4.055,True,0.513691,0.456681
37.940,True,3.726,True,0.488214,0.480656,True,4.053,True,0.513691,0.456681
37.951,True,3.730,True,0.488214,0.480656,True,4.052,True,0.513591,0.456643
37.962,True,3.739,True,0.488463,0.480426,True,4.053,True,0.513674,0.456745
37.973,True,3.737,True,0.488136,0.480337,True,4.054,True,0.513674,0.456745
37.984,True,3.735,True,0.488136,0.480337,True,4.048,True,0.513781,0.456443
37.995,True,3.751,True,0.488247,0.480171,True,4.058,True,0.513504,0.456658
38.006,True,3.757,True,0.488188,0.480050,True,4.061,True,0.513504,0.456658
38.017,True,3.754,True,0.487646,0.480390,True,4.061,True,0.513544,0.456650
38.028,True,3.750,True,0.487646,0.480390,True,4.059,True,0.513783,0.456731
38.040,True,3.743,True,0.487891,0.480433,True,4.057,True,0.513783,0.456731
38.051,True,3.737,True,0.487891,0.480433,True,4.060,True,0.513622,0.456811
38.062,True,3.751,True,0.487944,0.480039,True,4.063,True,0.513622,0.456811
38.073,True,3.779,True,0.487888,0.480364,True,4.070,True,0.513654,0.456751
38.084,True,3.791,True,0.487971,0.480156,True,4.075,True,0.513654,0.456751
38.095,True,3.805,True,0.487971,0.480156,True,4.086,True,0.514876,0.456438
38.106,True,3.794,True,0.490672,0.481181,True,4.096,True,0.519165,0.455606
38.117,True,3.787,True,0.494423,0.482637,True,4.105,True,0.519165,0.455606
38.128,True,3.776,True,0.494423,0.482637,True,4.125,True,0.521660,0.454919
38.139,True,3.777,True,0.495337,0.483152,True,4.125,True,0.521539,0.454977
38.151,True,3.787,True,0.495696,0.483654,True,4.123,True,0.521539,0.454977
38.162,True,3.797,True,0.495696,0.483654,True,4.121,True,0.521539,0.454977
38.173,True,3.804,True,0.495526,0.483374,True,4.142,True,0.521335,0.455222
38.184,True,3.807,True,0.495385,0.483688,True,4.153,True,0.521335,0.455222
38.195,True,3.808,True,0.495385,0.483688,True,4.154,True,0.521540,0.455370
38.206,True,3.809,True,0.495385,0.483688,True,4.154,True,0.521540,0.455370
38.217,True,3.803,True,0.495148,0.483421,True,4.161,True,0.521570,0.455563
38.228,True,3.801,True,0.495148,0.483421,True,4.157,True,0.521594,0.455493
38.239,True,3.815,True,0.495551,0.483542,True,4.155,True,0.521594,0.455493
38.251,True,3.838,True,0.495551,0.483542,True,4.156,True,0.521541,0.455419
38.262,True,3.845,True,0.494896,0.483401,True,4.157,True,0.521541,0.455419
38.273,True,3.848,True,0.494896,0.483401,True,4.161,True,0.521401,0.455510
38.284,True,3.846,True,0.495311,0.483732,True,4.162,True,0.521244,0.455478
38.295,True,3.850,True,0.494960,0.483689,True,4.174,True,0.521267,0.455564
38.306,True,3.852,True,0.494871,0.483528,True,4.188,True,0.521088,0.455569
38.317,True,3.851,True,0.494871,0.483528,True,4.190,True,0.521088,0.455569
38.328,True,3.851,True,0.494812,0.483459,True,4.193,True,0.521157,0.455540
38.339,True,3.851,True,0.494812,0.483459,True,4.193,True,0.521157,0.455540
38.350,True,3.843,True,0.494645,0.483334,True,4.198,True,0.520970,0.455400
38.361,True,3.845,True,0.494774,0.483186,True,4.202,True,0.520970,0.455400
38.372,True,3.846,True,0.494774,0.483186,True,4.205,True,0.520970,0.455400
38.383,True,3.849,True,0.494549,0.483137,True,4.203,True,0.520806,0.455644
38.395,True,3.852,True,0.494549,0.483137,True,4.210,True,0.520501,0.455687
38.405,True,3.868,True,0.494328,0.482831,True,4.215,True,0.520501,0.455687
38.417,True,3.891,True,0.493902,0.483097,True,4.212,True,0.520510,0.455664
38.428,True,3.898,True,0.493902,0.483097,True,4.215,True,0.520510,0.455664
38.439,True,3.892,True,0.493946,0.482966,True,4.221,True,0.520169,0.455750
38.450,True,3.883,True,0.493785,0.482725,True,4.223,True,0.520169,0.455750
38.462,True,3.875,True,0.493785,0.482725,True,4.229,True,0.520169,0.455750
38.473,True,3.879,True,0.493916,0.482995,True,4.231,True,0.520223,0.455828
38.484,True,3.882,True,0.493813,0.483095,True,4.230,True,0.520223,0.455828
38.495,True,3.885,True,0.493813,0.483095,True,4.230,True,0.520124,0.455863
38.506,True,3.886,True,0.493602,0.482705,True,4.229,True,0.520124,0.455863
38.517,True,3.894,True,0.492758,0.482100,True,4.241,True,0.519902,0.455930
38.528,True,3.900,True,0.492758,0.482100,True,4.244,True,0.517699,0.456029
38.539,True,3.912,True,0.489643,0.480535,True,4.249,True,0.514059,0.456260
38.550,True,3.932,True,0.489643,0.480535,True,4.251,True,0.514059,0.456260
38.561,True,3.948,True,0.486352,0.479317,True,4.241,True,0.512125,0.456421
38.572,True,3.942,True,0.486943,0.479037,True,4.233,True,0.512125,0.456421
38.584,True,3.925,True,0.486812,0.478967,True,4.230,True,0.512006,0.456603
38.595,True,3.915,True,0.486812,0.478967,True,4.228,True,0.511770,0.456648
38.606,True,3.916,True,0.486837,0.479152,True,4.227,True,0.511770,0.456648
38.617,True,3.929,True,0.486901,0.479374,True,4.224,True,0.511945,0.456552
38.628,True,3.937,True,0.486901,0.479374,True,4.226,True,0.511895,0.456699
38.639,True,3.935,True,0.487001,0.478708,True,4.229,True,0.511895,0.456699
38.651,True,3.935,True,0.487000,0.479376,True,4.229,True,0.512033,0.456546
38.662,True,3.937,True,0.487000,0.479376,True,4.239,True,0.512202,0.456566
38.673,True,3.927,True,0.487159,0.479137,True,4.246,True,0.512202,0.456566
38.684,True,3.913,True,0.487264,0.479096,True,4.250,True,0.512292,0.456489
38.695,True,3.907,True,0.487264,0.479096,True,4.255,True,0.512363,0.456404
38.706,True,3.912,True,0.487333,0.479331,True,4.258,True,0.512363,0.456404
38.717,True,3.926,True,0.487579,0.479422,True,4.243,True,0.512667,0.456568
38.728,True,3.932,True,0.487579,0.479422,True,4.232,True,0.513029,0.456267
38.740,True,3.940,True,0.487682,0.479391,True,4.223,True,0.513029,0.456267
38.751,True,3.929,True,0.487529,0.479226,True,4.207,True,0.513100,0.456159
38.762,True,3.915,True,0.487529,0.479226,True,4.200,True,0.513441,0.456285
38.773,True,3.890,True,0.487456,0.479136,True,4.196,True,0.513946,0.456163
38.784,True,3.867,True,0.487504,0.478556,True,4.197,True,0.513946,0.456163
38.795,True,3.850,True,0.487504,0.478556,True,4.206,True,0.515041,0.455004
38.806,True,3.842,True,0.487069,0.477836,True,4.214,True,0.515041,0.455004
38.817,True,3.836,True,0.487017,0.478097,True,4.193,True,0.517232,0.454289
38.828,True,3.810,True,0.488720,0.478026,True,4.216,True,0.522103,0.455061
38.840,True,3.810,True,0.488720,0.478026,True,4.216,True,0.522103,0.455061
38.851,True,3.635,True,0.493326,0.474651,True,4.066,True,0.523760,0.455005
38.862,True,3.509,True,0.493326,0.474651,True,4.013,True,0.523760,0.455005
38.873,True,3.652,True,0.488501,0.484043,True,3.946,True,0.526157,0.453255
38.885,True,3.797,True,0.492475,0.481655,True,3.798,True,0.526074,0.451415
38.895,True,3.841,True,0.492475,0.481655,True,3.964,True,0.527191,0.453919
38.906,True,3.844,True,0.491500,0.481499,True,4.040,True,0.524376,0.454547
38.917,True,3.806,True,0.491158,0.480202,True,4.103,True,0.524376,0.454547
38.928,True,3.797,True,0.490574,0.478657,True,4.170,True,0.520977,0.454629
38.940,True,3.814,True,0.490574,0.478657,True,4.171,True,0.518570,0.454926
38.951,True,3.817,True,0.490921,0.477945,True,4.172,True,0.518570,0.454926
38.962,True,3.818,True,0.490921,0.477945,True,4.171,True,0.518570,0.454926
38.973,True,3.832,True,0.491491,0.478014,True,4.156,True,0.518343,0.454877
38.984,True,3.834,True,0.491574,0.478041,True,4.155,True,0.517939,0.454992
38.995,True,3.837,True,0.491574,0.478041,True,4.158,True,0.518013,0.454859
39.006,True,3.816,True,0.492008,0.478020,True,4.161,True,0.518013,0.454859
39.017,True,3.821,True,0.492265,0.478242,True,4.172,True,0.517425,0.454708
39.028,True,3.842,True,0.492265,0.478242,True,4.184,True,0.517604,0.454811
39.039,True,3.849,True,0.492774,0.478352,True,4.192,True,0.517764,0.454375
39.051,True,3.856,True,0.492673,0.478412,True,4.190,True,0.517764,0.454375
39.061,True,3.858,True,0.492673,0.478412,True,4.190,True,0.517770,0.454554
39.073,True,3.859,True,0.492859,0.478642,True,4.188,True,0.517770,0.454554
39.084,True,3.858,True,0.493045,0.478711,True,4.189,True,0.517935,0.454552
39.095,True,3.856,True,0.493045,0.478711,True,4.195,True,0.517904,0.454442
39.106,True,3.848,True,0.493324,0.478790,True,4.208,True,0.517544,0.454709
39.117,True,3.852,True,0.493285,0.478739,True,4.214,True,0.517544,0.454709
39.128,True,3.855,True,0.493285,0.478739,True,4.218,True,0.517544,0.454709
39.140,True,3.872,True,0.493066,0.478903,True,4.219,True,0.517723,0.454772
39.151,True,3.872,True,0.493066,0.478903,True,4.219,True,0.517723,0.454772
39.162,True,3.880,True,0.493195,0.478780,True,4.211,True,0.517707,0.454648
39.173,True,3.880,True,0.493195,0.478780,True,4.212,True,0.517631,0.454777
39.184,True,3.885,True,0.493119,0.478778,True,4.221,True,0.517759,0.454704
39.195,True,3.886,True,0.493309,0.478669,True,4.223,True,0.517901,0.454546
39.206,True,3.889,True,0.493269,0.478713,True,4.225,True,0.517901,0.454546
39.217,True,3.896,True,0.493135,0.478974,True,4.221,True,0.517981,0.454616
39.228,True,3.900,True,0.493135,0.478974,True,4.222,True,0.517660,0.454654
39.240,True,3.900,True,0.493048,0.478942,True,4.231,True,0.518040,0.454681
39.251,True,3.901,True,0.493181,0.478903,True,4.238,True,0.518040,0.454681
39.262,True,3.902,True,0.493181,0.478903,True,4.244,True,0.517927,0.454524
39.273,True,3.902,True,0.493181,0.478903,True,4.249,True,0.517927,0.454524
39.284,True,3.914,True,0.493057,0.478967,True,4.254,True,0.518169,0.454550
39.295,True,3.919,True,0.493057,0.478967,True,4.255,True,0.518169,0.454550
39.306,True,3.925,True,0.492778,0.478629,True,4.259,True,0.518038,0.454655
39.317,True,3.928,True,0.492651,0.478838,True,4.254,True,0.518109,0.454622
39.328,True,3.925,True,0.492651,0.478838,True,4.253,True,0.518080,0.454931
39.339,True,3.925,True,0.492579,0.478617,True,4.252,True,0.518080,0.454931
39.350,True,3.927,True,0.492579,0.478617,True,4.255,True,0.518195,0.454821
39.361,True,3.929,True,0.492795,0.478388,True,4.257,True,0.518195,0.454821
39.372,True,3.972,True,0.493869,0.475871,True,4.270,True,0.517424,0.454037
39.383,True,4.012,True,0.495634,0.470590,True,4.288,True,0.513526,0.450409
39.395,True,4.045,True,0.495634,0.470590,True,4.303,True,0.513526,0.450409
39.406,True,4.104,True,0.498779,0.465862,True,4.343,True,0.509293,0.445007
39.417,True,4.104,True,0.498779,0.465862,True,4.343,True,0.509293,0.445007
39.428,True,4.140,True,0.499026,0.465367,True,4.360,True,0.507548,0.441607
39.439,True,4.156,True,0.498849,0.465108,True,4.341,True,0.508082,0.441565
39.450,True,4.156,True,0.498932,0.465138,True,4.338,True,0.508070,0.441790
39.461,True,4.154,True,0.498932,0.465138,True,4.318,True,0.507850,0.441973
39.472,True,4.153,True,0.498699,0.465320,True,4.303,True,0.507850,0.441973
39.484,True,4.137,True,0.498563,0.465224,True,4.294,True,0.508160,0.442074
39.495,True,4.137,True,0.498563,0.465224,True,4.294,True,0.508160,0.442074
39.506,True,4.114,True,0.498563,0.465224,True,4.293,True,0.508154,0.442134
39.518,True,4.083,True,0.498147,0.465230,True,4.284,True,0.508046,0.442242
39.528,True,4.079,True,0.498304,0.465477,True,4.273,True,0.508174,0.442426
39.539,True,4.072,True,0.498427,0.465592,True,4.264,True,0.508174,0.442426
39.550,True,4.066,True,0.498297,0.465882,True,4.249,True,0.508159,0.442491
39.561,True,4.065,True,0.498297,0.465882,True,4.243,True,0.508132,0.442644
39.573,True,4.056,True,0.498275,0.465618,True,4.240,True,0.508132,0.442644
39.583,True,4.042,True,0.498275,0.465618,True,4.206,True,0.508024,0.442608
39.595,True,4.031,True,0.498057,0.465795,True,4.195,True,0.508024,0.442608
39.606,True,4.020,True,0.498057,0.465795,True,4.195,True,0.507959,0.442715
39.617,True,4.012,True,0.498018,0.466007,True,4.192,True,0.508006,0.442758
39.628,True,4.013,True,0.498018,0.466007,True,4.191,True,0.508006,0.442758
39.639,True,4.014,True,0.498018,0.466007,True,4.196,True,0.508100,0.442854
39.651,True,3.991,True,0.497729,0.465930,True,4.194,True,0.507986,0.442806
39.662,True,3.979,True,0.498091,0.465806,True,4.191,True,0.507930,0.442805
39.673,True,3.970,True,0.498091,0.465806,True,4.189,True,0.507930,0.442805
39.689,True,3.986,True,0.497815,0.466026,True,4.174,True,0.507738,0.442871
39.700,True,3.992,True,0.497571,0.466000,True,4.161,True,0.507998,0.443042
39.711,True,3.993,True,0.497483,0.466163,True,4.144,True,0.507934,0.443122
39.723,True,3.992,True,0.497483,0.466163,True,4.138,True,0.507934,0.443122
39.734,True,3.959,True,0.497498,0.466268,True,4.134,True,0.508036,0.443276
39.745,True,3.952,True,0.497498,0.466268,True,4.134,True,0.508036,0.443276
39.756,True,3.948,True,0.497498,0.466268,True,4.125,True,0.508278,0.443539
39.767,True,3.930,True,0.497618,0.466913,True,4.107,True,0.508277,0.443846
39.778,True,3.924,True,0.497618,0.466913,True,4.099,True,0.508277,0.443846
39.789,True,3.906,True,0.499216,0.468669,True,4.090,True,0.509416,0.443974
39.801,True,3.892,True,0.499216,0.468669,True,4.073,True,0.514938,0.444547
39.812,True,3.845,True,0.502187,0.471539,True,4.050,True,0.514938,0.444547
39.823,True,3.817,True,0.502187,0.471539,True,4.039,True,0.519717,0.445395
39.834,True,3.812,True,0.504333,0.474188,True,4.031,True,0.519717,0.445395
39.845,True,3.800,True,0.505040,0.474880,True,4.023,True,0.520458,0.446016
39.856,True,3.793,True,0.505040,0.474880,True,4.012,True,0.520600,0.445994
39.867,True,3.793,True,0.505144,0.474859,True,4.003,True,0.520600,0.445994
39.878,True,3.780,True,0.505136,0.475125,True,3.986,True,0.520773,0.446049
39.889,True,3.773,True,0.505136,0.475125,True,3.976,True,0.520641,0.446106
39.901,True,3.765,True,0.505051,0.475051,True,3.969,True,0.520641,0.446106
39.912,True,3.755,True,0.505060,0.475115,True,3.943,True,0.520629,0.446082
39.924,True,3.754,True,0.505060,0.475115,True,3.929,True,0.520692,0.445964
39.934,True,3.740,True,0.504915,0.475190,True,3.919,True,0.520692,0.445964
39.945,True,3.729,True,0.504915,0.475190,True,3.903,True,0.520700,0.446045
39.956,True,3.713,True,0.505271,0.475306,True,3.885,True,0.520804,0.446029
39.967,True,3.706,True,0.504951,0.475213,True,3.881,True,0.520804,0.446029
39.978,True,3.699,True,0.505214,0.475190,True,3.869,True,0.520802,0.446175
39.989,True,3.697,True,0.505214,0.475190,True,3.859,True,0.520784,0.446045
40.000,True,3.692,True,0.504892,0.475042,True,3.851,True,0.520784,0.446045
40.012,True,3.681,True,0.505300,0.475302,True,3.847,True,0.520929,0.446259
40.023,True,3.676,True,0.505300,0.475302,True,3.849,True,0.520929,0.446259
40.034,True,3.672,True,0.504887,0.475347,True,3.852,True,0.520929,0.446259
40.045,True,3.668,True,0.505227,0.475424,True,3.836,True,0.521076,0.446181
40.056,True,3.668,True,0.505227,0.475424,True,3.840,True,0.521132,0.446455
40.067,True,3.666,True,0.504771,0.475644,True,3.843,True,0.521132,0.446455
40.078,True,3.664,True,0.504771,0.475644,True,3.835,True,0.521273,0.446342
40.089,True,3.673,True,0.505344,0.475354,True,3.835,True,0.520585,0.446937
40.100,True,3.667,True,0.500921,0.475273,True,3.840,True,0.520585,0.446937
40.112,True,3.646,True,0.494426,0.474566,True,3.810,True,0.516294,0.450165
40.123,True,3.634,True,0.494426,0.474566,True,3.781,True,0.511778,0.452459
40.134,True,3.628,True,0.490854,0.474961,True,3.756,True,0.511778,0.452459
40.144,True,3.632,True,0.491017,0.475152,True,3.734,True,0.510969,0.453604
40.156,True,3.638,True,0.491017,0.475152,True,3.736,True,0.510854,0.453678
40.168,True,3.638,True,0.490980,0.475015,True,3.739,True,0.510854,0.453678
40.178,True,3.648,True,0.491425,0.475218,True,3.751,True,0.510826,0.453678
40.189,True,3.656,True,0.491425,0.475218,True,3.761,True,0.511124,0.453684
40.201,True,3.668,True,0.490911,0.475474,True,3.769,True,0.511124,0.453684
40.212,True,3.692,True,0.491180,0.475262,True,3.782,True,0.511237,0.453627
40.223,True,3.701,True,0.491180,0.475262,True,3.781,True,0.511366,0.453645
40.234,True,3.700,True,0.491233,0.475408,True,3.773,True,0.511413,0.453528
40.245,True,3.697,True,0.491545,0.475705,True,3.768,True,0.511413,0.453528
40.256,True,3.694,True,0.491545,0.475705,True,3.783,True,0.511652,0.453615
40.267,True,3.694,True,0.491408,0.475507,True,3.796,True,0.511652,0.453615
40.278,True,3.696,True,0.491408,0.475507,True,3.815,True,0.511692,0.453530
40.289,True,3.689,True,0.491102,0.475691,True,3.826,True,0.511817,0.453512
40.300,True,3.695,True,0.491478,0.475557,True,3.833,True,0.511817,0.453512
40.312,True,3.696,True,0.491354,0.475539,True,3.810,True,0.511662,0.453651
40.323,True,3.692,True,0.491354,0.475539,True,3.814,True,0.511817,0.453665
40.334,True,3.686,True,0.491318,0.475505,True,3.819,True,0.512066,0.453723
40.345,True,3.685,True,0.491567,0.475833,True,3.821,True,0.512066,0.453723
40.356,True,3.686,True,0.491567,0.475833,True,3.826,True,0.512111,0.453712
40.367,True,3.680,True,0.491746,0.475915,True,3.828,True,0.512111,0.453712
40.378,True,3.669,True,0.491746,0.475915,True,3.829,True,0.512111,0.453774
40.389,True,3.656,True,0.491577,0.475849,True,3.834,True,0.512152,0.453664
40.400,True,3.642,True,0.491516,0.475982,True,3.837,True,0.512152,0.453664
40.411,True,3.618,True,0.491953,0.475881,True,3.827,True,0.512568,0.453701
40.422,True,3.607,True,0.491953,0.475881,True,3.827,True,0.512575,0.453301
40.433,True,3.597,True,0.494459,0.474831,True,3.826,True,0.512575,0.453301
40.445,True,3.594,True,0.499625,0.472555,True,3.837,True,0.514048,0.449384
40.455,True,3.598,True,0.499625,0.472555,True,3.854,True,0.513466,0.446338
40.467,True,3.599,True,0.500418,0.471593,True,3.868,True,0.513466,0.446338
40.478,True,3.600,True,0.500418,0.471593,True,3.901,True,0.513738,0.446014
40.489,True,3.622,True,0.500344,0.471413,True,3.911,True,0.513671,0.446020
40.500,True,3.628,True,0.500224,0.471375,True,3.918,True,0.513671,0.446020
40.511,True,3.640,True,0.500017,0.471412,True,3.917,True,0.513923,0.446262
40.522,True,3.645,True,0.500017,0.471412,True,3.915,True,0.514003,0.446097
40.533,True,3.643,True,0.500067,0.471703,True,3.917,True,0.513923,0.446188
40.545,True,3.651,True,0.500008,0.471233,True,3.919,True,0.513923,0.446188
40.556,True,3.657,True,0.500008,0.471233,True,3.922,True,0.513967,0.446309
40.567,True,3.646,True,0.499894,0.471499,True,3.924,True,0.513874,0.446292
40.578,True,3.646,True,0.499894,0.471499,True,3.924,True,0.513874,0.446292
40.589,True,3.657,True,0.499806,0.471262,True,3.925,True,0.513902,0.446232
40.600,True,3.651,True,0.499610,0.471244,True,3.928,True,0.513958,0.446249
40.612,True,3.654,True,0.499515,0.471464,True,3.928,True,0.513958,0.446249
40.623,True,3.655,True,0.499515,0.471464,True,3.932,True,0.513930,0.446280
40.633,True,3.658,True,0.499236,0.471776,True,3.937,True,0.513930,0.446280
40.645,True,3.660,True,0.499236,0.471776,True,3.949,True,0.514389,0.446610
40.656,True,3.670,True,0.498781,0.471692,True,3.962,True,0.514995,0.446937
40.667,True,3.680,True,0.498215,0.471519,True,3.979,True,0.514995,0.446937
40.678,True,3.681,True,0.498215,0.471519,True,3.972,True,0.515091,0.447388
40.690,True,3.679,True,0.497648,0.471617,True,3.965,True,0.515091,0.447388
40.700,True,3.675,True,0.497648,0.471617,True,3.951,True,0.515874,0.447310
40.711,True,3.608,True,0.496617,0.471169,True,3.934,True,0.516871,0.447468
40.723,True,3.598,True,0.494842,0.471443,True,3.931,True,0.516871,0.447468
40.734,True,3.591,True,0.494842,0.471443,True,3.935,True,0.518549,0.448942
40.746,True,3.574,True,0.494009,0.474082,True,3.888,True,0.520157,0.447648
40.756,True,3.577,True,0.495512,0.474692,True,3.764,True,0.522014,0.446663
40.767,True,3.547,True,0.495690,0.475219,True,3.699,True,0.522014,0.446663
40.778,True,3.522,True,0.495690,0.475219,True,3.572,True,0.520960,0.443991
40.790,True,3.389,True,0.496135,0.474698,True,3.376,True,0.519762,0.444292
40.801,True,3.389,True,0.496135,0.474698,True,3.376,True,0.519762,0.444292
40.812,True,3.526,True,0.492386,0.478397,True,3.401,True,0.522311,0.448574
40.823,True,3.578,True,0.492934,0.474537,True,3.655,True,0.521455,0.451541
40.834,True,3.608,True,0.491708,0.475611,True,3.785,True,0.521455,0.451541
40.845,True,3.629,True,0.491708,0.475611,True,3.870,True,0.518411,0.451004
40.856,True,3.622,True,0.492059,0.474788,True,3.921,True,0.518411,0.451004
40.867,True,3.612,True,0.492440,0.474426,True,3.938,True,0.516821,0.450598
40.878,True,3.609,True,0.492440,0.474426,True,3.932,True,0.516821,0.450598
40.889,True,3.605,True,0.492440,0.474426,True,3.930,True,0.516356,0.450826
40.901,True,3.614,True,0.493247,0.475184,True,3.931,True,0.516133,0.451014
40.912,True,3.631,True,0.493247,0.475184,True,3.927,True,0.515963,0.450948
40.923,True,3.659,True,0.493500,0.475087,True,3.924,True,0.515963,0.450948
40.934,True,3.682,True,0.493500,0.475087,True,3.929,True,0.515811,0.450936
40.945,True,3.663,True,0.493512,0.475524,True,3.931,True,0.515553,0.451164
40.957,True,3.661,True,0.493921,0.476027,True,3.940,True,0.515749,0.451249
40.968,True,3.661,True,0.493921,0.476027,True,3.940,True,0.515749,0.451249
40.978,True,3.644,True,0.493789,0.476611,True,3.956,True,0.515617,0.451660
40.989,True,3.625,True,0.493551,0.476648,True,3.962,True,0.515617,0.451660
41.001,True,3.614,True,0.493578,0.476648,True,3.966,True,0.515498,0.452045
41.011,True,3.621,True,0.493216,0.476855,True,3.963,True,0.515370,0.452052
41.023,True,3.621,True,0.493216,0.476855,True,3.963,True,0.515370,0.452052
41.034,True,3.629,True,0.493037,0.476459,True,3.970,True,0.515154,0.452179
41.045,True,3.633,True,0.493037,0.476459,True,3.971,True,0.514912,0.451966
41.055,True,3.643,True,0.493227,0.476428,True,3.971,True,0.514912,0.451966
41.067,True,3.649,True,0.492691,0.475741,True,3.971,True,0.514465,0.451905
41.078,True,3.645,True,0.492691,0.475741,True,3.968,True,0.513809,0.451765
41.090,True,3.668,True,0.492331,0.475615,True,3.966,True,0.513314,0.451929
41.100,True,3.669,True,0.492139,0.475357,True,3.967,True,0.513314,0.451929
41.112,True,3.670,True,0.492139,0.475357,True,3.970,True,0.512810,0.452034
41.123,True,3.681,True,0.491613,0.475353,True,3.973,True,0.512810,0.452034
41.134,True,3.688,True,0.491211,0.475211,True,3.972,True,0.512804,0.452130
41.145,True,3.689,True,0.491211,0.475211,True,3.971,True,0.512601,0.452490
41.156,True,3.683,True,0.491209,0.475496,True,3.975,True,0.512426,0.452735
41.167,True,3.683,True,0.491024,0.475968,True,3.980,True,0.512426,0.452735
41.179,True,3.683,True,0.491024,0.475968,True,3.993,True,0.514928,0.451302
41.190,True,3.715,True,0.496300,0.476986,True,4.011,True,0.514928,0.451302
41.200,True,3.742,True,0.496300,0.476986,True,4.020,True,0.520471,0.449204
41.212,True,3.733,True,0.501497,0.477435,True,4.025,True,0.520471,0.449204
41.223,True,3.723,True,0.501497,0.477435,True,4.041,True,0.523039,0.447264
41.234,True,3.736,True,0.503115,0.477073,True,4.077,True,0.522293,0.447238
41.245,True,3.742,True,0.503115,0.477073,True,4.095,True,0.522293,0.447238
41.256,True,3.762,True,0.502727,0.476632,True,4.110,True,0.521638,0.447333
41.267,True,3.748,True,0.502061,0.476255,True,4.098,True,0.521042,0.447426
41.278,True,3.733,True,0.502061,0.476255,True,4.087,True,0.521042,0.447426
41.289,True,3.720,True,0.502061,0.476255,True,4.090,True,0.520491,0.447722
41.301,True,3.689,True,0.501087,0.476033,True,4.098,True,0.519925,0.447960
41.311,True,3.689,True,0.501087,0.476033,True,4.098,True,0.519925,0.447960
41.322,True,3.665,True,0.500375,0.476251,True,4.077,True,0.519067,0.448131
41.333,True,3.663,True,0.500220,0.475918,True,4.071,True,0.518832,0.447934
41.344,True,3.663,True,0.500220,0.475918,True,4.051,True,0.518441,0.447761
41.356,True,3.658,True,0.500276,0.475621,True,4.035,True,0.518441,0.447761
41.367,True,3.651,True,0.500276,0.475621,True,4.018,True,0.518074,0.447715
41.378,True,3.645,True,0.500188,0.475312,True,4.012,True,0.517521,0.447711
41.389,True,3.642,True,0.500188,0.475312,True,4.008,True,0.517521,0.447711
41.400,True,3.645,True,0.499720,0.475245,True,3.992,True,0.517397,0.447566
41.411,True,3.623,True,0.499413,0.475197,True,3.966,True,0.517335,0.447743
41.423,True,3.615,True,0.499556,0.475510,True,3.956,True,0.517335,0.447743
41.434,True,3.605,True,0.499556,0.475510,True,3.936,True,0.517353,0.447828
41.444,True,3.600,True,0.499439,0.475786,True,3.932,True,0.517583,0.448128
41.456,True,3.597,True,0.499439,0.475786,True,3.930,True,0.517583,0.448128
41.467,True,3.583,True,0.499591,0.475948,True,3.920,True,0.517869,0.448364
41.478,True,3.574,True,0.499268,0.476717,True,3.906,True,0.517869,0.448364
41.489,True,3.572,True,0.499268,0.476717,True,3.897,True,0.518318,0.448696
41.500,True,3.568,True,0.499280,0.477115,True,3.896,True,0.518666,0.449247
41.511,True,3.566,True,0.499114,0.477551,True,3.902,True,0.518666,0.449247
41.522,True,3.547,True,0.499124,0.478261,True,3.891,True,0.519091,0.449569
41.534,True,3.531,True,0.499124,0.478261,True,3.883,True,0.519170,0.450002
41.545,True,3.524,True,0.499154,0.478100,True,3.863,True,0.519200,0.449835
41.556,True,3.515,True,0.499014,0.478426,True,3.852,True,0.519200,0.449835
41.567,True,3.505,True,0.499012,0.477740,True,3.840,True,0.518754,0.450104
41.579,True,3.500,True,0.499012,0.477740,True,3.838,True,0.518754,0.450104
41.589,True,3.513,True,0.498650,0.477244,True,3.848,True,0.517614,0.449876
41.602,True,3.513,True,0.498650,0.477244,True,3.848,True,0.517614,0.449876
41.611,True,3.510,True,0.498404,0.477170,True,3.844,True,0.517267,0.449695
41.623,True,3.507,True,0.498404,0.477170,True,3.841,True,0.517267,0.449695
41.634,True,3.520,True,0.498165,0.476652,True,3.838,True,0.516816,0.449445
41.645,True,3.514,True,0.498188,0.476401,True,3.839,True,0.516816,0.449445
41.656,True,3.509,True,0.498188,0.476401,True,3.664,True,0.516381,0.449347
41.667,True,3.516,True,0.497561,0.475804,True,3.516,True,0.515613,0.449734
41.678,True,3.512,True,0.496786,0.475453,True,3.306,True,0.515263,0.450114
41.690,True,3.504,True,0.496370,0.475836,True,3.245,True,0.515263,0.450114
41.701,True,3.494,True,0.496028,0.476144,True,3.214,True,0.515092,0.450502
41.712,True,3.490,True,0.496028,0.476144,True,3.214,True,0.515016,0.450696
41.723,True,3.488,True,0.496028,0.476144,True,3.213,True,0.515016,0.450696
41.734,True,3.485,True,0.496205,0.476676,True,3.213,True,0.515016,0.450696
41.745,True,3.484,True,0.496366,0.476892,True,3.202,True,0.515463,0.450652
41.756,True,3.483,True,0.496408,0.476831,True,3.198,True,0.515463,0.450652
41.767,True,3.483,True,0.496408,0.476831,True,3.201,True,0.515197,0.450409
41.779,True,3.499,True,0.494070,0.475662,True,3.199,True,0.511416,0.451030
41.790,True,3.503,True,0.490718,0.474081,True,3.195,True,0.511416,0.451030
41.801,True,3.506,True,0.490718,0.474081,True,3.192,True,0.511416,0.451030
41.812,True,3.517,True,0.488098,0.472523,True,3.189,True,0.506404,0.451391
41.823,True,3.517,True,0.488098,0.472523,True,3.189,True,0.506404,0.451391
41.834,True,3.530,True,0.488852,0.472599,True,3.191,True,0.506404,0.451391
41.845,True,3.532,True,0.489066,0.472525,True,3.175,True,0.506529,0.450874
41.856,True,3.532,True,0.489343,0.472239,True,3.165,True,0.506529,0.450874
41.867,True,3.531,True,0.489343,0.472239,True,3.157,True,0.506529,0.450874
41.878,True,3.530,True,0.489621,0.472406,True,3.160,True,0.506888,0.450391
41.889,True,3.530,True,0.489621,0.472406,True,3.160,True,0.506888,0.450391
41.900,True,3.528,True,0.489802,0.472499,True,3.164,True,0.506888,0.450391
41.912,True,3.528,True,0.489809,0.472911,True,3.176,True,0.507567,0.450791
41.923,True,3.535,True,0.489954,0.473117,True,3.178,True,0.507567,0.450791
41.934,True,3.540,True,0.489954,0.473117,True,3.183,True,0.507675,0.451019
41.945,True,3.566,True,0.490136,0.473463,True,3.179,True,0.508172,0.451020
41.956,True,3.557,True,0.490154,0.473760,True,3.172,True,0.508172,0.451020
41.967,True,3.548,True,0.490154,0.473760,True,3.176,True,0.508504,0.451066
41.978,True,3.553,True,0.490221,0.473757,True,3.190,True,0.508403,0.450993
41.990,True,3.565,True,0.490378,0.473833,True,3.199,True,0.508403,0.450993
42.001,True,3.576,True,0.490378,0.473833,True,3.206,True,0.508403,0.450993
42.011,True,3.567,True,0.489961,0.473855,True,3.222,True,0.508946,0.451107
42.022,True,3.556,True,0.489284,0.473008,True,3.229,True,0.509325,0.450947
42.034,True,3.545,True,0.489284,0.473008,True,3.235,True,0.509325,0.450947
42.045,True,3.531,True,0.488136,0.471867,True,3.229,True,0.510352,0.450150
42.056,True,3.508,True,0.486083,0.472316,True,3.199,True,0.512298,0.450835
42.067,True,3.501,True,0.486083,0.472316,True,3.188,True,0.512298,0.450835
42.079,True,3.273,True,0.486094,0.465853,True,3.143,True,0.512475,0.452028
42.089,True,3.090,True,0.486094,0.465853,True,3.003,True,0.510042,0.448096
42.101,True,3.284,True,0.482589,0.485230,True,3.293,True,0.520648,0.460439
42.112,True,3.183,True,0.484320,0.469351,True,3.745,True,0.520648,0.460439
42.123,True,3.183,True,0.484320,0.469351,True,3.745,True,0.520648,0.460439
42.134,True,3.166,True,0.482945,0.475686,True,3.660,True,0.514355,0.456662
42.145,True,3.327,True,0.484297,0.474536,True,3.399,True,0.512361,0.453843
42.156,True,3.436,True,0.485231,0.475041,True,3.318,True,0.512277,0.454251
42.167,True,3.510,True,0.485231,0.475041,True,3.276,True,0.512277,0.454251
42.178,True,3.556,True,0.485757,0.474769,True,3.276,True,0.511365,0.453550
42.190,True,3.555,True,0.485757,0.474769,True,3.289,True,0.510588,0.453497
42.201,True,3.576,True,0.486196,0.474763,True,3.297,True,0.510588,0.453497
42.212,True,3.604,True,0.486196,0.474763,True,3.296,True,0.510510,0.453425
42.223,True,3.634,True,0.486674,0.475012,True,3.290,True,0.509770,0.453551
42.234,True,3.647,True,0.486527,0.474967,True,3.286,True,0.509770,0.453551
42.245,True,3.665,True,0.487295,0.474695,True,3.306,True,0.509745,0.453417
42.256,True,3.675,True,0.487295,0.474695,True,3.316,True,0.509745,0.453417
42.267,True,3.684,True,0.487343,0.474457,True,3.324,True,0.509255,0.453174
42.278,True,3.690,True,0.487343,0.474457,True,3.334,True,0.509191,0.453110
42.289,True,3.695,True,0.487365,0.474246,True,3.340,True,0.509191,0.453110
42.300,True,3.704,True,0.487694,0.474286,True,3.346,True,0.509036,0.452949
42.311,True,3.708,True,0.487694,0.474286,True,3.352,True,0.508967,0.453114
42.323,True,3.703,True,0.487765,0.474429,True,3.359,True,0.509177,0.453393
42.334,True,3.716,True,0.487970,0.474835,True,3.361,True,0.509177,0.453393
42.345,True,3.744,True,0.487805,0.475262,True,3.356,True,0.509601,0.453326
42.356,True,3.744,True,0.487805,0.475262,True,3.356,True,0.509601,0.453326
42.367,True,3.756,True,0.488509,0.475328,True,3.358,True,0.510022,0.453369
42.378,True,3.752,True,0.488509,0.475328,True,3.367,True,0.510499,0.453381
42.389,True,3.747,True,0.488509,0.475328,True,3.374,True,0.510499,0.453381
42.401,True,3.740,True,0.489063,0.475917,True,3.380,True,0.510730,0.453382
42.412,True,3.739,True,0.489063,0.475917,True,3.383,True,0.510948,0.453452
42.422,True,3.729,True,0.489645,0.476288,True,3.384,True,0.510948,0.453452
42.434,True,3.735,True,0.489596,0.476390,True,3.377,True,0.511433,0.453369
42.445,True,3.752,True,0.490130,0.476527,True,3.395,True,0.511698,0.453580
42.456,True,3.752,True,0.490130,0.476527,True,3.395,True,0.511698,0.453580
42.470,True,3.757,True,0.490526,0.476824,True,3.406,True,0.511802,0.453493
42.481,True,3.755,True,0.490526,0.476824,True,3.408,True,0.512115,0.453414
42.492,True,3.774,True,0.490552,0.476793,True,3.407,True,0.512375,0.453201
42.503,True,3.768,True,0.490771,0.476760,True,3.407,True,0.512375,0.453201
42.514,True,3.763,True,0.490498,0.476786,True,3.403,True,0.512462,0.453023
42.525,True,3.763,True,0.490498,0.476786,True,3.408,True,0.512596,0.453021
42.537,True,3.761,True,0.490968,0.476622,True,3.413,True,0.512596,0.453021
42.548,True,3.761,True,0.490968,0.476622,True,3.422,True,0.512708,0.452861
42.559,True,3.757,True,0.491032,0.476455,True,3.436,True,0.512355,0.452855
42.570,True,3.758,True,0.490978,0.476509,True,3.441,True,0.512355,0.452855
42.581,True,3.754,True,0.491061,0.476433,True,3.421,True,0.512299,0.452822
42.592,True,3.750,True,0.491061,0.476433,True,3.412,True,0.512244,0.452785
42.604,True,3.740,True,0.490767,0.476442,True,3.392,True,0.512019,0.452813
42.615,True,3.738,True,0.490873,0.476320,True,3.383,True,0.512019,0.452813
42.625,True,3.737,True,0.490873,0.476320,True,3.374,True,0.511976,0.453022
42.637,True,3.737,True,0.490815,0.476578,True,3.359,True,0.511926,0.453030
42.648,True,3.713,True,0.491026,0.476441,True,3.353,True,0.511926,0.453030
42.660,True,3.693,True,0.491026,0.476441,True,3.350,True,0.511926,0.453030
42.670,True,3.669,True,0.486506,0.477181,True,3.539,True,0.511852,0.454061
42.681,True,3.622,True,0.484232,0.478858,True,3.769,True,0.510737,0.456678
42.692,True,3.602,True,0.484232,0.478858,True,3.836,True,0.511012,0.458664
42.704,True,3.560,True,0.484354,0.480048,True,3.893,True,0.511311,0.458964
42.715,True,3.551,True,0.484344,0.480267,True,3.883,True,0.511311,0.458964
42.726,True,3.545,True,0.484344,0.480267,True,3.880,True,0.511384,0.459132
42.737,True,3.549,True,0.484605,0.480248,True,3.878,True,0.511384,0.459132
42.748,True,3.557,True,0.484693,0.480161,True,3.869,True,0.511294,0.458924
42.759,True,3.560,True,0.484693,0.480161,True,3.854,True,0.511114,0.458786
42.770,True,3.554,True,0.484711,0.479976,True,3.842,True,0.511114,0.458786
42.781,True,3.534,True,0.484973,0.480047,True,3.827,True,0.511347,0.458664
42.792,True,3.523,True,0.484973,0.480047,True,3.820,True,0.511383,0.458532
42.804,True,3.515,True,0.485156,0.479926,True,3.816,True,0.511383,0.458532
42.815,True,3.506,True,0.485038,0.480094,True,3.800,True,0.511236,0.458538
42.826,True,3.504,True,0.485038,0.480094,True,3.801,True,0.511495,0.458411
42.837,True,3.495,True,0.485253,0.480034,True,3.803,True,0.511495,0.458411
42.848,True,3.492,True,0.485079,0.480198,True,3.790,True,0.511398,0.458496
42.863,True,3.489,True,0.485324,0.479973,True,3.783,True,0.511400,0.458273
42.881,True,3.483,True,0.485440,0.479862,True,3.777,True,0.511325,0.458252
42.893,True,3.483,True,0.485440,0.479862,True,3.776,True,0.511529,0.458276
42.904,True,3.468,True,0.485533,0.480046,True,3.775,True,0.511529,0.458276
42.915,True,3.455,True,0.485806,0.480174,True,3.775,True,0.511454,0.458399
42.926,True,3.454,True,0.485806,0.480174,True,3.766,True,0.511522,0.458338
42.937,True,3.492,True,0.485662,0.480415,True,3.741,True,0.511865,0.458480
42.948,True,3.489,True,0.486168,0.480073,True,3.728,True,0.511865,0.458480
42.959,True,3.484,True,0.486168,0.480073,True,3.722,True,0.511719,0.458514
42.970,True,3.485,True,0.485667,0.480415,True,3.719,True,0.511719,0.458514
42.981,True,3.485,True,0.485667,0.480415,True,3.721,True,0.511971,0.458697
42.993,True,3.468,True,0.485938,0.480549,True,3.727,True,0.511971,0.458697
43.004,True,3.465,True,0.485938,0.480549,True,3.729,True,0.512152,0.458614
43.015,True,3.470,True,0.486185,0.480870,True,3.734,True,0.512296,0.458596
43.026,True,3.466,True,0.486595,0.480455,True,3.738,True,0.512296,0.458596
43.037,True,3.466,True,0.486595,0.480455,True,3.738,True,0.512296,0.458596
43.048,True,3.458,True,0.486645,0.480706,True,3.753,True,0.512587,0.458367
43.059,True,3.461,True,0.486960,0.480636,True,3.759,True,0.512587,0.458367
43.070,True,3.478,True,0.487017,0.480717,True,3.748,True,0.512721,0.458124
43.081,True,3.490,True,0.487017,0.480717,True,3.746,True,0.513121,0.458170
43.092,True,3.493,True,0.487362,0.480942,True,3.745,True,0.513121,0.458170
43.104,True,3.491,True,0.488154,0.480543,True,3.755,True,0.513562,0.457874
43.115,True,3.486,True,0.488154,0.480543,True,3.758,True,0.513629,0.457935
43.126,True,3.481,True,0.488452,0.480826,True,3.761,True,0.513629,0.457935
43.137,True,3.482,True,0.488391,0.480782,True,3.763,True,0.513812,0.457689
43.148,True,3.487,True,0.488391,0.480782,True,3.759,True,0.513846,0.457803
43.159,True,3.496,True,0.488548,0.481046,True,3.755,True,0.513846,0.457803
43.170,True,3.501,True,0.488744,0.481221,True,3.772,True,0.514200,0.457636
43.181,True,3.498,True,0.488744,0.481221,True,3.769,True,0.514519,0.457693
43.193,True,3.490,True,0.488666,0.481408,True,3.759,True,0.514259,0.457499
43.209,True,3.499,True,0.488963,0.481251,True,3.753,True,0.514226,0.457534
43.219,True,3.498,True,0.488869,0.481203,True,3.755,True,0.514226,0.457534
43.230,True,3.497,True,0.488869,0.481203,True,3.763,True,0.514129,0.457513
43.241,True,3.497,True,0.488838,0.481141,True,3.770,True,0.514129,0.457513
43.252,True,3.500,True,0.489752,0.481756,True,3.759,True,0.514233,0.457547
43.264,True,3.503,True,0.489752,0.481756,True,3.764,True,0.518459,0.456889
43.275,True,3.499,True,0.494687,0.483311,True,3.769,True,0.518459,0.456889
43.286,True,3.506,True,0.501570,0.485503,True,3.786,True,0.525161,0.455283
43.297,True,3.515,True,0.501570,0.485503,True,3.804,True,0.533184,0.452437
43.308,True,3.516,True,0.510143,0.486976,True,3.818,True,0.533184,0.452437
43.319,True,3.516,True,0.510143,0.486976,True,3.831,True,0.541568,0.448394
43.330,True,3.528,True,0.519543,0.487491,True,3.866,True,0.549325,0.443687
43.341,True,3.518,True,0.527518,0.487587,True,3.886,True,0.549325,0.443687
43.352,True,3.505,True,0.531588,0.487621,True,3.944,True,0.555401,0.439746
43.363,True,3.502,True,0.531588,0.487621,True,3.977,True,0.556083,0.439043
43.375,True,3.510,True,0.531934,0.487802,True,4.001,True,0.556083,0.439043
43.386,True,3.527,True,0.531717,0.488022,True,4.017,True,0.556027,0.439424
43.397,True,3.533,True,0.531717,0.488022,True,4.019,True,0.555987,0.439408
43.409,True,3.528,True,0.531184,0.488129,True,4.005,True,0.555875,0.439494
43.419,True,3.521,True,0.531135,0.488188,True,3.993,True,0.555875,0.439494
43.430,True,3.515,True,0.531135,0.488188,True,3.989,True,0.555944,0.439642
43.441,True,3.506,True,0.531176,0.488125,True,3.987,True,0.555944,0.439642
43.452,True,3.491,True,0.530928,0.488558,True,3.980,True,0.555981,0.439587
43.463,True,3.486,True,0.530928,0.488558,True,3.979,True,0.555981,0.439587
43.475,True,3.506,True,0.523897,0.487136,True,3.980,True,0.554201,0.440652
43.485,True,3.540,True,0.510867,0.485512,True,3.984,True,0.543899,0.445594
43.496,True,3.552,True,0.510867,0.485512,True,3.964,True,0.531908,0.450479
43.508,True,3.560,True,0.510867,0.485512,True,3.947,True,0.531908,0.450479
43.519,True,3.557,True,0.500096,0.482494,True,3.898,True,0.522243,0.453384
43.530,True,3.544,True,0.500096,0.482494,True,3.882,True,0.522243,0.453384
43.541,True,3.533,True,0.494480,0.480918,True,3.859,True,0.518533,0.454367
43.552,True,3.531,True,0.494595,0.480624,True,3.857,True,0.518030,0.454746
43.563,True,3.512,True,0.494456,0.480613,True,3.852,True,0.518006,0.454752
43.574,True,3.501,True,0.494156,0.480644,True,3.850,True,0.518006,0.454752
43.585,True,3.498,True,0.494550,0.480788,True,3.852,True,0.517749,0.454927
43.596,True,3.503,True,0.494550,0.480788,True,3.843,True,0.517604,0.454938
43.608,True,3.489,True,0.494073,0.480442,True,3.837,True,0.517604,0.454938
43.620,True,3.475,True,0.494184,0.480543,True,3.845,True,0.517767,0.454774
43.631,True,3.471,True,0.494184,0.480543,True,3.849,True,0.517752,0.454803
43.642,True,3.465,True,0.494081,0.480551,True,3.852,True,0.517752,0.454803
43.653,True,3.461,True,0.494081,0.480551,True,3.864,True,0.517811,0.454610
43.664,True,3.458,True,0.494109,0.480373,True,3.866,True,0.517811,0.454610
43.675,True,3.456,True,0.494109,0.480373,True,3.863,True,0.517829,0.454518
43.686,True,3.452,True,0.494124,0.480372,True,3.863,True,0.517873,0.454394
43.697,True,3.452,True,0.494124,0.480372,True,3.862,True,0.517873,0.454394
43.708,True,3.444,True,0.494366,0.480357,True,3.857,True,0.518008,0.454292
43.719,True,3.432,True,0.494371,0.480429,True,3.849,True,0.518058,0.454314
43.730,True,3.430,True,0.494371,0.480429,True,3.845,True,0.518380,0.454418
43.742,True,3.422,True,0.494708,0.480867,True,3.843,True,0.518380,0.454418
43.752,True,3.417,True,0.494708,0.480867,True,3.844,True,0.518682,0.454384
43.764,True,3.421,True,0.494724,0.480853,True,3.836,True,0.518601,0.454380
43.775,True,3.411,True,0.494934,0.481109,True,3.829,True,0.518601,0.454380
43.786,True,3.395,True,0.494841,0.481091,True,3.830,True,0.518901,0.454376
43.797,True,3.389,True,0.494841,0.481091,True,3.820,True,0.518864,0.454327
43.808,True,3.384,True,0.494841,0.481091,True,3.812,True,0.518864,0.454327
43.819,True,3.388,True,0.494843,0.481209,True,3.801,True,0.519077,0.454336
43.831,True,3.381,True,0.494728,0.481309,True,3.797,True,0.519077,0.454336
43.842,True,3.375,True,0.494728,0.481309,True,3.790,True,0.519077,0.454336
43.853,True,3.369,True,0.494923,0.481225,True,3.782,True,0.518950,0.454464
43.864,True,3.367,True,0.495005,0.481185,True,3.780,True,0.518950,0.454464
43.875,True,3.366,True,0.495005,0.481185,True,3.781,True,0.518895,0.454352
43.886,True,3.360,True,0.494813,0.481128,True,3.784,True,0.518793,0.454601
43.897,True,3.361,True,0.494730,0.481419,True,3.785,True,0.518793,0.454601
43.908,True,3.368,True,0.494054,0.479157,True,3.790,True,0.518518,0.454294
43.919,True,3.373,True,0.494054,0.479157,True,3.797,True,0.512079,0.451764
43.930,True,3.391,True,0.494424,0.474246,True,3.803,True,0.512079,0.451764
43.941,True,3.406,True,0.494424,0.474246,True,3.819,True,0.507822,0.448099
43.952,True,3.422,True,0.494928,0.471847,True,3.831,True,0.507822,0.448099
43.963,True,3.446,True,0.494211,0.471589,True,3.843,True,0.507737,0.447608
43.974,True,3.456,True,0.494287,0.471943,True,3.839,True,0.507760,0.447829
43.986,True,3.456,True,0.494287,0.471943,True,3.837,True,0.507851,0.448052
43.997,True,3.461,True,0.494043,0.471936,True,3.835,True,0.507851,0.448052
44.008,True,3.464,True,0.494043,0.471936,True,3.828,True,0.507894,0.448153
44.019,True,3.461,True,0.493862,0.472320,True,3.816,True,0.508086,0.448243
44.031,True,3.465,True,0.493773,0.472402,True,3.811,True,0.508086,0.448243
44.042,True,3.468,True,0.493773,0.472402,True,3.810,True,0.508086,0.448243
44.053,True,3.468,True,0.493908,0.472197,True,3.811,True,0.508266,0.448290
44.064,True,3.474,True,0.493831,0.472168,True,3.812,True,0.508266,0.448290
44.075,True,3.479,True,0.493831,0.472168,True,3.813,True,0.508019,0.448140
44.086,True,3.478,True,0.494030,0.472330,True,3.813,True,0.508019,0.448140
44.096,True,3.486,True,0.494115,0.472422,True,3.819,True,0.507999,0.448073
44.108,True,3.493,True,0.494115,0.472422,True,3.820,True,0.508156,0.447784
44.119,True,3.482,True,0.494359,0.472078,True,3.817,True,0.508265,0.447764
44.130,True,3.483,True,0.494573,0.472289,True,3.813,True,0.508265,0.447764
44.142,True,3.473,True,0.494528,0.471906,True,3.824,True,0.508171,0.447584
44.153,True,3.473,True,0.494528,0.471906,True,3.824,True,0.508171,0.447584
44.164,True,3.465,True,0.494781,0.472181,True,3.827,True,0.508338,0.447359
44.175,True,3.472,True,0.494808,0.472059,True,3.831,True,0.508206,0.447411
44.185,True,3.479,True,0.494808,0.472059,True,3.840,True,0.508441,0.447234
44.197,True,3.484,True,0.494672,0.471812,True,3.848,True,0.508441,0.447234
44.208,True,3.487,True,0.494672,0.471812,True,3.849,True,0.508317,0.447212
44.219,True,3.502,True,0.494719,0.472092,True,3.848,True,0.508414,0.447199
44.230,True,3.493,True,0.494792,0.471920,True,3.846,True,0.508414,0.447199
44.242,True,3.485,True,0.494792,0.471920,True,3.845,True,0.508611,0.447366
44.253,True,3.476,True,0.494128,0.472056,True,3.850,True,0.509371,0.447219
44.263,True,3.464,True,0.493176,0.471413,True,3.855,True,0.509371,0.447219
44.274,True,3.454,True,0.492883,0.471304,True,3.823,True,0.510607,0.446990
44.286,True,3.453,True,0.492883,0.471304,True,3.819,True,0.515155,0.447164
44.297,True,3.461,True,0.493620,0.473826,True,3.817,True,0.515155,0.447164
44.308,True,3.469,True,0.493620,0.473826,True,3.744,True,0.518556,0.446112
44.319,True,3.463,True,0.495199,0.478419,True,3.664,True,0.525862,0.447235
44.330,True,3.198,True,0.503089,0.468865,True,3.649,True,0.525862,0.447235
44.341,True,3.024,True,0.503089,0.468865,True,3.492,True,0.526238,0.440930
44.352,True,2.839,True,0.503439,0.473000,True,3.420,True,0.530139,0.444839
44.364,True,2.911,True,0.501729,0.477926,True,3.470,True,0.530139,0.444839
44.374,True,3.038,True,0.501729,0.477926,True,3.535,True,0.528729,0.446632
44.386,True,3.284,True,0.501978,0.478897,True,3.665,True,0.526272,0.446975
44.397,True,3.349,True,0.501978,0.478897,True,3.703,True,0.526272,0.446975
44.408,True,3.377,True,0.502686,0.477365,True,3.737,True,0.524020,0.446841
44.419,True,3.372,True,0.502686,0.477365,True,3.758,True,0.523793,0.446913
44.430,True,3.384,True,0.503179,0.477279,True,3.774,True,0.523793,0.446913
44.442,True,3.397,True,0.503179,0.477279,True,3.778,True,0.523081,0.447206
44.452,True,3.425,True,0.503253,0.477687,True,3.780,True,0.522795,0.447192
44.463,True,3.437,True,0.503253,0.477687,True,3.780,True,0.522795,0.447192
44.474,True,3.425,True,0.503033,0.477593,True,3.778,True,0.522703,0.447133
44.486,True,3.424,True,0.503260,0.477732,True,3.779,True,0.522703,0.447133
44.497,True,3.426,True,0.503393,0.477789,True,3.776,True,0.522517,0.447507
44.508,True,3.427,True,0.503393,0.477789,True,3.773,True,0.522306,0.447514
44.519,True,3.421,True,0.503231,0.477606,True,3.770,True,0.522306,0.447514
44.530,True,3.410,True,0.503309,0.477702,True,3.775,True,0.522469,0.447487
44.541,True,3.400,True,0.503309,0.477702,True,3.787,True,0.522320,0.447411
44.552,True,3.393,True,0.503033,0.477703,True,3.801,True,0.522257,0.447465
44.563,True,3.392,True,0.503033,0.477703,True,3.803,True,0.522257,0.447465
44.574,True,3.402,True,0.503330,0.477677,True,3.817,True,0.522169,0.447537
44.586,True,3.414,True,0.503305,0.477646,True,3.821,True,0.522169,0.447537
44.597,True,3.416,True,0.502933,0.477738,True,3.826,True,0.522156,0.447430
44.609,True,3.416,True,0.502933,0.477738,True,3.826,True,0.522051,0.447550
44.620,True,3.445,True,0.503509,0.477709,True,3.823,True,0.522051,0.447550
44.631,True,3.462,True,0.503302,0.477813,True,3.832,True,0.521957,0.447392
44.642,True,3.485,True,0.503364,0.477652,True,3.848,True,0.521843,0.447454
44.653,True,3.485,True,0.503364,0.477652,True,3.848,True,0.521843,0.447454
44.664,True,3.486,True,0.502858,0.477616,True,3.850,True,0.521769,0.447114
44.675,True,3.505,True,0.503573,0.477328,True,3.861,True,0.521539,0.447198
44.686,True,3.527,True,0.503573,0.477328,True,3.868,True,0.521330,0.447039
44.697,True,3.533,True,0.503215,0.477305,True,3.874,True,0.521330,0.447039
44.708,True,3.538,True,0.503215,0.477305,True,3.888,True,0.521491,0.447043
44.719,True,3.569,True,0.503333,0.477298,True,3.908,True,0.521491,0.447043
44.731,True,3.585,True,0.503657,0.477345,True,3.919,True,0.521290,0.446942
44.742,True,3.598,True,0.503657,0.477345,True,3.937,True,0.521246,0.446736
44.752,True,3.637,True,0.503703,0.477144,True,3.959,True,0.521246,0.446736
44.764,True,3.651,True,0.503452,0.477094,True,3.965,True,0.521086,0.446692
44.775,True,3.660,True,0.503452,0.477094,True,3.981,True,0.520569,0.447024
44.786,True,3.666,True,0.503452,0.477094,True,3.993,True,0.520569,0.447024
44.797,True,3.669,True,0.494568,0.475232,True,3.971,True,0.516133,0.448907
44.808,True,3.673,True,0.494568,0.475232,True,3.963,True,0.511278,0.450660
44.819,True,3.679,True,0.490770,0.474701,True,3.951,True,0.511278,0.450660
44.830,True,3.691,True,0.490651,0.474812,True,3.945,True,0.509084,0.451474
44.841,True,3.701,True,0.490651,0.474812,True,3.951,True,0.509077,0.451677
44.853,True,3.682,True,0.490732,0.474599,True,3.963,True,0.508762,0.451735
44.864,True,3.707,True,0.490397,0.474356,True,3.967,True,0.508762,0.451735
44.875,True,3.729,True,0.490397,0.474356,True,3.968,True,0.508830,0.451746
44.886,True,3.705,True,0.490247,0.474304,True,3.974,True,0.508708,0.451530
44.898,True,3.697,True,0.490247,0.474304,True,3.979,True,0.508708,0.451530
44.908,True,3.689,True,0.490571,0.474202,True,3.983,True,0.508708,0.451530
44.920,True,3.679,True,0.490571,0.474202,True,3.987,True,0.508708,0.451530
44.930,True,3.692,True,0.490577,0.474121,True,3.989,True,0.508609,0.451576
44.941,True,3.689,True,0.490357,0.473965,True,3.988,True,0.508609,0.451576
44.952,True,3.695,True,0.490604,0.474061,True,3.988,True,0.508442,0.451578
44.964,True,3.702,True,0.490604,0.474061,True,3.981,True,0.508442,0.451578
44.975,True,3.695,True,0.490498,0.473957,True,3.974,True,0.508297,0.451373
44.986,True,3.690,True,0.490722,0.473780,True,3.969,True,0.508297,0.451373
44.997,True,3.683,True,0.490722,0.473780,True,3.958,True,0.508191,0.451364
45.009,True,3.688,True,0.490621,0.473809,True,3.953,True,0.508191,0.451364
45.019,True,3.674,True,0.490817,0.473881,True,3.945,True,0.508152,0.451130
45.030,True,3.669,True,0.490817,0.473881,True,3.929,True,0.507976,0.451294
45.042,True,3.646,True,0.490794,0.474055,True,3.923,True,0.508065,0.451324
45.053,True,3.638,True,0.490564,0.473408,True,3.919,True,0.508065,0.451324
45.064,True,3.630,True,0.490564,0.473408,True,3.906,True,0.507825,0.451170
45.075,True,3.621,True,0.490598,0.473500,True,3.898,True,0.507825,0.451170
45.086,True,3.614,True,0.490598,0.473500,True,3.901,True,0.508024,0.451137
45.097,True,3.604,True,0.490900,0.473619,True,3.896,True,0.507964,0.451212
45.108,True,3.605,True,0.490728,0.474104,True,3.891,True,0.507964,0.451212
45.123,True,3.593,True,0.490890,0.473897,True,3.872,True,0.507892,0.450959
45.134,True,3.581,True,0.490890,0.473897,True,3.866,True,0.507947,0.450945
45.145,True,3.591,True,0.490989,0.473760,True,3.853,True,0.507988,0.452028
45.156,True,3.591,True,0.490989,0.473760,True,3.853,True,0.507988,0.452028
45.167,True,3.564,True,0.488260,0.474385,True,3.829,True,0.507423,0.453936
45.178,True,3.554,True,0.486512,0.475581,True,3.811,True,0.507715,0.455231
45.189,True,3.532,True,0.486994,0.476264,True,3.809,True,0.507715,0.455231
45.200,True,3.516,True,0.486994,0.476264,True,3.798,True,0.507477,0.455446
45.211,True,3.521,True,0.486617,0.476350,True,3.789,True,0.507477,0.455446
45.222,True,3.521,True,0.486625,0.476437,True,3.783,True,0.507609,0.455387
45.234,True,3.520,True,0.486625,0.476437,True,3.780,True,0.507343,0.455364
45.245,True,3.525,True,0.486474,0.476554,True,3.777,True,0.507485,0.455477
45.256,True,3.513,True,0.486287,0.476234,True,3.775,True,0.507485,0.455477
45.267,True,3.503,True,0.486287,0.476234,True,3.774,True,0.507317,0.455329
45.278,True,3.511,True,0.486266,0.476423,True,3.777,True,0.507131,0.455311
45.289,True,3.519,True,0.486064,0.476147,True,3.780,True,0.507131,0.455311
45.300,True,3.525,True,0.486064,0.476147,True,3.785,True,0.507317,0.455478
45.311,True,3.526,True,0.486457,0.476226,True,3.784,True,0.507139,0.455270
45.322,True,3.522,True,0.486527,0.475955,True,3.780,True,0.507139,0.455270
45.333,True,3.519,True,0.486527,0.475955,True,3.782,True,0.507270,0.455351
45.345,True,3.486,True,0.486643,0.475957,True,3.779,True,0.507318,0.455375
45.356,True,3.481,True,0.486246,0.476240,True,3.775,True,0.507318,0.455375
45.367,True,3.478,True,0.486246,0.476240,True,3.777,True,0.507353,0.455177
45.378,True,3.516,True,0.486808,0.476112,True,3.773,True,0.507375,0.455174
45.389,True,3.511,True,0.486771,0.476250,True,3.770,True,0.507375,0.455174
45.400,True,3.505,True,0.486771,0.476250,True,3.772,True,0.507519,0.455197
45.411,True,3.504,True,0.486703,0.476098,True,3.769,True,0.507574,0.455038
45.422,True,3.495,True,0.486893,0.476038,True,3.766,True,0.507574,0.455038
45.434,True,3.488,True,0.486893,0.476038,True,3.761,True,0.507655,0.455137
45.445,True,3.510,True,0.486600,0.476334,True,3.753,True,0.507666,0.455064
45.456,True,3.501,True,0.487247,0.476154,True,3.750,True,0.507666,0.455064
45.467,True,3.494,True,0.487247,0.476154,True,3.754,True,0.509687,0.453626
45.478,True,3.502,True,0.492493,0.476108,True,3.758,True,0.509687,0.453626
45.489,True,3.508,True,0.492493,0.476108,True,3.765,True,0.513348,0.450555
45.500,True,3.515,True,0.497656,0.475690,True,3.789,True,0.514767,0.448644
45.511,True,3.520,True,0.498798,0.475422,True,3.820,True,0.514604,0.448418
45.522,True,3.508,True,0.498961,0.475542,True,3.832,True,0.514604,0.448418
45.533,True,3.498,True,0.498961,0.475542,True,3.839,True,0.514579,0.448436
45.545,True,3.504,True,0.498530,0.475420,True,3.843,True,0.514503,0.448372
45.556,True,3.508,True,0.498624,0.475468,True,3.844,True,0.514503,0.448372
45.567,True,3.513,True,0.498624,0.475468,True,3.843,True,0.514593,0.448484
45.578,True,3.527,True,0.498407,0.475559,True,3.845,True,0.514490,0.448827
45.590,True,3.532,True,0.498263,0.475425,True,3.847,True,0.514490,0.448827
45.601,True,3.535,True,0.498263,0.475425,True,3.844,True,0.514265,0.448692
45.612,True,3.537,True,0.498052,0.475655,True,3.842,True,0.514459,0.448738
45.623,True,3.530,True,0.497989,0.475475,True,3.844,True,0.514459,0.448738
45.634,True,3.524,True,0.497989,0.475475,True,3.845,True,0.514459,0.448738
45.645,True,3.528,True,0.498124,0.475605,True,3.847,True,0.514438,0.448978
45.657,True,3.523,True,0.497893,0.475654,True,3.844,True,0.514438,0.448978
45.668,True,3.519,True,0.497893,0.475654,True,3.845,True,0.514429,0.449144
45.679,True,3.524,True,0.497777,0.475549,True,3.846,True,0.514429,0.449144
45.689,True,3.524,True,0.497777,0.475549,True,3.846,True,0.514429,0.449144
45.701,True,3.537,True,0.497901,0.475634,True,3.764,True,0.514478,0.449056
45.712,True,3.538,True,0.497922,0.475700,True,3.715,True,0.514464,0.448919
45.723,True,3.538,True,0.497922,0.475700,True,3.715,True,0.514464,0.448919
45.734,True,3.522,True,0.498069,0.475461,True,3.693,True,0.514334,0.448922
45.745,True,3.529,True,0.497757,0.475568,True,3.688,True,0.514231,0.448862
45.756,True,3.529,True,0.496190,0.473999,True,3.686,True,0.514231,0.448862
45.767,True,3.529,True,0.496190,0.473999,True,3.686,True,0.514231,0.448862
45.778,True,3.550,True,0.492593,0.471435,True,3.707,True,0.509504,0.448453
45.789,True,3.585,True,0.491135,0.469102,True,3.720,True,0.504521,0.447640
45.800,True,3.601,True,0.491135,0.469102,True,3.723,True,0.503217,0.447159
45.812,True,3.608,True,0.490902,0.468768,True,3.725,True,0.503217,0.447159
45.823,True,3.616,True,0.491089,0.469096,True,3.718,True,0.503207,0.447112
45.834,True,3.619,True,0.491089,0.469096,True,3.715,True,0.503253,0.447066
45.845,True,3.626,True,0.491108,0.468644,True,3.712,True,0.503253,0.447066
45.856,True,3.632,True,0.491232,0.468665,True,3.729,True,0.503107,0.446906
45.868,True,3.630,True,0.491232,0.468665,True,3.739,True,0.503053,0.446909
45.878,True,3.634,True,0.491410,0.468791,True,3.747,True,0.503053,0.446909
45.890,True,3.636,True,0.490891,0.468654,True,3.755,True,0.503203,0.446992
45.901,True,3.636,True,0.490891,0.468654,True,3.766,True,0.503271,0.446976
45.911,True,3.639,True,0.491177,0.468586,True,3.775,True,0.503271,0.446976
45.922,True,3.646,True,0.491425,0.468843,True,3.774,True,0.503313,0.447033
45.933,True,3.650,True,0.491425,0.468843,True,3.773,True,0.503313,0.447033
45.945,True,3.654,True,0.491425,0.468843,True,3.783,True,0.503377,0.446928
45.956,True,3.588,True,0.490788,0.468907,True,3.790,True,0.503244,0.446977
45.967,True,3.562,True,0.490788,0.468907,True,3.793,True,0.503244,0.446934
45.978,True,3.540,True,0.490926,0.468613,True,3.794,True,0.503244,0.446934
45.990,True,3.517,True,0.490653,0.468572,True,3.801,True,0.503282,0.446901
46.001,True,3.516,True,0.490653,0.468572,True,3.810,True,0.503142,0.446725
46.012,True,3.520,True,0.490895,0.468630,True,3.818,True,0.503142,0.446725
46.023,True,3.525,True,0.490666,0.468299,True,3.818,True,0.502976,0.446735
46.034,True,3.525,True,0.490666,0.468299,True,3.817,True,0.502976,0.446735
46.045,True,3.525,True,0.490666,0.468299,True,3.818,True,0.503011,0.446707
46.056,True,3.504,True,0.497631,0.471578,True,3.820,True,0.508420,0.446018
46.068,True,3.486,True,0.497631,0.471578,True,3.833,True,0.516030,0.444629
46.079,True,3.486,True,0.497631,0.471578,True,3.833,True,0.516030,0.444629
46.090,True,3.496,True,0.505249,0.474417,True,3.860,True,0.524248,0.442708
46.101,True,3.488,True,0.511907,0.476762,True,3.874,True,0.524248,0.442708
46.112,True,3.477,True,0.515074,0.478119,True,3.890,True,0.530661,0.441259
46.123,True,3.473,True,0.515074,0.478119,True,3.906,True,0.530978,0.441187
46.134,True,3.463,True,0.515271,0.478502,True,3.919,True,0.530978,0.441187
46.144,True,3.463,True,0.515151,0.478913,True,3.932,True,0.530868,0.441423
46.156,True,3.469,True,0.515151,0.478913,True,3.929,True,0.531000,0.441715
46.167,True,3.474,True,0.514904,0.478804,True,3.925,True,0.531000,0.441715
46.178,True,3.479,True,0.514904,0.478804,True,3.916,True,0.531202,0.441816
46.189,True,3.474,True,0.514917,0.479174,True,3.912,True,0.531775,0.442190
46.200,True,3.471,True,0.514856,0.479192,True,3.916,True,0.531775,0.442190
46.212,True,3.459,True,0.514949,0.479740,True,3.905,True,0.531897,0.442447
46.223,True,3.451,True,0.514949,0.479740,True,3.901,True,0.532244,0.442286
46.233,True,3.459,True,0.515031,0.479807,True,3.896,True,0.532244,0.442286
46.245,True,3.462,True,0.514971,0.480202,True,3.890,True,0.532717,0.442537
46.256,True,3.457,True,0.514971,0.480202,True,3.890,True,0.533021,0.442616
46.267,True,3.453,True,0.515038,0.480504,True,3.890,True,0.533021,0.442616
46.279,True,3.445,True,0.515197,0.480515,True,3.889,True,0.532919,0.442708
46.289,True,3.444,True,0.515197,0.480515,True,3.888,True,0.533325,0.442842
46.300,True,3.442,True,0.515218,0.480729,True,3.888,True,0.533325,0.442842
46.311,True,3.446,True,0.515348,0.480699,True,3.896,True,0.533617,0.442821
46.323,True,3.450,True,0.515348,0.480699,True,3.889,True,0.533792,0.442734
46.334,True,3.447,True,0.515093,0.480891,True,3.883,True,0.533792,0.442734
46.345,True,3.431,True,0.514944,0.480922,True,3.876,True,0.534088,0.442877
46.356,True,3.419,True,0.514944,0.480922,True,3.863,True,0.534330,0.443060
46.367,True,3.416,True,0.515013,0.480999,True,3.854,True,0.534330,0.443060
46.378,True,3.414,True,0.515013,0.480999,True,3.846,True,0.534700,0.443180
46.389,True,3.387,True,0.514206,0.480783,True,3.827,True,0.535457,0.442944
46.400,True,3.389,True,0.511092,0.479991,True,3.819,True,0.535457,0.442944
46.411,True,3.378,True,0.506842,0.479886,True,3.802,True,0.534054,0.444013
46.425,True,3.379,True,0.500523,0.480176,True,3.799,True,0.533440,0.446396
46.436,True,3.379,True,0.500523,0.480176,True,3.799,True,0.533440,0.446396
46.447,True,3.347,True,0.494812,0.478376,True,3.704,True,0.529423,0.446106
46.459,False,0.000,False,0.000000,0.000000,True,2.942,True,0.521591,0.438966
46.471,False,0.000,False,0.000000,0.000000,False,0.000,False,0.000000,0.000000
46.482,False,0.000,False,0.000000,0.000000,False,0.000,False,0.000000,0.000000
46.492,False,0.000,False,0.000000,0.000000,False,0.000,False,0.000000,0.000000
46.503,False,0.000,False,0.000000,0.000000,False,0.000,False,0.000000,0.000000
46.514,False,0.000,False,0.000000,0.000000,False,0.000,False,0.000000,0.000000
46.525,False,0.000,False,0.000000,0.000000,False,0.000,False,0.000000,0.000000
46.536,False,0.000,False,0.000000,0.000000,True,3.069,True,0.522722,0.453333
46.548,True,3.314,True,0.493655,0.479825,True,3.202,True,0.522722,0.453333
46.559,True,3.314,True,0.493655,0.479825,True,3.486,True,0.522048,0.453052
46.570,True,3.315,True,0.494034,0.479760,True,3.630,True,0.521213,0.452990
46.581,True,3.323,True,0.494633,0.479671,True,3.705,True,0.521213,0.452990
46.592,True,3.350,True,0.494633,0.479671,True,3.719,True,0.521018,0.453013
46.604,True,3.366,True,0.495525,0.479763,True,3.725,True,0.520681,0.453010
46.615,True,3.372,True,0.495525,0.479763,True,3.729,True,0.520681,0.453010
46.626,True,3.354,True,0.495401,0.479859,True,3.735,True,0.520425,0.453048
46.637,True,3.353,True,0.495625,0.479905,True,3.739,True,0.520425,0.453048
46.648,True,3.356,True,0.495625,0.479905,True,3.734,True,0.520070,0.452855
46.659,True,3.372,True,0.495811,0.480045,True,3.723,True,0.519896,0.452779
46.670,True,3.372,True,0.495704,0.480164,True,3.716,True,0.519896,0.452779
46.681,True,3.370,True,0.495704,0.480164,True,3.719,True,0.519872,0.452795
46.693,True,3.344,True,0.495484,0.480045,True,3.723,True,0.519699,0.452969
46.704,True,3.346,True,0.495753,0.480097,True,3.725,True,0.519699,0.452969
46.715,True,3.350,True,0.495753,0.480097,True,3.724,True,0.519593,0.452979
46.726,True,3.356,True,0.495911,0.479901,True,3.726,True,0.519671,0.452775
46.737,True,3.364,True,0.496187,0.479935,True,3.730,True,0.519671,0.452775
46.748,True,3.369,True,0.496187,0.479935,True,3.737,True,0.519577,0.452692
46.763,True,3.387,True,0.496026,0.480185,True,3.747,True,0.519531,0.452711
46.774,True,3.386,True,0.496170,0.480124,True,3.749,True,0.519531,0.452711
46.785,True,3.390,True,0.496174,0.480124,True,3.759,True,0.519541,0.452763
46.796,True,3.394,True,0.496174,0.480124,True,3.757,True,0.519703,0.452838
46.807,True,3.424,True,0.496477,0.480255,True,3.764,True,0.519778,0.452666
46.818,True,3.424,True,0.496477,0.480255,True,3.764,True,0.519778,0.452666
46.829,True,3.446,True,0.496702,0.480293,True,3.778,True,0.519664,0.452684
46.841,True,3.465,True,0.496562,0.480224,True,3.790,True,0.519705,0.452727
46.852,True,3.468,True,0.496593,0.480106,True,3.793,True,0.519705,0.452727
46.863,True,3.470,True,0.496593,0.480106,True,3.797,True,0.519549,0.452803
46.873,True,3.471,True,0.496464,0.479985,True,3.800,True,0.519549,0.452803
46.884,True,3.472,True,0.496464,0.479985,True,3.809,True,0.519569,0.452748
46.896,True,3.481,True,0.496305,0.480058,True,3.827,True,0.519229,0.452786
46.907,True,3.494,True,0.496410,0.479957,True,3.834,True,0.519229,0.452786
46.918,True,3.511,True,0.496122,0.480323,True,3.831,True,0.519333,0.452803
46.929,True,3.517,True,0.496122,0.480323,True,3.832,True,0.519221,0.452787
46.941,True,3.513,True,0.496305,0.480250,True,3.833,True,0.519221,0.452787
46.952,True,3.505,True,0.496248,0.479958,True,3.824,True,0.519159,0.452805
46.963,True,3.502,True,0.496248,0.479958,True,3.820,True,0.519225,0.452995
46.974,True,3.490,True,0.496267,0.480323,True,3.816,True,0.519225,0.452995
46.985,True,3.471,True,0.496139,0.479985,True,3.796,True,0.519125,0.453018
46.996,True,3.463,True,0.496139,0.479985,True,3.780,True,0.518919,0.453226
47.007,True,3.455,True,0.493963,0.479741,True,3.767,True,0.518919,0.453226
47.019,True,3.434,True,0.489727,0.479216,True,3.742,True,0.516190,0.454701
47.029,True,3.420,True,0.489727,0.479216,True,3.720,True,0.512992,0.456287
47.041,True,3.374,True,0.488339,0.479383,True,3.681,True,0.512373,0.456992
47.051,True,3.374,True,0.488339,0.479383,True,3.681,True,0.512373,0.456992
47.063,True,3.340,True,0.488108,0.479560,True,3.639,True,0.512303,0.457045
47.074,True,3.335,True,0.488603,0.479333,True,3.620,True,0.512303,0.457045
47.085,True,3.320,True,0.488343,0.479344,True,3.599,True,0.512448,0.457021
47.096,True,3.308,True,0.488343,0.479344,True,3.586,True,0.512410,0.457010
47.107,True,3.305,True,0.488521,0.479939,True,3.576,True,0.512410,0.457010
47.118,True,3.303,True,0.488448,0.480197,True,3.571,True,0.512517,0.457129
47.129,True,3.306,True,0.488448,0.480197,True,3.564,True,0.512838,0.457339
47.140,True,3.291,True,0.488429,0.480059,True,3.559,True,0.512838,0.457339
47.151,True,3.263,True,0.488586,0.479938,True,3.538,True,0.512436,0.457258
47.162,True,3.251,True,0.488586,0.479938,True,3.528,True,0.512363,0.457253
47.173,True,3.233,True,0.487911,0.480241,True,3.520,True,0.512363,0.457253
47.184,True,3.230,True,0.487922,0.480119,True,3.501,True,0.512338,0.457195
47.196,True,3.225,True,0.488214,0.480154,True,3.493,True,0.512454,0.457141
47.207,True,3.225,True,0.488214,0.480154,True,3.493,True,0.512454,0.457141
47.218,True,3.214,True,0.487941,0.479975,True,3.473,True,0.512278,0.457417
47.229,True,3.214,True,0.487941,0.479975,True,3.473,True,0.512089,0.457369
47.240,True,3.211,True,0.487975,0.480025,True,3.474,True,0.512089,0.457369
47.251,True,3.206,True,0.488043,0.480095,True,3.461,True,0.511984,0.457320
47.263,True,3.200,True,0.488043,0.480095,True,3.455,True,0.511949,0.457322
47.273,True,3.187,True,0.487967,0.480151,True,3.447,True,0.511978,0.457222
47.284,True,3.187,True,0.487969,0.479778,True,3.446,True,0.511978,0.457222
47.296,True,3.187,True,0.487969,0.479778,True,3.445,True,0.511982,0.457301
47.308,True,3.187,True,0.488112,0.479944,True,3.454,True,0.511849,0.457342
47.318,True,3.179,True,0.487753,0.480178,True,3.461,True,0.511849,0.457342
47.329,True,3.172,True,0.487753,0.480178,True,3.465,True,0.511975,0.457287
47.340,True,3.171,True,0.488088,0.480204,True,3.463,True,0.512044,0.457313
47.351,True,3.164,True,0.488088,0.480204,True,3.458,True,0.512044,0.457313
47.363,True,3.160,True,0.488315,0.480117,True,3.447,True,0.512078,0.457359
47.373,True,3.153,True,0.488329,0.480233,True,3.439,True,0.512078,0.457359
47.384,True,3.142,True,0.488329,0.480233,True,3.431,True,0.512152,0.457407
47.396,True,3.151,True,0.487972,0.480297,True,3.430,True,0.512152,0.457407
47.407,True,3.160,True,0.487972,0.480297,True,3.431,True,0.512318,0.457505
47.418,True,3.166,True,0.487944,0.480305,True,3.428,True,0.512072,0.457350
47.429,True,3.173,True,0.487944,0.480305,True,3.426,True,0.512072,0.457350
47.440,True,3.174,True,0.487944,0.480305,True,3.440,True,0.512101,0.457295
47.451,True,3.181,True,0.487928,0.480168,True,3.492,True,0.511886,0.457372
47.462,True,3.187,True,0.487928,0.480168,True,3.535,True,0.511886,0.457372
47.473,True,3.194,True,0.487983,0.480260,True,3.598,True,0.511925,0.457211
47.485,True,3.197,True,0.487983,0.480260,True,3.610,True,0.511937,0.457359
47.496,True,3.188,True,0.488027,0.479978,True,3.615,True,0.511937,0.457359
47.507,True,3.180,True,0.488027,0.479978,True,3.618,True,0.511881,0.457309
47.519,True,3.187,True,0.487964,0.480035,True,3.623,True,0.511749,0.457378
47.530,True,3.178,True,0.488074,0.479993,True,3.625,True,0.511749,0.457378
47.541,True,3.181,True,0.488240,0.480242,True,3.629,True,0.511856,0.457225
47.552,True,3.190,True,0.488240,0.480242,True,3.625,True,0.512036,0.457078
47.563,True,3.190,True,0.488152,0.480116,True,3.620,True,0.512036,0.457078
47.574,True,3.197,True,0.488389,0.480149,True,3.626,True,0.512010,0.457207
47.585,True,3.201,True,0.488389,0.480149,True,3.635,True,0.511911,0.457237
47.596,True,3.198,True,0.488396,0.480074,True,3.643,True,0.511911,0.457237
47.607,True,3.196,True,0.488142,0.480329,True,3.632,True,0.511965,0.457214
47.618,True,3.196,True,0.488142,0.480329,True,3.625,True,0.512173,0.457153
47.629,True,3.186,True,0.488398,0.480076,True,3.619,True,0.512173,0.457153
47.640,True,3.183,True,0.488399,0.480120,True,3.635,True,0.512204,0.457205
47.652,True,3.188,True,0.488399,0.480120,True,3.640,True,0.511974,0.457192
47.663,True,3.191,True,0.488637,0.480197,True,3.644,True,0.511974,0.457192
47.674,True,3.204,True,0.488321,0.480111,True,3.662,True,0.512170,0.457266
47.685,True,3.212,True,0.488321,0.480111,True,3.654,True,0.512194,0.457246
47.696,True,3.220,True,0.488168,0.480347,True,3.647,True,0.512194,0.457246
47.707,True,3.228,True,0.488323,0.480218,True,3.657,True,0.512272,0.457272
47.719,True,3.226,True,0.488323,0.480218,True,3.657,True,0.512136,0.457321
47.730,True,3.227,True,0.487966,0.480466,True,3.657,True,0.512136,0.457321
47.741,True,3.221,True,0.488310,0.480523,True,3.667,True,0.512154,0.457344
47.751,True,3.216,True,0.488310,0.480523,True,3.670,True,0.512130,0.457282
47.763,True,3.216,True,0.488342,0.480241,True,3.673,True,0.512130,0.457282
47.774,True,3.230,True,0.488386,0.480335,True,3.680,True,0.512065,0.457363
47.785,True,3.241,True,0.488386,0.480335,True,3.688,True,0.511955,0.457359
47.796,True,3.242,True,0.487493,0.480132,True,3.695,True,0.511955,0.457359
47.807,True,3.244,True,0.484680,0.480199,True,3.691,True,0.511298,0.458212
47.818,True,3.245,True,0.484680,0.480199,True,3.684,True,0.510308,0.459283
47.829,True,3.253,True,0.484427,0.480541,True,3.678,True,0.510308,0.459283
47.840,True,3.271,True,0.484264,0.480334,True,3.681,True,0.509977,0.459608
47.851,True,3.279,True,0.484264,0.480334,True,3.683,True,0.509912,0.459586
47.862,True,3.294,True,0.484151,0.480620,True,3.684,True,0.509912,0.459586
47.873,True,3.306,True,0.484374,0.480684,True,3.711,True,0.509880,0.459605
47.885,True,3.306,True,0.484374,0.480684,True,3.722,True,0.510061,0.459517
47.896,True,3.306,True,0.484217,0.480533,True,3.737,True,0.509983,0.459525
47.907,True,3.308,True,0.484288,0.480673,True,3.742,True,0.509983,0.459525
47.919,True,3.311,True,0.484288,0.480673,True,3.750,True,0.510048,0.459447
47.930,True,3.318,True,0.484406,0.480616,True,3.757,True,0.510048,0.459447
47.940,True,3.325,True,0.484473,0.480452,True,3.766,True,0.510174,0.459331
47.952,True,3.325,True,0.484473,0.480452,True,3.772,True,0.510078,0.459401
47.963,True,3.325,True,0.484473,0.480452,True,3.777,True,0.510078,0.459401
47.974,True,3.427,True,0.484455,0.480300,True,3.779,True,0.510226,0.459261
47.985,True,3.465,True,0.484455,0.480300,True,3.788,True,0.510335,0.459181
47.996,True,3.511,True,0.484649,0.480673,True,3.794,True,0.510335,0.459181
48.007,True,3.546,True,0.484488,0.480044,True,3.795,True,0.510299,0.459124
48.021,True,3.536,True,0.484547,0.480252,True,3.800,True,0.510309,0.459125
48.032,True,3.532,True,0.484547,0.480252,True,3.806,True,0.510116,0.459211
48.043,True,3.531,True,0.484754,0.480511,True,3.811,True,0.510116,0.459211
48.054,True,3.532,True,0.485039,0.480347,True,3.834,True,0.510098,0.459112
48.065,True,3.532,True,0.485039,0.480347,True,3.844,True,0.510133,0.459282
48.076,True,3.532,True,0.485039,0.480347,True,3.851,True,0.510133,0.459282
48.087,True,3.531,True,0.484462,0.479989,True,3.850,True,0.510070,0.459115
48.098,True,3.549,True,0.484211,0.480113,True,3.850,True,0.510028,0.459234
48.109,True,3.555,True,0.484133,0.480365,True,3.853,True,0.510028,0.459234
48.121,True,3.559,True,0.484133,0.480365,True,3.858,True,0.510150,0.459187
48.131,True,3.572,True,0.484190,0.480530,True,3.863,True,0.510150,0.459187
48.142,True,3.591,True,0.484428,0.480061,True,3.875,True,0.509702,0.459135
48.154,True,3.598,True,0.484428,0.480061,True,3.883,True,0.509713,0.458908
48.165,True,3.588,True,0.484878,0.480191,True,3.890,True,0.513066,0.458427
48.176,True,3.572,True,0.488405,0.481900,True,3.891,True,0.513066,0.458427
48.187,True,3.559,True,0.488405,0.481900,True,3.887,True,0.516662,0.458199
48.198,True,3.548,True,0.490264,0.482676,True,3.883,True,0.516662,0.458199
48.209,True,3.540,True,0.490264,0.482676,True,3.888,True,0.517200,0.458258
48.220,True,3.553,True,0.490532,0.482832,True,3.898,True,0.517200,0.458258
48.231,True,3.543,True,0.490637,0.483046,True,3.908,True,0.517212,0.458383
48.242,True,3.551,True,0.490771,0.483037,True,3.910,True,0.517212,0.458383
48.253,True,3.558,True,0.490771,0.483037,True,3.918,True,0.517422,0.458243
48.265,True,3.560,True,0.490290,0.483170,True,3.925,True,0.517422,0.458243
48.276,True,3.553,True,0.490259,0.483110,True,3.921,True,0.517340,0.458230
48.287,True,3.545,True,0.490259,0.483110,True,3.924,True,0.517281,0.458350
48.298,True,3.538,True,0.490147,0.483059,True,3.927,True,0.517281,0.458350
48.309,True,3.538,True,0.490497,0.483073,True,3.929,True,0.517270,0.458360
48.321,True,3.542,True,0.490497,0.483073,True,3.924,True,0.517196,0.458300
48.331,True,3.563,True,0.490419,0.483057,True,3.920,True,0.517000,0.458274
48.342,True,3.570,True,0.490756,0.482803,True,3.922,True,0.517000,0.458274
48.353,True,3.575,True,0.490756,0.482803,True,3.920,True,0.516955,0.458211
48.365,True,3.583,True,0.490343,0.482984,True,3.918,True,0.516955,0.458211
48.376,True,3.578,True,0.490436,0.482764,True,3.928,True,0.517256,0.458154
48.387,True,3.568,True,0.490436,0.482764,True,3.926,True,0.517081,0.458382
48.398,True,3.563,True,0.490613,0.483062,True,3.924,True,0.517081,0.458382
48.409,True,3.569,True,0.490277,0.483012,True,3.937,True,0.517306,0.458327
48.420,True,3.580,True,0.490277,0.483012,True,3.941,True,0.517306,0.458327
48.431,True,3.585,True,0.490699,0.483034,True,3.942,True,0.517390,0.457996
48.443,True,3.584,True,0.490792,0.482997,True,3.944,True,0.517204,0.458142
48.454,True,3.582,True,0.490792,0.482997,True,3.945,True,0.517204,0.458142
48.465,True,3.579,True,0.490792,0.482997,True,3.947,True,0.517379,0.458048
48.476,True,3.581,True,0.490815,0.482935,True,3.949,True,0.517345,0.457978
48.487,True,3.578,True,0.490815,0.482935,True,3.948,True,0.517345,0.457978
48.498,True,3.582,True,0.490545,0.482959,True,3.949,True,0.517281,0.457927
48.509,True,3.594,True,0.490599,0.482989,True,3.964,True,0.517236,0.458028
48.521,True,3.602,True,0.490599,0.482989,True,3.962,True,0.517332,0.457976
48.533,True,3.602,True,0.490256,0.482914,True,3.961,True,0.517211,0.458042
48.543,True,3.609,True,0.490539,0.483000,True,3.961,True,0.517211,0.458042
48.554,True,3.614,True,0.490539,0.483000,True,3.960,True,0.517211,0.458042
48.565,True,3.610,True,0.490250,0.483011,True,3.960,True,0.517139,0.458100
48.576,True,3.604,True,0.490250,0.483011,True,3.962,True,0.517135,0.458195
48.587,True,3.598,True,0.490410,0.483153,True,3.969,True,0.517064,0.458172
48.598,True,3.596,True,0.489848,0.483041,True,3.975,True,0.517064,0.458172
48.610,True,3.598,True,0.489848,0.483041,True,3.991,True,0.517066,0.458170
48.621,True,3.605,True,0.490236,0.483046,True,3.996,True,0.517066,0.458170
48.632,True,3.617,True,0.490236,0.483046,True,3.993,True,0.517053,0.458217
48.643,True,3.617,True,0.490236,0.483046,True,3.993,True,0.517053,0.458217
48.654,True,3.626,True,0.490292,0.482641,True,3.986,True,0.517000,0.458200
48.665,True,3.622,True,0.490292,0.482641,True,3.986,True,0.516416,0.458307
48.676,True,3.659,True,0.485981,0.481193,True,3.989,True,0.513694,0.458717
48.688,True,3.678,True,0.485981,0.481193,True,3.985,True,0.512618,0.458740
48.698,True,3.707,True,0.485975,0.481284,True,3.981,True,0.512618,0.458740
48.709,True,3.732,True,0.485975,0.481284,True,3.976,True,0.512618,0.458740
48.720,True,3.735,True,0.485848,0.481140,True,3.969,True,0.512627,0.458867
48.732,True,3.732,True,0.485848,0.481140,True,3.964,True,0.512661,0.458763
48.743,True,3.720,True,0.486135,0.481377,True,3.965,True,0.512560,0.458889
48.754,True,3.718,True,0.486135,0.481377,True,3.966,True,0.512560,0.458889
48.765,True,3.730,True,0.486020,0.481400,True,3.971,True,0.512534,0.459007
48.776,True,3.739,True,0.486020,0.481400,True,3.980,True,0.512494,0.459066
48.787,True,3.726,True,0.485766,0.481254,True,3.992,True,0.512494,0.459066
48.798,True,3.726,True,0.486258,0.481343,True,3.993,True,0.512639,0.459107
48.809,True,3.719,True,0.486126,0.481350,True,3.987,True,0.512653,0.459122
48.820,True,3.716,True,0.486126,0.481350,True,3.984,True,0.512653,0.459122
48.831,True,3.716,True,0.486187,0.481305,True,3.979,True,0.512733,0.459139
48.843,True,3.716,True,0.486187,0.481305,True,3.977,True,0.512585,0.459109
48.854,True,3.689,True,0.486278,0.481596,True,3.980,True,0.512670,0.459056
48.865,True,3.688,True,0.486327,0.481411,True,3.984,True,0.512670,0.459056
48.876,True,3.688,True,0.486327,0.481411,True,3.988,True,0.512816,0.458878
48.887,True,3.713,True,0.486157,0.481459,True,3.990,True,0.512922,0.458871
48.898,True,3.724,True,0.486157,0.481459,True,3.989,True,0.512922,0.458871
48.910,True,3.726,True,0.486092,0.481390,True,3.988,True,0.512937,0.458921
48.920,True,3.722,True,0.486272,0.481211,True,3.989,True,0.513018,0.458973
48.932,True,3.719,True,0.486272,0.481211,True,3.991,True,0.513018,0.458973
48.943,True,3.711,True,0.486330,0.481350,True,3.990,True,0.512826,0.459130
48.954,True,3.695,True,0.486198,0.481607,True,3.988,True,0.512826,0.459130
48.965,True,3.690,True,0.486198,0.481607,True,3.995,True,0.512941,0.459115
48.976,True,3.696,True,0.486302,0.481519,True,3.997,True,0.513105,0.459052
48.987,True,3.715,True,0.486123,0.481451,True,4.000,True,0.513105,0.459052
48.998,True,3.697,True,0.486123,0.481451,True,3.999,True,0.513778,0.458904
49.009,True,3.681,True,0.488731,0.482190,True,4.011,True,0.518223,0.457766
49.020,True,3.697,True,0.493001,0.483295,True,4.029,True,0.518223,0.457766
49.031,True,3.704,True,0.493001,0.483295,True,4.029,True,0.521364,0.456677
49.043,True,3.715,True,0.494792,0.483816,True,4.028,True,0.521364,0.456677
49.053,True,3.731,True,0.494678,0.483943,True,4.038,True,0.521240,0.456535
49.065,True,3.733,True,0.494678,0.483943,True,4.036,True,0.521366,0.456511
49.076,True,3.720,True,0.495027,0.484163,True,4.033,True,0.521291,0.456576
49.086,True,3.703,True,0.494904,0.483881,True,4.028,True,0.521291,0.456576
49.098,True,3.707,True,0.495012,0.483933,True,4.035,True,0.521446,0.456519
49.109,True,3.711,True,0.495012,0.483933,True,4.047,True,0.521656,0.456491
49.120,True,3.717,True,0.495127,0.483974,True,4.058,True,0.521656,0.456491
49.131,True,3.726,True,0.495109,0.484238,True,4.062,True,0.521363,0.456638
49.142,True,3.727,True,0.495109,0.484238,True,4.057,True,0.521327,0.456592
49.154,True,3.719,True,0.495102,0.484208,True,4.051,True,0.521327,0.456592
49.165,True,3.713,True,0.495102,0.484208,True,4.053,True,0.521468,0.456568
49.176,True,3.714,True,0.495059,0.483999,True,4.059,True,0.521198,0.456564
49.187,True,3.711,True,0.495358,0.484273,True,4.062,True,0.521133,0.456458
49.198,True,3.711,True,0.495358,0.484273,True,4.061,True,0.521133,0.456458
49.209,True,3.711,True,0.495095,0.483865,True,4.068,True,0.521219,0.456405
49.220,True,3.714,True,0.494900,0.484106,True,4.074,True,0.521219,0.456405
49.231,True,3.718,True,0.494900,0.484106,True,4.070,True,0.521091,0.456467
49.242,True,3.727,True,0.494731,0.484169,True,4.078,True,0.521025,0.456464
49.253,True,3.726,True,0.495458,0.483842,True,4.088,True,0.521025,0.456464
49.265,True,3.720,True,0.495458,0.483842,True,4.089,True,0.521381,0.456420
49.276,True,3.732,True,0.495323,0.483972,True,4.090,True,0.521128,0.456367
49.287,True,3.742,True,0.495323,0.483972,True,4.089,True,0.521128,0.456367
49.298,True,3.731,True,0.495301,0.484120,True,4.087,True,0.520926,0.456435
49.309,True,3.736,True,0.495430,0.483870,True,4.086,True,0.520837,0.456280
49.320,True,3.738,True,0.495430,0.483870,True,4.085,True,0.520837,0.456280
49.331,True,3.750,True,0.495346,0.483966,True,4.083,True,0.520837,0.456280
49.343,True,3.753,True,0.495224,0.483809,True,4.083,True,0.520945,0.456244
49.354,True,3.756,True,0.495367,0.483799,True,4.086,True,0.521229,0.456149
49.365,True,3.756,True,0.495367,0.483799,True,4.087,True,0.521067,0.455880
49.376,True,3.757,True,0.495120,0.483894,True,4.088,True,0.521067,0.455880
49.387,True,3.759,True,0.495120,0.483894,True,4.093,True,0.521183,0.456129
49.398,True,3.763,True,0.495139,0.483710,True,4.098,True,0.521150,0.456188
49.409,True,3.771,True,0.495389,0.483858,True,4.101,True,0.521149,0.456112
49.420,True,3.775,True,0.495265,0.483802,True,4.099,True,0.521149,0.456112
49.432,True,3.779,True,0.495265,0.483802,True,4.091,True,0.520867,0.456211
49.443,True,3.774,True,0.492954,0.483134,True,4.088,True,0.520867,0.456211
49.454,True,3.769,True,0.492954,0.483134,True,4.096,True,0.517308,0.457039
49.465,True,3.770,True,0.488687,0.481518,True,4.087,True,0.513674,0.457640
49.476,True,3.783,True,0.486318,0.480586,True,4.069,True,0.512071,0.457944
49.487,True,3.804,True,0.486300,0.480157,True,4.055,True,0.512071,0.457944
49.498,True,3.834,True,0.486300,0.480157,True,4.028,True,0.511646,0.458176
49.509,True,3.833,True,0.486153,0.480095,True,4.018,True,0.511646,0.458176
49.523,True,3.830,True,0.486153,0.480095,True,4.016,True,0.511644,0.458217
49.534,True,3.818,True,0.486002,0.480178,True,4.011,True,0.511821,0.458215
49.545,True,3.822,True,0.486085,0.480152,True,4.008,True,0.511821,0.458215
49.557,True,3.824,True,0.485785,0.480183,True,3.998,True,0.511773,0.458244
49.567,True,3.817,True,0.485693,0.480208,True,4.000,True,0.511629,0.458300
49.578,True,3.808,True,0.485693,0.480208,True,4.001,True,0.511629,0.458300
49.589,True,3.816,True,0.485698,0.480215,True,3.996,True,0.511638,0.458214
49.601,True,3.822,True,0.485698,0.480215,True,3.992,True,0.511557,0.458305
49.612,True,3.822,True,0.485789,0.480146,True,3.985,True,0.511557,0.458305
49.623,True,3.827,True,0.485761,0.480095,True,3.989,True,0.511903,0.458400
49.634,True,3.830,True,0.485761,0.480095,True,3.987,True,0.511708,0.458433
49.645,True,3.812,True,0.485621,0.480150,True,3.987,True,0.511806,0.458421
49.656,True,3.814,True,0.485589,0.480426,True,3.987,True,0.511806,0.458421
49.667,True,3.812,True,0.485649,0.480301,True,3.989,True,0.511729,0.458413
49.679,True,3.810,True,0.485649,0.480301,True,3.991,True,0.511826,0.458334
49.690,True,3.810,True,0.485593,0.480183,True,3.993,True,0.511826,0.458334
49.700,True,3.818,True,0.485396,0.480225,True,3.994,True,0.511979,0.458377
49.712,True,3.825,True,0.485396,0.480225,True,3.994,True,0.511979,0.458377
49.723,True,3.831,True,0.485396,0.480225,True,3.995,True,0.511742,0.458446
49.734,True,3.818,True,0.485678,0.480132,True,3.997,True,0.511742,0.458446
49.745,True,3.787,True,0.485701,0.480253,True,3.999,True,0.512123,0.458280
49.756,True,3.796,True,0.485287,0.480220,True,4.003,True,0.512123,0.458280
49.767,True,3.805,True,0.485287,0.480220,True,4.006,True,0.512123,0.458280
49.778,True,3.801,True,0.485575,0.480236,True,3.989,True,0.511978,0.458337
49.789,True,3.801,True,0.485487,0.480296,True,3.989,True,0.512105,0.458253
49.800,True,3.800,True,0.485487,0.480296,True,3.989,True,0.512009,0.458249
49.811,True,3.781,True,0.485621,0.480172,True,3.988,True,0.512008,0.458302
49.823,True,3.776,True,0.485621,0.480172,True,3.989,True,0.512008,0.458302
49.834,True,3.791,True,0.485576,0.480248,True,3.986,True,0.512047,0.458356
49.845,True,3.798,True,0.485576,0.480248,True,3.983,True,0.512047,0.458356
49.856,True,3.808,True,0.485305,0.480137,True,3.984,True,0.511854,0.458377
49.870,True,3.821,True,0.485305,0.480137,True,3.981,True,0.512136,0.458256
49.881,True,3.825,True,0.485332,0.480148,True,3.985,True,0.511989,0.458334
49.892,True,3.827,True,0.485332,0.480148,True,3.988,True,0.511989,0.458334
49.903,True,3.809,True,0.489664,0.481966,True,3.991,True,0.514812,0.457593
49.914,True,3.803,True,0.489664,0.481966,True,3.992,True,0.514812,0.457593
49.926,True,3.812,True,0.494677,0.483131,True,3.996,True,0.519657,0.456320
49.938,True,3.809,True,0.496366,0.483695,True,4.012,True,0.523239,0.455406
49.949,True,3.807,True,0.496366,0.483695,True,4.025,True,0.523158,0.455636
49.960,True,3.810,True,0.496416,0.484044,True,4.043,True,0.523158,0.455636
49.971,True,3.813,True,0.496416,0.484044,True,4.050,True,0.523209,0.455459
49.982,True,3.812,True,0.496661,0.484072,True,4.052,True,0.523027,0.455364
49.993,True,3.812,True,0.496661,0.484072,True,4.051,True,0.523027,0.455364
50.004,True,3.813,True,0.496619,0.484226,True,4.073,True,0.523212,0.455519
50.015,True,3.814,True,0.496619,0.484226,True,4.081,True,0.523212,0.455519
50.026,True,3.816,True,0.496619,0.484226,True,4.080,True,0.523311,0.455840
50.037,True,3.817,True,0.496325,0.484318,True,4.073,True,0.523309,0.455840
50.047,True,3.833,True,0.496340,0.484294,True,4.067,True,0.523309,0.455840
50.059,True,3.845,True,0.496340,0.484294,True,4.068,True,0.523276,0.455796
50.070,True,3.837,True,0.496462,0.484593,True,4.072,True,0.523308,0.455791
50.081,True,3.836,True,0.496299,0.484557,True,4.076,True,0.523308,0.455791
50.092,True,3.832,True,0.496299,0.484557,True,4.082,True,0.523155,0.455867
50.103,True,3.822,True,0.496131,0.484555,True,4.097,True,0.523365,0.455790
50.114,True,3.825,True,0.496131,0.484555,True,4.102,True,0.523365,0.455790
50.129,True,3.823,True,0.496436,0.484506,True,4.091,True,0.523085,0.455688
50.147,True,3.821,True,0.496415,0.484369,True,4.092,True,0.523184,0.455701
50.159,True,3.832,True,0.496100,0.484407,True,4.092,True,0.523184,0.455701
50.170,True,3.850,True,0.496100,0.484407,True,4.086,True,0.523238,0.455596
50.181,True,3.850,True,0.496388,0.484345,True,4.094,True,0.523215,0.455650
50.192,True,3.846,True,0.496300,0.484399,True,4.099,True,0.523215,0.455650
50.203,True,3.841,True,0.496300,0.484399,True,4.100,True,0.523095,0.455708
50.214,True,3.849,True,0.496259,0.484430,True,4.110,True,0.523274,0.455723
50.225,True,3.839,True,0.496513,0.484458,True,4.117,True,0.523274,0.455723
50.236,True,3.831,True,0.496513,0.484458,True,4.122,True,0.523274,0.455723
50.247,True,3.825,True,0.496513,0.484458,True,4.121,True,0.523237,0.455481
50.258,True,3.823,True,0.496453,0.484389,True,4.134,True,0.523141,0.455532
50.270,True,3.818,True,0.496453,0.484389,True,4.138,True,0.523141,0.455532
50.281,True,3.829,True,0.496346,0.484378,True,4.135,True,0.523071,0.455489
50.292,True,3.845,True,0.493590,0.483125,True,4.124,True,0.522576,0.455574
50.303,True,3.845,True,0.493590,0.483125,True,4.124,True,0.522576,0.455574
50.314,True,3.856,True,0.489187,0.481386,True,4.132,True,0.518338,0.456465
50.325,True,3.861,True,0.489187,0.481386,True,4.157,True,0.513482,0.457270
50.336,True,3.869,True,0.485430,0.479947,True,4.166,True,0.513482,0.457270
50.347,True,3.889,True,0.485715,0.479714,True,4.155,True,0.511227,0.457412
50.358,True,3.918,True,0.485715,0.479714,True,4.118,True,0.510859,0.457735
50.370,True,3.923,True,0.485520,0.479290,True,4.103,True,0.510859,0.457735
50.381,True,3.898,True,0.485476,0.479626,True,4.103,True,0.511105,0.457921
50.392,True,3.887,True,0.485476,0.479626,True,4.102,True,0.510976,0.457876
50.403,True,3.883,True,0.485387,0.479821,True,4.112,True,0.511069,0.457810
50.414,True,3.882,True,0.485387,0.479821,True,4.120,True,0.511069,0.457810
50.426,True,3.901,True,0.485665,0.479771,True,4.123,True,0.511088,0.457785
50.437,True,3.900,True,0.485098,0.479591,True,4.120,True,0.511088,0.457785
50.448,True,3.892,True,0.485088,0.479623,True,4.118,True,0.510973,0.457593
50.459,True,3.884,True,0.485369,0.479562,True,4.109,True,0.510961,0.457636
50.470,True,3.884,True,0.485369,0.479562,True,4.112,True,0.511217,0.457654
50.481,True,3.875,True,0.485284,0.479678,True,4.113,True,0.511058,0.457467
50.492,True,3.864,True,0.485656,0.479774,True,4.111,True,0.511058,0.457467
50.503,True,3.854,True,0.485656,0.479774,True,4.109,True,0.511077,0.457328
50.514,True,3.867,True,0.485430,0.479678,True,4.104,True,0.511077,0.457328
50.526,True,3.867,True,0.485430,0.479678,True,4.104,True,0.511077,0.457328
50.537,True,3.869,True,0.485589,0.479357,True,4.099,True,0.510967,0.457563
50.548,True,3.866,True,0.485758,0.479348,True,4.100,True,0.511119,0.457413
50.559,True,3.858,True,0.485758,0.479348,True,4.095,True,0.510993,0.457250
50.570,True,3.872,True,0.485422,0.479285,True,4.090,True,0.511171,0.456962
50.582,True,3.865,True,0.485401,0.479158,True,4.086,True,0.511171,0.456962
50.592,True,3.856,True,0.485401,0.479158,True,4.083,True,0.511025,0.457210
50.603,True,3.845,True,0.485184,0.479391,True,4.083,True,0.511025,0.457210
50.614,True,3.839,True,0.485844,0.479229,True,4.081,True,0.512549,0.456663
50.626,True,3.839,True,0.485844,0.479229,True,4.081,True,0.512549,0.456663
50.637,True,3.841,True,0.488828,0.480796,True,4.088,True,0.512549,0.456663
50.648,True,3.843,True,0.495975,0.482759,True,4.095,True,0.518844,0.455360
50.659,True,3.831,True,0.500031,0.484005,True,4.111,True,0.525460,0.453511
50.670,True,3.819,True,0.500031,0.484005,True,4.122,True,0.526599,0.453295
50.681,True,3.808,True,0.500553,0.484341,True,4.129,True,0.526599,0.453295
50.692,True,3.799,True,0.500553,0.484341,True,4.128,True,0.526387,0.453337
50.703,True,3.784,True,0.500622,0.484311,True,4.125,True,0.526589,0.453400
50.714,True,3.782,True,0.500622,0.484311,True,4.124,True,0.526589,0.453400
50.725,True,3.772,True,0.500357,0.484478,True,4.122,True,0.526339,0.453365
50.737,True,3.762,True,0.500377,0.484471,True,4.120,True,0.526339,0.453365
50.747,True,3.762,True,0.500377,0.484471,True,4.119,True,0.526314,0.453533
50.759,True,3.772,True,0.500265,0.484442,True,4.120,True,0.526204,0.453538
50.770,True,3.749,True,0.500123,0.484542,True,4.116,True,0.526204,0.453678
50.781,True,3.741,True,0.500123,0.484542,True,4.112,True,0.526204,0.453678
50.793,True,3.742,True,0.500020,0.484370,True,4.109,True,0.526204,0.453678
50.804,True,3.758,True,0.500109,0.484103,True,4.109,True,0.526022,0.453576
50.814,True,3.782,True,0.499807,0.484228,True,4.117,True,0.525953,0.453748
50.826,True,3.788,True,0.499807,0.484228,True,4.118,True,0.525992,0.453744
50.836,True,3.796,True,0.499842,0.484424,True,4.119,True,0.525992,0.453744
50.848,True,3.802,True,0.499842,0.484424,True,4.120,True,0.526145,0.453639
50.859,True,3.799,True,0.499842,0.484424,True,4.120,True,0.526145,0.453639
50.870,True,3.807,True,0.500177,0.483942,True,4.120,True,0.526133,0.453852
50.881,True,3.816,True,0.500177,0.483942,True,4.125,True,0.526320,0.453616
50.892,True,3.818,True,0.500090,0.484257,True,4.134,True,0.526182,0.453509
50.903,True,3.816,True,0.500325,0.484282,True,4.147,True,0.526182,0.453509
50.914,True,3.811,True,0.500325,0.484282,True,4.147,True,0.526354,0.453329
50.926,True,3.812,True,0.500184,0.484278,True,4.147,True,0.526354,0.453329
50.936,True,3.811,True,0.500203,0.484173,True,4.147,True,0.526433,0.453336
50.948,True,3.811,True,0.500203,0.484173,True,4.147,True,0.526279,0.453465
50.959,True,3.811,True,0.500248,0.484290,True,4.146,True,0.526279,0.453465
50.970,True,3.811,True,0.500133,0.483923,True,4.156,True,0.526381,0.453702
50.981,True,3.812,True,0.500133,0.483923,True,4.159,True,0.526407,0.453805
50.992,True,3.821,True,0.499833,0.484236,True,4.160,True,0.526181,0.453754
51.003,True,3.827,True,0.499773,0.484440,True,4.159,True,0.526181,0.453754
51.014,True,3.831,True,0.499773,0.484440,True,4.159,True,0.526315,0.454054
51.026,True,3.806,True,0.499231,0.484383,True,4.156,True,0.526147,0.454068
51.037,True,3.809,True,0.499065,0.483977,True,4.155,True,0.526147,0.454068
51.047,True,3.812,True,0.499065,0.483977,True,4.154,True,0.526457,0.453791
51.058,True,3.843,True,0.498554,0.482919,True,4.155,True,0.527392,0.452912
51.070,True,3.850,True,0.497631,0.481960,True,4.156,True,0.527392,0.452912
51.081,True,3.854,True,0.497631,0.481960,True,4.152,True,0.527950,0.452710
51.092,True,3.818,True,0.495019,0.481061,True,4.144,True,0.528609,0.453898
51.103,True,3.824,True,0.492164,0.481475,True,4.140,True,0.528609,0.453898
51.114,True,3.830,True,0.492164,0.481475,True,4.128,True,0.527674,0.455069
51.125,True,3.819,True,0.491119,0.480855,True,4.119,True,0.527674,0.455069
51.136,True,3.815,True,0.490237,0.480591,True,4.063,True,0.525799,0.455122
51.148,True,3.793,True,0.490391,0.480487,True,4.064,True,0.524162,0.455506
51.159,True,3.774,True,0.490391,0.480487,True,4.077,True,0.522456,0.454961
51.170,True,3.766,True,0.491047,0.479932,True,4.089,True,0.522456,0.454961
51.181,True,3.759,True,0.491047,0.479932,True,4.102,True,0.521293,0.454781
51.192,True,3.737,True,0.491870,0.480320,True,4.094,True,0.521293,0.454781
51.204,True,3.760,True,0.491990,0.480493,True,4.079,True,0.520911,0.455026
51.214,True,3.779,True,0.491990,0.480493,True,4.081,True,0.520623,0.455395
51.225,True,3.790,True,0.491773,0.480895,True,4.081,True,0.520491,0.455808
51.236,True,3.794,True,0.491773,0.480895,True,4.081,True,0.520491,0.455808
51.247,True,3.780,True,0.492065,0.481069,True,4.082,True,0.520491,0.455808
51.258,True,3.760,True,0.492067,0.481339,True,4.058,True,0.519894,0.455837
51.270,True,3.774,True,0.491597,0.481639,True,4.036,True,0.519535,0.455996
51.281,True,3.790,True,0.491822,0.481571,True,4.004,True,0.519163,0.456297
51.292,True,3.794,True,0.491822,0.481571,True,4.004,True,0.519020,0.456266
51.303,True,3.789,True,0.491324,0.481530,True,4.006,True,0.519020,0.456266
51.314,True,3.775,True,0.491324,0.481530,True,4.005,True,0.518799,0.456390
51.325,True,3.779,True,0.491397,0.481386,True,4.000,True,0.518799,0.456390
51.336,True,3.788,True,0.491187,0.481373,True,3.997,True,0.518519,0.456452
51.347,True,3.795,True,0.491187,0.481373,True,3.990,True,0.518274,0.456459
51.359,True,3.771,True,0.491009,0.481319,True,3.988,True,0.518337,0.456615
51.370,True,3.768,True,0.491163,0.481433,True,3.993,True,0.518337,0.456615
51.381,True,3.762,True,0.491163,0.481433,True,4.000,True,0.518148,0.456686
51.392,True,3.759,True,0.491082,0.481524,True,4.008,True,0.517903,0.456772
51.404,True,3.758,True,0.491082,0.481524,True,4.013,True,0.517903,0.456772
51.415,True,3.766,True,0.491112,0.481544,True,4.015,True,0.517971,0.456699
51.426,True,3.776,True,0.491112,0.481544,True,4.013,True,0.518003,0.456609
51.437,True,3.785,True,0.491112,0.481544,True,4.010,True,0.518003,0.456609
51.448,True,3.807,True,0.490918,0.481701,True,4.014,True,0.518003,0.456609
51.459,True,3.808,True,0.491475,0.481735,True,4.020,True,0.518150,0.456707
51.470,True,3.806,True,0.491475,0.481735,True,4.030,True,0.518063,0.456579
51.481,True,3.825,True,0.491179,0.481377,True,4.039,True,0.518054,0.456398
51.492,True,3.832,True,0.491268,0.481496,True,4.038,True,0.518054,0.456398
51.503,True,3.838,True,0.491268,0.481496,True,4.039,True,0.517995,0.456187
51.515,True,3.842,True,0.491694,0.481394,True,4.039,True,0.517995,0.456187
51.526,True,3.850,True,0.492215,0.481379,True,4.048,True,0.518208,0.455779
51.537,True,3.855,True,0.492215,0.481379,True,4.056,True,0.518022,0.455879
51.548,True,3.850,True,0.491626,0.481228,True,4.061,True,0.518022,0.455879
51.559,True,3.857,True,0.491910,0.481094,True,4.060,True,0.518068,0.455770
51.570,True,3.878,True,0.492045,0.481124,True,4.065,True,0.518206,0.455444
51.581,True,3.887,True,0.492045,0.481124,True,4.060,True,0.517797,0.455467
51.592,True,3.885,True,0.492195,0.481090,True,4.056,True,0.517797,0.455467
51.604,True,3.881,True,0.492195,0.481090,True,4.057,True,0.517997,0.455343
51.615,True,3.870,True,0.492028,0.480907,True,4.047,True,0.517718,0.455446
51.626,True,3.867,True,0.492275,0.480616,True,4.038,True,0.517718,0.455446
51.637,True,3.866,True,0.492275,0.480616,True,4.030,True,0.517677,0.455219
51.648,True,3.857,True,0.492327,0.480510,True,4.025,True,0.517743,0.455195
51.659,True,3.854,True,0.492359,0.480623,True,4.028,True,0.517743,0.455195
51.670,True,3.852,True,0.492359,0.480623,True,4.017,True,0.517713,0.455273
51.681,True,3.833,True,0.492364,0.480487,True,4.008,True,0.517713,0.455273
51.692,True,3.809,True,0.492059,0.480474,True,3.996,True,0.517882,0.455119
51.704,True,3.803,True,0.492059,0.480474,True,3.981,True,0.518025,0.455166
51.714,True,3.799,True,0.492179,0.480610,True,3.971,True,0.518025,0.455166
51.725,True,3.779,True,0.492663,0.480311,True,3.952,True,0.517713,0.455136
51.736,True,3.763,True,0.492663,0.480311,True,3.948,True,0.517642,0.455084
51.747,True,3.750,True,0.492663,0.480311,True,3.946,True,0.517642,0.455084
51.758,True,3.697,True,0.492537,0.480342,True,3.920,True,0.517533,0.454716
51.770,True,3.669,True,0.492622,0.480319,True,3.897,True,0.517563,0.454607
51.781,True,3.669,True,0.492622,0.480319,True,3.897,True,0.517563,0.454607
51.792,True,3.654,True,0.492581,0.480136,True,3.876,True,0.517575,0.454634
51.803,True,3.652,True,0.492581,0.480136,True,3.868,True,0.517542,0.454787
51.814,True,3.645,True,0.492542,0.480234,True,3.862,True,0.517542,0.454787
51.826,True,3.650,True,0.492518,0.480182,True,3.853,True,0.517448,0.454690
51.837,True,3.659,True,0.492518,0.480182,True,3.851,True,0.517481,0.454784
51.848,True,3.646,True,0.492518,0.480182,True,3.850,True,0.517481,0.454784
51.859,True,3.635,True,0.492356,0.480124,True,3.841,True,0.517456,0.454878
51.870,True,3.655,True,0.491959,0.480124,True,3.828,True,0.517266,0.455015
51.881,True,3.632,True,0.491961,0.480229,True,3.824,True,0.517266,0.455015
51.892,True,3.606,True,0.492109,0.480293,True,3.817,True,0.517278,0.455236
51.903,True,3.599,True,0.492109,0.480293,True,3.819,True,0.517177,0.455272
51.915,True,3.594,True,0.492082,0.480390,True,3.821,True,0.517177,0.455272
51.925,True,3.584,True,0.492155,0.480111,True,3.808,True,0.517012,0.455241
51.937,True,3.576,True,0.492155,0.480111,True,3.804,True,0.517221,0.455109
51.948,True,3.577,True,0.492155,0.480111,True,3.800,True,0.517221,0.455109
51.958,True,3.583,True,0.492221,0.480099,True,3.785,True,0.517199,0.455170
51.970,True,3.588,True,0.492221,0.480099,True,3.794,True,0.517493,0.455067
51.981,True,3.591,True,0.492221,0.480099,True,3.802,True,0.517493,0.455067
51.992,True,3.587,True,0.492917,0.480461,True,3.800,True,0.517695,0.454984
52.003,True,3.582,True,0.492917,0.480461,True,3.794,True,0.517914,0.454879
52.014,True,3.579,True,0.493171,0.480605,True,3.788,True,0.517914,0.454879
52.025,True,3.579,True,0.493063,0.480624,True,3.782,True,0.518030,0.454904
52.037,True,3.582,True,0.493063,0.480624,True,3.781,True,0.518408,0.454908
52.048,True,3.586,True,0.494236,0.480884,True,3.780,True,0.518408,0.454908
52.058,True,3.600,True,0.499445,0.482278,True,3.794,True,0.521870,0.453477
52.070,True,3.608,True,0.499445,0.482278,True,3.800,True,0.528303,0.451420
52.081,True,3.595,True,0.504931,0.483649,True,3.805,True,0.528303,0.451420
52.092,True,3.579,True,0.507034,0.484026,True,3.833,True,0.532226,0.450007
52.103,True,3.576,True,0.507034,0.484026,True,3.848,True,0.532136,0.449995
52.114,True,3.583,True,0.507218,0.484397,True,3.860,True,0.532136,0.449995
52.125,True,3.590,True,0.507213,0.484558,True,3.855,True,0.532176,0.449988
52.137,True,3.588,True,0.507213,0.484558,True,3.858,True,0.531952,0.450297
52.147,True,3.579,True,0.506402,0.484353,True,3.859,True,0.531952,0.450297
52.159,True,3.576,True,0.506446,0.484381,True,3.860,True,0.531815,0.450530
52.169,True,3.581,True,0.506446,0.484381,True,3.861,True,0.531569,0.450640
52.181,True,3.593,True,0.506160,0.484268,True,3.860,True,0.531569,0.450640
52.192,True,3.607,True,0.506247,0.484359,True,3.857,True,0.531418,0.450747
52.203,True,3.610,True,0.506247,0.484359,True,3.862,True,0.531106,0.450921
52.214,True,3.610,True,0.505880,0.484315,True,3.866,True,0.531106,0.450921
52.226,True,3.596,True,0.505184,0.484179,True,3.868,True,0.530957,0.451022
52.237,True,3.585,True,0.505184,0.484179,True,3.874,True,0.530957,0.451022
52.248,True,3.591,True,0.505428,0.484132,True,3.878,True,0.530752,0.451160
52.259,True,3.610,True,0.505489,0.484307,True,3.886,True,0.530537,0.451293
52.270,True,3.622,True,0.505489,0.484307,True,3.890,True,0.530537,0.451293
52.281,True,3.641,True,0.505500,0.484278,True,3.901,True,0.530502,0.451269
52.292,True,3.650,True,0.505382,0.484410,True,3.907,True,0.530279,0.451408
52.303,True,3.657,True,0.505382,0.484410,True,3.910,True,0.530258,0.451208
52.314,True,3.662,True,0.505382,0.484410,True,3.912,True,0.530258,0.451208
52.325,True,3.669,True,0.505234,0.484113,True,3.919,True,0.530291,0.451228
52.336,True,3.654,True,0.504974,0.484157,True,3.923,True,0.530291,0.451228
52.347,True,3.632,True,0.505172,0.483879,True,3.942,True,0.530209,0.451292
52.363,True,3.635,True,0.504953,0.484135,True,3.946,True,0.529981,0.451263
52.374,True,3.644,True,0.504953,0.484135,True,3.954,True,0.529902,0.451170
52.385,True,3.679,True,0.505315,0.483840,True,3.961,True,0.529902,0.451170
52.396,True,3.707,True,0.505315,0.483840,True,3.969,True,0.529867,0.451194
52.407,True,3.696,True,0.505038,0.483601,True,3.980,True,0.529892,0.451087
52.418,True,3.697,True,0.504506,0.483731,True,3.982,True,0.529892,0.451087
52.429,True,3.696,True,0.504506,0.483731,True,3.975,True,0.529737,0.451246
52.441,True,3.683,True,0.504560,0.483778,True,3.976,True,0.529762,0.451169
52.452,True,3.687,True,0.504759,0.483715,True,3.983,True,0.529762,0.451169
52.463,True,3.695,True,0.504891,0.483852,True,4.001,True,0.529642,0.451145
52.474,True,3.700,True,0.504891,0.483852,True,4.008,True,0.529741,0.451138
52.485,True,3.721,True,0.504804,0.484113,True,4.013,True,0.529741,0.451138
52.496,True,3.738,True,0.504804,0.484113,True,4.005,True,0.529964,0.450986
52.507,True,3.691,True,0.505182,0.483688,True,4.000,True,0.530073,0.451011
52.518,True,3.691,True,0.505182,0.483688,True,4.000,True,0.530073,0.451011
52.529,True,3.687,True,0.505326,0.483707,True,4.002,True,0.530197,0.450842
52.541,True,3.696,True,0.505326,0.483707,True,4.000,True,0.530299,0.450740
52.552,True,3.701,True,0.505630,0.484012,True,3.999,True,0.530299,0.450740
52.563,True,3.693,True,0.505207,0.483933,True,3.997,True,0.530436,0.450863
52.574,True,3.682,True,0.505207,0.483933,True,3.994,True,0.530328,0.450819
52.586,True,3.680,True,0.505601,0.483931,True,3.992,True,0.530328,0.450819
52.596,True,3.682,True,0.505732,0.483970,True,3.999,True,0.530296,0.450707
52.607,True,3.686,True,0.505732,0.483970,True,4.002,True,0.530217,0.450843
52.618,True,3.693,True,0.505508,0.484070,True,4.005,True,0.530217,0.450843
52.630,True,3.699,True,0.505508,0.484070,True,4.008,True,0.530303,0.450618
52.641,True,3.701,True,0.505616,0.483816,True,4.010,True,0.530221,0.450745
52.652,True,3.705,True,0.505437,0.483679,True,4.009,True,0.530221,0.450745
52.663,True,3.712,True,0.505348,0.483642,True,4.023,True,0.530206,0.450731
52.674,True,3.715,True,0.505348,0.483642,True,4.027,True,0.530328,0.450604
52.685,True,3.708,True,0.505407,0.483411,True,4.031,True,0.530328,0.450604
52.696,True,3.695,True,0.505508,0.483600,True,4.026,True,0.530124,0.450647
52.707,True,3.688,True,0.505508,0.483600,True,4.027,True,0.530174,0.450461
52.718,True,3.690,True,0.505510,0.483576,True,4.028,True,0.530174,0.450461
52.729,True,3.692,True,0.505510,0.483576,True,4.032,True,0.530373,0.450496
52.741,True,3.691,True,0.505357,0.483521,True,4.043,True,0.530345,0.450651
52.752,True,3.688,True,0.505357,0.483521,True,4.047,True,0.530345,0.450651
52.763,True,3.707,True,0.505700,0.483887,True,4.048,True,0.530397,0.450667
52.774,True,3.711,True,0.505700,0.483887,True,4.050,True,0.530546,0.450702
52.785,True,3.732,True,0.505716,0.484117,True,4.051,True,0.530546,0.450702
52.796,True,3.771,True,0.505465,0.484240,True,4.055,True,0.530520,0.450775
52.807,True,3.786,True,0.505465,0.484240,True,4.059,True,0.530533,0.450862
52.818,True,3.785,True,0.505439,0.484282,True,4.062,True,0.530533,0.450862
52.829,True,3.782,True,0.505439,0.484282,True,4.060,True,0.530349,0.450706
52.841,True,3.779,True,0.505652,0.484246,True,4.060,True,0.530479,0.450632
52.853,True,3.781,True,0.505736,0.483942,True,4.061,True,0.530479,0.450632
52.863,True,3.777,True,0.505590,0.484073,True,4.074,True,0.530342,0.450600
52.878,True,3.771,True,0.505590,0.484073,True,4.081,True,0.530572,0.450564
52.896,True,3.768,True,0.505452,0.483872,True,4.089,True,0.530571,0.450599
52.907,True,3.768,True,0.505452,0.483872,True,4.089,True,0.530571,0.450599
52.918,True,3.782,True,0.505671,0.484035,True,4.096,True,0.530435,0.450530
52.929,True,3.787,True,0.505671,0.484035,True,4.094,True,0.530568,0.450494
52.941,True,3.790,True,0.505652,0.484058,True,4.093,True,0.530568,0.450494
52.951,True,3.798,True,0.505670,0.484122,True,4.094,True,0.530587,0.450548
52.963,True,3.798,True,0.505802,0.484025,True,4.112,True,0.530529,0.450635
52.974,True,3.793,True,0.505802,0.484025,True,4.111,True,0.530470,0.450513
52.984,True,3.809,True,0.505476,0.484222,True,4.108,True,0.530470,0.450513
52.996,True,3.823,True,0.505476,0.484222,True,4.107,True,0.530401,0.450460
53.007,True,3.834,True,0.505757,0.484226,True,4.110,True,0.530464,0.450265
53.018,True,3.834,True,0.505829,0.484136,True,4.116,True,0.530464,0.450265
53.029,True,3.832,True,0.505829,0.484136,True,4.118,True,0.530517,0.450330
53.040,True,3.835,True,0.506077,0.483857,True,4.119,True,0.530578,0.450354
53.051,True,3.844,True,0.505782,0.484064,True,4.119,True,0.530578,0.450354
53.063,True,3.852,True,0.505782,0.484064,True,4.125,True,0.530650,0.450315
53.073,True,3.862,True,0.505864,0.484201,True,4.134,True,0.530573,0.450423
53.085,True,3.868,True,0.505905,0.484128,True,4.136,True,0.530573,0.450423
53.096,True,3.874,True,0.505869,0.483888,True,4.149,True,0.530595,0.450399
53.107,True,3.874,True,0.505869,0.483888,True,4.149,True,0.530595,0.450399
53.118,True,3.870,True,0.505487,0.483718,True,4.137,True,0.530466,0.450425
53.129,True,3.865,True,0.505487,0.483718,True,4.146,True,0.530577,0.450361
53.140,True,3.877,True,0.505502,0.484040,True,4.160,True,0.530577,0.450361
53.151,True,3.882,True,0.505502,0.484040,True,4.161,True,0.530485,0.450226
53.162,True,3.869,True,0.505758,0.484188,True,4.157,True,0.530485,0.450226
53.174,True,3.858,True,0.505424,0.483822,True,4.147,True,0.530401,0.450372
53.185,True,3.858,True,0.505424,0.483822,True,4.148,True,0.530174,0.450621
53.196,True,3.871,True,0.505331,0.483930,True,4.149,True,0.530174,0.450621
53.207,True,3.895,True,0.505283,0.483750,True,4.147,True,0.530127,0.450468
53.218,True,3.903,True,0.505283,0.483750,True,4.148,True,0.530097,0.450522
53.229,True,3.911,True,0.505271,0.483841,True,4.150,True,0.530335,0.450508
53.240,True,3.913,True,0.505333,0.483798,True,4.152,True,0.530335,0.450508
53.252,True,3.915,True,0.505333,0.483798,True,4.156,True,0.530379,0.450522
53.263,True,3.903,True,0.505441,0.484001,True,4.140,True,0.530340,0.450593
53.274,True,3.898,True,0.505345,0.483774,True,4.124,True,0.530340,0.450593
53.284,True,3.894,True,0.505345,0.483774,True,4.110,True,0.530376,0.450395
53.296,True,3.890,True,0.505046,0.483837,True,4.099,True,0.530376,0.450395
53.307,True,3.890,True,0.505030,0.483929,True,4.097,True,0.530344,0.450436
53.318,True,3.904,True,0.505256,0.483902,True,4.101,True,0.530422,0.450605
53.329,True,3.904,True,0.505256,0.483902,True,4.101,True,0.530422,0.450605
53.341,True,3.912,True,0.505157,0.483916,True,4.113,True,0.530502,0.450480
53.352,True,3.910,True,0.505157,0.483916,True,4.109,True,0.529710,0.450774
53.363,True,3.889,True,0.501501,0.482902,True,4.105,True,0.529710,0.450774
53.374,True,3.888,True,0.496721,0.481816,True,4.110,True,0.525034,0.452525
53.385,True,3.900,True,0.492904,0.480497,True,4.088,True,0.521180,0.453910
53.396,True,3.900,True,0.492904,0.480497,True,4.088,True,0.521180,0.453910
53.407,True,3.888,True,0.490744,0.479955,True,4.075,True,0.517184,0.454945
53.418,True,3.861,True,0.490847,0.479659,True,4.055,True,0.516051,0.455254
53.429,True,3.861,True,0.490847,0.479659,True,4.055,True,0.516051,0.455254
53.441,True,3.844,True,0.490464,0.479852,True,4.046,True,0.516041,0.455456
53.452,True,3.841,True,0.490464,0.479852,True,4.047,True,0.516003,0.455731
53.463,True,3.853,True,0.490777,0.479894,True,4.050,True,0.516135,0.455521
53.474,True,3.853,True,0.490777,0.479894,True,4.050,True,0.516135,0.455521
53.485,True,3.851,True,0.490661,0.480049,True,4.053,True,0.515964,0.455758
53.496,True,3.848,True,0.490661,0.480049,True,4.058,True,0.516346,0.455706
53.507,True,3.844,True,0.490661,0.480049,True,4.061,True,0.516346,0.455706
53.518,True,3.853,True,0.490690,0.480117,True,4.067,True,0.516080,0.455819
53.530,True,3.848,True,0.490582,0.479840,True,4.069,True,0.516080,0.455819
53.541,True,3.843,True,0.490582,0.479840,True,4.070,True,0.516193,0.455738
53.552,True,3.840,True,0.490658,0.480031,True,4.060,True,0.516150,0.455699
53.563,True,3.848,True,0.490873,0.480148,True,4.051,True,0.516150,0.455699
53.574,True,3.873,True,0.490845,0.480146,True,4.060,True,0.516312,0.455620
53.585,True,3.887,True,0.490845,0.480146,True,4.054,True,0.516086,0.455635
53.596,True,3.879,True,0.490462,0.480068,True,4.050,True,0.516086,0.455635
53.607,True,3.869,True,0.490683,0.480203,True,4.046,True,0.516338,0.455600
53.618,True,3.868,True,0.490683,0.480203,True,4.040,True,0.516221,0.455580
53.629,True,3.852,True,0.490583,0.480115,True,4.036,True,0.516221,0.455580
53.641,True,3.842,True,0.491137,0.480278,True,4.032,True,0.516745,0.455654
53.651,True,3.842,True,0.491137,0.480278,True,4.026,True,0.516546,0.455529
53.663,True,3.841,True,0.491336,0.480560,True,4.022,True,0.516546,0.455529
53.675,True,3.843,True,0.491347,0.480491,True,4.011,True,0.516588,0.455531
53.685,True,3.844,True,0.491347,0.480491,True,4.009,True,0.516829,0.455453
53.696,True,3.837,True,0.491505,0.480439,True,4.008,True,0.516829,0.455453
53.707,True,3.836,True,0.491342,0.480449,True,4.013,True,0.516869,0.455330
53.718,True,3.840,True,0.491342,0.480449,True,4.011,True,0.517036,0.455371
53.729,True,3.842,True,0.491571,0.480391,True,4.010,True,0.517036,0.455371
53.741,True,3.844,True,0.491571,0.480391,True,4.003,True,0.517066,0.455448
53.752,True,3.839,True,0.491522,0.480640,True,3.995,True,0.517113,0.455560
53.763,True,3.835,True,0.491522,0.480640,True,3.993,True,0.517113,0.455560
53.774,True,3.800,True,0.491387,0.480875,True,3.989,True,0.517111,0.455506
53.785,True,3.786,True,0.491387,0.480875,True,3.989,True,0.516897,0.455618
53.796,True,3.773,True,0.491370,0.480599,True,3.989,True,0.516897,0.455618
53.807,True,3.755,True,0.491066,0.480544,True,3.990,True,0.516967,0.455566
53.818,True,3.751,True,0.491066,0.480544,True,3.990,True,0.516909,0.455674
53.830,True,3.735,True,0.491118,0.480459,True,3.990,True,0.516909,0.455674
53.841,True,3.715,True,0.490960,0.480464,True,3.978,True,0.516838,0.455597
53.852,True,3.708,True,0.490960,0.480464,True,3.978,True,0.516838,0.455597
53.862,True,3.704,True,0.491054,0.480418,True,3.979,True,0.516726,0.455652
53.874,True,3.712,True,0.491068,0.480472,True,3.978,True,0.516577,0.455772
53.885,True,3.722,True,0.491068,0.480472,True,3.975,True,0.516723,0.455591
53.896,True,3.725,True,0.491122,0.480488,True,3.971,True,0.516723,0.455591
53.907,True,3.719,True,0.491120,0.480147,True,3.964,True,0.516811,0.455582
53.918,True,3.711,True,0.491120,0.480147,True,3.958,True,0.516811,0.455582
53.929,True,3.708,True,0.490968,0.480491,True,3.954,True,0.516736,0.455547
53.940,True,3.695,True,0.491141,0.480486,True,3.961,True,0.516775,0.455641
53.951,True,3.686,True,0.491141,0.480486,True,3.960,True,0.516969,0.455547
53.963,True,3.693,True,0.491358,0.480261,True,3.960,True,0.516969,0.455547
53.974,True,3.691,True,0.491206,0.480446,True,3.948,True,0.517002,0.455668
53.985,True,3.686,True,0.491206,0.480446,True,3.939,True,0.516995,0.455571
53.996,True,3.674,True,0.490998,0.480423,True,3.933,True,0.516995,0.455571
54.007,True,3.670,True,0.491160,0.480458,True,3.930,True,0.517095,0.455483
54.018,True,3.677,True,0.491160,0.480458,True,3.927,True,0.516966,0.455457
54.029,True,3.677,True,0.491251,0.480329,True,3.924,True,0.517226,0.455524
54.040,True,3.682,True,0.490856,0.480482,True,3.923,True,0.517226,0.455524
54.051,True,3.684,True,0.490856,0.480482,True,3.924,True,0.517125,0.455519
54.063,True,3.684,True,0.491006,0.480290,True,3.921,True,0.517022,0.455566
54.074,True,3.681,True,0.490915,0.480429,True,3.919,True,0.517022,0.455566
54.085,True,3.679,True,0.490915,0.480429,True,3.914,True,0.516981,0.455701
54.096,True,3.677,True,0.490791,0.480295,True,3.912,True,0.516981,0.455701
54.107,True,3.678,True,0.490791,0.480295,True,3.915,True,0.516981,0.455701
54.118,True,3.686,True,0.490801,0.480327,True,3.916,True,0.516817,0.455704
54.129,True,3.699,True,0.492313,0.481291,True,3.917,True,0.517070,0.455553
54.140,True,3.718,True,0.497270,0.483824,True,3.924,True,0.522728,0.454917
54.151,True,3.734,True,0.497270,0.483824,True,3.928,True,0.522728,0.454917
54.162,True,3.720,True,0.499319,0.485158,True,3.933,True,0.528460,0.454783
54.173,True,3.702,True,0.499364,0.485477,True,3.937,True,0.528460,0.454783
54.184,True,3.686,True,0.499364,0.485477,True,3.940,True,0.528460,0.454783
54.196,True,3.658,True,0.499860,0.485332,True,3.960,True,0.528527,0.454846
54.207,True,3.655,True,0.499768,0.485677,True,3.969,True,0.528527,0.454846
54.218,True,3.656,True,0.499768,0.485677,True,3.966,True,0.528199,0.454754
54.229,True,3.659,True,0.499798,0.485624,True,3.966,True,0.528500,0.454768
54.240,True,3.669,True,0.499622,0.485669,True,3.966,True,0.528500,0.454768
54.251,True,3.677,True,0.499622,0.485669,True,3.971,True,0.528419,0.454744
54.262,True,3.691,True,0.499450,0.485510,True,3.979,True,0.528419,0.454744
54.274,True,3.687,True,0.499580,0.485412,True,3.986,True,0.528479,0.454779
54.285,True,3.683,True,0.499580,0.485412,True,3.992,True,0.528479,0.454779
54.297,True,3.694,True,0.499584,0.485527,True,3.994,True,0.528442,0.454790
54.308,True,3.711,True,0.499528,0.485406,True,4.008,True,0.528617,0.454758
54.318,True,3.717,True,0.499528,0.485406,True,4.020,True,0.528620,0.454765
54.336,True,3.701,True,0.499416,0.485487,True,4.036,True,0.528587,0.454661
54.347,True,3.712,True,0.499542,0.485711,True,4.041,True,0.528587,0.454661
54.358,True,3.746,True,0.499476,0.485550,True,4.045,True,0.528528,0.454759
54.369,True,3.766,True,0.499476,0.485550,True,4.049,True,0.528483,0.454748
54.380,True,3.785,True,0.499098,0.485144,True,4.056,True,0.528483,0.454748
54.391,True,3.776,True,0.499077,0.485260,True,4.056,True,0.528562,0.454793
54.402,True,3.767,True,0.499077,0.485260,True,4.061,True,0.528493,0.454870
54.413,True,3.756,True,0.499543,0.485195,True,4.068,True,0.528493,0.454870
54.424,True,3.753,True,0.499543,0.485195,True,4.069,True,0.528577,0.454737
54.436,True,3.765,True,0.499076,0.485504,True,4.073,True,0.528472,0.454706
54.447,True,3.779,True,0.498982,0.485446,True,4.077,True,0.528472,0.454706
54.458,True,3.797,True,0.498982,0.485364,True,4.086,True,0.528568,0.454754
54.469,True,3.801,True,0.498982,0.485364,True,4.090,True,0.528387,0.454615
54.480,True,3.800,True,0.498864,0.485312,True,4.093,True,0.528387,0.454615
54.491,True,3.792,True,0.499366,0.485256,True,4.093,True,0.528411,0.454572
54.503,True,3.788,True,0.499366,0.485256,True,4.102,True,0.528203,0.454617
54.514,True,3.779,True,0.498835,0.485391,True,4.109,True,0.528203,0.454617
54.524,True,3.772,True,0.498835,0.485391,True,4.118,True,0.528447,0.454463
54.535,True,3.778,True,0.499276,0.485350,True,4.128,True,0.528355,0.454655
54.546,True,3.778,True,0.499070,0.485501,True,4.130,True,0.528355,0.454655
54.558,True,3.799,True,0.496596,0.484785,True,4.131,True,0.528067,0.454772
54.569,True,3.816,True,0.496596,0.484785,True,4.121,True,0.524140,0.456132
54.580,True,3.834,True,0.492375,0.483235,True,4.112,True,0.524140,0.456132
54.591,True,3.846,True,0.492375,0.483235,True,4.106,True,0.524140,0.456132
54.602,True,3.854,True,0.489942,0.482625,True,4.105,True,0.520091,0.457420
54.613,True,3.861,True,0.490005,0.482900,True,4.101,True,0.519034,0.457880
54.624,True,3.868,True,0.489852,0.482722,True,4.088,True,0.518588,0.457846
54.635,True,3.868,True,0.489852,0.482722,True,4.088,True,0.518588,0.457846
54.647,True,3.873,True,0.490047,0.482604,True,4.092,True,0.518558,0.457776
54.658,True,3.873,True,0.490047,0.482604,True,4.087,True,0.518502,0.457694
54.669,True,3.876,True,0.489892,0.482505,True,4.089,True,0.518504,0.457688
54.680,True,3.876,True,0.489892,0.482505,True,4.092,True,0.518504,0.457688
54.691,True,3.882,True,0.490035,0.482475,True,4.087,True,0.518397,0.457658
54.702,True,3.886,True,0.489646,0.482374,True,4.084,True,0.518397,0.457658
54.714,True,3.894,True,0.489582,0.482314,True,4.095,True,0.518178,0.457653
54.724,True,3.903,True,0.489930,0.482270,True,4.106,True,0.518047,0.457567
54.736,True,3.903,True,0.489930,0.482270,True,4.106,True,0.518047,0.457567
54.747,True,3.896,True,0.489737,0.482094,True,4.117,True,0.518199,0.457506
54.758,True,3.887,True,0.490246,0.482087,True,4.134,True,0.518001,0.457275
54.769,True,3.888,True,0.490246,0.482087,True,4.139,True,0.518001,0.457275
54.780,True,3.888,True,0.489744,0.482116,True,4.139,True,0.517904,0.457352
54.791,True,3.888,True,0.489744,0.482116,True,4.138,True,0.518152,0.457372
54.802,True,3.888,True,0.489879,0.482069,True,4.134,True,0.518152,0.457372
54.813,True,3.887,True,0.489879,0.482069,True,4.131,True,0.517977,0.457370
54.824,True,3.887,True,0.490315,0.482013,True,4.129,True,0.517977,0.457370
54.835,True,3.896,True,0.490169,0.482153,True,4.132,True,0.518009,0.457318
54.846,True,3.899,True,0.490169,0.482153,True,4.139,True,0.518009,0.457318
54.857,True,3.905,True,0.489917,0.481899,True,4.149,True,0.518115,0.457263
54.868,True,3.909,True,0.489917,0.481899,True,4.158,True,0.518115,0.457263
54.880,True,3.935,True,0.490085,0.481800,True,4.164,True,0.517824,0.457298
54.891,True,3.953,True,0.490085,0.481800,True,4.160,True,0.518012,0.457216
54.902,True,3.960,True,0.489700,0.481911,True,4.152,True,0.518012,0.457216
54.913,True,3.952,True,0.489700,0.481911,True,4.147,True,0.517760,0.457195
54.925,True,3.949,True,0.489799,0.481787,True,4.144,True,0.517760,0.457195
54.935,True,3.946,True,0.489799,0.481787,True,4.147,True,0.517776,0.457227
54.946,True,3.928,True,0.489699,0.481663,True,4.150,True,0.517695,0.457259
54.957,True,3.930,True,0.489699,0.481663,True,4.152,True,0.517721,0.457225
54.968,True,3.935,True,0.489948,0.481705,True,4.153,True,0.517721,0.457225
54.979,True,3.943,True,0.489948,0.481705,True,4.158,True,0.517927,0.457267
54.990,True,3.954,True,0.489492,0.481612,True,4.170,True,0.517943,0.457200
55.002,True,3.958,True,0.489100,0.481601,True,4.180,True,0.517943,0.457200
55.013,True,3.958,True,0.489100,0.481601,True,4.180,True,0.517943,0.457200
55.024,True,3.960,True,0.489094,0.481251,True,4.177,True,0.518488,0.457238
55.035,True,3.954,True,0.489554,0.481026,True,4.157,True,0.519346,0.456946
55.046,True,3.954,True,0.489554,0.481026,True,4.157,True,0.519346,0.456946
55.057,True,3.947,True,0.491459,0.480318,True,4.162,True,0.522725,0.455532
55.068,True,3.958,True,0.495291,0.481709,True,4.173,True,0.528585,0.454301
55.080,True,3.969,True,0.495291,0.481709,True,4.201,True,0.535984,0.451443
55.091,True,3.960,True,0.501923,0.482312,True,4.222,True,0.540708,0.448184
55.102,True,3.951,True,0.501923,0.482312,True,4.238,True,0.540708,0.448184
55.113,True,3.957,True,0.505616,0.483424,True,4.284,True,0.543708,0.447868
55.125,True,3.942,True,0.508118,0.480959,True,4.311,True,0.543708,0.447868
55.136,True,3.931,True,0.508118,0.480959,True,4.322,True,0.541976,0.444658
55.146,True,3.978,True,0.509986,0.479440,True,4.359,True,0.540381,0.442275
55.157,True,3.990,True,0.512032,0.477188,True,4.380,True,0.540381,0.442275
55.169,True,4.006,True,0.511590,0.474829,True,4.416,True,0.536630,0.440564
55.180,True,4.008,True,0.511590,0.474829,True,4.423,True,0.531458,0.439355
55.191,True,4.023,True,0.510063,0.471730,True,4.426,True,0.531458,0.439355
55.202,True,4.036,True,0.510063,0.471730,True,4.428,True,0.527635,0.439466
55.213,True,4.076,True,0.510474,0.470886,True,4.439,True,0.526866,0.439452
55.224,True,4.102,True,0.510268,0.470890,True,4.447,True,0.526866,0.439452
55.235,True,4.130,True,0.510234,0.471026,True,4.463,True,0.526785,0.439202
55.247,True,4.136,True,0.510234,0.471026,True,4.468,True,0.526339,0.439022
55.258,True,4.135,True,0.510259,0.470280,True,4.471,True,0.526339,0.439022
55.269,True,4.123,True,0.509801,0.469819,True,4.470,True,0.526531,0.438568
55.280,True,4.115,True,0.509801,0.469819,True,4.474,True,0.526810,0.438427
55.291,True,4.119,True,0.509301,0.469937,True,4.478,True,0.526810,0.438427
55.302,True,4.141,True,0.506697,0.470777,True,4.481,True,0.527879,0.439011
55.313,True,4.156,True,0.506697,0.470777,True,4.533,True,0.528055,0.442450
55.325,True,4.221,True,0.501769,0.472885,True,4.505,True,0.525315,0.443014
55.336,True,4.158,True,0.499453,0.471400,True,4.444,True,0.525315,0.443014
55.347,True,4.102,True,0.499453,0.471400,True,4.345,True,0.521024,0.444629
55.358,True,4.031,True,0.492929,0.468830,True,4.263,True,0.521024,0.444629
55.369,True,3.994,True,0.487753,0.469580,True,4.176,True,0.516883,0.447399
55.380,True,4.019,True,0.487753,0.469580,True,4.192,True,0.513886,0.449447
55.391,True,4.092,True,0.485336,0.468932,True,4.271,True,0.513454,0.450427
55.402,True,4.092,True,0.485336,0.468932,True,4.271,True,0.513454,0.450427
55.414,True,4.144,True,0.484339,0.468630,True,4.353,True,0.511829,0.450650
55.424,True,4.143,True,0.484956,0.469422,True,4.375,True,0.511829,0.450650
55.436,True,4.144,True,0.486159,0.471188,True,4.394,True,0.513186,0.451166
55.447,True,4.148,True,0.486159,0.471188,True,4.386,True,0.514191,0.451868
55.458,True,4.145,True,0.487019,0.472381,True,4.379,True,0.514191,0.451868
55.469,True,4.143,True,0.487019,0.472381,True,4.377,True,0.515255,0.452314
55.480,True,4.152,True,0.487555,0.473640,True,4.381,True,0.516690,0.453276
55.491,True,4.157,True,0.488349,0.475107,True,4.386,True,0.516690,0.453276
55.502,True,4.152,True,0.489423,0.476370,True,4.384,True,0.518144,0.453750
55.513,True,4.143,True,0.489423,0.476370,True,4.388,True,0.519356,0.453791
55.525,True,4.135,True,0.490276,0.477314,True,4.390,True,0.519356,0.453791
55.536,True,4.124,True,0.490276,0.477314,True,4.366,True,0.521355,0.454113
55.547,True,4.143,True,0.490333,0.477836,True,4.368,True,0.522284,0.454630
55.558,True,4.167,True,0.490127,0.477876,True,4.370,True,0.522284,0.454630
55.568,True,4.186,True,0.490127,0.477876,True,4.316,True,0.521680,0.453523
55.580,True,4.222,True,0.488160,0.478858,True,4.272,True,0.521680,0.453523
55.591,True,3.994,True,0.492671,0.471104,True,4.088,True,0.521468,0.452519
55.602,True,3.273,True,0.493337,0.464961,False,0.000,False,0.000000,0.000000
55.613,True,3.273,True,0.493337,0.464961,False,0.000,False,0.000000,0.000000
55.624,False,0.000,False,0.000000,0.000000,False,0.000,False,0.000000,0.000000
55.636,False,0.000,False,0.000000,0.000000,False,0.000,False,0.000000,0.000000
55.647,False,0.000,False,0.000000,0.000000,False,0.000,False,0.000000,0.000000
55.658,False,0.000,False,0.000000,0.000000,False,0.000,False,0.000000,0.000000
55.672,False,0.000,False,0.000000,0.000000,False,0.000,False,0.000000,0.000000
55.685,False,0.000,False,0.000000,0.000000,False,0.000,False,0.000000,0.000000
55.702,True,3.525,True,0.503681,0.448843,False,0.000,False,0.000000,0.000000
55.713,True,3.800,True,0.503681,0.448843,False,0.000,False,0.000000,0.000000
55.724,True,4.181,True,0.507894,0.441624,True,4.088,True,0.521203,0.431281
55.735,True,4.445,True,0.507894,0.441624,False,0.000,False,0.000000,0.000000
55.747,False,0.000,False,0.000000,0.000000,False,0.000,False,0.000000,0.000000
55.758,False,0.000,False,0.000000,0.000000,False,0.000,False,0.000000,0.000000
55.769,False,0.000,False,0.000000,0.000000,False,0.000,False,0.000000,0.000000
55.780,False,0.000,False,0.000000,0.000000,False,0.000,False,0.000000,0.000000
55.791,False,0.000,False,0.000000,0.000000,False,0.000,False,0.000000,0.000000
55.801,False,0.000,False,0.000000,0.000000,False,0.000,False,0.000000,0.000000
55.813,False,0.000,False,0.000000,0.000000,False,0.000,False,0.000000,0.000000
55.824,False,0.000,False,0.000000,0.000000,False,0.000,False,0.000000,0.000000
55.835,False,0.000,False,0.000000,0.000000,False,0.000,False,0.000000,0.000000
55.846,False,0.000,False,0.000000,0.000000,False,0.000,False,0.000000,0.000000
55.857,False,0.000,False,0.000000,0.000000,False,0.000,False,0.000000,0.000000
55.868,False,0.000,False,0.000000,0.000000,False,0.000,False,0.000000,0.000000
55.880,False,0.000,False,0.000000,0.000000,False,0.000,False,0.000000,0.000000
55.891,False,0.000,False,0.000000,0.000000,False,0.000,False,0.000000,0.000000
55.902,False,0.000,False,0.000000,0.000000,False,0.000,False,0.000000,0.000000
55.913,False,0.000,False,0.000000,0.000000,False,0.000,False,0.000000,0.000000
55.924,False,0.000,False,0.000000,0.000000,False,0.000,False,0.000000,0.000000
55.935,False,0.000,False,0.000000,0.000000,False,0.000,False,0.000000,0.000000
55.947,False,0.000,False,0.000000,0.000000,False,0.000,False,0.000000,0.000000
55.958,False,0.000,False,0.000000,0.000000,False,0.000,False,0.000000,0.000000
55.968,False,0.000,False,0.000000,0.000000,False,0.000,False,0.000000,0.000000
55.980,False,0.000,False,0.000000,0.000000,False,0.000,False,0.000000,0.000000
55.991,False,0.000,False,0.000000,0.000000,False,0.000,False,0.000000,0.000000
56.002,False,0.000,False,0.000000,0.000000,False,0.000,False,0.000000,0.000000
56.013,False,0.000,False,0.000000,0.000000,False,0.000,False,0.000000,0.000000
56.024,False,0.000,False,0.000000,0.000000,False,0.000,False,0.000000,0.000000
56.035,False,0.000,False,0.000000,0.000000,False,0.000,False,0.000000,0.000000
56.046,False,0.000,False,0.000000,0.000000,False,0.000,False,0.000000,0.000000
56.057,False,0.000,False,0.000000,0.000000,False,0.000,False,0.000000,0.000000
56.068,False,0.000,False,0.000000,0.000000,False,0.000,False,0.000000,0.000000
56.080,False,0.000,False,0.000000,0.000000,False,0.000,False,0.000000,0.000000
56.091,False,0.000,False,0.000000,0.000000,False,0.000,False,0.000000,0.000000
56.102,False,0.000,False,0.000000,0.000000,False,0.000,False,0.000000,0.000000
56.113,False,0.000,False,0.000000,0.000000,False,0.000,False,0.000000,0.000000
56.124,False,0.000,False,0.000000,0.000000,False,0.000,False,0.000000,0.000000
56.135,False,0.000,False,0.000000,0.000000,False,0.000,False,0.000000,0.000000
56.146,False,0.000,False,0.000000,0.000000,False,0.000,False,0.000000,0.000000
56.157,False,0.000,False,0.000000,0.000000,False,0.000,False,0.000000,0.000000
56.169,False,0.000,False,0.000000,0.000000,False,0.000,False,0.000000,0.000000
56.180,False,0.000,False,0.000000,0.000000,False,0.000,False,0.000000,0.000000
56.191,False,0.000,False,0.000000,0.000000,False,0.000,False,0.000000,0.000000
56.202,False,0.000,False,0.000000,0.000000,False,0.000,False,0.000000,0.000000
56.213,False,0.000,False,0.000000,0.000000,False,0.000,False,0.000000,0.000000
56.224,False,0.000,False,0.000000,0.000000,False,0.000,False,0.000000,0.000000
56.236,False,0.000,False,0.000000,0.000000,False,0.000,False,0.000000,0.000000
56.247,False,0.000,False,0.000000,0.000000,False,0.000,False,0.000000,0.000000
56.258,False,0.000,False,0.000000,0.000000,False,0.000,False,0.000000,0.000000
56.269,False,0.000,False,0.000000,0.000000,False,0.000,False,0.000000,0.000000
56.280,False,0.000,False,0.000000,0.000000,False,0.000,False,0.000000,0.000000
56.291,False,0.000,False,0.000000,0.000000,False,0.000,False,0.000000,0.000000
56.302,False,0.000,False,0.000000,0.000000,False,0.000,False,0.000000,0.000000
56.313,False,0.000,False,0.000000,0.000000,False,0.000,False,0.000000,0.000000
56.324,False,0.000,False,0.000000,0.000000,False,0.000,False,0.000000,0.000000
56.336,False,0.000,False,0.000000,0.000000,False,0.000,False,0.000000,0.000000
56.347,False,0.000,False,0.000000,0.000000,False,0.000,False,0.000000,0.000000
56.358,False,0.000,False,0.000000,0.000000,False,0.000,False,0.000000,0.000000
56.370,False,0.000,False,0.000000,0.000000,False,0.000,False,0.000000,0.000000
56.380,False,0.000,False,0.000000,0.000000,False,0.000,False,0.000000,0.000000
56.391,False,0.000,False,0.000000,0.000000,False,0.000,False,0.000000,0.000000
56.402,False,0.000,False,0.000000,0.000000,False,0.000,False,0.000000,0.000000
56.413,False,0.000,False,0.000000,0.000000,False,0.000,False,0.000000,0.000000
56.424,False,0.000,False,0.000000,0.000000,False,0.000,False,0.000000,0.000000
56.436,False,0.000,False,0.000000,0.000000,False,0.000,False,0.000000,0.000000
56.447,False,0.000,False,0.000000,0.000000,False,0.000,False,0.000000,0.000000
56.458,False,0.000,False,0.000000,0.000000,False,0.000,False,0.000000,0.000000
56.469,False,0.000,False,0.000000,0.000000,False,0.000,False,0.000000,0.000000
56.480,False,0.000,False,0.000000,0.000000,False,0.000,False,0.000000,0.000000
56.491,False,0.000,False,0.000000,0.000000,False,0.000,False,0.000000,0.000000
56.502,False,0.000,False,0.000000,0.000000,False,0.000,False,0.000000,0.000000
56.513,False,0.000,False,0.000000,0.000000,False,0.000,False,0.000000,0.000000
56.524,False,0.000,False,0.000000,0.000000,False,0.000,False,0.000000,0.000000
56.535,False,0.000,False,0.000000,0.000000,False,0.000,False,0.000000,0.000000
56.546,False,0.000,False,0.000000,0.000000,False,0.000,False,0.000000,0.000000
56.557,False,0.000,False,0.000000,0.000000,False,0.000,False,0.000000,0.000000
56.569,False,0.000,False,0.000000,0.000000,False,0.000,False,0.000000,0.000000
56.581,False,0.000,False,0.000000,0.000000,False,0.000,False,0.000000,0.000000
56.592,False,0.000,False,0.000000,0.000000,False,0.000,False,0.000000,0.000000
56.602,False,0.000,False,0.000000,0.000000,False,0.000,False,0.000000,0.000000
56.614,False,0.000,False,0.000000,0.000000,False,0.000,False,0.000000,0.000000
56.625,False,0.000,False,0.000000,0.000000,False,0.000,False,0.000000,0.000000
56.636,False,0.000,False,0.000000,0.000000,False,0.000,False,0.000000,0.000000
56.647,False,0.000,False,0.000000,0.000000,False,0.000,False,0.000000,0.000000
56.658,False,0.000,False,0.000000,0.000000,False,0.000,False,0.000000,0.000000
56.669,False,0.000,False,0.000000,0.000000,False,0.000,False,0.000000,0.000000
56.680,False,0.000,False,0.000000,0.000000,False,0.000,False,0.000000,0.000000
56.692,False,0.000,False,0.000000,0.000000,False,0.000,False,0.000000,0.000000
56.702,False,0.000,False,0.000000,0.000000,False,0.000,False,0.000000,0.000000
56.713,False,0.000,False,0.000000,0.000000,False,0.000,False,0.000000,0.000000
56.724,False,0.000,False,0.000000,0.000000,False,0.000,False,0.000000,0.000000
56.735,False,0.000,False,0.000000,0.000000,False,0.000,False,0.000000,0.000000
56.747,False,0.000,False,0.000000,0.000000,False,0.000,False,0.000000,0.000000
56.758,False,0.000,False,0.000000,0.000000,False,0.000,False,0.000000,0.000000
56.768,False,0.000,False,0.000000,0.000000,False,0.000,False,0.000000,0.000000
56.780,False,0.000,False,0.000000,0.000000,False,0.000,False,0.000000,0.000000
56.791,False,0.000,False,0.000000,0.000000,False,0.000,False,0.000000,0.000000
56.802,False,0.000,False,0.000000,0.000000,False,0.000,False,0.000000,0.000000
56.813,False,0.000,False,0.000000,0.000000,False,0.000,False,0.000000,0.000000
56.824,False,0.000,False,0.000000,0.000000,False,0.000,False,0.000000,0.000000
56.835,False,0.000,False,0.000000,0.000000,False,0.000,False,0.000000,0.000000
56.847,False,0.000,False,0.000000,0.000000,False,0.000,False,0.000000,0.000000
56.858,False,0.000,False,0.000000,0.000000,False,0.000,False,0.000000,0.000000
56.869,False,0.000,False,0.000000,0.000000,False,0.000,False,0.000000,0.000000
56.881,False,0.000,False,0.000000,0.000000,False,0.000,False,0.000000,0.000000
56.891,False,0.000,False,0.000000,0.000000,False,0.000,False,0.000000,0.000000
56.903,False,0.000,False,0.000000,0.000000,False,0.000,False,0.000000,0.000000
56.914,False,0.000,False,0.000000,0.000000,False,0.000,False,0.000000,0.000000
56.925,False,0.000,False,0.000000,0.000000,False,0.000,False,0.000000,0.000000
56.935,False,0.000,False,0.000000,0.000000,False,0.000,False,0.000000,0.000000
56.946,False,0.000,False,0.000000,0.000000,False,0.000,False,0.000000,0.000000
56.957,False,0.000,False,0.000000,0.000000,False,0.000,False,0.000000,0.000000
56.968,False,0.000,False,0.000000,0.000000,False,0.000,False,0.000000,0.000000
56.980,False,0.000,False,0.000000,0.000000,False,0.000,False,0.000000,0.000000
56.991,False,0.000,False,0.000000,0.000000,False,0.000,False,0.000000,0.000000
57.002,False,0.000,False,0.000000,0.000000,False,0.000,False,0.000000,0.000000
57.013,False,0.000,False,0.000000,0.000000,False,0.000,False,0.000000,0.000000
57.024,False,0.000,False,0.000000,0.000000,False,0.000,False,0.000000,0.000000
57.035,False,0.000,False,0.000000,0.000000,False,0.000,False,0.000000,0.000000
57.046,False,0.000,False,0.000000,0.000000,False,0.000,False,0.000000,0.000000
57.057,False,0.000,False,0.000000,0.000000,False,0.000,False,0.000000,0.000000
57.069,False,0.000,False,0.000000,0.000000,False,0.000,False,0.000000,0.000000
57.080,False,0.000,False,0.000000,0.000000,False,0.000,False,0.000000,0.000000
57.091,False,0.000,False,0.000000,0.000000,False,0.000,False,0.000000,0.000000
57.102,False,0.000,False,0.000000,0.000000,False,0.000,False,0.000000,0.000000
57.113,False,0.000,False,0.000000,0.000000,False,0.000,False,0.000000,0.000000
57.124,False,0.000,False,0.000000,0.000000,False,0.000,False,0.000000,0.000000
57.135,False,0.000,False,0.000000,0.000000,False,0.000,False,0.000000,0.000000
57.146,False,0.000,False,0.000000,0.000000,False,0.000,False,0.000000,0.000000
57.157,False,0.000,False,0.000000,0.000000,False,0.000,False,0.000000,0.000000
57.168,False,0.000,False,0.000000,0.000000,False,0.000,False,0.000000,0.000000
57.180,False,0.000,False,0.000000,0.000000,False,0.000,False,0.000000,0.000000
57.193,False,0.000,False,0.000000,0.000000,False,0.000,False,0.000000,0.000000
57.203,False,0.000,False,0.000000,0.000000,False,0.000,False,0.000000,0.000000
57.214,False,0.000,False,0.000000,0.000000,False,0.000,False,0.000000,0.000000
57.225,False,0.000,False,0.000000,0.000000,False,0.000,False,0.000000,0.000000
57.236,False,0.000,False,0.000000,0.000000,False,0.000,False,0.000000,0.000000
57.248,False,0.000,False,0.000000,0.000000,False,0.000,False,0.000000,0.000000
57.258,False,0.000,False,0.000000,0.000000,False,0.000,False,0.000000,0.000000
57.269,False,0.000,False,0.000000,0.000000,False,0.000,False,0.000000,0.000000
57.280,False,0.000,False,0.000000,0.000000,False,0.000,False,0.000000,0.000000
57.291,False,0.000,False,0.000000,0.000000,False,0.000,False,0.000000,0.000000
57.303,False,0.000,False,0.000000,0.000000,False,0.000,False,0.000000,0.000000
57.314,False,0.000,False,0.000000,0.000000,False,0.000,False,0.000000,0.000000
57.325,False,0.000,False,0.000000,0.000000,False,0.000,False,0.000000,0.000000
57.336,False,0.000,False,0.000000,0.000000,False,0.000,False,0.000000,0.000000
57.348,False,0.000,False,0.000000,0.000000,False,0.000,False,0.000000,0.000000
57.358,False,0.000,False,0.000000,0.000000,False,0.000,False,0.000000,0.000000
57.369,False,0.000,False,0.000000,0.000000,False,0.000,False,0.000000,0.000000
57.380,False,0.000,False,0.000000,0.000000,False,0.000,False,0.000000,0.000000
57.391,False,0.000,False,0.000000,0.000000,False,0.000,False,0.000000,0.000000
57.403,False,0.000,False,0.000000,0.000000,False,0.000,False,0.000000,0.000000
57.414,False,0.000,False,0.000000,0.000000,False,0.000,False,0.000000,0.000000
57.424,False,0.000,False,0.000000,0.000000,False,0.000,False,0.000000,0.000000
57.436,False,0.000,False,0.000000,0.000000,False,0.000,False,0.000000,0.000000
57.447,False,0.000,False,0.000000,0.000000,False,0.000,False,0.000000,0.000000
57.458,False,0.000,False,0.000000,0.000000,False,0.000,False,0.000000,0.000000
57.469,False,0.000,False,0.000000,0.000000,False,0.000,False,0.000000,0.000000
57.480,False,0.000,False,0.000000,0.000000,False,0.000,False,0.000000,0.000000
57.491,False,0.000,False,0.000000,0.000000,False,0.000,False,0.000000,0.000000
57.502,False,0.000,False,0.000000,0.000000,False,0.000,False,0.000000,0.000000
57.513,False,0.000,False,0.000000,0.000000,False,0.000,False,0.000000,0.000000
57.524,False,0.000,False,0.000000,0.000000,False,0.000,False,0.000000,0.000000
57.535,False,0.000,False,0.000000,0.000000,False,0.000,False,0.000000,0.000000
57.546,False,0.000,False,0.000000,0.000000,False,0.000,False,0.000000,0.000000
57.557,False,0.000,False,0.000000,0.000000,False,0.000,False,0.000000,0.000000
57.569,False,0.000,False,0.000000,0.000000,False,0.000,False,0.000000,0.000000
57.580,False,0.000,False,0.000000,0.000000,False,0.000,False,0.000000,0.000000
57.591,False,0.000,False,0.000000,0.000000,False,0.000,False,0.000000,0.000000
57.603,False,0.000,False,0.000000,0.000000,False,0.000,False,0.000000,0.000000
57.615,False,0.000,False,0.000000,0.000000,False,0.000,False,0.000000,0.000000
57.625,False,0.000,False,0.000000,0.000000,False,0.000,False,0.000000,0.000000
57.636,False,0.000,False,0.000000,0.000000,False,0.000,False,0.000000,0.000000
57.647,False,0.000,False,0.000000,0.000000,False,0.000,False,0.000000,0.000000
57.661,False,0.000,False,0.000000,0.000000,False,0.000,False,0.000000,0.000000
57.670,False,0.000,False,0.000000,0.000000,False,0.000,False,0.000000,0.000000
57.680,False,0.000,False,0.000000,0.000000,False,0.000,False,0.000000,0.000000
57.692,False,0.000,False,0.000000,0.000000,False,0.000,False,0.000000,0.000000
57.702,False,0.000,False,0.000000,0.000000,False,0.000,False,0.000000,0.000000
57.713,False,0.000,False,0.000000,0.000000,False,0.000,False,0.000000,0.000000
57.724,False,0.000,False,0.000000,0.000000,False,0.000,False,0.000000,0.000000
57.735,False,0.000,False,0.000000,0.000000,False,0.000,False,0.000000,0.000000
57.747,False,0.000,False,0.000000,0.000000,False,0.000,False,0.000000,0.000000
57.757,False,0.000,False,0.000000,0.000000,False,0.000,False,0.000000,0.000000
57.768,False,0.000,False,0.000000,0.000000,False,0.000,False,0.000000,0.000000
57.779,False,0.000,False,0.000000,0.000000,False,0.000,False,0.000000,0.000000
57.791,False,0.000,False,0.000000,0.000000,False,0.000,False,0.000000,0.000000
57.802,False,0.000,False,0.000000,0.000000,False,0.000,False,0.000000,0.000000
57.813,False,0.000,False,0.000000,0.000000,False,0.000,False,0.000000,0.000000
57.827,False,0.000,False,0.000000,0.000000,False,0.000,False,0.000000,0.000000
57.846,False,0.000,False,0.000000,0.000000,False,0.000,False,0.000000,0.000000
57.858,False,0.000,False,0.000000,0.000000,False,0.000,False,0.000000,0.000000
57.869,False,0.000,False,0.000000,0.000000,False,0.000,False,0.000000,0.000000
57.880,False,0.000,False,0.000000,0.000000,False,0.000,False,0.000000,0.000000
57.891,False,0.000,False,0.000000,0.000000,False,0.000,False,0.000000,0.000000
57.902,False,0.000,False,0.000000,0.000000,False,0.000,False,0.000000,0.000000
57.913,False,0.000,False,0.000000,0.000000,False,0.000,False,0.000000,0.000000
57.924,False,0.000,False,0.000000,0.000000,False,0.000,False,0.000000,0.000000
57.936,False,0.000,False,0.000000,0.000000,False,0.000,False,0.000000,0.000000
57.946,False,0.000,False,0.000000,0.000000,False,0.000,False,0.000000,0.000000
57.958,False,0.000,False,0.000000,0.000000,False,0.000,False,0.000000,0.000000
57.969,False,0.000,False,0.000000,0.000000,False,0.000,False,0.000000,0.000000
57.980,False,0.000,False,0.000000,0.000000,False,0.000,False,0.000000,0.000000
57.991,False,0.000,False,0.000000,0.000000,False,0.000,False,0.000000,0.000000
58.002,False,0.000,False,0.000000,0.000000,False,0.000,False,0.000000,0.000000
58.014,False,0.000,False,0.000000,0.000000,False,0.000,False,0.000000,0.000000
58.024,False,0.000,False,0.000000,0.000000,False,0.000,False,0.000000,0.000000
58.035,False,0.000,False,0.000000,0.000000,False,0.000,False,0.000000,0.000000
58.046,False,0.000,False,0.000000,0.000000,False,0.000,False,0.000000,0.000000
58.057,False,0.000,False,0.000000,0.000000,False,0.000,False,0.000000,0.000000
58.069,False,0.000,False,0.000000,0.000000,False,0.000,False,0.000000,0.000000
58.080,False,0.000,False,0.000000,0.000000,False,0.000,False,0.000000,0.000000
58.091,False,0.000,False,0.000000,0.000000,False,0.000,False,0.000000,0.000000
58.102,False,0.000,False,0.000000,0.000000,False,0.000,False,0.000000,0.000000
58.113,False,0.000,False,0.000000,0.000000,False,0.000,False,0.000000,0.000000
58.124,False,0.000,False,0.000000,0.000000,False,0.000,False,0.000000,0.000000
58.135,False,0.000,False,0.000000,0.000000,False,0.000,False,0.000000,0.000000
58.146,False,0.000,False,0.000000,0.000000,False,0.000,False,0.000000,0.000000
58.157,False,0.000,False,0.000000,0.000000,False,0.000,False,0.000000,0.000000
58.169,False,0.000,False,0.000000,0.000000,False,0.000,False,0.000000,0.000000
58.180,False,0.000,False,0.000000,0.000000,False,0.000,False,0.000000,0.000000
58.191,False,0.000,False,0.000000,0.000000,False,0.000,False,0.000000,0.000000
58.202,False,0.000,False,0.000000,0.000000,False,0.000,False,0.000000,0.000000
58.214,False,0.000,False,0.000000,0.000000,False,0.000,False,0.000000,0.000000
58.225,False,0.000,False,0.000000,0.000000,False,0.000,False,0.000000,0.000000
58.236,False,0.000,False,0.000000,0.000000,False,0.000,False,0.000000,0.000000
58.247,False,0.000,False,0.000000,0.000000,False,0.000,False,0.000000,0.000000
58.258,False,0.000,False,0.000000,0.000000,False,0.000,False,0.000000,0.000000
58.269,False,0.000,False,0.000000,0.000000,False,0.000,False,0.000000,0.000000
58.280,False,0.000,False,0.000000,0.000000,False,0.000,False,0.000000,0.000000
58.291,False,0.000,False,0.000000,0.000000,False,0.000,False,0.000000,0.000000
58.302,False,0.000,False,0.000000,0.000000,False,0.000,False,0.000000,0.000000
58.313,False,0.000,False,0.000000,0.000000,False,0.000,False,0.000000,0.000000
58.325,False,0.000,False,0.000000,0.000000,False,0.000,False,0.000000,0.000000
58.336,False,0.000,False,0.000000,0.000000,False,0.000,False,0.000000,0.000000
58.347,False,0.000,False,0.000000,0.000000,False,0.000,False,0.000000,0.000000
58.358,False,0.000,False,0.000000,0.000000,False,0.000,False,0.000000,0.000000
58.369,False,0.000,False,0.000000,0.000000,False,0.000,False,0.000000,0.000000
58.380,False,0.000,False,0.000000,0.000000,False,0.000,False,0.000000,0.000000
58.391,False,0.000,False,0.000000,0.000000,False,0.000,False,0.000000,0.000000
58.402,False,0.000,False,0.000000,0.000000,False,0.000,False,0.000000,0.000000
58.414,False,0.000,False,0.000000,0.000000,False,0.000,False,0.000000,0.000000
58.425,False,0.000,False,0.000000,0.000000,False,0.000,False,0.000000,0.000000
58.436,False,0.000,False,0.000000,0.000000,False,0.000,False,0.000000,0.000000
58.447,False,0.000,False,0.000000,0.000000,False,0.000,False,0.000000,0.000000
58.458,False,0.000,False,0.000000,0.000000,False,0.000,False,0.000000,0.000000
58.469,False,0.000,False,0.000000,0.000000,False,0.000,False,0.000000,0.000000
58.480,False,0.000,False,0.000000,0.000000,False,0.000,False,0.000000,0.000000
58.491,False,0.000,False,0.000000,0.000000,False,0.000,False,0.000000,0.000000
58.502,False,0.000,False,0.000000,0.000000,False,0.000,False,0.000000,0.000000
58.513,False,0.000,False,0.000000,0.000000,False,0.000,False,0.000000,0.000000
58.524,False,0.000,False,0.000000,0.000000,False,0.000,False,0.000000,0.000000
58.535,False,0.000,False,0.000000,0.000000,False,0.000,False,0.000000,0.000000
58.546,False,0.000,False,0.000000,0.000000,False,0.000,False,0.000000,0.000000
58.557,False,0.000,False,0.000000,0.000000,False,0.000,False,0.000000,0.000000
58.569,False,0.000,False,0.000000,0.000000,False,0.000,False,0.000000,0.000000
58.580,False,0.000,False,0.000000,0.000000,False,0.000,False,0.000000,0.000000
58.591,False,0.000,False,0.000000,0.000000,False,0.000,False,0.000000,0.000000
58.602,False,0.000,False,0.000000,0.000000,False,0.000,False,0.000000,0.000000
58.613,False,0.000,False,0.000000,0.000000,False,0.000,False,0.000000,0.000000
58.625,False,0.000,False,0.000000,0.000000,False,0.000,False,0.000000,0.000000
58.636,False,0.000,False,0.000000,0.000000,False,0.000,False,0.000000,0.000000
58.647,False,0.000,False,0.000000,0.000000,False,0.000,False,0.000000,0.000000
58.658,False,0.000,False,0.000000,0.000000,False,0.000,False,0.000000,0.000000
58.669,False,0.000,False,0.000000,0.000000,False,0.000,False,0.000000,0.000000
58.680,False,0.000,False,0.000000,0.000000,False,0.000,False,0.000000,0.000000
58.691,False,0.000,False,0.000000,0.000000,False,0.000,False,0.000000,0.000000
58.702,False,0.000,False,0.000000,0.000000,False,0.000,False,0.000000,0.000000
58.713,False,0.000,False,0.000000,0.000000,False,0.000,False,0.000000,0.000000
58.725,False,0.000,False,0.000000,0.000000,False,0.000,False,0.000000,0.000000
58.736,False,0.000,False,0.000000,0.000000,False,0.000,False,0.000000,0.000000
58.746,False,0.000,False,0.000000,0.000000,False,0.000,False,0.000000,0.000000
58.757,False,0.000,False,0.000000,0.000000,False,0.000,False,0.000000,0.000000
58.769,False,0.000,False,0.000000,0.000000,False,0.000,False,0.000000,0.000000
58.780,False,0.000,False,0.000000,0.000000,False,0.000,False,0.000000,0.000000
58.791,False,0.000,False,0.000000,0.000000,False,0.000,False,0.000000,0.000000
58.802,False,0.000,False,0.000000,0.000000,False,0.000,False,0.000000,0.000000
58.813,False,0.000,False,0.000000,0.000000,False,0.000,False,0.000000,0.000000
58.824,False,0.000,False,0.000000,0.000000,False,0.000,False,0.000000,0.000000
58.836,False,0.000,False,0.000000,0.000000,False,0.000,False,0.000000,0.000000
58.847,False,0.000,False,0.000000,0.000000,False,0.000,False,0.000000,0.000000
58.857,False,0.000,False,0.000000,0.000000,False,0.000,False,0.000000,0.000000
58.868,False,0.000,False,0.000000,0.000000,False,0.000,False,0.000000,0.000000
58.880,False,0.000,False,0.000000,0.000000,False,0.000,False,0.000000,0.000000
58.891,False,0.000,False,0.000000,0.000000,False,0.000,False,0.000000,0.000000
58.902,False,0.000,False,0.000000,0.000000,False,0.000,False,0.000000,0.000000
58.913,False,0.000,False,0.000000,0.000000,False,0.000,False,0.000000,0.000000
58.924,False,0.000,False,0.000000,0.000000,False,0.000,False,0.000000,0.000000
58.935,False,0.000,False,0.000000,0.000000,False,0.000,False,0.000000,0.000000
58.947,False,0.000,False,0.000000,0.000000,False,0.000,False,0.000000,0.000000
58.958,False,0.000,False,0.000000,0.000000,False,0.000,False,0.000000,0.000000
58.968,False,0.000,False,0.000000,0.000000,False,0.000,False,0.000000,0.000000
58.980,False,0.000,False,0.000000,0.000000,False,0.000,False,0.000000,0.000000
58.991,False,0.000,False,0.000000,0.000000,False,0.000,False,0.000000,0.000000
59.002,False,0.000,False,0.000000,0.000000,False,0.000,False,0.000000,0.000000
59.013,False,0.000,False,0.000000,0.000000,False,0.000,False,0.000000,0.000000
59.024,False,0.000,False,0.000000,0.000000,False,0.000,False,0.000000,0.000000
59.036,False,0.000,False,0.000000,0.000000,False,0.000,False,0.000000,0.000000
59.046,False,0.000,False,0.000000,0.000000,False,0.000,False,0.000000,0.000000
59.057,False,0.000,False,0.000000,0.000000,False,0.000,False,0.000000,0.000000
59.069,False,0.000,False,0.000000,0.000000,False,0.000,False,0.000000,0.000000
59.080,False,0.000,False,0.000000,0.000000,False,0.000,False,0.000000,0.000000
59.091,False,0.000,False,0.000000,0.000000,False,0.000,False,0.000000,0.000000
59.102,False,0.000,False,0.000000,0.000000,False,0.000,False,0.000000,0.000000
59.113,False,0.000,False,0.000000,0.000000,False,0.000,False,0.000000,0.000000
59.124,False,0.000,False,0.000000,0.000000,False,0.000,False,0.000000,0.000000
59.135,False,0.000,False,0.000000,0.000000,False,0.000,False,0.000000,0.000000
59.148,False,0.000,False,0.000000,0.000000,False,0.000,False,0.000000,0.000000
59.158,False,0.000,False,0.000000,0.000000,False,0.000,False,0.000000,0.000000
59.169,False,0.000,False,0.000000,0.000000,False,0.000,False,0.000000,0.000000
59.180,False,0.000,False,0.000000,0.000000,False,0.000,False,0.000000,0.000000
59.191,False,0.000,False,0.000000,0.000000,False,0.000,False,0.000000,0.000000
59.202,False,0.000,False,0.000000,0.000000,False,0.000,False,0.000000,0.000000
59.213,False,0.000,False,0.000000,0.000000,False,0.000,False,0.000000,0.000000
59.225,False,0.000,False,0.000000,0.000000,False,0.000,False,0.000000,0.000000
59.236,False,0.000,False,0.000000,0.000000,False,0.000,False,0.000000,0.000000
59.247,False,0.000,False,0.000000,0.000000,False,0.000,False,0.000000,0.000000
59.258,False,0.000,False,0.000000,0.000000,False,0.000,False,0.000000,0.000000
59.269,False,0.000,False,0.000000,0.000000,False,0.000,False,0.000000,0.000000
59.280,False,0.000,False,0.000000,0.000000,False,0.000,False,0.000000,0.000000
59.291,False,0.000,False,0.000000,0.000000,False,0.000,False,0.000000,0.000000
59.302,False,0.000,False,0.000000,0.000000,False,0.000,False,0.000000,0.000000
59.313,False,0.000,False,0.000000,0.000000,False,0.000,False,0.000000,0.000000
59.325,False,0.000,False,0.000000,0.000000,False,0.000,False,0.000000,0.000000
59.336,False,0.000,False,0.000000,0.000000,False,0.000,False,0.000000,0.000000
59.347,False,0.000,False,0.000000,0.000000,False,0.000,False,0.000000,0.000000
59.358,False,0.000,False,0.000000,0.000000,False,0.000,False,0.000000,0.000000
59.369,False,0.000,False,0.000000,0.000000,False,0.000,False,0.000000,0.000000
59.380,False,0.000,False,0.000000,0.000000,False,0.000,False,0.000000,0.000000
59.391,False,0.000,False,0.000000,0.000000,False,0.000,False,0.000000,0.000000
59.402,False,0.000,False,0.000000,0.000000,False,0.000,False,0.000000,0.000000
59.413,False,0.000,False,0.000000,0.000000,False,0.000,False,0.000000,0.000000
59.424,False,0.000,False,0.000000,0.000000,False,0.000,False,0.000000,0.000000
59.436,False,0.000,False,0.000000,0.000000,False,0.000,False,0.000000,0.000000
59.448,False,0.000,False,0.000000,0.000000,False,0.000,False,0.000000,0.000000
59.458,False,0.000,False,0.000000,0.000000,False,0.000,False,0.000000,0.000000
59.469,False,0.000,False,0.000000,0.000000,False,0.000,False,0.000000,0.000000
59.480,False,0.000,False,0.000000,0.000000,False,0.000,False,0.000000,0.000000
59.491,False,0.000,False,0.000000,0.000000,False,0.000,False,0.000000,0.000000
59.502,False,0.000,False,0.000000,0.000000,False,0.000,False,0.000000,0.000000
59.513,False,0.000,False,0.000000,0.000000,False,0.000,False,0.000000,0.000000
59.524,False,0.000,False,0.000000,0.000000,False,0.000,False,0.000000,0.000000
59.536,False,0.000,False,0.000000,0.000000,False,0.000,False,0.000000,0.000000
59.547,False,0.000,False,0.000000,0.000000,False,0.000,False,0.000000,0.000000
59.558,False,0.000,False,0.000000,0.000000,False,0.000,False,0.000000,0.000000
59.569,False,0.000,False,0.000000,0.000000,False,0.000,False,0.000000,0.000000
59.580,False,0.000,False,0.000000,0.000000,False,0.000,False,0.000000,0.000000
59.591,False,0.000,False,0.000000,0.000000,False,0.000,False,0.000000,0.000000
59.602,False,0.000,False,0.000000,0.000000,False,0.000,False,0.000000,0.000000
59.613,False,0.000,False,0.000000,0.000000,False,0.000,False,0.000000,0.000000
59.624,False,0.000,False,0.000000,0.000000,False,0.000,False,0.000000,0.000000
59.636,False,0.000,False,0.000000,0.000000,False,0.000,False,0.000000,0.000000
59.648,False,0.000,False,0.000000,0.000000,False,0.000,False,0.000000,0.000000
59.659,False,0.000,False,0.000000,0.000000,False,0.000,False,0.000000,0.000000
59.669,False,0.000,False,0.000000,0.000000,False,0.000,False,0.000000,0.000000
59.682,False,0.000,False,0.000000,0.000000,False,0.000,False,0.000000,0.000000
59.691,False,0.000,False,0.000000,0.000000,False,0.000,False,0.000000,0.000000
59.702,False,0.000,False,0.000000,0.000000,False,0.000,False,0.000000,0.000000
59.713,False,0.000,False,0.000000,0.000000,False,0.000,False,0.000000,0.000000
59.724,False,0.000,False,0.000000,0.000000,False,0.000,False,0.000000,0.000000
59.736,False,0.000,False,0.000000,0.000000,False,0.000,False,0.000000,0.000000
59.747,False,0.000,False,0.000000,0.000000,False,0.000,False,0.000000,0.000000
59.758,False,0.000,False,0.000000,0.000000,False,0.000,False,0.000000,0.000000
59.769,False,0.000,False,0.000000,0.000000,False,0.000,False,0.000000,0.000000
59.780,False,0.000,False,0.000000,0.000000,False,0.000,False,0.000000,0.000000
59.791,False,0.000,False,0.000000,0.000000,False,0.000,False,0.000000,0.000000
59.803,False,0.000,False,0.000000,0.000000,False,0.000,False,0.000000,0.000000
59.813,False,0.000,False,0.000000,0.000000,False,0.000,False,0.000000,0.000000
59.825,False,0.000,False,0.000000,0.000000,False,0.000,False,0.000000,0.000000
59.835,False,0.000,False,0.000000,0.000000,False,0.000,False,0.000000,0.000000
59.847,False,0.000,False,0.000000,0.000000,False,0.000,False,0.000000,0.000000
59.859,False,0.000,False,0.000000,0.000000,False,0.000,False,0.000000,0.000000
59.869,False,0.000,False,0.000000,0.000000,False,0.000,False,0.000000,0.000000
59.880,False,0.000,False,0.000000,0.000000,False,0.000,False,0.000000,0.000000
59.891,False,0.000,False,0.000000,0.000000,False,0.000,False,0.000000,0.000000
59.902,False,0.000,False,0.000000,0.000000,False,0.000,False,0.000000,0.000000
59.913,False,0.000,False,0.000000,0.000000,False,0.000,False,0.000000,0.000000
59.924,False,0.000,False,0.000000,0.000000,False,0.000,False,0.000000,0.000000
59.935,False,0.000,False,0.000000,0.000000,False,0.000,False,0.000000,0.000000
59.946,False,0.000,False,0.000000,0.000000,False,0.000,False,0.000000,0.000000
59.958,False,0.000,False,0.000000,0.000000,False,0.000,False,0.000000,0.000000
59.969,False,0.000,False,0.000000,0.000000,False,0.000,False,0.000000,0.000000
59.980,False,0.000,False,0.000000,0.000000,False,0.000,False,0.000000,0.000000
59.991,False,0.000,False,0.000000,0.000000,False,0.000,False,0.000000,0.000000
60.002,False,0.000,False,0.000000,0.000000,False,0.000,False,0.000000,0.000000
