Timestamp,LeftDiameterValid,LeftPupilDiameter,LeftPositionValid,LeftPupilPosX,LeftPupilPosY,RightDiameterValid,RightPupilDiameter,RightPositionValid,RightPupilPosX,RightPupilPosY
0.000,True,2.567,True,0.492468,0.489604,True,1.539,True,0.507823,0.509155
0.019,True,2.567,True,0.492468,0.489604,True,1.539,True,0.507770,0.508922
0.030,True,2.567,True,0.492468,0.489604,True,1.539,True,0.507770,0.508922
0.042,True,2.567,True,0.492747,0.489233,True,1.539,True,0.507770,0.508922
0.053,True,2.567,True,0.492747,0.489233,True,1.539,True,0.507770,0.508922
0.064,True,2.567,True,0.492747,0.489233,True,1.539,True,0.507535,0.509064
0.075,True,2.567,True,0.492747,0.489233,True,1.539,True,0.507535,0.509064
0.087,True,2.567,True,0.492408,0.489292,True,1.539,True,0.507535,0.509064
0.097,True,2.567,True,0.492408,0.489292,True,1.539,True,0.507579,0.509206
0.108,True,2.567,True,0.492445,0.489197,True,1.539,True,0.507579,0.509206
0.119,True,2.567,True,0.492445,0.489197,True,1.539,True,0.507579,0.509206
0.130,True,2.567,True,0.492445,0.489197,True,1.539,True,0.507547,0.509174
0.141,True,2.567,True,0.492445,0.489197,True,1.539,True,0.507547,0.509174
0.153,True,2.567,True,0.492586,0.489270,True,1.539,True,0.507547,0.509174
0.164,True,2.567,True,0.492586,0.489270,True,1.539,True,0.507588,0.509260
0.175,True,2.567,True,0.491064,0.488930,True,1.539,True,0.507588,0.509260
0.186,True,2.567,True,0.491064,0.488930,True,1.539,True,0.507588,0.509260
0.197,True,2.567,True,0.491064,0.488930,True,1.539,True,0.505575,0.510129
0.208,True,2.567,True,0.491064,0.488930,True,1.539,True,0.505575,0.510129
0.219,True,2.567,True,0.489675,0.489217,True,1.539,True,0.505575,0.510129
0.230,True,2.567,True,0.489675,0.489217,True,1.539,True,0.505517,0.510269
0.241,True,2.567,True,0.489764,0.489275,True,1.539,True,0.505517,0.510269
0.253,True,2.567,True,0.489764,0.489275,True,1.539,True,0.505517,0.510269
0.264,True,2.567,True,0.489764,0.489275,True,1.539,True,0.505770,0.510232
0.275,True,2.567,True,0.489504,0.489215,True,1.539,True,0.505770,0.510232
0.286,True,2.567,True,0.489504,0.489215,True,1.539,True,0.505770,0.510232
0.297,True,2.567,True,0.489504,0.489215,True,1.539,True,0.505604,0.510314
0.308,True,2.567,True,0.489778,0.489155,True,1.539,True,0.505604,0.510314
0.319,True,2.567,True,0.489778,0.489155,True,1.539,True,0.505604,0.510314
0.330,True,2.567,True,0.489778,0.489155,True,1.539,True,0.505498,0.510528
0.341,True,2.567,True,0.489938,0.489238,True,1.539,True,0.505498,0.510528
0.352,True,2.567,True,0.489938,0.489238,True,1.539,True,0.505498,0.510528
0.364,True,2.567,True,0.489938,0.489238,True,1.539,True,0.505411,0.510563
0.375,True,2.567,True,0.489416,0.489678,True,1.539,True,0.505411,0.510563
0.386,True,2.567,True,0.489416,0.489678,True,1.539,True,0.505411,0.510563
0.397,True,2.567,True,0.489416,0.489678,True,1.539,True,0.505411,0.510563
0.408,True,2.567,True,0.489901,0.489687,True,1.378,True,0.505275,0.510475
0.419,True,2.567,True,0.489901,0.489687,True,1.378,True,0.505275,0.510475
0.430,True,2.567,True,0.489901,0.489687,True,1.378,True,0.507170,0.510861
0.441,True,2.567,True,0.490923,0.490741,True,1.378,True,0.507170,0.510861
0.453,True,2.567,True,0.490923,0.490741,True,1.378,True,0.507170,0.510861
0.464,True,2.567,True,0.490923,0.490741,True,1.378,True,0.507535,0.511026
0.475,True,2.567,True,0.491051,0.490794,True,1.378,True,0.507535,0.511026
0.486,True,2.567,True,0.491051,0.490794,True,1.378,True,0.507535,0.511026
0.497,True,2.567,True,0.491051,0.490794,True,1.378,True,0.507199,0.510808
0.508,True,2.567,True,0.491051,0.490794,True,1.378,True,0.507199,0.510808
0.519,True,2.567,True,0.491216,0.490716,True,1.378,True,0.507199,0.510808
0.530,True,2.567,True,0.491216,0.490716,True,1.378,True,0.507493,0.510784
0.541,True,2.567,True,0.491216,0.490716,True,1.378,True,0.507493,0.510784
0.552,True,2.567,True,0.490933,0.490632,True,1.378,True,0.507493,0.510784
0.564,True,2.567,True,0.490933,0.490632,True,1.378,True,0.507435,0.510784
0.575,True,2.567,True,0.490933,0.490632,True,1.378,True,0.507435,0.510784
0.586,True,2.567,True,0.491049,0.490663,True,1.378,True,0.507435,0.510784
0.597,True,2.567,True,0.491049,0.490663,True,1.378,True,0.507048,0.510691
0.608,True,2.567,True,0.491049,0.490663,True,1.378,True,0.507048,0.510691
0.619,True,2.567,True,0.491205,0.490708,True,1.378,True,0.507048,0.510691
0.630,True,2.567,True,0.491205,0.490708,True,1.378,True,0.507088,0.510775
0.641,True,2.567,True,0.491205,0.490708,True,1.378,True,0.507088,0.510775
0.652,True,2.567,True,0.490723,0.490465,True,1.378,True,0.507088,0.510775
0.664,True,2.567,True,0.490723,0.490465,True,1.378,True,0.507088,0.510775
0.675,True,2.567,True,0.490723,0.490465,True,1.378,True,0.507230,0.510676
0.686,True,2.567,True,0.490489,0.490171,True,1.378,True,0.507230,0.510676
0.697,True,2.567,True,0.490489,0.490171,True,1.378,True,0.505894,0.510846
0.708,True,2.567,True,0.490489,0.490171,True,1.378,True,0.505894,0.510846
0.719,True,2.567,True,0.490077,0.489860,True,1.378,True,0.505894,0.510846
0.730,True,2.567,True,0.490077,0.489860,True,1.378,True,0.506058,0.510815
0.741,True,2.567,True,0.490077,0.489860,True,1.378,True,0.506058,0.510815
0.752,True,2.567,True,0.490109,0.489881,True,1.378,True,0.506058,0.510815
0.764,True,2.567,True,0.490109,0.489881,True,1.378,True,0.505878,0.510668
0.774,True,2.567,True,0.490109,0.489881,True,1.378,True,0.505878,0.510668
0.786,True,2.567,True,0.489696,0.489764,True,1.378,True,0.505878,0.510668
0.797,True,2.567,True,0.489696,0.489764,True,1.378,True,0.505736,0.510773
0.808,True,2.567,True,0.489696,0.489764,True,1.378,True,0.505736,0.510773
0.819,True,2.567,True,0.489769,0.489916,True,1.378,True,0.505736,0.510773
0.830,True,2.567,True,0.489769,0.489916,True,1.378,True,0.506113,0.510956
0.841,True,2.567,True,0.489769,0.489916,True,1.378,True,0.506113,0.510956
0.852,True,2.567,True,0.489651,0.489965,True,1.378,True,0.506113,0.510956
0.864,True,2.567,True,0.489651,0.489965,True,1.378,True,0.506113,0.510956
0.875,True,2.567,True,0.489651,0.489965,True,1.378,True,0.505941,0.510754
0.886,True,2.536,True,0.489631,0.489872,True,1.378,True,0.505941,0.510754
0.897,True,2.536,True,0.489631,0.489872,True,1.378,True,0.505941,0.510754
0.908,True,2.536,True,0.489631,0.489872,True,1.378,True,0.505963,0.510670
0.919,True,2.536,True,0.489667,0.490050,True,1.378,True,0.505963,0.510670
0.930,True,2.536,True,0.489667,0.490050,True,1.378,True,0.505963,0.510670
0.941,True,2.536,True,0.489667,0.490050,True,1.378,True,0.507442,0.510873
0.952,True,2.536,True,0.490977,0.490787,True,1.378,True,0.507442,0.510873
0.964,True,2.536,True,0.490977,0.490787,True,1.378,True,0.507442,0.510873
0.974,True,2.536,True,0.490977,0.490787,True,1.378,True,0.507569,0.510812
0.986,True,2.536,True,0.491169,0.490780,True,1.378,True,0.507569,0.510812
0.997,True,2.536,True,0.491169,0.490780,True,1.378,True,0.507569,0.510812
1.008,True,2.536,True,0.491169,0.490780,True,1.378,True,0.507615,0.510838
1.019,True,2.536,True,0.491225,0.490590,True,1.378,True,0.507615,0.510838
1.030,True,2.536,True,0.491225,0.490590,True,1.378,True,0.507615,0.510838
1.041,True,2.536,True,0.491225,0.490590,True,1.378,True,0.507699,0.510940
1.053,True,2.536,True,0.491324,0.490937,True,1.378,True,0.507699,0.510940
1.064,True,2.536,True,0.491324,0.490937,True,1.378,True,0.507699,0.510940
1.075,True,2.536,True,0.491324,0.490937,True,1.378,True,0.507729,0.511067
1.086,True,2.536,True,0.491136,0.490624,True,1.378,True,0.507729,0.511067
1.097,True,2.536,True,0.491136,0.490624,True,1.378,True,0.507707,0.510752
1.108,True,2.536,True,0.491136,0.490624,True,1.378,True,0.507707,0.510752
1.119,True,2.536,True,0.491096,0.490830,True,1.378,True,0.507707,0.510752
1.130,True,2.536,True,0.491096,0.490830,True,1.378,True,0.507605,0.511022
1.142,True,2.536,True,0.491096,0.490830,True,1.378,True,0.507605,0.511022
1.153,True,2.536,True,0.491493,0.490681,True,1.378,True,0.507605,0.511022
1.164,True,2.536,True,0.491493,0.490681,True,1.378,True,0.507605,0.511022
1.175,True,2.536,True,0.491493,0.490681,True,1.378,True,0.507800,0.510804
1.186,True,2.536,True,0.491242,0.490708,True,1.378,True,0.507800,0.510804
1.197,True,2.536,True,0.491242,0.490708,True,1.378,True,0.507800,0.510804
1.208,True,2.536,True,0.491242,0.490708,True,1.378,True,0.507745,0.510758
1.219,True,2.536,True,0.491240,0.490655,True,1.378,True,0.507745,0.510758
1.230,True,2.536,True,0.491240,0.490655,True,1.378,True,0.507745,0.510758
1.241,True,2.536,True,0.491240,0.490655,True,1.378,True,0.507487,0.510639
1.253,True,2.536,True,0.491081,0.490619,True,1.378,True,0.507487,0.510639
1.264,True,2.536,True,0.491081,0.490619,True,1.378,True,0.507715,0.510592
1.275,True,2.536,True,0.491081,0.490619,True,1.378,True,0.507715,0.510592
1.286,True,2.536,True,0.491081,0.490619,True,1.378,True,0.507715,0.510592
1.297,True,2.536,True,0.491218,0.490682,True,1.378,True,0.507715,0.510592
1.308,True,2.536,True,0.491218,0.490682,True,1.378,True,0.507803,0.510489
1.319,True,2.536,True,0.491246,0.490362,True,1.378,True,0.507803,0.510489
1.330,True,2.536,True,0.491246,0.490362,True,1.378,True,0.507545,0.510414
1.341,True,2.536,True,0.491246,0.490362,True,1.378,True,0.507545,0.510414
1.353,True,2.536,True,0.491402,0.490053,True,1.378,True,0.507545,0.510414
1.364,True,2.536,True,0.491402,0.490053,True,1.378,True,0.507545,0.510414
1.375,True,2.536,True,0.491402,0.490053,True,1.378,True,0.507611,0.510213
1.386,True,2.536,True,0.491358,0.489798,True,1.378,True,0.507611,0.510213
1.397,True,2.536,True,0.491358,0.489798,True,1.378,True,0.507611,0.510213
1.408,True,2.536,True,0.491358,0.489798,True,1.594,True,0.507583,0.510274
1.419,True,2.536,True,0.491358,0.489798,True,1.594,True,0.507583,0.510274
1.430,True,2.536,True,0.491717,0.489796,True,1.594,True,0.507583,0.510274
1.441,True,2.536,True,0.491717,0.489796,True,1.594,True,0.507510,0.510317
1.453,True,2.536,True,0.491717,0.489796,True,1.594,True,0.507510,0.510317
1.464,True,2.536,True,0.491405,0.489732,True,1.594,True,0.507510,0.510317
1.475,True,2.536,True,0.491405,0.489732,True,1.594,True,0.507503,0.510140
1.486,True,2.536,True,0.491405,0.489732,True,1.594,True,0.507503,0.510140
1.497,True,2.536,True,0.491155,0.489622,True,1.594,True,0.507503,0.510140
1.508,True,2.536,True,0.491155,0.489622,True,1.594,True,0.507169,0.510066
1.519,True,2.536,True,0.491320,0.489432,True,1.594,True,0.507169,0.510066
1.530,True,2.536,True,0.491320,0.489432,True,1.594,True,0.507169,0.510066
1.541,True,2.536,True,0.491320,0.489432,True,1.594,True,0.507316,0.509732
1.553,True,2.536,True,0.491310,0.489508,True,1.594,True,0.507316,0.509732
1.564,True,2.536,True,0.491310,0.489508,True,1.594,True,0.507316,0.509732
1.575,True,2.536,True,0.491310,0.489508,True,1.594,True,0.507260,0.509854
1.586,True,2.536,True,0.491310,0.489508,True,1.594,True,0.507260,0.509854
1.597,True,2.536,True,0.491429,0.489422,True,1.594,True,0.507260,0.509854
1.608,True,2.536,True,0.491429,0.489422,True,1.594,True,0.507049,0.509939
1.619,True,2.536,True,0.491429,0.489422,True,1.594,True,0.507049,0.509939
1.630,True,2.536,True,0.491338,0.489385,True,1.594,True,0.507049,0.509939
1.641,True,2.536,True,0.491338,0.489385,True,1.594,True,0.507250,0.509928
1.653,True,2.536,True,0.491338,0.489385,True,1.594,True,0.507250,0.509928
1.663,True,2.536,True,0.491338,0.489385,True,1.594,True,0.507250,0.509928
1.674,True,2.536,True,0.491640,0.489202,True,1.594,True,0.507490,0.509831
1.686,True,2.536,True,0.491640,0.489202,True,1.594,True,0.507490,0.509831
1.697,True,2.536,True,0.491640,0.489202,True,1.594,True,0.507490,0.509831
1.708,True,2.536,True,0.491756,0.489223,True,1.594,True,0.507490,0.509831
1.719,True,2.536,True,0.491756,0.489223,True,1.594,True,0.507341,0.509789
1.730,True,2.536,True,0.491756,0.489223,True,1.594,True,0.507341,0.509789
1.741,True,2.536,True,0.491835,0.489312,True,1.594,True,0.507341,0.509789
1.752,True,2.536,True,0.491835,0.489312,True,1.594,True,0.507341,0.509789
1.764,True,2.536,True,0.491835,0.489312,True,1.594,True,0.507302,0.509589
1.775,True,2.536,True,0.491665,0.489180,True,1.594,True,0.507302,0.509589
1.786,True,2.536,True,0.491665,0.489180,True,1.594,True,0.507302,0.509589
1.797,True,2.536,True,0.491665,0.489180,True,1.594,True,0.507381,0.509629
1.808,True,2.536,True,0.491754,0.489383,True,1.594,True,0.507381,0.509629
1.819,True,2.536,True,0.491754,0.489383,True,1.594,True,0.507381,0.509629
1.830,True,2.536,True,0.491754,0.489383,True,1.594,True,0.507290,0.509453
1.841,True,2.536,True,0.491250,0.489326,True,1.594,True,0.507290,0.509453
1.852,True,2.536,True,0.491250,0.489326,True,1.594,True,0.507290,0.509453
1.863,True,2.536,True,0.491250,0.489326,True,1.594,True,0.507232,0.509730
1.874,True,2.536,True,0.491453,0.489339,True,1.594,True,0.507232,0.509730
1.886,True,2.536,True,0.491453,0.489339,True,1.594,True,0.507232,0.509730
1.897,True,2.536,True,0.491453,0.489339,True,1.594,True,0.507258,0.509746
1.908,True,2.536,True,0.491453,0.489339,True,1.594,True,0.507258,0.509746
1.919,True,2.979,True,0.491281,0.489402,True,1.594,True,0.507258,0.509746
1.930,True,2.979,True,0.491281,0.489402,True,1.594,True,0.507211,0.509790
1.941,True,2.979,True,0.491184,0.489487,True,1.594,True,0.507211,0.509790
1.952,True,2.979,True,0.491184,0.489487,True,1.594,True,0.507211,0.509790
1.964,True,2.979,True,0.491184,0.489487,True,1.594,True,0.507250,0.509849
1.974,True,2.979,True,0.491242,0.489438,True,1.594,True,0.507250,0.509849
1.986,True,2.979,True,0.491242,0.489438,True,1.594,True,0.507250,0.509849
1.997,True,2.979,True,0.491242,0.489438,True,1.594,True,0.507143,0.509970
2.008,True,2.979,True,0.491242,0.489438,True,1.594,True,0.507143,0.509970
2.019,True,2.979,True,0.491148,0.489428,True,1.594,True,0.507191,0.509842
2.030,True,2.979,True,0.491148,0.489428,True,1.594,True,0.507191,0.509842
2.041,True,2.979,True,0.491148,0.489428,True,1.594,True,0.507191,0.509842
2.052,True,2.979,True,0.491126,0.489279,True,1.594,True,0.506937,0.509896
2.063,True,2.979,True,0.491126,0.489279,True,1.594,True,0.506937,0.509896
2.075,True,2.979,True,0.491126,0.489279,True,1.594,True,0.506937,0.509896
2.086,True,2.979,True,0.490900,0.489520,True,1.594,True,0.506840,0.509623
2.097,True,2.979,True,0.490900,0.489520,True,1.594,True,0.506840,0.509623
2.108,True,2.979,True,0.490900,0.489520,True,1.594,True,0.506840,0.509623
2.119,True,2.979,True,0.491194,0.489248,True,1.594,True,0.506840,0.509623
2.130,True,2.979,True,0.491194,0.489248,True,1.594,True,0.507000,0.509669
2.141,True,2.979,True,0.491194,0.489248,True,1.594,True,0.507000,0.509669
2.152,True,2.979,True,0.491382,0.489201,True,1.594,True,0.507000,0.509669
2.164,True,2.979,True,0.491382,0.489201,True,1.594,True,0.507061,0.509539
2.175,True,2.979,True,0.491010,0.488781,True,1.594,True,0.507061,0.509539
2.186,True,2.979,True,0.491010,0.488781,True,1.594,True,0.507061,0.509539
2.197,True,2.979,True,0.491010,0.488781,True,1.594,True,0.506782,0.509528
2.208,True,2.979,True,0.490944,0.488686,True,1.594,True,0.506782,0.509528
2.224,True,2.979,True,0.490944,0.488686,True,1.594,True,0.506782,0.509528
2.235,True,2.979,True,0.490944,0.488686,True,1.594,True,0.506546,0.509512
2.246,True,2.979,True,0.490934,0.488935,True,1.594,True,0.506546,0.509512
2.257,True,2.979,True,0.490934,0.488935,True,1.594,True,0.506546,0.509512
2.269,True,2.979,True,0.490934,0.488935,True,1.594,True,0.506883,0.509295
2.280,True,2.979,True,0.490827,0.488962,True,1.594,True,0.506883,0.509295
2.291,True,2.979,True,0.490827,0.488962,True,1.594,True,0.506883,0.509295
2.302,True,2.979,True,0.490827,0.488962,True,1.594,True,0.506786,0.509576
2.313,True,2.979,True,0.490995,0.488744,True,1.594,True,0.506786,0.509576
2.324,True,2.979,True,0.490995,0.488744,True,1.594,True,0.506786,0.509576
2.335,True,2.979,True,0.490995,0.488744,True,1.594,True,0.506543,0.509351
2.347,True,2.979,True,0.491279,0.488588,True,1.594,True,0.506543,0.509351
2.357,True,2.979,True,0.491279,0.488588,True,1.594,True,0.506543,0.509351
2.369,True,2.979,True,0.491279,0.488588,True,1.594,True,0.507001,0.508584
2.380,True,2.979,True,0.492260,0.488178,True,1.594,True,0.507001,0.508584
2.391,True,2.979,True,0.492260,0.488178,True,1.594,True,0.507001,0.508584
2.402,True,2.979,True,0.492260,0.488178,True,2.772,True,0.507046,0.508431
2.413,True,2.979,True,0.492330,0.488217,True,2.772,True,0.507046,0.508431
2.424,True,2.979,True,0.492330,0.488217,True,2.772,True,0.507046,0.508431
2.435,True,2.979,True,0.492330,0.488217,True,2.772,True,0.507022,0.508350
2.446,True,2.979,True,0.492279,0.488297,True,2.772,True,0.507022,0.508350
2.458,True,2.979,True,0.492279,0.488297,True,2.772,True,0.506915,0.508361
2.469,True,2.979,True,0.492279,0.488297,True,2.772,True,0.506915,0.508361
2.480,True,2.979,True,0.491882,0.488180,True,2.772,True,0.506915,0.508361
2.491,True,2.979,True,0.491882,0.488180,True,2.772,True,0.506915,0.508361
2.502,True,2.979,True,0.491882,0.488180,True,2.772,True,0.507032,0.508212
2.513,True,2.979,True,0.492266,0.488079,True,2.772,True,0.507032,0.508212
2.524,True,2.979,True,0.492266,0.488079,True,2.772,True,0.506807,0.508265
2.535,True,2.979,True,0.492266,0.488079,True,2.772,True,0.506807,0.508265
2.546,True,2.979,True,0.492048,0.488398,True,2.772,True,0.506807,0.508265
2.557,True,2.979,True,0.492048,0.488398,True,2.772,True,0.506770,0.508471
2.569,True,2.979,True,0.492048,0.488398,True,2.772,True,0.506770,0.508471
2.580,True,2.979,True,0.490284,0.488053,True,2.772,True,0.506770,0.508471
2.591,True,2.979,True,0.490284,0.488053,True,2.772,True,0.506770,0.508471
2.602,True,2.979,True,0.490284,0.488053,True,2.772,True,0.505439,0.508796
2.613,True,2.979,True,0.489999,0.488026,True,2.772,True,0.505439,0.508796
2.624,True,2.979,True,0.489999,0.488026,True,2.772,True,0.505439,0.508796
2.635,True,2.979,True,0.489999,0.488026,True,2.772,True,0.505289,0.509030
2.646,True,2.979,True,0.489999,0.488026,True,2.772,True,0.505289,0.509030
2.657,True,2.979,True,0.490297,0.488090,True,2.772,True,0.505289,0.509030
2.668,True,2.979,True,0.490297,0.488090,True,2.772,True,0.505438,0.509143
2.680,True,2.989,True,0.490165,0.488176,True,2.772,True,0.505438,0.509143
2.691,True,2.989,True,0.490165,0.488176,True,2.772,True,0.505438,0.509143
2.702,True,2.989,True,0.490165,0.488176,True,2.772,True,0.505630,0.509255
2.713,True,2.989,True,0.489932,0.488111,True,2.772,True,0.505630,0.509255
2.724,True,2.989,True,0.489932,0.488111,True,2.772,True,0.505630,0.509255
2.735,True,2.989,True,0.489932,0.488111,True,2.772,True,0.505608,0.509301
2.747,True,2.989,True,0.490208,0.488143,True,2.772,True,0.505608,0.509301
2.757,True,2.989,True,0.490208,0.488143,True,2.772,True,0.505608,0.509301
2.769,True,2.989,True,0.490208,0.488143,True,2.772,True,0.505468,0.509226
2.780,True,2.989,True,0.490182,0.488341,True,2.772,True,0.505468,0.509226
2.791,True,2.989,True,0.490182,0.488341,True,2.772,True,0.505468,0.509226
2.802,True,2.989,True,0.490182,0.488341,True,2.772,True,0.505740,0.509112
2.813,True,2.989,True,0.490105,0.488189,True,2.772,True,0.505740,0.509112
2.824,True,2.989,True,0.490105,0.488189,True,2.772,True,0.505740,0.509112
2.835,True,2.989,True,0.490105,0.488189,True,2.772,True,0.505570,0.509222
2.846,True,2.989,True,0.490142,0.488340,True,2.772,True,0.505570,0.509222
2.857,True,2.989,True,0.490142,0.488340,True,2.772,True,0.505570,0.509222
2.868,True,2.989,True,0.490142,0.488340,True,2.772,True,0.505716,0.509268
2.880,True,2.989,True,0.490164,0.488412,True,2.772,True,0.505716,0.509268
2.891,True,2.989,True,0.490164,0.488412,True,2.772,True,0.505716,0.509268
2.902,True,2.989,True,0.490164,0.488412,True,2.772,True,0.505582,0.509227
2.913,True,2.989,True,0.490200,0.488092,True,2.772,True,0.505582,0.509227
2.924,True,2.989,True,0.490200,0.488092,True,2.772,True,0.505582,0.509227
2.935,True,2.989,True,0.490200,0.488092,True,2.772,True,0.505600,0.509341
2.946,True,2.989,True,0.490053,0.488387,True,2.772,True,0.505600,0.509341
2.957,True,2.989,True,0.490053,0.488387,True,2.772,True,0.505600,0.509341
2.968,True,2.989,True,0.490053,0.488387,True,2.772,True,0.505640,0.509188
2.979,True,2.989,True,0.490206,0.488183,True,2.772,True,0.505640,0.509188
2.990,True,2.989,True,0.490206,0.488183,True,2.772,True,0.505640,0.509188
3.002,True,2.989,True,0.490206,0.488183,True,2.772,True,0.506219,0.509255
3.013,True,2.989,True,0.491658,0.488769,True,2.772,True,0.506219,0.509255
3.024,True,2.989,True,0.491658,0.488769,True,2.772,True,0.506219,0.509255
3.035,True,2.989,True,0.491658,0.488769,True,2.772,True,0.507119,0.509262
3.046,True,2.989,True,0.491658,0.488769,True,2.772,True,0.507119,0.509262
3.057,True,2.989,True,0.491604,0.488917,True,2.772,True,0.507119,0.509262
3.068,True,2.989,True,0.491604,0.488917,True,2.772,True,0.506935,0.509246
3.080,True,2.989,True,0.491592,0.489180,True,2.772,True,0.506935,0.509246
3.091,True,2.989,True,0.491592,0.489180,True,2.772,True,0.506935,0.509246
3.102,True,2.989,True,0.491592,0.489180,True,2.772,True,0.506794,0.509230
3.113,True,2.989,True,0.491429,0.489089,True,2.772,True,0.506794,0.509230
3.124,True,2.989,True,0.491429,0.489089,True,2.772,True,0.506794,0.509230
3.135,True,2.989,True,0.491429,0.489089,True,2.772,True,0.507078,0.509238
3.146,True,2.989,True,0.491293,0.489304,True,2.772,True,0.507078,0.509238
3.157,True,2.989,True,0.491293,0.489304,True,2.772,True,0.507078,0.509238
3.168,True,2.989,True,0.491293,0.489304,True,2.772,True,0.507078,0.509238
3.180,True,2.989,True,0.491467,0.489235,True,2.692,True,0.507050,0.509316
3.191,True,2.989,True,0.491467,0.489235,True,2.692,True,0.507050,0.509316
3.202,True,2.989,True,0.491467,0.489235,True,2.692,True,0.507154,0.509413
3.213,True,2.989,True,0.491467,0.489235,True,2.692,True,0.507154,0.509413
3.224,True,2.989,True,0.491586,0.489178,True,2.692,True,0.507154,0.509413
3.238,True,2.989,True,0.491586,0.489178,True,2.692,True,0.507242,0.509348
3.257,True,2.989,True,0.491393,0.489204,True,2.692,True,0.507242,0.509348
3.268,True,2.989,True,0.491393,0.489204,True,2.692,True,0.507242,0.509348
3.280,True,2.989,True,0.491393,0.489204,True,2.692,True,0.507064,0.509299
3.291,True,2.989,True,0.491457,0.489227,True,2.692,True,0.507064,0.509299
3.302,True,2.989,True,0.491457,0.489227,True,2.692,True,0.507064,0.509299
3.313,True,2.989,True,0.491457,0.489227,True,2.692,True,0.507203,0.509176
3.324,True,2.989,True,0.490936,0.488476,True,2.692,True,0.507203,0.509176
3.335,True,2.989,True,0.490936,0.488476,True,2.692,True,0.505960,0.508351
3.346,True,2.989,True,0.490936,0.488476,True,2.692,True,0.505960,0.508351
3.358,True,2.989,True,0.491577,0.487980,True,2.692,True,0.505960,0.508351
3.369,True,2.989,True,0.491577,0.487980,True,2.692,True,0.505752,0.508160
3.380,True,2.989,True,0.491577,0.487980,True,2.692,True,0.505752,0.508160
3.391,True,2.989,True,0.491425,0.487914,True,2.692,True,0.505752,0.508160
3.402,True,2.989,True,0.491425,0.487914,True,2.692,True,0.505911,0.508414
3.413,True,2.989,True,0.491425,0.487914,True,2.692,True,0.505911,0.508414
3.424,True,2.989,True,0.491530,0.487842,True,2.692,True,0.505911,0.508414
3.435,True,2.989,True,0.491530,0.487842,True,2.692,True,0.506047,0.508181
3.446,True,2.989,True,0.491530,0.487842,True,2.692,True,0.506047,0.508181
3.457,True,2.989,True,0.491346,0.487869,True,2.692,True,0.506047,0.508181
3.469,True,2.989,True,0.491346,0.487869,True,2.692,True,0.505928,0.508366
3.480,True,2.989,True,0.491346,0.487869,True,2.692,True,0.505928,0.508366
3.491,True,2.989,True,0.491483,0.488096,True,2.692,True,0.505928,0.508366
3.502,True,2.989,True,0.491483,0.488096,True,2.692,True,0.505928,0.508366
3.513,True,2.989,True,0.491483,0.488096,True,2.692,True,0.505940,0.508225
3.524,True,2.989,True,0.491483,0.488110,True,2.692,True,0.505940,0.508225
3.535,True,2.989,True,0.491483,0.488110,True,2.692,True,0.505940,0.508225
3.546,True,2.989,True,0.491483,0.488110,True,2.692,True,0.506232,0.508200
3.557,True,2.989,True,0.493127,0.488450,True,2.692,True,0.506232,0.508200
3.569,True,2.989,True,0.493127,0.488450,True,2.692,True,0.506232,0.508200
3.580,True,2.989,True,0.493127,0.488450,True,2.692,True,0.508132,0.508106
3.591,True,2.989,True,0.493331,0.488537,True,2.692,True,0.508132,0.508106
3.602,True,2.989,True,0.493331,0.488537,True,2.692,True,0.508132,0.508106
3.613,True,2.989,True,0.493331,0.488537,True,2.692,True,0.508003,0.508361
3.624,True,2.989,True,0.493253,0.488694,True,2.692,True,0.508003,0.508361
3.635,True,2.989,True,0.493253,0.488694,True,2.692,True,0.508003,0.508361
3.646,True,2.989,True,0.493253,0.488694,True,2.692,True,0.507896,0.508484
3.657,True,2.989,True,0.493189,0.488610,True,2.692,True,0.507896,0.508484
3.668,True,2.989,True,0.493189,0.488610,True,2.692,True,0.507896,0.508484
3.680,True,2.989,True,0.493189,0.488610,True,2.692,True,0.507710,0.508694
3.690,True,2.843,True,0.492819,0.488760,True,2.772,True,0.507710,0.508694
3.702,True,2.843,True,0.492819,0.488760,True,2.772,True,0.507710,0.508694
3.713,True,2.843,True,0.492819,0.488760,True,2.772,True,0.507701,0.508933
3.724,True,2.843,True,0.490681,0.488506,True,2.772,True,0.507701,0.508933
3.736,True,2.843,True,0.490681,0.488506,True,2.772,True,0.507701,0.508933
3.746,True,2.843,True,0.490681,0.488506,True,2.772,True,0.505937,0.509648
3.757,True,2.843,True,0.490318,0.488779,True,2.772,True,0.505937,0.509648
3.769,True,2.843,True,0.490318,0.488779,True,2.772,True,0.505937,0.509648
3.780,True,2.843,True,0.490318,0.488779,True,2.772,True,0.506201,0.509785
3.791,True,2.843,True,0.490408,0.488676,True,2.772,True,0.506201,0.509785
3.802,True,2.843,True,0.490408,0.488676,True,2.772,True,0.506201,0.509785
3.813,True,2.843,True,0.490408,0.488676,True,2.772,True,0.506279,0.509806
3.824,True,2.843,True,0.490369,0.489012,True,2.772,True,0.506279,0.509806
3.835,True,2.843,True,0.490369,0.489012,True,2.772,True,0.506279,0.509806
3.846,True,2.843,True,0.490369,0.489012,True,2.772,True,0.506142,0.509816
3.857,True,2.843,True,0.490519,0.489127,True,2.772,True,0.506142,0.509816
3.869,True,2.843,True,0.490519,0.489127,True,2.772,True,0.506592,0.510035
3.880,True,2.843,True,0.490519,0.489127,True,2.772,True,0.506592,0.510035
3.891,True,2.843,True,0.490537,0.489415,True,2.772,True,0.506592,0.510035
3.902,True,2.843,True,0.490537,0.489415,True,2.772,True,0.506489,0.510058
3.913,True,2.843,True,0.490537,0.489415,True,2.772,True,0.506489,0.510058
3.924,True,2.843,True,0.490531,0.489259,True,2.772,True,0.506489,0.510058
3.935,True,2.843,True,0.490531,0.489259,True,2.772,True,0.506489,0.510058
3.946,True,2.843,True,0.490531,0.489259,True,2.772,True,0.506461,0.510136
3.957,True,2.843,True,0.490717,0.489327,True,2.772,True,0.506461,0.510136
3.968,True,2.843,True,0.490717,0.489327,True,2.772,True,0.506461,0.510136
3.979,True,2.843,True,0.490717,0.489327,True,2.772,True,0.506431,0.510047
3.991,True,2.843,True,0.490717,0.489327,True,2.772,True,0.506431,0.510047
4.002,True,2.843,True,0.490424,0.489339,True,2.772,True,0.506431,0.510047
4.013,True,2.843,True,0.490424,0.489339,True,2.772,True,0.506345,0.510141
4.024,True,2.843,True,0.490424,0.489339,True,2.772,True,0.506345,0.510141
4.035,True,2.843,True,0.490798,0.489264,True,2.772,True,0.506345,0.510141
4.046,True,2.843,True,0.490798,0.489264,True,2.772,True,0.506192,0.510068
4.057,True,2.843,True,0.490798,0.489264,True,2.772,True,0.506192,0.510068
4.068,True,2.843,True,0.490535,0.489289,True,2.772,True,0.506192,0.510068
4.080,True,2.843,True,0.490535,0.489289,True,2.772,True,0.506044,0.510239
4.091,True,2.843,True,0.490372,0.489217,True,2.772,True,0.506044,0.510239
4.102,True,2.843,True,0.490372,0.489217,True,2.772,True,0.506044,0.510239
4.113,True,2.843,True,0.490372,0.489217,True,2.772,True,0.506156,0.509971
4.124,True,2.843,True,0.490515,0.489039,True,2.772,True,0.506156,0.509971
4.135,True,2.843,True,0.490515,0.489039,True,2.772,True,0.506156,0.509971
4.146,True,2.843,True,0.490515,0.489039,True,2.772,True,0.506037,0.509938
4.157,True,2.843,True,0.490894,0.489260,True,2.772,True,0.506037,0.509938
4.168,True,2.843,True,0.490894,0.489260,True,2.772,True,0.506037,0.509938
4.179,True,2.843,True,0.490894,0.489260,True,2.772,True,0.506037,0.509938
4.191,True,2.843,True,0.490840,0.489355,True,2.334,True,0.505958,0.510006
4.207,True,2.843,True,0.490840,0.489355,True,2.334,True,0.506101,0.509974
4.218,True,2.843,True,0.490840,0.489355,True,2.334,True,0.506101,0.509974
4.229,True,2.843,True,0.490580,0.488965,True,2.334,True,0.506101,0.509974
4.240,True,2.843,True,0.490580,0.488965,True,2.334,True,0.506101,0.509974
4.251,True,2.843,True,0.490580,0.488965,True,2.334,True,0.506129,0.509808
4.262,True,2.843,True,0.491085,0.489177,True,2.334,True,0.506129,0.509808
4.273,True,2.843,True,0.491085,0.489177,True,2.334,True,0.506062,0.509656
4.284,True,2.843,True,0.491085,0.489177,True,2.334,True,0.506062,0.509656
4.296,True,2.843,True,0.491085,0.489177,True,2.334,True,0.506062,0.509656
4.307,True,2.843,True,0.490543,0.489286,True,2.334,True,0.506062,0.509656
4.318,True,2.843,True,0.490543,0.489286,True,2.334,True,0.506010,0.509574
4.329,True,2.843,True,0.490579,0.489301,True,2.334,True,0.506010,0.509574
4.340,True,2.843,True,0.490579,0.489301,True,2.334,True,0.506010,0.509574
4.351,True,2.843,True,0.490579,0.489301,True,2.334,True,0.505938,0.509743
4.362,True,2.843,True,0.490558,0.488947,True,2.334,True,0.505938,0.509743
4.373,True,2.843,True,0.490558,0.488947,True,2.334,True,0.505938,0.509743
4.384,True,2.843,True,0.490558,0.488947,True,2.334,True,0.506053,0.509705
4.396,True,2.843,True,0.490509,0.488926,True,2.334,True,0.506053,0.509705
4.407,True,2.843,True,0.490509,0.488926,True,2.334,True,0.506053,0.509705
4.418,True,2.843,True,0.490509,0.488926,True,2.334,True,0.506125,0.509646
4.429,True,2.843,True,0.490563,0.488795,True,2.334,True,0.506125,0.509646
4.440,True,2.843,True,0.490563,0.488795,True,2.334,True,0.506125,0.509646
4.451,True,2.843,True,0.490563,0.488795,True,2.334,True,0.505997,0.509500
4.462,True,2.843,True,0.490410,0.488632,True,2.334,True,0.505997,0.509500
4.473,True,2.843,True,0.490410,0.488632,True,2.334,True,0.505997,0.509500
4.484,True,2.843,True,0.490410,0.488632,True,2.334,True,0.505897,0.509564
4.496,True,2.843,True,0.490532,0.488519,True,2.334,True,0.505897,0.509564
4.507,True,2.843,True,0.490532,0.488519,True,2.334,True,0.505897,0.509564
4.518,True,2.843,True,0.490532,0.488519,True,2.334,True,0.505804,0.509558
4.529,True,2.843,True,0.488548,0.488540,True,2.334,True,0.505804,0.509558
4.540,True,2.843,True,0.488548,0.488540,True,2.334,True,0.505804,0.509558
4.552,True,2.843,True,0.488548,0.488540,True,2.334,True,0.504923,0.510572
4.563,True,2.843,True,0.488068,0.489051,True,2.334,True,0.504923,0.510572
4.574,True,2.843,True,0.488068,0.489051,True,2.334,True,0.504923,0.510572
4.585,True,2.843,True,0.488068,0.489051,True,2.334,True,0.504843,0.510595
4.596,True,2.843,True,0.488192,0.489096,True,2.334,True,0.504843,0.510595
4.607,True,2.843,True,0.488192,0.489096,True,2.334,True,0.504651,0.510354
4.618,True,2.843,True,0.488192,0.489096,True,2.334,True,0.504651,0.510354
4.629,True,2.843,True,0.488199,0.489129,True,2.334,True,0.504651,0.510354
4.640,True,2.843,True,0.488199,0.489129,True,2.334,True,0.504651,0.510354
4.651,True,2.843,True,0.488199,0.489129,True,2.334,True,0.504777,0.510411
4.663,True,2.843,True,0.488199,0.489129,True,2.334,True,0.504777,0.510411
4.674,True,2.843,True,0.487827,0.489036,True,2.334,True,0.504777,0.510411
4.685,True,2.843,True,0.487827,0.489036,True,2.334,True,0.504594,0.510201
4.696,True,2.843,True,0.487827,0.489036,True,2.334,True,0.504594,0.510201
4.707,True,2.748,True,0.488224,0.488870,True,2.772,True,0.504594,0.510201
4.718,True,2.748,True,0.488224,0.488870,True,2.772,True,0.504719,0.510327
4.729,True,2.748,True,0.488224,0.488870,True,2.772,True,0.504719,0.510327
4.740,True,2.748,True,0.488170,0.488898,True,2.772,True,0.504719,0.510327
4.751,True,2.748,True,0.488170,0.488898,True,2.772,True,0.504660,0.510744
4.763,True,2.748,True,0.488170,0.488898,True,2.772,True,0.504660,0.510744
4.774,True,2.748,True,0.487995,0.488765,True,2.772,True,0.504660,0.510744
4.785,True,2.748,True,0.487995,0.488765,True,2.772,True,0.504853,0.510115
4.796,True,2.748,True,0.490494,0.488940,True,2.772,True,0.504853,0.510115
4.807,True,2.748,True,0.490494,0.488940,True,2.772,True,0.504853,0.510115
4.818,True,2.748,True,0.490494,0.488940,True,2.772,True,0.507402,0.509399
4.829,True,2.748,True,0.490494,0.488940,True,2.772,True,0.507402,0.509399
4.840,True,2.748,True,0.490761,0.489100,True,2.772,True,0.507402,0.509399
4.851,True,2.748,True,0.490761,0.489100,True,2.772,True,0.506685,0.509566
4.862,True,2.748,True,0.490698,0.489159,True,2.772,True,0.506685,0.509566
4.874,True,2.748,True,0.490698,0.489159,True,2.772,True,0.506685,0.509566
4.884,True,2.748,True,0.490698,0.489159,True,2.772,True,0.506559,0.509495
4.896,True,2.748,True,0.491105,0.489119,True,2.772,True,0.506559,0.509495
4.907,True,2.748,True,0.491105,0.489119,True,2.772,True,0.506559,0.509495
4.918,True,2.748,True,0.491105,0.489119,True,2.772,True,0.506748,0.509290
4.929,True,2.748,True,0.491105,0.489119,True,2.772,True,0.506748,0.509290
4.940,True,2.748,True,0.491413,0.489057,True,2.772,True,0.506748,0.509290
4.951,True,2.748,True,0.491413,0.489057,True,2.772,True,0.506811,0.509368
4.962,True,2.748,True,0.491035,0.489266,True,2.772,True,0.506811,0.509368
4.974,True,2.748,True,0.491035,0.489266,True,2.772,True,0.506811,0.509368
4.985,True,2.748,True,0.491035,0.489266,True,2.772,True,0.507151,0.509453
4.996,True,2.748,True,0.491379,0.488963,True,2.772,True,0.507151,0.509453
5.007,True,2.748,True,0.491379,0.488963,True,2.772,True,0.507151,0.509453
5.018,True,2.748,True,0.491379,0.488963,True,2.772,True,0.507109,0.509492
5.029,True,2.748,True,0.491379,0.488963,True,2.772,True,0.507109,0.509492
5.040,True,2.748,True,0.491300,0.489279,True,2.772,True,0.507109,0.509492
5.051,True,2.748,True,0.491300,0.489279,True,2.772,True,0.506995,0.509587
5.063,True,2.748,True,0.491300,0.489279,True,2.772,True,0.506995,0.509587
5.074,True,2.748,True,0.491171,0.489174,True,2.772,True,0.506995,0.509587
5.085,True,2.748,True,0.491171,0.489174,True,2.772,True,0.506919,0.509583
5.096,True,2.748,True,0.491171,0.489174,True,2.772,True,0.506919,0.509583
5.107,True,2.748,True,0.490675,0.489303,True,2.772,True,0.506919,0.509583
5.118,True,2.748,True,0.490675,0.489303,True,2.772,True,0.506919,0.509583
5.129,True,2.748,True,0.490675,0.489303,True,2.772,True,0.506917,0.509606
5.140,True,2.748,True,0.490977,0.489158,True,2.772,True,0.506917,0.509606
5.151,True,2.748,True,0.490977,0.489158,True,2.772,True,0.506917,0.509606
5.162,True,2.748,True,0.490977,0.489158,True,2.772,True,0.506935,0.509563
5.173,True,2.748,True,0.490977,0.489158,True,2.772,True,0.506935,0.509563
5.184,True,2.748,True,0.490798,0.489177,True,2.772,True,0.506935,0.509563
5.196,True,2.748,True,0.490798,0.489177,True,2.501,True,0.506974,0.509406
5.207,True,2.748,True,0.490798,0.489177,True,2.501,True,0.506974,0.509406
5.218,True,2.748,True,0.490673,0.489269,True,2.501,True,0.506974,0.509406
5.229,True,2.748,True,0.490673,0.489269,True,2.501,True,0.507161,0.509773
5.240,True,2.748,True,0.490673,0.489269,True,2.501,True,0.507161,0.509773
5.251,True,2.748,True,0.490811,0.489246,True,2.501,True,0.507161,0.509773
5.262,True,2.748,True,0.490811,0.489246,True,2.501,True,0.506979,0.509697
5.273,True,2.748,True,0.490745,0.489214,True,2.501,True,0.506979,0.509697
5.284,True,2.748,True,0.490745,0.489214,True,2.501,True,0.506979,0.509697
5.296,True,2.748,True,0.490745,0.489214,True,2.501,True,0.506733,0.509571
5.307,True,2.748,True,0.490849,0.489524,True,2.501,True,0.506733,0.509571
5.318,True,2.748,True,0.490849,0.489524,True,2.501,True,0.506733,0.509571
5.329,True,2.748,True,0.490849,0.489524,True,2.501,True,0.507103,0.509603
5.340,True,2.748,True,0.490983,0.489272,True,2.501,True,0.507103,0.509603
5.351,True,2.748,True,0.490983,0.489272,True,2.501,True,0.507103,0.509603
5.362,True,2.748,True,0.490983,0.489272,True,2.501,True,0.506859,0.509885
5.373,True,2.748,True,0.490983,0.489272,True,2.501,True,0.506859,0.509885
5.385,True,2.748,True,0.490929,0.489397,True,2.501,True,0.506859,0.509885
5.396,True,2.748,True,0.490929,0.489397,True,2.501,True,0.506859,0.509885
5.407,True,2.748,True,0.490929,0.489397,True,2.501,True,0.507134,0.509815
5.418,True,2.748,True,0.490856,0.489386,True,2.501,True,0.507134,0.509815
5.429,True,2.748,True,0.490856,0.489386,True,2.501,True,0.507134,0.509815
5.440,True,2.748,True,0.490856,0.489386,True,2.501,True,0.506802,0.509859
5.451,True,2.748,True,0.490901,0.489203,True,2.501,True,0.506802,0.509859
5.462,True,2.748,True,0.490901,0.489203,True,2.501,True,0.506960,0.509617
5.473,True,2.748,True,0.490901,0.489203,True,2.501,True,0.506960,0.509617
5.484,True,2.748,True,0.489844,0.489117,True,2.501,True,0.506960,0.509617
5.496,True,2.748,True,0.489844,0.489117,True,2.501,True,0.506035,0.510115
5.507,True,2.748,True,0.489844,0.489117,True,2.501,True,0.506035,0.510115
5.518,True,2.748,True,0.489172,0.489358,True,2.501,True,0.506035,0.510115
5.529,True,2.748,True,0.489172,0.489358,True,2.501,True,0.506035,0.510115
5.540,True,2.748,True,0.489172,0.489358,True,2.501,True,0.505942,0.510231
5.551,True,2.748,True,0.489354,0.489253,True,2.501,True,0.505942,0.510231
5.562,True,2.748,True,0.489354,0.489253,True,2.501,True,0.506071,0.510316
5.573,True,2.748,True,0.489354,0.489253,True,2.501,True,0.506071,0.510316
5.584,True,2.748,True,0.489048,0.489439,True,2.501,True,0.506071,0.510316
5.596,True,2.748,True,0.489048,0.489439,True,2.501,True,0.505840,0.510317
5.607,True,2.748,True,0.489048,0.489439,True,2.501,True,0.505840,0.510317
5.618,True,2.748,True,0.489219,0.489507,True,2.501,True,0.505840,0.510317
5.629,True,2.748,True,0.489219,0.489507,True,2.501,True,0.505967,0.510271
5.640,True,2.748,True,0.489219,0.489507,True,2.501,True,0.505967,0.510271
5.651,True,2.748,True,0.489252,0.489265,True,2.501,True,0.505967,0.510271
5.662,True,2.748,True,0.489252,0.489265,True,2.501,True,0.505819,0.510194
5.673,True,2.748,True,0.489252,0.489265,True,2.501,True,0.505819,0.510194
5.685,True,2.748,True,0.489093,0.489327,True,2.501,True,0.505819,0.510194
5.696,True,2.748,True,0.489093,0.489327,True,2.501,True,0.506048,0.510205
5.707,True,2.748,True,0.489093,0.489327,True,2.501,True,0.506048,0.510205
5.718,True,2.635,True,0.489424,0.489564,True,2.772,True,0.506048,0.510205
5.729,True,2.635,True,0.489424,0.489564,True,2.772,True,0.505866,0.510174
5.740,True,2.635,True,0.489113,0.489201,True,2.772,True,0.505866,0.510174
5.751,True,2.635,True,0.489113,0.489201,True,2.772,True,0.505866,0.510174
5.763,True,2.635,True,0.489113,0.489201,True,2.772,True,0.505666,0.510005
5.774,True,2.635,True,0.489113,0.489201,True,2.772,True,0.505666,0.510005
5.785,True,2.635,True,0.489400,0.489284,True,2.772,True,0.505666,0.510005
5.796,True,2.635,True,0.489400,0.489284,True,2.772,True,0.505666,0.510005
5.807,True,2.635,True,0.489400,0.489284,True,2.772,True,0.505733,0.510134
5.818,True,2.635,True,0.489264,0.488985,True,2.772,True,0.505733,0.510134
5.829,True,2.635,True,0.489264,0.488985,True,2.772,True,0.505733,0.510134
5.840,True,2.635,True,0.489264,0.488985,True,2.772,True,0.505589,0.510222
5.851,True,2.635,True,0.489345,0.488957,True,2.772,True,0.505589,0.510222
5.863,True,2.635,True,0.489345,0.488957,True,2.772,True,0.505589,0.510222
5.874,True,2.635,True,0.489345,0.488957,True,2.772,True,0.505412,0.509942
5.885,True,2.635,True,0.489076,0.488770,True,2.772,True,0.505412,0.509942
5.896,True,2.635,True,0.489076,0.488770,True,2.772,True,0.505412,0.509942
5.907,True,2.635,True,0.489076,0.488770,True,2.772,True,0.505544,0.509824
5.918,True,2.635,True,0.489152,0.488715,True,2.772,True,0.505544,0.509824
5.929,True,2.635,True,0.489152,0.488715,True,2.772,True,0.505544,0.509824
5.940,True,2.635,True,0.489152,0.488715,True,2.772,True,0.505038,0.509734
5.958,True,2.635,True,0.489206,0.488706,True,2.772,True,0.505038,0.509734
5.969,True,2.635,True,0.489206,0.488706,True,2.772,True,0.505487,0.509694
5.980,True,2.635,True,0.489266,0.488562,True,2.772,True,0.505487,0.509694
5.991,True,2.635,True,0.489266,0.488562,True,2.772,True,0.505487,0.509694
6.002,True,2.635,True,0.489266,0.488562,True,2.772,True,0.505220,0.509607
6.014,True,2.635,True,0.489917,0.488701,True,2.772,True,0.505220,0.509607
6.025,True,2.635,True,0.489917,0.488701,True,2.772,True,0.505220,0.509607
6.036,True,2.635,True,0.489917,0.488701,True,2.772,True,0.505501,0.509639
6.047,True,2.635,True,0.489917,0.488701,True,2.772,True,0.505501,0.509639
6.058,True,2.635,True,0.489650,0.488774,True,2.772,True,0.505501,0.509639
6.069,True,2.635,True,0.489650,0.488774,True,2.772,True,0.506060,0.509553
6.080,True,2.635,True,0.489650,0.488774,True,2.772,True,0.506060,0.509553
6.091,True,2.635,True,0.489501,0.488930,True,2.772,True,0.506060,0.509553
6.102,True,2.635,True,0.489501,0.488930,True,2.772,True,0.505591,0.509794
6.113,True,2.635,True,0.489501,0.488930,True,2.772,True,0.505591,0.509794
6.124,True,2.635,True,0.489576,0.488855,True,2.772,True,0.505591,0.509794
6.136,True,2.635,True,0.489576,0.488855,True,2.772,True,0.505663,0.509699
6.147,True,2.635,True,0.489576,0.488855,True,2.772,True,0.505663,0.509699
6.158,True,2.635,True,0.489586,0.488734,True,2.772,True,0.505663,0.509699
6.169,True,2.635,True,0.489586,0.488734,True,2.772,True,0.505800,0.509518
6.180,True,2.635,True,0.489586,0.488734,True,2.772,True,0.505800,0.509518
6.191,True,2.635,True,0.489646,0.488707,True,2.772,True,0.505800,0.509518
6.202,True,2.635,True,0.489646,0.488707,True,2.513,True,0.505875,0.509761
6.214,True,2.635,True,0.489646,0.488707,True,2.513,True,0.505875,0.509761
6.225,True,2.635,True,0.489606,0.488441,True,2.513,True,0.505875,0.509761
6.236,True,2.635,True,0.489606,0.488441,True,2.513,True,0.505570,0.509666
6.247,True,2.635,True,0.489606,0.488441,True,2.513,True,0.505570,0.509666
6.258,True,2.635,True,0.489602,0.488673,True,2.513,True,0.505570,0.509666
6.269,True,2.635,True,0.489602,0.488673,True,2.513,True,0.505632,0.509658
6.280,True,2.635,True,0.489602,0.488673,True,2.513,True,0.505632,0.509658
6.291,True,2.635,True,0.489653,0.488667,True,2.513,True,0.505632,0.509658
6.302,True,2.635,True,0.489653,0.488667,True,2.513,True,0.505804,0.509709
6.313,True,2.635,True,0.489585,0.488651,True,2.513,True,0.505804,0.509709
6.324,True,2.635,True,0.489585,0.488651,True,2.513,True,0.505804,0.509709
6.336,True,2.635,True,0.489585,0.488651,True,2.513,True,0.505684,0.509474
6.347,True,2.635,True,0.489585,0.488651,True,2.513,True,0.505684,0.509474
6.358,True,2.635,True,0.489571,0.488792,True,2.513,True,0.505684,0.509474
6.369,True,2.635,True,0.489571,0.488792,True,2.513,True,0.504903,0.509508
6.380,True,2.635,True,0.489482,0.488626,True,2.513,True,0.504903,0.509508
6.391,True,2.635,True,0.489482,0.488626,True,2.513,True,0.504903,0.509508
6.402,True,2.635,True,0.489482,0.488626,True,2.513,True,0.505174,0.509600
6.413,True,2.635,True,0.489482,0.488626,True,2.513,True,0.505174,0.509600
6.424,True,2.635,True,0.489224,0.488530,True,2.513,True,0.505174,0.509600
6.436,True,2.635,True,0.489224,0.488530,True,2.513,True,0.505119,0.509559
6.447,True,2.635,True,0.489224,0.488530,True,2.513,True,0.505119,0.509559
6.458,True,2.635,True,0.489197,0.488605,True,2.513,True,0.505119,0.509559
6.469,True,2.635,True,0.489197,0.488605,True,2.513,True,0.505119,0.509559
6.480,True,2.635,True,0.489197,0.488605,True,2.513,True,0.505094,0.509499
6.491,True,2.635,True,0.489063,0.488527,True,2.513,True,0.505094,0.509499
6.502,True,2.635,True,0.489063,0.488527,True,2.513,True,0.505094,0.509499
6.513,True,2.635,True,0.489063,0.488527,True,2.513,True,0.505018,0.509443
6.524,True,2.635,True,0.489067,0.488192,True,2.513,True,0.505018,0.509443
6.536,True,2.635,True,0.489067,0.488192,True,2.513,True,0.505029,0.509299
6.547,True,2.635,True,0.489067,0.488192,True,2.513,True,0.505029,0.509299
6.558,True,2.635,True,0.489274,0.488204,True,2.513,True,0.505029,0.509299
6.569,True,2.635,True,0.489274,0.488204,True,2.513,True,0.505029,0.509299
6.580,True,2.635,True,0.489274,0.488204,True,2.513,True,0.505014,0.509304
6.591,True,2.635,True,0.489256,0.488243,True,2.513,True,0.505014,0.509304
6.602,True,2.635,True,0.489256,0.488243,True,2.513,True,0.506336,0.509029
6.613,True,2.635,True,0.489256,0.488243,True,2.513,True,0.506336,0.509029
6.624,True,2.635,True,0.491834,0.488478,True,2.513,True,0.506336,0.509029
6.636,True,2.635,True,0.491834,0.488478,True,2.513,True,0.507228,0.508749
6.647,True,2.635,True,0.491834,0.488478,True,2.513,True,0.507228,0.508749
6.658,True,2.635,True,0.491611,0.488711,True,2.513,True,0.507228,0.508749
6.669,True,2.635,True,0.491611,0.488711,True,2.513,True,0.507228,0.508749
6.680,True,2.635,True,0.491611,0.488711,True,2.513,True,0.506920,0.508928
6.691,True,2.635,True,0.491394,0.488457,True,2.513,True,0.506920,0.508928
6.702,True,2.635,True,0.491394,0.488457,True,2.513,True,0.507118,0.508708
6.713,True,2.635,True,0.491394,0.488457,True,2.513,True,0.507118,0.508708
6.724,True,2.635,True,0.491394,0.488457,True,2.513,True,0.507118,0.508708
6.736,True,2.934,True,0.491622,0.488560,True,2.772,True,0.506937,0.508754
6.747,True,2.934,True,0.491622,0.488560,True,2.772,True,0.506937,0.508754
6.758,True,2.934,True,0.491206,0.488641,True,2.772,True,0.506937,0.508754
6.769,True,2.934,True,0.491206,0.488641,True,2.772,True,0.506937,0.508754
6.780,True,2.934,True,0.491206,0.488641,True,2.772,True,0.506380,0.508802
6.791,True,2.934,True,0.489345,0.488320,True,2.772,True,0.506380,0.508802
6.802,True,2.934,True,0.489345,0.488320,True,2.772,True,0.505204,0.509324
6.813,True,2.934,True,0.489345,0.488320,True,2.772,True,0.505204,0.509324
6.824,True,2.934,True,0.489338,0.488428,True,2.772,True,0.505204,0.509324
6.836,True,2.934,True,0.489338,0.488428,True,2.772,True,0.505204,0.509324
6.847,True,2.934,True,0.489338,0.488428,True,2.772,True,0.505596,0.509353
6.858,True,2.934,True,0.489103,0.488388,True,2.772,True,0.505596,0.509353
6.869,True,2.934,True,0.489103,0.488388,True,2.772,True,0.505338,0.509260
6.880,True,2.934,True,0.489103,0.488388,True,2.772,True,0.505338,0.509260
6.891,True,2.934,True,0.489134,0.488308,True,2.772,True,0.505338,0.509260
6.902,True,2.934,True,0.489134,0.488308,True,2.772,True,0.505338,0.509260
6.914,True,2.934,True,0.489134,0.488308,True,2.772,True,0.505363,0.509392
6.925,True,2.934,True,0.488968,0.488275,True,2.772,True,0.505363,0.509392
6.936,True,2.934,True,0.488968,0.488275,True,2.772,True,0.505363,0.509392
6.947,True,2.934,True,0.488968,0.488275,True,2.772,True,0.505282,0.509195
6.958,True,2.934,True,0.488991,0.488399,True,2.772,True,0.505282,0.509195
6.969,True,2.934,True,0.488991,0.488399,True,2.772,True,0.505282,0.509195
6.980,True,2.934,True,0.488991,0.488399,True,2.772,True,0.505282,0.509195
6.991,True,2.934,True,0.488982,0.488389,True,2.639,True,0.505298,0.509449
7.002,True,2.934,True,0.488982,0.488389,True,2.639,True,0.505298,0.509449
7.013,True,2.934,True,0.488982,0.488389,True,2.639,True,0.505378,0.509476
7.025,True,2.934,True,0.488994,0.488330,True,2.639,True,0.505378,0.509476
7.036,True,2.934,True,0.488994,0.488330,True,2.639,True,0.505378,0.509476
7.047,True,2.934,True,0.488994,0.488330,True,2.639,True,0.505420,0.509407
7.058,True,2.934,True,0.489148,0.488393,True,2.639,True,0.505420,0.509407
7.069,True,2.934,True,0.489148,0.488393,True,2.639,True,0.505420,0.509407
7.080,True,2.934,True,0.489148,0.488393,True,2.639,True,0.505279,0.509386
7.091,True,2.934,True,0.488913,0.488636,True,2.639,True,0.505279,0.509386
7.102,True,2.934,True,0.488913,0.488636,True,2.639,True,0.505279,0.509386
7.114,True,2.934,True,0.488913,0.488636,True,2.639,True,0.505568,0.509508
7.125,True,2.934,True,0.488913,0.488636,True,2.639,True,0.505568,0.509508
7.136,True,2.934,True,0.489185,0.488626,True,2.639,True,0.505568,0.509508
7.147,True,2.934,True,0.489185,0.488626,True,2.639,True,0.505475,0.509409
7.158,True,2.934,True,0.489185,0.488626,True,2.639,True,0.505475,0.509409
7.169,True,2.934,True,0.489083,0.488271,True,2.639,True,0.505475,0.509409
7.180,True,2.934,True,0.489083,0.488271,True,2.639,True,0.505440,0.509578
7.191,True,2.934,True,0.489083,0.488271,True,2.639,True,0.505440,0.509578
7.203,True,2.934,True,0.489232,0.488337,True,2.639,True,0.505440,0.509578
7.214,True,2.934,True,0.489232,0.488337,True,2.639,True,0.505514,0.509459
7.224,True,2.934,True,0.489232,0.488337,True,2.639,True,0.505514,0.509459
7.236,True,2.934,True,0.489058,0.488315,True,2.639,True,0.505514,0.509459
7.247,True,2.934,True,0.489058,0.488315,True,2.639,True,0.505396,0.509593
7.258,True,2.934,True,0.489058,0.488315,True,2.639,True,0.505396,0.509593
7.269,True,2.934,True,0.489121,0.488438,True,2.639,True,0.505396,0.509593
7.280,True,2.934,True,0.489121,0.488438,True,2.639,True,0.505192,0.509616
7.291,True,2.934,True,0.489121,0.488438,True,2.639,True,0.505192,0.509616
7.302,True,2.934,True,0.489063,0.488315,True,2.639,True,0.505192,0.509616
7.313,True,2.934,True,0.489063,0.488315,True,2.639,True,0.505121,0.509707
7.324,True,2.934,True,0.489063,0.488315,True,2.639,True,0.505121,0.509707
7.336,True,2.934,True,0.488817,0.488487,True,2.639,True,0.505121,0.509707
7.347,True,2.934,True,0.488817,0.488487,True,2.639,True,0.505207,0.509811
7.358,True,2.934,True,0.488817,0.488487,True,2.639,True,0.505207,0.509811
7.369,True,2.934,True,0.489040,0.488420,True,2.639,True,0.505207,0.509811
7.380,True,2.934,True,0.489040,0.488420,True,2.639,True,0.505059,0.509888
7.391,True,2.934,True,0.489040,0.488420,True,2.639,True,0.505059,0.509888
7.402,True,2.934,True,0.488925,0.488273,True,2.639,True,0.505059,0.509888
7.413,True,2.934,True,0.488925,0.488273,True,2.639,True,0.504990,0.510052
7.424,True,2.934,True,0.488925,0.488273,True,2.639,True,0.504990,0.510052
7.435,True,2.934,True,0.488878,0.488742,True,2.639,True,0.504990,0.510052
7.447,True,2.934,True,0.488878,0.488742,True,2.639,True,0.504941,0.510163
7.458,True,2.934,True,0.488878,0.488742,True,2.639,True,0.504941,0.510163
7.469,True,2.561,True,0.488823,0.488631,True,2.772,True,0.504941,0.510163
7.480,True,2.561,True,0.488823,0.488631,True,2.772,True,0.504620,0.510089
7.491,True,2.561,True,0.488823,0.488631,True,2.772,True,0.504620,0.510089
7.502,True,2.561,True,0.488968,0.488735,True,2.772,True,0.504620,0.510089
7.513,True,2.561,True,0.488968,0.488735,True,2.772,True,0.504982,0.510094
7.524,True,2.561,True,0.488898,0.488804,True,2.772,True,0.504982,0.510094
7.536,True,2.561,True,0.488898,0.488804,True,2.772,True,0.504982,0.510094
7.547,True,2.561,True,0.488898,0.488804,True,2.772,True,0.505044,0.510236
7.558,True,2.561,True,0.488999,0.488676,True,2.772,True,0.505044,0.510236
7.569,True,2.561,True,0.488999,0.488676,True,2.772,True,0.505044,0.510236
7.580,True,2.561,True,0.488999,0.488676,True,2.772,True,0.504708,0.510083
7.591,True,2.561,True,0.489039,0.488559,True,2.772,True,0.504708,0.510083
7.602,True,2.561,True,0.489039,0.488559,True,2.772,True,0.504708,0.510083
7.613,True,2.561,True,0.489039,0.488559,True,2.772,True,0.506191,0.509974
7.624,True,2.561,True,0.489039,0.488559,True,2.772,True,0.506191,0.509974
7.636,True,2.561,True,0.490004,0.489277,True,2.772,True,0.506191,0.509974
7.647,True,2.561,True,0.490004,0.489277,True,2.772,True,0.506352,0.510083
7.658,True,2.561,True,0.490004,0.489277,True,2.772,True,0.506352,0.510083
7.669,True,2.561,True,0.490224,0.489336,True,2.772,True,0.506352,0.510083
7.680,True,2.561,True,0.490224,0.489336,True,2.772,True,0.506082,0.510107
7.691,True,2.561,True,0.490224,0.489336,True,2.772,True,0.506082,0.510107
7.702,True,2.561,True,0.490229,0.489209,True,2.772,True,0.506082,0.510107
7.713,True,2.561,True,0.490229,0.489209,True,2.772,True,0.506122,0.510140
7.725,True,2.561,True,0.490229,0.489209,True,2.772,True,0.506122,0.510140
7.736,True,2.561,True,0.490163,0.489544,True,2.772,True,0.506122,0.510140
7.747,True,2.561,True,0.490163,0.489544,True,2.772,True,0.506032,0.510027
7.758,True,2.561,True,0.490163,0.489544,True,2.772,True,0.506032,0.510027
7.769,True,2.561,True,0.490105,0.489361,True,2.772,True,0.506032,0.510027
7.780,True,2.561,True,0.490105,0.489361,True,2.772,True,0.506060,0.509949
7.791,True,2.561,True,0.490105,0.489361,True,2.772,True,0.506060,0.509949
7.803,True,2.561,True,0.490219,0.489470,True,2.772,True,0.506060,0.509949
7.814,True,2.561,True,0.490219,0.489470,True,2.772,True,0.506173,0.510084
7.825,True,2.561,True,0.490219,0.489470,True,2.772,True,0.506173,0.510084
7.836,True,2.561,True,0.490195,0.489425,True,2.772,True,0.506173,0.510084
7.847,True,2.561,True,0.490195,0.489425,True,2.772,True,0.505889,0.509944
7.858,True,2.561,True,0.490195,0.489425,True,2.772,True,0.505889,0.509944
7.869,True,2.561,True,0.490158,0.489335,True,2.772,True,0.505889,0.509944
7.880,True,2.561,True,0.490158,0.489335,True,2.772,True,0.505941,0.509819
7.891,True,2.561,True,0.490158,0.489335,True,2.772,True,0.505941,0.509819
7.902,True,2.561,True,0.490271,0.489356,True,2.772,True,0.505941,0.509819
7.913,True,2.561,True,0.490271,0.489356,True,2.772,True,0.505941,0.509819
7.924,True,2.561,True,0.490271,0.489356,True,2.772,True,0.505570,0.509937
7.936,True,2.561,True,0.489976,0.489074,True,2.772,True,0.505570,0.509937
7.947,True,2.561,True,0.489976,0.489074,True,2.772,True,0.505570,0.509937
7.958,True,2.561,True,0.489976,0.489074,True,2.772,True,0.505907,0.509734
7.969,True,2.561,True,0.490043,0.489115,True,2.772,True,0.505907,0.509734
7.980,True,2.561,True,0.490043,0.489115,True,2.310,True,0.505852,0.509806
7.991,True,2.561,True,0.490043,0.489115,True,2.310,True,0.505852,0.509806
8.002,True,2.561,True,0.490031,0.489086,True,2.310,True,0.505852,0.509806
8.013,True,2.561,True,0.490031,0.489086,True,2.310,True,0.505852,0.509806
8.024,True,2.561,True,0.490031,0.489086,True,2.310,True,0.505507,0.510123
8.036,True,2.561,True,0.489878,0.489186,True,2.310,True,0.505507,0.510123
8.047,True,2.561,True,0.489878,0.489186,True,2.310,True,0.505507,0.510123
8.058,True,2.561,True,0.489878,0.489186,True,2.310,True,0.505441,0.509988
8.069,True,2.561,True,0.489988,0.489092,True,2.310,True,0.505441,0.509988
8.080,True,2.561,True,0.489988,0.489092,True,2.310,True,0.505441,0.509988
8.091,True,2.561,True,0.489988,0.489092,True,2.310,True,0.505476,0.510120
8.102,True,2.561,True,0.489679,0.489029,True,2.310,True,0.505476,0.510120
8.113,True,2.561,True,0.489679,0.489029,True,2.310,True,0.505476,0.510120
8.124,True,2.561,True,0.489679,0.489029,True,2.310,True,0.505521,0.510118
8.135,True,2.561,True,0.489805,0.489345,True,2.310,True,0.505521,0.510118
8.147,True,2.561,True,0.489805,0.489345,True,2.310,True,0.505563,0.509940
8.158,True,2.561,True,0.489805,0.489345,True,2.310,True,0.505563,0.509940
8.169,True,2.561,True,0.489973,0.489070,True,2.310,True,0.505563,0.509940
8.180,True,2.561,True,0.489973,0.489070,True,2.310,True,0.505563,0.509940
8.191,True,2.561,True,0.489973,0.489070,True,2.310,True,0.505816,0.510255
8.202,True,2.561,True,0.489990,0.488922,True,2.310,True,0.505816,0.510255
8.213,True,2.561,True,0.489990,0.488922,True,2.310,True,0.505816,0.510255
8.224,True,2.561,True,0.489990,0.488922,True,2.310,True,0.505621,0.510181
8.236,True,2.561,True,0.490165,0.489299,True,2.310,True,0.505621,0.510181
8.247,True,2.561,True,0.490165,0.489299,True,2.310,True,0.505621,0.510181
8.258,True,2.561,True,0.490165,0.489299,True,2.310,True,0.506282,0.510083
8.269,True,2.561,True,0.490266,0.489151,True,2.310,True,0.506282,0.510083
8.280,True,2.561,True,0.490266,0.489151,True,2.310,True,0.506282,0.510083
8.291,True,2.561,True,0.490266,0.489151,True,2.310,True,0.505909,0.509734
8.302,True,2.561,True,0.490491,0.489215,True,2.310,True,0.505909,0.509734
8.313,True,2.561,True,0.490491,0.489215,True,2.310,True,0.505909,0.509734
8.324,True,2.561,True,0.490491,0.489215,True,2.310,True,0.506169,0.509825
8.336,True,2.561,True,0.490344,0.489029,True,2.310,True,0.506169,0.509825
8.347,True,2.561,True,0.490344,0.489029,True,2.310,True,0.506169,0.509825
8.358,True,2.561,True,0.490344,0.489029,True,2.310,True,0.505967,0.509860
8.369,True,2.561,True,0.490386,0.488987,True,2.310,True,0.505967,0.509860
8.380,True,2.561,True,0.490386,0.488987,True,2.310,True,0.505967,0.509860
8.391,True,2.561,True,0.490386,0.488987,True,2.310,True,0.506072,0.509831
8.402,True,2.561,True,0.490386,0.488987,True,2.310,True,0.506072,0.509831
8.413,True,2.561,True,0.490381,0.489104,True,2.310,True,0.506072,0.509831
8.424,True,2.561,True,0.490381,0.489104,True,2.310,True,0.505872,0.509791
8.435,True,2.561,True,0.489971,0.488878,True,2.310,True,0.505872,0.509791
8.447,True,2.561,True,0.489971,0.488878,True,2.310,True,0.505872,0.509791
8.458,True,2.561,True,0.489971,0.488878,True,2.310,True,0.506093,0.509716
8.469,True,2.561,True,0.489971,0.488878,True,2.310,True,0.506093,0.509716
8.480,True,2.561,True,0.489961,0.488659,True,2.310,True,0.506093,0.509716
8.491,True,2.561,True,0.489961,0.488659,True,2.310,True,0.505727,0.509874
8.502,True,2.561,True,0.489197,0.488453,True,2.310,True,0.505727,0.509874
8.513,True,2.561,True,0.489197,0.488453,True,2.310,True,0.505727,0.509874
8.524,True,2.561,True,0.489197,0.488453,True,2.310,True,0.505155,0.509801
8.536,True,2.561,True,0.489197,0.488453,True,2.310,True,0.505155,0.509801
8.547,True,2.561,True,0.489236,0.488243,True,2.310,True,0.505155,0.509801
8.558,True,2.561,True,0.489236,0.488243,True,2.310,True,0.505103,0.509980
8.569,True,2.561,True,0.489236,0.488243,True,2.310,True,0.505103,0.509980
8.580,True,2.561,True,0.489156,0.488548,True,2.310,True,0.505103,0.509980
8.591,True,2.561,True,0.489156,0.488548,True,2.310,True,0.505070,0.509798
8.602,True,2.561,True,0.489156,0.488548,True,2.310,True,0.505070,0.509798
8.613,True,2.561,True,0.489270,0.488316,True,2.310,True,0.505070,0.509798
8.624,True,2.561,True,0.489270,0.488316,True,2.310,True,0.505273,0.509889
8.635,True,2.561,True,0.489270,0.488316,True,2.310,True,0.505273,0.509889
8.647,True,2.561,True,0.489315,0.488396,True,2.310,True,0.505273,0.509889
8.658,True,2.561,True,0.489315,0.488396,True,2.310,True,0.506103,0.509762
8.669,True,2.561,True,0.489315,0.488396,True,2.310,True,0.506103,0.509762
8.680,True,2.561,True,0.491472,0.488704,True,2.310,True,0.506103,0.509762
8.691,True,2.561,True,0.491472,0.488704,True,2.310,True,0.507165,0.509259
8.702,True,2.561,True,0.491472,0.488704,True,2.310,True,0.507165,0.509259
8.713,True,2.561,True,0.491654,0.489168,True,2.310,True,0.507165,0.509259
8.724,True,2.561,True,0.491654,0.489168,True,2.310,True,0.507223,0.509137
8.736,True,2.561,True,0.491654,0.489168,True,2.310,True,0.507223,0.509137
8.747,True,2.561,True,0.491498,0.489559,True,2.310,True,0.507223,0.509137
8.758,True,2.561,True,0.491498,0.489559,True,2.310,True,0.507021,0.509452
8.769,True,2.561,True,0.491498,0.489559,True,2.310,True,0.507021,0.509452
8.780,True,2.561,True,0.491270,0.489249,True,2.310,True,0.507021,0.509452
8.791,True,2.561,True,0.491270,0.489249,True,2.310,True,0.507066,0.509459
8.802,True,2.561,True,0.491270,0.489249,True,2.310,True,0.507066,0.509459
8.814,True,2.561,True,0.491226,0.489201,True,2.310,True,0.507066,0.509459
8.825,True,2.561,True,0.491226,0.489201,True,2.310,True,0.506024,0.509551
8.836,True,2.561,True,0.491226,0.489201,True,2.310,True,0.506024,0.509551
8.847,True,2.561,True,0.489665,0.488869,True,2.310,True,0.506024,0.509551
8.858,True,2.561,True,0.489665,0.488869,True,2.310,True,0.505538,0.509603
8.869,True,2.561,True,0.489665,0.488869,True,2.310,True,0.505538,0.509603
8.880,True,2.561,True,0.489772,0.488591,True,2.310,True,0.505538,0.509603
8.891,True,2.561,True,0.489772,0.488591,True,2.310,True,0.505539,0.509453
8.902,True,2.561,True,0.489847,0.488616,True,2.310,True,0.505539,0.509453
8.914,True,2.561,True,0.489847,0.488616,True,2.310,True,0.505539,0.509453
8.925,True,2.561,True,0.489847,0.488616,True,2.310,True,0.505391,0.509732
8.936,True,2.561,True,0.489908,0.488546,True,2.310,True,0.505391,0.509732
8.947,True,2.561,True,0.489908,0.488546,True,2.310,True,0.505391,0.509732
8.958,True,2.561,True,0.489908,0.488546,True,2.310,True,0.505490,0.509740
8.969,True,2.561,True,0.489908,0.488546,True,2.310,True,0.505490,0.509740
8.980,True,2.561,True,0.489721,0.488355,True,2.310,True,0.505490,0.509740
8.992,True,2.561,True,0.489721,0.488355,True,2.310,True,0.505490,0.509740
9.003,True,2.561,True,0.489954,0.488877,True,2.377,True,0.505513,0.509597
9.014,True,2.561,True,0.489954,0.488877,True,2.377,True,0.505513,0.509597
9.025,True,2.561,True,0.489954,0.488877,True,2.377,True,0.505513,0.509597
9.036,True,2.561,True,0.489954,0.488877,True,2.377,True,0.505663,0.509591
9.053,True,2.561,True,0.489873,0.488678,True,2.377,True,0.505663,0.509591
9.064,True,2.561,True,0.489873,0.488678,True,2.377,True,0.505882,0.509652
9.075,True,2.561,True,0.489873,0.488678,True,2.377,True,0.505882,0.509652
9.087,True,2.561,True,0.489963,0.488650,True,2.377,True,0.505882,0.509652
9.098,True,2.561,True,0.489963,0.488650,True,2.377,True,0.505863,0.509734
9.109,True,2.561,True,0.489765,0.488728,True,2.377,True,0.505863,0.509734
9.120,True,2.561,True,0.489765,0.488728,True,2.377,True,0.505863,0.509734
9.131,True,2.561,True,0.489765,0.488728,True,2.377,True,0.505560,0.509653
9.142,True,2.561,True,0.489765,0.488728,True,2.377,True,0.505560,0.509653
9.153,True,2.561,True,0.489715,0.488750,True,2.377,True,0.505560,0.509653
9.164,True,2.561,True,0.489715,0.488750,True,2.377,True,0.506714,0.509790
9.175,True,2.561,True,0.489715,0.488750,True,2.377,True,0.506714,0.509790
9.186,True,2.561,True,0.491532,0.489328,True,2.377,True,0.506714,0.509790
9.197,True,2.561,True,0.491532,0.489328,True,2.377,True,0.506936,0.509744
9.208,True,2.561,True,0.491593,0.489486,True,2.377,True,0.506936,0.509744
9.220,True,2.561,True,0.491593,0.489486,True,2.377,True,0.506936,0.509744
9.231,True,2.561,True,0.491593,0.489486,True,2.377,True,0.507077,0.509728
9.242,True,2.561,True,0.491537,0.489541,True,2.377,True,0.507077,0.509728
9.253,True,2.561,True,0.491537,0.489541,True,2.377,True,0.507077,0.509728
9.264,True,2.561,True,0.491537,0.489541,True,2.377,True,0.506907,0.509559
9.275,True,2.561,True,0.491350,0.489324,True,2.377,True,0.506907,0.509559
9.286,True,2.561,True,0.491350,0.489324,True,2.377,True,0.507135,0.509390
9.298,True,2.561,True,0.491350,0.489324,True,2.377,True,0.507135,0.509390
9.309,True,2.561,True,0.491350,0.489324,True,2.377,True,0.507135,0.509390
9.320,True,2.561,True,0.491250,0.489566,True,2.377,True,0.507217,0.509665
9.331,True,2.561,True,0.491250,0.489566,True,2.377,True,0.507217,0.509665
9.342,True,2.561,True,0.491052,0.489455,True,2.377,True,0.507217,0.509665
9.353,True,2.561,True,0.491052,0.489455,True,2.377,True,0.507217,0.509665
9.364,True,2.561,True,0.491052,0.489455,True,2.377,True,0.506870,0.509687
9.375,True,2.561,True,0.491052,0.489455,True,2.377,True,0.506870,0.509687
9.387,True,2.561,True,0.490994,0.489385,True,2.377,True,0.506870,0.509687
9.398,True,2.561,True,0.490994,0.489385,True,2.377,True,0.506681,0.509602
9.409,True,2.561,True,0.490994,0.489385,True,2.377,True,0.506681,0.509602
9.420,True,2.561,True,0.490339,0.489439,True,2.377,True,0.506681,0.509602
9.431,True,2.561,True,0.490339,0.489439,True,2.377,True,0.506419,0.509787
9.442,True,2.561,True,0.490534,0.489105,True,2.377,True,0.506419,0.509787
9.453,True,2.561,True,0.490534,0.489105,True,2.377,True,0.506419,0.509787
9.464,True,2.561,True,0.490534,0.489105,True,2.377,True,0.506445,0.509847
9.475,True,2.561,True,0.490534,0.489105,True,2.377,True,0.506445,0.509847
9.486,True,2.493,True,0.490482,0.489070,True,2.310,True,0.506445,0.509847
9.497,True,2.493,True,0.490482,0.489070,True,2.310,True,0.506658,0.509978
9.508,True,2.493,True,0.490482,0.489070,True,2.310,True,0.506658,0.509978
9.520,True,2.493,True,0.490522,0.489175,True,2.310,True,0.506658,0.509978
9.531,True,2.493,True,0.490522,0.489175,True,2.310,True,0.506658,0.509978
9.542,True,2.493,True,0.490522,0.489175,True,2.310,True,0.506464,0.509988
9.553,True,2.493,True,0.490538,0.489284,True,2.310,True,0.506464,0.509988
9.564,True,2.493,True,0.490538,0.489284,True,2.310,True,0.506545,0.510059
9.575,True,2.493,True,0.490538,0.489284,True,2.310,True,0.506545,0.510059
9.586,True,2.493,True,0.490376,0.489352,True,2.310,True,0.506545,0.510059
9.597,True,2.493,True,0.490376,0.489352,True,2.310,True,0.506596,0.510140
9.608,True,2.493,True,0.490376,0.489352,True,2.310,True,0.506596,0.510140
9.620,True,2.493,True,0.490435,0.489207,True,2.310,True,0.506596,0.510140
9.631,True,2.493,True,0.490435,0.489207,True,2.310,True,0.506564,0.510123
9.642,True,2.493,True,0.490435,0.489207,True,2.310,True,0.506564,0.510123
9.653,True,2.493,True,0.490411,0.489486,True,2.310,True,0.506564,0.510123
9.664,True,2.493,True,0.490411,0.489486,True,2.310,True,0.506667,0.510164
9.675,True,2.493,True,0.490411,0.489486,True,2.310,True,0.506667,0.510164
9.686,True,2.493,True,0.490154,0.489363,True,2.310,True,0.506667,0.510164
9.697,True,2.493,True,0.490154,0.489363,True,2.310,True,0.506753,0.510096
9.708,True,2.493,True,0.490154,0.489363,True,2.310,True,0.506753,0.510096
9.720,True,2.493,True,0.490565,0.489519,True,2.310,True,0.506753,0.510096
9.731,True,2.493,True,0.490565,0.489519,True,2.310,True,0.506561,0.510083
9.742,True,2.493,True,0.490565,0.489519,True,2.310,True,0.506561,0.510083
9.753,True,2.493,True,0.490573,0.489524,True,2.310,True,0.506561,0.510083
9.764,True,2.493,True,0.490573,0.489524,True,2.310,True,0.506799,0.509885
9.775,True,2.493,True,0.490573,0.489524,True,2.310,True,0.506799,0.509885
9.786,True,2.493,True,0.490241,0.489323,True,2.310,True,0.506799,0.509885
9.797,True,2.493,True,0.490241,0.489323,True,2.310,True,0.506644,0.510058
9.808,True,2.493,True,0.490241,0.489323,True,2.310,True,0.506644,0.510058
9.820,True,2.493,True,0.490716,0.489343,True,2.310,True,0.506644,0.510058
9.831,True,2.493,True,0.490716,0.489343,True,2.310,True,0.506784,0.509932
9.842,True,2.493,True,0.490716,0.489343,True,2.310,True,0.506784,0.509932
9.853,True,2.493,True,0.490580,0.489191,True,2.310,True,0.506784,0.509932
9.864,True,2.493,True,0.490580,0.489191,True,2.310,True,0.506649,0.510154
9.875,True,2.493,True,0.490580,0.489191,True,2.310,True,0.506649,0.510154
9.886,True,2.493,True,0.490837,0.489379,True,2.310,True,0.506649,0.510154
9.898,True,2.493,True,0.490837,0.489379,True,2.310,True,0.506850,0.509937
9.908,True,2.493,True,0.490837,0.489379,True,2.310,True,0.506850,0.509937
9.920,True,2.493,True,0.490753,0.489030,True,2.310,True,0.506850,0.509937
9.931,True,2.493,True,0.490753,0.489030,True,2.310,True,0.506820,0.509945
9.942,True,2.493,True,0.490753,0.489030,True,2.310,True,0.506820,0.509945
9.953,True,2.493,True,0.490630,0.489158,True,2.310,True,0.506820,0.509945
9.964,True,2.493,True,0.490630,0.489158,True,2.310,True,0.506680,0.509966
9.975,True,2.493,True,0.490630,0.489158,True,2.310,True,0.506680,0.509966
9.987,True,2.493,True,0.490559,0.489089,True,2.310,True,0.506680,0.509966
9.998,True,2.493,True,0.490559,0.489089,True,2.310,True,0.506680,0.509966
10.009,True,2.561,True,0.490559,0.489089,True,2.441,True,0.507083,0.509825
10.020,True,2.561,True,0.490834,0.488974,True,2.441,True,0.507083,0.509825
10.031,True,2.561,True,0.490834,0.488974,True,2.441,True,0.507083,0.509825
10.042,True,2.561,True,0.490834,0.488974,True,2.441,True,0.507201,0.509917
10.053,True,2.561,True,0.490941,0.489398,True,2.441,True,0.507201,0.509917
10.064,True,2.561,True,0.490941,0.489398,True,2.441,True,0.507201,0.509917
10.075,True,2.561,True,0.490941,0.489398,True,2.441,True,0.506962,0.509778
10.087,True,2.561,True,0.490152,0.488900,True,2.441,True,0.506962,0.509778
10.098,True,2.561,True,0.490152,0.488900,True,2.441,True,0.506962,0.509778
10.109,True,2.561,True,0.490152,0.488900,True,2.441,True,0.506116,0.509681
10.120,True,2.561,True,0.489759,0.488384,True,2.441,True,0.506116,0.509681
10.131,True,2.561,True,0.489759,0.488384,True,2.441,True,0.506116,0.509681
10.142,True,2.561,True,0.489759,0.488384,True,2.441,True,0.505998,0.509725
10.153,True,2.561,True,0.489747,0.488182,True,2.441,True,0.505998,0.509725
10.164,True,2.561,True,0.489747,0.488182,True,2.441,True,0.505998,0.509725
10.175,True,2.561,True,0.489747,0.488182,True,2.441,True,0.505811,0.509579
10.187,True,2.561,True,0.489835,0.488344,True,2.441,True,0.505811,0.509579
10.198,True,2.561,True,0.489835,0.488344,True,2.441,True,0.505811,0.509579
10.209,True,2.561,True,0.489835,0.488344,True,2.441,True,0.505628,0.509638
10.220,True,2.561,True,0.489716,0.488361,True,2.441,True,0.505628,0.509638
10.231,True,2.561,True,0.489716,0.488361,True,2.441,True,0.505628,0.509638
10.242,True,2.561,True,0.489716,0.488361,True,2.441,True,0.505688,0.509530
10.253,True,2.561,True,0.489591,0.488250,True,2.441,True,0.505688,0.509530
10.264,True,2.561,True,0.489591,0.488250,True,2.441,True,0.505688,0.509530
10.275,True,2.561,True,0.489591,0.488250,True,2.441,True,0.505530,0.509592
10.286,True,2.561,True,0.489722,0.488337,True,2.441,True,0.505530,0.509592
10.298,True,2.561,True,0.489722,0.488337,True,2.441,True,0.505530,0.509592
10.309,True,2.561,True,0.489722,0.488337,True,2.441,True,0.505606,0.509658
10.320,True,2.561,True,0.489438,0.488238,True,2.441,True,0.505606,0.509658
10.331,True,2.561,True,0.489438,0.488238,True,2.441,True,0.505701,0.509951
10.342,True,2.561,True,0.489438,0.488238,True,2.441,True,0.505701,0.509951
10.353,True,2.561,True,0.490737,0.488494,True,2.441,True,0.505701,0.509951
10.364,True,2.561,True,0.490737,0.488494,True,2.441,True,0.505701,0.509951
10.375,True,2.561,True,0.490737,0.488494,True,2.441,True,0.506786,0.509877
10.387,True,2.561,True,0.490433,0.488909,True,2.441,True,0.506786,0.509877
10.398,True,2.561,True,0.490433,0.488909,True,2.441,True,0.506786,0.509877
10.409,True,2.561,True,0.490433,0.488909,True,2.441,True,0.506507,0.509880
10.420,True,2.561,True,0.490178,0.489101,True,2.441,True,0.506507,0.509880
10.431,True,2.561,True,0.490178,0.489101,True,2.441,True,0.506661,0.509920
10.442,True,2.561,True,0.490178,0.489101,True,2.441,True,0.506661,0.509920
10.453,True,2.561,True,0.490178,0.489101,True,2.441,True,0.506661,0.509920
10.464,True,2.561,True,0.490585,0.488982,True,2.441,True,0.506427,0.509896
10.475,True,2.561,True,0.490585,0.488982,True,2.441,True,0.506427,0.509896
10.487,True,2.561,True,0.490585,0.488982,True,2.441,True,0.506427,0.509896
10.498,True,2.587,True,0.490610,0.489141,True,2.310,True,0.506427,0.509896
10.509,True,2.587,True,0.490610,0.489141,True,2.310,True,0.506695,0.509922
10.520,True,2.587,True,0.490610,0.489141,True,2.310,True,0.506695,0.509922
10.531,True,2.587,True,0.490494,0.489300,True,2.310,True,0.506517,0.510135
10.542,True,2.587,True,0.490494,0.489300,True,2.310,True,0.506517,0.510135
10.553,True,2.587,True,0.490494,0.489300,True,2.310,True,0.506517,0.510135
10.564,True,2.587,True,0.490580,0.489357,True,2.310,True,0.506517,0.510135
10.575,True,2.587,True,0.490580,0.489357,True,2.310,True,0.506574,0.510157
10.586,True,2.587,True,0.490580,0.489357,True,2.310,True,0.506574,0.510157
10.597,True,2.587,True,0.490748,0.489207,True,2.310,True,0.506574,0.510157
10.608,True,2.587,True,0.490748,0.489207,True,2.310,True,0.506599,0.510141
10.620,True,2.587,True,0.490748,0.489207,True,2.310,True,0.506599,0.510141
10.631,True,2.587,True,0.490493,0.489083,True,2.310,True,0.506599,0.510141
10.642,True,2.587,True,0.490493,0.489083,True,2.310,True,0.506501,0.509949
10.653,True,2.587,True,0.490493,0.489083,True,2.310,True,0.506501,0.509949
10.664,True,2.587,True,0.490415,0.489160,True,2.310,True,0.506501,0.509949
10.675,True,2.587,True,0.490415,0.489160,True,2.310,True,0.506416,0.510320
10.686,True,2.587,True,0.489399,0.488721,True,2.310,True,0.506416,0.510320
10.697,True,2.587,True,0.489399,0.488721,True,2.310,True,0.506416,0.510320
10.708,True,2.587,True,0.489399,0.488721,True,2.310,True,0.505502,0.510443
10.720,True,2.587,True,0.489410,0.488556,True,2.310,True,0.505502,0.510443
10.731,True,2.587,True,0.489410,0.488556,True,2.310,True,0.505502,0.510443
10.742,True,2.587,True,0.489410,0.488556,True,2.310,True,0.505439,0.510111
10.753,True,2.587,True,0.489410,0.488556,True,2.310,True,0.505439,0.510111
10.764,True,2.587,True,0.489742,0.488573,True,2.310,True,0.505439,0.510111
10.775,True,2.587,True,0.489742,0.488573,True,2.310,True,0.505494,0.510347
10.786,True,2.587,True,0.489814,0.488530,True,2.310,True,0.505494,0.510347
10.797,True,2.587,True,0.489814,0.488530,True,2.310,True,0.505494,0.510347
10.808,True,2.587,True,0.489814,0.488530,True,2.310,True,0.505657,0.510068
10.820,True,2.587,True,0.489814,0.488530,True,2.310,True,0.505657,0.510068
10.831,True,2.587,True,0.489659,0.488576,True,2.310,True,0.505657,0.510068
10.842,True,2.587,True,0.489659,0.488576,True,2.310,True,0.505614,0.510212
10.853,True,2.587,True,0.489736,0.488770,True,2.310,True,0.505614,0.510212
10.864,True,2.587,True,0.489736,0.488770,True,2.310,True,0.505614,0.510212
10.875,True,2.587,True,0.489736,0.488770,True,2.310,True,0.505525,0.510132
10.886,True,2.587,True,0.489507,0.488821,True,2.310,True,0.505525,0.510132
10.897,True,2.587,True,0.489507,0.488821,True,2.310,True,0.505525,0.510132
10.908,True,2.587,True,0.489507,0.488821,True,2.310,True,0.505484,0.510200
10.920,True,2.587,True,0.491042,0.489130,True,2.310,True,0.505484,0.510200
10.931,True,2.587,True,0.491042,0.489130,True,2.310,True,0.505484,0.510200
10.942,True,2.587,True,0.491042,0.489130,True,2.310,True,0.506750,0.509843
10.953,True,2.587,True,0.491042,0.489130,True,2.310,True,0.506750,0.509843
10.964,True,2.587,True,0.491042,0.489130,True,2.310,True,0.506750,0.509843
10.975,True,2.587,True,0.490749,0.489289,True,2.310,True,0.506750,0.509843
10.986,True,2.587,True,0.490749,0.489289,True,2.310,True,0.507000,0.509764
10.997,True,2.587,True,0.490905,0.489260,True,2.310,True,0.507000,0.509764
11.008,True,2.587,True,0.490905,0.489260,True,2.374,True,0.506832,0.509868
11.020,True,2.587,True,0.490905,0.489260,True,2.374,True,0.506832,0.509868
11.031,True,2.587,True,0.490656,0.489391,True,2.374,True,0.506832,0.509868
11.042,True,2.587,True,0.490656,0.489391,True,2.374,True,0.506978,0.509857
11.053,True,2.587,True,0.490656,0.489391,True,2.374,True,0.506978,0.509857
11.064,True,2.587,True,0.490911,0.489329,True,2.374,True,0.506978,0.509857
11.075,True,2.587,True,0.490911,0.489329,True,2.374,True,0.506884,0.509902
11.086,True,2.587,True,0.490911,0.489329,True,2.374,True,0.506884,0.509902
11.097,True,2.587,True,0.490865,0.489225,True,2.374,True,0.506884,0.509902
11.108,True,2.587,True,0.490865,0.489225,True,2.374,True,0.506911,0.510073
11.120,True,2.587,True,0.490865,0.489225,True,2.374,True,0.506911,0.510073
11.131,True,2.587,True,0.490853,0.489427,True,2.374,True,0.506911,0.510073
11.142,True,2.587,True,0.490853,0.489427,True,2.374,True,0.507008,0.509773
11.153,True,2.587,True,0.490853,0.489427,True,2.374,True,0.507008,0.509773
11.164,True,2.587,True,0.489968,0.489259,True,2.374,True,0.507008,0.509773
11.175,True,2.587,True,0.489968,0.489259,True,2.374,True,0.505617,0.509932
11.187,True,2.587,True,0.489968,0.489259,True,2.374,True,0.505617,0.509932
11.198,True,2.587,True,0.489431,0.488831,True,2.374,True,0.505617,0.509932
11.209,True,2.587,True,0.489431,0.488831,True,2.374,True,0.505700,0.510108
11.220,True,2.587,True,0.489292,0.488547,True,2.374,True,0.505700,0.510108
11.231,True,2.587,True,0.489292,0.488547,True,2.374,True,0.505700,0.510108
11.242,True,2.587,True,0.489292,0.488547,True,2.374,True,0.505765,0.510099
11.253,True,2.587,True,0.489292,0.488547,True,2.374,True,0.505765,0.510099
11.264,True,2.587,True,0.489292,0.488547,True,2.374,True,0.505765,0.510099
11.275,True,2.649,True,0.489414,0.488696,True,2.310,True,0.505534,0.510180
11.286,True,2.649,True,0.489414,0.488696,True,2.310,True,0.505534,0.510180
11.298,True,2.649,True,0.489459,0.488395,True,2.310,True,0.505534,0.510180
11.309,True,2.649,True,0.489459,0.488395,True,2.310,True,0.505606,0.510073
11.320,True,2.649,True,0.489459,0.488395,True,2.310,True,0.505606,0.510073
11.331,True,2.649,True,0.489415,0.488621,True,2.310,True,0.505606,0.510073
11.342,True,2.649,True,0.489415,0.488621,True,2.310,True,0.505675,0.509985
11.353,True,2.649,True,0.489415,0.488621,True,2.310,True,0.505675,0.509985
11.364,True,2.649,True,0.489240,0.488529,True,2.310,True,0.505675,0.509985
11.375,True,2.649,True,0.489240,0.488529,True,2.310,True,0.506020,0.509960
11.387,True,2.649,True,0.489240,0.488529,True,2.310,True,0.506020,0.509960
11.398,True,2.649,True,0.489392,0.488249,True,2.310,True,0.506020,0.509960
11.409,True,2.649,True,0.489392,0.488249,True,2.310,True,0.505714,0.509966
11.420,True,2.649,True,0.489392,0.488249,True,2.310,True,0.505714,0.509966
11.431,True,2.649,True,0.489196,0.488439,True,2.310,True,0.505714,0.509966
11.442,True,2.649,True,0.489196,0.488439,True,2.310,True,0.505565,0.509941
11.453,True,2.649,True,0.489196,0.488439,True,2.310,True,0.505565,0.509941
11.464,True,2.649,True,0.489304,0.488352,True,2.310,True,0.505565,0.509941
11.475,True,2.649,True,0.489304,0.488352,True,2.310,True,0.505584,0.509914
11.486,True,2.649,True,0.489304,0.488352,True,2.310,True,0.505584,0.509914
11.498,True,2.649,True,0.489134,0.488588,True,2.310,True,0.505584,0.509914
11.509,True,2.649,True,0.489134,0.488588,True,2.310,True,0.505584,0.509914
11.520,True,2.649,True,0.489134,0.488588,True,2.310,True,0.505571,0.509920
11.531,True,2.649,True,0.489090,0.488513,True,2.310,True,0.505571,0.509920
11.542,True,2.649,True,0.489090,0.488513,True,2.310,True,0.505663,0.510364
11.553,True,2.649,True,0.489090,0.488513,True,2.310,True,0.505663,0.510364
11.564,True,2.649,True,0.489090,0.488513,True,2.310,True,0.505663,0.510364
11.575,True,2.649,True,0.489316,0.488566,True,2.310,True,0.505663,0.510364
11.586,True,2.649,True,0.489316,0.488566,True,2.310,True,0.505824,0.510252
11.598,True,2.649,True,0.489392,0.488723,True,2.310,True,0.505824,0.510252
11.609,True,2.649,True,0.489392,0.488723,True,2.310,True,0.505824,0.510252
11.620,True,2.649,True,0.489392,0.488723,True,2.310,True,0.505680,0.510069
11.631,True,2.649,True,0.489564,0.488686,True,2.310,True,0.505680,0.510069
11.642,True,2.649,True,0.489564,0.488686,True,2.310,True,0.505680,0.510069
11.653,True,2.649,True,0.489564,0.488686,True,2.310,True,0.506980,0.509914
11.664,True,2.649,True,0.490661,0.488828,True,2.310,True,0.506980,0.509914
11.675,True,2.649,True,0.490661,0.488828,True,2.310,True,0.506980,0.509914
11.687,True,2.649,True,0.490661,0.488828,True,2.310,True,0.507003,0.509832
11.698,True,2.649,True,0.490574,0.489188,True,2.310,True,0.507003,0.509832
11.709,True,2.649,True,0.490574,0.489188,True,2.310,True,0.507003,0.509832
11.720,True,2.649,True,0.490574,0.489188,True,2.310,True,0.507103,0.509824
11.731,True,2.649,True,0.490585,0.489003,True,2.310,True,0.507103,0.509824
11.742,True,2.649,True,0.490585,0.489003,True,2.310,True,0.507103,0.509824
11.753,True,2.649,True,0.490585,0.489003,True,2.373,True,0.506343,0.509788
11.764,True,2.649,True,0.490231,0.488789,True,2.373,True,0.506343,0.509788
11.775,True,2.649,True,0.490231,0.488789,True,2.373,True,0.506343,0.509788
11.786,True,2.649,True,0.490231,0.488789,True,2.373,True,0.506325,0.509812
11.797,True,2.649,True,0.490137,0.488662,True,2.373,True,0.506325,0.509812
11.808,True,2.649,True,0.490137,0.488662,True,2.373,True,0.506325,0.509812
11.820,True,2.649,True,0.490137,0.488662,True,2.373,True,0.505904,0.509679
11.831,True,2.649,True,0.490122,0.488565,True,2.373,True,0.505904,0.509679
11.842,True,2.649,True,0.490122,0.488565,True,2.373,True,0.505904,0.509679
11.853,True,2.649,True,0.490122,0.488565,True,2.373,True,0.505873,0.509738
11.864,True,2.649,True,0.490122,0.488565,True,2.373,True,0.505873,0.509738
11.875,True,2.649,True,0.489886,0.488705,True,2.373,True,0.505873,0.509738
11.886,True,2.649,True,0.489886,0.488705,True,2.373,True,0.506068,0.509783
11.897,True,2.649,True,0.489886,0.488705,True,2.373,True,0.506068,0.509783
11.908,True,2.649,True,0.489936,0.488701,True,2.373,True,0.506068,0.509783
11.920,True,2.649,True,0.489936,0.488701,True,2.373,True,0.506077,0.509832
11.931,True,2.649,True,0.489968,0.488864,True,2.373,True,0.506077,0.509832
11.949,True,2.649,True,0.489968,0.488864,True,2.373,True,0.506077,0.509832
11.961,True,2.649,True,0.489968,0.488864,True,2.373,True,0.505991,0.510048
11.972,True,2.649,True,0.489734,0.488748,True,2.373,True,0.505991,0.510048
11.983,True,2.649,True,0.489734,0.488748,True,2.373,True,0.506028,0.509948
11.994,True,2.649,True,0.489734,0.488748,True,2.373,True,0.506028,0.509948
12.005,True,2.649,True,0.490068,0.488756,True,2.373,True,0.506028,0.509948
12.016,True,2.649,True,0.490068,0.488756,True,2.373,True,0.506278,0.510156
12.027,True,2.649,True,0.490068,0.488756,True,2.373,True,0.506278,0.510156
12.038,True,2.649,True,0.490077,0.488956,True,2.373,True,0.506278,0.510156
12.049,True,2.649,True,0.490077,0.488956,True,2.373,True,0.506167,0.510129
12.060,True,2.649,True,0.490077,0.488956,True,2.373,True,0.506167,0.510129
12.072,True,2.649,True,0.490052,0.488923,True,2.373,True,0.506167,0.510129
12.083,True,2.649,True,0.490052,0.488923,True,2.373,True,0.506167,0.510129
12.094,True,2.649,True,0.490052,0.488923,True,2.373,True,0.506092,0.510039
12.105,True,2.649,True,0.490223,0.489100,True,2.373,True,0.506092,0.510039
12.116,True,2.649,True,0.490223,0.489100,True,2.373,True,0.506125,0.510069
12.127,True,2.649,True,0.490223,0.489100,True,2.373,True,0.506125,0.510069
12.138,True,2.649,True,0.490050,0.489102,True,2.373,True,0.506125,0.510069
12.149,True,2.649,True,0.490050,0.489102,True,2.373,True,0.506003,0.510141
12.161,True,2.649,True,0.490050,0.489102,True,2.373,True,0.506003,0.510141
12.172,True,2.649,True,0.490327,0.488992,True,2.373,True,0.506003,0.510141
12.183,True,2.649,True,0.490327,0.488992,True,2.373,True,0.506578,0.510244
12.194,True,2.649,True,0.490327,0.488992,True,2.373,True,0.506578,0.510244
12.205,True,2.649,True,0.491391,0.489838,True,2.373,True,0.506578,0.510244
12.216,True,2.649,True,0.491391,0.489838,True,2.373,True,0.507237,0.510153
12.227,True,2.649,True,0.491391,0.489838,True,2.373,True,0.507237,0.510153
12.238,True,2.649,True,0.491146,0.489813,True,2.373,True,0.507237,0.510153
12.250,True,2.649,True,0.491146,0.489813,True,2.373,True,0.507098,0.510202
12.260,True,2.649,True,0.491146,0.489813,True,2.373,True,0.507098,0.510202
12.272,True,2.512,True,0.491103,0.489469,True,2.310,True,0.507098,0.510202
12.283,True,2.512,True,0.491103,0.489469,True,2.310,True,0.507122,0.510134
12.294,True,2.512,True,0.491103,0.489469,True,2.310,True,0.507122,0.510134
12.305,True,2.512,True,0.491255,0.489827,True,2.310,True,0.507122,0.510134
12.316,True,2.512,True,0.491255,0.489827,True,2.310,True,0.507122,0.510134
12.327,True,2.512,True,0.491340,0.489645,True,2.310,True,0.507262,0.510219
12.338,True,2.512,True,0.491340,0.489645,True,2.310,True,0.507262,0.510219
12.350,True,2.512,True,0.491340,0.489645,True,2.310,True,0.507262,0.510219
12.361,True,2.512,True,0.491340,0.489645,True,2.310,True,0.507289,0.510044
12.372,True,2.512,True,0.491493,0.489598,True,2.310,True,0.507289,0.510044
12.383,True,2.512,True,0.491493,0.489598,True,2.310,True,0.507289,0.510044
12.394,True,2.512,True,0.491493,0.489598,True,2.310,True,0.507300,0.509896
12.405,True,2.512,True,0.491493,0.489598,True,2.310,True,0.507300,0.509896
12.416,True,2.512,True,0.491315,0.489609,True,2.310,True,0.507300,0.509896
12.427,True,2.512,True,0.491315,0.489609,True,2.310,True,0.507272,0.509951
12.439,True,2.512,True,0.491582,0.489522,True,2.310,True,0.507272,0.509951
12.450,True,2.512,True,0.491582,0.489522,True,2.310,True,0.507361,0.509834
12.461,True,2.512,True,0.491582,0.489522,True,2.310,True,0.507361,0.509834
12.472,True,2.512,True,0.491574,0.489517,True,2.310,True,0.507361,0.509834
12.483,True,2.512,True,0.491574,0.489517,True,2.310,True,0.507361,0.509834
12.494,True,2.512,True,0.491574,0.489517,True,2.310,True,0.507120,0.509920
12.505,True,2.512,True,0.491539,0.489415,True,2.310,True,0.507120,0.509920
12.516,True,2.512,True,0.491539,0.489415,True,2.310,True,0.507120,0.509920
12.527,True,2.512,True,0.491539,0.489415,True,2.310,True,0.507378,0.509691
12.538,True,2.512,True,0.491626,0.489220,True,2.310,True,0.507378,0.509691
12.550,True,2.512,True,0.491626,0.489220,True,2.310,True,0.507054,0.509716
12.561,True,2.512,True,0.491626,0.489220,True,2.310,True,0.507054,0.509716
12.572,True,2.512,True,0.491357,0.489386,True,2.310,True,0.507054,0.509716
12.583,True,2.512,True,0.491357,0.489386,True,2.310,True,0.507108,0.509653
12.594,True,2.512,True,0.491357,0.489386,True,2.310,True,0.507108,0.509653
12.605,True,2.512,True,0.491098,0.489382,True,2.310,True,0.507108,0.509653
12.616,True,2.512,True,0.491098,0.489382,True,2.310,True,0.507108,0.509653
12.627,True,2.512,True,0.491098,0.489382,True,2.310,True,0.507032,0.509802
12.639,True,2.512,True,0.491299,0.489421,True,2.310,True,0.507032,0.509802
12.650,True,2.512,True,0.491299,0.489421,True,2.310,True,0.507024,0.509992
12.661,True,2.512,True,0.491299,0.489421,True,2.310,True,0.507024,0.509992
12.672,True,2.512,True,0.491299,0.489421,True,2.310,True,0.507024,0.509992
12.683,True,2.512,True,0.491518,0.489524,True,2.310,True,0.507024,0.509992
12.694,True,2.512,True,0.491518,0.489524,True,2.310,True,0.506915,0.509915
12.705,True,2.512,True,0.491470,0.489673,True,2.310,True,0.506915,0.509915
12.716,True,2.512,True,0.491470,0.489673,True,2.310,True,0.506915,0.509915
12.727,True,2.512,True,0.491470,0.489673,True,2.310,True,0.506732,0.509894
12.738,True,2.512,True,0.491470,0.489673,True,2.310,True,0.506732,0.509894
12.749,True,2.512,True,0.491110,0.489534,True,2.310,True,0.506732,0.509894
12.760,True,2.512,True,0.491110,0.489534,True,2.456,True,0.507037,0.509759
12.772,True,2.512,True,0.491110,0.489534,True,2.456,True,0.507037,0.509759
12.783,True,2.512,True,0.491299,0.489570,True,2.456,True,0.507037,0.509759
12.794,True,2.512,True,0.491299,0.489570,True,2.456,True,0.507067,0.509716
12.805,True,2.512,True,0.490105,0.489623,True,2.456,True,0.507067,0.509716
12.816,True,2.512,True,0.490105,0.489623,True,2.456,True,0.507067,0.509716
12.827,True,2.512,True,0.490105,0.489623,True,2.456,True,0.506078,0.510206
12.838,True,2.512,True,0.490105,0.489623,True,2.456,True,0.506078,0.510206
12.850,True,2.512,True,0.490215,0.489524,True,2.456,True,0.506078,0.510206
12.861,True,2.512,True,0.490215,0.489524,True,2.456,True,0.506102,0.510209
12.872,True,2.512,True,0.490215,0.489524,True,2.456,True,0.506102,0.510209
12.883,True,2.512,True,0.490135,0.489504,True,2.456,True,0.506102,0.510209
12.894,True,2.512,True,0.490135,0.489504,True,2.456,True,0.505857,0.510118
12.905,True,2.512,True,0.490135,0.489504,True,2.456,True,0.505857,0.510118
12.916,True,2.512,True,0.490240,0.489406,True,2.456,True,0.505857,0.510118
12.927,True,2.512,True,0.490240,0.489406,True,2.456,True,0.505932,0.510305
12.939,True,2.512,True,0.489886,0.489407,True,2.456,True,0.505932,0.510305
12.950,True,2.512,True,0.489886,0.489407,True,2.456,True,0.505932,0.510305
12.961,True,2.512,True,0.489886,0.489407,True,2.456,True,0.506183,0.510304
12.972,True,2.512,True,0.489672,0.489336,True,2.456,True,0.506183,0.510304
12.983,True,2.512,True,0.489672,0.489336,True,2.456,True,0.506183,0.510304
12.994,True,2.512,True,0.489672,0.489336,True,2.456,True,0.505887,0.510111
13.005,True,2.512,True,0.491111,0.489672,True,2.456,True,0.505887,0.510111
13.016,True,2.512,True,0.491111,0.489672,True,2.456,True,0.505887,0.510111
13.027,True,2.512,True,0.491111,0.489672,True,2.456,True,0.508154,0.509581
13.038,True,2.512,True,0.492455,0.490060,True,2.456,True,0.508154,0.509581
13.049,True,2.512,True,0.492455,0.490060,True,2.456,True,0.508154,0.509581
13.060,True,2.512,True,0.492455,0.490060,True,2.456,True,0.508228,0.509460
13.071,True,2.512,True,0.492613,0.489701,True,2.456,True,0.508228,0.509460
13.083,True,2.512,True,0.492613,0.489701,True,2.456,True,0.508228,0.509460
13.094,True,2.512,True,0.492613,0.489701,True,2.456,True,0.508322,0.509393
13.105,True,2.512,True,0.492613,0.489701,True,2.456,True,0.508322,0.509393
13.116,True,2.512,True,0.491559,0.489287,True,2.456,True,0.508322,0.509393
13.127,True,2.512,True,0.491559,0.489287,True,2.456,True,0.505135,0.509610
13.138,True,2.512,True,0.491559,0.489287,True,2.456,True,0.505135,0.509610
13.149,True,2.512,True,0.490187,0.488599,True,2.456,True,0.505135,0.509610
13.161,True,2.512,True,0.490187,0.488599,True,2.456,True,0.505377,0.509475
13.172,True,2.512,True,0.490187,0.488599,True,2.456,True,0.505377,0.509475
13.183,True,2.512,True,0.490155,0.488409,True,2.456,True,0.505377,0.509475
13.194,True,2.512,True,0.490155,0.488409,True,2.456,True,0.505234,0.509447
13.205,True,2.512,True,0.490155,0.488409,True,2.456,True,0.505234,0.509447
13.216,True,2.512,True,0.489906,0.488166,True,2.456,True,0.505234,0.509447
13.227,True,2.512,True,0.489906,0.488166,True,2.456,True,0.505242,0.509436
13.238,True,2.512,True,0.489906,0.488166,True,2.456,True,0.505242,0.509436
13.249,True,2.512,True,0.489883,0.488249,True,2.456,True,0.505242,0.509436
13.260,True,2.512,True,0.489883,0.488249,True,2.456,True,0.505525,0.509504
13.271,True,2.512,True,0.489883,0.488249,True,2.456,True,0.505525,0.509504
13.283,True,2.651,True,0.489709,0.488252,True,2.456,True,0.505525,0.509504
13.294,True,2.651,True,0.489709,0.488252,True,2.456,True,0.505446,0.509249
13.305,True,2.651,True,0.489709,0.488252,True,2.456,True,0.505446,0.509249
13.316,True,2.651,True,0.489845,0.488372,True,2.456,True,0.505446,0.509249
13.327,True,2.651,True,0.489845,0.488372,True,2.456,True,0.505506,0.509231
13.338,True,2.651,True,0.489845,0.488372,True,2.456,True,0.505506,0.509231
13.349,True,2.651,True,0.489911,0.488235,True,2.456,True,0.505506,0.509231
13.360,True,2.651,True,0.489911,0.488235,True,2.456,True,0.505423,0.509394
13.372,True,2.651,True,0.489911,0.488235,True,2.456,True,0.505423,0.509394
13.383,True,2.651,True,0.489662,0.488209,True,2.456,True,0.505423,0.509394
13.394,True,2.651,True,0.489662,0.488209,True,2.456,True,0.506288,0.509594
13.405,True,2.651,True,0.489662,0.488209,True,2.456,True,0.506288,0.509594
13.416,True,2.651,True,0.490982,0.488939,True,2.456,True,0.506288,0.509594
13.427,True,2.651,True,0.490982,0.488939,True,2.456,True,0.506288,0.509594
13.438,True,2.651,True,0.490982,0.488939,True,2.456,True,0.506792,0.509458
13.449,True,2.651,True,0.490982,0.488939,True,2.456,True,0.506792,0.509458
13.461,True,2.651,True,0.490851,0.489264,True,2.456,True,0.506792,0.509458
13.472,True,2.651,True,0.490851,0.489264,True,2.456,True,0.506328,0.509496
13.483,True,2.651,True,0.491050,0.489092,True,2.456,True,0.506328,0.509496
13.494,True,2.651,True,0.491050,0.489092,True,2.456,True,0.506328,0.509496
13.505,True,2.651,True,0.491050,0.489092,True,2.456,True,0.506617,0.509630
13.516,True,2.651,True,0.490935,0.489262,True,2.456,True,0.506617,0.509630
13.527,True,2.651,True,0.490935,0.489262,True,2.456,True,0.506617,0.509630
13.538,True,2.651,True,0.490935,0.489262,True,2.456,True,0.506602,0.509456
13.550,True,2.651,True,0.490929,0.489030,True,2.456,True,0.506602,0.509456
13.561,True,2.651,True,0.490929,0.489030,True,2.456,True,0.506602,0.509456
13.572,True,2.651,True,0.490929,0.489030,True,2.456,True,0.506484,0.509680
13.583,True,2.651,True,0.490842,0.489249,True,2.456,True,0.506484,0.509680
13.594,True,2.651,True,0.490842,0.489249,True,2.456,True,0.506484,0.509680
13.605,True,2.651,True,0.490842,0.489249,True,2.456,True,0.506460,0.509555
13.616,True,2.651,True,0.491081,0.489231,True,2.456,True,0.506460,0.509555
13.627,True,2.651,True,0.491081,0.489231,True,2.456,True,0.506460,0.509555
13.638,True,2.651,True,0.491081,0.489231,True,2.456,True,0.506460,0.509555
13.650,True,2.651,True,0.491663,0.489943,True,2.456,True,0.506384,0.509597
13.661,True,2.651,True,0.491663,0.489943,True,2.456,True,0.506384,0.509597
13.672,True,2.651,True,0.491663,0.489943,True,2.456,True,0.507321,0.509501
13.683,True,2.651,True,0.491663,0.489943,True,2.456,True,0.507321,0.509501
13.694,True,2.651,True,0.491777,0.489949,True,2.456,True,0.507321,0.509501
13.705,True,2.651,True,0.491777,0.489949,True,2.456,True,0.507265,0.509571
13.716,True,2.651,True,0.491777,0.489949,True,2.456,True,0.507265,0.509571
13.727,True,2.651,True,0.491695,0.489928,True,2.456,True,0.507265,0.509571
13.738,True,2.651,True,0.491695,0.489928,True,2.456,True,0.507303,0.509614
13.750,True,2.651,True,0.491695,0.489928,True,2.456,True,0.507303,0.509614
13.761,True,2.651,True,0.491669,0.489601,True,2.456,True,0.507303,0.509614
13.772,True,2.651,True,0.491669,0.489601,True,2.468,True,0.507456,0.509576
13.783,True,2.651,True,0.491669,0.489601,True,2.468,True,0.507456,0.509576
13.794,True,2.651,True,0.491962,0.490014,True,2.468,True,0.507456,0.509576
13.805,True,2.651,True,0.491962,0.490014,True,2.468,True,0.507456,0.509576
13.816,True,2.651,True,0.491962,0.490014,True,2.468,True,0.507371,0.509545
13.827,True,2.651,True,0.491908,0.489639,True,2.468,True,0.507371,0.509545
13.838,True,2.651,True,0.491908,0.489639,True,2.468,True,0.507347,0.509663
13.849,True,2.651,True,0.491908,0.489639,True,2.468,True,0.507347,0.509663
13.860,True,2.651,True,0.491817,0.489695,True,2.468,True,0.507347,0.509663
13.871,True,2.651,True,0.491817,0.489695,True,2.468,True,0.507084,0.509570
13.883,True,2.651,True,0.491817,0.489695,True,2.468,True,0.507084,0.509570
13.894,True,2.651,True,0.491566,0.489588,True,2.468,True,0.507084,0.509570
13.905,True,2.651,True,0.491566,0.489588,True,2.468,True,0.506617,0.509790
13.916,True,2.651,True,0.491566,0.489588,True,2.468,True,0.506617,0.509790
13.927,True,2.651,True,0.490870,0.489390,True,2.468,True,0.506617,0.509790
13.939,True,2.651,True,0.490870,0.489390,True,2.468,True,0.506158,0.510014
13.950,True,2.651,True,0.490870,0.489390,True,2.468,True,0.506158,0.510014
13.961,True,2.651,True,0.490915,0.489647,True,2.468,True,0.506158,0.510014
13.972,True,2.651,True,0.490915,0.489647,True,2.468,True,0.506290,0.509783
13.983,True,2.651,True,0.490915,0.489647,True,2.468,True,0.506290,0.509783
13.994,True,2.651,True,0.490666,0.489361,True,2.468,True,0.506290,0.509783
14.005,True,2.651,True,0.490666,0.489361,True,2.468,True,0.506280,0.509736
14.016,True,2.651,True,0.490666,0.489361,True,2.468,True,0.506280,0.509736
14.028,True,2.651,True,0.490515,0.489463,True,2.468,True,0.506280,0.509736
14.038,True,2.651,True,0.490515,0.489463,True,2.468,True,0.506280,0.509736
14.050,True,2.651,True,0.490515,0.489463,True,2.468,True,0.506209,0.509772
14.061,True,2.651,True,0.490515,0.489463,True,2.468,True,0.506209,0.509772
14.072,True,2.651,True,0.490654,0.489519,True,2.468,True,0.506209,0.509772
14.083,True,2.651,True,0.490654,0.489519,True,2.468,True,0.506447,0.509719
14.094,True,2.651,True,0.490554,0.489512,True,2.468,True,0.506447,0.509719
14.105,True,2.651,True,0.490554,0.489512,True,2.468,True,0.506447,0.509719
14.116,True,2.651,True,0.490554,0.489512,True,2.468,True,0.506370,0.509812
14.127,True,2.651,True,0.490689,0.489582,True,2.468,True,0.506370,0.509812
14.138,True,2.651,True,0.490689,0.489582,True,2.468,True,0.506370,0.509812
14.149,True,2.651,True,0.490689,0.489582,True,2.468,True,0.506476,0.509967
14.160,True,2.651,True,0.490826,0.489639,True,2.468,True,0.506476,0.509967
14.171,True,2.651,True,0.490826,0.489639,True,2.468,True,0.506476,0.509967
14.183,True,2.651,True,0.490826,0.489639,True,2.468,True,0.508086,0.509754
14.194,True,2.651,True,0.491750,0.490086,True,2.468,True,0.508086,0.509754
14.205,True,2.651,True,0.491750,0.490086,True,2.468,True,0.508086,0.509754
14.216,True,2.651,True,0.491750,0.490086,True,2.468,True,0.507907,0.509623
14.227,True,2.651,True,0.491866,0.489939,True,2.468,True,0.507907,0.509623
14.238,True,2.651,True,0.491866,0.489939,True,2.468,True,0.507907,0.509623
14.249,True,2.651,True,0.491866,0.489939,True,2.468,True,0.507741,0.509539
14.260,True,2.651,True,0.491999,0.489965,True,2.468,True,0.507741,0.509539
14.272,True,2.651,True,0.491999,0.489965,True,2.468,True,0.507741,0.509539
14.283,True,2.651,True,0.491999,0.489965,True,2.468,True,0.507815,0.509484
14.294,True,2.651,True,0.491999,0.489965,True,2.468,True,0.507815,0.509484
14.305,True,2.406,True,0.492080,0.489780,True,2.456,True,0.507815,0.509484
14.316,True,2.406,True,0.492080,0.489780,True,2.456,True,0.506748,0.509580
14.327,True,2.406,True,0.490899,0.489340,True,2.456,True,0.506748,0.509580
14.338,True,2.406,True,0.490899,0.489340,True,2.456,True,0.506748,0.509580
14.349,True,2.406,True,0.490899,0.489340,True,2.456,True,0.506748,0.509580
14.361,True,2.406,True,0.490944,0.489426,True,2.456,True,0.506487,0.509692
14.372,True,2.406,True,0.490944,0.489426,True,2.456,True,0.506487,0.509692
14.383,True,2.406,True,0.490944,0.489426,True,2.456,True,0.506427,0.509537
14.394,True,2.406,True,0.490725,0.489316,True,2.456,True,0.506427,0.509537
14.405,True,2.406,True,0.490725,0.489316,True,2.456,True,0.506427,0.509537
14.416,True,2.406,True,0.490725,0.489316,True,2.456,True,0.506524,0.509572
14.427,True,2.406,True,0.490896,0.489352,True,2.456,True,0.506524,0.509572
14.438,True,2.406,True,0.490896,0.489352,True,2.456,True,0.506524,0.509572
14.450,True,2.406,True,0.490896,0.489352,True,2.456,True,0.506514,0.509676
14.461,True,2.406,True,0.490896,0.489352,True,2.456,True,0.506514,0.509676
14.472,True,2.406,True,0.490907,0.489363,True,2.456,True,0.506514,0.509676
14.483,True,2.406,True,0.490907,0.489363,True,2.456,True,0.506404,0.509561
14.494,True,2.406,True,0.490907,0.489363,True,2.456,True,0.506404,0.509561
14.505,True,2.406,True,0.490997,0.489456,True,2.456,True,0.506404,0.509561
14.516,True,2.406,True,0.490997,0.489456,True,2.456,True,0.506351,0.509670
14.527,True,2.406,True,0.490997,0.489456,True,2.456,True,0.506351,0.509670
14.538,True,2.406,True,0.490527,0.489544,True,2.456,True,0.506351,0.509670
14.549,True,2.406,True,0.490527,0.489544,True,2.456,True,0.506426,0.509408
14.560,True,2.406,True,0.490527,0.489544,True,2.456,True,0.506426,0.509408
14.571,True,2.406,True,0.490684,0.489654,True,2.456,True,0.506426,0.509408
14.583,True,2.406,True,0.490684,0.489654,True,2.456,True,0.506339,0.509731
14.594,True,2.406,True,0.490675,0.489235,True,2.456,True,0.506339,0.509731
14.605,True,2.406,True,0.490675,0.489235,True,2.456,True,0.506339,0.509731
14.616,True,2.406,True,0.490675,0.489235,True,2.456,True,0.506544,0.509724
14.627,True,2.406,True,0.490506,0.489341,True,2.456,True,0.506544,0.509724
14.644,True,2.406,True,0.490506,0.489341,True,2.456,True,0.506617,0.509643
14.655,True,2.406,True,0.490506,0.489341,True,2.456,True,0.506617,0.509643
14.667,True,2.406,True,0.490564,0.489650,True,2.456,True,0.506617,0.509643
14.678,True,2.406,True,0.490564,0.489650,True,2.456,True,0.506406,0.509824
14.689,True,2.406,True,0.490564,0.489650,True,2.456,True,0.506406,0.509824
14.700,True,2.406,True,0.490142,0.489247,True,2.456,True,0.506406,0.509824
14.711,True,2.406,True,0.490142,0.489247,True,2.456,True,0.505959,0.510070
14.722,True,2.406,True,0.490142,0.489247,True,2.456,True,0.505959,0.510070
14.733,True,2.406,True,0.489903,0.489146,True,2.456,True,0.505959,0.510070
14.744,True,2.406,True,0.489903,0.489146,True,2.456,True,0.505959,0.510070
14.755,True,2.406,True,0.489903,0.489146,True,2.456,True,0.505990,0.510008
14.766,True,2.406,True,0.489838,0.489384,True,2.456,True,0.505990,0.510008
14.777,True,2.406,True,0.489838,0.489384,True,2.456,True,0.505990,0.510008
14.789,True,2.406,True,0.489838,0.489384,True,2.460,True,0.505795,0.510004
14.800,True,2.406,True,0.489978,0.489373,True,2.460,True,0.505795,0.510004
14.811,True,2.406,True,0.489978,0.489373,True,2.460,True,0.505795,0.510004
14.822,True,2.406,True,0.489978,0.489373,True,2.460,True,0.506250,0.509965
14.833,True,2.406,True,0.489978,0.489373,True,2.460,True,0.506250,0.509965
14.844,True,2.406,True,0.490918,0.489712,True,2.460,True,0.506250,0.509965
14.855,True,2.406,True,0.490918,0.489712,True,2.460,True,0.506951,0.509638
14.867,True,2.406,True,0.491098,0.489544,True,2.460,True,0.506951,0.509638
14.878,True,2.406,True,0.491098,0.489544,True,2.460,True,0.506951,0.509638
14.889,True,2.406,True,0.491098,0.489544,True,2.460,True,0.507205,0.509795
14.900,True,2.406,True,0.491077,0.489462,True,2.460,True,0.507205,0.509795
14.911,True,2.406,True,0.491077,0.489462,True,2.460,True,0.507205,0.509795
14.922,True,2.406,True,0.491077,0.489462,True,2.460,True,0.507439,0.509722
14.933,True,2.406,True,0.491077,0.489230,True,2.460,True,0.507439,0.509722
14.944,True,2.406,True,0.491077,0.489230,True,2.460,True,0.507439,0.509722
14.955,True,2.406,True,0.491077,0.489230,True,2.460,True,0.507230,0.509555
14.966,True,2.406,True,0.491169,0.489338,True,2.460,True,0.507230,0.509555
14.977,True,2.406,True,0.491169,0.489338,True,2.460,True,0.507230,0.509555
14.988,True,2.406,True,0.491169,0.489338,True,2.460,True,0.506260,0.510001
14.999,True,2.406,True,0.490410,0.489110,True,2.460,True,0.506260,0.510001
15.011,True,2.406,True,0.490410,0.489110,True,2.460,True,0.506260,0.510001
15.022,True,2.406,True,0.490410,0.489110,True,2.460,True,0.506315,0.509892
15.033,True,2.406,True,0.490101,0.489537,True,2.460,True,0.506315,0.509892
15.044,True,2.406,True,0.490101,0.489537,True,2.460,True,0.506315,0.509892
15.055,True,2.406,True,0.490101,0.489537,True,2.460,True,0.506250,0.510287
15.066,True,2.406,True,0.490398,0.489281,True,2.460,True,0.506250,0.510287
15.078,True,2.406,True,0.490398,0.489281,True,2.460,True,0.506250,0.510287
15.089,True,2.406,True,0.490398,0.489281,True,2.460,True,0.506132,0.510167
15.100,True,2.406,True,0.490127,0.489176,True,2.460,True,0.506132,0.510167
15.111,True,2.406,True,0.490127,0.489176,True,2.460,True,0.506220,0.510074
15.122,True,2.406,True,0.490127,0.489176,True,2.460,True,0.506220,0.510074
15.133,True,2.406,True,0.490173,0.489332,True,2.460,True,0.506220,0.510074
15.144,True,2.406,True,0.490173,0.489332,True,2.460,True,0.506220,0.510074
15.155,True,2.406,True,0.490173,0.489332,True,2.460,True,0.506232,0.510043
15.166,True,2.406,True,0.490173,0.489332,True,2.460,True,0.506232,0.510043
15.178,True,2.406,True,0.489830,0.489576,True,2.460,True,0.506232,0.510043
15.189,True,2.406,True,0.489830,0.489576,True,2.460,True,0.506329,0.510042
15.200,True,2.406,True,0.489994,0.489304,True,2.460,True,0.506329,0.510042
15.211,True,2.406,True,0.489994,0.489304,True,2.460,True,0.506550,0.510096
15.222,True,2.406,True,0.489994,0.489304,True,2.460,True,0.506550,0.510096
15.233,True,2.406,True,0.489994,0.489304,True,2.460,True,0.506550,0.510096
15.244,True,2.406,True,0.490692,0.489444,True,2.460,True,0.506550,0.510096
15.255,True,2.406,True,0.490692,0.489444,True,2.460,True,0.506501,0.509959
15.266,True,2.406,True,0.490692,0.489444,True,2.460,True,0.506501,0.509959
15.277,True,2.406,True,0.490694,0.489607,True,2.460,True,0.506501,0.509959
15.288,True,2.406,True,0.490694,0.489607,True,2.460,True,0.506505,0.509972
15.299,True,2.406,True,0.490694,0.489607,True,2.460,True,0.506505,0.509972
15.311,True,2.480,True,0.490603,0.489448,True,2.456,True,0.506505,0.509972
15.322,True,2.480,True,0.490603,0.489448,True,2.456,True,0.506558,0.509882
15.333,True,2.480,True,0.490603,0.489448,True,2.456,True,0.506558,0.509882
15.344,True,2.480,True,0.490662,0.489502,True,2.456,True,0.506558,0.509882
15.355,True,2.480,True,0.490662,0.489502,True,2.456,True,0.506461,0.510040
15.366,True,2.480,True,0.490662,0.489502,True,2.456,True,0.506461,0.510040
15.377,True,2.480,True,0.490608,0.489519,True,2.456,True,0.506461,0.510040
15.388,True,2.480,True,0.490608,0.489519,True,2.456,True,0.506266,0.509952
15.400,True,2.480,True,0.490608,0.489519,True,2.456,True,0.506266,0.509952
15.411,True,2.480,True,0.490900,0.489332,True,2.456,True,0.506266,0.509952
15.422,True,2.480,True,0.490900,0.489332,True,2.456,True,0.506421,0.510096
15.433,True,2.480,True,0.490900,0.489332,True,2.456,True,0.506421,0.510096
15.444,True,2.480,True,0.490345,0.489280,True,2.456,True,0.506421,0.510096
15.455,True,2.480,True,0.490345,0.489280,True,2.456,True,0.506435,0.510149
15.466,True,2.480,True,0.490266,0.489536,True,2.456,True,0.506435,0.510149
15.477,True,2.480,True,0.490266,0.489536,True,2.456,True,0.506435,0.510149
15.488,True,2.480,True,0.490266,0.489536,True,2.456,True,0.505910,0.510159
15.500,True,2.480,True,0.489736,0.489359,True,2.456,True,0.505910,0.510159
15.511,True,2.480,True,0.489736,0.489359,True,2.456,True,0.505910,0.510159
15.522,True,2.480,True,0.489736,0.489359,True,2.456,True,0.505659,0.510308
15.533,True,2.480,True,0.489377,0.489365,True,2.456,True,0.505659,0.510308
15.544,True,2.480,True,0.489377,0.489365,True,2.456,True,0.505659,0.510308
15.555,True,2.480,True,0.489377,0.489365,True,2.456,True,0.505659,0.510308
15.566,True,2.480,True,0.489380,0.489159,True,2.386,True,0.505368,0.510194
15.577,True,2.480,True,0.489380,0.489159,True,2.386,True,0.505368,0.510194
15.588,True,2.480,True,0.489380,0.489159,True,2.386,True,0.505349,0.510234
15.599,True,2.480,True,0.489380,0.489159,True,2.386,True,0.505349,0.510234
15.611,True,2.480,True,0.489613,0.489119,True,2.386,True,0.505349,0.510234
15.622,True,2.480,True,0.489613,0.489119,True,2.386,True,0.505661,0.510229
15.633,True,2.480,True,0.489613,0.489119,True,2.386,True,0.505661,0.510229
15.644,True,2.480,True,0.489639,0.489248,True,2.386,True,0.505661,0.510229
15.655,True,2.480,True,0.489639,0.489248,True,2.386,True,0.505539,0.510193
15.666,True,2.480,True,0.489639,0.489248,True,2.386,True,0.505539,0.510193
15.677,True,2.480,True,0.489536,0.489365,True,2.386,True,0.505539,0.510193
15.688,True,2.480,True,0.489536,0.489365,True,2.386,True,0.505362,0.510289
15.699,True,2.480,True,0.489536,0.489365,True,2.386,True,0.505362,0.510289
15.711,True,2.480,True,0.489578,0.489345,True,2.386,True,0.505362,0.510289
15.722,True,2.480,True,0.489578,0.489345,True,2.386,True,0.505304,0.510207
15.733,True,2.480,True,0.489578,0.489345,True,2.386,True,0.505304,0.510207
15.744,True,2.480,True,0.489361,0.489422,True,2.386,True,0.505304,0.510207
15.755,True,2.480,True,0.489361,0.489422,True,2.386,True,0.505141,0.510484
15.766,True,2.480,True,0.489361,0.489422,True,2.386,True,0.505141,0.510484
15.777,True,2.480,True,0.489486,0.489234,True,2.386,True,0.505141,0.510484
15.788,True,2.480,True,0.489486,0.489234,True,2.386,True,0.505414,0.510331
15.799,True,2.480,True,0.489634,0.489043,True,2.386,True,0.505414,0.510331
15.811,True,2.480,True,0.489634,0.489043,True,2.386,True,0.505414,0.510331
15.822,True,2.480,True,0.489634,0.489043,True,2.386,True,0.505272,0.510274
15.833,True,2.480,True,0.489634,0.489043,True,2.386,True,0.505272,0.510274
15.844,True,2.480,True,0.489554,0.489317,True,2.386,True,0.505272,0.510274
15.855,True,2.480,True,0.489554,0.489317,True,2.386,True,0.505292,0.510383
15.866,True,2.480,True,0.489554,0.489317,True,2.386,True,0.505292,0.510383
15.878,True,2.480,True,0.489497,0.489160,True,2.386,True,0.505292,0.510383
15.889,True,2.480,True,0.489497,0.489160,True,2.386,True,0.505098,0.510152
15.900,True,2.480,True,0.489497,0.489160,True,2.386,True,0.505098,0.510152
15.911,True,2.480,True,0.489502,0.489067,True,2.386,True,0.505098,0.510152
15.922,True,2.480,True,0.489502,0.489067,True,2.386,True,0.505084,0.510131
15.933,True,2.480,True,0.489502,0.489067,True,2.386,True,0.505084,0.510131
15.944,True,2.480,True,0.489656,0.489258,True,2.386,True,0.505084,0.510131
15.955,True,2.480,True,0.489656,0.489258,True,2.386,True,0.504946,0.510157
15.966,True,2.480,True,0.489656,0.489258,True,2.386,True,0.504946,0.510157
15.978,True,2.480,True,0.489692,0.488964,True,2.386,True,0.504946,0.510157
15.989,True,2.480,True,0.489692,0.488964,True,2.386,True,0.505005,0.510278
16.000,True,2.480,True,0.489692,0.488964,True,2.386,True,0.505005,0.510278
16.011,True,2.480,True,0.489292,0.488801,True,2.386,True,0.505005,0.510278
16.022,True,2.480,True,0.489292,0.488801,True,2.386,True,0.505031,0.510115
16.033,True,2.480,True,0.489292,0.488801,True,2.386,True,0.505031,0.510115
16.044,True,2.521,True,0.489516,0.488530,True,2.456,True,0.505031,0.510115
16.055,True,2.521,True,0.489516,0.488530,True,2.456,True,0.505062,0.510021
16.066,True,2.521,True,0.489516,0.488530,True,2.456,True,0.505062,0.510021
16.078,True,2.521,True,0.489354,0.488400,True,2.456,True,0.505062,0.510021
16.089,True,2.521,True,0.489354,0.488400,True,2.456,True,0.505062,0.510021
16.100,True,2.521,True,0.489354,0.488400,True,2.456,True,0.505072,0.510037
16.111,True,2.521,True,0.489398,0.488666,True,2.456,True,0.505072,0.510037
16.122,True,2.521,True,0.489398,0.488666,True,2.456,True,0.505072,0.510037
16.133,True,2.521,True,0.489398,0.488666,True,2.456,True,0.505067,0.509983
16.144,True,2.521,True,0.489618,0.488499,True,2.456,True,0.505067,0.509983
16.155,True,2.521,True,0.489618,0.488499,True,2.456,True,0.505067,0.509983
16.166,True,2.521,True,0.489618,0.488499,True,2.456,True,0.504837,0.509994
16.177,True,2.521,True,0.489485,0.488367,True,2.456,True,0.504837,0.509994
16.188,True,2.521,True,0.489485,0.488367,True,2.456,True,0.504837,0.509994
16.200,True,2.521,True,0.489485,0.488367,True,2.456,True,0.505033,0.509987
16.211,True,2.521,True,0.489485,0.488367,True,2.456,True,0.505033,0.509987
16.222,True,2.521,True,0.489495,0.488480,True,2.456,True,0.505033,0.509987
16.233,True,2.521,True,0.489495,0.488480,True,2.456,True,0.505415,0.509861
16.244,True,2.521,True,0.491339,0.489352,True,2.456,True,0.505415,0.509861
16.255,True,2.521,True,0.491339,0.489352,True,2.456,True,0.505415,0.509861
16.266,True,2.521,True,0.491339,0.489352,True,2.456,True,0.507203,0.509755
16.278,True,2.521,True,0.491371,0.489324,True,2.456,True,0.507203,0.509755
16.289,True,2.521,True,0.491371,0.489324,True,2.456,True,0.507203,0.509755
16.300,True,2.521,True,0.491371,0.489324,True,2.456,True,0.507262,0.509572
16.311,True,2.521,True,0.491264,0.489622,True,2.456,True,0.507262,0.509572
16.322,True,2.521,True,0.491264,0.489622,True,2.456,True,0.507262,0.509572
16.333,True,2.521,True,0.491264,0.489622,True,2.456,True,0.507297,0.509710
16.344,True,2.521,True,0.491264,0.489622,True,2.456,True,0.507297,0.509710
16.355,True,2.521,True,0.491477,0.489498,True,2.456,True,0.507297,0.509710
16.366,True,2.521,True,0.491477,0.489498,True,2.456,True,0.507443,0.509308
16.378,True,2.521,True,0.491477,0.489498,True,2.456,True,0.507443,0.509308
16.389,True,2.521,True,0.491164,0.489368,True,2.456,True,0.507443,0.509308
16.400,True,2.521,True,0.491164,0.489368,True,2.456,True,0.507378,0.509637
16.411,True,2.521,True,0.491164,0.489368,True,2.456,True,0.507378,0.509637
16.422,True,2.521,True,0.491227,0.489440,True,2.456,True,0.507378,0.509637
16.433,True,2.521,True,0.491227,0.489440,True,2.456,True,0.507378,0.509637
16.444,True,2.521,True,0.491227,0.489440,True,2.456,True,0.507216,0.509790
16.455,True,2.521,True,0.491370,0.489372,True,2.456,True,0.507216,0.509790
16.466,True,2.521,True,0.491370,0.489372,True,2.456,True,0.507010,0.509711
16.477,True,2.521,True,0.491370,0.489372,True,2.456,True,0.507010,0.509711
16.488,True,2.521,True,0.491021,0.489261,True,2.456,True,0.507010,0.509711
16.499,True,2.521,True,0.491021,0.489261,True,2.456,True,0.507010,0.509711
16.511,True,2.521,True,0.491021,0.489261,True,2.456,True,0.507174,0.509783
16.522,True,2.521,True,0.491021,0.489261,True,2.456,True,0.507174,0.509783
16.533,True,2.521,True,0.491135,0.489480,True,2.456,True,0.507199,0.509677
16.544,True,2.521,True,0.491135,0.489480,True,2.456,True,0.507199,0.509677
16.555,True,2.521,True,0.491217,0.489490,True,2.456,True,0.507199,0.509677
16.566,True,2.521,True,0.491217,0.489490,True,2.456,True,0.507199,0.509677
16.577,True,2.480,True,0.491217,0.489490,True,2.596,True,0.507195,0.509780
16.588,True,2.480,True,0.491069,0.489475,True,2.596,True,0.507195,0.509780
16.599,True,2.480,True,0.491069,0.489475,True,2.596,True,0.507195,0.509780
16.611,True,2.480,True,0.491069,0.489475,True,2.596,True,0.507210,0.509799
16.622,True,2.480,True,0.491069,0.489475,True,2.596,True,0.507210,0.509799
16.633,True,2.480,True,0.491185,0.489354,True,2.596,True,0.507210,0.509799
16.644,True,2.480,True,0.491185,0.489354,True,2.596,True,0.507103,0.509714
16.655,True,2.480,True,0.491185,0.489354,True,2.596,True,0.507103,0.509714
16.666,True,2.480,True,0.490788,0.489401,True,2.596,True,0.507103,0.509714
16.677,True,2.480,True,0.490788,0.489401,True,2.596,True,0.507232,0.509824
16.689,True,2.480,True,0.491072,0.489491,True,2.596,True,0.507232,0.509824
16.700,True,2.480,True,0.491072,0.489491,True,2.596,True,0.507232,0.509824
16.711,True,2.480,True,0.491072,0.489491,True,2.596,True,0.507193,0.509638
16.722,True,2.480,True,0.491003,0.489312,True,2.596,True,0.507193,0.509638
16.733,True,2.480,True,0.491003,0.489312,True,2.596,True,0.507193,0.509638
16.744,True,2.480,True,0.491003,0.489312,True,2.596,True,0.507117,0.509692
16.755,True,2.480,True,0.490875,0.489391,True,2.596,True,0.507117,0.509692
16.766,True,2.480,True,0.490875,0.489391,True,2.596,True,0.507117,0.509692
16.777,True,2.480,True,0.490875,0.489391,True,2.596,True,0.507082,0.509533
16.788,True,2.480,True,0.490987,0.489421,True,2.596,True,0.507082,0.509533
16.800,True,2.480,True,0.490987,0.489421,True,2.596,True,0.507082,0.509533
16.811,True,2.480,True,0.490987,0.489421,True,2.596,True,0.507045,0.509602
16.822,True,2.480,True,0.488722,0.488821,True,2.596,True,0.507045,0.509602
16.833,True,2.480,True,0.488722,0.488821,True,2.596,True,0.507045,0.509602
16.844,True,2.480,True,0.488722,0.488821,True,2.596,True,0.505000,0.509866
16.855,True,2.480,True,0.488722,0.488821,True,2.596,True,0.505000,0.509866
16.866,True,2.480,True,0.488352,0.488383,True,2.596,True,0.505000,0.509866
16.877,True,2.480,True,0.488352,0.488383,True,2.596,True,0.504986,0.510058
16.888,True,2.480,True,0.489017,0.488589,True,2.596,True,0.504986,0.510058
16.899,True,2.480,True,0.489017,0.488589,True,2.596,True,0.504986,0.510058
16.911,True,2.480,True,0.489017,0.488589,True,2.596,True,0.505234,0.510102
16.927,True,2.480,True,0.488629,0.488293,True,2.596,True,0.505234,0.510102
16.938,True,2.480,True,0.488629,0.488293,True,2.596,True,0.504978,0.509880
16.949,True,2.480,True,0.488629,0.488293,True,2.596,True,0.504978,0.509880
16.960,True,2.480,True,0.488503,0.488452,True,2.596,True,0.504978,0.509880
16.971,True,2.480,True,0.488503,0.488452,True,2.596,True,0.504978,0.509880
16.982,True,2.480,True,0.488503,0.488452,True,2.596,True,0.504851,0.510045
16.993,True,2.480,True,0.488372,0.488213,True,2.596,True,0.504851,0.510045
17.004,True,2.480,True,0.488372,0.488213,True,2.596,True,0.504851,0.510045
17.016,True,2.480,True,0.488372,0.488213,True,2.596,True,0.504798,0.509924
17.027,True,2.480,True,0.488284,0.488147,True,2.596,True,0.504798,0.509924
17.038,True,2.480,True,0.488284,0.488147,True,2.596,True,0.504798,0.509924
17.049,True,2.480,True,0.488284,0.488147,True,2.596,True,0.505063,0.509813
17.060,True,2.677,True,0.488524,0.488381,True,2.456,True,0.505063,0.509813
17.071,True,2.677,True,0.488524,0.488381,True,2.456,True,0.505063,0.509813
17.082,True,2.677,True,0.488524,0.488381,True,2.456,True,0.505295,0.510095
17.094,True,2.677,True,0.488500,0.488614,True,2.456,True,0.505295,0.510095
17.105,True,2.677,True,0.488500,0.488614,True,2.456,True,0.505295,0.510095
17.116,True,2.677,True,0.488500,0.488614,True,2.456,True,0.504931,0.510010
17.127,True,2.677,True,0.488501,0.488438,True,2.456,True,0.504931,0.510010
17.138,True,2.677,True,0.488501,0.488438,True,2.456,True,0.504931,0.510010
17.149,True,2.677,True,0.488501,0.488438,True,2.456,True,0.506648,0.509712
17.160,True,2.677,True,0.490629,0.488689,True,2.456,True,0.506648,0.509712
17.171,True,2.677,True,0.490629,0.488689,True,2.456,True,0.506648,0.509712
17.182,True,2.677,True,0.490629,0.488689,True,2.456,True,0.507240,0.509592
17.194,True,2.677,True,0.490391,0.488863,True,2.456,True,0.507240,0.509592
17.205,True,2.677,True,0.490391,0.488863,True,2.456,True,0.507240,0.509592
17.216,True,2.677,True,0.490391,0.488863,True,2.456,True,0.507056,0.509696
17.227,True,2.677,True,0.490529,0.488931,True,2.456,True,0.507056,0.509696
17.238,True,2.677,True,0.490529,0.488931,True,2.456,True,0.507056,0.509696
17.249,True,2.677,True,0.490529,0.488931,True,2.456,True,0.507019,0.509585
17.260,True,2.677,True,0.490673,0.489001,True,2.456,True,0.507019,0.509585
17.271,True,2.677,True,0.490673,0.489001,True,2.456,True,0.507019,0.509585
17.282,True,2.677,True,0.490673,0.489001,True,2.456,True,0.507024,0.509759
17.293,True,2.677,True,0.490602,0.489199,True,2.456,True,0.507024,0.509759
17.305,True,2.677,True,0.490602,0.489199,True,2.456,True,0.507024,0.509759
17.316,True,2.677,True,0.490602,0.489199,True,2.456,True,0.507064,0.509707
17.327,True,2.677,True,0.490602,0.489199,True,2.456,True,0.507064,0.509707
17.338,True,2.677,True,0.490442,0.489311,True,2.456,True,0.507064,0.509707
17.349,True,2.677,True,0.490442,0.489311,True,2.456,True,0.507114,0.509690
17.360,True,2.677,True,0.490460,0.489141,True,2.456,True,0.507114,0.509690
17.371,True,2.677,True,0.490460,0.489141,True,2.456,True,0.507114,0.509690
17.383,True,2.677,True,0.490460,0.489141,True,2.456,True,0.507080,0.509836
17.393,True,2.677,True,0.490460,0.489141,True,2.456,True,0.507080,0.509836
17.404,True,2.677,True,0.490494,0.489261,True,2.456,True,0.507080,0.509836
17.416,True,2.677,True,0.490494,0.489261,True,2.456,True,0.507153,0.509855
17.427,True,2.677,True,0.490494,0.489261,True,2.456,True,0.507153,0.509855
17.438,True,2.677,True,0.490791,0.489535,True,2.456,True,0.507153,0.509855
17.449,True,2.677,True,0.490791,0.489535,True,2.456,True,0.508224,0.509687
17.460,True,2.677,True,0.490791,0.489535,True,2.456,True,0.508224,0.509687
17.471,True,2.677,True,0.492231,0.490022,True,2.456,True,0.508224,0.509687
17.482,True,2.677,True,0.492231,0.490022,True,2.456,True,0.508694,0.509596
17.494,True,2.677,True,0.492302,0.489776,True,2.456,True,0.508694,0.509596
17.505,True,2.677,True,0.492302,0.489776,True,2.456,True,0.508694,0.509596
17.516,True,2.677,True,0.492302,0.489776,True,2.456,True,0.508699,0.509779
17.527,True,2.677,True,0.492302,0.489776,True,2.456,True,0.508699,0.509779
17.538,True,2.677,True,0.492289,0.489830,True,2.456,True,0.508699,0.509779
17.549,True,2.677,True,0.492289,0.489830,True,2.456,True,0.508573,0.509640
17.560,True,2.677,True,0.492289,0.489830,True,2.456,True,0.508573,0.509640
17.571,True,2.677,True,0.492494,0.489822,True,2.456,True,0.508573,0.509640
17.582,True,2.480,True,0.492494,0.489822,True,2.469,True,0.508513,0.509856
17.594,True,2.480,True,0.492494,0.489822,True,2.469,True,0.508513,0.509856
17.605,False,0.000,False,0.000000,0.000000,True,2.469,True,0.508513,0.509856
17.616,False,0.000,False,0.000000,0.000000,True,2.469,True,0.508348,0.509468
17.627,False,0.000,False,0.000000,0.000000,True,2.469,True,0.508348,0.509468
17.638,False,0.000,False,0.000000,0.000000,True,2.469,True,0.508348,0.509468
17.649,False,0.000,False,0.000000,0.000000,True,2.469,True,0.507480,0.509621
17.660,False,0.000,False,0.000000,0.000000,True,2.469,True,0.507480,0.509621
17.671,False,0.000,False,0.000000,0.000000,True,2.469,True,0.507480,0.509621
17.682,False,0.000,False,0.000000,0.000000,True,2.469,True,0.507476,0.509877
17.693,False,0.000,False,0.000000,0.000000,True,2.469,True,0.507476,0.509877
17.704,False,0.000,False,0.000000,0.000000,True,2.469,True,0.507476,0.509877
17.715,False,0.000,False,0.000000,0.000000,True,2.469,True,0.507455,0.509850
17.727,True,2.480,True,0.491245,0.489501,True,2.469,True,0.507455,0.509850
17.738,True,2.480,True,0.491245,0.489501,True,2.469,True,0.507455,0.509850
17.749,True,2.480,True,0.491245,0.489501,True,2.469,True,0.507452,0.509821
17.760,True,2.480,True,0.491151,0.489504,True,2.469,True,0.507452,0.509821
17.771,True,2.480,True,0.491151,0.489504,True,2.469,True,0.507452,0.509821
17.782,True,2.480,True,0.491151,0.489504,True,2.469,True,0.507407,0.509840
17.793,True,2.480,True,0.491207,0.489299,True,2.469,True,0.507407,0.509840
17.804,True,2.480,True,0.491207,0.489299,True,2.469,True,0.507407,0.509840
17.816,True,2.480,True,0.491207,0.489299,True,2.469,True,0.507501,0.509943
17.827,True,2.480,True,0.491207,0.489299,True,2.469,True,0.507501,0.509943
17.838,True,2.480,True,0.491155,0.489610,True,2.469,True,0.507501,0.509943
17.849,True,2.480,True,0.491155,0.489610,True,2.469,True,0.507603,0.509828
17.860,True,2.480,True,0.491155,0.489610,True,2.469,True,0.507603,0.509828
17.871,True,2.480,True,0.491214,0.489521,True,2.469,True,0.507603,0.509828
17.882,True,2.480,True,0.491214,0.489521,True,2.469,True,0.507674,0.509721
17.893,True,2.480,True,0.491214,0.489521,True,2.469,True,0.507674,0.509721
17.904,True,2.480,True,0.491196,0.489551,True,2.469,True,0.507674,0.509721
17.915,True,2.480,True,0.491196,0.489551,True,2.469,True,0.507647,0.509808
17.927,True,2.480,True,0.491196,0.489551,True,2.469,True,0.507647,0.509808
17.938,True,2.480,True,0.491312,0.489715,True,2.469,True,0.507647,0.509808
17.949,True,2.480,True,0.491312,0.489715,True,2.469,True,0.508338,0.509560
17.960,True,2.480,True,0.491312,0.489715,True,2.469,True,0.508338,0.509560
17.971,True,2.480,True,0.492953,0.490134,True,2.469,True,0.508338,0.509560
17.982,True,2.480,True,0.492953,0.490134,True,2.469,True,0.509143,0.509526
17.993,True,2.480,True,0.492953,0.490134,True,2.469,True,0.509143,0.509526
18.004,True,2.480,True,0.493088,0.490231,True,2.469,True,0.509143,0.509526
18.016,True,2.480,True,0.493088,0.490231,True,2.469,True,0.509267,0.509543
18.027,True,2.480,True,0.493088,0.490231,True,2.469,True,0.509267,0.509543
18.038,True,2.480,True,0.492935,0.490299,True,2.469,True,0.509267,0.509543
18.049,True,2.480,True,0.492935,0.490299,True,2.469,True,0.509288,0.509403
18.060,True,2.480,True,0.492935,0.490299,True,2.469,True,0.509288,0.509403
18.071,True,2.746,True,0.492794,0.490246,True,2.469,True,0.509288,0.509403
18.082,True,2.746,True,0.492794,0.490246,True,2.469,True,0.509283,0.509506
18.093,True,2.746,True,0.492794,0.490246,True,2.469,True,0.509283,0.509506
18.104,True,2.746,True,0.493028,0.490157,True,2.469,True,0.509283,0.509506
18.116,True,2.746,True,0.493028,0.490157,True,2.469,True,0.509481,0.509526
18.127,True,2.746,True,0.493028,0.490157,True,2.469,True,0.509481,0.509526
18.138,True,2.746,True,0.493256,0.490078,True,2.469,True,0.509481,0.509526
18.149,True,2.746,True,0.493256,0.490078,True,2.469,True,0.509481,0.509526
18.160,True,2.746,True,0.493256,0.490078,True,2.469,True,0.508411,0.509848
18.171,True,2.746,True,0.489645,0.489060,True,2.469,True,0.508411,0.509848
18.182,True,2.746,True,0.489645,0.489060,True,2.469,True,0.508411,0.509848
18.193,True,2.746,True,0.489645,0.489060,True,2.469,True,0.505530,0.509910
18.204,True,2.746,True,0.489514,0.488956,True,2.469,True,0.505530,0.509910
18.216,True,2.746,True,0.489514,0.488956,True,2.469,True,0.505530,0.509910
18.227,True,2.746,True,0.489514,0.488956,True,2.469,True,0.505742,0.509949
18.238,True,2.746,True,0.489672,0.488994,True,2.469,True,0.505742,0.509949
18.249,True,2.746,True,0.489672,0.488994,True,2.469,True,0.505772,0.509936
18.260,True,2.746,True,0.489672,0.488994,True,2.469,True,0.505772,0.509936
18.271,True,2.746,True,0.489680,0.489007,True,2.469,True,0.505772,0.509936
18.282,True,2.746,True,0.489680,0.489007,True,2.469,True,0.505844,0.509837
18.294,True,2.746,True,0.489680,0.489007,True,2.469,True,0.505844,0.509837
18.305,True,2.746,True,0.489650,0.488933,True,2.469,True,0.505844,0.509837
18.316,True,2.746,True,0.489650,0.488933,True,2.469,True,0.505803,0.510012
18.327,True,2.746,True,0.489650,0.488933,True,2.469,True,0.505803,0.510012
18.338,True,2.746,True,0.489568,0.488792,True,2.469,True,0.505803,0.510012
18.349,True,2.746,True,0.489568,0.488792,True,2.469,True,0.505803,0.510012
18.360,True,2.746,True,0.489568,0.488792,True,2.469,True,0.505822,0.509809
18.371,True,2.746,True,0.489487,0.488571,True,2.469,True,0.505822,0.509809
18.382,True,2.746,True,0.489487,0.488571,True,2.469,True,0.505890,0.509848
18.394,True,2.746,True,0.489487,0.488571,True,2.469,True,0.505890,0.509848
18.405,True,2.746,True,0.489399,0.488650,True,2.469,True,0.505890,0.509848
18.416,True,2.746,True,0.489399,0.488650,True,2.469,True,0.505890,0.509848
18.427,True,2.746,True,0.489399,0.488650,True,2.469,True,0.505800,0.509611
18.438,True,2.746,True,0.489373,0.488515,True,2.469,True,0.505800,0.509611
18.449,True,2.746,True,0.489373,0.488515,True,2.469,True,0.505848,0.509721
18.460,True,2.746,True,0.489373,0.488515,True,2.469,True,0.505848,0.509721
18.471,True,2.746,True,0.489545,0.488484,True,2.469,True,0.505848,0.509721
18.483,True,2.746,True,0.489545,0.488484,True,2.469,True,0.505778,0.509654
18.494,True,2.746,True,0.489545,0.488484,True,2.469,True,0.505778,0.509654
18.505,True,2.746,True,0.489399,0.488658,True,2.469,True,0.505778,0.509654
18.516,True,2.746,True,0.489399,0.488658,True,2.469,True,0.505773,0.509785
18.527,True,2.746,True,0.489399,0.488658,True,2.469,True,0.505773,0.509785
18.538,True,2.746,True,0.489612,0.488685,True,2.469,True,0.505773,0.509785
18.549,True,2.746,True,0.489612,0.488685,True,2.469,True,0.505856,0.509691
18.560,True,2.746,True,0.489612,0.488685,True,2.469,True,0.505856,0.509691
18.571,True,2.746,True,0.489475,0.488543,True,2.469,True,0.505856,0.509691
18.582,True,2.746,True,0.489475,0.488543,True,2.469,True,0.505856,0.509691
18.593,True,2.746,True,0.489475,0.488543,True,2.480,True,0.505726,0.509641
18.604,True,2.746,True,0.489191,0.488736,True,2.480,True,0.505726,0.509641
18.616,True,2.746,True,0.489191,0.488736,True,2.480,True,0.505726,0.509641
18.627,True,2.746,True,0.489191,0.488736,True,2.480,True,0.505505,0.509665
18.638,True,2.746,True,0.489191,0.488736,True,2.480,True,0.505505,0.509665
18.649,True,2.746,True,0.489485,0.488527,True,2.480,True,0.505505,0.509665
18.660,True,2.746,True,0.489485,0.488527,True,2.480,True,0.505616,0.509599
18.671,True,2.746,True,0.489554,0.488718,True,2.480,True,0.505616,0.509599
18.682,True,2.746,True,0.489554,0.488718,True,2.480,True,0.505616,0.509599
18.694,True,2.746,True,0.489554,0.488718,True,2.480,True,0.505601,0.509823
18.705,True,2.746,True,0.489554,0.488718,True,2.480,True,0.505601,0.509823
18.716,True,2.746,True,0.489415,0.488533,True,2.480,True,0.505601,0.509823
18.727,True,2.746,True,0.489415,0.488533,True,2.480,True,0.505643,0.509723
18.738,True,2.746,True,0.489539,0.488338,True,2.480,True,0.505643,0.509723
18.749,True,2.746,True,0.489539,0.488338,True,2.480,True,0.505643,0.509723
18.760,True,2.746,True,0.489539,0.488338,True,2.480,True,0.505562,0.509649
18.771,True,2.746,True,0.489539,0.488338,True,2.480,True,0.505562,0.509649
18.782,True,2.746,True,0.489603,0.488448,True,2.480,True,0.505562,0.509649
18.794,True,2.746,True,0.489603,0.488448,True,2.480,True,0.505728,0.509591
18.804,True,2.746,True,0.489469,0.488358,True,2.480,True,0.505728,0.509591
18.816,True,2.746,True,0.489469,0.488358,True,2.480,True,0.505728,0.509591
18.827,True,2.746,True,0.489469,0.488358,True,2.480,True,0.505602,0.509375
18.838,True,2.746,True,0.489469,0.488358,True,2.480,True,0.505602,0.509375
18.849,True,2.746,True,0.489659,0.488420,True,2.480,True,0.505602,0.509375
18.860,True,2.746,True,0.489659,0.488420,True,2.480,True,0.505414,0.509374
18.871,True,2.746,True,0.489659,0.488420,True,2.480,True,0.505414,0.509374
18.882,True,2.746,True,0.489392,0.488356,True,2.480,True,0.505414,0.509374
18.893,True,2.746,True,0.489392,0.488356,True,2.480,True,0.505414,0.509374
18.904,True,2.746,True,0.489392,0.488356,True,2.480,True,0.505522,0.509510
18.916,True,2.746,True,0.489850,0.488689,True,2.480,True,0.505522,0.509510
18.927,True,2.746,True,0.489850,0.488689,True,2.480,True,0.505522,0.509510
18.938,True,2.746,True,0.489850,0.488689,True,2.480,True,0.506737,0.509346
18.949,True,2.746,True,0.490903,0.488818,True,2.480,True,0.506737,0.509346
18.960,True,2.746,True,0.490903,0.488818,True,2.480,True,0.506737,0.509346
18.971,True,2.746,True,0.490903,0.488818,True,2.480,True,0.506883,0.509234
18.982,True,2.746,True,0.490903,0.488818,True,2.480,True,0.506883,0.509234
18.993,True,2.746,True,0.490966,0.488913,True,2.480,True,0.506883,0.509234
19.004,True,2.746,True,0.490966,0.488913,True,2.480,True,0.506883,0.509234
19.015,True,2.746,True,0.490966,0.488913,True,2.480,True,0.506872,0.509194
19.026,True,2.746,True,0.491328,0.489058,True,2.480,True,0.506872,0.509194
19.038,True,2.746,True,0.491328,0.489058,True,2.480,True,0.506872,0.509194
19.049,True,2.746,True,0.491328,0.489058,True,2.480,True,0.506989,0.509396
19.060,True,2.746,True,0.491331,0.489268,True,2.480,True,0.506989,0.509396
19.071,True,2.746,True,0.491331,0.489268,True,2.480,True,0.506989,0.509396
19.082,True,2.746,True,0.491331,0.489268,True,2.480,True,0.506739,0.508980
19.093,True,2.746,True,0.491331,0.489268,True,2.480,True,0.506739,0.508980
19.104,True,2.746,True,0.491331,0.489268,True,2.480,True,0.506739,0.508980
19.115,True,2.760,True,0.490702,0.489046,True,2.469,True,0.506646,0.509192
19.127,True,2.760,True,0.490883,0.488868,True,2.469,True,0.506646,0.509192
19.138,True,2.760,True,0.490883,0.488868,True,2.469,True,0.506646,0.509192
19.149,True,2.760,True,0.490883,0.488868,True,2.469,True,0.506634,0.509098
19.160,True,2.760,True,0.490733,0.488629,True,2.469,True,0.506634,0.509098
19.171,True,2.760,True,0.490733,0.488629,True,2.469,True,0.506634,0.509098
19.182,True,2.760,True,0.490733,0.488629,True,2.469,True,0.506787,0.508938
19.193,True,2.760,True,0.491037,0.488763,True,2.469,True,0.506787,0.508938
19.204,True,2.760,True,0.491037,0.488763,True,2.469,True,0.506787,0.508938
19.216,True,2.760,True,0.491037,0.488763,True,2.469,True,0.506624,0.509085
19.227,True,2.760,True,0.490866,0.488800,True,2.469,True,0.506624,0.509085
19.238,True,2.760,True,0.490866,0.488800,True,2.469,True,0.506624,0.509085
19.249,True,2.760,True,0.490866,0.488800,True,2.469,True,0.506118,0.509156
19.260,True,2.760,True,0.490866,0.488800,True,2.469,True,0.506118,0.509156
19.271,True,2.760,True,0.489235,0.488485,True,2.469,True,0.506118,0.509156
19.282,True,2.760,True,0.489235,0.488485,True,2.469,True,0.504801,0.509409
19.293,True,2.760,True,0.489072,0.487984,True,2.469,True,0.504801,0.509409
19.304,True,2.760,True,0.489072,0.487984,True,2.469,True,0.504801,0.509409
19.315,True,2.760,True,0.489072,0.487984,True,2.469,True,0.504704,0.509231
19.327,True,2.760,True,0.489056,0.488116,True,2.469,True,0.504704,0.509231
19.338,True,2.760,True,0.489056,0.488116,True,2.469,True,0.504704,0.509231
19.349,True,2.760,True,0.489056,0.488116,True,2.469,True,0.505004,0.509356
19.360,True,2.760,True,0.488952,0.488002,True,2.469,True,0.505004,0.509356
19.371,True,2.760,True,0.488952,0.488002,True,2.469,True,0.505004,0.509356
19.382,True,2.760,True,0.488952,0.488002,True,2.469,True,0.504720,0.509206
19.393,True,2.760,True,0.488952,0.488002,True,2.469,True,0.504720,0.509206
19.404,True,2.760,True,0.488969,0.488109,True,2.469,True,0.504683,0.509259
19.415,True,2.760,True,0.488969,0.488109,True,2.469,True,0.504683,0.509259
19.427,True,2.760,True,0.488898,0.488169,True,2.469,True,0.504683,0.509259
19.438,True,2.760,True,0.488898,0.488169,True,2.469,True,0.504683,0.509259
19.449,True,2.760,True,0.488898,0.488169,True,2.469,True,0.504571,0.509353
19.460,True,2.760,True,0.488898,0.488169,True,2.469,True,0.504571,0.509353
19.471,True,2.760,True,0.490082,0.488479,True,2.469,True,0.504571,0.509353
19.482,True,2.760,True,0.490082,0.488479,True,2.469,True,0.506910,0.509136
19.494,True,2.760,True,0.490082,0.488479,True,2.469,True,0.506910,0.509136
19.505,True,2.760,True,0.490990,0.488598,True,2.469,True,0.506910,0.509136
19.516,True,2.760,True,0.490990,0.488598,True,2.469,True,0.506946,0.509190
19.527,True,2.760,True,0.490990,0.488598,True,2.469,True,0.506946,0.509190
19.538,True,2.760,True,0.491233,0.488851,True,2.469,True,0.506946,0.509190
19.549,True,2.760,True,0.491233,0.488851,True,2.469,True,0.506957,0.509237
19.560,True,2.760,True,0.491195,0.488746,True,2.469,True,0.506957,0.509237
19.571,True,2.760,True,0.491195,0.488746,True,2.469,True,0.506957,0.509237
19.582,True,2.760,True,0.491195,0.488746,True,2.469,True,0.506957,0.509237
19.594,True,2.746,True,0.491312,0.488822,True,2.473,True,0.506907,0.509232
19.605,True,2.746,True,0.491312,0.488822,True,2.473,True,0.506907,0.509232
19.616,True,2.746,True,0.491312,0.488822,True,2.473,True,0.506961,0.509078
19.627,True,2.746,True,0.491027,0.488948,True,2.473,True,0.506961,0.509078
19.638,True,2.746,True,0.491027,0.488948,True,2.473,True,0.506961,0.509078
19.649,True,2.746,True,0.491027,0.488948,True,2.473,True,0.505434,0.509225
19.660,True,2.746,True,0.489234,0.488672,True,2.473,True,0.505434,0.509225
19.671,True,2.746,True,0.489234,0.488672,True,2.473,True,0.505434,0.509225
19.682,True,2.746,True,0.489234,0.488672,True,2.473,True,0.505592,0.509578
19.694,True,2.746,True,0.489378,0.488504,True,2.473,True,0.505592,0.509578
19.705,True,2.746,True,0.489378,0.488504,True,2.473,True,0.505592,0.509578
19.716,True,2.746,True,0.489378,0.488504,True,2.473,True,0.505411,0.509583
19.727,True,2.746,True,0.489383,0.488667,True,2.473,True,0.505411,0.509583
19.738,True,2.746,True,0.489383,0.488667,True,2.473,True,0.505411,0.509583
19.749,True,2.746,True,0.489383,0.488667,True,2.473,True,0.505534,0.509638
19.760,True,2.746,True,0.489365,0.488727,True,2.473,True,0.505534,0.509638
19.771,True,2.746,True,0.489365,0.488727,True,2.473,True,0.505534,0.509638
19.782,True,2.746,True,0.489365,0.488727,True,2.473,True,0.505622,0.509767
19.793,True,2.746,True,0.489406,0.488550,True,2.473,True,0.505622,0.509767
19.804,True,2.746,True,0.489406,0.488550,True,2.473,True,0.505622,0.509767
19.815,True,2.746,True,0.489406,0.488550,True,2.473,True,0.505765,0.509531
19.827,True,2.746,True,0.489406,0.488550,True,2.473,True,0.505765,0.509531
19.838,True,2.746,True,0.489510,0.488595,True,2.473,True,0.505765,0.509531
19.849,True,2.746,True,0.489510,0.488595,True,2.473,True,0.505686,0.509666
19.860,True,2.746,True,0.489510,0.488595,True,2.473,True,0.505686,0.509666
19.871,True,2.656,True,0.489611,0.488579,True,2.469,True,0.505686,0.509666
19.882,True,2.656,True,0.489611,0.488579,True,2.469,True,0.505612,0.509680
19.893,True,2.656,True,0.489726,0.488443,True,2.469,True,0.505612,0.509680
19.904,True,2.656,True,0.489726,0.488443,True,2.469,True,0.505612,0.509680
19.916,True,2.656,True,0.489726,0.488443,True,2.469,True,0.505542,0.509560
19.927,True,2.656,True,0.489726,0.488443,True,2.469,True,0.505542,0.509560
19.938,True,2.656,True,0.489578,0.488507,True,2.469,True,0.505542,0.509560
19.949,True,2.656,True,0.489578,0.488507,True,2.469,True,0.505603,0.509796
19.960,True,2.656,True,0.489578,0.488507,True,2.469,True,0.505603,0.509796
19.971,True,2.656,True,0.489528,0.488741,True,2.469,True,0.505603,0.509796
19.982,True,2.656,True,0.489528,0.488741,True,2.469,True,0.507007,0.509224
19.994,True,2.656,True,0.489528,0.488741,True,2.469,True,0.507007,0.509224
20.005,True,2.656,True,0.491206,0.489086,True,2.469,True,0.507007,0.509224
20.016,True,2.656,True,0.491206,0.489086,True,2.469,True,0.507198,0.509185
20.027,True,2.656,True,0.491206,0.489086,True,2.469,True,0.507198,0.509185
20.038,True,2.656,True,0.491706,0.489349,True,2.469,True,0.507198,0.509185
20.049,True,2.656,True,0.491706,0.489349,True,2.469,True,0.507309,0.509095
20.060,True,2.656,True,0.491706,0.489349,True,2.469,True,0.507309,0.509095
20.071,True,2.656,True,0.491629,0.489279,True,2.469,True,0.507309,0.509095
20.082,True,2.656,True,0.491629,0.489279,True,2.469,True,0.507185,0.509011
20.094,True,2.656,True,0.491629,0.489279,True,2.469,True,0.507185,0.509011
20.105,True,2.656,True,0.491530,0.489027,True,2.469,True,0.507185,0.509011
20.116,True,2.656,True,0.491530,0.489027,True,2.469,True,0.506813,0.509171
20.127,True,2.656,True,0.491530,0.489027,True,2.469,True,0.506813,0.509171
20.138,True,2.656,True,0.491315,0.489284,True,2.469,True,0.506813,0.509171
20.149,True,2.656,True,0.491315,0.489284,True,2.469,True,0.506989,0.508995
20.160,True,2.656,True,0.491315,0.489284,True,2.469,True,0.506989,0.508995
20.171,True,2.656,True,0.491420,0.489380,True,2.469,True,0.506989,0.508995
20.182,True,2.656,True,0.491420,0.489380,True,2.469,True,0.507089,0.509056
20.193,True,2.656,True,0.491420,0.489380,True,2.469,True,0.507089,0.509056
20.204,True,2.656,True,0.491415,0.489094,True,2.469,True,0.507089,0.509056
20.216,True,2.656,True,0.491415,0.489094,True,2.469,True,0.506919,0.509000
20.227,True,2.656,True,0.491415,0.489094,True,2.469,True,0.506919,0.509000
20.238,True,2.656,True,0.491267,0.489008,True,2.469,True,0.506919,0.509000
20.249,True,2.656,True,0.491267,0.489008,True,2.469,True,0.506919,0.509000
20.260,True,2.656,True,0.491267,0.489008,True,2.469,True,0.507102,0.509186
20.271,True,2.656,True,0.491221,0.489335,True,2.469,True,0.507102,0.509186
20.282,True,2.656,True,0.491221,0.489335,True,2.469,True,0.507102,0.509186
20.293,True,2.656,True,0.491221,0.489335,True,2.469,True,0.507137,0.508993
20.304,True,2.656,True,0.491249,0.489201,True,2.469,True,0.507137,0.508993
20.316,True,2.656,True,0.491249,0.489201,True,2.469,True,0.507138,0.509234
20.327,True,2.656,True,0.491249,0.489201,True,2.469,True,0.507138,0.509234
20.338,True,2.656,True,0.491355,0.489189,True,2.469,True,0.507138,0.509234
20.349,True,2.656,True,0.491355,0.489189,True,2.469,True,0.507138,0.509234
20.360,True,2.746,True,0.491355,0.489189,True,2.537,True,0.507016,0.509171
20.371,True,2.746,True,0.491320,0.489158,True,2.537,True,0.507016,0.509171
20.382,True,2.746,True,0.491320,0.489158,True,2.537,True,0.506950,0.509164
20.393,True,2.746,True,0.491320,0.489158,True,2.537,True,0.506950,0.509164
20.404,True,2.746,True,0.491180,0.488898,True,2.537,True,0.506950,0.509164
20.416,True,2.746,True,0.491180,0.488898,True,2.537,True,0.506950,0.509164
20.427,True,2.746,True,0.491180,0.488898,True,2.537,True,0.506698,0.509068
20.438,True,2.746,True,0.490802,0.488617,True,2.537,True,0.506698,0.509068
20.453,True,2.746,True,0.490802,0.488617,True,2.537,True,0.506748,0.509043
20.464,True,2.746,True,0.490802,0.488617,True,2.537,True,0.506748,0.509043
20.475,True,2.746,True,0.490562,0.488565,True,2.537,True,0.506748,0.509043
20.486,True,2.746,True,0.490562,0.488565,True,2.537,True,0.506748,0.509043
20.497,True,2.746,True,0.490562,0.488565,True,2.537,True,0.506577,0.509335
20.509,True,2.746,True,0.490765,0.488687,True,2.537,True,0.506577,0.509335
20.520,True,2.746,True,0.490765,0.488687,True,2.537,True,0.506702,0.509347
20.531,True,2.746,True,0.490765,0.488687,True,2.537,True,0.506702,0.509347
20.542,True,2.746,True,0.490659,0.488571,True,2.537,True,0.506702,0.509347
20.553,True,2.746,True,0.490659,0.488571,True,2.537,True,0.506702,0.509347
20.564,True,2.746,True,0.490659,0.488571,True,2.537,True,0.506559,0.509415
20.575,True,2.746,True,0.490373,0.488878,True,2.537,True,0.506559,0.509415
20.587,True,2.746,True,0.490373,0.488878,True,2.537,True,0.506559,0.509415
20.598,True,2.746,True,0.490373,0.488878,True,2.537,True,0.506515,0.509291
20.609,True,2.746,True,0.490209,0.488681,True,2.537,True,0.506515,0.509291
20.620,True,2.746,True,0.490209,0.488681,True,2.537,True,0.506503,0.509338
20.631,True,2.746,True,0.490209,0.488681,True,2.537,True,0.506503,0.509338
20.642,True,2.746,True,0.490493,0.488535,True,2.537,True,0.506503,0.509338
20.653,True,2.746,True,0.490493,0.488535,True,2.537,True,0.506503,0.509338
20.664,True,2.746,True,0.490493,0.488535,True,2.537,True,0.506669,0.509432
20.675,True,2.746,True,0.490452,0.488785,True,2.537,True,0.506669,0.509432
20.687,True,2.746,True,0.490452,0.488785,True,2.537,True,0.506671,0.509517
20.698,True,2.746,True,0.490452,0.488785,True,2.537,True,0.506671,0.509517
20.709,True,2.746,True,0.490604,0.488830,True,2.537,True,0.506671,0.509517
20.720,True,2.746,True,0.490604,0.488830,True,2.537,True,0.506603,0.509446
20.731,True,2.746,True,0.490604,0.488830,True,2.537,True,0.506603,0.509446
20.742,True,2.746,True,0.490750,0.488797,True,2.537,True,0.506603,0.509446
20.753,True,2.746,True,0.490750,0.488797,True,2.537,True,0.506603,0.509446
20.764,True,2.746,True,0.490750,0.488797,True,2.537,True,0.506687,0.509419
20.775,True,2.746,True,0.490757,0.488728,True,2.537,True,0.506687,0.509419
20.787,True,2.746,True,0.490757,0.488728,True,2.537,True,0.506576,0.509276
20.798,True,2.746,True,0.490757,0.488728,True,2.537,True,0.506576,0.509276
20.809,True,2.746,True,0.490713,0.488630,True,2.537,True,0.506576,0.509276
20.820,True,2.746,True,0.490713,0.488630,True,2.537,True,0.506845,0.509262
20.831,True,2.746,True,0.490985,0.488631,True,2.537,True,0.506845,0.509262
20.842,True,2.746,True,0.490985,0.488631,True,2.537,True,0.506845,0.509262
20.853,True,2.746,True,0.490985,0.488631,True,2.537,True,0.506845,0.509262
20.864,True,2.746,True,0.490985,0.488631,True,2.537,True,0.506861,0.509361
20.875,True,2.746,True,0.490985,0.488631,True,2.537,True,0.506861,0.509361
20.892,True,2.671,True,0.491045,0.488509,True,2.537,True,0.506811,0.509421
20.903,True,2.671,True,0.491045,0.488509,True,2.537,True,0.506811,0.509421
20.915,True,2.671,True,0.491038,0.488581,True,2.537,True,0.506811,0.509421
20.925,True,2.671,True,0.491038,0.488581,True,2.537,True,0.506665,0.509487
20.936,True,2.671,True,0.491038,0.488581,True,2.537,True,0.506665,0.509487
20.948,True,2.671,True,0.490739,0.488531,True,2.537,True,0.506665,0.509487
20.959,True,2.671,True,0.490739,0.488531,True,2.537,True,0.506662,0.509335
20.970,True,2.671,True,0.490739,0.488531,True,2.537,True,0.506662,0.509335
20.981,True,2.671,True,0.490802,0.488800,True,2.537,True,0.506662,0.509335
20.992,True,2.671,True,0.490802,0.488800,True,2.537,True,0.506839,0.509463
21.003,True,2.671,True,0.490802,0.488800,True,2.537,True,0.506839,0.509463
21.014,True,2.671,True,0.490937,0.488668,True,2.537,True,0.506839,0.509463
21.026,True,2.671,True,0.490937,0.488668,True,2.537,True,0.506914,0.509273
21.037,True,2.671,True,0.490937,0.488668,True,2.537,True,0.506914,0.509273
21.048,True,2.671,True,0.490624,0.488362,True,2.537,True,0.506914,0.509273
21.059,True,2.671,True,0.490624,0.488362,True,2.537,True,0.506875,0.509181
21.070,True,2.671,True,0.490624,0.488362,True,2.537,True,0.506875,0.509181
21.081,True,2.671,True,0.490853,0.488610,True,2.537,True,0.506875,0.509181
21.092,True,2.671,True,0.490853,0.488610,True,2.537,True,0.506863,0.509281
21.103,True,2.671,True,0.490853,0.488610,True,2.537,True,0.506863,0.509281
21.115,True,2.671,True,0.490721,0.488377,True,2.537,True,0.506863,0.509281
21.126,True,2.671,True,0.490721,0.488377,True,2.537,True,0.506747,0.509385
21.137,True,2.671,True,0.490721,0.488377,True,2.537,True,0.506747,0.509385
21.148,True,2.671,True,0.490876,0.488639,True,2.537,True,0.506747,0.509385
21.159,True,2.671,True,0.490876,0.488639,True,2.537,True,0.507014,0.509278
21.170,True,2.671,True,0.490876,0.488639,True,2.537,True,0.507014,0.509278
21.181,True,2.671,True,0.490341,0.488542,True,2.537,True,0.507014,0.509278
21.192,True,2.671,True,0.490341,0.488542,True,2.537,True,0.506843,0.509245
21.203,True,2.671,True,0.490341,0.488542,True,2.537,True,0.506843,0.509245
21.214,True,2.671,True,0.490715,0.488455,True,2.537,True,0.506843,0.509245
21.225,True,2.671,True,0.490715,0.488455,True,2.537,True,0.506806,0.509316
21.236,True,2.671,True,0.489337,0.488113,True,2.537,True,0.506806,0.509316
21.248,True,2.671,True,0.489337,0.488113,True,2.537,True,0.506806,0.509316
21.259,True,2.671,True,0.489337,0.488113,True,2.537,True,0.505098,0.509584
21.270,True,2.671,True,0.489337,0.488113,True,2.537,True,0.505098,0.509584
21.281,True,2.671,True,0.488902,0.487960,True,2.537,True,0.505098,0.509584
21.292,True,2.671,True,0.488902,0.487960,True,2.537,True,0.504708,0.509797
21.303,True,2.671,True,0.488902,0.487960,True,2.537,True,0.504708,0.509797
21.314,True,2.671,True,0.488820,0.488110,True,2.537,True,0.504708,0.509797
21.325,True,2.671,True,0.488820,0.488110,True,2.537,True,0.504885,0.509775
21.337,True,2.671,True,0.488820,0.488110,True,2.537,True,0.504885,0.509775
21.348,True,2.671,True,0.488558,0.488017,True,2.537,True,0.504885,0.509775
21.359,True,2.671,True,0.488558,0.488017,True,2.537,True,0.504885,0.509775
21.370,True,2.671,True,0.488558,0.488017,True,2.618,True,0.504807,0.509685
21.381,True,2.671,True,0.488690,0.487947,True,2.618,True,0.504807,0.509685
21.392,True,2.671,True,0.488690,0.487947,True,2.618,True,0.504799,0.509692
21.403,True,2.671,True,0.488690,0.487947,True,2.618,True,0.504799,0.509692
21.414,True,2.671,True,0.488711,0.487990,True,2.618,True,0.504799,0.509692
21.425,True,2.671,True,0.488711,0.487990,True,2.618,True,0.504799,0.509692
21.437,True,2.671,True,0.488711,0.487990,True,2.618,True,0.504762,0.509508
21.448,True,2.671,True,0.488985,0.487885,True,2.618,True,0.504762,0.509508
21.459,True,2.671,True,0.488985,0.487885,True,2.618,True,0.504762,0.509508
21.470,True,2.671,True,0.488985,0.487885,True,2.618,True,0.504912,0.509490
21.481,True,2.671,True,0.488658,0.488234,True,2.618,True,0.504912,0.509490
21.492,True,2.671,True,0.488658,0.488234,True,2.618,True,0.504912,0.509490
21.503,True,2.671,True,0.488658,0.488234,True,2.618,True,0.504803,0.509444
21.514,True,2.671,True,0.488942,0.487962,True,2.618,True,0.504803,0.509444
21.525,True,2.671,True,0.488942,0.487962,True,2.618,True,0.504803,0.509444
21.536,True,2.671,True,0.488942,0.487962,True,2.618,True,0.504727,0.509391
21.548,True,2.671,True,0.488755,0.487717,True,2.618,True,0.504727,0.509391
21.559,True,2.671,True,0.488755,0.487717,True,2.618,True,0.504727,0.509391
21.570,True,2.671,True,0.488755,0.487717,True,2.618,True,0.505025,0.509458
21.581,True,2.671,True,0.488643,0.487833,True,2.618,True,0.505025,0.509458
21.592,True,2.671,True,0.488643,0.487833,True,2.618,True,0.505025,0.509458
21.603,True,2.671,True,0.488643,0.487833,True,2.618,True,0.505002,0.509301
21.614,True,2.671,True,0.488803,0.487872,True,2.618,True,0.505002,0.509301
21.625,True,2.671,True,0.488803,0.487872,True,2.618,True,0.505002,0.509301
21.636,True,2.671,True,0.488803,0.487872,True,2.618,True,0.504851,0.509368
21.647,True,2.671,True,0.488625,0.487855,True,2.618,True,0.504851,0.509368
21.659,True,2.671,True,0.488625,0.487855,True,2.618,True,0.504851,0.509368
21.673,True,2.671,True,0.488625,0.487855,True,2.618,True,0.504673,0.509374
21.692,True,2.671,True,0.488978,0.487735,True,2.618,True,0.504673,0.509374
21.703,True,2.671,True,0.488978,0.487735,True,2.618,True,0.504582,0.509332
21.714,True,2.671,True,0.488660,0.487648,True,2.618,True,0.504582,0.509332
21.726,True,2.671,True,0.488660,0.487648,True,2.618,True,0.504582,0.509332
21.737,True,2.671,True,0.488660,0.487648,True,2.618,True,0.504959,0.509387
21.748,True,2.671,True,0.490447,0.488129,True,2.618,True,0.504959,0.509387
21.759,True,2.671,True,0.490447,0.488129,True,2.618,True,0.506731,0.509271
21.770,True,2.671,True,0.490447,0.488129,True,2.618,True,0.506731,0.509271
21.781,True,2.671,True,0.490952,0.488400,True,2.618,True,0.506731,0.509271
21.792,True,2.671,True,0.490952,0.488400,True,2.618,True,0.507026,0.509176
21.803,True,2.671,True,0.490952,0.488400,True,2.618,True,0.507026,0.509176
21.815,True,2.671,True,0.490377,0.488401,True,2.618,True,0.507026,0.509176
21.826,True,2.671,True,0.490377,0.488401,True,2.618,True,0.507026,0.509176
21.837,True,2.671,True,0.490377,0.488401,True,2.618,True,0.506950,0.509383
21.848,True,2.671,True,0.490758,0.488237,True,2.618,True,0.506950,0.509383
21.859,True,2.671,True,0.490758,0.488237,True,2.618,True,0.506950,0.509383
21.870,True,2.671,True,0.490758,0.488237,True,2.618,True,0.506886,0.508969
21.881,True,2.671,True,0.490758,0.488237,True,2.618,True,0.506886,0.508969
21.892,True,2.719,True,0.490792,0.488578,True,2.537,True,0.506886,0.508969
21.903,True,2.719,True,0.490792,0.488578,True,2.537,True,0.506889,0.509399
21.914,True,2.719,True,0.490356,0.488419,True,2.537,True,0.506889,0.509399
21.926,True,2.719,True,0.490356,0.488419,True,2.537,True,0.506889,0.509399
21.937,True,2.719,True,0.490356,0.488419,True,2.537,True,0.506791,0.509242
21.948,True,2.719,True,0.490356,0.488419,True,2.537,True,0.506791,0.509242
21.959,True,2.719,True,0.490487,0.488603,True,2.537,True,0.506791,0.509242
21.970,True,2.719,True,0.490487,0.488603,True,2.537,True,0.506994,0.509406
21.981,True,2.719,True,0.490758,0.488547,True,2.537,True,0.506994,0.509406
21.992,True,2.719,True,0.490758,0.488547,True,2.537,True,0.506994,0.509406
22.003,True,2.719,True,0.490758,0.488547,True,2.537,True,0.506961,0.509448
22.014,True,2.719,True,0.490497,0.488636,True,2.537,True,0.506961,0.509448
22.026,True,2.719,True,0.490497,0.488636,True,2.537,True,0.506961,0.509448
22.037,True,2.719,True,0.490497,0.488636,True,2.537,True,0.507120,0.509535
22.048,True,2.719,True,0.490740,0.488639,True,2.537,True,0.507120,0.509535
22.059,True,2.719,True,0.490740,0.488639,True,2.537,True,0.507120,0.509535
22.070,True,2.719,True,0.490740,0.488639,True,2.537,True,0.506806,0.509489
22.081,True,2.719,True,0.490856,0.488902,True,2.537,True,0.506806,0.509489
22.092,True,2.719,True,0.490856,0.488902,True,2.537,True,0.506806,0.509489
22.103,True,2.719,True,0.490856,0.488902,True,2.537,True,0.505681,0.509418
22.114,True,2.719,True,0.489368,0.488104,True,2.537,True,0.505681,0.509418
22.125,True,2.719,True,0.489368,0.488104,True,2.537,True,0.505681,0.509418
22.137,True,2.719,True,0.489368,0.488104,True,2.537,True,0.505345,0.509681
22.148,True,2.719,True,0.489539,0.488187,True,2.537,True,0.505345,0.509681
22.159,True,2.719,True,0.489539,0.488187,True,2.537,True,0.505345,0.509681
22.170,True,2.719,True,0.489539,0.488187,True,2.537,True,0.505143,0.509634
22.181,True,2.719,True,0.489215,0.487967,True,2.537,True,0.505143,0.509634
22.192,True,2.719,True,0.489215,0.487967,True,2.537,True,0.505143,0.509634
22.203,True,2.719,True,0.489215,0.487967,True,2.537,True,0.505255,0.509506
22.214,True,2.719,True,0.489215,0.487967,True,2.537,True,0.505255,0.509506
22.226,True,2.719,True,0.489412,0.488134,True,2.537,True,0.505255,0.509506
22.237,True,2.719,True,0.489412,0.488134,True,2.537,True,0.505358,0.509534
22.248,True,2.719,True,0.489778,0.488065,True,2.537,True,0.505358,0.509534
22.259,True,2.719,True,0.489778,0.488065,True,2.537,True,0.505358,0.509534
22.270,True,2.719,True,0.489778,0.488065,True,2.537,True,0.505404,0.509666
22.281,True,2.719,True,0.489543,0.488230,True,2.537,True,0.505404,0.509666
22.293,True,2.719,True,0.489543,0.488230,True,2.537,True,0.505404,0.509666
22.303,True,2.719,True,0.489543,0.488230,True,2.537,True,0.505440,0.509411
22.314,True,2.719,True,0.489101,0.487929,True,2.537,True,0.505440,0.509411
22.325,True,2.719,True,0.489101,0.487929,True,2.537,True,0.505440,0.509411
22.336,True,2.719,True,0.489101,0.487929,True,2.537,True,0.505581,0.509547
22.348,True,2.719,True,0.489101,0.487929,True,2.537,True,0.505581,0.509547
22.359,True,2.719,True,0.489364,0.488176,True,2.537,True,0.505581,0.509547
22.370,True,2.671,True,0.489364,0.488176,True,2.618,True,0.505576,0.509382
22.381,True,2.671,True,0.489364,0.488176,True,2.618,True,0.505576,0.509382
22.392,True,2.671,True,0.489357,0.487984,True,2.618,True,0.505576,0.509382
22.403,True,2.671,True,0.489357,0.487984,True,2.618,True,0.505292,0.509351
22.414,True,2.671,True,0.489357,0.487984,True,2.618,True,0.505292,0.509351
22.425,True,2.671,True,0.489489,0.487976,True,2.618,True,0.505292,0.509351
22.436,True,2.671,True,0.489489,0.487976,True,2.618,True,0.505292,0.509351
22.448,True,2.671,True,0.489489,0.487976,True,2.618,True,0.505553,0.509425
22.459,True,2.671,True,0.489325,0.488313,True,2.618,True,0.505553,0.509425
22.470,True,2.671,True,0.489325,0.488313,True,2.618,True,0.505364,0.509336
22.481,True,2.671,True,0.489325,0.488313,True,2.618,True,0.505364,0.509336
22.492,True,2.671,True,0.489315,0.488027,True,2.618,True,0.505364,0.509336
22.503,True,2.671,True,0.489315,0.488027,True,2.618,True,0.505241,0.509187
22.514,True,2.671,True,0.489315,0.488027,True,2.618,True,0.505241,0.509187
22.525,True,2.671,True,0.489268,0.487979,True,2.618,True,0.505241,0.509187
22.537,True,2.671,True,0.489268,0.487979,True,2.618,True,0.505268,0.509453
22.548,True,2.671,True,0.489268,0.487979,True,2.618,True,0.505268,0.509453
22.559,True,2.671,True,0.489480,0.487855,True,2.618,True,0.505268,0.509453
22.570,True,2.671,True,0.489480,0.487855,True,2.618,True,0.505152,0.509287
22.581,True,2.671,True,0.489318,0.488046,True,2.618,True,0.505152,0.509287
22.592,True,2.671,True,0.489318,0.488046,True,2.618,True,0.505152,0.509287
22.603,True,2.671,True,0.489318,0.488046,True,2.618,True,0.505038,0.509534
22.614,True,2.671,True,0.489318,0.488046,True,2.618,True,0.505038,0.509534
22.625,True,2.671,True,0.489318,0.488046,True,2.618,True,0.505038,0.509534
22.636,True,2.671,True,0.489289,0.487867,True,2.618,True,0.504956,0.509433
22.648,True,2.671,True,0.489289,0.487867,True,2.618,True,0.504956,0.509433
22.659,True,2.671,True,0.489184,0.488009,True,2.618,True,0.504956,0.509433
22.670,True,2.671,True,0.489184,0.488009,True,2.618,True,0.504956,0.509433
22.681,True,2.671,True,0.489184,0.488009,True,2.618,True,0.505207,0.509602
22.692,True,2.671,True,0.489209,0.488078,True,2.618,True,0.505207,0.509602
22.703,True,2.671,True,0.489209,0.488078,True,2.618,True,0.505207,0.509602
22.714,True,2.671,True,0.489209,0.488078,True,2.618,True,0.505206,0.509520
22.725,True,2.671,True,0.489280,0.487987,True,2.618,True,0.505206,0.509520
22.737,True,2.671,True,0.489280,0.487987,True,2.618,True,0.505293,0.509415
22.748,True,2.671,True,0.489280,0.487987,True,2.618,True,0.505293,0.509415
22.759,True,2.671,True,0.489301,0.488142,True,2.618,True,0.505293,0.509415
22.770,True,2.671,True,0.489301,0.488142,True,2.618,True,0.505065,0.509260
22.781,True,2.671,True,0.489301,0.488142,True,2.618,True,0.505065,0.509260
22.792,True,2.671,True,0.489606,0.488184,True,2.618,True,0.505065,0.509260
22.803,True,2.671,True,0.489606,0.488184,True,2.618,True,0.505065,0.509260
22.814,True,2.671,True,0.489606,0.488184,True,2.618,True,0.504933,0.509448
22.825,True,2.671,True,0.489315,0.488218,True,2.618,True,0.504933,0.509448
22.836,True,2.671,True,0.489315,0.488218,True,2.618,True,0.504933,0.509448
22.848,True,2.671,True,0.489315,0.488218,True,2.618,True,0.505067,0.509522
22.859,True,2.671,True,0.489399,0.487965,True,2.618,True,0.505067,0.509522
22.870,True,2.671,True,0.489399,0.487965,True,2.618,True,0.505067,0.509522
22.881,True,2.671,True,0.489399,0.487965,True,2.618,True,0.505030,0.509387
22.892,True,2.671,True,0.489399,0.487965,True,2.618,True,0.505030,0.509387
22.908,True,2.672,True,0.489268,0.488245,True,2.618,True,0.504968,0.509620
22.919,True,2.672,True,0.489268,0.488245,True,2.618,True,0.504968,0.509620
22.930,True,2.672,True,0.489427,0.487905,True,2.618,True,0.504968,0.509620
22.941,True,2.672,True,0.489427,0.487905,True,2.618,True,0.504984,0.509478
22.952,True,2.672,True,0.489265,0.488063,True,2.618,True,0.504984,0.509478
22.963,True,2.672,True,0.489265,0.488063,True,2.618,True,0.504984,0.509478
22.974,True,2.672,True,0.489265,0.488063,True,2.618,True,0.504733,0.509551
22.985,True,2.672,True,0.489265,0.488063,True,2.618,True,0.504733,0.509551
22.996,True,2.672,True,0.489226,0.488072,True,2.618,True,0.504733,0.509551
23.008,True,2.672,True,0.489226,0.488072,True,2.618,True,0.505089,0.509205
23.019,True,2.672,True,0.489226,0.488072,True,2.618,True,0.505089,0.509205
23.030,True,2.672,True,0.489288,0.487977,True,2.618,True,0.505089,0.509205
23.041,True,2.672,True,0.489288,0.487977,True,2.618,True,0.504981,0.509255
23.052,True,2.672,True,0.489288,0.487977,True,2.618,True,0.504981,0.509255
23.063,True,2.672,True,0.489053,0.488030,True,2.618,True,0.504981,0.509255
23.074,True,2.672,True,0.489053,0.488030,True,2.618,True,0.504981,0.509255
23.085,True,2.672,True,0.489053,0.488030,True,2.618,True,0.505081,0.509254
23.096,True,2.672,True,0.489113,0.487964,True,2.618,True,0.505081,0.509254
23.108,True,2.672,True,0.489113,0.487964,True,2.618,True,0.505081,0.509254
23.119,True,2.672,True,0.489113,0.487964,True,2.618,True,0.505010,0.509180
23.130,True,2.672,True,0.489113,0.487964,True,2.618,True,0.505010,0.509180
23.141,True,2.672,True,0.489204,0.488095,True,2.618,True,0.505010,0.509180
23.152,True,2.672,True,0.489204,0.488095,True,2.618,True,0.504890,0.509112
23.163,True,2.672,True,0.489086,0.487914,True,2.618,True,0.504890,0.509112
23.174,True,2.672,True,0.489086,0.487914,True,2.618,True,0.504871,0.509160
23.185,True,2.672,True,0.489086,0.487914,True,2.618,True,0.504871,0.509160
23.196,True,2.672,True,0.488900,0.487829,True,2.618,True,0.504871,0.509160
23.208,True,2.672,True,0.488900,0.487829,True,2.618,True,0.504871,0.509160
23.219,True,2.672,True,0.488900,0.487829,True,2.618,True,0.505038,0.508998
23.230,True,2.672,True,0.488968,0.487774,True,2.618,True,0.505038,0.508998
23.241,True,2.672,True,0.488968,0.487774,True,2.618,True,0.504613,0.509073
23.252,True,2.672,True,0.488968,0.487774,True,2.618,True,0.504613,0.509073
23.263,True,2.672,True,0.489012,0.487885,True,2.618,True,0.504613,0.509073
23.274,True,2.672,True,0.489012,0.487885,True,2.618,True,0.504735,0.508920
23.285,True,2.672,True,0.489012,0.487885,True,2.618,True,0.504735,0.508920
23.296,True,2.672,True,0.489495,0.487938,True,2.618,True,0.504735,0.508920
23.308,True,2.672,True,0.489495,0.487938,True,2.618,True,0.504775,0.509020
23.319,True,2.672,True,0.489495,0.487938,True,2.618,True,0.504775,0.509020
23.330,True,2.672,True,0.489075,0.488063,True,2.618,True,0.504775,0.509020
23.341,True,2.672,True,0.489075,0.488063,True,2.618,True,0.505822,0.508814
23.352,True,2.672,True,0.489075,0.488063,True,2.618,True,0.505822,0.508814
23.363,True,2.672,True,0.491255,0.488252,True,2.618,True,0.505822,0.508814
23.374,True,2.672,True,0.491255,0.488252,True,2.618,True,0.505822,0.508814
23.385,True,2.672,True,0.491255,0.488252,True,2.656,True,0.506831,0.508548
23.396,True,2.672,True,0.491296,0.488376,True,2.656,True,0.506831,0.508548
23.407,True,2.672,True,0.491296,0.488376,True,2.656,True,0.506829,0.508603
23.419,True,2.672,True,0.491296,0.488376,True,2.656,True,0.506829,0.508603
23.430,True,2.672,True,0.491091,0.488237,True,2.656,True,0.506829,0.508603
23.441,True,2.672,True,0.491091,0.488237,True,2.656,True,0.506612,0.508558
23.452,True,2.672,True,0.491091,0.488237,True,2.656,True,0.506612,0.508558
23.463,True,2.672,True,0.491091,0.488237,True,2.656,True,0.506612,0.508558
23.474,True,2.672,True,0.490965,0.488179,True,2.656,True,0.506880,0.508888
23.485,True,2.672,True,0.490965,0.488179,True,2.656,True,0.506880,0.508888
23.496,True,2.672,True,0.490138,0.488290,True,2.656,True,0.506880,0.508888
23.507,True,2.672,True,0.490138,0.488290,True,2.656,True,0.504644,0.509024
23.518,True,2.672,True,0.490138,0.488290,True,2.656,True,0.504644,0.509024
23.530,True,2.672,True,0.489083,0.487869,True,2.656,True,0.504644,0.509024
23.541,True,2.672,True,0.489083,0.487869,True,2.656,True,0.504644,0.509024
23.552,True,2.672,True,0.489083,0.487869,True,2.656,True,0.504848,0.509109
23.563,True,2.672,True,0.488701,0.487563,True,2.656,True,0.504848,0.509109
23.574,True,2.672,True,0.488701,0.487563,True,2.656,True,0.504848,0.509109
23.585,True,2.672,True,0.488701,0.487563,True,2.656,True,0.504906,0.509081
23.596,True,2.672,True,0.488701,0.487563,True,2.656,True,0.504906,0.509081
23.607,True,2.672,True,0.488898,0.487651,True,2.656,True,0.504906,0.509081
23.618,True,2.672,True,0.488898,0.487651,True,2.656,True,0.504957,0.509001
23.630,True,2.672,True,0.488960,0.487980,True,2.656,True,0.504957,0.509001
23.641,True,2.672,True,0.488960,0.487980,True,2.656,True,0.504957,0.509001
23.652,True,2.672,True,0.488960,0.487980,True,2.656,True,0.504941,0.509025
23.663,True,2.672,True,0.489009,0.487803,True,2.656,True,0.504941,0.509025
23.674,True,2.672,True,0.489009,0.487803,True,2.656,True,0.504941,0.509025
23.685,True,2.672,True,0.489009,0.487803,True,2.656,True,0.504722,0.509080
23.696,True,2.672,True,0.489009,0.487803,True,2.656,True,0.504722,0.509080
23.707,True,2.672,True,0.488715,0.487805,True,2.656,True,0.504722,0.509080
23.718,True,2.672,True,0.488715,0.487805,True,2.656,True,0.504824,0.509377
23.730,True,2.672,True,0.488882,0.487916,True,2.656,True,0.504824,0.509377
23.740,True,2.672,True,0.488882,0.487916,True,2.656,True,0.504824,0.509377
23.752,True,2.672,True,0.488882,0.487916,True,2.656,True,0.504777,0.509487
23.763,True,2.672,True,0.488420,0.487848,True,2.656,True,0.504777,0.509487
23.774,True,2.672,True,0.488420,0.487848,True,2.656,True,0.504777,0.509487
23.785,True,2.672,True,0.488420,0.487848,True,2.656,True,0.504754,0.509485
23.796,True,2.672,True,0.488572,0.488141,True,2.656,True,0.504754,0.509485
23.807,True,2.672,True,0.488572,0.488141,True,2.656,True,0.504754,0.509485
23.818,True,2.672,True,0.488572,0.488141,True,2.656,True,0.504929,0.509352
23.830,True,2.672,True,0.488695,0.487801,True,2.656,True,0.504929,0.509352
23.841,True,2.672,True,0.488695,0.487801,True,2.656,True,0.504929,0.509352
23.852,True,2.672,True,0.488695,0.487801,True,2.656,True,0.504818,0.509770
23.863,True,2.672,True,0.488698,0.488128,True,2.656,True,0.504818,0.509770
23.874,True,2.672,True,0.488698,0.488128,True,2.656,True,0.504818,0.509770
23.885,True,2.672,True,0.488698,0.488128,True,2.656,True,0.504794,0.509618
23.896,True,2.672,True,0.488698,0.488128,True,2.656,True,0.504794,0.509618
23.907,True,2.737,True,0.488698,0.488148,True,2.656,True,0.504794,0.509618
23.918,True,2.737,True,0.488698,0.488148,True,2.656,True,0.504781,0.509596
23.929,True,2.737,True,0.488757,0.488237,True,2.656,True,0.504781,0.509596
23.941,True,2.737,True,0.488757,0.488237,True,2.656,True,0.504781,0.509596
23.952,True,2.737,True,0.488757,0.488237,True,2.656,True,0.504812,0.509652
23.963,True,2.737,True,0.488647,0.487971,True,2.656,True,0.504812,0.509652
23.974,True,2.737,True,0.488647,0.487971,True,2.656,True,0.504812,0.509652
23.985,True,2.737,True,0.488647,0.487971,True,2.656,True,0.504747,0.509804
23.996,True,2.737,True,0.488914,0.488045,True,2.656,True,0.504747,0.509804
24.007,True,2.737,True,0.488914,0.488045,True,2.656,True,0.504779,0.509560
24.018,True,2.737,True,0.488914,0.488045,True,2.656,True,0.504779,0.509560
24.029,True,2.737,True,0.488806,0.488254,True,2.656,True,0.504779,0.509560
24.041,True,2.737,True,0.488806,0.488254,True,2.656,True,0.504779,0.509560
24.052,True,2.737,True,0.488806,0.488254,True,2.656,True,0.504774,0.509652
24.063,True,2.737,True,0.488946,0.488233,True,2.656,True,0.504774,0.509652
24.074,True,2.737,True,0.488946,0.488233,True,2.656,True,0.504774,0.509652
24.085,True,2.737,True,0.488946,0.488233,True,2.656,True,0.504822,0.509615
24.096,True,2.737,True,0.488946,0.488233,True,2.656,True,0.504822,0.509615
24.108,True,2.737,True,0.488711,0.488104,True,2.656,True,0.504822,0.509615
24.119,True,2.737,True,0.488711,0.488104,True,2.656,True,0.504826,0.509576
24.130,True,2.737,True,0.488711,0.488104,True,2.656,True,0.504826,0.509576
24.141,True,2.737,True,0.488666,0.487892,True,2.656,True,0.504826,0.509576
24.152,True,2.737,True,0.488666,0.487892,True,2.087,True,0.504865,0.509622
24.163,True,2.737,True,0.488666,0.487892,True,2.087,True,0.504865,0.509622
24.174,True,2.737,True,0.489158,0.488103,True,2.087,True,0.504865,0.509622
24.185,True,2.737,True,0.489158,0.488103,True,2.087,True,0.506693,0.509397
24.196,True,2.737,True,0.489158,0.488103,True,2.087,True,0.506693,0.509397
24.208,True,2.737,True,0.490787,0.488737,True,2.087,True,0.506693,0.509397
24.219,True,2.737,True,0.490787,0.488737,True,2.087,True,0.506887,0.509398
24.230,True,2.737,True,0.490787,0.488737,True,2.087,True,0.506887,0.509398
24.241,True,2.737,True,0.490927,0.488769,True,2.087,True,0.506887,0.509398
24.252,True,2.737,True,0.490927,0.488769,True,2.087,True,0.507048,0.509251
24.263,True,2.737,True,0.490927,0.488769,True,2.087,True,0.507048,0.509251
24.274,True,2.737,True,0.490830,0.488643,True,2.087,True,0.507048,0.509251
24.285,True,2.737,True,0.490830,0.488643,True,2.087,True,0.506989,0.509395
24.296,True,2.737,True,0.490830,0.488643,True,2.087,True,0.506989,0.509395
24.308,True,2.737,True,0.490725,0.488750,True,2.087,True,0.506989,0.509395
24.319,True,2.737,True,0.490725,0.488750,True,2.087,True,0.506963,0.509335
24.330,True,2.737,True,0.490725,0.488750,True,2.087,True,0.506963,0.509335
24.341,True,2.737,True,0.490993,0.488641,True,2.087,True,0.506963,0.509335
24.352,True,2.737,True,0.490993,0.488641,True,2.087,True,0.506805,0.509406
24.363,True,2.737,True,0.490993,0.488641,True,2.087,True,0.506805,0.509406
24.374,True,2.737,True,0.490872,0.488727,True,2.087,True,0.506805,0.509406
24.385,True,2.737,True,0.490872,0.488727,True,2.087,True,0.506882,0.509244
24.396,True,2.737,True,0.490872,0.488727,True,2.087,True,0.506882,0.509244
24.408,True,2.737,True,0.490717,0.488737,True,2.087,True,0.506882,0.509244
24.419,True,2.737,True,0.490717,0.488737,True,2.087,True,0.507043,0.509363
24.430,True,2.737,True,0.491040,0.488889,True,2.087,True,0.507043,0.509363
24.441,True,2.737,True,0.491040,0.488889,True,2.087,True,0.507043,0.509363
24.452,True,2.737,True,0.491040,0.488889,True,2.087,True,0.506672,0.509290
24.463,True,2.737,True,0.491040,0.488889,True,2.087,True,0.506672,0.509290
24.474,True,2.737,True,0.490538,0.488636,True,2.087,True,0.506672,0.509290
24.485,True,2.737,True,0.490538,0.488636,True,2.087,True,0.506944,0.509452
24.496,True,2.737,True,0.490538,0.488636,True,2.087,True,0.506944,0.509452
24.507,True,2.737,True,0.490826,0.488830,True,2.087,True,0.506944,0.509452
24.518,True,2.737,True,0.490826,0.488830,True,2.087,True,0.506944,0.509452
24.530,True,2.737,True,0.490826,0.488830,True,2.087,True,0.506667,0.509507
24.541,True,2.737,True,0.490761,0.488701,True,2.087,True,0.506667,0.509507
24.552,True,2.737,True,0.490761,0.488701,True,2.087,True,0.505766,0.509851
24.563,True,2.737,True,0.490761,0.488701,True,2.087,True,0.505766,0.509851
24.574,True,2.737,True,0.488423,0.488728,True,2.087,True,0.505766,0.509851
24.585,True,2.737,True,0.488423,0.488728,True,2.087,True,0.505766,0.509851
24.597,True,2.737,True,0.488423,0.488728,True,2.087,True,0.504868,0.510165
24.608,True,2.737,True,0.488823,0.488458,True,2.087,True,0.504868,0.510165
24.619,True,2.737,True,0.488823,0.488458,True,2.087,True,0.504868,0.510165
24.630,True,2.737,True,0.488823,0.488458,True,2.087,True,0.504898,0.510270
24.641,True,2.700,True,0.488644,0.488720,True,2.087,True,0.504898,0.510270
24.652,True,2.700,True,0.488644,0.488720,True,2.087,True,0.504898,0.510270
24.663,True,2.700,True,0.488644,0.488720,True,2.087,True,0.504971,0.510449
24.674,True,2.700,True,0.488734,0.488499,True,2.087,True,0.504971,0.510449
24.685,True,2.700,True,0.488734,0.488499,True,2.087,True,0.504971,0.510449
24.697,True,2.700,True,0.488734,0.488499,True,2.087,True,0.504990,0.510301
24.707,True,2.700,True,0.488702,0.488544,True,2.087,True,0.504990,0.510301
24.718,True,2.700,True,0.488702,0.488544,True,2.087,True,0.504990,0.510301
24.730,True,2.700,True,0.488702,0.488544,True,2.087,True,0.504715,0.510258
24.741,True,2.700,True,0.488650,0.488400,True,2.087,True,0.504715,0.510258
24.752,True,2.700,True,0.488650,0.488400,True,2.087,True,0.504715,0.510258
24.763,True,2.700,True,0.488650,0.488400,True,2.087,True,0.504718,0.509993
24.774,True,2.700,True,0.488768,0.488617,True,2.087,True,0.504718,0.509993
24.785,True,2.700,True,0.488768,0.488617,True,2.087,True,0.504718,0.509993
24.796,True,2.700,True,0.488768,0.488617,True,2.087,True,0.504772,0.509979
24.807,True,2.700,True,0.488948,0.488401,True,2.087,True,0.504772,0.509979
24.818,True,2.700,True,0.488948,0.488401,True,2.087,True,0.504573,0.510028
24.830,True,2.700,True,0.488948,0.488401,True,2.087,True,0.504573,0.510028
24.841,True,2.700,True,0.488998,0.488246,True,2.087,True,0.504573,0.510028
24.852,True,2.700,True,0.488998,0.488246,True,2.087,True,0.504730,0.509985
24.863,True,2.700,True,0.488998,0.488246,True,2.087,True,0.504730,0.509985
24.874,True,2.700,True,0.488762,0.488454,True,2.087,True,0.504730,0.509985
24.885,True,2.700,True,0.488762,0.488454,True,2.087,True,0.504769,0.510063
24.896,True,2.700,True,0.488762,0.488454,True,2.087,True,0.504769,0.510063
24.907,True,2.700,True,0.488755,0.488289,True,2.087,True,0.504769,0.510063
24.918,True,2.700,True,0.488755,0.488289,True,2.087,True,0.504769,0.510063
24.930,True,2.700,True,0.488755,0.488289,True,2.087,True,0.504722,0.509984
24.941,True,2.700,True,0.488795,0.488169,True,2.087,True,0.504722,0.509984
24.952,True,2.700,True,0.488795,0.488169,True,2.087,True,0.504722,0.509984
24.963,True,2.700,True,0.488795,0.488169,True,2.087,True,0.504799,0.510156
24.974,True,2.700,True,0.488668,0.488344,True,2.087,True,0.504799,0.510156
24.985,True,2.700,True,0.488668,0.488344,True,2.087,True,0.504799,0.510156
24.996,True,2.700,True,0.488668,0.488344,True,2.087,True,0.504627,0.509864
25.007,True,2.700,True,0.488668,0.488344,True,2.087,True,0.504627,0.509864
25.018,True,2.700,True,0.488803,0.488288,True,2.087,True,0.504627,0.509864
25.029,True,2.700,True,0.488803,0.488288,True,2.087,True,0.504778,0.509754
25.041,True,2.700,True,0.488803,0.488288,True,2.087,True,0.504778,0.509754
25.052,True,2.700,True,0.488311,0.488337,True,2.087,True,0.504778,0.509754
25.063,True,2.700,True,0.488311,0.488337,True,2.087,True,0.504863,0.509750
25.074,True,2.700,True,0.488311,0.488337,True,2.087,True,0.504863,0.509750
25.085,True,2.700,True,0.488641,0.488336,True,2.087,True,0.504863,0.509750
25.096,True,2.700,True,0.488641,0.488336,True,2.087,True,0.505011,0.509805
25.107,True,2.700,True,0.488641,0.488336,True,2.087,True,0.505011,0.509805
25.118,True,2.700,True,0.488731,0.488194,True,2.087,True,0.505011,0.509805
25.130,True,2.700,True,0.488731,0.488194,True,2.087,True,0.504792,0.510037
25.148,True,2.700,True,0.488365,0.488278,True,2.087,True,0.504792,0.510037
25.159,True,2.700,True,0.488365,0.488278,True,2.087,True,0.504792,0.510037
25.170,True,2.700,True,0.488365,0.488278,True,2.703,True,0.504929,0.509680
25.181,True,2.700,True,0.488841,0.488370,True,2.703,True,0.504929,0.509680
25.192,True,2.700,True,0.488841,0.488370,True,2.703,True,0.504858,0.509752
25.203,True,2.700,True,0.488841,0.488370,True,2.703,True,0.504858,0.509752
25.214,True,2.700,True,0.488749,0.488355,True,2.703,True,0.504858,0.509752
25.225,True,2.700,True,0.488749,0.488355,True,2.703,True,0.504726,0.509940
25.237,True,2.700,True,0.488749,0.488355,True,2.703,True,0.504726,0.509940
25.248,True,2.700,True,0.488337,0.488268,True,2.703,True,0.504726,0.509940
25.259,True,2.700,True,0.488337,0.488268,True,2.703,True,0.504633,0.509855
25.270,True,2.700,True,0.488248,0.488241,True,2.703,True,0.504633,0.509855
25.282,True,2.700,True,0.488248,0.488241,True,2.703,True,0.504633,0.509855
25.293,True,2.700,True,0.488248,0.488241,True,2.703,True,0.503998,0.509801
25.304,True,2.700,True,0.488325,0.487922,True,2.703,True,0.503998,0.509801
25.315,True,2.700,True,0.488325,0.487922,True,2.703,True,0.503998,0.509801
25.326,True,2.700,True,0.488325,0.487922,True,2.703,True,0.504044,0.509978
25.337,True,2.700,True,0.488397,0.487924,True,2.703,True,0.504044,0.509978
25.348,True,2.700,True,0.488397,0.487924,True,2.703,True,0.504044,0.509978
25.359,True,2.700,True,0.488397,0.487924,True,2.703,True,0.504169,0.509710
25.370,True,2.700,True,0.488397,0.487924,True,2.703,True,0.504169,0.509710
25.381,True,2.700,True,0.488437,0.487959,True,2.703,True,0.504169,0.509710
25.392,True,2.700,True,0.488437,0.487959,True,2.703,True,0.504169,0.509710
25.404,True,2.700,True,0.488437,0.487959,True,2.703,True,0.503985,0.509842
25.415,True,2.700,True,0.488256,0.488191,True,2.703,True,0.503985,0.509842
25.426,True,2.700,True,0.488256,0.488191,True,2.703,True,0.503985,0.509842
25.437,True,2.700,True,0.488256,0.488191,True,2.703,True,0.504206,0.509859
25.448,True,2.700,True,0.488080,0.488121,True,2.703,True,0.504206,0.509859
25.459,True,2.700,True,0.488080,0.488121,True,2.703,True,0.504206,0.509859
25.470,True,2.700,True,0.488080,0.488121,True,2.703,True,0.504109,0.509880
25.481,True,2.700,True,0.488384,0.488227,True,2.703,True,0.504109,0.509880
25.493,True,2.700,True,0.488384,0.488227,True,2.703,True,0.504109,0.509880
25.504,True,2.700,True,0.488384,0.488227,True,2.703,True,0.504197,0.509733
25.515,True,2.700,True,0.488384,0.488227,True,2.703,True,0.504197,0.509733
25.526,True,2.700,True,0.488258,0.488167,True,2.703,True,0.504197,0.509733
25.537,True,2.700,True,0.488258,0.488167,True,2.703,True,0.504266,0.509466
25.548,True,2.700,True,0.488406,0.488017,True,2.703,True,0.504266,0.509466
25.559,True,2.700,True,0.488406,0.488017,True,2.703,True,0.504096,0.509327
25.570,True,2.700,True,0.488406,0.488017,True,2.703,True,0.504096,0.509327
25.581,True,2.700,True,0.488193,0.487925,True,2.703,True,0.504096,0.509327
25.593,True,2.700,True,0.488193,0.487925,True,2.703,True,0.504087,0.509565
25.603,True,2.700,True,0.488193,0.487925,True,2.703,True,0.504087,0.509565
25.615,True,2.700,True,0.488149,0.487924,True,2.703,True,0.504087,0.509565
25.626,True,2.700,True,0.488149,0.487924,True,2.703,True,0.504067,0.509518
25.637,True,2.700,True,0.488149,0.487924,True,2.703,True,0.504067,0.509518
25.648,True,2.700,True,0.488149,0.487924,True,2.703,True,0.504067,0.509518
25.659,True,2.780,True,0.487987,0.488138,True,2.703,True,0.503916,0.509346
25.670,True,2.780,True,0.487987,0.488138,True,2.703,True,0.503916,0.509346
25.681,True,2.780,True,0.488293,0.487954,True,2.703,True,0.503916,0.509346
25.693,True,2.780,True,0.488293,0.487954,True,2.703,True,0.504224,0.509581
25.704,True,2.780,True,0.488293,0.487954,True,2.703,True,0.504224,0.509581
25.715,True,2.780,True,0.489423,0.488170,True,2.703,True,0.504224,0.509581
25.726,True,2.780,True,0.489423,0.488170,True,2.703,True,0.504224,0.509581
25.737,True,2.780,True,0.489423,0.488170,True,2.703,True,0.506173,0.509111
25.748,True,2.780,True,0.490192,0.488397,True,2.703,True,0.506173,0.509111
25.759,True,2.780,True,0.490192,0.488397,True,2.703,True,0.506173,0.509111
25.770,True,2.780,True,0.490192,0.488397,True,2.703,True,0.506174,0.509103
25.781,True,2.780,True,0.489848,0.488377,True,2.703,True,0.506174,0.509103
25.792,True,2.780,True,0.489848,0.488377,True,2.703,True,0.506174,0.509103
25.804,True,2.780,True,0.489848,0.488377,True,2.703,True,0.506078,0.509094
25.815,True,2.780,True,0.489848,0.488377,True,2.703,True,0.506078,0.509094
25.826,True,2.780,True,0.489858,0.488268,True,2.703,True,0.506221,0.509202
25.837,True,2.780,True,0.489858,0.488268,True,2.703,True,0.506221,0.509202
25.848,True,2.780,True,0.489703,0.488526,True,2.703,True,0.506221,0.509202
25.859,True,2.780,True,0.489703,0.488526,True,2.703,True,0.505886,0.509343
25.870,True,2.780,True,0.489703,0.488526,True,2.703,True,0.505886,0.509343
25.881,True,2.780,True,0.489402,0.488799,True,2.703,True,0.505886,0.509343
25.892,True,2.780,True,0.489402,0.488799,True,2.703,True,0.506046,0.509238
25.903,True,2.780,True,0.489402,0.488799,True,2.703,True,0.506046,0.509238
25.915,True,2.780,True,0.489873,0.488580,True,2.703,True,0.506046,0.509238
25.926,True,2.780,True,0.489873,0.488580,True,2.703,True,0.506182,0.509380
25.937,True,2.780,True,0.489873,0.488580,True,2.703,True,0.506182,0.509380
25.948,True,2.780,True,0.489815,0.488471,True,2.703,True,0.506182,0.509380
25.959,True,2.780,True,0.489815,0.488471,True,2.703,True,0.506182,0.509380
25.970,True,2.780,True,0.489815,0.488471,True,2.703,True,0.505018,0.509507
25.981,True,2.780,True,0.488291,0.487905,True,2.703,True,0.505018,0.509507
25.992,True,2.780,True,0.488291,0.487905,True,2.703,True,0.505018,0.509507
26.003,True,2.780,True,0.488291,0.487905,True,2.703,True,0.504238,0.509519
26.014,True,2.780,True,0.488413,0.488247,True,2.703,True,0.504238,0.509519
26.025,True,2.780,True,0.488413,0.488247,True,2.703,True,0.504238,0.509519
26.037,True,2.780,True,0.488413,0.488247,True,2.703,True,0.504596,0.509418
26.048,True,2.780,True,0.488051,0.487952,True,2.703,True,0.504596,0.509418
26.059,True,2.780,True,0.488051,0.487952,True,2.703,True,0.504596,0.509418
26.070,True,2.780,True,0.488051,0.487952,True,2.703,True,0.504284,0.509610
26.081,True,2.780,True,0.488051,0.487952,True,2.703,True,0.504284,0.509610
26.092,True,2.780,True,0.488364,0.488109,True,2.703,True,0.504284,0.509610
26.103,True,2.780,True,0.488364,0.488109,True,2.703,True,0.504552,0.509682
26.114,True,2.780,True,0.488364,0.488109,True,2.703,True,0.504552,0.509682
26.126,True,2.780,True,0.487888,0.488000,True,2.703,True,0.504552,0.509682
26.137,True,2.780,True,0.487888,0.488000,True,2.703,True,0.504308,0.509661
26.148,True,2.780,True,0.488009,0.488025,True,2.703,True,0.504308,0.509661
26.159,True,2.780,True,0.488009,0.488025,True,2.703,True,0.504308,0.509661
26.170,True,2.780,True,0.488009,0.488025,True,2.703,True,0.504308,0.509661
26.181,True,2.780,True,0.488009,0.488025,True,2.684,True,0.504597,0.509544
26.192,True,2.780,True,0.488328,0.488214,True,2.684,True,0.504597,0.509544
26.203,True,2.780,True,0.488328,0.488214,True,2.684,True,0.504347,0.509455
26.214,True,2.780,True,0.488328,0.488214,True,2.684,True,0.504347,0.509455
26.225,True,2.780,True,0.488448,0.488154,True,2.684,True,0.504347,0.509455
26.237,True,2.780,True,0.488448,0.488154,True,2.684,True,0.504648,0.509636
26.248,True,2.780,True,0.488448,0.488154,True,2.684,True,0.504648,0.509636
26.259,True,2.780,True,0.488440,0.488049,True,2.684,True,0.504648,0.509636
26.270,True,2.780,True,0.488440,0.488049,True,2.684,True,0.504670,0.509391
26.281,True,2.780,True,0.488518,0.487988,True,2.684,True,0.504670,0.509391
26.292,True,2.780,True,0.488518,0.487988,True,2.684,True,0.504670,0.509391
26.303,True,2.780,True,0.488518,0.487988,True,2.684,True,0.504510,0.509603
26.314,True,2.780,True,0.488518,0.487988,True,2.684,True,0.504510,0.509603
26.325,True,2.780,True,0.488132,0.488047,True,2.684,True,0.504510,0.509603
26.337,True,2.780,True,0.488132,0.488047,True,2.684,True,0.504413,0.509706
26.348,True,2.780,True,0.488132,0.488047,True,2.684,True,0.504413,0.509706
26.359,True,2.780,True,0.488436,0.487807,True,2.684,True,0.504413,0.509706
26.370,True,2.780,True,0.488436,0.487807,True,2.684,True,0.504343,0.509701
26.381,True,2.780,True,0.488436,0.487807,True,2.684,True,0.504343,0.509701
26.392,True,2.780,True,0.488199,0.488060,True,2.684,True,0.504343,0.509701
26.403,True,2.780,True,0.488199,0.488060,True,2.684,True,0.504270,0.509605
26.415,True,2.780,True,0.488199,0.488060,True,2.684,True,0.504270,0.509605
26.426,True,2.780,True,0.488530,0.487908,True,2.684,True,0.504270,0.509605
26.437,True,2.780,True,0.488530,0.487908,True,2.684,True,0.503926,0.509493
26.448,True,2.780,True,0.488530,0.487908,True,2.684,True,0.503926,0.509493
26.459,True,2.780,True,0.487714,0.488153,True,2.684,True,0.503926,0.509493
26.470,True,2.780,True,0.487714,0.488153,True,2.684,True,0.503816,0.509719
26.481,True,2.780,True,0.487714,0.488153,True,2.684,True,0.503816,0.509719
26.493,True,2.780,True,0.487956,0.487927,True,2.684,True,0.503816,0.509719
26.504,True,2.780,True,0.487956,0.487927,True,2.684,True,0.503816,0.509719
26.515,True,2.780,True,0.487956,0.487927,True,2.684,True,0.503907,0.509613
26.526,True,2.780,True,0.487873,0.487829,True,2.684,True,0.503907,0.509613
26.537,True,2.780,True,0.487873,0.487829,True,2.684,True,0.503870,0.509628
26.548,True,2.780,True,0.487873,0.487829,True,2.684,True,0.503870,0.509628
26.559,True,2.780,True,0.487713,0.487974,True,2.684,True,0.503870,0.509628
26.570,True,2.780,True,0.487713,0.487974,True,2.684,True,0.503704,0.509879
26.581,True,2.780,True,0.487713,0.487974,True,2.684,True,0.503704,0.509879
26.592,True,2.780,True,0.487872,0.487909,True,2.684,True,0.503704,0.509879
26.604,True,2.780,True,0.487872,0.487909,True,2.684,True,0.503517,0.509760
26.615,True,2.780,True,0.487872,0.487909,True,2.684,True,0.503517,0.509760
26.626,True,2.780,True,0.487807,0.488034,True,2.684,True,0.503517,0.509760
26.637,True,2.780,True,0.487807,0.488034,True,2.684,True,0.503517,0.509760
26.648,True,2.780,True,0.487807,0.488034,True,2.684,True,0.504134,0.509471
26.659,True,2.792,True,0.489574,0.488569,True,2.684,True,0.504134,0.509471
26.670,True,2.792,True,0.489574,0.488569,True,2.684,True,0.507059,0.508924
26.681,True,2.792,True,0.489574,0.488569,True,2.684,True,0.507059,0.508924
26.692,True,2.792,True,0.490995,0.488919,True,2.684,True,0.507059,0.508924
26.704,True,2.792,True,0.490995,0.488919,True,2.684,True,0.507066,0.509235
26.715,True,2.792,True,0.490995,0.488919,True,2.684,True,0.507066,0.509235
26.726,True,2.792,True,0.490864,0.489032,True,2.684,True,0.507066,0.509235
26.737,True,2.792,True,0.490864,0.489032,True,2.684,True,0.506899,0.509146
26.748,True,2.792,True,0.490864,0.489032,True,2.684,True,0.506899,0.509146
26.759,True,2.792,True,0.491159,0.489148,True,2.684,True,0.506899,0.509146
26.770,True,2.792,True,0.491159,0.489148,True,2.684,True,0.506899,0.509146
26.781,True,2.792,True,0.491159,0.489148,True,2.684,True,0.507136,0.509060
26.792,True,2.792,True,0.491065,0.489185,True,2.684,True,0.507136,0.509060
26.803,True,2.792,True,0.491065,0.489185,True,2.684,True,0.507136,0.509060
26.814,True,2.792,True,0.491065,0.489185,True,2.684,True,0.506949,0.509143
26.826,True,2.792,True,0.490906,0.489046,True,2.684,True,0.506949,0.509143
26.837,True,2.792,True,0.490906,0.489046,True,2.684,True,0.506949,0.509143
26.848,True,2.792,True,0.490906,0.489046,True,2.684,True,0.506853,0.509231
26.859,True,2.792,True,0.488962,0.488793,True,2.684,True,0.506853,0.509231
26.870,True,2.792,True,0.488962,0.488793,True,2.684,True,0.505197,0.509410
26.881,True,2.792,True,0.488962,0.488793,True,2.684,True,0.505197,0.509410
26.893,True,2.792,True,0.489127,0.488122,True,2.684,True,0.505197,0.509410
26.904,True,2.792,True,0.489127,0.488122,True,2.684,True,0.505236,0.509577
26.915,True,2.792,True,0.489127,0.488122,True,2.684,True,0.505236,0.509577
26.926,True,2.792,True,0.488979,0.488195,True,2.684,True,0.505236,0.509577
26.937,True,2.792,True,0.488979,0.488195,True,2.684,True,0.505170,0.509594
26.948,True,2.792,True,0.488979,0.488195,True,2.684,True,0.505170,0.509594
26.959,True,2.792,True,0.489127,0.488172,True,2.684,True,0.505170,0.509594
26.970,True,2.792,True,0.489127,0.488172,True,2.684,True,0.504973,0.509635
26.981,True,2.792,True,0.489127,0.488172,True,2.684,True,0.504973,0.509635
26.992,True,2.792,True,0.489080,0.488380,True,2.684,True,0.504973,0.509635
27.003,True,2.792,True,0.489080,0.488380,True,2.684,True,0.504753,0.509545
27.015,True,2.792,True,0.489080,0.488380,True,2.684,True,0.504753,0.509545
27.026,True,2.792,True,0.488853,0.488030,True,2.684,True,0.504753,0.509545
27.037,True,2.792,True,0.488853,0.488030,True,2.684,True,0.504753,0.509545
27.048,True,2.792,True,0.488853,0.488030,True,2.684,True,0.504739,0.509555
27.059,True,2.792,True,0.488883,0.488240,True,2.684,True,0.504739,0.509555
27.070,True,2.792,True,0.488883,0.488240,True,2.684,True,0.504714,0.509402
27.081,True,2.792,True,0.488883,0.488240,True,2.684,True,0.504714,0.509402
27.092,True,2.792,True,0.488883,0.488305,True,2.684,True,0.504714,0.509402
27.103,True,2.792,True,0.488883,0.488305,True,2.684,True,0.504714,0.509402
27.115,True,2.792,True,0.488883,0.488305,True,2.684,True,0.504574,0.509499
27.125,True,2.792,True,0.488883,0.488305,True,2.684,True,0.504574,0.509499
27.137,True,2.792,True,0.488736,0.488038,True,2.684,True,0.504574,0.509499
27.148,True,2.792,True,0.488736,0.488038,True,2.684,True,0.504460,0.509472
27.159,True,2.792,True,0.488854,0.488029,True,2.684,True,0.504460,0.509472
27.170,True,2.792,True,0.488854,0.488029,True,2.684,True,0.504460,0.509472
27.181,True,2.792,True,0.488854,0.488029,True,2.517,True,0.504585,0.509583
27.192,True,2.792,True,0.489505,0.488689,True,2.517,True,0.504585,0.509583
27.203,True,2.792,True,0.489505,0.488689,True,2.517,True,0.504585,0.509583
27.215,True,2.792,True,0.489505,0.488689,True,2.517,True,0.507312,0.508599
27.225,True,2.792,True,0.491805,0.488711,True,2.517,True,0.507312,0.508599
27.237,True,2.792,True,0.491805,0.488711,True,2.517,True,0.507312,0.508599
27.248,True,2.792,True,0.491805,0.488711,True,2.517,True,0.507378,0.508759
27.259,True,2.792,True,0.491813,0.488794,True,2.517,True,0.507378,0.508759
27.270,True,2.792,True,0.491813,0.488794,True,2.517,True,0.507378,0.508759
27.281,True,2.792,True,0.491813,0.488794,True,2.517,True,0.507347,0.508912
27.292,True,2.792,True,0.491448,0.488644,True,2.517,True,0.507347,0.508912
27.303,True,2.792,True,0.491448,0.488644,True,2.517,True,0.507347,0.508912
27.314,True,2.792,True,0.491448,0.488644,True,2.517,True,0.507170,0.509134
27.326,True,2.792,True,0.491429,0.488891,True,2.517,True,0.507170,0.509134
27.337,True,2.792,True,0.491429,0.488891,True,2.517,True,0.507170,0.509134
27.348,True,2.792,True,0.491429,0.488891,True,2.517,True,0.507333,0.509012
27.359,True,2.792,True,0.491417,0.488729,True,2.517,True,0.507333,0.509012
27.370,True,2.792,True,0.491417,0.488729,True,2.517,True,0.507333,0.509012
27.381,True,2.792,True,0.491417,0.488729,True,2.517,True,0.507312,0.509047
27.392,True,2.792,True,0.491962,0.488859,True,2.517,True,0.507312,0.509047
27.403,True,2.792,True,0.491962,0.488859,True,2.517,True,0.507312,0.509047
27.414,True,2.792,True,0.491962,0.488859,True,2.517,True,0.507407,0.508836
27.426,True,2.792,True,0.491707,0.488654,True,2.517,True,0.507407,0.508836
27.437,True,2.792,True,0.491707,0.488654,True,2.517,True,0.507186,0.508966
27.448,True,2.792,True,0.491707,0.488654,True,2.517,True,0.507186,0.508966
27.459,True,2.792,True,0.491707,0.488654,True,2.517,True,0.507186,0.508966
27.470,True,2.792,True,0.491799,0.488624,True,2.517,True,0.507186,0.508966
27.481,True,2.792,True,0.491799,0.488624,True,2.517,True,0.507384,0.508857
27.492,True,2.792,True,0.491799,0.488624,True,2.517,True,0.507384,0.508857
27.503,True,2.792,True,0.490193,0.488435,True,2.517,True,0.507384,0.508857
27.514,True,2.792,True,0.490193,0.488435,True,2.517,True,0.506128,0.509455
27.526,True,2.792,True,0.490193,0.488435,True,2.517,True,0.506128,0.509455
27.537,True,2.792,True,0.490258,0.488350,True,2.517,True,0.506128,0.509455
27.548,True,2.792,True,0.490258,0.488350,True,2.517,True,0.506551,0.509413
27.559,True,2.792,True,0.490258,0.488350,True,2.517,True,0.506551,0.509413
27.570,True,2.792,True,0.490145,0.488666,True,2.517,True,0.506551,0.509413
27.581,True,2.792,True,0.490145,0.488666,True,2.517,True,0.506157,0.509393
27.592,True,2.792,True,0.489990,0.488431,True,2.517,True,0.506157,0.509393
27.604,True,2.792,True,0.489990,0.488431,True,2.517,True,0.506157,0.509393
27.615,True,2.792,True,0.489990,0.488431,True,2.517,True,0.506485,0.509386
27.626,True,2.792,True,0.489990,0.488431,True,2.517,True,0.506485,0.509386
27.637,True,2.792,True,0.490261,0.488468,True,2.517,True,0.506485,0.509386
27.648,True,2.792,True,0.490261,0.488468,True,2.517,True,0.506243,0.509333
27.659,True,2.792,True,0.490261,0.488468,True,2.517,True,0.506243,0.509333
27.670,True,2.611,True,0.490238,0.488554,True,2.517,True,0.506243,0.509333
27.681,True,2.611,True,0.490238,0.488554,True,2.517,True,0.506213,0.509405
27.692,True,2.611,True,0.490396,0.488350,True,2.517,True,0.506213,0.509405
27.704,True,2.611,True,0.490396,0.488350,True,2.517,True,0.506213,0.509405
27.715,True,2.611,True,0.490396,0.488350,True,2.517,True,0.506163,0.509329
27.726,True,2.611,True,0.490354,0.488224,True,2.517,True,0.506163,0.509329
27.737,True,2.611,True,0.490354,0.488224,True,2.517,True,0.506163,0.509329
27.748,True,2.611,True,0.490354,0.488224,True,2.517,True,0.506161,0.509346
27.759,True,2.611,True,0.490354,0.488224,True,2.517,True,0.506161,0.509346
27.770,True,2.611,True,0.490319,0.488296,True,2.517,True,0.506161,0.509346
27.781,True,2.611,True,0.490319,0.488296,True,2.517,True,0.506088,0.509202
27.792,True,2.611,True,0.490004,0.488356,True,2.517,True,0.506088,0.509202
27.804,True,2.611,True,0.490004,0.488356,True,2.517,True,0.506088,0.509202
27.815,True,2.611,True,0.490004,0.488356,True,2.517,True,0.506012,0.509370
27.826,True,2.611,True,0.489482,0.488200,True,2.517,True,0.506012,0.509370
27.837,True,2.611,True,0.489482,0.488200,True,2.517,True,0.506012,0.509370
27.848,True,2.611,True,0.489482,0.488200,True,2.517,True,0.504629,0.509507
27.859,True,2.611,True,0.489482,0.488200,True,2.517,True,0.504629,0.509507
27.870,True,2.611,True,0.489155,0.488068,True,2.517,True,0.504629,0.509507
27.881,True,2.611,True,0.489155,0.488068,True,2.517,True,0.504629,0.509507
27.892,True,2.611,True,0.489155,0.488068,True,2.517,True,0.505057,0.509755
27.903,True,2.611,True,0.488822,0.488215,True,2.517,True,0.505057,0.509755
27.915,True,2.611,True,0.488822,0.488215,True,2.517,True,0.505057,0.509755
27.926,True,2.611,True,0.488822,0.488215,True,2.517,True,0.505086,0.509582
27.937,True,2.611,True,0.489106,0.488044,True,2.517,True,0.505086,0.509582
27.948,True,2.611,True,0.489106,0.488044,True,2.517,True,0.504831,0.509518
27.959,True,2.611,True,0.489106,0.488044,True,2.517,True,0.504831,0.509518
27.970,True,2.611,True,0.488882,0.488197,True,2.517,True,0.504831,0.509518
27.981,True,2.611,True,0.488882,0.488197,True,2.517,True,0.504911,0.509802
27.992,True,2.611,True,0.488882,0.488197,True,2.517,True,0.504911,0.509802
28.003,True,2.611,True,0.488449,0.487974,True,2.517,True,0.504911,0.509802
28.015,True,2.611,True,0.488449,0.487974,True,2.517,True,0.504937,0.509512
28.026,True,2.611,True,0.488449,0.487974,True,2.517,True,0.504937,0.509512
28.037,True,2.611,True,0.488968,0.488296,True,2.517,True,0.504937,0.509512
28.048,True,2.611,True,0.488968,0.488296,True,2.517,True,0.505084,0.509832
28.059,True,2.611,True,0.488968,0.488296,True,2.517,True,0.505084,0.509832
28.070,True,2.611,True,0.488839,0.488202,True,2.517,True,0.505084,0.509832
28.081,True,2.611,True,0.488839,0.488202,True,2.517,True,0.505084,0.509832
28.092,True,2.611,True,0.488839,0.488202,True,2.517,True,0.504960,0.509686
28.104,True,2.611,True,0.488651,0.488395,True,2.517,True,0.504960,0.509686
28.115,True,2.611,True,0.488651,0.488395,True,2.517,True,0.504960,0.509686
28.126,True,2.611,True,0.488651,0.488395,True,2.517,True,0.504951,0.509596
28.137,True,2.611,True,0.489027,0.488219,True,2.517,True,0.504951,0.509596
28.148,True,2.611,True,0.489027,0.488219,True,2.517,True,0.504951,0.509596
28.159,True,2.611,True,0.489027,0.488219,True,2.517,True,0.504828,0.509751
28.170,True,2.611,True,0.489060,0.488042,True,2.517,True,0.504828,0.509751
28.181,True,2.611,True,0.489060,0.488042,True,2.517,True,0.504828,0.509751
28.192,True,2.611,True,0.489060,0.488042,True,2.623,True,0.504959,0.509626
28.203,True,2.611,True,0.489110,0.488010,True,2.623,True,0.504959,0.509626
28.215,True,2.611,True,0.489110,0.488010,True,2.623,True,0.504959,0.509626
28.226,True,2.611,True,0.489110,0.488010,True,2.623,True,0.504936,0.509750
28.243,True,2.611,True,0.488913,0.488089,True,2.623,True,0.504936,0.509750
28.254,True,2.611,True,0.488913,0.488089,True,2.623,True,0.504969,0.509614
28.265,True,2.611,True,0.488913,0.488089,True,2.623,True,0.504969,0.509614
28.276,True,2.611,True,0.488855,0.488303,True,2.623,True,0.504969,0.509614
28.287,True,2.611,True,0.488855,0.488303,True,2.623,True,0.504749,0.509592
28.298,True,2.611,True,0.488913,0.488196,True,2.623,True,0.504749,0.509592
28.309,True,2.611,True,0.488913,0.488196,True,2.623,True,0.504749,0.509592
28.321,True,2.611,True,0.488913,0.488196,True,2.623,True,0.504806,0.509606
28.332,True,2.611,True,0.488878,0.488099,True,2.623,True,0.504806,0.509606
28.343,True,2.611,True,0.488878,0.488099,True,2.623,True,0.504806,0.509606
28.354,True,2.611,True,0.488878,0.488099,True,2.623,True,0.505147,0.509653
28.365,True,2.611,True,0.488894,0.488293,True,2.623,True,0.505147,0.509653
28.376,True,2.611,True,0.488894,0.488293,True,2.623,True,0.505147,0.509653
28.387,True,2.611,True,0.488894,0.488293,True,2.623,True,0.505144,0.509599
28.398,True,2.611,True,0.488985,0.488315,True,2.623,True,0.505144,0.509599
28.410,True,2.611,True,0.488985,0.488315,True,2.623,True,0.505144,0.509599
28.421,True,2.611,True,0.488985,0.488315,True,2.623,True,0.505079,0.509539
28.432,True,2.611,True,0.488985,0.488315,True,2.623,True,0.505079,0.509539
28.443,True,2.721,True,0.488789,0.488144,True,2.623,True,0.505079,0.509539
28.454,True,2.721,True,0.488789,0.488144,True,2.623,True,0.505079,0.509539
28.465,True,2.721,True,0.488789,0.488144,True,2.623,True,0.505103,0.509698
28.476,True,2.721,True,0.489102,0.488185,True,2.623,True,0.505103,0.509698
28.487,True,2.721,True,0.489102,0.488185,True,2.623,True,0.505080,0.509546
28.498,True,2.721,True,0.489102,0.488185,True,2.623,True,0.505080,0.509546
28.510,True,2.721,True,0.488675,0.488191,True,2.623,True,0.505080,0.509546
28.521,True,2.721,True,0.488675,0.488191,True,2.623,True,0.505150,0.509728
28.532,True,2.721,True,0.488675,0.488191,True,2.623,True,0.505150,0.509728
28.543,True,2.721,True,0.488839,0.488339,True,2.623,True,0.505150,0.509728
28.554,True,2.721,True,0.488839,0.488339,True,2.623,True,0.504833,0.509701
28.565,True,2.721,True,0.488839,0.488339,True,2.623,True,0.504833,0.509701
28.576,True,2.721,True,0.488502,0.488059,True,2.623,True,0.504833,0.509701
28.587,True,2.721,True,0.488502,0.488059,True,2.623,True,0.504833,0.509701
28.598,True,2.721,True,0.488502,0.488059,True,2.623,True,0.504888,0.509577
28.609,True,2.721,True,0.488635,0.487930,True,2.623,True,0.504888,0.509577
28.621,True,2.721,True,0.488635,0.487930,True,2.623,True,0.504883,0.509571
28.632,True,2.721,True,0.488635,0.487930,True,2.623,True,0.504883,0.509571
28.643,True,2.721,True,0.488624,0.488029,True,2.623,True,0.504883,0.509571
28.654,True,2.721,True,0.488624,0.488029,True,2.623,True,0.504799,0.509567
28.665,True,2.721,True,0.488624,0.488029,True,2.623,True,0.504799,0.509567
28.676,True,2.721,True,0.488627,0.487885,True,2.623,True,0.504799,0.509567
28.687,True,2.721,True,0.488627,0.487885,True,2.623,True,0.504725,0.509642
28.698,True,2.721,True,0.488627,0.487885,True,2.623,True,0.504725,0.509642
28.710,True,2.721,True,0.488517,0.488098,True,2.623,True,0.504725,0.509642
28.721,True,2.721,True,0.488517,0.488098,True,2.623,True,0.504762,0.509639
28.732,True,2.721,True,0.488517,0.488098,True,2.623,True,0.504762,0.509639
28.743,True,2.721,True,0.488585,0.488289,True,2.623,True,0.504762,0.509639
28.754,True,2.721,True,0.488585,0.488289,True,2.623,True,0.504636,0.509801
28.765,True,2.721,True,0.488317,0.488141,True,2.623,True,0.504636,0.509801
28.777,True,2.721,True,0.488317,0.488141,True,2.623,True,0.504636,0.509801
28.788,True,2.721,True,0.488317,0.488141,True,2.623,True,0.504731,0.509818
28.799,True,2.721,True,0.488317,0.488141,True,2.623,True,0.504731,0.509818
28.810,True,2.721,True,0.488390,0.488384,True,2.623,True,0.504731,0.509818
28.821,True,2.721,True,0.488390,0.488384,True,2.623,True,0.504752,0.509834
28.832,True,2.721,True,0.488390,0.488384,True,2.623,True,0.504752,0.509834
28.843,True,2.721,True,0.488451,0.488560,True,2.623,True,0.504752,0.509834
28.854,True,2.721,True,0.488451,0.488560,True,2.623,True,0.504718,0.509832
28.865,True,2.721,True,0.488451,0.488560,True,2.623,True,0.504718,0.509832
28.877,True,2.721,True,0.488598,0.488291,True,2.623,True,0.504718,0.509832
28.888,True,2.721,True,0.488598,0.488291,True,2.623,True,0.504718,0.509832
28.899,True,2.721,True,0.488598,0.488291,True,2.623,True,0.504976,0.509781
28.910,True,2.721,True,0.488471,0.488111,True,2.623,True,0.504976,0.509781
28.921,True,2.721,True,0.488471,0.488111,True,2.623,True,0.504976,0.509781
28.932,True,2.721,True,0.488471,0.488111,True,2.623,True,0.504463,0.509498
28.943,True,2.721,True,0.488550,0.488140,True,2.623,True,0.504463,0.509498
28.954,True,2.721,True,0.488550,0.488140,True,2.623,True,0.504463,0.509498
28.965,True,2.611,True,0.488550,0.488140,True,2.435,True,0.504469,0.509597
28.977,True,2.611,True,0.488490,0.488420,True,2.435,True,0.504469,0.509597
28.988,True,2.611,True,0.488490,0.488420,True,2.435,True,0.504469,0.509597
28.999,True,2.611,True,0.488490,0.488420,True,2.435,True,0.505821,0.509488
29.010,True,2.611,True,0.490087,0.488486,True,2.435,True,0.505821,0.509488
29.021,True,2.611,True,0.490087,0.488486,True,2.435,True,0.506067,0.509938
29.032,True,2.611,True,0.490087,0.488486,True,2.435,True,0.506067,0.509938
29.043,True,2.611,True,0.489699,0.488301,True,2.435,True,0.506067,0.509938
29.054,True,2.611,True,0.489699,0.488301,True,2.435,True,0.506067,0.509938
29.065,True,2.611,True,0.489699,0.488301,True,2.435,True,0.506060,0.509859
29.076,True,2.611,True,0.490067,0.488618,True,2.435,True,0.506060,0.509859
29.087,True,2.611,True,0.490067,0.488618,True,2.435,True,0.506060,0.509859
29.099,True,2.611,True,0.490067,0.488618,True,2.435,True,0.506405,0.509887
29.110,True,2.611,True,0.490058,0.488664,True,2.435,True,0.506405,0.509887
29.121,True,2.611,True,0.490058,0.488664,True,2.435,True,0.506405,0.509887
29.132,True,2.611,True,0.490058,0.488664,True,2.435,True,0.506408,0.509640
29.143,True,2.611,True,0.490157,0.488714,True,2.435,True,0.506408,0.509640
29.154,True,2.611,True,0.490157,0.488714,True,2.435,True,0.506408,0.509640
29.165,True,2.611,True,0.490157,0.488714,True,2.435,True,0.506360,0.509620
29.176,True,2.611,True,0.490295,0.488629,True,2.435,True,0.506360,0.509620
29.188,True,2.611,True,0.490295,0.488629,True,2.435,True,0.506360,0.509620
29.199,True,2.611,True,0.490295,0.488629,True,2.435,True,0.506431,0.509666
29.210,True,2.611,True,0.490313,0.488870,True,2.435,True,0.506431,0.509666
29.221,True,2.611,True,0.490313,0.488870,True,2.435,True,0.506431,0.509666
29.232,True,2.611,True,0.490313,0.488870,True,2.435,True,0.506397,0.509720
29.243,True,2.611,True,0.490157,0.488719,True,2.435,True,0.506397,0.509720
29.254,True,2.611,True,0.490157,0.488719,True,2.435,True,0.506397,0.509720
29.265,True,2.611,True,0.490157,0.488719,True,2.435,True,0.506152,0.509701
29.276,True,2.611,True,0.490123,0.488877,True,2.435,True,0.506152,0.509701
29.288,True,2.611,True,0.490123,0.488877,True,2.435,True,0.506152,0.509701
29.299,True,2.611,True,0.490123,0.488877,True,2.435,True,0.506225,0.509674
29.310,True,2.611,True,0.490123,0.488877,True,2.435,True,0.506225,0.509674
29.321,True,2.611,True,0.490179,0.488429,True,2.435,True,0.506225,0.509674
29.332,True,2.611,True,0.490179,0.488429,True,2.435,True,0.506178,0.509627
29.343,True,2.611,True,0.490179,0.488429,True,2.435,True,0.506178,0.509627
29.354,True,2.611,True,0.490175,0.488892,True,2.435,True,0.506178,0.509627
29.365,True,2.611,True,0.490175,0.488892,True,2.435,True,0.505965,0.509623
29.376,True,2.611,True,0.490175,0.488892,True,2.435,True,0.505965,0.509623
29.387,True,2.611,True,0.490079,0.488653,True,2.435,True,0.505965,0.509623
29.398,True,2.611,True,0.490079,0.488653,True,2.435,True,0.506024,0.509765
29.410,True,2.611,True,0.490079,0.488653,True,2.435,True,0.506024,0.509765
29.421,True,2.611,True,0.489851,0.488823,True,2.435,True,0.506024,0.509765
29.432,True,2.611,True,0.489851,0.488823,True,2.435,True,0.505980,0.509662
29.443,True,2.611,True,0.489851,0.488823,True,2.435,True,0.505980,0.509662
29.454,True,2.537,True,0.489896,0.488549,True,2.435,True,0.505980,0.509662
29.465,True,2.537,True,0.489896,0.488549,True,2.435,True,0.505906,0.509837
29.480,True,2.537,True,0.489603,0.488407,True,2.435,True,0.505906,0.509837
29.491,True,2.537,True,0.489603,0.488407,True,2.435,True,0.505906,0.509837
29.502,True,2.537,True,0.489603,0.488407,True,2.435,True,0.505929,0.509783
29.514,True,2.537,True,0.490124,0.488626,True,2.435,True,0.505929,0.509783
29.524,True,2.537,True,0.490124,0.488626,True,2.435,True,0.505929,0.509783
29.536,True,2.537,True,0.490124,0.488626,True,2.435,True,0.506069,0.509840
29.547,True,2.537,True,0.489877,0.488631,True,2.435,True,0.506069,0.509840
29.558,True,2.537,True,0.489877,0.488631,True,2.435,True,0.506103,0.509902
29.569,True,2.537,True,0.489877,0.488631,True,2.435,True,0.506103,0.509902
29.580,True,2.537,True,0.489805,0.488793,True,2.435,True,0.506103,0.509902
29.591,True,2.537,True,0.489805,0.488793,True,2.435,True,0.505997,0.509938
29.603,True,2.537,True,0.489805,0.488793,True,2.435,True,0.505997,0.509938
29.613,True,2.537,True,0.489968,0.488564,True,2.435,True,0.505997,0.509938
29.624,True,2.537,True,0.489968,0.488564,True,2.435,True,0.505997,0.509938
29.636,True,2.537,True,0.489968,0.488564,True,2.435,True,0.506096,0.510099
29.647,True,2.537,True,0.489652,0.488892,True,2.435,True,0.506096,0.510099
29.658,True,2.537,True,0.489652,0.488892,True,2.435,True,0.506096,0.510099
29.669,True,2.537,True,0.489652,0.488892,True,2.435,True,0.505759,0.509763
29.680,True,2.537,True,0.489652,0.488892,True,2.435,True,0.505759,0.509763
29.691,True,2.537,True,0.489938,0.488345,True,2.435,True,0.505759,0.509763
29.702,True,2.537,True,0.489938,0.488345,True,2.435,True,0.505635,0.509845
29.714,True,2.537,True,0.489921,0.488795,True,2.435,True,0.505635,0.509845
29.724,True,2.537,True,0.489921,0.488795,True,2.435,True,0.505635,0.509845
29.736,True,2.537,True,0.489921,0.488795,True,2.435,True,0.505750,0.509987
29.747,True,2.537,True,0.489177,0.488365,True,2.435,True,0.505750,0.509987
29.758,True,2.537,True,0.489177,0.488365,True,2.435,True,0.505750,0.509987
29.769,True,2.537,True,0.489177,0.488365,True,2.435,True,0.505275,0.510329
29.780,True,2.537,True,0.489346,0.488393,True,2.435,True,0.505275,0.510329
29.791,True,2.537,True,0.489346,0.488393,True,2.435,True,0.505275,0.510329
29.802,True,2.537,True,0.489346,0.488393,True,2.435,True,0.505216,0.510163
29.814,True,2.537,True,0.489034,0.488578,True,2.435,True,0.505216,0.510163
29.825,True,2.537,True,0.489034,0.488578,True,2.435,True,0.505216,0.510163
29.836,True,2.537,True,0.489034,0.488578,True,2.435,True,0.504981,0.510401
29.847,True,2.537,True,0.488922,0.488673,True,2.435,True,0.504981,0.510401
29.858,True,2.537,True,0.488922,0.488673,True,2.435,True,0.504981,0.510401
29.869,True,2.537,True,0.488922,0.488673,True,2.435,True,0.505156,0.510441
29.880,True,2.537,True,0.488972,0.488575,True,2.435,True,0.505156,0.510441
29.891,True,2.537,True,0.488972,0.488575,True,2.435,True,0.505156,0.510441
29.902,True,2.537,True,0.488972,0.488575,True,2.435,True,0.504803,0.510128
29.914,True,2.537,True,0.489030,0.488675,True,2.435,True,0.504803,0.510128
29.925,True,2.537,True,0.489030,0.488675,True,2.435,True,0.505108,0.510163
29.936,True,2.537,True,0.489030,0.488675,True,2.435,True,0.505108,0.510163
29.947,True,2.537,True,0.489082,0.488555,True,2.435,True,0.505108,0.510163
29.958,True,2.537,True,0.489082,0.488555,True,2.435,True,0.505108,0.510163
29.969,True,2.611,True,0.489082,0.488555,True,2.293,True,0.504964,0.510133
29.980,True,2.611,True,0.489041,0.488745,True,2.293,True,0.504964,0.510133
29.992,True,2.611,True,0.489041,0.488745,True,2.293,True,0.504964,0.510133
30.003,True,2.611,True,0.489041,0.488745,True,2.293,True,0.504824,0.510166
30.014,True,2.611,True,0.489041,0.488745,True,2.293,True,0.504824,0.510166
30.025,True,2.611,True,0.489091,0.488501,True,2.293,True,0.504824,0.510166
30.036,True,2.611,True,0.489091,0.488501,True,2.293,True,0.504948,0.510351
30.047,True,2.611,True,0.489002,0.488408,True,2.293,True,0.504948,0.510351
30.058,True,2.611,True,0.489002,0.488408,True,2.293,True,0.504948,0.510351
30.069,True,2.611,True,0.489002,0.488408,True,2.293,True,0.505080,0.509959
30.080,True,2.611,True,0.489002,0.488408,True,2.293,True,0.505080,0.509959
30.091,True,2.611,True,0.488856,0.488482,True,2.293,True,0.505080,0.509959
30.103,True,2.611,True,0.488856,0.488482,True,2.293,True,0.505027,0.509909
30.114,True,2.611,True,0.488805,0.488398,True,2.293,True,0.505027,0.509909
30.125,True,2.611,True,0.488805,0.488398,True,2.293,True,0.505027,0.509909
30.136,True,2.611,True,0.488805,0.488398,True,2.293,True,0.504739,0.509976
30.147,True,2.611,True,0.488778,0.488738,True,2.293,True,0.504739,0.509976
30.158,True,2.611,True,0.488778,0.488738,True,2.293,True,0.504739,0.509976
30.169,True,2.611,True,0.488778,0.488738,True,2.293,True,0.504825,0.510056
30.181,True,2.611,True,0.488961,0.488358,True,2.293,True,0.504825,0.510056
30.191,True,2.611,True,0.488961,0.488358,True,2.293,True,0.504825,0.510056
30.203,True,2.611,True,0.488961,0.488358,True,2.293,True,0.504604,0.510086
30.214,True,2.611,True,0.488574,0.488513,True,2.293,True,0.504604,0.510086
30.225,True,2.611,True,0.488574,0.488513,True,2.293,True,0.504604,0.510086
30.236,True,2.611,True,0.488574,0.488513,True,2.293,True,0.504807,0.510149
30.247,True,2.611,True,0.488814,0.488591,True,2.293,True,0.504807,0.510149
30.258,True,2.611,True,0.488814,0.488591,True,2.293,True,0.504807,0.510149
30.269,True,2.611,True,0.488814,0.488591,True,2.293,True,0.504814,0.510375
30.280,True,2.611,True,0.488392,0.488346,True,2.293,True,0.504814,0.510375
30.292,True,2.611,True,0.488392,0.488346,True,2.293,True,0.504814,0.510375
30.303,True,2.611,True,0.488392,0.488346,True,2.293,True,0.505377,0.510097
30.314,True,2.611,True,0.489044,0.488935,True,2.293,True,0.505377,0.510097
30.325,True,2.611,True,0.489044,0.488935,True,2.293,True,0.505377,0.510097
30.336,True,2.611,True,0.489044,0.488935,True,2.293,True,0.505253,0.510280
30.347,True,2.611,True,0.489044,0.488935,True,2.293,True,0.505253,0.510280
30.358,True,2.611,True,0.488891,0.488779,True,2.293,True,0.505253,0.510280
30.369,True,2.611,True,0.488891,0.488779,True,2.293,True,0.505106,0.510263
30.380,True,2.611,True,0.488891,0.488779,True,2.293,True,0.505106,0.510263
30.391,True,2.611,True,0.488979,0.488610,True,2.293,True,0.505106,0.510263
30.402,True,2.611,True,0.488979,0.488610,True,2.293,True,0.505460,0.510157
30.414,True,2.611,True,0.488979,0.488610,True,2.293,True,0.505460,0.510157
30.425,True,2.611,True,0.489083,0.488603,True,2.293,True,0.505460,0.510157
30.436,True,2.611,True,0.489083,0.488603,True,2.293,True,0.505332,0.510191
30.447,True,2.611,True,0.489083,0.488603,True,2.293,True,0.505332,0.510191
30.458,True,2.611,True,0.489083,0.488603,True,2.293,True,0.505332,0.510191
30.469,True,2.687,True,0.488783,0.488859,True,2.293,True,0.505165,0.510087
30.480,True,2.687,True,0.488783,0.488859,True,2.293,True,0.505165,0.510087
30.491,True,2.687,True,0.488602,0.488565,True,2.293,True,0.505165,0.510087
30.503,True,2.687,True,0.488602,0.488565,True,2.293,True,0.505127,0.510097
30.514,True,2.687,True,0.488602,0.488565,True,2.293,True,0.505127,0.510097
30.525,True,2.687,True,0.488452,0.488459,True,2.293,True,0.505127,0.510097
30.536,True,2.687,True,0.488452,0.488459,True,2.293,True,0.505256,0.510086
30.547,True,2.687,True,0.488452,0.488459,True,2.293,True,0.505256,0.510086
30.558,True,2.687,True,0.488932,0.488726,True,2.293,True,0.505256,0.510086
30.569,True,2.687,True,0.488932,0.488726,True,2.293,True,0.505071,0.510198
30.580,True,2.687,True,0.488932,0.488726,True,2.293,True,0.505071,0.510198
30.592,True,2.687,True,0.488798,0.488868,True,2.293,True,0.505071,0.510198
30.603,True,2.687,True,0.488798,0.488868,True,2.293,True,0.505249,0.510015
30.614,True,2.687,True,0.488798,0.488868,True,2.293,True,0.505249,0.510015
30.625,True,2.687,True,0.488898,0.488558,True,2.293,True,0.505249,0.510015
30.636,True,2.687,True,0.488898,0.488558,True,2.293,True,0.504357,0.510043
30.647,True,2.687,True,0.488898,0.488558,True,2.293,True,0.504357,0.510043
30.658,True,2.687,True,0.487906,0.488515,True,2.293,True,0.504357,0.510043
30.669,True,2.687,True,0.487906,0.488515,True,2.293,True,0.504091,0.510163
30.680,True,2.687,True,0.487906,0.488515,True,2.293,True,0.504091,0.510163
30.691,True,2.687,True,0.488013,0.488643,True,2.293,True,0.504091,0.510163
30.702,True,2.687,True,0.488013,0.488643,True,2.293,True,0.504165,0.510180
30.713,True,2.687,True,0.488013,0.488643,True,2.293,True,0.504165,0.510180
30.725,True,2.687,True,0.488103,0.488430,True,2.293,True,0.504165,0.510180
30.736,True,2.687,True,0.488103,0.488430,True,2.293,True,0.503918,0.510248
30.747,True,2.687,True,0.488103,0.488430,True,2.293,True,0.503918,0.510248
30.758,True,2.687,True,0.488064,0.488477,True,2.293,True,0.503918,0.510248
30.769,True,2.687,True,0.488064,0.488477,True,2.293,True,0.503918,0.510248
30.780,True,2.687,True,0.488064,0.488477,True,2.293,True,0.503664,0.510265
30.791,True,2.687,True,0.487825,0.488339,True,2.293,True,0.503664,0.510265
30.802,True,2.687,True,0.487825,0.488339,True,2.293,True,0.503664,0.510265
30.814,True,2.687,True,0.487825,0.488339,True,2.293,True,0.504004,0.510173
30.825,True,2.687,True,0.488093,0.488111,True,2.293,True,0.504004,0.510173
30.836,True,2.687,True,0.488093,0.488111,True,2.293,True,0.504004,0.510173
30.847,True,2.687,True,0.488093,0.488111,True,2.293,True,0.503855,0.509988
30.858,True,2.687,True,0.488706,0.488473,True,2.293,True,0.503855,0.509988
30.869,True,2.687,True,0.488706,0.488473,True,2.293,True,0.503855,0.509988
30.880,True,2.687,True,0.488706,0.488473,True,2.293,True,0.506239,0.509517
30.891,True,2.687,True,0.490533,0.488780,True,2.293,True,0.506239,0.509517
30.902,True,2.687,True,0.490533,0.488780,True,2.293,True,0.506239,0.509517
30.914,True,2.687,True,0.490533,0.488780,True,2.293,True,0.506300,0.509570
30.925,True,2.687,True,0.490553,0.488841,True,2.293,True,0.506300,0.509570
30.936,True,2.687,True,0.490553,0.488841,True,2.293,True,0.506300,0.509570
30.947,True,2.687,True,0.490553,0.488841,True,2.293,True,0.506449,0.509724
30.958,True,2.687,True,0.490348,0.488935,True,2.293,True,0.506449,0.509724
30.969,True,2.687,True,0.490348,0.488935,True,2.293,True,0.506449,0.509724
30.980,True,2.687,True,0.490348,0.488935,True,2.293,True,0.506449,0.509724
30.991,True,2.687,True,0.490241,0.489387,True,2.156,True,0.506470,0.509556
31.002,True,2.687,True,0.490241,0.489387,True,2.156,True,0.506470,0.509556
31.014,True,2.687,True,0.490241,0.489387,True,2.156,True,0.506387,0.509597
31.025,True,2.687,True,0.490448,0.489143,True,2.156,True,0.506387,0.509597
31.036,True,2.687,True,0.490448,0.489143,True,2.156,True,0.506625,0.509566
31.047,True,2.687,True,0.490448,0.489143,True,2.156,True,0.506625,0.509566
31.058,True,2.687,True,0.490448,0.489143,True,2.156,True,0.506625,0.509566
31.069,True,2.687,True,0.490278,0.489043,True,2.156,True,0.506625,0.509566
31.080,True,2.687,True,0.490278,0.489043,True,2.156,True,0.506543,0.509435
31.091,True,2.687,True,0.490278,0.489043,True,2.156,True,0.506543,0.509435
31.102,True,2.687,True,0.490181,0.489235,True,2.156,True,0.506543,0.509435
31.114,True,2.687,True,0.490181,0.489235,True,2.156,True,0.506392,0.509732
31.125,True,2.687,True,0.490181,0.489235,True,2.156,True,0.506392,0.509732
31.136,True,2.687,True,0.490533,0.489282,True,2.156,True,0.506392,0.509732
31.147,True,2.687,True,0.490533,0.489282,True,2.156,True,0.506177,0.509715
31.158,True,2.687,True,0.489269,0.488798,True,2.156,True,0.506177,0.509715
31.169,True,2.687,True,0.489269,0.488798,True,2.156,True,0.506177,0.509715
31.181,True,2.687,True,0.489269,0.488798,True,2.156,True,0.504677,0.509884
31.192,True,2.687,True,0.488891,0.488553,True,2.156,True,0.504677,0.509884
31.203,True,2.687,True,0.488891,0.488553,True,2.156,True,0.504677,0.509884
31.214,True,2.687,True,0.488891,0.488553,True,2.156,True,0.504468,0.509927
31.225,True,2.687,True,0.488749,0.488449,True,2.156,True,0.504468,0.509927
31.236,True,2.687,True,0.488749,0.488449,True,2.156,True,0.504468,0.509927
31.247,True,2.687,True,0.488749,0.488449,True,2.156,True,0.504816,0.509969
31.258,True,2.687,True,0.488499,0.489008,True,2.156,True,0.504816,0.509969
31.269,True,2.687,True,0.488499,0.489008,True,2.156,True,0.504816,0.509969
31.280,True,2.687,True,0.488499,0.489008,True,2.156,True,0.505047,0.509849
31.291,True,2.687,True,0.488936,0.488785,True,2.156,True,0.505047,0.509849
31.303,True,2.687,True,0.488936,0.488785,True,2.156,True,0.505047,0.509849
31.314,True,2.687,True,0.488936,0.488785,True,2.156,True,0.505041,0.509919
31.325,True,2.687,True,0.488963,0.488652,True,2.156,True,0.505041,0.509919
31.336,True,2.687,True,0.488963,0.488652,True,2.156,True,0.505041,0.509919
31.347,True,2.687,True,0.488963,0.488652,True,2.156,True,0.504958,0.509947
31.358,True,2.687,True,0.488813,0.488713,True,2.156,True,0.504958,0.509947
31.369,True,2.687,True,0.488813,0.488713,True,2.156,True,0.504958,0.509947
31.380,True,2.687,True,0.488813,0.488713,True,2.156,True,0.504996,0.509998
31.392,True,2.687,True,0.488919,0.488781,True,2.156,True,0.504996,0.509998
31.403,True,2.687,True,0.488919,0.488781,True,2.156,True,0.504996,0.509998
31.414,True,2.687,True,0.488919,0.488781,True,2.156,True,0.506742,0.509901
31.425,True,2.687,True,0.490414,0.489352,True,2.156,True,0.506742,0.509901
31.436,True,2.687,True,0.490414,0.489352,True,2.156,True,0.506742,0.509901
31.447,True,2.687,True,0.490414,0.489352,True,2.156,True,0.506450,0.510079
31.458,True,2.687,True,0.490414,0.489352,True,2.156,True,0.506450,0.510079
31.469,True,2.514,True,0.490301,0.489457,True,2.156,True,0.506450,0.510079
31.480,True,2.514,True,0.490301,0.489457,True,2.156,True,0.506854,0.509892
31.492,True,2.514,True,0.490301,0.489457,True,2.156,True,0.506854,0.509892
31.503,True,2.514,True,0.490247,0.489724,True,2.156,True,0.506854,0.509892
31.514,True,2.514,True,0.490247,0.489724,True,2.156,True,0.506202,0.509964
31.525,True,2.514,True,0.490247,0.489724,True,2.156,True,0.506202,0.509964
31.536,True,2.514,True,0.490337,0.489520,True,2.156,True,0.506202,0.509964
31.547,True,2.514,True,0.490337,0.489520,True,2.156,True,0.506561,0.509915
31.558,True,2.514,True,0.490337,0.489520,True,2.156,True,0.506561,0.509915
31.569,True,2.514,True,0.490192,0.489326,True,2.156,True,0.506561,0.509915
31.581,True,2.514,True,0.490192,0.489326,True,2.156,True,0.506468,0.509978
31.592,True,2.514,True,0.490192,0.489326,True,2.156,True,0.506468,0.509978
31.603,True,2.514,True,0.490155,0.489317,True,2.156,True,0.506468,0.509978
31.614,True,2.514,True,0.490155,0.489317,True,2.156,True,0.506286,0.510035
31.625,True,2.514,True,0.490100,0.489547,True,2.156,True,0.506286,0.510035
31.636,True,2.514,True,0.490100,0.489547,True,2.156,True,0.506286,0.510035
31.647,True,2.514,True,0.490100,0.489547,True,2.156,True,0.506147,0.510082
31.658,True,2.514,True,0.490488,0.489487,True,2.156,True,0.506147,0.510082
31.669,True,2.514,True,0.490488,0.489487,True,2.156,True,0.506147,0.510082
31.681,True,2.514,True,0.490488,0.489487,True,2.156,True,0.506276,0.509928
31.692,True,2.514,True,0.490488,0.489487,True,2.156,True,0.506276,0.509928
31.703,True,2.514,True,0.490183,0.489286,True,2.156,True,0.506276,0.509928
31.714,True,2.514,True,0.490183,0.489286,True,2.156,True,0.506037,0.509927
31.725,True,2.514,True,0.490087,0.489385,True,2.156,True,0.506037,0.509927
31.736,True,2.514,True,0.490087,0.489385,True,2.156,True,0.506037,0.509927
31.747,True,2.514,True,0.490087,0.489385,True,2.156,True,0.506307,0.509979
31.758,True,2.514,True,0.490090,0.489474,True,2.156,True,0.506307,0.509979
31.769,True,2.514,True,0.490090,0.489474,True,2.156,True,0.506307,0.509979
31.780,True,2.514,True,0.490090,0.489474,True,2.156,True,0.506210,0.509835
31.791,True,2.514,True,0.490129,0.489120,True,2.156,True,0.506210,0.509835
31.802,True,2.514,True,0.490129,0.489120,True,2.156,True,0.506210,0.509835
31.814,True,2.514,True,0.490129,0.489120,True,2.156,True,0.506191,0.509855
31.825,True,2.514,True,0.490192,0.489169,True,2.156,True,0.506191,0.509855
31.836,True,2.514,True,0.490192,0.489169,True,2.156,True,0.506191,0.509855
31.847,True,2.514,True,0.490192,0.489169,True,2.156,True,0.506154,0.509811
31.858,True,2.514,True,0.490192,0.489169,True,2.156,True,0.506154,0.509811
31.869,True,2.514,True,0.490120,0.489488,True,2.156,True,0.506154,0.509811
31.880,True,2.514,True,0.490120,0.489488,True,2.156,True,0.506248,0.509798
31.891,True,2.514,True,0.490120,0.489488,True,2.156,True,0.506248,0.509798
31.902,True,2.514,True,0.490157,0.489487,True,2.156,True,0.506248,0.509798
31.913,True,2.514,True,0.490157,0.489487,True,2.156,True,0.506248,0.509798
31.925,True,2.514,True,0.490157,0.489487,True,2.156,True,0.506288,0.509801
31.936,True,2.514,True,0.490288,0.489345,True,2.156,True,0.506288,0.509801
31.947,True,2.514,True,0.490288,0.489345,True,2.156,True,0.506269,0.509883
31.958,True,2.514,True,0.490288,0.489345,True,2.156,True,0.506269,0.509883
31.974,True,2.514,True,0.490059,0.489439,True,2.156,True,0.506269,0.509883
31.985,True,2.514,True,0.490059,0.489439,True,2.156,True,0.506269,0.509883
31.996,True,2.687,True,0.490079,0.489738,True,2.143,True,0.506237,0.509951
32.007,True,2.687,True,0.490079,0.489738,True,2.143,True,0.506237,0.509951
32.018,True,2.687,True,0.490079,0.489738,True,2.143,True,0.506120,0.509790
32.030,True,2.687,True,0.490133,0.489408,True,2.143,True,0.506120,0.509790
32.040,True,2.687,True,0.490133,0.489408,True,2.143,True,0.506120,0.509790
32.052,True,2.687,True,0.490133,0.489408,True,2.143,True,0.506507,0.510001
32.063,True,2.687,True,0.490130,0.489436,True,2.143,True,0.506507,0.510001
32.074,True,2.687,True,0.490130,0.489436,True,2.143,True,0.506507,0.510001
32.085,True,2.687,True,0.490130,0.489436,True,2.143,True,0.506180,0.509981
32.096,True,2.687,True,0.490130,0.489436,True,2.143,True,0.506180,0.509981
32.107,True,2.687,True,0.490116,0.489620,True,2.143,True,0.506180,0.509981
32.118,True,2.687,True,0.490116,0.489620,True,2.143,True,0.506004,0.509738
32.130,True,2.687,True,0.490116,0.489620,True,2.143,True,0.506004,0.509738
32.141,True,2.687,True,0.489950,0.489366,True,2.143,True,0.506004,0.509738
32.152,True,2.687,True,0.489950,0.489366,True,2.143,True,0.505324,0.509858
32.163,True,2.687,True,0.489950,0.489366,True,2.143,True,0.505324,0.509858
32.174,True,2.687,True,0.489722,0.489355,True,2.143,True,0.505324,0.509858
32.185,True,2.687,True,0.489722,0.489355,True,2.143,True,0.505804,0.509949
32.196,True,2.687,True,0.489722,0.489355,True,2.143,True,0.505804,0.509949
32.207,True,2.687,True,0.490076,0.489370,True,2.143,True,0.505804,0.509949
32.219,True,2.687,True,0.490076,0.489370,True,2.143,True,0.505518,0.509964
32.230,True,2.687,True,0.490076,0.489370,True,2.143,True,0.505518,0.509964
32.241,True,2.687,True,0.489885,0.489298,True,2.143,True,0.505518,0.509964
32.252,True,2.687,True,0.489885,0.489298,True,2.143,True,0.505724,0.510052
32.263,True,2.687,True,0.489885,0.489298,True,2.143,True,0.505724,0.510052
32.274,True,2.687,True,0.490050,0.489274,True,2.143,True,0.505724,0.510052
32.285,True,2.687,True,0.490050,0.489274,True,2.143,True,0.505305,0.509914
32.296,True,2.687,True,0.490050,0.489274,True,2.143,True,0.505305,0.509914
32.307,True,2.687,True,0.489945,0.489216,True,2.143,True,0.505305,0.509914
32.318,True,2.687,True,0.489945,0.489216,True,2.143,True,0.505719,0.509912
32.330,True,2.687,True,0.489945,0.489216,True,2.143,True,0.505719,0.509912
32.341,True,2.687,True,0.489883,0.489432,True,2.143,True,0.505719,0.509912
32.352,True,2.687,True,0.489883,0.489432,True,2.143,True,0.505613,0.509916
32.363,True,2.687,True,0.489883,0.489432,True,2.143,True,0.505613,0.509916
32.374,True,2.687,True,0.489823,0.488920,True,2.143,True,0.505613,0.509916
32.385,True,2.687,True,0.489823,0.488920,True,2.143,True,0.505370,0.510163
32.397,True,2.687,True,0.489823,0.488920,True,2.143,True,0.505370,0.510163
32.408,True,2.687,True,0.489528,0.488984,True,2.143,True,0.505370,0.510163
32.419,True,2.687,True,0.489528,0.488984,True,2.143,True,0.505221,0.509961
32.430,True,2.687,True,0.489528,0.488984,True,2.143,True,0.505221,0.509961
32.441,True,2.687,True,0.489376,0.489182,True,2.143,True,0.505221,0.509961
32.452,True,2.687,True,0.489376,0.489182,True,2.143,True,0.505385,0.509924
32.463,True,2.687,True,0.489376,0.489182,True,2.143,True,0.505385,0.509924
32.474,True,2.548,True,0.489827,0.489188,True,2.143,True,0.505385,0.509924
32.485,True,2.548,True,0.489827,0.489188,True,2.143,True,0.505579,0.509989
32.496,True,2.548,True,0.489671,0.489270,True,2.143,True,0.505579,0.509989
32.508,True,2.548,True,0.489671,0.489270,True,2.143,True,0.505579,0.509989
32.519,True,2.548,True,0.489671,0.489270,True,2.143,True,0.505717,0.510199
32.530,True,2.548,True,0.489878,0.489070,True,2.143,True,0.505717,0.510199
32.541,True,2.548,True,0.489878,0.489070,True,2.143,True,0.505717,0.510199
32.552,True,2.548,True,0.489878,0.489070,True,2.143,True,0.505646,0.509945
32.563,True,2.548,True,0.489878,0.489070,True,2.143,True,0.505646,0.509945
32.574,True,2.548,True,0.489243,0.489014,True,2.143,True,0.505646,0.509945
32.585,True,2.548,True,0.489243,0.489014,True,2.143,True,0.504909,0.510201
32.597,True,2.548,True,0.489243,0.489014,True,2.143,True,0.504909,0.510201
32.607,True,2.548,True,0.488988,0.489121,True,2.143,True,0.504909,0.510201
32.619,True,2.548,True,0.488988,0.489121,True,2.143,True,0.505086,0.510030
32.630,True,2.548,True,0.488988,0.489121,True,2.143,True,0.505086,0.510030
32.641,True,2.548,True,0.488967,0.488947,True,2.143,True,0.505086,0.510030
32.652,True,2.548,True,0.488967,0.488947,True,2.143,True,0.504655,0.509963
32.663,True,2.548,True,0.488967,0.488947,True,2.143,True,0.504655,0.509963
32.674,True,2.548,True,0.488769,0.488816,True,2.143,True,0.504655,0.509963
32.685,True,2.548,True,0.488769,0.488816,True,2.143,True,0.504959,0.510176
32.696,True,2.548,True,0.488769,0.488816,True,2.143,True,0.504959,0.510176
32.707,True,2.548,True,0.488722,0.488873,True,2.143,True,0.504959,0.510176
32.719,True,2.548,True,0.488722,0.488873,True,2.143,True,0.504959,0.510176
32.730,True,2.687,True,0.488722,0.488873,True,2.463,True,0.504978,0.509906
32.741,True,2.687,True,0.488834,0.488913,True,2.463,True,0.504978,0.509906
32.752,True,2.687,True,0.488834,0.488913,True,2.463,True,0.504978,0.509906
32.763,True,2.687,True,0.488834,0.488913,True,2.463,True,0.505118,0.510224
32.774,True,2.687,True,0.488834,0.488913,True,2.463,True,0.505118,0.510224
32.785,True,2.687,True,0.488678,0.489016,True,2.463,True,0.505118,0.510224
32.796,True,2.687,True,0.488678,0.489016,True,2.463,True,0.505118,0.510224
32.808,True,2.687,True,0.488678,0.489016,True,2.463,True,0.504865,0.510135
32.819,True,2.687,True,0.488932,0.489139,True,2.463,True,0.504865,0.510135
32.830,True,2.687,True,0.488932,0.489139,True,2.463,True,0.504865,0.510135
32.841,True,2.687,True,0.488932,0.489139,True,2.463,True,0.504800,0.510202
32.852,True,2.687,True,0.489032,0.489099,True,2.463,True,0.504800,0.510202
32.863,True,2.687,True,0.489032,0.489099,True,2.463,True,0.505147,0.510079
32.874,True,2.687,True,0.489032,0.489099,True,2.463,True,0.505147,0.510079
32.885,True,2.687,True,0.488875,0.489045,True,2.463,True,0.505147,0.510079
32.896,True,2.687,True,0.488875,0.489045,True,2.463,True,0.504857,0.510254
32.907,True,2.687,True,0.488875,0.489045,True,2.463,True,0.504857,0.510254
32.919,True,2.687,True,0.488990,0.489084,True,2.463,True,0.504857,0.510254
32.930,True,2.687,True,0.488990,0.489084,True,2.463,True,0.504694,0.510031
32.941,True,2.687,True,0.488990,0.489084,True,2.463,True,0.504694,0.510031
32.952,True,2.687,True,0.489418,0.488533,True,2.463,True,0.504694,0.510031
32.963,True,2.687,True,0.489418,0.488533,True,2.463,True,0.504713,0.510182
32.974,True,2.687,True,0.489418,0.488533,True,2.463,True,0.504713,0.510182
32.985,True,2.687,True,0.489200,0.488506,True,2.463,True,0.504713,0.510182
32.996,True,2.687,True,0.489200,0.488506,True,2.463,True,0.504879,0.510020
33.007,True,2.687,True,0.489200,0.488506,True,2.463,True,0.504879,0.510020
33.018,True,2.687,True,0.488800,0.488888,True,2.463,True,0.504879,0.510020
33.029,True,2.687,True,0.488800,0.488888,True,2.463,True,0.504879,0.510020
33.041,True,2.687,True,0.488800,0.488888,True,2.463,True,0.504681,0.510202
33.052,True,2.687,True,0.489086,0.488389,True,2.463,True,0.504681,0.510202
33.063,True,2.687,True,0.489086,0.488389,True,2.463,True,0.504681,0.510202
33.074,True,2.687,True,0.489086,0.488389,True,2.463,True,0.504621,0.509996
33.085,True,2.687,True,0.488999,0.488149,True,2.463,True,0.504621,0.509996
33.096,True,2.687,True,0.488999,0.488149,True,2.463,True,0.504621,0.509996
33.107,True,2.687,True,0.488999,0.488149,True,2.463,True,0.504562,0.509984
33.118,True,2.687,True,0.489072,0.488317,True,2.463,True,0.504562,0.509984
33.130,True,2.687,True,0.489072,0.488317,True,2.463,True,0.504562,0.509984
33.141,True,2.687,True,0.489072,0.488317,True,2.463,True,0.504561,0.510172
33.152,True,2.687,True,0.488804,0.488293,True,2.463,True,0.504561,0.510172
33.163,True,2.687,True,0.488804,0.488293,True,2.463,True,0.504561,0.510172
33.174,True,2.687,True,0.488804,0.488293,True,2.463,True,0.504545,0.510051
33.185,True,2.687,True,0.488856,0.488560,True,2.463,True,0.504545,0.510051
33.196,True,2.687,True,0.488856,0.488560,True,2.463,True,0.504545,0.510051
33.208,True,2.687,True,0.488856,0.488560,True,2.463,True,0.504342,0.510007
33.218,True,2.687,True,0.489071,0.488332,True,2.463,True,0.504342,0.510007
33.230,True,2.687,True,0.489071,0.488332,True,2.463,True,0.504660,0.510111
33.241,True,2.687,True,0.489071,0.488332,True,2.463,True,0.504660,0.510111
33.252,True,2.687,True,0.489071,0.488332,True,2.463,True,0.504660,0.510111
33.263,True,2.607,True,0.488893,0.488232,True,2.463,True,0.504564,0.510099
33.274,True,2.607,True,0.488893,0.488232,True,2.463,True,0.504564,0.510099
33.285,True,2.607,True,0.488602,0.488377,True,2.463,True,0.504564,0.510099
33.296,True,2.607,True,0.488602,0.488377,True,2.463,True,0.504564,0.510099
33.307,True,2.607,True,0.488602,0.488377,True,2.463,True,0.504467,0.509937
33.319,True,2.607,True,0.488753,0.488665,True,2.463,True,0.504467,0.509937
33.330,True,2.607,True,0.488753,0.488665,True,2.463,True,0.504467,0.509937
33.341,True,2.607,True,0.488753,0.488665,True,2.463,True,0.504330,0.509917
33.352,True,2.607,True,0.488753,0.488665,True,2.463,True,0.504330,0.509917
33.363,True,2.607,True,0.488757,0.488390,True,2.463,True,0.504330,0.509917
33.374,True,2.607,True,0.488757,0.488390,True,2.463,True,0.504611,0.509874
33.385,True,2.607,True,0.488553,0.488069,True,2.463,True,0.504611,0.509874
33.396,True,2.607,True,0.488553,0.488069,True,2.463,True,0.504611,0.509874
33.407,True,2.607,True,0.488553,0.488069,True,2.463,True,0.505425,0.509796
33.419,True,2.607,True,0.490690,0.488675,True,2.463,True,0.505425,0.509796
33.430,True,2.607,True,0.490690,0.488675,True,2.463,True,0.505425,0.509796
33.441,True,2.607,True,0.490690,0.488675,True,2.463,True,0.506492,0.509576
33.452,True,2.607,True,0.490690,0.488675,True,2.463,True,0.506492,0.509576
33.463,True,2.607,True,0.490556,0.488829,True,2.463,True,0.506492,0.509576
33.474,True,2.607,True,0.490556,0.488829,True,2.463,True,0.506820,0.509411
33.485,True,2.607,True,0.490556,0.488829,True,2.463,True,0.506820,0.509411
33.496,True,2.607,True,0.490753,0.488870,True,2.463,True,0.506820,0.509411
33.508,True,2.607,True,0.490753,0.488870,True,2.463,True,0.506898,0.509349
33.519,True,2.607,True,0.490502,0.488941,True,2.463,True,0.506898,0.509349
33.530,True,2.607,True,0.490502,0.488941,True,2.463,True,0.506898,0.509349
33.544,True,2.607,True,0.490502,0.488941,True,2.463,True,0.506685,0.509618
33.563,True,2.607,True,0.490566,0.488948,True,2.463,True,0.506685,0.509618
33.574,True,2.607,True,0.490566,0.488948,True,2.463,True,0.506011,0.509687
33.585,True,2.607,True,0.489206,0.488974,True,2.463,True,0.506011,0.509687
33.596,True,2.607,True,0.489206,0.488974,True,2.463,True,0.506011,0.509687
33.608,True,2.607,True,0.489206,0.488974,True,2.463,True,0.505213,0.509589
33.619,True,2.607,True,0.488936,0.488850,True,2.463,True,0.505213,0.509589
33.630,True,2.607,True,0.488936,0.488850,True,2.463,True,0.505213,0.509589
33.641,True,2.607,True,0.488936,0.488850,True,2.463,True,0.504910,0.509668
33.652,True,2.607,True,0.489139,0.488369,True,2.463,True,0.504910,0.509668
33.663,True,2.607,True,0.489139,0.488369,True,2.463,True,0.504910,0.509668
33.674,True,2.607,True,0.489139,0.488369,True,2.463,True,0.505123,0.509740
33.685,True,2.607,True,0.489458,0.488243,True,2.463,True,0.505123,0.509740
33.696,True,2.607,True,0.489458,0.488243,True,2.463,True,0.505123,0.509740
33.708,True,2.607,True,0.489458,0.488243,True,2.463,True,0.505049,0.509569
33.719,True,2.607,True,0.489458,0.488243,True,2.463,True,0.505049,0.509569
33.730,True,2.607,True,0.489192,0.488304,True,2.463,True,0.505049,0.509569
33.741,True,2.687,True,0.489192,0.488304,True,2.548,True,0.505241,0.509606
33.752,True,2.687,True,0.489192,0.488304,True,2.548,True,0.505241,0.509606
33.763,True,2.687,True,0.488942,0.488314,True,2.548,True,0.505241,0.509606
33.774,True,2.687,True,0.488942,0.488314,True,2.548,True,0.505038,0.509730
33.785,True,2.687,True,0.488942,0.488314,True,2.548,True,0.505038,0.509730
33.796,True,2.687,True,0.489217,0.488539,True,2.548,True,0.505038,0.509730
33.808,True,2.687,True,0.489217,0.488539,True,2.548,True,0.504857,0.509681
33.819,True,2.687,True,0.489217,0.488539,True,2.548,True,0.504857,0.509681
33.830,True,2.687,True,0.489331,0.488527,True,2.548,True,0.504857,0.509681
33.841,True,2.687,True,0.489331,0.488527,True,2.548,True,0.506596,0.509355
33.852,True,2.687,True,0.489331,0.488527,True,2.548,True,0.506596,0.509355
33.863,True,2.687,True,0.491361,0.489119,True,2.548,True,0.506596,0.509355
33.874,True,2.687,True,0.491361,0.489119,True,2.548,True,0.506749,0.509543
33.885,True,2.687,True,0.490831,0.489309,True,2.548,True,0.506749,0.509543
33.896,True,2.687,True,0.490831,0.489309,True,2.548,True,0.506749,0.509543
33.908,True,2.687,True,0.490831,0.489309,True,2.548,True,0.506954,0.509673
33.919,True,2.687,True,0.490821,0.489287,True,2.548,True,0.506954,0.509673
33.930,True,2.687,True,0.490821,0.489287,True,2.548,True,0.506954,0.509673
33.941,True,2.687,True,0.490821,0.489287,True,2.548,True,0.506772,0.509564
33.952,True,2.687,True,0.490944,0.489620,True,2.548,True,0.506772,0.509564
33.963,True,2.687,True,0.490944,0.489620,True,2.548,True,0.506772,0.509564
33.974,True,2.687,True,0.490944,0.489620,True,2.548,True,0.506871,0.509814
33.985,True,2.687,True,0.490751,0.489504,True,2.548,True,0.506871,0.509814
33.997,True,2.687,True,0.490751,0.489504,True,2.548,True,0.506871,0.509814
34.008,True,2.687,True,0.490751,0.489504,True,2.548,True,0.506161,0.509969
34.019,True,2.687,True,0.490751,0.489504,True,2.548,True,0.506161,0.509969
34.030,True,2.687,True,0.489843,0.488967,True,2.548,True,0.506161,0.509969
34.041,True,2.687,True,0.489843,0.488967,True,2.548,True,0.505602,0.510032
34.052,True,2.687,True,0.489843,0.488967,True,2.548,True,0.505602,0.510032
34.063,True,2.687,True,0.489672,0.488487,True,2.548,True,0.505602,0.510032
34.074,True,2.687,True,0.489672,0.488487,True,2.548,True,0.505319,0.509999
34.085,True,2.687,True,0.489672,0.488487,True,2.548,True,0.505319,0.509999
34.096,True,2.687,True,0.489635,0.488376,True,2.548,True,0.505319,0.509999
34.107,True,2.687,True,0.489635,0.488376,True,2.548,True,0.505319,0.509999
34.118,True,2.687,True,0.489635,0.488376,True,2.548,True,0.505618,0.509807
34.130,True,2.687,True,0.489800,0.488630,True,2.548,True,0.505618,0.509807
34.141,True,2.687,True,0.489800,0.488630,True,2.548,True,0.505618,0.509807
34.152,True,2.687,True,0.489800,0.488630,True,2.548,True,0.505661,0.510101
34.163,True,2.687,True,0.489550,0.488720,True,2.548,True,0.505661,0.510101
34.174,True,2.687,True,0.489550,0.488720,True,2.548,True,0.505475,0.509786
34.185,True,2.687,True,0.489550,0.488720,True,2.548,True,0.505475,0.509786
34.196,True,2.687,True,0.489783,0.488551,True,2.548,True,0.505475,0.509786
34.207,True,2.687,True,0.489783,0.488551,True,2.548,True,0.505419,0.510024
34.218,True,2.687,True,0.489783,0.488551,True,2.548,True,0.505419,0.510024
34.230,True,2.687,True,0.489879,0.488619,True,2.548,True,0.505419,0.510024
34.240,True,2.687,True,0.489879,0.488619,True,2.548,True,0.505419,0.510024
34.252,True,2.687,True,0.489879,0.488619,True,2.548,True,0.505420,0.509756
34.263,True,2.608,True,0.489198,0.488509,True,2.548,True,0.505420,0.509756
34.274,True,2.608,True,0.489198,0.488509,True,2.548,True,0.505420,0.509756
34.285,True,2.608,True,0.489198,0.488509,True,2.548,True,0.505195,0.509762
34.296,True,2.608,True,0.489349,0.488556,True,2.548,True,0.505195,0.509762
34.313,True,2.608,True,0.489349,0.488556,True,2.548,True,0.505158,0.509595
34.324,True,2.608,True,0.489627,0.488439,True,2.548,True,0.505158,0.509595
34.336,True,2.608,True,0.489627,0.488439,True,2.548,True,0.505158,0.509595
34.347,True,2.608,True,0.489627,0.488439,True,2.548,True,0.505209,0.509650
34.358,True,2.608,True,0.489348,0.488530,True,2.548,True,0.505209,0.509650
34.369,True,2.608,True,0.489348,0.488530,True,2.548,True,0.505209,0.509650
34.380,True,2.608,True,0.489348,0.488530,True,2.548,True,0.505196,0.509805
34.391,True,2.608,True,0.489533,0.488279,True,2.548,True,0.505196,0.509805
34.402,True,2.608,True,0.489533,0.488279,True,2.548,True,0.505196,0.509805
34.413,True,2.608,True,0.489533,0.488279,True,2.548,True,0.505179,0.510089
34.424,True,2.608,True,0.490925,0.488974,True,2.548,True,0.505179,0.510089
34.436,True,2.608,True,0.490925,0.488974,True,2.548,True,0.505179,0.510089
34.447,True,2.608,True,0.490925,0.488974,True,2.548,True,0.507648,0.509463
34.458,True,2.608,True,0.490925,0.488974,True,2.548,True,0.507648,0.509463
34.469,True,2.608,True,0.491849,0.489469,True,2.548,True,0.507648,0.509463
34.480,True,2.608,True,0.491849,0.489469,True,2.548,True,0.507870,0.509643
34.491,True,2.608,True,0.491849,0.489469,True,2.548,True,0.507870,0.509643
34.502,True,2.608,True,0.491594,0.489424,True,2.548,True,0.507870,0.509643
34.513,True,2.608,True,0.491594,0.489424,True,2.548,True,0.507723,0.509459
34.524,True,2.608,True,0.491594,0.489424,True,2.548,True,0.507723,0.509459
34.536,True,2.608,True,0.492043,0.489385,True,2.548,True,0.507723,0.509459
34.547,True,2.608,True,0.492043,0.489385,True,2.548,True,0.508238,0.509521
34.558,True,2.608,True,0.492043,0.489385,True,2.548,True,0.508238,0.509521
34.569,True,2.608,True,0.491991,0.489243,True,2.548,True,0.508238,0.509521
34.580,True,2.608,True,0.491991,0.489243,True,2.548,True,0.508238,0.509521
34.591,True,2.608,True,0.491991,0.489243,True,2.548,True,0.507970,0.509646
34.602,True,2.608,True,0.491915,0.489411,True,2.548,True,0.507970,0.509646
34.613,True,2.608,True,0.491915,0.489411,True,2.548,True,0.507904,0.509506
34.625,True,2.608,True,0.491915,0.489411,True,2.548,True,0.507904,0.509506
34.636,True,2.608,True,0.492207,0.489380,True,2.548,True,0.507904,0.509506
34.647,True,2.608,True,0.492207,0.489380,True,2.548,True,0.506696,0.509862
34.658,True,2.608,True,0.492207,0.489380,True,2.548,True,0.506696,0.509862
34.669,True,2.608,True,0.490543,0.488986,True,2.548,True,0.506696,0.509862
34.680,True,2.608,True,0.490543,0.488986,True,2.548,True,0.506742,0.509999
34.691,True,2.608,True,0.490543,0.488986,True,2.548,True,0.506742,0.509999
34.703,True,2.608,True,0.490223,0.488864,True,2.548,True,0.506742,0.509999
34.714,True,2.608,True,0.490223,0.488864,True,2.548,True,0.506393,0.509767
34.725,True,2.608,True,0.490223,0.488864,True,2.548,True,0.506393,0.509767
34.736,True,2.608,True,0.490399,0.488775,True,2.548,True,0.506393,0.509767
34.747,True,2.608,True,0.490399,0.488775,True,2.548,True,0.506393,0.509767
34.758,True,2.687,True,0.490399,0.488775,True,2.310,True,0.506371,0.509887
34.769,True,2.687,True,0.490350,0.488813,True,2.310,True,0.506371,0.509887
34.780,True,2.687,True,0.490350,0.488813,True,2.310,True,0.506306,0.509867
34.791,True,2.687,True,0.490350,0.488813,True,2.310,True,0.506306,0.509867
34.802,True,2.687,True,0.490209,0.488919,True,2.310,True,0.506306,0.509867
34.814,True,2.687,True,0.490209,0.488919,True,2.310,True,0.506254,0.510008
34.825,True,2.687,True,0.489829,0.489345,True,2.310,True,0.506254,0.510008
34.836,True,2.687,True,0.489829,0.489345,True,2.310,True,0.506254,0.510008
34.847,True,2.687,True,0.489829,0.489345,True,2.310,True,0.506518,0.510145
34.858,True,2.687,True,0.489924,0.489011,True,2.310,True,0.506518,0.510145
34.869,True,2.687,True,0.489924,0.489011,True,2.310,True,0.506518,0.510145
34.880,True,2.687,True,0.489924,0.489011,True,2.310,True,0.506388,0.510087
34.891,True,2.687,True,0.490174,0.488999,True,2.310,True,0.506388,0.510087
34.902,True,2.687,True,0.490174,0.488999,True,2.310,True,0.506388,0.510087
34.914,True,2.687,True,0.490174,0.488999,True,2.310,True,0.506398,0.510262
34.925,True,2.687,True,0.490174,0.488999,True,2.310,True,0.506398,0.510262
34.936,True,2.687,True,0.490041,0.489459,True,2.310,True,0.506398,0.510262
34.947,True,2.687,True,0.490041,0.489459,True,2.310,True,0.506735,0.510260
34.958,True,2.687,True,0.490041,0.489459,True,2.310,True,0.506735,0.510260
34.969,True,2.687,True,0.490300,0.489385,True,2.310,True,0.506735,0.510260
34.980,True,2.687,True,0.490300,0.489385,True,2.310,True,0.506702,0.510033
34.991,True,2.687,True,0.490300,0.489385,True,2.310,True,0.506702,0.510033
35.002,True,2.687,True,0.490365,0.489230,True,2.310,True,0.506702,0.510033
35.013,True,2.687,True,0.490365,0.489230,True,2.310,True,0.506702,0.510033
35.024,True,2.687,True,0.490365,0.489230,True,2.310,True,0.506506,0.509837
35.036,True,2.687,True,0.490428,0.489069,True,2.310,True,0.506506,0.509837
35.047,True,2.687,True,0.490428,0.489069,True,2.310,True,0.506506,0.509837
35.058,True,2.687,True,0.490428,0.489069,True,2.310,True,0.506843,0.509985
35.069,True,2.687,True,0.490466,0.489119,True,2.310,True,0.506843,0.509985
35.080,True,2.687,True,0.490466,0.489119,True,2.310,True,0.506843,0.509985
35.091,True,2.687,True,0.490466,0.489119,True,2.310,True,0.506834,0.510029
35.103,True,2.687,True,0.490155,0.489215,True,2.310,True,0.506834,0.510029
35.114,True,2.687,True,0.490155,0.489215,True,2.310,True,0.506531,0.510286
35.125,True,2.687,True,0.490155,0.489215,True,2.310,True,0.506531,0.510286
35.136,True,2.687,True,0.490590,0.489093,True,2.310,True,0.506531,0.510286
35.147,True,2.687,True,0.490590,0.489093,True,2.310,True,0.506720,0.510106
35.158,True,2.687,True,0.490590,0.489093,True,2.310,True,0.506720,0.510106
35.169,True,2.687,True,0.490053,0.489602,True,2.310,True,0.506720,0.510106
35.180,True,2.687,True,0.490053,0.489602,True,2.310,True,0.506573,0.510231
35.191,True,2.687,True,0.490053,0.489602,True,2.310,True,0.506573,0.510231
35.203,True,2.687,True,0.490566,0.489674,True,2.310,True,0.506573,0.510231
35.214,True,2.687,True,0.490566,0.489674,True,2.310,True,0.508187,0.510297
35.225,True,2.687,True,0.490566,0.489674,True,2.310,True,0.508187,0.510297
35.236,True,2.687,True,0.491895,0.490040,True,2.310,True,0.508187,0.510297
35.247,True,2.687,True,0.491895,0.490040,True,2.310,True,0.508177,0.509920
35.258,True,2.687,True,0.491895,0.490040,True,2.310,True,0.508177,0.509920
35.269,True,2.572,True,0.491782,0.489811,True,2.310,True,0.508177,0.509920
35.280,True,2.572,True,0.491782,0.489811,True,2.310,True,0.508177,0.509920
35.291,True,2.572,True,0.491782,0.489811,True,2.310,True,0.508409,0.510069
35.302,True,2.572,True,0.492210,0.489637,True,2.310,True,0.508409,0.510069
35.313,True,2.572,True,0.492210,0.489637,True,2.310,True,0.508409,0.510069
35.324,True,2.572,True,0.492210,0.489637,True,2.310,True,0.508396,0.509986
35.336,True,2.572,True,0.492160,0.489816,True,2.310,True,0.508396,0.509986
35.347,True,2.572,True,0.492160,0.489816,True,2.310,True,0.508396,0.509986
35.358,True,2.572,True,0.492160,0.489816,True,2.310,True,0.507224,0.510023
35.369,True,2.572,True,0.490619,0.489318,True,2.310,True,0.507224,0.510023
35.380,True,2.572,True,0.490619,0.489318,True,2.310,True,0.507224,0.510023
35.391,True,2.572,True,0.490619,0.489318,True,2.310,True,0.506969,0.510304
35.402,True,2.572,True,0.490640,0.489101,True,2.310,True,0.506969,0.510304
35.413,True,2.572,True,0.490640,0.489101,True,2.310,True,0.506969,0.510304
35.424,True,2.572,True,0.490640,0.489101,True,2.310,True,0.506326,0.510055
35.436,True,2.572,True,0.490469,0.489201,True,2.310,True,0.506326,0.510055
35.447,True,2.572,True,0.490469,0.489201,True,2.310,True,0.506326,0.510055
35.458,True,2.572,True,0.490469,0.489201,True,2.310,True,0.506488,0.510122
35.469,True,2.572,True,0.490380,0.489333,True,2.310,True,0.506488,0.510122
35.480,True,2.572,True,0.490380,0.489333,True,2.310,True,0.506488,0.510122
35.491,True,2.572,True,0.490380,0.489333,True,2.310,True,0.506313,0.510257
35.502,True,2.572,True,0.490748,0.489047,True,2.310,True,0.506313,0.510257
35.514,True,2.572,True,0.490748,0.489047,True,2.310,True,0.506313,0.510257
35.525,True,2.572,True,0.490748,0.489047,True,2.310,True,0.506416,0.510292
35.536,True,2.572,True,0.490182,0.489297,True,2.310,True,0.506416,0.510292
35.547,True,2.572,True,0.490182,0.489297,True,2.310,True,0.506416,0.510292
35.558,True,2.572,True,0.490182,0.489297,True,2.310,True,0.506423,0.510269
35.569,True,2.572,True,0.490395,0.489081,True,2.310,True,0.506423,0.510269
35.580,True,2.572,True,0.490395,0.489081,True,2.310,True,0.506423,0.510269
35.591,True,2.572,True,0.490395,0.489081,True,2.310,True,0.506077,0.510256
35.602,True,2.572,True,0.490101,0.489270,True,2.310,True,0.506077,0.510256
35.613,True,2.572,True,0.490101,0.489270,True,2.310,True,0.506077,0.510256
35.624,True,2.572,True,0.490101,0.489270,True,2.310,True,0.505307,0.510299
35.636,True,2.572,True,0.489475,0.488744,True,2.310,True,0.505307,0.510299
35.647,True,2.572,True,0.489475,0.488744,True,2.310,True,0.505307,0.510299
35.658,True,2.572,True,0.489475,0.488744,True,2.310,True,0.505288,0.510371
35.669,True,2.572,True,0.489475,0.488744,True,2.310,True,0.505288,0.510371
35.680,True,2.572,True,0.489226,0.488879,True,2.310,True,0.505288,0.510371
35.691,True,2.572,True,0.489226,0.488879,True,2.310,True,0.505549,0.510387
35.702,True,2.572,True,0.489226,0.488879,True,2.310,True,0.505549,0.510387
35.713,True,2.572,True,0.489235,0.488843,True,2.310,True,0.505549,0.510387
35.724,True,2.572,True,0.489235,0.488843,True,2.310,True,0.505387,0.510452
35.736,True,2.572,True,0.489235,0.488843,True,2.310,True,0.505387,0.510452
35.747,True,2.572,True,0.489190,0.488728,True,2.310,True,0.505387,0.510452
35.758,True,2.687,True,0.489190,0.488728,True,2.370,True,0.505010,0.510380
35.769,True,2.687,True,0.489190,0.488728,True,2.370,True,0.505010,0.510380
35.780,True,2.687,True,0.489294,0.488471,True,2.370,True,0.505010,0.510380
35.791,True,2.687,True,0.489294,0.488471,True,2.370,True,0.505357,0.510315
35.802,True,2.687,True,0.489294,0.488471,True,2.370,True,0.505357,0.510315
35.814,True,2.687,True,0.489210,0.488886,True,2.370,True,0.505357,0.510315
35.825,True,2.687,True,0.489210,0.488886,True,2.370,True,0.505300,0.510245
35.836,True,2.687,True,0.489210,0.488886,True,2.370,True,0.505300,0.510245
35.847,True,2.687,True,0.489266,0.488784,True,2.370,True,0.505300,0.510245
35.858,True,2.687,True,0.489266,0.488784,True,2.370,True,0.505941,0.510428
35.869,True,2.687,True,0.489266,0.488784,True,2.370,True,0.505941,0.510428
35.881,True,2.687,True,0.490514,0.489272,True,2.370,True,0.505941,0.510428
35.891,True,2.687,True,0.490514,0.489272,True,2.370,True,0.506528,0.510135
35.902,True,2.687,True,0.490514,0.489272,True,2.370,True,0.506528,0.510135
35.914,True,2.687,True,0.490246,0.489546,True,2.370,True,0.506528,0.510135
35.925,True,2.687,True,0.490246,0.489546,True,2.370,True,0.506328,0.510229
35.936,True,2.687,True,0.490246,0.489546,True,2.370,True,0.506328,0.510229
35.947,True,2.687,True,0.490080,0.489372,True,2.370,True,0.506328,0.510229
35.958,True,2.687,True,0.490080,0.489372,True,2.370,True,0.506355,0.510425
35.970,True,2.687,True,0.490288,0.489573,True,2.370,True,0.506355,0.510425
35.980,True,2.687,True,0.490288,0.489573,True,2.370,True,0.506355,0.510425
35.991,True,2.687,True,0.490288,0.489573,True,2.370,True,0.506760,0.510067
36.002,True,2.687,True,0.490328,0.489567,True,2.370,True,0.506760,0.510067
36.014,True,2.687,True,0.490328,0.489567,True,2.370,True,0.506760,0.510067
36.025,True,2.687,True,0.490328,0.489567,True,2.370,True,0.506483,0.510313
36.036,True,2.687,True,0.489983,0.489548,True,2.370,True,0.506483,0.510313
36.047,True,2.687,True,0.489983,0.489548,True,2.370,True,0.506483,0.510313
36.058,True,2.687,True,0.489983,0.489548,True,2.370,True,0.506439,0.510136
36.069,True,2.687,True,0.490336,0.489575,True,2.370,True,0.506439,0.510136
36.080,True,2.687,True,0.490336,0.489575,True,2.370,True,0.506439,0.510136
36.091,True,2.687,True,0.490336,0.489575,True,2.370,True,0.506503,0.510099
36.102,True,2.687,True,0.490336,0.489575,True,2.370,True,0.506503,0.510099
36.114,True,2.687,True,0.490319,0.489552,True,2.370,True,0.506503,0.510099
36.125,True,2.687,True,0.490319,0.489552,True,2.370,True,0.506457,0.510181
36.136,True,2.687,True,0.490319,0.489552,True,2.370,True,0.506457,0.510181
36.147,True,2.687,True,0.490655,0.489183,True,2.370,True,0.506457,0.510181
36.158,True,2.687,True,0.490655,0.489183,True,2.370,True,0.506219,0.510159
36.169,True,2.687,True,0.490655,0.489183,True,2.370,True,0.506219,0.510159
36.180,True,2.687,True,0.490160,0.489093,True,2.370,True,0.506219,0.510159
36.191,True,2.687,True,0.490160,0.489093,True,2.370,True,0.506481,0.510090
36.203,True,2.687,True,0.490160,0.489093,True,2.370,True,0.506481,0.510090
36.214,True,2.687,True,0.490232,0.489079,True,2.370,True,0.506481,0.510090
36.225,True,2.687,True,0.490232,0.489079,True,2.370,True,0.506156,0.510246
36.236,True,2.687,True,0.490136,0.489258,True,2.370,True,0.506156,0.510246
36.247,True,2.687,True,0.490136,0.489258,True,2.370,True,0.506156,0.510246
36.258,True,2.687,True,0.490136,0.489258,True,2.370,True,0.506272,0.510205
36.269,True,2.687,True,0.490136,0.489258,True,2.370,True,0.506272,0.510205
36.280,True,2.530,True,0.490152,0.488985,True,2.370,True,0.506272,0.510205
36.291,True,2.530,True,0.490152,0.488985,True,2.370,True,0.506183,0.510195
36.303,True,2.530,True,0.490152,0.488985,True,2.370,True,0.506183,0.510195
36.314,True,2.530,True,0.489858,0.489449,True,2.370,True,0.506183,0.510195
36.325,True,2.530,True,0.489858,0.489449,True,2.370,True,0.506189,0.510249
36.336,True,2.530,True,0.489858,0.489449,True,2.370,True,0.506189,0.510249
36.347,True,2.530,True,0.490804,0.489230,True,2.370,True,0.506189,0.510249
36.358,True,2.530,True,0.490804,0.489230,True,2.370,True,0.507641,0.509863
36.369,True,2.530,True,0.490804,0.489230,True,2.370,True,0.507641,0.509863
36.380,True,2.530,True,0.491354,0.489812,True,2.370,True,0.507641,0.509863
36.391,True,2.530,True,0.491354,0.489812,True,2.370,True,0.507641,0.509863
36.402,True,2.530,True,0.491354,0.489812,True,2.370,True,0.507930,0.509870
36.413,True,2.530,True,0.491468,0.490129,True,2.370,True,0.507930,0.509870
36.424,True,2.530,True,0.491468,0.490129,True,2.370,True,0.507930,0.509870
36.436,True,2.530,True,0.491468,0.490129,True,2.370,True,0.507801,0.510198
36.447,True,2.530,True,0.491254,0.490249,True,2.370,True,0.507801,0.510198
36.458,True,2.530,True,0.491254,0.490249,True,2.370,True,0.507801,0.510198
36.469,True,2.530,True,0.491254,0.490249,True,2.370,True,0.507808,0.510045
36.480,True,2.530,True,0.491456,0.490266,True,2.370,True,0.507808,0.510045
36.491,True,2.530,True,0.491456,0.490266,True,2.370,True,0.507808,0.510045
36.502,True,2.530,True,0.491456,0.490266,True,2.370,True,0.507811,0.509965
36.513,True,2.530,True,0.491288,0.490149,True,2.370,True,0.507811,0.509965
36.524,True,2.530,True,0.491288,0.490149,True,2.370,True,0.506849,0.509991
36.536,True,2.530,True,0.491288,0.490149,True,2.370,True,0.506849,0.509991
36.547,True,2.530,True,0.489952,0.489320,True,2.370,True,0.506849,0.509991
36.558,True,2.530,True,0.489952,0.489320,True,2.370,True,0.506849,0.509991
36.569,True,2.530,True,0.489952,0.489320,True,2.370,True,0.506055,0.510254
36.580,True,2.530,True,0.489441,0.489123,True,2.370,True,0.506055,0.510254
36.591,True,2.530,True,0.489441,0.489123,True,2.370,True,0.505941,0.510152
36.602,True,2.530,True,0.489441,0.489123,True,2.370,True,0.505941,0.510152
36.613,True,2.530,True,0.489604,0.489429,True,2.370,True,0.505941,0.510152
36.624,True,2.530,True,0.489604,0.489429,True,2.370,True,0.505941,0.510152
36.636,True,2.530,True,0.489604,0.489429,True,2.370,True,0.505957,0.510382
36.647,True,2.530,True,0.489314,0.489538,True,2.370,True,0.505957,0.510382
36.658,True,2.530,True,0.489314,0.489538,True,2.370,True,0.505957,0.510382
36.669,True,2.530,True,0.489314,0.489538,True,2.370,True,0.505958,0.510172
36.680,True,2.530,True,0.489596,0.489124,True,2.370,True,0.505958,0.510172
36.691,True,2.530,True,0.489596,0.489124,True,2.370,True,0.505958,0.510172
36.702,True,2.530,True,0.489596,0.489124,True,2.370,True,0.506879,0.510566
36.713,True,2.530,True,0.490694,0.489940,True,2.370,True,0.506879,0.510566
36.724,True,2.530,True,0.490694,0.489940,True,2.370,True,0.507555,0.510356
36.736,True,2.530,True,0.490694,0.489940,True,2.370,True,0.507555,0.510356
36.747,True,2.530,True,0.490646,0.490068,True,2.370,True,0.507555,0.510356
36.758,True,2.530,True,0.490646,0.490068,True,2.370,True,0.507555,0.510356
36.769,True,2.530,True,0.490646,0.490068,True,2.259,True,0.507766,0.510349
36.780,True,2.530,True,0.490965,0.490033,True,2.259,True,0.507766,0.510349
36.791,True,2.530,True,0.490965,0.490033,True,2.259,True,0.507766,0.510349
36.802,True,2.530,True,0.490965,0.490033,True,2.259,True,0.507577,0.510402
36.813,True,2.530,True,0.490965,0.490033,True,2.259,True,0.507577,0.510402
36.824,True,2.530,True,0.490682,0.489983,True,2.259,True,0.507577,0.510402
36.836,True,2.530,True,0.490682,0.489983,True,2.259,True,0.507709,0.510291
36.847,True,2.530,True,0.490254,0.489619,True,2.259,True,0.507709,0.510291
36.858,True,2.530,True,0.490254,0.489619,True,2.259,True,0.507709,0.510291
36.869,True,2.530,True,0.490254,0.489619,True,2.259,True,0.506213,0.510345
36.880,True,2.530,True,0.490254,0.489619,True,2.259,True,0.506213,0.510345
36.891,True,2.530,True,0.489170,0.489986,True,2.259,True,0.506213,0.510345
36.902,True,2.530,True,0.489170,0.489986,True,2.259,True,0.506130,0.510316
36.913,True,2.530,True,0.489170,0.489986,True,2.259,True,0.506130,0.510316
36.925,True,2.530,True,0.489237,0.489666,True,2.259,True,0.506130,0.510316
36.941,True,2.530,True,0.489237,0.489666,True,2.259,True,0.506149,0.510412
36.952,True,2.530,True,0.489142,0.489403,True,2.259,True,0.506149,0.510412
36.963,True,2.530,True,0.489142,0.489403,True,2.259,True,0.506075,0.510151
36.974,True,2.530,True,0.489142,0.489403,True,2.259,True,0.506075,0.510151
36.986,True,2.530,True,0.489273,0.489612,True,2.259,True,0.506075,0.510151
36.997,True,2.530,True,0.489273,0.489612,True,2.259,True,0.506216,0.510261
37.008,True,2.530,True,0.489273,0.489612,True,2.259,True,0.506216,0.510261
37.019,True,2.506,True,0.489326,0.489535,True,2.259,True,0.506216,0.510261
37.030,True,2.506,True,0.489326,0.489535,True,2.259,True,0.506143,0.510366
37.041,True,2.506,True,0.489326,0.489535,True,2.259,True,0.506143,0.510366
37.052,True,2.506,True,0.489133,0.489255,True,2.259,True,0.506143,0.510366
37.063,True,2.506,True,0.489133,0.489255,True,2.259,True,0.506138,0.510311
37.074,True,2.506,True,0.489133,0.489255,True,2.259,True,0.506138,0.510311
37.085,True,2.506,True,0.488717,0.489543,True,2.259,True,0.506138,0.510311
37.096,True,2.506,True,0.488717,0.489543,True,2.259,True,0.506418,0.510447
37.108,True,2.506,True,0.488717,0.489543,True,2.259,True,0.506418,0.510447
37.119,True,2.506,True,0.489677,0.489861,True,2.259,True,0.506418,0.510447
37.130,True,2.506,True,0.489677,0.489861,True,2.259,True,0.506665,0.510104
37.141,True,2.506,True,0.489677,0.489861,True,2.259,True,0.506665,0.510104
37.152,True,2.506,True,0.489590,0.489594,True,2.259,True,0.506665,0.510104
37.163,True,2.506,True,0.489590,0.489594,True,2.259,True,0.506665,0.510104
37.174,True,2.506,True,0.489590,0.489594,True,2.259,True,0.506815,0.510301
37.185,True,2.506,True,0.489652,0.489468,True,2.259,True,0.506815,0.510301
37.197,True,2.506,True,0.489652,0.489468,True,2.259,True,0.506815,0.510301
37.208,True,2.506,True,0.489652,0.489468,True,2.259,True,0.506645,0.510487
37.219,True,2.506,True,0.489522,0.489650,True,2.259,True,0.506645,0.510487
37.230,True,2.506,True,0.489522,0.489650,True,2.259,True,0.506645,0.510487
37.241,True,2.506,True,0.489522,0.489650,True,2.259,True,0.506718,0.510239
37.252,True,2.506,True,0.489188,0.489744,True,2.259,True,0.506718,0.510239
37.263,True,2.506,True,0.489188,0.489744,True,2.259,True,0.506718,0.510239
37.274,True,2.506,True,0.489188,0.489744,True,2.259,True,0.506989,0.510319
37.285,True,2.506,True,0.489447,0.489547,True,2.259,True,0.506989,0.510319
37.296,True,2.506,True,0.489447,0.489547,True,2.259,True,0.506989,0.510319
37.307,True,2.506,True,0.489447,0.489547,True,2.259,True,0.506935,0.510311
37.318,True,2.506,True,0.489695,0.489590,True,2.259,True,0.506935,0.510311
37.330,True,2.506,True,0.489695,0.489590,True,2.259,True,0.506935,0.510311
37.341,True,2.506,True,0.489695,0.489590,True,2.259,True,0.506916,0.510022
37.352,True,2.506,True,0.489816,0.489416,True,2.259,True,0.506916,0.510022
37.363,True,2.506,True,0.489816,0.489416,True,2.259,True,0.506916,0.510022
37.374,True,2.506,True,0.489816,0.489416,True,2.259,True,0.506573,0.510235
37.385,True,2.506,True,0.489816,0.489416,True,2.259,True,0.506573,0.510235
37.396,True,2.506,True,0.489683,0.489639,True,2.259,True,0.506573,0.510235
37.407,True,2.506,True,0.489683,0.489639,True,2.259,True,0.506785,0.510272
37.418,True,2.506,True,0.489362,0.489648,True,2.259,True,0.506785,0.510272
37.430,True,2.506,True,0.489362,0.489648,True,2.259,True,0.506785,0.510272
37.441,True,2.506,True,0.489362,0.489648,True,2.259,True,0.507001,0.510349
37.452,True,2.506,True,0.489454,0.489585,True,2.259,True,0.507001,0.510349
37.463,True,2.506,True,0.489454,0.489585,True,2.259,True,0.507001,0.510349
37.474,True,2.506,True,0.489454,0.489585,True,2.259,True,0.506770,0.510214
37.485,True,2.506,True,0.489605,0.489761,True,2.259,True,0.506770,0.510214
37.496,True,2.506,True,0.489605,0.489761,True,2.259,True,0.506770,0.510214
37.507,True,2.506,True,0.489605,0.489761,True,2.259,True,0.506808,0.510340
37.518,True,2.506,True,0.489417,0.489828,True,2.259,True,0.506808,0.510340
37.530,True,2.506,True,0.489417,0.489828,True,2.259,True,0.506808,0.510340
37.541,True,2.506,True,0.489417,0.489828,True,2.259,True,0.506808,0.510340
37.552,True,2.506,True,0.489632,0.489808,True,2.272,True,0.506452,0.510517
37.563,True,2.506,True,0.489632,0.489808,True,2.272,True,0.506979,0.510151
37.574,True,2.506,True,0.489632,0.489808,True,2.272,True,0.506979,0.510151
37.585,True,2.506,True,0.489632,0.489808,True,2.272,True,0.506979,0.510151
37.596,True,2.506,True,0.489768,0.489857,True,2.272,True,0.506979,0.510151
37.607,True,2.506,True,0.489768,0.489857,True,2.272,True,0.506792,0.510496
37.618,True,2.506,True,0.490681,0.489820,True,2.272,True,0.506792,0.510496
37.630,True,2.506,True,0.490681,0.489820,True,2.272,True,0.506792,0.510496
37.641,True,2.506,True,0.490681,0.489820,True,2.272,True,0.508402,0.509937
37.652,True,2.506,True,0.490681,0.489820,True,2.272,True,0.508402,0.509937
37.663,True,2.506,True,0.490960,0.490052,True,2.272,True,0.508402,0.509937
37.674,True,2.506,True,0.490960,0.490052,True,2.272,True,0.508126,0.510137
37.685,True,2.506,True,0.490960,0.490052,True,2.272,True,0.508126,0.510137
37.696,True,2.506,True,0.490532,0.490092,True,2.272,True,0.508126,0.510137
37.707,True,2.506,True,0.490532,0.490092,True,2.272,True,0.508389,0.510146
37.719,True,2.506,True,0.490532,0.490092,True,2.272,True,0.508389,0.510146
37.731,True,2.506,True,0.490938,0.490264,True,2.272,True,0.508389,0.510146
37.741,True,2.506,True,0.490938,0.490264,True,2.272,True,0.508284,0.509944
37.752,True,2.506,True,0.490938,0.490264,True,2.272,True,0.508284,0.509944
37.763,True,2.506,True,0.490713,0.490557,True,2.272,True,0.508284,0.509944
37.774,True,2.506,True,0.490713,0.490557,True,2.272,True,0.507709,0.510370
37.785,True,2.506,True,0.490713,0.490557,True,2.272,True,0.507709,0.510370
37.803,True,2.506,True,0.489781,0.490118,True,2.272,True,0.507709,0.510370
37.819,True,2.506,True,0.489781,0.490118,True,2.272,True,0.507124,0.509883
37.830,True,2.506,True,0.489862,0.490035,True,2.272,True,0.507124,0.509883
37.841,True,2.506,True,0.489862,0.490035,True,2.272,True,0.507051,0.510341
37.852,True,2.506,True,0.489862,0.490035,True,2.272,True,0.507051,0.510341
37.863,True,2.506,True,0.489530,0.489706,True,2.272,True,0.507051,0.510341
37.874,True,2.506,True,0.489530,0.489706,True,2.272,True,0.507084,0.510234
37.885,True,2.506,True,0.489623,0.489768,True,2.272,True,0.507084,0.510234
37.897,True,2.506,True,0.489623,0.489768,True,2.272,True,0.507084,0.510234
37.907,True,2.506,True,0.489623,0.489768,True,2.272,True,0.507091,0.509976
37.919,True,2.506,True,0.489834,0.489830,True,2.272,True,0.507091,0.509976
37.930,True,2.506,True,0.489834,0.489830,True,2.272,True,0.507091,0.509976
37.941,True,2.506,True,0.489834,0.489830,True,2.272,True,0.506826,0.510193
37.952,True,2.506,True,0.489653,0.489938,True,2.272,True,0.506826,0.510193
37.963,True,2.506,True,0.489653,0.489938,True,2.272,True,0.506826,0.510193
37.974,True,2.506,True,0.489653,0.489938,True,2.272,True,0.506921,0.509996
37.985,True,2.506,True,0.489653,0.489938,True,2.272,True,0.506921,0.509996
37.996,True,2.506,True,0.489321,0.489939,True,2.272,True,0.506921,0.509996
38.007,True,2.506,True,0.489321,0.489939,True,2.272,True,0.507281,0.510534
38.018,True,2.506,True,0.489321,0.489939,True,2.272,True,0.507281,0.510534
38.030,True,2.385,True,0.490556,0.490275,True,2.272,True,0.507281,0.510534
38.041,True,2.385,True,0.490556,0.490275,True,2.272,True,0.507869,0.510324
38.052,True,2.385,True,0.490556,0.490275,True,2.272,True,0.507869,0.510324
38.063,True,2.385,True,0.490676,0.490299,True,2.272,True,0.507869,0.510324
38.074,True,2.385,True,0.490676,0.490299,True,2.272,True,0.507847,0.509886
38.085,True,2.385,True,0.490676,0.490299,True,2.272,True,0.507847,0.509886
38.096,True,2.385,True,0.490737,0.489960,True,2.272,True,0.507847,0.509886
38.107,True,2.385,True,0.490737,0.489960,True,2.272,True,0.507942,0.510038
38.118,True,2.385,True,0.490737,0.489960,True,2.272,True,0.507942,0.510038
38.129,True,2.385,True,0.490606,0.490309,True,2.272,True,0.507942,0.510038
38.141,True,2.385,True,0.490606,0.490309,True,2.272,True,0.507993,0.510175
38.152,True,2.385,True,0.490606,0.490309,True,2.272,True,0.507993,0.510175
38.163,True,2.385,True,0.490409,0.490425,True,2.272,True,0.507993,0.510175
38.178,True,2.385,True,0.490409,0.490425,True,2.272,True,0.507778,0.510533
38.189,True,2.385,True,0.490202,0.490294,True,2.272,True,0.507778,0.510533
38.200,True,2.385,True,0.490202,0.490294,True,2.272,True,0.507778,0.510533
38.211,True,2.385,True,0.490202,0.490294,True,2.272,True,0.506978,0.510480
38.223,True,2.385,True,0.490155,0.490385,True,2.272,True,0.506978,0.510480
38.234,True,2.385,True,0.490155,0.490385,True,2.272,True,0.506978,0.510480
38.245,True,2.385,True,0.490155,0.490385,True,2.272,True,0.507128,0.509905
38.256,True,2.385,True,0.490003,0.490477,True,2.272,True,0.507128,0.509905
38.267,True,2.385,True,0.490003,0.490477,True,2.272,True,0.507128,0.509905
38.278,True,2.385,True,0.490003,0.490477,True,2.272,True,0.507214,0.510178
38.289,True,2.385,True,0.490289,0.490457,True,2.272,True,0.507214,0.510178
38.300,True,2.385,True,0.490289,0.490457,True,2.272,True,0.507214,0.510178
38.311,True,2.385,True,0.490289,0.490457,True,2.272,True,0.507021,0.510362
38.322,True,2.385,True,0.490289,0.490457,True,2.272,True,0.507021,0.510362
38.334,True,2.385,True,0.489793,0.490468,True,2.272,True,0.507021,0.510362
38.345,True,2.385,True,0.489793,0.490468,True,2.272,True,0.507116,0.510425
38.356,True,2.385,True,0.489793,0.490468,True,2.272,True,0.507116,0.510425
38.367,True,2.385,True,0.490193,0.490197,True,2.272,True,0.507116,0.510425
38.378,True,2.385,True,0.490193,0.490197,True,2.272,True,0.507233,0.510344
38.389,True,2.385,True,0.490193,0.490197,True,2.272,True,0.507233,0.510344
38.401,True,2.385,True,0.490157,0.489933,True,2.272,True,0.507233,0.510344
38.411,True,2.385,True,0.490157,0.489933,True,2.272,True,0.506710,0.510432
38.422,True,2.385,True,0.490157,0.489933,True,2.272,True,0.506710,0.510432
38.434,True,2.385,True,0.489824,0.489746,True,2.272,True,0.506710,0.510432
38.445,True,2.385,True,0.489824,0.489746,True,2.272,True,0.506731,0.510128
38.456,True,2.385,True,0.489824,0.489746,True,2.272,True,0.506731,0.510128
38.467,True,2.385,True,0.489840,0.489882,True,2.272,True,0.506731,0.510128
38.478,True,2.385,True,0.489840,0.489882,True,2.272,True,0.506881,0.510276
38.489,True,2.385,True,0.489840,0.489882,True,2.272,True,0.506881,0.510276
38.500,True,2.385,True,0.490128,0.489849,True,2.272,True,0.506881,0.510276
38.511,True,2.385,True,0.490128,0.489849,True,2.272,True,0.506881,0.510276
38.522,True,2.385,True,0.490128,0.489849,True,2.272,True,0.506708,0.510253
38.534,True,2.385,True,0.490029,0.489917,True,2.272,True,0.506708,0.510253
38.545,True,2.385,True,0.490029,0.489917,True,2.272,True,0.506708,0.510253
38.556,True,2.385,True,0.490029,0.489917,True,2.274,True,0.506593,0.510201
38.567,True,2.385,True,0.490041,0.489487,True,2.274,True,0.506593,0.510201
38.578,True,2.385,True,0.490041,0.489487,True,2.274,True,0.506762,0.510259
38.589,True,2.385,True,0.490041,0.489487,True,2.274,True,0.506762,0.510259
38.600,True,2.385,True,0.489955,0.489757,True,2.274,True,0.506762,0.510259
38.611,True,2.385,True,0.489955,0.489757,True,2.274,True,0.506690,0.510655
38.622,True,2.385,True,0.489955,0.489757,True,2.274,True,0.506690,0.510655
38.634,True,2.385,True,0.489645,0.489844,True,2.274,True,0.506690,0.510655
38.645,True,2.385,True,0.489645,0.489844,True,2.274,True,0.506628,0.510265
38.656,True,2.385,True,0.489663,0.490025,True,2.274,True,0.506628,0.510265
38.667,True,2.385,True,0.489663,0.490025,True,2.274,True,0.506628,0.510265
38.678,True,2.385,True,0.489663,0.490025,True,2.274,True,0.506591,0.510323
38.689,True,2.385,True,0.489663,0.490025,True,2.274,True,0.506591,0.510323
38.700,True,2.385,True,0.489857,0.489896,True,2.274,True,0.506591,0.510323
38.711,True,2.385,True,0.489857,0.489896,True,2.274,True,0.506362,0.510247
38.723,True,2.385,True,0.489857,0.489896,True,2.274,True,0.506362,0.510247
38.734,True,2.385,True,0.489981,0.489653,True,2.274,True,0.506362,0.510247
38.745,True,2.385,True,0.489981,0.489653,True,2.274,True,0.506391,0.510626
38.756,True,2.385,True,0.489981,0.489653,True,2.274,True,0.506391,0.510626
38.767,True,2.385,True,0.489797,0.489933,True,2.274,True,0.506391,0.510626
38.778,True,2.385,True,0.489797,0.489933,True,2.274,True,0.506359,0.510338
38.789,True,2.385,True,0.489797,0.489933,True,2.274,True,0.506359,0.510338
38.800,True,2.385,True,0.490083,0.489705,True,2.274,True,0.506359,0.510338
38.811,True,2.385,True,0.490083,0.489705,True,2.274,True,0.506232,0.510451
38.823,True,2.385,True,0.490083,0.489705,True,2.274,True,0.506232,0.510451
38.834,True,2.385,True,0.490023,0.489699,True,2.274,True,0.506232,0.510451
38.845,True,2.385,True,0.490023,0.489699,True,2.274,True,0.506232,0.510451
38.856,True,2.385,True,0.490003,0.489664,True,2.274,True,0.506469,0.510379
38.867,True,2.385,True,0.490003,0.489664,True,2.274,True,0.506469,0.510379
38.879,True,2.385,True,0.490003,0.489664,True,2.274,True,0.506469,0.510379
38.889,True,2.385,True,0.490003,0.489664,True,2.274,True,0.506455,0.510374
38.901,True,2.385,True,0.490134,0.489824,True,2.274,True,0.506455,0.510374
38.912,True,2.385,True,0.490134,0.489824,True,2.274,True,0.506201,0.510317
38.923,True,2.385,True,0.490134,0.489824,True,2.274,True,0.506201,0.510317
38.934,True,2.385,True,0.489668,0.490047,True,2.274,True,0.506201,0.510317
38.945,True,2.385,True,0.489668,0.490047,True,2.274,True,0.506201,0.510317
38.956,True,2.385,True,0.489668,0.490047,True,2.274,True,0.506480,0.510473
38.967,True,2.385,True,0.489792,0.489631,True,2.274,True,0.506480,0.510473
38.979,True,2.385,True,0.489792,0.489631,True,2.274,True,0.506480,0.510473
38.989,True,2.385,True,0.489792,0.489631,True,2.274,True,0.506337,0.510649
39.001,True,2.385,True,0.489642,0.489634,True,2.274,True,0.506337,0.510649
39.012,True,2.385,True,0.489642,0.489634,True,2.274,True,0.506337,0.510649
39.023,True,2.385,True,0.489642,0.489634,True,2.274,True,0.506334,0.510473
39.034,True,1.612,True,0.490106,0.490135,True,2.274,True,0.506334,0.510473
39.045,True,1.612,True,0.490106,0.490135,True,2.274,True,0.506334,0.510473
39.056,True,1.612,True,0.490106,0.490135,True,2.274,True,0.506370,0.510158
39.067,True,1.612,True,0.490030,0.489816,True,2.274,True,0.506370,0.510158
39.078,True,1.612,True,0.490030,0.489816,True,2.274,True,0.506370,0.510158
39.089,True,1.612,True,0.490030,0.489816,True,2.274,True,0.506388,0.510201
39.101,True,1.612,True,0.490063,0.490185,True,2.274,True,0.506388,0.510201
39.112,True,1.612,True,0.490063,0.490185,True,2.274,True,0.506017,0.510244
39.123,True,1.612,True,0.490063,0.490185,True,2.274,True,0.506017,0.510244
39.134,True,1.612,True,0.490364,0.490058,True,2.274,True,0.506017,0.510244
39.145,True,1.612,True,0.490364,0.490058,True,2.274,True,0.506017,0.510244
39.156,True,1.612,True,0.490364,0.490058,True,2.274,True,0.507264,0.510227
39.167,True,1.612,True,0.491138,0.489549,True,2.274,True,0.507264,0.510227
39.178,True,1.612,True,0.491138,0.489549,True,2.274,True,0.506790,0.509992
39.190,True,1.612,True,0.491138,0.489549,True,2.274,True,0.506790,0.509992
39.201,True,1.612,True,0.491303,0.489965,True,2.274,True,0.506790,0.509992
39.212,True,1.612,True,0.491303,0.489965,True,2.274,True,0.506790,0.509992
39.223,True,1.612,True,0.491303,0.489965,True,2.274,True,0.507174,0.510118
39.234,True,1.612,True,0.491235,0.489958,True,2.274,True,0.507174,0.510118
39.245,True,1.612,True,0.491235,0.489958,True,2.274,True,0.507174,0.510118
39.256,True,1.612,True,0.491235,0.489958,True,2.274,True,0.507163,0.510059
39.267,True,1.612,True,0.491022,0.490049,True,2.274,True,0.507163,0.510059
39.278,True,1.612,True,0.491022,0.490049,True,2.274,True,0.507163,0.510059
39.289,True,1.612,True,0.491022,0.490049,True,2.274,True,0.507199,0.510098
39.301,True,1.612,True,0.491022,0.490049,True,2.274,True,0.507199,0.510098
39.312,True,1.612,True,0.490834,0.489842,True,2.274,True,0.507199,0.510098
39.323,True,1.612,True,0.490834,0.489842,True,2.274,True,0.507449,0.510149
39.334,True,1.612,True,0.490834,0.489842,True,2.274,True,0.507449,0.510149
39.345,True,1.612,True,0.490980,0.489940,True,2.274,True,0.507449,0.510149
39.356,True,1.612,True,0.490980,0.489940,True,2.274,True,0.507070,0.510155
39.367,True,1.612,True,0.490827,0.490033,True,2.274,True,0.507070,0.510155
39.378,True,1.612,True,0.490827,0.490033,True,2.274,True,0.507070,0.510155
39.390,True,1.612,True,0.490827,0.490033,True,2.274,True,0.507302,0.510097
39.401,True,1.612,True,0.491233,0.490126,True,2.274,True,0.507302,0.510097
39.412,True,1.612,True,0.491233,0.490126,True,2.274,True,0.507302,0.510097
39.423,True,1.612,True,0.491233,0.490126,True,2.274,True,0.507085,0.510199
39.434,True,1.612,True,0.491101,0.489870,True,2.274,True,0.507085,0.510199
39.445,True,1.612,True,0.491101,0.489870,True,2.274,True,0.507085,0.510199
39.456,True,1.612,True,0.491101,0.489870,True,2.274,True,0.506790,0.510122
39.467,True,1.612,True,0.490946,0.489757,True,2.274,True,0.506790,0.510122
39.478,True,1.612,True,0.490946,0.489757,True,2.274,True,0.506790,0.510122
39.490,True,1.612,True,0.490946,0.489757,True,2.274,True,0.507138,0.510208
39.501,True,1.612,True,0.490885,0.489422,True,2.274,True,0.507138,0.510208
39.512,True,1.612,True,0.490885,0.489422,True,2.274,True,0.507138,0.510208
39.522,True,1.612,True,0.490885,0.489422,True,2.274,True,0.506302,0.510400
39.534,True,1.612,True,0.490551,0.489646,True,2.274,True,0.506302,0.510400
39.545,True,1.612,True,0.490551,0.489646,True,2.274,True,0.506302,0.510400
39.556,True,1.612,True,0.490551,0.489646,True,2.274,True,0.506302,0.510400
39.567,True,1.612,True,0.490462,0.489516,True,1.991,True,0.506522,0.510435
39.578,True,1.612,True,0.490462,0.489516,True,1.991,True,0.506522,0.510435
39.589,True,1.612,True,0.490462,0.489516,True,1.991,True,0.506189,0.510194
39.600,True,1.612,True,0.490614,0.489463,True,1.991,True,0.506189,0.510194
39.611,True,1.612,True,0.490614,0.489463,True,1.991,True,0.506189,0.510194
39.623,True,1.612,True,0.490614,0.489463,True,1.991,True,0.506000,0.510355
39.634,True,1.612,True,0.490423,0.489444,True,1.991,True,0.506000,0.510355
39.645,True,1.612,True,0.490423,0.489444,True,1.991,True,0.506000,0.510355
39.656,True,1.612,True,0.490423,0.489444,True,1.991,True,0.506346,0.510256
39.667,True,1.612,True,0.490423,0.489444,True,1.991,True,0.506346,0.510256
39.678,True,1.612,True,0.490096,0.489545,True,1.991,True,0.506346,0.510256
39.689,True,1.612,True,0.490096,0.489545,True,1.991,True,0.506160,0.510605
39.700,True,1.612,True,0.490096,0.489545,True,1.991,True,0.506160,0.510605
39.711,True,1.612,True,0.490077,0.489567,True,1.991,True,0.506160,0.510605
39.723,True,1.612,True,0.490077,0.489567,True,1.991,True,0.506315,0.510491
39.734,True,1.612,True,0.490077,0.489567,True,1.991,True,0.506315,0.510491
39.745,True,1.612,True,0.490389,0.489618,True,1.991,True,0.506315,0.510491
39.756,True,1.612,True,0.490389,0.489618,True,1.991,True,0.506936,0.510299
39.767,True,1.612,True,0.490389,0.489618,True,1.991,True,0.506936,0.510299
39.778,True,1.612,True,0.491135,0.489752,True,1.991,True,0.506936,0.510299
39.789,True,1.612,True,0.491135,0.489752,True,1.991,True,0.506936,0.510299
39.800,True,1.612,True,0.491135,0.489752,True,1.991,True,0.507109,0.510311
39.811,True,1.612,True,0.490918,0.489886,True,1.991,True,0.507109,0.510311
39.822,True,1.612,True,0.490918,0.489886,True,1.991,True,0.507087,0.510456
39.834,True,1.612,True,0.490918,0.489886,True,1.991,True,0.507087,0.510456
39.845,True,1.612,True,0.491096,0.489629,True,1.991,True,0.507087,0.510456
39.856,True,1.612,True,0.491096,0.489629,True,1.991,True,0.507344,0.510147
39.867,True,1.612,True,0.491096,0.489629,True,1.991,True,0.507344,0.510147
39.878,True,1.612,True,0.491016,0.490137,True,1.991,True,0.507344,0.510147
39.889,True,1.612,True,0.491016,0.490137,True,1.991,True,0.507135,0.510169
39.900,True,1.612,True,0.491016,0.490137,True,1.991,True,0.507135,0.510169
39.911,True,1.612,True,0.489812,0.489656,True,1.991,True,0.507135,0.510169
39.923,True,1.612,True,0.489812,0.489656,True,1.991,True,0.505763,0.510831
39.934,True,1.612,True,0.489812,0.489656,True,1.991,True,0.505763,0.510831
39.945,True,1.612,True,0.489790,0.489694,True,1.991,True,0.505763,0.510831
39.956,True,1.612,True,0.489790,0.489694,True,1.991,True,0.506080,0.510564
39.967,True,1.612,True,0.489790,0.489694,True,1.991,True,0.506080,0.510564
39.978,True,1.612,True,0.489805,0.489467,True,1.991,True,0.506080,0.510564
39.989,True,1.612,True,0.489805,0.489467,True,1.991,True,0.506158,0.510802
40.000,True,1.612,True,0.489805,0.489467,True,1.991,True,0.506158,0.510802
40.011,True,1.612,True,0.489763,0.489667,True,1.991,True,0.506158,0.510802
40.023,True,1.612,True,0.489763,0.489667,True,1.991,True,0.505822,0.510684
40.034,True,1.612,True,0.489763,0.489667,True,1.991,True,0.505822,0.510684
40.045,True,2.396,True,0.489942,0.489697,True,1.991,True,0.505822,0.510684
40.056,True,2.396,True,0.489942,0.489697,True,1.991,True,0.505754,0.510678
40.067,True,2.396,True,0.489744,0.489955,True,1.991,True,0.505754,0.510678
40.078,True,2.396,True,0.489744,0.489955,True,1.991,True,0.505754,0.510678
40.089,True,2.396,True,0.489744,0.489955,True,1.991,True,0.506379,0.510764
40.100,True,2.396,True,0.489744,0.489955,True,1.991,True,0.506379,0.510764
40.111,True,2.396,True,0.490319,0.489905,True,1.991,True,0.506379,0.510764
40.123,True,2.396,True,0.490319,0.489905,True,1.991,True,0.506379,0.510764
40.134,True,2.396,True,0.490319,0.489905,True,1.991,True,0.506578,0.510824
40.145,True,2.396,True,0.490061,0.489839,True,1.991,True,0.506578,0.510824
40.156,True,2.396,True,0.490061,0.489839,True,1.991,True,0.506578,0.510824
40.167,True,2.396,True,0.490061,0.489839,True,1.991,True,0.506488,0.510855
40.179,True,2.396,True,0.490350,0.489902,True,1.991,True,0.506488,0.510855
40.189,True,2.396,True,0.490350,0.489902,True,1.991,True,0.506488,0.510855
40.201,True,2.396,True,0.490350,0.489902,True,1.991,True,0.506502,0.510836
40.212,True,2.396,True,0.490224,0.489773,True,1.991,True,0.506502,0.510836
40.223,True,2.396,True,0.490224,0.489773,True,1.991,True,0.506890,0.510758
40.234,True,2.396,True,0.490224,0.489773,True,1.991,True,0.506890,0.510758
40.245,True,2.396,True,0.490023,0.489741,True,1.991,True,0.506890,0.510758
40.256,True,2.396,True,0.490023,0.489741,True,1.991,True,0.506890,0.510758
40.267,True,2.396,True,0.490023,0.489741,True,1.991,True,0.506152,0.510737
40.278,True,2.396,True,0.489531,0.489583,True,1.991,True,0.506152,0.510737
40.290,True,2.396,True,0.489531,0.489583,True,1.991,True,0.506135,0.510633
40.301,True,2.396,True,0.489531,0.489583,True,1.991,True,0.506135,0.510633
40.312,True,2.396,True,0.489422,0.489524,True,1.991,True,0.506135,0.510633
40.323,True,2.396,True,0.489422,0.489524,True,1.991,True,0.506049,0.510756
40.334,True,2.396,True,0.489422,0.489524,True,1.991,True,0.506049,0.510756
40.345,True,2.396,True,0.489492,0.489540,True,1.991,True,0.506049,0.510756
40.356,True,2.396,True,0.489492,0.489540,True,1.991,True,0.506049,0.510756
40.367,True,2.396,True,0.489492,0.489540,True,1.991,True,0.505828,0.510738
40.378,True,2.396,True,0.489456,0.489624,True,1.991,True,0.505828,0.510738
40.390,True,2.396,True,0.489456,0.489624,True,1.991,True,0.505736,0.510352
40.401,True,2.396,True,0.489456,0.489624,True,1.991,True,0.505736,0.510352
40.412,True,2.396,True,0.490874,0.489785,True,1.991,True,0.505736,0.510352
40.423,True,2.396,True,0.490874,0.489785,True,1.991,True,0.507239,0.510413
40.434,True,2.396,True,0.490874,0.489785,True,1.991,True,0.507239,0.510413
40.445,True,2.396,True,0.490946,0.489883,True,1.991,True,0.507239,0.510413
40.456,True,2.396,True,0.490946,0.489883,True,1.991,True,0.507239,0.510413
40.467,True,2.396,True,0.490946,0.489883,True,1.991,True,0.507526,0.510241
40.478,True,2.396,True,0.490826,0.489704,True,1.991,True,0.507526,0.510241
40.489,True,2.396,True,0.490826,0.489704,True,1.991,True,0.507526,0.510241
40.500,True,2.396,True,0.490826,0.489704,True,1.991,True,0.507506,0.510492
40.511,True,2.396,True,0.491146,0.489942,True,1.991,True,0.507506,0.510492
40.522,True,2.396,True,0.491146,0.489942,True,1.991,True,0.507506,0.510492
40.534,True,2.396,True,0.491146,0.489942,True,1.991,True,0.506668,0.510343
40.545,True,2.396,True,0.489802,0.489541,True,1.991,True,0.506668,0.510343
40.556,True,2.396,True,0.489802,0.489541,True,1.991,True,0.506668,0.510343
40.567,True,2.396,True,0.489802,0.489541,True,2.330,True,0.506317,0.510255
40.578,True,2.396,True,0.489643,0.489542,True,2.330,True,0.506317,0.510255
40.589,True,2.396,True,0.489643,0.489542,True,2.330,True,0.506317,0.510255
40.601,True,2.396,True,0.489643,0.489542,True,2.330,True,0.506079,0.510101
40.612,True,2.396,True,0.489739,0.488945,True,2.330,True,0.506079,0.510101
40.623,True,2.396,True,0.489739,0.488945,True,2.330,True,0.506079,0.510101
40.634,True,2.396,True,0.489739,0.488945,True,2.330,True,0.506061,0.510230
40.645,True,2.396,True,0.489591,0.489145,True,2.330,True,0.506061,0.510230
40.656,True,2.396,True,0.489591,0.489145,True,2.330,True,0.506061,0.510230
40.667,True,2.396,True,0.489591,0.489145,True,2.330,True,0.506030,0.510358
40.679,True,2.396,True,0.489506,0.489267,True,2.330,True,0.506030,0.510358
40.690,True,2.396,True,0.489506,0.489267,True,2.330,True,0.507438,0.510230
40.701,True,2.396,True,0.489506,0.489267,True,2.330,True,0.507438,0.510230
40.712,True,2.396,True,0.490948,0.489755,True,2.330,True,0.507438,0.510230
40.723,True,2.396,True,0.490948,0.489755,True,2.330,True,0.507438,0.510230
40.734,True,2.396,True,0.490948,0.489755,True,2.330,True,0.507493,0.510161
40.745,True,2.396,True,0.490718,0.489745,True,2.330,True,0.507493,0.510161
40.756,True,2.396,True,0.490718,0.489745,True,2.330,True,0.507493,0.510161
40.767,True,2.396,True,0.490718,0.489745,True,2.330,True,0.507419,0.510110
40.778,True,2.396,True,0.491133,0.489802,True,2.330,True,0.507419,0.510110
40.789,True,2.396,True,0.491133,0.489802,True,2.330,True,0.507623,0.510328
40.800,True,2.396,True,0.491133,0.489802,True,2.330,True,0.507623,0.510328
40.811,True,2.396,True,0.491133,0.489802,True,2.330,True,0.507623,0.510328
40.822,True,2.396,True,0.490596,0.489390,True,2.330,True,0.506103,0.510273
40.834,True,2.396,True,0.490596,0.489390,True,2.330,True,0.506103,0.510273
40.845,True,2.396,True,0.490596,0.489390,True,2.330,True,0.506103,0.510273
40.856,True,2.396,True,0.489675,0.489463,True,2.330,True,0.506428,0.510523
40.867,True,2.396,True,0.489675,0.489463,True,2.330,True,0.506428,0.510523
40.878,True,2.396,True,0.489675,0.489463,True,2.330,True,0.506428,0.510523
40.889,True,2.396,True,0.490085,0.489568,True,2.330,True,0.506428,0.510523
40.900,True,2.396,True,0.490085,0.489568,True,2.330,True,0.506430,0.510258
40.911,True,2.396,True,0.489781,0.489518,True,2.330,True,0.506430,0.510258
40.923,True,2.396,True,0.489781,0.489518,True,2.330,True,0.506430,0.510258
40.934,True,2.396,True,0.489781,0.489518,True,2.330,True,0.506088,0.510528
40.945,True,2.396,True,0.489881,0.489557,True,2.330,True,0.506088,0.510528
40.956,True,2.396,True,0.489881,0.489557,True,2.330,True,0.506088,0.510528
40.972,True,2.396,True,0.489881,0.489557,True,2.330,True,0.506442,0.510532
40.983,True,2.396,True,0.489504,0.489541,True,2.330,True,0.506442,0.510532
40.994,True,2.396,True,0.489504,0.489541,True,2.330,True,0.506442,0.510532
41.005,True,2.396,True,0.489504,0.489541,True,2.330,True,0.506847,0.510240
41.016,True,2.396,True,0.490577,0.489568,True,2.330,True,0.506847,0.510240
41.027,True,2.396,True,0.490577,0.489568,True,2.330,True,0.506847,0.510240
41.038,True,2.396,True,0.490577,0.489568,True,2.330,True,0.507111,0.510112
41.049,True,2.457,True,0.490681,0.489681,True,2.330,True,0.507111,0.510112
41.061,True,2.457,True,0.490681,0.489681,True,2.330,True,0.507111,0.510112
41.072,True,2.457,True,0.490681,0.489681,True,2.330,True,0.507399,0.509993
41.083,True,2.457,True,0.490541,0.489624,True,2.330,True,0.507399,0.509993
41.094,True,2.457,True,0.490541,0.489624,True,2.330,True,0.507399,0.509993
41.105,True,2.457,True,0.490541,0.489624,True,2.330,True,0.507299,0.509947
41.116,True,2.457,True,0.490675,0.489509,True,2.330,True,0.507299,0.509947
41.127,True,2.457,True,0.490675,0.489509,True,2.330,True,0.507299,0.509947
41.139,True,2.457,True,0.490675,0.489509,True,2.330,True,0.507184,0.510203
41.150,True,2.457,True,0.490654,0.489698,True,2.330,True,0.507184,0.510203
41.161,True,2.457,True,0.490654,0.489698,True,2.330,True,0.507184,0.510203
41.172,True,2.457,True,0.490654,0.489698,True,2.330,True,0.507089,0.510270
41.183,True,2.457,True,0.490305,0.489647,True,2.330,True,0.507089,0.510270
41.194,True,2.457,True,0.490305,0.489647,True,2.330,True,0.507089,0.510270
41.205,True,2.457,True,0.490305,0.489647,True,2.330,True,0.506413,0.510201
41.216,True,2.457,True,0.489818,0.489455,True,2.330,True,0.506413,0.510201
41.227,True,2.457,True,0.489818,0.489455,True,2.330,True,0.506170,0.510353
41.238,True,2.457,True,0.489818,0.489455,True,2.330,True,0.506170,0.510353
41.249,True,2.457,True,0.489909,0.489571,True,2.330,True,0.506170,0.510353
41.261,True,2.457,True,0.489909,0.489571,True,2.330,True,0.506170,0.510353
41.272,True,2.457,True,0.489909,0.489571,True,2.330,True,0.505953,0.510130
41.283,True,2.457,True,0.490007,0.489369,True,2.330,True,0.505953,0.510130
41.294,True,2.457,True,0.490007,0.489369,True,2.330,True,0.505953,0.510130
41.305,True,2.457,True,0.490007,0.489369,True,2.330,True,0.506123,0.510408
41.317,True,2.457,True,0.490007,0.489369,True,2.330,True,0.506123,0.510408
41.328,True,2.457,True,0.489867,0.489709,True,2.330,True,0.506123,0.510408
41.339,True,2.457,True,0.489867,0.489709,True,2.299,True,0.505707,0.510485
41.350,True,2.457,True,0.490062,0.489505,True,2.299,True,0.505707,0.510485
41.361,True,2.457,True,0.490062,0.489505,True,2.299,True,0.505707,0.510485
41.372,True,2.457,True,0.490062,0.489505,True,2.299,True,0.506991,0.509724
41.383,True,2.457,True,0.490062,0.489505,True,2.299,True,0.506991,0.509724
41.394,True,2.457,True,0.491610,0.489569,True,2.299,True,0.506991,0.509724
41.405,True,2.457,True,0.491610,0.489569,True,2.299,True,0.506679,0.509814
41.416,True,2.457,True,0.491610,0.489569,True,2.299,True,0.506679,0.509814
41.428,True,2.457,True,0.491498,0.489552,True,2.299,True,0.506679,0.509814
41.439,True,2.457,True,0.491498,0.489552,True,2.299,True,0.506688,0.509895
41.450,True,2.457,True,0.491498,0.489552,True,2.299,True,0.506688,0.509895
41.461,True,2.457,True,0.491368,0.489697,True,2.299,True,0.506688,0.509895
41.472,True,2.457,True,0.491368,0.489697,True,2.299,True,0.506444,0.510000
41.483,True,2.457,True,0.491368,0.489697,True,2.299,True,0.506444,0.510000
41.494,True,2.457,True,0.491335,0.489620,True,2.299,True,0.506444,0.510000
41.505,True,2.457,True,0.491335,0.489620,True,2.299,True,0.505133,0.510246
41.516,True,2.457,True,0.491335,0.489620,True,2.299,True,0.505133,0.510246
41.528,True,2.457,True,0.490148,0.489373,True,2.299,True,0.505133,0.510246
41.539,True,2.457,True,0.490148,0.489373,True,2.299,True,0.504886,0.510001
41.550,True,2.457,True,0.490148,0.489373,True,2.299,True,0.504886,0.510001
41.561,True,2.457,True,0.490240,0.489376,True,2.299,True,0.504886,0.510001
41.572,True,2.457,True,0.490240,0.489376,True,2.299,True,0.505022,0.510215
41.583,True,2.457,True,0.490116,0.489475,True,2.299,True,0.505022,0.510215
41.594,True,2.457,True,0.490116,0.489475,True,2.299,True,0.505022,0.510215
41.605,True,2.457,True,0.490116,0.489475,True,2.299,True,0.505045,0.510528
41.617,True,2.457,True,0.490116,0.489475,True,2.299,True,0.505045,0.510528
41.627,True,2.457,True,0.489656,0.489330,True,2.299,True,0.505045,0.510528
41.639,True,2.457,True,0.489656,0.489330,True,2.299,True,0.504870,0.510544
41.650,True,2.457,True,0.489717,0.489397,True,2.299,True,0.504870,0.510544
41.661,True,2.457,True,0.489717,0.489397,True,2.299,True,0.504870,0.510544
41.672,True,2.457,True,0.489717,0.489397,True,2.299,True,0.504870,0.510544
41.683,True,2.457,True,0.490010,0.489446,True,2.299,True,0.504816,0.510560
41.694,True,2.457,True,0.490010,0.489446,True,2.299,True,0.504816,0.510560
41.705,True,2.457,True,0.490010,0.489446,True,2.299,True,0.504804,0.510505
41.716,True,2.457,True,0.490004,0.489517,True,2.299,True,0.504804,0.510505
41.727,True,2.457,True,0.490004,0.489517,True,2.299,True,0.504804,0.510505
41.738,True,2.457,True,0.490004,0.489517,True,2.299,True,0.504897,0.510580
41.750,True,2.457,True,0.490004,0.489517,True,2.299,True,0.504897,0.510580
41.761,True,2.457,True,0.490091,0.489458,True,2.299,True,0.504897,0.510580
41.772,True,2.457,True,0.490091,0.489458,True,2.299,True,0.504702,0.510704
41.783,True,2.457,True,0.490091,0.489458,True,2.299,True,0.504702,0.510704
41.794,True,2.457,True,0.490479,0.489417,True,2.299,True,0.504702,0.510704
41.805,True,2.457,True,0.490479,0.489417,True,2.299,True,0.504966,0.510828
41.816,True,2.457,True,0.490479,0.489417,True,2.299,True,0.504966,0.510828
41.828,True,2.182,True,0.491328,0.489661,True,2.330,True,0.504966,0.510828
41.839,True,2.182,True,0.491328,0.489661,True,2.330,True,0.506270,0.510804
41.850,True,2.182,True,0.491328,0.489661,True,2.330,True,0.506270,0.510804
41.861,True,2.182,True,0.491676,0.489894,True,2.330,True,0.506270,0.510804
41.872,True,2.182,True,0.491676,0.489894,True,2.330,True,0.506270,0.510804
41.883,True,2.182,True,0.491676,0.489894,True,2.330,True,0.506235,0.510786
41.894,True,2.182,True,0.491599,0.490243,True,2.330,True,0.506235,0.510786
41.905,True,2.182,True,0.491599,0.490243,True,2.330,True,0.506396,0.510840
41.916,True,2.182,True,0.491599,0.490243,True,2.330,True,0.506396,0.510840
41.927,True,2.182,True,0.491515,0.490467,True,2.330,True,0.506396,0.510840
41.938,True,2.182,True,0.491515,0.490467,True,2.330,True,0.506396,0.510840
41.950,True,2.182,True,0.491515,0.490467,True,2.330,True,0.506253,0.510638
41.961,True,2.182,True,0.491543,0.490276,True,2.330,True,0.506253,0.510638
41.972,True,2.182,True,0.491543,0.490276,True,2.330,True,0.506460,0.510886
41.983,True,2.182,True,0.491543,0.490276,True,2.330,True,0.506460,0.510886
41.994,True,2.182,True,0.490984,0.490284,True,2.330,True,0.506460,0.510886
42.005,True,2.182,True,0.490984,0.490284,True,2.330,True,0.504939,0.511432
42.016,True,2.182,True,0.490984,0.490284,True,2.330,True,0.504939,0.511432
42.027,True,2.182,True,0.490313,0.490459,True,2.330,True,0.504939,0.511432
42.038,True,2.182,True,0.490313,0.490459,True,2.330,True,0.504779,0.511685
42.050,True,2.182,True,0.490313,0.490459,True,2.330,True,0.504779,0.511685
42.061,True,2.182,True,0.490241,0.490437,True,2.330,True,0.504779,0.511685
42.072,True,2.182,True,0.490241,0.490437,True,2.330,True,0.504795,0.511809
42.083,True,2.182,True,0.490241,0.490437,True,2.330,True,0.504795,0.511809
42.094,True,2.182,True,0.490233,0.490448,True,2.330,True,0.504795,0.511809
42.105,True,2.182,True,0.490233,0.490448,True,2.330,True,0.504842,0.511614
42.116,True,2.182,True,0.490233,0.490448,True,2.330,True,0.504842,0.511614
42.127,True,2.182,True,0.490173,0.490462,True,2.330,True,0.504842,0.511614
42.138,True,2.182,True,0.490173,0.490462,True,2.330,True,0.504988,0.511551
42.149,True,2.182,True,0.490173,0.490462,True,2.330,True,0.504988,0.511551
42.161,True,2.182,True,0.490328,0.490218,True,2.330,True,0.504988,0.511551
42.172,True,2.182,True,0.490328,0.490218,True,2.330,True,0.504513,0.511460
42.183,True,2.182,True,0.490328,0.490218,True,2.330,True,0.504513,0.511460
42.194,True,2.182,True,0.489990,0.489888,True,2.330,True,0.504513,0.511460
42.205,True,2.182,True,0.489990,0.489888,True,2.330,True,0.504367,0.511266
42.216,True,2.182,True,0.489990,0.489888,True,2.330,True,0.504367,0.511266
42.227,True,2.182,True,0.490340,0.490180,True,2.330,True,0.504367,0.511266
42.238,True,2.182,True,0.490340,0.490180,True,2.330,True,0.505853,0.511303
42.250,True,2.182,True,0.490340,0.490180,True,2.330,True,0.505853,0.511303
42.261,True,2.182,True,0.491148,0.490371,True,2.330,True,0.505853,0.511303
42.272,True,2.182,True,0.491148,0.490371,True,2.330,True,0.506021,0.511186
42.283,True,2.182,True,0.491148,0.490371,True,2.330,True,0.506021,0.511186
42.294,True,2.182,True,0.490965,0.490717,True,2.330,True,0.506021,0.511186
42.305,True,2.182,True,0.490965,0.490717,True,2.330,True,0.506021,0.511186
42.321,True,2.182,True,0.490965,0.490717,True,2.330,True,0.506092,0.511389
42.332,True,2.182,True,0.491012,0.490529,True,2.330,True,0.506092,0.511389
42.343,True,2.182,True,0.491012,0.490529,True,2.079,True,0.506119,0.511444
42.354,True,2.182,True,0.491012,0.490529,True,2.079,True,0.506119,0.511444
42.365,True,2.182,True,0.490704,0.490544,True,2.079,True,0.506119,0.511444
42.376,True,2.182,True,0.490704,0.490544,True,2.079,True,0.505983,0.511544
42.387,True,2.182,True,0.490704,0.490544,True,2.079,True,0.505983,0.511544
42.399,True,2.182,True,0.489490,0.490199,True,2.079,True,0.505983,0.511544
42.410,True,2.182,True,0.489490,0.490199,True,2.079,True,0.505983,0.511544
42.421,True,2.182,True,0.489490,0.490199,True,2.079,True,0.504405,0.511568
42.432,True,2.182,True,0.489554,0.490008,True,2.079,True,0.504405,0.511568
42.443,True,2.182,True,0.489554,0.490008,True,2.079,True,0.504550,0.511358
42.454,True,2.182,True,0.489554,0.490008,True,2.079,True,0.504550,0.511358
42.465,True,2.182,True,0.489929,0.489991,True,2.079,True,0.504550,0.511358
42.476,True,2.182,True,0.489929,0.489991,True,2.079,True,0.504170,0.511414
42.487,True,2.182,True,0.489929,0.489991,True,2.079,True,0.504170,0.511414
42.499,True,2.182,True,0.489416,0.490049,True,2.079,True,0.504170,0.511414
42.510,True,2.182,True,0.489416,0.490049,True,2.079,True,0.504549,0.511140
42.521,True,2.182,True,0.489416,0.490049,True,2.079,True,0.504549,0.511140
42.532,True,2.182,True,0.489412,0.489856,True,2.079,True,0.504549,0.511140
42.543,True,2.182,True,0.489412,0.489856,True,2.079,True,0.504555,0.511346
42.554,True,2.182,True,0.489412,0.489856,True,2.079,True,0.504555,0.511346
42.566,True,2.182,True,0.489290,0.489927,True,2.079,True,0.504555,0.511346
42.577,True,2.182,True,0.489290,0.489927,True,2.079,True,0.504538,0.511210
42.587,True,2.182,True,0.489290,0.489927,True,2.079,True,0.504538,0.511210
42.599,True,2.182,True,0.489657,0.489887,True,2.079,True,0.504538,0.511210
42.610,True,2.182,True,0.489657,0.489887,True,2.079,True,0.505984,0.511201
42.621,True,2.182,True,0.491141,0.490412,True,2.079,True,0.505984,0.511201
42.632,True,2.182,True,0.491141,0.490412,True,2.079,True,0.505984,0.511201
42.643,True,2.182,True,0.491141,0.490412,True,2.079,True,0.506608,0.511065
42.654,True,2.182,True,0.491141,0.490412,True,2.079,True,0.506608,0.511065
42.665,True,2.182,True,0.491005,0.490409,True,2.079,True,0.506608,0.511065
42.677,True,2.182,True,0.491005,0.490409,True,2.079,True,0.506608,0.511065
42.688,True,2.182,True,0.491005,0.490409,True,2.079,True,0.506680,0.511355
42.699,True,2.182,True,0.491152,0.490386,True,2.079,True,0.506680,0.511355
42.710,True,2.182,True,0.491152,0.490386,True,2.079,True,0.506680,0.511355
42.721,True,2.182,True,0.491152,0.490386,True,2.079,True,0.506661,0.511363
42.732,True,2.182,True,0.490942,0.490863,True,2.079,True,0.506661,0.511363
42.743,True,2.182,True,0.490942,0.490863,True,2.079,True,0.506661,0.511363
42.754,True,2.182,True,0.490942,0.490863,True,2.079,True,0.506365,0.511087
42.765,True,2.182,True,0.491121,0.490626,True,2.079,True,0.506365,0.511087
42.776,True,2.182,True,0.491121,0.490626,True,2.079,True,0.505474,0.511537
42.788,True,2.182,True,0.491121,0.490626,True,2.079,True,0.505474,0.511537
42.799,True,2.182,True,0.489617,0.490354,True,2.079,True,0.505474,0.511537
42.810,True,2.182,True,0.489617,0.490354,True,2.079,True,0.505474,0.511537
42.821,True,2.182,True,0.489617,0.490354,True,2.079,True,0.504810,0.511641
42.832,True,2.262,True,0.489625,0.490423,True,2.330,True,0.504810,0.511641
42.843,True,2.262,True,0.489625,0.490423,True,2.330,True,0.504810,0.511641
42.854,True,2.262,True,0.489625,0.490423,True,2.330,True,0.504965,0.511524
42.865,True,2.262,True,0.489591,0.490224,True,2.330,True,0.504965,0.511524
42.876,True,2.262,True,0.489591,0.490224,True,2.330,True,0.504965,0.511524
42.888,True,2.262,True,0.489591,0.490224,True,2.330,True,0.504643,0.511455
42.899,True,2.262,True,0.489555,0.490167,True,2.330,True,0.504643,0.511455
42.910,True,2.262,True,0.489555,0.490167,True,2.330,True,0.504643,0.511455
42.921,True,2.262,True,0.489555,0.490167,True,2.330,True,0.504783,0.511230
42.932,True,2.262,True,0.489545,0.489725,True,2.330,True,0.504783,0.511230
42.943,True,2.262,True,0.489545,0.489725,True,2.330,True,0.504783,0.511230
42.954,True,2.262,True,0.489545,0.489725,True,2.330,True,0.504823,0.511474
42.965,True,2.262,True,0.489299,0.490042,True,2.330,True,0.504823,0.511474
42.977,True,2.262,True,0.489299,0.490042,True,2.330,True,0.504823,0.511474
42.988,True,2.262,True,0.489299,0.490042,True,2.330,True,0.504687,0.511483
42.999,True,2.262,True,0.489120,0.490068,True,2.330,True,0.504687,0.511483
43.010,True,2.262,True,0.489120,0.490068,True,2.330,True,0.504687,0.511483
43.021,True,2.262,True,0.489120,0.490068,True,2.330,True,0.505213,0.511217
43.032,True,2.262,True,0.490601,0.490221,True,2.330,True,0.505213,0.511217
43.043,True,2.262,True,0.490601,0.490221,True,2.330,True,0.505213,0.511217
43.054,True,2.262,True,0.490601,0.490221,True,2.330,True,0.505842,0.510784
43.065,True,2.262,True,0.490565,0.490309,True,2.330,True,0.505842,0.510784
43.076,True,2.262,True,0.490565,0.490309,True,2.330,True,0.505842,0.510784
43.087,True,2.262,True,0.490565,0.490309,True,2.330,True,0.505936,0.510814
43.098,True,2.262,True,0.490340,0.490564,True,2.330,True,0.505936,0.510814
43.110,True,2.262,True,0.490340,0.490564,True,2.330,True,0.505936,0.510814
43.121,True,2.262,True,0.490340,0.490564,True,2.330,True,0.506056,0.511027
43.132,True,2.262,True,0.490473,0.490270,True,2.330,True,0.506056,0.511027
43.143,True,2.262,True,0.490473,0.490270,True,2.330,True,0.506056,0.511027
43.154,True,2.262,True,0.490473,0.490270,True,2.330,True,0.505828,0.510800
43.165,True,2.262,True,0.490470,0.490517,True,2.330,True,0.505828,0.510800
43.176,True,2.262,True,0.490470,0.490517,True,2.330,True,0.505828,0.510800
43.187,True,2.262,True,0.490470,0.490517,True,2.330,True,0.505999,0.510870
43.199,True,2.262,True,0.490470,0.490517,True,2.330,True,0.505999,0.510870
43.210,True,2.262,True,0.490094,0.490556,True,2.330,True,0.505999,0.510870
43.221,True,2.262,True,0.490094,0.490556,True,2.330,True,0.505999,0.510870
43.232,True,2.262,True,0.489104,0.490311,True,2.330,True,0.505206,0.511124
43.243,True,2.262,True,0.489104,0.490311,True,2.330,True,0.505206,0.511124
43.254,True,2.262,True,0.489104,0.490311,True,2.330,True,0.504945,0.511246
43.265,True,2.262,True,0.489104,0.490311,True,2.330,True,0.504945,0.511246
43.276,True,2.262,True,0.489452,0.490064,True,2.330,True,0.504945,0.511246
43.287,True,2.262,True,0.489452,0.490064,True,2.330,True,0.504777,0.511688
43.298,True,2.262,True,0.489452,0.490064,True,2.330,True,0.504777,0.511688
43.309,True,2.262,True,0.489077,0.489883,True,2.330,True,0.504777,0.511688
43.321,True,2.262,True,0.489077,0.489883,True,2.330,True,0.504755,0.511516
43.332,True,2.262,True,0.489077,0.489883,True,2.330,True,0.504755,0.511516
43.343,True,2.262,True,0.489213,0.490088,True,2.330,True,0.504755,0.511516
43.354,True,2.262,True,0.489213,0.490088,True,2.278,True,0.504445,0.511475
43.365,True,2.262,True,0.489271,0.489863,True,2.278,True,0.504445,0.511475
43.376,True,2.262,True,0.489271,0.489863,True,2.278,True,0.504445,0.511475
43.387,True,2.262,True,0.489271,0.489863,True,2.278,True,0.504578,0.511238
43.399,True,2.262,True,0.489271,0.489863,True,2.278,True,0.504578,0.511238
43.410,True,2.262,True,0.489247,0.490126,True,2.278,True,0.504578,0.511238
43.421,True,2.262,True,0.489247,0.490126,True,2.278,True,0.504504,0.511352
43.432,True,2.262,True,0.489247,0.490126,True,2.278,True,0.504504,0.511352
43.443,True,2.262,True,0.489184,0.490055,True,2.278,True,0.504504,0.511352
43.454,True,2.262,True,0.489184,0.490055,True,2.278,True,0.504093,0.511190
43.465,True,2.262,True,0.488852,0.490075,True,2.278,True,0.504093,0.511190
43.476,True,2.262,True,0.488852,0.490075,True,2.278,True,0.504093,0.511190
43.487,True,2.262,True,0.488852,0.490075,True,2.278,True,0.504317,0.511387
43.498,True,2.262,True,0.488852,0.490075,True,2.278,True,0.504317,0.511387
43.510,True,2.262,True,0.489102,0.489768,True,2.278,True,0.504317,0.511387
43.521,True,2.262,True,0.489102,0.489768,True,2.278,True,0.504447,0.511241
43.532,True,2.262,True,0.489132,0.489733,True,2.278,True,0.504447,0.511241
43.543,True,2.262,True,0.489132,0.489733,True,2.278,True,0.504447,0.511241
43.554,True,2.262,True,0.489132,0.489733,True,2.278,True,0.504547,0.511116
43.565,True,2.262,True,0.489300,0.489970,True,2.278,True,0.504547,0.511116
43.576,True,2.262,True,0.489300,0.489970,True,2.278,True,0.504547,0.511116
43.587,True,2.262,True,0.489300,0.489970,True,2.278,True,0.504520,0.511031
43.598,True,2.262,True,0.489021,0.489905,True,2.278,True,0.504520,0.511031
43.610,True,2.262,True,0.489021,0.489905,True,2.278,True,0.504520,0.511031
43.621,True,2.262,True,0.489021,0.489905,True,2.278,True,0.504479,0.511154
43.632,True,2.262,True,0.489021,0.489905,True,2.278,True,0.504479,0.511154
43.643,True,2.262,True,0.489181,0.489721,True,2.278,True,0.504479,0.511154
43.654,True,2.262,True,0.489181,0.489721,True,2.278,True,0.504479,0.511154
43.665,True,2.262,True,0.489181,0.489721,True,2.278,True,0.504565,0.511087
43.677,True,2.262,True,0.488977,0.489798,True,2.278,True,0.504565,0.511087
43.688,True,2.262,True,0.488977,0.489798,True,2.278,True,0.504513,0.511021
43.699,True,2.262,True,0.488977,0.489798,True,2.278,True,0.504513,0.511021
43.710,True,2.262,True,0.489257,0.489624,True,2.278,True,0.504513,0.511021
43.721,True,2.262,True,0.489257,0.489624,True,2.278,True,0.504414,0.510848
43.732,True,2.262,True,0.489257,0.489624,True,2.278,True,0.504414,0.510848
43.743,True,2.262,True,0.489306,0.489809,True,2.278,True,0.504414,0.510848
43.755,True,2.262,True,0.489306,0.489809,True,2.278,True,0.504350,0.510623
43.765,True,2.262,True,0.489306,0.489809,True,2.278,True,0.504350,0.510623
43.776,True,2.262,True,0.489110,0.489456,True,2.278,True,0.504350,0.510623
43.788,True,2.262,True,0.489110,0.489456,True,2.278,True,0.504242,0.510772
43.799,True,2.262,True,0.489110,0.489456,True,2.278,True,0.504242,0.510772
43.810,True,2.262,True,0.489168,0.489451,True,2.278,True,0.504242,0.510772
43.821,True,2.262,True,0.489168,0.489451,True,2.278,True,0.504216,0.510831
43.832,True,2.262,True,0.489168,0.489451,True,2.278,True,0.504216,0.510831
43.843,True,2.262,True,0.489168,0.489451,True,2.278,True,0.504216,0.510831
43.854,True,2.383,True,0.489059,0.489539,True,2.278,True,0.504293,0.510899
43.865,True,2.383,True,0.489059,0.489539,True,2.278,True,0.504293,0.510899
43.876,True,2.383,True,0.489171,0.489573,True,2.278,True,0.504293,0.510899
43.888,True,2.383,True,0.489171,0.489573,True,2.278,True,0.503954,0.510656
43.899,True,2.383,True,0.489171,0.489573,True,2.278,True,0.503954,0.510656
43.910,True,2.383,True,0.489084,0.489659,True,2.278,True,0.503954,0.510656
43.921,True,2.383,True,0.489084,0.489659,True,2.278,True,0.504347,0.511041
43.932,True,2.383,True,0.489084,0.489659,True,2.278,True,0.504347,0.511041
43.943,True,2.383,True,0.488944,0.489337,True,2.278,True,0.504347,0.511041
43.954,True,2.383,True,0.488944,0.489337,True,2.278,True,0.504199,0.510917
43.965,True,2.383,True,0.488944,0.489337,True,2.278,True,0.504199,0.510917
43.977,True,2.383,True,0.488937,0.489532,True,2.278,True,0.504199,0.510917
43.987,True,2.383,True,0.488937,0.489532,True,2.278,True,0.504057,0.510744
43.999,True,2.383,True,0.488937,0.489532,True,2.278,True,0.504057,0.510744
44.010,True,2.383,True,0.489402,0.489492,True,2.278,True,0.504057,0.510744
44.021,True,2.383,True,0.489402,0.489492,True,2.278,True,0.504057,0.510744
44.032,True,2.383,True,0.489402,0.489492,True,2.278,True,0.504105,0.510790
44.043,True,2.383,True,0.488984,0.489331,True,2.278,True,0.504105,0.510790
44.054,True,2.383,True,0.488984,0.489331,True,2.278,True,0.504348,0.510865
44.065,True,2.383,True,0.488984,0.489331,True,2.278,True,0.504348,0.510865
44.076,True,2.383,True,0.489193,0.489588,True,2.278,True,0.504348,0.510865
44.087,True,2.383,True,0.489193,0.489588,True,2.278,True,0.504348,0.510865
44.099,True,2.383,True,0.489193,0.489588,True,2.278,True,0.504253,0.510924
44.110,True,2.383,True,0.488885,0.489526,True,2.278,True,0.504253,0.510924
44.121,True,2.383,True,0.488885,0.489526,True,2.278,True,0.504253,0.510924
44.132,True,2.383,True,0.488885,0.489526,True,2.278,True,0.504050,0.510880
44.143,True,2.383,True,0.488950,0.489508,True,2.278,True,0.504050,0.510880
44.154,True,2.383,True,0.488950,0.489508,True,2.278,True,0.504050,0.510880
44.165,True,2.383,True,0.488950,0.489508,True,2.278,True,0.504113,0.510794
44.176,True,2.383,True,0.488781,0.489250,True,2.278,True,0.504113,0.510794
44.187,True,2.383,True,0.488781,0.489250,True,2.278,True,0.504113,0.510794
44.199,True,2.383,True,0.488781,0.489250,True,2.278,True,0.504120,0.510871
44.210,True,2.383,True,0.488660,0.489542,True,2.278,True,0.504120,0.510871
44.221,True,2.383,True,0.488660,0.489542,True,2.278,True,0.504120,0.510871
44.232,True,2.383,True,0.488660,0.489542,True,2.278,True,0.503994,0.510816
44.243,True,2.383,True,0.488864,0.489478,True,2.278,True,0.503994,0.510816
44.254,True,2.383,True,0.488864,0.489478,True,2.278,True,0.503994,0.510816
44.265,True,2.383,True,0.488864,0.489478,True,2.278,True,0.504149,0.511137
44.276,True,2.383,True,0.489320,0.489795,True,2.278,True,0.504149,0.511137
44.287,True,2.383,True,0.489320,0.489795,True,2.278,True,0.504074,0.510966
44.299,True,2.383,True,0.489320,0.489795,True,2.278,True,0.504074,0.510966
44.310,True,2.383,True,0.489472,0.489510,True,2.278,True,0.504074,0.510966
44.321,True,2.383,True,0.489472,0.489510,True,2.278,True,0.504074,0.510966
44.332,True,2.383,True,0.489472,0.489510,True,2.278,True,0.504343,0.510765
44.343,True,2.383,True,0.489150,0.489386,True,2.278,True,0.504343,0.510765
44.354,True,2.383,True,0.489150,0.489386,True,2.278,True,0.504343,0.510765
44.365,True,2.383,True,0.489150,0.489386,True,2.458,True,0.504064,0.510780
44.376,True,2.383,True,0.489349,0.489375,True,2.458,True,0.504064,0.510780
44.387,True,2.383,True,0.489349,0.489375,True,2.458,True,0.504007,0.510509
44.399,True,2.383,True,0.489349,0.489375,True,2.458,True,0.504007,0.510509
44.410,True,2.383,True,0.489317,0.489407,True,2.458,True,0.504007,0.510509
44.421,True,2.383,True,0.489317,0.489407,True,2.458,True,0.504007,0.510509
44.432,True,2.383,True,0.489317,0.489407,True,2.458,True,0.504542,0.510622
44.443,True,2.383,True,0.489317,0.489407,True,2.458,True,0.504542,0.510622
44.454,True,2.383,True,0.489525,0.489738,True,2.458,True,0.504542,0.510622
44.465,True,2.383,True,0.489525,0.489738,True,2.458,True,0.504519,0.510615
44.476,True,2.383,True,0.489709,0.489480,True,2.458,True,0.504519,0.510615
44.487,True,2.383,True,0.489709,0.489480,True,2.458,True,0.504519,0.510615
44.498,True,2.383,True,0.489709,0.489480,True,2.458,True,0.504533,0.510507
44.510,True,2.383,True,0.489660,0.489384,True,2.458,True,0.504533,0.510507
44.521,True,2.383,True,0.489660,0.489384,True,2.458,True,0.504533,0.510507
44.532,True,2.383,True,0.489660,0.489384,True,2.458,True,0.504475,0.510461
44.543,True,2.383,True,0.489624,0.489192,True,2.458,True,0.504475,0.510461
44.554,True,2.383,True,0.489624,0.489192,True,2.458,True,0.504475,0.510461
44.566,True,2.383,True,0.489624,0.489192,True,2.458,True,0.504449,0.510465
44.576,True,2.383,True,0.489624,0.489192,True,2.458,True,0.504449,0.510465
44.588,True,2.383,True,0.489514,0.489075,True,2.458,True,0.504449,0.510465
44.599,True,2.383,True,0.489514,0.489075,True,2.458,True,0.504354,0.510379
44.610,True,2.383,True,0.489310,0.489433,True,2.458,True,0.504354,0.510379
44.621,True,2.383,True,0.489310,0.489433,True,2.458,True,0.504354,0.510379
44.632,True,2.383,True,0.489310,0.489433,True,2.458,True,0.504382,0.510559
44.643,True,2.383,True,0.489590,0.489429,True,2.458,True,0.504382,0.510559
44.654,True,2.383,True,0.489590,0.489429,True,2.458,True,0.504382,0.510559
44.665,True,2.383,True,0.489590,0.489429,True,2.458,True,0.504407,0.510323
44.677,True,2.383,True,0.489538,0.489144,True,2.458,True,0.504407,0.510323
44.687,True,2.383,True,0.489538,0.489144,True,2.458,True,0.504407,0.510323
44.699,True,2.383,True,0.489538,0.489144,True,2.458,True,0.504205,0.510428
44.710,True,2.383,True,0.489795,0.489105,True,2.458,True,0.504205,0.510428
44.721,True,2.383,True,0.489795,0.489105,True,2.458,True,0.504205,0.510428
44.732,True,2.383,True,0.489795,0.489105,True,2.458,True,0.504171,0.510344
44.743,True,2.383,True,0.489537,0.489240,True,2.458,True,0.504171,0.510344
44.754,True,2.383,True,0.489537,0.489240,True,2.458,True,0.504171,0.510344
44.765,True,2.383,True,0.489537,0.489240,True,2.458,True,0.504267,0.510340
44.777,True,2.383,True,0.489808,0.489431,True,2.458,True,0.504267,0.510340
44.788,True,2.383,True,0.489808,0.489431,True,2.458,True,0.504267,0.510340
44.799,True,2.383,True,0.489808,0.489431,True,2.458,True,0.504237,0.510257
44.810,True,2.383,True,0.489813,0.489274,True,2.458,True,0.504237,0.510257
44.821,True,2.383,True,0.489813,0.489274,True,2.458,True,0.504237,0.510257
44.832,True,2.383,True,0.489813,0.489274,True,2.458,True,0.504257,0.510206
44.843,True,2.383,True,0.489813,0.489274,True,2.458,True,0.504257,0.510206
44.854,True,2.483,True,0.489594,0.489035,True,2.278,True,0.504257,0.510206
44.865,True,2.483,True,0.489594,0.489035,True,2.278,True,0.504257,0.510206
44.877,True,2.483,True,0.489594,0.489035,True,2.278,True,0.504237,0.510257
44.888,True,2.483,True,0.489748,0.488948,True,2.278,True,0.504237,0.510257
44.899,True,2.483,True,0.489748,0.488948,True,2.278,True,0.504219,0.510105
44.910,True,2.483,True,0.489748,0.488948,True,2.278,True,0.504219,0.510105
44.921,True,2.483,True,0.489834,0.488879,True,2.278,True,0.504219,0.510105
44.932,True,2.483,True,0.489834,0.488879,True,2.278,True,0.504251,0.510285
44.943,True,2.483,True,0.489834,0.488879,True,2.278,True,0.504251,0.510285
44.954,True,2.483,True,0.489853,0.488627,True,2.278,True,0.504251,0.510285
44.965,True,2.483,True,0.489853,0.488627,True,2.278,True,0.503971,0.510313
44.977,True,2.483,True,0.489853,0.488627,True,2.278,True,0.503971,0.510313
44.988,True,2.483,True,0.489773,0.488808,True,2.278,True,0.503971,0.510313
44.998,True,2.483,True,0.489773,0.488808,True,2.278,True,0.504046,0.510197
45.010,True,2.483,True,0.489773,0.488808,True,2.278,True,0.504046,0.510197
45.021,True,2.483,True,0.489746,0.488771,True,2.278,True,0.504046,0.510197
45.032,True,2.483,True,0.489746,0.488771,True,2.278,True,0.504040,0.509859
45.043,True,2.483,True,0.489746,0.488771,True,2.278,True,0.504040,0.509859
45.054,True,2.483,True,0.489779,0.488473,True,2.278,True,0.504040,0.509859
45.066,True,2.483,True,0.489779,0.488473,True,2.278,True,0.504298,0.510015
45.076,True,2.483,True,0.489779,0.488473,True,2.278,True,0.504298,0.510015
45.088,True,2.483,True,0.489802,0.488921,True,2.278,True,0.504298,0.510015
45.099,True,2.483,True,0.489802,0.488921,True,2.278,True,0.504004,0.510309
45.110,True,2.483,True,0.489802,0.488921,True,2.278,True,0.504004,0.510309
45.121,True,2.483,True,0.490079,0.488684,True,2.278,True,0.504004,0.510309
45.132,True,2.483,True,0.490079,0.488684,True,2.278,True,0.504229,0.509931
45.143,True,2.483,True,0.490079,0.488684,True,2.278,True,0.504229,0.509931
45.154,True,2.483,True,0.492809,0.489627,True,2.278,True,0.504229,0.509931
45.165,True,2.483,True,0.492809,0.489627,True,2.278,True,0.508041,0.509597
45.177,True,2.483,True,0.492809,0.489627,True,2.278,True,0.508041,0.509597
45.188,True,2.483,True,0.493719,0.489845,True,2.278,True,0.508041,0.509597
45.199,True,2.483,True,0.493719,0.489845,True,2.278,True,0.508041,0.509597
45.210,True,2.483,True,0.493719,0.489845,True,2.278,True,0.507905,0.509252
45.221,True,2.483,True,0.494070,0.490089,True,2.278,True,0.507905,0.509252
45.232,True,2.483,True,0.494070,0.490089,True,2.278,True,0.507950,0.509177
45.243,True,2.483,True,0.494070,0.490089,True,2.278,True,0.507950,0.509177
45.254,True,2.483,True,0.493958,0.489794,True,2.278,True,0.507950,0.509177
45.265,True,2.483,True,0.493958,0.489794,True,2.278,True,0.507950,0.509177
45.276,True,2.483,True,0.493958,0.489794,True,2.278,True,0.507682,0.509278
45.288,True,2.483,True,0.493728,0.490133,True,2.278,True,0.507682,0.509278
45.298,True,2.483,True,0.493728,0.490133,True,2.278,True,0.507682,0.509278
45.309,True,2.483,True,0.493728,0.490133,True,2.278,True,0.507759,0.509179
45.321,True,2.483,True,0.493977,0.490007,True,2.278,True,0.507759,0.509179
45.332,True,2.483,True,0.493977,0.490007,True,2.278,True,0.507759,0.509179
45.343,True,2.483,True,0.493977,0.490007,True,2.278,True,0.506099,0.509729
45.354,True,2.483,True,0.491786,0.489346,True,2.278,True,0.506099,0.509729
45.365,True,2.483,True,0.491786,0.489346,True,2.278,True,0.506099,0.509729
45.376,True,2.483,True,0.491786,0.489346,True,2.504,True,0.505805,0.509507
45.387,True,2.483,True,0.491805,0.489390,True,2.504,True,0.505805,0.509507
45.399,True,2.483,True,0.491805,0.489390,True,2.504,True,0.505805,0.509507
45.410,True,2.483,True,0.491805,0.489390,True,2.504,True,0.505713,0.509883
45.421,True,2.483,True,0.491552,0.489434,True,2.504,True,0.505713,0.509883
45.432,True,2.483,True,0.491552,0.489434,True,2.504,True,0.505713,0.509883
45.443,True,2.483,True,0.491552,0.489434,True,2.504,True,0.505776,0.509836
45.454,True,2.483,True,0.491546,0.489550,True,2.504,True,0.505776,0.509836
45.465,True,2.483,True,0.491546,0.489550,True,2.504,True,0.505776,0.509836
45.476,True,2.483,True,0.491546,0.489550,True,2.504,True,0.505670,0.509866
45.487,True,2.483,True,0.491549,0.489379,True,2.504,True,0.505670,0.509866
45.499,True,2.483,True,0.491549,0.489379,True,2.504,True,0.505670,0.509866
45.510,True,2.483,True,0.491549,0.489379,True,2.504,True,0.505877,0.509533
45.521,True,2.483,True,0.491690,0.489313,True,2.504,True,0.505877,0.509533
45.532,True,2.483,True,0.491690,0.489313,True,2.504,True,0.505795,0.509526
45.543,True,2.483,True,0.491690,0.489313,True,2.504,True,0.505795,0.509526
45.554,True,2.483,True,0.491301,0.489308,True,2.504,True,0.505795,0.509526
45.565,True,2.483,True,0.491301,0.489308,True,2.504,True,0.505547,0.509807
45.576,True,2.483,True,0.491301,0.489308,True,2.504,True,0.505547,0.509807
45.587,True,2.483,True,0.491301,0.489308,True,2.504,True,0.505547,0.509807
45.598,True,2.483,True,0.491364,0.489325,True,2.504,True,0.505610,0.509669
45.609,True,2.483,True,0.491364,0.489325,True,2.504,True,0.505610,0.509669
45.621,True,2.483,True,0.491364,0.489325,True,2.504,True,0.505610,0.509669
45.632,True,2.505,True,0.491671,0.489201,True,2.278,True,0.505610,0.509669
45.643,True,2.505,True,0.491671,0.489201,True,2.278,True,0.505617,0.509483
45.654,True,2.505,True,0.491671,0.489201,True,2.278,True,0.505617,0.509483
45.665,True,2.505,True,0.491334,0.489369,True,2.278,True,0.505429,0.509833
45.676,True,2.505,True,0.491334,0.489369,True,2.278,True,0.505429,0.509833
45.687,True,2.505,True,0.491334,0.489369,True,2.278,True,0.505429,0.509833
45.698,True,2.505,True,0.491425,0.489474,True,2.278,True,0.505429,0.509833
45.710,True,2.505,True,0.491425,0.489474,True,2.278,True,0.505549,0.509835
45.721,True,2.505,True,0.491425,0.489474,True,2.278,True,0.505549,0.509835
45.732,True,2.505,True,0.491522,0.489156,True,2.278,True,0.505549,0.509835
45.743,True,2.505,True,0.491522,0.489156,True,2.278,True,0.505651,0.509792
45.754,True,2.505,True,0.491410,0.489363,True,2.278,True,0.505651,0.509792
45.765,True,2.505,True,0.491410,0.489363,True,2.278,True,0.505651,0.509792
45.776,True,2.505,True,0.491410,0.489363,True,2.278,True,0.505344,0.509941
45.788,True,2.505,True,0.491410,0.489363,True,2.278,True,0.505344,0.509941
45.799,True,2.505,True,0.492403,0.489624,True,2.278,True,0.505344,0.509941
45.810,True,2.505,True,0.492403,0.489624,True,2.278,True,0.507016,0.509446
45.821,True,2.505,True,0.492826,0.490046,True,2.278,True,0.507016,0.509446
45.832,True,2.505,True,0.492826,0.490046,True,2.278,True,0.507016,0.509446
45.844,True,2.505,True,0.492826,0.490046,True,2.278,True,0.506874,0.509528
45.854,True,2.505,True,0.492704,0.489932,True,2.278,True,0.506874,0.509528
45.865,True,2.505,True,0.492704,0.489932,True,2.278,True,0.506874,0.509528
45.877,True,2.505,True,0.492704,0.489932,True,2.278,True,0.506759,0.509225
45.888,True,2.505,True,0.493043,0.489712,True,2.278,True,0.506759,0.509225
45.899,True,2.505,True,0.493043,0.489712,True,2.278,True,0.506759,0.509225
45.910,True,2.505,True,0.493043,0.489712,True,2.278,True,0.506856,0.509497
45.921,True,2.505,True,0.493053,0.489760,True,2.278,True,0.506856,0.509497
45.932,True,2.505,True,0.493053,0.489760,True,2.278,True,0.506856,0.509497
45.943,True,2.505,True,0.493053,0.489760,True,2.278,True,0.507003,0.509356
45.954,True,2.505,True,0.492683,0.489890,True,2.278,True,0.507003,0.509356
45.965,True,2.505,True,0.492683,0.489890,True,2.278,True,0.507003,0.509356
45.977,True,2.505,True,0.492683,0.489890,True,2.278,True,0.507052,0.509423
45.988,True,2.505,True,0.492683,0.489890,True,2.278,True,0.507052,0.509423
45.999,True,2.505,True,0.492882,0.489792,True,2.278,True,0.507052,0.509423
46.010,True,2.505,True,0.492882,0.489792,True,2.278,True,0.506832,0.509375
46.021,True,2.505,True,0.492882,0.489792,True,2.278,True,0.506832,0.509375
46.032,True,2.505,True,0.492611,0.489609,True,2.278,True,0.506832,0.509375
46.043,True,2.505,True,0.492611,0.489609,True,2.278,True,0.505338,0.509353
46.054,True,2.505,True,0.490442,0.489035,True,2.278,True,0.505338,0.509353
46.065,True,2.505,True,0.490442,0.489035,True,2.278,True,0.505338,0.509353
46.077,True,2.505,True,0.490442,0.489035,True,2.278,True,0.504378,0.509607
46.088,True,2.505,True,0.490222,0.488664,True,2.278,True,0.504378,0.509607
46.099,True,2.505,True,0.490222,0.488664,True,2.278,True,0.504378,0.509607
46.110,True,2.505,True,0.490222,0.488664,True,2.317,True,0.504267,0.509589
46.121,True,2.505,True,0.490216,0.488690,True,2.317,True,0.504267,0.509589
46.132,True,2.505,True,0.490216,0.488690,True,2.317,True,0.504267,0.509589
46.143,True,2.505,True,0.490216,0.488690,True,2.317,True,0.504135,0.509731
46.154,True,2.505,True,0.490216,0.488690,True,2.317,True,0.504135,0.509731
46.165,True,2.505,True,0.490229,0.488899,True,2.317,True,0.504135,0.509731
46.176,True,2.505,True,0.490229,0.488899,True,2.317,True,0.504135,0.509731
46.187,True,2.505,True,0.490229,0.488899,True,2.317,True,0.504296,0.509664
46.199,True,2.505,True,0.489938,0.488729,True,2.317,True,0.504296,0.509664
46.210,True,2.505,True,0.489938,0.488729,True,2.317,True,0.504296,0.509664
46.221,True,2.505,True,0.489938,0.488729,True,2.317,True,0.504177,0.509561
46.232,True,2.505,True,0.490324,0.488744,True,2.317,True,0.504177,0.509561
46.243,True,2.505,True,0.490324,0.488744,True,2.317,True,0.504254,0.509541
46.254,True,2.505,True,0.490324,0.488744,True,2.317,True,0.504254,0.509541
46.265,True,2.505,True,0.489937,0.488848,True,2.317,True,0.504254,0.509541
46.277,True,2.505,True,0.489937,0.488848,True,2.317,True,0.504254,0.509541
46.288,True,2.505,True,0.489937,0.488848,True,2.317,True,0.504169,0.509477
46.299,True,2.505,True,0.491830,0.489217,True,2.317,True,0.504169,0.509477
46.310,True,2.505,True,0.491830,0.489217,True,2.317,True,0.506042,0.509330
46.328,True,2.505,True,0.491830,0.489217,True,2.317,True,0.506042,0.509330
46.339,True,2.505,True,0.492064,0.489384,True,2.317,True,0.506042,0.509330
46.350,True,2.505,True,0.492064,0.489384,True,2.317,True,0.506329,0.509244
46.361,True,2.505,True,0.492156,0.489464,True,2.317,True,0.506329,0.509244
46.373,True,2.505,True,0.492156,0.489464,True,2.317,True,0.506329,0.509244
46.383,True,2.505,True,0.492156,0.489464,True,2.317,True,0.506095,0.509404
46.394,True,2.505,True,0.491997,0.489416,True,2.317,True,0.506095,0.509404
46.405,True,2.505,True,0.491997,0.489416,True,2.317,True,0.506095,0.509404
46.417,True,2.505,True,0.491997,0.489416,True,2.317,True,0.506053,0.509255
46.428,True,2.505,True,0.491878,0.489656,True,2.317,True,0.506053,0.509255
46.439,True,2.505,True,0.491878,0.489656,True,2.317,True,0.506053,0.509255
46.450,True,2.505,True,0.491878,0.489656,True,2.317,True,0.506268,0.509446
46.461,True,2.505,True,0.490991,0.488783,True,2.317,True,0.506268,0.509446
46.472,True,2.505,True,0.490991,0.488783,True,2.317,True,0.506268,0.509446
46.483,True,2.505,True,0.490991,0.488783,True,2.317,True,0.503902,0.509573
46.494,True,2.505,True,0.490355,0.488601,True,2.317,True,0.503902,0.509573
46.506,True,2.505,True,0.490355,0.488601,True,2.317,True,0.503902,0.509573
46.517,True,2.505,True,0.490355,0.488601,True,2.317,True,0.503886,0.509474
46.528,True,2.505,True,0.489736,0.488809,True,2.317,True,0.503886,0.509474
46.539,True,2.505,True,0.489736,0.488809,True,2.317,True,0.503886,0.509474
46.550,True,2.505,True,0.489736,0.488809,True,2.317,True,0.504161,0.509728
46.561,True,2.505,True,0.490162,0.488620,True,2.317,True,0.504161,0.509728
46.572,True,2.505,True,0.490162,0.488620,True,2.317,True,0.504161,0.509728
46.583,True,2.505,True,0.490162,0.488620,True,2.317,True,0.503788,0.509514
46.594,True,2.505,True,0.490162,0.488620,True,2.317,True,0.503788,0.509514
46.605,True,2.505,True,0.489765,0.488764,True,2.317,True,0.503788,0.509514
46.616,True,2.505,True,0.489765,0.488764,True,2.317,True,0.503409,0.509707
46.628,True,2.505,True,0.489765,0.488764,True,2.317,True,0.503409,0.509707
46.639,True,2.420,True,0.490108,0.488581,True,2.317,True,0.503409,0.509707
46.650,True,2.420,True,0.490108,0.488581,True,2.317,True,0.503581,0.509885
46.661,True,2.420,True,0.489919,0.488953,True,2.317,True,0.503581,0.509885
46.672,True,2.420,True,0.489919,0.488953,True,2.317,True,0.503581,0.509885
46.683,True,2.420,True,0.489919,0.488953,True,2.317,True,0.503645,0.509862
46.694,True,2.420,True,0.490107,0.488798,True,2.317,True,0.503645,0.509862
46.705,True,2.420,True,0.490107,0.488798,True,2.317,True,0.503645,0.509862
46.717,True,2.420,True,0.490107,0.488798,True,2.317,True,0.503622,0.509932
46.728,True,2.420,True,0.489818,0.488707,True,2.317,True,0.503622,0.509932
46.739,True,2.420,True,0.489818,0.488707,True,2.317,True,0.503622,0.509932
46.750,True,2.420,True,0.489818,0.488707,True,2.317,True,0.502984,0.509985
46.761,True,2.420,True,0.489225,0.488252,True,2.317,True,0.502984,0.509985
46.772,True,2.420,True,0.489225,0.488252,True,2.317,True,0.502984,0.509985
46.783,True,2.420,True,0.489225,0.488252,True,2.317,True,0.502784,0.509819
46.794,True,2.420,True,0.489184,0.488466,True,2.317,True,0.502784,0.509819
46.805,True,2.420,True,0.489184,0.488466,True,2.317,True,0.502784,0.509819
46.817,True,2.420,True,0.489184,0.488466,True,2.317,True,0.502813,0.509917
46.828,True,2.420,True,0.489139,0.488194,True,2.317,True,0.502813,0.509917
46.839,True,2.420,True,0.489139,0.488194,True,2.317,True,0.502813,0.509917
46.850,True,2.420,True,0.489139,0.488194,True,2.317,True,0.502719,0.509941
46.861,True,2.420,True,0.489139,0.488194,True,2.317,True,0.502719,0.509941
46.872,True,2.420,True,0.489102,0.488307,True,2.317,True,0.502811,0.510051
46.883,True,2.420,True,0.489102,0.488307,True,2.317,True,0.502811,0.510051
46.895,True,2.420,True,0.489102,0.488307,True,2.317,True,0.502811,0.510051
46.905,True,2.420,True,0.488916,0.488439,True,2.317,True,0.502811,0.510051
46.917,True,2.420,True,0.488916,0.488439,True,2.317,True,0.502847,0.510039
46.928,True,2.420,True,0.488916,0.488439,True,2.317,True,0.502847,0.510039
46.939,True,2.420,True,0.489491,0.488498,True,2.317,True,0.502847,0.510039
46.950,True,2.420,True,0.489491,0.488498,True,2.317,True,0.502801,0.510071
46.961,True,2.420,True,0.489491,0.488498,True,2.317,True,0.502801,0.510071
46.972,True,2.420,True,0.488853,0.488476,True,2.317,True,0.502801,0.510071
46.984,True,2.420,True,0.488853,0.488476,True,2.317,True,0.502483,0.510103
46.995,True,2.420,True,0.488853,0.488476,True,2.317,True,0.502483,0.510103
47.006,True,2.420,True,0.489084,0.488405,True,2.317,True,0.502483,0.510103
47.017,True,2.420,True,0.489084,0.488405,True,2.317,True,0.502868,0.510280
47.028,True,2.420,True,0.489084,0.488405,True,2.317,True,0.502868,0.510280
47.039,True,2.420,True,0.489306,0.488379,True,2.317,True,0.502868,0.510280
47.050,True,2.420,True,0.489306,0.488379,True,2.317,True,0.502778,0.510259
47.061,True,2.420,True,0.489306,0.488379,True,2.317,True,0.502778,0.510259
47.072,True,2.420,True,0.489090,0.488566,True,2.317,True,0.502778,0.510259
47.083,True,2.420,True,0.489090,0.488566,True,2.317,True,0.502843,0.510163
47.095,True,2.420,True,0.489090,0.488566,True,2.317,True,0.502843,0.510163
47.106,True,2.420,True,0.489117,0.488309,True,2.317,True,0.502843,0.510163
47.117,True,2.420,True,0.489117,0.488309,True,2.317,True,0.502843,0.510163
47.128,True,2.420,True,0.489117,0.488309,True,2.231,True,0.502801,0.510363
47.139,True,2.420,True,0.489028,0.488503,True,2.231,True,0.502801,0.510363
47.150,True,2.420,True,0.489028,0.488503,True,2.231,True,0.504218,0.510292
47.161,True,2.420,True,0.489028,0.488503,True,2.231,True,0.504218,0.510292
47.172,True,2.420,True,0.490767,0.489341,True,2.231,True,0.504218,0.510292
47.183,True,2.420,True,0.490767,0.489341,True,2.231,True,0.504567,0.510135
47.195,True,2.420,True,0.490767,0.489341,True,2.231,True,0.504567,0.510135
47.206,True,2.420,True,0.490705,0.489598,True,2.231,True,0.504567,0.510135
47.217,True,2.420,True,0.490705,0.489598,True,2.231,True,0.504658,0.510263
47.228,True,2.420,True,0.491040,0.489639,True,2.231,True,0.504658,0.510263
47.239,True,2.420,True,0.491040,0.489639,True,2.231,True,0.504658,0.510263
47.250,True,2.420,True,0.491040,0.489639,True,2.231,True,0.504669,0.510032
47.261,True,2.420,True,0.491234,0.489410,True,2.231,True,0.504669,0.510032
47.272,True,2.420,True,0.491234,0.489410,True,2.231,True,0.504669,0.510032
47.283,True,2.420,True,0.491234,0.489410,True,2.231,True,0.504658,0.510322
47.295,True,2.420,True,0.491234,0.489410,True,2.231,True,0.504658,0.510322
47.306,True,2.420,True,0.491179,0.489446,True,2.231,True,0.504658,0.510322
47.316,True,2.420,True,0.491179,0.489446,True,2.231,True,0.504658,0.510322
47.328,True,2.420,True,0.491179,0.489446,True,2.231,True,0.504808,0.510281
47.339,True,2.420,True,0.489770,0.489161,True,2.231,True,0.504808,0.510281
47.350,True,2.420,True,0.489770,0.489161,True,2.231,True,0.502378,0.510386
47.361,True,2.420,True,0.489770,0.489161,True,2.231,True,0.502378,0.510386
47.372,True,2.420,True,0.488219,0.488450,True,2.231,True,0.502378,0.510386
47.383,True,2.420,True,0.488219,0.488450,True,2.231,True,0.502315,0.510323
47.395,True,2.420,True,0.488219,0.488450,True,2.231,True,0.502315,0.510323
47.406,True,2.420,True,0.488312,0.488220,True,2.231,True,0.502315,0.510323
47.417,True,2.420,True,0.488312,0.488220,True,2.231,True,0.502315,0.510323
47.428,True,2.420,True,0.488312,0.488220,True,2.231,True,0.502380,0.510395
47.439,True,2.420,True,0.488252,0.488238,True,2.231,True,0.502380,0.510395
47.450,True,2.420,True,0.488252,0.488238,True,2.231,True,0.502202,0.510349
47.461,True,2.420,True,0.488252,0.488238,True,2.231,True,0.502202,0.510349
47.472,True,2.420,True,0.487866,0.488171,True,2.231,True,0.502202,0.510349
47.484,True,2.420,True,0.487866,0.488171,True,2.231,True,0.502294,0.510362
47.495,True,2.420,True,0.488695,0.488346,True,2.231,True,0.502294,0.510362
47.506,True,2.420,True,0.488695,0.488346,True,2.231,True,0.502294,0.510362
47.517,True,2.420,True,0.488695,0.488346,True,2.231,True,0.502294,0.510362
47.528,True,2.420,True,0.488695,0.488346,True,2.231,True,0.503602,0.509934
47.539,True,2.420,True,0.490493,0.488726,True,2.231,True,0.503602,0.509934
47.550,True,2.420,True,0.490493,0.488726,True,2.231,True,0.503602,0.509934
47.561,True,2.420,True,0.490493,0.488726,True,2.231,True,0.503736,0.509728
47.576,True,2.420,True,0.490248,0.488896,True,2.231,True,0.503736,0.509728
47.587,True,2.420,True,0.490248,0.488896,True,2.231,True,0.503736,0.509728
47.598,True,2.420,True,0.490248,0.488896,True,2.231,True,0.503801,0.509924
47.610,True,2.420,True,0.490273,0.488743,True,2.231,True,0.503801,0.509924
47.621,True,2.420,True,0.490273,0.488743,True,2.231,True,0.504036,0.509939
47.632,True,2.420,True,0.490273,0.488743,True,2.231,True,0.504036,0.509939
47.643,True,2.310,True,0.490154,0.489038,True,2.231,True,0.504036,0.509939
47.654,True,2.310,True,0.490154,0.489038,True,2.231,True,0.504016,0.510073
47.665,True,2.310,True,0.490154,0.489038,True,2.231,True,0.504016,0.510073
47.676,True,2.310,True,0.490285,0.488827,True,2.231,True,0.504016,0.510073
47.687,True,2.310,True,0.490285,0.488827,True,2.231,True,0.503984,0.510137
47.698,True,2.310,True,0.490285,0.488827,True,2.231,True,0.503984,0.510137
47.709,True,2.310,True,0.488488,0.488708,True,2.231,True,0.503984,0.510137
47.720,True,2.310,True,0.488488,0.488708,True,2.231,True,0.502519,0.510414
47.732,True,2.310,True,0.488488,0.488708,True,2.231,True,0.502519,0.510414
47.743,True,2.310,True,0.488008,0.488715,True,2.231,True,0.502519,0.510414
47.754,True,2.310,True,0.488008,0.488715,True,2.231,True,0.502528,0.510620
47.765,True,2.310,True,0.488043,0.488553,True,2.231,True,0.502528,0.510620
47.776,True,2.310,True,0.488043,0.488553,True,2.231,True,0.502528,0.510620
47.787,True,2.310,True,0.488043,0.488553,True,2.231,True,0.502575,0.510626
47.798,True,2.310,True,0.487908,0.488647,True,2.231,True,0.502575,0.510626
47.810,True,2.310,True,0.487908,0.488647,True,2.231,True,0.502575,0.510626
47.821,True,2.310,True,0.487908,0.488647,True,2.231,True,0.502575,0.510626
47.832,True,2.310,True,0.487908,0.488647,True,2.231,True,0.502644,0.510874
47.843,True,2.310,True,0.487710,0.488692,True,2.231,True,0.502644,0.510874
47.854,True,2.310,True,0.487710,0.488692,True,2.231,True,0.503018,0.511084
47.865,True,2.310,True,0.487710,0.488692,True,2.231,True,0.503018,0.511084
47.876,True,2.310,True,0.490038,0.489546,True,2.231,True,0.503018,0.511084
47.887,True,2.310,True,0.490038,0.489546,True,2.231,True,0.503018,0.511084
47.898,True,2.310,True,0.490038,0.489546,True,2.231,True,0.504273,0.510914
47.909,True,2.310,True,0.490341,0.489992,True,2.231,True,0.504273,0.510914
47.921,True,2.310,True,0.490341,0.489992,True,2.231,True,0.504650,0.510795
47.932,True,2.310,True,0.490341,0.489992,True,2.231,True,0.504650,0.510795
47.943,True,2.310,True,0.490289,0.489824,True,2.231,True,0.504650,0.510795
47.954,True,2.310,True,0.490289,0.489824,True,2.231,True,0.504650,0.510795
47.965,True,2.310,True,0.490289,0.489824,True,2.231,True,0.505262,0.511186
47.976,True,2.310,True,0.490359,0.489963,True,2.231,True,0.505262,0.511186
47.987,True,2.310,True,0.490359,0.489963,True,2.231,True,0.505262,0.511186
47.998,True,2.310,True,0.490359,0.489963,True,2.231,True,0.504874,0.510947
48.009,True,2.310,True,0.488483,0.489690,True,2.231,True,0.504874,0.510947
48.021,True,2.310,True,0.488483,0.489690,True,2.231,True,0.504874,0.510947
48.032,True,2.310,True,0.488483,0.489690,True,2.231,True,0.503276,0.511283
48.043,True,2.310,True,0.488146,0.489562,True,2.231,True,0.503276,0.511283
48.054,True,2.310,True,0.488146,0.489562,True,2.231,True,0.503276,0.511283
48.065,True,2.310,True,0.488146,0.489562,True,2.231,True,0.503147,0.511153
48.076,True,2.310,True,0.488225,0.489605,True,2.231,True,0.503147,0.511153
48.087,True,2.310,True,0.488225,0.489605,True,2.231,True,0.502970,0.511313
48.098,True,2.310,True,0.488225,0.489605,True,2.231,True,0.502970,0.511313
48.109,True,2.310,True,0.488140,0.489811,True,2.231,True,0.502970,0.511313
48.121,True,2.310,True,0.488140,0.489811,True,2.231,True,0.502970,0.511313
48.132,True,2.310,True,0.488140,0.489811,True,2.231,True,0.502970,0.511313
48.143,True,2.310,True,0.488133,0.489591,True,2.243,True,0.503126,0.511262
48.154,True,2.310,True,0.488133,0.489591,True,2.243,True,0.503126,0.511262
48.165,True,2.310,True,0.488133,0.489591,True,2.243,True,0.503052,0.511354
48.176,True,2.310,True,0.488176,0.489484,True,2.243,True,0.503052,0.511354
48.187,True,2.310,True,0.488176,0.489484,True,2.243,True,0.503052,0.511354
48.199,True,2.310,True,0.488176,0.489484,True,2.243,True,0.502939,0.511263
48.210,True,2.310,True,0.487926,0.489370,True,2.243,True,0.502939,0.511263
48.221,True,2.310,True,0.487926,0.489370,True,2.243,True,0.502939,0.511263
48.232,True,2.310,True,0.487926,0.489370,True,2.243,True,0.503967,0.511033
48.243,True,2.310,True,0.489162,0.489733,True,2.243,True,0.503967,0.511033
48.254,True,2.310,True,0.489162,0.489733,True,2.243,True,0.503967,0.511033
48.265,True,2.310,True,0.489162,0.489733,True,2.243,True,0.504211,0.511077
48.276,True,2.310,True,0.489591,0.489752,True,2.243,True,0.504211,0.511077
48.287,True,2.310,True,0.489591,0.489752,True,2.243,True,0.504211,0.511077
48.299,True,2.310,True,0.489591,0.489752,True,2.243,True,0.504249,0.511046
48.310,True,2.310,True,0.489114,0.489922,True,2.243,True,0.504249,0.511046
48.321,True,2.310,True,0.489114,0.489922,True,2.243,True,0.504249,0.511046
48.332,True,2.310,True,0.489114,0.489922,True,2.243,True,0.504424,0.511220
48.343,True,2.310,True,0.489076,0.490166,True,2.243,True,0.504424,0.511220
48.354,True,2.310,True,0.489076,0.490166,True,2.243,True,0.504424,0.511220
48.365,True,2.310,True,0.489076,0.490166,True,2.243,True,0.504018,0.511095
48.376,True,2.310,True,0.489056,0.489803,True,2.243,True,0.504018,0.511095
48.387,True,2.310,True,0.489056,0.489803,True,2.243,True,0.504018,0.511095
48.399,True,2.310,True,0.489056,0.489803,True,2.243,True,0.504305,0.511103
48.410,True,2.310,True,0.489520,0.489848,True,2.243,True,0.504305,0.511103
48.421,True,2.310,True,0.489520,0.489848,True,2.243,True,0.504305,0.511103
48.432,True,2.310,True,0.489520,0.489848,True,2.243,True,0.504247,0.510919
48.443,True,2.310,True,0.488371,0.489805,True,2.243,True,0.504247,0.510919
48.454,True,2.310,True,0.488371,0.489805,True,2.243,True,0.504247,0.510919
48.465,True,2.310,True,0.488371,0.489805,True,2.243,True,0.503447,0.511359
48.476,True,2.310,True,0.488336,0.489618,True,2.243,True,0.503447,0.511359
48.487,True,2.310,True,0.488336,0.489618,True,2.243,True,0.503447,0.511359
48.499,True,2.310,True,0.488336,0.489618,True,2.243,True,0.503376,0.511144
48.510,True,2.310,True,0.488251,0.489988,True,2.243,True,0.503376,0.511144
48.521,True,2.310,True,0.488251,0.489988,True,2.243,True,0.503376,0.511144
48.532,True,2.310,True,0.488251,0.489988,True,2.243,True,0.503843,0.511097
48.543,True,2.310,True,0.488096,0.489671,True,2.243,True,0.503843,0.511097
48.554,True,2.310,True,0.488096,0.489671,True,2.243,True,0.503843,0.511097
48.565,True,2.310,True,0.488096,0.489671,True,2.243,True,0.503815,0.511524
48.576,True,2.310,True,0.488295,0.489845,True,2.243,True,0.503815,0.511524
48.587,True,2.310,True,0.488295,0.489845,True,2.243,True,0.503815,0.511524
48.599,True,2.310,True,0.488295,0.489845,True,2.243,True,0.503567,0.511199
48.610,True,2.310,True,0.488295,0.489845,True,2.243,True,0.503567,0.511199
48.621,True,2.310,True,0.488542,0.489790,True,2.243,True,0.503567,0.511199
48.632,True,2.310,True,0.488542,0.489790,True,2.243,True,0.505280,0.511215
48.643,True,2.310,True,0.488542,0.489790,True,2.243,True,0.505280,0.511215
48.654,True,2.270,True,0.489964,0.490293,True,2.243,True,0.505280,0.511215
48.665,True,2.270,True,0.489964,0.490293,True,2.243,True,0.505058,0.511104
48.676,True,2.270,True,0.489964,0.490293,True,2.243,True,0.505058,0.511104
48.688,True,2.270,True,0.490049,0.489987,True,2.243,True,0.505058,0.511104
48.699,True,2.270,True,0.490049,0.489987,True,2.243,True,0.504968,0.511085
48.710,True,2.270,True,0.490049,0.489987,True,2.243,True,0.504968,0.511085
48.721,True,2.270,True,0.489851,0.489811,True,2.243,True,0.504968,0.511085
48.732,True,2.270,True,0.489851,0.489811,True,2.243,True,0.505213,0.510956
48.743,True,2.270,True,0.489851,0.489811,True,2.243,True,0.505213,0.510956
48.754,True,2.270,True,0.489848,0.489869,True,2.243,True,0.505213,0.510956
48.765,True,2.270,True,0.489848,0.489869,True,2.243,True,0.505032,0.510988
48.776,True,2.270,True,0.489848,0.489869,True,2.243,True,0.505032,0.510988
48.787,True,2.270,True,0.489818,0.489915,True,2.243,True,0.505032,0.510988
48.798,True,2.270,True,0.489818,0.489915,True,2.243,True,0.503936,0.510912
48.809,True,2.270,True,0.487961,0.489272,True,2.243,True,0.503936,0.510912
48.821,True,2.270,True,0.487961,0.489272,True,2.243,True,0.503936,0.510912
48.832,True,2.270,True,0.487961,0.489272,True,2.243,True,0.503400,0.511031
48.843,True,2.270,True,0.487637,0.489153,True,2.243,True,0.503400,0.511031
48.854,True,2.270,True,0.487637,0.489153,True,2.243,True,0.503400,0.511031
48.865,True,2.270,True,0.487637,0.489153,True,2.243,True,0.502892,0.510795
48.876,True,2.270,True,0.488047,0.489463,True,2.243,True,0.502892,0.510795
48.887,True,2.270,True,0.488047,0.489463,True,2.243,True,0.502892,0.510795
48.898,True,2.270,True,0.488047,0.489463,True,2.243,True,0.503162,0.510816
48.909,True,2.270,True,0.488148,0.489276,True,2.243,True,0.503162,0.510816
48.921,True,2.270,True,0.488148,0.489276,True,2.243,True,0.503162,0.510816
48.932,True,2.270,True,0.488148,0.489276,True,2.243,True,0.503152,0.510917
48.943,True,2.270,True,0.488225,0.489533,True,2.243,True,0.503152,0.510917
48.954,True,2.270,True,0.488225,0.489533,True,2.243,True,0.503152,0.510917
48.965,True,2.270,True,0.488225,0.489533,True,2.243,True,0.503272,0.510486
48.976,True,2.270,True,0.487996,0.489502,True,2.243,True,0.503272,0.510486
48.987,True,2.270,True,0.487996,0.489502,True,2.243,True,0.503272,0.510486
48.998,True,2.270,True,0.487996,0.489502,True,2.243,True,0.503254,0.510814
49.009,True,2.270,True,0.487996,0.489502,True,2.243,True,0.503254,0.510814
49.021,True,2.270,True,0.487915,0.489390,True,2.243,True,0.503254,0.510814
49.032,True,2.270,True,0.487915,0.489390,True,2.243,True,0.502951,0.510696
49.043,True,2.270,True,0.487915,0.489390,True,2.243,True,0.502951,0.510696
49.054,True,2.270,True,0.487754,0.489403,True,2.243,True,0.502951,0.510696
49.065,True,2.270,True,0.487754,0.489403,True,2.243,True,0.503181,0.510868
49.076,True,2.270,True,0.487754,0.489403,True,2.243,True,0.503181,0.510868
49.087,True,2.270,True,0.487809,0.489203,True,2.243,True,0.503181,0.510868
49.098,True,2.270,True,0.487809,0.489203,True,2.243,True,0.503107,0.510812
49.109,True,2.270,True,0.487809,0.489203,True,2.243,True,0.503107,0.510812
49.120,True,2.270,True,0.488037,0.489404,True,2.243,True,0.503107,0.510812
49.132,True,2.270,True,0.488037,0.489404,True,2.243,True,0.503107,0.510812
49.143,True,2.310,True,0.488037,0.489404,True,2.336,True,0.503099,0.510512
49.154,True,2.310,True,0.487947,0.489227,True,2.336,True,0.503099,0.510512
49.165,True,2.310,True,0.487947,0.489227,True,2.336,True,0.502930,0.510609
49.176,True,2.310,True,0.487947,0.489227,True,2.336,True,0.502930,0.510609
49.187,True,2.310,True,0.488090,0.489289,True,2.336,True,0.502930,0.510609
49.198,True,2.310,True,0.488090,0.489289,True,2.336,True,0.502941,0.510720
49.210,True,2.310,True,0.488090,0.489289,True,2.336,True,0.502941,0.510720
49.221,True,2.310,True,0.487789,0.489259,True,2.336,True,0.502941,0.510720
49.232,True,2.310,True,0.487789,0.489259,True,2.336,True,0.503168,0.510665
49.243,True,2.310,True,0.487789,0.489259,True,2.336,True,0.503168,0.510665
49.254,True,2.310,True,0.487948,0.488847,True,2.336,True,0.503168,0.510665
49.265,True,2.310,True,0.487948,0.488847,True,2.336,True,0.502897,0.510616
49.276,True,2.310,True,0.487948,0.488847,True,2.336,True,0.502897,0.510616
49.287,True,2.310,True,0.487726,0.488940,True,2.336,True,0.502897,0.510616
49.298,True,2.310,True,0.487726,0.488940,True,2.336,True,0.503176,0.510831
49.310,True,2.310,True,0.487726,0.488940,True,2.336,True,0.503176,0.510831
49.320,True,2.310,True,0.488523,0.489285,True,2.336,True,0.503176,0.510831
49.332,True,2.310,True,0.488523,0.489285,True,2.336,True,0.503786,0.510556
49.343,True,2.310,True,0.488523,0.489285,True,2.336,True,0.503786,0.510556
49.354,True,2.310,True,0.488523,0.489285,True,2.336,True,0.503786,0.510556
49.365,True,2.310,True,0.488774,0.489246,True,2.336,True,0.504285,0.510684
49.376,True,2.310,True,0.488774,0.489246,True,2.336,True,0.504285,0.510684
49.387,True,2.310,True,0.489193,0.489358,True,2.336,True,0.504285,0.510684
49.399,True,2.310,True,0.489193,0.489358,True,2.336,True,0.504285,0.510684
49.410,True,2.310,True,0.489193,0.489358,True,2.336,True,0.504030,0.510460
49.421,True,2.310,True,0.488986,0.489125,True,2.336,True,0.504030,0.510460
49.432,True,2.310,True,0.488986,0.489125,True,2.336,True,0.504030,0.510460
49.443,True,2.310,True,0.488986,0.489125,True,2.336,True,0.503998,0.510490
49.454,True,2.310,True,0.488893,0.489354,True,2.336,True,0.503998,0.510490
49.465,True,2.310,True,0.488893,0.489354,True,2.336,True,0.503998,0.510490
49.476,True,2.310,True,0.488893,0.489354,True,2.336,True,0.504121,0.510434
49.488,True,2.310,True,0.488572,0.489220,True,2.336,True,0.504121,0.510434
49.499,True,2.310,True,0.488572,0.489220,True,2.336,True,0.504121,0.510434
49.510,True,2.310,True,0.488572,0.489220,True,2.336,True,0.504294,0.510566
49.521,True,2.310,True,0.488542,0.489357,True,2.336,True,0.504294,0.510566
49.532,True,2.310,True,0.488542,0.489357,True,2.336,True,0.504294,0.510566
49.543,True,2.310,True,0.488542,0.489357,True,2.336,True,0.503997,0.510467
49.554,True,2.310,True,0.488900,0.489378,True,2.336,True,0.503997,0.510467
49.565,True,2.310,True,0.488900,0.489378,True,2.336,True,0.503997,0.510467
49.576,True,2.310,True,0.488900,0.489378,True,2.336,True,0.504866,0.510719
49.587,True,2.310,True,0.489546,0.489953,True,2.336,True,0.504866,0.510719
49.599,True,2.310,True,0.489546,0.489953,True,2.336,True,0.505123,0.510997
49.610,True,2.310,True,0.489546,0.489953,True,2.336,True,0.505123,0.510997
49.621,True,2.310,True,0.489585,0.489646,True,2.336,True,0.505123,0.510997
49.632,True,2.310,True,0.489585,0.489646,True,2.336,True,0.505123,0.510997
49.643,True,2.310,True,0.489585,0.489646,True,2.336,True,0.505153,0.511084
49.654,True,2.310,True,0.489585,0.489646,True,2.336,True,0.505153,0.511084
49.665,True,2.336,True,0.489286,0.489681,True,2.336,True,0.505153,0.511084
49.676,True,2.336,True,0.489286,0.489681,True,2.336,True,0.504888,0.510923
49.687,True,2.336,True,0.489223,0.490182,True,2.336,True,0.504888,0.510923
49.699,True,2.336,True,0.489223,0.490182,True,2.336,True,0.504888,0.510923
49.710,True,2.336,True,0.489223,0.490182,True,2.336,True,0.505188,0.510992
49.721,True,2.336,True,0.489193,0.489969,True,2.336,True,0.505188,0.510992
49.732,True,2.336,True,0.489193,0.489969,True,2.336,True,0.505188,0.510992
49.743,True,2.336,True,0.489193,0.489969,True,2.336,True,0.505031,0.511077
49.754,True,2.336,True,0.489142,0.489722,True,2.336,True,0.505031,0.511077
49.765,True,2.336,True,0.489142,0.489722,True,2.336,True,0.505031,0.511077
49.776,True,2.336,True,0.489142,0.489722,True,2.336,True,0.504908,0.511001
49.787,True,2.336,True,0.488109,0.489633,True,2.336,True,0.504908,0.511001
49.798,True,2.336,True,0.488109,0.489633,True,2.336,True,0.504908,0.511001
49.809,True,2.336,True,0.488109,0.489633,True,2.336,True,0.503863,0.511362
49.821,True,2.336,True,0.488109,0.489633,True,2.336,True,0.503863,0.511362
49.832,True,2.336,True,0.488144,0.489530,True,2.336,True,0.503863,0.511362
49.843,True,2.336,True,0.488144,0.489530,True,2.336,True,0.504009,0.511453
49.854,True,2.336,True,0.488144,0.489530,True,2.336,True,0.504009,0.511453
49.865,True,2.336,True,0.487849,0.489691,True,2.336,True,0.504009,0.511453
49.877,True,2.336,True,0.487849,0.489691,True,2.336,True,0.503844,0.511324
49.887,True,2.336,True,0.487849,0.489691,True,2.336,True,0.503844,0.511324
49.899,True,2.336,True,0.487944,0.489627,True,2.336,True,0.503844,0.511324
49.910,True,2.336,True,0.487944,0.489627,True,2.275,True,0.503866,0.511287
49.921,True,2.336,True,0.487944,0.489627,True,2.275,True,0.503866,0.511287
49.932,True,2.336,True,0.487552,0.489677,True,2.275,True,0.503866,0.511287
49.943,True,2.336,True,0.487552,0.489677,True,2.275,True,0.503916,0.511335
49.954,True,2.336,True,0.487654,0.489649,True,2.275,True,0.503916,0.511335
49.965,True,2.336,True,0.487654,0.489649,True,2.275,True,0.503916,0.511335
49.977,True,2.336,True,0.487654,0.489649,True,2.275,True,0.503769,0.511331
49.987,True,2.336,True,0.487872,0.489782,True,2.275,True,0.503769,0.511331
49.999,True,2.336,True,0.487872,0.489782,True,2.275,True,0.503769,0.511331
50.009,True,2.336,True,0.487872,0.489782,True,2.275,True,0.504038,0.511486
50.020,True,2.336,True,0.488015,0.489565,True,2.275,True,0.504038,0.511486
50.032,True,2.336,True,0.488015,0.489565,True,2.275,True,0.504038,0.511486
50.043,True,2.336,True,0.488015,0.489565,True,2.275,True,0.504059,0.511336
50.054,True,2.336,True,0.486901,0.489209,True,2.275,True,0.504059,0.511336
50.065,True,2.336,True,0.486901,0.489209,True,2.275,True,0.504059,0.511336
50.076,True,2.336,True,0.486901,0.489209,True,2.275,True,0.502392,0.511456
50.087,True,2.336,True,0.486906,0.489245,True,2.275,True,0.502392,0.511456
50.098,True,2.336,True,0.486906,0.489245,True,2.275,True,0.502392,0.511456
50.109,True,2.336,True,0.486906,0.489245,True,2.275,True,0.502502,0.511393
50.120,True,2.336,True,0.486518,0.489255,True,2.275,True,0.502502,0.511393
50.132,True,2.336,True,0.486518,0.489255,True,2.275,True,0.502502,0.511393
50.143,True,2.336,True,0.486518,0.489255,True,2.275,True,0.502266,0.511353
50.154,True,2.336,True,0.486626,0.489177,True,2.275,True,0.502266,0.511353
50.165,True,2.336,True,0.486626,0.489177,True,2.275,True,0.502266,0.511353
50.176,True,2.336,True,0.486626,0.489177,True,2.275,True,0.502526,0.511105
50.187,True,2.336,True,0.486630,0.489130,True,2.275,True,0.502526,0.511105
50.198,True,2.336,True,0.486630,0.489130,True,2.275,True,0.502526,0.511105
50.209,True,2.336,True,0.486630,0.489130,True,2.275,True,0.502056,0.511283
50.221,True,2.336,True,0.486630,0.489130,True,2.275,True,0.502056,0.511283
50.232,True,2.336,True,0.486452,0.489011,True,2.275,True,0.502056,0.511283
50.243,True,2.336,True,0.486452,0.489011,True,2.275,True,0.502207,0.511237
50.254,True,2.336,True,0.486452,0.489011,True,2.275,True,0.502207,0.511237
50.265,True,2.336,True,0.486479,0.489230,True,2.275,True,0.502207,0.511237
50.276,True,2.336,True,0.486479,0.489230,True,2.275,True,0.501897,0.511318
50.287,True,2.336,True,0.486479,0.489230,True,2.275,True,0.501897,0.511318
50.298,True,2.336,True,0.486582,0.488900,True,2.275,True,0.501897,0.511318
50.309,True,2.336,True,0.486582,0.488900,True,2.275,True,0.501904,0.511092
50.321,True,2.336,True,0.486582,0.488900,True,2.275,True,0.501904,0.511092
50.332,True,2.336,True,0.486626,0.488766,True,2.275,True,0.501904,0.511092
50.343,True,2.336,True,0.486626,0.488766,True,2.275,True,0.501792,0.511043
50.354,True,2.336,True,0.486626,0.488766,True,2.275,True,0.501792,0.511043
50.365,True,2.336,True,0.486419,0.488778,True,2.275,True,0.501792,0.511043
50.376,True,2.336,True,0.486419,0.488778,True,2.275,True,0.501865,0.511099
50.387,True,2.336,True,0.486419,0.488778,True,2.275,True,0.501865,0.511099
50.398,True,2.336,True,0.486617,0.488783,True,2.275,True,0.501865,0.511099
50.410,True,2.336,True,0.486617,0.488783,True,2.275,True,0.501814,0.511116
50.425,True,2.336,True,0.486617,0.488783,True,2.275,True,0.501814,0.511116
50.436,True,2.506,True,0.486644,0.488809,True,2.275,True,0.501814,0.511116
50.448,True,2.506,True,0.486644,0.488809,True,2.275,True,0.501417,0.511236
50.459,True,2.506,True,0.486737,0.488678,True,2.275,True,0.501417,0.511236
50.470,True,2.506,True,0.486737,0.488678,True,2.275,True,0.501417,0.511236
50.481,True,2.506,True,0.486737,0.488678,True,2.275,True,0.501769,0.511241
50.492,True,2.506,True,0.486430,0.488978,True,2.275,True,0.501769,0.511241
50.503,True,2.506,True,0.486430,0.488978,True,2.275,True,0.501769,0.511241
50.514,True,2.506,True,0.486430,0.488978,True,2.275,True,0.502055,0.511121
50.525,True,2.506,True,0.486430,0.488978,True,2.275,True,0.502055,0.511121
50.537,True,2.506,True,0.486374,0.488981,True,2.275,True,0.502055,0.511121
50.548,True,2.506,True,0.486374,0.488981,True,2.275,True,0.502090,0.511054
50.559,True,2.506,True,0.486301,0.489095,True,2.275,True,0.502090,0.511054
50.570,True,2.506,True,0.486301,0.489095,True,2.275,True,0.502090,0.511054
50.581,True,2.506,True,0.486301,0.489095,True,2.275,True,0.501634,0.510877
50.592,True,2.506,True,0.486262,0.489255,True,2.275,True,0.501634,0.510877
50.603,True,2.506,True,0.486262,0.489255,True,2.275,True,0.501634,0.510877
50.614,True,2.506,True,0.486262,0.489255,True,2.275,True,0.501707,0.510981
50.625,True,2.506,True,0.486306,0.488945,True,2.275,True,0.501707,0.510981
50.636,True,2.506,True,0.486306,0.488945,True,2.275,True,0.501707,0.510981
50.648,True,2.506,True,0.486306,0.488945,True,2.275,True,0.501632,0.511092
50.659,True,2.506,True,0.486306,0.488945,True,2.275,True,0.501632,0.511092
50.670,True,2.506,True,0.486198,0.488828,True,2.275,True,0.501632,0.511092
50.681,True,2.506,True,0.486198,0.488828,True,2.275,True,0.501589,0.511313
50.692,True,2.506,True,0.486198,0.488828,True,2.275,True,0.501589,0.511313
50.703,True,2.506,True,0.486201,0.488671,True,2.275,True,0.501589,0.511313
50.714,True,2.506,True,0.486201,0.488671,True,2.275,True,0.501512,0.511344
50.726,True,2.506,True,0.486201,0.488671,True,2.275,True,0.501512,0.511344
50.737,True,2.506,True,0.486189,0.488786,True,2.275,True,0.501512,0.511344
50.748,True,2.506,True,0.486189,0.488786,True,2.275,True,0.501327,0.511135
50.761,True,2.506,True,0.486041,0.488912,True,2.275,True,0.501327,0.511135
50.772,True,2.506,True,0.486041,0.488912,True,2.275,True,0.501327,0.511135
50.783,True,2.506,True,0.486041,0.488912,True,2.275,True,0.501574,0.511012
50.795,True,2.506,True,0.486041,0.488912,True,2.275,True,0.501574,0.511012
50.806,True,2.506,True,0.486332,0.488783,True,2.275,True,0.501574,0.511012
50.817,True,2.506,True,0.486332,0.488783,True,2.275,True,0.501715,0.511022
50.828,True,2.506,True,0.486530,0.488769,True,2.275,True,0.501715,0.511022
50.839,True,2.506,True,0.486530,0.488769,True,2.275,True,0.501715,0.511022
50.850,True,2.506,True,0.486530,0.488769,True,2.275,True,0.501582,0.511009
50.861,True,2.506,True,0.486530,0.488769,True,2.275,True,0.501582,0.511009
50.872,True,2.506,True,0.486066,0.488482,True,2.275,True,0.501582,0.511009
50.883,True,2.506,True,0.486066,0.488482,True,2.275,True,0.501708,0.511117
50.894,True,2.506,True,0.486066,0.488482,True,2.275,True,0.501708,0.511117
50.905,True,2.506,True,0.485930,0.488760,True,2.275,True,0.501708,0.511117
50.917,True,2.506,True,0.485930,0.488760,True,2.275,True,0.501708,0.511117
50.928,True,2.506,True,0.486190,0.488740,True,2.301,True,0.501522,0.511060
50.939,True,2.506,True,0.486190,0.488740,True,2.301,True,0.501522,0.511060
50.950,True,2.506,True,0.486190,0.488740,True,2.301,True,0.501407,0.511043
50.961,True,2.506,True,0.486212,0.488625,True,2.301,True,0.501407,0.511043
50.972,True,2.506,True,0.486212,0.488625,True,2.301,True,0.501407,0.511043
50.983,True,2.506,True,0.486212,0.488625,True,2.301,True,0.501234,0.510827
50.995,True,2.506,True,0.486113,0.488476,True,2.301,True,0.501234,0.510827
51.006,True,2.506,True,0.486113,0.488476,True,2.301,True,0.501234,0.510827
51.017,True,2.506,True,0.486113,0.488476,True,2.301,True,0.501522,0.510964
51.028,True,2.506,True,0.486113,0.488476,True,2.301,True,0.501522,0.510964
51.039,True,2.506,True,0.486243,0.488359,True,2.301,True,0.501522,0.510964
51.050,True,2.506,True,0.486243,0.488359,True,2.301,True,0.501441,0.510833
51.061,True,2.506,True,0.486118,0.488478,True,2.301,True,0.501441,0.510833
51.072,True,2.506,True,0.486118,0.488478,True,2.301,True,0.501441,0.510833
51.084,True,2.506,True,0.486118,0.488478,True,2.301,True,0.501170,0.510880
51.095,True,2.506,True,0.486118,0.488478,True,2.301,True,0.501170,0.510880
51.106,True,2.506,True,0.485874,0.488246,True,2.301,True,0.501170,0.510880
51.116,True,2.506,True,0.485874,0.488246,True,2.301,True,0.501316,0.510691
51.128,True,2.506,True,0.485874,0.488246,True,2.301,True,0.501316,0.510691
51.139,True,2.506,True,0.486075,0.488405,True,2.301,True,0.501316,0.510691
51.150,True,2.506,True,0.486075,0.488405,True,2.301,True,0.501172,0.510888
51.161,True,2.506,True,0.486075,0.488405,True,2.301,True,0.501172,0.510888
51.172,True,2.506,True,0.485887,0.488248,True,2.301,True,0.501172,0.510888
51.183,True,2.506,True,0.485887,0.488248,True,2.301,True,0.501189,0.510827
51.194,True,2.506,True,0.485887,0.488248,True,2.301,True,0.501189,0.510827
51.205,True,2.506,True,0.486080,0.488189,True,2.301,True,0.501189,0.510827
51.217,True,2.506,True,0.486080,0.488189,True,2.301,True,0.503178,0.510937
51.228,True,2.506,True,0.486080,0.488189,True,2.301,True,0.503178,0.510937
51.239,True,2.506,True,0.487709,0.489419,True,2.301,True,0.503178,0.510937
51.250,True,2.506,True,0.487709,0.489419,True,2.301,True,0.503735,0.511009
51.261,True,2.506,True,0.487709,0.489419,True,2.301,True,0.503735,0.511009
51.272,True,2.506,True,0.487738,0.489625,True,2.301,True,0.503735,0.511009
51.283,True,2.506,True,0.487738,0.489625,True,2.301,True,0.504049,0.511168
51.294,True,2.506,True,0.487738,0.489625,True,2.301,True,0.504049,0.511168
51.305,True,2.506,True,0.487697,0.489448,True,2.301,True,0.504049,0.511168
51.316,True,2.506,True,0.487697,0.489448,True,2.301,True,0.503606,0.511050
51.328,True,2.506,True,0.487697,0.489448,True,2.301,True,0.503606,0.511050
51.339,True,2.506,True,0.487696,0.489297,True,2.301,True,0.503606,0.511050
51.350,True,2.506,True,0.487696,0.489297,True,2.301,True,0.503673,0.511041
51.361,True,2.506,True,0.487696,0.489297,True,2.301,True,0.503673,0.511041
51.372,True,2.506,True,0.487700,0.489503,True,2.301,True,0.503673,0.511041
51.383,True,2.506,True,0.487700,0.489503,True,2.301,True,0.503494,0.511168
51.394,True,2.506,True,0.487700,0.489503,True,2.301,True,0.503494,0.511168
51.405,True,2.506,True,0.487558,0.489394,True,2.301,True,0.503494,0.511168
51.420,True,2.506,True,0.487558,0.489394,True,2.301,True,0.503571,0.511154
51.431,True,2.506,True,0.487558,0.489394,True,2.301,True,0.503571,0.511154
51.442,True,2.584,True,0.487515,0.489354,True,2.301,True,0.503571,0.511154
51.453,True,2.584,True,0.487515,0.489354,True,2.301,True,0.503548,0.511222
51.464,True,2.584,True,0.487631,0.489205,True,2.301,True,0.503548,0.511222
51.475,True,2.584,True,0.487631,0.489205,True,2.301,True,0.503548,0.511222
51.487,True,2.584,True,0.487631,0.489205,True,2.301,True,0.503585,0.511313
51.498,True,2.584,True,0.487725,0.489255,True,2.301,True,0.503585,0.511313
51.509,True,2.584,True,0.487725,0.489255,True,2.301,True,0.503585,0.511313
51.520,True,2.584,True,0.487725,0.489255,True,2.301,True,0.503540,0.511029
51.531,True,2.584,True,0.487725,0.489255,True,2.301,True,0.503540,0.511029
51.542,True,2.584,True,0.487866,0.489306,True,2.301,True,0.503540,0.511029
51.553,True,2.584,True,0.487866,0.489306,True,2.301,True,0.503605,0.510972
51.564,True,2.584,True,0.487866,0.489306,True,2.301,True,0.503605,0.510972
51.575,True,2.584,True,0.487449,0.489191,True,2.301,True,0.503605,0.510972
51.586,True,2.584,True,0.487449,0.489191,True,2.301,True,0.503522,0.510909
51.598,True,2.584,True,0.487449,0.489191,True,2.301,True,0.503522,0.510909
51.609,True,2.584,True,0.487393,0.489506,True,2.301,True,0.503522,0.510909
51.620,True,2.584,True,0.487393,0.489506,True,2.301,True,0.503497,0.510894
51.631,True,2.584,True,0.487393,0.489506,True,2.301,True,0.503497,0.510894
51.642,True,2.584,True,0.487691,0.489038,True,2.301,True,0.503497,0.510894
51.653,True,2.584,True,0.487691,0.489038,True,2.301,True,0.503119,0.510895
51.664,True,2.584,True,0.487691,0.489038,True,2.301,True,0.503119,0.510895
51.675,True,2.584,True,0.487549,0.489027,True,2.301,True,0.503119,0.510895
51.686,True,2.584,True,0.487549,0.489027,True,2.301,True,0.503100,0.510799
51.698,True,2.584,True,0.487549,0.489027,True,2.301,True,0.503100,0.510799
51.709,True,2.584,True,0.487692,0.489288,True,2.301,True,0.503100,0.510799
51.720,True,2.584,True,0.487692,0.489288,True,2.301,True,0.503205,0.510943
51.731,True,2.584,True,0.487692,0.489288,True,2.301,True,0.503205,0.510943
51.742,True,2.584,True,0.487633,0.489339,True,2.301,True,0.503205,0.510943
51.753,True,2.584,True,0.487633,0.489339,True,2.301,True,0.502767,0.510989
51.765,True,2.584,True,0.487633,0.489339,True,2.301,True,0.502767,0.510989
51.776,True,2.584,True,0.487556,0.489218,True,2.301,True,0.502767,0.510989
51.787,True,2.584,True,0.487556,0.489218,True,2.301,True,0.503067,0.511055
51.798,True,2.584,True,0.487556,0.489218,True,2.301,True,0.503067,0.511055
51.809,True,2.584,True,0.487344,0.489277,True,2.301,True,0.503067,0.511055
51.820,True,2.584,True,0.487344,0.489277,True,2.301,True,0.503194,0.511085
51.831,True,2.584,True,0.487344,0.489277,True,2.301,True,0.503194,0.511085
51.842,True,2.584,True,0.487570,0.489287,True,2.301,True,0.503194,0.511085
51.853,True,2.584,True,0.487570,0.489287,True,2.301,True,0.502965,0.510930
51.864,True,2.584,True,0.487570,0.489287,True,2.301,True,0.502965,0.510930
51.876,True,2.584,True,0.487331,0.489180,True,2.301,True,0.502965,0.510930
51.887,True,2.584,True,0.487331,0.489180,True,2.301,True,0.502965,0.510930
51.898,True,2.584,True,0.487331,0.489180,True,2.301,True,0.502762,0.510994
51.909,True,2.584,True,0.487461,0.489325,True,2.301,True,0.502762,0.510994
51.920,True,2.584,True,0.487461,0.489325,True,2.301,True,0.502762,0.510994
51.931,True,2.584,True,0.487461,0.489325,True,2.528,True,0.502787,0.510937
51.943,True,2.584,True,0.487283,0.489290,True,2.528,True,0.502787,0.510937
51.953,True,2.584,True,0.487283,0.489290,True,2.528,True,0.502787,0.510937
51.965,True,2.584,True,0.487283,0.489290,True,2.528,True,0.503098,0.510879
51.976,True,2.584,True,0.487380,0.489279,True,2.528,True,0.503098,0.510879
51.987,True,2.584,True,0.487380,0.489279,True,2.528,True,0.503054,0.510936
51.998,True,2.584,True,0.487380,0.489279,True,2.528,True,0.503054,0.510936
52.009,True,2.584,True,0.487407,0.489231,True,2.528,True,0.503054,0.510936
52.020,True,2.584,True,0.487407,0.489231,True,2.528,True,0.503054,0.510936
52.031,True,2.584,True,0.487407,0.489231,True,2.528,True,0.503076,0.510930
52.042,True,2.584,True,0.487479,0.489296,True,2.528,True,0.503076,0.510930
52.053,True,2.584,True,0.487479,0.489296,True,2.528,True,0.503119,0.510953
52.064,True,2.584,True,0.487479,0.489296,True,2.528,True,0.503119,0.510953
52.075,True,2.584,True,0.487268,0.489275,True,2.528,True,0.503119,0.510953
52.086,True,2.584,True,0.487268,0.489275,True,2.528,True,0.502901,0.510723
52.098,True,2.584,True,0.487268,0.489275,True,2.528,True,0.502901,0.510723
52.109,True,2.584,True,0.487588,0.488857,True,2.528,True,0.502901,0.510723
52.120,True,2.584,True,0.487588,0.488857,True,2.528,True,0.502901,0.510723
52.131,True,2.584,True,0.487588,0.488857,True,2.528,True,0.502865,0.510502
52.142,True,2.584,True,0.487911,0.488553,True,2.528,True,0.502865,0.510502
52.153,True,2.584,True,0.487911,0.488553,True,2.528,True,0.502865,0.510502
52.164,True,2.584,True,0.487911,0.488553,True,2.528,True,0.503070,0.510482
52.176,True,2.584,True,0.487828,0.488592,True,2.528,True,0.503070,0.510482
52.187,True,2.584,True,0.487828,0.488592,True,2.528,True,0.503070,0.510482
52.198,True,2.584,True,0.487828,0.488592,True,2.528,True,0.502800,0.510515
52.209,True,2.584,True,0.487627,0.488741,True,2.528,True,0.502800,0.510515
52.220,True,2.584,True,0.487627,0.488741,True,2.528,True,0.502800,0.510515
52.231,True,2.584,True,0.487627,0.488741,True,2.528,True,0.502823,0.510365
52.242,True,2.584,True,0.487627,0.488741,True,2.528,True,0.502823,0.510365
52.253,True,2.584,True,0.487855,0.488783,True,2.528,True,0.502823,0.510365
52.264,True,2.584,True,0.487855,0.488783,True,2.528,True,0.502756,0.510422
52.276,True,2.584,True,0.487956,0.488692,True,2.528,True,0.502756,0.510422
52.287,True,2.584,True,0.487956,0.488692,True,2.528,True,0.502756,0.510422
52.298,True,2.584,True,0.487956,0.488692,True,2.528,True,0.503202,0.510326
52.309,True,2.584,True,0.487956,0.488692,True,2.528,True,0.503202,0.510326
52.320,True,2.584,True,0.488652,0.488504,True,2.528,True,0.503202,0.510326
52.331,True,2.584,True,0.488652,0.488504,True,2.528,True,0.503428,0.510184
52.342,True,2.584,True,0.488647,0.488654,True,2.528,True,0.503428,0.510184
52.353,True,2.584,True,0.488647,0.488654,True,2.528,True,0.503428,0.510184
52.364,True,2.584,True,0.488647,0.488654,True,2.528,True,0.503652,0.510402
52.375,True,2.584,True,0.488647,0.488654,True,2.528,True,0.503652,0.510402
52.386,True,2.584,True,0.488603,0.488678,True,2.528,True,0.503652,0.510402
52.398,True,2.584,True,0.488603,0.488678,True,2.528,True,0.503757,0.510155
52.409,True,2.584,True,0.488739,0.488451,True,2.528,True,0.503757,0.510155
52.420,True,2.584,True,0.488739,0.488451,True,2.528,True,0.503757,0.510155
52.431,True,2.584,True,0.488739,0.488451,True,2.528,True,0.503423,0.510404
52.442,True,2.584,True,0.488739,0.488451,True,2.528,True,0.503423,0.510404
52.453,True,2.548,True,0.488671,0.488503,True,2.528,True,0.503423,0.510404
52.464,True,2.548,True,0.488671,0.488503,True,2.528,True,0.503390,0.510338
52.475,True,2.548,True,0.488588,0.488805,True,2.528,True,0.503390,0.510338
52.486,True,2.548,True,0.488588,0.488805,True,2.528,True,0.503390,0.510338
52.498,True,2.548,True,0.488588,0.488805,True,2.528,True,0.503503,0.510327
52.509,True,2.548,True,0.488356,0.488559,True,2.528,True,0.503503,0.510327
52.520,True,2.548,True,0.488356,0.488559,True,2.528,True,0.503503,0.510327
52.531,True,2.548,True,0.488356,0.488559,True,2.528,True,0.503408,0.510401
52.542,True,2.548,True,0.488356,0.488559,True,2.528,True,0.503408,0.510401
52.553,True,2.548,True,0.488533,0.488698,True,2.528,True,0.503408,0.510401
52.564,True,2.548,True,0.488533,0.488698,True,2.528,True,0.503408,0.510401
52.575,True,2.548,True,0.490074,0.489511,True,2.528,True,0.505094,0.510551
52.586,True,2.548,True,0.490074,0.489511,True,2.528,True,0.505094,0.510551
52.598,True,2.548,True,0.490074,0.489511,True,2.528,True,0.505256,0.510242
52.609,True,2.548,True,0.490248,0.489451,True,2.528,True,0.505256,0.510242
52.620,True,2.548,True,0.490248,0.489451,True,2.528,True,0.505256,0.510242
52.631,True,2.548,True,0.490248,0.489451,True,2.528,True,0.505506,0.510321
52.642,True,2.548,True,0.490248,0.489451,True,2.528,True,0.505506,0.510321
52.653,True,2.548,True,0.490399,0.489692,True,2.528,True,0.505506,0.510321
52.664,True,2.548,True,0.490399,0.489692,True,2.528,True,0.505167,0.510326
52.675,True,2.548,True,0.490399,0.489692,True,2.528,True,0.505167,0.510326
52.686,True,2.548,True,0.490317,0.489663,True,2.528,True,0.505167,0.510326
52.698,True,2.548,True,0.490317,0.489663,True,2.528,True,0.505220,0.510173
52.709,True,2.548,True,0.490317,0.489663,True,2.528,True,0.505220,0.510173
52.720,True,2.548,True,0.490409,0.489579,True,2.528,True,0.505220,0.510173
52.731,True,2.548,True,0.490409,0.489579,True,2.528,True,0.505414,0.510198
52.742,True,2.548,True,0.490409,0.489579,True,2.528,True,0.505414,0.510198
52.753,True,2.548,True,0.490238,0.489532,True,2.528,True,0.505414,0.510198
52.764,True,2.548,True,0.490238,0.489532,True,2.528,True,0.505324,0.510321
52.775,True,2.548,True,0.490238,0.489532,True,2.528,True,0.505324,0.510321
52.787,True,2.548,True,0.490219,0.489898,True,2.528,True,0.505324,0.510321
52.798,True,2.548,True,0.490219,0.489898,True,2.528,True,0.504594,0.510676
52.809,True,2.548,True,0.490219,0.489898,True,2.528,True,0.504594,0.510676
52.820,True,2.548,True,0.489328,0.489538,True,2.528,True,0.504594,0.510676
52.831,True,2.548,True,0.489328,0.489538,True,2.528,True,0.504103,0.510511
52.842,True,2.548,True,0.489328,0.489538,True,2.528,True,0.504103,0.510511
52.853,True,2.548,True,0.489465,0.489178,True,2.528,True,0.504103,0.510511
52.864,True,2.548,True,0.489465,0.489178,True,2.528,True,0.504457,0.510537
52.875,True,2.548,True,0.489465,0.489178,True,2.528,True,0.504457,0.510537
52.887,True,2.548,True,0.489469,0.489440,True,2.528,True,0.504457,0.510537
52.898,True,2.548,True,0.489469,0.489440,True,2.528,True,0.504461,0.510373
52.909,True,2.548,True,0.489433,0.489419,True,2.528,True,0.504461,0.510373
52.920,True,2.548,True,0.489433,0.489419,True,2.528,True,0.504461,0.510373
52.931,True,2.548,True,0.489433,0.489419,True,2.528,True,0.504461,0.510373
52.942,True,2.548,True,0.489494,0.489432,True,2.333,True,0.504373,0.510298
52.953,True,2.548,True,0.489494,0.489432,True,2.333,True,0.504373,0.510298
52.965,True,2.548,True,0.489494,0.489432,True,2.333,True,0.504251,0.510360
52.976,True,2.548,True,0.489494,0.489432,True,2.333,True,0.504251,0.510360
52.987,True,2.548,True,0.489382,0.489171,True,2.333,True,0.504251,0.510360
52.998,True,2.548,True,0.489382,0.489171,True,2.333,True,0.504251,0.510360
53.009,True,2.548,True,0.489382,0.489171,True,2.333,True,0.504422,0.510367
53.020,True,2.548,True,0.489243,0.489211,True,2.333,True,0.504422,0.510367
53.031,True,2.548,True,0.489243,0.489211,True,2.333,True,0.504422,0.510367
53.042,True,2.548,True,0.489243,0.489211,True,2.333,True,0.504208,0.510409
53.053,True,2.548,True,0.489334,0.489349,True,2.333,True,0.504208,0.510409
53.064,True,2.548,True,0.489334,0.489349,True,2.333,True,0.504208,0.510409
53.075,True,2.548,True,0.489334,0.489349,True,2.333,True,0.504080,0.510442
53.087,True,2.548,True,0.489262,0.489171,True,2.333,True,0.504080,0.510442
53.098,True,2.548,True,0.489262,0.489171,True,2.333,True,0.504200,0.510153
53.109,True,2.548,True,0.489262,0.489171,True,2.333,True,0.504200,0.510153
53.120,True,2.548,True,0.489173,0.488929,True,2.333,True,0.504200,0.510153
53.131,True,2.548,True,0.489173,0.488929,True,2.333,True,0.504092,0.510312
53.142,True,2.548,True,0.489173,0.488929,True,2.333,True,0.504092,0.510312
53.153,True,2.548,True,0.489368,0.489090,True,2.333,True,0.504092,0.510312
53.165,True,2.548,True,0.489368,0.489090,True,2.333,True,0.503776,0.510089
53.176,True,2.548,True,0.489368,0.489090,True,2.333,True,0.503776,0.510089
53.187,True,2.548,True,0.489253,0.488910,True,2.333,True,0.503776,0.510089
53.198,True,2.548,True,0.489253,0.488910,True,2.333,True,0.503966,0.510265
53.209,True,2.548,True,0.489253,0.488910,True,2.333,True,0.503966,0.510265
53.220,True,2.548,True,0.489222,0.488874,True,2.333,True,0.503966,0.510265
53.231,True,2.548,True,0.489222,0.488874,True,2.333,True,0.503789,0.510129
53.242,True,2.548,True,0.489222,0.488874,True,2.333,True,0.503789,0.510129
53.253,True,2.548,True,0.489244,0.489017,True,2.333,True,0.503789,0.510129
53.265,True,2.548,True,0.489244,0.489017,True,2.333,True,0.504174,0.510129
53.275,True,2.548,True,0.489244,0.489017,True,2.333,True,0.504174,0.510129
53.286,True,2.548,True,0.489524,0.489229,True,2.333,True,0.504174,0.510129
53.298,True,2.548,True,0.489524,0.489229,True,2.333,True,0.504082,0.510157
53.309,True,2.548,True,0.489524,0.489229,True,2.333,True,0.504082,0.510157
53.320,True,2.548,True,0.489254,0.488938,True,2.333,True,0.504082,0.510157
53.331,True,2.548,True,0.489254,0.488938,True,2.333,True,0.503987,0.509926
53.342,True,2.548,True,0.489254,0.488938,True,2.333,True,0.503987,0.509926
53.353,True,2.548,True,0.489499,0.489146,True,2.333,True,0.503987,0.509926
53.364,True,2.548,True,0.489499,0.489146,True,2.333,True,0.504325,0.510145
53.375,True,2.548,True,0.489499,0.489146,True,2.333,True,0.504325,0.510145
53.386,True,2.548,True,0.489438,0.488925,True,2.333,True,0.504325,0.510145
53.398,True,2.548,True,0.489438,0.488925,True,2.333,True,0.504325,0.510145
53.409,True,2.548,True,0.489438,0.488925,True,2.333,True,0.503937,0.510264
53.420,True,2.548,True,0.489270,0.488925,True,2.333,True,0.503937,0.510264
53.431,True,2.548,True,0.489270,0.488925,True,2.333,True,0.503937,0.510264
53.442,True,2.548,True,0.489270,0.488925,True,2.333,True,0.503737,0.509906
53.453,True,2.506,True,0.489244,0.488891,True,2.333,True,0.503737,0.509906
53.464,True,2.506,True,0.489244,0.488891,True,2.333,True,0.503737,0.509906
53.476,True,2.506,True,0.489244,0.488891,True,2.333,True,0.504082,0.510041
53.487,True,2.506,True,0.489058,0.488873,True,2.333,True,0.504082,0.510041
53.498,True,2.506,True,0.489058,0.488873,True,2.333,True,0.504082,0.510041
53.509,True,2.506,True,0.489058,0.488873,True,2.333,True,0.503876,0.510258
53.520,True,2.506,True,0.489366,0.488810,True,2.333,True,0.503876,0.510258
53.531,True,2.506,True,0.489366,0.488810,True,2.333,True,0.503876,0.510258
53.542,True,2.506,True,0.489366,0.488810,True,2.333,True,0.504019,0.510231
53.553,True,2.506,True,0.489102,0.488798,True,2.333,True,0.504019,0.510231
53.565,True,2.506,True,0.489102,0.488798,True,2.333,True,0.504019,0.510231
53.576,True,2.506,True,0.489102,0.488798,True,2.333,True,0.503820,0.510183
53.587,True,2.506,True,0.488959,0.488598,True,2.333,True,0.503820,0.510183
53.598,True,2.506,True,0.488959,0.488598,True,2.333,True,0.503820,0.510183
53.609,True,2.506,True,0.488959,0.488598,True,2.333,True,0.502700,0.509830
53.620,True,2.506,True,0.488705,0.488389,True,2.333,True,0.502700,0.509830
53.631,True,2.506,True,0.488705,0.488389,True,2.333,True,0.502700,0.509830
53.642,True,2.506,True,0.488705,0.488389,True,2.333,True,0.502690,0.510097
53.653,True,2.506,True,0.488320,0.488110,True,2.333,True,0.502690,0.510097
53.664,True,2.506,True,0.488320,0.488110,True,2.333,True,0.502690,0.510097
53.675,True,2.506,True,0.488320,0.488110,True,2.333,True,0.502555,0.509780
53.686,True,2.506,True,0.488398,0.488246,True,2.333,True,0.502555,0.509780
53.697,True,2.506,True,0.488398,0.488246,True,2.333,True,0.502555,0.509780
53.709,True,2.506,True,0.488398,0.488246,True,2.333,True,0.502458,0.509850
53.720,True,2.506,True,0.488459,0.488066,True,2.333,True,0.502458,0.509850
53.731,True,2.506,True,0.488459,0.488066,True,2.333,True,0.502458,0.509850
53.742,True,2.506,True,0.488459,0.488066,True,2.333,True,0.502504,0.509890
53.753,True,2.506,True,0.488236,0.487961,True,2.333,True,0.502504,0.509890
53.764,True,2.506,True,0.488236,0.487961,True,2.333,True,0.502480,0.509845
53.775,True,2.506,True,0.488236,0.487961,True,2.333,True,0.502480,0.509845
53.786,True,2.506,True,0.488236,0.487961,True,2.333,True,0.502480,0.509845
53.798,True,2.506,True,0.488100,0.488221,True,2.333,True,0.502609,0.509783
53.809,True,2.506,True,0.488100,0.488221,True,2.333,True,0.502609,0.509783
53.820,True,2.506,True,0.491693,0.489313,True,2.333,True,0.502609,0.509783
53.831,True,2.506,True,0.491693,0.489313,True,2.333,True,0.502609,0.509783
53.842,True,2.506,True,0.491693,0.489313,True,2.333,True,0.507130,0.509276
53.853,True,2.506,True,0.491693,0.489313,True,2.333,True,0.507130,0.509276
53.864,True,2.506,True,0.493482,0.489571,True,2.333,True,0.507130,0.509276
53.875,True,2.506,True,0.493482,0.489571,True,2.333,True,0.507294,0.509192
53.886,True,2.506,True,0.493464,0.489847,True,2.333,True,0.507294,0.509192
53.898,True,2.506,True,0.493464,0.489847,True,2.333,True,0.507417,0.509043
53.909,True,2.506,True,0.493464,0.489847,True,2.333,True,0.507417,0.509043
53.920,True,2.506,True,0.493464,0.489847,True,2.333,True,0.507417,0.509043
53.936,True,2.506,True,0.493179,0.489917,True,2.333,True,0.507417,0.509043
53.947,True,2.506,True,0.493179,0.489917,True,2.256,True,0.507487,0.509306
53.958,True,2.506,True,0.493271,0.489659,True,2.256,True,0.507487,0.509306
53.969,True,2.506,True,0.493271,0.489659,True,2.256,True,0.507487,0.509306
53.980,True,2.506,True,0.493271,0.489659,True,2.256,True,0.507334,0.509549
53.991,True,2.506,True,0.493104,0.489875,True,2.256,True,0.507334,0.509549
54.002,True,2.506,True,0.493104,0.489875,True,2.256,True,0.507334,0.509549
54.013,True,2.506,True,0.493104,0.489875,True,2.256,True,0.507179,0.509415
54.024,True,2.506,True,0.493201,0.489984,True,2.256,True,0.507179,0.509415
54.035,True,2.506,True,0.493201,0.489984,True,2.256,True,0.507133,0.509515
54.047,True,2.506,True,0.493201,0.489984,True,2.256,True,0.507133,0.509515
54.058,True,2.506,True,0.493226,0.490003,True,2.256,True,0.507133,0.509515
54.069,True,2.506,True,0.493226,0.490003,True,2.256,True,0.507133,0.509515
54.080,True,2.506,True,0.493226,0.490003,True,2.256,True,0.507666,0.509333
54.091,True,2.506,True,0.493331,0.490047,True,2.256,True,0.507666,0.509333
54.102,True,2.506,True,0.493331,0.490047,True,2.256,True,0.507498,0.509588
54.114,True,2.506,True,0.493331,0.490047,True,2.256,True,0.507498,0.509588
54.125,True,2.506,True,0.493205,0.489710,True,2.256,True,0.507498,0.509588
54.136,True,2.506,True,0.493205,0.489710,True,2.256,True,0.507473,0.509524
54.147,True,2.506,True,0.493205,0.489710,True,2.256,True,0.507473,0.509524
54.158,True,2.506,True,0.493142,0.489814,True,2.256,True,0.507473,0.509524
54.169,True,2.506,True,0.493142,0.489814,True,2.256,True,0.507269,0.509607
54.180,True,2.506,True,0.493142,0.489814,True,2.256,True,0.507269,0.509607
54.191,True,2.506,True,0.493142,0.489814,True,2.256,True,0.507269,0.509607
54.202,True,2.223,True,0.493430,0.489689,True,2.256,True,0.507269,0.509607
54.213,True,2.223,True,0.493430,0.489689,True,2.256,True,0.507148,0.509716
54.224,True,2.223,True,0.493430,0.489689,True,2.256,True,0.507148,0.509716
54.236,True,2.223,True,0.493012,0.489774,True,2.256,True,0.507148,0.509716
54.247,True,2.223,True,0.493012,0.489774,True,2.256,True,0.507704,0.509858
54.258,True,2.223,True,0.493012,0.489774,True,2.256,True,0.507704,0.509858
54.269,True,2.223,True,0.493153,0.489931,True,2.256,True,0.507704,0.509858
54.280,True,2.223,True,0.493153,0.489931,True,2.256,True,0.507587,0.509864
54.291,True,2.223,True,0.491779,0.489724,True,2.256,True,0.507587,0.509864
54.302,True,2.223,True,0.491779,0.489724,True,2.256,True,0.507587,0.509864
54.313,True,2.223,True,0.491779,0.489724,True,2.256,True,0.506121,0.510135
54.325,True,2.223,True,0.491842,0.489819,True,2.256,True,0.506121,0.510135
54.336,True,2.223,True,0.491842,0.489819,True,2.256,True,0.506121,0.510135
54.347,True,2.223,True,0.491842,0.489819,True,2.256,True,0.506057,0.510204
54.358,True,2.223,True,0.491842,0.489819,True,2.256,True,0.506057,0.510204
54.369,True,2.223,True,0.491650,0.489953,True,2.256,True,0.506057,0.510204
54.380,True,2.223,True,0.491650,0.489953,True,2.256,True,0.505986,0.510172
54.391,True,2.223,True,0.491327,0.489928,True,2.256,True,0.505986,0.510172
54.402,True,2.223,True,0.491327,0.489928,True,2.256,True,0.505986,0.510172
54.413,True,2.223,True,0.491327,0.489928,True,2.256,True,0.506228,0.510270
54.425,True,2.223,True,0.491715,0.489667,True,2.256,True,0.506228,0.510270
54.435,True,2.223,True,0.491715,0.489667,True,2.256,True,0.506228,0.510270
54.446,True,2.223,True,0.491715,0.489667,True,2.256,True,0.505744,0.510218
54.458,True,2.223,True,0.491715,0.489667,True,2.256,True,0.505744,0.510218
54.469,True,2.223,True,0.491445,0.489775,True,2.256,True,0.505744,0.510218
54.480,True,2.223,True,0.491445,0.489775,True,2.256,True,0.505898,0.510092
54.491,True,2.223,True,0.491554,0.489713,True,2.256,True,0.505898,0.510092
54.502,True,2.223,True,0.491554,0.489713,True,2.256,True,0.505898,0.510092
54.513,True,2.223,True,0.491554,0.489713,True,2.256,True,0.505995,0.510097
54.524,True,2.223,True,0.491778,0.489525,True,2.256,True,0.505995,0.510097
54.536,True,2.223,True,0.491778,0.489525,True,2.256,True,0.505995,0.510097
54.547,True,2.223,True,0.491778,0.489525,True,2.256,True,0.506026,0.510108
54.558,True,2.223,True,0.491703,0.489496,True,2.256,True,0.506026,0.510108
54.569,True,2.223,True,0.491703,0.489496,True,2.256,True,0.506026,0.510108
54.580,True,2.223,True,0.491703,0.489496,True,2.256,True,0.505845,0.510069
54.591,True,2.223,True,0.491542,0.489801,True,2.256,True,0.505845,0.510069
54.602,True,2.223,True,0.491542,0.489801,True,2.256,True,0.505845,0.510069
54.613,True,2.223,True,0.491542,0.489801,True,2.256,True,0.505807,0.510162
54.624,True,2.223,True,0.491517,0.489500,True,2.256,True,0.505807,0.510162
54.636,True,2.223,True,0.491517,0.489500,True,2.256,True,0.505807,0.510162
54.647,True,2.223,True,0.491517,0.489500,True,2.256,True,0.505888,0.510298
54.658,True,2.223,True,0.491502,0.489569,True,2.256,True,0.505888,0.510298
54.669,True,2.223,True,0.491502,0.489569,True,2.256,True,0.505888,0.510298
54.680,True,2.223,True,0.491502,0.489569,True,2.256,True,0.505875,0.510216
54.691,True,2.223,True,0.491502,0.489569,True,2.256,True,0.505875,0.510216
54.702,True,2.223,True,0.491393,0.489691,True,2.256,True,0.505875,0.510216
54.713,True,2.223,True,0.491393,0.489691,True,2.256,True,0.505875,0.510216
54.724,True,2.223,True,0.491393,0.489691,True,2.192,True,0.506231,0.510142
54.735,True,2.223,True,0.491258,0.489753,True,2.192,True,0.506231,0.510142
54.747,True,2.223,True,0.491258,0.489753,True,2.192,True,0.506114,0.510178
54.757,True,2.223,True,0.491258,0.489753,True,2.192,True,0.506114,0.510178
54.769,True,2.223,True,0.491272,0.489746,True,2.192,True,0.506114,0.510178
54.780,True,2.223,True,0.491272,0.489746,True,2.192,True,0.506170,0.510173
54.791,True,2.223,True,0.491272,0.489746,True,2.192,True,0.506170,0.510173
54.802,True,2.223,True,0.491171,0.489879,True,2.192,True,0.506170,0.510173
54.813,True,2.223,True,0.491171,0.489879,True,2.192,True,0.505945,0.510182
54.824,True,2.223,True,0.491171,0.489879,True,2.192,True,0.505945,0.510182
54.835,True,2.223,True,0.491190,0.489695,True,2.192,True,0.505945,0.510182
54.847,True,2.223,True,0.491190,0.489695,True,2.192,True,0.505945,0.510182
54.858,True,2.223,True,0.491190,0.489695,True,2.192,True,0.506029,0.510150
54.869,True,2.223,True,0.491294,0.489922,True,2.192,True,0.506029,0.510150
54.880,True,2.223,True,0.491294,0.489922,True,2.192,True,0.506268,0.510070
54.891,True,2.223,True,0.491294,0.489922,True,2.192,True,0.506268,0.510070
54.902,True,2.223,True,0.490943,0.489905,True,2.192,True,0.506268,0.510070
54.913,True,2.223,True,0.490943,0.489905,True,2.192,True,0.506268,0.510070
54.924,True,2.223,True,0.490943,0.489905,True,2.192,True,0.506066,0.510153
54.935,True,2.223,True,0.491259,0.489777,True,2.192,True,0.506066,0.510153
54.947,True,2.223,True,0.491259,0.489777,True,2.192,True,0.505968,0.510305
54.958,True,2.223,True,0.491259,0.489777,True,2.192,True,0.505968,0.510305
54.969,True,2.223,True,0.491119,0.489812,True,2.192,True,0.505968,0.510305
54.980,True,2.223,True,0.491119,0.489812,True,2.192,True,0.505944,0.510163
54.991,True,2.223,True,0.491119,0.489812,True,2.192,True,0.505944,0.510163
55.002,True,2.223,True,0.491023,0.489930,True,2.192,True,0.505944,0.510163
55.013,True,2.223,True,0.491023,0.489930,True,2.192,True,0.505905,0.510118
55.024,True,2.223,True,0.491023,0.489930,True,2.192,True,0.505905,0.510118
55.035,True,2.223,True,0.491124,0.489824,True,2.192,True,0.505905,0.510118
55.047,True,2.223,True,0.491124,0.489824,True,2.192,True,0.505916,0.510187
55.058,True,2.223,True,0.491124,0.489824,True,2.192,True,0.505916,0.510187
55.069,True,2.223,True,0.491050,0.489939,True,2.192,True,0.505916,0.510187
55.080,True,2.223,True,0.491050,0.489939,True,2.192,True,0.506048,0.510193
55.091,True,2.223,True,0.491050,0.489939,True,2.192,True,0.506048,0.510193
55.102,True,2.223,True,0.491056,0.489930,True,2.192,True,0.506048,0.510193
55.113,True,2.223,True,0.491056,0.489930,True,2.192,True,0.506035,0.510085
55.124,True,2.223,True,0.491056,0.489930,True,2.192,True,0.506035,0.510085
55.136,True,2.223,True,0.490992,0.489722,True,2.192,True,0.506035,0.510085
55.147,True,2.223,True,0.490992,0.489722,True,2.192,True,0.506016,0.510181
55.158,True,2.223,True,0.490992,0.489722,True,2.192,True,0.506016,0.510181
55.169,True,2.223,True,0.491034,0.489641,True,2.192,True,0.506016,0.510181
55.180,True,2.223,True,0.491034,0.489641,True,2.192,True,0.506041,0.510213
55.191,True,2.223,True,0.491034,0.489641,True,2.192,True,0.506041,0.510213
55.202,True,2.223,True,0.491034,0.489641,True,2.192,True,0.506041,0.510213
55.213,True,2.342,True,0.491086,0.489925,True,2.256,True,0.506098,0.510118
55.224,True,2.342,True,0.491086,0.489925,True,2.256,True,0.506098,0.510118
55.235,True,2.342,True,0.491172,0.489828,True,2.256,True,0.506098,0.510118
55.247,True,2.342,True,0.491172,0.489828,True,2.256,True,0.505983,0.510149
55.258,True,2.342,True,0.491172,0.489828,True,2.256,True,0.505983,0.510149
55.269,True,2.342,True,0.490952,0.489558,True,2.256,True,0.505983,0.510149
55.280,True,2.342,True,0.490952,0.489558,True,2.256,True,0.505983,0.510149
55.291,True,2.342,True,0.490952,0.489558,True,2.256,True,0.506041,0.510024
55.302,True,2.342,True,0.490978,0.489628,True,2.256,True,0.506041,0.510024
55.313,True,2.342,True,0.490978,0.489628,True,2.256,True,0.505965,0.510100
55.325,True,2.342,True,0.490978,0.489628,True,2.256,True,0.505965,0.510100
55.336,True,2.342,True,0.490612,0.489761,True,2.256,True,0.505965,0.510100
55.347,True,2.342,True,0.490612,0.489761,True,2.256,True,0.505859,0.510093
55.358,True,2.342,True,0.490612,0.489761,True,2.256,True,0.505859,0.510093
55.369,True,2.342,True,0.490782,0.489821,True,2.256,True,0.505859,0.510093
55.380,True,2.342,True,0.490782,0.489821,True,2.256,True,0.505859,0.510093
55.391,True,2.342,True,0.490782,0.489821,True,2.256,True,0.505705,0.510103
55.402,True,2.342,True,0.490606,0.489666,True,2.256,True,0.505705,0.510103
55.414,True,2.342,True,0.490606,0.489666,True,2.256,True,0.505940,0.510220
55.424,True,2.342,True,0.490606,0.489666,True,2.256,True,0.505940,0.510220
55.436,True,2.342,True,0.491049,0.489940,True,2.256,True,0.505940,0.510220
55.447,True,2.342,True,0.491049,0.489940,True,2.256,True,0.505940,0.510220
55.458,True,2.342,True,0.491049,0.489940,True,2.256,True,0.506090,0.510209
55.469,True,2.342,True,0.490367,0.489863,True,2.256,True,0.506090,0.510209
55.480,True,2.342,True,0.490367,0.489863,True,2.256,True,0.506090,0.510209
55.491,True,2.342,True,0.490367,0.489863,True,2.256,True,0.505787,0.510096
55.502,True,2.342,True,0.490865,0.490037,True,2.256,True,0.505787,0.510096
55.513,True,2.342,True,0.490865,0.490037,True,2.256,True,0.505787,0.510096
55.525,True,2.342,True,0.490865,0.490037,True,2.256,True,0.506007,0.510223
55.536,True,2.342,True,0.490897,0.489933,True,2.256,True,0.506007,0.510223
55.547,True,2.342,True,0.490897,0.489933,True,2.256,True,0.506007,0.510223
55.558,True,2.342,True,0.490897,0.489933,True,2.256,True,0.506139,0.510248
55.569,True,2.342,True,0.490863,0.489698,True,2.256,True,0.506139,0.510248
55.580,True,2.342,True,0.490863,0.489698,True,2.256,True,0.506139,0.510248
55.591,True,2.342,True,0.490863,0.489698,True,2.256,True,0.505999,0.510183
55.602,True,2.342,True,0.490802,0.489820,True,2.256,True,0.505999,0.510183
55.613,True,2.342,True,0.490802,0.489820,True,2.256,True,0.505999,0.510183
55.624,True,2.342,True,0.490802,0.489820,True,2.256,True,0.506164,0.510406
55.635,True,2.342,True,0.491156,0.489765,True,2.256,True,0.506164,0.510406
55.647,True,2.342,True,0.491156,0.489765,True,2.256,True,0.506164,0.510406
55.658,True,2.342,True,0.491156,0.489765,True,2.256,True,0.506118,0.510369
55.669,True,2.342,True,0.490936,0.489843,True,2.256,True,0.506118,0.510369
55.680,True,2.342,True,0.490936,0.489843,True,2.256,True,0.506118,0.510369
55.691,True,2.342,True,0.490936,0.489843,True,2.256,True,0.506046,0.510312
55.702,True,2.342,True,0.490982,0.490057,True,2.256,True,0.506046,0.510312
55.713,True,2.342,True,0.490982,0.490057,True,2.256,True,0.506046,0.510312
55.725,True,2.223,True,0.490982,0.490057,True,2.278,True,0.506133,0.510085
55.736,True,2.223,True,0.491161,0.490015,True,2.278,True,0.506133,0.510085
55.747,True,2.223,True,0.491161,0.490015,True,2.278,True,0.506133,0.510085
55.758,True,2.223,True,0.491161,0.490015,True,2.278,True,0.506426,0.510041
55.769,True,2.223,True,0.490855,0.489809,True,2.278,True,0.506426,0.510041
55.780,True,2.223,True,0.490855,0.489809,True,2.278,True,0.506426,0.510041
55.791,True,2.223,True,0.490855,0.489809,True,2.278,True,0.506095,0.510175
55.802,True,2.223,True,0.490855,0.489809,True,2.278,True,0.506095,0.510175
55.813,True,2.223,True,0.490741,0.489743,True,2.278,True,0.506095,0.510175
55.825,True,2.223,True,0.490741,0.489743,True,2.278,True,0.506257,0.510080
55.836,True,2.223,True,0.490741,0.489743,True,2.278,True,0.506257,0.510080
55.847,True,2.223,True,0.489735,0.489612,True,2.278,True,0.506257,0.510080
55.858,True,2.223,True,0.489735,0.489612,True,2.278,True,0.505052,0.510370
55.869,True,2.223,True,0.489735,0.489612,True,2.278,True,0.505052,0.510370
55.880,True,2.223,True,0.489420,0.489500,True,2.278,True,0.505052,0.510370
55.891,True,2.223,True,0.489420,0.489500,True,2.278,True,0.504589,0.510235
55.902,True,2.223,True,0.489420,0.489500,True,2.278,True,0.504589,0.510235
55.913,True,2.223,True,0.489427,0.489218,True,2.278,True,0.504589,0.510235
55.924,True,2.223,True,0.489427,0.489218,True,2.278,True,0.505064,0.510435
55.935,True,2.223,True,0.489427,0.489218,True,2.278,True,0.505064,0.510435
55.947,True,2.223,True,0.489286,0.489729,True,2.278,True,0.505064,0.510435
55.958,True,2.223,True,0.489286,0.489729,True,2.278,True,0.504787,0.510536
55.969,True,2.223,True,0.489574,0.489727,True,2.278,True,0.504787,0.510536
55.980,True,2.223,True,0.489574,0.489727,True,2.278,True,0.504787,0.510536
55.991,True,2.223,True,0.489574,0.489727,True,2.278,True,0.504885,0.510249
56.002,True,2.223,True,0.489574,0.489727,True,2.278,True,0.504885,0.510249
56.013,True,2.223,True,0.489450,0.489584,True,2.278,True,0.504885,0.510249
56.030,True,2.223,True,0.489450,0.489584,True,2.278,True,0.504850,0.510282
56.041,True,2.223,True,0.489427,0.489384,True,2.278,True,0.504850,0.510282
56.052,True,2.223,True,0.489427,0.489384,True,2.278,True,0.504850,0.510282
56.063,True,2.223,True,0.489427,0.489384,True,2.278,True,0.505214,0.510387
56.074,True,2.223,True,0.489612,0.489674,True,2.278,True,0.505214,0.510387
56.086,True,2.223,True,0.489612,0.489674,True,2.278,True,0.505214,0.510387
56.097,True,2.223,True,0.489612,0.489674,True,2.278,True,0.505072,0.510412
56.108,True,2.223,True,0.489188,0.489505,True,2.278,True,0.505072,0.510412
56.119,True,2.223,True,0.489188,0.489505,True,2.278,True,0.505072,0.510412
56.130,True,2.223,True,0.489188,0.489505,True,2.278,True,0.504941,0.510345
56.141,True,2.223,True,0.489348,0.489524,True,2.278,True,0.504941,0.510345
56.152,True,2.223,True,0.489348,0.489524,True,2.278,True,0.504941,0.510345
56.163,True,2.223,True,0.489348,0.489524,True,2.278,True,0.503987,0.510595
56.174,True,2.223,True,0.487903,0.489405,True,2.278,True,0.503987,0.510595
56.185,True,2.223,True,0.487903,0.489405,True,2.278,True,0.503494,0.510563
56.197,True,2.223,True,0.487903,0.489405,True,2.278,True,0.503494,0.510563
56.208,True,2.223,True,0.487903,0.489405,True,2.278,True,0.503494,0.510563
56.219,True,2.570,True,0.487825,0.489103,True,2.256,True,0.503494,0.510563
56.230,True,2.570,True,0.487825,0.489103,True,2.256,True,0.503455,0.510375
56.241,True,2.570,True,0.488120,0.489153,True,2.256,True,0.503455,0.510375
56.252,True,2.570,True,0.488120,0.489153,True,2.256,True,0.503455,0.510375
56.263,True,2.570,True,0.488120,0.489153,True,2.256,True,0.503726,0.510588
56.274,True,2.570,True,0.488120,0.489153,True,2.256,True,0.503726,0.510588
56.285,True,2.570,True,0.487697,0.489155,True,2.256,True,0.503726,0.510588
56.297,True,2.570,True,0.487697,0.489155,True,2.256,True,0.503659,0.510541
56.308,True,2.570,True,0.487697,0.489155,True,2.256,True,0.503659,0.510541
56.319,True,2.570,True,0.488214,0.489211,True,2.256,True,0.503659,0.510541
56.330,True,2.570,True,0.488214,0.489211,True,2.256,True,0.503260,0.510442
56.341,True,2.570,True,0.488214,0.489211,True,2.256,True,0.503260,0.510442
56.352,True,2.570,True,0.488046,0.489164,True,2.256,True,0.503260,0.510442
56.363,True,2.570,True,0.488046,0.489164,True,2.256,True,0.503476,0.510675
56.374,True,2.570,True,0.487690,0.488945,True,2.256,True,0.503476,0.510675
56.385,True,2.570,True,0.487690,0.488945,True,2.256,True,0.503476,0.510675
56.397,True,2.570,True,0.487690,0.488945,True,2.256,True,0.503496,0.510651
56.408,True,2.570,True,0.487528,0.489147,True,2.256,True,0.503496,0.510651
56.419,True,2.570,True,0.487528,0.489147,True,2.256,True,0.503496,0.510651
56.430,True,2.570,True,0.487528,0.489147,True,2.256,True,0.503297,0.510488
56.441,True,2.570,True,0.487873,0.489128,True,2.256,True,0.503297,0.510488
56.453,True,2.570,True,0.487873,0.489128,True,2.256,True,0.503297,0.510488
56.464,True,2.570,True,0.487873,0.489128,True,2.256,True,0.503353,0.510489
56.475,True,2.570,True,0.488180,0.489249,True,2.256,True,0.503353,0.510489
56.486,True,2.570,True,0.488180,0.489249,True,2.256,True,0.503353,0.510489
56.497,True,2.570,True,0.488180,0.489249,True,2.256,True,0.503533,0.510605
56.508,True,2.570,True,0.488138,0.488975,True,2.256,True,0.503533,0.510605
56.519,True,2.570,True,0.488138,0.488975,True,2.256,True,0.503533,0.510605
56.530,True,2.570,True,0.488138,0.488975,True,2.256,True,0.503331,0.510593
56.541,True,2.570,True,0.487865,0.489107,True,2.256,True,0.503331,0.510593
56.552,True,2.570,True,0.487865,0.489107,True,2.256,True,0.503331,0.510593
56.563,True,2.570,True,0.487865,0.489107,True,2.256,True,0.503352,0.510554
56.575,True,2.570,True,0.487773,0.488918,True,2.256,True,0.503352,0.510554
56.586,True,2.570,True,0.487773,0.488918,True,2.256,True,0.503352,0.510554
56.597,True,2.570,True,0.487773,0.488918,True,2.256,True,0.503389,0.510575
56.608,True,2.570,True,0.487773,0.488918,True,2.256,True,0.503389,0.510575
56.619,True,2.570,True,0.487593,0.489319,True,2.256,True,0.503389,0.510575
56.630,True,2.570,True,0.487593,0.489319,True,2.256,True,0.503279,0.510665
56.641,True,2.570,True,0.487593,0.489319,True,2.256,True,0.503279,0.510665
56.652,True,2.570,True,0.487646,0.489019,True,2.256,True,0.503279,0.510665
56.664,True,2.570,True,0.487646,0.489019,True,2.256,True,0.503114,0.510737
56.675,True,2.570,True,0.487646,0.489019,True,2.256,True,0.503114,0.510737
56.686,True,2.570,True,0.487782,0.488869,True,2.256,True,0.503114,0.510737
56.697,True,2.570,True,0.487782,0.488869,True,2.256,True,0.503153,0.510546
56.708,True,2.570,True,0.487782,0.488869,True,2.256,True,0.503153,0.510546
56.719,True,2.570,True,0.487771,0.488731,True,2.256,True,0.503153,0.510546
56.730,True,2.570,True,0.487771,0.488731,True,2.327,True,0.503125,0.510553
56.741,True,2.570,True,0.487771,0.488731,True,2.327,True,0.503125,0.510553
56.752,True,2.570,True,0.487663,0.488798,True,2.327,True,0.503125,0.510553
56.764,True,2.570,True,0.487663,0.488798,True,2.327,True,0.503187,0.510745
56.775,True,2.570,True,0.487663,0.488798,True,2.327,True,0.503187,0.510745
56.785,True,2.570,True,0.487821,0.488878,True,2.327,True,0.503187,0.510745
56.797,True,2.570,True,0.487821,0.488878,True,2.327,True,0.503199,0.510598
56.808,True,2.570,True,0.487821,0.488878,True,2.327,True,0.503199,0.510598
56.819,True,2.570,True,0.487473,0.488936,True,2.327,True,0.503199,0.510598
56.830,True,2.570,True,0.487473,0.488936,True,2.327,True,0.503148,0.510869
56.841,True,2.570,True,0.487473,0.488936,True,2.327,True,0.503148,0.510869
56.852,True,2.570,True,0.487761,0.489123,True,2.327,True,0.503148,0.510869
56.864,True,2.570,True,0.487761,0.489123,True,2.327,True,0.503240,0.510969
56.874,True,2.570,True,0.487513,0.489166,True,2.327,True,0.503240,0.510969
56.886,True,2.570,True,0.487513,0.489166,True,2.327,True,0.503240,0.510969
56.897,True,2.570,True,0.487513,0.489166,True,2.327,True,0.503519,0.510875
56.908,True,2.570,True,0.487513,0.489166,True,2.327,True,0.503519,0.510875
56.919,True,2.570,True,0.487665,0.489264,True,2.327,True,0.503519,0.510875
56.930,True,2.570,True,0.487665,0.489264,True,2.327,True,0.503438,0.510765
56.941,True,2.570,True,0.487665,0.489264,True,2.327,True,0.503438,0.510765
56.952,True,2.570,True,0.487948,0.489046,True,2.327,True,0.503438,0.510765
56.964,True,2.570,True,0.487948,0.489046,True,2.327,True,0.503438,0.510765
56.975,True,2.570,True,0.487948,0.489046,True,2.327,True,0.503535,0.510496
56.986,True,2.570,True,0.487860,0.488969,True,2.327,True,0.503535,0.510496
56.997,True,2.570,True,0.487860,0.488969,True,2.327,True,0.503535,0.510496
57.008,True,2.570,True,0.487860,0.488969,True,2.327,True,0.505341,0.510486
57.019,True,2.570,True,0.490217,0.489849,True,2.327,True,0.505341,0.510486
57.030,True,2.570,True,0.490217,0.489849,True,2.327,True,0.505341,0.510486
57.041,True,2.570,True,0.490217,0.489849,True,2.327,True,0.505714,0.510650
57.052,True,2.570,True,0.490131,0.489934,True,2.327,True,0.505714,0.510650
57.064,True,2.570,True,0.490131,0.489934,True,2.327,True,0.505714,0.510650
57.074,True,2.570,True,0.490131,0.489934,True,2.327,True,0.505870,0.510692
57.089,True,2.570,True,0.490282,0.489964,True,2.327,True,0.505870,0.510692
57.100,True,2.570,True,0.490282,0.489964,True,2.327,True,0.505908,0.510630
57.111,True,2.570,True,0.490282,0.489964,True,2.327,True,0.505908,0.510630
57.122,True,2.570,True,0.489792,0.490120,True,2.327,True,0.505908,0.510630
57.133,True,2.570,True,0.489792,0.490120,True,2.327,True,0.505887,0.510671
57.144,True,2.570,True,0.489792,0.490120,True,2.327,True,0.505887,0.510671
57.156,True,2.570,True,0.489952,0.490039,True,2.327,True,0.505887,0.510671
57.167,True,2.570,True,0.489952,0.490039,True,2.327,True,0.506030,0.510662
57.178,True,2.570,True,0.489952,0.490039,True,2.327,True,0.506030,0.510662
57.189,True,2.570,True,0.490558,0.490175,True,2.327,True,0.506030,0.510662
57.200,True,2.570,True,0.490558,0.490175,True,2.327,True,0.505965,0.510481
57.211,True,2.570,True,0.490558,0.490175,True,2.327,True,0.505965,0.510481
57.222,True,2.530,True,0.490044,0.490171,True,2.327,True,0.505965,0.510481
57.233,True,2.530,True,0.490044,0.490171,True,2.327,True,0.506031,0.510459
57.244,True,2.530,True,0.490044,0.490171,True,2.327,True,0.506031,0.510459
57.255,True,2.530,True,0.490239,0.489781,True,2.327,True,0.506031,0.510459
57.267,True,2.530,True,0.490239,0.489781,True,2.327,True,0.506128,0.510331
57.278,True,2.530,True,0.490207,0.489799,True,2.327,True,0.506128,0.510331
57.289,True,2.530,True,0.490207,0.489799,True,2.327,True,0.506128,0.510331
57.300,True,2.530,True,0.490207,0.489799,True,2.327,True,0.506070,0.510247
57.311,True,2.530,True,0.489852,0.490041,True,2.327,True,0.506070,0.510247
57.322,True,2.530,True,0.489852,0.490041,True,2.327,True,0.506070,0.510247
57.333,True,2.530,True,0.489852,0.490041,True,2.327,True,0.505927,0.510457
57.344,True,2.530,True,0.489852,0.490041,True,2.327,True,0.505927,0.510457
57.355,True,2.530,True,0.490163,0.490020,True,2.327,True,0.505927,0.510457
57.367,True,2.530,True,0.490163,0.490020,True,2.327,True,0.505927,0.510457
57.378,True,2.530,True,0.490163,0.490020,True,2.327,True,0.505980,0.510400
57.389,True,2.530,True,0.490181,0.489984,True,2.327,True,0.505980,0.510400
57.400,True,2.530,True,0.490181,0.489984,True,2.327,True,0.505943,0.510379
57.411,True,2.530,True,0.490181,0.489984,True,2.327,True,0.505943,0.510379
57.422,True,2.530,True,0.490076,0.489937,True,2.327,True,0.505943,0.510379
57.433,True,2.530,True,0.490076,0.489937,True,2.327,True,0.505943,0.510379
57.444,True,2.530,True,0.490076,0.489937,True,2.327,True,0.505820,0.510554
57.456,True,2.530,True,0.489982,0.490166,True,2.327,True,0.505820,0.510554
57.467,True,2.530,True,0.489982,0.490166,True,2.327,True,0.505820,0.510554
57.478,True,2.530,True,0.489982,0.490166,True,2.327,True,0.505971,0.510616
57.489,True,2.530,True,0.489997,0.490027,True,2.327,True,0.505971,0.510616
57.500,True,2.530,True,0.489997,0.490027,True,2.327,True,0.505867,0.510516
57.511,True,2.530,True,0.489997,0.490027,True,2.327,True,0.505867,0.510516
57.522,True,2.530,True,0.489738,0.489586,True,2.327,True,0.505867,0.510516
57.533,True,2.530,True,0.489738,0.489586,True,2.327,True,0.505507,0.510535
57.545,True,2.530,True,0.489738,0.489586,True,2.327,True,0.505507,0.510535
57.555,True,2.530,True,0.489937,0.489945,True,2.327,True,0.505507,0.510535
57.567,True,2.530,True,0.489937,0.489945,True,2.327,True,0.505866,0.510681
57.578,True,2.530,True,0.489937,0.489945,True,2.327,True,0.505866,0.510681
57.589,True,2.530,True,0.490054,0.490091,True,2.327,True,0.505866,0.510681
57.600,True,2.530,True,0.490054,0.490091,True,2.327,True,0.505931,0.510789
57.611,True,2.530,True,0.490054,0.490091,True,2.327,True,0.505931,0.510789
57.622,True,2.530,True,0.489900,0.489870,True,2.327,True,0.505931,0.510789
57.634,True,2.530,True,0.489900,0.489870,True,2.327,True,0.506019,0.510845
57.645,True,2.530,True,0.489900,0.489870,True,2.327,True,0.506019,0.510845
57.656,True,2.530,True,0.490084,0.489899,True,2.327,True,0.506019,0.510845
57.667,True,2.530,True,0.490084,0.489899,True,2.327,True,0.505759,0.510743
57.678,True,2.530,True,0.490084,0.489899,True,2.327,True,0.505759,0.510743
57.689,True,2.530,True,0.490006,0.489852,True,2.327,True,0.505759,0.510743
57.700,True,2.530,True,0.490006,0.489852,True,2.327,True,0.505637,0.510851
57.712,True,2.530,True,0.490006,0.489852,True,2.327,True,0.505637,0.510851
57.722,True,2.530,True,0.489340,0.490023,True,2.327,True,0.505637,0.510851
57.733,True,2.530,True,0.489340,0.490023,True,2.327,True,0.505637,0.510851
57.745,True,2.570,True,0.489340,0.490023,True,1.296,True,0.505239,0.510984
57.756,True,2.570,True,0.489525,0.490101,True,1.296,True,0.505239,0.510984
57.767,True,2.570,True,0.489525,0.490101,True,1.296,True,0.505347,0.510823
57.778,True,2.570,True,0.489525,0.490101,True,1.296,True,0.505347,0.510823
57.789,True,2.570,True,0.489272,0.489899,True,1.296,True,0.505347,0.510823
57.800,True,2.570,True,0.489272,0.489899,True,1.296,True,0.505391,0.510954
57.811,True,2.570,True,0.489272,0.489899,True,1.296,True,0.505391,0.510954
57.823,True,2.570,True,0.489256,0.490163,True,1.296,True,0.505391,0.510954
57.834,True,2.570,True,0.489256,0.490163,True,1.296,True,0.505391,0.510954
57.845,True,2.570,True,0.489256,0.490163,True,1.296,True,0.505485,0.510966
57.856,True,2.570,True,0.489501,0.489933,True,1.296,True,0.505485,0.510966
57.867,True,2.570,True,0.489501,0.489933,True,1.296,True,0.505485,0.510966
57.878,True,2.570,True,0.489501,0.489933,True,1.296,True,0.505216,0.510919
57.889,True,2.570,True,0.489720,0.489823,True,1.296,True,0.505216,0.510919
57.900,True,2.570,True,0.489720,0.489823,True,1.296,True,0.505216,0.510919
57.911,True,2.570,True,0.489720,0.489823,True,1.296,True,0.506690,0.510815
57.922,True,2.570,True,0.490619,0.490843,True,1.296,True,0.506690,0.510815
57.934,True,2.570,True,0.490619,0.490843,True,1.296,True,0.506690,0.510815
57.944,True,2.570,True,0.490619,0.490843,True,1.296,True,0.507055,0.510767
57.956,True,2.570,True,0.490619,0.490843,True,1.296,True,0.507055,0.510767
57.967,True,2.570,True,0.490833,0.490740,True,1.296,True,0.507055,0.510767
57.978,True,2.570,True,0.490833,0.490740,True,1.296,True,0.507188,0.510812
57.989,True,2.570,True,0.490933,0.490939,True,1.296,True,0.507188,0.510812
58.000,True,2.570,True,0.490933,0.490939,True,1.296,True,0.507188,0.510812
58.011,True,2.570,True,0.490933,0.490939,True,1.296,True,0.507259,0.511006
58.022,True,2.570,True,0.490899,0.490631,True,1.296,True,0.507259,0.511006
58.034,True,2.570,True,0.490899,0.490631,True,1.296,True,0.507259,0.511006
58.045,True,2.570,True,0.490899,0.490631,True,1.296,True,0.507154,0.510988
58.059,True,2.570,True,0.491160,0.490882,True,1.296,True,0.507154,0.510988
58.078,True,2.570,True,0.491160,0.490882,True,1.296,True,0.506970,0.510901
58.089,True,2.570,True,0.490697,0.490599,True,1.296,True,0.506970,0.510901
58.100,True,2.570,True,0.490697,0.490599,True,1.296,True,0.506970,0.510901
58.111,True,2.570,True,0.490697,0.490599,True,1.296,True,0.507152,0.510907
58.122,True,2.570,True,0.490921,0.490660,True,1.296,True,0.507152,0.510907
58.134,True,2.570,True,0.490921,0.490660,True,1.296,True,0.507152,0.510907
58.145,True,2.570,True,0.490921,0.490660,True,1.296,True,0.506980,0.510818
58.156,True,2.570,True,0.490692,0.490969,True,1.296,True,0.506980,0.510818
58.167,True,2.570,True,0.490692,0.490969,True,1.296,True,0.506980,0.510818
58.178,True,2.570,True,0.490692,0.490969,True,1.296,True,0.507116,0.510742
58.189,True,2.570,True,0.490692,0.490969,True,1.296,True,0.507116,0.510742
58.200,True,2.570,True,0.490853,0.490506,True,1.296,True,0.507116,0.510742
58.211,True,2.570,True,0.490853,0.490506,True,1.296,True,0.506926,0.510913
58.222,True,2.570,True,0.490853,0.490506,True,1.296,True,0.506926,0.510913
58.233,True,2.369,True,0.490843,0.490819,True,1.296,True,0.506926,0.510913
58.244,True,2.369,True,0.490843,0.490819,True,1.296,True,0.506983,0.510990
58.255,True,2.369,True,0.491050,0.490710,True,1.296,True,0.506983,0.510990
58.267,True,2.369,True,0.491050,0.490710,True,1.296,True,0.506983,0.510990
58.278,True,2.369,True,0.491050,0.490710,True,1.296,True,0.507020,0.510915
58.289,True,2.369,True,0.490911,0.490980,True,1.296,True,0.507020,0.510915
58.300,True,2.369,True,0.490911,0.490980,True,1.296,True,0.507020,0.510915
58.311,True,2.369,True,0.490911,0.490980,True,1.296,True,0.507235,0.510939
58.322,True,2.369,True,0.490715,0.490854,True,1.296,True,0.507235,0.510939
58.333,True,2.369,True,0.490715,0.490854,True,1.296,True,0.507235,0.510939
58.344,True,2.369,True,0.490715,0.490854,True,1.296,True,0.507089,0.510859
58.355,True,2.369,True,0.490588,0.490755,True,1.296,True,0.507089,0.510859
58.367,True,2.369,True,0.490588,0.490755,True,1.296,True,0.507089,0.510859
58.378,True,2.369,True,0.490588,0.490755,True,1.296,True,0.506929,0.510873
58.389,True,2.369,True,0.490588,0.490755,True,1.296,True,0.506929,0.510873
58.400,True,2.369,True,0.490886,0.491000,True,1.296,True,0.506929,0.510873
58.411,True,2.369,True,0.490886,0.491000,True,1.296,True,0.506849,0.510897
58.422,True,2.369,True,0.490886,0.491000,True,1.296,True,0.506849,0.510897
58.433,True,2.369,True,0.490381,0.490870,True,1.296,True,0.506849,0.510897
58.445,True,2.369,True,0.490381,0.490870,True,1.296,True,0.505277,0.511241
58.456,True,2.369,True,0.490381,0.490870,True,1.296,True,0.505277,0.511241
58.467,True,2.369,True,0.488769,0.490471,True,1.296,True,0.505277,0.511241
58.478,True,2.369,True,0.488769,0.490471,True,1.296,True,0.504901,0.511452
58.489,True,2.369,True,0.488769,0.490471,True,1.296,True,0.504901,0.511452
58.500,True,2.369,True,0.488534,0.490282,True,1.296,True,0.504901,0.511452
58.511,True,2.570,True,0.488534,0.490282,True,2.139,True,0.504732,0.511319
58.522,True,2.570,True,0.488534,0.490282,True,2.139,True,0.504732,0.511319
58.534,True,2.570,True,0.488483,0.490653,True,2.139,True,0.504732,0.511319
58.544,True,2.570,True,0.488483,0.490653,True,2.139,True,0.504870,0.511734
58.555,True,2.570,True,0.488483,0.490653,True,2.139,True,0.504870,0.511734
58.567,True,2.570,True,0.488491,0.490292,True,2.139,True,0.504870,0.511734
58.578,True,2.570,True,0.488491,0.490292,True,2.139,True,0.504846,0.511499
58.589,True,2.570,True,0.488491,0.490292,True,2.139,True,0.504846,0.511499
58.600,True,2.570,True,0.488516,0.490504,True,2.139,True,0.504846,0.511499
58.611,True,2.570,True,0.488516,0.490504,True,2.139,True,0.504824,0.511418
58.622,True,2.570,True,0.488516,0.490504,True,2.139,True,0.504824,0.511418
58.633,True,2.570,True,0.488490,0.490399,True,2.139,True,0.504824,0.511418
58.644,True,2.570,True,0.488490,0.490399,True,2.139,True,0.504875,0.511507
58.655,True,2.570,True,0.488490,0.490399,True,2.139,True,0.504875,0.511507
58.667,True,2.570,True,0.488811,0.490343,True,2.139,True,0.504875,0.511507
58.678,True,2.570,True,0.488811,0.490343,True,2.139,True,0.504901,0.511414
58.689,True,2.570,True,0.488811,0.490343,True,2.139,True,0.504901,0.511414
58.700,True,2.570,True,0.488802,0.490481,True,2.139,True,0.504901,0.511414
58.711,True,2.570,True,0.488802,0.490481,True,2.139,True,0.504864,0.511381
58.722,True,2.570,True,0.488802,0.490481,True,2.139,True,0.504864,0.511381
58.733,True,2.570,True,0.488697,0.490169,True,2.139,True,0.504864,0.511381
58.744,True,2.570,True,0.488697,0.490169,True,2.139,True,0.504892,0.511359
58.756,True,2.570,True,0.488697,0.490169,True,2.139,True,0.504892,0.511359
58.767,True,2.570,True,0.488833,0.490332,True,2.139,True,0.504892,0.511359
58.778,True,2.570,True,0.488833,0.490332,True,2.139,True,0.504892,0.511359
58.789,True,2.570,True,0.488833,0.490332,True,2.139,True,0.504956,0.511390
58.800,True,2.570,True,0.488349,0.490515,True,2.139,True,0.504956,0.511390
58.811,True,2.570,True,0.488349,0.490515,True,2.139,True,0.504956,0.511390
58.822,True,2.570,True,0.488349,0.490515,True,2.139,True,0.504655,0.511288
58.834,True,2.570,True,0.488606,0.490380,True,2.139,True,0.504655,0.511288
58.845,True,2.570,True,0.488606,0.490380,True,2.139,True,0.504380,0.511427
58.856,True,2.570,True,0.488606,0.490380,True,2.139,True,0.504380,0.511427
58.867,True,2.570,True,0.487571,0.489909,True,2.139,True,0.504380,0.511427
58.878,True,2.570,True,0.487571,0.489909,True,2.139,True,0.503836,0.511274
58.889,True,2.570,True,0.487571,0.489909,True,2.139,True,0.503836,0.511274
58.900,True,2.570,True,0.488082,0.489799,True,2.139,True,0.503836,0.511274
58.911,True,2.570,True,0.488082,0.489799,True,2.139,True,0.503937,0.511175
58.923,True,2.570,True,0.488082,0.489799,True,2.139,True,0.503937,0.511175
58.934,True,2.570,True,0.488058,0.490009,True,2.139,True,0.503937,0.511175
58.945,True,2.570,True,0.488058,0.490009,True,2.139,True,0.503644,0.511246
58.956,True,2.570,True,0.488058,0.490009,True,2.139,True,0.503644,0.511246
58.967,True,2.570,True,0.487633,0.489883,True,2.139,True,0.503644,0.511246
58.978,True,2.570,True,0.487633,0.489883,True,2.139,True,0.503644,0.511246
58.989,True,2.570,True,0.487633,0.489883,True,2.139,True,0.503993,0.511392
59.000,True,2.454,True,0.487706,0.489772,True,2.139,True,0.503993,0.511392
59.011,True,2.454,True,0.487706,0.489772,True,2.139,True,0.503907,0.511480
59.022,True,2.454,True,0.487706,0.489772,True,2.139,True,0.503907,0.511480
59.034,True,2.454,True,0.487459,0.489669,True,2.139,True,0.503907,0.511480
59.045,True,2.454,True,0.487459,0.489669,True,2.139,True,0.503937,0.511492
59.056,True,2.454,True,0.487459,0.489669,True,2.139,True,0.503937,0.511492
59.067,True,2.454,True,0.487584,0.490182,True,2.139,True,0.503937,0.511492
59.078,True,2.454,True,0.487584,0.490182,True,2.139,True,0.504013,0.511554
59.089,True,2.454,True,0.487584,0.490182,True,2.139,True,0.504013,0.511554
59.100,True,2.454,True,0.487736,0.490221,True,2.139,True,0.504013,0.511554
59.111,True,2.454,True,0.487736,0.490221,True,2.139,True,0.504035,0.511316
59.122,True,2.454,True,0.487736,0.490221,True,2.139,True,0.504035,0.511316
59.133,True,2.454,True,0.488117,0.490047,True,2.139,True,0.504035,0.511316
59.144,True,2.454,True,0.488117,0.490047,True,2.139,True,0.503748,0.511419
59.155,True,2.454,True,0.488117,0.490047,True,2.139,True,0.503748,0.511419
59.167,True,2.454,True,0.488107,0.490150,True,2.139,True,0.503748,0.511419
59.178,True,2.454,True,0.488107,0.490150,True,2.139,True,0.503748,0.511419
59.189,True,2.454,True,0.488107,0.490150,True,2.139,True,0.504149,0.511263
59.200,True,2.454,True,0.488108,0.489814,True,2.139,True,0.504149,0.511263
59.212,True,2.454,True,0.488108,0.489814,True,2.139,True,0.504149,0.511263
59.222,True,2.454,True,0.488108,0.489814,True,2.139,True,0.503758,0.511206
59.234,True,2.454,True,0.487920,0.489788,True,2.139,True,0.503758,0.511206
59.247,True,2.454,True,0.487920,0.489788,True,2.139,True,0.503768,0.511216
59.258,True,2.454,True,0.487920,0.489788,True,2.139,True,0.503768,0.511216
59.269,True,2.454,True,0.487973,0.489598,True,2.139,True,0.503768,0.511216
59.280,True,2.454,True,0.487973,0.489598,True,2.139,True,0.504149,0.511047
59.291,True,2.454,True,0.487973,0.489598,True,2.139,True,0.504149,0.511047
59.302,True,2.454,True,0.487973,0.489598,True,2.139,True,0.504149,0.511047
59.314,True,2.454,True,0.488295,0.489539,True,2.139,True,0.503929,0.511080
59.325,True,2.454,True,0.488295,0.489539,True,2.139,True,0.503929,0.511080
59.336,True,2.454,True,0.488433,0.489687,True,2.139,True,0.503929,0.511080
59.347,True,2.454,True,0.488433,0.489687,True,2.139,True,0.503929,0.511080
59.358,True,2.454,True,0.488433,0.489687,True,2.139,True,0.504008,0.511136
59.369,True,2.454,True,0.488478,0.489609,True,2.139,True,0.504008,0.511136
59.380,True,2.454,True,0.488478,0.489609,True,2.139,True,0.504008,0.511136
59.391,True,2.454,True,0.488478,0.489609,True,2.139,True,0.503761,0.510971
59.402,True,2.454,True,0.488417,0.489748,True,2.139,True,0.503761,0.510971
59.413,True,2.454,True,0.488417,0.489748,True,2.139,True,0.503761,0.510971
59.424,True,2.454,True,0.488417,0.489748,True,2.139,True,0.503825,0.510963
59.436,True,2.454,True,0.488216,0.489523,True,2.139,True,0.503825,0.510963
59.447,True,2.454,True,0.488216,0.489523,True,2.139,True,0.503825,0.510963
59.458,True,2.454,True,0.488216,0.489523,True,2.139,True,0.504045,0.511077
59.469,True,2.454,True,0.488267,0.489534,True,2.139,True,0.504045,0.511077
59.480,True,2.454,True,0.488267,0.489534,True,2.139,True,0.504045,0.511077
59.491,True,2.454,True,0.488267,0.489534,True,2.139,True,0.503781,0.510897
59.502,True,2.454,True,0.488117,0.489412,True,2.139,True,0.503781,0.510897
59.513,True,2.454,True,0.488117,0.489412,True,2.139,True,0.503781,0.510897
59.524,True,2.454,True,0.488117,0.489412,True,2.147,True,0.503753,0.510805
59.536,True,2.454,True,0.488329,0.489283,True,2.147,True,0.503753,0.510805
59.547,True,2.454,True,0.488329,0.489283,True,2.147,True,0.503753,0.510805
59.558,True,2.454,True,0.488329,0.489283,True,2.147,True,0.503735,0.510803
59.569,True,2.454,True,0.488319,0.489222,True,2.147,True,0.503735,0.510803
59.580,True,2.454,True,0.488319,0.489222,True,2.147,True,0.503735,0.510803
59.591,True,2.454,True,0.488319,0.489222,True,2.147,True,0.503744,0.511076
59.602,True,2.454,True,0.488079,0.489395,True,2.147,True,0.503744,0.511076
59.613,True,2.454,True,0.488079,0.489395,True,2.147,True,0.503684,0.511074
59.625,True,2.454,True,0.488079,0.489395,True,2.147,True,0.503684,0.511074
59.636,True,2.454,True,0.487569,0.489542,True,2.147,True,0.503684,0.511074
59.647,True,2.454,True,0.487569,0.489542,True,2.147,True,0.503684,0.511074
59.658,True,2.454,True,0.487569,0.489542,True,2.147,True,0.503825,0.511042
59.669,True,2.454,True,0.487663,0.489694,True,2.147,True,0.503825,0.511042
59.680,True,2.454,True,0.487663,0.489694,True,2.147,True,0.503825,0.511042
59.691,True,2.454,True,0.487663,0.489694,True,2.147,True,0.503684,0.511174
59.702,True,2.454,True,0.487697,0.489692,True,2.147,True,0.503684,0.511174
59.713,True,2.454,True,0.487697,0.489692,True,2.147,True,0.503546,0.511145
59.724,True,2.454,True,0.487697,0.489692,True,2.147,True,0.503546,0.511145
59.735,True,2.454,True,0.487677,0.489326,True,2.147,True,0.503546,0.511145
59.747,True,2.454,True,0.487677,0.489326,True,2.147,True,0.503546,0.511145
59.758,True,2.454,True,0.487677,0.489326,True,2.147,True,0.504353,0.511023
59.769,True,2.454,True,0.487677,0.489326,True,2.147,True,0.504353,0.511023
59.780,True,2.454,True,0.489524,0.490104,True,2.147,True,0.504353,0.511023
59.791,True,2.454,True,0.489524,0.490104,True,2.147,True,0.505470,0.510810
59.802,True,2.454,True,0.489745,0.489927,True,2.147,True,0.505470,0.510810
59.813,True,2.454,True,0.489745,0.489927,True,2.147,True,0.505470,0.510810
59.824,True,2.454,True,0.489745,0.489927,True,2.147,True,0.505337,0.510597
59.835,True,2.454,True,0.489745,0.489927,True,2.147,True,0.505337,0.510597
59.847,True,2.454,True,0.489528,0.490100,True,2.147,True,0.505337,0.510597
59.858,True,2.454,True,0.489528,0.490100,True,2.147,True,0.505316,0.510804
59.869,True,2.454,True,0.489528,0.490100,True,2.147,True,0.505316,0.510804
59.880,True,2.454,True,0.489681,0.490200,True,2.147,True,0.505316,0.510804
59.891,True,2.454,True,0.489681,0.490200,True,2.147,True,0.505264,0.510749
59.902,True,2.454,True,0.489681,0.490200,True,2.147,True,0.505264,0.510749
59.913,True,2.454,True,0.489473,0.489928,True,2.147,True,0.505264,0.510749
59.924,True,2.454,True,0.489473,0.489928,True,2.147,True,0.505185,0.510885
59.936,True,2.454,True,0.489473,0.489928,True,2.147,True,0.505185,0.510885
59.947,True,2.454,True,0.489502,0.490156,True,2.147,True,0.505185,0.510885
59.958,True,2.454,True,0.489502,0.490156,True,2.147,True,0.505122,0.510785
59.969,True,2.454,True,0.489502,0.490156,True,2.147,True,0.505122,0.510785
59.980,True,2.454,True,0.489494,0.489928,True,2.147,True,0.505122,0.510785
59.991,True,2.454,True,0.489494,0.489928,True,2.147,True,0.505441,0.510911
60.002,True,2.454,True,0.489494,0.489928,True,2.147,True,0.505441,0.510911
